# 3ds Max Wavefront OBJ Exporter v0.99 - (c)2007 guruware
# File Created: 23.04.2025 23:45:52

mtllib Ala_izquierda.mtl

#
# object Ala_Izquierda
#

v  -1.5998 -3.5484 -4.7388
v  -1.6173 -3.7413 -4.5800
v  -1.6690 -3.6774 -4.5139
v  -1.6388 -3.4803 -4.6630
v  -1.6885 -3.8678 -4.3711
v  -1.6284 -3.9311 -4.4392
v  -1.7413 -3.8135 -4.3181
v  -1.7152 -3.6221 -4.4634
v  -1.6886 -3.4314 -4.6178
v  -1.7630 -4.1399 -4.0890
v  -1.7555 -3.9917 -4.1902
v  -1.6937 -4.0433 -4.2578
v  -1.6925 -4.1893 -4.1739
v  -1.6286 -4.1001 -4.3418
v  -1.6225 -4.2395 -4.2749
v  -1.2993 -3.9858 -4.4979
v  -1.2888 -4.1447 -4.4072
v  -1.5151 -4.1546 -4.4179
v  -1.5219 -4.0022 -4.5171
v  -1.2936 -4.2866 -4.3986
v  -1.5048 -4.2806 -4.3561
v  -1.2990 -3.7953 -4.6267
v  -1.5061 -3.8069 -4.6371
v  -1.4829 -3.6002 -4.7753
v  -1.2855 -3.5758 -4.7390
v  -0.3413 -3.8577 -4.8450
v  -0.4791 -3.8713 -4.7653
v  -0.5171 -3.6880 -4.8705
v  -0.3950 -3.6905 -4.9522
v  -0.7098 -3.7031 -4.7759
v  -0.6876 -3.9009 -4.6691
v  -0.7308 -3.4966 -4.8898
v  -0.5551 -3.4899 -4.9886
v  -0.4448 -3.4976 -5.0701
v  -1.0028 -3.5226 -4.7724
v  -0.9978 -3.7316 -4.6497
v  -0.9853 -3.9310 -4.5242
v  -0.7853 -2.7111 -5.3441
v  -0.9770 -2.7324 -5.2643
v  -0.9811 -2.6441 -5.3022
v  -0.7992 -2.6385 -5.3680
v  -1.1916 -2.7188 -5.1974
v  -1.1656 -2.7034 -5.3076
v  -0.1304 -2.6600 -5.7481
v  -0.1550 -2.5786 -5.7842
v  -0.0806 -2.5809 -5.8154
v  -0.0596 -2.6517 -5.7822
v  -0.1993 -2.6680 -5.7122
v  -0.2273 -2.5784 -5.7493
v  -0.6510 -2.6946 -5.4075
v  -0.6725 -2.6221 -5.4265
v  -0.5873 -2.6139 -5.4844
v  -0.5627 -2.6892 -5.4663
v  -1.3569 -2.7800 -5.2940
v  -1.2958 -2.7746 -5.3809
v  -1.0601 -3.1018 -4.3604
v  -1.1633 -3.0535 -4.2502
v  -1.1432 -3.2620 -4.1459
v  -1.0321 -3.3077 -4.2515
v  -1.2589 -3.2005 -4.0540
v  -1.2942 -3.0140 -4.1816
v  -1.2259 -3.3912 -3.9359
v  -1.1270 -3.4699 -4.0456
v  -1.0006 -3.5101 -4.1449
v  -0.6067 -3.8418 -4.1381
v  -0.6493 -3.7119 -4.2291
v  -0.8036 -3.7082 -4.1463
v  -0.7606 -3.8348 -4.0531
v  -0.8449 -3.5297 -4.2432
v  -0.6923 -3.5305 -4.3245
v  -0.9673 -3.6909 -4.0518
v  -0.9356 -3.8289 -3.9684
v  -1.1610 -3.6710 -3.7251
v  -1.0665 -3.7749 -3.8526
v  -1.1090 -3.6544 -3.9526
v  -1.1971 -3.5618 -3.8317
v  -1.5723 -3.3838 -3.9996
v  -1.4014 -3.3598 -3.9282
v  -1.4368 -3.1805 -4.0609
v  -1.5941 -3.2221 -4.1528
v  -1.4712 -3.0109 -4.1978
v  -1.6118 -3.0765 -4.3053
v  -2.0675 -5.0067 -3.0875
v  -1.9826 -5.0581 -3.1231
v  -2.0486 -5.1842 -2.8942
v  -2.1190 -5.1370 -2.8771
v  -1.9663 -5.2198 -2.9031
v  -1.8866 -5.0972 -3.1446
v  -2.0593 -5.3740 -2.6905
v  -2.1356 -5.3339 -2.6851
v  -2.1890 -5.2793 -2.6745
v  -1.2896 -4.3771 -4.3767
v  -1.4930 -4.3714 -4.3128
v  -1.4746 -4.4414 -4.2694
v  -1.2769 -4.4378 -4.3407
v  -1.6019 -4.4200 -4.1843
v  -1.6127 -4.3387 -4.2250
v  -1.2405 -4.5175 -4.2250
v  -1.4299 -4.5539 -4.1583
v  -1.4524 -4.5071 -4.2211
v  -1.2589 -4.4876 -4.2924
v  -1.5712 -4.5612 -4.0881
v  -1.5869 -4.4993 -4.1395
v  -1.6941 -4.3728 -4.0790
v  -1.6916 -4.2912 -4.1183
v  -1.7694 -4.2415 -4.0247
v  -1.7742 -4.3189 -3.9778
v  -1.6977 -4.4563 -4.0406
v  -1.7817 -4.3960 -3.9325
v  -1.7014 -4.5271 -3.9968
v  -1.7942 -4.4655 -3.8816
v  -0.9718 -4.1191 -4.4619
v  -0.6566 -4.0847 -4.5795
v  -0.6651 -4.2621 -4.6117
v  -0.9860 -4.2878 -4.5019
v  -0.9933 -4.3927 -4.4982
v  -0.6812 -4.3825 -4.6202
v  -0.6830 -4.4562 -4.5726
v  -0.9869 -4.4526 -4.4525
v  -0.9734 -4.4786 -4.3886
v  -0.6735 -4.4855 -4.4980
v  -0.6614 -4.4864 -4.4211
v  -0.9607 -4.4858 -4.3175
v  -0.4365 -4.0347 -4.6839
v  -0.2865 -3.9965 -4.7713
v  -0.2667 -4.1434 -4.7741
v  -0.4262 -4.1986 -4.6916
v  1.3917 -3.9381 -5.1665
v  1.4557 -3.9926 -5.1225
v  1.4002 -4.0855 -5.2316
v  1.3364 -4.0318 -5.2590
v  1.4265 -4.1344 -5.1966
v  1.4829 -4.0422 -5.0888
v  1.2935 -4.2032 -5.2255
v  1.2698 -4.1580 -5.2545
v  1.2577 -4.0975 -5.2682
v  1.4063 -4.2182 -5.1032
v  1.3396 -4.2525 -5.1434
v  1.3181 -4.2346 -5.1875
v  1.4385 -4.1776 -5.1566
v  1.4846 -4.0964 -5.0552
v  1.4467 -4.1611 -5.0203
v  1.2298 -3.8752 -5.0958
v  1.2483 -3.9158 -5.1779
v  1.0911 -3.8826 -5.1832
v  1.1786 -3.8623 -5.0225
v  1.0975 -3.8246 -5.1386
v  1.0642 -3.8064 -5.0712
v  1.2796 -3.8829 -4.9783
v  1.3619 -3.8856 -5.0634
v  -1.1375 -3.7281 -3.6575
v  -1.0378 -3.8412 -3.7800
v  -1.1293 -3.7739 -3.6060
v  -1.0155 -3.8716 -3.7206
v  -0.8816 -3.9238 -3.8274
v  -0.9187 -3.9126 -3.9015
v  0.4351 -3.8438 -5.2731
v  0.5188 -3.9980 -5.1549
v  0.3923 -4.0106 -5.0975
v  0.3257 -3.8526 -5.2196
v  0.4271 -4.1884 -5.0658
v  0.5823 -4.1614 -5.1114
v  0.2732 -4.0192 -5.0399
v  0.2943 -4.1979 -5.0028
v  0.2179 -3.8581 -5.1632
v  0.6197 -4.2755 -5.1007
v  0.4548 -4.3091 -5.0524
v  0.4883 -4.3786 -5.0077
v  0.6543 -4.3444 -5.0673
v  0.3435 -4.4013 -4.9557
v  0.3137 -4.3289 -5.0036
v  0.2880 -3.9827 -4.3019
v  0.2322 -3.9379 -4.3737
v  0.0744 -3.9195 -4.2590
v  0.1279 -3.9628 -4.1673
v  0.0168 -3.9220 -4.3513
v  0.1652 -3.9377 -4.4571
v  -0.0980 -3.9107 -4.2565
v  -0.0570 -3.9175 -4.1600
v  -0.0213 -3.9731 -4.0689
v  0.2910 -4.1454 -4.3026
v  0.3020 -4.0659 -4.2847
v  0.1485 -4.0701 -4.1319
v  0.1283 -4.1714 -4.1637
v  -0.0009 -4.0825 -4.0246
v  -0.0132 -4.1941 -4.0498
v  0.0616 -4.3086 -4.2747
v  0.1005 -4.2449 -4.2126
v  -0.0400 -4.2720 -4.1020
v  -0.0729 -4.3382 -4.1607
v  0.2305 -4.2786 -4.4019
v  0.2645 -4.2114 -4.3456
v  -1.1358 -3.8383 -3.5494
v  -1.0112 -3.9185 -3.6685
v  -1.0198 -3.9775 -3.6275
v  -1.1516 -3.9134 -3.5019
v  -0.8600 -4.0127 -3.7314
v  -0.8625 -3.9592 -3.7694
v  -0.8809 -4.1368 -3.7122
v  -0.8684 -4.0727 -3.7121
v  -1.0337 -4.0403 -3.5985
v  -1.0426 -4.1123 -3.5842
v  -1.1688 -3.9957 -3.4628
v  -1.1751 -4.0833 -3.4331
v  -1.9533 -4.7574 -3.4820
v  -1.8515 -4.8119 -3.5550
v  -1.9280 -4.9448 -3.3591
v  -2.0210 -4.8819 -3.3014
v  -1.8130 -4.9824 -3.3921
v  -1.7241 -4.8363 -3.6002
v  -1.6013 -4.8363 -3.6243
v  -1.7035 -4.9970 -3.4060
v  -1.5176 -5.0250 -3.4530
v  -1.4150 -4.8496 -3.6783
v  -1.6140 -5.1936 -3.2101
v  -1.7914 -5.1291 -3.1534
v  -1.0931 -4.8931 -3.7967
v  -1.1708 -5.0972 -3.5785
v  -0.8095 -5.2309 -3.7852
v  -0.7603 -4.9905 -3.9854
v  -0.8686 -5.4746 -3.5693
v  -1.2531 -5.3042 -3.3498
v  -0.4575 -5.0611 -4.1149
v  -0.4853 -5.3360 -3.9437
v  -0.2287 -5.4103 -4.0526
v  -0.2260 -5.1203 -4.2183
v  -0.2531 -5.7069 -3.8718
v  -0.5265 -5.6126 -3.7493
v  1.6987 -5.6965 -4.5909
v  1.8820 -6.1059 -4.4301
v  1.8926 -6.1099 -4.5017
v  1.6117 -5.2584 -4.7495
v  1.5688 -5.2561 -4.6932
v  1.6499 -5.7063 -4.5628
v  1.5156 -5.2518 -4.6616
v  1.8509 -6.1094 -4.3739
v  0.4557 -5.0676 -4.1863
v  0.2169 -5.0515 -4.0519
v  0.3055 -5.3411 -3.9269
v  0.5648 -5.4031 -4.0907
v  0.0575 -5.3124 -3.8141
v  0.0017 -5.0483 -3.9486
v  0.0973 -5.5932 -3.6675
v  0.3717 -5.6431 -3.7818
v  0.6646 -5.7315 -3.9385
v  -1.2630 -4.6586 -3.1898
v  -1.2964 -4.8192 -3.0498
v  -1.1003 -4.9200 -3.1827
v  -1.0882 -4.7401 -3.3317
v  -1.1296 -5.0945 -3.0057
v  -1.3461 -4.9779 -2.8769
v  -0.9005 -5.1882 -3.1221
v  -0.8871 -4.9922 -3.2909
v  -0.8977 -4.7988 -3.4466
v  0.5324 -5.9155 -4.1659
v  0.4989 -5.5704 -4.3554
v  0.7228 -5.6138 -4.4458
v  0.7859 -5.9710 -4.2524
v  0.6889 -5.2110 -4.5361
v  0.4749 -5.1999 -4.4869
v  0.9209 -5.2390 -4.6337
v  0.9781 -5.6646 -4.5548
v  1.0656 -6.0512 -4.3774
v  -1.6598 -4.4291 -2.8660
v  -1.6972 -4.5179 -2.7291
v  -1.4432 -4.6269 -2.8254
v  -1.3976 -4.4982 -2.9545
v  -1.5053 -4.7675 -2.6647
v  -1.7450 -4.6294 -2.5604
v  1.3609 -4.1092 -4.8723
v  1.3136 -4.1992 -4.8598
v  1.3521 -4.2178 -4.9240
v  1.4222 -4.1260 -4.9439
v  1.3048 -4.3174 -4.8930
v  1.2752 -4.2912 -4.8390
v  1.3612 -4.2418 -4.9806
v  1.3150 -4.3424 -4.9409
v  0.6919 -4.3929 -5.0141
v  0.5219 -4.4204 -4.9466
v  0.5496 -4.4364 -4.8830
v  0.7269 -4.4068 -4.9455
v  0.3735 -4.4339 -4.8865
v  0.3985 -4.4417 -4.8170
v  -1.1725 -4.2720 -3.4565
v  -1.0448 -4.2790 -3.6176
v  -1.0491 -4.1975 -3.6050
v  -1.1644 -4.1860 -3.4271
v  -0.8986 -4.2017 -3.7428
v  -0.8932 -4.2717 -3.7423
v  -1.2004 -4.3800 -3.4125
v  -1.2310 -4.5040 -3.3192
v  -1.0779 -4.5623 -3.4728
v  -1.0569 -4.4113 -3.5665
v  -0.9110 -4.6024 -3.5972
v  -0.9082 -4.4305 -3.6981
v  -1.5919 -4.6327 -3.9573
v  -1.7341 -4.6164 -3.8615
v  -1.7117 -4.5722 -3.9457
v  -1.5694 -4.5946 -4.0400
v  -1.8143 -4.5196 -3.8187
v  -1.8453 -4.5763 -3.7354
v  -1.7816 -4.6972 -3.7246
v  -1.6445 -4.7099 -3.7947
v  -1.8906 -4.6542 -3.6232
v  -1.2475 -4.5780 -4.0240
v  -1.4438 -4.6191 -3.9928
v  -1.4220 -4.5819 -4.0929
v  -1.2311 -4.5357 -4.1433
v  -1.5081 -4.7003 -3.8233
v  -1.3162 -4.6939 -3.8688
v  -0.9513 -4.4922 -4.2404
v  -0.6549 -4.5035 -4.3623
v  -0.6692 -4.5880 -4.2927
v  -0.9615 -4.5574 -4.1333
v  -1.0182 -4.7081 -3.9885
v  -0.7111 -4.7650 -4.1653
v  -0.2014 -4.6550 -4.4574
v  -0.4047 -4.6165 -4.3823
v  -0.4016 -4.5388 -4.4510
v  -0.2099 -4.5932 -4.5326
v  -0.4122 -4.5141 -4.5082
v  -0.2270 -4.5760 -4.5923
v  -0.4309 -4.8106 -4.2736
v  -0.2184 -4.8589 -4.3672
v  1.3153 -4.5238 -4.7947
v  1.3537 -4.5425 -4.8417
v  1.3088 -4.3966 -4.8710
v  1.2736 -4.3715 -4.8236
v  1.3239 -4.4144 -4.9214
v  1.3703 -4.5515 -4.8942
v  1.4553 -4.8469 -4.7744
v  1.4087 -4.8335 -4.7294
v  1.4646 -4.8599 -4.8329
v  -0.0886 -4.4342 -4.1853
v  0.0590 -4.4053 -4.2802
v  0.0817 -4.5479 -4.2454
v  -0.0677 -4.5721 -4.1370
v  0.2674 -4.5159 -4.3617
v  0.2346 -4.3730 -4.3967
v  0.3479 -4.7601 -4.2851
v  0.1349 -4.7777 -4.1697
v  -0.0464 -4.7940 -4.0704
v  -1.0406 -4.3326 -3.6029
v  -1.1839 -4.3192 -3.4561
v  -0.8961 -4.3320 -3.7329
v  -1.3574 -4.3751 -3.0732
v  -1.3251 -4.2731 -3.1672
v  -1.5827 -4.2385 -3.0714
v  -1.6197 -4.3285 -2.9781
v  -3.3276 -5.5718 -1.2583
v  -3.3521 -5.5412 -1.2817
v  -3.3161 -5.5265 -1.2547
v  -3.2988 -5.5694 -1.2321
v  -3.3497 -5.4863 -1.2556
v  -3.3727 -5.5053 -1.2782
v  -3.3100 -5.4741 -1.2053
v  -3.2799 -5.5207 -1.2051
v  -3.2585 -5.5680 -1.1825
v  -3.4424 -5.5493 -1.1443
v  -3.4251 -5.5299 -1.1029
v  -3.4469 -5.4865 -1.1371
v  -3.4642 -5.5313 -1.1866
v  -3.3950 -5.4578 -1.0686
v  -3.3793 -5.5057 -1.0292
v  -3.3848 -5.4265 -1.1239
v  -3.4394 -5.4503 -1.1886
v  -3.4594 -5.5069 -1.2379
v  -3.3978 -5.6170 -1.1325
v  -3.3679 -5.6122 -1.0845
v  -3.3996 -5.5726 -1.0827
v  -3.4293 -5.5877 -1.1432
v  -3.3524 -5.5554 -1.0093
v  -3.3189 -5.6040 -1.0127
v  -3.2432 -5.6140 -1.1480
v  -3.2910 -5.6135 -1.2062
v  -3.3049 -5.6459 -1.1657
v  -3.2484 -5.6536 -1.1012
v  -3.3625 -5.6284 -1.2177
v  -3.3403 -5.6012 -1.2511
v  -3.2299 -5.5242 -1.1405
v  -3.2107 -5.5708 -1.1158
v  -3.2575 -5.4760 -1.1353
v  -3.1900 -5.4800 -1.0797
v  -3.1685 -5.5336 -1.0846
v  -3.1427 -5.5844 -1.0740
v  -3.2846 -5.4290 -1.1052
v  -3.3477 -5.4272 -1.1796
v  -3.2102 -5.4327 -1.0451
v  -3.3127 -5.3983 -1.0507
v  -3.2225 -5.3917 -0.9923
v  -3.3141 -5.4779 -0.9337
v  -3.3252 -5.4239 -0.9832
v  -3.2278 -5.3981 -0.9154
v  -3.2149 -5.4551 -0.8603
v  -3.2493 -5.5948 -0.9312
v  -3.2834 -5.5386 -0.9197
v  -3.1893 -5.5243 -0.8472
v  -3.1613 -5.5869 -0.8658
v  -3.2818 -5.6431 -1.0466
v  -3.2151 -5.6385 -0.9708
v  -3.1874 -5.6519 -1.0297
v  -3.1223 -5.6561 -0.9726
v  -3.1363 -5.6312 -0.9126
v  -3.1230 -5.6414 -1.0400
v  -3.1896 -5.6134 -1.0798
v  -3.1006 -5.5493 -1.0780
v  -3.0821 -5.6121 -1.0694
v  -3.1179 -5.4901 -1.0665
v  -3.0506 -5.5059 -1.0731
v  -3.0404 -5.5697 -1.0831
v  -3.0250 -5.6293 -1.0638
v  -3.1278 -5.4377 -1.0307
v  -3.1283 -5.4027 -0.9741
v  -3.0449 -5.4230 -0.9766
v  -3.0516 -5.4484 -1.0381
v  -3.1018 -5.4545 -0.8457
v  -3.1181 -5.4062 -0.9022
v  -3.0285 -5.4321 -0.9125
v  -3.0091 -5.4734 -0.8621
v  -3.0645 -5.5856 -0.8500
v  -3.0824 -5.5234 -0.8311
v  -2.9912 -5.5335 -0.8317
v  -2.9803 -5.5989 -0.8473
v  -3.0541 -5.6589 -0.9515
v  -3.0544 -5.6336 -0.8927
v  -2.9885 -5.6713 -0.9511
v  -2.9798 -5.6471 -0.8911
v  -3.0076 -5.6707 -1.0152
v  -3.0665 -5.6570 -1.0183
v  -2.9510 -5.0707 -1.0730
v  -3.0308 -5.0248 -1.0594
v  -2.9934 -4.9698 -1.0452
v  -2.9100 -5.0178 -1.0579
v  -3.1034 -4.9859 -1.0413
v  -3.0635 -4.9232 -1.0255
v  -3.0167 -4.9127 -0.9857
v  -2.9608 -4.9347 -0.9969
v  -2.8742 -4.9787 -1.0121
v  -2.9237 -5.1898 -1.1139
v  -2.8572 -5.2399 -1.1285
v  -2.8836 -5.2922 -1.0701
v  -3.0022 -5.1335 -1.0966
v  -2.9397 -5.2316 -1.0412
v  -3.0183 -5.1746 -1.0256
v  -2.8670 -5.1299 -1.0848
v  -2.7936 -5.1898 -1.1050
v  -2.8507 -5.2923 -0.9257
v  -2.9229 -5.2409 -0.9075
v  -2.9473 -5.2563 -0.9765
v  -2.8833 -5.3122 -0.9963
v  -3.0255 -5.1989 -0.9614
v  -3.0089 -5.1926 -0.8916
v  -2.8152 -5.2661 -0.8708
v  -2.8865 -5.2037 -0.8630
v  -2.8468 -5.1574 -0.8416
v  -2.7698 -5.2242 -0.8409
v  -2.9291 -5.1043 -0.8216
v  -2.9737 -5.1596 -0.8370
v  -2.7187 -5.1684 -0.8475
v  -2.8068 -5.1045 -0.8499
v  -2.7759 -5.0565 -0.8886
v  -2.6831 -5.1203 -0.8968
v  -2.8616 -4.9955 -0.8734
v  -2.8870 -5.0438 -0.8235
v  -2.7650 -5.0283 -0.9552
v  -2.6720 -5.0934 -0.9699
v  -2.7144 -5.1266 -1.0305
v  -2.8573 -4.9720 -0.9420
v  -2.7878 -5.0431 -1.0240
v  -2.8270 -5.0847 -1.0614
v  -2.7531 -5.1603 -1.0664
v  -2.9932 -5.4586 -1.0476
v  -2.9937 -5.5228 -1.0788
v  -2.9843 -5.4330 -0.9829
v  -2.9424 -5.4667 -1.0501
v  -2.9331 -5.4384 -0.9847
v  -2.9410 -5.5330 -1.0824
v  -2.9664 -5.4440 -0.9170
v  -2.9130 -5.4462 -0.9150
v  -2.9449 -5.4824 -0.8612
v  -2.8899 -5.4918 -0.8606
v  -2.9176 -5.6166 -0.8463
v  -2.9269 -5.5466 -0.8276
v  -2.8710 -5.5590 -0.8248
v  -2.8617 -5.6329 -0.8498
v  -2.9312 -5.6884 -0.9566
v  -2.9193 -5.6633 -0.8954
v  -2.8630 -5.6819 -0.9048
v  -2.8751 -5.7095 -0.9710
v  -2.9519 -5.6873 -1.0218
v  -2.9688 -5.6465 -1.0692
v  -2.9174 -5.6612 -1.0950
v  -2.8977 -5.7063 -1.0433
v  -2.9311 -5.5977 -1.1016
v  -2.9847 -5.5887 -1.0885
v  -2.8808 -5.4396 -0.9741
v  -2.8956 -5.4634 -1.0448
v  -2.8506 -5.4534 -1.0376
v  -2.8311 -5.4391 -0.9631
v  -2.8467 -5.4968 -1.1078
v  -2.8865 -5.5295 -1.0876
v  -2.8535 -5.3263 -1.1015
v  -2.8521 -5.3524 -1.0183
v  -2.8390 -5.3785 -1.0345
v  -2.8394 -5.3604 -1.1456
v  -2.7853 -5.3798 -0.9560
v  -2.8071 -5.3405 -0.9413
v  -2.7645 -5.4944 -0.8643
v  -2.7136 -5.4617 -0.8668
v  -2.7597 -5.4233 -0.8979
v  -2.8013 -5.4471 -0.8990
v  -2.7436 -5.3811 -0.8952
v  -2.6703 -5.3920 -0.8653
v  -2.7877 -5.4213 -0.9651
v  -2.8271 -5.4988 -0.8586
v  -2.8552 -5.4515 -0.9070
v  -2.7671 -5.3287 -0.8805
v  -2.7114 -5.2976 -0.8506
v  -2.8000 -5.6464 -0.8512
v  -2.8079 -5.5672 -0.8242
v  -2.7423 -5.5635 -0.8338
v  -2.7332 -5.6514 -0.8556
v  -2.8164 -5.7388 -0.9952
v  -2.8018 -5.7021 -0.9189
v  -2.7376 -5.7228 -0.9304
v  -2.7609 -5.7768 -1.0161
v  -2.8567 -5.4300 -1.1313
v  -2.8277 -5.4163 -1.0403
v  -2.5338 -5.2967 -0.9219
v  -2.6034 -5.1975 -0.9078
v  -2.6502 -5.2478 -0.8628
v  -2.5928 -5.3444 -0.8855
v  -2.4192 -5.3737 -0.9931
v  -2.3281 -5.4947 -1.0033
v  -2.3106 -5.4594 -1.0811
v  -2.4192 -5.3582 -1.0681
v  -2.5553 -5.2681 -1.0805
v  -2.5015 -5.2486 -0.9911
v  -2.4642 -5.4201 -0.9383
v  -2.3915 -5.5441 -0.9485
v  -2.5830 -5.1557 -0.9846
v  -2.6483 -5.2024 -1.0477
v  -2.6393 -5.2649 -1.1395
v  -2.6930 -5.2227 -1.0970
v  -2.7451 -5.2408 -1.1370
v  -2.7049 -5.2751 -1.1986
v  -2.8131 -5.2763 -1.1475
v  -2.7916 -5.2990 -1.1930
v  -2.6986 -5.2880 -1.2685
v  -2.7688 -5.3177 -1.2542
v  -2.7433 -5.3300 -1.3267
v  -2.6781 -5.2930 -1.3334
v  -2.8011 -5.4005 -1.3173
v  -2.8196 -5.3841 -1.2352
v  -2.7124 -5.3361 -1.4047
v  -2.6746 -5.3367 -1.4804
v  -2.6598 -5.2860 -1.4076
v  -2.6251 -5.2899 -1.4769
v  -2.7251 -5.3993 -1.4886
v  -2.7699 -5.4035 -1.4044
v  -2.5229 -5.2472 -1.4847
v  -2.5537 -5.2515 -1.4240
v  -2.5530 -5.2086 -1.4276
v  -2.5382 -5.1903 -1.4738
v  -2.5845 -5.2443 -1.3738
v  -2.5828 -5.1916 -1.3910
v  -2.5669 -5.1218 -1.4272
v  -2.5956 -5.2774 -1.4146
v  -2.6223 -5.2748 -1.3525
v  -2.5595 -5.2825 -1.4798
v  -2.4700 -5.0950 -1.6394
v  -2.4381 -5.0365 -1.6139
v  -2.3833 -5.0227 -1.7277
v  -2.4178 -5.0717 -1.7609
v  -2.3306 -5.0060 -1.6741
v  -2.3842 -5.0087 -1.5786
v  -2.2499 -5.0121 -1.7844
v  -2.3035 -5.0065 -1.8584
v  -2.3615 -5.0378 -1.9038
v  -2.4293 -4.9894 -1.4935
v  -2.4898 -5.0333 -1.5158
v  -2.5347 -5.0123 -1.4292
v  -2.4579 -4.9592 -1.4116
v  -2.5195 -5.1067 -1.5325
v  -2.3886 -4.9501 -1.3861
v  -2.3638 -4.9899 -1.4554
v  -2.3091 -5.0241 -1.4009
v  -2.3305 -4.9759 -1.3457
v  -2.2748 -5.0573 -1.4592
v  -2.3248 -5.0134 -1.5279
v  -2.4601 -5.2885 -1.1841
v  -2.5088 -5.3080 -1.1498
v  -2.4004 -5.3477 -1.1308
v  -2.3704 -5.3242 -1.1743
v  -2.3013 -5.4311 -1.1506
v  -2.2881 -5.3910 -1.2057
v  -2.5844 -5.2898 -1.1830
v  -2.5304 -5.2884 -1.2182
v  -2.5780 -5.2628 -1.2592
v  -2.6324 -5.2846 -1.2368
v  -2.4999 -5.2379 -1.2190
v  -2.4264 -5.2623 -1.1884
v  -2.4884 -5.2618 -1.2120
v  -2.4149 -5.2306 -1.1900
v  -2.6401 -5.2785 -1.2938
v  -2.6060 -5.2448 -1.3157
v  -2.6230 -5.1863 -1.3293
v  -2.5915 -5.1930 -1.2544
v  -2.6133 -5.0891 -1.2298
v  -2.6009 -5.1003 -1.3349
v  -2.5084 -5.1915 -1.2078
v  -2.5110 -5.1236 -1.1691
v  -2.4111 -5.1883 -1.1786
v  -2.4076 -5.1290 -1.1399
v  -2.5472 -4.9458 -1.2519
v  -2.5521 -4.9841 -1.3395
v  -2.4711 -4.8415 -1.2577
v  -2.4663 -4.9047 -1.3311
v  -2.5389 -4.9199 -1.0846
v  -2.5244 -4.8402 -1.0978
v  -2.5410 -4.8916 -1.1721
v  -2.5732 -4.9874 -1.1397
v  -2.4819 -4.7973 -1.1819
v  -2.4891 -4.7844 -1.1260
v  -2.3344 -4.8465 -1.2324
v  -2.2886 -4.8786 -1.1766
v  -2.2846 -4.9455 -1.2365
v  -2.3341 -4.9111 -1.2922
v  -2.2787 -4.9250 -1.1365
v  -2.2741 -4.9884 -1.1663
v  -2.2933 -5.0243 -1.2858
v  -2.2812 -5.0760 -1.2195
v  -2.3959 -4.8926 -1.3165
v  -2.3950 -4.8176 -1.2572
v  -2.3141 -4.9173 -1.0760
v  -2.3125 -5.0218 -1.1040
v  -2.3827 -4.9213 -1.0397
v  -2.3960 -5.0344 -1.0818
v  -2.3171 -5.1160 -1.1551
v  -2.3663 -4.7775 -1.0887
v  -2.3438 -4.7926 -1.1542
v  -2.4072 -4.7497 -1.1842
v  -2.4319 -4.7347 -1.0856
v  -2.4954 -5.0291 -1.1059
v  -2.4741 -4.9230 -1.0457
v  -2.4568 -4.8155 -1.0246
v  -2.3708 -4.8273 -1.0495
v  -2.3176 -4.8406 -1.1046
v  -1.5306 -3.6265 -3.7381
v  -1.3451 -3.6171 -3.6906
v  -1.3706 -3.5160 -3.8065
v  -1.5497 -3.5246 -3.8579
v  -1.3283 -3.6688 -3.6170
v  -1.5182 -3.6828 -3.6620
v  -1.5127 -3.7272 -3.6026
v  -1.3220 -3.7094 -3.5593
v  -1.6685 -3.6414 -3.7797
v  -1.6449 -3.7036 -3.6968
v  -1.7499 -3.7119 -3.7115
v  -1.7789 -3.6446 -3.8021
v  -1.7305 -3.7666 -3.6336
v  -1.6295 -3.7532 -3.6315
v  -1.5141 -3.7879 -3.5300
v  -1.3251 -3.7684 -3.4876
v  -1.5190 -3.8587 -3.4541
v  -1.3330 -3.8424 -3.4204
v  -1.7267 -3.8211 -3.5491
v  -1.6250 -3.8160 -3.5570
v  -1.6266 -3.8857 -3.4824
v  -1.7253 -3.8941 -3.4846
v  -1.5232 -3.9296 -3.3785
v  -1.3391 -3.9301 -3.3574
v  -1.5248 -3.9961 -3.3069
v  -1.3349 -4.0172 -3.3015
v  -1.6302 -3.9536 -3.4143
v  -1.7259 -3.9659 -3.4322
v  -1.6372 -4.0183 -3.3524
v  -1.7336 -4.0273 -3.3793
v  -1.5278 -4.1214 -3.1827
v  -1.5499 -4.1738 -3.1346
v  -1.3055 -4.2163 -3.2181
v  -1.3018 -4.1875 -3.2361
v  -1.3153 -4.1120 -3.2586
v  -1.5232 -4.0597 -3.2419
v  -1.6490 -4.0780 -3.2962
v  -1.7478 -4.0843 -3.3285
v  -1.6773 -4.1408 -3.2408
v  -1.7840 -4.1455 -3.2742
v  -1.7250 -3.4028 -4.0487
v  -1.6987 -3.5380 -3.9033
v  -1.8130 -3.5458 -3.9178
v  -1.8736 -3.4190 -4.0567
v  -1.7383 -3.2461 -4.1965
v  -1.8558 -3.2557 -4.2171
v  -1.7512 -3.0959 -4.3252
v  -1.8574 -3.1152 -4.3407
v  -1.9468 -3.4458 -4.1423
v  -1.9200 -3.2956 -4.2771
v  -1.8773 -3.3577 -4.3365
v  -1.9125 -3.5245 -4.1988
v  -1.9026 -3.1556 -4.3985
v  -1.8614 -3.2007 -4.4585
v  -1.8776 -3.5670 -3.9013
v  -1.8682 -3.6462 -3.8142
v  -1.9322 -3.5378 -3.9530
v  -1.9496 -3.6431 -3.8481
v  -1.9459 -3.6655 -4.0737
v  -1.9710 -3.5789 -4.0233
v  -2.0109 -3.6910 -3.9123
v  -2.0012 -3.7798 -3.9691
v  -1.8615 -3.7796 -3.6208
v  -1.8660 -3.7086 -3.7096
v  -1.9651 -3.7418 -3.7428
v  -1.9743 -3.8327 -3.6526
v  -1.8352 -3.6931 -4.2365
v  -1.8634 -3.8586 -4.0908
v  -1.9089 -3.7631 -4.0824
v  -1.8669 -3.6073 -4.2148
v  -1.9731 -3.8787 -3.9870
v  -1.9385 -4.0132 -3.9705
v  -1.8147 -3.9333 -4.1323
v  -1.8426 -4.0810 -4.0252
v  -1.7910 -3.7584 -4.2717
v  -2.0410 -3.8914 -3.7185
v  -2.0352 -3.7958 -3.8058
v  -2.0344 -3.8691 -3.8743
v  -2.0453 -3.9538 -3.8003
v  -2.0112 -3.9295 -3.9131
v  -2.0149 -4.0052 -3.8753
v  -1.8607 -4.1889 -3.9563
v  -1.8599 -4.2676 -3.8952
v  -1.9554 -4.2202 -3.8340
v  -1.9509 -4.1363 -3.8975
v  -1.9831 -3.9024 -3.5854
v  -1.8626 -3.8458 -3.5468
v  -1.8680 -3.9067 -3.4818
v  -1.9926 -3.9604 -3.5291
v  -2.0278 -4.1563 -3.7677
v  -2.0199 -4.0817 -3.8259
v  -2.0519 -4.0236 -3.7440
v  -2.0592 -4.0850 -3.6921
v  -2.0460 -4.0228 -3.6086
v  -2.0408 -3.9642 -3.6590
v  -2.0008 -4.0190 -3.4739
v  -1.8746 -3.9665 -3.4239
v  -1.8808 -4.0264 -3.3736
v  -2.0048 -4.0773 -3.4193
v  -2.0545 -4.0798 -3.5524
v  -2.0651 -4.1445 -3.6322
v  -2.0655 -4.1980 -3.5693
v  -2.0580 -4.1360 -3.4933
v  -1.9497 -4.2918 -3.7629
v  -2.0332 -4.2250 -3.7024
v  -2.0330 -4.2728 -3.6344
v  -1.9568 -4.3559 -3.6707
v  -1.8699 -4.4100 -3.7744
v  -1.8604 -4.3418 -3.8359
v  -2.0497 -4.2959 -3.4557
v  -2.0441 -4.2465 -3.3731
v  -2.0540 -4.1904 -3.4342
v  -2.0599 -4.2436 -3.5077
v  -2.0013 -4.1334 -3.3660
v  -1.9964 -4.1933 -3.3111
v  -1.8848 -4.0879 -3.3295
v  -1.8969 -4.1507 -3.2870
v  -2.0385 -4.2908 -3.5709
v  -2.0190 -4.3372 -3.5500
v  -1.8581 -4.2188 -3.2107
v  -1.7330 -4.2145 -3.1800
v  -1.7936 -4.2895 -3.0998
v  -1.9750 -4.3128 -3.1519
v  -1.9203 -4.5241 -3.6213
v  -1.8905 -4.4666 -3.7045
v  -1.9581 -4.4198 -3.5999
v  -1.9764 -4.4738 -3.5157
v  -1.9273 -4.2131 -3.2416
v  -1.9973 -4.2615 -3.2489
v  -2.0189 -4.4376 -3.4100
v  -2.0113 -4.3829 -3.4922
v  -2.0435 -4.3481 -3.3910
v  -2.0479 -4.4072 -3.3112
v  -2.0425 -4.3718 -3.2217
v  -2.0380 -4.3071 -3.3042
v  -1.9880 -4.4036 -3.0451
v  -1.8340 -4.3684 -2.9974
v  -1.8641 -4.4539 -2.8822
v  -2.0051 -4.4867 -2.9316
v  -2.0087 -4.6893 -3.3921
v  -1.9579 -4.5965 -3.5202
v  -2.0018 -4.5422 -3.4176
v  -2.0367 -4.6293 -3.2948
v  -2.0623 -4.5927 -3.1959
v  -2.0375 -4.5072 -3.3137
v  -2.0625 -4.4789 -3.2145
v  -2.0796 -4.5639 -3.0995
v  -2.0661 -4.5289 -3.0092
v  -2.0526 -4.4452 -3.1228
v  -2.0237 -4.5750 -2.8089
v  -1.8956 -4.5454 -2.7593
v  -2.0528 -4.6839 -2.6606
v  -1.9359 -4.6573 -2.6058
v  -2.1106 -4.9327 -3.0277
v  -2.0625 -4.8041 -3.2211
v  -2.0712 -4.7377 -3.1333
v  -2.1119 -4.8639 -2.9542
v  -2.1092 -4.8195 -2.8823
v  -2.0817 -4.6967 -3.0481
v  -2.0966 -4.6623 -2.9653
v  -2.1150 -4.7800 -2.8104
v  -2.1044 -4.7325 -2.7343
v  -2.0814 -4.6207 -2.8829
v  -2.2195 -5.2127 -2.6519
v  -2.1575 -5.0686 -2.8367
v  -2.1611 -5.0032 -2.7771
v  -2.2242 -5.1496 -2.6064
v  -2.8394 -5.5521 -1.1666
v  -2.8708 -5.6628 -1.1404
v  -2.8777 -5.5895 -1.1280
v  -2.8075 -5.6491 -1.2268
v  -2.7183 -5.5852 -1.4569
v  -2.7529 -5.6078 -1.3595
v  -2.7921 -5.5058 -1.3800
v  -2.7485 -5.4898 -1.4752
v  -2.8245 -5.5062 -1.2875
v  -2.8510 -5.7355 -1.0859
v  -2.8085 -5.7626 -1.1166
v  -2.8481 -5.4719 -1.2099
v  -2.7164 -5.8033 -1.3404
v  -2.7137 -5.7476 -1.3483
v  -2.7788 -5.8192 -1.4477
v  -2.7987 -5.8683 -1.4155
v  -2.8182 -5.9289 -1.3809
v  -2.7286 -5.8820 -1.3358
v  -2.7122 -5.8462 -1.2417
v  -2.7371 -5.7616 -1.2354
v  -2.8072 -5.9960 -1.3724
v  -2.7303 -5.9577 -1.3180
v  -2.7849 -6.0809 -1.3623
v  -2.7197 -6.0217 -1.2923
v  -2.6986 -5.9762 -1.2366
v  -2.7035 -5.9206 -1.2408
v  -2.9130 -6.0318 -1.8393
v  -2.7907 -6.1327 -1.8172
v  -2.8176 -6.1512 -1.7657
v  -2.9410 -6.0509 -1.7787
v  -2.6519 -6.2122 -1.7705
v  -2.6718 -6.2244 -1.7224
v  -2.6930 -6.2286 -1.6680
v  -2.8404 -6.1570 -1.7045
v  -2.9630 -6.0618 -1.7092
v  -2.6826 -5.8525 -2.1395
v  -2.6309 -5.8061 -2.1822
v  -2.5736 -5.9318 -2.1225
v  -2.6040 -5.9716 -2.0682
v  -2.5387 -5.8802 -2.1774
v  -2.5793 -5.7579 -2.2257
v  -2.4761 -5.9666 -2.1112
v  -2.4945 -6.0223 -2.0481
v  -2.5091 -6.0643 -1.9902
v  -2.5173 -5.6960 -2.2715
v  -2.4901 -5.8120 -2.2342
v  -2.4322 -5.7701 -2.2746
v  -2.4280 -5.6206 -2.3387
v  -2.4150 -5.8456 -2.2207
v  -2.4444 -5.8981 -2.1786
v  -2.7308 -5.6410 -2.1546
v  -2.6562 -5.5885 -2.2001
v  -2.6560 -5.6891 -2.2063
v  -2.7191 -5.7380 -2.1557
v  -2.5920 -5.6384 -2.2465
v  -2.5857 -5.5381 -2.2372
v  -2.6764 -5.4823 -2.0938
v  -2.6132 -5.4477 -2.1397
v  -2.6455 -5.5097 -2.1779
v  -2.7159 -5.5527 -2.1355
v  -2.5802 -5.4684 -2.2076
v  -2.5693 -5.4318 -2.1694
v  -2.5165 -5.4836 -2.2751
v  -2.5231 -5.5802 -2.2873
v  -2.4297 -5.4963 -2.3495
v  -2.4250 -5.4126 -2.3300
v  -2.3156 -5.2956 -2.4483
v  -2.3104 -5.3652 -2.4750
v  -2.2917 -5.4392 -2.4845
v  -2.6812 -5.6100 -1.8819
v  -2.5984 -5.5657 -1.9346
v  -2.6851 -5.5210 -1.9778
v  -2.7715 -5.5701 -1.9176
v  -2.5956 -5.4776 -2.0341
v  -2.5012 -5.5305 -1.9949
v  -2.7573 -5.5360 -2.0329
v  -2.8326 -5.5973 -1.9631
v  -2.2125 -5.1090 -2.5364
v  -2.1558 -4.9585 -2.7081
v  -2.1430 -4.9220 -2.6326
v  -2.1950 -5.0753 -2.4557
v  -2.0831 -4.8908 -2.1762
v  -2.0025 -4.7676 -2.3806
v  -2.0910 -4.8386 -2.4760
v  -2.1714 -4.9983 -2.2597
v  -1.8052 -4.7719 -2.3401
v  -1.9303 -4.9572 -2.0968
v  -2.1803 -5.0355 -2.3778
v  -2.1278 -4.8827 -2.5552
v  -2.1907 -4.9756 -2.0102
v  -2.1217 -4.9916 -1.9125
v  -2.2673 -5.0249 -2.0602
v  -2.4146 -5.3693 -2.2686
v  -2.3066 -5.2556 -2.3815
v  -2.2813 -5.2256 -2.3038
v  -2.3874 -5.3778 -2.1490
v  -2.5120 -5.4203 -2.2289
v  -2.5089 -5.4096 -2.1582
v  -2.4443 -5.4669 -2.0545
v  -2.5360 -5.4386 -2.0961
v  -2.3418 -5.3722 -1.9931
v  -2.3837 -5.4544 -1.9750
v  -2.3905 -5.4269 -1.8811
v  -2.3716 -5.3445 -1.8754
v  -2.4392 -5.5190 -1.9316
v  -2.4069 -5.4988 -1.8718
v  -2.3673 -5.2669 -1.8670
v  -2.3366 -5.2815 -1.9894
v  -2.3364 -5.1920 -1.9977
v  -2.3837 -5.1888 -1.8739
v  -2.3012 -5.1968 -2.0957
v  -2.3172 -5.2658 -2.1231
v  -2.3177 -5.1019 -2.0404
v  -2.2586 -5.1215 -2.1645
v  -2.3923 -5.1083 -1.9005
v  -2.2601 -5.1700 -2.2429
v  -3.0790 -5.0871 -1.0783
v  -3.1494 -5.0506 -1.0464
v  -3.0903 -5.1262 -1.0104
v  -3.1362 -5.0944 -1.0028
v  -3.0320 -4.9265 -0.8592
v  -2.9470 -4.9535 -0.8626
v  -2.9443 -4.9300 -0.9295
v  -3.0256 -4.9018 -0.9284
v  -3.0629 -5.0320 -0.8030
v  -3.1219 -5.0595 -0.8234
v  -3.0587 -5.1170 -0.8219
v  -3.0081 -5.0612 -0.8060
v  -3.0946 -5.1462 -0.8848
v  -3.1673 -5.0903 -0.8865
v  -3.0984 -5.1437 -0.9521
v  -3.1539 -5.0906 -0.9535
v  -3.0506 -4.9812 -0.8195
v  -2.9699 -5.0020 -0.8159
v  -3.1706 -4.9528 -0.9190
v  -3.1996 -5.0079 -0.8980
v  -3.1340 -4.9863 -0.8427
v  -3.1197 -4.9288 -0.8840
v  -3.1973 -5.0279 -0.9785
v  -3.1700 -4.9480 -0.9867
v  -3.1015 -4.9105 -0.9553
v  -3.4325 -5.5882 -1.2539
v  -3.3958 -5.5651 -1.2875
v  -3.4223 -5.4951 -1.2849
v  -3.3951 -5.4505 -1.2361
v  -3.4384 -5.5923 -1.1993
v  -3.3877 -5.6359 -1.1720
v  -3.3362 -5.6458 -1.1161
v  -2.5069 -5.5844 -1.8725
v  -2.5677 -5.6331 -1.8137
v  -2.5080 -5.5442 -1.7465
v  -2.4470 -5.5217 -1.8182
v  -2.6769 -5.3912 -1.5641
v  -2.7066 -5.4764 -1.5607
v  -2.6407 -5.4669 -1.6255
v  -2.6229 -5.3821 -1.6315
v  -2.6256 -5.5654 -1.6106
v  -2.6780 -5.5713 -1.5402
v  -2.4982 -5.3654 -1.7472
v  -2.4260 -5.3518 -1.7990
v  -2.4461 -5.4286 -1.8128
v  -2.5093 -5.4450 -1.7495
v  -2.5630 -5.3742 -1.6927
v  -2.5779 -5.4563 -1.6905
v  -2.5706 -5.5561 -1.6787
v  -2.4652 -5.1656 -1.6606
v  -2.5080 -5.1792 -1.5574
v  -2.4921 -5.2399 -1.5687
v  -2.4489 -5.2466 -1.6712
v  -2.4692 -5.3039 -1.7196
v  -2.4179 -5.2110 -1.7726
v  -2.4091 -5.2825 -1.7807
v  -2.5565 -5.2924 -1.5881
v  -2.5080 -5.2786 -1.6180
v  -2.5243 -5.3165 -1.6617
v  -2.5800 -5.3232 -1.6060
v  -2.4378 -5.1359 -1.7752
v  -2.5181 -5.2815 -1.5489
v  -2.5836 -5.2875 -1.5388
v  -2.6305 -5.3310 -1.5467
v  -2.6325 -6.1980 -1.8098
v  -2.5545 -6.2854 -1.7923
v  -2.5755 -6.3024 -1.7531
v  -2.5323 -6.2684 -1.8247
v  -2.6111 -6.1791 -1.8410
v  -2.4578 -6.3493 -1.8082
v  -2.4802 -6.3641 -1.7683
v  -2.4986 -6.3793 -1.7224
v  -2.6954 -5.6859 -1.5022
v  -2.7086 -5.7083 -1.4138
v  -2.7601 -5.7854 -1.5074
v  -2.7505 -5.7558 -1.5841
v  -2.6706 -5.6746 -1.5896
v  -2.6392 -5.6715 -1.6710
v  -2.7259 -5.7057 -1.7537
v  -2.7312 -5.7417 -1.6718
v  -2.6085 -5.6603 -1.7463
v  -2.7184 -5.6549 -1.8217
v  -2.8422 -5.6608 -1.7856
v  -2.8614 -5.7000 -1.7166
v  -2.9501 -5.7264 -1.7740
v  -2.9179 -5.6859 -1.8354
v  -2.9899 -5.7638 -1.7048
v  -2.8843 -5.7363 -1.6415
v  -2.8193 -5.6160 -1.8513
v  -2.8822 -5.6458 -1.8973
v  -2.8547 -5.9891 -1.9290
v  -2.8234 -5.9662 -1.9674
v  -2.7104 -6.0682 -1.9275
v  -2.7373 -6.0903 -1.8940
v  -2.6798 -6.0425 -1.9654
v  -2.7846 -5.9363 -2.0116
v  -2.5888 -6.1583 -1.8697
v  -2.5482 -6.1445 -1.8979
v  -2.8869 -5.7567 -2.0185
v  -2.9345 -5.7956 -1.9629
v  -2.9258 -5.7108 -1.9355
v  -2.8759 -5.6671 -1.9975
v  -2.9611 -5.7466 -1.8802
v  -2.9662 -5.8253 -1.9139
v  -2.8840 -6.0104 -1.8879
v  -2.7640 -6.1123 -1.8592
v  -2.9915 -5.7832 -1.8247
v  -3.0265 -5.8225 -1.7600
v  -2.9927 -5.8538 -1.8632
v  -3.0227 -5.8845 -1.8021
v  -2.8146 -5.7010 -2.0890
v  -2.7910 -5.7938 -2.0915
v  -2.8548 -5.8443 -2.0264
v  -2.7357 -5.8966 -2.0740
v  -2.9279 -5.9023 -1.9303
v  -2.8981 -5.8783 -1.9757
v  -2.8013 -5.6083 -2.0709
v  -2.9571 -5.9262 -1.8855
v  -2.9892 -5.9520 -1.8325
v  -1.5375 -5.2724 -2.4278
v  -1.4329 -5.1307 -2.6548
v  -1.5812 -4.9162 -2.4410
v  -1.6635 -5.0605 -2.2096
v  -1.2001 -5.2630 -2.7901
v  -1.2872 -5.4163 -2.5707
v  -1.0045 -5.5577 -2.7118
v  -0.9473 -5.3820 -2.9200
v  -1.6316 -5.3910 -2.2326
v  -1.3705 -5.5493 -2.3859
v  -1.4331 -5.6510 -2.2496
v  -1.7034 -5.4844 -2.0970
v  -1.0750 -5.7973 -2.3785
v  -1.0473 -5.6972 -2.5230
v  0.1221 -5.8714 -3.4687
v  0.4120 -5.9288 -3.5639
v  0.1548 -6.1047 -3.2399
v  0.4489 -6.1709 -3.3167
v  0.7343 -6.0182 -3.6885
v  0.7869 -6.2632 -3.4167
v  2.0445 -6.4734 -4.2030
v  2.0282 -6.4588 -4.1410
v  2.1736 -6.7540 -3.8966
v  2.2204 -6.7744 -3.9578
v  2.1996 -6.8150 -4.0268
v  2.0275 -6.4898 -4.2647
v  0.5836 -6.4663 -3.6779
v  0.5579 -6.2136 -3.9329
v  0.8428 -6.2782 -4.0134
v  0.8956 -6.5475 -3.7569
v  1.1493 -6.3873 -4.1443
v  1.2327 -6.6714 -3.8806
v  -0.3468 -6.1639 -3.3832
v  -0.6397 -6.0658 -3.2634
v  -0.5834 -5.8572 -3.5099
v  -0.2991 -5.9593 -3.6363
v  -0.9369 -5.6996 -3.3289
v  -1.0020 -5.9024 -3.0950
v  -1.7637 -5.4646 -2.7474
v  -1.9618 -5.3954 -2.6980
v  -1.8738 -5.2493 -2.9089
v  -1.6904 -5.3255 -2.9646
v  -1.4060 -5.6648 -2.8976
v  -1.3358 -5.4932 -3.1190
v  -1.0794 -6.2015 -2.7404
v  -1.4922 -5.9481 -2.5508
v  -1.4558 -5.8261 -2.7018
v  -1.0488 -6.0762 -2.8950
v  -1.8280 -5.6241 -2.5605
v  -1.8742 -5.7500 -2.4174
v  -2.1522 -5.5518 -2.5048
v  -2.2401 -5.5055 -2.4967
v  -2.2209 -5.7247 -2.3362
v  -2.3310 -5.6750 -2.3634
v  -2.0800 -5.6748 -2.3516
v  -2.0373 -5.5576 -2.5058
v  -1.2207 -6.6239 -2.1951
v  -1.6418 -6.3699 -2.0605
v  -1.6198 -6.3230 -2.0990
v  -1.1938 -6.5751 -2.2321
v  -2.0215 -6.1882 -1.9789
v  -2.0169 -6.1571 -2.0251
v  -2.0279 -6.1634 -2.0928
v  -1.6181 -6.3067 -2.1582
v  -1.1731 -6.5278 -2.2720
v  -0.5789 -7.0382 -2.4017
v  -0.8582 -6.8541 -2.3136
v  -0.8315 -6.8031 -2.3660
v  -0.5441 -6.9762 -2.4616
v  -0.8225 -6.7710 -2.4045
v  -0.5350 -6.9380 -2.5011
v  1.2024 -7.7151 -3.1067
v  0.7723 -7.5164 -2.9439
v  0.7886 -7.4587 -2.9893
v  1.2165 -7.6538 -3.1379
v  1.1477 -7.8379 -3.0292
v  0.7075 -7.6457 -2.8850
v  0.4062 -7.4024 -2.8291
v  0.3355 -7.5197 -2.7794
v  0.4348 -7.3407 -2.8626
v  0.8908 -6.7608 -2.8580
v  0.5469 -6.6331 -2.7661
v  0.5855 -6.6711 -2.6667
v  0.9189 -6.7937 -2.7661
v  0.3579 -6.5029 -2.5508
v  0.2921 -6.4792 -2.6784
v  0.3709 -6.6161 -2.4577
v  0.5966 -6.7418 -2.5892
v  0.9183 -6.8575 -2.6922
v  -1.7268 -5.5489 -2.0301
v  -1.4581 -5.7113 -2.1709
v  -1.4449 -5.7372 -2.0917
v  -1.7247 -5.5644 -1.9508
v  -1.0869 -5.9024 -2.2361
v  -1.0842 -5.8525 -2.2996
v  -1.1744 -6.2005 -1.9056
v  -1.1457 -6.1459 -1.9456
v  -1.4581 -5.9132 -1.7923
v  -1.7246 -5.7684 -1.6638
v  -1.4915 -5.9658 -1.7822
v  -1.7030 -5.7117 -1.6698
v  -1.7516 -5.8432 -1.6735
v  -1.5096 -6.0330 -1.7448
v  -1.2106 -6.2811 -1.8713
v  -1.3864 -5.7191 -1.9680
v  -1.6714 -5.6021 -1.7666
v  -1.3754 -5.7683 -1.8567
v  -1.6967 -5.5761 -1.8577
v  -1.0393 -5.9790 -1.9838
v  -1.0302 -5.8920 -2.0946
v  -1.4195 -5.8521 -1.8136
v  -1.6833 -5.6550 -1.7064
v  -1.1091 -6.0848 -1.9805
v  -1.7582 -5.1979 -2.0202
v  -1.8035 -5.2981 -1.8885
v  -1.9477 -5.0887 -1.8864
v  -1.9584 -5.1994 -1.7237
v  -1.8329 -5.3485 -1.8023
v  -1.8176 -5.3827 -1.8809
v  -1.8628 -5.3974 -1.7334
v  -1.9653 -5.2583 -1.6249
v  -1.9557 -5.3241 -1.5660
v  -1.8778 -5.4649 -1.6784
v  -1.8665 -5.5089 -1.6199
v  -1.9738 -5.3982 -1.5317
v  -1.9744 -5.4798 -1.4941
v  -1.8599 -5.5726 -1.5653
v  -2.2777 -5.0284 -1.6051
v  -2.2342 -5.0801 -1.5252
v  -2.1761 -5.1008 -1.5917
v  -2.2095 -5.0447 -1.6903
v  -2.1033 -5.0596 -1.7840
v  -2.1036 -5.1421 -1.6582
v  -2.2675 -5.3283 -1.2384
v  -2.3453 -5.2874 -1.2000
v  -2.3278 -5.2357 -1.2074
v  -2.2338 -5.2377 -1.2669
v  -2.0785 -5.2059 -1.5654
v  -2.1526 -5.1757 -1.5089
v  -2.0568 -5.2675 -1.5029
v  -2.1268 -5.2383 -1.4400
v  -2.1762 -5.2225 -1.3646
v  -2.1797 -5.3057 -1.3136
v  -2.1330 -5.3516 -1.3775
v  -2.1209 -5.2910 -1.4047
v  -2.1611 -5.2687 -1.3500
v  -2.2359 -5.1267 -1.3681
v  -2.1983 -5.1487 -1.4333
v  -2.2620 -5.1490 -1.2454
v  -2.2795 -5.0899 -1.3272
v  -2.3213 -5.1804 -1.1912
v  -2.0539 -5.3280 -1.4589
v  -2.0797 -5.4113 -1.4483
v  2.6528 -7.5448 -3.1663
v  2.7338 -7.6180 -3.2448
v  2.6922 -7.5457 -3.3314
v  2.5998 -7.4457 -3.2798
v  2.7780 -7.6269 -3.3885
v  2.8095 -7.6803 -3.3269
v  2.7171 -7.5873 -3.4320
v  2.6500 -7.5095 -3.4173
v  2.5212 -7.3744 -3.4031
v  2.7207 -7.6166 -3.4827
v  2.6264 -7.5312 -3.4828
v  2.6142 -7.5691 -3.5422
v  2.7014 -7.6427 -3.5444
v  2.5422 -7.4777 -3.5569
v  2.5509 -7.4186 -3.4923
v  2.8023 -7.6690 -3.4550
v  2.8440 -7.7260 -3.4027
v  2.8325 -7.7689 -3.4782
v  2.7822 -7.7025 -3.5220
v  2.8009 -7.8574 -3.2877
v  2.8459 -7.7967 -3.3513
v  2.8171 -7.7464 -3.2714
v  2.7902 -7.8066 -3.2350
v  2.7804 -7.9222 -3.3685
v  2.8294 -7.8496 -3.4288
v  2.7404 -7.7529 -3.5824
v  2.6700 -7.6907 -3.5970
v  2.7743 -7.8145 -3.5507
v  2.6634 -7.8344 -3.5974
v  2.6496 -7.7793 -3.6116
v  2.6174 -7.7187 -3.6142
v  2.7137 -7.9508 -3.4704
v  2.7661 -7.8842 -3.5105
v  2.6584 -7.8943 -3.5752
v  2.6345 -7.9356 -3.5370
v  2.5251 -7.9306 -3.5414
v  2.5077 -7.8728 -3.5968
v  2.3808 -7.9379 -3.5441
v  2.3572 -7.8684 -3.6267
v  2.5159 -7.8178 -3.6288
v  2.3657 -7.7915 -3.6636
v  -1.2111 -6.5200 -2.4762
v  -0.8591 -6.7392 -2.5902
v  -0.8316 -6.7484 -2.4837
v  -1.1852 -6.5176 -2.3698
v  -0.5684 -6.8802 -2.6611
v  -0.5433 -6.9022 -2.5678
v  -1.1205 -6.2959 -2.5965
v  -1.5513 -6.0432 -2.4051
v  -1.5227 -6.0064 -2.4596
v  -1.1029 -6.2654 -2.6511
v  -1.9003 -5.8007 -2.3301
v  -1.9414 -5.8382 -2.2883
v  -2.0845 -5.7294 -2.2906
v  -2.1423 -5.7648 -2.2695
v  -2.0558 -6.1640 -2.1946
v  -1.6425 -6.3113 -2.2607
v  -2.0535 -6.1013 -2.2670
v  -1.6515 -6.2785 -2.3478
v  -2.2469 -6.0536 -2.1572
v  -2.2464 -6.1038 -2.0873
v  -2.3465 -6.0626 -2.0922
v  -2.2232 -5.9870 -2.1975
v  -2.3308 -5.9952 -2.1456
v  -2.2929 -5.9151 -2.1883
v  -1.6406 -6.2192 -2.3811
v  -1.6207 -6.1571 -2.3903
v  -2.0285 -6.0326 -2.2868
v  -2.0148 -5.9721 -2.2920
v  -1.1688 -6.3850 -2.5298
v  -1.2017 -6.4585 -2.5293
v  -2.1982 -5.9040 -2.2183
v  -2.1801 -5.8292 -2.2354
v  -2.2748 -5.8151 -2.2414
v  -1.9847 -5.9034 -2.2889
v  -2.3601 -5.7884 -2.2726
v  -2.3682 -5.8696 -2.2034
v  -2.1898 -5.9537 -2.2191
v  -2.3938 -5.9504 -2.1491
v  -2.4169 -6.0193 -2.0892
v  -1.5880 -6.0980 -2.3881
v  -1.1392 -6.3336 -2.5458
v  -2.5325 -6.0975 -1.9432
v  -2.6418 -6.0084 -2.0125
v  -2.5081 -6.2482 -1.8531
v  -2.4799 -6.2336 -1.8764
v  -2.4321 -6.3306 -1.8455
v  -2.4027 -6.3060 -1.8730
v  -2.4234 -6.0788 -2.0266
v  -2.4235 -6.1191 -1.9641
v  -2.3394 -6.0990 -2.0170
v  -2.3203 -6.1513 -1.9496
v  -2.2348 -6.1130 -2.0108
v  -2.2239 -6.1449 -1.9642
v  -2.4512 -6.1962 -1.9087
v  -2.4392 -6.1602 -1.9303
v  -2.3441 -6.2023 -1.9286
v  -2.3594 -6.2429 -1.9130
v  -2.4444 -6.2324 -1.8933
v  -2.3741 -6.2803 -1.8944
v  -2.1987 -6.1856 -1.9429
v  -2.2251 -6.2134 -1.9312
v  -2.0264 -6.2472 -1.9426
v  -2.0398 -6.2994 -1.9069
v  -2.3003 -6.3785 -1.8693
v  -2.3328 -6.4150 -1.8342
v  -2.1240 -6.5056 -1.8486
v  -2.1616 -6.5525 -1.8123
v  -2.3614 -6.4409 -1.7842
v  -2.1959 -6.5896 -1.7562
v  -2.2518 -6.2940 -1.9055
v  -2.2724 -6.3364 -1.8889
v  -2.0719 -6.4042 -1.8589
v  -2.0949 -6.4562 -1.8588
v  -2.0529 -6.3497 -1.8745
v  -2.2395 -6.2515 -1.9185
v  -1.8284 -6.7508 -1.8068
v  -1.5044 -7.0789 -1.7918
v  -1.5661 -7.1407 -1.7772
v  -1.8810 -6.8124 -1.8003
v  -1.9295 -6.8605 -1.7470
v  -1.6222 -7.1889 -1.7144
v  -1.2681 -6.7081 -2.1226
v  -1.6703 -6.4417 -2.0101
v  -1.7033 -6.5212 -1.9543
v  -1.3247 -6.8081 -2.0246
v  -1.3836 -6.9065 -1.9190
v  -1.7404 -6.5961 -1.8969
v  -1.7720 -6.6570 -1.8439
v  -1.4346 -6.9878 -1.8336
v  -1.4665 -7.0343 -1.7931
v  -1.7959 -6.7021 -1.8112
v  -1.0016 -7.7100 -1.6923
v  -1.0851 -7.7806 -1.6516
v  -1.2886 -7.4798 -1.7032
v  -1.2213 -7.4208 -1.7441
v  -1.3445 -7.5235 -1.6240
v  -1.1459 -7.8267 -1.5550
v  -0.9224 -6.9569 -2.2120
v  -0.6625 -7.1632 -2.2843
v  -0.9983 -7.0839 -2.0733
v  -0.7565 -7.3186 -2.1181
v  -0.8220 -7.4696 -1.9153
v  -1.0643 -7.2112 -1.9155
v  -1.1250 -7.3193 -1.7931
v  -0.8860 -7.6007 -1.7617
v  -0.9399 -7.6641 -1.7015
v  -1.1709 -7.3760 -1.7461
v  -0.1997 -8.5219 -1.6426
v  0.1420 -8.7805 -1.6615
v  0.0480 -8.8746 -1.6632
v  -0.2984 -8.6073 -1.6324
v  0.4674 -9.1903 -1.6980
v  0.5593 -9.0846 -1.6858
v  0.3625 -9.2835 -1.6483
v  -0.0542 -8.9616 -1.6113
v  -0.3937 -8.6809 -1.5624
v  0.1637 -8.7156 -1.7057
v  0.1763 -8.6312 -1.8359
v  -0.1598 -8.4546 -1.6642
v  -0.1445 -8.3815 -1.7894
v  0.6008 -8.8906 -1.8604
v  0.5711 -9.0139 -1.7432
v  -0.9871 -7.0984 -1.4028
v  -1.0119 -7.1393 -1.3057
v  -0.6797 -7.4764 -1.3302
v  -0.6513 -7.4450 -1.4483
v  -1.3599 -6.7148 -1.3673
v  -1.3524 -6.7373 -1.2785
v  -1.3669 -6.7788 -1.1850
v  -1.0343 -7.1737 -1.2018
v  -0.7047 -7.4948 -1.1971
v  -1.6000 -6.3770 -1.3470
v  -1.6089 -6.4028 -1.2792
v  -1.7852 -6.1378 -1.2833
v  -1.7710 -6.1186 -1.3382
v  -1.8127 -6.1589 -1.2283
v  -1.6304 -6.4370 -1.2091
v  -1.5247 -6.1433 -1.6787
v  -1.2394 -6.4105 -1.7955
v  -1.7525 -5.9428 -1.6256
v  -1.7666 -6.0256 -1.5587
v  -1.5476 -6.2551 -1.6076
v  -1.2620 -6.5364 -1.6883
v  -1.3260 -6.6645 -1.4930
v  -1.5986 -6.3523 -1.4640
v  -1.6059 -6.3690 -1.4058
v  -1.3435 -6.6889 -1.4271
v  -1.7921 -6.0990 -1.4419
v  -1.7772 -6.1073 -1.3889
v  -1.5731 -6.3176 -1.5326
v  -1.7847 -6.0746 -1.5005
v  -1.2950 -6.6174 -1.5844
v  -2.0152 -5.8314 -1.3011
v  -2.0906 -5.7380 -1.2660
v  -2.0812 -5.7913 -1.2294
v  -2.0065 -5.8612 -1.2682
v  -2.1413 -5.7625 -1.1737
v  -2.1855 -5.6691 -1.2203
v  -2.1174 -5.8680 -1.1681
v  -2.0539 -5.8759 -1.2101
v  -1.9989 -5.9027 -1.2399
v  -1.9687 -5.7367 -1.4756
v  -1.8803 -5.7551 -1.5718
v  -1.8592 -5.6590 -1.5417
v  -1.9542 -5.5923 -1.4577
v  -1.9303 -5.8926 -1.5506
v  -1.8871 -5.8507 -1.5984
v  -1.9046 -5.9441 -1.3217
v  -1.9079 -5.9634 -1.2791
v  -1.9326 -5.9831 -1.2400
v  -2.0458 -5.5182 -1.3991
v  -2.1464 -5.4496 -1.3580
v  -2.1174 -5.5591 -1.3103
v  -2.0258 -5.6232 -1.3757
v  -2.0239 -5.6839 -1.3741
v  -2.0636 -5.6746 -1.3381
v  -2.0163 -5.7871 -1.3810
v  -2.0120 -5.7850 -1.4363
v  -2.1483 -5.6046 -1.2595
v  -2.2199 -5.5171 -1.2025
v  -2.2138 -5.4642 -1.2556
v  -2.2472 -5.5626 -1.1446
v  -2.0155 -5.8028 -1.3362
v  -2.0883 -5.6973 -1.3043
v  -2.2083 -5.3843 -1.2977
v  -1.9280 -5.9202 -1.4141
v  -1.9161 -5.9317 -1.3658
v  -1.9416 -5.9147 -1.4792
v  -1.9534 -6.2048 -1.1702
v  -1.8642 -6.1887 -1.1825
v  -1.9855 -5.9976 -1.2026
v  -2.0570 -6.0003 -1.1795
v  -1.7623 -6.5585 -1.1443
v  -1.6874 -6.4887 -1.1470
v  -1.4455 -6.8596 -1.1427
v  -1.5326 -6.9443 -1.1414
v  -1.9494 -6.4560 -1.1265
v  -1.8386 -6.6721 -1.0896
v  -1.8084 -6.6210 -1.1304
v  -1.9657 -6.3329 -1.1563
v  -1.5805 -6.9993 -1.1019
v  -1.6239 -7.0467 -1.0567
v  -1.1074 -7.2452 -1.1376
v  -1.2057 -7.3358 -1.1501
v  -0.8819 -7.6537 -1.1001
v  -0.7750 -7.5595 -1.0886
v  -1.2641 -7.3834 -1.1026
v  -1.3345 -7.4239 -1.0454
v  -1.0441 -7.7299 -1.0043
v  -0.9522 -7.6987 -1.0690
v  0.0143 -8.6135 -1.1219
v  -0.0588 -8.7178 -1.0922
v  0.2483 -8.9396 -1.0482
v  0.3367 -8.8386 -1.0805
v  0.0783 -9.0294 -0.9909
v  -0.2021 -8.8121 -1.0364
v  0.3851 -9.2745 -0.9488
v  0.5869 -9.1949 -0.9919
v  0.6936 -9.1067 -1.0228
v  0.2452 -9.3469 -1.4235
v  -0.1505 -9.0296 -1.4101
v  -0.1171 -9.0167 -1.5188
v  0.2994 -9.3253 -1.5283
v  -0.4462 -8.7258 -1.4771
v  -0.4785 -8.7426 -1.3833
v  -1.6740 -7.2211 -1.5461
v  -1.6502 -7.2077 -1.6278
v  -1.3788 -7.5450 -1.5483
v  -1.4150 -7.5644 -1.4767
v  -1.1829 -7.8458 -1.4789
v  -1.2184 -7.8594 -1.4116
v  -2.2219 -6.6169 -1.6922
v  -2.3843 -6.4608 -1.7314
v  -2.3993 -6.4761 -1.6762
v  -2.2351 -6.6320 -1.6266
v  -1.9631 -6.8916 -1.6734
v  -1.9792 -6.9042 -1.5944
v  -2.2399 -6.6425 -1.5734
v  -2.4069 -6.4920 -1.6234
v  -2.2318 -6.6365 -1.5159
v  -2.4018 -6.5084 -1.5713
v  -2.5290 -6.4430 -1.6059
v  -2.5142 -6.4013 -1.6692
v  -2.5965 -6.3230 -1.7037
v  -2.6234 -6.3428 -1.6524
v  -1.9869 -6.9088 -1.5291
v  -2.0009 -6.9136 -1.4702
v  -1.6915 -7.2272 -1.4715
v  -1.7279 -7.2449 -1.4030
v  -2.3827 -6.5304 -1.5192
v  -2.4448 -6.5245 -1.5135
v  -2.2483 -6.6481 -1.4590
v  -2.3024 -6.6857 -1.3976
v  -2.0997 -6.1031 -1.1892
v  -2.0752 -6.2231 -1.1569
v  -2.1484 -6.2015 -1.1286
v  -2.1866 -6.0644 -1.1713
v  -2.0642 -6.4129 -1.0645
v  -2.0164 -6.4066 -1.1083
v  -2.2837 -6.0315 -1.1172
v  -2.2440 -6.0487 -1.1419
v  -2.2318 -5.9726 -1.1295
v  -2.2543 -5.9434 -1.1160
v  -2.1910 -5.9667 -1.1397
v  -2.2107 -5.9020 -1.1143
v  -2.1286 -5.9818 -1.1589
v  -2.1675 -5.8760 -1.1352
v  1.9473 -9.9342 -1.4965
v  1.8772 -10.0461 -1.4916
v  1.7979 -10.0080 -1.5498
v  1.8860 -9.8804 -1.5626
v  1.9766 -9.9718 -1.4414
v  1.9370 -10.0543 -1.4156
v  1.8670 -10.1013 -1.3878
v  1.7956 -10.1061 -1.4188
v  1.6993 -10.0794 -1.4608
v  1.8783 -9.9085 -1.1171
v  1.8029 -10.0220 -1.1355
v  1.8859 -10.0319 -1.1695
v  1.9529 -9.8749 -1.2274
v  1.9113 -9.8076 -1.2106
v  1.9459 -9.9630 -1.1913
v  1.7907 -9.8398 -1.0615
v  1.8461 -9.7195 -1.1777
v  1.6848 -9.9745 -1.0947
v  1.6317 -10.0792 -1.2704
v  1.7582 -10.1114 -1.2640
v  1.7661 -10.0771 -1.1989
v  1.6384 -10.0434 -1.1773
v  1.8737 -10.0999 -1.2769
v  1.8836 -10.0742 -1.2241
v  1.9852 -10.0155 -1.3029
v  1.9778 -9.9925 -1.2522
v  1.9806 -9.8745 -1.3412
v  1.9699 -9.8672 -1.2845
v  1.8677 -10.1071 -1.3327
v  1.7631 -10.1196 -1.3399
v  1.6504 -10.0878 -1.3625
v  1.9714 -10.0402 -1.3492
v  1.9913 -9.9217 -1.3935
v  1.9040 -9.7555 -1.5045
v  1.9573 -9.8316 -1.4476
v  1.9288 -9.7723 -1.3763
v  1.8782 -9.6803 -1.4107
v  1.9122 -9.7697 -1.3006
v  1.8499 -9.6809 -1.3055
v  -2.3938 -6.4000 -0.8054
v  -2.2970 -6.7082 -0.6530
v  -2.2281 -6.6868 -0.6662
v  -2.3265 -6.3759 -0.8187
v  -2.1045 -7.0557 -0.4752
v  -2.1774 -7.0794 -0.4435
v  -2.0481 -7.0393 -0.5281
v  -2.1687 -6.6664 -0.6998
v  -2.2688 -6.3554 -0.8543
v  -2.4724 -6.4037 -0.8185
v  -2.3813 -6.7096 -0.6666
v  -2.4737 -6.7318 -0.7031
v  -2.5605 -6.4293 -0.8550
v  -2.3780 -7.1167 -0.4734
v  -2.2735 -7.0892 -0.4443
v  -2.4809 -6.0072 -1.0521
v  -2.4515 -6.1677 -0.9406
v  -2.3881 -6.1501 -0.9558
v  -2.4227 -5.9945 -1.0660
v  -2.3359 -6.1415 -0.9900
v  -2.3697 -5.9916 -1.0862
v  -2.5345 -6.0188 -1.0524
v  -2.5195 -6.1769 -0.9508
v  -2.6024 -6.2079 -0.9788
v  -2.6166 -6.0333 -1.0792
v  -2.2543 -5.8372 -1.0841
v  -2.2958 -5.9039 -1.0889
v  -2.3540 -5.8740 -1.0628
v  -2.3245 -5.7682 -1.0363
v  -2.3250 -6.0078 -1.1005
v  -2.6818 -5.9914 -1.1710
v  -2.6093 -5.9146 -1.0803
v  -2.7199 -5.8691 -1.1240
v  -2.6910 -5.9191 -1.1356
v  -2.6320 -5.8350 -1.0359
v  -2.7569 -5.8099 -1.1244
v  -2.7034 -5.8121 -1.0224
v  -2.2944 -5.6103 -1.0706
v  -2.3444 -5.6565 -0.9809
v  -2.2343 -5.7008 -1.0992
v  -2.1992 -5.7836 -1.1173
v  -2.6692 -5.7409 -0.9313
v  -2.6091 -5.7557 -0.9326
v  -2.5713 -5.6421 -0.8753
v  -2.6606 -5.6458 -0.8596
v  -2.4272 -5.8712 -1.0616
v  -2.4226 -5.7863 -1.0002
v  -2.5046 -5.8006 -1.0118
v  -2.4954 -5.8849 -1.0634
v  -2.6119 -5.5043 -0.8659
v  -2.5335 -5.4627 -0.8980
v  -2.4748 -5.5865 -0.9036
v  -2.6796 -5.5403 -0.8496
v  -2.5693 -5.7726 -0.9477
v  -2.5177 -5.7365 -0.9225
v  -2.5612 -5.8173 -1.0317
v  -2.4341 -5.6977 -0.9353
v  -2.5489 -5.8998 -1.0693
v  -2.7062 -6.0792 -1.2376
v  -2.6931 -6.1622 -1.1566
v  -2.7543 -6.1679 -1.3102
v  -2.7501 -6.2729 -1.2423
v  -2.7048 -6.3686 -1.5545
v  -2.6634 -6.3559 -1.6030
v  -2.5883 -6.4573 -1.5598
v  -2.6454 -6.4783 -1.5140
v  -2.7320 -6.2105 -1.5413
v  -2.7139 -6.2170 -1.6122
v  -2.7342 -6.3889 -1.5041
v  -2.7630 -6.3229 -1.4664
v  -2.7062 -6.4811 -1.4549
v  -2.7679 -6.4420 -1.3951
v  -2.7598 -6.2477 -1.3938
v  -2.7837 -6.1532 -1.4542
v  -2.7880 -6.3688 -1.3201
v  -2.4998 -6.7332 -1.3837
v  -2.5846 -6.5852 -1.4740
v  -2.5107 -6.5538 -1.5057
v  -2.4138 -6.6884 -1.3898
v  -2.7208 -6.4218 -1.1481
v  -2.6761 -6.3063 -1.0554
v  -2.6425 -6.5234 -0.9255
v  -2.6720 -6.6346 -1.0241
v  -2.7294 -6.5743 -1.3179
v  -2.7418 -6.5115 -1.2315
v  -2.6828 -6.7131 -1.1157
v  -2.6526 -6.7548 -1.2105
v  -2.5885 -6.7592 -1.3112
v  -2.6631 -6.5932 -1.4038
v  -2.5890 -6.9295 -0.8732
v  -2.5557 -6.8228 -0.7760
v  -2.4603 -7.2058 -0.5516
v  -2.4999 -7.3062 -0.6508
v  -2.2684 -7.3514 -0.9805
v  -2.3691 -7.3905 -0.9270
v  -2.4780 -7.0233 -1.1430
v  -2.3827 -6.9814 -1.1983
v  -2.5414 -7.0269 -1.0455
v  -2.4437 -7.3969 -0.8325
v  -2.5800 -6.9976 -0.9615
v  -2.4797 -7.3666 -0.7420
v  -2.4092 -7.7637 -0.3194
v  -2.3662 -7.6794 -0.2163
v  -2.3327 -8.1734 -0.0111
v  -2.2984 -8.1000 0.1083
v  -2.1966 -8.0159 0.1753
v  -2.2743 -7.5999 -0.1535
v  -2.0927 -8.2376 -0.5130
v  -2.2057 -8.2478 -0.4300
v  -2.2729 -7.8404 -0.6624
v  -2.1622 -7.8114 -0.7230
v  -2.3590 -7.8400 -0.5550
v  -2.2833 -8.2293 -0.2957
v  -2.3189 -8.2076 -0.1486
v  -2.3927 -7.8114 -0.4334
v  -1.7217 -9.7359 0.8670
v  -1.6088 -9.6754 0.9661
v  -1.7110 -9.3641 0.7375
v  -1.8000 -9.4123 0.6536
v  -1.6057 -9.3217 0.7873
v  -1.4701 -9.6221 1.0099
v  -1.7317 -9.0468 0.6316
v  -1.8311 -9.0866 0.5852
v  -1.9069 -9.1349 0.4995
v  -1.8403 -9.5432 0.4216
v  -1.8589 -9.4820 0.5512
v  -1.9437 -9.2080 0.3957
v  -1.9310 -9.2714 0.2698
v  -1.7552 -9.8649 0.5978
v  -1.7782 -9.8040 0.7403
v  -1.5065 -9.8981 0.3933
v  -1.6610 -9.9124 0.4565
v  -1.7586 -9.5765 0.2754
v  -1.6076 -9.5367 0.2097
v  -1.8525 -9.2848 0.1271
v  -1.7240 -9.2391 0.0412
v  0.6152 -3.9537 -4.6556
v  0.3760 -3.9502 -4.5586
v  0.4399 -3.9545 -4.4796
v  0.6715 -3.9667 -4.5843
v  0.4942 -3.9941 -4.4137
v  0.7215 -3.9963 -4.5199
v  0.5012 -4.1365 -4.4149
v  0.5139 -4.0651 -4.3916
v  0.7436 -4.1384 -4.4897
v  0.7498 -4.0577 -4.4813
v  0.4692 -4.1958 -4.4628
v  0.4370 -4.2689 -4.5136
v  0.6743 -4.2781 -4.5742
v  0.7009 -4.1999 -4.5490
v  1.6079 -6.9850 -3.1555
v  1.2589 -6.8296 -3.0236
v  1.2605 -6.8875 -2.9668
v  1.6243 -7.0407 -3.0981
v  1.5817 -6.8908 -3.2395
v  1.2417 -6.7429 -3.1164
v  0.8849 -6.7126 -2.9296
v  0.8726 -6.6294 -3.0290
v  1.3008 -4.3577 -5.0121
v  1.3412 -4.2777 -5.0507
v  1.2367 -4.3572 -5.0873
v  1.2888 -4.2964 -5.1224
v  1.1705 -4.0918 -5.2480
v  1.2163 -3.9976 -5.2427
v  1.0579 -4.0375 -5.2315
v  1.0816 -3.9445 -5.2172
v  1.2744 -4.5549 -5.0010
v  1.2433 -4.4170 -5.0448
v  1.2974 -4.4187 -4.9899
v  1.3360 -4.5559 -4.9588
v  2.5298 -7.6731 -3.6363
v  2.5735 -7.6141 -3.5995
v  2.3755 -7.5796 -3.6440
v  2.4851 -7.5226 -3.6328
v  2.3915 -7.2867 -3.6489
v  2.4811 -7.3983 -3.5881
v  2.4150 -7.4522 -3.6700
v  2.3332 -7.3399 -3.7151
v  2.2944 -7.4787 -3.6614
v  2.2201 -7.3485 -3.7008
v  2.3731 -7.6935 -3.6696
v  2.5172 -7.7459 -3.6463
v  2.6011 -7.9793 -3.4219
v  2.6816 -7.9506 -3.2842
v  2.5818 -7.9995 -3.1873
v  2.4751 -7.9612 -3.3794
v  1.5815 -9.9184 -1.0524
v  1.7062 -9.7706 -1.0237
v  1.6175 -9.6930 -1.0004
v  1.4667 -9.8548 -1.0013
v  1.7824 -9.6376 -1.1448
v  1.7106 -9.5616 -1.1215
v  1.5050 -10.0055 -1.1614
v  1.4904 -10.0212 -1.2968
v  1.3801 -10.0099 -1.1323
v  1.3021 -10.0172 -1.3258
v  1.7379 -9.7562 -1.6558
v  1.8035 -9.6239 -1.5987
v  1.8451 -9.6899 -1.5475
v  1.8143 -9.8215 -1.6004
v  1.8332 -9.5995 -1.4450
v  1.7819 -9.5028 -1.4858
v  1.7938 -9.6008 -1.3098
v  1.7312 -9.5278 -1.3040
v  2.6778 -7.6723 -3.0739
v  2.7511 -7.7111 -3.1724
v  2.7372 -7.8117 -3.1520
v  2.6544 -7.8329 -3.0190
v  2.7174 -7.8930 -3.1942
v  2.6571 -7.9490 -3.0864
v  0.5550 -7.9149 -2.7204
v  0.1842 -7.7569 -2.6301
v  1.0152 -8.0984 -2.7980
v  0.8564 -8.4005 -2.4705
v  0.3856 -8.2185 -2.4494
v  0.0242 -8.0249 -2.3792
v  0.2477 -8.4710 -2.1246
v  -0.0913 -8.2450 -2.0675
v  0.7117 -8.6693 -2.1244
v  -0.1027 -3.5433 -4.8022
v  0.0797 -3.5924 -4.9631
v  -0.0038 -3.3605 -5.0719
v  -0.1811 -3.3258 -4.9124
v  0.1899 -3.4070 -5.2194
v  0.2978 -3.6270 -5.0911
v  0.0983 -3.1675 -5.3253
v  -0.0880 -3.1298 -5.1821
v  -0.2481 -3.0984 -5.0138
v  0.1758 -3.5381 -5.4757
v  0.2559 -3.7094 -5.3534
v  0.1482 -3.7151 -5.2942
v  0.0704 -3.5474 -5.4157
v  0.3630 -3.6976 -5.4059
v  0.2799 -3.5212 -5.5275
v  0.7891 -3.4865 -5.3925
v  0.7682 -3.5195 -5.4193
v  0.6426 -3.3295 -5.5114
v  0.6617 -3.2961 -5.4882
v  0.9019 -3.6553 -5.2950
v  0.8824 -3.6878 -5.3194
v  0.8445 -3.7199 -5.3403
v  0.7321 -3.5528 -5.4418
v  0.6148 -3.3645 -5.5351
v  0.9793 -3.8332 -5.2531
v  0.9483 -3.8791 -5.2684
v  0.9920 -3.7868 -5.2301
v  0.9961 -3.7414 -5.1903
v  0.9476 -3.7412 -5.1409
v  0.8831 -3.6342 -5.2587
v  0.8331 -3.6304 -5.2294
v  0.7700 -3.4621 -5.3512
v  0.6740 -3.2565 -5.4474
v  0.6390 -3.2266 -5.3982
v  0.7244 -3.4499 -5.3253
v  0.5027 -3.8849 -4.8041
v  0.2687 -3.8800 -4.7053
v  0.3280 -3.9281 -4.6221
v  0.5664 -3.9280 -4.7167
v  0.1203 -3.9041 -4.5134
v  0.0656 -3.8470 -4.5837
v  0.1771 -3.7716 -4.8321
v  -0.0176 -3.7264 -4.6899
v  0.4085 -3.7850 -4.9394
v  2.1459 -7.1285 -3.8442
v  2.2422 -7.1262 -3.8536
v  2.0688 -6.8735 -4.0986
v  2.1489 -6.8523 -4.0793
v  2.3081 -7.0861 -3.8094
v  1.1146 -6.3723 -3.5202
v  1.0316 -6.1306 -3.8070
v  1.3230 -6.2416 -3.9121
v  1.4143 -6.5177 -3.6509
v  1.2107 -5.9181 -4.1582
v  0.9297 -5.8399 -4.0757
v  1.1892 -6.5829 -3.2862
v  0.8372 -6.4716 -3.1931
v  1.5130 -6.7278 -3.4104
v  2.0053 -6.5133 -4.3149
v  1.8742 -6.1348 -4.5614
v  1.9619 -6.5508 -4.3678
v  1.8343 -6.1727 -4.6247
v  1.4339 -4.8676 -4.9024
v  1.5925 -5.2728 -4.8363
v  1.5280 -5.2916 -4.9100
v  1.3700 -4.8715 -4.9424
v  1.7577 -5.7056 -4.7421
v  1.6858 -5.7382 -4.8045
v  1.7801 -5.6786 -4.6529
v  0.8963 -5.1739 -4.4813
v  0.6682 -5.1220 -4.3485
v  0.7942 -5.4949 -4.2545
v  1.0447 -5.5669 -4.3652
v  0.4900 -7.2283 -3.0410
v  0.8207 -7.3632 -3.1783
v  0.7971 -7.4171 -3.0932
v  0.4632 -7.2779 -2.9484
v  1.2116 -7.6099 -3.2396
v  1.2111 -7.5569 -3.3426
v  1.4457 -3.9829 -4.9820
v  1.4516 -4.0476 -4.9588
v  1.3714 -4.0279 -4.8800
v  1.3551 -3.9615 -4.8983
v  1.4233 -3.9313 -5.0187
v  1.3327 -3.9128 -4.9329
v  1.1594 -4.3084 -5.1537
v  1.2298 -4.2759 -5.1737
v  1.1846 -4.2310 -5.2100
v  1.1005 -4.2531 -5.2036
v  1.0767 -4.1677 -5.2313
v  1.1631 -4.1689 -5.2359
v  0.7027 -4.4986 -4.5710
v  0.4777 -4.5034 -4.4722
v  0.5626 -4.7712 -4.4125
v  0.7903 -4.7874 -4.5204
v  0.4416 -4.3595 -4.5034
v  0.6712 -4.3525 -4.5805
v  0.4535 -4.8491 -4.6035
v  0.6422 -4.8445 -4.6493
v  0.4202 -4.6032 -4.7381
v  0.5898 -4.5858 -4.7823
v  0.7818 -4.5701 -4.8458
v  0.8542 -4.8469 -4.7240
v  0.5652 -4.4735 -4.8468
v  0.4093 -4.4884 -4.7873
v  0.7488 -4.4472 -4.9045
v  1.6044 -10.0196 -1.5002
v  1.7182 -9.9484 -1.5905
v  1.6296 -9.8859 -1.6201
v  1.5081 -9.9575 -1.5370
v  1.5287 -10.0274 -1.3954
v  1.4008 -9.9923 -1.4404
v  0.1449 -8.3901 -1.2821
v  0.4501 -8.6256 -1.2589
v  0.4474 -8.5966 -1.3629
v  0.1493 -8.3474 -1.3940
v  0.8179 -8.8489 -1.3117
v  0.8232 -8.8686 -1.1967
v  0.8243 -8.8081 -1.4029
v  0.4503 -8.5497 -1.4554
v  0.1385 -8.3123 -1.5047
v  0.4195 -8.6991 -1.1185
v  0.1046 -8.4718 -1.1422
v  0.7867 -8.9586 -1.0560
v  0.8100 -7.0079 -2.6388
v  0.7614 -7.0764 -2.6327
v  1.1624 -7.1777 -2.7154
v  1.2012 -7.1165 -2.7342
v  1.0892 -7.3010 -2.6571
v  0.6826 -7.2019 -2.5912
v  1.5038 -7.4769 -2.7714
v  1.5825 -7.3418 -2.8317
v  1.6199 -7.2770 -2.8554
v  1.1412 -8.0984 -2.3974
v  1.3540 -7.7389 -2.5876
v  0.9267 -7.5604 -2.5279
v  0.7279 -7.8854 -2.3379
v  0.5274 -7.4460 -2.4791
v  0.3556 -7.7309 -2.2854
v  2.4065 -7.2239 -3.5876
v  2.4927 -7.3269 -3.5179
v  2.4384 -7.2729 -3.4480
v  2.3555 -7.1738 -3.5244
v  2.2774 -6.9945 -3.6819
v  2.3322 -7.0304 -3.7443
v  1.3073 -6.9239 -3.6305
v  0.9384 -6.8057 -3.5240
v  0.9672 -7.0042 -3.3455
v  1.3524 -7.1280 -3.4517
v  0.6400 -6.8454 -3.2306
v  0.6138 -6.6837 -3.4291
v  0.6259 -7.0197 -3.1167
v  0.6412 -6.9502 -3.1454
v  0.9820 -7.0920 -3.2440
v  0.9682 -7.1541 -3.1993
v  1.3697 -7.2285 -3.3678
v  1.3617 -7.2881 -3.3325
v  2.2796 -8.4464 -2.8054
v  2.2407 -8.4801 -2.8528
v  2.4318 -8.1585 -3.0060
v  2.2442 -8.3841 -2.7640
v  2.5094 -8.1495 -2.9379
v  2.4536 -8.0766 -2.8761
v  2.0499 -8.7584 -2.5157
v  2.1027 -8.8449 -2.5560
v  2.0853 -8.9594 -2.6651
v  2.6167 -8.0140 -3.0139
v  2.5697 -7.9257 -2.9490
v  2.5524 -8.0536 -3.1007
v  1.6717 -7.1961 -2.8611
v  1.2617 -7.0443 -2.7415
v  1.3018 -6.9708 -2.7924
v  1.6991 -7.1175 -2.9108
v  0.8697 -6.9343 -2.6589
v  1.2824 -6.9352 -2.8878
v  1.6717 -7.0683 -3.0039
v  0.5588 -7.1422 -3.1012
v  0.8818 -7.2783 -3.2165
v  0.8473 -7.3203 -3.2159
v  0.5236 -7.1845 -3.0852
v  1.2310 -7.4907 -3.3877
v  1.2694 -7.4285 -3.3726
v  0.9300 -7.2240 -3.1907
v  1.3226 -7.3646 -3.3301
v  0.5956 -7.0862 -3.1055
v  1.9107 -9.0859 -2.1109
v  1.8165 -9.4395 -1.8264
v  1.9407 -9.1919 -2.1776
v  1.7706 -9.3317 -1.7590
v  1.8542 -9.2493 -2.2536
v  1.7190 -9.4912 -1.8954
v  1.7212 -9.6538 -1.7414
v  1.7710 -9.4423 -1.5824
v  1.7947 -9.5607 -1.6660
v  0.2212 -7.9768 -2.0248
v  0.5557 -8.1914 -2.0700
v  0.1462 -8.1501 -1.7698
v  0.4590 -8.3976 -1.7753
v  0.9379 -8.4598 -2.1175
v  0.8615 -8.6431 -1.7353
v  0.4475 -8.4871 -1.5703
v  0.8525 -8.7178 -1.4993
v  0.1333 -8.2478 -1.6099
v  1.2787 -10.0419 -1.1007
v  1.3170 -9.9089 -0.9759
v  1.0380 -9.9204 -0.9542
v  1.0412 -10.0956 -0.9966
v  0.9504 -10.1801 -1.1380
v  1.1721 -10.0581 -1.2573
v  0.0323 -9.4029 -1.2188
v  -0.3392 -9.0866 -1.2001
v  -0.2093 -9.0433 -1.3284
v  0.1826 -9.3601 -1.3456
v  -0.5456 -8.7663 -1.3092
v  -0.6689 -8.8182 -1.1977
v  -1.5458 -8.9682 0.5223
v  -1.4237 -9.2517 0.6826
v  -1.4132 -9.2481 0.5395
v  -1.5234 -8.9413 0.3793
v  -1.2256 -9.5591 0.7402
v  -1.2503 -9.5480 0.8852
v  -1.1900 -9.5540 0.6175
v  -1.3911 -9.2282 0.4095
v  -1.5118 -8.9133 0.2442
v  -1.4998 -9.2751 0.7764
v  -1.3419 -9.5689 0.9896
v  -1.6242 -8.9975 0.6211
v  1.0504 -3.9194 -4.8303
v  0.8490 -3.9522 -4.7515
v  0.9006 -3.9699 -4.6944
v  1.1000 -3.9457 -4.7867
v  0.9433 -3.9934 -4.6407
v  1.1353 -3.9777 -4.7458
v  0.9434 -4.2026 -4.6005
v  0.9101 -4.2763 -4.6182
v  1.1020 -4.2696 -4.6851
v  1.1335 -4.1893 -4.6910
v  1.1631 -4.1047 -4.7025
v  0.9839 -4.1238 -4.5731
v  1.6940 -6.0748 -4.3265
v  1.4785 -6.0079 -4.2555
v  1.6081 -6.3557 -4.0236
v  1.8499 -6.4209 -4.0884
v  1.7131 -6.6533 -3.7796
v  1.9880 -6.6952 -3.8284
v  2.2807 -7.2780 -3.3098
v  1.9928 -7.1685 -3.2140
v  2.0573 -7.2063 -3.1100
v  2.3701 -7.3107 -3.1887
v  2.1013 -7.2723 -3.0000
v  2.4232 -7.4044 -3.0663
v  1.1236 -4.5459 -4.9637
v  1.0741 -4.4200 -5.0319
v  1.1733 -4.4171 -5.0576
v  1.2127 -4.5500 -5.0001
v  1.1486 -4.3693 -5.0918
v  1.0489 -4.3764 -5.0698
v  2.0847 -7.6921 -3.5392
v  2.1011 -7.6040 -3.5369
v  2.2655 -7.6589 -3.6328
v  2.2542 -7.7584 -3.6348
v  2.2554 -7.5564 -3.6285
v  2.0960 -7.5052 -3.5559
v  1.8345 -6.8629 -4.0750
v  1.7161 -6.5495 -4.3395
v  1.8701 -6.5662 -4.3718
v  1.9859 -6.8778 -4.0962
v  1.7313 -6.1895 -4.6225
v  1.5880 -6.1647 -4.5641
v  1.4056 -9.7483 -0.9706
v  1.5369 -9.6155 -0.9929
v  1.3964 -9.4898 -1.0065
v  1.2718 -9.6302 -0.9958
v  1.6322 -9.4889 -1.1093
v  1.4793 -9.3694 -1.1190
v  2.5984 -7.6238 -3.0170
v  2.4322 -7.5359 -2.9778
v  2.4111 -7.6570 -2.9005
v  2.5598 -7.7688 -2.9714
v  2.5780 -7.4853 -3.1151
v  1.8323 -8.6106 -2.5195
v  1.5072 -8.3960 -2.5094
v  1.3641 -8.6841 -2.0850
v  1.6754 -8.9144 -2.1024
v  1.2885 -8.8660 -1.6759
v  1.5587 -9.1432 -1.7212
v  0.4189 -3.2400 -5.4163
v  0.2698 -3.2093 -5.3942
v  0.3741 -3.4369 -5.2823
v  0.5312 -3.4421 -5.2865
v  0.4995 -3.6269 -5.1363
v  0.6589 -3.6175 -5.1503
v  0.9953 -3.8233 -5.0066
v  1.1021 -3.8654 -4.9482
v  0.9775 -3.8896 -4.8744
v  0.8842 -3.8438 -4.9391
v  1.1846 -3.9016 -4.9081
v  1.2313 -3.9317 -4.8678
v  1.2585 -3.9691 -4.8330
v  0.7897 -3.9216 -4.8039
v  0.7141 -3.8699 -4.8781
v  1.2803 -4.0266 -4.8116
v  1.1593 -4.0320 -4.7207
v  1.2793 -4.1019 -4.7999
v  1.2450 -4.1886 -4.7858
v  1.2129 -4.2749 -4.7695
v  0.9763 -4.0417 -4.5960
v  1.2125 -4.3477 -4.7587
v  1.1032 -4.3329 -4.6765
v  1.1559 -4.4709 -4.6342
v  1.2620 -4.4945 -4.7271
v  0.9083 -4.3401 -4.6191
v  0.9565 -4.4752 -4.5745
v  1.4602 -5.2450 -4.6466
v  1.6142 -5.6981 -4.5503
v  1.5165 -5.6705 -4.5150
v  1.3551 -5.2306 -4.6224
v  1.8058 -6.1019 -4.3513
v  1.9762 -6.4461 -4.1120
v  2.1187 -6.7311 -3.8636
v  1.3120 -5.6193 -4.4417
v  1.1518 -5.2036 -4.5584
v  2.2877 -7.1492 -3.4944
v  2.3641 -7.2475 -3.4126
v  2.2241 -7.2026 -3.3670
v  2.1566 -7.1075 -3.4527
v  2.4250 -7.3339 -3.3591
v  2.5194 -7.3831 -3.2403
v  1.9559 -7.1039 -3.2702
v  1.9021 -7.0199 -3.3620
v  0.6885 -3.7828 -5.3415
v  0.7895 -3.9464 -5.2460
v  0.6604 -3.9742 -5.2057
v  0.5657 -3.8143 -5.3113
v  0.7418 -4.1288 -5.1522
v  0.8760 -4.1023 -5.2029
v  0.9207 -4.2235 -5.2222
v  0.7826 -4.2494 -5.1651
v  0.8215 -4.3207 -5.1363
v  0.9611 -4.2985 -5.1899
v  0.9699 -4.0680 -5.2241
v  1.0085 -4.1904 -5.2375
v  1.0414 -4.2735 -5.2025
v  0.8844 -3.9151 -5.2629
v  0.7815 -3.7534 -5.3542
v  1.0078 -4.3457 -5.1309
v  0.8632 -4.3679 -5.0810
v  0.9007 -4.3896 -5.0157
v  0.9253 -4.4312 -4.9757
v  0.9705 -4.5541 -4.9093
v  1.0963 -4.3248 -5.1437
v  1.9950 -7.3099 -3.6519
v  2.0558 -7.4227 -3.5796
v  1.7420 -7.3522 -3.5078
v  1.7085 -7.2424 -3.5716
v  1.7602 -7.4135 -3.4768
v  1.7506 -7.5003 -3.4359
v  1.7129 -7.5779 -3.4657
v  2.2065 -7.4679 -3.6336
v  2.1436 -7.3311 -3.6756
v  1.3179 -5.2937 -4.8475
v  1.4417 -5.7450 -4.7506
v  1.2285 -5.7134 -4.6672
v  1.1368 -5.2717 -4.7531
v  1.3530 -6.1144 -4.4787
v  1.4646 -6.4738 -4.2471
v  1.5706 -6.7739 -3.9835
v  1.5790 -5.7560 -4.8039
v  1.4359 -5.3000 -4.8994
v  2.0768 -7.8268 -3.4864
v  2.1405 -7.9189 -3.3611
v  1.7195 -7.7653 -3.3110
v  1.6837 -7.7048 -3.4267
v  2.2034 -8.0005 -3.2384
v  1.7317 -7.8817 -3.2329
v  1.7273 -7.9350 -3.2043
v  2.1279 -8.1483 -3.0916
v  1.6638 -8.0377 -3.1239
v  2.2078 -8.0437 -3.1825
v  2.4454 -8.0036 -3.2116
v  2.4493 -8.0532 -3.1347
v  2.3546 -8.1619 -3.0227
v  2.3634 -7.9441 -3.3648
v  2.2630 -7.9186 -3.5334
v  1.4238 -9.3903 -1.9319
v  1.4030 -9.5517 -1.7889
v  1.0490 -9.2742 -1.7208
v  1.0784 -9.1248 -1.8559
v  1.4036 -9.6373 -1.7146
v  1.0270 -9.3789 -1.6768
v  0.9311 -9.4986 -1.6968
v  1.3233 -9.7327 -1.6703
v  1.2037 -9.8210 -1.6181
v  0.8135 -9.5991 -1.6648
v  1.6081 -9.7322 -1.6842
v  1.5264 -9.8357 -1.6427
v  1.4062 -9.9139 -1.5715
v  1.6102 -9.6509 -1.7732
v  1.6251 -9.4767 -1.9201
v  0.7161 -9.6593 -1.5571
v  1.0905 -9.8784 -1.5233
v  0.9850 -9.9170 -1.4335
v  0.6259 -9.7007 -1.4661
v  0.5551 -9.7064 -1.3866
v  0.8925 -9.9354 -1.3554
v  0.7014 -9.9476 -1.1835
v  0.3978 -9.7168 -1.2179
v  1.1768 -10.0027 -1.3918
v  1.0721 -10.0419 -1.3249
v  0.8503 -10.0680 -1.1789
v  1.2897 -9.9612 -1.4775
v  -1.3787 -10.2373 0.6014
v  -1.5102 -10.2300 0.6677
v  -1.3899 -10.4943 0.8302
v  -1.2800 -10.5149 0.7617
v  -1.4564 -10.4450 0.9363
v  -1.6088 -10.1907 0.7838
v  -1.4569 -10.3868 1.0437
v  -1.6306 -10.1330 0.9184
v  -1.5799 -10.0677 1.0457
v  -1.4106 -10.3315 1.1423
v  -1.3016 -10.2798 1.2087
v  -1.4531 -10.0070 1.1263
v  -1.3127 -9.9565 1.1509
v  -1.1824 -10.2319 1.2363
v  -1.1996 -9.9088 1.1202
v  -1.0864 -10.1809 1.2155
v  -1.0184 -10.1597 1.1354
v  -1.1147 -9.8830 1.0338
v  -1.0674 -9.8922 0.9122
v  -0.9828 -10.1812 1.0302
v  -0.9744 -10.2213 0.9286
v  -1.0612 -9.9198 0.7947
v  0.8951 -9.7730 -0.9638
v  1.1440 -9.6994 -0.9917
v  0.8986 -9.4754 -0.9951
v  0.6817 -9.5346 -0.9157
v  1.0160 -9.4016 -1.0225
v  1.1193 -9.2640 -1.0542
v  1.1829 -9.1480 -1.1576
v  1.2741 -9.8101 -0.9634
v  1.0035 -9.8676 -0.9626
v  1.1816 -9.1291 -1.2796
v  1.4898 -9.3439 -1.2599
v  1.4987 -9.3110 -1.3816
v  1.1845 -9.0987 -1.3840
v  1.2209 -9.0107 -1.4909
v  1.5181 -9.2505 -1.5034
v  1.6774 -9.3745 -1.5357
v  1.6930 -9.2766 -1.7463
v  1.6722 -9.4225 -1.4191
v  1.6526 -9.4586 -1.2772
v  2.2285 -7.9151 -2.8241
v  2.3502 -7.7512 -2.8516
v  2.0150 -7.5507 -2.8332
v  1.9078 -7.7103 -2.8201
v  2.0679 -7.4662 -2.8562
v  2.1012 -7.3665 -2.9128
v  2.4970 -7.8651 -2.9189
v  2.3811 -8.0203 -2.8506
v  2.1895 -8.3366 -2.7524
v  2.0372 -8.2368 -2.7503
v  1.9949 -8.7086 -2.5098
v  1.8422 -9.0187 -2.0961
v  1.7213 -8.0220 -2.7307
v  1.7414 -9.2133 -2.2577
v  1.5269 -9.1446 -2.2669
v  1.6899 -8.8438 -2.6742
v  1.9253 -8.9137 -2.6738
v  2.1594 -8.4844 -2.8723
v  1.9281 -8.4571 -2.9312
v  1.3055 -8.6504 -2.5864
v  1.5043 -8.3055 -2.8897
v  1.1581 -8.9289 -2.1971
v  0.6503 -3.4383 -5.2949
v  0.5448 -3.2340 -5.4018
v  0.7658 -3.6231 -5.1906
v  0.5980 -3.6283 -5.4622
v  0.6783 -3.5894 -5.4591
v  0.5705 -3.4054 -5.5611
v  0.4991 -3.4512 -5.5793
v  0.3938 -3.4934 -5.5686
v  0.4846 -3.6702 -5.4471
v  0.6169 -3.7630 -4.9887
v  0.7780 -3.7483 -5.0304
v  0.8816 -3.7482 -5.0908
v  2.2163 -6.9686 -3.6496
v  2.0913 -6.9194 -3.6021
v  1.8229 -6.8603 -3.5359
v  1.9261 -7.1161 -3.8273
v  1.6574 -7.0291 -3.7353
v  2.0744 -7.1269 -3.8418
v  1.2215 -4.8566 -4.8802
v  1.0561 -4.8527 -4.8130
v  1.3114 -4.8646 -4.9229
v  1.3449 -4.8174 -4.6927
v  1.2375 -4.7983 -4.6340
v  1.0340 -4.7923 -4.5859
v  2.2428 -7.8377 -3.6093
v  2.0717 -7.7508 -3.5273
v  1.6893 -7.6377 -3.4661
v  -2.8807 -6.1237 -1.5753
v  -2.8553 -6.1390 -1.6392
v  -2.9751 -6.0903 -1.5919
v  -2.9829 -6.0687 -1.6424
v  -3.0457 -5.7977 -1.6202
v  -2.9200 -5.7654 -1.5577
v  -2.9569 -5.7947 -1.4720
v  -3.0909 -5.8393 -1.5317
v  -3.1163 -5.9644 -1.6456
v  -3.1415 -5.9037 -1.5944
v  -3.0866 -5.8611 -1.6802
v  -3.0715 -5.9214 -1.7257
v  -3.0989 -5.8981 -1.4541
v  -2.9668 -5.8634 -1.4102
v  -3.0658 -5.9459 -1.4040
v  -2.9698 -5.9379 -1.3651
v  -3.1511 -5.9600 -1.5097
v  -3.1261 -6.0133 -1.5674
v  -3.0792 -6.0621 -1.4871
v  -3.0928 -6.0047 -1.4319
v  -2.9576 -6.0980 -1.3998
v  -2.9680 -6.0159 -1.3561
v  -3.0380 -6.0791 -1.5499
v  -2.9220 -6.1247 -1.4924
v  -3.0695 -6.0383 -1.6149
v  -3.0559 -6.0094 -1.6868
v  -3.0238 -5.9790 -1.7613
v  -2.2122 -6.1866 -1.0974
v  -2.2645 -6.1724 -1.0620
v  -2.1241 -6.4021 -1.0184
v  -2.1784 -6.4107 -0.9465
v  -2.2271 -6.3595 -0.8993
v  -2.3008 -6.1537 -1.0264
v  -2.0218 -7.0565 -0.5931
v  -1.9967 -7.0895 -0.6540
v  -2.0853 -6.7218 -0.7887
v  -2.1289 -6.6753 -0.7523
v  -1.9231 -6.7399 -0.9842
v  -1.8759 -6.7158 -1.0399
v  -1.6853 -7.0959 -0.9878
v  -1.7577 -7.1293 -0.9123
v  -1.9814 -6.7310 -0.9260
v  -2.0226 -6.7416 -0.8628
v  -1.8984 -7.1187 -0.7817
v  -1.8324 -7.1280 -0.8467
v  -2.0233 -6.8266 -0.7935
v  -1.9478 -7.1299 -0.7111
v  -0.3335 -9.4198 -0.5709
v  0.0256 -9.3630 -0.8103
v  -0.2272 -9.1000 -0.8243
v  -0.5473 -9.1478 -0.6049
v  -0.4797 -8.8895 -0.8837
v  -0.7690 -8.9336 -0.6731
v  -1.0987 -9.5331 0.4342
v  -1.2996 -9.2041 0.2252
v  -1.3629 -9.2103 0.3280
v  -1.1581 -9.5429 0.5456
v  -1.4964 -8.8975 0.1611
v  -1.4494 -8.9083 0.0627
v  -0.9736 -8.9614 -0.4846
v  -0.7780 -9.1870 -0.4030
v  -0.9583 -9.2031 -0.1897
v  -1.1410 -8.9668 -0.3018
v  -0.7689 -9.4929 -0.0755
v  -0.5830 -9.4647 -0.3328
v  -0.9504 -9.5126 0.2063
v  -1.1488 -9.2059 0.0357
v  -1.3170 -8.9420 -0.1071
v  0.2736 -9.6315 -0.7613
v  -0.1616 -9.7365 -0.5504
v  -0.0243 -9.9976 -0.5126
v  0.4436 -9.8796 -0.7716
v  -0.8852 -10.2462 0.7224
v  -0.9720 -9.9158 0.6011
v  -1.0345 -9.9234 0.7256
v  -0.9476 -10.2398 0.8617
v  -0.4717 -10.1433 0.0992
v  -0.6140 -9.8432 0.0133
v  -0.8199 -9.8901 0.3299
v  -0.7076 -10.2124 0.4324
v  -0.4230 -9.7959 -0.2755
v  -0.2812 -10.0740 -0.2066
v  0.5280 -10.0110 -0.7888
v  0.5180 -9.9878 -0.7874
v  0.0345 -10.1255 -0.5017
v  0.0400 -10.1672 -0.4904
v  -0.3681 -10.3242 0.1638
v  -0.2006 -10.2359 -0.1637
v  -0.1661 -10.3415 -0.1425
v  -0.3253 -10.4578 0.1899
v  0.0440 -10.2966 -0.4826
v  0.5203 -10.1306 -0.7967
v  0.4378 -10.1563 -0.8731
v  -0.0576 -10.3123 -0.5481
v  -0.3763 -10.5887 0.1627
v  -0.2087 -10.4543 -0.1733
v  -0.3259 -10.4645 -0.2290
v  -0.5055 -10.5961 0.1050
v  0.3827 -10.1115 -0.8743
v  0.2671 -10.0231 -0.8891
v  -0.1293 -10.2880 -0.5897
v  -0.2474 -10.1989 -0.6516
v  -0.6929 -10.3715 -0.0118
v  -0.5303 -10.3058 -0.3479
v  -0.4166 -10.4275 -0.2848
v  -0.5918 -10.5178 0.0565
v  -1.1800 -10.2181 0.4685
v  -1.2931 -10.2452 0.5578
v  -1.4256 -9.8968 0.3469
v  -1.3345 -9.8762 0.2633
v  -1.0587 -10.4978 0.6265
v  -1.1828 -10.5204 0.7297
v  -0.4556 -9.9983 -0.7313
v  0.0046 -9.8266 -0.9689
v  -0.2980 -9.5287 -0.9954
v  -0.6601 -9.6744 -0.7370
v  -0.7178 -10.0885 -0.4348
v  -0.8631 -10.1282 -0.1138
v  -1.0079 -9.7728 -0.1887
v  -0.8758 -9.7465 -0.4665
v  -1.1795 -9.8269 0.0681
v  -1.0152 -10.1665 0.2226
v  -0.8597 -10.4198 0.3640
v  -1.6553 -9.2214 -0.0276
v  -1.5369 -9.5274 0.1548
v  -1.4697 -9.5160 0.0680
v  -1.5920 -9.2084 -0.1161
v  -0.9025 -9.3538 -0.7721
v  -0.6105 -9.2154 -1.0016
v  -0.9044 -8.9546 -1.0485
v  -1.1261 -9.0694 -0.8275
v  -1.0823 -9.4168 -0.5421
v  -1.2166 -9.4518 -0.3264
v  -1.3819 -9.1541 -0.4484
v  -1.2700 -9.1237 -0.6280
v  -1.4951 -9.1842 -0.2672
v  -1.3529 -9.4867 -0.1068
v  -1.3438 -8.6653 -0.9194
v  -1.1823 -8.5676 -1.0847
v  -1.0703 -8.7304 -1.0552
v  -1.2577 -8.8395 -0.8737
v  -1.0155 -8.4677 -1.2081
v  -0.8797 -8.6167 -1.1953
v  -1.3802 -8.9006 -0.7003
v  -1.4740 -8.9361 -0.5398
v  -1.5380 -8.7790 -0.6157
v  -1.4533 -8.7343 -0.7628
v  -2.2003 -7.3395 -1.0234
v  -2.0893 -7.7926 -0.7652
v  -2.0274 -7.7947 -0.8247
v  -2.1271 -7.3533 -1.0541
v  -1.9384 -8.1953 -0.6284
v  -2.0080 -8.2094 -0.5576
v  -2.2149 -7.0024 -1.2445
v  -2.0689 -7.1431 -1.2402
v  -2.0282 -7.4047 -1.0864
v  -2.0659 -6.9898 -1.3461
v  -1.8548 -7.3261 -1.2689
v  -1.9108 -7.3977 -1.1865
v  -1.9309 -7.5239 -1.0888
v  -2.0376 -6.9293 -1.4175
v  -1.7894 -7.2775 -1.3382
v  -2.3085 -6.9609 -1.2294
v  0.0225 -2.6413 -5.8181
v  0.0039 -2.5791 -5.8478
v  0.0821 -2.5731 -5.8752
v  0.1060 -2.6309 -5.8488
v  0.1795 -2.5631 -5.9181
v  0.2536 -2.5901 -5.8685
v  0.1821 -2.6240 -5.8692
v  0.1379 -2.5709 -5.8903
v  0.0651 -2.2450 -5.7112
v  0.2126 -2.2956 -5.7165
v  0.2153 -2.2251 -5.7369
v  -0.1003 -2.1889 -5.6287
v  0.0789 -2.1761 -5.7088
v  -0.0782 -2.1354 -5.6186
v  -0.0964 -2.2578 -5.5965
v  0.0744 -2.3182 -5.6684
v  0.2236 -2.3695 -5.6756
v  0.0992 -2.1182 -5.6743
v  -0.0582 -2.0922 -5.5890
v  0.2336 -2.1545 -5.7136
v  -0.2627 -2.1640 -5.4860
v  -0.2435 -2.1157 -5.4769
v  -0.4051 -2.1099 -5.3226
v  -0.2575 -2.2312 -5.4614
v  -0.3964 -2.1619 -5.3119
v  -0.3955 -2.2279 -5.3001
v  -0.2251 -2.0768 -5.4501
v  -0.3819 -2.0787 -5.2874
v  -0.6269 -2.1931 -5.0582
v  -0.5422 -2.1741 -5.1881
v  -0.5434 -2.1202 -5.1779
v  -0.6380 -2.1456 -5.0504
v  -0.5335 -2.2432 -5.1815
v  -0.6191 -2.2569 -5.0607
v  -0.5264 -2.0835 -5.1439
v  -0.6299 -2.1069 -5.0211
v  0.2614 -2.5433 -5.9352
v  0.3045 -2.5533 -5.8303
v  0.2464 -2.4699 -5.8931
v  0.2822 -2.4298 -5.8354
v  0.3388 -2.5106 -5.7924
v  0.3251 -2.3909 -5.8928
v  0.3631 -2.3451 -5.8327
v  0.3208 -2.3872 -5.7878
v  0.3316 -2.3497 -5.7432
v  0.3839 -2.2875 -5.7711
v  0.3468 -2.4151 -5.6933
v  0.3631 -2.4594 -5.7435
v  0.3125 -2.2560 -5.7352
v  0.2980 -2.3222 -5.7203
v  0.3028 -2.3943 -5.6786
v  0.3312 -2.1858 -5.7340
v  0.4082 -2.2036 -5.7716
v  0.4150 -2.3207 -5.8942
v  0.4483 -2.2641 -5.8589
v  0.3771 -2.3716 -5.9481
v  0.4651 -2.1869 -5.8489
v  -1.1459 -2.2194 -4.8008
v  -1.1256 -2.1618 -4.7597
v  -1.2822 -2.1654 -4.7170
v  -1.3044 -2.2196 -4.7659
v  -1.4231 -2.1810 -4.6539
v  -1.4456 -2.2215 -4.7038
v  -1.5148 -2.2049 -4.5760
v  -1.5267 -2.2428 -4.6226
v  -1.6214 -2.2752 -4.6283
v  -1.6424 -2.2981 -4.6769
v  -1.5679 -2.3196 -4.6567
v  -1.5466 -2.2539 -4.6807
v  -1.4572 -2.3420 -4.6510
v  -1.4393 -2.2738 -4.7038
v  -1.6048 -2.2687 -4.5682
v  -1.7292 -2.3431 -4.6702
v  -1.6739 -2.4013 -4.6593
v  -1.8278 -2.4240 -4.6386
v  -1.7484 -2.5551 -4.6360
v  -1.6151 -2.4529 -4.6321
v  -1.7888 -2.4911 -4.6700
v  -1.8828 -2.5591 -4.6821
v  -1.8578 -2.6349 -4.6300
v  -1.9044 -2.4890 -4.6357
v  -1.9655 -2.5470 -4.6307
v  -1.9479 -2.6073 -4.6623
v  -1.9313 -2.6702 -4.6251
v  -1.8458 -3.4243 -4.3672
v  -1.8255 -3.2485 -4.4941
v  -1.8202 -3.2930 -4.5721
v  -1.8168 -3.4974 -4.3949
v  -1.7613 -3.5594 -4.4206
v  -1.7441 -3.3713 -4.5837
v  -1.9018 -2.9254 -5.1280
v  -1.9395 -2.9167 -5.0721
v  -1.9770 -2.9257 -5.1146
v  -1.9371 -2.9363 -5.1807
v  -2.0132 -2.9184 -5.0408
v  -1.9753 -2.9052 -5.0064
v  -2.0121 -2.8705 -4.8697
v  -2.0544 -2.8720 -4.8020
v  -2.0823 -2.8994 -4.8260
v  -2.0455 -2.8968 -4.8863
v  -2.0276 -2.8405 -4.7838
v  -1.9780 -2.8410 -4.8624
v  -2.0982 -2.8763 -4.7326
v  -2.0790 -2.8469 -4.7030
v  -1.8863 -2.8979 -5.0670
v  -1.9024 -2.8899 -5.0359
v  -1.9188 -2.9015 -5.0489
v  -1.8894 -2.9089 -5.0917
v  -1.9473 -2.8888 -4.9932
v  -1.9225 -2.8753 -4.9890
v  -1.9776 -2.8771 -4.9336
v  -2.0104 -2.8983 -4.9454
v  -1.9457 -2.8572 -4.9303
v  -1.9510 -2.8009 -4.8636
v  -2.0096 -2.7963 -4.7711
v  -2.0323 -2.7322 -4.7706
v  -1.9278 -2.6707 -4.9064
v  -2.0684 -2.8052 -4.6730
v  -2.0909 -2.7494 -4.6580
v  -1.8860 -2.8555 -4.9900
v  -1.8728 -2.8949 -4.9619
v  -1.8852 -2.8291 -4.9243
v  -1.9170 -2.8382 -4.9284
v  0.2044 -4.3367 -4.9777
v  0.2322 -4.4181 -4.9396
v  0.1350 -4.4379 -4.9509
v  0.1869 -4.2033 -4.9608
v  0.1080 -4.3366 -4.9732
v  0.0925 -4.2016 -4.9352
v  0.2656 -4.4481 -4.8597
v  0.2946 -4.4439 -4.7753
v  0.2088 -4.4641 -4.7484
v  0.1767 -4.4783 -4.8527
v  -0.5587 -3.9622 -4.0365
v  -0.5760 -3.9074 -4.0743
v  -0.7365 -3.9081 -3.9904
v  -0.7252 -3.9641 -3.9473
v  0.1943 -6.8832 -3.0478
v  0.3700 -6.9707 -3.0540
v  0.3321 -7.0446 -3.0424
v  0.1469 -6.9833 -3.0441
v  0.3987 -6.8896 -3.0625
v  0.2227 -6.7911 -3.0517
v  0.3997 -6.8207 -3.1013
v  0.3854 -6.7391 -3.1985
v  0.2062 -6.7386 -3.1063
v  0.1893 -6.6684 -3.1935
v  -0.3785 -6.1957 -2.6064
v  -0.7174 -6.0529 -2.4762
v  -0.7151 -6.1040 -2.4074
v  -0.3736 -6.2478 -2.5381
v  -0.7159 -5.9913 -2.5536
v  -0.3832 -6.1322 -2.6816
v  -0.7124 -4.2893 -3.8628
v  -0.7093 -4.2263 -3.8650
v  -0.5263 -4.2524 -3.9569
v  -0.5308 -4.3148 -3.9472
v  -0.5070 -4.1967 -3.9303
v  -0.6903 -4.1694 -3.8363
v  -0.8333 -8.3708 -1.3217
v  -0.6852 -8.5222 -1.3388
v  -0.7614 -8.5572 -1.2814
v  -0.9048 -8.4058 -1.2719
v  -1.9151 -8.8988 0.4825
v  -1.9829 -8.9397 0.3960
v  -1.8206 -8.8560 0.5376
v  -1.8932 -8.7047 0.4894
v  -2.0022 -8.7564 0.4355
v  -2.0736 -8.7987 0.3361
v  -1.7046 -8.7959 0.5305
v  -1.7626 -8.6345 0.4788
v  -1.6248 -8.7609 0.4180
v  -1.6658 -8.5843 0.3622
v  -1.5773 -8.6956 0.1387
v  -1.5949 -8.7246 0.2738
v  -1.6193 -8.5438 0.2099
v  -1.6172 -8.5284 0.0661
v  -1.5651 -8.6913 0.0581
v  -1.6138 -8.5393 -0.0147
v  -1.5210 -8.7063 -0.0305
v  -1.5705 -8.5563 -0.0965
v  -0.1572 -7.9446 -1.5280
v  -0.0410 -8.1040 -1.5240
v  -0.0392 -8.0533 -1.6146
v  -0.1464 -7.9089 -1.6076
v  -0.0282 -7.9728 -1.7395
v  -0.1424 -7.8515 -1.7125
v  0.2627 -6.8679 -2.4412
v  0.2151 -6.9567 -2.4144
v  0.4487 -7.0111 -2.5225
v  0.4970 -6.9309 -2.5432
v  0.3748 -7.1344 -2.4785
v  0.1523 -7.0745 -2.3624
v  0.3371 -6.7476 -2.4116
v  0.5610 -6.8342 -2.5461
v  -1.6285 -7.8386 -0.5811
v  -1.5232 -7.8375 -0.6751
v  -1.6682 -7.5120 -0.7531
v  -1.7577 -7.5048 -0.6779
v  -1.5686 -7.5061 -0.8385
v  -1.3970 -7.8244 -0.7813
v  -1.2207 -7.7849 -0.9120
v  -1.4465 -7.4705 -0.9465
v  -0.0322 -7.5043 -2.0898
v  -0.1092 -7.7120 -1.8988
v  0.0259 -7.8185 -1.9519
v  0.1241 -7.6023 -2.1794
v  0.0612 -7.2752 -2.2508
v  0.2512 -7.3541 -2.3642
v  -0.7372 -3.3260 -4.4268
v  -0.8848 -3.3278 -4.3495
v  -0.9256 -3.1249 -4.4610
v  -0.7876 -3.1240 -4.5384
v  0.0597 -4.0272 -4.9389
v  0.1606 -4.0262 -4.9861
v  0.0980 -3.8619 -5.0958
v  -0.0165 -3.8661 -5.0349
v  -0.2356 -3.5366 -5.2248
v  -0.1763 -3.7157 -5.1054
v  -0.2456 -3.7092 -5.0608
v  -0.3021 -3.5243 -5.1783
v  -0.0898 -3.7178 -5.1552
v  -0.1539 -3.5451 -5.2771
v  -0.1045 -3.8665 -4.9894
v  -0.1780 -3.8637 -4.9492
v  -0.0803 -4.1607 -4.8748
v  -0.1016 -4.0026 -4.8639
v  -0.0255 -4.0173 -4.8991
v  0.0023 -4.1851 -4.9104
v  -0.1824 -3.9912 -4.8273
v  -0.2498 -3.8590 -4.9053
v  -0.1590 -4.1384 -4.8282
v  -0.0452 -3.5485 -5.3442
v  0.0268 -3.7159 -5.2208
v  -0.3665 -3.5103 -5.1302
v  -0.3120 -3.6996 -5.0129
v  -0.5011 -2.6872 -5.5114
v  -0.5279 -2.6069 -5.5306
v  -0.4808 -2.6002 -5.5703
v  -0.4521 -2.6861 -5.5483
v  -0.4555 -3.0886 -4.7866
v  -0.3938 -3.3039 -4.6859
v  -0.3044 -3.3096 -4.7859
v  -0.3627 -3.0857 -4.8819
v  -0.2294 -3.5201 -4.6762
v  -0.3231 -3.5113 -4.5774
v  -0.6120 -3.1046 -4.6575
v  -0.5418 -3.2985 -4.5322
v  -0.4682 -3.2986 -4.6021
v  -0.5363 -3.0952 -4.7155
v  -0.4056 -3.5067 -4.4974
v  -0.4887 -3.5099 -4.4343
v  -0.6279 -3.3121 -4.4806
v  -0.5789 -3.5206 -4.3820
v  -0.6908 -3.1170 -4.6031
v  -0.4377 -3.6989 -4.3443
v  -0.3475 -3.6961 -4.4047
v  -0.2916 -3.8361 -4.3219
v  -0.3871 -3.8351 -4.2587
v  -0.1883 -3.8313 -4.3879
v  -0.2544 -3.6975 -4.4778
v  -0.5322 -3.7055 -4.2889
v  -0.4873 -3.8394 -4.2020
v  -0.0239 -3.8881 -4.4083
v  -0.0770 -3.8315 -4.4754
v  -0.1413 -3.9004 -4.3263
v  -0.2509 -3.9182 -4.2683
v  -0.3517 -3.9129 -4.2041
v  -0.3218 -3.9553 -4.1524
v  -0.2102 -3.9211 -4.1917
v  -0.1510 -3.7025 -4.5702
v  0.1970 -6.5457 -3.3702
v  0.3770 -6.6000 -3.3879
v  0.3750 -6.4026 -3.6239
v  0.2152 -6.3682 -3.5983
v  -0.4310 -3.9596 -4.1002
v  -0.4524 -3.9056 -4.1388
v  0.3711 -6.1633 -3.8722
v  0.2292 -6.1351 -3.8389
v  0.2388 -5.8488 -4.0628
v  0.3636 -5.8761 -4.1042
v  0.0777 -6.3261 -3.5580
v  0.1048 -6.0987 -3.7970
v  -0.0085 -6.0563 -3.7488
v  -0.0427 -6.2737 -3.5038
v  0.0233 -5.7839 -3.9727
v  0.1286 -5.8163 -4.0166
v  -0.3988 -6.0067 -2.8145
v  -0.7130 -5.8776 -2.6924
v  -0.6977 -5.7123 -2.8677
v  -0.4234 -5.8419 -2.9971
v  -0.0888 -5.7584 -3.9392
v  -0.1284 -6.0221 -3.7105
v  -0.1712 -6.2334 -3.4613
v  -0.4330 -5.6336 -3.1978
v  -0.6755 -5.5166 -3.0684
v  -0.6636 -5.3062 -3.2685
v  -0.4462 -5.4070 -3.3954
v  -0.2562 -5.9257 -3.0761
v  -0.2786 -5.7097 -3.2812
v  -0.1649 -5.7619 -3.3383
v  -0.1404 -5.9847 -3.1281
v  -0.1855 -5.5098 -3.5352
v  -0.2993 -5.4692 -3.4779
v  -0.0698 -5.5485 -3.5900
v  -0.0500 -5.8137 -3.3951
v  -0.0211 -6.0407 -3.1775
v  0.2404 -5.5181 -4.2465
v  0.3474 -5.5434 -4.2984
v  0.3334 -5.1921 -4.4525
v  0.2384 -5.1748 -4.3995
v  0.0348 -5.4699 -4.1524
v  0.1406 -5.4899 -4.1911
v  0.0292 -5.1580 -4.3195
v  0.1383 -5.1622 -4.3513
v  -0.0740 -5.4517 -4.1184
v  -0.0781 -5.1485 -4.2812
v  -0.6578 -5.0800 -3.4183
v  -0.4633 -5.1695 -3.5485
v  -0.4942 -4.9360 -3.6901
v  -0.6849 -4.8686 -3.5719
v  -0.2493 -5.0048 -3.8245
v  -0.3547 -4.9747 -3.7635
v  -0.3241 -5.2204 -3.6301
v  -0.2130 -5.2523 -3.6868
v  0.2564 -7.1618 -2.9469
v  0.2925 -7.1067 -3.0113
v  0.0992 -7.0781 -2.9979
v  0.0630 -7.1537 -2.9078
v  -0.1420 -5.0309 -3.8793
v  -0.1000 -5.2824 -3.7403
v  0.1902 -7.2908 -2.7640
v  0.2299 -7.2094 -2.8398
v  0.0151 -7.2658 -2.6950
v  0.0417 -7.2066 -2.7895
v  -0.2709 -7.0770 -2.8084
v  -0.1278 -7.1509 -2.8856
v  -0.1258 -7.1826 -2.7493
v  -0.2535 -7.1028 -2.6903
v  -0.1203 -7.2014 -2.6402
v  -0.2459 -7.1311 -2.6045
v  -0.6779 -4.1039 -3.8248
v  -0.4982 -4.1245 -3.9143
v  -0.5043 -4.0500 -3.9262
v  -0.6762 -4.0371 -3.8362
v  -0.3687 -7.0123 -2.6322
v  -0.3912 -6.9853 -2.7308
v  -0.3685 -7.0568 -2.5662
v  -0.0927 -4.3055 -4.9345
v  -0.1813 -4.2891 -4.8864
v  -0.1944 -4.4549 -4.9052
v  -0.0900 -4.4604 -4.9507
v  -0.2902 -4.2931 -4.8156
v  -0.3067 -4.4459 -4.8170
v  -0.5290 -3.9997 -3.9767
v  -0.6920 -3.9850 -3.8788
v  0.0070 -4.3238 -4.9637
v  0.0262 -4.4529 -4.9595
v  -0.4549 -4.4410 -4.6875
v  -0.4376 -4.5000 -4.6028
v  -0.2765 -4.5637 -4.7208
v  -0.1495 -4.6032 -4.8073
v  -0.0325 -4.5897 -4.8461
v  -0.0908 -4.6003 -4.6579
v  0.0199 -4.5760 -4.7001
v  -0.4498 -4.3354 -4.7220
v  0.0384 -4.6431 -4.5551
v  0.1389 -4.6206 -4.5958
v  0.1346 -4.8587 -4.5031
v  0.0306 -4.8671 -4.4638
v  0.2349 -4.8512 -4.5391
v  0.2332 -4.6036 -4.6390
v  0.0793 -4.5350 -4.8528
v  0.1183 -4.5153 -4.7250
v  -0.0648 -4.6602 -4.5139
v  -0.0747 -4.8712 -4.4223
v  0.3148 -4.6025 -4.6861
v  0.3090 -4.4885 -4.7353
v  0.2262 -4.5005 -4.6996
v  0.1336 -4.5325 -4.6639
v  0.0334 -4.5761 -4.6329
v  0.3257 -4.8542 -4.5796
v  -0.0739 -4.6052 -4.5944
v  -0.7184 -4.3540 -3.8565
v  -0.7220 -4.4629 -3.8198
v  -0.5332 -4.3797 -3.9391
v  -0.5370 -4.4970 -3.9155
v  -0.5287 -4.7035 -3.8324
v  -0.7097 -4.6496 -3.7165
v  -0.9946 -8.1727 -1.5557
v  -0.8878 -8.2700 -1.5162
v  -0.9328 -8.2768 -1.4228
v  -1.0361 -8.1809 -1.4537
v  -0.7959 -8.3663 -1.3952
v  -0.7545 -8.3567 -1.4805
v  -0.9628 -8.2702 -1.3486
v  -1.0577 -8.1716 -1.3749
v  -0.7887 -8.0057 -1.6746
v  -0.9053 -8.1089 -1.6646
v  -0.9850 -7.9812 -1.6694
v  -0.8741 -7.8875 -1.6790
v  -1.0693 -8.0427 -1.5673
v  -0.6041 -8.4834 -1.5002
v  -0.5228 -8.4280 -1.5900
v  -0.6769 -8.3091 -1.5825
v  -0.5785 -8.2237 -1.6228
v  -0.4232 -8.3445 -1.6148
v  -0.8012 -8.2114 -1.6180
v  -0.6946 -8.1143 -1.6478
v  -0.6451 -8.5059 -1.4148
v  -1.1042 -8.0530 -1.4670
v  -1.1215 -8.0480 -1.3869
v  -0.1222 -8.3241 -1.1623
v  -0.2734 -8.1934 -1.1422
v  -0.0430 -8.1909 -1.2554
v  -0.1717 -8.0347 -1.2247
v  -0.3872 -8.3473 -1.1378
v  -0.2233 -8.4730 -1.1541
v  -0.0310 -8.1350 -1.3967
v  -0.1294 -7.9520 -1.3766
v  -0.4690 -6.6933 -2.1101
v  -0.8342 -6.5167 -2.0172
v  -0.8665 -6.6584 -1.9159
v  -0.5139 -6.8520 -2.0027
v  -0.8951 -6.8111 -1.7812
v  -0.5594 -7.0391 -1.8626
v  -0.8016 -6.4347 -2.0706
v  -0.7678 -6.3734 -2.1120
v  -0.4348 -6.6109 -2.1628
v  -0.4095 -6.5546 -2.2181
v  -0.0423 -6.7299 -2.2927
v  -0.0892 -6.8069 -2.2812
v  0.0509 -6.8847 -2.3300
v  0.1081 -6.7999 -2.3262
v  -0.0017 -6.9920 -2.2774
v  -0.1340 -6.9042 -2.2292
v  -0.2667 -6.8166 -2.1837
v  -0.3264 -6.9899 -2.0811
v  -0.2034 -7.0862 -2.1284
v  -0.3910 -7.1984 -1.9445
v  -0.2757 -7.3006 -1.9872
v  -0.2266 -6.7271 -2.2334
v  -0.1925 -6.6615 -2.2718
v  0.2398 -6.3953 -2.8684
v  0.5209 -6.5121 -2.9459
v  0.4897 -6.3673 -3.1063
v  0.1952 -6.2856 -3.0377
v  -0.0779 -7.1814 -2.1729
v  -0.1582 -7.4021 -2.0282
v  -0.1860 -6.2094 -2.7461
v  -0.2160 -6.0897 -2.8867
v  -0.1021 -6.1562 -2.9371
v  -0.0614 -6.2639 -2.7831
v  0.5362 -6.5847 -2.8428
v  0.2628 -6.4521 -2.7652
v  0.0621 -6.3213 -2.8200
v  0.0887 -6.3660 -2.7202
v  -0.0380 -6.3071 -2.6908
v  -0.0075 -6.3184 -2.6053
v  0.1235 -6.3798 -2.6314
v  0.0186 -6.2150 -2.9817
v  -0.4022 -6.4370 -2.9799
v  -0.7086 -6.3608 -2.8879
v  -0.6825 -6.2393 -3.0511
v  -0.3821 -6.3253 -3.1546
v  -0.1538 -6.2951 -2.5884
v  -0.1697 -6.2597 -2.6625
v  0.0316 -6.6174 -3.1653
v  0.0503 -6.4954 -3.3321
v  -0.0742 -6.4407 -3.2778
v  -0.0941 -6.5584 -3.1095
v  -0.7243 -6.4249 -2.8017
v  -0.4088 -6.5007 -2.8941
v  -0.4181 -6.5539 -2.8481
v  -0.7396 -6.4603 -2.7589
v  -0.2273 -6.5758 -2.9813
v  -0.2366 -6.6323 -2.9519
v  -0.2217 -6.5063 -3.0557
v  -0.0994 -6.6350 -3.0463
v  -0.1033 -6.6907 -3.0254
v  -0.2037 -6.3951 -3.2304
v  -0.3038 -7.2335 -2.4861
v  -0.1914 -7.3122 -2.5133
v  -0.2957 -7.4651 -2.3773
v  -0.4002 -7.3767 -2.3513
v  -0.1880 -7.5596 -2.4362
v  -0.0737 -7.3920 -2.5777
v  -0.3083 -7.7594 -2.2222
v  -0.4077 -7.6508 -2.1780
v  -0.5051 -7.5529 -2.1574
v  0.0387 -6.6899 -3.0964
v  0.0484 -6.7407 -3.0669
v  -0.4175 -7.1568 -2.4596
v  -0.5075 -7.2914 -2.3284
v  -0.6085 -7.4600 -2.1439
v  0.0917 -7.4456 -2.6663
v  0.1560 -7.3494 -2.7273
v  -0.0159 -7.3124 -2.6455
v  -0.1383 -7.2376 -2.5807
v  -0.2583 -7.1646 -2.5532
v  -0.0397 -7.6420 -2.5179
v  -0.1728 -7.8641 -2.2780
v  -0.3508 -6.4564 -2.2422
v  -0.7200 -6.2958 -2.1441
v  -0.6585 -6.1920 -2.1536
v  -0.2953 -6.3361 -2.2720
v  -0.3809 -7.0945 -2.5272
v  0.1968 -6.3956 -2.4864
v  0.0582 -6.3337 -2.4561
v  0.0642 -6.4704 -2.3494
v  0.2034 -6.5326 -2.3879
v  -0.6684 -6.1215 -2.2723
v  -0.3039 -6.2377 -2.3897
v  -0.0720 -6.4072 -2.3121
v  -0.0825 -6.2859 -2.4335
v  0.0230 -6.6094 -2.2956
v  -0.1304 -6.5509 -2.2884
v  -0.8620 -6.6830 -2.6849
v  -0.8199 -6.5893 -2.7151
v  -0.5394 -6.7352 -2.8462
v  -0.5809 -6.8353 -2.7803
v  0.1695 -6.6743 -2.3320
v  -0.0993 -7.0680 -3.0064
v  -0.2529 -6.9985 -2.9272
v  -0.1959 -6.8784 -2.9880
v  -0.0403 -6.9423 -3.0588
v  -0.7711 -6.5143 -2.7257
v  -0.4717 -6.6375 -2.8466
v  -0.3374 -6.8150 -2.9118
v  -0.2766 -6.7162 -2.9281
v  -0.1400 -6.7739 -3.0099
v  -0.3929 -6.9268 -2.8528
v  -0.7159 -7.9446 -1.6771
v  -0.6215 -8.0461 -1.6551
v  -0.5731 -7.9785 -1.7532
v  -0.6646 -7.8773 -1.7587
v  -0.4599 -8.0763 -1.7399
v  -0.5092 -8.1527 -1.6370
v  0.0159 -6.8291 -3.0651
v  -0.7475 -7.7663 -1.7516
v  -0.8060 -7.8364 -1.6877
v  -0.3292 -8.1951 -1.7466
v  -0.2699 -8.0564 -1.9927
v  -0.3995 -7.9422 -1.9653
v  -0.5013 -7.8344 -1.9476
v  -0.5867 -7.7271 -1.9308
v  -0.3591 -8.2664 -1.6215
v  -0.6389 -7.3505 -1.6014
v  -0.9607 -7.0246 -1.5409
v  -0.9722 -7.0673 -1.4690
v  -0.6385 -7.4085 -1.5197
v  -0.9325 -6.9376 -1.6531
v  -0.6138 -7.2218 -1.7317
v  -0.6797 -7.6249 -1.9219
v  -0.2269 -7.6066 -1.8590
v  -0.3420 -7.5042 -1.8304
v  -0.3639 -7.6415 -1.6693
v  -0.2535 -7.7434 -1.6897
v  -0.4723 -7.5382 -1.6475
v  -0.4659 -7.5976 -1.5559
v  -0.3575 -7.6952 -1.5748
v  -0.4654 -7.6236 -1.4759
v  -0.3544 -7.7168 -1.4945
v  -0.4510 -7.3984 -1.7969
v  -1.0378 -8.5499 -0.7677
v  -0.7969 -8.5105 -0.9442
v  -0.9060 -8.3374 -0.9467
v  -1.1306 -8.3764 -0.7796
v  -0.6886 -8.2880 -1.0531
v  -0.5720 -8.4598 -1.0688
v  -0.7859 -8.1179 -1.0295
v  -0.9966 -8.1683 -0.9301
v  -1.2131 -8.2103 -0.7789
v  -0.2554 -7.7975 -1.5953
v  -0.2589 -7.8220 -1.5157
v  -1.0842 -8.0001 -0.9090
v  -1.2915 -8.0439 -0.7725
v  -0.8772 -7.9445 -0.9929
v  -0.4572 -8.4182 -1.1146
v  -0.2927 -8.5641 -1.1297
v  -0.4198 -8.6364 -1.0765
v  -0.6632 -8.6954 -0.9251
v  -0.9232 -8.7334 -0.7270
v  -1.2555 -7.8793 -1.3536
v  -1.4493 -7.5830 -1.4127
v  -1.5034 -7.6141 -1.3412
v  -1.3268 -7.9243 -1.2822
v  -1.4692 -8.4118 -0.9656
v  -1.3172 -8.3165 -1.1153
v  -1.2550 -8.4315 -1.0968
v  -1.4075 -8.5260 -0.9420
v  -1.0971 -8.3353 -1.2109
v  -1.1611 -8.2197 -1.2273
v  -1.0840 -8.1753 -1.3048
v  -1.1442 -8.0543 -1.3170
v  -1.2196 -8.0999 -1.2397
v  -1.6026 -7.6738 -1.2511
v  -1.7062 -7.7361 -1.1495
v  -1.4630 -8.0110 -1.1690
v  -1.5985 -8.0958 -1.0327
v  -1.3724 -8.1971 -1.1241
v  -1.5223 -8.2919 -0.9784
v  -1.0061 -8.2832 -1.2820
v  -1.9446 -8.8953 -0.1426
v  -1.8281 -8.8509 -0.2329
v  -1.7372 -8.9923 -0.1306
v  -1.8265 -9.0207 -0.0449
v  -1.6588 -8.9784 -0.2408
v  -1.7236 -8.8237 -0.3482
v  -2.0679 -8.6524 -0.3632
v  -1.9403 -8.6004 -0.4155
v  -1.8997 -8.7349 -0.3407
v  -2.0314 -8.7905 -0.2660
v  -1.7743 -8.6799 -0.4163
v  -1.8230 -8.5475 -0.4691
v  -1.6288 -8.8052 -0.4780
v  -1.5722 -8.9636 -0.3849
v  -1.8124 -7.8286 -0.3797
v  -1.9064 -7.4844 -0.5114
v  -1.9267 -7.4628 -0.4390
v  -1.8451 -7.8183 -0.3083
v  -1.9315 -7.4508 -0.3580
v  -1.8512 -7.8210 -0.2213
v  -1.9652 -8.4496 -0.4599
v  -1.8687 -8.4111 -0.5169
v  -2.0774 -8.4935 -0.4221
v  -1.6711 -8.2182 -0.2203
v  -1.7330 -8.0512 -0.2872
v  -1.7713 -8.0436 -0.2170
v  -1.7132 -8.2084 -0.1491
v  -1.7794 -8.0464 -0.1299
v  -1.7119 -8.2007 -0.0634
v  -1.7328 -7.8359 -0.4775
v  -1.8424 -7.4969 -0.5947
v  -1.9214 -7.8986 0.0832
v  -2.0497 -7.5214 -0.1743
v  -2.1594 -7.5548 -0.1398
v  -2.0526 -7.9439 0.1770
v  -1.9698 -7.4745 -0.2534
v  -1.8588 -7.8500 -0.0686
v  -1.6660 -8.3778 -0.0841
v  -1.6192 -8.3904 -0.1585
v  -1.6472 -8.3579 0.0025
v  -2.2887 -8.5599 0.2309
v  -2.2641 -8.5867 0.0728
v  -2.1850 -8.7096 0.1523
v  -2.1899 -8.6837 0.2890
v  -2.1616 -8.7365 0.0199
v  -2.2183 -8.6039 -0.0734
v  -2.0790 -8.8718 0.1098
v  -2.0879 -8.8341 0.2265
v  -2.2885 -8.4403 -0.0040
v  -2.2387 -8.4551 -0.1537
v  -2.3222 -8.4114 0.1513
v  -1.9399 -9.0609 0.0497
v  -2.0031 -9.0475 0.1808
v  -2.0364 -8.9022 -0.0229
v  -2.1173 -8.7740 -0.1260
v  -2.1658 -8.6410 -0.2299
v  -2.0034 -8.9934 0.2955
v  -1.4266 -8.4031 -0.4666
v  -1.5382 -8.4007 -0.2993
v  -1.4813 -8.5719 -0.2487
v  -1.3579 -8.5787 -0.4292
v  -1.4770 -8.2278 -0.4903
v  -1.5882 -8.2260 -0.3450
v  -2.1828 -8.4887 -0.3093
v  -1.6494 -8.0576 -0.3983
v  -1.5385 -8.0589 -0.5224
v  -1.2152 -8.5703 -0.5967
v  -1.1131 -8.7570 -0.5496
v  -1.2662 -8.7606 -0.3762
v  -1.3625 -8.2263 -0.6323
v  -1.2944 -8.3948 -0.6203
v  -1.4153 -8.7392 -0.1917
v  -1.8494 -8.1920 -0.7249
v  -1.7839 -8.4063 -0.6360
v  -1.6942 -8.3918 -0.7553
v  -1.7588 -8.1834 -0.8311
v  -1.6423 -8.5161 -0.7113
v  -1.7274 -8.5319 -0.5834
v  -1.4296 -8.0582 -0.6424
v  -1.6728 -8.6588 -0.5325
v  -1.5835 -8.6358 -0.6612
v  -1.6849 -8.1514 -0.9254
v  -1.7841 -7.7842 -1.0594
v  -1.8570 -7.8109 -0.9771
v  -1.5653 -8.4760 -0.8326
v  -1.6163 -8.3539 -0.8604
v  -1.9442 -7.8076 -0.8970
v  -1.5051 -8.5921 -0.7955
v  -0.8097 -2.1456 -4.8706
v  -0.8164 -2.1991 -4.8896
v  -0.7623 -2.1798 -4.9335
v  -0.8855 -2.1511 -4.8372
v  -0.8957 -2.2097 -4.8581
v  -0.7038 -2.1661 -4.9743
v  -0.6986 -2.1244 -4.9506
v  -0.7515 -2.1380 -4.9067
v  -0.9906 -2.1586 -4.7954
v  -1.0075 -2.2158 -4.8296
v  -0.2657 -4.0281 -4.0069
v  -0.2526 -4.1139 -3.9705
v  -0.1367 -4.0983 -3.9831
v  -0.1534 -4.0025 -4.0293
v  -0.1422 -4.2024 -3.9986
v  -0.2556 -4.2055 -3.9758
v  -0.3641 -4.1254 -3.9549
v  -0.3675 -4.2066 -3.9607
v  -0.3755 -4.0469 -3.9801
v  -0.2901 -3.9756 -4.0731
v  -0.1790 -3.9458 -4.1068
v  -0.4016 -3.9997 -4.0391
v  -0.3869 -4.2654 -3.9959
v  -0.4077 -4.3245 -4.0284
v  -0.2954 -4.3336 -4.0613
v  -0.2723 -4.2747 -4.0093
v  -0.2833 -4.5504 -4.0265
v  -0.4002 -4.5290 -3.9864
v  -0.3851 -4.7345 -3.8966
v  -0.2720 -4.7589 -3.9450
v  -0.1848 -4.3446 -4.0897
v  -0.2001 -4.4357 -4.1222
v  -0.3002 -4.4222 -4.0752
v  -0.1805 -4.5686 -4.0694
v  -0.1613 -4.2796 -4.0396
v  -0.4051 -4.4039 -4.0168
v  -0.1712 -4.7836 -3.9998
v  -0.5788 -8.2572 -1.0954
v  -0.5047 -8.1959 -1.1097
v  -0.6729 -8.0857 -1.0574
v  -0.5935 -8.0294 -1.0565
v  -0.3242 -7.7031 -1.3376
v  -0.2228 -7.8143 -1.3560
v  -0.3643 -7.7614 -1.1677
v  -0.2690 -7.8935 -1.1926
v  -0.6884 -7.8581 -1.0210
v  -0.5706 -7.7425 -1.0241
v  -0.4620 -7.8929 -1.0416
v  -0.4825 -7.6437 -1.1611
v  -0.7687 -7.9111 -1.0273
v  -0.3716 -8.0469 -1.0870
v  -0.4479 -7.6099 -1.3272
v  -2.1192 -8.6234 0.4318
v  -1.9757 -8.5437 0.4943
v  -2.0600 -8.3794 0.4732
v  -2.2297 -8.4795 0.4075
v  -2.2760 -8.3294 0.3058
v  -2.1302 -8.2364 0.3706
v  -1.9625 -8.1627 0.3377
v  -1.8837 -8.3036 0.4181
v  -1.7488 -8.2486 0.2840
v  -1.8337 -8.1180 0.2079
v  -1.6829 -8.4021 0.3390
v  -1.8143 -8.4636 0.4640
v  -1.6503 -8.3728 0.1549
v  -1.7189 -8.2213 0.0944
v  -1.7840 -8.0738 0.0327
v  -0.7812 -10.5602 0.4413
v  -0.7309 -10.5882 0.4838
v  -0.9610 -10.7169 0.7988
v  -0.9896 -10.6338 0.7181
v  -1.2032 -10.7369 0.8930
v  -1.2290 -10.6543 0.8421
v  -1.1255 -10.6580 0.8184
v  -1.1018 -10.7424 0.8670
v  -1.3523 -10.6650 1.0608
v  -1.3861 -10.5761 1.0120
v  -1.3331 -10.6299 0.9091
v  -1.3017 -10.7136 0.9595
v  -1.3617 -10.6140 1.1654
v  -1.3957 -10.5219 1.1156
v  -1.3522 -10.4645 1.2134
v  -1.3193 -10.5588 1.2655
v  -1.2128 -10.5063 1.3350
v  -1.2416 -10.4114 1.2771
v  -1.1215 -10.3600 1.3070
v  -1.0884 -10.4583 1.3576
v  -0.9072 -10.3811 1.2476
v  -0.9530 -10.2864 1.1986
v  -1.0225 -10.3073 1.2812
v  -0.9841 -10.4069 1.3282
v  -0.8709 -10.4032 1.1450
v  -0.9116 -10.3109 1.0970
v  -0.8995 -10.3615 1.0014
v  -0.8589 -10.4511 1.0523
v  -0.7820 -10.4104 0.8082
v  -0.5959 -10.3867 0.5141
v  -0.5292 -10.5171 0.5570
v  -0.7309 -10.5455 0.8905
v  -0.8130 -10.4900 0.9948
v  -0.8594 -10.3931 0.9420
v  -0.6334 -10.6047 0.5160
v  -0.8025 -10.6794 0.8135
v  -1.1435 -10.9504 1.0457
v  -1.1803 -10.8447 0.9628
v  -1.0803 -10.8414 0.9375
v  -1.0536 -10.9428 1.0148
v  -0.9772 -10.8245 0.9295
v  -0.9614 -10.9094 1.0099
v  -1.2119 -10.9422 1.1108
v  -1.2633 -10.8268 1.0330
v  -1.3084 -10.7927 1.1309
v  -1.2519 -10.9250 1.1984
v  -1.2478 -10.8981 1.3001
v  -1.3099 -10.7523 1.2374
v  -1.2607 -10.7080 1.3343
v  -1.1977 -10.8674 1.3919
v  -1.1105 -10.8434 1.4488
v  -1.1627 -10.6693 1.3976
v  -1.0482 -10.6330 1.4106
v  -1.0074 -10.8167 1.4626
v  -0.8437 -10.7390 1.3515
v  -0.8603 -10.5475 1.3143
v  -0.9451 -10.5843 1.3828
v  -0.9121 -10.7766 1.4215
v  -1.0925 -11.0497 1.1121
v  -1.1581 -11.0475 1.1632
v  -1.0980 -11.1130 1.2269
v  -1.0320 -11.1197 1.1925
v  -1.1459 -11.0879 1.2620
v  -1.1963 -11.0346 1.2377
v  -1.1289 -11.0934 1.3288
v  -1.1953 -11.0172 1.3270
v  -1.1102 -11.0633 1.3922
v  -1.1496 -10.9954 1.4085
v  -0.8143 -10.7199 1.2024
v  -0.8154 -10.5776 1.1322
v  -0.8260 -10.5513 1.2191
v  -0.8108 -10.7190 1.2767
v  -1.0439 -11.0792 1.4173
v  -1.0687 -10.9794 1.4600
v  -0.9552 -11.0661 1.4187
v  -0.9699 -10.9593 1.4749
v  -0.9771 -11.1356 1.3124
v  -1.0556 -11.1315 1.3256
v  -0.8793 -11.0409 1.1778
v  -0.8576 -11.0531 1.2731
v  -0.9068 -11.1058 1.2917
v  -0.9575 -11.0982 1.1804
v  -0.8755 -11.0391 1.3912
v  -0.8230 -10.9988 1.3453
v  -0.8822 -10.9238 1.4332
v  -0.8241 -10.8856 1.3686
v  -0.8557 -10.7718 1.0856
v  -0.8925 -10.8351 1.0333
v  -0.8700 -10.7581 0.9555
v  -0.8092 -10.6643 1.0118
v  -0.9336 -10.9915 1.0896
v  -1.0089 -11.0382 1.0889
v  -0.8326 -10.7357 1.1407
v  -0.8077 -10.9244 1.2500
v  -0.8302 -10.9694 1.2211
v  -0.8271 -10.8678 1.1851
v  -0.8042 -10.8411 1.2385
v  -0.8573 -10.9044 1.1344
v  -0.8895 -10.9204 1.0865
v  -0.8311 -11.0072 1.2643
v  -0.8070 -10.9519 1.2943
v  -0.8008 -10.8527 1.3011
v  -1.6868 -3.2657 -4.7811
v  -1.7452 -3.2300 -4.7545
v  -1.7457 -3.1206 -4.8966
v  -1.6891 -3.1326 -4.9240
v  -1.8009 -3.1328 -4.8872
v  -1.8256 -3.2153 -4.7565
v  -1.6289 -3.3018 -4.8160
v  -1.6239 -3.1552 -4.9544
v  -1.5431 -3.1910 -4.9850
v  -1.5684 -3.3548 -4.8689
v  -1.6883 -2.9871 -5.1088
v  -1.6138 -2.9790 -5.1536
v  -1.6178 -3.0530 -5.0597
v  -1.6892 -3.0473 -5.0264
v  -1.5279 -3.0751 -5.0861
v  -1.5164 -2.9879 -5.1824
v  -1.6901 -2.9372 -5.1996
v  -1.6115 -2.9195 -5.2579
v  -1.7015 -2.9135 -5.2926
v  -1.6194 -2.8881 -5.3584
v  -1.5061 -2.9071 -5.2835
v  -1.2697 -3.3625 -4.8383
v  -1.4570 -3.4117 -4.9141
v  -1.4278 -3.2437 -5.0223
v  -1.2544 -3.1838 -4.9328
v  -1.4030 -3.1120 -5.0999
v  -1.2377 -3.0493 -4.9974
v  -1.3831 -3.0015 -5.1632
v  -1.2215 -2.9391 -5.0599
v  -1.3696 -2.8882 -5.2284
v  -1.2053 -2.8262 -5.1247
v  -1.0114 -3.3250 -4.8980
v  -0.7601 -3.2961 -5.0091
v  -1.0168 -3.1568 -5.0101
v  -0.7850 -3.1238 -5.1165
v  -1.0115 -3.0342 -5.0904
v  -0.7922 -3.0018 -5.1931
v  -1.0006 -2.9334 -5.1551
v  -0.7894 -2.9030 -5.2505
v  -0.9877 -2.8290 -5.2163
v  -0.7849 -2.8014 -5.3029
v  -0.5944 -3.2853 -5.1006
v  -0.4880 -3.2886 -5.1767
v  -0.6249 -3.1042 -5.1955
v  -0.5179 -3.0999 -5.2622
v  -0.6376 -2.9794 -5.2643
v  -0.5332 -2.9717 -5.3252
v  -0.6404 -2.8814 -5.3175
v  -0.5409 -2.8737 -5.3760
v  -0.6429 -2.7824 -5.3685
v  -0.5495 -2.7763 -5.4272
v  -0.1688 -2.7634 -5.6727
v  -0.1019 -2.7506 -5.7100
v  -0.0742 -2.8497 -5.6771
v  -0.1403 -2.8660 -5.6386
v  -0.0329 -2.7360 -5.7458
v  -0.0058 -2.8315 -5.7134
v  -0.0775 -3.1104 -5.5744
v  -0.0069 -3.0908 -5.6195
v  0.0761 -3.3108 -5.5676
v  -0.0121 -3.3253 -5.5127
v  0.0666 -3.0684 -5.6594
v  0.1655 -3.2900 -5.6140
v  -0.0492 -2.9497 -5.6501
v  -0.1143 -2.9690 -5.6098
v  0.0190 -2.9286 -5.6873
v  -0.1109 -3.3294 -5.4455
v  -0.1621 -3.1205 -5.5183
v  -0.2061 -3.3269 -5.3801
v  -0.2464 -3.1227 -5.4601
v  0.2669 -3.0263 -5.7250
v  0.3762 -3.2331 -5.6733
v  0.2705 -3.2650 -5.6535
v  0.1622 -3.0480 -5.6973
v  0.4490 -2.9629 -5.7059
v  0.5239 -3.1532 -5.6322
v  0.4634 -3.1935 -5.6618
v  0.3687 -2.9981 -5.7305
v  0.1088 -2.9105 -5.7243
v  0.2085 -2.8930 -5.7545
v  0.0803 -2.8148 -5.7502
v  0.1740 -2.7988 -5.7811
v  0.0502 -2.7206 -5.7829
v  0.1385 -2.7060 -5.8145
v  0.5850 -3.0843 -5.5768
v  0.5606 -3.1172 -5.6044
v  0.4968 -2.9281 -5.6757
v  0.5293 -2.8966 -5.6463
v  0.3089 -2.8723 -5.7691
v  0.3936 -2.8424 -5.7544
v  0.2672 -2.7824 -5.7994
v  0.3477 -2.7562 -5.7908
v  0.2255 -2.6936 -5.8352
v  0.3012 -2.6690 -5.8277
v  0.4470 -2.8076 -5.7264
v  0.4838 -2.7725 -5.6951
v  0.4005 -2.7207 -5.7632
v  0.4361 -2.6817 -5.7299
v  0.3514 -2.6329 -5.7979
v  0.3849 -2.5914 -5.7617
v  0.5982 -3.0502 -5.5299
v  0.5432 -3.0417 -5.5021
v  0.5424 -2.8676 -5.5936
v  0.4839 -2.8635 -5.5620
v  0.4991 -2.7392 -5.6376
v  0.4429 -2.7301 -5.5975
v  0.4530 -2.6404 -5.6747
v  0.4085 -2.6199 -5.6259
v  0.4019 -2.5438 -5.7098
v  0.3726 -2.5094 -5.6581
v  0.0400 -2.9404 -5.4014
v  0.2042 -2.9857 -5.4745
v  0.1697 -2.7865 -5.5189
v  0.0073 -2.7417 -5.4483
v  0.3477 -3.0250 -5.5030
v  0.3066 -2.8314 -5.5508
v  0.4636 -3.0391 -5.5070
v  0.4102 -2.8549 -5.5605
v  0.3767 -2.7181 -5.5893
v  0.2828 -2.6911 -5.5767
v  0.3509 -2.6059 -5.6126
v  0.2643 -2.5790 -5.6018
v  0.3241 -2.4926 -5.6414
v  0.2434 -2.4668 -5.6342
v  -0.3284 -2.7023 -5.1606
v  -0.2975 -2.8865 -5.0985
v  -0.1412 -2.9090 -5.2629
v  -0.1703 -2.7156 -5.3160
v  0.1464 -2.6422 -5.5487
v  -0.0162 -2.5937 -5.4792
v  0.1251 -2.5263 -5.5785
v  -0.0428 -2.4747 -5.5142
v  0.0987 -2.4131 -5.6203
v  -0.0737 -2.3571 -5.5568
v  -0.1911 -2.5707 -5.3526
v  -0.3506 -2.5648 -5.2055
v  -0.2158 -2.4534 -5.3909
v  -0.3738 -2.4520 -5.2475
v  -0.2413 -2.3341 -5.4302
v  -0.3919 -2.3332 -5.2826
v  -0.4127 -2.8808 -4.9678
v  -0.5070 -2.8884 -4.8729
v  -0.4521 -2.7060 -5.0380
v  -0.5539 -2.7214 -4.9497
v  -0.4784 -2.5733 -5.0858
v  -0.5811 -2.5890 -4.9948
v  -0.4998 -2.4611 -5.1240
v  -0.5987 -2.4747 -5.0250
v  -0.7166 -2.7568 -4.8472
v  -0.6703 -2.9189 -4.7627
v  -0.5916 -2.9019 -4.8096
v  -0.6392 -2.7383 -4.8904
v  -0.5199 -2.3449 -5.1592
v  -0.6126 -2.3581 -5.0510
v  -1.1887 -2.8658 -4.3530
v  -1.3291 -2.8483 -4.3001
v  -1.0810 -2.9084 -4.4570
v  -1.2137 -2.7088 -4.4438
v  -1.0992 -2.7446 -4.5403
v  -1.3596 -2.7073 -4.3981
v  -1.1515 -2.2752 -4.7872
v  -1.2884 -2.3279 -4.6957
v  -1.2964 -2.2750 -4.7326
v  -1.1489 -2.3335 -4.7500
v  -1.2739 -2.4096 -4.6438
v  -1.1392 -2.4197 -4.7046
v  -1.4274 -2.4345 -4.5948
v  -1.2559 -2.5037 -4.5823
v  -1.4044 -2.5102 -4.5272
v  -1.1268 -2.5217 -4.6548
v  -1.0225 -2.2713 -4.8349
v  -1.0279 -2.3360 -4.8142
v  -0.9344 -2.3314 -4.8900
v  -0.9197 -2.2609 -4.8856
v  -1.3834 -2.6003 -4.4684
v  -1.2365 -2.5964 -4.5187
v  -1.1144 -2.6231 -4.6037
v  -1.5044 -2.8672 -4.3085
v  -1.6305 -2.9592 -4.4185
v  -1.5278 -2.7573 -4.4013
v  -1.6547 -2.8586 -4.4897
v  -1.6803 -2.7643 -4.5132
v  -1.5434 -2.6738 -4.4717
v  -1.5624 -2.5958 -4.5284
v  -1.7003 -2.6909 -4.5522
v  -1.5838 -2.5222 -4.5830
v  -1.7223 -2.6209 -4.5920
v  -1.7744 -2.9793 -4.4125
v  -1.8795 -3.0104 -4.4219
v  -1.7980 -2.8907 -4.4712
v  -1.8954 -2.9343 -4.4833
v  -1.8139 -2.8204 -4.5128
v  -1.9035 -2.8661 -4.5277
v  -1.8270 -2.7581 -4.5505
v  -1.9116 -2.7996 -4.5620
v  -1.8856 -3.0022 -4.5752
v  -1.8664 -3.0879 -4.5305
v  -1.9028 -3.0557 -4.4785
v  -1.9099 -2.9764 -4.5331
v  -1.8426 -2.6958 -4.5892
v  -1.9220 -2.7327 -4.5965
v  -1.7492 -2.9574 -5.1468
v  -1.7969 -2.9930 -5.1066
v  -1.8071 -2.9453 -5.1687
v  -1.7613 -2.9222 -5.2290
v  -1.7473 -3.0028 -5.0680
v  -1.7970 -3.0350 -5.0414
v  -1.8877 -2.9459 -5.2226
v  -1.8557 -2.9230 -5.1590
v  -1.9623 -2.6924 -4.6604
v  -2.0198 -2.5960 -4.6152
v  -2.0262 -2.6502 -4.6846
v  -1.9978 -2.6199 -4.6891
v  -2.0731 -2.6459 -4.5914
v  -1.9745 -2.7101 -4.6993
v  -1.7473 -3.0513 -4.9937
v  -1.7988 -3.0815 -4.9776
v  -2.0404 -2.6824 -4.7308
v  -1.9564 -2.7289 -4.7673
v  -2.0928 -2.7004 -4.6285
v  -1.9308 -2.8503 -4.6510
v  -1.9344 -2.8304 -4.6051
v  -1.9498 -2.7581 -4.6376
v  -1.9532 -2.7749 -4.6872
v  -1.8280 -3.0599 -4.6706
v  -1.8195 -3.1517 -4.6315
v  -1.8301 -3.1245 -4.5667
v  -1.8474 -3.0305 -4.6119
v  -1.9076 -2.9247 -4.6145
v  -1.9210 -2.9023 -4.5728
v  -1.8750 -2.8903 -5.0236
v  -1.8645 -2.9252 -5.0042
v  -1.8619 -2.9011 -5.0660
v  -1.8495 -2.9350 -5.0486
v  -1.8674 -2.9463 -4.6582
v  -1.8418 -2.9770 -4.7183
v  -1.8918 -2.8680 -4.7058
v  -1.8601 -2.8987 -4.7709
v  -1.9178 -2.7885 -4.7540
v  -1.8827 -2.8198 -4.8249
v  -1.8481 -2.9045 -5.1090
v  -1.8327 -2.9476 -5.0972
v  -1.8298 -2.9864 -5.0568
v  -1.8505 -2.9723 -5.0108
v  -1.8335 -3.0289 -5.0005
v  -1.8480 -3.0091 -4.9602
v  -1.8438 -3.0682 -4.8498
v  -1.8288 -3.0713 -4.7596
v  -1.8378 -3.0071 -4.7943
v  -1.8446 -3.0261 -4.8626
v  -1.8520 -2.9434 -4.8383
v  -1.8525 -2.9809 -4.8953
v  -1.8697 -2.8804 -4.8834
v  -1.8635 -2.9348 -4.9307
v  -1.8373 -3.1432 -4.7456
v  -1.8433 -3.1146 -4.8656
v  -1.8356 -3.0716 -4.9427
v  -1.8475 -3.0459 -4.9117
v  -1.8520 -2.9956 -4.9329
v  -1.8473 -3.0255 -4.9024
v  -1.8587 -2.9601 -4.9708
v  -0.4110 -3.2979 -5.2341
v  -0.3470 -3.3092 -5.2812
v  -0.4415 -3.1042 -5.3166
v  -0.3791 -3.1118 -5.3633
v  -0.4599 -2.9739 -5.3773
v  -0.3999 -2.9788 -5.4211
v  -0.4709 -2.8741 -5.4246
v  -0.4142 -2.8773 -5.4648
v  -0.3165 -3.1189 -5.4097
v  -0.2816 -3.3195 -5.3277
v  -0.2754 -2.6763 -5.6691
v  -0.3063 -2.5839 -5.7028
v  -0.3470 -2.6824 -5.6242
v  -0.3788 -2.5905 -5.6533
v  -0.4033 -2.6851 -5.5849
v  -0.4340 -2.5951 -5.6098
v  -0.4837 -2.7760 -5.4727
v  -0.4309 -2.7777 -5.5099
v  -0.2451 -2.7729 -5.6290
v  -0.3188 -2.7783 -5.5847
v  -0.2183 -2.8763 -5.5925
v  -0.2950 -2.8809 -5.5449
v  -0.3580 -2.8803 -5.5037
v  -0.3782 -2.7791 -5.5459
v  -0.9629 -2.9369 -4.5647
v  -0.9963 -2.7774 -4.6559
v  -0.8379 -2.9398 -4.6460
v  -0.8808 -2.7816 -4.7376
v  -0.1938 -2.9805 -5.5606
v  -0.2733 -2.9848 -5.5090
v  -0.3399 -2.9833 -5.4637
v  -0.7471 -2.9335 -4.7113
v  -0.7929 -2.7738 -4.8003
v  -1.0184 -2.5410 -4.7526
v  -1.0113 -2.6508 -4.7131
v  -0.9042 -2.6553 -4.7965
v  -0.9180 -2.5449 -4.8367
v  -0.7680 -2.2269 -4.9480
v  -0.8370 -2.2451 -4.9167
v  -0.8396 -2.3108 -4.9101
v  -0.7967 -2.2921 -5.0002
v  -0.6897 -2.2698 -4.9783
v  -0.7114 -2.2071 -5.0012
v  -0.9322 -2.4332 -4.8732
v  -1.0249 -2.4305 -4.7868
v  -0.7592 -2.3838 -4.9277
v  -0.8355 -2.4075 -4.8956
v  -0.8264 -2.5252 -4.8760
v  -0.7512 -2.5036 -4.9128
v  -0.6785 -2.4877 -4.9580
v  -0.6886 -2.3697 -4.9777
v  -0.8148 -2.6414 -4.8479
v  -0.7383 -2.6212 -4.8878
v  -0.6631 -2.6037 -4.9311
v  -0.8029 -10.6096 1.0674
# 3609 vertices

vn -0.7327 -0.3407 -0.5891
vn -0.7390 -0.3616 -0.5685
vn -0.8540 -0.2467 -0.4580
vn -0.8600 -0.2455 -0.4474
vn -0.8246 -0.2896 -0.4859
vn -0.7659 -0.3280 -0.5531
vn -0.8094 -0.2925 -0.5093
vn -0.8268 -0.2637 -0.4969
vn -0.7748 -0.3818 -0.5039
vn -0.7647 -0.3157 -0.5617
vn -0.7971 -0.3004 -0.5239
vn -0.8240 -0.2885 -0.4876
vn -0.8269 -0.2833 -0.4857
vn -0.7568 -0.3281 -0.5653
vn -0.7447 -0.3392 -0.5748
vn 0.0297 -0.5121 -0.8584
vn -0.0786 -0.2545 -0.9639
vn -0.3443 -0.4386 -0.8301
vn -0.3252 -0.4926 -0.8072
vn -0.2500 -0.1875 -0.9499
vn -0.4141 -0.4316 -0.8014
vn 0.0697 -0.5246 -0.8485
vn -0.2908 -0.5137 -0.8072
vn -0.1597 -0.5529 -0.8178
vn 0.1356 -0.4763 -0.8687
vn -0.4286 -0.5549 -0.7130
vn -0.3456 -0.5057 -0.7905
vn -0.4096 -0.5238 -0.7469
vn -0.4979 -0.5601 -0.6622
vn -0.3250 -0.4860 -0.8113
vn -0.3197 -0.4759 -0.8193
vn -0.3473 -0.5061 -0.7895
vn -0.4653 -0.5123 -0.7219
vn -0.5518 -0.5054 -0.6634
vn -0.1765 -0.5023 -0.8465
vn -0.1470 -0.5085 -0.8484
vn -0.1571 -0.4443 -0.8820
vn -0.3346 -0.3771 -0.8636
vn -0.2128 -0.4629 -0.8605
vn 0.0303 -0.8208 -0.5705
vn -0.2135 -0.7463 -0.6305
vn 0.1332 -0.8170 -0.5611
vn 0.2818 -0.9391 -0.1968
vn -0.3540 -0.4637 -0.8122
vn -0.3494 -0.6104 -0.7109
vn -0.3035 -0.6781 -0.6694
vn -0.3189 -0.4714 -0.8222
vn -0.3862 -0.4570 -0.8012
vn -0.4121 -0.5210 -0.7475
vn -0.4288 -0.3783 -0.8204
vn -0.2415 -0.7810 -0.5759
vn -0.2802 -0.7598 -0.5867
vn -0.5154 -0.3888 -0.7637
vn 0.4755 -0.8239 -0.3085
vn 0.3587 -0.9193 0.1618
vn 0.6656 0.4047 0.6271
vn 0.6558 0.4237 0.6248
vn 0.7207 0.3784 0.5809
vn 0.6189 0.4282 0.6585
vn 0.3777 0.5421 0.7506
vn 0.2300 0.5811 0.7806
vn 0.5113 0.5092 0.6923
vn 0.7451 0.3684 0.5559
vn 0.5678 0.4516 0.6882
vn 0.3550 0.6773 0.6443
vn 0.3816 0.5552 0.7390
vn 0.4274 0.5517 0.7162
vn 0.3599 0.6566 0.6628
vn 0.4646 0.4896 0.7378
vn 0.3867 0.4892 0.7818
vn 0.5412 0.5086 0.6697
vn 0.5292 0.5743 0.6247
vn 0.6229 0.6718 0.4008
vn 0.7534 0.5637 0.3386
vn 0.7359 0.4839 0.4736
vn 0.6129 0.5719 0.5453
vn -0.3596 0.6109 0.7053
vn -0.1207 0.5905 0.7979
vn -0.2513 0.5674 0.7841
vn -0.4457 0.5857 0.6770
vn -0.3697 0.5394 0.7565
vn -0.4750 0.5635 0.6759
vn -0.7768 -0.4402 -0.4504
vn -0.5143 -0.6964 -0.5005
vn -0.4657 -0.6621 -0.5871
vn -0.7387 -0.4312 -0.5180
vn -0.3274 -0.7468 -0.5788
vn -0.3661 -0.7899 -0.4919
vn -0.2824 -0.6780 -0.6786
vn -0.4956 -0.5513 -0.6712
vn -0.7343 -0.3448 -0.5847
vn -0.3245 -0.3938 -0.8600
vn -0.4229 -0.4737 -0.7725
vn -0.3852 -0.5967 -0.7040
vn -0.2609 -0.6392 -0.7235
vn -0.6585 -0.4281 -0.6189
vn -0.7307 -0.3673 -0.5755
vn 0.0228 -0.9466 -0.3215
vn -0.0990 -0.8724 -0.4787
vn -0.2802 -0.7293 -0.6242
vn -0.1293 -0.8327 -0.5384
vn -0.3959 -0.7135 -0.5781
vn -0.5386 -0.5727 -0.6180
vn -0.7983 -0.2350 -0.5546
vn -0.8100 -0.2691 -0.5210
vn -0.7500 -0.3105 -0.5840
vn -0.7786 -0.2846 -0.5593
vn -0.7575 -0.3188 -0.5697
vn -0.8091 -0.2576 -0.5282
vn -0.6863 -0.4307 -0.5861
vn -0.8205 -0.2688 -0.5045
vn -0.2299 -0.0591 -0.9714
vn -0.3624 -0.1370 -0.9219
vn -0.3647 0.1654 -0.9163
vn -0.3100 0.1024 -0.9452
vn -0.3459 -0.3304 -0.8782
vn -0.3696 -0.2107 -0.9050
vn -0.2638 -0.7555 -0.5997
vn -0.2479 -0.7896 -0.5613
vn -0.0940 -0.9682 -0.2317
vn -0.1239 -0.9763 -0.1776
vn -0.1153 -0.9837 -0.1381
vn -0.0120 -0.9940 -0.1084
vn -0.4016 -0.2463 -0.8821
vn -0.4427 -0.3242 -0.8360
vn -0.4883 0.1326 -0.8625
vn -0.4526 0.1658 -0.8762
vn 0.5007 0.6788 -0.5371
vn 0.8436 0.4175 -0.3377
vn 0.5963 -0.0225 -0.8024
vn 0.2740 0.2751 -0.9216
vn 0.7049 -0.2489 -0.6643
vn 0.9723 0.1751 -0.1547
vn 0.2403 -0.5367 -0.8088
vn 0.0873 -0.3340 -0.9385
vn -0.0380 -0.0595 -0.9975
vn 0.6720 -0.7327 -0.1077
vn 0.5569 -0.7157 -0.4215
vn 0.3852 -0.6724 -0.6320
vn 0.7565 -0.5245 -0.3906
vn 0.9799 -0.1776 0.0912
vn 0.8244 -0.5023 0.2610
vn 0.2299 0.9475 -0.2224
vn 0.1497 0.7679 -0.6228
vn 0.4591 0.4712 -0.7532
vn 0.2564 0.9512 0.1718
vn 0.5879 0.7286 -0.3514
vn 0.3549 0.9005 0.2513
vn 0.1596 0.9548 0.2506
vn 0.3731 0.9243 -0.0806
vn 0.6202 0.6752 0.3992
vn 0.7027 0.6905 0.1717
vn 0.6024 0.5765 0.5520
vn 0.6747 0.6695 0.3107
vn 0.4190 0.8934 0.1619
vn 0.4725 0.8137 0.3387
vn -0.1705 -0.6835 -0.7098
vn -0.2454 -0.4858 -0.8389
vn -0.3500 -0.4592 -0.8165
vn -0.2902 -0.6917 -0.6613
vn -0.3273 -0.2012 -0.9233
vn -0.2210 -0.2582 -0.9405
vn -0.3697 -0.4426 -0.8170
vn -0.3777 -0.1147 -0.9188
vn -0.3266 -0.6822 -0.6542
vn -0.2390 -0.3362 -0.9110
vn -0.2201 -0.3908 -0.8938
vn -0.1148 -0.7305 -0.6732
vn -0.1749 -0.6580 -0.7325
vn -0.0471 -0.7802 -0.6238
vn -0.2266 -0.3325 -0.9155
vn 0.4643 0.6480 0.6037
vn 0.1757 0.9744 0.1400
vn 0.1727 0.9777 0.1195
vn 0.4627 0.6843 0.5636
vn 0.1583 0.9794 0.1250
vn 0.1761 0.9744 0.1394
vn 0.0374 0.9966 0.0730
vn 0.0715 0.9523 0.2968
vn 0.2536 0.6560 0.7109
vn 0.5472 -0.4513 0.7049
vn 0.5902 0.0124 0.8072
vn 0.6334 0.0197 0.7736
vn 0.5989 -0.4650 0.6520
vn 0.4390 0.0849 0.8945
vn 0.4806 -0.4180 0.7709
vn 0.6043 -0.4263 0.6731
vn 0.5422 -0.6623 0.5170
vn 0.4570 -0.6457 0.6117
vn 0.5271 -0.4928 0.6924
vn 0.5347 -0.3507 0.7689
vn 0.4834 -0.6474 0.5892
vn 0.5901 0.4329 0.6814
vn 0.6751 0.4635 0.5739
vn 0.6603 0.2670 0.7020
vn 0.6034 0.2967 0.7402
vn 0.5427 0.3430 0.7667
vn 0.5087 0.6729 0.5371
vn 0.5342 -0.2758 0.7991
vn 0.5405 0.0444 0.8402
vn 0.6669 0.1167 0.7359
vn 0.7081 -0.0453 0.7047
vn 0.6638 0.2327 0.7108
vn 0.7350 0.1690 0.6566
vn -0.7909 -0.3034 -0.5315
vn -0.5306 -0.5772 -0.6208
vn -0.5467 -0.6411 -0.5385
vn -0.8202 -0.3599 -0.4446
vn -0.2955 -0.7734 -0.5608
vn -0.2454 -0.7459 -0.6192
vn -0.1771 -0.7630 -0.6216
vn -0.2390 -0.7668 -0.5957
vn -0.3332 -0.6808 -0.6523
vn -0.2837 -0.6858 -0.6703
vn -0.4416 -0.6902 -0.5732
vn -0.3716 -0.7758 -0.5100
vn -0.4425 -0.5611 -0.6996
vn -0.4727 -0.5586 -0.6816
vn -0.5371 -0.4746 -0.6974
vn -0.4921 -0.4800 -0.7263
vn -0.5665 -0.4925 -0.6607
vn -0.5076 -0.5618 -0.6533
vn -0.4401 -0.4517 -0.7760
vn -0.4756 -0.4478 -0.7571
vn -0.4528 -0.4371 -0.7772
vn -0.4402 -0.4377 -0.7840
vn -0.4736 -0.4928 -0.7300
vn -0.5154 -0.4940 -0.7003
vn 0.4686 0.4003 0.7875
vn 0.8284 0.4931 0.2659
vn 0.9556 0.2732 -0.1105
vn 0.9141 0.3671 0.1722
vn 0.6423 0.3468 0.6836
vn 0.4021 0.4352 0.8056
vn 0.4026 0.2895 0.8684
vn 0.5909 0.5970 0.5426
vn 0.5418 0.3993 0.7396
vn 0.4212 0.4580 0.7829
vn 0.4742 0.4526 0.7551
vn 0.5900 0.4307 0.6830
vn 0.4276 0.4724 0.7707
vn 0.4132 0.4675 0.7815
vn 0.4393 0.5080 0.7409
vn 0.4661 0.5218 0.7145
vn 0.5346 0.5604 0.6326
vn 0.8037 0.2849 0.5224
vn 0.7793 0.3249 0.5358
vn 0.5920 0.4987 0.6331
vn 0.6213 0.4683 0.6282
vn 0.5915 0.5201 0.6161
vn 0.7604 0.3529 0.5452
vn 0.5784 0.5208 0.6279
vn 0.5523 0.5184 0.6528
vn 0.5566 0.5299 0.6399
vn -0.3885 -0.5341 -0.7509
vn -0.3834 -0.3872 -0.8385
vn -0.4125 -0.3589 -0.8373
vn -0.4151 -0.5407 -0.7317
vn -0.3250 -0.2851 -0.9017
vn -0.2380 -0.3446 -0.9081
vn -0.4434 -0.2374 -0.8643
vn -0.4435 -0.3539 -0.8234
vn -0.4329 -0.5297 -0.7294
vn 0.1425 0.7577 0.6368
vn 0.1890 0.7809 0.5954
vn 0.7069 0.3875 0.5917
vn 0.6862 0.3870 0.6159
vn 0.7418 0.3828 0.5506
vn 0.2012 0.7854 0.5854
vn 0.6944 -0.1468 0.7045
vn 0.7437 -0.2240 0.6298
vn 0.8114 -0.3663 0.4556
vn 0.7743 -0.3034 0.5553
vn 0.9123 -0.0812 0.4013
vn 0.7965 -0.0544 0.6021
vn 0.8330 -0.5108 0.2126
vn 0.9863 -0.1568 0.0515
vn -0.0337 -0.8992 -0.4362
vn -0.0347 -0.9146 -0.4029
vn -0.0834 -0.8822 -0.4635
vn -0.0471 -0.8846 -0.4640
vn -0.0002 -0.9633 -0.2683
vn -0.1604 -0.8612 -0.4822
vn 0.7913 -0.1822 0.5836
vn 0.7192 0.0881 0.6892
vn 0.7226 -0.1698 0.6701
vn 0.7975 -0.0809 0.5978
vn 0.5698 -0.2352 0.7874
vn 0.5944 0.0667 0.8014
vn 0.8273 0.1782 0.5327
vn 0.8231 0.2372 0.5159
vn 0.6618 0.3927 0.6385
vn 0.6841 0.2638 0.6801
vn 0.5747 0.4564 0.6793
vn 0.6041 0.3014 0.7377
vn -0.2288 -0.8526 -0.4698
vn -0.5994 -0.6109 -0.5172
vn -0.6367 -0.5649 -0.5249
vn -0.2662 -0.8293 -0.4913
vn -0.8131 -0.3066 -0.4948
vn -0.7992 -0.3164 -0.5110
vn -0.5557 -0.5855 -0.5903
vn -0.2256 -0.8022 -0.5527
vn -0.7883 -0.3023 -0.5359
vn -0.0556 -0.8565 -0.5132
vn 0.0116 -0.9046 -0.4262
vn 0.0256 -0.9274 -0.3731
vn 0.0521 -0.9511 -0.3043
vn -0.0914 -0.8358 -0.5414
vn -0.1861 -0.7459 -0.6395
vn -0.1193 -0.9339 -0.3369
vn -0.2476 -0.8173 -0.5204
vn -0.3677 -0.5286 -0.7651
vn -0.2958 -0.7109 -0.6381
vn -0.4018 -0.5688 -0.7176
vn -0.4447 -0.4733 -0.7604
vn -0.3742 -0.5435 -0.7514
vn -0.3668 -0.5067 -0.7802
vn -0.3404 -0.7849 -0.5177
vn -0.3297 -0.8582 -0.3935
vn -0.2663 -0.9435 -0.1974
vn -0.2729 -0.9582 -0.0858
vn -0.4077 -0.4365 -0.8021
vn -0.3997 -0.3974 -0.8260
vn 0.7944 0.3159 0.5188
vn 0.8588 0.3525 0.3718
vn 0.9028 0.2507 0.3495
vn 0.8068 0.2304 0.5440
vn 0.9762 0.1970 -0.0902
vn 0.9481 0.2893 -0.1320
vn 0.8636 0.3249 0.3856
vn 0.6206 0.3034 0.7230
vn 0.9479 0.2793 -0.1532
vn 0.5306 0.0315 0.8470
vn 0.5501 0.0936 0.8299
vn 0.4752 0.3384 0.8122
vn 0.4883 0.3392 0.8040
vn 0.4395 0.3465 0.8287
vn 0.4942 0.1771 0.8511
vn 0.4476 0.3997 0.7999
vn 0.4196 0.4058 0.8120
vn 0.4488 0.3795 0.8091
vn 0.6975 0.1950 0.6896
vn 0.8009 0.0131 0.5987
vn 0.6066 0.1546 0.7799
vn 0.6867 0.3757 0.6223
vn 0.6846 0.3531 0.6377
vn 0.0327 0.7090 0.7045
vn 0.0791 0.7198 0.6896
vn 0.5587 -0.2924 -0.7761
vn 0.3746 0.0043 -0.9272
vn 0.6650 0.2073 -0.7175
vn 0.7197 -0.1650 -0.6744
vn 0.4220 0.5948 -0.6842
vn 0.2675 0.3861 -0.8828
vn 0.5932 0.6025 -0.5340
vn 0.7643 0.2654 -0.5878
vn 0.7865 -0.0745 -0.6131
vn -0.8921 -0.2488 0.3772
vn -0.8486 -0.1139 0.5167
vn -0.8906 0.2753 0.3619
vn -0.9889 -0.1092 0.1012
vn -0.7787 0.4596 0.4270
vn -0.8275 -0.0019 0.5614
vn -0.4034 0.9118 0.0762
vn -0.6828 0.7247 -0.0924
vn -0.9099 0.2072 -0.3594
vn -0.6202 -0.7112 0.3308
vn -0.5750 -0.6793 0.4560
vn -0.7516 -0.3953 0.5280
vn -0.8160 -0.4843 0.3157
vn -0.7331 -0.3558 0.5797
vn -0.5672 -0.6504 0.5052
vn 0.6903 -0.4497 -0.5667
vn 0.5578 -0.5613 -0.6113
vn 0.1782 -0.9308 -0.3191
vn 0.2657 -0.9357 -0.2321
vn -0.0941 -0.8876 -0.4509
vn 0.2813 -0.6299 -0.7240
vn 0.7301 0.2183 -0.6476
vn 0.7005 -0.1261 -0.7024
vn 0.6104 0.5638 -0.5563
vn 0.4190 0.4947 -0.7614
vn 0.4103 0.1184 -0.9042
vn 0.1989 -0.2812 -0.9388
vn 0.3664 0.8242 -0.4317
vn 0.1960 0.9189 -0.3425
vn 0.2889 0.7484 -0.5970
vn -0.1688 0.9825 -0.0787
vn 0.0301 0.9813 -0.1899
vn -0.7200 0.1266 0.6823
vn -0.6203 0.6572 0.4282
vn -0.2600 0.8541 0.4505
vn -0.3706 0.3497 0.8605
vn -0.4870 -0.6264 0.6086
vn -0.6262 -0.3150 0.7132
vn -0.3549 -0.1655 0.9201
vn -0.2768 -0.5754 0.7696
vn -0.2921 -0.9133 0.2838
vn -0.2867 -0.8850 0.3670
vn 0.0397 -0.9840 -0.1735
vn -0.1105 -0.9876 0.1118
vn -0.2000 -0.8359 0.5112
vn 0.0156 -0.8244 -0.5658
vn 0.4834 -0.5444 -0.6855
vn -0.0012 0.0188 -0.9998
vn -0.0817 -0.4783 -0.8744
vn 0.1001 0.3973 -0.9122
vn -0.0157 0.3330 -0.9428
vn -0.0846 -0.0675 -0.9941
vn -0.1804 -0.5883 -0.7883
vn 0.1444 0.7436 -0.6528
vn 0.1763 0.9577 -0.2273
vn 0.1804 0.9673 -0.1782
vn 0.0477 0.7651 -0.6421
vn 0.0663 0.5223 0.8502
vn 0.1288 0.9170 0.3776
vn 0.2431 0.9096 0.3370
vn 0.1519 0.6407 0.7526
vn -0.1157 -0.4956 0.8608
vn -0.0292 -0.0109 0.9995
vn -0.0120 0.1234 0.9923
vn -0.1281 -0.4659 0.8755
vn -0.1495 -0.9643 0.2184
vn -0.1582 -0.7977 0.5819
vn -0.2200 -0.9460 0.2379
vn -0.1765 -0.8014 0.5715
vn -0.2531 -0.9300 -0.2667
vn -0.1339 -0.9305 -0.3409
vn 0.0333 0.2948 -0.9550
vn -0.0385 0.3031 -0.9522
vn 0.1122 0.5127 -0.8512
vn 0.1929 0.4522 -0.8708
vn -0.3331 0.4160 -0.8462
vn -0.1874 0.7312 -0.6559
vn 0.1840 0.9245 -0.3338
vn 0.3097 0.8457 -0.4347
vn 0.4090 0.7631 -0.5004
vn -0.3386 -0.1349 -0.9312
vn -0.3348 0.0205 -0.9421
vn -0.7871 -0.5005 -0.3605
vn -0.3324 -0.1986 -0.9220
vn -0.6679 -0.6346 -0.3888
vn -0.5727 -0.7007 -0.4254
vn 0.1002 0.3516 -0.9308
vn 0.1499 0.4953 -0.8557
vn -0.5147 -0.6732 0.5309
vn -0.3455 -0.7653 0.5432
vn -0.5971 -0.8021 0.0097
vn -0.6951 -0.7022 0.1540
vn -0.5818 -0.8088 -0.0861
vn -0.3955 -0.8107 0.4317
vn -0.3981 -0.4628 0.7921
vn -0.1604 -0.5113 0.8443
vn 0.0224 -0.1689 0.9854
vn -0.0753 -0.1439 0.9867
vn 0.1016 -0.1866 0.9772
vn -0.0950 -0.5439 0.8338
vn 0.2924 0.2392 0.9259
vn 0.2950 0.2424 0.9242
vn 0.4908 0.6163 0.6159
vn 0.5342 0.6036 0.5919
vn 0.5026 0.6732 0.5424
vn 0.3300 0.2489 0.9106
vn 0.5822 0.8130 -0.0030
vn 0.5610 0.8081 -0.1795
vn 0.4342 0.5446 -0.7175
vn 0.5079 0.8597 0.0535
vn 0.4866 0.6284 -0.6069
vn 0.2787 0.4163 -0.8655
vn 0.3570 0.5176 -0.7776
vn 0.0625 0.7291 -0.6815
vn -0.0100 0.2884 -0.9575
vn 0.1305 0.9804 -0.1476
vn 0.0520 0.7018 -0.7105
vn 0.0601 0.9862 -0.1540
vn -0.0655 0.3420 -0.9374
vn 0.1131 0.9325 0.3430
vn 0.0372 0.9291 0.3679
vn 0.0772 0.6633 0.7443
vn 0.0588 0.6290 0.7751
vn -0.1244 -0.5069 0.8530
vn -0.0250 0.1184 0.9927
vn -0.0117 0.0792 0.9968
vn -0.1013 -0.5500 0.8290
vn -0.2683 -0.9286 0.2564
vn -0.1845 -0.8134 0.5517
vn -0.1717 -0.8258 0.5372
vn -0.2987 -0.9165 0.2659
vn -0.3591 -0.9088 -0.2123
vn -0.3633 -0.5804 -0.7288
vn -0.5823 -0.4521 -0.6757
vn -0.4936 -0.8587 -0.1378
vn -0.3513 0.0195 -0.9361
vn -0.1759 -0.1089 -0.9784
vn 0.0089 0.9980 -0.0624
vn -0.1180 0.8051 -0.5812
vn -0.6025 0.7850 -0.1441
vn -0.2475 0.9566 0.1541
vn -0.9189 0.2056 -0.3367
vn -0.4659 0.4262 -0.7754
vn -0.9026 -0.2454 -0.3536
vn -0.7826 -0.5962 0.1790
vn -0.9052 -0.3442 0.2491
vn -0.9473 0.1982 -0.2517
vn -0.8115 -0.2914 0.5066
vn -0.6298 -0.6067 0.4851
vn -0.0412 0.4301 0.9018
vn -0.1484 0.2021 0.9681
vn -0.5661 0.3920 0.7252
vn -0.2508 0.7690 0.5881
vn -0.5837 -0.1271 0.8019
vn -0.0062 -0.0095 0.9999
vn -0.7621 0.4775 0.4373
vn 0.0175 0.5650 0.8249
vn -0.0423 0.8891 0.4557
vn -0.4553 -0.4578 0.7636
vn -0.0229 -0.1792 0.9835
vn -0.0251 -0.5566 0.8304
vn 0.0599 0.0482 0.9970
vn 0.1298 0.0927 0.9872
vn 0.0410 -0.5197 0.8534
vn -0.3728 -0.8686 0.3266
vn -0.1505 -0.8192 0.5534
vn -0.1592 -0.7558 0.6351
vn -0.4343 -0.8095 0.3950
vn -0.9965 0.0778 -0.0319
vn -0.9364 0.1416 0.3211
vn 0.5861 0.2712 0.7635
vn 0.6039 0.4296 0.6714
vn 0.3738 0.1005 0.9220
vn 0.3617 0.0468 0.9311
vn 0.7223 0.4950 0.4830
vn 0.7856 0.2426 0.5692
vn 0.8228 0.4453 0.3533
vn 0.6444 0.7565 0.1112
vn 0.4400 0.7932 -0.4209
vn 0.7619 0.6410 0.0922
vn 0.5092 0.2183 0.8325
vn 0.5196 0.0928 0.8493
vn 0.6247 0.7665 -0.1494
vn 0.3198 0.6764 -0.6635
vn 0.2263 0.9016 -0.3686
vn 0.2603 0.7462 -0.6128
vn 0.0265 0.7427 -0.6691
vn -0.0869 0.9378 -0.3361
vn -0.5137 0.3654 -0.7762
vn -0.5954 0.6383 -0.4880
vn -0.2830 0.9443 -0.1681
vn -0.5976 0.7219 -0.3489
vn -0.6227 0.7215 -0.3028
vn -0.4256 0.8951 -0.1326
vn -0.8871 0.3425 -0.3095
vn -0.8912 0.3381 -0.3023
vn -0.6748 0.6759 -0.2964
vn -0.6669 0.6511 -0.3623
vn -0.4591 0.8714 -0.1727
vn -0.4043 0.8794 -0.2513
vn -0.8092 0.4087 -0.4221
vn -0.8521 0.3670 -0.3732
vn -0.8876 0.2474 -0.3886
vn -0.7891 0.3981 -0.4677
vn -0.8725 -0.1101 -0.4760
vn -0.9195 -0.1350 -0.3692
vn -0.8429 0.2692 -0.4658
vn -0.8432 -0.0674 -0.5334
vn -0.9114 0.0796 -0.4037
vn -0.3749 0.8893 -0.2618
vn -0.5056 0.8496 -0.1504
vn -0.3968 0.8910 -0.2208
vn -0.8882 0.3280 -0.3219
vn -0.5916 0.7633 -0.2595
vn -0.4793 0.8604 -0.1730
vn -0.8040 0.5382 -0.2529
vn 0.0103 0.9999 0.0071
vn -0.1011 0.9838 -0.1479
vn 0.1178 0.9802 0.1591
vn -0.2716 0.9624 0.0009
vn -0.6900 0.6831 -0.2393
vn -0.1571 0.9235 -0.3500
vn -0.6281 0.6411 -0.4410
vn -0.7156 0.5721 -0.4008
vn -0.2283 0.8506 -0.4737
vn -0.8905 0.1902 -0.4133
vn 0.3425 0.8059 -0.4828
vn 0.3915 0.8959 -0.2101
vn 0.7504 0.6555 -0.0848
vn 0.7470 0.5598 -0.3587
vn 0.6828 0.7234 0.1026
vn 0.3910 0.9203 -0.0113
vn -0.0911 0.6530 0.7519
vn 0.2666 0.9539 0.1378
vn 0.4503 0.7572 0.4732
vn 0.4080 0.4858 0.7730
vn 0.7332 0.5029 0.4577
vn 0.6869 0.3553 0.6340
vn 0.1867 0.9824 -0.0018
vn -0.1658 0.7724 0.6131
vn -0.5285 0.5499 0.6468
vn -0.0862 0.9958 0.0309
vn -0.3751 -0.0453 0.9259
vn -0.0923 0.2147 0.9723
vn -0.3292 0.2739 0.9037
vn -0.0541 -0.1033 0.9932
vn -0.3585 0.9312 0.0659
vn -0.9579 0.2755 0.0814
vn -0.9970 0.0127 -0.0762
vn -0.7895 -0.1961 0.5816
vn -0.9537 -0.0376 0.2983
vn -0.9563 0.2033 -0.2101
vn -0.3638 -0.3797 0.8506
vn -0.4027 -0.4507 0.7967
vn -0.0471 -0.4092 0.9112
vn -0.0308 -0.5297 0.8476
vn -0.8426 0.4905 -0.2224
vn -0.7753 0.5631 -0.2860
vn -0.4893 0.6721 -0.5557
vn -0.3419 0.7480 -0.5688
vn -0.7787 0.0417 0.6260
vn -0.8671 0.3859 0.3150
vn -0.9047 0.4053 -0.1310
vn -0.8951 -0.0170 0.4456
vn -0.6510 0.6584 -0.3778
vn -0.7467 0.6651 -0.0067
vn 0.6597 0.5782 -0.4801
vn 0.9104 0.3944 -0.1250
vn 0.9232 0.2088 -0.3226
vn 0.6519 0.4907 -0.5781
vn 0.9609 0.0939 0.2605
vn 0.9820 -0.0943 0.1635
vn 0.9562 0.2265 -0.1854
vn 0.9843 0.0220 0.1754
vn 0.2354 0.6938 -0.6806
vn 0.1701 0.7147 -0.6785
vn 0.7024 0.0043 0.7117
vn 0.6382 -0.3257 0.6976
vn 0.2266 -0.1740 0.9583
vn 0.0403 -0.4523 0.8910
vn 0.5930 -0.3832 0.7081
vn 0.6064 0.6754 0.4198
vn 0.7176 0.6843 -0.1295
vn 0.0887 0.9054 -0.4152
vn -0.1031 0.9274 0.3595
vn -0.3882 -0.4339 0.8130
vn -0.3506 -0.2057 0.9136
vn -0.2879 0.3322 0.8982
vn 0.4823 0.3145 0.8176
vn 0.8340 0.4133 0.3656
vn -0.2422 0.7362 0.6319
vn 0.0575 0.7883 0.6126
vn 0.0052 0.6780 0.7350
vn -0.2729 0.6706 0.6898
vn 0.0817 0.8193 0.5675
vn -0.2462 0.7607 0.6006
vn -0.2604 0.7523 0.6052
vn 0.1063 0.7818 0.6144
vn -0.2088 0.7400 0.6394
vn -0.2107 0.7583 0.6169
vn -0.0677 0.7941 0.6040
vn -0.1028 0.7766 0.6215
vn -0.0633 0.8109 0.5817
vn -0.2151 0.7491 0.6266
vn -0.2739 0.7274 0.6292
vn 0.1415 0.7050 0.6949
vn -0.2725 0.7038 0.6561
vn 0.2011 0.6064 0.7693
vn -0.0502 0.7557 0.6530
vn -0.1812 0.7473 0.6393
vn -0.1993 0.7004 0.6853
vn -0.0882 0.6470 0.7574
vn -0.2474 0.6997 0.6702
vn 0.2789 0.5560 0.7830
vn -0.1943 0.6968 0.6904
vn 0.3745 0.4886 0.7881
vn -0.2728 0.6741 0.6864
vn -0.1134 0.6349 0.7642
vn -0.3159 0.6773 0.6645
vn -0.1180 0.6673 0.7354
vn 0.0017 0.6653 0.7466
vn 0.0230 0.6831 0.7300
vn 0.6888 0.3138 0.6535
vn 0.6456 0.2995 0.7025
vn 0.5106 0.3841 0.7693
vn -0.1085 0.6806 0.7246
vn -0.3165 0.6861 0.6550
vn -0.1382 0.6821 0.7181
vn -0.2876 0.7166 0.6355
vn -0.1524 0.7014 0.6962
vn -0.2110 0.6756 0.7064
vn -0.2071 0.7062 0.6770
vn -0.1236 0.7296 0.6726
vn -0.4413 0.6627 0.6050
vn -0.2310 0.6565 0.7181
vn -0.4831 0.6073 0.6307
vn -0.1863 0.6165 0.7650
vn -0.5562 0.5037 0.6610
vn -0.9732 0.2258 0.0443
vn -0.9880 0.1526 0.0245
vn -0.8795 -0.2098 -0.4272
vn -0.8653 -0.2220 -0.4494
vn -0.9998 0.0169 -0.0055
vn -0.8556 -0.2842 -0.4326
vn -0.1560 0.7484 0.6446
vn -0.1909 0.7695 0.6095
vn -0.5809 0.6707 0.4612
vn -0.5404 0.6469 0.5381
vn -0.8655 -0.1444 -0.4796
vn -0.9679 0.2394 -0.0764
vn -0.9527 0.3034 0.0153
vn -0.9003 -0.0290 -0.4342
vn -0.2554 0.7465 0.6144
vn -0.2130 0.7905 0.5742
vn -0.5962 0.6289 0.4990
vn -0.6456 0.5679 0.5106
vn -0.8312 -0.2604 -0.4912
vn -0.7515 -0.2446 -0.6128
vn -0.7590 -0.2452 -0.6031
vn -0.8347 -0.2634 -0.4837
vn -0.7625 -0.1919 -0.6179
vn -0.7034 -0.2904 -0.6488
vn -0.7852 -0.2592 -0.5623
vn -0.6896 -0.3298 -0.6448
vn -0.8130 -0.2839 -0.5084
vn -0.9425 0.2538 0.2173
vn -0.9411 0.3031 0.1496
vn -0.9671 -0.0026 -0.2544
vn -0.9870 -0.0169 -0.1597
vn -0.8658 -0.1621 -0.4734
vn -0.8697 -0.2017 -0.4505
vn -0.6793 -0.3777 -0.6291
vn -0.7046 -0.4278 -0.5661
vn -0.7160 -0.4482 -0.5353
vn -0.7171 -0.3497 -0.6028
vn -0.6906 0.5394 0.4818
vn -0.2934 0.7025 0.6484
vn -0.2621 0.6900 0.6747
vn -0.7124 0.5391 0.4493
vn -0.8829 -0.2594 -0.3913
vn -0.8813 -0.2232 -0.4164
vn -0.9917 -0.0111 -0.1279
vn -0.9931 -0.0024 -0.1171
vn -0.9473 0.2720 0.1690
vn -0.9461 0.2334 0.2247
vn -0.7103 0.5190 0.4754
vn -0.2386 0.6648 0.7079
vn -0.2448 0.6170 0.7479
vn -0.6995 0.4887 0.5214
vn -0.9533 0.2561 0.1603
vn -0.9949 -0.0432 -0.0913
vn -0.9928 -0.1068 -0.0539
vn -0.9586 0.2022 0.2005
vn -0.7308 -0.5067 -0.4574
vn -0.8719 -0.3595 -0.3324
vn -0.8703 -0.4167 -0.2625
vn -0.7965 -0.4614 -0.3907
vn -0.8131 -0.3303 -0.4793
vn -0.7612 -0.3890 -0.5188
vn -0.9789 -0.2011 -0.0366
vn -0.9580 0.1445 0.2478
vn -0.9571 0.1442 0.2514
vn -0.9858 -0.1679 -0.0008
vn -0.6771 0.4717 0.5648
vn -0.6786 0.4894 0.5477
vn -0.2530 0.5920 0.7652
vn -0.2860 0.6306 0.7215
vn -0.9180 -0.3755 -0.1276
vn -0.8756 -0.4321 -0.2158
vn -0.2104 0.7249 0.6559
vn -0.2426 0.7597 0.6033
vn -0.2372 0.7871 0.5694
vn -0.5589 0.6573 0.5055
vn -0.8739 -0.1988 -0.4436
vn -0.8460 -0.2696 -0.4600
vn -0.8691 -0.3295 -0.3690
vn -0.9163 -0.1964 -0.3490
vn -0.3689 0.6701 0.6441
vn -0.7213 0.5207 0.4567
vn -0.9477 -0.1787 -0.2646
vn -0.9157 -0.3218 -0.2408
vn -0.9894 -0.1212 -0.0798
vn -0.9936 -0.0034 -0.1128
vn -0.9283 0.3250 0.1805
vn -0.9569 0.2207 0.1886
vn -0.5781 0.6781 0.4538
vn -0.2492 0.7972 0.5498
vn -0.2582 0.8090 0.5281
vn -0.5896 0.6923 0.4161
vn -0.9267 -0.0685 -0.3695
vn -0.8971 -0.1232 -0.4243
vn -0.9428 -0.0816 -0.3232
vn -0.9662 -0.0113 -0.2576
vn -0.9792 -0.0355 -0.2000
vn -0.9631 -0.0773 -0.2579
vn -0.9924 0.0733 -0.0985
vn -0.9935 0.0968 -0.0595
vn -0.8932 0.4092 0.1864
vn -0.9002 0.3917 0.1902
vn -0.6051 0.6872 0.4020
vn -0.2929 0.8055 0.5152
vn -0.6453 0.6551 0.3930
vn -0.3393 0.8146 0.4705
vn -0.9632 -0.0517 -0.2636
vn -0.9626 -0.0410 -0.2679
vn -0.9852 0.0603 -0.1604
vn -0.9823 0.1480 -0.1151
vn -0.9864 0.1272 -0.1040
vn -0.9885 0.0159 -0.1501
vn -0.9924 0.1123 -0.0498
vn -0.9858 0.1616 -0.0462
vn -0.9196 0.3662 0.1423
vn -0.9000 0.3998 0.1738
vn -0.9085 -0.0311 -0.4167
vn -0.9467 -0.0537 -0.3177
vn -0.9707 0.1895 -0.1475
vn -0.9457 0.2646 -0.1889
vn -0.9309 0.0113 -0.3650
vn -0.7200 -0.2768 -0.6364
vn -0.6685 0.1553 -0.7273
vn -0.8477 -0.2978 -0.4390
vn -0.8854 -0.2413 -0.3972
vn -0.8719 -0.3049 -0.3831
vn -0.9157 -0.1505 -0.3727
vn -0.8876 -0.1029 -0.4489
vn -0.9449 -0.0950 -0.3133
vn -0.6100 -0.7705 -0.1851
vn -0.6753 -0.7056 -0.2145
vn -0.9779 0.0152 -0.2086
vn -0.9663 0.0974 0.2382
vn -0.9982 -0.0352 -0.0483
vn -0.5251 0.6990 0.4855
vn -0.3716 0.5530 0.7458
vn -0.2414 0.3274 0.9135
vn -0.8441 0.1765 0.5063
vn -0.9830 -0.1783 -0.0435
vn -0.8807 -0.3819 -0.2802
vn -0.3359 0.0113 0.9418
vn -0.7899 0.1052 0.6041
vn -0.6699 -0.2134 0.7111
vn -0.8519 0.1170 0.5105
vn -0.9564 -0.0085 0.2918
vn -0.9771 -0.1124 0.1809
vn -0.5632 -0.6254 -0.5401
vn -0.3882 -0.7527 -0.5318
vn -0.4513 -0.8112 -0.3720
vn -0.6056 -0.6851 -0.4048
vn -0.4783 -0.7494 -0.4578
vn -0.5380 -0.7664 -0.3509
vn -0.6454 -0.7161 -0.2659
vn -0.5251 -0.8454 -0.0976
vn -0.5614 -0.7790 -0.2794
vn -0.4054 -0.4573 -0.7915
vn -0.3822 -0.3784 -0.8431
vn -0.2651 -0.6471 -0.7148
vn -0.2812 -0.6971 -0.6596
vn -0.2526 -0.5668 -0.7842
vn -0.3793 -0.3210 -0.8678
vn -0.2130 -0.6606 -0.7199
vn -0.2840 -0.7108 -0.6435
vn -0.2742 -0.7413 -0.6127
vn -0.3985 -0.2621 -0.8789
vn -0.2398 -0.4875 -0.8395
vn -0.2435 -0.4889 -0.8377
vn -0.4779 -0.2379 -0.8456
vn -0.0821 -0.6094 -0.7886
vn -0.1187 -0.6051 -0.7873
vn -0.6315 0.1145 -0.7669
vn -0.5832 0.1775 -0.7927
vn -0.5073 -0.1171 -0.8538
vn -0.5410 -0.1786 -0.8219
vn -0.4909 -0.0461 -0.8700
vn -0.5833 0.2279 -0.7797
vn -0.5337 0.8428 -0.0701
vn -0.4862 0.8667 -0.1112
vn -0.6315 0.4712 -0.6158
vn -0.6798 0.4548 -0.5754
vn -0.6055 0.5248 -0.5983
vn -0.4617 0.8718 -0.1639
vn -0.6329 0.3077 -0.7105
vn -0.5396 0.0030 -0.8419
vn -0.6670 0.0548 -0.7430
vn -0.7547 0.4084 -0.5135
vn -0.8912 0.3151 -0.3263
vn -0.8195 0.0073 -0.5730
vn -0.6663 -0.2267 -0.7104
vn -0.0230 0.7975 0.6029
vn -0.0232 0.8163 0.5772
vn -0.1568 0.8618 0.4823
vn -0.2404 0.8682 0.4341
vn -0.0617 0.8610 0.5049
vn -0.1897 0.8314 0.5224
vn -0.5999 0.7974 -0.0652
vn -0.6751 0.7370 -0.0335
vn -0.9115 0.4100 -0.0327
vn -0.9620 0.2698 -0.0416
vn -0.9562 0.2910 0.0303
vn -0.9062 0.4228 -0.0049
vn -0.3911 0.8577 0.3337
vn -0.4098 0.8522 0.3252
vn -0.7999 0.5765 0.1664
vn -0.8422 0.5324 -0.0853
vn 0.2775 0.7629 0.5839
vn 0.3300 0.7489 0.5747
vn -0.9100 0.4129 -0.0366
vn -0.9198 0.3773 0.1080
vn -0.2741 0.9597 0.0618
vn 0.1684 0.9351 0.3117
vn -0.6783 0.6719 -0.2975
vn -0.6496 0.7543 -0.0950
vn -0.8298 0.5520 -0.0824
vn -0.8377 0.5460 -0.0123
vn -0.6286 0.7418 0.2335
vn -0.5658 0.7298 -0.3837
vn -0.2936 0.9338 0.2047
vn -0.4184 0.7676 0.4855
vn -0.1040 0.8924 0.4392
vn -0.9388 0.3441 -0.0187
vn -0.8126 0.5518 0.1874
vn -0.8873 0.2339 -0.3974
vn -0.9045 0.1751 -0.3889
vn -0.6022 0.7718 0.2041
vn -0.8255 0.5052 -0.2515
vn -0.9365 -0.0439 -0.3480
vn -0.9742 0.0505 -0.2200
vn -0.9329 -0.0543 -0.3560
vn -0.9082 -0.2224 -0.3546
vn -0.9444 0.1802 -0.2752
vn -0.9224 0.3825 -0.0540
vn -0.8686 0.2283 -0.4397
vn -0.8881 0.3345 -0.3152
vn -0.9227 0.1076 -0.3703
vn -0.8993 0.4151 -0.1377
vn -0.3945 -0.2049 -0.8958
vn -0.6748 -0.0951 -0.7319
vn -0.5709 -0.7172 -0.3995
vn -0.6585 -0.6708 -0.3413
vn 0.0424 0.8052 0.5915
vn 0.3493 0.7562 0.5533
vn 0.3888 0.9165 0.0946
vn 0.1057 0.9893 0.1006
vn -0.1151 0.0977 0.9885
vn -0.5582 -0.1891 0.8079
vn -0.2736 -0.5056 0.8182
vn 0.0634 -0.0707 0.9955
vn -0.5502 -0.7701 0.3228
vn -0.7976 -0.5246 0.2977
vn -0.6381 -0.7587 -0.1311
vn -0.7572 -0.6411 -0.1247
vn -0.0800 0.4574 0.8857
vn 0.1862 0.3539 0.9166
vn -0.7330 0.6480 0.2070
vn -0.9344 0.0872 0.3454
vn -0.5300 0.3544 0.7704
vn -0.3904 0.7994 0.4567
vn -0.9462 -0.1161 -0.3020
vn -0.6584 0.6078 -0.4440
vn -0.3039 0.9420 -0.1423
vn -0.6228 -0.6025 -0.4991
vn -0.1286 -0.3554 -0.9258
vn -0.3825 0.3984 -0.8337
vn -0.0925 0.8421 -0.5313
vn -0.7812 -0.6239 -0.0212
vn -0.4393 -0.8964 -0.0582
vn -0.2872 -0.9423 0.1720
vn -0.4885 0.8577 0.1605
vn -0.4731 0.8652 0.1663
vn -0.7644 0.3405 -0.5475
vn -0.7794 0.4557 -0.4300
vn -0.7451 0.4247 -0.5143
vn -0.8148 -0.0421 -0.5782
vn -0.7275 -0.0237 -0.6857
vn -0.7113 0.3902 -0.5847
vn -0.7993 0.0388 -0.5997
vn -0.8565 -0.1351 -0.4981
vn -0.6389 0.3729 -0.6729
vn -0.7120 0.3351 -0.6171
vn -0.7287 0.1632 -0.6651
vn -0.6913 0.0504 -0.7208
vn -0.6520 0.3918 -0.6492
vn -0.6973 -0.0004 -0.7168
vn -0.7702 0.1849 -0.6105
vn -0.9417 -0.0746 -0.3281
vn -0.9219 -0.0868 -0.3775
vn -0.9289 0.1804 -0.3233
vn -0.8975 0.2742 -0.3455
vn -0.7217 0.4765 -0.5021
vn -0.9148 -0.1094 -0.3888
vn -0.8132 0.1186 -0.5697
vn -0.4316 0.8499 -0.3022
vn -0.6131 0.7322 -0.2967
vn -0.5928 0.6536 -0.4705
vn -0.5871 0.6708 -0.4531
vn -0.9491 0.0250 -0.3140
vn -0.5851 0.7896 -0.1849
vn -0.3599 0.9017 -0.2397
vn -0.6275 0.6674 -0.4010
vn -0.4175 -0.6986 -0.5811
vn -0.5244 -0.6092 -0.5949
vn -0.5619 -0.6402 -0.5238
vn -0.4749 -0.5487 -0.6881
vn -0.3513 -0.6393 -0.6840
vn -0.4969 -0.6357 -0.5908
vn -0.5264 -0.6883 -0.4992
vn -0.5240 -0.7230 -0.4503
vn -0.9438 0.2910 -0.1565
vn -0.9872 0.1269 -0.0967
vn -0.5212 0.8117 0.2638
vn -0.4112 0.8989 0.1512
vn -0.8355 0.4827 -0.2626
vn -0.7160 0.6713 -0.1917
vn -0.1457 0.8806 0.4509
vn -0.3002 0.9305 0.2098
vn -0.5546 0.8320 -0.0138
vn -0.0334 0.8226 0.5677
vn -0.1868 0.8664 0.4631
vn -0.1478 0.9012 0.4075
vn -0.6356 0.7641 0.1103
vn -0.6578 0.7440 0.1171
vn -0.5880 0.8083 0.0296
vn -0.1569 0.9412 0.2992
vn -0.2595 0.8538 0.4512
vn -0.6866 0.7251 0.0524
vn -0.4631 -0.5812 -0.6691
vn -0.4163 -0.5665 -0.7112
vn -0.2787 -0.6805 -0.6776
vn -0.2959 -0.6819 -0.6690
vn -0.2568 -0.6756 -0.6911
vn -0.4100 -0.5665 -0.7148
vn -0.3057 -0.6301 -0.7138
vn -0.2850 -0.5889 -0.7563
vn -0.7491 0.0341 -0.6615
vn -0.8095 0.0153 -0.5869
vn -0.8443 0.4340 -0.3143
vn -0.8084 0.4251 -0.4072
vn -0.8713 0.4312 -0.2342
vn -0.8593 -0.0061 -0.5114
vn -0.5119 -0.5918 -0.6227
vn -0.3358 -0.7049 -0.6248
vn -0.8805 0.4203 -0.2192
vn -0.8515 0.4282 -0.3026
vn -0.8868 -0.0050 -0.4622
vn -0.8799 0.0029 -0.4751
vn -0.6914 0.0574 -0.7202
vn -0.5703 -0.2551 -0.7808
vn -0.5815 -0.3233 -0.7466
vn -0.4303 -0.5478 -0.7175
vn -0.6728 -0.3719 -0.6396
vn -0.6266 -0.3579 -0.6923
vn -0.7483 0.4358 -0.5001
vn -0.6972 -0.3697 -0.6142
vn -0.7379 -0.3873 -0.5527
vn 0.7829 0.3007 0.5447
vn 0.7668 0.3425 0.5428
vn 0.7744 0.3691 0.5139
vn 0.7505 0.3368 0.5686
vn 0.6006 0.5233 0.6046
vn 0.5930 0.5246 0.6109
vn 0.5813 0.5603 0.5901
vn 0.5772 0.5338 0.6180
vn 0.7839 0.2568 0.5653
vn 0.5720 0.5265 0.6290
vn 0.5578 0.5445 0.6264
vn 0.7932 0.2498 0.5554
vn 0.5438 0.6408 0.5418
vn 0.5697 0.6022 0.5594
vn 0.4177 0.6147 0.6691
vn 0.3971 0.6468 0.6511
vn 0.3919 0.7005 0.5965
vn 0.3558 0.7115 0.6059
vn 0.4530 0.6780 0.5789
vn 0.3994 0.7208 0.5665
vn 0.9127 0.3920 -0.1154
vn 0.6945 0.6331 0.3420
vn 0.6455 0.6446 0.4097
vn 0.9092 0.4156 -0.0256
vn 0.8590 -0.0050 -0.5120
vn 0.9153 0.1476 -0.3747
vn -0.3544 -0.7026 -0.6171
vn -0.3656 -0.6389 -0.6768
vn -0.4122 -0.6366 -0.6518
vn -0.4168 -0.6685 -0.6160
vn -0.4336 -0.6289 -0.6454
vn -0.4169 -0.6827 -0.6002
vn -0.4891 -0.6514 -0.5800
vn -0.4989 -0.6152 -0.6104
vn -0.5230 -0.5652 -0.6380
vn -0.4963 -0.5845 -0.6419
vn -0.5727 -0.5263 -0.6285
vn -0.5684 -0.5478 -0.6139
vn -0.4817 -0.6142 -0.6251
vn -0.3014 -0.6914 -0.6566
vn -0.3648 -0.7398 -0.5653
vn -0.5031 -0.6623 -0.5552
vn -0.5810 -0.5502 -0.5997
vn -0.5522 -0.5637 -0.6143
vn -0.5547 -0.5951 -0.5815
vn -0.5703 -0.5763 -0.5854
vn -0.5790 -0.5533 -0.5989
vn -0.5626 -0.5730 -0.5960
vn -0.4564 -0.5938 -0.6627
vn -0.4764 -0.6407 -0.6022
vn -0.1636 -0.6631 -0.7305
vn -0.4804 -0.4290 -0.7649
vn 0.0522 -0.7085 -0.7038
vn -0.2734 -0.5051 -0.8186
vn -0.1259 -0.7386 -0.6622
vn -0.2304 -0.7041 -0.6716
vn -0.4821 -0.3763 -0.7912
vn -0.4281 -0.4320 -0.7938
vn -0.4673 -0.6971 -0.5437
vn -0.4824 -0.4046 -0.7769
vn -0.3135 -0.6435 -0.6983
vn -0.3271 -0.9154 -0.2345
vn -0.2875 -0.9533 0.0920
vn -0.4219 -0.9033 -0.0775
vn -0.5411 -0.7229 -0.4296
vn -0.5254 -0.3991 -0.7514
vn -0.5254 -0.4288 -0.7349
vn -0.5542 -0.5028 -0.6634
vn -0.5550 -0.4707 -0.6859
vn -0.5777 -0.7107 -0.4015
vn -0.5823 -0.6430 -0.4975
vn -0.3840 -0.3623 -0.8493
vn -0.4242 -0.3508 -0.8348
vn -0.4893 -0.6465 -0.5854
vn -0.4251 -0.6307 -0.6493
vn -0.3931 -0.4161 -0.8199
vn -0.3645 -0.2969 -0.8826
vn -0.3773 -0.2391 -0.8947
vn -0.3907 -0.2349 -0.8900
vn -0.4303 -0.4799 -0.7646
vn 0.3937 0.8474 0.3563
vn 0.5011 0.8246 0.2624
vn 0.5339 0.7722 0.3444
vn 0.4257 0.8051 0.4130
vn 0.6072 0.7430 0.2816
vn 0.5027 0.8644 0.0078
vn 0.5754 0.3742 0.7273
vn 0.5219 0.4520 0.7234
vn 0.3911 0.4834 0.7832
vn 0.7888 0.5049 0.3507
vn 0.5601 0.7112 0.4248
vn 0.4528 0.8900 -0.0533
vn 0.7169 0.6971 -0.0129
vn 0.4978 0.8516 0.1642
vn 0.5245 0.6614 0.5362
vn 0.5128 0.2209 0.8296
vn 0.5373 0.2211 0.8139
vn 0.4211 -0.0096 0.9070
vn 0.4481 -0.1838 0.8749
vn 0.4415 0.1119 0.8902
vn 0.5776 0.0940 0.8109
vn 0.4454 0.0184 0.8951
vn 0.5311 0.3344 0.7785
vn 0.5181 0.2483 0.8185
vn 0.4746 0.8799 0.0221
vn 0.6002 0.7093 0.3698
vn 0.5629 0.5188 0.6434
vn 0.6192 0.7830 0.0592
vn 0.4770 0.2707 0.8362
vn 0.5222 0.8350 0.1736
vn 0.4846 0.1293 0.8651
vn 0.6357 0.4076 0.6555
vn 0.4229 0.0196 0.9060
vn 0.7850 0.3206 0.5301
vn 0.8636 0.2060 0.4601
vn 0.5652 0.6709 0.4800
vn 0.6654 0.5928 0.4537
vn 0.8468 0.3177 0.4266
vn 0.9594 0.1606 0.2320
vn 0.8094 0.3015 0.5040
vn 0.7168 0.5679 0.4046
vn 0.7914 0.3181 0.5220
vn 0.7945 0.4327 0.4262
vn 0.7115 0.5466 0.4416
vn 0.7413 0.1854 0.6450
vn 0.6684 0.3606 0.6505
vn 0.6986 0.3637 0.6162
vn 0.4020 0.9041 0.1448
vn 0.6394 0.7356 0.2238
vn 0.6152 0.7290 0.3003
vn 0.4352 0.8659 0.2467
vn 0.4157 0.8053 0.4227
vn 0.5678 0.7283 0.3836
vn 0.6186 0.0824 0.7814
vn 0.3698 0.1669 0.9140
vn 0.4008 -0.0914 0.9116
vn 0.7233 0.1546 0.6730
vn 0.5890 0.6954 0.4117
vn 0.6752 0.6516 0.3458
vn 0.6391 0.5672 0.5194
vn 0.7288 0.5365 0.4255
vn 0.7680 0.4491 0.4566
vn 0.7566 0.0580 0.6513
vn 0.7667 0.0224 0.6417
vn 0.7629 0.2923 0.5766
vn 0.7450 0.3119 0.5896
vn 0.7884 0.5508 0.2738
vn 0.7529 0.6078 0.2523
vn 0.8912 0.1047 0.4414
vn 0.8844 0.4544 0.1063
vn 0.4895 -0.3827 0.7835
vn 0.7047 0.1901 0.6835
vn 0.6838 0.1680 0.7101
vn 0.7509 0.5614 0.3478
vn 0.7807 0.5504 0.2960
vn 0.7365 0.6747 0.0484
vn 0.7059 0.7005 0.1049
vn 0.7310 0.6807 -0.0470
vn 0.8509 0.4734 0.2278
vn 0.6625 0.6965 -0.2757
vn 0.7271 0.6491 -0.2235
vn 0.6728 0.7357 0.0782
vn 0.6061 0.6799 -0.4127
vn 0.6874 0.5575 -0.4654
vn 0.5889 0.5243 -0.6150
vn 0.5381 0.5761 -0.6153
vn 0.7096 0.3858 -0.5896
vn 0.7935 0.5283 -0.3021
vn 0.7581 0.5738 -0.3099
vn 0.9639 0.2638 -0.0373
vn 0.9111 0.0116 -0.4121
vn 0.6991 0.3988 -0.5935
vn 0.8001 -0.4766 0.3642
vn 0.9775 -0.1331 0.1637
vn 0.9068 0.1410 0.3972
vn 0.8450 -0.2092 0.4922
vn 0.6466 -0.7574 0.0912
vn 0.8900 -0.4162 -0.1862
vn 0.5384 0.1026 -0.8364
vn 0.3760 0.3190 -0.8700
vn 0.6640 -0.2442 -0.7067
vn 0.2941 -0.3045 -0.9060
vn 0.2639 -0.0676 -0.9622
vn 0.2680 0.1487 -0.9519
vn 0.3997 -0.8714 -0.2846
vn 0.6373 -0.5623 -0.5270
vn 0.2696 -0.5457 -0.7934
vn 0.1142 -0.8260 -0.5520
vn -0.0119 -0.8568 -0.5155
vn 0.0913 -0.6017 -0.7935
vn -0.0612 -0.9176 -0.3927
vn -0.0756 -0.6059 -0.7919
vn 0.1611 -0.3730 -0.9137
vn -0.0622 -0.2430 -0.9680
vn -0.5588 -0.7715 -0.3043
vn -0.5261 -0.8308 -0.1815
vn -0.5120 -0.8565 -0.0654
vn -0.4771 -0.8777 0.0447
vn -0.5117 -0.8455 -0.1525
vn -0.5449 -0.8144 -0.1997
vn -0.5733 -0.5735 -0.5851
vn -0.4656 -0.3158 -0.8268
vn -0.5607 -0.5645 -0.6058
vn -0.5573 -0.6159 -0.5568
vn -0.4563 -0.5710 -0.6824
vn -0.2740 -0.1902 -0.9427
vn -0.1121 -0.5945 -0.7962
vn -0.0303 -0.5253 -0.8504
vn -0.4101 -0.8639 -0.2923
vn -0.4078 -0.9107 -0.0657
vn -0.4367 -0.4104 -0.8006
vn -0.4602 -0.6594 -0.5945
vn -0.4509 -0.5504 -0.7027
vn -0.3180 -0.8976 -0.3053
vn -0.3496 -0.7126 -0.6083
vn -0.4275 -0.2309 -0.8740
vn -0.3557 -0.4388 -0.8252
vn -0.2354 -0.3742 -0.8970
vn -0.3518 -0.2116 -0.9118
vn -0.2432 0.0497 -0.9687
vn -0.3404 -0.0718 -0.9375
vn -0.2725 0.0480 -0.9610
vn -0.3694 0.0481 -0.9280
vn -0.4688 -0.1927 -0.8620
vn -0.3003 -0.1789 -0.9369
vn -0.1647 -0.2744 -0.9474
vn -0.0056 -0.5781 -0.8160
vn -0.1759 0.0896 -0.9803
vn -0.0535 -0.6383 -0.7680
vn -0.0598 -0.5694 -0.8199
vn -0.4417 -0.0767 -0.8939
vn -0.2175 -0.5427 -0.8113
vn -0.3403 -0.6126 -0.7134
vn -0.2697 0.0411 -0.9621
vn -0.5168 -0.2825 -0.8081
vn -0.2225 -0.6771 -0.7014
vn -0.2625 -0.6944 -0.6700
vn -0.4244 -0.4903 -0.7612
vn -0.3810 -0.4566 -0.8040
vn -0.4225 -0.5403 -0.7277
vn -0.3233 -0.4469 -0.8341
vn -0.2915 -0.7707 -0.5666
vn -0.2048 -0.7117 -0.6720
vn -0.1730 -0.8687 -0.4641
vn -0.0983 -0.5944 -0.7982
vn -0.1582 -0.9308 -0.3296
vn -0.1165 -0.6842 -0.7199
vn -0.2840 -0.4254 -0.8593
vn -0.2178 -0.5036 -0.8361
vn -0.1109 -0.3354 -0.9355
vn -0.1595 -0.3455 -0.9248
vn -0.3252 -0.4191 -0.8477
vn -0.2216 -0.3860 -0.8955
vn -0.0698 -0.4594 -0.8855
vn -0.0381 -0.3545 -0.9343
vn -0.2944 -0.4841 -0.8240
vn -0.2558 -0.4730 -0.8431
vn -0.2128 -0.4326 -0.8761
vn -0.3838 -0.5836 -0.7156
vn -0.1350 -0.3291 -0.9346
vn -0.3577 -0.5180 -0.7770
vn -0.4930 -0.6723 -0.5522
vn -0.5171 -0.6162 -0.5941
vn -0.0233 -0.3212 -0.9467
vn -0.0758 -0.3373 -0.9383
vn -0.0233 -0.1681 -0.9855
vn 0.0217 -0.1313 -0.9911
vn -0.1672 -0.3714 -0.9133
vn -0.0244 -0.3118 -0.9498
vn -0.0175 -0.0971 -0.9951
vn -0.0125 -0.1100 -0.9939
vn -0.2535 -0.3412 -0.9052
vn -0.2363 -0.2784 -0.9310
vn -0.5158 -0.5353 -0.6688
vn -0.5510 -0.5954 -0.5847
vn -0.4938 -0.4223 -0.7602
vn -0.4261 -0.4031 -0.8099
vn -0.4193 -0.4051 -0.8125
vn -0.4914 -0.4602 -0.7394
vn -0.4765 -0.4913 -0.7291
vn -0.4130 -0.4395 -0.7977
vn -0.3561 -0.4515 -0.8181
vn -0.4246 -0.4691 -0.7744
vn -0.1883 -0.2672 -0.9451
vn -0.1661 -0.2828 -0.9447
vn -0.1306 -0.2164 -0.9675
vn -0.4514 -0.3363 -0.8265
vn -0.3765 -0.4533 -0.8079
vn -0.0856 -0.2319 -0.9690
vn -0.5981 -0.5682 -0.5651
vn -0.7212 -0.4089 -0.5591
vn -0.5273 -0.4336 -0.7307
vn -0.5351 -0.4071 -0.7402
vn -0.5430 -0.4817 -0.6878
vn -0.5761 -0.4830 -0.6594
vn -0.5724 -0.5228 -0.6317
vn -0.5277 -0.5198 -0.6718
vn -0.4343 -0.4662 -0.7707
vn -0.4807 -0.4689 -0.7410
vn -0.2264 -0.2922 -0.9292
vn -0.1613 -0.2688 -0.9496
vn -0.1775 -0.0858 -0.9804
vn -0.2160 -0.1996 -0.9558
vn -0.1554 -0.0998 -0.9828
vn -0.2567 -0.1568 -0.9537
vn -0.1006 -0.0809 -0.9916
vn -0.1577 -0.2424 -0.9573
vn -0.4124 -0.4695 -0.7807
vn -0.4004 -0.4210 -0.8139
vn -0.5095 -0.4186 -0.7518
vn -0.4586 -0.5574 -0.6921
vn -0.5292 -0.6848 -0.5009
vn -0.4703 -0.4217 -0.7752
vn -0.6333 -0.6237 -0.4582
vn -0.3662 -0.6392 -0.6763
vn -0.3681 -0.5670 -0.7369
vn 0.6831 0.5972 0.4204
vn 0.6929 0.6120 0.3813
vn 0.5902 0.7579 0.2780
vn 0.6599 0.6722 0.3358
vn 0.7443 0.6090 0.2741
vn 0.7424 0.6195 0.2552
vn 0.5526 0.4322 0.7126
vn 0.5573 0.5252 0.6431
vn 0.5171 0.7179 0.4661
vn 0.8046 0.5690 0.1699
vn 0.7532 0.5319 0.3870
vn 0.7339 0.5018 0.4578
vn 0.8078 0.5545 0.2000
vn 0.5989 0.4405 0.6688
vn 0.6085 0.4723 0.6377
vn 0.5712 0.3613 0.7370
vn 0.5699 0.3969 0.7195
vn 0.4941 0.4287 0.7564
vn 0.5740 0.4977 0.6502
vn 0.6150 0.4192 0.6678
vn 0.5918 0.4962 0.6353
vn 0.6725 0.5815 0.4578
vn 0.7428 0.5508 0.3806
vn 0.7989 0.5859 0.1358
vn 0.7044 0.5775 0.4127
vn 0.7862 0.6058 0.1220
vn 0.8001 0.5987 -0.0383
vn 0.6649 0.4981 0.5565
vn 0.6997 0.5465 0.4602
vn 0.6255 0.5440 0.5593
vn 0.7528 0.5453 0.3688
vn 0.7208 0.4768 0.5031
vn 0.7134 0.4025 0.5736
vn 0.6784 0.5524 0.4844
vn 0.6969 0.3440 0.6293
vn 0.7539 0.3069 0.5808
vn 0.5503 0.1625 0.8190
vn 0.5719 0.3289 0.7515
vn 0.5814 0.4626 0.6693
vn 0.7312 -0.1823 0.6574
vn 0.5963 -0.2844 0.7507
vn 0.6471 -0.0597 0.7600
vn 0.7069 0.1283 0.6956
vn 0.7386 0.3500 0.5762
vn 0.6193 0.0381 0.7842
vn 0.7539 0.6371 0.1605
vn 0.6927 0.5388 0.4794
vn 0.5532 0.4307 0.7130
vn 0.6370 0.3873 0.6665
vn 0.7186 0.2847 0.6344
vn 0.7022 0.3022 0.6447
vn 0.7223 0.1113 0.6826
vn 0.7994 0.0019 0.6008
vn 0.7116 0.1483 0.6867
vn 0.9245 0.3476 0.1563
vn 0.9280 0.1296 0.3494
vn 0.7118 0.1340 0.6895
vn 0.7646 0.3038 0.5684
vn 0.7476 0.3720 0.5502
vn 0.8175 0.2226 0.5312
vn 0.8335 0.4670 0.2954
vn 0.7193 0.2940 0.6295
vn 0.7408 0.0787 0.6671
vn 0.7948 0.6055 -0.0409
vn 0.7726 0.6348 -0.0136
vn 0.7956 0.5932 0.1227
vn 0.0846 0.1400 0.9865
vn 0.3009 0.2703 0.9145
vn 0.3789 0.2918 0.8782
vn 0.2473 0.0635 0.9669
vn 0.0604 0.0899 0.9941
vn 0.2302 0.2305 0.9455
vn 0.1485 0.1121 0.9825
vn 0.1990 0.1578 0.9672
vn 0.4260 0.3259 0.8440
vn 0.5075 0.3760 0.7753
vn 0.3148 0.2509 0.9154
vn 0.2045 0.2018 0.9578
vn 0.4252 0.3286 0.8434
vn 0.4957 0.3757 0.7830
vn 0.1518 0.1933 0.9693
vn 0.1447 0.1868 0.9717
vn -0.0189 0.2069 0.9782
vn 0.1339 0.4048 0.9046
vn 0.3950 0.4030 0.8255
vn 0.4437 0.4184 0.7925
vn 0.3754 0.3837 0.8437
vn 0.2923 0.3833 0.8762
vn 0.0164 0.1976 0.9801
vn 0.0733 0.3100 0.9479
vn 0.0855 0.3008 0.9499
vn 0.0384 0.2537 0.9665
vn 0.2155 0.4076 0.8874
vn 0.2077 0.4655 0.8603
vn 0.1693 0.3500 0.9213
vn 0.1119 0.2494 0.9619
vn 0.0873 0.1921 0.9775
vn -0.5815 -0.6434 -0.4978
vn -0.6038 -0.6873 -0.4037
vn -0.5740 -0.6556 -0.4907
vn -0.5673 -0.6549 -0.4993
vn -0.6516 -0.5810 -0.4877
vn -0.6310 -0.5817 -0.5134
vn -0.7040 -0.6567 -0.2705
vn -0.6677 -0.6650 -0.3347
vn -0.6636 -0.5802 -0.4722
vn -0.6658 -0.5601 -0.4929
vn -0.7646 -0.4368 -0.4740
vn -0.7125 -0.4746 -0.5167
vn -0.6137 -0.6790 -0.4030
vn -0.5535 -0.7130 -0.4305
vn -0.5709 -0.7466 -0.3415
vn -0.6554 -0.7132 -0.2486
vn -0.6467 -0.6556 -0.3899
vn -0.6938 -0.6934 -0.1945
vn -0.6829 -0.7302 -0.0211
vn -0.5268 -0.7984 -0.2917
vn -0.6789 -0.7274 -0.1000
vn -0.4467 -0.8555 -0.2617
vn -0.3412 -0.7205 -0.6037
vn -0.4712 -0.7276 -0.4986
vn -0.5790 -0.6389 -0.5066
vn -0.5570 -0.5894 -0.5851
vn -0.7166 -0.6740 -0.1796
vn -0.6655 -0.6263 -0.4061
vn -0.6878 -0.6264 -0.3669
vn -0.5830 -0.5407 -0.6064
vn -0.3319 -0.8266 -0.4545
vn -0.0276 -0.7385 -0.6737
vn -0.5352 -0.6528 -0.5361
vn -0.2626 -0.5674 -0.7804
vn 0.1349 0.0980 0.9860
vn 0.2941 0.3118 0.9035
vn 0.4502 0.3989 0.7989
vn 0.3499 0.0437 0.9358
vn 0.5878 0.4241 0.6890
vn 0.5122 0.3624 0.7787
vn 0.5157 0.1430 0.8447
vn 0.5057 0.0789 0.8591
vn 0.3142 -0.1931 0.9295
vn 0.3147 -0.2378 0.9189
vn 0.2909 -0.2172 0.9318
vn 0.3929 -0.2031 0.8969
vn 0.2615 -0.1223 0.9574
vn 0.5178 -0.0052 0.8555
vn 0.7521 -0.1307 -0.6459
vn 0.3877 -0.6465 -0.6570
vn 0.1620 -0.5686 -0.8065
vn 0.5785 -0.0732 -0.8124
vn 0.8776 -0.2416 -0.4142
vn 0.6254 -0.6970 -0.3509
vn 0.3241 -0.9190 -0.2246
vn 0.0488 -0.9318 -0.3596
vn -0.1977 -0.8609 -0.4687
vn 0.5936 -0.0225 0.8044
vn 0.1524 -0.5923 0.7912
vn 0.4462 -0.5728 0.6876
vn 0.8597 0.2713 0.4328
vn 0.7931 0.4257 0.4356
vn 0.7858 -0.1233 0.6061
vn 0.4651 0.0001 0.8852
vn 0.7773 0.4386 0.4510
vn 0.0335 -0.5686 0.8219
vn -0.3003 -0.9382 0.1718
vn -0.0769 -0.9541 0.2893
vn -0.0170 -0.8390 0.5438
vn -0.1540 -0.8356 0.5273
vn 0.3558 -0.9049 0.2335
vn 0.4087 -0.7955 0.4474
vn 0.9071 -0.3929 0.1512
vn 0.8937 -0.2530 0.3705
vn 0.9520 0.2960 0.0778
vn 0.9207 0.3310 0.2068
vn 0.3251 -0.9457 -0.0035
vn -0.0813 -0.9962 -0.0320
vn -0.3405 -0.9333 -0.1144
vn 0.7960 -0.6019 -0.0640
vn 0.9891 0.0671 -0.1310
vn 0.8208 0.3608 -0.4429
vn 0.9023 0.3168 -0.2923
vn 0.8626 0.5029 0.0554
vn 0.8580 0.5132 0.0210
vn 0.8218 0.5392 0.1840
vn 0.8022 0.5631 0.1987
vn -0.0821 0.4498 0.8893
vn -0.0534 0.4544 0.8892
vn 0.1701 0.4782 0.8616
vn 0.1550 0.5060 0.8485
vn 0.3716 0.5095 0.7761
vn 0.0776 0.5122 0.8553
vn 0.7378 0.4462 0.5065
vn 0.5487 0.4881 0.6787
vn 0.4901 0.5334 0.6894
vn -0.3108 0.3902 0.8667
vn -0.2837 0.3933 0.8746
vn -0.5948 0.2509 0.7637
vn -0.6166 0.2650 0.7413
vn -0.5851 0.3229 0.7439
vn -0.1983 0.4707 0.8597
vn 0.0149 0.3564 0.9342
vn -0.0776 0.5255 0.8472
vn 0.2080 0.5763 0.7903
vn 0.2251 0.3077 0.9245
vn 0.5290 0.5480 0.6480
vn 0.3152 0.1839 0.9310
vn -0.2123 0.3104 0.9266
vn -0.3146 0.4638 0.8282
vn -0.6510 0.3201 0.6883
vn -0.6377 0.1874 0.7471
vn 0.4214 -0.1301 0.8975
vn 0.3030 -0.2396 0.9224
vn 0.2010 -0.3100 0.9292
vn 0.5004 -0.1954 0.8435
vn 0.4266 0.1693 0.8885
vn -0.9049 -0.0454 0.4231
vn -0.3943 -0.2728 0.8775
vn -0.7714 -0.5565 0.3086
vn -0.7285 -0.4546 0.5125
vn -0.1306 -0.7072 0.6949
vn -0.7778 -0.6284 -0.0117
vn -0.3376 -0.7795 0.5276
vn 0.8085 0.0984 0.5802
vn 0.6893 -0.1377 0.7113
vn 0.6822 0.1900 0.7061
vn 0.5943 0.0641 0.8017
vn -0.1744 -0.6757 0.7163
vn -0.0567 -0.6491 0.7586
vn 0.2316 -0.2183 0.9480
vn 0.1181 -0.3514 0.9287
vn 0.0322 -0.3583 0.9330
vn 0.2426 -0.5402 0.8058
vn 0.0368 -0.7142 0.6990
vn -0.0101 -0.2384 0.9711
vn 0.2226 0.0862 0.9711
vn 0.3680 0.1250 0.9214
vn 0.3862 -0.0118 0.9223
vn 0.1631 0.1187 0.9794
vn 0.0775 -0.7578 0.6479
vn 0.2004 -0.5215 0.8294
vn 0.0557 -0.6814 0.7298
vn 0.4216 -0.3024 0.8549
vn -0.0768 -0.1741 0.9817
vn -0.9252 0.1311 0.3561
vn -0.8892 0.1773 0.4217
vn -0.9570 0.0121 0.2897
vn -0.9466 0.1354 0.2927
vn -0.7127 -0.3714 -0.5951
vn -0.6133 -0.5064 -0.6061
vn -0.3828 -0.6254 -0.6799
vn -0.4663 -0.5397 -0.7009
vn -0.8532 -0.4995 -0.1501
vn -0.7485 -0.6437 -0.1596
vn -0.7913 -0.3186 -0.5219
vn -0.9521 -0.0044 -0.3057
vn -0.6732 -0.5000 -0.5448
vn -0.9149 -0.3141 -0.2537
vn -0.9996 0.0229 -0.0182
vn -0.6894 -0.7045 0.1687
vn -0.9957 -0.0014 0.0921
vn -0.1279 -0.5937 -0.7944
vn -0.3286 -0.5603 -0.7603
vn -0.0111 -0.5908 -0.8067
vn 0.0820 -0.5395 -0.8380
vn -0.9389 0.0028 0.3442
vn -0.8746 0.1531 0.4601
vn -0.8606 0.0722 0.5042
vn -0.9490 -0.0946 0.3008
vn -0.8817 -0.4201 -0.2146
vn -0.9687 -0.1739 0.1769
vn -0.9544 -0.2898 0.0714
vn -0.8182 -0.5077 -0.2698
vn -0.5447 -0.6058 -0.5799
vn -0.6190 -0.5601 -0.5505
vn -0.9618 -0.1379 0.2364
vn -0.8558 0.0520 0.5147
vn -0.8694 0.1100 0.4818
vn -0.9807 -0.1187 0.1554
vn -0.3045 -0.5368 -0.7869
vn -0.4656 -0.5261 -0.7116
vn -0.4749 -0.5746 -0.6665
vn -0.2081 -0.5765 -0.7902
vn -0.7975 -0.4772 -0.3691
vn -0.8014 -0.4320 -0.4137
vn -0.9372 -0.3361 -0.0932
vn -0.9409 -0.3064 -0.1444
vn -0.9858 -0.0799 0.1476
vn -0.8492 0.2021 0.4879
vn -0.9946 -0.0550 0.0875
vn -0.8625 0.2364 0.4474
vn -0.4986 0.4670 0.7302
vn -0.5256 0.4305 0.7338
vn -0.3948 -0.4185 -0.8179
vn -0.6960 -0.3973 -0.5981
vn -0.5237 -0.4884 -0.6980
vn -0.3205 -0.4955 -0.8073
vn -0.8400 -0.3911 -0.3762
vn -0.8969 -0.3348 -0.2889
vn -0.9607 -0.2480 -0.1245
vn -0.9566 -0.2665 -0.1180
vn -0.8199 0.0610 0.5692
vn -0.5569 0.2567 0.7899
vn -0.6197 0.2454 0.7455
vn -0.8087 0.0792 0.5828
vn -0.3169 0.4231 0.8488
vn -0.2171 0.4038 0.8887
vn -0.3029 0.3335 0.8928
vn -0.6351 0.1350 0.7605
vn -0.8531 -0.0260 0.5211
vn -0.9094 -0.3725 -0.1849
vn -0.9589 -0.1446 0.2440
vn -0.9591 -0.1836 0.2154
vn -0.9058 -0.3809 -0.1857
vn -0.8893 -0.4165 -0.1889
vn -0.9549 -0.1962 0.2231
vn -0.3437 -0.5542 -0.7581
vn -0.5635 -0.5616 -0.6059
vn -0.5657 -0.5115 -0.6468
vn -0.3618 -0.5259 -0.7698
vn -0.5914 -0.4953 -0.6364
vn -0.4453 -0.5299 -0.7217
vn 0.0941 0.9726 0.2124
vn 0.0920 0.9876 0.1271
vn 0.1453 0.9705 0.1924
vn 0.1219 0.9666 0.2255
vn 0.3411 0.6867 0.6419
vn 0.2567 0.7931 0.5523
vn 0.3314 -0.5340 0.7778
vn 0.4027 0.0355 0.9146
vn 0.2722 -0.4556 0.8475
vn 0.3603 0.2816 0.8893
vn 0.3119 -0.6455 0.6972
vn 0.3616 -0.2819 0.8887
vn 0.2418 -0.2336 0.9418
vn 0.2121 -0.5595 0.8012
vn 0.4739 0.6810 0.5583
vn 0.4472 0.6668 0.5962
vn 0.4601 0.7376 0.4942
vn 0.4194 0.8399 0.3445
vn 0.4945 0.6901 0.5284
vn 0.4349 0.7109 0.5528
vn 0.3884 0.7553 0.5280
vn 0.3790 0.7244 0.5758
vn 0.8376 -0.4132 -0.3572
vn 0.7570 -0.6402 -0.1310
vn 0.3592 -0.6397 -0.6795
vn 0.4753 -0.7264 -0.4964
vn -0.1479 -0.0139 -0.9889
vn -0.0289 0.3883 -0.9211
vn -0.0181 -0.0055 -0.9998
vn 0.2458 0.2693 -0.9312
vn 0.2838 -0.1574 -0.9459
vn 0.4486 -0.3550 -0.8202
vn 0.8414 -0.0558 -0.5375
vn 0.7426 0.0983 -0.6625
vn 0.2849 0.1527 -0.9463
vn 0.4767 0.3334 -0.8134
vn -0.0067 -0.0201 -0.9998
vn 0.4638 0.1360 -0.8755
vn 0.8175 0.1351 -0.5598
vn 0.7426 0.3088 -0.5943
vn 0.3929 -0.0425 -0.9186
vn 0.3599 -0.2558 -0.8972
vn -0.1603 -0.3117 -0.9366
vn -0.2344 -0.4889 -0.8403
vn -0.0507 0.0872 -0.9949
vn 0.2097 -0.0598 -0.9759
vn 0.0076 -0.9975 -0.0700
vn 0.4104 -0.9027 0.1291
vn 0.3929 -0.8888 -0.2361
vn -0.0757 -0.9853 -0.1534
vn 0.0414 -0.5391 0.8412
vn 0.3756 0.0335 0.9262
vn 0.3389 0.1191 0.9332
vn 0.2129 -0.4133 0.8854
vn 0.7325 0.4705 0.4920
vn 0.6536 0.5392 0.5310
vn -0.0689 -0.8888 0.4530
vn -0.2029 -0.9792 0.0006
vn 0.2400 -0.9042 0.3533
vn 0.0691 -0.9764 -0.2045
vn 0.4567 -0.3334 -0.8248
vn 0.9363 0.0537 -0.3471
vn 0.8239 0.2666 -0.5002
vn 0.4721 -0.0709 -0.8787
vn 0.8721 0.4892 0.0117
vn 0.8453 0.5131 0.1489
vn 0.7732 0.5992 0.2076
vn 0.7197 0.6530 0.2360
vn 0.7475 0.2797 0.6025
vn 0.8350 0.2310 0.4994
vn 0.8482 -0.1732 0.5005
vn 0.7341 -0.0313 0.6784
vn 0.7443 -0.6034 0.2863
vn 0.8366 -0.5052 0.2118
vn -0.3391 -0.4440 -0.8294
vn -0.4567 -0.3578 -0.8145
vn -0.3866 -0.5053 -0.7715
vn -0.3922 -0.6023 -0.6953
vn -0.3528 -0.5885 -0.7274
vn -0.5480 -0.4828 -0.6831
vn -0.4385 -0.6723 -0.5965
vn -0.6287 -0.5838 -0.5138
vn -0.3573 -0.6639 -0.6569
vn 0.6279 0.5536 0.5470
vn 0.5533 0.5960 0.5819
vn 0.6129 0.5094 0.6040
vn 0.6525 0.4908 0.5774
vn 0.4680 0.5460 0.6949
vn 0.3121 0.6823 0.6611
vn 0.5214 0.4505 0.7247
vn 0.6407 0.4436 0.6267
vn 0.6953 0.4275 0.5778
vn -0.3325 -0.5628 -0.7568
vn -0.2915 -0.6846 -0.6681
vn -0.3456 -0.6874 -0.6388
vn -0.3969 -0.5735 -0.7167
vn -0.1835 -0.6658 -0.7232
vn -0.2347 -0.5387 -0.8092
vn 0.8530 0.3733 -0.3647
vn 0.6508 0.0168 -0.7591
vn 0.6881 0.0253 -0.7252
vn 0.8203 0.1253 -0.5581
vn 0.8192 0.4071 -0.4040
vn 0.6280 0.0147 -0.7781
vn 0.4379 -0.1909 -0.8785
vn 0.5020 -0.1540 -0.8510
vn 0.6009 -0.0648 -0.7967
vn 0.5495 0.1006 -0.8294
vn 0.2590 -0.1438 -0.9551
vn 0.7050 0.2889 -0.6477
vn 0.6809 0.7274 -0.0852
vn 0.3299 0.8326 0.4448
vn 0.6143 0.7231 0.3158
vn 0.4048 0.7022 0.5857
vn 0.7149 0.6107 0.3405
vn 0.9403 0.3373 -0.0453
vn 0.4520 0.5189 0.7256
vn 0.4733 0.5622 0.6782
vn 0.1356 0.8763 0.4623
vn 0.2830 0.8645 0.4153
vn 0.1842 0.9349 0.3033
vn 0.1152 0.9317 0.3445
vn 0.3292 0.8779 0.3477
vn 0.4178 0.8005 0.4297
vn 0.4109 0.7541 0.5124
vn 0.5452 0.6727 0.5003
vn 0.1788 0.7986 0.5747
vn -0.0528 -0.6411 -0.7656
vn 0.3161 -0.4685 -0.8250
vn 0.1900 -0.6072 -0.7715
vn 0.5654 -0.3633 -0.7405
vn 0.8169 -0.0906 -0.5696
vn 0.4638 0.7224 0.5129
vn 0.4519 0.7008 0.5519
vn 0.4827 0.6601 0.5755
vn 0.5240 0.6971 0.4893
vn 0.4101 0.6143 0.6741
vn 0.4599 0.6205 0.6352
vn 0.4466 0.7255 0.5237
vn 0.3802 0.7170 0.5843
vn 0.5025 0.7309 0.4619
vn 0.8566 -0.0510 -0.5135
vn 0.8980 0.0403 -0.4382
vn 0.5168 -0.4007 -0.7566
vn 0.5051 -0.2845 -0.8148
vn 0.7377 0.1624 -0.6553
vn 0.8457 0.2168 -0.4876
vn 0.3508 -0.0257 -0.9361
vn 0.1112 -0.0743 -0.9910
vn 0.8282 0.1109 -0.5494
vn 0.3743 -0.1601 -0.9134
vn 0.8917 0.3664 0.2656
vn 0.4105 0.2861 0.8658
vn 0.5693 0.3303 0.7528
vn 0.5457 0.4583 0.7016
vn 0.3845 0.4832 0.7865
vn -0.4660 -0.5892 -0.6601
vn -0.5082 -0.5321 -0.6772
vn -0.4993 -0.7336 -0.4610
vn -0.4585 -0.6958 -0.5529
vn -0.4229 -0.8216 -0.3823
vn -0.4398 -0.6347 -0.6354
vn 0.8283 0.4145 0.3769
vn 0.8532 0.0401 0.5200
vn 0.6615 0.1606 0.7326
vn 0.5433 0.5269 0.6536
vn 0.7100 0.6855 0.1616
vn 0.3705 0.7930 0.4836
vn 0.0907 -0.6730 -0.7340
vn 0.1529 -0.6721 -0.7245
vn 0.0195 -0.5142 -0.8574
vn 0.0830 -0.4784 -0.8742
vn -0.0065 -0.1447 -0.9895
vn -0.0787 -0.2690 -0.9599
vn 0.2324 0.2048 0.9508
vn 0.3987 0.3012 0.8662
vn 0.4694 0.3261 0.8206
vn 0.3278 0.1991 0.9235
vn 0.3703 0.1911 0.9090
vn 0.2603 0.0292 0.9651
vn -0.1981 -0.3880 -0.9001
vn -0.2526 -0.3970 -0.8824
vn -0.2980 -0.4410 -0.8466
vn -0.2196 -0.4893 -0.8440
vn -0.2496 -0.4747 -0.8440
vn -0.3467 -0.3562 -0.8677
vn -0.2144 -0.6166 -0.7575
vn -0.2998 -0.5068 -0.8082
vn -0.2006 -0.6156 -0.7621
vn -0.2792 -0.7870 -0.5502
vn 0.0316 -0.4701 -0.8820
vn -0.0055 -0.4956 -0.8685
vn -0.1621 -0.7695 -0.6177
vn -0.3104 -0.9274 -0.2086
vn -0.1097 -0.9279 -0.3564
vn 0.5706 0.6846 0.4535
vn 0.5127 0.7832 0.3518
vn 0.5423 0.7808 0.3103
vn 0.6613 0.7104 0.2409
vn 0.5528 0.7965 0.2452
vn 0.5180 0.7826 0.3452
vn 0.4711 0.6979 0.5395
vn 0.4854 0.7698 0.4145
vn 0.6401 0.7156 0.2796
vn 0.2618 0.5365 0.8023
vn 0.2623 0.4702 0.8427
vn 0.2721 0.4660 0.8419
vn 0.2626 -0.0315 0.9644
vn 0.2568 0.0456 0.9654
vn 0.2945 0.1734 0.9398
vn 0.2516 0.0199 0.9676
vn 0.2839 0.2849 0.9155
vn 0.2848 0.1961 0.9383
vn 0.3476 0.2630 0.9000
vn 0.2530 0.2096 0.9445
vn 0.1853 0.0917 0.9784
vn 0.4038 0.3286 0.8538
vn 0.4036 0.2810 0.8707
vn 0.2441 0.3300 0.9119
vn 0.3163 0.4252 0.8480
vn 0.3293 0.3000 0.8953
vn 0.4368 0.4216 0.7946
vn 0.8862 0.4422 -0.1380
vn 0.8229 0.5280 -0.2098
vn 0.6349 0.7054 0.3152
vn 0.6370 0.6839 0.3558
vn 0.6490 0.6391 0.4128
vn 0.9292 0.3666 -0.0460
vn -0.3924 -0.6785 -0.6210
vn -0.4362 -0.6556 -0.6164
vn -0.4381 -0.6681 -0.6014
vn -0.4095 -0.6391 -0.6510
vn -0.4441 -0.6489 -0.6178
vn -0.3865 -0.7225 -0.5732
vn -0.3140 -0.1645 -0.9351
vn -0.4263 -0.4395 -0.7906
vn -0.4175 -0.5894 -0.6916
vn -0.3512 -0.2217 -0.9097
vn -0.4282 -0.5193 -0.7396
vn -0.3549 -0.1846 -0.9165
vn 0.8941 -0.3802 0.2366
vn 0.5681 -0.5575 -0.6054
vn 0.3510 -0.7284 -0.5885
vn 0.5589 0.0789 0.8255
vn 0.7871 -0.5697 0.2365
vn 0.5281 -0.0277 0.8487
vn 0.6565 0.3248 0.6808
vn 0.9326 -0.0715 0.3537
vn 0.5588 -0.6428 -0.5240
vn 0.8714 -0.3973 0.2879
vn 0.6274 -0.0110 0.7786
vn 0.4789 -0.7926 -0.3774
vn 0.2668 0.2324 0.9353
vn 0.2985 0.1558 0.9416
vn 0.3949 0.6949 0.6010
vn 0.4107 0.6708 0.6176
vn 0.3039 0.1152 0.9457
vn 0.4097 0.8558 0.3158
vn 0.3801 0.9002 0.2125
vn -0.2958 0.0110 -0.9552
vn -0.1920 0.3518 -0.9162
vn -0.4121 -0.0901 -0.9067
vn -0.4048 -0.2648 -0.8752
vn -0.3077 -0.0683 -0.9490
vn -0.0971 0.4404 -0.8925
vn -0.1870 0.2742 -0.9433
vn -0.1474 0.3446 -0.9271
vn -0.2445 0.0346 -0.9690
vn 0.8081 0.2787 0.5190
vn 0.9598 -0.2802 -0.0163
vn 0.9109 -0.3996 0.1027
vn 0.7870 0.4292 0.4433
vn 0.2342 -0.8487 -0.4743
vn 0.3560 -0.7196 -0.5961
vn 0.5262 -0.5825 -0.6195
vn 0.8721 0.4348 0.2244
vn 0.9854 -0.1186 -0.1225
vn 0.5433 0.5397 0.6431
vn 0.4543 0.5606 0.6924
vn 0.5963 0.6174 0.5131
vn 0.4991 0.7215 0.4799
vn 0.4247 0.6395 0.6408
vn 0.4161 0.8266 0.3790
vn 0.4766 0.7892 0.3873
vn 0.4213 0.7426 0.5205
vn 0.6155 0.6740 0.4085
vn 0.3036 -0.8857 0.3512
vn 0.2052 -0.4550 0.8665
vn 0.2112 -0.0653 0.9753
vn 0.4155 -0.6487 0.6376
vn 0.0431 -0.9710 -0.2352
vn 0.2250 -0.9475 -0.2271
vn -0.4244 -0.4856 -0.7642
vn -0.4387 -0.4884 -0.7544
vn -0.5304 -0.5885 -0.6101
vn -0.5194 -0.5801 -0.6274
vn -0.5117 -0.4841 -0.7098
vn -0.3954 -0.4389 -0.8069
vn 0.7545 0.5056 0.4184
vn 0.7268 0.5926 0.3473
vn 0.8419 0.5154 0.1601
vn 0.8836 0.4232 0.2003
vn 0.8420 0.5136 0.1654
vn 0.7209 0.5798 0.3797
vn 0.7739 0.5408 0.3295
vn 0.7809 0.5497 0.2967
vn 0.8803 0.4248 0.2114
vn 0.2062 0.6020 0.7714
vn 0.2554 0.5539 0.7925
vn 0.2447 0.5230 0.8164
vn 0.0912 0.8933 0.4402
vn 0.0627 0.9371 0.3434
vn 0.0756 0.9490 0.3061
vn 0.1544 0.8785 0.4521
vn 0.1978 0.8472 0.4930
vn 0.3418 0.7103 0.6153
vn 0.3116 -0.4076 0.8584
vn 0.2433 -0.1721 0.9546
vn 0.4848 -0.0233 0.8743
vn 0.5701 -0.1468 0.8084
vn 0.6096 0.0627 0.7902
vn 0.4625 -0.0977 0.8812
vn 0.3571 0.5772 0.7344
vn 0.4315 0.5745 0.6955
vn 0.4325 0.6428 0.6323
vn 0.2965 0.6709 0.6797
vn 0.3892 0.7335 0.5573
vn 0.2987 0.7398 0.6029
vn 0.4072 0.8648 0.2937
vn 0.4180 0.8467 0.3291
vn 0.3818 0.8969 0.2232
vn 0.4192 0.8828 0.2119
vn 0.3869 0.7469 0.5408
vn 0.4705 0.6712 0.5728
vn -0.3093 -0.4354 -0.8454
vn -0.1981 -0.6146 -0.7635
vn -0.0312 -0.5273 -0.8491
vn -0.1935 -0.3530 -0.9154
vn 0.0050 -0.6864 -0.7272
vn -0.0814 -0.7968 -0.5987
vn -0.3584 -0.0104 -0.9335
vn -0.3677 -0.0265 -0.9296
vn -0.3560 0.0701 -0.9319
vn -0.3945 -0.0884 -0.9146
vn -0.3349 -0.1561 -0.9292
vn -0.3900 -0.3053 -0.8687
vn -0.3029 -0.7020 -0.6445
vn -0.3364 -0.6319 -0.6982
vn -0.0438 -0.6189 -0.7843
vn -0.0682 -0.6921 -0.7185
vn -0.1639 -0.4995 -0.8507
vn -0.3950 -0.5233 -0.7550
vn 0.0846 0.0022 0.9964
vn 0.2532 0.2696 0.9291
vn 0.1623 0.3362 0.9277
vn -0.0406 0.1295 0.9907
vn 0.5567 0.6236 0.5488
vn 0.4793 0.6999 0.5296
vn 0.5865 0.3515 0.7297
vn 0.4199 0.4860 0.7665
vn 0.4109 0.2935 0.8631
vn 0.5255 0.1457 0.8382
vn 0.6145 0.6244 0.4821
vn 0.3448 0.5460 0.7636
vn 0.4167 0.4610 0.7835
vn 0.4384 0.7280 0.5271
vn 0.4780 0.6622 0.5770
vn 0.5216 0.6702 0.5279
vn 0.6215 0.5847 0.5215
vn 0.0560 0.4756 0.8779
vn 0.3256 0.4654 0.8231
vn 0.1937 0.5876 0.7856
vn 0.0273 0.5720 0.8198
vn 0.0809 0.6961 0.7134
vn 0.1458 0.6935 0.7055
vn 0.1571 0.8759 0.4562
vn 0.1832 0.8978 0.4004
vn 0.0755 0.8740 0.4800
vn 0.1245 0.8342 0.5372
vn 0.1615 0.8979 0.4096
vn 0.2428 0.8214 0.5160
vn 0.4170 0.6270 0.6580
vn 0.0964 0.8862 0.4532
vn 0.1170 0.8234 0.5553
vn 0.5750 0.2719 0.7716
vn 0.5330 0.3709 0.7605
vn 0.6542 -0.0194 0.7560
vn 0.6797 -0.1348 0.7210
vn 0.6794 -0.0183 0.7335
vn 0.4014 0.5162 0.7566
vn 0.6847 0.2469 0.6857
vn 0.4402 0.2613 0.8590
vn 0.4676 0.2523 0.8472
vn 0.7279 0.2836 0.6243
vn 0.1836 0.1409 0.9728
vn 0.1656 0.2177 0.9619
vn 0.2778 0.2556 0.9260
vn 0.3935 0.4269 0.8142
vn 0.4001 0.4316 0.8085
vn 0.3021 0.2471 0.9207
vn 0.3726 0.5975 0.7100
vn 0.3808 0.6859 0.6201
vn 0.4737 0.7004 0.5339
vn 0.3710 0.4613 0.8060
vn 0.3083 0.2516 0.9174
vn 0.4471 0.7193 0.5317
vn 0.4566 0.7215 0.5206
vn 0.4302 0.7400 0.5170
vn 0.4353 0.7109 0.5524
vn 0.4698 0.8328 0.2929
vn 0.5522 0.8119 0.1894
vn 0.4329 0.7470 0.5045
vn 0.4249 0.7482 0.5095
vn 0.0043 -0.5518 -0.8340
vn -0.1047 -0.4417 -0.8910
vn -0.1717 -0.4895 -0.8549
vn -0.0507 -0.6352 -0.7707
vn -0.2665 -0.2259 -0.9370
vn -0.2417 -0.1546 -0.9580
vn -0.2159 -0.2192 -0.9515
vn -0.3229 -0.2610 -0.9097
vn -0.1924 -0.6526 -0.7329
vn -0.0601 -0.6240 -0.7791
vn -0.0899 -0.1170 -0.9891
vn -0.0014 -0.1323 -0.9912
vn 0.0981 -0.5282 -0.8434
vn 0.0319 -0.3352 -0.9416
vn 0.2022 -0.4027 -0.8927
vn 0.0254 -0.8331 -0.5525
vn -0.0487 -0.8875 -0.4582
vn -0.0988 -0.8607 -0.4995
vn -0.2249 -0.6329 -0.7408
vn -0.2732 -0.4654 -0.8419
vn 0.0629 -0.7322 -0.6782
vn -0.2638 -0.6463 -0.7161
vn -0.3293 -0.4917 -0.8061
vn -0.3802 -0.5306 -0.7576
vn -0.4037 -0.5967 -0.6935
vn -0.3583 -0.4315 -0.8279
vn -0.2545 0.0459 -0.9660
vn -0.1413 0.2274 -0.9635
vn -0.3929 -0.3706 -0.8416
vn -0.3086 -0.5594 -0.7693
vn -0.4317 -0.2250 -0.8735
vn -0.3749 -0.3939 -0.8392
vn -0.4128 -0.3782 -0.8286
vn -0.4724 -0.2203 -0.8534
vn -0.3859 -0.5361 -0.7508
vn -0.4069 -0.6283 -0.6630
vn -0.4127 -0.6900 -0.5946
vn -0.1674 -0.3549 -0.9198
vn -0.2551 -0.2073 -0.9444
vn -0.4310 -0.6790 -0.5943
vn -0.2666 -0.8704 -0.4140
vn -0.3450 -0.7467 -0.5687
vn -0.3191 -0.7050 -0.6334
vn -0.0842 -0.8345 -0.5445
vn -0.2841 -0.5161 -0.8081
vn -0.2089 -0.4979 -0.8417
vn 0.0556 -0.5777 -0.8143
vn -0.2365 -0.5011 -0.8325
vn 0.0079 -0.7469 -0.6649
vn 0.0510 -0.9054 -0.4216
vn 0.1321 -0.8064 -0.5765
vn 0.1786 -0.6388 -0.7484
vn -0.1117 -0.9680 -0.2245
vn -0.2974 -0.8686 -0.3963
vn -0.4055 -0.6318 -0.6606
vn -0.3719 -0.5863 -0.7196
vn -0.3660 -0.4528 -0.8131
vn -0.4618 -0.6196 -0.6347
vn -0.2414 -0.4816 -0.8425
vn -0.1366 -0.1446 -0.9800
vn 0.0054 -0.0799 -0.9968
vn -0.1156 -0.3580 -0.9265
vn -0.1547 -0.5649 -0.8105
vn -0.2374 -0.4418 -0.8651
vn 0.0087 -0.5378 -0.8430
vn -0.0668 -0.4907 -0.8688
vn -0.1194 -0.7022 -0.7019
vn -0.0387 -0.6941 -0.7188
vn -0.1038 -0.7045 -0.7021
vn -0.3966 -0.6196 -0.6773
vn -0.2456 -0.7122 -0.6576
vn -0.3042 -0.7172 -0.6270
vn -0.4733 -0.6465 -0.5983
vn -0.5333 -0.6526 -0.5383
vn -0.3868 -0.7112 -0.5869
vn -0.4370 -0.6340 -0.6380
vn -0.4516 -0.5942 -0.6656
vn -0.0463 -0.8602 -0.5078
vn -0.0935 -0.8076 -0.5823
vn -0.4085 -0.6178 -0.6719
vn -0.1197 -0.8454 -0.5205
vn -0.4083 -0.5810 -0.7041
vn -0.5571 -0.6180 -0.5547
vn -0.6778 -0.5719 -0.4621
vn -0.4104 -0.5734 -0.7090
vn -0.8632 -0.5028 -0.0448
vn -0.8259 -0.5380 -0.1687
vn -0.8745 -0.3187 0.3655
vn -0.9000 -0.3407 0.2718
vn -0.7375 -0.0950 0.6686
vn -0.7125 -0.0795 0.6971
vn -0.4247 0.1606 0.8910
vn -0.4112 0.1317 0.9020
vn -0.0876 0.3031 0.9489
vn -0.1607 0.3222 0.9329
vn 0.3299 0.4452 0.8325
vn 0.3057 0.4860 0.8187
vn 0.7422 0.5115 0.4330
vn 0.7304 0.4633 0.5018
vn 0.9126 0.3883 0.1283
vn 0.9073 0.4142 0.0719
vn 0.9090 0.4091 0.0794
vn 0.9107 0.3835 0.1537
vn 0.2247 0.1710 0.9593
vn 0.0029 0.1440 0.9896
vn 0.1866 0.1565 0.9699
vn 0.2839 0.2215 0.9329
vn 0.0847 0.1524 0.9847
vn 0.2174 0.3510 0.9108
vn 0.5135 0.7140 0.4759
vn 0.0233 0.0475 0.9986
vn 0.1249 0.2139 0.9688
vn 0.5721 0.7997 0.1822
vn 0.5677 0.7944 0.2158
vn 0.5539 0.7613 0.3370
vn 0.5334 0.7179 0.4473
vn 0.5081 0.5906 0.6269
vn 0.5810 0.6830 0.4427
vn 0.6265 0.6900 0.3625
vn 0.5956 0.6172 0.5141
vn 0.6235 0.7226 0.2986
vn 0.6334 0.7371 0.2356
vn 0.1614 0.0894 0.9828
vn 0.3034 0.1360 0.9431
vn 0.0874 0.1292 0.9878
vn 0.1170 0.1262 0.9851
vn 0.2231 0.2932 0.9297
vn 0.3464 0.5103 0.7871
vn 0.4682 0.1092 0.8768
vn 0.3241 0.0810 0.9425
vn 0.2964 0.2639 0.9179
vn 0.2240 0.2705 0.9363
vn 0.3998 0.5137 0.7592
vn 0.5273 0.5880 0.6134
vn 0.3137 0.2353 0.9199
vn -0.2118 -0.7516 -0.6247
vn -0.3509 -0.6925 -0.6304
vn -0.2937 -0.5870 -0.7545
vn -0.1347 -0.6103 -0.7806
vn 0.1844 -0.4834 -0.8558
vn -0.0388 -0.4903 -0.8707
vn -0.4484 -0.5518 -0.7031
vn -0.3247 -0.4918 -0.8079
vn -0.4994 -0.6390 -0.5851
vn 0.2105 0.5469 0.8103
vn -0.0823 0.4588 0.8847
vn 0.3529 0.6965 0.6247
vn 0.1735 -0.5077 -0.8439
vn 0.3337 -0.3340 -0.8815
vn 0.4787 -0.1997 -0.8550
vn 0.2380 -0.3715 -0.8974
vn -0.0461 -0.4896 -0.8707
vn 0.0062 -0.6200 -0.7846
vn 0.0892 0.7631 0.6401
vn 0.2044 0.7674 0.6077
vn 0.2881 0.8063 0.5167
vn 0.5091 0.6696 0.5409
vn 0.4091 0.7003 0.5850
vn 0.3918 0.7609 0.5172
vn -0.2660 -0.7029 -0.6597
vn -0.4148 -0.6648 -0.6213
vn -0.0861 -0.6930 -0.7158
vn -0.4054 -0.2637 -0.8753
vn -0.3832 -0.2983 -0.8742
vn -0.3746 -0.2287 -0.8985
vn 0.5197 0.2351 0.8214
vn 0.3879 0.1448 0.9102
vn 0.2557 0.0950 0.9621
vn -0.4103 -0.4681 -0.7826
vn -0.3957 -0.2835 -0.8735
vn -0.2305 -0.2046 -0.9513
vn -0.3944 -0.9179 -0.0428
vn -0.5217 -0.8526 0.0296
vn -0.3053 -0.9127 -0.2717
vn -0.4314 -0.8593 -0.2747
vn -0.5704 0.8213 0.0085
vn -0.1550 0.9493 0.2734
vn -0.2087 0.8330 0.5123
vn -0.6497 0.7168 0.2530
vn -0.8483 -0.2742 -0.4530
vn -0.9479 0.2714 -0.1670
vn -0.8370 0.4121 -0.3601
vn -0.8396 -0.0773 -0.5376
vn -0.6663 0.4762 0.5739
vn -0.1908 0.6100 0.7691
vn -0.5636 0.1898 0.8040
vn -0.1555 0.3135 0.9368
vn -0.9719 -0.0513 0.2296
vn -0.8141 -0.5498 -0.1868
vn -0.6215 -0.7596 0.1915
vn -0.7191 -0.3141 0.6198
vn -0.2868 -0.7376 0.6113
vn -0.1860 -0.2197 0.9577
vn -0.4267 -0.8887 -0.1677
vn -0.2764 -0.9610 0.0088
vn -0.5457 -0.7566 -0.3602
vn -0.6293 -0.6232 -0.4644
vn -0.7149 -0.4727 -0.5152
vn 0.5391 0.4349 0.7213
vn 0.6708 0.4416 0.5958
vn 0.6332 0.4593 0.6230
vn 0.7521 0.4608 0.4712
vn 0.7382 0.4888 0.4649
vn 0.7126 0.4583 0.5312
vn 0.9068 0.3356 0.2550
vn 0.8798 0.3249 0.3470
vn 0.7745 0.4279 0.4660
vn 0.7748 0.4407 0.4534
vn 0.6361 0.4072 0.6554
vn 0.5704 0.4000 0.7174
vn 0.5473 0.3981 0.7362
vn 0.5855 0.4044 0.7026
vn 0.6956 0.4172 0.5849
vn 0.7413 0.4219 0.5220
vn 0.7066 0.3848 0.5938
vn 0.6397 0.4010 0.6558
vn 0.7592 0.3804 0.5281
vn 0.7710 0.3644 0.5223
vn 0.5249 0.4247 0.7377
vn 0.3397 0.4138 0.8446
vn 0.3705 0.5124 0.7747
vn 0.4526 0.5702 0.6856
vn 0.3563 0.5718 0.7390
vn 0.4551 0.5967 0.6609
vn 0.6954 0.5561 0.4552
vn 0.6469 0.6104 0.4571
vn 0.7049 0.5820 0.4055
vn 0.7164 0.5598 0.4163
vn 0.8368 0.4657 0.2879
vn 0.7543 0.5333 0.3829
vn 0.5351 0.6131 0.5812
vn 0.5319 0.6095 0.5879
vn 0.5772 0.6325 0.5165
vn 0.5940 0.6186 0.5143
vn 0.6708 0.5309 0.5178
vn 0.6167 0.4881 0.6175
vn 0.6783 0.5476 0.4899
vn 0.6105 0.6344 0.4741
vn 0.6645 0.5938 0.4537
vn 0.3181 0.3229 0.8914
vn 0.5086 0.3851 0.7701
vn 0.5315 0.3430 0.7745
vn 0.3933 0.1828 0.9010
vn 0.7510 0.5136 0.4151
vn 0.7823 0.4239 0.4565
vn 0.8329 0.4133 0.3681
vn 0.8250 0.4882 0.2847
vn 0.6728 0.5079 0.5379
vn 0.7079 0.4639 0.5326
vn 0.7370 0.4379 0.5149
vn 0.6829 0.5170 0.5161
vn 0.6515 0.4484 0.6119
vn 0.6602 0.4692 0.5865
vn 0.4132 0.0149 0.9105
vn 0.3995 0.1405 0.9059
vn 0.5581 0.3069 0.7710
vn 0.6571 0.1793 0.7322
vn 0.7158 0.4592 0.5261
vn 0.7089 0.4273 0.5612
vn 0.8679 -0.0221 0.4962
vn 0.8870 -0.0365 0.4603
vn 0.6756 -0.6616 0.3253
vn 0.4054 -0.6438 0.6490
vn -0.1352 -0.8901 -0.4353
vn 0.1074 -0.9231 -0.3693
vn 0.5493 -0.8285 0.1084
vn 0.5981 -0.8011 0.0238
vn 0.0211 -0.9344 -0.3557
vn -0.1763 -0.9416 -0.2868
vn -0.3600 -0.5442 -0.7578
vn -0.2809 -0.5826 -0.7627
vn -0.1162 -0.7922 -0.5991
vn -0.2614 -0.6612 -0.7032
vn -0.6437 -0.6428 -0.4153
vn -0.5123 -0.6883 -0.5137
vn -0.3161 -0.8215 -0.4746
vn -0.5429 -0.7222 -0.4285
vn -0.5035 -0.5958 -0.6257
vn -0.4107 -0.5778 -0.7053
vn -0.4482 -0.5537 -0.7018
vn -0.5458 -0.5577 -0.6253
vn -0.4839 -0.6160 -0.6216
vn -0.3489 -0.5975 -0.7220
vn -0.4288 -0.4985 -0.7534
vn -0.2883 -0.5137 -0.8081
vn -0.3872 -0.4076 -0.8270
vn -0.5382 -0.4129 -0.7347
vn -0.6532 -0.5437 -0.5270
vn -0.7167 -0.5545 -0.4229
vn -0.7138 -0.5131 -0.4767
vn -0.6999 -0.4777 -0.5310
vn -0.6375 -0.5402 -0.5494
vn -0.6488 -0.6022 -0.4652
vn -0.6190 -0.6195 -0.4828
vn -0.5852 -0.5398 -0.6051
vn -0.5461 -0.5488 -0.6330
vn -0.6228 -0.5626 -0.5437
vn -0.6610 -0.5305 -0.5308
vn -0.5059 -0.5103 -0.6955
vn -0.3768 -0.4542 -0.8073
vn -0.4019 -0.4383 -0.8040
vn -0.5510 -0.4992 -0.6687
vn -0.6287 -0.5464 -0.5533
vn -0.6547 -0.5800 -0.4848
vn -0.6706 -0.5390 -0.5097
vn -0.6446 -0.5335 -0.5476
vn -0.6740 -0.5367 -0.5076
vn -0.6341 -0.5820 -0.5090
vn -0.5781 -0.4239 -0.6972
vn -0.4624 -0.3882 -0.7971
vn -0.4483 -0.4070 -0.7959
vn -0.5564 -0.4614 -0.6910
vn -0.3788 -0.3486 -0.8573
vn -0.3826 -0.3747 -0.8445
vn -0.6544 -0.5038 -0.5638
vn -0.6783 -0.5193 -0.5198
vn -0.6972 -0.4677 -0.5433
vn -0.6734 -0.4455 -0.5900
vn -0.3888 -0.5293 -0.7541
vn -0.4812 -0.4866 -0.7292
vn -0.6219 -0.4514 -0.6399
vn -0.4558 -0.5064 -0.7320
vn -0.6195 -0.4683 -0.6300
vn -0.4262 -0.4622 -0.7777
vn -0.4114 -0.5032 -0.7600
vn -0.4903 -0.4933 -0.7185
vn -0.5290 -0.4757 -0.7027
vn -0.5014 -0.5084 -0.7001
vn -0.4996 -0.4383 -0.7472
vn -0.5478 -0.4438 -0.7092
vn -0.5874 -0.4336 -0.6834
vn -0.5565 -0.5537 -0.6194
vn -0.4944 -0.4568 -0.7395
vn -0.2340 -0.5366 -0.8107
vn -0.2773 -0.4761 -0.8345
vn -0.2291 -0.7938 -0.5634
vn -0.1008 -0.9238 -0.3695
vn -0.2178 -0.4800 -0.8498
vn 0.2084 -0.9776 0.0277
vn 0.4457 -0.4992 -0.7431
vn -0.0225 -0.5036 -0.8636
vn -0.0601 -0.9390 -0.3385
vn 0.3402 0.2244 0.9132
vn 0.1547 0.3838 0.9104
vn 0.0892 -0.0198 0.9958
vn 0.5752 0.0007 0.8180
vn 0.2525 -0.3262 0.9110
vn 0.4343 -0.4984 0.7503
vn 0.5639 0.3893 0.7283
vn 0.3430 0.4931 0.7995
vn 0.2026 0.4660 0.8613
vn 0.1642 -0.6442 0.7470
vn 0.3345 -0.7076 0.6224
vn 0.1436 -0.4364 0.8882
vn 0.6996 -0.0278 0.7140
vn 0.5514 -0.5142 0.6569
vn 0.6793 -0.3629 0.6378
vn 0.6979 0.2913 0.6543
vn 0.6996 0.2029 0.6851
vn 0.6833 0.1533 0.7139
vn 0.4348 -0.7387 0.5150
vn 0.4281 -0.8173 0.3858
vn 0.7002 0.0475 0.7124
vn 0.7585 0.0413 0.6504
vn 0.7217 -0.4125 0.5558
vn 0.7367 -0.2981 0.6070
vn 0.7258 0.1832 0.6630
vn 0.7354 0.1375 0.6635
vn 0.4961 -0.8017 0.3335
vn 0.6155 -0.6640 0.4246
vn 0.7456 -0.5967 0.2966
vn 0.7328 0.0114 -0.6803
vn 0.9696 -0.2215 0.1036
vn 0.8652 -0.3336 -0.3743
vn 0.7452 0.1371 -0.6526
vn 0.6873 -0.6572 0.3093
vn 0.7187 -0.6581 0.2244
vn 0.9505 -0.2670 -0.1589
vn 0.8851 -0.0146 0.4651
vn 0.6835 -0.3258 0.6532
vn 0.7878 0.4537 0.4166
vn 0.9180 0.2903 -0.2703
vn 0.2536 0.0331 0.9667
vn 0.4128 0.2954 0.8616
vn 0.3537 0.4723 0.8074
vn 0.2461 -0.1653 0.9550
vn 0.6654 -0.1360 0.7340
vn 0.6556 -0.6908 0.3050
vn 0.7859 -0.4347 0.4398
vn 0.6627 -0.6091 0.4357
vn 0.8149 -0.1777 0.5517
vn 0.2500 -0.2534 0.9345
vn 0.2263 -0.5600 0.7970
vn 0.2869 -0.6363 0.7161
vn 0.3131 -0.1647 0.9353
vn 0.4688 -0.6552 0.5923
vn 0.4141 -0.5047 0.7575
vn 0.5335 -0.4916 0.6883
vn 0.4559 -0.8511 0.2605
vn 0.3150 -0.8979 0.3076
vn 0.0618 -0.5483 0.8340
vn 0.0262 0.1251 0.9918
vn 0.4405 -0.4476 0.7782
vn 0.0727 0.4797 0.8744
vn 0.2593 0.3579 0.8970
vn 0.4194 -0.7973 0.4341
vn 0.4031 -0.4242 0.8109
vn -0.1102 0.1940 0.9748
vn 0.4314 -0.5045 0.7479
vn -0.3110 0.3789 0.8716
vn -0.2298 0.3532 0.9069
vn -0.0548 -0.0338 0.9979
vn 0.0758 0.0282 0.9967
vn -0.2309 0.4904 0.8404
vn 0.4600 -0.5112 0.7260
vn 0.5525 -0.4416 0.7069
vn -0.0375 -0.0940 0.9949
vn -0.5174 0.3276 0.7905
vn -0.9003 -0.2164 -0.3777
vn -0.9547 -0.1398 -0.2627
vn -0.9019 -0.3164 -0.2940
vn -0.8196 -0.3336 -0.4658
vn -0.7748 -0.3387 -0.5338
vn -0.6993 -0.4881 -0.5222
vn 0.1547 -0.9618 0.2257
vn 0.1758 -0.9516 0.2522
vn -0.1714 -0.9849 0.0240
vn -0.1748 -0.9842 0.0282
vn -0.0795 -0.9955 0.0522
vn 0.2575 -0.9238 0.2832
vn 0.5312 -0.7777 0.3362
vn 0.5670 -0.7574 0.3239
vn 0.4079 -0.8874 0.2146
vn 0.3861 -0.8957 0.2205
vn 0.6928 -0.5897 0.4150
vn 0.6588 -0.6125 0.4368
vn 0.5617 -0.7633 0.3192
vn 0.6783 -0.6200 0.3943
vn 0.0474 -0.9410 0.3350
vn 0.1528 -0.9023 0.4031
vn 0.3049 -0.8842 0.3539
vn 0.2031 -0.9286 0.3105
vn 0.3651 -0.8494 0.3810
vn 0.4130 -0.8057 0.4246
vn 0.4465 -0.8176 0.3635
vn 0.3341 -0.9051 0.2630
vn 0.4795 -0.7492 0.4568
vn 0.7486 -0.2145 0.6273
vn 0.8485 -0.0791 0.5232
vn 0.7285 -0.2829 0.6239
vn -0.1111 -0.8072 0.5797
vn 0.8500 -0.1624 0.5011
vn 0.8859 -0.0054 0.4638
vn -0.3902 -0.8237 0.4115
vn -0.9710 -0.2353 0.0428
vn -0.6275 -0.6431 0.4389
vn 0.3211 -0.8038 0.5007
vn -0.1106 -0.1659 -0.9799
vn 0.1092 -0.7214 -0.6838
vn 0.1854 -0.5633 -0.8052
vn -0.2890 -0.0176 -0.9572
vn -0.0599 0.0188 -0.9980
vn -0.2460 0.0948 -0.9646
vn 0.1866 -0.9611 -0.2036
vn -0.0310 -0.9124 -0.4081
vn 0.2342 -0.9075 -0.3486
vn 0.3923 -0.8877 -0.2411
vn 0.2943 0.7524 0.5893
vn 0.3439 0.6679 0.6600
vn 0.3454 0.6402 0.6862
vn 0.3219 0.8421 0.4327
vn 0.0087 -0.0544 -0.9985
vn -0.1678 -0.0531 -0.9844
vn -0.2066 -0.1710 -0.9634
vn -0.0186 -0.2311 -0.9727
vn -0.2595 -0.2450 -0.9341
vn -0.1406 -0.4222 -0.8955
vn -0.3542 -0.6101 -0.7088
vn -0.3350 -0.7557 -0.5628
vn -0.2486 -0.7446 -0.6195
vn -0.3086 -0.7587 -0.5737
vn 0.4503 0.7184 0.5302
vn 0.5416 0.6684 0.5097
vn 0.5033 0.8289 0.2440
vn 0.3534 0.9135 0.2017
vn 0.5431 0.6468 0.5354
vn 0.4840 0.6800 0.5508
vn 0.4961 0.0268 0.8678
vn 0.4558 -0.2605 0.8511
vn 0.3779 -0.2463 0.8925
vn 0.4896 0.0922 0.8671
vn 0.2953 -0.3687 0.8814
vn 0.4200 -0.3807 0.8238
vn -0.4989 -0.6178 -0.6078
vn -0.5798 -0.4884 -0.6521
vn -0.4389 -0.3706 -0.8186
vn -0.3710 -0.4128 -0.8318
vn -0.6503 0.0064 0.7596
vn -0.8417 -0.2098 0.4975
vn -0.3250 0.2281 0.9178
vn -0.2193 0.0287 0.9752
vn -0.5440 -0.2383 0.8045
vn -0.7667 -0.4446 0.4632
vn 0.2905 0.4413 0.8490
vn 0.3753 0.2712 0.8863
vn 0.7816 0.4288 0.4531
vn 0.8163 0.2485 0.5215
vn 0.9387 0.3074 0.1558
vn 0.9178 0.3182 0.2373
vn 0.9610 0.2099 0.1799
vn 0.9725 0.2303 0.0335
vn 0.8900 0.3878 0.2398
vn 0.9254 0.3408 0.1656
vn 0.8084 0.4496 0.3799
vn 0.8149 0.4233 0.3958
vn 0.7946 0.5961 0.1155
vn 0.7777 0.5980 0.1940
vn 0.7188 0.5785 0.3857
vn 0.7274 0.5870 0.3553
vn 0.6834 0.5493 0.4808
vn 0.6799 0.5785 0.4506
vn 0.4182 -0.1754 0.8913
vn 0.4823 0.0316 0.8754
vn 0.3836 0.0547 0.9219
vn 0.3490 -0.1119 0.9304
vn 0.4276 0.1399 0.8931
vn 0.5195 0.1589 0.8395
vn 0.4189 -0.1105 0.9013
vn 0.4242 0.0094 0.9055
vn 0.6227 0.4351 0.6503
vn 0.5940 0.4068 0.6940
vn 0.5893 0.4253 0.6869
vn 0.6338 0.4192 0.6501
vn 0.5525 0.4221 0.7188
vn 0.5464 0.3724 0.7502
vn 0.4314 0.3532 0.8301
vn 0.5088 0.4204 0.7512
vn 0.6124 0.3393 0.7140
vn 0.6273 0.4833 0.6107
vn 0.6288 0.4801 0.6117
vn 0.5861 0.3594 0.7261
vn 0.5809 0.2406 0.7776
vn 0.5066 0.2449 0.8267
vn 0.3706 0.4935 0.7869
vn 0.4738 0.4815 0.7373
vn 0.5094 0.4836 0.7118
vn 0.4225 0.5336 0.7326
vn -0.3997 -0.3366 -0.8526
vn -0.3615 -0.3961 -0.8441
vn -0.3360 -0.6597 -0.6722
vn -0.3479 -0.6484 -0.6771
vn -0.5235 -0.5197 -0.6752
vn -0.4297 -0.6327 -0.6442
vn -0.4954 -0.6030 -0.6253
vn -0.5684 -0.5020 -0.6518
vn -0.3736 -0.6533 -0.6585
vn -0.4645 -0.5490 -0.6949
vn -0.3718 -0.6486 -0.6641
vn -0.4116 -0.6389 -0.6499
vn -0.4007 0.1938 -0.8955
vn -0.4460 -0.3459 -0.8255
vn -0.4331 -0.3168 -0.8438
vn -0.2903 0.1743 -0.9409
vn -0.4305 -0.3686 -0.8239
vn -0.4469 -0.6023 -0.6614
vn -0.4522 0.1536 -0.8786
vn -0.4374 -0.5711 -0.6946
vn -0.3660 -0.6732 -0.6425
vn -0.5793 -0.4990 -0.6445
vn -0.5300 -0.5790 -0.6196
vn -0.5413 -0.3968 -0.7414
vn -0.4028 -0.6843 -0.6078
vn -0.4177 -0.6376 -0.6473
vn -0.5436 -0.4075 -0.7338
vn 0.5963 0.4604 0.6576
vn 0.6523 0.5029 0.5671
vn 0.6590 0.4815 0.5778
vn 0.6662 0.4334 0.6069
vn 0.6357 0.5468 0.5449
vn 0.6203 0.5295 0.5787
vn 0.4406 0.5608 0.7010
vn 0.4788 0.5348 0.6962
vn 0.6096 0.5281 0.5912
vn 0.5138 0.5144 0.6866
vn 0.5657 0.4986 0.6569
vn 0.4569 0.4771 0.7508
vn 0.3638 0.5104 0.7792
vn 0.3801 0.4791 0.7912
vn 0.4162 0.5665 0.7112
vn 0.4282 0.5364 0.7273
vn 0.4826 0.5471 0.6839
vn 0.4246 0.6096 0.6694
vn 0.4122 0.6278 0.6603
vn 0.3906 0.6839 0.6163
vn 0.5289 0.5910 0.6091
vn 0.3759 0.5433 0.7507
vn 0.3383 0.6704 0.6604
vn 0.3109 0.8618 0.4008
vn 0.4360 0.7634 0.4766
vn 0.1719 0.9039 0.3918
vn 0.1613 0.8791 0.4485
vn 0.3848 0.7185 0.5794
vn 0.0618 0.9278 0.3680
vn -0.1325 0.9689 0.2089
vn 0.5669 0.6258 0.5357
vn -0.3391 -0.7461 -0.5730
vn -0.3257 -0.7499 -0.5759
vn -0.3217 -0.7074 -0.6294
vn -0.3249 -0.7013 -0.6345
vn 0.2455 0.7910 0.5604
vn 0.3729 0.6753 0.6363
vn -0.3468 -0.6343 -0.6909
vn -0.3503 -0.6174 -0.7043
vn -0.4166 -0.5049 -0.7560
vn -0.3826 -0.5335 -0.7544
vn -0.4582 -0.6534 -0.6026
vn -0.4468 -0.5785 -0.6824
vn -0.4459 -0.5881 -0.6748
vn -0.4721 -0.6531 -0.5921
vn -0.4052 -0.4921 -0.7705
vn -0.4545 -0.4701 -0.7566
vn 0.5102 0.6683 0.5414
vn 0.5512 0.6201 0.5582
vn 0.5703 0.5625 0.5986
vn 0.5571 0.6137 0.5595
vn -0.4046 -0.5044 -0.7628
vn -0.4421 -0.5999 -0.6668
vn -0.4628 -0.6641 -0.5872
vn 0.5870 0.5607 0.5840
vn 0.5883 0.5429 0.5993
vn 0.6042 0.4949 0.6246
vn 0.5854 0.5108 0.6296
vn 0.5583 0.6383 0.5300
vn 0.5715 0.5674 0.5929
vn 0.5558 0.5675 0.6075
vn 0.5505 0.6440 0.5312
vn 0.5139 0.5162 0.6851
vn 0.5497 0.5169 0.6563
vn 0.4873 0.5083 0.7101
vn 0.5139 0.5792 0.6328
vn 0.4931 0.6677 0.5577
vn -0.4975 -0.3931 -0.7733
vn -0.4171 -0.4077 -0.8123
vn -0.3702 -0.3669 -0.8534
vn -0.4635 -0.3709 -0.8047
vn -0.3579 -0.4499 -0.8182
vn -0.4520 -0.4174 -0.7883
vn -0.3072 -0.4320 -0.8480
vn -0.3609 -0.4086 -0.8383
vn -0.3897 -0.4464 -0.8055
vn -0.3744 -0.4360 -0.8184
vn 0.5898 0.4730 0.6545
vn 0.5898 0.4601 0.6637
vn 0.5448 0.4911 0.6797
vn 0.5607 0.5193 0.6449
vn 0.5148 0.4430 0.7340
vn 0.5232 0.4564 0.7197
vn 0.5392 0.4693 0.6993
vn 0.4925 0.4814 0.7251
vn -0.2945 -0.7531 -0.5883
vn -0.2782 -0.4733 -0.8358
vn -0.0767 -0.5840 -0.8081
vn -0.0936 -0.8403 -0.5340
vn 0.4596 0.4596 0.7599
vn 0.4611 0.4814 0.7455
vn -0.3615 -0.4644 -0.8085
vn -0.3021 -0.7344 -0.6078
vn -0.4186 -0.6384 -0.6459
vn -0.2035 -0.8410 -0.5013
vn -0.6142 -0.7346 -0.2884
vn -0.3564 -0.8314 -0.4264
vn -0.4339 -0.8779 -0.2025
vn -0.6007 -0.7884 -0.1327
vn -0.5614 -0.7360 -0.3784
vn -0.5677 -0.7176 -0.4034
vn 0.4801 -0.0427 0.8762
vn 0.3819 -0.0262 0.9238
vn 0.3968 0.4831 0.7805
vn 0.4801 0.3977 0.7819
vn -0.6132 -0.7521 -0.2416
vn -0.6071 -0.7706 -0.1938
vn -0.5746 -0.6031 -0.5533
vn -0.3318 0.2399 -0.9123
vn -0.4686 0.2560 -0.8455
vn -0.5045 -0.2508 -0.8262
vn -0.2358 -0.3106 -0.9208
vn -0.5412 0.2005 -0.8167
vn -0.6002 -0.3006 -0.7412
vn 0.2826 0.8222 0.4941
vn 0.3710 0.8298 0.4169
vn -0.1517 0.1586 -0.9756
vn 0.0491 -0.4153 -0.9083
vn -0.4750 -0.5437 -0.6919
vn -0.3177 -0.9122 -0.2587
vn -0.4432 -0.8551 -0.2691
vn -0.2530 -0.8968 -0.3629
vn 0.1486 -0.8893 -0.4325
vn 0.0033 -0.9998 -0.0217
vn 0.3348 -0.9402 -0.0621
vn -0.4918 0.0357 -0.8700
vn -0.1896 -0.5827 -0.7902
vn -0.2163 -0.5131 -0.8306
vn -0.3011 -0.3763 -0.8762
vn -0.3067 -0.3915 -0.8676
vn -0.3507 -0.3514 -0.8680
vn -0.3510 -0.4488 -0.8218
vn 0.4128 -0.8402 -0.3517
vn 0.4211 -0.8816 -0.2134
vn -0.2845 -0.5964 -0.7506
vn -0.3430 -0.3905 -0.8543
vn -0.3950 -0.4164 -0.8189
vn -0.2942 -0.5682 -0.7685
vn -0.1029 -0.6793 -0.7266
vn 0.1108 -0.7989 -0.5912
vn 0.1348 -0.8994 -0.4159
vn -0.2861 -0.3519 -0.8912
vn -0.0868 -0.9320 -0.3518
vn 0.5077 0.1437 0.8494
vn 0.5210 0.3468 0.7800
vn 0.4816 0.1288 0.8669
vn 0.4980 0.2782 0.8213
vn 0.5168 0.4280 0.7414
vn 0.5414 0.4560 0.7064
vn -0.5966 -0.5995 -0.5336
vn -0.4315 -0.7562 -0.4920
vn -0.5662 -0.7851 -0.2509
vn -0.7461 -0.6183 -0.2472
vn -0.5754 -0.7371 -0.3544
vn -0.5069 -0.6975 -0.5065
vn -0.5985 -0.7064 -0.3780
vn -0.7832 -0.5694 -0.2498
vn 0.0280 -0.1080 -0.9938
vn -0.2499 -0.3746 -0.8929
vn -0.3876 -0.1797 -0.9041
vn -0.0659 -0.0788 -0.9947
vn -0.7528 -0.3670 -0.5464
vn -0.5969 -0.5216 -0.6097
vn -0.3438 -0.2864 -0.8943
vn -0.3024 -0.4678 -0.8305
vn -0.0820 -0.2114 -0.9740
vn -0.1184 -0.0731 -0.9903
vn -0.1610 -0.5394 -0.8265
vn 0.0403 -0.2363 -0.9708
vn -0.6665 -0.5861 -0.4607
vn -0.8590 -0.4356 -0.2690
vn -0.8379 -0.4850 -0.2506
vn 0.2370 0.2345 0.9428
vn 0.3022 0.0205 0.9530
vn 0.6306 0.4747 0.6140
vn 0.6769 0.3168 0.6644
vn 0.1696 0.0231 0.9852
vn 0.0557 0.1212 0.9911
vn 0.7966 0.5675 0.2084
vn 0.8415 0.5094 0.1799
vn 0.4543 0.3768 0.8072
vn 0.4699 0.3840 0.7948
vn 0.4890 0.4754 0.7314
vn 0.5055 0.4059 0.7614
vn 0.5250 0.5098 0.6815
vn 0.5668 0.3801 0.7309
vn 0.4638 0.3274 0.8232
vn 0.4296 0.2334 0.8723
vn 0.4617 0.4130 0.7850
vn 0.3926 0.2825 0.8753
vn 0.1749 -0.0222 0.9843
vn 0.3672 0.1423 0.9192
vn 0.3860 -0.0011 0.9225
vn 0.3308 -0.1632 0.9295
vn 0.5093 0.2127 0.8339
vn 0.4766 0.2655 0.8380
vn 0.4838 0.2969 0.8233
vn 0.5513 0.3080 0.7754
vn 0.5233 0.2958 0.7992
vn 0.6014 0.3211 0.7316
vn 0.5654 0.3428 0.7502
vn 0.4375 0.2890 0.8515
vn 0.2875 0.1530 0.9455
vn 0.4326 0.8111 0.3936
vn 0.4188 0.7458 0.5180
vn 0.3717 0.7303 0.5731
vn 0.3932 0.7704 0.5019
vn 0.5539 0.2691 0.7879
vn 0.5850 0.3360 0.7382
vn 0.4586 0.7657 0.4510
vn 0.5417 0.6831 0.4898
vn 0.5430 0.7056 0.4552
vn 0.4621 0.8113 0.3580
vn 0.4608 0.7727 0.4366
vn 0.4805 0.8481 0.2230
vn 0.4559 0.8254 0.3329
vn 0.4452 0.8865 0.1258
vn 0.3773 0.9079 0.1825
vn 0.3066 0.9511 -0.0370
vn 0.4375 0.8970 -0.0629
vn 0.4823 0.7435 0.4632
vn -0.4384 -0.7109 -0.5500
vn -0.4345 -0.6842 -0.5857
vn -0.4610 -0.6605 -0.5927
vn -0.4566 -0.7035 -0.5447
vn 0.2381 0.9669 0.0918
vn 0.3712 0.8465 0.3817
vn -0.4370 -0.6663 -0.6042
vn -0.4561 -0.6929 -0.5585
vn -0.4866 -0.6795 -0.5490
vn -0.5177 -0.6079 -0.6020
vn -0.4321 -0.6465 -0.6288
vn -0.4591 -0.6126 -0.6433
vn -0.4147 -0.2179 -0.8835
vn -0.4572 -0.4234 -0.7821
vn -0.5397 -0.4726 -0.6967
vn -0.5266 -0.1662 -0.8337
vn -0.5092 -0.6512 -0.5628
vn -0.5154 -0.4246 -0.7443
vn -0.4401 -0.1425 -0.8866
vn -0.4788 -0.6966 -0.5344
vn -0.4717 -0.4276 -0.7711
vn -0.5311 -0.3313 -0.7798
vn -0.5866 -0.3514 -0.7297
vn -0.5180 -0.4286 -0.7402
vn -0.6121 -0.3129 -0.7263
vn -0.5595 -0.2648 -0.7854
vn -0.6435 -0.4235 -0.6377
vn -0.6433 -0.4068 -0.6486
vn -0.5755 -0.4855 -0.6581
vn -0.3557 -0.5936 -0.7219
vn -0.1837 -0.2954 -0.9375
vn -0.5235 -0.4229 -0.7397
vn -0.5266 -0.4220 -0.7380
vn -0.5657 -0.5023 -0.6540
vn -0.4908 -0.2497 -0.8347
vn -0.4298 -0.2753 -0.8599
vn -0.5248 -0.3686 -0.7673
vn -0.5549 -0.4726 -0.6846
vn -0.4942 -0.5437 -0.6784
vn -0.5718 -0.3172 -0.7566
vn -0.6429 -0.4337 -0.6313
vn 0.2781 0.0741 0.9577
vn 0.3411 0.0202 0.9398
vn 0.4791 0.3761 0.7931
vn 0.3450 0.4424 0.8278
vn -0.5291 -0.4846 -0.6966
vn 0.5243 0.7864 0.3266
vn 0.4191 0.8414 0.3412
vn 0.3721 0.3944 0.8402
vn 0.4681 0.3928 0.7916
vn 0.4847 0.8569 0.1753
vn 0.3016 0.9274 0.2214
vn 0.3273 0.3825 0.8640
vn 0.2930 0.9129 0.2843
vn 0.1980 0.1271 0.9719
vn 0.1911 0.0825 0.9781
vn -0.5322 -0.4429 -0.7215
vn -0.4117 -0.0004 -0.9113
vn -0.3998 -0.0741 -0.9136
vn -0.5425 -0.5982 -0.5898
vn 0.3780 0.0293 0.9253
vn -0.2967 -0.5296 -0.7947
vn -0.5763 -0.4190 -0.7016
vn -0.4766 -0.0544 -0.8774
vn -0.1901 -0.1555 -0.9694
vn -0.4278 -0.0696 -0.9012
vn -0.2850 0.1475 -0.9471
vn -0.4283 -0.0554 -0.9019
vn -0.4480 0.0556 -0.8923
vn -0.4202 0.0344 -0.9068
vn -0.5667 -0.5076 -0.6490
vn -0.2463 -0.3321 -0.9105
vn -0.2181 -0.4090 -0.8861
vn -0.5177 -0.5838 -0.6254
vn -0.5548 -0.4631 -0.6911
vn -0.5291 -0.6086 -0.5913
vn -0.2672 -0.4024 -0.8756
vn -0.1033 -0.0022 -0.9946
vn -0.5294 -0.4199 -0.7372
vn -0.2619 -0.2652 -0.9279
vn -0.6132 -0.6013 -0.5123
vn -0.6637 -0.5366 -0.5212
vn -0.6132 -0.5469 -0.5700
vn -0.6410 -0.4645 -0.6111
vn -0.6289 -0.4574 -0.6287
vn -0.3717 -0.3757 -0.8489
vn 0.6868 0.5298 0.4977
vn 0.6432 0.5645 0.5174
vn 0.6693 0.5957 0.4440
vn 0.7019 0.5824 0.4100
vn 0.5812 0.5190 0.6268
vn 0.6266 0.4139 0.6604
vn -0.5922 -0.5098 -0.6240
vn 0.6152 0.4777 0.6271
vn 0.6076 0.4630 0.6453
vn 0.6528 0.6100 0.4492
vn 0.6645 0.5946 0.4527
vn 0.6897 0.5621 0.4565
vn 0.6922 0.6587 0.2949
vn 0.6820 0.6840 0.2590
vn 0.6692 0.7425 0.0280
vn 0.6886 0.7251 -0.0080
vn 0.6458 0.4163 0.6401
vn 0.5478 0.4177 0.7249
vn 0.4529 0.3492 0.8203
vn 0.4692 0.2336 0.8516
vn 0.5825 0.3173 0.7484
vn 0.3708 0.1195 0.9210
vn 0.3715 0.2363 0.8979
vn 0.3372 0.0325 0.9409
vn 0.4701 0.1473 0.8702
vn 0.5880 0.2622 0.7652
vn 0.7072 0.6416 0.2970
vn 0.7473 0.6636 0.0341
vn 0.4280 0.2144 0.8780
vn 0.5754 0.2849 0.7667
vn 0.3176 0.1695 0.9329
vn 0.2649 0.1429 0.9536
vn 0.1474 0.2582 0.9548
vn 0.3003 0.3805 0.8747
vn 0.4309 0.4657 0.7730
vn 0.5070 0.5150 0.6912
vn -0.5857 -0.4730 -0.6582
vn -0.6263 -0.5191 -0.5817
vn -0.5263 -0.4461 -0.7239
vn -0.4515 -0.4278 -0.7831
vn -0.5732 -0.3969 -0.7169
vn -0.4775 -0.3339 -0.8127
vn -0.4738 -0.3561 -0.8055
vn -0.5784 -0.4220 -0.6981
vn -0.4361 -0.3253 -0.8390
vn -0.4635 -0.3544 -0.8121
vn -0.6724 -0.4876 -0.5569
vn -0.6840 -0.4770 -0.5519
vn -0.4697 -0.3864 -0.7938
vn -0.4852 -0.4011 -0.7770
vn -0.5374 -0.4066 -0.7388
vn -0.4593 -0.4052 -0.7905
vn -0.5476 -0.4124 -0.7280
vn -0.4726 -0.3510 -0.8083
vn -0.5703 -0.3763 -0.7301
vn -0.5380 -0.5017 -0.6774
vn -0.3907 -0.7693 -0.5055
vn -0.3292 -0.7183 -0.6129
vn -0.5172 -0.6129 -0.5974
vn -0.4367 -0.6102 -0.6610
vn -0.6422 -0.5709 -0.5116
vn -0.5428 -0.5931 -0.5946
vn -0.4862 -0.4700 -0.7367
vn -0.2170 -0.4121 -0.8849
vn -0.2212 -0.6096 -0.7612
vn -0.4412 -0.7056 -0.5546
vn -0.4607 -0.4898 -0.7401
vn -0.4636 -0.4390 -0.7697
vn -0.6675 -0.4950 -0.5563
vn -0.6772 -0.5357 -0.5045
vn 0.7982 0.4120 0.4394
vn 0.8646 0.3569 0.3537
vn 0.9530 0.2822 0.1105
vn 0.9182 0.3350 0.2113
vn 0.9111 0.3451 0.2254
vn 0.9420 0.3181 0.1071
vn -0.2620 -0.3589 -0.8959
vn -0.5343 -0.4646 -0.7062
vn -0.4526 -0.3413 -0.8238
vn 0.7907 0.4223 0.4432
vn 0.7725 0.4503 0.4476
vn 0.8819 0.4003 0.2489
vn 0.8994 0.3863 0.2047
vn 0.9259 0.3680 0.0854
vn 0.9285 0.3711 0.0093
vn 0.6785 0.4413 0.5873
vn 0.7082 0.4071 0.5768
vn 0.5335 0.5818 0.6139
vn 0.2721 0.5590 0.7832
vn -0.0995 0.5574 0.8243
vn 0.0206 0.6032 0.7973
vn 0.6581 0.4796 0.5804
vn 0.8400 0.4456 0.3096
vn 0.9337 0.3406 0.1105
vn 0.8070 0.3981 0.4361
vn 0.9543 0.2886 -0.0777
vn -0.9196 -0.3457 0.1867
vn -0.9015 -0.4100 -0.1383
vn -0.8230 -0.5675 0.0239
vn -0.7763 -0.5367 0.3306
vn -0.8381 -0.5357 -0.1026
vn -0.8992 -0.3766 -0.2229
vn -0.8506 -0.5241 -0.0428
vn -0.8474 -0.5059 0.1614
vn -0.9473 -0.2412 -0.2110
vn -0.9213 -0.2889 -0.2601
vn -0.9934 -0.0932 0.0667
vn -0.6439 -0.5264 -0.5552
vn -0.9130 -0.3886 -0.1241
vn -0.6864 -0.6560 -0.3137
vn -0.7564 -0.6045 -0.2499
vn -0.8361 -0.4133 -0.3606
vn -0.9310 -0.2885 0.2235
vn 0.7444 0.3551 0.5655
vn 0.7864 0.3790 0.4878
vn 0.7760 0.4286 0.4628
vn 0.7060 0.4463 0.5499
vn 0.7419 0.3371 0.5797
vn 0.7472 0.3941 0.5352
vn -0.8251 -0.3257 -0.4616
vn 0.6962 0.4448 0.5635
vn 0.6816 0.4020 0.6114
vn 0.6361 0.4384 0.6349
vn 0.5872 0.5328 0.6094
vn 0.6559 0.5322 0.5354
vn 0.6892 0.3107 0.6546
vn 0.6673 0.3541 0.6552
vn 0.7365 0.4936 0.4625
vn -0.6598 -0.4420 -0.6077
vn -0.6836 -0.4895 -0.5415
vn -0.6654 -0.4510 -0.5949
vn -0.6525 -0.4273 -0.6258
vn -0.6596 -0.5148 -0.5476
vn -0.6622 -0.5075 -0.5513
vn 0.6629 0.3433 0.6653
vn -0.6637 -0.4600 -0.5898
vn -0.6931 -0.4662 -0.5499
vn -0.6141 -0.4194 -0.6686
vn -0.5913 -0.4133 -0.6925
vn -0.6177 -0.4178 -0.6662
vn -0.6304 -0.4681 -0.6193
vn -0.6318 -0.4129 -0.6560
vn -0.6248 -0.4313 -0.6508
vn -0.6589 -0.4579 -0.5968
vn 0.4794 -0.3257 0.8149
vn 0.4990 -0.4444 0.7440
vn 0.6277 -0.4108 0.6613
vn 0.3976 -0.2941 0.8691
vn 0.3377 -0.4864 0.8058
vn 0.6476 -0.4745 0.5962
vn 0.5965 -0.5435 0.5906
vn 0.5507 -0.4791 0.6835
vn 0.2994 -0.4374 0.8480
vn 0.2743 -0.4081 0.8708
vn 0.0447 0.6133 0.7886
vn 0.1264 0.1516 0.9803
vn 0.2024 0.1387 0.9694
vn 0.0639 0.6341 0.7706
vn 0.2847 -0.3363 0.8977
vn 0.1715 -0.2735 0.9465
vn 0.1890 0.1099 0.9758
vn 0.1427 -0.3143 0.9385
vn 0.1714 0.5853 0.7925
vn -0.0385 0.8762 0.4803
vn -0.0677 0.8880 0.4548
vn 0.1140 0.8251 0.5534
vn 0.1353 -0.5419 0.8295
vn 0.3530 -0.1638 0.9212
vn 0.2239 -0.3980 0.8897
vn 0.1243 -0.5742 0.8092
vn 0.3964 0.3718 0.8394
vn 0.4406 0.3229 0.8376
vn 0.4383 0.4329 0.7877
vn 0.4732 0.3839 0.7929
vn 0.3548 -0.4947 0.7933
vn 0.4630 0.0193 0.8861
vn 0.4180 0.0634 0.9062
vn 0.4604 0.3469 0.8171
vn 0.3037 -0.5822 0.7542
vn 0.4769 0.1428 0.8673
vn 0.4919 0.3640 0.7909
vn 0.2896 0.0246 0.9568
vn 0.1745 -0.1342 0.9755
vn 0.2011 -0.0864 0.9758
vn 0.1003 -0.1947 0.9757
vn 0.6809 0.7245 0.1069
vn 0.7889 0.6013 0.1270
vn 0.6503 0.4964 0.5750
vn 0.6938 0.3399 0.6349
vn -0.0569 0.0074 0.9984
vn 0.2352 0.3144 0.9197
vn 0.3628 0.0496 0.9306
vn 0.5356 0.6805 0.5000
vn 0.0998 0.0731 0.9923
vn 0.3650 -0.0677 0.9286
vn 0.6017 0.7902 0.1165
vn -0.5217 -0.3209 0.7905
vn -0.1232 -0.0088 0.9923
vn -0.1902 0.2850 0.9395
vn -0.6971 -0.0662 0.7139
vn -0.8182 0.2294 0.5271
vn -0.3456 0.5038 0.7917
vn 0.1503 0.6113 0.7770
vn 0.2738 0.4964 0.8238
vn 0.6741 0.5679 0.4723
vn 0.6080 0.6121 0.5056
vn 0.7848 0.3321 0.5232
vn 0.3771 0.2639 0.8878
vn 0.9341 0.3327 0.1299
vn 0.8611 0.4784 0.1722
vn 0.8553 0.4589 0.2406
vn -0.4552 -0.7914 -0.4080
vn -0.1736 -0.9521 -0.2518
vn -0.0356 -0.8271 -0.5609
vn -0.4076 -0.6842 -0.6047
vn -0.3983 -0.5650 -0.7226
vn -0.3833 -0.5757 -0.7223
vn -0.2823 -0.5904 -0.7562
vn -0.2021 -0.5942 -0.7785
vn -0.9214 -0.3802 -0.0804
vn -0.9013 -0.4296 -0.0558
vn -0.7220 -0.5378 -0.4354
vn -0.7288 -0.5289 -0.4348
vn -0.9434 -0.2043 0.2612
vn -0.9269 -0.2346 0.2929
vn -0.7545 0.0517 0.6542
vn -0.7679 0.0552 0.6382
vn -0.4497 0.2625 0.8537
vn -0.4703 0.2900 0.8335
vn -0.1704 0.4117 0.8952
vn -0.0997 0.3421 0.9344
vn 0.7407 0.4905 0.4590
vn 0.7115 0.5645 0.4184
vn 0.2831 0.5350 0.7960
vn 0.3157 0.4417 0.8398
vn 0.9134 0.3976 0.0869
vn 0.8851 0.4618 0.0576
vn 0.8730 0.4814 0.0781
vn 0.8906 0.4367 0.1268
vn 0.7077 0.5753 0.4101
vn 0.6681 0.5636 0.4858
vn 0.8370 -0.1624 0.5225
vn 0.9105 0.0021 0.4134
vn 0.8582 0.3913 0.3321
vn 0.7749 0.5555 0.3015
vn 0.2591 -0.9625 0.0802
vn 0.5727 -0.8181 -0.0525
vn -0.4022 -0.6325 -0.6620
vn -0.4071 -0.6053 -0.6840
vn -0.0583 -0.6162 -0.7854
vn -0.0021 -0.6163 -0.7875
vn 0.2798 -0.6857 -0.6720
vn 0.4133 -0.5508 -0.7252
vn -0.7200 -0.5672 -0.3998
vn -0.7383 -0.5404 -0.4036
vn -0.9136 -0.4005 -0.0698
vn -0.8903 -0.4504 -0.0670
vn -0.8974 -0.2834 0.3383
vn -0.9235 -0.2284 0.3082
vn -0.7344 -0.0100 0.6787
vn -0.7024 -0.0952 0.7054
vn -0.3596 0.0640 0.9309
vn -0.3869 0.1882 0.9027
vn -0.0241 0.2675 0.9633
vn 0.0703 0.1843 0.9804
vn 0.7716 0.1905 0.6069
vn 0.7515 0.3053 0.5848
vn 0.3451 0.2816 0.8953
vn 0.4663 0.2234 0.8559
vn -0.2779 -0.7281 -0.6266
vn -0.6037 -0.6856 -0.4068
vn -0.3828 -0.8976 -0.2187
vn -0.0393 -0.9225 -0.3839
vn -0.6242 -0.7809 -0.0245
vn -0.8118 -0.5790 -0.0755
vn -0.5745 -0.7669 0.2860
vn -0.8247 -0.4607 0.3280
vn -0.5016 -0.6054 0.6179
vn -0.6332 -0.3186 0.7053
vn 0.9899 0.0097 -0.1416
vn 0.9850 0.1415 0.0988
vn 0.9534 0.2437 0.1778
vn 0.9723 0.1216 0.1996
vn -0.1401 -0.6647 0.7338
vn -0.2746 -0.2350 0.9324
vn 0.2643 -0.6444 0.7176
vn 0.1749 -0.1564 0.9721
vn 0.2115 -0.9635 0.1641
vn -0.2110 -0.9484 0.2367
vn 0.6923 -0.5532 -0.4633
vn 0.7801 -0.6200 -0.0845
vn 0.5555 -0.8305 0.0412
vn 0.3511 -0.8200 -0.4520
vn 0.6187 -0.5425 0.5682
vn 0.8751 -0.3676 0.3147
vn 0.5858 -0.0194 0.8102
vn 0.8448 0.0448 0.5332
vn 0.9202 -0.3046 -0.2458
vn 0.7856 -0.4078 -0.4653
vn 0.7002 -0.6599 -0.2726
vn 0.9460 -0.3172 0.0674
vn 0.5171 -0.5191 -0.6806
vn 0.1480 -0.6677 -0.7296
vn 0.9683 -0.1563 -0.1949
vn 0.9592 -0.1620 -0.2316
vn 0.8839 -0.3038 -0.3555
vn 0.9141 -0.1271 -0.3851
vn 0.9810 -0.0225 -0.1927
vn 0.8531 -0.2512 -0.4572
vn 0.7561 -0.4049 -0.5141
vn 0.8624 -0.4487 -0.2345
vn 0.9812 -0.1921 0.0207
vn 0.9836 0.0398 0.1757
vn -0.6337 -0.5764 -0.5160
vn -0.4206 -0.7534 -0.5055
vn -0.1704 -0.7946 -0.5827
vn -0.4609 -0.6684 -0.5838
vn -0.2883 -0.8220 -0.4911
vn -0.7213 -0.6121 -0.3241
vn -0.6999 -0.4589 -0.5473
vn -0.4881 -0.6132 -0.6211
vn -0.4673 -0.5226 -0.7131
vn -0.6629 -0.3696 -0.6511
vn -0.2011 -0.8213 -0.5338
vn -0.2409 -0.8005 -0.5487
vn -0.3559 -0.6907 -0.6295
vn -0.3093 -0.7455 -0.5904
vn -0.2598 -0.6410 -0.7222
vn -0.0358 -0.7477 -0.6631
vn -0.0990 -0.9160 -0.3888
vn -0.0404 -0.9131 -0.4058
vn 0.2194 -0.9753 0.0251
vn 0.3586 -0.9326 0.0418
vn 0.2548 -0.7936 -0.5525
vn 0.1901 -0.4772 -0.8580
vn -0.0717 -0.5249 -0.8481
vn 0.0212 -0.5219 -0.8527
vn 0.1952 -0.4842 -0.8529
vn 0.1551 -0.5341 -0.8311
vn 0.1727 -0.4885 -0.8553
vn 0.3086 -0.5406 -0.7827
vn 0.1484 -0.5099 -0.8473
vn 0.4516 -0.5279 -0.7193
vn 0.1300 -0.5322 -0.8366
vn -0.2213 -0.5261 -0.8211
vn -0.3422 -0.5227 -0.7808
vn -0.2693 -0.5175 -0.8122
vn -0.3196 -0.5177 -0.7936
vn -0.3096 -0.4965 -0.8110
vn -0.3098 -0.4921 -0.8136
vn -0.3279 -0.4642 -0.8228
vn -0.3107 -0.4491 -0.8377
vn -0.3204 -0.4299 -0.8441
vn -0.3213 -0.4107 -0.8533
vn -0.4540 -0.4877 -0.7457
vn -0.5445 -0.4476 -0.7094
vn -0.3997 -0.4725 -0.7855
vn -0.5011 -0.4272 -0.7526
vn -0.3715 -0.4607 -0.8061
vn -0.4823 -0.4316 -0.7623
vn -0.3755 -0.4393 -0.8161
vn -0.4808 -0.4308 -0.7637
vn -0.3998 -0.4180 -0.8157
vn -0.4923 -0.4242 -0.7601
vn -0.3951 -0.4212 -0.8164
vn -0.3622 -0.4204 -0.8319
vn -0.3823 -0.3574 -0.8521
vn -0.4193 -0.3644 -0.8315
vn -0.3231 -0.4238 -0.8461
vn -0.3346 -0.3568 -0.8722
vn -0.4596 -0.3515 -0.8156
vn -0.4050 -0.3316 -0.8520
vn -0.3832 -0.4191 -0.8231
vn -0.4553 -0.4350 -0.7768
vn -0.3373 -0.3133 -0.8877
vn -0.2977 -0.3925 -0.8702
vn -0.4011 -0.3208 -0.8580
vn -0.4423 -0.3335 -0.8326
vn -0.3448 -0.3106 -0.8858
vn -0.5018 -0.4363 -0.7469
vn -0.5011 -0.3727 -0.7811
vn -0.5295 -0.4291 -0.7318
vn -0.5329 -0.3872 -0.7524
vn -0.0918 -0.2728 -0.9577
vn 0.0724 -0.2937 -0.9531
vn -0.1669 -0.3568 -0.9192
vn -0.2466 -0.2956 -0.9229
vn 0.4835 -0.1281 -0.8659
vn 0.5800 -0.1060 -0.8077
vn 0.3756 -0.1961 -0.9058
vn 0.1920 -0.2180 -0.9569
vn -0.2729 -0.3064 -0.9120
vn -0.1565 -0.3019 -0.9404
vn -0.2766 -0.3616 -0.8904
vn -0.1793 -0.3637 -0.9141
vn -0.2752 -0.4321 -0.8588
vn -0.1956 -0.4407 -0.8761
vn 0.8422 0.0769 -0.5336
vn 0.6951 -0.0352 -0.7180
vn 0.6368 -0.0667 -0.7681
vn 0.8353 0.0748 -0.5447
vn 0.0871 -0.2628 -0.9609
vn 0.4019 -0.1627 -0.9011
vn 0.0437 -0.3209 -0.9461
vn 0.3645 -0.1753 -0.9146
vn 0.0335 -0.3867 -0.9216
vn 0.3893 -0.1849 -0.9024
vn 0.5923 -0.0621 -0.8033
vn 0.8042 0.1258 -0.5809
vn 0.5778 -0.0144 -0.8161
vn 0.7664 0.1754 -0.6179
vn 0.5997 0.0241 -0.7999
vn 0.7546 0.1915 -0.6276
vn 0.8828 0.4235 0.2034
vn 0.2034 0.4657 0.8612
vn 0.8787 0.3839 0.2839
vn 0.2651 0.3601 0.8944
vn 0.8884 0.4146 0.1971
vn 0.3929 0.3615 0.8456
vn 0.9044 0.4256 0.0296
vn 0.5548 0.3977 0.7308
vn 0.9182 0.3718 -0.1368
vn 0.7054 0.4113 0.5773
vn 0.5356 0.3306 0.7771
vn 0.3675 0.3345 0.8678
vn 0.3690 0.2520 0.8946
vn 0.5264 0.2663 0.8075
vn 0.1771 0.3478 0.9207
vn 0.2223 0.2467 0.9433
vn 0.0048 0.3657 0.9307
vn 0.1017 0.2686 0.9579
vn 0.1833 0.2485 0.9511
vn 0.2385 0.2348 0.9423
vn 0.2519 0.2857 0.9246
vn 0.2346 0.2795 0.9310
vn 0.3085 0.3546 0.8827
vn 0.2177 0.3674 0.9042
vn 0.6678 0.3302 0.6671
vn 0.6932 0.3754 0.6153
vn 0.6518 0.3461 0.6748
vn 0.6359 0.2855 0.7170
vn 0.3602 0.2657 0.8942
vn 0.5154 0.3001 0.8027
vn 0.3464 0.3415 0.8737
vn 0.5014 0.3800 0.7773
vn 0.3315 0.4399 0.8346
vn 0.5167 0.4164 0.7481
vn 0.6133 0.3195 0.7223
vn 0.6428 0.3474 0.6827
vn 0.6090 0.3601 0.7067
vn 0.6395 0.3422 0.6884
vn 0.6510 0.3297 0.6837
vn 0.6592 0.2379 0.7133
vn 0.6535 0.4206 0.6293
vn 0.5482 0.4608 0.6980
vn 0.6187 0.3792 0.6881
vn 0.5292 0.4054 0.7454
vn 0.6209 0.3507 0.7011
vn 0.5744 0.3254 0.7511
vn 0.6530 0.3296 0.6819
vn 0.6297 0.2636 0.7308
vn 0.3790 0.4228 0.8232
vn 0.3838 0.5202 0.7630
vn 0.4244 0.4888 0.7622
vn 0.4222 0.4093 0.8089
vn 0.6996 0.2638 0.6641
vn 0.7066 0.1722 0.6864
vn 0.5550 0.4777 0.6810
vn 0.1218 0.5821 0.8039
vn 0.6870 0.4015 0.6056
vn 0.4721 0.5349 0.7007
vn 0.6847 0.4260 0.5913
vn 0.0329 0.5824 0.8122
vn 0.3190 0.3664 0.8741
vn 0.2546 0.5575 0.7902
vn 0.2391 0.5498 0.8003
vn 0.3962 0.4705 0.7885
vn 0.2918 0.5438 0.7868
vn 0.4862 0.4324 0.7594
vn -0.0248 0.5755 0.8174
vn 0.3650 0.5670 0.7384
vn -0.0139 0.6033 0.7974
vn 0.5731 0.4198 0.7038
vn 0.4079 0.0206 0.9128
vn 0.5189 0.2509 0.8172
vn 0.3962 0.0490 0.9169
vn 0.3488 -0.2944 0.8898
vn -0.0010 0.5513 0.8343
vn 0.4275 0.5524 0.7156
vn 0.6416 0.4200 0.6419
vn -0.4524 0.4992 0.7390
vn -0.4396 0.5110 0.7387
vn -0.4398 0.4890 0.7533
vn -0.3667 0.3351 0.8679
vn -0.3543 0.2967 0.8868
vn -0.3646 0.5033 0.7834
vn -0.3438 0.4820 0.8059
vn -0.3310 0.3948 0.8571
vn -0.3097 0.4871 0.8166
vn -0.3223 0.4251 0.8458
vn -0.1453 0.5617 0.8145
vn -0.6673 0.4053 0.6248
vn -0.1713 0.4995 0.8492
vn -0.7326 0.2971 0.6124
vn -0.2275 0.4324 0.8725
vn -0.7120 0.2678 0.6492
vn -0.2643 0.4479 0.8541
vn -0.6588 0.2637 0.7046
vn -0.8280 -0.3993 -0.3936
vn -0.8314 -0.3530 -0.4292
vn -0.9926 -0.1009 -0.0678
vn -0.9868 -0.1612 -0.0136
vn -0.2542 0.4595 0.8510
vn -0.6022 0.2676 0.7521
vn -0.0173 -0.8741 -0.4854
vn -0.3014 -0.7971 -0.5233
vn -0.1648 -0.9640 -0.2087
vn 0.1429 -0.9841 -0.1054
vn 0.0275 -0.8401 -0.5418
vn -0.2266 -0.7962 -0.5611
vn -0.1403 -0.9876 0.0700
vn -0.2220 -0.9442 0.2431
vn -0.7854 -0.0636 0.6157
vn 0.6136 -0.5728 0.5435
vn 0.3442 -0.6107 0.7132
vn 0.0907 -0.4555 0.8856
vn 0.7119 -0.5112 0.4815
vn -0.7941 -0.5558 0.2462
vn -0.0117 -0.8107 -0.5853
vn -0.1970 -0.8051 -0.5594
vn 0.3595 -0.7119 0.6033
vn -0.5898 -0.7892 -0.1714
vn 0.8192 -0.3872 0.4231
vn -0.9137 -0.3468 -0.2121
vn -0.9718 -0.0803 0.2216
vn -0.9365 -0.0825 0.3409
vn -0.9225 -0.3742 -0.0944
vn -0.9879 -0.1449 -0.0549
vn -0.9979 -0.0632 -0.0133
vn -0.9286 -0.2311 -0.2902
vn -0.8736 -0.3539 -0.3341
vn -0.8607 -0.4007 -0.3140
vn -0.9865 -0.1298 0.0994
vn -0.7123 -0.6783 0.1801
vn -0.9523 -0.2807 -0.1201
vn -0.5663 -0.8241 0.0148
vn -0.9073 -0.3504 -0.2324
vn -0.8422 -0.4245 -0.3324
vn -0.9594 -0.2649 -0.0967
vn -0.8424 -0.4358 -0.3169
vn -0.9419 -0.3182 -0.1071
vn -0.8243 -0.5092 -0.2474
vn -0.9273 -0.3585 -0.1079
vn -0.5272 -0.8348 0.1584
vn -0.8416 -0.4939 -0.2187
vn -0.8135 -0.4523 -0.3655
vn -0.9323 -0.2832 -0.2248
vn -0.8065 -0.4665 -0.3632
vn -0.9638 -0.2306 -0.1340
vn -0.9937 -0.0319 0.1076
vn -0.9982 -0.0002 0.0592
vn -0.9893 -0.1252 0.0749
vn -0.9948 -0.0547 0.0855
vn -0.9800 -0.1867 0.0695
vn -0.9871 -0.1414 0.0747
vn -0.9716 -0.2272 0.0662
vn -0.9806 -0.1879 0.0560
vn -0.9964 -0.0849 0.0027
vn -0.8487 -0.5065 -0.1523
vn -0.8050 -0.4849 -0.3417
vn -0.9912 -0.1194 -0.0571
vn -0.9875 -0.1577 -0.0022
vn -0.9949 -0.0664 0.0757
vn -0.9731 -0.2232 -0.0571
vn -0.5760 -0.4266 -0.6973
vn -0.5772 -0.4211 -0.6997
vn -0.5611 -0.4065 -0.7211
vn -0.5766 -0.3987 -0.7131
vn -0.5473 -0.4113 -0.7289
vn -0.5570 -0.3973 -0.7293
vn -0.5314 -0.4172 -0.7373
vn -0.5395 -0.4075 -0.7368
vn -0.5615 -0.3940 -0.7277
vn -0.5567 -0.4230 -0.7149
vn -0.4278 -0.4489 -0.7846
vn -0.4031 -0.4787 -0.7800
vn -0.4774 -0.4371 -0.7623
vn -0.4277 -0.6122 -0.6650
vn -0.5234 -0.4224 -0.7400
vn -0.4643 -0.6078 -0.6442
vn -0.5247 -0.4241 -0.7382
vn -0.5268 -0.4237 -0.7369
vn -0.4286 -0.4251 -0.7973
vn -0.4688 -0.4277 -0.7728
vn -0.4530 -0.3776 -0.8076
vn -0.4888 -0.3914 -0.7797
vn -0.5209 -0.4001 -0.7540
vn -0.5065 -0.4262 -0.7495
vn 0.5752 0.4825 0.6605
vn 0.6290 0.4410 0.6402
vn 0.4700 0.5349 0.7021
vn 0.5041 0.4816 0.7169
vn -0.4770 -0.3529 -0.8049
vn -0.5105 -0.3724 -0.7751
vn -0.5401 -0.3861 -0.7478
vn 0.4316 0.5408 0.7220
vn 0.4318 0.4606 0.7755
vn 0.6269 0.3018 0.7183
vn 0.6422 0.3550 0.6794
vn 0.5150 0.3789 0.7689
vn 0.4939 0.3167 0.8098
vn 0.5049 -0.4148 0.7569
vn 0.5356 -0.3925 0.7478
vn 0.5108 0.1884 0.8388
vn 0.4568 -0.0146 0.8895
vn 0.4345 0.1197 0.8927
vn 0.6815 -0.0213 0.7315
vn 0.4471 0.2335 0.8635
vn 0.5960 0.2819 0.7519
vn 0.4606 0.3463 0.8173
vn 0.2663 0.1605 0.9504
vn 0.3376 0.2372 0.9109
vn 0.4261 0.1973 0.8829
vn 0.5469 0.2178 0.8084
vn 0.4985 0.2238 0.8375
vn 0.3966 0.3195 0.8606
vn 0.4016 0.2819 0.8713
vn 0.4876 0.2969 0.8210
vn 0.9976 -0.0188 0.0666
# 3609 vertex normals

vt 0.0000 0.0000 0.0000
# 1 texture coords

o Ala_Izquierda
g Ala_Izquierda
usemtl _17174_Tiamat_v1default
s 1
f 1/1/1 2/1/2 3/1/3 4/1/4 
f 5/1/5 3/1/3 2/1/2 6/1/6 
f 7/1/7 8/1/8 3/1/3 5/1/5 
f 4/1/4 3/1/3 8/1/8 9/1/9 
f 10/1/10 11/1/11 12/1/12 13/1/13 
f 5/1/5 12/1/12 11/1/11 7/1/7 
f 6/1/6 14/1/14 12/1/12 5/1/5 
f 13/1/13 12/1/12 14/1/14 15/1/15 
f 16/1/16 17/1/17 18/1/18 19/1/19 
f 18/1/18 17/1/17 20/1/20 
f 15/1/15 14/1/14 18/1/18 21/1/21 
f 19/1/19 18/1/18 14/1/14 6/1/6 
f 22/1/22 23/1/23 24/1/24 25/1/25 
f 16/1/16 19/1/19 23/1/23 22/1/22 
f 6/1/6 2/1/2 23/1/23 19/1/19 
f 24/1/24 23/1/23 2/1/2 1/1/1 
f 26/1/26 27/1/27 28/1/28 29/1/29 
f 30/1/30 28/1/28 27/1/27 31/1/31 
f 32/1/32 33/1/33 28/1/28 30/1/30 
f 29/1/29 28/1/28 33/1/33 34/1/34 
f 25/1/25 35/1/35 36/1/36 22/1/22 
f 30/1/30 36/1/36 35/1/35 32/1/32 
f 31/1/31 37/1/37 36/1/36 30/1/30 
f 22/1/22 36/1/36 37/1/37 16/1/16 
f 38/1/38 39/1/39 40/1/40 41/1/41 
f 39/1/39 42/1/42 43/1/43 
f 44/1/44 45/1/45 46/1/46 47/1/47 
f 48/1/48 49/1/49 45/1/45 44/1/44 
f 50/1/50 51/1/51 52/1/52 53/1/53 
f 41/1/41 51/1/51 50/1/50 38/1/38 
f 54/1/54 55/1/55 43/1/43 42/1/42 
f 56/1/56 57/1/57 58/1/58 59/1/59 
f 60/1/60 58/1/58 57/1/57 61/1/61 
f 62/1/62 63/1/63 58/1/58 60/1/60 
f 59/1/59 58/1/58 63/1/63 64/1/64 
f 65/1/65 66/1/66 67/1/67 68/1/68 
f 69/1/69 67/1/67 66/1/66 70/1/70 
f 71/1/71 67/1/67 69/1/69 64/1/64 
f 68/1/68 67/1/67 71/1/71 72/1/72 
f 73/1/73 74/1/74 75/1/75 76/1/76 
f 71/1/71 75/1/75 74/1/74 72/1/72 
f 64/1/64 63/1/63 75/1/75 71/1/71 
f 76/1/76 75/1/75 63/1/63 62/1/62 
f 77/1/77 78/1/78 79/1/79 80/1/80 
f 60/1/60 79/1/79 78/1/78 62/1/62 
f 61/1/61 81/1/81 79/1/79 60/1/60 
f 80/1/80 79/1/79 81/1/81 82/1/82 
f 83/1/83 84/1/84 85/1/85 86/1/86 
f 87/1/87 85/1/85 84/1/84 88/1/88 
f 89/1/89 90/1/90 85/1/85 87/1/87 
f 86/1/86 85/1/85 90/1/90 91/1/91 
f 20/1/20 92/1/92 93/1/93 21/1/21 
f 94/1/94 93/1/93 92/1/92 95/1/95 
f 96/1/96 97/1/97 93/1/93 94/1/94 
f 21/1/21 93/1/93 97/1/97 15/1/15 
f 98/1/98 99/1/99 100/1/100 101/1/101 
f 99/1/99 102/1/102 103/1/103 
f 96/1/96 94/1/94 100/1/100 103/1/103 
f 101/1/101 100/1/100 94/1/94 95/1/95 
f 104/1/104 105/1/105 97/1/97 96/1/96 
f 106/1/106 105/1/105 104/1/104 107/1/107 
f 10/1/10 13/1/13 105/1/105 106/1/106 
f 97/1/97 105/1/105 13/1/13 15/1/15 
f 108/1/108 103/1/103 102/1/102 
f 109/1/109 108/1/108 110/1/110 111/1/111 
f 107/1/107 104/1/104 108/1/108 109/1/109 
f 103/1/103 108/1/108 104/1/104 96/1/96 
f 16/1/16 37/1/37 112/1/112 17/1/17 
f 113/1/113 112/1/112 37/1/37 31/1/31 
f 114/1/114 115/1/115 112/1/112 113/1/113 
f 115/1/115 20/1/20 17/1/17 
f 20/1/20 115/1/115 116/1/116 92/1/92 
f 117/1/117 116/1/116 115/1/115 114/1/114 
f 118/1/118 119/1/119 116/1/116 117/1/117 
f 92/1/92 116/1/116 119/1/119 95/1/95 
f 120/1/120 101/1/101 95/1/95 
f 121/1/121 120/1/120 119/1/119 118/1/118 
f 122/1/122 123/1/123 120/1/120 121/1/121 
f 123/1/123 98/1/98 101/1/101 
f 31/1/31 27/1/27 124/1/124 113/1/113 
f 125/1/125 124/1/124 27/1/27 26/1/26 
f 126/1/126 127/1/127 124/1/124 125/1/125 
f 113/1/113 124/1/124 127/1/127 114/1/114 
f 128/1/128 129/1/129 130/1/130 131/1/131 
f 132/1/132 130/1/130 129/1/129 133/1/133 
f 134/1/134 135/1/135 130/1/130 132/1/132 
f 131/1/131 130/1/130 135/1/135 136/1/136 
f 137/1/137 138/1/138 139/1/139 
f 132/1/132 140/1/140 139/1/139 134/1/134 
f 141/1/141 140/1/140 132/1/132 133/1/133 
f 142/1/142 137/1/137 140/1/140 141/1/141 
f 143/1/143 144/1/144 145/1/145 
f 146/1/146 143/1/143 147/1/147 148/1/148 
f 149/1/149 150/1/150 143/1/143 146/1/146 
f 144/1/144 143/1/143 150/1/150 128/1/128 
f 151/1/151 152/1/152 74/1/74 73/1/73 
f 151/1/151 153/1/153 154/1/154 
f 152/1/152 154/1/154 155/1/155 
f 74/1/74 152/1/152 156/1/156 72/1/72 
f 157/1/157 158/1/158 159/1/159 160/1/160 
f 161/1/161 159/1/159 158/1/158 162/1/162 
f 163/1/163 159/1/159 161/1/161 164/1/164 
f 165/1/165 160/1/160 159/1/159 163/1/163 
f 162/1/162 166/1/166 167/1/167 161/1/161 
f 168/1/168 167/1/167 166/1/166 169/1/169 
f 170/1/170 171/1/171 167/1/167 168/1/168 
f 161/1/161 167/1/167 171/1/171 164/1/164 
f 172/1/172 173/1/173 174/1/174 175/1/175 
f 176/1/176 174/1/174 173/1/173 177/1/177 
f 178/1/178 179/1/179 174/1/174 176/1/176 
f 175/1/175 174/1/174 179/1/179 180/1/180 
f 181/1/181 182/1/182 183/1/183 184/1/184 
f 175/1/175 183/1/183 182/1/182 172/1/172 
f 180/1/180 185/1/185 183/1/183 175/1/175 
f 184/1/184 183/1/183 185/1/185 186/1/186 
f 187/1/187 188/1/188 189/1/189 190/1/190 
f 191/1/191 192/1/192 188/1/188 187/1/187 
f 184/1/184 188/1/188 192/1/192 181/1/181 
f 189/1/189 188/1/188 184/1/184 186/1/186 
f 153/1/153 193/1/193 194/1/194 154/1/154 
f 195/1/195 194/1/194 193/1/193 196/1/196 
f 197/1/197 198/1/198 194/1/194 195/1/195 
f 198/1/198 155/1/155 154/1/154 
f 199/1/199 200/1/200 201/1/201 202/1/202 
f 195/1/195 201/1/201 200/1/200 197/1/197 
f 196/1/196 203/1/203 201/1/201 195/1/195 
f 202/1/202 201/1/201 203/1/203 204/1/204 
f 205/1/205 206/1/206 207/1/207 208/1/208 
f 209/1/209 207/1/207 206/1/206 210/1/210 
f 88/1/88 84/1/84 207/1/207 209/1/209 
f 208/1/208 207/1/207 84/1/84 83/1/83 
f 210/1/210 211/1/211 212/1/212 209/1/209 
f 213/1/213 212/1/212 211/1/211 214/1/214 
f 215/1/215 216/1/216 212/1/212 213/1/213 
f 209/1/209 212/1/212 216/1/216 88/1/88 
f 214/1/214 217/1/217 218/1/218 213/1/213 
f 219/1/219 218/1/218 217/1/217 220/1/220 
f 221/1/221 222/1/222 218/1/218 219/1/219 
f 213/1/213 218/1/218 222/1/222 215/1/215 
f 220/1/220 223/1/223 224/1/224 219/1/219 
f 225/1/225 224/1/224 223/1/223 226/1/226 
f 227/1/227 228/1/228 224/1/224 225/1/225 
f 219/1/219 224/1/224 228/1/228 221/1/221 
f 229/1/229 230/1/230 231/1/231 
f 232/1/232 233/1/233 229/1/229 
f 234/1/234 229/1/229 233/1/233 235/1/235 
f 234/1/234 236/1/236 230/1/230 
f 237/1/237 238/1/238 239/1/239 240/1/240 
f 241/1/241 239/1/239 238/1/238 242/1/242 
f 243/1/243 244/1/244 239/1/239 241/1/241 
f 240/1/240 239/1/239 244/1/244 245/1/245 
f 246/1/246 247/1/247 248/1/248 249/1/249 
f 250/1/250 248/1/248 247/1/247 251/1/251 
f 252/1/252 253/1/253 248/1/248 250/1/250 
f 249/1/249 248/1/248 253/1/253 254/1/254 
f 255/1/255 256/1/256 257/1/257 258/1/258 
f 259/1/259 257/1/257 256/1/256 260/1/260 
f 261/1/261 262/1/262 257/1/257 259/1/259 
f 258/1/258 257/1/257 262/1/262 263/1/263 
f 264/1/264 265/1/265 266/1/266 267/1/267 
f 268/1/268 266/1/266 265/1/265 269/1/269 
f 251/1/251 247/1/247 266/1/266 268/1/268 
f 267/1/267 266/1/266 247/1/247 246/1/246 
f 270/1/270 271/1/271 272/1/272 273/1/273 
f 274/1/274 272/1/272 271/1/271 275/1/275 
f 276/1/276 272/1/272 274/1/274 277/1/277 
f 273/1/273 272/1/272 276/1/276 142/1/142 
f 169/1/169 278/1/278 279/1/279 168/1/168 
f 280/1/280 279/1/279 278/1/278 281/1/281 
f 282/1/282 279/1/279 280/1/280 283/1/283 
f 168/1/168 279/1/279 282/1/282 170/1/170 
f 284/1/284 285/1/285 286/1/286 287/1/287 
f 288/1/288 286/1/286 285/1/285 289/1/289 
f 286/1/286 288/1/288 199/1/199 
f 202/1/202 204/1/204 287/1/287 
f 290/1/290 291/1/291 292/1/292 293/1/293 
f 249/1/249 292/1/292 291/1/291 246/1/246 
f 254/1/254 294/1/294 292/1/292 249/1/249 
f 293/1/293 292/1/292 294/1/294 295/1/295 
f 296/1/296 297/1/297 298/1/298 299/1/299 
f 300/1/300 298/1/298 297/1/297 301/1/301 
f 111/1/111 110/1/110 298/1/298 300/1/300 
f 299/1/299 298/1/298 110/1/110 102/1/102 
f 210/1/210 206/1/206 302/1/302 303/1/303 
f 304/1/304 302/1/302 206/1/206 205/1/205 
f 301/1/301 297/1/297 302/1/302 304/1/304 
f 303/1/303 302/1/302 297/1/297 296/1/296 
f 305/1/305 306/1/306 307/1/307 308/1/308 
f 299/1/299 307/1/307 306/1/306 296/1/296 
f 102/1/102 99/1/99 307/1/307 299/1/299 
f 308/1/308 307/1/307 99/1/99 98/1/98 
f 214/1/214 211/1/211 309/1/309 310/1/310 
f 303/1/303 309/1/309 211/1/211 210/1/210 
f 296/1/296 306/1/306 309/1/309 303/1/303 
f 310/1/310 309/1/309 306/1/306 305/1/305 
f 311/1/311 312/1/312 313/1/313 
f 308/1/308 311/1/311 314/1/314 305/1/305 
f 98/1/98 123/1/123 311/1/311 308/1/308 
f 312/1/312 311/1/311 123/1/123 122/1/122 
f 220/1/220 217/1/217 315/1/315 316/1/316 
f 310/1/310 315/1/315 217/1/217 214/1/214 
f 305/1/305 314/1/314 315/1/315 310/1/310 
f 316/1/316 315/1/315 314/1/314 313/1/313 
f 317/1/317 318/1/318 319/1/319 320/1/320 
f 312/1/312 319/1/319 318/1/318 313/1/313 
f 122/1/122 321/1/321 319/1/319 312/1/312 
f 320/1/320 319/1/319 321/1/321 322/1/322 
f 226/1/226 223/1/223 323/1/323 324/1/324 
f 316/1/316 323/1/323 223/1/223 220/1/220 
f 313/1/313 318/1/318 323/1/323 316/1/316 
f 324/1/324 323/1/323 318/1/318 317/1/317 
f 325/1/325 326/1/326 327/1/327 328/1/328 
f 329/1/329 327/1/327 326/1/326 330/1/330 
f 277/1/277 274/1/274 327/1/327 329/1/329 
f 328/1/328 327/1/327 274/1/274 275/1/275 
f 235/1/235 233/1/233 331/1/331 332/1/332 
f 233/1/233 232/1/232 333/1/333 
f 330/1/330 326/1/326 331/1/331 333/1/333 
f 332/1/332 331/1/331 326/1/326 325/1/325 
f 190/1/190 334/1/334 335/1/335 187/1/187 
f 336/1/336 335/1/335 334/1/334 337/1/337 
f 338/1/338 339/1/339 335/1/335 336/1/336 
f 187/1/187 335/1/335 339/1/339 191/1/191 
f 340/1/340 341/1/341 238/1/238 237/1/237 
f 336/1/336 341/1/341 340/1/340 338/1/338 
f 337/1/337 342/1/342 341/1/341 336/1/336 
f 238/1/238 341/1/341 342/1/342 242/1/242 
f 343/1/343 285/1/285 284/1/284 
f 293/1/293 343/1/343 344/1/344 290/1/290 
f 295/1/295 345/1/345 343/1/343 293/1/293 
f 285/1/285 343/1/343 345/1/345 289/1/289 
f 246/1/246 291/1/291 346/1/346 267/1/267 
f 347/1/347 346/1/346 291/1/291 290/1/290 
f 348/1/348 349/1/349 346/1/346 347/1/347 
f 267/1/267 346/1/346 349/1/349 264/1/264 
f 350/1/350 351/1/351 352/1/352 353/1/353 
f 354/1/354 352/1/352 351/1/351 355/1/355 
f 356/1/356 357/1/357 352/1/352 354/1/354 
f 353/1/353 352/1/352 357/1/357 358/1/358 
f 359/1/359 360/1/360 361/1/361 362/1/362 
f 363/1/363 361/1/361 360/1/360 364/1/364 
f 365/1/365 366/1/366 361/1/361 363/1/363 
f 362/1/362 361/1/361 366/1/366 367/1/367 
f 368/1/368 369/1/369 370/1/370 371/1/371 
f 372/1/372 370/1/370 369/1/369 373/1/373 
f 364/1/364 360/1/360 370/1/370 372/1/372 
f 371/1/371 370/1/370 360/1/360 359/1/359 
f 358/1/358 374/1/374 375/1/375 353/1/353 
f 376/1/376 375/1/375 374/1/374 377/1/377 
f 378/1/378 379/1/379 375/1/375 376/1/376 
f 353/1/353 375/1/375 379/1/379 350/1/350 
f 358/1/358 357/1/357 380/1/380 381/1/381 
f 382/1/382 380/1/380 357/1/357 356/1/356 
f 383/1/383 384/1/384 380/1/380 382/1/382 
f 384/1/384 385/1/385 381/1/381 
f 386/1/386 387/1/387 365/1/365 
f 388/1/388 386/1/386 389/1/389 390/1/390 
f 382/1/382 386/1/386 388/1/388 383/1/383 
f 387/1/387 386/1/386 382/1/382 356/1/356 
f 364/1/364 391/1/391 392/1/392 363/1/363 
f 393/1/393 392/1/392 391/1/391 394/1/394 
f 390/1/390 389/1/389 392/1/392 393/1/393 
f 363/1/363 392/1/392 389/1/389 365/1/365 
f 373/1/373 395/1/395 396/1/396 372/1/372 
f 397/1/397 396/1/396 395/1/395 398/1/398 
f 394/1/394 391/1/391 396/1/396 397/1/397 
f 372/1/372 396/1/396 391/1/391 364/1/364 
f 373/1/373 399/1/399 400/1/400 395/1/395 
f 401/1/401 400/1/400 399/1/399 377/1/377 
f 402/1/402 403/1/403 400/1/400 401/1/401 
f 395/1/395 400/1/400 403/1/403 398/1/398 
f 385/1/385 404/1/404 405/1/405 381/1/381 
f 404/1/404 402/1/402 401/1/401 
f 377/1/377 374/1/374 405/1/405 401/1/401 
f 381/1/381 405/1/405 374/1/374 358/1/358 
f 385/1/385 384/1/384 406/1/406 407/1/407 
f 408/1/408 406/1/406 384/1/384 383/1/383 
f 409/1/409 410/1/410 406/1/406 408/1/408 
f 407/1/407 406/1/406 410/1/410 411/1/411 
f 383/1/383 388/1/388 412/1/412 408/1/408 
f 413/1/413 412/1/412 388/1/388 390/1/390 
f 414/1/414 415/1/415 412/1/412 413/1/413 
f 408/1/408 412/1/412 415/1/415 409/1/409 
f 394/1/394 416/1/416 417/1/417 393/1/393 
f 418/1/418 417/1/417 416/1/416 419/1/419 
f 414/1/414 413/1/413 417/1/417 418/1/418 
f 393/1/393 417/1/417 413/1/413 390/1/390 
f 398/1/398 420/1/420 421/1/421 397/1/397 
f 422/1/422 421/1/421 420/1/420 423/1/423 
f 421/1/421 422/1/422 419/1/419 
f 397/1/397 421/1/421 416/1/416 394/1/394 
f 424/1/424 425/1/425 403/1/403 402/1/402 
f 426/1/426 427/1/427 425/1/425 424/1/424 
f 423/1/423 420/1/420 425/1/425 427/1/427 
f 403/1/403 425/1/425 420/1/420 398/1/398 
f 411/1/411 428/1/428 429/1/429 407/1/407 
f 424/1/424 429/1/429 428/1/428 426/1/426 
f 402/1/402 404/1/404 429/1/429 424/1/424 
f 404/1/404 385/1/385 407/1/407 
f 430/1/430 431/1/431 432/1/432 433/1/433 
f 434/1/434 435/1/435 432/1/432 431/1/431 
f 436/1/436 437/1/437 432/1/432 435/1/435 
f 433/1/433 432/1/432 437/1/437 438/1/438 
f 439/1/439 440/1/440 441/1/441 
f 442/1/442 439/1/439 443/1/443 444/1/444 
f 430/1/430 445/1/445 439/1/439 442/1/442 
f 440/1/440 439/1/439 445/1/445 446/1/446 
f 447/1/447 448/1/448 449/1/449 450/1/450 
f 451/1/451 449/1/449 448/1/448 452/1/452 
f 444/1/444 443/1/443 449/1/449 451/1/451 
f 450/1/450 449/1/449 443/1/443 441/1/441 
f 447/1/447 453/1/453 454/1/454 448/1/448 
f 455/1/455 454/1/454 453/1/453 456/1/456 
f 457/1/457 458/1/458 454/1/454 455/1/455 
f 448/1/448 454/1/454 458/1/458 452/1/452 
f 456/1/456 459/1/459 460/1/460 455/1/455 
f 461/1/461 460/1/460 459/1/459 462/1/462 
f 463/1/463 464/1/464 460/1/460 461/1/461 
f 455/1/455 460/1/460 464/1/464 457/1/457 
f 465/1/465 466/1/466 467/1/467 
f 468/1/468 465/1/465 469/1/469 438/1/438 
f 461/1/461 465/1/465 468/1/468 463/1/463 
f 462/1/462 466/1/466 465/1/465 461/1/461 
f 438/1/438 469/1/469 470/1/470 433/1/433 
f 467/1/467 471/1/471 470/1/470 469/1/469 
f 470/1/470 471/1/471 446/1/446 
f 433/1/433 470/1/470 445/1/445 430/1/430 
f 409/1/409 415/1/415 472/1/472 473/1/473 
f 474/1/474 472/1/472 415/1/415 414/1/414 
f 475/1/475 472/1/472 474/1/474 476/1/476 
f 473/1/473 472/1/472 475/1/475 477/1/477 
f 476/1/476 474/1/474 478/1/478 479/1/479 
f 418/1/418 478/1/478 474/1/474 414/1/414 
f 419/1/419 480/1/480 478/1/478 418/1/418 
f 479/1/479 478/1/478 480/1/480 481/1/481 
f 423/1/423 482/1/482 483/1/483 422/1/422 
f 484/1/484 483/1/483 482/1/482 485/1/485 
f 481/1/481 480/1/480 483/1/483 484/1/484 
f 422/1/422 483/1/483 480/1/480 419/1/419 
f 426/1/426 486/1/486 487/1/487 427/1/427 
f 488/1/488 487/1/487 486/1/486 489/1/489 
f 485/1/485 482/1/482 487/1/487 488/1/488 
f 427/1/427 487/1/487 482/1/482 423/1/423 
f 426/1/426 428/1/428 490/1/490 486/1/486 
f 491/1/491 490/1/490 428/1/428 411/1/411 
f 492/1/492 493/1/493 490/1/490 491/1/491 
f 486/1/486 490/1/490 493/1/493 489/1/489 
f 477/1/477 494/1/494 495/1/495 473/1/473 
f 494/1/494 492/1/492 491/1/491 
f 411/1/411 410/1/410 495/1/495 491/1/491 
f 473/1/473 495/1/495 410/1/410 409/1/409 
f 476/1/476 496/1/496 497/1/497 475/1/475 
f 498/1/498 497/1/497 496/1/496 499/1/499 
f 497/1/497 498/1/498 500/1/500 
f 477/1/477 475/1/475 497/1/497 501/1/501 
f 441/1/441 502/1/502 503/1/503 450/1/450 
f 504/1/504 503/1/503 502/1/502 505/1/505 
f 506/1/506 507/1/507 503/1/503 504/1/504 
f 450/1/450 503/1/503 507/1/507 447/1/447 
f 508/1/508 509/1/509 510/1/510 511/1/511 
f 512/1/512 510/1/510 509/1/509 513/1/513 
f 510/1/510 512/1/512 506/1/506 
f 511/1/511 510/1/510 514/1/514 499/1/499 
f 481/1/481 515/1/515 516/1/516 479/1/479 
f 511/1/511 516/1/516 515/1/515 508/1/508 
f 499/1/499 496/1/496 516/1/516 511/1/511 
f 479/1/479 516/1/516 496/1/496 476/1/476 
f 512/1/512 517/1/517 507/1/507 506/1/506 
f 518/1/518 517/1/517 512/1/512 513/1/513 
f 453/1/453 517/1/517 518/1/518 456/1/456 
f 447/1/447 507/1/507 517/1/517 453/1/453 
f 485/1/485 519/1/519 520/1/520 484/1/484 
f 521/1/521 520/1/520 519/1/519 522/1/522 
f 508/1/508 515/1/515 520/1/520 521/1/521 
f 484/1/484 520/1/520 515/1/515 481/1/481 
f 489/1/489 523/1/523 524/1/524 488/1/488 
f 525/1/525 524/1/524 523/1/523 526/1/526 
f 522/1/522 519/1/519 524/1/524 525/1/525 
f 488/1/488 524/1/524 519/1/519 485/1/485 
f 504/1/504 505/1/505 527/1/527 
f 527/1/527 500/1/500 498/1/498 
f 528/1/528 498/1/498 499/1/499 
f 514/1/514 506/1/506 504/1/504 
f 529/1/529 530/1/530 531/1/531 532/1/532 
f 459/1/459 531/1/531 530/1/530 462/1/462 
f 456/1/456 518/1/518 531/1/531 459/1/459 
f 532/1/532 531/1/531 518/1/518 513/1/513 
f 533/1/533 534/1/534 535/1/535 
f 536/1/536 537/1/537 538/1/538 
f 529/1/529 539/1/539 533/1/533 538/1/538 
f 534/1/534 533/1/533 539/1/539 540/1/540 
f 541/1/541 538/1/538 537/1/537 
f 466/1/466 541/1/541 542/1/542 467/1/467 
f 462/1/462 530/1/530 541/1/541 466/1/466 
f 538/1/538 541/1/541 530/1/530 529/1/529 
f 543/1/543 544/1/544 542/1/542 537/1/537 
f 545/1/545 544/1/544 543/1/543 546/1/546 
f 446/1/446 471/1/471 544/1/544 545/1/545 
f 471/1/471 467/1/467 542/1/542 
f 446/1/446 545/1/545 547/1/547 440/1/440 
f 548/1/548 547/1/547 545/1/545 546/1/546 
f 505/1/505 502/1/502 547/1/547 548/1/548 
f 502/1/502 441/1/441 440/1/440 
f 546/1/546 549/1/549 550/1/550 548/1/548 
f 551/1/551 550/1/550 549/1/549 552/1/552 
f 553/1/553 554/1/554 550/1/550 551/1/551 
f 548/1/548 550/1/550 554/1/554 505/1/505 
f 555/1/555 551/1/551 552/1/552 
f 556/1/556 555/1/555 557/1/557 558/1/558 
f 559/1/559 560/1/560 555/1/555 556/1/556 
f 551/1/551 555/1/555 560/1/560 553/1/553 
f 561/1/561 562/1/562 563/1/563 564/1/564 
f 565/1/565 566/1/566 563/1/563 562/1/562 
f 563/1/563 566/1/566 567/1/567 
f 565/1/565 562/1/562 568/1/568 569/1/569 
f 570/1/570 568/1/568 562/1/562 561/1/561 
f 558/1/558 557/1/557 568/1/568 570/1/570 
f 569/1/569 568/1/568 557/1/557 552/1/552 
f 571/1/571 572/1/572 573/1/573 574/1/574 
f 575/1/575 573/1/573 572/1/572 576/1/576 
f 573/1/573 575/1/575 577/1/577 
f 578/1/578 579/1/579 574/1/574 
f 580/1/580 581/1/581 582/1/582 583/1/583 
f 576/1/576 572/1/572 581/1/581 580/1/580 
f 584/1/584 581/1/581 572/1/572 571/1/571 
f 582/1/582 581/1/581 584/1/584 567/1/567 
f 583/1/583 585/1/585 586/1/586 580/1/580 
f 587/1/587 586/1/586 585/1/585 588/1/588 
f 589/1/589 590/1/590 586/1/586 587/1/587 
f 580/1/580 586/1/586 590/1/590 576/1/576 
f 591/1/591 592/1/592 593/1/593 594/1/594 
f 592/1/592 537/1/537 536/1/536 
f 535/1/535 595/1/595 593/1/593 536/1/536 
f 594/1/594 593/1/593 595/1/595 596/1/596 
f 597/1/597 598/1/598 599/1/599 
f 600/1/600 546/1/546 543/1/543 
f 537/1/537 592/1/592 597/1/597 543/1/543 
f 592/1/592 591/1/591 598/1/598 
f 601/1/601 599/1/599 598/1/598 
f 591/1/591 602/1/602 603/1/603 598/1/598 
f 604/1/604 601/1/601 603/1/603 602/1/602 
f 605/1/605 600/1/600 599/1/599 
f 569/1/569 605/1/605 606/1/606 565/1/565 
f 552/1/552 549/1/549 605/1/605 569/1/569 
f 549/1/549 546/1/546 600/1/600 
f 607/1/607 566/1/566 565/1/565 
f 608/1/608 607/1/607 606/1/606 599/1/599 
f 608/1/608 609/1/609 610/1/610 
f 610/1/610 567/1/567 566/1/566 
f 608/1/608 611/1/611 612/1/612 609/1/609 
f 601/1/601 611/1/611 608/1/608 599/1/599 
f 604/1/604 613/1/613 611/1/611 601/1/601 
f 612/1/612 611/1/611 613/1/613 614/1/614 
f 609/1/609 615/1/615 616/1/616 610/1/610 
f 615/1/615 617/1/617 618/1/618 
f 583/1/583 582/1/582 616/1/616 618/1/618 
f 610/1/610 616/1/616 582/1/582 567/1/567 
f 619/1/619 620/1/620 621/1/621 622/1/622 
f 623/1/623 621/1/621 620/1/620 624/1/624 
f 617/1/617 615/1/615 621/1/621 623/1/623 
f 622/1/622 621/1/621 615/1/615 609/1/609 
f 625/1/625 626/1/626 627/1/627 628/1/628 
f 629/1/629 630/1/630 627/1/627 626/1/626 
f 631/1/631 627/1/627 630/1/630 632/1/632 
f 631/1/631 588/1/588 628/1/628 
f 633/1/633 618/1/618 617/1/617 
f 625/1/625 628/1/628 633/1/633 634/1/634 
f 633/1/633 628/1/628 588/1/588 
f 618/1/618 633/1/633 585/1/585 583/1/583 
f 629/1/629 635/1/635 636/1/636 630/1/630 
f 637/1/637 638/1/638 636/1/636 635/1/635 
f 639/1/639 636/1/636 638/1/638 614/1/614 
f 632/1/632 630/1/630 636/1/636 639/1/639 
f 640/1/640 641/1/641 642/1/642 643/1/643 
f 634/1/634 642/1/642 641/1/641 625/1/625 
f 634/1/634 617/1/617 623/1/623 
f 624/1/624 643/1/643 642/1/642 623/1/623 
f 614/1/614 638/1/638 644/1/644 612/1/612 
f 645/1/645 644/1/644 638/1/638 637/1/637 
f 619/1/619 622/1/622 644/1/644 645/1/645 
f 612/1/612 644/1/644 622/1/622 609/1/609 
f 646/1/646 645/1/645 637/1/637 
f 643/1/643 646/1/646 647/1/647 640/1/640 
f 624/1/624 620/1/620 646/1/646 643/1/643 
f 620/1/620 619/1/619 645/1/645 
f 648/1/648 641/1/641 640/1/640 
f 647/1/647 637/1/637 635/1/635 
f 648/1/648 635/1/635 629/1/629 
f 626/1/626 625/1/625 641/1/641 
f 649/1/649 650/1/650 651/1/651 652/1/652 
f 76/1/76 651/1/651 650/1/650 73/1/73 
f 62/1/62 78/1/78 651/1/651 76/1/76 
f 652/1/652 651/1/651 78/1/78 77/1/77 
f 73/1/73 650/1/650 653/1/653 151/1/151 
f 654/1/654 653/1/653 650/1/650 649/1/649 
f 655/1/655 656/1/656 653/1/653 654/1/654 
f 151/1/151 653/1/653 656/1/656 153/1/153 
f 649/1/649 657/1/657 658/1/658 654/1/654 
f 659/1/659 658/1/658 657/1/657 660/1/660 
f 661/1/661 662/1/662 658/1/658 659/1/659 
f 654/1/654 658/1/658 662/1/662 655/1/655 
f 663/1/663 664/1/664 656/1/656 655/1/655 
f 665/1/665 666/1/666 664/1/664 663/1/663 
f 196/1/196 193/1/193 664/1/664 666/1/666 
f 656/1/656 664/1/664 193/1/193 153/1/153 
f 661/1/661 667/1/667 668/1/668 662/1/662 
f 669/1/669 668/1/668 667/1/667 670/1/670 
f 665/1/665 663/1/663 668/1/668 669/1/669 
f 655/1/655 662/1/662 668/1/668 663/1/663 
f 671/1/671 672/1/672 666/1/666 665/1/665 
f 672/1/672 671/1/671 673/1/673 
f 674/1/674 204/1/204 203/1/203 
f 666/1/666 672/1/672 203/1/203 196/1/196 
f 665/1/665 669/1/669 675/1/675 671/1/671 
f 670/1/670 676/1/676 675/1/675 669/1/669 
f 677/1/677 675/1/675 676/1/676 678/1/678 
f 671/1/671 675/1/675 677/1/677 673/1/673 
f 679/1/679 680/1/680 681/1/681 682/1/682 
f 347/1/347 681/1/681 680/1/680 348/1/348 
f 290/1/290 344/1/344 681/1/681 347/1/347 
f 681/1/681 344/1/344 284/1/284 
f 683/1/683 684/1/684 679/1/679 
f 682/1/682 284/1/284 287/1/287 
f 683/1/683 287/1/287 204/1/204 
f 674/1/674 673/1/673 684/1/684 
f 673/1/673 677/1/677 685/1/685 684/1/684 
f 678/1/678 686/1/686 685/1/685 677/1/677 
f 687/1/687 685/1/685 686/1/686 688/1/688 
f 679/1/679 684/1/684 685/1/685 687/1/687 
f 77/1/77 689/1/689 690/1/690 652/1/652 
f 691/1/691 690/1/690 689/1/689 692/1/692 
f 660/1/660 657/1/657 690/1/690 691/1/691 
f 652/1/652 690/1/690 657/1/657 649/1/649 
f 689/1/689 693/1/693 694/1/694 692/1/692 
f 80/1/80 693/1/693 689/1/689 77/1/77 
f 82/1/82 695/1/695 693/1/693 80/1/80 
f 694/1/694 693/1/693 695/1/695 696/1/696 
f 697/1/697 698/1/698 699/1/699 700/1/700 
f 694/1/694 698/1/698 697/1/697 692/1/692 
f 696/1/696 701/1/701 698/1/698 694/1/694 
f 699/1/699 698/1/698 701/1/701 702/1/702 
f 691/1/691 703/1/703 704/1/704 660/1/660 
f 705/1/705 703/1/703 691/1/691 692/1/692 
f 706/1/706 704/1/704 703/1/703 705/1/705 
f 700/1/700 707/1/707 708/1/708 697/1/697 
f 709/1/709 708/1/708 707/1/707 710/1/710 
f 705/1/705 708/1/708 709/1/709 706/1/706 
f 708/1/708 705/1/705 692/1/692 
f 711/1/711 712/1/712 713/1/713 714/1/714 
f 659/1/659 712/1/712 711/1/711 661/1/661 
f 660/1/660 704/1/704 712/1/712 659/1/659 
f 713/1/713 712/1/712 704/1/704 706/1/706 
f 715/1/715 716/1/716 717/1/717 718/1/718 
f 719/1/719 717/1/717 716/1/716 720/1/720 
f 710/1/710 707/1/707 717/1/717 719/1/719 
f 718/1/718 717/1/717 707/1/707 700/1/700 
f 720/1/720 716/1/716 721/1/721 722/1/722 
f 723/1/723 721/1/721 716/1/716 715/1/715 
f 7/1/7 11/1/11 721/1/721 723/1/723 
f 722/1/722 721/1/721 11/1/11 10/1/10 
f 724/1/724 725/1/725 726/1/726 727/1/727 
f 713/1/713 725/1/725 724/1/724 714/1/714 
f 706/1/706 709/1/709 725/1/725 713/1/713 
f 710/1/710 726/1/726 725/1/725 709/1/709 
f 719/1/719 728/1/728 726/1/726 710/1/710 
f 720/1/720 729/1/729 728/1/728 719/1/719 
f 727/1/727 726/1/726 728/1/728 729/1/729 
f 10/1/10 106/1/106 730/1/730 722/1/722 
f 107/1/107 731/1/731 730/1/730 106/1/106 
f 732/1/732 733/1/733 730/1/730 731/1/731 
f 722/1/722 730/1/730 733/1/733 720/1/720 
f 714/1/714 734/1/734 735/1/735 711/1/711 
f 736/1/736 735/1/735 734/1/734 737/1/737 
f 670/1/670 667/1/667 735/1/735 736/1/736 
f 711/1/711 735/1/735 667/1/667 661/1/661 
f 738/1/738 739/1/739 733/1/733 732/1/732 
f 740/1/740 739/1/739 738/1/738 741/1/741 
f 727/1/727 729/1/729 739/1/739 740/1/740 
f 733/1/733 739/1/739 729/1/729 720/1/720 
f 741/1/741 742/1/742 743/1/743 740/1/740 
f 734/1/734 743/1/743 742/1/742 737/1/737 
f 724/1/724 743/1/743 734/1/734 714/1/714 
f 740/1/740 743/1/743 724/1/724 727/1/727 
f 737/1/737 744/1/744 745/1/745 736/1/736 
f 746/1/746 745/1/745 744/1/744 747/1/747 
f 678/1/678 676/1/676 745/1/745 746/1/746 
f 736/1/736 745/1/745 676/1/676 670/1/670 
f 737/1/737 742/1/742 748/1/748 744/1/744 
f 749/1/749 748/1/748 742/1/742 741/1/741 
f 750/1/750 751/1/751 748/1/748 749/1/749 
f 744/1/744 748/1/748 751/1/751 747/1/747 
f 732/1/732 752/1/752 753/1/753 738/1/738 
f 754/1/754 753/1/753 752/1/752 755/1/755 
f 749/1/749 753/1/753 754/1/754 750/1/750 
f 738/1/738 753/1/753 749/1/749 741/1/741 
f 111/1/111 756/1/756 757/1/757 109/1/109 
f 752/1/752 757/1/757 756/1/756 755/1/755 
f 732/1/732 731/1/731 757/1/757 752/1/752 
f 109/1/109 757/1/757 731/1/731 107/1/107 
f 758/1/758 759/1/759 760/1/760 761/1/761 
f 762/1/762 760/1/760 759/1/759 763/1/763 
f 747/1/747 751/1/751 760/1/760 762/1/762 
f 761/1/761 760/1/760 751/1/751 750/1/750 
f 747/1/747 762/1/762 764/1/764 746/1/746 
f 765/1/765 764/1/764 762/1/762 763/1/763 
f 688/1/688 686/1/686 764/1/764 765/1/765 
f 746/1/746 764/1/764 686/1/686 678/1/678 
f 750/1/750 754/1/754 766/1/766 761/1/761 
f 767/1/767 766/1/766 754/1/754 755/1/755 
f 761/1/761 766/1/766 767/1/767 758/1/758 
f 688/1/688 768/1/768 769/1/769 687/1/687 
f 770/1/770 769/1/769 768/1/768 771/1/771 
f 348/1/348 680/1/680 769/1/769 770/1/770 
f 687/1/687 769/1/769 680/1/680 679/1/679 
f 301/1/301 772/1/772 773/1/773 300/1/300 
f 774/1/774 773/1/773 772/1/772 775/1/775 
f 755/1/755 756/1/756 773/1/773 774/1/774 
f 300/1/300 773/1/773 756/1/756 111/1/111 
f 765/1/765 776/1/776 768/1/768 688/1/688 
f 763/1/763 777/1/777 776/1/776 765/1/765 
f 776/1/776 777/1/777 771/1/771 
f 775/1/775 778/1/778 779/1/779 774/1/774 
f 780/1/780 779/1/779 778/1/778 781/1/781 
f 758/1/758 767/1/767 779/1/779 780/1/780 
f 774/1/774 779/1/779 767/1/767 755/1/755 
f 781/1/781 782/1/782 783/1/783 780/1/780 
f 777/1/777 783/1/783 782/1/782 771/1/771 
f 763/1/763 759/1/759 783/1/783 777/1/777 
f 780/1/780 783/1/783 759/1/759 758/1/758 
f 771/1/771 784/1/784 785/1/785 770/1/770 
f 786/1/786 785/1/785 784/1/784 787/1/787 
f 264/1/264 349/1/349 785/1/785 786/1/786 
f 770/1/770 785/1/785 349/1/349 348/1/348 
f 205/1/205 788/1/788 789/1/789 304/1/304 
f 790/1/790 789/1/789 788/1/788 791/1/791 
f 775/1/775 772/1/772 789/1/789 790/1/790 
f 304/1/304 789/1/789 772/1/772 301/1/301 
f 791/1/791 792/1/792 793/1/793 790/1/790 
f 794/1/794 793/1/793 792/1/792 795/1/795 
f 781/1/781 778/1/778 793/1/793 794/1/794 
f 790/1/790 793/1/793 778/1/778 775/1/775 
f 795/1/795 796/1/796 797/1/797 794/1/794 
f 784/1/784 797/1/797 796/1/796 787/1/787 
f 771/1/771 782/1/782 797/1/797 784/1/784 
f 794/1/794 797/1/797 782/1/782 781/1/781 
f 798/1/798 799/1/799 786/1/786 787/1/787 
f 800/1/800 801/1/801 799/1/799 798/1/798 
f 269/1/269 265/1/265 799/1/799 801/1/801 
f 786/1/786 799/1/799 265/1/265 264/1/264 
f 83/1/83 802/1/802 803/1/803 208/1/208 
f 804/1/804 803/1/803 802/1/802 805/1/805 
f 791/1/791 788/1/788 803/1/803 804/1/804 
f 208/1/208 803/1/803 788/1/788 205/1/205 
f 805/1/805 806/1/806 807/1/807 804/1/804 
f 808/1/808 807/1/807 806/1/806 809/1/809 
f 795/1/795 792/1/792 807/1/807 808/1/808 
f 804/1/804 807/1/807 792/1/792 791/1/791 
f 809/1/809 810/1/810 811/1/811 808/1/808 
f 798/1/798 811/1/811 810/1/810 800/1/800 
f 787/1/787 796/1/796 811/1/811 798/1/798 
f 808/1/808 811/1/811 796/1/796 795/1/795 
f 812/1/812 813/1/813 86/1/86 91/1/91 
f 814/1/814 813/1/813 812/1/812 815/1/815 
f 805/1/805 802/1/802 813/1/813 814/1/814 
f 86/1/86 813/1/813 802/1/802 83/1/83 
f 501/1/501 500/1/500 816/1/816 
f 817/1/817 818/1/818 816/1/816 819/1/819 
f 818/1/818 817/1/817 492/1/492 
f 494/1/494 477/1/477 501/1/501 
f 820/1/820 821/1/821 822/1/822 823/1/823 
f 824/1/824 822/1/822 821/1/821 819/1/819 
f 553/1/553 560/1/560 822/1/822 824/1/824 
f 823/1/823 822/1/822 560/1/560 559/1/559 
f 825/1/825 493/1/493 492/1/492 
f 826/1/826 825/1/825 817/1/817 819/1/819 
f 526/1/526 523/1/523 825/1/825 826/1/826 
f 493/1/493 825/1/825 523/1/523 489/1/489 
f 824/1/824 827/1/827 554/1/554 553/1/553 
f 816/1/816 827/1/827 824/1/824 819/1/819 
f 500/1/500 527/1/527 827/1/827 816/1/816 
f 554/1/554 827/1/827 527/1/527 505/1/505 
f 828/1/828 829/1/829 830/1/830 
f 831/1/831 832/1/832 833/1/833 
f 828/1/828 833/1/833 834/1/834 
f 835/1/835 819/1/819 829/1/829 
f 832/1/832 836/1/836 837/1/837 833/1/833 
f 836/1/836 838/1/838 839/1/839 
f 840/1/840 841/1/841 837/1/837 839/1/839 
f 833/1/833 837/1/837 841/1/841 834/1/834 
f 842/1/842 843/1/843 844/1/844 845/1/845 
f 846/1/846 847/1/847 844/1/844 843/1/843 
f 848/1/848 849/1/849 844/1/844 847/1/847 
f 845/1/845 844/1/844 849/1/849 850/1/850 
f 851/1/851 852/1/852 853/1/853 854/1/854 
f 855/1/855 853/1/853 852/1/852 856/1/856 
f 857/1/857 858/1/858 853/1/853 855/1/855 
f 854/1/854 853/1/853 858/1/858 859/1/859 
f 856/1/856 860/1/860 861/1/861 855/1/855 
f 862/1/862 861/1/861 860/1/860 863/1/863 
f 864/1/864 865/1/865 861/1/861 862/1/862 
f 855/1/855 861/1/861 865/1/865 857/1/857 
f 866/1/866 867/1/867 868/1/868 869/1/869 
f 870/1/870 868/1/868 867/1/867 871/1/871 
f 856/1/856 852/1/852 868/1/868 870/1/870 
f 869/1/869 868/1/868 852/1/852 851/1/851 
f 872/1/872 873/1/873 874/1/874 875/1/875 
f 876/1/876 874/1/874 873/1/873 877/1/877 
f 871/1/871 867/1/867 874/1/874 876/1/876 
f 875/1/875 874/1/874 867/1/867 866/1/866 
f 871/1/871 878/1/878 879/1/879 870/1/870 
f 880/1/880 879/1/879 878/1/878 881/1/881 
f 863/1/863 860/1/860 879/1/879 880/1/880 
f 870/1/870 879/1/879 860/1/860 856/1/856 
f 881/1/881 882/1/882 883/1/883 880/1/880 
f 812/1/812 883/1/883 882/1/882 815/1/815 
f 91/1/91 884/1/884 883/1/883 812/1/812 
f 880/1/880 883/1/883 884/1/884 863/1/863 
f 885/1/885 886/1/886 887/1/887 888/1/888 
f 889/1/889 887/1/887 886/1/886 890/1/890 
f 872/1/872 891/1/891 887/1/887 889/1/889 
f 888/1/888 887/1/887 891/1/891 892/1/892 
f 815/1/815 893/1/893 894/1/894 814/1/814 
f 895/1/895 894/1/894 893/1/893 896/1/896 
f 809/1/809 806/1/806 894/1/894 895/1/895 
f 814/1/814 894/1/894 806/1/806 805/1/805 
f 897/1/897 898/1/898 899/1/899 900/1/900 
f 901/1/901 898/1/898 897/1/897 902/1/902 
f 801/1/801 898/1/898 901/1/901 269/1/269 
f 801/1/801 800/1/800 899/1/899 
f 896/1/896 903/1/903 904/1/904 895/1/895 
f 899/1/899 904/1/904 903/1/903 900/1/900 
f 800/1/800 810/1/810 904/1/904 899/1/899 
f 895/1/895 904/1/904 810/1/810 809/1/809 
f 905/1/905 906/1/906 902/1/902 
f 905/1/905 897/1/897 900/1/900 
f 578/1/578 905/1/905 907/1/907 579/1/579 
f 906/1/906 905/1/905 578/1/578 577/1/577 
f 881/1/881 908/1/908 909/1/909 882/1/882 
f 910/1/910 909/1/909 908/1/908 911/1/911 
f 896/1/896 893/1/893 909/1/909 910/1/910 
f 882/1/882 909/1/909 893/1/893 815/1/815 
f 912/1/912 876/1/876 877/1/877 
f 913/1/913 911/1/911 908/1/908 
f 912/1/912 908/1/908 881/1/881 
f 876/1/876 912/1/912 878/1/878 871/1/871 
f 890/1/890 914/1/914 915/1/915 889/1/889 
f 914/1/914 911/1/911 913/1/913 
f 877/1/877 873/1/873 915/1/915 913/1/913 
f 889/1/889 915/1/915 873/1/873 872/1/872 
f 916/1/916 917/1/917 918/1/918 919/1/919 
f 916/1/916 911/1/911 914/1/914 
f 920/1/920 917/1/917 914/1/914 890/1/890 
f 917/1/917 920/1/920 921/1/921 
f 919/1/919 922/1/922 923/1/923 916/1/916 
f 924/1/924 923/1/923 922/1/922 925/1/925 
f 923/1/923 924/1/924 926/1/926 
f 927/1/927 911/1/911 916/1/916 
f 926/1/926 924/1/924 928/1/928 929/1/929 
f 930/1/930 928/1/928 924/1/924 925/1/925 
f 579/1/579 907/1/907 928/1/928 930/1/930 
f 929/1/929 928/1/928 907/1/907 900/1/900 
f 910/1/910 931/1/931 903/1/903 896/1/896 
f 927/1/927 931/1/931 910/1/910 911/1/911 
f 926/1/926 929/1/929 931/1/931 927/1/927 
f 900/1/900 903/1/903 931/1/931 929/1/929 
f 434/1/434 431/1/431 932/1/932 933/1/933 
f 442/1/442 932/1/932 431/1/431 430/1/430 
f 444/1/444 934/1/934 932/1/932 442/1/442 
f 935/1/935 933/1/933 932/1/932 934/1/934 
f 936/1/936 937/1/937 938/1/938 939/1/939 
f 463/1/463 468/1/468 938/1/938 937/1/937 
f 438/1/438 437/1/437 938/1/938 468/1/468 
f 436/1/436 939/1/939 938/1/938 437/1/437 
f 940/1/940 941/1/941 942/1/942 943/1/943 
f 944/1/944 942/1/942 941/1/941 945/1/945 
f 452/1/452 458/1/458 942/1/942 944/1/944 
f 943/1/943 942/1/942 458/1/458 457/1/457 
f 944/1/944 946/1/946 451/1/451 452/1/452 
f 947/1/947 946/1/946 944/1/944 945/1/945 
f 935/1/935 934/1/934 946/1/946 947/1/947 
f 451/1/451 946/1/946 934/1/934 444/1/444 
f 936/1/936 948/1/948 949/1/949 937/1/937 
f 943/1/943 949/1/949 948/1/948 940/1/940 
f 457/1/457 464/1/464 949/1/949 943/1/943 
f 937/1/937 949/1/949 464/1/464 463/1/463 
f 950/1/950 951/1/951 952/1/952 953/1/953 
f 952/1/952 951/1/951 945/1/945 
f 940/1/940 948/1/948 952/1/952 941/1/941 
f 953/1/953 952/1/952 948/1/948 936/1/936 
f 935/1/935 947/1/947 954/1/954 933/1/933 
f 947/1/947 945/1/945 951/1/951 
f 950/1/950 955/1/955 954/1/954 951/1/951 
f 434/1/434 933/1/933 954/1/954 
f 950/1/950 953/1/953 956/1/956 955/1/955 
f 939/1/939 956/1/956 953/1/953 936/1/936 
f 436/1/436 435/1/435 956/1/956 939/1/939 
f 956/1/956 435/1/435 434/1/434 
f 957/1/957 958/1/958 379/1/379 378/1/378 
f 959/1/959 958/1/958 957/1/957 367/1/367 
f 355/1/355 351/1/351 958/1/958 959/1/959 
f 379/1/379 958/1/958 351/1/351 350/1/350 
f 367/1/367 366/1/366 960/1/960 959/1/959 
f 387/1/387 960/1/960 366/1/366 365/1/365 
f 356/1/356 354/1/354 960/1/960 387/1/387 
f 355/1/355 959/1/959 960/1/960 354/1/354 
f 359/1/359 362/1/362 961/1/961 371/1/371 
f 957/1/957 961/1/961 362/1/362 367/1/367 
f 961/1/961 957/1/957 378/1/378 
f 371/1/371 961/1/961 962/1/962 368/1/368 
f 368/1/368 962/1/962 963/1/963 369/1/369 
f 376/1/376 963/1/963 962/1/962 378/1/378 
f 377/1/377 399/1/399 963/1/963 376/1/376 
f 369/1/369 963/1/963 399/1/399 373/1/373 
f 964/1/964 920/1/920 890/1/890 
f 965/1/965 964/1/964 886/1/886 885/1/885 
f 966/1/966 967/1/967 964/1/964 965/1/965 
f 920/1/920 964/1/964 967/1/967 921/1/921 
f 559/1/559 968/1/968 969/1/969 823/1/823 
f 970/1/970 969/1/969 968/1/968 971/1/971 
f 972/1/972 973/1/973 969/1/969 970/1/970 
f 823/1/823 969/1/969 973/1/973 820/1/820 
f 974/1/974 975/1/975 976/1/976 977/1/977 
f 918/1/918 976/1/976 975/1/975 919/1/919 
f 921/1/921 967/1/967 976/1/976 918/1/918 
f 977/1/977 976/1/976 967/1/967 966/1/966 
f 971/1/971 978/1/978 979/1/979 970/1/970 
f 977/1/977 979/1/979 978/1/978 974/1/974 
f 966/1/966 980/1/980 979/1/979 977/1/977 
f 970/1/970 979/1/979 980/1/980 972/1/972 
f 571/1/571 981/1/981 982/1/982 584/1/584 
f 983/1/983 982/1/982 981/1/981 984/1/984 
f 561/1/561 564/1/564 982/1/982 983/1/983 
f 584/1/584 982/1/982 564/1/564 567/1/567 
f 985/1/985 984/1/984 986/1/986 
f 922/1/922 987/1/987 986/1/986 925/1/925 
f 987/1/987 922/1/922 919/1/919 
f 975/1/975 974/1/974 985/1/985 
f 988/1/988 989/1/989 990/1/990 991/1/991 
f 984/1/984 985/1/985 990/1/990 989/1/989 
f 974/1/974 978/1/978 990/1/990 985/1/985 
f 991/1/991 990/1/990 978/1/978 971/1/971 
f 925/1/925 986/1/986 992/1/992 930/1/930 
f 981/1/981 992/1/992 986/1/986 984/1/984 
f 571/1/571 574/1/574 992/1/992 
f 930/1/930 992/1/992 574/1/574 579/1/579 
f 993/1/993 570/1/570 561/1/561 
f 983/1/983 984/1/984 989/1/989 
f 988/1/988 994/1/994 993/1/993 989/1/989 
f 570/1/570 993/1/993 994/1/994 558/1/558 
f 558/1/558 994/1/994 995/1/995 556/1/556 
f 991/1/991 995/1/995 994/1/994 988/1/988 
f 971/1/971 968/1/968 995/1/995 991/1/991 
f 556/1/556 995/1/995 968/1/968 559/1/559 
f 846/1/846 996/1/996 997/1/997 998/1/998 
f 999/1/999 997/1/997 996/1/996 1000/1/1000 
f 1001/1/1001 1002/1/1002 997/1/997 999/1/999 
f 998/1/998 997/1/997 1002/1/1002 1003/1/1003 
f 820/1/820 1004/1/1004 1005/1/1005 821/1/821 
f 1006/1/1006 1005/1/1005 1004/1/1004 1007/1/1007 
f 830/1/830 829/1/829 1005/1/1005 1006/1/1006 
f 821/1/821 1005/1/1005 829/1/829 819/1/819 
f 1008/1/1008 973/1/973 972/1/972 
f 1009/1/1009 1010/1/1010 1011/1/1011 
f 1007/1/1007 1004/1/1004 1008/1/1008 1011/1/1011 
f 973/1/973 1008/1/1008 1004/1/1004 820/1/820 
f 1012/1/1012 1013/1/1013 1010/1/1010 
f 1009/1/1009 972/1/972 980/1/980 
f 1012/1/1012 980/1/980 966/1/966 
f 965/1/965 885/1/885 1013/1/1013 
f 1010/1/1010 1014/1/1014 1015/1/1015 1011/1/1011 
f 1016/1/1016 1015/1/1015 1014/1/1014 1017/1/1017 
f 1018/1/1018 1019/1/1019 1015/1/1015 1016/1/1016 
f 1019/1/1019 1007/1/1007 1011/1/1011 
f 1014/1/1014 1020/1/1020 1021/1/1021 1017/1/1017 
f 1013/1/1013 1020/1/1020 1014/1/1014 1010/1/1010 
f 888/1/888 1020/1/1020 1013/1/1013 885/1/885 
f 892/1/892 1021/1/1021 1020/1/1020 888/1/888 
f 1022/1/1022 1023/1/1023 1024/1/1024 1025/1/1025 
f 1026/1/1026 1024/1/1024 1023/1/1023 1027/1/1027 
f 1028/1/1028 1024/1/1024 1026/1/1026 1029/1/1029 
f 1025/1/1025 1024/1/1024 1028/1/1028 1000/1/1000 
f 1030/1/1030 1031/1/1031 1032/1/1032 1033/1/1033 
f 1034/1/1034 1032/1/1032 1031/1/1031 1035/1/1035 
f 1017/1/1017 1021/1/1021 1032/1/1032 1034/1/1034 
f 1033/1/1033 1032/1/1032 1021/1/1021 892/1/892 
f 1036/1/1036 1037/1/1037 843/1/843 842/1/842 
f 1025/1/1025 1037/1/1037 1036/1/1036 1022/1/1022 
f 1000/1/1000 996/1/996 1037/1/1037 1025/1/1025 
f 843/1/843 1037/1/1037 996/1/996 846/1/846 
f 1018/1/1018 1016/1/1016 1038/1/1038 1039/1/1039 
f 1034/1/1034 1038/1/1038 1016/1/1016 1017/1/1017 
f 1035/1/1035 1040/1/1040 1038/1/1038 1034/1/1034 
f 1041/1/1041 1039/1/1039 1038/1/1038 1040/1/1040 
f 1030/1/1030 1042/1/1042 1043/1/1043 1044/1/1044 
f 869/1/869 1043/1/1043 1042/1/1042 866/1/866 
f 851/1/851 1045/1/1045 1043/1/1043 869/1/869 
f 1044/1/1044 1043/1/1043 1045/1/1045 1027/1/1027 
f 1046/1/1046 1047/1/1047 1023/1/1023 1022/1/1022 
f 1035/1/1035 1031/1/1031 1047/1/1047 1046/1/1046 
f 1044/1/1044 1047/1/1047 1031/1/1031 1030/1/1030 
f 1027/1/1027 1023/1/1023 1047/1/1047 1044/1/1044 
f 866/1/866 1042/1/1042 1048/1/1048 875/1/875 
f 1033/1/1033 1048/1/1048 1042/1/1042 1030/1/1030 
f 892/1/892 891/1/891 1048/1/1048 1033/1/1033 
f 875/1/875 1048/1/1048 891/1/891 872/1/872 
f 1046/1/1046 1049/1/1049 1040/1/1040 1035/1/1035 
f 1036/1/1036 1049/1/1049 1046/1/1046 1022/1/1022 
f 842/1/842 1050/1/1050 1049/1/1049 1036/1/1036 
f 1040/1/1040 1049/1/1049 1050/1/1050 1041/1/1041 
f 1051/1/1051 1052/1/1052 1053/1/1053 1054/1/1054 
f 268/1/268 1053/1/1053 1052/1/1052 251/1/251 
f 269/1/269 901/1/901 1053/1/1053 268/1/268 
f 1054/1/1054 1053/1/1053 901/1/901 902/1/902 
f 251/1/251 1052/1/1052 1055/1/1055 250/1/250 
f 1056/1/1056 1055/1/1055 1052/1/1052 1051/1/1051 
f 1057/1/1057 1058/1/1058 1055/1/1055 1056/1/1056 
f 250/1/250 1055/1/1055 1058/1/1058 252/1/252 
f 1051/1/1051 1059/1/1059 1060/1/1060 1056/1/1056 
f 1061/1/1061 1060/1/1060 1059/1/1059 1062/1/1062 
f 1063/1/1063 1064/1/1064 1060/1/1060 1061/1/1061 
f 1056/1/1056 1060/1/1060 1064/1/1064 1057/1/1057 
f 1065/1/1065 1066/1/1066 244/1/244 243/1/243 
f 1067/1/1067 1068/1/1068 1066/1/1066 1065/1/1065 
f 1069/1/1069 1066/1/1066 1068/1/1068 1070/1/1070 
f 245/1/245 244/1/244 1066/1/1066 1069/1/1069 
f 1071/1/1071 230/1/230 236/1/236 
f 1072/1/1072 1073/1/1073 1074/1/1074 
f 1075/1/1075 1076/1/1076 1071/1/1071 1074/1/1074 
f 1076/1/1076 231/1/231 230/1/230 
f 1077/1/1077 1078/1/1078 1079/1/1079 1080/1/1080 
f 258/1/258 1079/1/1079 1078/1/1078 255/1/255 
f 263/1/263 1081/1/1081 1079/1/1079 258/1/258 
f 1080/1/1080 1079/1/1079 1081/1/1081 1082/1/1082 
f 1083/1/1083 1084/1/1084 1085/1/1085 1086/1/1086 
f 1087/1/1087 1085/1/1085 1084/1/1084 1088/1/1088 
f 221/1/221 228/1/228 1085/1/1085 1087/1/1087 
f 1086/1/1086 1085/1/1085 228/1/228 227/1/227 
f 1089/1/1089 1090/1/1090 1091/1/1091 1092/1/1092 
f 87/1/87 1091/1/1091 1090/1/1090 89/1/89 
f 88/1/88 216/1/216 1091/1/1091 87/1/87 
f 1092/1/1092 1091/1/1091 216/1/216 215/1/215 
f 1088/1/1088 1093/1/1093 1094/1/1094 1087/1/1087 
f 1092/1/1092 1094/1/1094 1093/1/1093 1089/1/1089 
f 215/1/215 222/1/222 1094/1/1094 1092/1/1092 
f 1087/1/1087 1094/1/1094 222/1/222 221/1/221 
f 1095/1/1095 1096/1/1096 1097/1/1097 1098/1/1098 
f 1099/1/1099 1097/1/1097 1096/1/1096 1100/1/1100 
f 1089/1/1089 1093/1/1093 1097/1/1097 1099/1/1099 
f 1098/1/1098 1097/1/1097 1093/1/1093 1088/1/1088 
f 1101/1/1101 1102/1/1102 90/1/90 89/1/89 
f 1101/1/1101 1103/1/1103 1104/1/1104 
f 884/1/884 1102/1/1102 1104/1/1104 863/1/863 
f 90/1/90 1102/1/1102 884/1/884 91/1/91 
f 1100/1/1100 1105/1/1105 1106/1/1106 1099/1/1099 
f 1101/1/1101 1106/1/1106 1105/1/1105 1103/1/1103 
f 89/1/89 1090/1/1090 1106/1/1106 1101/1/1101 
f 1099/1/1099 1106/1/1106 1090/1/1090 1089/1/1089 
f 1107/1/1107 1108/1/1108 1109/1/1109 1110/1/1110 
f 1108/1/1108 1111/1/1111 1112/1/1112 
f 1109/1/1109 1112/1/1112 1113/1/1113 
f 1114/1/1114 1115/1/1115 1110/1/1110 
f 1116/1/1116 1117/1/1117 1118/1/1118 1119/1/1119 
f 1110/1/1110 1118/1/1118 1117/1/1117 1107/1/1107 
f 1115/1/1115 1120/1/1120 1118/1/1118 1110/1/1110 
f 1119/1/1119 1118/1/1118 1120/1/1120 1121/1/1121 
f 1122/1/1122 1123/1/1123 1124/1/1124 1125/1/1125 
f 1126/1/1126 1127/1/1127 1123/1/1123 1122/1/1122 
f 1128/1/1128 1123/1/1123 1127/1/1127 1129/1/1129 
f 1130/1/1130 1124/1/1124 1123/1/1123 1128/1/1128 
f 1131/1/1131 1132/1/1132 1133/1/1133 1134/1/1134 
f 1135/1/1135 1133/1/1133 1132/1/1132 1136/1/1136 
f 1137/1/1137 1138/1/1138 1133/1/1133 1135/1/1135 
f 1134/1/1134 1133/1/1133 1138/1/1138 1139/1/1139 
f 1062/1/1062 1140/1/1140 1141/1/1141 1061/1/1061 
f 1142/1/1142 1141/1/1141 1140/1/1140 1143/1/1143 
f 1141/1/1141 1142/1/1142 1144/1/1144 
f 1061/1/1061 1141/1/1141 1145/1/1145 1063/1/1063 
f 1146/1/1146 1147/1/1147 1148/1/1148 
f 1149/1/1149 1150/1/1150 1148/1/1148 1151/1/1151 
f 1150/1/1150 1149/1/1149 1152/1/1152 
f 1146/1/1146 1150/1/1150 1153/1/1153 1154/1/1154 
f 1155/1/1155 1142/1/1142 1143/1/1143 
f 1156/1/1156 1157/1/1157 1155/1/1155 1158/1/1158 
f 1155/1/1155 1157/1/1157 1159/1/1159 
f 1142/1/1142 1155/1/1155 1160/1/1160 1144/1/1144 
f 1161/1/1161 1157/1/1157 1156/1/1156 
f 1161/1/1161 1162/1/1162 1151/1/1151 
f 1147/1/1147 1163/1/1163 1161/1/1161 1148/1/1148 
f 1163/1/1163 1159/1/1159 1157/1/1157 
f 1164/1/1164 1054/1/1054 902/1/902 
f 1165/1/1165 1164/1/1164 1166/1/1166 1167/1/1167 
f 1062/1/1062 1059/1/1059 1164/1/1164 1165/1/1165 
f 1054/1/1054 1164/1/1164 1059/1/1059 1051/1/1051 
f 1165/1/1165 1167/1/1167 1168/1/1168 
f 1143/1/1143 1140/1/1140 1169/1/1169 1168/1/1168 
f 1062/1/1062 1165/1/1165 1169/1/1169 1140/1/1140 
f 1170/1/1170 1171/1/1171 1172/1/1172 
f 1173/1/1173 1156/1/1156 1158/1/1158 
f 1158/1/1158 1143/1/1143 1168/1/1168 
f 1170/1/1170 1168/1/1168 1167/1/1167 
f 1156/1/1156 1173/1/1173 1174/1/1174 1162/1/1162 
f 1173/1/1173 1172/1/1172 1175/1/1175 
f 1176/1/1176 1177/1/1177 1174/1/1174 1175/1/1175 
f 1177/1/1177 1151/1/1151 1162/1/1162 
f 576/1/576 590/1/590 1178/1/1178 575/1/575 
f 1179/1/1179 1178/1/1178 590/1/590 589/1/589 
f 1180/1/1180 1181/1/1181 1178/1/1178 1179/1/1179 
f 575/1/575 1178/1/1178 1181/1/1181 577/1/577 
f 577/1/577 1181/1/1181 1182/1/1182 906/1/906 
f 1181/1/1181 1180/1/1180 1183/1/1183 
f 1167/1/1167 1166/1/1166 1182/1/1182 1183/1/1183 
f 906/1/906 1182/1/1182 1166/1/1166 902/1/902 
f 596/1/596 1184/1/1184 1185/1/1185 594/1/594 
f 1186/1/1186 1185/1/1185 1184/1/1184 1187/1/1187 
f 604/1/604 602/1/602 1185/1/1185 1186/1/1186 
f 602/1/602 591/1/591 594/1/594 
f 1183/1/1183 1188/1/1188 1171/1/1171 1167/1/1167 
f 1180/1/1180 1189/1/1189 1188/1/1188 1183/1/1183 
f 1190/1/1190 1188/1/1188 1189/1/1189 1191/1/1191 
f 1171/1/1171 1188/1/1188 1190/1/1190 1172/1/1172 
f 1192/1/1192 1187/1/1187 1193/1/1193 
f 1194/1/1194 1195/1/1195 1196/1/1196 1193/1/1193 
f 1192/1/1192 1196/1/1196 1195/1/1195 1191/1/1191 
f 589/1/589 1197/1/1197 1198/1/1198 1179/1/1179 
f 1192/1/1192 1198/1/1198 1197/1/1197 1187/1/1187 
f 1191/1/1191 1189/1/1189 1198/1/1198 1192/1/1192 
f 1179/1/1179 1198/1/1198 1189/1/1189 1180/1/1180 
f 632/1/632 1199/1/1199 1200/1/1200 631/1/631 
f 1199/1/1199 1187/1/1187 1197/1/1197 
f 587/1/587 1200/1/1200 1197/1/1197 589/1/589 
f 631/1/631 1200/1/1200 587/1/587 588/1/588 
f 1186/1/1186 1201/1/1201 613/1/613 604/1/604 
f 1186/1/1186 1187/1/1187 1199/1/1199 
f 1199/1/1199 632/1/632 639/1/639 
f 614/1/614 613/1/613 1201/1/1201 639/1/639 
f 1202/1/1202 1175/1/1175 1172/1/1172 
f 1191/1/1191 1195/1/1195 1202/1/1202 1190/1/1190 
f 1202/1/1202 1195/1/1195 1194/1/1194 
f 1203/1/1203 1176/1/1176 1175/1/1175 
f 1204/1/1204 1205/1/1205 1206/1/1206 1207/1/1207 
f 1208/1/1208 1206/1/1206 1205/1/1205 1209/1/1209 
f 1210/1/1210 1211/1/1211 1206/1/1206 1208/1/1208 
f 1207/1/1207 1206/1/1206 1211/1/1211 1212/1/1212 
f 1210/1/1210 1213/1/1213 1214/1/1214 1211/1/1211 
f 1215/1/1215 1214/1/1214 1213/1/1213 1216/1/1216 
f 1217/1/1217 1218/1/1218 1214/1/1214 1215/1/1215 
f 1218/1/1218 1212/1/1212 1211/1/1211 
f 1208/1/1208 1219/1/1219 1213/1/1213 1210/1/1210 
f 1220/1/1220 1219/1/1219 1208/1/1208 1209/1/1209 
f 1221/1/1221 1222/1/1222 1219/1/1219 1220/1/1220 
f 1213/1/1213 1219/1/1219 1222/1/1222 1216/1/1216 
f 1223/1/1223 1224/1/1224 1225/1/1225 1226/1/1226 
f 1227/1/1227 1228/1/1228 1224/1/1224 1223/1/1223 
f 1220/1/1220 1224/1/1224 1228/1/1228 1221/1/1221 
f 1209/1/1209 1225/1/1225 1224/1/1224 1220/1/1220 
f 1216/1/1216 1222/1/1222 1229/1/1229 1230/1/1230 
f 1231/1/1231 1229/1/1229 1222/1/1222 1221/1/1221 
f 1232/1/1232 1233/1/1233 1229/1/1229 1231/1/1231 
f 1230/1/1230 1229/1/1229 1233/1/1233 1234/1/1234 
f 1227/1/1227 1235/1/1235 1236/1/1236 1228/1/1228 
f 1237/1/1237 1236/1/1236 1235/1/1235 1238/1/1238 
f 1231/1/1231 1236/1/1236 1237/1/1237 1232/1/1232 
f 1221/1/1221 1228/1/1228 1236/1/1236 1231/1/1231 
f 1239/1/1239 1240/1/1240 1237/1/1237 1238/1/1238 
f 1241/1/1241 1242/1/1242 1240/1/1240 1239/1/1239 
f 1243/1/1243 1240/1/1240 1242/1/1242 1244/1/1244 
f 1232/1/1232 1237/1/1237 1240/1/1240 1243/1/1243 
f 1245/1/1245 1246/1/1246 1247/1/1247 1248/1/1248 
f 1249/1/1249 1250/1/1250 1247/1/1247 1246/1/1246 
f 1120/1/1120 1247/1/1247 1250/1/1250 1121/1/1121 
f 1248/1/1248 1247/1/1247 1120/1/1120 1115/1/1115 
f 1251/1/1251 1252/1/1252 1253/1/1253 1254/1/1254 
f 1255/1/1255 1253/1/1253 1252/1/1252 1256/1/1256 
f 1100/1/1100 1096/1/1096 1253/1/1253 1255/1/1255 
f 1254/1/1254 1253/1/1253 1096/1/1096 1095/1/1095 
f 1257/1/1257 1255/1/1255 1256/1/1256 
f 1105/1/1105 1257/1/1257 1258/1/1258 1103/1/1103 
f 1255/1/1255 1257/1/1257 1105/1/1105 1100/1/1100 
f 1113/1/1113 1259/1/1259 1260/1/1260 1114/1/1114 
f 1259/1/1259 1261/1/1261 1262/1/1262 
f 1245/1/1245 1248/1/1248 1260/1/1260 
f 1115/1/1115 1114/1/1114 1260/1/1260 1248/1/1248 
f 1263/1/1263 1264/1/1264 1265/1/1265 
f 1266/1/1266 1263/1/1263 1267/1/1267 1268/1/1268 
f 1263/1/1263 1266/1/1266 1261/1/1261 
f 1259/1/1259 1113/1/1113 1264/1/1264 
f 1269/1/1269 1262/1/1262 1261/1/1261 
f 1270/1/1270 1269/1/1269 1271/1/1271 1272/1/1272 
f 1273/1/1273 1274/1/1274 1269/1/1269 1270/1/1270 
f 1262/1/1262 1269/1/1269 1274/1/1274 1245/1/1245 
f 1272/1/1272 1275/1/1275 1276/1/1276 
f 1275/1/1275 1268/1/1268 1277/1/1277 
f 1277/1/1277 1103/1/1103 1258/1/1258 
f 1258/1/1258 1256/1/1256 1278/1/1278 
f 1103/1/1103 1277/1/1277 1279/1/1279 1104/1/1104 
f 1277/1/1277 1268/1/1268 1280/1/1280 
f 864/1/864 862/1/862 1279/1/1279 1280/1/1280 
f 862/1/862 863/1/863 1104/1/1104 
f 1272/1/1272 1271/1/1271 1281/1/1281 1275/1/1275 
f 1261/1/1261 1266/1/1266 1281/1/1281 1271/1/1271 
f 1275/1/1275 1281/1/1281 1266/1/1266 1268/1/1268 
f 857/1/857 865/1/865 1282/1/1282 1283/1/1283 
f 1280/1/1280 1282/1/1282 865/1/865 864/1/864 
f 1268/1/1268 1267/1/1267 1282/1/1282 1280/1/1280 
f 1283/1/1283 1282/1/1282 1267/1/1267 1265/1/1265 
f 1284/1/1284 1285/1/1285 1273/1/1273 
f 1278/1/1278 1284/1/1284 1270/1/1270 1272/1/1272 
f 1256/1/1256 1252/1/1252 1284/1/1284 1278/1/1278 
f 1252/1/1252 1251/1/1251 1285/1/1285 
f 859/1/859 1286/1/1286 1287/1/1287 854/1/854 
f 1026/1/1026 1287/1/1287 1286/1/1286 1029/1/1029 
f 1027/1/1027 1045/1/1045 1287/1/1287 1026/1/1026 
f 854/1/854 1287/1/1287 1045/1/1045 851/1/851 
f 1000/1/1000 1028/1/1028 1288/1/1288 999/1/999 
f 1029/1/1029 1289/1/1289 1288/1/1288 1028/1/1028 
f 1290/1/1290 1288/1/1288 1289/1/1289 1291/1/1291 
f 999/1/999 1288/1/1288 1290/1/1290 1001/1/1001 
f 1292/1/1292 1283/1/1283 1265/1/1265 
f 1293/1/1293 1292/1/1292 1294/1/1294 1295/1/1295 
f 859/1/859 858/1/858 1292/1/1292 1293/1/1293 
f 1283/1/1283 1292/1/1292 858/1/858 857/1/857 
f 1113/1/1113 1112/1/1112 1296/1/1296 1264/1/1264 
f 1297/1/1297 1296/1/1296 1112/1/1112 1111/1/1111 
f 1295/1/1295 1294/1/1294 1296/1/1296 1297/1/1297 
f 1294/1/1294 1265/1/1265 1264/1/1264 
f 1298/1/1298 1299/1/1299 1300/1/1300 1301/1/1301 
f 1029/1/1029 1286/1/1286 1299/1/1299 1298/1/1298 
f 1293/1/1293 1299/1/1299 1286/1/1286 859/1/859 
f 1295/1/1295 1300/1/1300 1299/1/1299 
f 1291/1/1291 1289/1/1289 1302/1/1302 1303/1/1303 
f 1298/1/1298 1302/1/1302 1289/1/1289 1029/1/1029 
f 1301/1/1301 1303/1/1303 1302/1/1302 1298/1/1298 
f 1297/1/1297 1304/1/1304 1305/1/1305 1295/1/1295 
f 1111/1/1111 1306/1/1306 1304/1/1304 1297/1/1297 
f 1307/1/1307 1305/1/1305 1304/1/1304 1306/1/1306 
f 1291/1/1291 1308/1/1308 1309/1/1309 1290/1/1290 
f 1310/1/1310 1311/1/1311 1309/1/1309 1308/1/1308 
f 1312/1/1312 1309/1/1309 1311/1/1311 1313/1/1313 
f 1001/1/1001 1290/1/1290 1309/1/1309 1312/1/1312 
f 1314/1/1314 1315/1/1315 1303/1/1303 1301/1/1301 
f 1315/1/1315 1314/1/1314 1316/1/1316 
f 1308/1/1308 1315/1/1315 1317/1/1317 1310/1/1310 
f 1303/1/1303 1315/1/1315 1308/1/1308 1291/1/1291 
f 1307/1/1307 1318/1/1318 1319/1/1319 1305/1/1305 
f 1314/1/1314 1319/1/1319 1318/1/1318 1316/1/1316 
f 1301/1/1301 1300/1/1300 1319/1/1319 1314/1/1314 
f 1305/1/1305 1319/1/1319 1300/1/1300 1295/1/1295 
f 1311/1/1311 1310/1/1310 1320/1/1320 
f 1321/1/1321 1322/1/1322 1323/1/1323 1320/1/1320 
f 1324/1/1324 1323/1/1323 1322/1/1322 1325/1/1325 
f 1313/1/1313 1311/1/1311 1323/1/1323 1324/1/1324 
f 1326/1/1326 1327/1/1327 1108/1/1108 1107/1/1107 
f 1328/1/1328 1327/1/1327 1326/1/1326 1329/1/1329 
f 1307/1/1307 1306/1/1306 1327/1/1327 1328/1/1328 
f 1108/1/1108 1327/1/1327 1306/1/1306 1111/1/1111 
f 1329/1/1329 1330/1/1330 1331/1/1331 1328/1/1328 
f 1332/1/1332 1331/1/1331 1330/1/1330 1333/1/1333 
f 1331/1/1331 1332/1/1332 1316/1/1316 
f 1328/1/1328 1331/1/1331 1318/1/1318 1307/1/1307 
f 1333/1/1333 1334/1/1334 1335/1/1335 1332/1/1332 
f 1320/1/1320 1335/1/1335 1334/1/1334 1321/1/1321 
f 1310/1/1310 1317/1/1317 1335/1/1335 1320/1/1320 
f 1317/1/1317 1316/1/1316 1332/1/1332 
f 1336/1/1336 1337/1/1337 1338/1/1338 1339/1/1339 
f 1340/1/1340 1338/1/1338 1337/1/1337 1341/1/1341 
f 1325/1/1325 1322/1/1322 1338/1/1338 1340/1/1340 
f 1322/1/1322 1321/1/1321 1339/1/1339 
f 1107/1/1107 1117/1/1117 1342/1/1342 1326/1/1326 
f 1343/1/1343 1342/1/1342 1117/1/1117 1116/1/1116 
f 1344/1/1344 1342/1/1342 1343/1/1343 1345/1/1345 
f 1326/1/1326 1342/1/1342 1344/1/1344 1329/1/1329 
f 1345/1/1345 1346/1/1346 1347/1/1347 1344/1/1344 
f 1348/1/1348 1347/1/1347 1346/1/1346 1349/1/1349 
f 1333/1/1333 1330/1/1330 1347/1/1347 1348/1/1348 
f 1344/1/1344 1347/1/1347 1330/1/1330 1329/1/1329 
f 1349/1/1349 1350/1/1350 1351/1/1351 1348/1/1348 
f 1339/1/1339 1351/1/1351 1350/1/1350 1336/1/1336 
f 1321/1/1321 1334/1/1334 1351/1/1351 1339/1/1339 
f 1348/1/1348 1351/1/1351 1334/1/1334 1333/1/1333 
f 1352/1/1352 1353/1/1353 1354/1/1354 1355/1/1355 
f 1356/1/1356 1354/1/1354 1353/1/1353 1357/1/1357 
f 1358/1/1358 1359/1/1359 1354/1/1354 1356/1/1356 
f 1355/1/1355 1354/1/1354 1359/1/1359 1360/1/1360 
f 1361/1/1361 1353/1/1353 1352/1/1352 
f 1362/1/1362 1361/1/1361 1363/1/1363 1364/1/1364 
f 1365/1/1365 1366/1/1366 1361/1/1361 1362/1/1362 
f 1353/1/1353 1361/1/1361 1366/1/1366 1357/1/1357 
f 1367/1/1367 1368/1/1368 1369/1/1369 1370/1/1370 
f 1367/1/1367 1371/1/1371 1372/1/1372 
f 1373/1/1373 1374/1/1374 1368/1/1368 1372/1/1372 
f 1369/1/1369 1368/1/1368 1374/1/1374 1375/1/1375 
f 1371/1/1371 1376/1/1376 1377/1/1377 1372/1/1372 
f 1378/1/1378 1377/1/1377 1376/1/1376 1379/1/1379 
f 1380/1/1380 1381/1/1381 1377/1/1377 1378/1/1378 
f 1372/1/1372 1377/1/1377 1381/1/1381 1373/1/1373 
f 1154/1/1154 1153/1/1153 1382/1/1382 1383/1/1383 
f 1384/1/1384 1382/1/1382 1153/1/1153 1152/1/1152 
f 1385/1/1385 1386/1/1386 1382/1/1382 1384/1/1384 
f 1383/1/1383 1382/1/1382 1386/1/1386 1387/1/1387 
f 1388/1/1388 1389/1/1389 1390/1/1390 1391/1/1391 
f 1389/1/1389 1392/1/1392 1393/1/1393 
f 1379/1/1379 1376/1/1376 1390/1/1390 1393/1/1393 
f 1376/1/1376 1371/1/1371 1391/1/1391 
f 1392/1/1392 1389/1/1389 1394/1/1394 1395/1/1395 
f 1396/1/1396 1394/1/1394 1389/1/1389 1388/1/1388 
f 1387/1/1387 1386/1/1386 1394/1/1394 1396/1/1396 
f 1395/1/1395 1394/1/1394 1386/1/1386 1385/1/1385 
f 1397/1/1397 1398/1/1398 1399/1/1399 1400/1/1400 
f 1401/1/1401 1399/1/1399 1398/1/1398 1402/1/1402 
f 1403/1/1403 1404/1/1404 1399/1/1399 1401/1/1401 
f 1400/1/1400 1399/1/1399 1404/1/1404 1405/1/1405 
f 1406/1/1406 1407/1/1407 1408/1/1408 1409/1/1409 
f 1149/1/1149 1408/1/1408 1407/1/1407 1152/1/1152 
f 1408/1/1408 1149/1/1149 1151/1/1151 
f 1409/1/1409 1408/1/1408 1177/1/1177 1176/1/1176 
f 1410/1/1410 1411/1/1411 1407/1/1407 1406/1/1406 
f 1384/1/1384 1411/1/1411 1410/1/1410 1385/1/1385 
f 1411/1/1411 1384/1/1384 1152/1/1152 
f 1379/1/1379 1412/1/1412 1413/1/1413 1378/1/1378 
f 1400/1/1400 1413/1/1413 1412/1/1412 1397/1/1397 
f 1405/1/1405 1414/1/1414 1413/1/1413 1400/1/1400 
f 1378/1/1378 1413/1/1413 1414/1/1414 1380/1/1380 
f 1176/1/1176 1203/1/1203 1415/1/1415 1409/1/1409 
f 1203/1/1203 1194/1/1194 1416/1/1416 
f 1417/1/1417 1418/1/1418 1415/1/1415 1416/1/1416 
f 1418/1/1418 1406/1/1406 1409/1/1409 
f 1419/1/1419 1420/1/1420 1421/1/1421 
f 1419/1/1419 1422/1/1422 1406/1/1406 
f 1420/1/1420 1419/1/1419 1418/1/1418 1417/1/1417 
f 1402/1/1402 1423/1/1423 1424/1/1424 
f 1417/1/1417 1425/1/1425 1424/1/1424 
f 595/1/595 1424/1/1424 1425/1/1425 596/1/596 
f 595/1/595 535/1/535 1426/1/1426 
f 1427/1/1427 1421/1/1421 1420/1/1420 
f 1423/1/1423 1428/1/1428 1420/1/1420 1417/1/1417 
f 1428/1/1428 1423/1/1423 1402/1/1402 
f 1427/1/1427 1428/1/1428 1398/1/1398 1397/1/1397 
f 596/1/596 1425/1/1425 1429/1/1429 1184/1/1184 
f 1416/1/1416 1429/1/1429 1425/1/1425 1417/1/1417 
f 1194/1/1194 1193/1/1193 1429/1/1429 1416/1/1416 
f 1184/1/1184 1429/1/1429 1193/1/1193 1187/1/1187 
f 1392/1/1392 1430/1/1430 1431/1/1431 1393/1/1393 
f 1427/1/1427 1431/1/1431 1430/1/1430 1421/1/1421 
f 1431/1/1431 1427/1/1427 1397/1/1397 
f 1393/1/1393 1431/1/1431 1412/1/1412 1379/1/1379 
f 1410/1/1410 1406/1/1406 1422/1/1422 
f 1430/1/1430 1432/1/1432 1422/1/1422 1421/1/1421 
f 1430/1/1430 1392/1/1392 1395/1/1395 
f 1432/1/1432 1395/1/1395 1385/1/1385 
f 1433/1/1433 1434/1/1434 1435/1/1435 1436/1/1436 
f 1414/1/1414 1435/1/1435 1434/1/1434 1380/1/1380 
f 1405/1/1405 1404/1/1404 1435/1/1435 1414/1/1414 
f 1404/1/1404 1403/1/1403 1436/1/1436 
f 1437/1/1437 1438/1/1438 1434/1/1434 1433/1/1433 
f 1439/1/1439 1438/1/1438 1437/1/1437 1440/1/1440 
f 1438/1/1438 1439/1/1439 1373/1/1373 
f 1434/1/1434 1438/1/1438 1381/1/1381 1380/1/1380 
f 1441/1/1441 1442/1/1442 1443/1/1443 1444/1/1444 
f 1445/1/1445 1443/1/1443 1442/1/1442 1446/1/1446 
f 1443/1/1443 1445/1/1445 1440/1/1440 
f 1444/1/1444 1443/1/1443 1437/1/1437 1433/1/1433 
f 1439/1/1439 1447/1/1447 1374/1/1374 1373/1/1373 
f 1440/1/1440 1448/1/1448 1447/1/1447 1439/1/1439 
f 1449/1/1449 1450/1/1450 1447/1/1447 1448/1/1448 
f 1375/1/1375 1374/1/1374 1447/1/1447 
f 1445/1/1445 1451/1/1451 1448/1/1448 1440/1/1440 
f 1452/1/1452 1451/1/1451 1445/1/1445 1446/1/1446 
f 1453/1/1453 1454/1/1454 1451/1/1451 1452/1/1452 
f 1448/1/1448 1451/1/1451 1454/1/1454 1449/1/1449 
f 1455/1/1455 1456/1/1456 1457/1/1457 1458/1/1458 
f 1459/1/1459 1457/1/1457 1456/1/1456 1460/1/1460 
f 1461/1/1461 1462/1/1462 1457/1/1457 1459/1/1459 
f 1458/1/1458 1457/1/1457 1462/1/1462 1463/1/1463 
f 1464/1/1464 1465/1/1465 1466/1/1466 1467/1/1467 
f 1468/1/1468 1466/1/1466 1465/1/1465 1469/1/1469 
f 1360/1/1360 1359/1/1359 1466/1/1466 1468/1/1468 
f 1467/1/1467 1466/1/1466 1359/1/1359 1358/1/1358 
f 1470/1/1470 1471/1/1471 1472/1/1472 1473/1/1473 
f 1340/1/1340 1472/1/1472 1471/1/1471 1325/1/1325 
f 1341/1/1341 1474/1/1474 1472/1/1472 1340/1/1340 
f 1473/1/1473 1472/1/1472 1474/1/1474 1475/1/1475 
f 1313/1/1313 1476/1/1476 1477/1/1477 1312/1/1312 
f 1478/1/1478 1477/1/1477 1476/1/1476 1479/1/1479 
f 1003/1/1003 1002/1/1002 1477/1/1477 1478/1/1478 
f 1312/1/1312 1477/1/1477 1002/1/1002 1001/1/1001 
f 1479/1/1479 1476/1/1476 1480/1/1480 1481/1/1481 
f 1324/1/1324 1480/1/1480 1476/1/1476 1313/1/1313 
f 1325/1/1325 1471/1/1471 1480/1/1480 1324/1/1324 
f 1481/1/1481 1480/1/1480 1471/1/1471 1470/1/1470 
f 1479/1/1479 1482/1/1482 1483/1/1483 1478/1/1478 
f 1482/1/1482 1484/1/1484 1485/1/1485 
f 1483/1/1483 1485/1/1485 1486/1/1486 
f 1478/1/1478 1483/1/1483 1487/1/1487 1003/1/1003 
f 1003/1/1003 1487/1/1487 1488/1/1488 998/1/998 
f 1489/1/1489 1488/1/1488 1487/1/1487 1486/1/1486 
f 848/1/848 847/1/847 1488/1/1488 1489/1/1489 
f 998/1/998 1488/1/1488 847/1/847 846/1/846 
f 1490/1/1490 1491/1/1491 1484/1/1484 
f 1481/1/1481 1490/1/1490 1482/1/1482 1479/1/1479 
f 1470/1/1470 1492/1/1492 1490/1/1490 1481/1/1481 
f 1493/1/1493 1491/1/1491 1490/1/1490 
f 1485/1/1485 1494/1/1494 1495/1/1495 1486/1/1486 
f 1484/1/1484 1496/1/1496 1494/1/1494 1485/1/1485 
f 1497/1/1497 1495/1/1495 1494/1/1494 1496/1/1496 
f 1433/1/1433 1498/1/1498 1499/1/1499 1444/1/1444 
f 1500/1/1500 1499/1/1499 1498/1/1498 1501/1/1501 
f 1502/1/1502 1503/1/1503 1499/1/1499 1500/1/1500 
f 1444/1/1444 1499/1/1499 1503/1/1503 1441/1/1441 
f 1504/1/1504 1505/1/1505 1506/1/1506 1507/1/1507 
f 1508/1/1508 1506/1/1506 1505/1/1505 1501/1/1501 
f 1507/1/1507 1506/1/1506 1508/1/1508 1509/1/1509 
f 1510/1/1510 1436/1/1436 1403/1/1403 
f 1511/1/1511 1509/1/1509 1508/1/1508 
f 1501/1/1501 1498/1/1498 1510/1/1510 1508/1/1508 
f 1498/1/1498 1433/1/1433 1436/1/1436 
f 1512/1/1512 1513/1/1513 1514/1/1514 1515/1/1515 
f 1516/1/1516 1517/1/1517 1513/1/1513 1512/1/1512 
f 1518/1/1518 1519/1/1519 1513/1/1513 1517/1/1517 
f 1514/1/1514 1513/1/1513 1519/1/1519 1520/1/1520 
f 1521/1/1521 1522/1/1522 1523/1/1523 
f 1524/1/1524 1525/1/1525 1521/1/1521 1526/1/1526 
f 1527/1/1527 1521/1/1521 1525/1/1525 1528/1/1528 
f 1522/1/1522 1521/1/1521 1527/1/1527 1529/1/1529 
f 1530/1/1530 1531/1/1531 1532/1/1532 1533/1/1533 
f 1534/1/1534 1535/1/1535 1532/1/1532 1531/1/1531 
f 1522/1/1522 1532/1/1532 1535/1/1535 1523/1/1523 
f 1529/1/1529 1533/1/1533 1532/1/1532 1522/1/1522 
f 1536/1/1536 1537/1/1537 1535/1/1535 1534/1/1534 
f 1538/1/1538 1539/1/1539 1537/1/1537 1536/1/1536 
f 1524/1/1524 1526/1/1526 1537/1/1537 1539/1/1539 
f 1523/1/1523 1535/1/1535 1537/1/1537 1526/1/1526 
f 1540/1/1540 1541/1/1541 1519/1/1519 1518/1/1518 
f 1531/1/1531 1541/1/1541 1540/1/1540 1534/1/1534 
f 1542/1/1542 1541/1/1541 1531/1/1531 1530/1/1530 
f 1520/1/1520 1519/1/1519 1541/1/1541 1542/1/1542 
f 1543/1/1543 1517/1/1517 1516/1/1516 
f 1544/1/1544 1538/1/1538 1536/1/1536 
f 1534/1/1534 1540/1/1540 1543/1/1543 1536/1/1536 
f 1517/1/1517 1543/1/1543 1540/1/1540 1518/1/1518 
f 1515/1/1515 1545/1/1545 1546/1/1546 1512/1/1512 
f 1547/1/1547 1546/1/1546 1545/1/1545 1548/1/1548 
f 1538/1/1538 1544/1/1544 1546/1/1546 1547/1/1547 
f 1512/1/1512 1546/1/1546 1544/1/1544 1516/1/1516 
f 1528/1/1528 1525/1/1525 1549/1/1549 1550/1/1550 
f 1539/1/1539 1549/1/1549 1525/1/1525 1524/1/1524 
f 1538/1/1538 1547/1/1547 1549/1/1549 1539/1/1539 
f 1550/1/1550 1549/1/1549 1547/1/1547 1548/1/1548 
f 1551/1/1551 1552/1/1552 1553/1/1553 1554/1/1554 
f 1555/1/1555 1553/1/1553 1552/1/1552 1556/1/1556 
f 1557/1/1557 1558/1/1558 1553/1/1553 1555/1/1555 
f 1554/1/1554 1553/1/1553 1558/1/1558 1559/1/1559 
f 1551/1/1551 1560/1/1560 1561/1/1561 1552/1/1552 
f 1562/1/1562 1561/1/1561 1560/1/1560 1563/1/1563 
f 1564/1/1564 1565/1/1565 1561/1/1561 1562/1/1562 
f 1552/1/1552 1561/1/1561 1565/1/1565 1556/1/1556 
f 1566/1/1566 1567/1/1567 1568/1/1568 1569/1/1569 
f 1554/1/1554 1568/1/1568 1567/1/1567 1551/1/1551 
f 1559/1/1559 1570/1/1570 1568/1/1568 1554/1/1554 
f 1569/1/1569 1568/1/1568 1570/1/1570 1571/1/1571 
f 1566/1/1566 1572/1/1572 1573/1/1573 1567/1/1567 
f 1574/1/1574 1573/1/1573 1572/1/1572 1575/1/1575 
f 1563/1/1563 1560/1/1560 1573/1/1573 1574/1/1574 
f 1567/1/1567 1573/1/1573 1560/1/1560 1551/1/1551 
f 1509/1/1509 1576/1/1576 1577/1/1577 1507/1/1507 
f 1578/1/1578 1577/1/1577 1576/1/1576 1579/1/1579 
f 1571/1/1571 1580/1/1580 1577/1/1577 1578/1/1578 
f 1507/1/1507 1577/1/1577 1580/1/1580 1504/1/1504 
f 1581/1/1581 1575/1/1575 1582/1/1582 
f 1583/1/1583 1584/1/1584 1582/1/1582 1585/1/1585 
f 1583/1/1583 834/1/834 841/1/841 
f 1581/1/1581 1584/1/1584 841/1/841 840/1/840 
f 1586/1/1586 835/1/835 834/1/834 
f 1583/1/1583 1585/1/1585 1587/1/1587 
f 526/1/526 826/1/826 1586/1/1586 1587/1/1587 
f 835/1/835 1586/1/1586 826/1/826 819/1/819 
f 1588/1/1588 1589/1/1589 1579/1/1579 
f 1590/1/1590 1402/1/1402 1426/1/1426 
f 1588/1/1588 1426/1/1426 535/1/535 
f 534/1/534 540/1/540 1589/1/1589 
f 1576/1/1576 1591/1/1591 1590/1/1590 1579/1/1579 
f 1511/1/1511 1591/1/1591 1576/1/1576 1509/1/1509 
f 1401/1/1401 1591/1/1591 1511/1/1511 1403/1/1403 
f 1401/1/1401 1402/1/1402 1590/1/1590 
f 526/1/526 1587/1/1587 1592/1/1592 525/1/525 
f 1593/1/1593 1592/1/1592 1587/1/1587 1585/1/1585 
f 1593/1/1593 1594/1/1594 1595/1/1595 
f 1595/1/1595 522/1/522 525/1/525 
f 1596/1/1596 1569/1/1569 1571/1/1571 
f 1578/1/1578 1579/1/1579 1597/1/1597 
f 1598/1/1598 1599/1/1599 1596/1/1596 1597/1/1597 
f 1599/1/1599 1566/1/1566 1569/1/1569 
f 513/1/513 1600/1/1600 1601/1/1601 532/1/532 
f 1602/1/1602 1601/1/1601 1600/1/1600 1594/1/1594 
f 539/1/539 1601/1/1601 1602/1/1602 540/1/540 
f 532/1/532 1601/1/1601 539/1/539 529/1/529 
f 1603/1/1603 509/1/509 508/1/508 
f 521/1/521 522/1/522 1595/1/1595 
f 1600/1/1600 1603/1/1603 1595/1/1595 1594/1/1594 
f 1600/1/1600 513/1/513 509/1/509 
f 1593/1/1593 1604/1/1604 1605/1/1605 1594/1/1594 
f 1604/1/1604 1593/1/1593 1585/1/1585 
f 1598/1/1598 1605/1/1605 1604/1/1604 1606/1/1606 
f 540/1/540 1602/1/1602 1607/1/1607 1589/1/1589 
f 1605/1/1605 1607/1/1607 1602/1/1602 1594/1/1594 
f 1605/1/1605 1598/1/1598 1597/1/1597 
f 1589/1/1589 1607/1/1607 1597/1/1597 1579/1/1579 
f 1566/1/1566 1599/1/1599 1608/1/1608 1572/1/1572 
f 1606/1/1606 1608/1/1608 1599/1/1599 1598/1/1598 
f 1585/1/1585 1582/1/1582 1608/1/1608 1606/1/1606 
f 1572/1/1572 1608/1/1608 1582/1/1582 1575/1/1575 
f 840/1/840 839/1/839 1609/1/1609 1581/1/1581 
f 1609/1/1609 839/1/839 838/1/838 
f 1610/1/1610 1609/1/1609 1611/1/1611 1612/1/1612 
f 1610/1/1610 1575/1/1575 1581/1/1581 
f 1613/1/1613 1614/1/1614 1615/1/1615 1616/1/1616 
f 1613/1/1613 1617/1/1617 1618/1/1618 
f 1614/1/1614 1618/1/1618 848/1/848 
f 1615/1/1615 1614/1/1614 1489/1/1489 1486/1/1486 
f 1613/1/1613 1619/1/1619 1620/1/1620 1617/1/1617 
f 1616/1/1616 1621/1/1621 1619/1/1619 1613/1/1613 
f 1619/1/1619 1621/1/1621 1622/1/1622 
f 1623/1/1623 1624/1/1624 1617/1/1617 
f 1625/1/1625 1623/1/1623 1620/1/1620 1622/1/1622 
f 1623/1/1623 1625/1/1625 1612/1/1612 
f 1624/1/1624 1623/1/1623 1611/1/1611 838/1/838 
f 1626/1/1626 1627/1/1627 1628/1/1628 
f 1616/1/1616 1615/1/1615 1628/1/1628 
f 1628/1/1628 1615/1/1615 1486/1/1486 
f 1629/1/1629 1628/1/1628 1495/1/1495 1497/1/1497 
f 1612/1/1612 1630/1/1630 1631/1/1631 1610/1/1610 
f 1632/1/1632 1631/1/1631 1630/1/1630 1633/1/1633 
f 1563/1/1563 1574/1/1574 1631/1/1631 1632/1/1632 
f 1610/1/1610 1631/1/1631 1574/1/1574 1575/1/1575 
f 1622/1/1622 1634/1/1634 1635/1/1635 1625/1/1625 
f 1636/1/1636 1635/1/1635 1634/1/1634 1637/1/1637 
f 1633/1/1633 1630/1/1630 1635/1/1635 1636/1/1636 
f 1625/1/1625 1635/1/1635 1630/1/1630 1612/1/1612 
f 1626/1/1626 1638/1/1638 1639/1/1639 1627/1/1627 
f 1634/1/1634 1639/1/1639 1638/1/1638 1637/1/1637 
f 1621/1/1621 1639/1/1639 1634/1/1634 1622/1/1622 
f 1616/1/1616 1627/1/1627 1639/1/1639 1621/1/1621 
f 1633/1/1633 1640/1/1640 1641/1/1641 1632/1/1632 
f 1642/1/1642 1641/1/1641 1640/1/1640 1643/1/1643 
f 1564/1/1564 1562/1/1562 1641/1/1641 1642/1/1642 
f 1632/1/1632 1641/1/1641 1562/1/1562 1563/1/1563 
f 1644/1/1644 1645/1/1645 1646/1/1646 1647/1/1647 
f 1648/1/1648 1646/1/1646 1645/1/1645 1649/1/1649 
f 1637/1/1637 1638/1/1638 1646/1/1646 1648/1/1648 
f 1647/1/1647 1646/1/1646 1638/1/1638 1626/1/1626 
f 1648/1/1648 1650/1/1650 1636/1/1636 1637/1/1637 
f 1649/1/1649 1651/1/1651 1650/1/1650 1648/1/1648 
f 1643/1/1643 1640/1/1640 1650/1/1650 1651/1/1651 
f 1636/1/1636 1650/1/1650 1640/1/1640 1633/1/1633 
f 1643/1/1643 1652/1/1652 1653/1/1653 1642/1/1642 
f 1654/1/1654 1655/1/1655 1653/1/1653 1652/1/1652 
f 1656/1/1656 1657/1/1657 1653/1/1653 1655/1/1655 
f 1642/1/1642 1653/1/1653 1657/1/1657 1564/1/1564 
f 1658/1/1658 1659/1/1659 1660/1/1660 1661/1/1661 
f 1662/1/1662 1660/1/1660 1659/1/1659 1663/1/1663 
f 1649/1/1649 1645/1/1645 1660/1/1660 1662/1/1662 
f 1661/1/1661 1660/1/1660 1645/1/1645 1644/1/1644 
f 1663/1/1663 1664/1/1664 1665/1/1665 1662/1/1662 
f 1652/1/1652 1665/1/1665 1664/1/1664 1654/1/1654 
f 1643/1/1643 1651/1/1651 1665/1/1665 1652/1/1652 
f 1662/1/1662 1665/1/1665 1651/1/1651 1649/1/1649 
f 1666/1/1666 1667/1/1667 1668/1/1668 1669/1/1669 
f 1670/1/1670 1668/1/1668 1667/1/1667 1671/1/1671 
f 1672/1/1672 1673/1/1673 1668/1/1668 1670/1/1670 
f 1669/1/1669 1668/1/1668 1673/1/1673 1674/1/1674 
f 1675/1/1675 1676/1/1676 1677/1/1677 1678/1/1678 
f 1679/1/1679 1680/1/1680 1676/1/1676 1675/1/1675 
f 1669/1/1669 1676/1/1676 1680/1/1680 1666/1/1666 
f 1674/1/1674 1677/1/1677 1676/1/1676 1669/1/1669 
f 1681/1/1681 1682/1/1682 1683/1/1683 1684/1/1684 
f 1675/1/1675 1683/1/1683 1682/1/1682 1679/1/1679 
f 1678/1/1678 1685/1/1685 1683/1/1683 1675/1/1675 
f 1684/1/1684 1683/1/1683 1685/1/1685 1686/1/1686 
f 1687/1/1687 1688/1/1688 1689/1/1689 1690/1/1690 
f 173/1/173 1689/1/1689 1688/1/1688 177/1/177 
f 172/1/172 1691/1/1691 1689/1/1689 173/1/173 
f 1690/1/1690 1689/1/1689 1691/1/1691 1692/1/1692 
f 1693/1/1693 1694/1/1694 182/1/182 181/1/181 
f 1695/1/1695 1696/1/1696 1694/1/1694 1693/1/1693 
f 1694/1/1694 1696/1/1696 1692/1/1692 
f 182/1/182 1694/1/1694 1691/1/1691 172/1/172 
f 181/1/181 192/1/192 1697/1/1697 1693/1/1693 
f 1698/1/1698 1697/1/1697 192/1/192 191/1/191 
f 1697/1/1697 1698/1/1698 1699/1/1699 
f 1693/1/1693 1697/1/1697 1700/1/1700 1695/1/1695 
f 1701/1/1701 1702/1/1702 1703/1/1703 1704/1/1704 
f 1705/1/1705 1706/1/1706 1702/1/1702 1701/1/1701 
f 1707/1/1707 1702/1/1702 1706/1/1706 1708/1/1708 
f 1131/1/1131 1703/1/1703 1702/1/1702 1707/1/1707 
f 277/1/277 1709/1/1709 1710/1/1710 276/1/276 
f 1709/1/1709 1711/1/1711 1712/1/1712 
f 138/1/138 137/1/137 1710/1/1710 1712/1/1712 
f 276/1/276 1710/1/1710 137/1/137 142/1/142 
f 136/1/136 1713/1/1713 1714/1/1714 131/1/131 
f 1715/1/1715 1716/1/1716 1714/1/1714 1713/1/1713 
f 144/1/144 1714/1/1714 1716/1/1716 145/1/145 
f 131/1/131 1714/1/1714 144/1/144 128/1/128 
f 1717/1/1717 1718/1/1718 1719/1/1719 1720/1/1720 
f 1709/1/1709 1719/1/1719 1718/1/1718 1711/1/1711 
f 277/1/277 329/1/329 1719/1/1719 1709/1/1709 
f 1720/1/1720 1719/1/1719 329/1/329 330/1/330 
f 1234/1/1234 1721/1/1721 1722/1/1722 1230/1/1230 
f 1721/1/1721 1723/1/1723 1724/1/1724 
f 1217/1/1217 1215/1/1215 1722/1/1722 1724/1/1724 
f 1216/1/1216 1230/1/1230 1722/1/1722 1215/1/1215 
f 1725/1/1725 1726/1/1726 1727/1/1727 1728/1/1728 
f 1724/1/1724 1727/1/1727 1726/1/1726 1217/1/1217 
f 1727/1/1727 1724/1/1724 1723/1/1723 
f 1728/1/1728 1727/1/1727 1729/1/1729 1730/1/1730 
f 1244/1/1244 1731/1/1731 1732/1/1732 1243/1/1243 
f 1721/1/1721 1732/1/1732 1731/1/1731 1723/1/1723 
f 1234/1/1234 1233/1/1233 1732/1/1732 1721/1/1721 
f 1243/1/1243 1732/1/1732 1233/1/1233 1232/1/1232 
f 1238/1/1238 1235/1/1235 1733/1/1733 1239/1/1239 
f 1734/1/1734 1733/1/1733 1235/1/1235 1227/1/1227 
f 1734/1/1734 1735/1/1735 1736/1/1736 
f 1736/1/1736 1241/1/1241 1239/1/1239 
f 1737/1/1737 1738/1/1738 1739/1/1739 1740/1/1740 
f 1529/1/1529 1527/1/1527 1738/1/1738 1737/1/1737 
f 1528/1/1528 1741/1/1741 1738/1/1738 1527/1/1527 
f 1739/1/1739 1738/1/1738 1741/1/1741 1742/1/1742 
f 1743/1/1743 1744/1/1744 1530/1/1530 
f 1737/1/1737 1743/1/1743 1533/1/1533 1529/1/1529 
f 1743/1/1743 1737/1/1737 1740/1/1740 
f 1744/1/1744 1743/1/1743 1745/1/1745 1746/1/1746 
f 1747/1/1747 1748/1/1748 1749/1/1749 1750/1/1750 
f 1751/1/1751 1749/1/1749 1748/1/1748 1752/1/1752 
f 1548/1/1548 1545/1/1545 1749/1/1749 1751/1/1751 
f 1750/1/1750 1749/1/1749 1545/1/1545 1515/1/1515 
f 1548/1/1548 1751/1/1751 1753/1/1753 1550/1/1550 
f 1754/1/1754 1753/1/1753 1751/1/1751 1752/1/1752 
f 1741/1/1741 1753/1/1753 1754/1/1754 1742/1/1742 
f 1550/1/1550 1753/1/1753 1741/1/1741 1528/1/1528 
f 1755/1/1755 1756/1/1756 1205/1/1205 1204/1/1204 
f 1757/1/1757 1756/1/1756 1755/1/1755 1758/1/1758 
f 1226/1/1226 1225/1/1225 1756/1/1756 1757/1/1757 
f 1205/1/1205 1756/1/1756 1225/1/1225 1209/1/1209 
f 1226/1/1226 1757/1/1757 1759/1/1759 1223/1/1223 
f 1760/1/1760 1759/1/1759 1757/1/1757 1758/1/1758 
f 1759/1/1759 1760/1/1760 1735/1/1735 
f 1223/1/1223 1759/1/1759 1734/1/1734 1227/1/1227 
f 1129/1/1129 1127/1/1127 1761/1/1761 1762/1/1762 
f 1763/1/1763 1761/1/1761 1127/1/1127 1126/1/1126 
f 1764/1/1764 1765/1/1765 1761/1/1761 1763/1/1763 
f 1762/1/1762 1761/1/1761 1765/1/1765 1766/1/1766 
f 1766/1/1766 1765/1/1765 1767/1/1767 1768/1/1768 
f 1769/1/1769 1767/1/1767 1765/1/1765 1764/1/1764 
f 1362/1/1362 1767/1/1767 1769/1/1769 1365/1/1365 
f 1768/1/1768 1767/1/1767 1362/1/1362 1364/1/1364 
f 1770/1/1770 1771/1/1771 1772/1/1772 1773/1/1773 
f 1774/1/1774 1772/1/1772 1771/1/1771 1775/1/1775 
f 1776/1/1776 1777/1/1777 1772/1/1772 1774/1/1774 
f 1773/1/1773 1772/1/1772 1777/1/1777 1778/1/1778 
f 1779/1/1779 1780/1/1780 1781/1/1781 1782/1/1782 
f 1783/1/1783 1780/1/1780 1779/1/1779 1784/1/1784 
f 157/1/157 160/1/160 1780/1/1780 1783/1/1783 
f 1781/1/1781 1780/1/1780 160/1/160 165/1/165 
f 1785/1/1785 1786/1/1786 1787/1/1787 1788/1/1788 
f 1789/1/1789 1790/1/1790 1786/1/1786 1785/1/1785 
f 1791/1/1791 1792/1/1792 1786/1/1786 1790/1/1790 
f 1793/1/1793 1787/1/1787 1786/1/1786 1792/1/1792 
f 1791/1/1791 1790/1/1790 1794/1/1794 1795/1/1795 
f 1796/1/1796 1794/1/1794 1790/1/1790 1789/1/1789 
f 145/1/145 1716/1/1716 1794/1/1794 1796/1/1796 
f 1795/1/1795 1794/1/1794 1716/1/1716 1715/1/1715 
f 1797/1/1797 1796/1/1796 1789/1/1789 
f 1798/1/1798 1797/1/1797 1799/1/1799 1800/1/1800 
f 1797/1/1797 1798/1/1798 148/1/148 
f 1796/1/1796 1797/1/1797 147/1/147 145/1/145 
f 1801/1/1801 1785/1/1785 1788/1/1788 
f 1802/1/1802 1803/1/1803 1804/1/1804 
f 1800/1/1800 1799/1/1799 1801/1/1801 1804/1/1804 
f 1785/1/1785 1801/1/1801 1799/1/1799 1789/1/1789 
f 1805/1/1805 1806/1/1806 1807/1/1807 1808/1/1808 
f 1809/1/1809 1807/1/1807 1806/1/1806 1810/1/1810 
f 177/1/177 1688/1/1688 1807/1/1807 1809/1/1809 
f 1808/1/1808 1807/1/1807 1688/1/1688 1687/1/1687 
f 1810/1/1810 1806/1/1806 1811/1/1811 1812/1/1812 
f 1813/1/1813 1811/1/1811 1806/1/1806 1805/1/1805 
f 1775/1/1775 1771/1/1771 1811/1/1811 1813/1/1813 
f 1812/1/1812 1811/1/1811 1771/1/1771 1770/1/1770 
f 1730/1/1730 1814/1/1814 1815/1/1815 1728/1/1728 
f 1814/1/1814 1816/1/1816 1817/1/1817 
f 1075/1/1075 1818/1/1818 1815/1/1815 1817/1/1817 
f 1728/1/1728 1815/1/1815 1818/1/1818 1725/1/1725 
f 1070/1/1070 1819/1/1819 1820/1/1820 1069/1/1069 
f 1821/1/1821 1820/1/1820 1819/1/1819 1822/1/1822 
f 1823/1/1823 1824/1/1824 1820/1/1820 1821/1/1821 
f 1069/1/1069 1820/1/1820 1824/1/1824 245/1/245 
f 1708/1/1708 1706/1/1706 1825/1/1825 1826/1/1826 
f 1827/1/1827 1825/1/1825 1706/1/1706 1705/1/1705 
f 1822/1/1822 1819/1/1819 1825/1/1825 1827/1/1827 
f 1826/1/1826 1825/1/1825 1819/1/1819 1070/1/1070 
f 1828/1/1828 1817/1/1817 1816/1/1816 
f 1829/1/1829 1828/1/1828 1830/1/1830 1831/1/1831 
f 231/1/231 1076/1/1076 1828/1/1828 1829/1/1829 
f 1076/1/1076 1075/1/1075 1817/1/1817 
f 1832/1/1832 1833/1/1833 1834/1/1834 
f 1720/1/1720 1832/1/1832 1835/1/1835 1717/1/1717 
f 330/1/330 333/1/333 1832/1/1832 1720/1/1720 
f 1833/1/1833 1832/1/1832 333/1/333 232/1/232 
f 1836/1/1836 1829/1/1829 1831/1/1831 
f 1833/1/1833 1836/1/1836 1837/1/1837 1834/1/1834 
f 232/1/232 1838/1/1838 1836/1/1836 1833/1/1833 
f 1829/1/1829 1836/1/1836 1838/1/1838 231/1/231 
f 1839/1/1839 1840/1/1840 1841/1/1841 1842/1/1842 
f 240/1/240 1841/1/1841 1840/1/1840 237/1/237 
f 245/1/245 1824/1/1824 1841/1/1841 240/1/240 
f 1842/1/1842 1841/1/1841 1824/1/1824 1823/1/1823 
f 1843/1/1843 1844/1/1844 1845/1/1845 1846/1/1846 
f 1847/1/1847 1845/1/1845 1844/1/1844 1848/1/1848 
f 1125/1/1125 1124/1/1124 1845/1/1845 1847/1/1847 
f 1124/1/1124 1130/1/1130 1846/1/1846 
f 133/1/133 1849/1/1849 1850/1/1850 141/1/141 
f 1851/1/1851 1850/1/1850 1849/1/1849 1852/1/1852 
f 273/1/273 1850/1/1850 1851/1/1851 270/1/270 
f 142/1/142 141/1/141 1850/1/1850 273/1/273 
f 128/1/128 150/1/150 1853/1/1853 129/1/129 
f 1854/1/1854 1853/1/1853 150/1/150 149/1/149 
f 1849/1/1849 1853/1/1853 1854/1/1854 1852/1/1852 
f 129/1/129 1853/1/1853 1849/1/1849 133/1/133 
f 1711/1/1711 1855/1/1855 1856/1/1856 1712/1/1712 
f 1857/1/1857 1856/1/1856 1855/1/1855 1858/1/1858 
f 134/1/134 139/1/139 1856/1/1856 1857/1/1857 
f 1712/1/1712 1856/1/1856 139/1/139 138/1/138 
f 1858/1/1858 1859/1/1859 1860/1/1860 1857/1/1857 
f 1713/1/1713 1860/1/1860 1859/1/1859 1715/1/1715 
f 135/1/135 1860/1/1860 1713/1/1713 136/1/136 
f 1857/1/1857 1860/1/1860 135/1/135 134/1/134 
f 1861/1/1861 1862/1/1862 1863/1/1863 1864/1/1864 
f 340/1/340 1863/1/1863 1862/1/1862 338/1/338 
f 237/1/237 1840/1/1840 1863/1/1863 340/1/340 
f 1864/1/1864 1863/1/1863 1840/1/1840 1839/1/1839 
f 338/1/338 1862/1/1862 1865/1/1865 339/1/339 
f 1866/1/1866 1865/1/1865 1862/1/1862 1861/1/1861 
f 1698/1/1698 1865/1/1865 1866/1/1866 1699/1/1699 
f 191/1/191 339/1/339 1865/1/1865 1698/1/1698 
f 260/1/260 1867/1/1867 1868/1/1868 259/1/259 
f 1869/1/1869 1870/1/1870 1868/1/1868 1867/1/1867 
f 1871/1/1871 1872/1/1872 1868/1/1868 1870/1/1870 
f 259/1/259 1868/1/1868 1872/1/1872 261/1/261 
f 283/1/283 280/1/280 1873/1/1873 1874/1/1874 
f 1875/1/1875 1873/1/1873 280/1/280 281/1/281 
f 1871/1/1871 1870/1/1870 1873/1/1873 1875/1/1875 
f 1874/1/1874 1873/1/1873 1870/1/1870 1869/1/1869 
f 1520/1/1520 1876/1/1876 1877/1/1877 1514/1/1514 
f 1878/1/1878 1877/1/1877 1876/1/1876 1879/1/1879 
f 1878/1/1878 1747/1/1747 1750/1/1750 
f 1515/1/1515 1514/1/1514 1877/1/1877 1750/1/1750 
f 1880/1/1880 1881/1/1881 1879/1/1879 
f 1542/1/1542 1880/1/1880 1876/1/1876 1520/1/1520 
f 1530/1/1530 1744/1/1744 1880/1/1880 1542/1/1542 
f 1744/1/1744 1746/1/1746 1881/1/1881 
f 1882/1/1882 1883/1/1883 1884/1/1884 1885/1/1885 
f 1886/1/1886 1884/1/1884 1883/1/1883 1887/1/1887 
f 1888/1/1888 1889/1/1889 1884/1/1884 1886/1/1886 
f 1885/1/1885 1884/1/1884 1889/1/1889 1890/1/1890 
f 1455/1/1455 1458/1/1458 1891/1/1891 1892/1/1892 
f 1893/1/1893 1891/1/1891 1458/1/1458 1463/1/1463 
f 1887/1/1887 1883/1/1883 1891/1/1891 1893/1/1893 
f 1892/1/1892 1891/1/1891 1883/1/1883 1882/1/1882 
f 1894/1/1894 1895/1/1895 1896/1/1896 1897/1/1897 
f 1898/1/1898 1896/1/1896 1895/1/1895 1899/1/1899 
f 1900/1/1900 1901/1/1901 1896/1/1896 1898/1/1898 
f 1897/1/1897 1896/1/1896 1901/1/1901 1902/1/1902 
f 1903/1/1903 1904/1/1904 1905/1/1905 1906/1/1906 
f 1898/1/1898 1905/1/1905 1904/1/1904 1900/1/1900 
f 1899/1/1899 1907/1/1907 1905/1/1905 1898/1/1898 
f 1906/1/1906 1905/1/1905 1907/1/1907 1908/1/1908 
f 1725/1/1725 1909/1/1909 1910/1/1910 1726/1/1726 
f 1911/1/1911 1910/1/1910 1909/1/1909 1912/1/1912 
f 1212/1/1212 1218/1/1218 1910/1/1910 1911/1/1911 
f 1726/1/1726 1910/1/1910 1218/1/1218 1217/1/1217 
f 1073/1/1073 1913/1/1913 1914/1/1914 1074/1/1074 
f 1912/1/1912 1909/1/1909 1914/1/1914 1913/1/1913 
f 1818/1/1818 1914/1/1914 1909/1/1909 1725/1/1725 
f 1074/1/1074 1914/1/1914 1818/1/1818 1075/1/1075 
f 1082/1/1082 1915/1/1915 1916/1/1916 1080/1/1080 
f 1917/1/1917 1916/1/1916 1915/1/1915 1918/1/1918 
f 1919/1/1919 1920/1/1920 1916/1/1916 1917/1/1917 
f 1080/1/1080 1916/1/1916 1920/1/1920 1077/1/1077 
f 1921/1/1921 1922/1/1922 1923/1/1923 1924/1/1924 
f 1917/1/1917 1923/1/1923 1922/1/1922 1919/1/1919 
f 1918/1/1918 1925/1/1925 1923/1/1923 1917/1/1917 
f 1926/1/1926 1924/1/1924 1923/1/1923 1925/1/1925 
f 1927/1/1927 1928/1/1928 1929/1/1929 
f 1930/1/1930 1927/1/1927 1931/1/1931 1932/1/1932 
f 1933/1/1933 1934/1/1934 1927/1/1927 1930/1/1930 
f 1934/1/1934 1935/1/1935 1928/1/1928 
f 1932/1/1932 1931/1/1931 1936/1/1936 1937/1/1937 
f 1931/1/1931 1929/1/1929 1938/1/1938 
f 1760/1/1760 1936/1/1936 1938/1/1938 1735/1/1735 
f 1760/1/1760 1758/1/1758 1937/1/1937 
f 1902/1/1902 1939/1/1939 1940/1/1940 1897/1/1897 
f 1941/1/1941 1940/1/1940 1939/1/1939 1942/1/1942 
f 1139/1/1139 1943/1/1943 1940/1/1940 1941/1/1941 
f 1897/1/1897 1940/1/1940 1943/1/1943 1894/1/1894 
f 1944/1/1944 1134/1/1134 1139/1/1139 
f 1945/1/1945 1944/1/1944 1941/1/1941 1942/1/1942 
f 1944/1/1944 1945/1/1945 1704/1/1704 
f 1134/1/1134 1944/1/1944 1703/1/1703 1131/1/1131 
f 1946/1/1946 1947/1/1947 1948/1/1948 1949/1/1949 
f 1950/1/1950 1948/1/1948 1947/1/1947 1951/1/1951 
f 1848/1/1848 1844/1/1844 1948/1/1948 1950/1/1950 
f 1949/1/1949 1948/1/1948 1844/1/1844 1843/1/1843 
f 1951/1/1951 1947/1/1947 1952/1/1952 1953/1/1953 
f 1947/1/1947 1946/1/1946 1954/1/1954 
f 1921/1/1921 1924/1/1924 1952/1/1952 1954/1/1954 
f 1953/1/1953 1952/1/1952 1924/1/1924 1926/1/1926 
f 1934/1/1934 1933/1/1933 1955/1/1955 
f 1956/1/1956 1957/1/1957 1955/1/1955 1958/1/1958 
f 1959/1/1959 1957/1/1957 1956/1/1956 1960/1/1960 
f 1957/1/1957 1959/1/1959 1935/1/1935 
f 1961/1/1961 1960/1/1960 1956/1/1956 
f 1962/1/1962 1963/1/1963 1956/1/1956 1958/1/1958 
f 1748/1/1748 1963/1/1963 1962/1/1962 1752/1/1752 
f 1961/1/1961 1963/1/1963 1748/1/1748 1747/1/1747 
f 1908/1/1908 1964/1/1964 1965/1/1965 1906/1/1906 
f 1966/1/1966 1967/1/1967 1965/1/1965 1964/1/1964 
f 1968/1/1968 1965/1/1965 1967/1/1967 1969/1/1969 
f 1906/1/1906 1965/1/1965 1968/1/1968 1903/1/1903 
f 1969/1/1969 1967/1/1967 1970/1/1970 1971/1/1971 
f 1972/1/1972 1970/1/1970 1967/1/1967 1966/1/1966 
f 1890/1/1890 1889/1/1889 1970/1/1970 1972/1/1972 
f 1889/1/1889 1888/1/1888 1971/1/1971 
f 1973/1/1973 1974/1/1974 1975/1/1975 
f 1976/1/1976 1977/1/1977 1978/1/1978 
f 1746/1/1746 1745/1/1745 1973/1/1973 1978/1/1978 
f 1974/1/1974 1973/1/1973 1745/1/1745 1740/1/1740 
f 1979/1/1979 1980/1/1980 1981/1/1981 1982/1/1982 
f 1983/1/1983 1981/1/1981 1980/1/1980 1984/1/1984 
f 1469/1/1469 1465/1/1465 1981/1/1981 1983/1/1983 
f 1982/1/1982 1981/1/1981 1465/1/1465 1464/1/1464 
f 1985/1/1985 1986/1/1986 1987/1/1987 1988/1/1988 
f 1989/1/1989 1987/1/1987 1986/1/1986 1990/1/1990 
f 1991/1/1991 1992/1/1992 1987/1/1987 1989/1/1989 
f 1988/1/1988 1987/1/1987 1992/1/1992 1993/1/1993 
f 1990/1/1990 1986/1/1986 1994/1/1994 1995/1/1995 
f 1996/1/1996 1994/1/1994 1986/1/1986 1985/1/1985 
f 1672/1/1672 1670/1/1670 1994/1/1994 1996/1/1996 
f 1995/1/1995 1994/1/1994 1670/1/1670 1671/1/1671 
f 1997/1/1997 1998/1/1998 1999/1/1999 2000/1/2000 
f 1690/1/1690 1999/1/1999 1998/1/1998 1687/1/1687 
f 1692/1/1692 2001/1/2001 1999/1/1999 1690/1/1690 
f 2000/1/2000 1999/1/1999 2001/1/2001 2002/1/2002 
f 2003/1/2003 2004/1/2004 2005/1/2005 
f 2006/1/2006 2007/1/2007 2008/1/2008 
f 2003/1/2003 2008/1/2008 1695/1/1695 
f 2004/1/2004 2003/1/2003 1700/1/1700 1699/1/1699 
f 2009/1/2009 2010/1/2010 2011/1/2011 2012/1/2012 
f 1821/1/1821 2011/1/2011 2010/1/2010 1823/1/1823 
f 1822/1/1822 2013/1/2013 2011/1/2011 1821/1/1821 
f 2012/1/2012 2011/1/2011 2013/1/2013 2014/1/2014 
f 2015/1/2015 2016/1/2016 2017/1/2017 2018/1/2018 
f 1945/1/1945 2017/1/2017 2016/1/2016 1704/1/1704 
f 1942/1/1942 2019/1/2019 2017/1/2017 1945/1/1945 
f 2018/1/2018 2017/1/2017 2019/1/2019 2020/1/2020 
f 2021/1/2021 2022/1/2022 2023/1/2023 2024/1/2024 
f 2025/1/2025 2023/1/2023 2022/1/2022 2026/1/2026 
f 1711/1/1711 1718/1/1718 2023/1/2023 2025/1/2025 
f 2024/1/2024 2023/1/2023 1718/1/1718 1717/1/1717 
f 2027/1/2027 2028/1/2028 2029/1/2029 2030/1/2030 
f 2031/1/2031 2029/1/2029 2028/1/2028 2032/1/2032 
f 1723/1/1723 1731/1/1731 2029/1/2029 2031/1/2031 
f 2030/1/2030 2029/1/2029 1731/1/1731 1244/1/1244 
f 2033/1/2033 2034/1/2034 2035/1/2035 2036/1/2036 
f 2037/1/2037 2035/1/2035 2034/1/2034 2038/1/2038 
f 1831/1/1831 1830/1/1830 2035/1/2035 2037/1/2037 
f 2036/1/2036 2035/1/2035 1830/1/1830 1816/1/1816 
f 2039/1/2039 2040/1/2040 2041/1/2041 2042/1/2042 
f 1739/1/1739 2040/1/2040 2039/1/2039 1740/1/1740 
f 1742/1/1742 2043/1/2043 2040/1/2040 1739/1/1739 
f 2041/1/2041 2040/1/2040 2043/1/2043 2044/1/2044 
f 2045/1/2045 2046/1/2046 2047/1/2047 
f 1755/1/1755 2045/1/2045 2048/1/2048 1758/1/1758 
f 1204/1/1204 2049/1/2049 2045/1/2045 1755/1/1755 
f 2046/1/2046 2045/1/2045 2049/1/2049 2020/1/2020 
f 2050/1/2050 2051/1/2051 2052/1/2052 2053/1/2053 
f 2051/1/2051 1903/1/1903 1968/1/1968 
f 1969/1/1969 2054/1/2054 2052/1/2052 1968/1/1968 
f 2053/1/2053 2052/1/2052 2054/1/2054 2055/1/2055 
f 2056/1/2056 2057/1/2057 2058/1/2058 2059/1/2059 
f 1774/1/1774 2058/1/2058 2057/1/2057 1776/1/1776 
f 1775/1/1775 2060/1/2060 2058/1/2058 1774/1/1774 
f 2059/1/2059 2058/1/2058 2060/1/2060 2061/1/2061 
f 148/1/148 2062/1/2062 2063/1/2063 146/1/146 
f 2064/1/2064 2063/1/2063 2062/1/2062 2065/1/2065 
f 1997/1/1997 2066/1/2066 2063/1/2063 2064/1/2064 
f 146/1/146 2063/1/2063 2066/1/2066 149/1/149 
f 2000/1/2000 2067/1/2067 2066/1/2066 1997/1/1997 
f 2002/1/2002 2068/1/2068 2067/1/2067 2000/1/2000 
f 1852/1/1852 1854/1/1854 2067/1/2067 2068/1/2068 
f 149/1/149 2066/1/2066 2067/1/2067 1854/1/1854 
f 1687/1/1687 1998/1/1998 2069/1/2069 1808/1/1808 
f 2064/1/2064 2069/1/2069 1998/1/1998 1997/1/1997 
f 2065/1/2065 2070/1/2070 2069/1/2069 2064/1/2064 
f 1808/1/1808 2069/1/2069 2070/1/2070 1805/1/1805 
f 1852/1/1852 2068/1/2068 2071/1/2071 1851/1/1851 
f 2072/1/2072 2071/1/2071 2068/1/2068 2002/1/2002 
f 2073/1/2073 2071/1/2071 2072/1/2072 2007/1/2007 
f 270/1/270 1851/1/1851 2071/1/2071 2073/1/2073 
f 2007/1/2007 2006/1/2006 2074/1/2074 2073/1/2073 
f 2075/1/2075 2074/1/2074 2006/1/2006 2005/1/2005 
f 275/1/275 271/1/271 2074/1/2074 2075/1/2075 
f 2073/1/2073 2074/1/2074 271/1/271 270/1/270 
f 1696/1/1696 1695/1/1695 2008/1/2008 
f 2007/1/2007 2072/1/2072 2076/1/2076 2008/1/2008 
f 2076/1/2076 2072/1/2072 2002/1/2002 
f 1696/1/1696 2076/1/2076 2001/1/2001 1692/1/1692 
f 275/1/275 2075/1/2075 2077/1/2077 328/1/328 
f 2005/1/2005 2078/1/2078 2077/1/2077 2075/1/2075 
f 2079/1/2079 2080/1/2080 2077/1/2077 2078/1/2078 
f 328/1/328 2077/1/2077 2080/1/2080 325/1/325 
f 2004/1/2004 2081/1/2081 2078/1/2078 2005/1/2005 
f 1699/1/1699 1866/1/1866 2081/1/2081 2004/1/2004 
f 2081/1/2081 1866/1/1866 1861/1/1861 
f 2078/1/2078 2081/1/2081 2082/1/2082 2079/1/2079 
f 235/1/235 2083/1/2083 2084/1/2084 234/1/234 
f 2085/1/2085 2084/1/2084 2083/1/2083 2086/1/2086 
f 2009/1/2009 2087/1/2087 2084/1/2084 2085/1/2085 
f 234/1/234 2084/1/2084 2087/1/2087 236/1/236 
f 236/1/236 2087/1/2087 2088/1/2088 1072/1/1072 
f 2012/1/2012 2088/1/2088 2087/1/2087 2009/1/2009 
f 2014/1/2014 2089/1/2089 2088/1/2088 2012/1/2012 
f 1072/1/1072 2088/1/2088 2089/1/2089 1073/1/1073 
f 1823/1/1823 2010/1/2010 2090/1/2090 1842/1/1842 
f 2085/1/2085 2090/1/2090 2010/1/2010 2009/1/2009 
f 2086/1/2086 2091/1/2091 2090/1/2090 2085/1/2085 
f 1842/1/1842 2090/1/2090 2091/1/2091 1839/1/1839 
f 1912/1/1912 2092/1/2092 2093/1/2093 1911/1/1911 
f 2094/1/2094 2093/1/2093 2092/1/2092 2095/1/2095 
f 2015/1/2015 2096/1/2096 2093/1/2093 2094/1/2094 
f 1911/1/1911 2093/1/2093 2096/1/2096 1212/1/1212 
f 1212/1/1212 2096/1/2096 2097/1/2097 1207/1/1207 
f 2018/1/2018 2097/1/2097 2096/1/2096 2015/1/2015 
f 2020/1/2020 2049/1/2049 2097/1/2097 2018/1/2018 
f 1207/1/1207 2097/1/2097 2049/1/2049 1204/1/1204 
f 1704/1/1704 2016/1/2016 2098/1/2098 1701/1/1701 
f 2094/1/2094 2098/1/2098 2016/1/2016 2015/1/2015 
f 2095/1/2095 2099/1/2099 2098/1/2098 2094/1/2094 
f 1701/1/1701 2098/1/2098 2099/1/2099 1705/1/1705 
f 2100/1/2100 2101/1/2101 2102/1/2102 2103/1/2103 
f 2104/1/2104 2102/1/2102 2101/1/2101 2105/1/2105 
f 162/1/162 158/1/158 2102/1/2102 2104/1/2104 
f 2103/1/2103 2102/1/2102 158/1/158 157/1/157 
f 2105/1/2105 2106/1/2106 2107/1/2107 2104/1/2104 
f 2108/1/2108 2107/1/2107 2106/1/2106 2109/1/2109 
f 169/1/169 166/1/166 2107/1/2107 2108/1/2108 
f 2104/1/2104 2107/1/2107 166/1/166 162/1/162 
f 2110/1/2110 2111/1/2111 2106/1/2106 2105/1/2105 
f 1859/1/1859 2111/1/2111 2110/1/2110 1715/1/1715 
f 2112/1/2112 2111/1/2111 1859/1/1859 1858/1/1858 
f 2109/1/2109 2106/1/2106 2111/1/2111 2112/1/2112 
f 1791/1/1791 1795/1/1795 2113/1/2113 2114/1/2114 
f 2110/1/2110 2113/1/2113 1795/1/1795 1715/1/1715 
f 2105/1/2105 2101/1/2101 2113/1/2113 2110/1/2110 
f 2114/1/2114 2113/1/2113 2101/1/2101 2100/1/2100 
f 2109/1/2109 2115/1/2115 2116/1/2116 2108/1/2108 
f 2117/1/2117 2116/1/2116 2115/1/2115 2026/1/2026 
f 281/1/281 278/1/278 2116/1/2116 2117/1/2117 
f 2108/1/2108 2116/1/2116 278/1/278 169/1/169 
f 2026/1/2026 2022/1/2022 2118/1/2118 2117/1/2117 
f 2119/1/2119 2118/1/2118 2022/1/2022 2021/1/2021 
f 1871/1/1871 1875/1/1875 2118/1/2118 2119/1/2119 
f 2117/1/2117 2118/1/2118 1875/1/1875 281/1/281 
f 1858/1/1858 1855/1/1855 2120/1/2120 2112/1/2112 
f 2025/1/2025 2120/1/2120 1855/1/1855 1711/1/1711 
f 2026/1/2026 2115/1/2115 2120/1/2120 2025/1/2025 
f 2112/1/2112 2120/1/2120 2115/1/2115 2109/1/2109 
f 2121/1/2121 2122/1/2122 2123/1/2123 2124/1/2124 
f 2125/1/2125 2123/1/2123 2122/1/2122 2032/1/2032 
f 1926/1/1926 1925/1/1925 2123/1/2123 2125/1/2125 
f 2124/1/2124 2123/1/2123 1925/1/1925 1918/1/1918 
f 2126/1/2126 1953/1/1953 1926/1/1926 
f 2032/1/2032 2028/1/2028 2126/1/2126 2125/1/2125 
f 2028/1/2028 2027/1/2027 2127/1/2127 
f 1953/1/1953 2126/1/2126 2127/1/2127 1951/1/1951 
f 1730/1/1730 1729/1/1729 2128/1/2128 2129/1/2129 
f 2031/1/2031 2128/1/2128 1729/1/1729 1723/1/1723 
f 2032/1/2032 2122/1/2122 2128/1/2128 2031/1/2031 
f 2122/1/2122 2121/1/2121 2129/1/2129 
f 2130/1/2130 2131/1/2131 2132/1/2132 2133/1/2133 
f 2134/1/2134 2132/1/2132 2131/1/2131 2038/1/2038 
f 263/1/263 262/1/262 2132/1/2132 2134/1/2134 
f 2133/1/2133 2132/1/2132 262/1/262 261/1/261 
f 2038/1/2038 2034/1/2034 2135/1/2135 2134/1/2134 
f 2136/1/2136 2135/1/2135 2034/1/2034 2033/1/2033 
f 1082/1/1082 1081/1/1081 2135/1/2135 2136/1/2136 
f 2134/1/2134 2135/1/2135 1081/1/1081 263/1/263 
f 1834/1/1834 1837/1/1837 2137/1/2137 2138/1/2138 
f 2037/1/2037 2137/1/2137 1837/1/1837 1831/1/1831 
f 2038/1/2038 2131/1/2131 2137/1/2137 2037/1/2037 
f 2138/1/2138 2137/1/2137 2131/1/2131 2130/1/2130 
f 2139/1/2139 2140/1/2140 2141/1/2141 2142/1/2142 
f 2140/1/2140 2143/1/2143 2144/1/2144 
f 2141/1/2141 2144/1/2144 1125/1/1125 
f 2142/1/2142 2141/1/2141 1847/1/1847 1848/1/1848 
f 2144/1/2144 2145/1/2145 1122/1/1122 1125/1/1125 
f 2145/1/2145 2144/1/2144 2143/1/2143 
f 2146/1/2146 2147/1/2147 2145/1/2145 2148/1/2148 
f 1122/1/1122 2145/1/2145 2147/1/2147 1126/1/1126 
f 2149/1/2149 2150/1/2150 2148/1/2148 2143/1/2143 
f 1735/1/1735 1938/1/1938 2150/1/2150 2149/1/2149 
f 1929/1/1929 2151/1/2151 2150/1/2150 1938/1/1938 
f 2148/1/2148 2150/1/2150 2151/1/2151 2146/1/2146 
f 1241/1/1241 1736/1/1736 2152/1/2152 2153/1/2153 
f 2149/1/2149 2152/1/2152 1736/1/1736 1735/1/1735 
f 2143/1/2143 2140/1/2140 2152/1/2152 2149/1/2149 
f 2140/1/2140 2139/1/2139 2153/1/2153 
f 2154/1/2154 2155/1/2155 2156/1/2156 2157/1/2157 
f 2155/1/2155 2158/1/2158 2159/1/2159 
f 2156/1/2156 2159/1/2159 1357/1/1357 
f 2157/1/2157 2156/1/2156 1366/1/1366 1365/1/1365 
f 1357/1/1357 2159/1/2159 2160/1/2160 1356/1/1356 
f 2159/1/2159 2158/1/2158 2161/1/2161 
f 2162/1/2162 2163/1/2163 2160/1/2160 2161/1/2161 
f 1356/1/1356 2160/1/2160 2163/1/2163 1358/1/1358 
f 2158/1/2158 2164/1/2164 2165/1/2165 2161/1/2161 
f 1878/1/1878 2165/1/2165 2164/1/2164 1747/1/1747 
f 1879/1/1879 2166/1/2166 2165/1/2165 1878/1/1878 
f 2161/1/2161 2165/1/2165 2166/1/2166 2162/1/2162 
f 1960/1/1960 1961/1/1961 2167/1/2167 2168/1/2168 
f 2164/1/2164 2167/1/2167 1961/1/1961 1747/1/1747 
f 2158/1/2158 2155/1/2155 2167/1/2167 2164/1/2164 
f 2168/1/2168 2167/1/2167 2155/1/2155 2154/1/2154 
f 1358/1/1358 2163/1/2163 2169/1/2169 1467/1/1467 
f 2170/1/2170 2169/1/2169 2163/1/2163 2162/1/2162 
f 2171/1/2171 2172/1/2172 2169/1/2169 2170/1/2170 
f 2172/1/2172 1464/1/1464 1467/1/1467 
f 1464/1/1464 2172/1/2172 2173/1/2173 1982/1/1982 
f 2174/1/2174 2173/1/2173 2172/1/2172 2171/1/2171 
f 2175/1/2175 2176/1/2176 2173/1/2173 2174/1/2174 
f 1982/1/1982 2173/1/2173 2176/1/2176 1979/1/1979 
f 2171/1/2171 2177/1/2177 2178/1/2178 2174/1/2174 
f 1978/1/1978 2178/1/2178 2177/1/2177 1746/1/1746 
f 2178/1/2178 1978/1/1978 1977/1/1977 
f 2174/1/2174 2178/1/2178 2179/1/2179 2175/1/2175 
f 1746/1/1746 2177/1/2177 2180/1/2180 1881/1/1881 
f 2170/1/2170 2180/1/2180 2177/1/2177 2171/1/2171 
f 2162/1/2162 2166/1/2166 2180/1/2180 2170/1/2170 
f 1881/1/1881 2180/1/2180 2166/1/2166 1879/1/1879 
f 1681/1/1681 2181/1/2181 2182/1/2182 1682/1/1682 
f 2183/1/2183 2182/1/2182 2181/1/2181 2184/1/2184 
f 2185/1/2185 2186/1/2186 2182/1/2182 2183/1/2183 
f 1682/1/1682 2182/1/2182 2186/1/2186 1679/1/1679 
f 2187/1/2187 2188/1/2188 2186/1/2186 2185/1/2185 
f 2189/1/2189 2188/1/2188 2187/1/2187 2190/1/2190 
f 1666/1/1666 1680/1/1680 2188/1/2188 2189/1/2189 
f 2186/1/2186 2188/1/2188 1680/1/1680 1679/1/1679 
f 2190/1/2190 2191/1/2191 2192/1/2192 2189/1/2189 
f 2193/1/2193 2192/1/2192 2191/1/2191 2194/1/2194 
f 1671/1/1671 1667/1/1667 2192/1/2192 2193/1/2193 
f 2189/1/2189 2192/1/2192 1667/1/1667 1666/1/1666 
f 1671/1/1671 2193/1/2193 2195/1/2195 1995/1/1995 
f 2196/1/2196 2195/1/2195 2193/1/2193 2194/1/2194 
f 2197/1/2197 2198/1/2198 2195/1/2195 2196/1/2196 
f 1995/1/1995 2195/1/2195 2198/1/2198 1990/1/1990 
f 1990/1/1990 2198/1/2198 2199/1/2199 1989/1/1989 
f 2200/1/2200 2199/1/2199 2198/1/2198 2197/1/2197 
f 2201/1/2201 2202/1/2202 2199/1/2199 2200/1/2200 
f 2202/1/2202 1991/1/1991 1989/1/1989 
f 2203/1/2203 2204/1/2204 2205/1/2205 2206/1/2206 
f 2207/1/2207 2205/1/2205 2204/1/2204 2042/1/2042 
f 1463/1/1463 1462/1/1462 2205/1/2205 2207/1/2207 
f 2206/1/2206 2205/1/2205 1462/1/1462 1461/1/1461 
f 1463/1/1463 2207/1/2207 2208/1/2208 1893/1/1893 
f 2041/1/2041 2208/1/2208 2207/1/2207 2042/1/2042 
f 2044/1/2044 2209/1/2209 2208/1/2208 2041/1/2041 
f 2209/1/2209 1887/1/1887 1893/1/1893 
f 1975/1/1975 1974/1/1974 2210/1/2210 2211/1/2211 
f 2039/1/2039 2210/1/2210 1974/1/1974 1740/1/1740 
f 2042/1/2042 2204/1/2204 2210/1/2210 2039/1/2039 
f 2211/1/2211 2210/1/2210 2204/1/2204 2203/1/2203 
f 1887/1/1887 2209/1/2209 2212/1/2212 1886/1/1886 
f 2213/1/2213 2212/1/2212 2209/1/2209 2044/1/2044 
f 2214/1/2214 2215/1/2215 2212/1/2212 2213/1/2213 
f 1886/1/1886 2212/1/2212 2215/1/2215 1888/1/1888 
f 1888/1/1888 2215/1/2215 2216/1/2216 1971/1/1971 
f 2217/1/2217 2216/1/2216 2215/1/2215 2214/1/2214 
f 2055/1/2055 2054/1/2054 2216/1/2216 2217/1/2217 
f 2054/1/2054 1969/1/1969 1971/1/1971 
f 2217/1/2217 2218/1/2218 2219/1/2219 2055/1/2055 
f 2214/1/2214 2220/1/2220 2218/1/2218 2217/1/2217 
f 1752/1/1752 1962/1/1962 2218/1/2218 2220/1/2220 
f 2219/1/2219 2218/1/2218 1962/1/1962 1958/1/1958 
f 1742/1/1742 1754/1/1754 2221/1/2221 2043/1/2043 
f 2220/1/2220 2221/1/2221 1754/1/1754 1752/1/1752 
f 2214/1/2214 2213/1/2213 2221/1/2221 2220/1/2220 
f 2044/1/2044 2043/1/2043 2221/1/2221 2213/1/2213 
f 2222/1/2222 2223/1/2223 2224/1/2224 2225/1/2225 
f 2226/1/2226 2224/1/2224 2223/1/2223 2047/1/2047 
f 1902/1/1902 1901/1/1901 2224/1/2224 2226/1/2226 
f 1901/1/1901 1900/1/1900 2225/1/2225 
f 1939/1/1939 1902/1/1902 2226/1/2226 
f 2046/1/2046 2227/1/2227 2226/1/2226 2047/1/2047 
f 2020/1/2020 2019/1/2019 2227/1/2227 2046/1/2046 
f 2019/1/2019 1942/1/1942 1939/1/1939 
f 1932/1/1932 1937/1/1937 2228/1/2228 2229/1/2229 
f 2048/1/2048 2228/1/2228 1937/1/1937 1758/1/1758 
f 2047/1/2047 2223/1/2223 2228/1/2228 2048/1/2048 
f 2223/1/2223 2222/1/2222 2229/1/2229 
f 1932/1/1932 2229/1/2229 2230/1/2230 1930/1/1930 
f 2231/1/2231 2230/1/2230 2229/1/2229 2222/1/2222 
f 2050/1/2050 2232/1/2232 2230/1/2230 2231/1/2231 
f 1930/1/1930 2230/1/2230 2232/1/2232 1933/1/1933 
f 1933/1/1933 2232/1/2232 2233/1/2233 1955/1/1955 
f 2053/1/2053 2233/1/2233 2232/1/2232 2050/1/2050 
f 2233/1/2233 2053/1/2053 2055/1/2055 
f 1955/1/1955 2233/1/2233 2219/1/2219 1958/1/1958 
f 1903/1/1903 2051/1/2051 2234/1/2234 1904/1/1904 
f 2231/1/2231 2234/1/2234 2051/1/2051 2050/1/2050 
f 2222/1/2222 2225/1/2225 2234/1/2234 2231/1/2231 
f 2234/1/2234 2225/1/2225 1900/1/1900 
f 2235/1/2235 1959/1/1959 1960/1/1960 
f 2236/1/2236 2235/1/2235 2168/1/2168 2154/1/2154 
f 2237/1/2237 2238/1/2238 2235/1/2235 2236/1/2236 
f 1959/1/1959 2235/1/2235 2238/1/2238 1935/1/1935 
f 2239/1/2239 1928/1/1928 1935/1/1935 
f 2238/1/2238 2237/1/2237 2240/1/2240 
f 2146/1/2146 2151/1/2151 2239/1/2239 2240/1/2240 
f 1928/1/1928 2239/1/2239 2151/1/2151 1929/1/1929 
f 2237/1/2237 2241/1/2241 2242/1/2242 2240/1/2240 
f 1763/1/1763 2242/1/2242 2241/1/2241 1764/1/1764 
f 1126/1/1126 2147/1/2147 2242/1/2242 1763/1/1763 
f 2147/1/2147 2146/1/2146 2240/1/2240 
f 1764/1/1764 2241/1/2241 2243/1/2243 1769/1/1769 
f 2236/1/2236 2243/1/2243 2241/1/2241 2237/1/2237 
f 2154/1/2154 2157/1/2157 2243/1/2243 2236/1/2236 
f 1769/1/1769 2243/1/2243 2157/1/2157 1365/1/1365 
f 2244/1/2244 1804/1/1804 1803/1/1803 
f 2059/1/2059 2244/1/2244 2245/1/2245 2056/1/2056 
f 2244/1/2244 2059/1/2059 2061/1/2061 
f 1804/1/1804 2244/1/2244 2246/1/2246 1800/1/1800 
f 2100/1/2100 2247/1/2247 2248/1/2248 2114/1/2114 
f 2249/1/2249 2248/1/2248 2247/1/2247 2250/1/2250 
f 1793/1/1793 1792/1/1792 2248/1/2248 2249/1/2249 
f 2114/1/2114 2248/1/2248 1792/1/1792 1791/1/1791 
f 2251/1/2251 2252/1/2252 1783/1/1783 1784/1/1784 
f 2250/1/2250 2247/1/2247 2252/1/2252 2251/1/2251 
f 2103/1/2103 2252/1/2252 2247/1/2247 2100/1/2100 
f 157/1/157 1783/1/1783 2252/1/2252 2103/1/2103 
f 1805/1/1805 2070/1/2070 2253/1/2253 1813/1/1813 
f 2254/1/2254 2253/1/2253 2070/1/2070 2065/1/2065 
f 2061/1/2061 2060/1/2060 2253/1/2253 2254/1/2254 
f 1813/1/1813 2253/1/2253 2060/1/2060 1775/1/1775 
f 1800/1/1800 2246/1/2246 2255/1/2255 1798/1/1798 
f 2254/1/2254 2255/1/2255 2246/1/2246 2061/1/2061 
f 2065/1/2065 2062/1/2062 2255/1/2255 2254/1/2254 
f 1798/1/1798 2255/1/2255 2062/1/2062 148/1/148 
f 1073/1/1073 2089/1/2089 2256/1/2256 1913/1/1913 
f 2257/1/2257 2256/1/2256 2089/1/2089 2014/1/2014 
f 2095/1/2095 2092/1/2092 2256/1/2256 2257/1/2257 
f 1913/1/1913 2256/1/2256 2092/1/2092 1912/1/1912 
f 2014/1/2014 2013/1/2013 2258/1/2258 2257/1/2257 
f 1827/1/1827 2258/1/2258 2013/1/2013 1822/1/1822 
f 1705/1/1705 2099/1/2099 2258/1/2258 1827/1/1827 
f 2257/1/2257 2258/1/2258 2099/1/2099 2095/1/2095 
f 2033/1/2033 2259/1/2259 2260/1/2260 2136/1/2136 
f 2124/1/2124 2260/1/2260 2259/1/2259 2121/1/2121 
f 1918/1/1918 1915/1/1915 2260/1/2260 2124/1/2124 
f 2136/1/2136 2260/1/2260 1915/1/1915 1082/1/1082 
f 2121/1/2121 2259/1/2259 2261/1/2261 2129/1/2129 
f 2036/1/2036 2261/1/2261 2259/1/2259 2033/1/2033 
f 1816/1/1816 1814/1/1814 2261/1/2261 2036/1/2036 
f 1814/1/1814 1730/1/1730 2129/1/2129 
f 2021/1/2021 2262/1/2262 2263/1/2263 2119/1/2119 
f 2133/1/2133 2263/1/2263 2262/1/2262 2130/1/2130 
f 261/1/261 1872/1/1872 2263/1/2263 2133/1/2133 
f 2119/1/2119 2263/1/2263 1872/1/1872 1871/1/1871 
f 2264/1/2264 2024/1/2024 1717/1/1717 
f 2138/1/2138 2264/1/2264 1835/1/1835 1834/1/1834 
f 2130/1/2130 2262/1/2262 2264/1/2264 2138/1/2138 
f 2024/1/2024 2264/1/2264 2262/1/2262 2021/1/2021 
f 2265/1/2265 332/1/332 325/1/325 
f 2266/1/2266 2265/1/2265 2080/1/2080 2079/1/2079 
f 2265/1/2265 2266/1/2266 2086/1/2086 
f 2083/1/2083 235/1/235 332/1/332 
f 1839/1/1839 2091/1/2091 2267/1/2267 1864/1/1864 
f 2266/1/2266 2267/1/2267 2091/1/2091 2086/1/2086 
f 2079/1/2079 2082/1/2082 2267/1/2267 2266/1/2266 
f 2082/1/2082 1861/1/1861 1864/1/1864 
f 2153/1/2153 2268/1/2268 1242/1/1242 1241/1/1241 
f 2268/1/2268 2153/1/2153 2139/1/2139 
f 2030/1/2030 2268/1/2268 2269/1/2269 2027/1/2027 
f 1244/1/1244 1242/1/1242 2268/1/2268 2030/1/2030 
f 2142/1/2142 2270/1/2270 2269/1/2269 2139/1/2139 
f 1950/1/1950 2270/1/2270 2142/1/2142 1848/1/1848 
f 1951/1/1951 2127/1/2127 2270/1/2270 1950/1/1950 
f 2269/1/2269 2270/1/2270 2127/1/2127 2027/1/2027 
f 1617/1/1617 2271/1/2271 2272/1/2272 1618/1/1618 
f 2271/1/2271 2273/1/2273 2274/1/2274 
f 2272/1/2272 2274/1/2274 850/1/850 
f 1618/1/1618 2272/1/2272 849/1/849 848/1/848 
f 1018/1/1018 2275/1/2275 2276/1/2276 1019/1/1019 
f 2277/1/2277 2276/1/2276 2275/1/2275 2278/1/2278 
f 830/1/830 1006/1/1006 2276/1/2276 2277/1/2277 
f 1007/1/1007 1019/1/1019 2276/1/2276 1006/1/1006 
f 2279/1/2279 2280/1/2280 2281/1/2281 2282/1/2282 
f 2275/1/2275 2281/1/2281 2280/1/2280 2278/1/2278 
f 1018/1/1018 1039/1/1039 2281/1/2281 2275/1/2275 
f 2282/1/2282 2281/1/2281 1039/1/1039 1041/1/1041 
f 2278/1/2278 2283/1/2283 2284/1/2284 2277/1/2277 
f 2285/1/2285 2286/1/2286 2284/1/2284 2283/1/2283 
f 832/1/832 831/1/831 2284/1/2284 2286/1/2286 
f 2277/1/2277 2284/1/2284 831/1/831 830/1/830 
f 2278/1/2278 2280/1/2280 2287/1/2287 2283/1/2283 
f 2288/1/2288 2287/1/2287 2280/1/2280 2279/1/2279 
f 2289/1/2289 2290/1/2290 2287/1/2287 2288/1/2288 
f 2283/1/2283 2287/1/2287 2290/1/2290 2285/1/2285 
f 2290/1/2290 2289/1/2289 2291/1/2291 
f 2291/1/2291 838/1/838 836/1/836 
f 2286/1/2286 2292/1/2292 836/1/836 832/1/832 
f 2292/1/2292 2286/1/2286 2285/1/2285 
f 1624/1/1624 838/1/838 2291/1/2291 
f 2289/1/2289 2293/1/2293 2294/1/2294 2291/1/2291 
f 2273/1/2273 2271/1/2271 2294/1/2294 2293/1/2293 
f 2271/1/2271 1617/1/1617 1624/1/1624 
f 2293/1/2293 2295/1/2295 2274/1/2274 2273/1/2273 
f 2288/1/2288 2295/1/2295 2293/1/2293 2289/1/2289 
f 2279/1/2279 2296/1/2296 2295/1/2295 2288/1/2288 
f 2274/1/2274 2295/1/2295 2296/1/2296 850/1/850 
f 850/1/850 2296/1/2296 2297/1/2297 845/1/845 
f 2282/1/2282 2297/1/2297 2296/1/2296 2279/1/2279 
f 1041/1/1041 1050/1/1050 2297/1/2297 2282/1/2282 
f 845/1/845 2297/1/2297 1050/1/1050 842/1/842 
f 1501/1/1501 1505/1/1505 2298/1/2298 1500/1/1500 
f 2299/1/2299 2298/1/2298 1505/1/1505 1504/1/1504 
f 2300/1/2300 2298/1/2298 2299/1/2299 2301/1/2301 
f 1500/1/1500 2298/1/2298 2300/1/2300 1502/1/1502 
f 2302/1/2302 2303/1/2303 1570/1/1570 1559/1/1559 
f 2299/1/2299 2303/1/2303 2302/1/2302 2301/1/2301 
f 2303/1/2303 2299/1/2299 1504/1/1504 
f 1580/1/1580 1571/1/1571 1570/1/1570 
f 1558/1/1558 1557/1/1557 2304/1/2304 
f 2304/1/2304 2305/1/2305 2306/1/2306 
f 2301/1/2301 2302/1/2302 2307/1/2307 2306/1/2306 
f 1559/1/1559 1558/1/1558 2307/1/2307 2302/1/2302 
f 1502/1/1502 2308/1/2308 2309/1/2309 1503/1/1503 
f 2310/1/2310 2309/1/2309 2308/1/2308 2311/1/2311 
f 1446/1/1446 1442/1/1442 2309/1/2309 2310/1/2310 
f 1441/1/1441 1503/1/1503 2309/1/2309 1442/1/1442 
f 1502/1/1502 2300/1/2300 2312/1/2312 2308/1/2308 
f 2301/1/2301 2313/1/2313 2312/1/2312 2300/1/2300 
f 2314/1/2314 2315/1/2315 2312/1/2312 2313/1/2313 
f 2308/1/2308 2312/1/2312 2315/1/2315 2311/1/2311 
f 2314/1/2314 2313/1/2313 2316/1/2316 2317/1/2317 
f 2306/1/2306 2316/1/2316 2313/1/2313 2301/1/2301 
f 2305/1/2305 2317/1/2317 2316/1/2316 2306/1/2306 
f 2318/1/2318 2319/1/2319 2320/1/2320 2321/1/2321 
f 1459/1/1459 2320/1/2320 2319/1/2319 1461/1/1461 
f 1460/1/1460 2322/1/2322 2320/1/2320 1459/1/1459 
f 2321/1/2321 2320/1/2320 2322/1/2322 2323/1/2323 
f 2324/1/2324 2325/1/2325 2326/1/2326 2327/1/2327 
f 2328/1/2328 2326/1/2326 2325/1/2325 2329/1/2329 
f 1993/1/1993 1992/1/1992 2326/1/2326 2328/1/2328 
f 2327/1/2327 2326/1/2326 1992/1/1992 1991/1/1991 
f 2323/1/2323 2330/1/2330 2331/1/2331 2321/1/2321 
f 2332/1/2332 2331/1/2331 2330/1/2330 2333/1/2333 
f 2334/1/2334 2335/1/2335 2331/1/2331 2332/1/2332 
f 2321/1/2321 2331/1/2331 2335/1/2335 2318/1/2318 
f 2336/1/2336 2337/1/2337 2325/1/2325 2324/1/2324 
f 2334/1/2334 2332/1/2332 2337/1/2337 2336/1/2336 
f 2333/1/2333 2338/1/2338 2337/1/2337 2332/1/2332 
f 2325/1/2325 2337/1/2337 2338/1/2338 2329/1/2329 
f 1461/1/1461 2319/1/2319 2339/1/2339 2206/1/2206 
f 2340/1/2340 2339/1/2339 2319/1/2319 2318/1/2318 
f 2341/1/2341 2342/1/2342 2339/1/2339 2340/1/2340 
f 2206/1/2206 2339/1/2339 2342/1/2342 2203/1/2203 
f 2343/1/2343 2344/1/2344 2345/1/2345 2346/1/2346 
f 2327/1/2327 2345/1/2345 2344/1/2344 2324/1/2324 
f 1991/1/1991 2202/1/2202 2345/1/2345 2327/1/2327 
f 2346/1/2346 2345/1/2345 2202/1/2202 2201/1/2201 
f 2347/1/2347 2348/1/2348 2349/1/2349 2350/1/2350 
f 2336/1/2336 2349/1/2349 2348/1/2348 2334/1/2334 
f 2324/1/2324 2344/1/2344 2349/1/2349 2336/1/2336 
f 2350/1/2350 2349/1/2349 2344/1/2344 2343/1/2343 
f 2334/1/2334 2348/1/2348 2351/1/2351 2335/1/2335 
f 2352/1/2352 2351/1/2351 2348/1/2348 2347/1/2347 
f 2340/1/2340 2351/1/2351 2352/1/2352 2341/1/2341 
f 2318/1/2318 2335/1/2335 2351/1/2351 2340/1/2340 
f 2353/1/2353 2354/1/2354 2355/1/2355 2356/1/2356 
f 2211/1/2211 2354/1/2354 2353/1/2353 1975/1/1975 
f 2203/1/2203 2342/1/2342 2354/1/2354 2211/1/2211 
f 2355/1/2355 2354/1/2354 2342/1/2342 2341/1/2341 
f 2347/1/2347 2357/1/2357 2358/1/2358 2352/1/2352 
f 2359/1/2359 2358/1/2358 2357/1/2357 2360/1/2360 
f 2356/1/2356 2355/1/2355 2358/1/2358 2359/1/2359 
f 2352/1/2352 2358/1/2358 2355/1/2355 2341/1/2341 
f 2356/1/2356 2361/1/2361 2362/1/2362 2353/1/2353 
f 2363/1/2363 2362/1/2362 2361/1/2361 2364/1/2364 
f 1977/1/1977 1976/1/1976 2362/1/2362 2363/1/2363 
f 2353/1/2353 2362/1/2362 1976/1/1976 1975/1/1975 
f 2360/1/2360 2365/1/2365 2366/1/2366 2359/1/2359 
f 2367/1/2367 2366/1/2366 2365/1/2365 2368/1/2368 
f 2364/1/2364 2361/1/2361 2366/1/2366 2367/1/2367 
f 2361/1/2361 2356/1/2356 2359/1/2359 
f 2369/1/2369 2363/1/2363 2364/1/2364 
f 2370/1/2370 2369/1/2369 2371/1/2371 2372/1/2372 
f 2175/1/2175 2179/1/2179 2369/1/2369 2370/1/2370 
f 2363/1/2363 2369/1/2369 2179/1/2179 1977/1/1977 
f 2373/1/2373 2374/1/2374 2375/1/2375 2376/1/2376 
f 2372/1/2372 2371/1/2371 2375/1/2375 2374/1/2374 
f 2367/1/2367 2375/1/2375 2371/1/2371 2364/1/2364 
f 2367/1/2367 2368/1/2368 2376/1/2376 
f 2377/1/2377 2378/1/2378 2379/1/2379 2380/1/2380 
f 2381/1/2381 2382/1/2382 2378/1/2378 2377/1/2377 
f 2184/1/2184 2181/1/2181 2378/1/2378 2382/1/2382 
f 2379/1/2379 2378/1/2378 2181/1/2181 1681/1/1681 
f 2372/1/2372 2383/1/2383 2384/1/2384 2370/1/2370 
f 2385/1/2385 2384/1/2384 2383/1/2383 2386/1/2386 
f 1979/1/1979 2176/1/2176 2384/1/2384 2385/1/2385 
f 2370/1/2370 2384/1/2384 2176/1/2176 2175/1/2175 
f 2374/1/2374 2387/1/2387 2383/1/2383 2372/1/2372 
f 2388/1/2388 2387/1/2387 2374/1/2374 2373/1/2373 
f 2389/1/2389 2390/1/2390 2387/1/2387 2388/1/2388 
f 2386/1/2386 2383/1/2383 2387/1/2387 2390/1/2390 
f 2380/1/2380 2391/1/2391 2392/1/2392 2377/1/2377 
f 2388/1/2388 2392/1/2392 2391/1/2391 2389/1/2389 
f 2373/1/2373 2393/1/2393 2392/1/2392 2388/1/2388 
f 2377/1/2377 2392/1/2392 2393/1/2393 2381/1/2381 
f 1686/1/1686 2394/1/2394 2395/1/2395 1684/1/1684 
f 2396/1/2396 2395/1/2395 2394/1/2394 2397/1/2397 
f 2380/1/2380 2379/1/2379 2395/1/2395 2396/1/2396 
f 1684/1/1684 2395/1/2395 2379/1/2379 1681/1/1681 
f 2386/1/2386 2398/1/2398 2399/1/2399 2385/1/2385 
f 2400/1/2400 2399/1/2399 2398/1/2398 2401/1/2401 
f 1984/1/1984 1980/1/1980 2399/1/2399 2400/1/2400 
f 2385/1/2385 2399/1/2399 1980/1/1980 1979/1/1979 
f 2390/1/2390 2402/1/2402 2398/1/2398 2386/1/2386 
f 2403/1/2403 2402/1/2402 2390/1/2390 2389/1/2389 
f 2404/1/2404 2405/1/2405 2402/1/2402 2403/1/2403 
f 2401/1/2401 2398/1/2398 2402/1/2402 2405/1/2405 
f 2397/1/2397 2406/1/2406 2407/1/2407 2396/1/2396 
f 2403/1/2403 2407/1/2407 2406/1/2406 2404/1/2404 
f 2389/1/2389 2391/1/2391 2407/1/2407 2403/1/2403 
f 2396/1/2396 2407/1/2407 2391/1/2391 2380/1/2380 
f 2408/1/2408 2409/1/2409 2410/1/2410 2411/1/2411 
f 2412/1/2412 2413/1/2413 2410/1/2410 2409/1/2409 
f 2400/1/2400 2410/1/2410 2413/1/2413 1984/1/1984 
f 2411/1/2411 2410/1/2410 2400/1/2400 2401/1/2401 
f 2401/1/2401 2405/1/2405 2414/1/2414 2411/1/2411 
f 2415/1/2415 2414/1/2414 2405/1/2405 2404/1/2404 
f 2416/1/2416 2417/1/2417 2414/1/2414 2415/1/2415 
f 2411/1/2411 2414/1/2414 2417/1/2417 2408/1/2408 
f 1644/1/1644 2418/1/2418 2419/1/2419 1661/1/1661 
f 2420/1/2420 2419/1/2419 2418/1/2418 2421/1/2421 
f 2422/1/2422 2423/1/2423 2419/1/2419 2420/1/2420 
f 1661/1/1661 2419/1/2419 2423/1/2423 1658/1/1658 
f 2421/1/2421 2424/1/2424 2425/1/2425 2426/1/2426 
f 2427/1/2427 2425/1/2425 2424/1/2424 1497/1/1497 
f 2428/1/2428 2429/1/2429 2425/1/2425 2427/1/2427 
f 2426/1/2426 2425/1/2425 2429/1/2429 2430/1/2430 
f 1484/1/1484 1491/1/1491 2431/1/2431 
f 2432/1/2432 2431/1/2431 1491/1/1491 1493/1/1493 
f 2427/1/2427 2431/1/2431 2432/1/2432 2428/1/2428 
f 1497/1/1497 1496/1/1496 2431/1/2431 2427/1/2427 
f 2418/1/2418 2433/1/2433 2424/1/2424 2421/1/2421 
f 1647/1/1647 2433/1/2433 2418/1/2418 1644/1/1644 
f 2433/1/2433 1647/1/1647 1626/1/1626 
f 2433/1/2433 1629/1/1629 1497/1/1497 
f 2434/1/2434 2435/1/2435 2436/1/2436 2437/1/2437 
f 47/1/47 46/1/46 2435/1/2435 2434/1/2434 
f 2438/1/2438 2439/1/2439 2440/1/2440 
f 2437/1/2437 2436/1/2436 2441/1/2441 2440/1/2440 
f 2442/1/2442 2443/1/2443 2444/1/2444 
f 2445/1/2445 2442/1/2442 2446/1/2446 2447/1/2447 
f 2448/1/2448 2449/1/2449 2442/1/2442 2445/1/2445 
f 2443/1/2443 2442/1/2442 2449/1/2449 2450/1/2450 
f 2447/1/2447 2446/1/2446 2451/1/2451 2452/1/2452 
f 2453/1/2453 2451/1/2451 2446/1/2446 2444/1/2444 
f 2454/1/2454 2455/1/2455 2456/1/2456 
f 2457/1/2457 2454/1/2454 2458/1/2458 2459/1/2459 
f 2448/1/2448 2445/1/2445 2454/1/2454 2457/1/2457 
f 2455/1/2455 2454/1/2454 2445/1/2445 2447/1/2447 
f 2456/1/2456 2455/1/2455 2460/1/2460 2461/1/2461 
f 2452/1/2452 2460/1/2460 2455/1/2455 2447/1/2447 
f 2462/1/2462 2463/1/2463 2464/1/2464 2465/1/2465 
f 2466/1/2466 2463/1/2463 2462/1/2462 2467/1/2467 
f 2459/1/2459 2458/1/2458 2463/1/2463 2466/1/2466 
f 2456/1/2456 2464/1/2464 2463/1/2463 
f 2465/1/2465 2464/1/2464 2468/1/2468 2469/1/2469 
f 2461/1/2461 2468/1/2468 2464/1/2464 2456/1/2456 
f 2470/1/2470 2439/1/2439 2438/1/2438 
f 2471/1/2471 2472/1/2472 2473/1/2473 2474/1/2474 
f 2471/1/2471 2439/1/2439 2470/1/2470 
f 2475/1/2475 2476/1/2476 2477/1/2477 2473/1/2473 
f 2478/1/2478 2477/1/2477 2476/1/2476 2479/1/2479 
f 2477/1/2477 2478/1/2478 2480/1/2480 
f 2474/1/2474 2473/1/2473 2477/1/2477 2481/1/2481 
f 2482/1/2482 2483/1/2483 2478/1/2478 2479/1/2479 
f 2443/1/2443 2483/1/2483 2482/1/2482 2444/1/2444 
f 2450/1/2450 2484/1/2484 2483/1/2483 2443/1/2443 
f 2484/1/2484 2480/1/2480 2478/1/2478 
f 2485/1/2485 2453/1/2453 2444/1/2444 
f 2486/1/2486 2485/1/2485 2482/1/2482 2479/1/2479 
f 2476/1/2476 2487/1/2487 2488/1/2488 2479/1/2479 
f 2475/1/2475 2489/1/2489 2487/1/2487 2476/1/2476 
f 2488/1/2488 2490/1/2490 2486/1/2486 2479/1/2479 
f 2491/1/2491 2492/1/2492 2493/1/2493 2494/1/2494 
f 2494/1/2494 2493/1/2493 2495/1/2495 2496/1/2496 
f 2495/1/2495 2497/1/2497 2498/1/2498 2496/1/2496 
f 2499/1/2499 2500/1/2500 2501/1/2501 
f 2502/1/2502 2501/1/2501 2503/1/2503 
f 2502/1/2502 2504/1/2504 2496/1/2496 
f 2499/1/2499 2502/1/2502 2498/1/2498 2505/1/2505 
f 2500/1/2500 2506/1/2506 2507/1/2507 2501/1/2501 
f 2507/1/2507 2506/1/2506 2508/1/2508 
f 2509/1/2509 2510/1/2510 2507/1/2507 2511/1/2511 
f 2501/1/2501 2507/1/2507 2510/1/2510 2503/1/2503 
f 2509/1/2509 2511/1/2511 2512/1/2512 2513/1/2513 
f 2514/1/2514 2512/1/2512 2511/1/2511 2508/1/2508 
f 2515/1/2515 2516/1/2516 2512/1/2512 2514/1/2514 
f 2513/1/2513 2512/1/2512 2516/1/2516 2517/1/2517 
f 700/1/700 699/1/699 2518/1/2518 718/1/718 
f 2519/1/2519 2518/1/2518 699/1/699 702/1/702 
f 2518/1/2518 2519/1/2519 2520/1/2520 
f 718/1/718 2518/1/2518 2521/1/2521 715/1/715 
f 715/1/715 2521/1/2521 2522/1/2522 723/1/723 
f 2523/1/2523 2522/1/2522 2521/1/2521 2520/1/2520 
f 9/1/9 8/1/8 2522/1/2522 2523/1/2523 
f 723/1/723 2522/1/2522 8/1/8 7/1/7 
f 2524/1/2524 2525/1/2525 2526/1/2526 2527/1/2527 
f 2528/1/2528 2526/1/2526 2525/1/2525 2529/1/2529 
f 2530/1/2530 2531/1/2531 2532/1/2532 2533/1/2533 
f 2534/1/2534 2531/1/2531 2530/1/2530 2535/1/2535 
f 2536/1/2536 2531/1/2531 2534/1/2534 2537/1/2537 
f 2538/1/2538 2539/1/2539 2540/1/2540 2541/1/2541 
f 2542/1/2542 2540/1/2540 2539/1/2539 2543/1/2543 
f 2529/1/2529 2525/1/2525 2540/1/2540 2542/1/2542 
f 2541/1/2541 2540/1/2540 2525/1/2525 2524/1/2524 
f 2529/1/2529 2542/1/2542 2544/1/2544 2545/1/2545 
f 2546/1/2546 2544/1/2544 2542/1/2542 2543/1/2543 
f 2535/1/2535 2530/1/2530 2544/1/2544 2546/1/2546 
f 2545/1/2545 2544/1/2544 2530/1/2530 2533/1/2533 
f 2535/1/2535 2547/1/2547 2548/1/2548 2534/1/2534 
f 2549/1/2549 2548/1/2548 2547/1/2547 2550/1/2550 
f 2551/1/2551 2548/1/2548 2549/1/2549 2552/1/2552 
f 2537/1/2537 2534/1/2534 2548/1/2548 2551/1/2551 
f 2553/1/2553 2554/1/2554 2555/1/2555 
f 2555/1/2555 2550/1/2550 2547/1/2547 
f 2547/1/2547 2535/1/2535 2546/1/2546 
f 2543/1/2543 2553/1/2553 2556/1/2556 2546/1/2546 
f 2557/1/2557 2558/1/2558 2559/1/2559 
f 2560/1/2560 2557/1/2557 2561/1/2561 2562/1/2562 
f 164/1/164 171/1/171 2557/1/2557 2560/1/2560 
f 2558/1/2558 2557/1/2557 171/1/171 170/1/170 
f 170/1/170 282/1/282 2563/1/2563 2558/1/2558 
f 2564/1/2564 2563/1/2563 282/1/282 283/1/283 
f 2565/1/2565 2566/1/2566 2563/1/2563 2564/1/2564 
f 2558/1/2558 2563/1/2563 2566/1/2566 2559/1/2559 
f 2567/1/2567 2568/1/2568 2569/1/2569 2570/1/2570 
f 68/1/68 2569/1/2569 2568/1/2568 65/1/65 
f 72/1/72 156/1/156 2569/1/2569 68/1/68 
f 156/1/156 155/1/155 2570/1/2570 
f 2571/1/2571 2572/1/2572 2573/1/2573 2574/1/2574 
f 2575/1/2575 2572/1/2572 2571/1/2571 2576/1/2576 
f 1921/1/1921 1954/1/1954 2572/1/2572 2575/1/2575 
f 1946/1/1946 2573/1/2573 2572/1/2572 1954/1/1954 
f 2577/1/2577 2575/1/2575 2576/1/2576 
f 2578/1/2578 2577/1/2577 2579/1/2579 2580/1/2580 
f 1919/1/1919 1922/1/1922 2577/1/2577 2578/1/2578 
f 2575/1/2575 2577/1/2577 1922/1/1922 1921/1/1921 
f 2581/1/2581 2582/1/2582 2583/1/2583 2584/1/2584 
f 2585/1/2585 2582/1/2582 2581/1/2581 2586/1/2586 
f 1063/1/1063 1145/1/1145 2582/1/2582 2585/1/2585 
f 2583/1/2583 2582/1/2582 1145/1/1145 1144/1/1144 
f 289/1/289 2587/1/2587 2588/1/2588 288/1/288 
f 2589/1/2589 2588/1/2588 2587/1/2587 2590/1/2590 
f 2591/1/2591 2592/1/2592 2588/1/2588 2589/1/2589 
f 288/1/288 2588/1/2588 2592/1/2592 199/1/199 
f 2593/1/2593 2594/1/2594 2595/1/2595 2596/1/2596 
f 1983/1/1983 2595/1/2595 2594/1/2594 1469/1/1469 
f 1984/1/1984 2413/1/2413 2595/1/2595 1983/1/1983 
f 2596/1/2596 2595/1/2595 2413/1/2413 2412/1/2412 
f 1674/1/1674 1673/1/1673 2597/1/2597 2598/1/2598 
f 2599/1/2599 2597/1/2597 1673/1/1673 1672/1/1672 
f 2600/1/2600 2601/1/2601 2597/1/2597 2599/1/2599 
f 2598/1/2598 2597/1/2597 2601/1/2601 2602/1/2602 
f 2600/1/2600 2599/1/2599 2603/1/2603 2604/1/2604 
f 1996/1/1996 2603/1/2603 2599/1/2599 1672/1/1672 
f 1985/1/1985 2605/1/2605 2603/1/2603 1996/1/1996 
f 2604/1/2604 2603/1/2603 2605/1/2605 2606/1/2606 
f 1993/1/1993 2607/1/2607 2608/1/2608 1988/1/1988 
f 2609/1/2609 2608/1/2608 2607/1/2607 2610/1/2610 
f 2606/1/2606 2605/1/2605 2608/1/2608 2609/1/2609 
f 1988/1/1988 2608/1/2608 2605/1/2605 1985/1/1985 
f 2610/1/2610 2607/1/2607 2611/1/2611 2612/1/2612 
f 2328/1/2328 2611/1/2611 2607/1/2607 1993/1/1993 
f 2329/1/2329 2613/1/2613 2611/1/2611 2328/1/2328 
f 2612/1/2612 2611/1/2611 2613/1/2613 2614/1/2614 
f 2615/1/2615 2616/1/2616 2617/1/2617 2618/1/2618 
f 1972/1/1972 2617/1/2617 2616/1/2616 1890/1/1890 
f 1966/1/1966 2619/1/2619 2617/1/2617 1972/1/1972 
f 2618/1/2618 2617/1/2617 2619/1/2619 2620/1/2620 
f 2621/1/2621 2622/1/2622 2623/1/2623 2624/1/2624 
f 2625/1/2625 2623/1/2623 2622/1/2622 2626/1/2626 
f 1899/1/1899 1895/1/1895 2623/1/2623 2625/1/2625 
f 2624/1/2624 2623/1/2623 1895/1/1895 1894/1/1894 
f 1137/1/1137 2627/1/2627 2628/1/2628 1138/1/1138 
f 2624/1/2624 2628/1/2628 2627/1/2627 2621/1/2621 
f 1894/1/1894 1943/1/1943 2628/1/2628 2624/1/2624 
f 1138/1/1138 2628/1/2628 1943/1/1943 1139/1/1139 
f 2629/1/2629 2630/1/2630 2631/1/2631 2632/1/2632 
f 2633/1/2633 2631/1/2631 2630/1/2630 2634/1/2634 
f 2311/1/2311 2315/1/2315 2631/1/2631 2633/1/2633 
f 2632/1/2632 2631/1/2631 2315/1/2315 2314/1/2314 
f 2634/1/2634 2635/1/2635 2636/1/2636 2633/1/2633 
f 1452/1/1452 2636/1/2636 2635/1/2635 1453/1/1453 
f 1446/1/1446 2310/1/2310 2636/1/2636 1452/1/1452 
f 2633/1/2633 2636/1/2636 2310/1/2310 2311/1/2311 
f 2637/1/2637 2638/1/2638 2639/1/2639 2640/1/2640 
f 2620/1/2620 2619/1/2619 2639/1/2639 2638/1/2638 
f 1964/1/1964 2639/1/2639 2619/1/2619 1966/1/1966 
f 2640/1/2640 2639/1/2639 1964/1/1964 1908/1/1908 
f 2626/1/2626 2641/1/2641 2642/1/2642 2625/1/2625 
f 2640/1/2640 2642/1/2642 2641/1/2641 2637/1/2637 
f 1908/1/1908 1907/1/1907 2642/1/2642 2640/1/2640 
f 2625/1/2625 2642/1/2642 1907/1/1907 1899/1/1899 
f 70/1/70 2643/1/2643 2644/1/2644 69/1/69 
f 2645/1/2645 2644/1/2644 2643/1/2643 2646/1/2646 
f 56/1/56 59/1/59 2644/1/2644 2645/1/2645 
f 69/1/69 2644/1/2644 59/1/59 64/1/64 
f 2562/1/2562 2647/1/2647 2648/1/2648 2560/1/2560 
f 2649/1/2649 2648/1/2648 2647/1/2647 2650/1/2650 
f 163/1/163 2648/1/2648 2649/1/2649 165/1/165 
f 2560/1/2560 2648/1/2648 163/1/163 164/1/164 
f 2651/1/2651 2652/1/2652 2653/1/2653 2654/1/2654 
f 2655/1/2655 2652/1/2652 2651/1/2651 2656/1/2656 
f 2657/1/2657 2652/1/2652 2655/1/2655 2650/1/2650 
f 2658/1/2658 2653/1/2653 2652/1/2652 2657/1/2657 
f 2659/1/2659 2660/1/2660 2661/1/2661 2662/1/2662 
f 2657/1/2657 2661/1/2661 2660/1/2660 2658/1/2658 
f 2650/1/2650 2647/1/2647 2661/1/2661 2657/1/2657 
f 2662/1/2662 2661/1/2661 2647/1/2647 2562/1/2562 
f 2658/1/2658 2660/1/2660 2663/1/2663 2664/1/2664 
f 2665/1/2665 2663/1/2663 2660/1/2660 2659/1/2659 
f 126/1/126 125/1/125 2663/1/2663 2665/1/2665 
f 2664/1/2664 2663/1/2663 125/1/125 26/1/26 
f 2656/1/2656 2666/1/2666 2667/1/2667 2655/1/2655 
f 1781/1/1781 2667/1/2667 2666/1/2666 1782/1/1782 
f 165/1/165 2649/1/2649 2667/1/2667 1781/1/1781 
f 2655/1/2655 2667/1/2667 2649/1/2649 2650/1/2650 
f 34/1/34 2668/1/2668 2669/1/2669 29/1/29 
f 2654/1/2654 2653/1/2653 2669/1/2669 2668/1/2668 
f 2664/1/2664 2669/1/2669 2653/1/2653 2658/1/2658 
f 29/1/29 2669/1/2669 2664/1/2664 26/1/26 
f 2670/1/2670 2671/1/2671 2672/1/2672 2673/1/2673 
f 53/1/53 52/1/52 2671/1/2671 2670/1/2670 
f 2674/1/2674 2675/1/2675 2676/1/2676 2677/1/2677 
f 2678/1/2678 2676/1/2676 2675/1/2675 2679/1/2679 
f 1773/1/1773 2676/1/2676 2678/1/2678 1770/1/1770 
f 2677/1/2677 2676/1/2676 1773/1/1773 1778/1/1778 
f 2680/1/2680 2681/1/2681 2682/1/2682 2683/1/2683 
f 2684/1/2684 2682/1/2682 2681/1/2681 2685/1/2685 
f 2679/1/2679 2675/1/2675 2682/1/2682 2684/1/2684 
f 2683/1/2683 2682/1/2682 2675/1/2675 2674/1/2674 
f 2685/1/2685 2681/1/2681 2686/1/2686 2687/1/2687 
f 2688/1/2688 2686/1/2686 2681/1/2681 2680/1/2680 
f 2646/1/2646 2643/1/2643 2686/1/2686 2688/1/2688 
f 2687/1/2687 2686/1/2686 2643/1/2643 70/1/70 
f 2685/1/2685 2689/1/2689 2690/1/2690 2684/1/2684 
f 2691/1/2691 2690/1/2690 2689/1/2689 2692/1/2692 
f 2693/1/2693 2694/1/2694 2690/1/2690 2691/1/2691 
f 2684/1/2684 2690/1/2690 2694/1/2694 2679/1/2679 
f 2692/1/2692 2689/1/2689 2695/1/2695 2696/1/2696 
f 2687/1/2687 2695/1/2695 2689/1/2689 2685/1/2685 
f 70/1/70 66/1/66 2695/1/2695 2687/1/2687 
f 2696/1/2696 2695/1/2695 66/1/66 65/1/65 
f 1809/1/1809 2697/1/2697 176/1/176 177/1/177 
f 1810/1/1810 2698/1/2698 2697/1/2697 1809/1/1809 
f 2693/1/2693 2699/1/2699 2697/1/2697 2698/1/2698 
f 2699/1/2699 178/1/178 176/1/176 
f 2693/1/2693 2691/1/2691 2700/1/2700 2699/1/2699 
f 2701/1/2701 2700/1/2700 2691/1/2691 2692/1/2692 
f 2700/1/2700 2701/1/2701 2702/1/2702 
f 2699/1/2699 2700/1/2700 2703/1/2703 178/1/178 
f 2679/1/2679 2694/1/2694 2704/1/2704 2678/1/2678 
f 2698/1/2698 2704/1/2704 2694/1/2694 2693/1/2693 
f 1812/1/1812 2704/1/2704 2698/1/2698 1810/1/1810 
f 1770/1/1770 2678/1/2678 2704/1/2704 1812/1/1812 
f 2580/1/2580 2705/1/2705 2706/1/2706 2578/1/2578 
f 2707/1/2707 2706/1/2706 2705/1/2705 2708/1/2708 
f 1077/1/1077 1920/1/1920 2706/1/2706 2707/1/2707 
f 2578/1/2578 2706/1/2706 1920/1/1920 1919/1/1919 
f 2709/1/2709 2710/1/2710 2568/1/2568 2567/1/2567 
f 2709/1/2709 2702/1/2702 2701/1/2701 
f 2696/1/2696 2710/1/2710 2701/1/2701 2692/1/2692 
f 65/1/65 2568/1/2568 2710/1/2710 2696/1/2696 
f 2707/1/2707 2711/1/2711 1078/1/1078 1077/1/1077 
f 2712/1/2712 2711/1/2711 2707/1/2707 2708/1/2708 
f 2713/1/2713 2714/1/2714 2711/1/2711 2712/1/2712 
f 255/1/255 1078/1/1078 2711/1/2711 2714/1/2714 
f 2708/1/2708 2715/1/2715 2716/1/2716 2712/1/2712 
f 2717/1/2717 2716/1/2716 2715/1/2715 2718/1/2718 
f 2719/1/2719 2720/1/2720 2716/1/2716 2717/1/2717 
f 2712/1/2712 2716/1/2716 2720/1/2720 2713/1/2713 
f 2721/1/2721 2722/1/2722 2585/1/2585 2586/1/2586 
f 2723/1/2723 2722/1/2722 2721/1/2721 2724/1/2724 
f 1057/1/1057 1064/1/1064 2722/1/2722 2723/1/2723 
f 2585/1/2585 2722/1/2722 1064/1/1064 1063/1/1063 
f 227/1/227 2725/1/2725 2726/1/2726 1086/1/1086 
f 2717/1/2717 2726/1/2726 2725/1/2725 2719/1/2719 
f 2718/1/2718 2727/1/2727 2726/1/2726 2717/1/2717 
f 1086/1/1086 2726/1/2726 2727/1/2727 1083/1/1083 
f 2724/1/2724 2728/1/2728 2729/1/2729 2723/1/2723 
f 2730/1/2730 2729/1/2729 2728/1/2728 2731/1/2731 
f 252/1/252 1058/1/1058 2729/1/2729 2730/1/2730 
f 2723/1/2723 2729/1/2729 1058/1/1058 1057/1/1057 
f 2724/1/2724 2732/1/2732 2733/1/2733 2728/1/2728 
f 2734/1/2734 2733/1/2733 2732/1/2732 2735/1/2735 
f 2736/1/2736 2737/1/2737 2733/1/2733 2734/1/2734 
f 2728/1/2728 2733/1/2733 2737/1/2737 2731/1/2731 
f 243/1/243 2738/1/2738 2739/1/2739 1065/1/1065 
f 2734/1/2734 2739/1/2739 2738/1/2738 2736/1/2736 
f 2735/1/2735 2740/1/2740 2739/1/2739 2734/1/2734 
f 1065/1/1065 2739/1/2739 2740/1/2740 1067/1/1067 
f 2713/1/2713 2741/1/2741 2742/1/2742 2714/1/2714 
f 2743/1/2743 2742/1/2742 2741/1/2741 2744/1/2744 
f 260/1/260 256/1/256 2742/1/2742 2743/1/2743 
f 2714/1/2714 2742/1/2742 256/1/256 255/1/255 
f 2745/1/2745 2746/1/2746 2720/1/2720 2719/1/2719 
f 2747/1/2747 2748/1/2748 2746/1/2746 2745/1/2745 
f 2741/1/2741 2746/1/2746 2748/1/2748 2744/1/2744 
f 2720/1/2720 2746/1/2746 2741/1/2741 2713/1/2713 
f 2745/1/2745 2749/1/2749 2750/1/2750 2747/1/2747 
f 2719/1/2719 2725/1/2725 2749/1/2749 2745/1/2745 
f 225/1/225 2749/1/2749 2725/1/2725 227/1/227 
f 2750/1/2750 2749/1/2749 225/1/225 226/1/226 
f 2730/1/2730 2751/1/2751 253/1/253 252/1/252 
f 2752/1/2752 2751/1/2751 2730/1/2730 2731/1/2731 
f 2753/1/2753 2754/1/2754 2751/1/2751 2752/1/2752 
f 253/1/253 2751/1/2751 2754/1/2754 254/1/254 
f 2755/1/2755 2756/1/2756 2757/1/2757 2758/1/2758 
f 2752/1/2752 2757/1/2757 2756/1/2756 2753/1/2753 
f 2731/1/2731 2737/1/2737 2757/1/2757 2752/1/2752 
f 2758/1/2758 2757/1/2757 2737/1/2737 2736/1/2736 
f 1843/1/1843 2759/1/2759 2760/1/2760 1949/1/1949 
f 2761/1/2761 2760/1/2760 2759/1/2759 2762/1/2762 
f 2574/1/2574 2573/1/2573 2760/1/2760 2761/1/2761 
f 1949/1/1949 2760/1/2760 2573/1/2573 1946/1/1946 
f 242/1/242 2763/1/2763 2764/1/2764 241/1/241 
f 2758/1/2758 2764/1/2764 2763/1/2763 2755/1/2755 
f 2736/1/2736 2738/1/2738 2764/1/2764 2758/1/2758 
f 241/1/241 2764/1/2764 2738/1/2738 243/1/243 
f 1130/1/1130 2765/1/2765 2766/1/2766 1846/1/1846 
f 2765/1/2765 2767/1/2767 2768/1/2768 
f 2762/1/2762 2759/1/2759 2766/1/2766 2768/1/2768 
f 1846/1/1846 2766/1/2766 2759/1/2759 1843/1/1843 
f 2769/1/2769 2770/1/2770 2771/1/2771 2772/1/2772 
f 2768/1/2768 2771/1/2771 2770/1/2770 2762/1/2762 
f 2771/1/2771 2768/1/2768 2767/1/2767 
f 2772/1/2772 2771/1/2771 2773/1/2773 2774/1/2774 
f 199/1/199 2592/1/2592 2775/1/2775 200/1/200 
f 2776/1/2776 2775/1/2775 2592/1/2592 2591/1/2591 
f 2777/1/2777 2778/1/2778 2775/1/2775 2776/1/2776 
f 197/1/197 200/1/200 2775/1/2775 2778/1/2778 
f 2772/1/2772 2779/1/2779 2780/1/2780 2769/1/2769 
f 2779/1/2779 2772/1/2772 2774/1/2774 
f 1121/1/1121 1250/1/1250 2779/1/2779 2781/1/2781 
f 2780/1/2780 2779/1/2779 1250/1/1250 1249/1/1249 
f 2659/1/2659 2782/1/2782 2783/1/2783 2665/1/2665 
f 2784/1/2784 2783/1/2783 2782/1/2782 2785/1/2785 
f 2786/1/2786 2783/1/2783 2784/1/2784 2787/1/2787 
f 2665/1/2665 2783/1/2783 2786/1/2786 126/1/126 
f 2777/1/2777 2788/1/2788 2789/1/2789 2778/1/2778 
f 2570/1/2570 2789/1/2789 2788/1/2788 2567/1/2567 
f 2789/1/2789 2570/1/2570 155/1/155 
f 2778/1/2778 2789/1/2789 198/1/198 197/1/197 
f 2785/1/2785 2782/1/2782 2790/1/2790 2791/1/2791 
f 2662/1/2662 2790/1/2790 2782/1/2782 2659/1/2659 
f 2562/1/2562 2561/1/2561 2790/1/2790 2662/1/2662 
f 2791/1/2791 2790/1/2790 2561/1/2561 2559/1/2559 
f 118/1/118 2792/1/2792 2793/1/2793 121/1/121 
f 2794/1/2794 2793/1/2793 2792/1/2792 2787/1/2787 
f 322/1/322 321/1/321 2793/1/2793 2794/1/2794 
f 121/1/121 2793/1/2793 321/1/321 122/1/122 
f 2787/1/2787 2784/1/2784 2795/1/2795 2794/1/2794 
f 2785/1/2785 2796/1/2796 2795/1/2795 2784/1/2784 
f 2797/1/2797 2795/1/2795 2796/1/2796 2798/1/2798 
f 2794/1/2794 2795/1/2795 2797/1/2797 322/1/322 
f 114/1/114 127/1/127 2799/1/2799 117/1/117 
f 2786/1/2786 2799/1/2799 127/1/127 126/1/126 
f 2799/1/2799 2786/1/2786 2787/1/2787 
f 117/1/117 2799/1/2799 2792/1/2792 118/1/118 
f 2800/1/2800 2801/1/2801 2802/1/2802 2803/1/2803 
f 2804/1/2804 2802/1/2802 2801/1/2801 2805/1/2805 
f 2744/1/2744 2748/1/2748 2802/1/2802 2804/1/2804 
f 2803/1/2803 2802/1/2802 2748/1/2748 2747/1/2747 
f 2798/1/2798 2796/1/2796 2806/1/2806 2807/1/2807 
f 2796/1/2796 2785/1/2785 2791/1/2791 
f 2806/1/2806 2791/1/2791 2559/1/2559 
f 2807/1/2807 2806/1/2806 2566/1/2566 2565/1/2565 
f 317/1/317 2808/1/2808 2809/1/2809 324/1/324 
f 2803/1/2803 2809/1/2809 2808/1/2808 2800/1/2800 
f 2747/1/2747 2750/1/2750 2809/1/2809 2803/1/2803 
f 324/1/324 2809/1/2809 2750/1/2750 226/1/226 
f 1869/1/1869 2810/1/2810 2811/1/2811 1874/1/1874 
f 2812/1/2812 2811/1/2811 2810/1/2810 2805/1/2805 
f 2565/1/2565 2564/1/2564 2811/1/2811 2812/1/2812 
f 1874/1/1874 2811/1/2811 2564/1/2564 283/1/283 
f 2805/1/2805 2801/1/2801 2813/1/2813 2812/1/2812 
f 2814/1/2814 2813/1/2813 2801/1/2801 2800/1/2800 
f 2813/1/2813 2814/1/2814 2798/1/2798 
f 2807/1/2807 2565/1/2565 2812/1/2812 
f 260/1/260 2743/1/2743 2815/1/2815 1867/1/1867 
f 2804/1/2804 2815/1/2815 2743/1/2743 2744/1/2744 
f 2805/1/2805 2810/1/2810 2815/1/2815 2804/1/2804 
f 2810/1/2810 1869/1/1869 1867/1/1867 
f 322/1/322 2797/1/2797 2816/1/2816 320/1/320 
f 2814/1/2814 2816/1/2816 2797/1/2797 2798/1/2798 
f 2800/1/2800 2808/1/2808 2816/1/2816 2814/1/2814 
f 320/1/320 2816/1/2816 2808/1/2808 317/1/317 
f 289/1/289 345/1/345 2817/1/2817 2587/1/2587 
f 2818/1/2818 2817/1/2817 345/1/345 295/1/295 
f 2819/1/2819 2817/1/2817 2818/1/2818 2820/1/2820 
f 2590/1/2590 2587/1/2587 2817/1/2817 2819/1/2819 
f 2821/1/2821 2822/1/2822 2754/1/2754 2753/1/2753 
f 2820/1/2820 2818/1/2818 2822/1/2822 2821/1/2821 
f 295/1/295 294/1/294 2822/1/2822 2818/1/2818 
f 2754/1/2754 2822/1/2822 294/1/294 254/1/254 
f 2823/1/2823 2824/1/2824 2825/1/2825 2826/1/2826 
f 2827/1/2827 2825/1/2825 2824/1/2824 2828/1/2828 
f 2593/1/2593 2829/1/2829 2825/1/2825 2827/1/2827 
f 2826/1/2826 2825/1/2825 2829/1/2829 2830/1/2830 
f 2831/1/2831 2832/1/2832 2833/1/2833 2834/1/2834 
f 2835/1/2835 2833/1/2833 2832/1/2832 2823/1/2823 
f 1341/1/1341 1337/1/1337 2833/1/2833 2835/1/2835 
f 1337/1/1337 1336/1/1336 2834/1/2834 
f 1360/1/1360 2836/1/2836 2837/1/2837 1355/1/1355 
f 2838/1/2838 2837/1/2837 2836/1/2836 2828/1/2828 
f 2839/1/2839 2840/1/2840 2837/1/2837 2838/1/2838 
f 1355/1/1355 2837/1/2837 2840/1/2840 1352/1/1352 
f 2838/1/2838 2841/1/2841 2842/1/2842 2839/1/2839 
f 2828/1/2828 2824/1/2824 2841/1/2841 2838/1/2838 
f 2823/1/2823 2832/1/2832 2841/1/2841 2824/1/2824 
f 2842/1/2842 2841/1/2841 2832/1/2832 2831/1/2831 
f 1469/1/1469 2594/1/2594 2843/1/2843 1468/1/1468 
f 2827/1/2827 2843/1/2843 2594/1/2594 2593/1/2593 
f 2828/1/2828 2836/1/2836 2843/1/2843 2827/1/2827 
f 1468/1/1468 2843/1/2843 2836/1/2836 1360/1/1360 
f 2835/1/2835 2844/1/2844 1474/1/1474 1341/1/1341 
f 2826/1/2826 2844/1/2844 2835/1/2835 2823/1/2823 
f 2830/1/2830 2845/1/2845 2844/1/2844 2826/1/2826 
f 1475/1/1475 1474/1/1474 2844/1/2844 
f 2846/1/2846 1892/1/1892 1882/1/1882 
f 2847/1/2847 2846/1/2846 2848/1/2848 2849/1/2849 
f 2850/1/2850 2851/1/2851 2846/1/2846 2847/1/2847 
f 1455/1/1455 1892/1/1892 2846/1/2846 2851/1/2851 
f 1890/1/1890 2616/1/2616 2852/1/2852 1885/1/1885 
f 2853/1/2853 2852/1/2852 2616/1/2616 2615/1/2615 
f 2849/1/2849 2848/1/2848 2852/1/2852 2853/1/2853 
f 1885/1/1885 2852/1/2852 2848/1/2848 1882/1/1882 
f 2854/1/2854 2855/1/2855 2856/1/2856 2857/1/2857 
f 1383/1/1383 2856/1/2856 2855/1/2855 1154/1/1154 
f 1387/1/1387 2858/1/2858 2856/1/2856 1383/1/1383 
f 2857/1/2857 2856/1/2856 2858/1/2858 2859/1/2859 
f 1147/1/1147 1146/1/1146 2860/1/2860 2861/1/2861 
f 2855/1/2855 2860/1/2860 1146/1/1146 1154/1/1154 
f 2854/1/2854 2862/1/2862 2860/1/2860 2855/1/2855 
f 2861/1/2861 2860/1/2860 2862/1/2862 2863/1/2863 
f 2864/1/2864 2865/1/2865 2866/1/2866 2867/1/2867 
f 2868/1/2868 2866/1/2866 2865/1/2865 2869/1/2869 
f 2626/1/2626 2622/1/2622 2866/1/2866 2868/1/2868 
f 2622/1/2622 2621/1/2621 2867/1/2867 
f 2869/1/2869 2870/1/2870 2871/1/2871 2872/1/2872 
f 2857/1/2857 2871/1/2871 2870/1/2870 2854/1/2854 
f 2859/1/2859 2873/1/2873 2871/1/2871 2857/1/2857 
f 2872/1/2872 2871/1/2871 2873/1/2873 2874/1/2874 
f 2863/1/2863 2862/1/2862 2875/1/2875 2876/1/2876 
f 2870/1/2870 2875/1/2875 2862/1/2862 2854/1/2854 
f 2869/1/2869 2865/1/2865 2875/1/2875 2870/1/2870 
f 2865/1/2865 2864/1/2864 2876/1/2876 
f 2877/1/2877 2878/1/2878 2879/1/2879 2880/1/2880 
f 1826/1/1826 2879/1/2879 2878/1/2878 1708/1/1708 
f 1070/1/1070 1068/1/1068 2879/1/2879 1826/1/1826 
f 2880/1/2880 2879/1/2879 1068/1/1068 1067/1/1067 
f 2868/1/2868 2881/1/2881 2641/1/2641 2626/1/2626 
f 2872/1/2872 2881/1/2881 2868/1/2868 2869/1/2869 
f 2874/1/2874 2882/1/2882 2881/1/2881 2872/1/2872 
f 2641/1/2641 2881/1/2881 2882/1/2882 2637/1/2637 
f 2586/1/2586 2883/1/2883 2884/1/2884 2721/1/2721 
f 2885/1/2885 2884/1/2884 2883/1/2883 2886/1/2886 
f 2735/1/2735 2732/1/2732 2884/1/2884 2885/1/2885 
f 2721/1/2721 2884/1/2884 2732/1/2732 2724/1/2724 
f 1708/1/1708 2878/1/2878 2887/1/2887 1707/1/1707 
f 2888/1/2888 2887/1/2887 2878/1/2878 2877/1/2877 
f 2887/1/2887 2888/1/2888 1136/1/1136 
f 1707/1/1707 2887/1/2887 1132/1/1132 1131/1/1131 
f 2877/1/2877 2889/1/2889 2890/1/2890 2888/1/2888 
f 2891/1/2891 2890/1/2890 2889/1/2889 2886/1/2886 
f 2892/1/2892 2893/1/2893 2890/1/2890 2891/1/2891 
f 2888/1/2888 2890/1/2890 2893/1/2893 1136/1/1136 
f 2886/1/2886 2889/1/2889 2894/1/2894 2885/1/2885 
f 2880/1/2880 2894/1/2894 2889/1/2889 2877/1/2877 
f 1067/1/1067 2740/1/2740 2894/1/2894 2880/1/2880 
f 2885/1/2885 2894/1/2894 2740/1/2740 2735/1/2735 
f 2895/1/2895 2896/1/2896 2897/1/2897 2898/1/2898 
f 1098/1/1098 2897/1/2897 2896/1/2896 1095/1/1095 
f 1088/1/1088 1084/1/1084 2897/1/2897 1098/1/1098 
f 2898/1/2898 2897/1/2897 1084/1/1084 1083/1/1083 
f 2584/1/2584 2899/1/2899 2900/1/2900 2581/1/2581 
f 2899/1/2899 2892/1/2892 2891/1/2891 
f 2886/1/2886 2883/1/2883 2900/1/2900 2891/1/2891 
f 2581/1/2581 2900/1/2900 2883/1/2883 2586/1/2586 
f 2580/1/2580 2901/1/2901 2902/1/2902 2705/1/2705 
f 2903/1/2903 2902/1/2902 2901/1/2901 2904/1/2904 
f 2718/1/2718 2715/1/2715 2902/1/2902 2903/1/2903 
f 2705/1/2705 2902/1/2902 2715/1/2715 2708/1/2708 
f 1095/1/1095 2896/1/2896 2905/1/2905 1254/1/1254 
f 2906/1/2906 2905/1/2905 2896/1/2896 2895/1/2895 
f 2907/1/2907 2908/1/2908 2905/1/2905 2906/1/2906 
f 1254/1/1254 2905/1/2905 2908/1/2908 1251/1/1251 
f 2906/1/2906 2909/1/2909 2910/1/2910 2907/1/2907 
f 2895/1/2895 2911/1/2911 2909/1/2909 2906/1/2906 
f 2912/1/2912 2909/1/2909 2911/1/2911 2904/1/2904 
f 2910/1/2910 2909/1/2909 2912/1/2912 2913/1/2913 
f 2904/1/2904 2911/1/2911 2914/1/2914 2903/1/2903 
f 2898/1/2898 2914/1/2914 2911/1/2911 2895/1/2895 
f 1083/1/1083 2727/1/2727 2914/1/2914 2898/1/2898 
f 2903/1/2903 2914/1/2914 2727/1/2727 2718/1/2718 
f 2915/1/2915 2916/1/2916 2917/1/2917 2918/1/2918 
f 2919/1/2919 2917/1/2917 2916/1/2916 2920/1/2920 
f 2921/1/2921 2922/1/2922 2917/1/2917 2919/1/2919 
f 2923/1/2923 2918/1/2918 2917/1/2917 2922/1/2922 
f 2913/1/2913 2912/1/2912 2924/1/2924 2925/1/2925 
f 2901/1/2901 2924/1/2924 2912/1/2912 2904/1/2904 
f 2580/1/2580 2579/1/2579 2924/1/2924 2901/1/2901 
f 2579/1/2579 2576/1/2576 2925/1/2925 
f 1116/1/1116 2926/1/2926 2927/1/2927 1343/1/1343 
f 2918/1/2918 2927/1/2927 2926/1/2926 2915/1/2915 
f 2928/1/2928 2927/1/2927 2918/1/2918 2923/1/2923 
f 1345/1/1345 1343/1/1343 2927/1/2927 2928/1/2928 
f 1129/1/1129 2929/1/2929 2930/1/2930 1128/1/1128 
f 2931/1/2931 2930/1/2930 2929/1/2929 2920/1/2920 
f 2767/1/2767 2765/1/2765 2930/1/2930 2931/1/2931 
f 1128/1/1128 2930/1/2930 2765/1/2765 1130/1/1130 
f 2920/1/2920 2916/1/2916 2932/1/2932 2931/1/2931 
f 2933/1/2933 2932/1/2932 2916/1/2916 2915/1/2915 
f 2774/1/2774 2773/1/2773 2932/1/2932 2933/1/2933 
f 2773/1/2773 2767/1/2767 2931/1/2931 
f 2920/1/2920 2929/1/2929 2934/1/2934 2919/1/2919 
f 1762/1/1762 2934/1/2934 2929/1/2929 1129/1/1129 
f 1766/1/1766 2935/1/2935 2934/1/2934 1762/1/1762 
f 2919/1/2919 2934/1/2934 2935/1/2935 2921/1/2921 
f 2863/1/2863 2936/1/2936 2937/1/2937 2861/1/2861 
f 2938/1/2938 2937/1/2937 2936/1/2936 2939/1/2939 
f 1159/1/1159 1163/1/1163 2937/1/2937 2938/1/2938 
f 2861/1/2861 2937/1/2937 1163/1/1163 1147/1/1147 
f 2781/1/2781 2940/1/2940 1119/1/1119 1121/1/1121 
f 2933/1/2933 2940/1/2940 2781/1/2781 2774/1/2774 
f 2915/1/2915 2926/1/2926 2940/1/2940 2933/1/2933 
f 1119/1/1119 2940/1/2940 2926/1/2926 1116/1/1116 
f 1136/1/1136 2893/1/2893 2941/1/2941 1135/1/1135 
f 2942/1/2942 2941/1/2941 2893/1/2893 2892/1/2892 
f 2943/1/2943 2944/1/2944 2941/1/2941 2942/1/2942 
f 1135/1/1135 2941/1/2941 2944/1/2944 1137/1/1137 
f 2938/1/2938 2945/1/2945 1160/1/1160 1159/1/1159 
f 2946/1/2946 2945/1/2945 2938/1/2938 2939/1/2939 
f 2584/1/2584 2583/1/2583 2945/1/2945 2946/1/2946 
f 1144/1/1144 1160/1/1160 2945/1/2945 2583/1/2583 
f 2939/1/2939 2947/1/2947 2948/1/2948 2946/1/2946 
f 2942/1/2942 2948/1/2948 2947/1/2947 2943/1/2943 
f 2892/1/2892 2899/1/2899 2948/1/2948 2942/1/2942 
f 2946/1/2946 2948/1/2948 2899/1/2899 2584/1/2584 
f 2864/1/2864 2949/1/2949 2950/1/2950 2876/1/2876 
f 2950/1/2950 2949/1/2949 2943/1/2943 
f 2939/1/2939 2936/1/2936 2950/1/2950 2947/1/2947 
f 2876/1/2876 2950/1/2950 2936/1/2936 2863/1/2863 
f 2951/1/2951 1246/1/1246 1245/1/1245 
f 2952/1/2952 2951/1/2951 1274/1/1274 1273/1/1273 
f 2952/1/2952 2953/1/2953 2954/1/2954 
f 1246/1/1246 2951/1/2951 2954/1/2954 1249/1/1249 
f 2949/1/2949 2955/1/2955 2944/1/2944 2943/1/2943 
f 2867/1/2867 2955/1/2955 2949/1/2949 2864/1/2864 
f 2955/1/2955 2867/1/2867 2621/1/2621 
f 1137/1/1137 2944/1/2944 2955/1/2955 2627/1/2627 
f 2762/1/2762 2770/1/2770 2956/1/2956 2761/1/2761 
f 2957/1/2957 2956/1/2956 2770/1/2770 2769/1/2769 
f 2958/1/2958 2959/1/2959 2956/1/2956 2957/1/2957 
f 2761/1/2761 2956/1/2956 2959/1/2959 2574/1/2574 
f 2953/1/2953 2952/1/2952 2960/1/2960 2961/1/2961 
f 1285/1/1285 2960/1/2960 2952/1/2952 1273/1/1273 
f 2960/1/2960 1285/1/1285 1251/1/1251 
f 2908/1/2908 2907/1/2907 2961/1/2961 
f 2958/1/2958 2962/1/2962 2963/1/2963 2964/1/2964 
f 2961/1/2961 2963/1/2963 2962/1/2962 2953/1/2953 
f 2963/1/2963 2961/1/2961 2907/1/2907 
f 2964/1/2964 2963/1/2963 2910/1/2910 2913/1/2913 
f 2953/1/2953 2962/1/2962 2965/1/2965 2954/1/2954 
f 2957/1/2957 2965/1/2965 2962/1/2962 2958/1/2958 
f 2769/1/2769 2780/1/2780 2965/1/2965 2957/1/2957 
f 2954/1/2954 2965/1/2965 2780/1/2780 1249/1/1249 
f 2966/1/2966 2967/1/2967 2842/1/2842 2831/1/2831 
f 2968/1/2968 2967/1/2967 2966/1/2966 2969/1/2969 
f 2970/1/2970 2971/1/2971 2967/1/2967 2968/1/2968 
f 2839/1/2839 2842/1/2842 2967/1/2967 2971/1/2971 
f 2574/1/2574 2959/1/2959 2972/1/2972 2571/1/2571 
f 2964/1/2964 2972/1/2972 2959/1/2959 2958/1/2958 
f 2913/1/2913 2925/1/2925 2972/1/2972 2964/1/2964 
f 2571/1/2571 2972/1/2972 2925/1/2925 2576/1/2576 
f 2973/1/2973 2974/1/2974 1350/1/1350 1349/1/1349 
f 2969/1/2969 2966/1/2966 2974/1/2974 2973/1/2973 
f 2834/1/2834 2974/1/2974 2966/1/2966 2831/1/2831 
f 1350/1/1350 2974/1/2974 2834/1/2834 1336/1/1336 
f 2975/1/2975 2976/1/2976 1768/1/1768 1364/1/1364 
f 2970/1/2970 2977/1/2977 2976/1/2976 2975/1/2975 
f 2921/1/2921 2935/1/2935 2976/1/2976 2977/1/2977 
f 1768/1/1768 2976/1/2976 2935/1/2935 1766/1/1766 
f 2921/1/2921 2977/1/2977 2978/1/2978 2922/1/2922 
f 2968/1/2968 2978/1/2978 2977/1/2977 2970/1/2970 
f 2969/1/2969 2979/1/2979 2978/1/2978 2968/1/2968 
f 2922/1/2922 2978/1/2978 2979/1/2979 2923/1/2923 
f 2971/1/2971 2980/1/2980 2840/1/2840 2839/1/2839 
f 2975/1/2975 2980/1/2980 2971/1/2971 2970/1/2970 
f 1364/1/1364 1363/1/1363 2980/1/2980 2975/1/2975 
f 2840/1/2840 2980/1/2980 1363/1/1363 1352/1/1352 
f 2981/1/2981 2982/1/2982 2983/1/2983 2984/1/2984 
f 1391/1/1391 2983/1/2983 2982/1/2982 1388/1/1388 
f 1371/1/1371 1367/1/1367 2983/1/2983 1391/1/1391 
f 2984/1/2984 2983/1/2983 1367/1/1367 1370/1/1370 
f 1388/1/1388 2982/1/2982 2985/1/2985 1396/1/1396 
f 2986/1/2986 2985/1/2985 2982/1/2982 2981/1/2981 
f 2859/1/2859 2858/1/2858 2985/1/2985 2986/1/2986 
f 1396/1/1396 2985/1/2985 2858/1/2858 1387/1/1387 
f 2923/1/2923 2979/1/2979 2987/1/2987 2928/1/2928 
f 2973/1/2973 2987/1/2987 2979/1/2979 2969/1/2969 
f 1349/1/1349 1346/1/1346 2987/1/2987 2973/1/2973 
f 2928/1/2928 2987/1/2987 1346/1/1346 1345/1/1345 
f 2637/1/2637 2882/1/2882 2988/1/2988 2638/1/2638 
f 2989/1/2989 2988/1/2988 2882/1/2882 2874/1/2874 
f 2990/1/2990 2991/1/2991 2988/1/2988 2989/1/2989 
f 2638/1/2638 2988/1/2988 2991/1/2991 2620/1/2620 
f 2990/1/2990 2992/1/2992 2993/1/2993 2994/1/2994 
f 2984/1/2984 2993/1/2993 2992/1/2992 2981/1/2981 
f 1370/1/1370 2995/1/2995 2993/1/2993 2984/1/2984 
f 2994/1/2994 2993/1/2993 2995/1/2995 2996/1/2996 
f 2981/1/2981 2992/1/2992 2997/1/2997 2986/1/2986 
f 2989/1/2989 2997/1/2997 2992/1/2992 2990/1/2990 
f 2874/1/2874 2873/1/2873 2997/1/2997 2989/1/2989 
f 2986/1/2986 2997/1/2997 2873/1/2873 2859/1/2859 
f 2998/1/2998 2999/1/2999 3000/1/3000 3001/1/3001 
f 3002/1/3002 3000/1/3000 2999/1/2999 3003/1/3003 
f 3004/1/3004 3005/1/3005 3000/1/3000 3002/1/3002 
f 3001/1/3001 3000/1/3000 3005/1/3005 3006/1/3006 
f 2620/1/2620 2991/1/2991 3007/1/3007 2618/1/2618 
f 2994/1/2994 3007/1/3007 2991/1/2991 2990/1/2990 
f 2996/1/2996 3008/1/3008 3007/1/3007 2994/1/2994 
f 2618/1/2618 3007/1/3007 3008/1/3008 2615/1/2615 
f 3006/1/3006 3005/1/3005 3009/1/3009 3010/1/3010 
f 3011/1/3011 3009/1/3009 3005/1/3005 3004/1/3004 
f 1453/1/1453 2635/1/2635 3009/1/3009 3011/1/3011 
f 3010/1/3010 3009/1/3009 2635/1/2635 2634/1/2634 
f 2850/1/2850 3012/1/3012 3013/1/3013 2851/1/2851 
f 3014/1/3014 3013/1/3013 3012/1/3012 3003/1/3003 
f 1460/1/1460 1456/1/1456 3013/1/3013 3014/1/3014 
f 2851/1/2851 3013/1/3013 1456/1/1456 1455/1/1455 
f 2323/1/2323 2322/1/2322 3015/1/3015 3016/1/3016 
f 3014/1/3014 3015/1/3015 2322/1/2322 1460/1/1460 
f 3003/1/3003 2999/1/2999 3015/1/3015 3014/1/3014 
f 3016/1/3016 3015/1/3015 2999/1/2999 2998/1/2998 
f 1475/1/1475 3017/1/3017 3018/1/3018 1473/1/1473 
f 3019/1/3019 3018/1/3018 3017/1/3017 3020/1/3020 
f 1493/1/1493 1492/1/1492 3018/1/3018 3019/1/3019 
f 1492/1/1492 1470/1/1470 1473/1/1473 
f 3021/1/3021 3022/1/3022 3023/1/3023 3024/1/3024 
f 3025/1/3025 3023/1/3023 3022/1/3022 3026/1/3026 
f 2412/1/2412 2409/1/2409 3023/1/3023 3025/1/3025 
f 3024/1/3024 3023/1/3023 2409/1/2409 2408/1/2408 
f 3027/1/3027 3028/1/3028 2845/1/2845 2830/1/2830 
f 3029/1/3029 3028/1/3028 3027/1/3027 3026/1/3026 
f 3020/1/3020 3017/1/3017 3028/1/3028 3029/1/3029 
f 3017/1/3017 1475/1/1475 2845/1/2845 
f 2428/1/2428 2432/1/2432 3030/1/3030 3031/1/3031 
f 3019/1/3019 3030/1/3030 2432/1/2432 1493/1/1493 
f 3020/1/3020 3032/1/3032 3030/1/3030 3019/1/3019 
f 3031/1/3031 3030/1/3030 3032/1/3032 3033/1/3033 
f 3033/1/3033 3032/1/3032 3034/1/3034 3035/1/3035 
f 3029/1/3029 3034/1/3034 3032/1/3032 3020/1/3020 
f 3026/1/3026 3022/1/3022 3034/1/3034 3029/1/3029 
f 3035/1/3035 3034/1/3034 3022/1/3022 3021/1/3021 
f 2412/1/2412 3025/1/3025 3036/1/3036 2596/1/2596 
f 3026/1/3026 3027/1/3027 3036/1/3036 3025/1/3025 
f 3036/1/3036 3027/1/3027 2830/1/2830 
f 2829/1/2829 2593/1/2593 2596/1/2596 
f 3037/1/3037 3038/1/3038 3039/1/3039 3040/1/3040 
f 3041/1/3041 3039/1/3039 3038/1/3038 3042/1/3042 
f 2397/1/2397 2394/1/2394 3039/1/3039 3041/1/3041 
f 3040/1/3040 3039/1/3039 2394/1/2394 1686/1/1686 
f 3043/1/3043 3044/1/3044 3045/1/3045 3046/1/3046 
f 3047/1/3047 3045/1/3045 3044/1/3044 3048/1/3048 
f 3045/1/3045 3047/1/3047 3042/1/3042 
f 3046/1/3046 3045/1/3045 3038/1/3038 3037/1/3037 
f 3042/1/3042 3049/1/3049 3050/1/3050 3041/1/3041 
f 2415/1/2415 3050/1/3050 3049/1/3049 2416/1/2416 
f 2404/1/2404 2406/1/2406 3050/1/3050 2415/1/2415 
f 3041/1/3041 3050/1/3050 2406/1/2406 2397/1/2397 
f 3051/1/3051 3052/1/3052 3053/1/3053 3054/1/3054 
f 2305/1/2305 2304/1/2304 3053/1/3053 3052/1/3052 
f 3053/1/3053 2304/1/2304 1557/1/1557 
f 3054/1/3054 3053/1/3053 3055/1/3055 3056/1/3056 
f 3048/1/3048 3044/1/3044 3057/1/3057 3058/1/3058 
f 3059/1/3059 3057/1/3057 3044/1/3044 3043/1/3043 
f 1658/1/1658 2423/1/2423 3057/1/3057 3059/1/3059 
f 2423/1/2423 2422/1/2422 3058/1/3058 
f 3060/1/3060 3061/1/3061 3062/1/3062 3063/1/3063 
f 3054/1/3054 3062/1/3062 3061/1/3061 3051/1/3051 
f 3056/1/3056 3064/1/3064 3062/1/3062 3054/1/3054 
f 3063/1/3063 3062/1/3062 3064/1/3064 3065/1/3065 
f 3066/1/3066 3067/1/3067 3052/1/3052 3051/1/3051 
f 2632/1/2632 3067/1/3067 3066/1/3066 2629/1/2629 
f 2317/1/2317 3067/1/3067 2632/1/2632 2314/1/2314 
f 3052/1/3052 3067/1/3067 2317/1/2317 2305/1/2305 
f 3068/1/3068 3069/1/3069 3070/1/3070 3071/1/3071 
f 1565/1/1565 3070/1/3070 3069/1/3069 1556/1/1556 
f 1657/1/1657 3070/1/3070 1565/1/1565 1564/1/1564 
f 3071/1/3071 3070/1/3070 1657/1/1657 1656/1/1656 
f 1556/1/1556 3069/1/3069 3072/1/3072 1555/1/1555 
f 3069/1/3069 3068/1/3068 3073/1/3073 
f 3072/1/3072 3073/1/3073 3056/1/3056 
f 3055/1/3055 1557/1/1557 1555/1/1555 
f 3063/1/3063 3074/1/3074 3075/1/3075 3060/1/3060 
f 3065/1/3065 3076/1/3076 3074/1/3074 3063/1/3063 
f 3076/1/3076 2610/1/2610 2612/1/2612 
f 2614/1/2614 3075/1/3075 3074/1/3074 2612/1/2612 
f 3077/1/3077 3078/1/3078 3079/1/3079 3080/1/3080 
f 3081/1/3081 3079/1/3079 3078/1/3078 3082/1/3082 
f 3083/1/3083 3084/1/3084 3079/1/3079 3081/1/3081 
f 3080/1/3080 3079/1/3079 3084/1/3084 2602/1/2602 
f 3082/1/3082 3078/1/3078 3085/1/3085 3086/1/3086 
f 3087/1/3087 3085/1/3085 3078/1/3078 3077/1/3077 
f 1654/1/1654 1664/1/1664 3085/1/3085 3087/1/3087 
f 3086/1/3086 3085/1/3085 1664/1/1664 1663/1/1663 
f 1686/1/1686 1685/1/1685 3088/1/3088 3040/1/3040 
f 3089/1/3089 3088/1/3088 1685/1/1685 1678/1/1678 
f 3083/1/3083 3090/1/3090 3088/1/3088 3089/1/3089 
f 3090/1/3090 3037/1/3037 3040/1/3040 
f 3037/1/3037 3090/1/3090 3091/1/3091 3046/1/3046 
f 3081/1/3081 3091/1/3091 3090/1/3090 3083/1/3083 
f 3082/1/3082 3092/1/3092 3091/1/3091 3081/1/3081 
f 3046/1/3046 3091/1/3091 3092/1/3092 3043/1/3043 
f 3089/1/3089 3093/1/3093 3084/1/3084 3083/1/3083 
f 1677/1/1677 3093/1/3093 3089/1/3089 1678/1/1678 
f 1674/1/1674 2598/1/2598 3093/1/3093 1677/1/1677 
f 2602/1/2602 3084/1/3084 3093/1/3093 2598/1/2598 
f 3094/1/3094 3095/1/3095 3096/1/3096 3097/1/3097 
f 3098/1/3098 3099/1/3099 3095/1/3095 3094/1/3094 
f 3060/1/3060 3075/1/3075 3095/1/3095 3099/1/3099 
f 3096/1/3096 3095/1/3095 3075/1/3075 2614/1/2614 
f 3043/1/3043 3092/1/3092 3100/1/3100 3059/1/3059 
f 3086/1/3086 3100/1/3100 3092/1/3092 3082/1/3082 
f 1663/1/1663 1659/1/1659 3100/1/3100 3086/1/3086 
f 3059/1/3059 3100/1/3100 1659/1/1659 1658/1/1658 
f 3099/1/3099 3101/1/3101 3061/1/3061 3060/1/3060 
f 3102/1/3102 3101/1/3101 3099/1/3099 3098/1/3098 
f 2629/1/2629 3066/1/3066 3101/1/3101 3102/1/3102 
f 3051/1/3051 3061/1/3061 3101/1/3101 3066/1/3066 
f 2998/1/2998 3103/1/3103 3104/1/3104 3016/1/3016 
f 3105/1/3105 3104/1/3104 3103/1/3103 3097/1/3097 
f 2333/1/2333 2330/1/2330 3104/1/3104 3105/1/3105 
f 3016/1/3016 3104/1/3104 2330/1/2330 2323/1/2323 
f 3006/1/3006 3106/1/3106 3107/1/3107 3001/1/3001 
f 3094/1/3094 3107/1/3107 3106/1/3106 3098/1/3098 
f 3097/1/3097 3103/1/3103 3107/1/3107 3094/1/3094 
f 3001/1/3001 3107/1/3107 3103/1/3103 2998/1/2998 
f 2329/1/2329 2338/1/2338 3108/1/3108 2613/1/2613 
f 3105/1/3105 3108/1/3108 2338/1/2338 2333/1/2333 
f 3097/1/3097 3096/1/3096 3108/1/3108 3105/1/3105 
f 2614/1/2614 2613/1/2613 3108/1/3108 3096/1/3096 
f 2422/1/2422 3109/1/3109 3110/1/3110 3058/1/3058 
f 3111/1/3111 3110/1/3110 3109/1/3109 3112/1/3112 
f 3113/1/3113 3114/1/3114 3110/1/3110 3111/1/3111 
f 3058/1/3058 3110/1/3110 3114/1/3114 3048/1/3048 
f 3098/1/3098 3106/1/3106 3115/1/3115 3102/1/3102 
f 3010/1/3010 3115/1/3115 3106/1/3106 3006/1/3006 
f 2634/1/2634 2630/1/2630 3115/1/3115 3010/1/3010 
f 3102/1/3102 3115/1/3115 2630/1/2630 2629/1/2629 
f 3048/1/3048 3114/1/3114 3116/1/3116 3047/1/3047 
f 3117/1/3117 3116/1/3116 3114/1/3114 3113/1/3113 
f 2416/1/2416 3049/1/3049 3116/1/3116 3117/1/3117 
f 3047/1/3047 3116/1/3116 3049/1/3049 3042/1/3042 
f 3033/1/3033 3118/1/3118 3119/1/3119 3031/1/3031 
f 3120/1/3120 3119/1/3119 3118/1/3118 3112/1/3112 
f 2430/1/2430 2429/1/2429 3119/1/3119 3120/1/3120 
f 3031/1/3031 3119/1/3119 2429/1/2429 2428/1/2428 
f 3021/1/3021 3121/1/3121 3122/1/3122 3035/1/3035 
f 3111/1/3111 3122/1/3122 3121/1/3121 3113/1/3113 
f 3112/1/3112 3118/1/3118 3122/1/3122 3111/1/3111 
f 3035/1/3035 3122/1/3122 3118/1/3118 3033/1/3033 
f 2430/1/2430 3120/1/3120 3123/1/3123 2426/1/2426 
f 3112/1/3112 3109/1/3109 3123/1/3123 3120/1/3120 
f 2420/1/2420 3123/1/3123 3109/1/3109 2422/1/2422 
f 2426/1/2426 3123/1/3123 2420/1/2420 2421/1/2421 
f 3113/1/3113 3121/1/3121 3124/1/3124 3117/1/3117 
f 3024/1/3024 3124/1/3124 3121/1/3121 3021/1/3021 
f 2408/1/2408 2417/1/2417 3124/1/3124 3024/1/3024 
f 3117/1/3117 3124/1/3124 2417/1/2417 2416/1/2416 
f 3125/1/3125 3126/1/3126 3127/1/3127 
f 3126/1/3126 3125/1/3125 3128/1/3128 3129/1/3129 
f 3127/1/3127 3130/1/3130 3131/1/3131 3132/1/3132 
f 2469/1/2469 3131/1/3131 3130/1/3130 2465/1/2465 
f 3129/1/3129 3128/1/3128 3133/1/3133 3134/1/3134 
f 3134/1/3134 3133/1/3133 2492/1/2492 2491/1/2491 
f 3135/1/3135 3136/1/3136 3137/1/3137 3138/1/3138 
f 3139/1/3139 3137/1/3137 3136/1/3136 3140/1/3140 
f 186/1/186 185/1/185 3137/1/3137 3139/1/3139 
f 3138/1/3138 3137/1/3137 185/1/185 180/1/180 
f 3140/1/3140 3136/1/3136 3141/1/3141 3142/1/3142 
f 3143/1/3143 3141/1/3141 3136/1/3136 3135/1/3135 
f 2776/1/2776 3141/1/3141 3143/1/3143 2777/1/2777 
f 3142/1/3142 3141/1/3141 2776/1/2776 2591/1/2591 
f 2702/1/2702 3144/1/3144 3145/1/3145 2703/1/2703 
f 3138/1/3138 3145/1/3145 3144/1/3144 3135/1/3135 
f 180/1/180 179/1/179 3145/1/3145 3138/1/3138 
f 2703/1/2703 3145/1/3145 179/1/179 178/1/178 
f 3143/1/3143 3146/1/3146 2788/1/2788 2777/1/2777 
f 3135/1/3135 3144/1/3144 3146/1/3146 3143/1/3143 
f 3144/1/3144 2702/1/2702 2709/1/2709 
f 2567/1/2567 2788/1/2788 3146/1/3146 2709/1/2709 
f 2591/1/2591 2589/1/2589 3147/1/3147 3142/1/3142 
f 2589/1/2589 2590/1/2590 3148/1/3148 
f 3149/1/3149 3150/1/3150 3147/1/3147 3148/1/3148 
f 3142/1/3142 3147/1/3147 3150/1/3150 3140/1/3140 
f 3151/1/3151 3152/1/3152 3153/1/3153 3154/1/3154 
f 2821/1/2821 3153/1/3153 3152/1/3152 2820/1/2820 
f 2753/1/2753 2756/1/2756 3153/1/3153 2821/1/2821 
f 3154/1/3154 3153/1/3153 2756/1/2756 2755/1/2755 
f 3155/1/3155 3156/1/3156 334/1/334 190/1/190 
f 3157/1/3157 3156/1/3156 3155/1/3155 3149/1/3149 
f 3151/1/3151 3158/1/3158 3156/1/3156 3157/1/3157 
f 337/1/337 334/1/334 3156/1/3156 3158/1/3158 
f 3140/1/3140 3150/1/3150 3159/1/3159 3139/1/3139 
f 3155/1/3155 3159/1/3159 3150/1/3150 3149/1/3149 
f 190/1/190 189/1/189 3159/1/3159 3155/1/3155 
f 3139/1/3139 3159/1/3159 189/1/189 186/1/186 
f 2820/1/2820 3152/1/3152 3160/1/3160 2819/1/2819 
f 3157/1/3157 3160/1/3160 3152/1/3152 3151/1/3151 
f 3160/1/3160 3157/1/3157 3149/1/3149 
f 2819/1/2819 3160/1/3160 3148/1/3148 2590/1/2590 
f 3158/1/3158 3161/1/3161 342/1/342 337/1/337 
f 3154/1/3154 3161/1/3161 3158/1/3158 3151/1/3151 
f 2755/1/2755 2763/1/2763 3161/1/3161 3154/1/3154 
f 342/1/342 3161/1/3161 2763/1/2763 242/1/242 
f 3003/1/3003 3012/1/3012 3162/1/3162 3002/1/3002 
f 2850/1/2850 3163/1/3163 3162/1/3162 3012/1/3012 
f 3164/1/3164 3162/1/3162 3163/1/3163 3165/1/3165 
f 3002/1/3002 3162/1/3162 3164/1/3164 3004/1/3004 
f 2996/1/2996 3166/1/3166 3167/1/3167 3008/1/3008 
f 3168/1/3168 3169/1/3169 3167/1/3167 3166/1/3166 
f 2853/1/2853 3167/1/3167 3169/1/3169 2849/1/2849 
f 2615/1/2615 3008/1/3008 3167/1/3167 2853/1/2853 
f 3170/1/3170 3171/1/3171 1450/1/1450 1449/1/1449 
f 3172/1/3172 3171/1/3171 3170/1/3170 3165/1/3165 
f 3168/1/3168 3173/1/3173 3171/1/3171 3172/1/3172 
f 1450/1/1450 3171/1/3171 3173/1/3173 1375/1/1375 
f 3004/1/3004 3164/1/3164 3174/1/3174 3011/1/3011 
f 3165/1/3165 3170/1/3170 3174/1/3174 3164/1/3164 
f 3174/1/3174 3170/1/3170 1449/1/1449 
f 1454/1/1454 1453/1/1453 3011/1/3011 
f 2849/1/2849 3169/1/3169 3175/1/3175 2847/1/2847 
f 3172/1/3172 3175/1/3175 3169/1/3169 3168/1/3168 
f 3165/1/3165 3163/1/3163 3175/1/3175 3172/1/3172 
f 2847/1/2847 3175/1/3175 3163/1/3163 2850/1/2850 
f 3168/1/3168 3166/1/3166 3176/1/3176 3173/1/3173 
f 2995/1/2995 3176/1/3176 3166/1/3166 2996/1/2996 
f 3176/1/3176 2995/1/2995 1370/1/1370 
f 3173/1/3173 3176/1/3176 1369/1/1369 1375/1/1375 
f 2602/1/2602 2601/1/2601 3177/1/3177 3080/1/3080 
f 3178/1/3178 3177/1/3177 2601/1/2601 2600/1/2600 
f 3179/1/3179 3180/1/3180 3177/1/3177 3178/1/3178 
f 3080/1/3080 3177/1/3177 3180/1/3180 3077/1/3077 
f 3077/1/3077 3180/1/3180 3181/1/3181 3087/1/3087 
f 3182/1/3182 3181/1/3181 3180/1/3180 3179/1/3179 
f 1655/1/1655 3181/1/3181 3182/1/3182 1656/1/1656 
f 3087/1/3087 3181/1/3181 1655/1/1655 1654/1/1654 
f 1656/1/1656 3182/1/3182 3183/1/3183 3071/1/3071 
f 3184/1/3184 3183/1/3183 3182/1/3182 3179/1/3179 
f 3185/1/3185 3186/1/3186 3183/1/3183 3184/1/3184 
f 3071/1/3071 3183/1/3183 3186/1/3186 3068/1/3068 
f 2606/1/2606 3187/1/3187 3188/1/3188 2604/1/2604 
f 3184/1/3184 3188/1/3188 3187/1/3187 3185/1/3185 
f 3179/1/3179 3178/1/3178 3188/1/3188 3184/1/3184 
f 2604/1/2604 3188/1/3188 3178/1/3178 2600/1/2600 
f 2610/1/2610 3076/1/3076 3189/1/3189 2609/1/2609 
f 3190/1/3190 3189/1/3189 3076/1/3076 3065/1/3065 
f 3185/1/3185 3187/1/3187 3189/1/3189 3190/1/3190 
f 2609/1/2609 3189/1/3189 3187/1/3187 2606/1/2606 
f 3068/1/3068 3186/1/3186 3191/1/3191 3073/1/3073 
f 3190/1/3190 3191/1/3191 3186/1/3186 3185/1/3185 
f 3065/1/3065 3064/1/3064 3191/1/3191 3190/1/3190 
f 3073/1/3073 3191/1/3191 3064/1/3064 3056/1/3056 
f 3192/1/3192 2376/1/2376 2368/1/2368 
f 3193/1/3193 3194/1/3194 3195/1/3195 
f 2381/1/2381 2393/1/2393 3192/1/3192 3195/1/3195 
f 2376/1/2376 3192/1/3192 2393/1/2393 2373/1/2373 
f 3196/1/3196 3197/1/3197 3198/1/3198 3199/1/3199 
f 2382/1/2382 3198/1/3198 3197/1/3197 2184/1/2184 
f 3195/1/3195 3198/1/3198 2382/1/2382 2381/1/2381 
f 3194/1/3194 3199/1/3199 3198/1/3198 3195/1/3195 
f 3200/1/3200 3201/1/3201 3202/1/3202 3203/1/3203 
f 2183/1/2183 3202/1/3202 3201/1/3201 2185/1/2185 
f 2184/1/2184 3197/1/3197 3202/1/3202 2183/1/2183 
f 3203/1/3203 3202/1/3202 3197/1/3197 3196/1/3196 
f 3204/1/3204 3205/1/3205 3201/1/3201 3200/1/3200 
f 3206/1/3206 3205/1/3205 3204/1/3204 3207/1/3207 
f 2190/1/2190 2187/1/2187 3205/1/3205 3206/1/3206 
f 3201/1/3201 3205/1/3205 2187/1/2187 2185/1/2185 
f 3207/1/3207 3208/1/3208 3209/1/3209 3206/1/3206 
f 3210/1/3210 3209/1/3209 3208/1/3208 3211/1/3211 
f 2194/1/2194 2191/1/2191 3209/1/3209 3210/1/3210 
f 3206/1/3206 3209/1/3209 2191/1/2191 2190/1/2190 
f 3212/1/3212 3213/1/3213 3214/1/3214 3215/1/3215 
f 2196/1/2196 3214/1/3214 3213/1/3213 2197/1/2197 
f 2194/1/2194 3210/1/3210 3214/1/3214 2196/1/2196 
f 3215/1/3215 3214/1/3214 3210/1/3210 3211/1/3211 
f 3216/1/3216 3217/1/3217 3213/1/3213 3212/1/3212 
f 3218/1/3218 3217/1/3217 3216/1/3216 3219/1/3219 
f 2200/1/2200 3217/1/3217 3218/1/3218 2201/1/2201 
f 2197/1/2197 3213/1/3213 3217/1/3217 2200/1/2200 
f 2343/1/2343 3220/1/3220 3221/1/3221 2350/1/2350 
f 3222/1/3222 3221/1/3221 3220/1/3220 3223/1/3223 
f 2360/1/2360 2357/1/2357 3221/1/3221 3222/1/3222 
f 2350/1/2350 3221/1/3221 2357/1/2357 2347/1/2347 
f 3219/1/3219 3224/1/3224 3225/1/3225 3218/1/3218 
f 3220/1/3220 3225/1/3225 3224/1/3224 3223/1/3223 
f 2346/1/2346 3225/1/3225 3220/1/3220 2343/1/2343 
f 3218/1/3218 3225/1/3225 2346/1/2346 2201/1/2201 
f 2368/1/2368 2365/1/2365 3226/1/3226 3193/1/3193 
f 2365/1/2365 2360/1/2360 3222/1/3222 
f 3226/1/3226 3222/1/3222 3223/1/3223 
f 3227/1/3227 3194/1/3194 3193/1/3193 
f 3228/1/3228 3229/1/3229 3230/1/3230 3231/1/3231 
f 3199/1/3199 3230/1/3230 3229/1/3229 3196/1/3196 
f 3199/1/3199 3194/1/3194 3232/1/3232 
f 3233/1/3233 3231/1/3231 3230/1/3230 3232/1/3232 
f 3228/1/3228 3234/1/3234 3235/1/3235 3229/1/3229 
f 3236/1/3236 3235/1/3235 3234/1/3234 3237/1/3237 
f 3200/1/3200 3203/1/3203 3235/1/3235 3236/1/3236 
f 3196/1/3196 3229/1/3229 3235/1/3235 3203/1/3203 
f 3237/1/3237 3238/1/3238 3239/1/3239 3236/1/3236 
f 3240/1/3240 3239/1/3239 3238/1/3238 3241/1/3241 
f 3207/1/3207 3204/1/3204 3239/1/3239 3240/1/3240 
f 3236/1/3236 3239/1/3239 3204/1/3204 3200/1/3200 
f 3241/1/3241 3242/1/3242 3243/1/3243 3240/1/3240 
f 3244/1/3244 3243/1/3243 3242/1/3242 3245/1/3245 
f 3208/1/3208 3243/1/3243 3244/1/3244 3211/1/3211 
f 3240/1/3240 3243/1/3243 3208/1/3208 3207/1/3207 
f 3246/1/3246 3247/1/3247 3248/1/3248 3249/1/3249 
f 3215/1/3215 3248/1/3248 3247/1/3247 3212/1/3212 
f 3211/1/3211 3244/1/3244 3248/1/3248 3215/1/3215 
f 3249/1/3249 3248/1/3248 3244/1/3244 3245/1/3245 
f 3228/1/3228 3250/1/3250 3251/1/3251 3234/1/3234 
f 3252/1/3252 3251/1/3251 3250/1/3250 3253/1/3253 
f 3254/1/3254 3255/1/3255 3251/1/3251 3252/1/3252 
f 3234/1/3234 3251/1/3251 3255/1/3255 3237/1/3237 
f 3254/1/3254 3256/1/3256 3257/1/3257 3255/1/3255 
f 3258/1/3258 3259/1/3259 3257/1/3257 3256/1/3256 
f 3241/1/3241 3238/1/3238 3257/1/3257 3259/1/3259 
f 3255/1/3255 3257/1/3257 3238/1/3238 3237/1/3237 
f 3260/1/3260 3261/1/3261 3262/1/3262 3263/1/3263 
f 3216/1/3216 3262/1/3262 3261/1/3261 3219/1/3219 
f 3212/1/3212 3247/1/3247 3262/1/3262 3216/1/3216 
f 3263/1/3263 3262/1/3262 3247/1/3247 3246/1/3246 
f 3258/1/3258 3264/1/3264 3265/1/3265 3259/1/3259 
f 3266/1/3266 3267/1/3267 3265/1/3265 3264/1/3264 
f 3245/1/3245 3242/1/3242 3265/1/3265 3267/1/3267 
f 3259/1/3259 3265/1/3265 3242/1/3242 3241/1/3241 
f 3253/1/3253 3268/1/3268 3269/1/3269 3252/1/3252 
f 3264/1/3264 3269/1/3269 3268/1/3268 3266/1/3266 
f 3258/1/3258 3256/1/3256 3269/1/3269 3264/1/3264 
f 3252/1/3252 3269/1/3269 3256/1/3256 3254/1/3254 
f 3270/1/3270 3271/1/3271 3272/1/3272 3273/1/3273 
f 3274/1/3274 3272/1/3272 3271/1/3271 3275/1/3275 
f 3266/1/3266 3268/1/3268 3272/1/3272 3274/1/3274 
f 3273/1/3273 3272/1/3272 3268/1/3268 3253/1/3253 
f 3245/1/3245 3267/1/3267 3276/1/3276 3249/1/3249 
f 3274/1/3274 3276/1/3276 3267/1/3267 3266/1/3266 
f 3275/1/3275 3277/1/3277 3276/1/3276 3274/1/3274 
f 3249/1/3249 3276/1/3276 3277/1/3277 3246/1/3246 
f 3278/1/3278 3279/1/3279 3280/1/3280 3281/1/3281 
f 3279/1/3279 3233/1/3233 3232/1/3232 
f 3280/1/3280 3232/1/3232 3194/1/3194 
f 3281/1/3281 3280/1/3280 3227/1/3227 3223/1/3223 
f 3282/1/3282 3283/1/3283 3231/1/3231 3233/1/3233 
f 3273/1/3273 3283/1/3283 3282/1/3282 3270/1/3270 
f 3253/1/3253 3250/1/3250 3283/1/3283 3273/1/3273 
f 3231/1/3231 3283/1/3283 3250/1/3250 3228/1/3228 
f 3284/1/3284 3278/1/3278 3281/1/3281 
f 3281/1/3281 3223/1/3223 3224/1/3224 
f 3224/1/3224 3219/1/3219 3261/1/3261 
f 3261/1/3261 3260/1/3260 3284/1/3284 
f 3285/1/3285 3286/1/3286 3287/1/3287 3288/1/3288 
f 3289/1/3289 3287/1/3287 3286/1/3286 3270/1/3270 
f 3278/1/3278 3284/1/3284 3287/1/3287 3289/1/3289 
f 3288/1/3288 3287/1/3287 3284/1/3284 3260/1/3260 
f 3289/1/3289 3270/1/3270 3282/1/3282 
f 3233/1/3233 3279/1/3279 3290/1/3290 3282/1/3282 
f 3289/1/3289 3290/1/3290 3279/1/3279 3278/1/3278 
f 3275/1/3275 3271/1/3271 3291/1/3291 3292/1/3292 
f 3286/1/3286 3291/1/3291 3271/1/3271 3270/1/3270 
f 3292/1/3292 3291/1/3291 3286/1/3286 3285/1/3285 
f 3246/1/3246 3277/1/3277 3293/1/3293 3263/1/3263 
f 3292/1/3292 3293/1/3293 3277/1/3277 3275/1/3275 
f 3285/1/3285 3288/1/3288 3293/1/3293 3292/1/3292 
f 3263/1/3263 3293/1/3293 3288/1/3288 3260/1/3260 
f 3294/1/3294 3295/1/3295 3296/1/3296 3297/1/3297 
f 2523/1/2523 3295/1/3295 3294/1/3294 9/1/9 
f 3295/1/3295 2523/1/2523 2520/1/2520 
f 3298/1/3298 3296/1/3296 3295/1/3295 3299/1/3299 
f 3300/1/3300 3301/1/3301 3302/1/3302 
f 3303/1/3303 1/1/1 4/1/4 
f 9/1/9 3294/1/3294 3300/1/3300 4/1/4 
f 3297/1/3297 3301/1/3301 3300/1/3300 3294/1/3294 
f 3304/1/3304 3305/1/3305 3306/1/3306 3307/1/3307 
f 3308/1/3308 3306/1/3306 3305/1/3305 3309/1/3309 
f 3302/1/3302 3301/1/3301 3306/1/3306 3308/1/3308 
f 3307/1/3307 3306/1/3306 3301/1/3301 3297/1/3297 
f 3310/1/3310 3311/1/3311 3305/1/3305 3304/1/3304 
f 3312/1/3312 3313/1/3313 3311/1/3311 3310/1/3310 
f 3309/1/3309 3305/1/3305 3311/1/3311 3314/1/3314 
f 3315/1/3315 3316/1/3316 3317/1/3317 3318/1/3318 
f 3316/1/3316 3315/1/3315 25/1/25 
f 1/1/1 3303/1/3303 3316/1/3316 24/1/24 
f 3317/1/3317 3316/1/3316 3303/1/3303 3302/1/3302 
f 3318/1/3318 3317/1/3317 3319/1/3319 3320/1/3320 
f 3319/1/3319 3317/1/3317 3302/1/3302 
f 3308/1/3308 3309/1/3309 3321/1/3321 
f 3320/1/3320 3319/1/3319 3321/1/3321 3322/1/3322 
f 3323/1/3323 3321/1/3321 3309/1/3309 
f 3324/1/3324 3323/1/3323 54/1/54 42/1/42 
f 3322/1/3322 3321/1/3321 3323/1/3323 3324/1/3324 
f 32/1/32 35/1/35 3325/1/3325 3326/1/3326 
f 3315/1/3315 3325/1/3325 35/1/35 25/1/25 
f 3318/1/3318 3327/1/3327 3325/1/3325 3315/1/3315 
f 3326/1/3326 3325/1/3325 3327/1/3327 3328/1/3328 
f 3328/1/3328 3327/1/3327 3329/1/3329 3330/1/3330 
f 3320/1/3320 3329/1/3329 3327/1/3327 3318/1/3318 
f 3322/1/3322 3331/1/3331 3329/1/3329 3320/1/3320 
f 3330/1/3330 3329/1/3329 3331/1/3331 3332/1/3332 
f 3324/1/3324 3333/1/3333 3331/1/3331 3322/1/3322 
f 42/1/42 39/1/39 3333/1/3333 3324/1/3324 
f 3334/1/3334 3333/1/3333 39/1/39 38/1/38 
f 3332/1/3332 3331/1/3331 3333/1/3333 3334/1/3334 
f 34/1/34 33/1/33 3335/1/3335 3336/1/3336 
f 3326/1/3326 3335/1/3335 33/1/33 32/1/32 
f 3328/1/3328 3337/1/3337 3335/1/3335 3326/1/3326 
f 3336/1/3336 3335/1/3335 3337/1/3337 3338/1/3338 
f 3338/1/3338 3337/1/3337 3339/1/3339 3340/1/3340 
f 3330/1/3330 3339/1/3339 3337/1/3337 3328/1/3328 
f 3332/1/3332 3341/1/3341 3339/1/3339 3330/1/3330 
f 3340/1/3340 3339/1/3339 3341/1/3341 3342/1/3342 
f 3334/1/3334 3343/1/3343 3341/1/3341 3332/1/3332 
f 38/1/38 50/1/50 3343/1/3343 3334/1/3334 
f 3344/1/3344 3343/1/3343 50/1/50 53/1/53 
f 3342/1/3342 3341/1/3341 3343/1/3343 3344/1/3344 
f 3345/1/3345 3346/1/3346 3347/1/3347 3348/1/3348 
f 48/1/48 44/1/44 3346/1/3346 3345/1/3345 
f 3349/1/3349 3346/1/3346 44/1/44 47/1/47 
f 3350/1/3350 3347/1/3347 3346/1/3346 3349/1/3349 
f 3351/1/3351 3352/1/3352 3353/1/3353 3354/1/3354 
f 3355/1/3355 3356/1/3356 3353/1/3353 3352/1/3352 
f 1779/1/1779 3353/1/3353 3356/1/3356 1784/1/1784 
f 1782/1/1782 3354/1/3354 3353/1/3353 1779/1/1779 
f 3348/1/3348 3347/1/3347 3357/1/3357 3358/1/3358 
f 3359/1/3359 3357/1/3357 3347/1/3347 3350/1/3350 
f 3355/1/3355 3352/1/3352 3357/1/3357 3359/1/3359 
f 3358/1/3358 3357/1/3357 3352/1/3352 3351/1/3351 
f 3354/1/3354 3360/1/3360 3361/1/3361 3351/1/3351 
f 2666/1/2666 3360/1/3360 3354/1/3354 1782/1/1782 
f 3362/1/3362 3360/1/3360 2666/1/2666 2656/1/2656 
f 3363/1/3363 3361/1/3361 3360/1/3360 3362/1/3362 
f 3364/1/3364 3365/1/3365 3366/1/3366 3367/1/3367 
f 2251/1/2251 3366/1/3366 3365/1/3365 2250/1/2250 
f 1784/1/1784 3356/1/3356 3366/1/3366 2251/1/2251 
f 3367/1/3367 3366/1/3366 3356/1/3356 3355/1/3355 
f 3368/1/3368 3369/1/3369 3370/1/3370 3371/1/3371 
f 1793/1/1793 2249/1/2249 3370/1/3370 3369/1/3369 
f 2250/1/2250 3365/1/3365 3370/1/3370 2249/1/2249 
f 3371/1/3371 3370/1/3370 3365/1/3365 3364/1/3364 
f 3367/1/3367 3372/1/3372 3373/1/3373 3364/1/3364 
f 3355/1/3355 3359/1/3359 3372/1/3372 3367/1/3367 
f 3350/1/3350 3374/1/3374 3372/1/3372 3359/1/3359 
f 3375/1/3375 3373/1/3373 3372/1/3372 3374/1/3374 
f 3349/1/3349 3376/1/3376 3374/1/3374 3350/1/3350 
f 47/1/47 2434/1/2434 3376/1/3376 3349/1/3349 
f 2437/1/2437 3377/1/3377 3376/1/3376 2434/1/2434 
f 3374/1/3374 3376/1/3376 3377/1/3377 3375/1/3375 
f 3378/1/3378 3379/1/3379 3380/1/3380 3381/1/3381 
f 1788/1/1788 1787/1/1787 3379/1/3379 3378/1/3378 
f 3369/1/3369 3379/1/3379 1787/1/1787 1793/1/1793 
f 3368/1/3368 3380/1/3380 3379/1/3379 3369/1/3369 
f 3371/1/3371 3382/1/3382 3383/1/3383 3368/1/3368 
f 3364/1/3364 3373/1/3373 3382/1/3382 3371/1/3371 
f 3384/1/3384 3382/1/3382 3373/1/3373 3375/1/3375 
f 3385/1/3385 3383/1/3383 3382/1/3382 3384/1/3384 
f 3375/1/3375 3377/1/3377 3386/1/3386 3384/1/3384 
f 2440/1/2440 3386/1/3386 3377/1/3377 2437/1/2437 
f 2439/1/2439 3387/1/3387 3386/1/3386 2440/1/2440 
f 3384/1/3384 3386/1/3386 3387/1/3387 3385/1/3385 
f 3381/1/3381 3380/1/3380 3388/1/3388 3389/1/3389 
f 3383/1/3383 3388/1/3388 3380/1/3380 3368/1/3368 
f 3390/1/3390 3388/1/3388 3383/1/3383 3385/1/3385 
f 3389/1/3389 3388/1/3388 3390/1/3390 3391/1/3391 
f 3385/1/3385 3387/1/3387 3392/1/3392 3390/1/3390 
f 2471/1/2471 3392/1/3392 3387/1/3387 2439/1/2439 
f 3393/1/3393 3392/1/3392 2471/1/2471 2474/1/2474 
f 3391/1/3391 3390/1/3390 3392/1/3392 3393/1/3393 
f 3394/1/3394 3395/1/3395 1803/1/1803 
f 3378/1/3378 3394/1/3394 1802/1/1802 1788/1/1788 
f 3381/1/3381 3396/1/3396 3394/1/3394 3378/1/3378 
f 3395/1/3395 3394/1/3394 3396/1/3396 3397/1/3397 
f 3397/1/3397 3396/1/3396 3398/1/3398 3399/1/3399 
f 3389/1/3389 3398/1/3398 3396/1/3396 3381/1/3381 
f 3391/1/3391 3400/1/3400 3398/1/3398 3389/1/3389 
f 3400/1/3400 3401/1/3401 3399/1/3399 
f 3393/1/3393 3402/1/3402 3400/1/3400 3391/1/3391 
f 2474/1/2474 2481/1/2481 3402/1/3402 3393/1/3393 
f 3403/1/3403 3402/1/3402 2481/1/2481 2480/1/2480 
f 3402/1/3402 3403/1/3403 3401/1/3401 
f 3404/1/3404 3405/1/3405 3406/1/3406 3407/1/3407 
f 1776/1/1776 2057/1/2057 3405/1/3405 3404/1/3404 
f 3408/1/3408 3405/1/3405 2057/1/2057 2056/1/2056 
f 3409/1/3409 3406/1/3406 3405/1/3405 3408/1/3408 
f 2056/1/2056 2245/1/2245 3410/1/3410 3408/1/3408 
f 3395/1/3395 3410/1/3410 2245/1/2245 1803/1/1803 
f 3397/1/3397 3411/1/3411 3410/1/3410 3395/1/3395 
f 3408/1/3408 3410/1/3410 3411/1/3411 3409/1/3409 
f 3409/1/3409 3411/1/3411 3412/1/3412 3413/1/3413 
f 3399/1/3399 3412/1/3412 3411/1/3411 3397/1/3397 
f 3401/1/3401 3414/1/3414 3412/1/3412 3399/1/3399 
f 3413/1/3413 3412/1/3412 3414/1/3414 3415/1/3415 
f 3403/1/3403 3416/1/3416 3414/1/3414 3401/1/3401 
f 2480/1/2480 2484/1/2484 3416/1/3416 3403/1/3403 
f 3417/1/3417 3416/1/3416 2484/1/2484 2450/1/2450 
f 3415/1/3415 3414/1/3414 3416/1/3416 3417/1/3417 
f 3418/1/3418 3419/1/3419 3420/1/3420 3421/1/3421 
f 1777/1/1777 3420/1/3420 3419/1/3419 1778/1/1778 
f 3404/1/3404 3420/1/3420 1777/1/1777 1776/1/1776 
f 3407/1/3407 3421/1/3421 3420/1/3420 3404/1/3404 
f 3407/1/3407 3406/1/3406 3422/1/3422 3423/1/3423 
f 3413/1/3413 3422/1/3422 3406/1/3406 3409/1/3409 
f 3415/1/3415 3424/1/3424 3422/1/3422 3413/1/3413 
f 3423/1/3423 3422/1/3422 3424/1/3424 3425/1/3425 
f 3417/1/3417 3426/1/3426 3424/1/3424 3415/1/3415 
f 2450/1/2450 2449/1/2449 3426/1/3426 3417/1/3417 
f 3427/1/3427 3426/1/3426 2449/1/2449 2448/1/2448 
f 3425/1/3425 3424/1/3424 3426/1/3426 3427/1/3427 
f 3421/1/3421 3428/1/3428 3429/1/3429 3418/1/3418 
f 3423/1/3423 3428/1/3428 3421/1/3421 3407/1/3407 
f 3425/1/3425 3430/1/3430 3428/1/3428 3423/1/3423 
f 3431/1/3431 3429/1/3429 3428/1/3428 3430/1/3430 
f 3427/1/3427 3432/1/3432 3430/1/3430 3425/1/3425 
f 2448/1/2448 2457/1/2457 3432/1/3432 3427/1/3427 
f 2459/1/2459 3433/1/3433 3432/1/3432 2457/1/2457 
f 3430/1/3430 3432/1/3432 3433/1/3433 3431/1/3431 
f 2677/1/2677 3434/1/3434 3435/1/3435 2674/1/2674 
f 1778/1/1778 3419/1/3419 3434/1/3434 2677/1/2677 
f 3436/1/3436 3434/1/3434 3419/1/3419 3418/1/3418 
f 3437/1/3437 3435/1/3435 3434/1/3434 3436/1/3436 
f 3436/1/3436 3438/1/3438 3439/1/3439 3437/1/3437 
f 3418/1/3418 3429/1/3429 3438/1/3438 3436/1/3436 
f 3440/1/3440 3438/1/3438 3429/1/3429 3431/1/3431 
f 3441/1/3441 3439/1/3439 3438/1/3438 3440/1/3440 
f 3442/1/3442 3443/1/3443 3444/1/3444 3445/1/3445 
f 2683/1/2683 3444/1/3444 3443/1/3443 2680/1/2680 
f 2674/1/2674 3435/1/3435 3444/1/3444 2683/1/2683 
f 3445/1/3445 3444/1/3444 3435/1/3435 3437/1/3437 
f 3431/1/3431 3433/1/3433 3446/1/3446 3440/1/3440 
f 2466/1/2466 3446/1/3446 3433/1/3433 2459/1/2459 
f 2467/1/2467 3447/1/3447 3446/1/3446 2466/1/2466 
f 3440/1/3440 3446/1/3446 3447/1/3447 3441/1/3441 
f 61/1/61 57/1/57 3448/1/3448 3449/1/3449 
f 3450/1/3450 3448/1/3448 57/1/57 56/1/56 
f 3451/1/3451 3448/1/3448 3450/1/3450 3452/1/3452 
f 3449/1/3449 3448/1/3448 3451/1/3451 3453/1/3453 
f 3454/1/3454 2491/1/2491 2494/1/2494 
f 2494/1/2494 2496/1/2496 2504/1/2504 
f 3455/1/3455 3456/1/3456 2504/1/2504 2503/1/2503 
f 3457/1/3457 3454/1/3454 3456/1/3456 3455/1/3455 
f 3455/1/3455 3458/1/3458 3459/1/3459 3457/1/3457 
f 2503/1/2503 3460/1/3460 3458/1/3458 3455/1/3455 
f 3461/1/3461 3458/1/3458 3460/1/3460 3462/1/3462 
f 3463/1/3463 3459/1/3459 3458/1/3458 3461/1/3461 
f 3464/1/3464 3465/1/3465 3466/1/3466 
f 3467/1/3467 3129/1/3129 3134/1/3134 
f 3464/1/3464 3134/1/3134 2491/1/2491 
f 3454/1/3454 3457/1/3457 3465/1/3465 
f 3462/1/3462 3468/1/3468 3469/1/3469 3461/1/3461 
f 3451/1/3451 3469/1/3469 3468/1/3468 3453/1/3453 
f 3452/1/3452 3470/1/3470 3469/1/3469 3451/1/3451 
f 3461/1/3461 3469/1/3469 3470/1/3470 3463/1/3463 
f 82/1/82 81/1/81 3471/1/3471 3472/1/3472 
f 3449/1/3449 3471/1/3471 81/1/81 61/1/61 
f 3453/1/3453 3473/1/3473 3471/1/3471 3449/1/3449 
f 3472/1/3472 3471/1/3471 3473/1/3473 3474/1/3474 
f 3475/1/3475 3474/1/3474 3473/1/3473 
f 3453/1/3453 3468/1/3468 3476/1/3476 3473/1/3473 
f 3477/1/3477 3476/1/3476 3468/1/3468 3462/1/3462 
f 3478/1/3478 3475/1/3475 3476/1/3476 3477/1/3477 
f 3462/1/3462 3460/1/3460 3479/1/3479 3477/1/3477 
f 2510/1/2510 3479/1/3479 3460/1/3460 2503/1/2503 
f 2509/1/2509 3480/1/3480 3479/1/3479 2510/1/2510 
f 3477/1/3477 3479/1/3479 3480/1/3480 3478/1/3478 
f 696/1/696 695/1/695 3481/1/3481 3482/1/3482 
f 3472/1/3472 3481/1/3481 695/1/695 82/1/82 
f 3474/1/3474 3483/1/3483 3481/1/3481 3472/1/3472 
f 3484/1/3484 3482/1/3482 3481/1/3481 3483/1/3483 
f 3483/1/3483 3485/1/3485 3486/1/3486 3484/1/3484 
f 3485/1/3485 3483/1/3483 3474/1/3474 
f 3487/1/3487 3485/1/3485 3475/1/3475 3478/1/3478 
f 3488/1/3488 3486/1/3486 3485/1/3485 3487/1/3487 
f 3489/1/3489 3490/1/3490 3491/1/3491 3492/1/3492 
f 701/1/701 3491/1/3491 3490/1/3490 702/1/702 
f 701/1/701 696/1/696 3482/1/3482 
f 3492/1/3492 3491/1/3491 3482/1/3482 3484/1/3484 
f 3478/1/3478 3480/1/3480 3493/1/3493 3487/1/3487 
f 2513/1/2513 3493/1/3493 3480/1/3480 2509/1/2509 
f 2517/1/2517 3494/1/3494 3493/1/3493 2513/1/2513 
f 3487/1/3487 3493/1/3493 3494/1/3494 3488/1/3488 
f 3495/1/3495 3496/1/3496 3497/1/3497 
f 3310/1/3310 3495/1/3495 3498/1/3498 3312/1/3312 
f 3304/1/3304 3499/1/3499 3495/1/3495 3310/1/3310 
f 3496/1/3496 3495/1/3495 3499/1/3499 3500/1/3500 
f 2527/1/2527 3501/1/3501 3502/1/3502 2524/1/2524 
f 3503/1/3503 2517/1/2517 2516/1/2516 
f 2516/1/2516 2515/1/2515 3504/1/3504 
f 3505/1/3505 3506/1/3506 3504/1/3504 3507/1/3507 
f 3505/1/3505 3508/1/3508 3503/1/3503 
f 3307/1/3307 3509/1/3509 3499/1/3499 3304/1/3304 
f 3297/1/3297 3296/1/3296 3509/1/3509 3307/1/3307 
f 3510/1/3510 3509/1/3509 3296/1/3296 3298/1/3298 
f 3500/1/3500 3499/1/3499 3509/1/3509 3510/1/3510 
f 3511/1/3511 3512/1/3512 3508/1/3508 
f 3513/1/3513 3511/1/3511 3505/1/3505 3507/1/3507 
f 2552/1/2552 2549/1/2549 3511/1/3511 3513/1/3513 
f 2549/1/2549 2550/1/2550 3512/1/3512 
f 3514/1/3514 3515/1/3515 3516/1/3516 3517/1/3517 
f 3488/1/3488 3494/1/3494 3516/1/3516 3515/1/3515 
f 3503/1/3503 3516/1/3516 3494/1/3494 2517/1/2517 
f 3516/1/3516 3503/1/3503 3508/1/3508 
f 3518/1/3518 3519/1/3519 3520/1/3520 3521/1/3521 
f 2519/1/2519 3520/1/3520 3519/1/3519 2520/1/2520 
f 702/1/702 3490/1/3490 3520/1/3520 2519/1/2519 
f 3521/1/3521 3520/1/3520 3490/1/3490 3489/1/3489 
f 3514/1/3514 3522/1/3522 3523/1/3523 3515/1/3515 
f 3492/1/3492 3523/1/3523 3522/1/3522 3489/1/3489 
f 3484/1/3484 3486/1/3486 3523/1/3523 3492/1/3492 
f 3515/1/3515 3523/1/3523 3486/1/3486 3488/1/3488 
f 2554/1/2554 2553/1/2553 3524/1/3524 3525/1/3525 
f 2553/1/2553 2543/1/2543 2539/1/2539 
f 2538/1/2538 3526/1/3526 3524/1/3524 2539/1/2539 
f 3527/1/3527 3525/1/3525 3524/1/3524 3526/1/3526 
f 3521/1/3521 3528/1/3528 3529/1/3529 3518/1/3518 
f 3489/1/3489 3522/1/3522 3528/1/3528 3521/1/3521 
f 3530/1/3530 3528/1/3528 3522/1/3522 3514/1/3514 
f 3529/1/3529 3528/1/3528 3530/1/3530 3531/1/3531 
f 3517/1/3517 3532/1/3532 3530/1/3530 3514/1/3514 
f 3517/1/3517 3508/1/3508 3512/1/3512 
f 3533/1/3533 3532/1/3532 3512/1/3512 2550/1/2550 
f 3531/1/3531 3530/1/3530 3532/1/3532 3533/1/3533 
f 3526/1/3526 3534/1/3534 3535/1/3535 3527/1/3527 
f 3526/1/3526 2538/1/2538 2541/1/2541 
f 2524/1/2524 3502/1/3502 3534/1/3534 2541/1/2541 
f 3502/1/3502 3497/1/3497 3535/1/3535 
f 3527/1/3527 3535/1/3535 3536/1/3536 3537/1/3537 
f 3496/1/3496 3536/1/3536 3535/1/3535 3497/1/3497 
f 3500/1/3500 3538/1/3538 3536/1/3536 3496/1/3496 
f 3537/1/3537 3536/1/3536 3538/1/3538 3539/1/3539 
f 3540/1/3540 3541/1/3541 3542/1/3542 3543/1/3543 
f 3529/1/3529 3542/1/3542 3541/1/3541 3518/1/3518 
f 3531/1/3531 3544/1/3544 3542/1/3542 3529/1/3529 
f 3543/1/3543 3542/1/3542 3544/1/3544 3545/1/3545 
f 3531/1/3531 3533/1/3533 3546/1/3546 3544/1/3544 
f 2555/1/2555 3546/1/3546 3533/1/3533 2550/1/2550 
f 2554/1/2554 3547/1/3547 3546/1/3546 2555/1/2555 
f 3544/1/3544 3546/1/3546 3547/1/3547 3545/1/3545 
f 3548/1/3548 3549/1/3549 3298/1/3298 
f 3519/1/3519 3548/1/3548 3299/1/3299 2520/1/2520 
f 3518/1/3518 3541/1/3541 3548/1/3548 3519/1/3519 
f 3549/1/3549 3548/1/3548 3541/1/3541 3540/1/3540 
f 3539/1/3539 3538/1/3538 3550/1/3550 3551/1/3551 
f 3510/1/3510 3550/1/3550 3538/1/3538 3500/1/3500 
f 3298/1/3298 3549/1/3549 3550/1/3550 3510/1/3510 
f 3549/1/3549 3540/1/3540 3551/1/3551 
f 3545/1/3545 3552/1/3552 3553/1/3553 3543/1/3543 
f 3551/1/3551 3553/1/3553 3552/1/3552 3539/1/3539 
f 3543/1/3543 3553/1/3553 3551/1/3551 3540/1/3540 
f 3547/1/3547 3554/1/3554 3552/1/3552 3545/1/3545 
f 2554/1/2554 3525/1/3525 3554/1/3554 3547/1/3547 
f 3537/1/3537 3554/1/3554 3525/1/3525 3527/1/3527 
f 3539/1/3539 3552/1/3552 3554/1/3554 3537/1/3537 
f 2668/1/2668 3555/1/3555 3556/1/3556 2654/1/2654 
f 3336/1/3336 3555/1/3555 2668/1/2668 34/1/34 
f 3338/1/3338 3557/1/3557 3555/1/3555 3336/1/3336 
f 3556/1/3556 3555/1/3555 3557/1/3557 3558/1/3558 
f 3558/1/3558 3557/1/3557 3559/1/3559 3560/1/3560 
f 3340/1/3340 3559/1/3559 3557/1/3557 3338/1/3338 
f 3342/1/3342 3561/1/3561 3559/1/3559 3340/1/3340 
f 3560/1/3560 3559/1/3559 3561/1/3561 3562/1/3562 
f 3563/1/3563 3564/1/3564 3556/1/3556 3558/1/3558 
f 3362/1/3362 3564/1/3564 3563/1/3563 3363/1/3363 
f 2651/1/2651 3564/1/3564 3362/1/3362 2656/1/2656 
f 2654/1/2654 3556/1/3556 3564/1/3564 2651/1/2651 
f 3565/1/3565 3566/1/3566 49/1/49 48/1/48 
f 3567/1/3567 3568/1/3568 3566/1/3566 3565/1/3565 
f 3569/1/3569 3570/1/3570 3568/1/3568 3567/1/3567 
f 2673/1/2673 2672/1/2672 3570/1/3570 3569/1/3569 
f 3344/1/3344 3571/1/3571 3561/1/3561 3342/1/3342 
f 53/1/53 2670/1/2670 3571/1/3571 3344/1/3344 
f 3572/1/3572 3571/1/3571 2670/1/2670 2673/1/2673 
f 3562/1/3562 3561/1/3561 3571/1/3571 3572/1/3572 
f 3567/1/3567 3565/1/3565 3573/1/3573 3574/1/3574 
f 3345/1/3345 3573/1/3573 3565/1/3565 48/1/48 
f 3348/1/3348 3575/1/3575 3573/1/3573 3345/1/3345 
f 3574/1/3574 3573/1/3573 3575/1/3575 3576/1/3576 
f 3576/1/3576 3577/1/3577 3578/1/3578 3574/1/3574 
f 3572/1/3572 3578/1/3578 3577/1/3577 3562/1/3562 
f 2673/1/2673 3569/1/3569 3578/1/3578 3572/1/3572 
f 3574/1/3574 3578/1/3578 3569/1/3569 3567/1/3567 
f 3452/1/3452 3450/1/3450 3579/1/3579 3580/1/3580 
f 2645/1/2645 3579/1/3579 3450/1/3450 56/1/56 
f 2646/1/2646 3581/1/3581 3579/1/3579 2645/1/2645 
f 3580/1/3580 3579/1/3579 3581/1/3581 3582/1/3582 
f 3358/1/3358 3583/1/3583 3575/1/3575 3348/1/3348 
f 3351/1/3351 3361/1/3361 3583/1/3583 3358/1/3358 
f 3584/1/3584 3583/1/3583 3361/1/3361 3363/1/3363 
f 3576/1/3576 3575/1/3575 3583/1/3583 3584/1/3584 
f 3584/1/3584 3585/1/3585 3577/1/3577 3576/1/3576 
f 3363/1/3363 3563/1/3563 3585/1/3585 3584/1/3584 
f 3560/1/3560 3585/1/3585 3563/1/3563 3558/1/3558 
f 3562/1/3562 3577/1/3577 3585/1/3585 3560/1/3560 
f 2688/1/2688 3586/1/3586 3581/1/3581 2646/1/2646 
f 2680/1/2680 3443/1/3443 3586/1/3586 2688/1/2688 
f 3587/1/3587 3586/1/3586 3443/1/3443 3442/1/3442 
f 3582/1/3582 3581/1/3581 3586/1/3586 3587/1/3587 
f 3588/1/3588 3589/1/3589 3590/1/3590 3591/1/3591 
f 3463/1/3463 3470/1/3470 3589/1/3589 3588/1/3588 
f 3580/1/3580 3589/1/3589 3470/1/3470 3452/1/3452 
f 3582/1/3582 3590/1/3590 3589/1/3589 3580/1/3580 
f 3592/1/3592 3127/1/3127 3126/1/3126 
f 3129/1/3129 3467/1/3467 3593/1/3593 3126/1/3126 
f 3594/1/3594 3593/1/3593 3467/1/3467 3466/1/3466 
f 3593/1/3593 3594/1/3594 3595/1/3595 
f 3592/1/3592 3595/1/3595 3596/1/3596 
f 3597/1/3597 3596/1/3596 2467/1/2467 
f 3597/1/3597 2462/1/2462 2465/1/2465 
f 3597/1/3597 3130/1/3130 3127/1/3127 
f 3591/1/3591 3598/1/3598 3599/1/3599 3588/1/3588 
f 3465/1/3465 3599/1/3599 3598/1/3598 3466/1/3466 
f 3457/1/3457 3459/1/3459 3599/1/3599 3465/1/3465 
f 3588/1/3588 3599/1/3599 3459/1/3459 3463/1/3463 
f 3600/1/3600 3595/1/3595 3594/1/3594 
f 3466/1/3466 3598/1/3598 3601/1/3601 3594/1/3594 
f 3602/1/3602 3601/1/3601 3598/1/3598 3591/1/3591 
f 3603/1/3603 3600/1/3600 3601/1/3601 3602/1/3602 
f 3604/1/3604 3605/1/3605 3600/1/3600 3603/1/3603 
f 3441/1/3441 3447/1/3447 3605/1/3605 3604/1/3604 
f 3596/1/3596 3605/1/3605 3447/1/3447 2467/1/2467 
f 3605/1/3605 3596/1/3596 3595/1/3595 
f 3591/1/3591 3590/1/3590 3606/1/3606 3602/1/3602 
f 3587/1/3587 3606/1/3606 3590/1/3590 3582/1/3582 
f 3442/1/3442 3607/1/3607 3606/1/3606 3587/1/3587 
f 3602/1/3602 3606/1/3606 3607/1/3607 3603/1/3603 
f 3603/1/3603 3607/1/3607 3608/1/3608 3604/1/3604 
f 3445/1/3445 3608/1/3608 3607/1/3607 3442/1/3442 
f 3437/1/3437 3439/1/3439 3608/1/3608 3445/1/3445 
f 3604/1/3604 3608/1/3608 3439/1/3439 3441/1/3441 
f 20/1/20 21/1/21 18/1/18 
f 43/1/43 40/1/40 39/1/39 
f 103/1/103 100/1/100 99/1/99 
f 102/1/102 110/1/110 108/1/108 
f 17/1/17 112/1/112 115/1/115 
f 95/1/95 119/1/119 120/1/120 
f 101/1/101 120/1/120 123/1/123 
f 139/1/139 140/1/140 137/1/137 
f 145/1/145 147/1/147 143/1/143 
f 154/1/154 152/1/152 151/1/151 
f 155/1/155 156/1/156 152/1/152 
f 154/1/154 194/1/194 198/1/198 
f 231/1/231 1838/1/1838 229/1/229 
f 229/1/229 1838/1/1838 232/1/232 
f 230/1/230 229/1/229 234/1/234 
f 199/1/199 202/1/202 286/1/286 
f 287/1/287 286/1/286 202/1/202 
f 313/1/313 314/1/314 311/1/311 
f 333/1/333 331/1/331 233/1/233 
f 284/1/284 344/1/344 343/1/343 
f 381/1/381 380/1/380 384/1/384 
f 365/1/365 389/1/389 386/1/386 
f 401/1/401 405/1/405 404/1/404 
f 419/1/419 416/1/416 421/1/421 
f 407/1/407 429/1/429 404/1/404 
f 441/1/441 443/1/443 439/1/439 
f 467/1/467 469/1/469 465/1/465 
f 446/1/446 445/1/445 470/1/470 
f 491/1/491 495/1/495 494/1/494 
f 500/1/500 501/1/501 497/1/497 
f 506/1/506 514/1/514 510/1/510 
f 527/1/527 528/1/528 504/1/504 
f 498/1/498 528/1/528 527/1/527 
f 499/1/499 514/1/514 528/1/528 
f 504/1/504 528/1/528 514/1/514 
f 535/1/535 536/1/536 533/1/533 
f 538/1/538 533/1/533 536/1/536 
f 537/1/537 542/1/542 541/1/541 
f 542/1/542 544/1/544 471/1/471 
f 440/1/440 547/1/547 502/1/502 
f 552/1/552 557/1/557 555/1/555 
f 567/1/567 564/1/564 563/1/563 
f 577/1/577 578/1/578 573/1/573 
f 574/1/574 573/1/573 578/1/578 
f 536/1/536 593/1/593 592/1/592 
f 599/1/599 600/1/600 597/1/597 
f 543/1/543 597/1/597 600/1/600 
f 598/1/598 597/1/597 592/1/592 
f 598/1/598 603/1/603 601/1/601 
f 599/1/599 606/1/606 605/1/605 
f 600/1/600 605/1/605 549/1/549 
f 565/1/565 606/1/606 607/1/607 
f 610/1/610 607/1/607 608/1/608 
f 566/1/566 607/1/607 610/1/610 
f 618/1/618 616/1/616 615/1/615 
f 628/1/628 627/1/627 631/1/631 
f 617/1/617 634/1/634 633/1/633 
f 588/1/588 585/1/585 633/1/633 
f 623/1/623 642/1/642 634/1/634 
f 637/1/637 647/1/647 646/1/646 
f 645/1/645 646/1/646 620/1/620 
f 640/1/640 647/1/647 648/1/648 
f 635/1/635 648/1/648 647/1/647 
f 629/1/629 626/1/626 648/1/648 
f 641/1/641 648/1/648 626/1/626 
f 673/1/673 674/1/674 672/1/672 
f 203/1/203 672/1/672 674/1/674 
f 284/1/284 682/1/682 681/1/681 
f 679/1/679 682/1/682 683/1/683 
f 287/1/287 683/1/683 682/1/682 
f 204/1/204 674/1/674 683/1/683 
f 684/1/684 683/1/683 674/1/674 
f 692/1/692 697/1/697 708/1/708 
f 771/1/771 768/1/768 776/1/776 
f 816/1/816 818/1/818 501/1/501 
f 492/1/492 494/1/494 818/1/818 
f 501/1/501 818/1/818 494/1/494 
f 492/1/492 817/1/817 825/1/825 
f 830/1/830 831/1/831 828/1/828 
f 833/1/833 828/1/828 831/1/831 
f 834/1/834 835/1/835 828/1/828 
f 829/1/829 828/1/828 835/1/835 
f 839/1/839 837/1/837 836/1/836 
f 899/1/899 898/1/898 801/1/801 
f 902/1/902 897/1/897 905/1/905 
f 900/1/900 907/1/907 905/1/905 
f 877/1/877 913/1/913 912/1/912 
f 908/1/908 912/1/912 913/1/913 
f 881/1/881 878/1/878 912/1/912 
f 913/1/913 915/1/915 914/1/914 
f 914/1/914 917/1/917 916/1/916 
f 921/1/921 918/1/918 917/1/917 
f 926/1/926 927/1/927 923/1/923 
f 916/1/916 923/1/923 927/1/927 
f 945/1/945 941/1/941 952/1/952 
f 951/1/951 954/1/954 947/1/947 
f 954/1/954 955/1/955 434/1/434 
f 434/1/434 955/1/955 956/1/956 
f 378/1/378 962/1/962 961/1/961 
f 890/1/890 886/1/886 964/1/964 
f 986/1/986 987/1/987 985/1/985 
f 919/1/919 975/1/975 987/1/987 
f 985/1/985 987/1/987 975/1/975 
f 992/1/992 981/1/981 571/1/571 
f 561/1/561 983/1/983 993/1/993 
f 989/1/989 993/1/993 983/1/983 
f 972/1/972 1009/1/1009 1008/1/1008 
f 1011/1/1011 1008/1/1008 1009/1/1009 
f 1010/1/1010 1009/1/1009 1012/1/1012 
f 980/1/980 1012/1/1012 1009/1/1009 
f 966/1/966 965/1/965 1012/1/1012 
f 1013/1/1013 1012/1/1012 965/1/965 
f 1011/1/1011 1015/1/1015 1019/1/1019 
f 236/1/236 1072/1/1072 1071/1/1071 
f 1074/1/1074 1071/1/1071 1072/1/1072 
f 230/1/230 1071/1/1071 1076/1/1076 
f 1104/1/1104 1102/1/1102 1101/1/1101 
f 1112/1/1112 1109/1/1109 1108/1/1108 
f 1113/1/1113 1114/1/1114 1109/1/1109 
f 1110/1/1110 1109/1/1109 1114/1/1114 
f 1144/1/1144 1145/1/1145 1141/1/1141 
f 1148/1/1148 1150/1/1150 1146/1/1146 
f 1152/1/1152 1153/1/1153 1150/1/1150 
f 1143/1/1143 1158/1/1158 1155/1/1155 
f 1159/1/1159 1160/1/1160 1155/1/1155 
f 1156/1/1156 1162/1/1162 1161/1/1161 
f 1151/1/1151 1148/1/1148 1161/1/1161 
f 1157/1/1157 1161/1/1161 1163/1/1163 
f 902/1/902 1166/1/1166 1164/1/1164 
f 1168/1/1168 1169/1/1169 1165/1/1165 
f 1172/1/1172 1173/1/1173 1170/1/1170 
f 1158/1/1158 1170/1/1170 1173/1/1173 
f 1168/1/1168 1170/1/1170 1158/1/1158 
f 1167/1/1167 1171/1/1171 1170/1/1170 
f 1175/1/1175 1174/1/1174 1173/1/1173 
f 1162/1/1162 1174/1/1174 1177/1/1177 
f 1183/1/1183 1182/1/1182 1181/1/1181 
f 594/1/594 1185/1/1185 602/1/602 
f 1193/1/1193 1196/1/1196 1192/1/1192 
f 1197/1/1197 1200/1/1200 1199/1/1199 
f 1199/1/1199 1201/1/1201 1186/1/1186 
f 639/1/639 1201/1/1201 1199/1/1199 
f 1172/1/1172 1190/1/1190 1202/1/1202 
f 1194/1/1194 1203/1/1203 1202/1/1202 
f 1175/1/1175 1202/1/1202 1203/1/1203 
f 1211/1/1211 1214/1/1214 1218/1/1218 
f 1256/1/1256 1258/1/1258 1257/1/1257 
f 1262/1/1262 1260/1/1260 1259/1/1259 
f 1260/1/1260 1262/1/1262 1245/1/1245 
f 1265/1/1265 1267/1/1267 1263/1/1263 
f 1261/1/1261 1259/1/1259 1263/1/1263 
f 1264/1/1264 1263/1/1263 1259/1/1259 
f 1261/1/1261 1271/1/1271 1269/1/1269 
f 1276/1/1276 1278/1/1278 1272/1/1272 
f 1277/1/1277 1276/1/1276 1275/1/1275 
f 1258/1/1258 1276/1/1276 1277/1/1277 
f 1278/1/1278 1276/1/1276 1258/1/1258 
f 1280/1/1280 1279/1/1279 1277/1/1277 
f 1104/1/1104 1279/1/1279 862/1/862 
f 1273/1/1273 1270/1/1270 1284/1/1284 
f 1285/1/1285 1284/1/1284 1252/1/1252 
f 1265/1/1265 1294/1/1294 1292/1/1292 
f 1264/1/1264 1296/1/1296 1294/1/1294 
f 1299/1/1299 1293/1/1293 1295/1/1295 
f 1316/1/1316 1317/1/1317 1315/1/1315 
f 1320/1/1320 1323/1/1323 1311/1/1311 
f 1316/1/1316 1318/1/1318 1331/1/1331 
f 1332/1/1332 1335/1/1335 1317/1/1317 
f 1339/1/1339 1338/1/1338 1322/1/1322 
f 1352/1/1352 1363/1/1363 1361/1/1361 
f 1372/1/1372 1368/1/1368 1367/1/1367 
f 1393/1/1393 1390/1/1390 1389/1/1389 
f 1391/1/1391 1390/1/1390 1376/1/1376 
f 1151/1/1151 1177/1/1177 1408/1/1408 
f 1152/1/1152 1407/1/1407 1411/1/1411 
f 1416/1/1416 1415/1/1415 1203/1/1203 
f 1409/1/1409 1415/1/1415 1418/1/1418 
f 1421/1/1421 1422/1/1422 1419/1/1419 
f 1406/1/1406 1418/1/1418 1419/1/1419 
f 1424/1/1424 1426/1/1426 1402/1/1402 
f 1424/1/1424 1423/1/1423 1417/1/1417 
f 1426/1/1426 1424/1/1424 595/1/595 
f 1420/1/1420 1428/1/1428 1427/1/1427 
f 1402/1/1402 1398/1/1398 1428/1/1428 
f 1397/1/1397 1412/1/1412 1431/1/1431 
f 1422/1/1422 1432/1/1432 1410/1/1410 
f 1395/1/1395 1432/1/1432 1430/1/1430 
f 1385/1/1385 1410/1/1410 1432/1/1432 
f 1436/1/1436 1435/1/1435 1404/1/1404 
f 1373/1/1373 1381/1/1381 1438/1/1438 
f 1440/1/1440 1437/1/1437 1443/1/1443 
f 1447/1/1447 1450/1/1450 1375/1/1375 
f 1485/1/1485 1483/1/1483 1482/1/1482 
f 1486/1/1486 1487/1/1487 1483/1/1483 
f 1484/1/1484 1482/1/1482 1490/1/1490 
f 1490/1/1490 1492/1/1492 1493/1/1493 
f 1403/1/1403 1511/1/1511 1510/1/1510 
f 1508/1/1508 1510/1/1510 1511/1/1511 
f 1436/1/1436 1510/1/1510 1498/1/1498 
f 1523/1/1523 1526/1/1526 1521/1/1521 
f 1516/1/1516 1544/1/1544 1543/1/1543 
f 1536/1/1536 1543/1/1543 1544/1/1544 
f 1582/1/1582 1584/1/1584 1581/1/1581 
f 841/1/841 1584/1/1584 1583/1/1583 
f 834/1/834 1583/1/1583 1586/1/1586 
f 1587/1/1587 1586/1/1586 1583/1/1583 
f 1579/1/1579 1590/1/1590 1588/1/1588 
f 1426/1/1426 1588/1/1588 1590/1/1590 
f 535/1/535 534/1/534 1588/1/1588 
f 1589/1/1589 1588/1/1588 534/1/534 
f 1590/1/1590 1591/1/1591 1401/1/1401 
f 1595/1/1595 1592/1/1592 1593/1/1593 
f 525/1/525 1592/1/1592 1595/1/1595 
f 1571/1/1571 1578/1/1578 1596/1/1596 
f 1597/1/1597 1596/1/1596 1578/1/1578 
f 1569/1/1569 1596/1/1596 1599/1/1599 
f 508/1/508 521/1/521 1603/1/1603 
f 1595/1/1595 1603/1/1603 521/1/521 
f 509/1/509 1603/1/1603 1600/1/1600 
f 1585/1/1585 1606/1/1606 1604/1/1604 
f 1597/1/1597 1607/1/1607 1605/1/1605 
f 838/1/838 1611/1/1611 1609/1/1609 
f 1581/1/1581 1609/1/1609 1610/1/1610 
f 1618/1/1618 1614/1/1614 1613/1/1613 
f 848/1/848 1489/1/1489 1614/1/1614 
f 1622/1/1622 1620/1/1620 1619/1/1619 
f 1617/1/1617 1620/1/1620 1623/1/1623 
f 1612/1/1612 1611/1/1611 1623/1/1623 
f 1628/1/1628 1629/1/1629 1626/1/1626 
f 1628/1/1628 1627/1/1627 1616/1/1616 
f 1486/1/1486 1495/1/1495 1628/1/1628 
f 1692/1/1692 1691/1/1691 1694/1/1694 
f 1699/1/1699 1700/1/1700 1697/1/1697 
f 1712/1/1712 1710/1/1710 1709/1/1709 
f 1724/1/1724 1722/1/1722 1721/1/1721 
f 1723/1/1723 1729/1/1729 1727/1/1727 
f 1736/1/1736 1733/1/1733 1734/1/1734 
f 1239/1/1239 1733/1/1733 1736/1/1736 
f 1530/1/1530 1533/1/1533 1743/1/1743 
f 1740/1/1740 1745/1/1745 1743/1/1743 
f 1735/1/1735 1734/1/1734 1759/1/1759 
f 1789/1/1789 1799/1/1799 1797/1/1797 
f 148/1/148 147/1/147 1797/1/1797 
f 1788/1/1788 1802/1/1802 1801/1/1801 
f 1804/1/1804 1801/1/1801 1802/1/1802 
f 1817/1/1817 1815/1/1815 1814/1/1814 
f 1816/1/1816 1830/1/1830 1828/1/1828 
f 1817/1/1817 1828/1/1828 1076/1/1076 
f 1834/1/1834 1835/1/1835 1832/1/1832 
f 1831/1/1831 1837/1/1837 1836/1/1836 
f 1846/1/1846 1845/1/1845 1124/1/1124 
f 1750/1/1750 1877/1/1877 1878/1/1878 
f 1879/1/1879 1876/1/1876 1880/1/1880 
f 1881/1/1881 1880/1/1880 1744/1/1744 
f 1929/1/1929 1931/1/1931 1927/1/1927 
f 1928/1/1928 1927/1/1927 1934/1/1934 
f 1938/1/1938 1936/1/1936 1931/1/1931 
f 1937/1/1937 1936/1/1936 1760/1/1760 
f 1139/1/1139 1941/1/1941 1944/1/1944 
f 1704/1/1704 1703/1/1703 1944/1/1944 
f 1954/1/1954 1952/1/1952 1947/1/1947 
f 1955/1/1955 1957/1/1957 1934/1/1934 
f 1935/1/1935 1934/1/1934 1957/1/1957 
f 1956/1/1956 1963/1/1963 1961/1/1961 
f 1971/1/1971 1970/1/1970 1889/1/1889 
f 1975/1/1975 1976/1/1976 1973/1/1973 
f 1978/1/1978 1973/1/1973 1976/1/1976 
f 2005/1/2005 2006/1/2006 2003/1/2003 
f 2008/1/2008 2003/1/2003 2006/1/2006 
f 1695/1/1695 1700/1/1700 2003/1/2003 
f 2047/1/2047 2048/1/2048 2045/1/2045 
f 1968/1/1968 2052/1/2052 2051/1/2051 
f 2008/1/2008 2076/1/2076 1696/1/1696 
f 2002/1/2002 2001/1/2001 2076/1/2076 
f 1861/1/1861 2082/1/2082 2081/1/2081 
f 1926/1/1926 2125/1/2125 2126/1/2126 
f 2127/1/2127 2126/1/2126 2028/1/2028 
f 2129/1/2129 2128/1/2128 2122/1/2122 
f 2144/1/2144 2141/1/2141 2140/1/2140 
f 1125/1/1125 1847/1/1847 2141/1/2141 
f 2143/1/2143 2148/1/2148 2145/1/2145 
f 2153/1/2153 2152/1/2152 2140/1/2140 
f 2159/1/2159 2156/1/2156 2155/1/2155 
f 1357/1/1357 1366/1/1366 2156/1/2156 
f 2161/1/2161 2160/1/2160 2159/1/2159 
f 1467/1/1467 2169/1/2169 2172/1/2172 
f 1977/1/1977 2179/1/2179 2178/1/2178 
f 1989/1/1989 2199/1/2199 2202/1/2202 
f 1893/1/1893 2208/1/2208 2209/1/2209 
f 1971/1/1971 2216/1/2216 2054/1/2054 
f 2225/1/2225 2224/1/2224 1901/1/1901 
f 2226/1/2226 2227/1/2227 1939/1/1939 
f 1939/1/1939 2227/1/2227 2019/1/2019 
f 2229/1/2229 2228/1/2228 2223/1/2223 
f 2055/1/2055 2219/1/2219 2233/1/2233 
f 1900/1/1900 1904/1/1904 2234/1/2234 
f 1960/1/1960 2168/1/2168 2235/1/2235 
f 1935/1/1935 2238/1/2238 2239/1/2239 
f 2240/1/2240 2239/1/2239 2238/1/2238 
f 2240/1/2240 2242/1/2242 2147/1/2147 
f 1803/1/1803 2245/1/2245 2244/1/2244 
f 2061/1/2061 2246/1/2246 2244/1/2244 
f 2129/1/2129 2261/1/2261 1814/1/1814 
f 1717/1/1717 1835/1/1835 2264/1/2264 
f 325/1/325 2080/1/2080 2265/1/2265 
f 2086/1/2086 2083/1/2083 2265/1/2265 
f 332/1/332 2265/1/2265 2083/1/2083 
f 1864/1/1864 2267/1/2267 2082/1/2082 
f 2139/1/2139 2269/1/2269 2268/1/2268 
f 2274/1/2274 2272/1/2272 2271/1/2271 
f 850/1/850 849/1/849 2272/1/2272 
f 2291/1/2291 2292/1/2292 2290/1/2290 
f 836/1/836 2292/1/2292 2291/1/2291 
f 2285/1/2285 2290/1/2290 2292/1/2292 
f 2291/1/2291 2294/1/2294 1624/1/1624 
f 1624/1/1624 2294/1/2294 2271/1/2271 
f 1504/1/1504 1580/1/1580 2303/1/2303 
f 1570/1/1570 2303/1/2303 1580/1/1580 
f 2304/1/2304 2307/1/2307 1558/1/1558 
f 2306/1/2306 2307/1/2307 2304/1/2304 
f 2359/1/2359 2366/1/2366 2361/1/2361 
f 2364/1/2364 2371/1/2371 2369/1/2369 
f 2376/1/2376 2375/1/2375 2367/1/2367 
f 2431/1/2431 1496/1/1496 1484/1/1484 
f 1626/1/1626 1629/1/1629 2433/1/2433 
f 1497/1/1497 2424/1/2424 2433/1/2433 
f 2440/1/2440 2441/1/2441 2438/1/2438 
f 2444/1/2444 2446/1/2446 2442/1/2442 
f 2456/1/2456 2458/1/2458 2454/1/2454 
f 2463/1/2463 2458/1/2458 2456/1/2456 
f 2475/1/2475 2473/1/2473 2472/1/2472 
f 2470/1/2470 2472/1/2472 2471/1/2471 
f 2480/1/2480 2481/1/2481 2477/1/2477 
f 2478/1/2478 2483/1/2483 2484/1/2484 
f 2444/1/2444 2482/1/2482 2485/1/2485 
f 2501/1/2501 2502/1/2502 2499/1/2499 
f 2503/1/2503 2504/1/2504 2502/1/2502 
f 2496/1/2496 2498/1/2498 2502/1/2502 
f 2508/1/2508 2511/1/2511 2507/1/2507 
f 2520/1/2520 2521/1/2521 2518/1/2518 
f 2555/1/2555 2556/1/2556 2553/1/2553 
f 2547/1/2547 2556/1/2556 2555/1/2555 
f 2546/1/2546 2556/1/2556 2547/1/2547 
f 2559/1/2559 2561/1/2561 2557/1/2557 
f 2570/1/2570 2569/1/2569 156/1/156 
f 2576/1/2576 2579/1/2579 2577/1/2577 
f 176/1/176 2697/1/2697 2699/1/2699 
f 2702/1/2702 2703/1/2703 2700/1/2700 
f 2701/1/2701 2710/1/2710 2709/1/2709 
f 2768/1/2768 2766/1/2766 2765/1/2765 
f 2767/1/2767 2773/1/2773 2771/1/2771 
f 2774/1/2774 2781/1/2781 2779/1/2779 
f 155/1/155 198/1/198 2789/1/2789 
f 2787/1/2787 2792/1/2792 2799/1/2799 
f 2791/1/2791 2806/1/2806 2796/1/2796 
f 2559/1/2559 2566/1/2566 2806/1/2806 
f 2798/1/2798 2807/1/2807 2813/1/2813 
f 2812/1/2812 2813/1/2813 2807/1/2807 
f 1867/1/1867 2815/1/2815 2810/1/2810 
f 2834/1/2834 2833/1/2833 1337/1/1337 
f 2844/1/2844 2845/1/2845 1475/1/1475 
f 1882/1/1882 2848/1/2848 2846/1/2846 
f 2867/1/2867 2866/1/2866 2622/1/2622 
f 2876/1/2876 2875/1/2875 2865/1/2865 
f 1136/1/1136 1132/1/1132 2887/1/2887 
f 2891/1/2891 2900/1/2900 2899/1/2899 
f 2925/1/2925 2924/1/2924 2579/1/2579 
f 2931/1/2931 2932/1/2932 2773/1/2773 
f 2943/1/2943 2947/1/2947 2950/1/2950 
f 1245/1/1245 1274/1/1274 2951/1/2951 
f 2954/1/2954 2951/1/2951 2952/1/2952 
f 2621/1/2621 2627/1/2627 2955/1/2955 
f 1251/1/1251 2908/1/2908 2960/1/2960 
f 2961/1/2961 2960/1/2960 2908/1/2908 
f 2907/1/2907 2910/1/2910 2963/1/2963 
f 1473/1/1473 3018/1/3018 1492/1/1492 
f 2845/1/2845 3028/1/3028 3017/1/3017 
f 2830/1/2830 2829/1/2829 3036/1/3036 
f 2596/1/2596 3036/1/3036 2829/1/2829 
f 3042/1/3042 3038/1/3038 3045/1/3045 
f 1557/1/1557 3055/1/3055 3053/1/3053 
f 3058/1/3058 3057/1/3057 2423/1/2423 
f 3073/1/3073 3072/1/3072 3069/1/3069 
f 3056/1/3056 3055/1/3055 3072/1/3072 
f 1555/1/1555 3072/1/3072 3055/1/3055 
f 2612/1/2612 3074/1/3074 3076/1/3076 
f 3040/1/3040 3088/1/3088 3090/1/3090 
f 3127/1/3127 3132/1/3132 3125/1/3125 
f 2709/1/2709 3146/1/3146 3144/1/3144 
f 3148/1/3148 3147/1/3147 2589/1/2589 
f 3149/1/3149 3148/1/3148 3160/1/3160 
f 1449/1/1449 1454/1/1454 3174/1/3174 
f 3011/1/3011 3174/1/3174 1454/1/1454 
f 1370/1/1370 1369/1/1369 3176/1/3176 
f 2368/1/2368 3193/1/3193 3192/1/3192 
f 3195/1/3195 3192/1/3192 3193/1/3193 
f 3222/1/3222 3226/1/3226 2365/1/2365 
f 3223/1/3223 3227/1/3227 3226/1/3226 
f 3193/1/3193 3226/1/3226 3227/1/3227 
f 3232/1/3232 3230/1/3230 3199/1/3199 
f 3232/1/3232 3280/1/3280 3279/1/3279 
f 3194/1/3194 3227/1/3227 3280/1/3280 
f 3281/1/3281 3609/1/3609 3284/1/3284 
f 3224/1/3224 3609/1/3609 3281/1/3281 
f 3261/1/3261 3609/1/3609 3224/1/3224 
f 3284/1/3284 3609/1/3609 3261/1/3261 
f 3282/1/3282 3290/1/3290 3289/1/3289 
f 2520/1/2520 3299/1/3299 3295/1/3295 
f 3302/1/3302 3303/1/3303 3300/1/3300 
f 4/1/4 3300/1/3300 3303/1/3303 
f 3314/1/3314 3311/1/3311 3313/1/3313 
f 25/1/25 24/1/24 3316/1/3316 
f 3302/1/3302 3308/1/3308 3319/1/3319 
f 3321/1/3321 3319/1/3319 3308/1/3308 
f 3309/1/3309 3314/1/3314 3323/1/3323 
f 54/1/54 3323/1/3323 3314/1/3314 
f 1803/1/1803 1802/1/1802 3394/1/3394 
f 3399/1/3399 3398/1/3398 3400/1/3400 
f 3401/1/3401 3400/1/3400 3402/1/3402 
f 2494/1/2494 3456/1/3456 3454/1/3454 
f 2504/1/2504 3456/1/3456 2494/1/2494 
f 3466/1/3466 3467/1/3467 3464/1/3464 
f 3134/1/3134 3464/1/3464 3467/1/3467 
f 2491/1/2491 3454/1/3454 3464/1/3464 
f 3465/1/3465 3464/1/3464 3454/1/3454 
f 3473/1/3473 3476/1/3476 3475/1/3475 
f 3474/1/3474 3475/1/3475 3485/1/3485 
f 3482/1/3482 3491/1/3491 701/1/701 
f 3497/1/3497 3498/1/3498 3495/1/3495 
f 3497/1/3497 3502/1/3502 3501/1/3501 
f 2516/1/2516 3506/1/3506 3503/1/3503 
f 3504/1/3504 3506/1/3506 2516/1/2516 
f 3503/1/3503 3506/1/3506 3505/1/3505 
f 3508/1/3508 3505/1/3505 3511/1/3511 
f 3512/1/3512 3511/1/3511 2549/1/2549 
f 3508/1/3508 3517/1/3517 3516/1/3516 
f 2539/1/2539 3524/1/3524 2553/1/2553 
f 3512/1/3512 3532/1/3532 3517/1/3517 
f 2541/1/2541 3534/1/3534 3526/1/3526 
f 3535/1/3535 3534/1/3534 3502/1/3502 
f 3298/1/3298 3299/1/3299 3548/1/3548 
f 3551/1/3551 3550/1/3550 3549/1/3549 
f 3126/1/3126 3593/1/3593 3592/1/3592 
f 3595/1/3595 3592/1/3592 3593/1/3593 
f 3596/1/3596 3597/1/3597 3592/1/3592 
f 2467/1/2467 2462/1/2462 3597/1/3597 
f 2465/1/2465 3130/1/3130 3597/1/3597 
f 3127/1/3127 3592/1/3592 3597/1/3597 
f 3594/1/3594 3601/1/3601 3600/1/3600 
f 3595/1/3595 3600/1/3600 3605/1/3605 
# 3123 polygons - 897 triangles

