# 3ds Max Wavefront OBJ Exporter v0.99 - (c)2007 guruware
# File Created: 23.04.2025 23:36:22

mtllib Cabeza2.mtl

#
# object Cabeza2
#

v  -3.2559 -3.3861 -3.2011
v  -3.2475 -3.4019 -3.2096
v  -3.2267 -3.3899 -3.2087
v  -3.2348 -3.3762 -3.1980
v  -3.2368 -3.4170 -3.2198
v  -3.2170 -3.4034 -3.2218
v  -3.1989 -3.3855 -3.2213
v  -3.2085 -3.3744 -3.2099
v  -3.2171 -3.3629 -3.1991
v  -3.1923 -3.3365 -3.2069
v  -3.2024 -3.3481 -3.2030
v  -3.1934 -3.3566 -3.2129
v  -3.1842 -3.3365 -3.2167
v  -3.1839 -3.3632 -3.2229
v  -3.1750 -3.3378 -3.2310
v  -3.2243 -3.3520 -3.1864
v  -3.2415 -3.3641 -3.1839
v  -3.2264 -3.3445 -3.1715
v  -3.2433 -3.3582 -3.1666
v  -3.2614 -3.3682 -3.1667
v  -3.2609 -3.3728 -3.1859
v  -3.2078 -3.3378 -3.1926
v  -3.2093 -3.3278 -3.1814
v  -3.1922 -3.3247 -3.2022
v  -3.1926 -3.3110 -3.1958
v  -3.1793 -3.3158 -3.2164
v  -3.1768 -3.2975 -3.2133
v  -3.1710 -3.3101 -3.2356
v  -3.1662 -3.2855 -3.2332
v  -3.2573 -3.4265 -3.2201
v  -3.2473 -3.4445 -3.2094
v  -3.2230 -3.4346 -3.2101
v  -3.2721 -3.4469 -3.2117
v  -3.2729 -3.4315 -3.2181
v  -3.2687 -3.4744 -3.2002
v  -3.2347 -3.4644 -3.1947
v  -3.2055 -3.4541 -3.1949
v  -3.2002 -3.4199 -3.2129
v  -3.1807 -3.3992 -3.2158
v  -3.1792 -3.4386 -3.2003
v  -3.1570 -3.4159 -3.2071
v  -3.1655 -3.3731 -3.2230
v  -3.1398 -3.3861 -3.2181
v  -3.1293 -3.3527 -3.2340
v  -3.1559 -3.3435 -3.2346
v  -3.1248 -3.3163 -3.2469
v  -3.1531 -3.3109 -3.2458
v  -3.1535 -3.2807 -3.2506
v  -3.1252 -3.2762 -3.2602
v  -3.2098 -3.3448 -3.1411
v  -3.2207 -3.3423 -3.1553
v  -3.2041 -3.3213 -3.1670
v  -3.1913 -3.3225 -3.1549
v  -3.1878 -3.3014 -3.1845
v  -3.1744 -3.3000 -3.1736
v  -3.1717 -3.2849 -3.2052
v  -3.1598 -3.2788 -3.1941
v  -3.1590 -3.2706 -3.2251
v  -3.1512 -3.2599 -3.2137
v  -3.1504 -3.2611 -3.2423
v  -3.1450 -3.2473 -3.2287
v  -3.1401 -3.2519 -3.2573
v  -3.1383 -3.2355 -3.2418
v  -3.1277 -3.2351 -3.2729
v  -3.1302 -3.2189 -3.2564
v  -3.1041 -3.2490 -3.2776
v  -3.1152 -3.2113 -3.2864
v  -3.0896 -3.2203 -3.2911
v  -3.1225 -3.1976 -3.2717
v  -3.1116 -3.1827 -3.3055
v  -3.1209 -3.1720 -3.2898
v  -3.0839 -3.1882 -3.3106
v  -3.0847 -3.1541 -3.3334
v  -3.1170 -3.1525 -3.3285
v  -3.1277 -3.1439 -3.3081
v  -3.1362 -3.0730 -3.3255
v  -3.1365 -3.1110 -3.3204
v  -3.1262 -3.1170 -3.3481
v  -3.1283 -3.0755 -3.3571
v  -3.0891 -3.1163 -3.3536
v  -3.0891 -3.0756 -3.3625
v  -3.3018 -3.5309 -3.1765
v  -3.2858 -3.5408 -3.1673
v  -3.2647 -3.5183 -3.1714
v  -3.2854 -3.5037 -3.1877
v  -3.2736 -3.5536 -3.1639
v  -3.2488 -3.5369 -3.1618
v  -3.2417 -3.5004 -3.1782
v  -3.2223 -3.5233 -3.1641
v  -3.2130 -3.4892 -3.1786
v  -3.1817 -3.4783 -3.1797
v  -3.1924 -3.5148 -3.1665
v  -3.1605 -3.5054 -3.1740
v  -3.1528 -3.4629 -3.1912
v  -3.1286 -3.4395 -3.2073
v  -3.1296 -3.4892 -3.1904
v  -3.1028 -3.4636 -3.2112
v  -3.1100 -3.4067 -3.2256
v  -3.0825 -3.4270 -3.2348
v  -3.0652 -3.3863 -3.2545
v  -3.0957 -3.3688 -3.2417
v  -3.0849 -3.3303 -3.2518
v  -3.0496 -3.3485 -3.2673
v  -3.0339 -3.3130 -3.2775
v  -3.0744 -3.2943 -3.2624
v  -3.0587 -3.2626 -3.2770
v  -3.0422 -3.2297 -3.2906
v  -3.0150 -3.2789 -3.2890
v  -2.9958 -3.2430 -3.3006
v  -3.0323 -3.1926 -3.3074
v  -3.0281 -3.1538 -3.3268
v  -2.9810 -3.2023 -3.3144
v  -2.9715 -3.1595 -3.3305
v  -3.0278 -3.1129 -3.3422
v  -2.9665 -3.1157 -3.3444
v  -3.0253 -3.0704 -3.3480
v  -2.9606 -3.0711 -3.3541
v  -3.2681 -3.5663 -3.1645
v  -3.2413 -3.5551 -3.1641
v  -3.2438 -3.5681 -3.1755
v  -3.2689 -3.5760 -3.1723
v  -3.2188 -3.5606 -3.1824
v  -3.2140 -3.5455 -3.1670
v  -3.1846 -3.5387 -3.1727
v  -3.1931 -3.5539 -3.1924
v  -3.1600 -3.5474 -3.2060
v  -3.1525 -3.5299 -3.1820
v  -3.0926 -3.5047 -3.2465
v  -3.0867 -3.4858 -3.2228
v  -3.1178 -3.5134 -3.1990
v  -3.1203 -3.5291 -3.2170
v  -3.1247 -3.5372 -3.2288
v  -3.1162 -3.5327 -3.2473
v  -3.1472 -3.5482 -3.2311
v  -3.1350 -3.5473 -3.2474
v  -3.0645 -3.4449 -3.2489
v  -3.0667 -3.4566 -3.2717
v  -3.0466 -3.4111 -3.2930
v  -3.0471 -3.4009 -3.2715
v  -3.0321 -3.3616 -3.2876
v  -3.0147 -3.3260 -3.2987
v  -3.0311 -3.3702 -3.3089
v  -3.0130 -3.3339 -3.3209
v  -2.9934 -3.2917 -3.3085
v  -2.9708 -3.2554 -3.3177
v  -2.9912 -3.2995 -3.3309
v  -2.9679 -3.2640 -3.3410
v  -2.9353 -3.1783 -3.3666
v  -2.9393 -3.1685 -3.3425
v  -2.9512 -3.2137 -3.3284
v  -2.9479 -3.2230 -3.3531
v  -3.1727 -3.2739 -3.1543
v  -3.1705 -3.2890 -3.1623
v  -3.1609 -3.2642 -3.1835
v  -3.1632 -3.2500 -3.1743
v  -3.1564 -3.2431 -3.2030
v  -3.1601 -3.2276 -3.1905
v  -3.1494 -3.2508 -3.1438
v  -3.1621 -3.2600 -3.1476
v  -3.1528 -3.2405 -3.1640
v  -3.1389 -3.2355 -3.1520
v  -3.1454 -3.2207 -3.1768
v  -3.1282 -3.2165 -3.1606
v  -3.1532 -3.2281 -3.2171
v  -3.1594 -3.2097 -3.2021
v  -3.1480 -3.2149 -3.2287
v  -3.1556 -3.1946 -3.2125
v  -3.1398 -3.2040 -3.1859
v  -3.1181 -3.2008 -3.1681
v  -3.1336 -3.1886 -3.1938
v  -3.1072 -3.1869 -3.1752
v  -3.1066 -3.2045 -3.1190
v  -3.1168 -3.2110 -3.1413
v  -3.1039 -3.1935 -3.1470
v  -3.0911 -3.1842 -3.1231
v  -3.0921 -3.1774 -3.1521
v  -3.0795 -3.1648 -3.1263
v  -3.1396 -3.1997 -3.2415
v  -3.1464 -3.1804 -3.2242
v  -3.1320 -3.1814 -3.2554
v  -3.1369 -3.1653 -3.2353
v  -3.0841 -3.1529 -3.1875
v  -3.0658 -3.1412 -3.1598
v  -3.0793 -3.1600 -3.1566
v  -3.0958 -3.1710 -3.1820
v  -3.0668 -3.1454 -3.1286
v  -3.0533 -3.1251 -3.1301
v  -3.1249 -3.1728 -3.2023
v  -3.1150 -3.1568 -3.2108
v  -3.1299 -3.1593 -3.2703
v  -3.1308 -3.1463 -3.2458
v  -3.1343 -3.1336 -3.2828
v  -3.1276 -3.1235 -3.2526
v  -3.1378 -3.1037 -3.2883
v  -3.1196 -3.0989 -3.2550
v  -3.1338 -3.0691 -3.2889
v  -3.1088 -3.0696 -3.2541
v  -3.1048 -3.1393 -3.2189
v  -3.0721 -3.1333 -3.1913
v  -3.0953 -3.1190 -3.2241
v  -3.0603 -3.1129 -3.1931
v  -3.0515 -3.1209 -3.1613
v  -3.0387 -3.1035 -3.1305
v  -3.0379 -3.1000 -3.1613
v  -3.0241 -3.0821 -3.1298
v  -3.0832 -3.0983 -3.2262
v  -3.0467 -3.0940 -3.1945
v  -3.0698 -3.0733 -3.2262
v  -3.0326 -3.0725 -3.1955
v  -3.0245 -3.0806 -3.1610
v  -3.0097 -3.0627 -3.1285
v  -3.0108 -3.0597 -3.1611
v  -2.9955 -3.0419 -3.1280
v  -3.0564 -3.0410 -3.2245
v  -3.0183 -3.0451 -3.1964
v  -3.0961 -3.0328 -3.2511
v  -3.0767 -2.9932 -3.2511
v  -3.0381 -3.0045 -3.2252
v  -2.9992 -3.0128 -3.1996
v  -2.9956 -3.0349 -3.1628
v  -2.9803 -3.0170 -3.1295
v  -2.9744 -3.0053 -3.1674
v  -2.9584 -2.9875 -3.1341
v  -2.9452 -2.9681 -3.1754
v  -2.9280 -2.9501 -3.1418
v  -2.9708 -2.9755 -3.2076
v  -2.9420 -2.9351 -3.2148
v  -2.9177 -2.9243 -3.1823
v  -2.9012 -2.9043 -3.1486
v  -2.8932 -2.8558 -3.2225
v  -2.8670 -2.8372 -3.1877
v  -2.8923 -2.8825 -3.1864
v  -2.9176 -2.8969 -3.2196
v  -2.8737 -2.8608 -3.1520
v  -2.8473 -2.8130 -3.1521
v  -2.8373 -2.7845 -3.1869
v  -2.8131 -2.7599 -3.1499
v  -2.8652 -2.8054 -3.2233
v  -2.8380 -2.7500 -3.2238
v  -2.8108 -2.7261 -3.1845
v  -2.7867 -2.7003 -3.1462
v  -3.1484 -3.5527 -3.2664
v  -3.1251 -3.5316 -3.2708
v  -3.1440 -3.5291 -3.2961
v  -3.1705 -3.5528 -3.2936
v  -3.1217 -3.4963 -3.2964
v  -3.1043 -3.4991 -3.2745
v  -3.0826 -3.4577 -3.2893
v  -3.1005 -3.4562 -3.3052
v  -3.0750 -3.4188 -3.3236
v  -3.0579 -3.4163 -3.3097
v  -3.0385 -3.3766 -3.3248
v  -3.0524 -3.3815 -3.3385
v  -3.0319 -3.3441 -3.3512
v  -3.0199 -3.3393 -3.3373
v  -2.9992 -3.3037 -3.3485
v  -3.0123 -3.3070 -3.3629
v  -2.9942 -3.2689 -3.3759
v  -2.9786 -3.2671 -3.3606
v  -3.0497 -3.3468 -3.3628
v  -3.0297 -3.3091 -3.3743
v  -3.0403 -3.3175 -3.3916
v  -3.0643 -3.3533 -3.3793
v  -3.0168 -3.2803 -3.4055
v  -3.0113 -3.2704 -3.3877
v  -3.0827 -3.1809 -3.0597
v  -3.0922 -3.1979 -3.0928
v  -3.0723 -3.1757 -3.0948
v  -3.0584 -3.1570 -3.0579
v  -3.0621 -3.1516 -3.0962
v  -3.0482 -3.1293 -3.0603
v  -3.0494 -3.1308 -3.0976
v  -3.0335 -3.1087 -3.0615
v  -3.0350 -3.1109 -3.0987
v  -3.0173 -3.0900 -3.0626
v  -3.0224 -3.0875 -3.0993
v  -3.0079 -3.0650 -3.0656
v  -3.0079 -3.0656 -3.0992
v  -2.9940 -3.0434 -3.0666
v  -2.9921 -3.0475 -3.0978
v  -2.9773 -3.0263 -3.0644
v  -2.9777 -3.0264 -3.0971
v  -2.9623 -3.0045 -3.0641
v  -2.9636 -2.9993 -3.0984
v  -2.9502 -2.9738 -3.0671
v  -2.9416 -2.9674 -3.1022
v  -2.9267 -2.9399 -3.0697
v  -2.9121 -2.9272 -3.1085
v  -2.9001 -2.8956 -3.0747
v  -2.8828 -2.8805 -3.1144
v  -2.8685 -2.8483 -3.0780
v  -2.8533 -2.8354 -3.1170
v  -2.8430 -2.7988 -3.0800
v  -2.8303 -2.7836 -3.1169
v  -2.8215 -2.7454 -3.0811
v  -2.8001 -2.7277 -3.1143
v  -2.7983 -2.6876 -3.0808
v  -2.7741 -2.6698 -3.1107
v  -2.7751 -2.6325 -3.0777
v  -3.1474 -3.1916 -2.9706
v  -3.1270 -3.2319 -3.0060
v  -3.1030 -3.1862 -3.0130
v  -3.1201 -3.1419 -2.9789
v  -3.1032 -3.2150 -3.0570
v  -3.1263 -3.2548 -3.0520
v  -3.0831 -3.1466 -3.0184
v  -3.0986 -3.0991 -2.9884
v  -3.0580 -3.1194 -3.0128
v  -3.0762 -3.0670 -2.9845
v  -3.0443 -3.0913 -3.0171
v  -3.0573 -3.0404 -2.9878
v  -3.0280 -3.0700 -3.0192
v  -3.0377 -3.0197 -2.9887
v  -3.0099 -3.0520 -3.0196
v  -3.0180 -3.0018 -2.9865
v  -3.0015 -3.0278 -3.0274
v  -3.0056 -2.9813 -2.9951
v  -2.9894 -3.0066 -3.0301
v  -2.9953 -2.9611 -3.0002
v  -2.9740 -2.9880 -3.0276
v  -2.9824 -2.9405 -3.0003
v  -2.9572 -2.9655 -3.0261
v  -2.9658 -2.9160 -2.9980
v  -2.9457 -2.9325 -3.0333
v  -2.9524 -2.8833 -3.0084
v  -2.9221 -2.8963 -3.0342
v  -2.9331 -2.8443 -3.0110
v  -2.8986 -2.8496 -3.0393
v  -2.9112 -2.7969 -3.0157
v  -2.8682 -2.8005 -3.0389
v  -2.8863 -2.7456 -3.0160
v  -2.8473 -2.7476 -3.0438
v  -2.8646 -2.6928 -3.0214
v  -2.8226 -2.6961 -3.0422
v  -2.8405 -2.6424 -3.0171
v  -3.2952 -3.1865 -2.9771
v  -3.2586 -3.2446 -2.9542
v  -3.2185 -3.1918 -2.9527
v  -3.2553 -3.1375 -2.9808
v  -3.1781 -3.2470 -2.9569
v  -3.2186 -3.2986 -2.9595
v  -3.1823 -3.1386 -2.9676
v  -3.2155 -3.0896 -2.9949
v  -3.1527 -3.0887 -2.9761
v  -3.1835 -3.0435 -3.0048
v  -3.1273 -3.0471 -2.9872
v  -3.1548 -3.0045 -3.0136
v  -3.1051 -3.0143 -2.9849
v  -3.1312 -2.9727 -3.0119
v  -3.0836 -2.9888 -2.9853
v  -3.1095 -2.9474 -3.0099
v  -3.0636 -2.9671 -2.9846
v  -3.0911 -2.9243 -3.0090
v  -3.0456 -2.9466 -2.9822
v  -3.0749 -2.9031 -3.0095
v  -3.0309 -2.9272 -2.9865
v  -3.0599 -2.8841 -3.0130
v  -3.0194 -2.9086 -2.9930
v  -3.0460 -2.8653 -3.0170
v  -3.0059 -2.8883 -2.9965
v  -3.0318 -2.8444 -3.0189
v  -2.9904 -2.8633 -2.9976
v  -3.0159 -2.8206 -3.0225
v  -2.9740 -2.8333 -3.0067
v  -2.9988 -2.7920 -3.0283
v  -2.9567 -2.7948 -3.0106
v  -2.9831 -2.7549 -3.0310
v  -2.9368 -2.7477 -3.0128
v  -2.9658 -2.7087 -3.0338
v  -2.9153 -2.6960 -3.0125
v  -2.9468 -2.6581 -3.0347
v  -2.8929 -2.6449 -3.0134
v  -2.9263 -2.6079 -3.0315
v  -2.8715 -2.5955 -3.0085
v  -2.9058 -2.5598 -3.0242
v  -3.3212 -3.5241 -3.1857
v  -3.3098 -3.4918 -3.1968
v  -3.3334 -3.4863 -3.1945
v  -3.3406 -3.5204 -3.1859
v  -3.3024 -3.4612 -3.2069
v  -3.3286 -3.4478 -3.2016
v  -3.2698 -3.4088 -3.2162
v  -3.2883 -3.4195 -3.2198
v  -3.2803 -3.3911 -3.2100
v  -3.3076 -3.4009 -3.2133
v  -3.2839 -3.3762 -3.1928
v  -3.2817 -3.3755 -3.1714
v  -3.2962 -3.3818 -3.1758
v  -3.3058 -3.3823 -3.1931
v  -3.2975 -3.3902 -3.1653
v  -3.3107 -3.3969 -3.1805
v  -3.3098 -3.4096 -3.1653
v  -3.2982 -3.4013 -3.1515
v  -3.3208 -3.4166 -3.1781
v  -3.3190 -3.4053 -3.1950
v  -3.2969 -3.4372 -3.2139
v  -3.3159 -3.4237 -3.2104
v  -3.3230 -3.4172 -3.2016
v  -3.3290 -3.4288 -3.1893
v  -3.5268 -3.5922 -3.1477
v  -3.5111 -3.6022 -3.1410
v  -3.4975 -3.5838 -3.1432
v  -3.5129 -3.5712 -3.1529
v  -3.4861 -3.5964 -3.1399
v  -3.4998 -3.6135 -3.1399
v  -3.4734 -3.5786 -3.1375
v  -3.4857 -3.5645 -3.1421
v  -3.5013 -3.5490 -3.1537
v  -3.4738 -3.5466 -3.1390
v  -3.4902 -3.5283 -3.1523
v  -3.4604 -3.5617 -3.1342
v  -3.4470 -3.5450 -3.1300
v  -3.4607 -3.5297 -3.1350
v  -3.4777 -3.5088 -3.1481
v  -3.4465 -3.5135 -3.1278
v  -3.4630 -3.4904 -3.1390
v  -3.4334 -3.5283 -3.1235
v  -3.4207 -3.5124 -3.1151
v  -3.4336 -3.4983 -3.1173
v  -3.4492 -3.4742 -3.1260
v  -3.4226 -3.4844 -3.1074
v  -3.4375 -3.4603 -3.1136
v  -3.4096 -3.4981 -3.1068
v  -3.3991 -3.4828 -3.1022
v  -3.4113 -3.4697 -3.1026
v  -3.4253 -3.4466 -3.1068
v  -3.4648 -3.3558 -3.1244
v  -3.4452 -3.4072 -3.1155
v  -3.4347 -3.3919 -3.1086
v  -3.4522 -3.3415 -3.1186
v  -3.4146 -3.4321 -3.1019
v  -3.4084 -3.4223 -3.0903
v  -3.4319 -3.3811 -3.0948
v  -3.4480 -3.3309 -3.1058
v  -3.3817 -3.4512 -3.0935
v  -3.3928 -3.4418 -3.0926
v  -3.4008 -3.4542 -3.0999
v  -3.3892 -3.4663 -3.0995
v  -3.3456 -3.5830 -3.1744
v  -3.3228 -3.5582 -3.1743
v  -3.3378 -3.5543 -3.1795
v  -3.3579 -3.5815 -3.1754
v  -3.3520 -3.5515 -3.1761
v  -3.3685 -3.5798 -3.1704
v  -3.3180 -3.5815 -3.1678
v  -3.2994 -3.5701 -3.1668
v  -3.3093 -3.5633 -3.1691
v  -3.3315 -3.5830 -3.1704
v  -3.2761 -3.5787 -3.1876
v  -3.2572 -3.5711 -3.1955
v  -3.2726 -3.5738 -3.2163
v  -3.2891 -3.5801 -3.2044
v  -3.2576 -3.5677 -3.2297
v  -3.2375 -3.5632 -3.2064
v  -3.2178 -3.5577 -3.2204
v  -3.2442 -3.5639 -3.2457
v  -3.1968 -3.5555 -3.2362
v  -3.2327 -3.5633 -3.2696
v  -3.1737 -3.5560 -3.2526
v  -3.2004 -3.5615 -3.2828
v  -3.2955 -3.5789 -3.1666
v  -3.2948 -3.5842 -3.1730
v  -3.3221 -3.5917 -3.1678
v  -3.3242 -3.5967 -3.1794
v  -3.3797 -3.6061 -3.1744
v  -3.4025 -3.6297 -3.1768
v  -3.3899 -3.6278 -3.1816
v  -3.3667 -3.6053 -3.1749
v  -3.3892 -3.6044 -3.1699
v  -3.4114 -3.6281 -3.1710
v  -3.3465 -3.6007 -3.1714
v  -3.3574 -3.6113 -3.1811
v  -3.2934 -3.5841 -3.1822
v  -3.3070 -3.5865 -3.1924
v  -3.3014 -3.5803 -3.2213
v  -3.2853 -3.5758 -3.2325
v  -3.2901 -3.5882 -3.2416
v  -3.3059 -3.5925 -3.2333
v  -3.2786 -3.5865 -3.2515
v  -3.2727 -3.5725 -3.2448
v  -3.3400 -3.6015 -3.1998
v  -3.3199 -3.5879 -3.2095
v  -3.3252 -3.5999 -3.2256
v  -3.3450 -3.6119 -3.2163
v  -3.3652 -3.6181 -3.1943
v  -3.3656 -3.6286 -3.2057
v  -3.3903 -3.6349 -3.1910
v  -3.3871 -3.6474 -3.1956
v  -3.4084 -3.6517 -3.1879
v  -3.4066 -3.6670 -3.1842
v  -3.4169 -3.6549 -3.1834
v  -3.4293 -3.6857 -3.1718
v  -3.4248 -3.6561 -3.1787
v  -3.4432 -3.6829 -3.1705
v  -3.4329 -3.6538 -3.1711
v  -3.4520 -3.6785 -3.1675
v  -3.3595 -3.6860 -3.1824
v  -3.3741 -3.6650 -3.1887
v  -3.3970 -3.6838 -3.1771
v  -3.3854 -3.7040 -3.1751
v  -3.4230 -3.7057 -3.1684
v  -3.4165 -3.7246 -3.1737
v  -3.3206 -3.6585 -3.2060
v  -3.3344 -3.6347 -3.2131
v  -3.3532 -3.6485 -3.2010
v  -3.3384 -3.6710 -3.1933
v  -3.2908 -3.6409 -3.2288
v  -3.2995 -3.6158 -3.2316
v  -3.3164 -3.6238 -3.2231
v  -3.3053 -3.6487 -3.2184
v  -3.2739 -3.6092 -3.2507
v  -3.2856 -3.6109 -3.2412
v  -3.2769 -3.6346 -3.2373
v  -3.2638 -3.6306 -3.2450
v  -3.4628 -3.6616 -3.1607
v  -3.4582 -3.6705 -3.1631
v  -3.4400 -3.6479 -3.1646
v  -3.4462 -3.6407 -3.1611
v  -3.4200 -3.6236 -3.1651
v  -3.4279 -3.6177 -3.1617
v  -3.4878 -3.6265 -3.1424
v  -3.4741 -3.6091 -3.1433
v  -3.4639 -3.6198 -3.1477
v  -3.4774 -3.6386 -3.1459
v  -3.4496 -3.6004 -3.1472
v  -3.4606 -3.5908 -3.1420
v  -3.4683 -3.6512 -3.1557
v  -3.4651 -3.6549 -3.1585
v  -3.4504 -3.6352 -3.1587
v  -3.4537 -3.6308 -3.1556
v  -3.4337 -3.6130 -3.1591
v  -3.4378 -3.6095 -3.1552
v  -3.4716 -3.6463 -3.1510
v  -3.4576 -3.6264 -3.1517
v  -3.4425 -3.6060 -3.1511
v  -3.3990 -3.6011 -3.1642
v  -3.3792 -3.5779 -3.1639
v  -3.3899 -3.5754 -3.1580
v  -3.4085 -3.5967 -3.1599
v  -3.4468 -3.5735 -3.1393
v  -3.4352 -3.5822 -3.1448
v  -3.4211 -3.5641 -3.1408
v  -3.4330 -3.5561 -3.1351
v  -3.4160 -3.5927 -3.1569
v  -3.3990 -3.5725 -3.1537
v  -3.4070 -3.5695 -3.1510
v  -3.4221 -3.5894 -3.1537
v  -3.4276 -3.5868 -3.1494
v  -3.4135 -3.5675 -3.1464
v  -3.3628 -3.5520 -3.1665
v  -3.3515 -3.5232 -3.1716
v  -3.3595 -3.5284 -3.1553
v  -3.3733 -3.5525 -3.1563
v  -3.4195 -3.5384 -3.1288
v  -3.4076 -3.5455 -3.1344
v  -3.3947 -3.5282 -3.1260
v  -3.4068 -3.5217 -3.1206
v  -3.3826 -3.5521 -3.1484
v  -3.3673 -3.5317 -3.1431
v  -3.3782 -3.5303 -3.1377
v  -3.3921 -3.5497 -3.1445
v  -3.3996 -3.5482 -3.1400
v  -3.3863 -3.5299 -3.1321
v  -3.3827 -3.5132 -3.1176
v  -3.3954 -3.5075 -3.1119
v  -3.3849 -3.4925 -3.1052
v  -3.3714 -3.4978 -3.1107
v  -3.3435 -3.4930 -3.1745
v  -3.3382 -3.4654 -3.1736
v  -3.3375 -3.4823 -3.1503
v  -3.3477 -3.5046 -3.1534
v  -3.3546 -3.5113 -3.1390
v  -3.3440 -3.4911 -3.1349
v  -3.3556 -3.4936 -3.1271
v  -3.3662 -3.5119 -3.1320
v  -3.3743 -3.5133 -3.1251
v  -3.3631 -3.4968 -3.1191
v  -3.3748 -3.4757 -3.1011
v  -3.3670 -3.4598 -3.0973
v  -3.3610 -3.4804 -3.1067
v  -3.3537 -3.4628 -3.1058
v  -3.3312 -3.4453 -3.1678
v  -3.3212 -3.4312 -3.1594
v  -3.3253 -3.4437 -3.1420
v  -3.3310 -3.4615 -3.1467
v  -3.3537 -3.4779 -3.1162
v  -3.3478 -3.4590 -3.1151
v  -3.3493 -3.4725 -3.1258
v  -3.3442 -3.4526 -3.1244
v  -3.3398 -3.4688 -3.1340
v  -3.3352 -3.4490 -3.1322
v  -3.1519 -3.2849 -2.9955
v  -3.1471 -3.3028 -3.0429
v  -3.1870 -3.3342 -2.9921
v  -3.1752 -3.3480 -3.0367
v  -3.1843 -3.3160 -3.1421
v  -3.1833 -3.2998 -3.1332
v  -3.1976 -3.3315 -3.1113
v  -3.2035 -3.3415 -3.1270
v  -3.1564 -3.3072 -3.0746
v  -3.1357 -3.2634 -3.0844
v  -3.1790 -3.3497 -3.0663
v  -3.1683 -3.3090 -3.0928
v  -3.1868 -3.3473 -3.0847
v  -3.1496 -3.2680 -3.1099
v  -3.1249 -3.2312 -3.1149
v  -3.1314 -3.2331 -3.1354
v  -3.1490 -3.2566 -3.1309
v  -3.1746 -3.2977 -3.1124
v  -3.1692 -3.2790 -3.1293
v  -3.1942 -3.3440 -3.0970
v  -3.1788 -3.3159 -3.1008
v  -3.1133 -3.2275 -3.0899
v  -3.2628 -3.5720 -3.2575
v  -3.2693 -3.5880 -3.2597
v  -3.2672 -3.5884 -3.2715
v  -3.2586 -3.5728 -3.2729
v  -3.2630 -3.6101 -3.2579
v  -3.2609 -3.6091 -3.2699
v  -3.2516 -3.6295 -3.2539
v  -3.2500 -3.6276 -3.2695
v  -3.2537 -3.6415 -3.2697
v  -3.2583 -3.6481 -3.2489
v  -3.2482 -3.6427 -3.2548
v  -3.2651 -3.6520 -3.2663
v  -3.2863 -3.6608 -3.2359
v  -3.2715 -3.6533 -3.2431
v  -3.2892 -3.6744 -3.2512
v  -3.2765 -3.6629 -3.2598
v  -3.3160 -3.6805 -3.2151
v  -3.3008 -3.6699 -3.2262
v  -3.3034 -3.6862 -3.2412
v  -3.3189 -3.6986 -3.2302
v  -3.3332 -3.6930 -3.2036
v  -3.3364 -3.7120 -3.2189
v  -3.3537 -3.7076 -3.1934
v  -3.3559 -3.7261 -3.2089
v  -3.3791 -3.7246 -3.1866
v  -3.3785 -3.7396 -3.2025
v  -3.4114 -3.7439 -3.1863
v  -3.4099 -3.7546 -3.2053
v  -3.3761 -3.7295 -3.2281
v  -3.3870 -3.7403 -3.2183
v  -3.4136 -3.7486 -3.2251
v  -3.4162 -3.7336 -3.2505
v  -3.3758 -3.6928 -3.2777
v  -3.3421 -3.6996 -3.2508
v  -3.3604 -3.7145 -3.2388
v  -3.3953 -3.7105 -3.2648
v  -3.3423 -3.6590 -3.3007
v  -3.3103 -3.6724 -3.2736
v  -3.3252 -3.6862 -3.2628
v  -3.3577 -3.6763 -3.2903
v  -3.2976 -3.6583 -3.2829
v  -3.2865 -3.6442 -3.2894
v  -3.3303 -3.6409 -3.3090
v  -3.3201 -3.6236 -3.3145
v  -3.3094 -3.6086 -3.3179
v  -3.3010 -3.5949 -3.3195
v  -3.2701 -3.6170 -3.2906
v  -3.2753 -3.6312 -3.2920
v  -3.2750 -3.6010 -3.2892
v  -3.2764 -3.5838 -3.2914
v  -3.2969 -3.5812 -3.3205
v  -3.2927 -3.5685 -3.3227
v  -3.2669 -3.5695 -3.2950
v  -3.2858 -3.5564 -3.3243
v  -3.2738 -3.5428 -3.3254
v  -3.2499 -3.5601 -3.3005
v  -3.2254 -3.5519 -3.3085
v  -3.2547 -3.5275 -3.3274
v  -3.2302 -3.5117 -3.3307
v  -3.1977 -3.5371 -3.3136
v  -3.1700 -3.5157 -3.3147
v  -3.2029 -3.4938 -3.3318
v  -3.1751 -3.4724 -3.3343
v  -3.1445 -3.4879 -3.3151
v  -3.1218 -3.4520 -3.3205
v  -3.1498 -3.4451 -3.3416
v  -3.1187 -3.4256 -3.3614
v  -3.0957 -3.4193 -3.3369
v  -3.0715 -3.3840 -3.3506
v  -3.0860 -3.3913 -3.3685
v  -3.1090 -3.4746 -3.4464
v  -3.1199 -3.4598 -3.4215
v  -3.1468 -3.5050 -3.4372
v  -3.1307 -3.5287 -3.4617
v  -3.1268 -3.5036 -3.4465
v  -3.1684 -3.5535 -3.4543
v  -3.0942 -3.4950 -3.4684
v  -3.1190 -3.4348 -3.3934
v  -3.0874 -3.4076 -3.3941
v  -3.0898 -3.4228 -3.4230
v  -3.0723 -3.3835 -3.4327
v  -3.0645 -3.3702 -3.4038
v  -3.0409 -3.3330 -3.4153
v  -3.0492 -3.3443 -3.4436
v  -3.0182 -3.3066 -3.4544
v  -3.0156 -3.2946 -3.4281
v  -2.9913 -3.2526 -3.4425
v  -2.9943 -3.2400 -3.4209
v  -2.9891 -3.2641 -3.4667
v  -2.9629 -3.2208 -3.4775
v  -2.9701 -3.2112 -3.4552
v  -2.9774 -3.2002 -3.4356
v  -2.9571 -3.1720 -3.4640
v  -2.9710 -3.1646 -3.4469
v  -2.9580 -3.1355 -3.4773
v  -2.9425 -3.1777 -3.4841
v  -2.9401 -3.1371 -3.4992
v  -2.9739 -3.1321 -3.4576
v  -2.9620 -3.2260 -3.3743
v  -2.9799 -3.2273 -3.3908
v  -2.9704 -3.1865 -3.4049
v  -2.9507 -3.1833 -3.3882
v  -2.9959 -3.2293 -3.4036
v  -2.9854 -3.1903 -3.4189
v  -2.9807 -3.1570 -3.4302
v  -2.9654 -3.1509 -3.4163
v  -2.9806 -3.1268 -3.4391
v  -2.9649 -3.1205 -3.4257
v  -2.9338 -3.1232 -3.3580
v  -2.9301 -3.1333 -3.3809
v  -2.9250 -3.0864 -3.3992
v  -2.9286 -3.0774 -3.3719
v  -2.9445 -3.1432 -3.4012
v  -2.9443 -3.1112 -3.4135
v  -2.9685 -3.0954 -3.4341
v  -2.9513 -3.0934 -3.4243
v  -2.9653 -3.0664 -3.4402
v  -2.9425 -3.0715 -3.4251
v  -2.9753 -3.1006 -3.4688
v  -2.9815 -3.0974 -3.4480
v  -2.9791 -3.0633 -3.4579
v  -2.9712 -3.0654 -3.4811
v  -3.0947 -3.4388 -3.4504
v  -3.0915 -3.4502 -3.4697
v  -3.0832 -3.4089 -3.4804
v  -3.0821 -3.3968 -3.4591
v  -3.0181 -3.4872 -3.4956
v  -2.9946 -3.4640 -3.4963
v  -3.0299 -3.4606 -3.4814
v  -3.0480 -3.4929 -3.4840
v  -3.0071 -3.4243 -3.4923
v  -2.9711 -3.4297 -3.5048
v  -3.0442 -3.4217 -3.4864
v  -3.0652 -3.4578 -3.4754
v  -3.0786 -3.4470 -3.4745
v  -3.0657 -3.4161 -3.4846
v  -3.0644 -3.3514 -3.4705
v  -3.0663 -3.3625 -3.4973
v  -3.0238 -3.3228 -3.4978
v  -3.0257 -3.3138 -3.4789
v  -3.0417 -3.3762 -3.4959
v  -3.0073 -3.3312 -3.4966
v  -3.0168 -3.3811 -3.4945
v  -2.9842 -3.3370 -3.4941
v  -2.9800 -3.3857 -3.4969
v  -2.9495 -3.3447 -3.4953
v  -2.9462 -3.3928 -3.5098
v  -2.9183 -3.3547 -3.5099
v  -2.9886 -3.2719 -3.4883
v  -2.9839 -3.2781 -3.5021
v  -2.9559 -3.2261 -3.4973
v  -2.9495 -3.2288 -3.5130
v  -2.9707 -3.2841 -3.5026
v  -2.9349 -3.2350 -3.5148
v  -2.9493 -3.2909 -3.4968
v  -2.9156 -3.2425 -3.5080
v  -2.9186 -3.3014 -3.4957
v  -2.8905 -3.2532 -3.5064
v  -2.8907 -3.3143 -3.5104
v  -2.8690 -3.2664 -3.5211
v  -3.0175 -3.4991 -3.5151
v  -2.9824 -3.4751 -3.5215
v  -2.9816 -3.4924 -3.5464
v  -3.0211 -3.5134 -3.5388
v  -2.9564 -3.4548 -3.5573
v  -2.9585 -3.4398 -3.5306
v  -2.9352 -3.4019 -3.5355
v  -2.9362 -3.4140 -3.5641
v  -2.9081 -3.3763 -3.5679
v  -2.9068 -3.3651 -3.5362
v  -2.8796 -3.3261 -3.5381
v  -2.8778 -3.3379 -3.5706
v  -2.8517 -3.2910 -3.5741
v  -2.8582 -3.2786 -3.5453
v  -2.8367 -3.2216 -3.5566
v  -2.8480 -3.2104 -3.5369
v  -2.8292 -3.2332 -3.5807
v  -2.8075 -3.1783 -3.5883
v  -2.8151 -3.1681 -3.5674
v  -2.8269 -3.1585 -3.5507
v  -2.8614 -3.2973 -3.6102
v  -2.8349 -3.2407 -3.6115
v  -2.8504 -3.2406 -3.6405
v  -2.8793 -3.2944 -3.6434
v  -2.8235 -3.1897 -3.6386
v  -2.8112 -3.1867 -3.6140
v  -3.1653 -3.5772 -3.4788
v  -3.2084 -3.5948 -3.4760
v  -3.2346 -3.6428 -3.4851
v  -3.1988 -3.6218 -3.4903
v  -3.1684 -3.5982 -3.4998
v  -3.1920 -3.5994 -3.4789
v  -3.1360 -3.5510 -3.4893
v  -3.1382 -3.5736 -3.5147
v  -3.1032 -3.5478 -3.5361
v  -3.1017 -3.5270 -3.5020
v  -3.0596 -3.5128 -3.5097
v  -3.0619 -3.5265 -3.5356
v  -3.0588 -3.5310 -3.5515
v  -3.0291 -3.5207 -3.5577
v  -3.0735 -3.5424 -3.5575
v  -3.0405 -3.5302 -3.5694
v  -2.9927 -3.5018 -3.5685
v  -3.0026 -3.5101 -3.5818
v  -2.9728 -3.4789 -3.6019
v  -2.9639 -3.4676 -3.5832
v  -2.9442 -3.4269 -3.5961
v  -2.9567 -3.4391 -3.6249
v  -2.9383 -3.3909 -3.6487
v  -2.9210 -3.3855 -3.6054
v  -2.8914 -3.3442 -3.6093
v  -2.9069 -3.3419 -3.6459
v  -3.2210 -3.6759 -3.4805
v  -3.1919 -3.6465 -3.4919
v  -3.1801 -3.6692 -3.4929
v  -3.2073 -3.6994 -3.4790
v  -3.1523 -3.6433 -3.5080
v  -3.1609 -3.6221 -3.5044
v  -3.1319 -3.5987 -3.5218
v  -3.1252 -3.6200 -3.5250
v  -3.0978 -3.6001 -3.5429
v  -3.1050 -3.5782 -3.5434
v  -3.1393 -3.6707 -3.5253
v  -3.1141 -3.6461 -3.5388
v  -3.1199 -3.6344 -3.5310
v  -3.1458 -3.6584 -3.5149
v  -3.0912 -3.6142 -3.5439
v  -3.0855 -3.6261 -3.5501
v  -3.0732 -3.5641 -3.5580
v  -3.0658 -3.5839 -3.5537
v  -3.0299 -3.5659 -3.5629
v  -3.0381 -3.5486 -3.5693
v  -3.0590 -3.5978 -3.5522
v  -3.0230 -3.5800 -3.5619
v  -3.0541 -3.6099 -3.5591
v  -3.0194 -3.5926 -3.5707
v  -3.0003 -3.5251 -3.5846
v  -2.9907 -3.5411 -3.5795
v  -2.9551 -3.5118 -3.6076
v  -2.9676 -3.4955 -3.6090
v  -2.9445 -3.5400 -3.6177
v  -2.9473 -3.5257 -3.6095
v  -2.9832 -3.5554 -3.5797
v  -2.9811 -3.5689 -3.5894
v  -2.9499 -3.4607 -3.6438
v  -2.9315 -3.4801 -3.6480
v  -2.9083 -3.4438 -3.6891
v  -2.9308 -3.4226 -3.6762
v  -2.8818 -3.4708 -3.6981
v  -2.8927 -3.4585 -3.6940
v  -2.9197 -3.4943 -3.6503
v  -2.9129 -3.5079 -3.6555
v  -3.5541 -4.0202 -3.5513
v  -3.5487 -4.0507 -3.5745
v  -3.5313 -4.0482 -3.5682
v  -3.5393 -4.0211 -3.5437
v  -3.5191 -4.0761 -3.6019
v  -3.5363 -4.0799 -3.6083
v  -3.4948 -4.0646 -3.5889
v  -3.5070 -4.0385 -3.5570
v  -3.5156 -4.0145 -3.5330
v  -3.5144 -3.9659 -3.5225
v  -3.5157 -3.9588 -3.5112
v  -3.5374 -3.9659 -3.5186
v  -3.5359 -3.9739 -3.5285
v  -3.5374 -3.9516 -3.5111
v  -3.5167 -3.9451 -3.5042
v  -3.5525 -3.9502 -3.5195
v  -3.5525 -3.9647 -3.5264
v  -3.5497 -3.9733 -3.5349
v  -3.5148 -3.9811 -3.5292
v  -3.5140 -3.9721 -3.5288
v  -3.5358 -3.9798 -3.5335
v  -3.5373 -3.9880 -3.5348
v  -3.5485 -3.9792 -3.5398
v  -3.5499 -3.9870 -3.5416
v  -3.5529 -3.9996 -3.5431
v  -3.5398 -4.0010 -3.5355
v  -3.5169 -3.9945 -3.5276
v  -3.4832 -3.9410 -3.5034
v  -3.4876 -3.9281 -3.4979
v  -3.4797 -3.9482 -3.5147
v  -3.4390 -3.9255 -3.5029
v  -3.4451 -3.9170 -3.4939
v  -3.4531 -3.9045 -3.4890
v  -3.4324 -3.9405 -3.5102
v  -3.4352 -3.9320 -3.5088
v  -3.4772 -3.9545 -3.5224
v  -3.4758 -3.9643 -3.5230
v  -3.4761 -3.9771 -3.5195
v  -3.4738 -3.9965 -3.5190
v  -3.4261 -3.9688 -3.5061
v  -3.4303 -3.9521 -3.5081
v  -3.4065 -3.8890 -3.4837
v  -3.4154 -3.8767 -3.4802
v  -3.4008 -3.8973 -3.4931
v  -3.3668 -3.8695 -3.4834
v  -3.3708 -3.8602 -3.4755
v  -3.3790 -3.8481 -3.4740
v  -3.2467 -3.7145 -3.4701
v  -3.2358 -3.7356 -3.4720
v  -3.2630 -3.6942 -3.4803
v  -3.2816 -3.7387 -3.4756
v  -3.2699 -3.7538 -3.4662
v  -3.2626 -3.7709 -3.4687
v  -3.3412 -3.8341 -3.4705
v  -3.3493 -3.8218 -3.4718
v  -3.3394 -3.8457 -3.4759
v  -3.3139 -3.8252 -3.4729
v  -3.3157 -3.8092 -3.4688
v  -3.3241 -3.7968 -3.4729
v  -3.3614 -3.8823 -3.4899
v  -3.3656 -3.8774 -3.4890
v  -3.3970 -3.9040 -3.4989
v  -3.3939 -3.9120 -3.4997
v  -3.3438 -3.8571 -3.4817
v  -3.3359 -3.8542 -3.4821
v  -3.3907 -3.9217 -3.4978
v  -3.3853 -3.9340 -3.4980
v  -3.3515 -3.8965 -3.4931
v  -3.3572 -3.8892 -3.4897
v  -3.3311 -3.8573 -3.4849
v  -3.3256 -3.8603 -3.4900
v  -3.3088 -3.8370 -3.4868
v  -3.3082 -3.8297 -3.4801
v  -3.2924 -3.7840 -3.4678
v  -3.2865 -3.7982 -3.4677
v  -3.3014 -3.7713 -3.4748
v  -3.4651 -4.0189 -3.5381
v  -3.4552 -4.0426 -3.5678
v  -3.4054 -4.0057 -3.5462
v  -3.4175 -3.9873 -3.5206
v  -3.3770 -3.9470 -3.5094
v  -3.3696 -3.9521 -3.5273
v  -3.3397 -3.9023 -3.5186
v  -3.3447 -3.9013 -3.5033
v  -3.3640 -3.9445 -3.5461
v  -3.3388 -3.8984 -3.5370
v  -3.3755 -3.9867 -3.5581
v  -3.3646 -3.9700 -3.5708
v  -3.3598 -3.9375 -3.5673
v  -3.3358 -3.8980 -3.5598
v  -3.2723 -3.8016 -3.5008
v  -3.2631 -3.7825 -3.4832
v  -3.2858 -3.8079 -3.4795
v  -3.2948 -3.8234 -3.4912
v  -3.3167 -3.8567 -3.4987
v  -3.3098 -3.8506 -3.5112
v  -3.1983 -3.7176 -3.4873
v  -3.1702 -3.6865 -3.4983
v  -3.1622 -3.7003 -3.5117
v  -3.1936 -3.7376 -3.5027
v  -3.2569 -3.8133 -3.5343
v  -3.2675 -3.8081 -3.5174
v  -3.3053 -3.8492 -3.5276
v  -3.2976 -3.8558 -3.5480
v  -3.2322 -3.7507 -3.4849
v  -3.2326 -3.7645 -3.4980
v  -3.2382 -3.7789 -3.5094
v  -3.2222 -3.7764 -3.5194
v  -3.3265 -3.1095 -3.0782
v  -3.3169 -3.1384 -3.0235
v  -3.2771 -3.0972 -3.0289
v  -3.2871 -3.0760 -3.0815
v  -3.2359 -3.0563 -3.0385
v  -3.2459 -3.0410 -3.0852
v  -3.2022 -3.0159 -3.0446
v  -3.2130 -3.0033 -3.0848
v  -3.1733 -2.9792 -3.0474
v  -3.1846 -2.9682 -3.0828
v  -3.1381 -2.9119 -3.0795
v  -3.1600 -2.9375 -3.0805
v  -3.1493 -2.9482 -3.0453
v  -3.1278 -2.9226 -3.0432
v  -3.1098 -2.8998 -3.0431
v  -3.1198 -2.8899 -3.0802
v  -3.0938 -2.8790 -3.0446
v  -3.1041 -2.8699 -3.0820
v  -3.0787 -2.8599 -3.0474
v  -3.0891 -2.8506 -3.0845
v  -3.0641 -2.8405 -3.0506
v  -3.0738 -2.8313 -3.0878
v  -3.0497 -2.8191 -3.0532
v  -3.0583 -2.8100 -3.0913
v  -3.0339 -2.7954 -3.0572
v  -3.0427 -2.7860 -3.0957
v  -3.0187 -2.7664 -3.0618
v  -3.0279 -2.7574 -3.1020
v  -3.0037 -2.7308 -3.0678
v  -3.0118 -2.7246 -3.1119
v  -2.9876 -2.6873 -3.0761
v  -2.9964 -2.6850 -3.1253
v  -2.9692 -2.6393 -3.0811
v  -2.9810 -2.6351 -3.1445
v  -2.9407 -2.5309 -3.1128
v  -2.9591 -2.5805 -3.1288
v  -2.9499 -2.5896 -3.0758
v  -2.9307 -2.5407 -3.0634
v  -2.9894 -2.6056 -3.1859
v  -2.9716 -2.5647 -3.1687
v  -2.9796 -2.5498 -3.2051
v  -2.9944 -2.5882 -3.2210
v  -2.9532 -2.5178 -3.1515
v  -2.9610 -2.5061 -3.1881
v  -3.2680 -3.0395 -3.1419
v  -3.3036 -3.0733 -3.1457
v  -3.2939 -3.0733 -3.1194
v  -3.2524 -3.0413 -3.1190
v  -3.3341 -3.1009 -3.1194
v  -3.3397 -3.1000 -3.1489
v  -3.2053 -2.9653 -3.1369
v  -3.2350 -3.0022 -3.1391
v  -3.2184 -3.0045 -3.1163
v  -3.1892 -2.9687 -3.1131
v  -3.1592 -2.9031 -3.1342
v  -3.1802 -2.9317 -3.1348
v  -3.1643 -2.9367 -3.1104
v  -3.1422 -2.9101 -3.1099
v  -3.1287 -2.8613 -3.1377
v  -3.1430 -2.8804 -3.1354
v  -3.1251 -2.8879 -3.1107
v  -3.1108 -2.8677 -3.1124
v  -3.0970 -2.8249 -3.1437
v  -3.1133 -2.8433 -3.1404
v  -3.0960 -2.8487 -3.1146
v  -3.0803 -2.8295 -3.1178
v  -3.0654 -2.7813 -3.1530
v  -3.0805 -2.8043 -3.1477
v  -3.0639 -2.8085 -3.1217
v  -3.0480 -2.7849 -3.1270
v  -3.0325 -2.7588 -3.1354
v  -3.0531 -2.7558 -3.1606
v  -3.0169 -2.7301 -3.1474
v  -3.0433 -2.7279 -3.1707
v  -2.9987 -2.6627 -3.1818
v  -3.0238 -2.6747 -3.2082
v  -3.0330 -2.6998 -3.1862
v  -3.0043 -2.6966 -3.1619
v  -2.9991 -2.6375 -3.2099
v  -3.0185 -2.6554 -3.2367
v  -2.9972 -2.6225 -3.2421
v  -3.0122 -2.6427 -3.2683
v  -3.3159 -3.0681 -3.1650
v  -3.3457 -3.0916 -3.1665
v  -3.2855 -3.0362 -3.1639
v  -3.3052 -3.0319 -3.1836
v  -3.3300 -3.0632 -3.1800
v  -3.3472 -3.0815 -3.1766
v  -3.2562 -2.9984 -3.1631
v  -3.2292 -2.9595 -3.1625
v  -3.2576 -2.9517 -3.1869
v  -3.2804 -2.9929 -3.1862
v  -3.2056 -2.9242 -3.1625
v  -3.1853 -2.8947 -3.1639
v  -3.2184 -2.8833 -3.1918
v  -3.2368 -2.9143 -3.1886
v  -3.1695 -2.8724 -3.1669
v  -3.1551 -2.8545 -3.1705
v  -3.1903 -2.8417 -3.1978
v  -3.2043 -2.8600 -3.1949
v  -3.3537 -3.0164 -3.2019
v  -3.3714 -3.0540 -3.1915
v  -3.3497 -3.0594 -3.1903
v  -3.3290 -3.0254 -3.1984
v  -3.3656 -3.0858 -3.1802
v  -3.3868 -3.0855 -3.1807
v  -3.3368 -2.9728 -3.2069
v  -3.3088 -2.9839 -3.2025
v  -3.2901 -2.9405 -3.2029
v  -3.3202 -2.9280 -3.2074
v  -3.3037 -2.8863 -3.2096
v  -3.2721 -2.9009 -3.2049
v  -3.2552 -2.8682 -3.2100
v  -3.2881 -2.8520 -3.2176
v  -3.5214 -3.1340 -3.1632
v  -3.5119 -3.1372 -3.1592
v  -3.4962 -3.0995 -3.1673
v  -3.5042 -3.0966 -3.1714
v  -3.4986 -3.1398 -3.1585
v  -3.4844 -3.1026 -3.1651
v  -3.4792 -3.0623 -3.1740
v  -3.4679 -3.0668 -3.1695
v  -3.4869 -3.0590 -3.1794
v  -3.4600 -3.0178 -3.1770
v  -3.4694 -3.0134 -3.1838
v  -3.4475 -3.0242 -3.1719
v  -3.4271 -2.9767 -3.1712
v  -3.4418 -2.9676 -3.1748
v  -3.4535 -2.9619 -3.1828
v  -3.4267 -2.9141 -3.1695
v  -3.4392 -2.9068 -3.1778
v  -3.4108 -2.9258 -3.1674
v  -3.3959 -2.8749 -3.1652
v  -3.4127 -2.8614 -3.1634
v  -3.4271 -2.8530 -3.1699
v  -3.3962 -2.8141 -3.1668
v  -3.4109 -2.8058 -3.1712
v  -3.3802 -2.8271 -3.1695
v  -3.3647 -2.7868 -3.1830
v  -3.3786 -2.7751 -3.1805
v  -3.3906 -2.7681 -3.1837
v  -3.3599 -2.7458 -3.1989
v  -3.3697 -2.7397 -3.2021
v  -3.3480 -2.7569 -3.2004
v  -3.3298 -2.7337 -3.2180
v  -3.3409 -2.7228 -3.2184
v  -3.3496 -2.7174 -3.2219
v  -3.3226 -2.7040 -3.2370
v  -3.3312 -2.6995 -3.2415
v  -3.3112 -2.7142 -3.2348
v  -3.2929 -2.6968 -3.2506
v  -3.3050 -2.6868 -3.2539
v  -3.3144 -2.6824 -3.2588
v  -3.2842 -2.6464 -3.2871
v  -3.2989 -2.6648 -3.2738
v  -3.2887 -2.6696 -3.2688
v  -3.2735 -2.6518 -3.2825
v  -3.2760 -2.6801 -3.2655
v  -3.2606 -2.6629 -3.2798
v  -3.2593 -2.6324 -3.2950
v  -3.2699 -2.6271 -3.2991
v  -3.2466 -2.6433 -3.2929
v  -3.2310 -2.6220 -3.3051
v  -3.2439 -2.6115 -3.3078
v  -3.2545 -2.6062 -3.3118
v  -3.2156 -2.5635 -3.3480
v  -3.2363 -2.5839 -3.3278
v  -3.2249 -2.5896 -3.3232
v  -3.2040 -2.5699 -3.3431
v  -3.2115 -2.6003 -3.3200
v  -3.1912 -2.5811 -3.3400
v  -3.1827 -2.5545 -3.3669
v  -3.1934 -2.5476 -3.3723
v  -3.1715 -2.5661 -3.3631
v  -3.1510 -2.5521 -3.3876
v  -3.1608 -2.5403 -3.3922
v  -3.1704 -2.5345 -3.3983
v  -3.4262 -3.0778 -3.1725
v  -3.4073 -3.0408 -3.1795
v  -3.4281 -3.0325 -3.1740
v  -3.4484 -3.0723 -3.1694
v  -3.3884 -2.9985 -3.1850
v  -3.4080 -2.9876 -3.1766
v  -3.3712 -3.0078 -3.1927
v  -3.3549 -2.9629 -3.1951
v  -3.3717 -2.9520 -3.1848
v  -3.3389 -2.9168 -3.1954
v  -3.3557 -2.9047 -3.1837
v  -3.3759 -2.8900 -3.1726
v  -3.3912 -2.9391 -3.1742
v  -3.3234 -2.8730 -3.2003
v  -3.3394 -2.8592 -3.1870
v  -3.3093 -2.8363 -3.2109
v  -3.3254 -2.8206 -3.1983
v  -3.3457 -2.8029 -3.1892
v  -3.3600 -2.8429 -3.1763
v  -3.2941 -2.7729 -3.2247
v  -3.3129 -2.7519 -3.2203
v  -3.3304 -2.7740 -3.2050
v  -3.3106 -2.7933 -3.2115
v  -3.2943 -2.7330 -3.2351
v  -3.2762 -2.7163 -3.2504
v  -3.2766 -2.7553 -3.2387
v  -3.2594 -2.7396 -3.2537
v  -3.2289 -2.7084 -3.2845
v  -3.2445 -2.6837 -3.2805
v  -3.2598 -2.7006 -3.2662
v  -3.2436 -2.7246 -3.2694
v  -3.2005 -2.6667 -3.3118
v  -3.2144 -2.6418 -3.3047
v  -3.2300 -2.6636 -3.2927
v  -3.2153 -2.6887 -3.2985
v  -3.1645 -2.6227 -3.3420
v  -3.1766 -2.5999 -3.3389
v  -3.1956 -2.6194 -3.3192
v  -3.1828 -2.6433 -3.3257
v  -3.4197 -3.1110 -3.1695
v  -3.4323 -3.1381 -3.1640
v  -3.4062 -3.1407 -3.1552
v  -3.4061 -3.0823 -3.1761
v  -3.3964 -3.1111 -3.1715
v  -3.4425 -3.1086 -3.1673
v  -3.4564 -3.1403 -3.1627
v  -3.4653 -3.1058 -3.1654
v  -3.4793 -3.1408 -3.1605
v  -3.3889 -3.0477 -3.1846
v  -3.2796 -3.3817 -3.1549
v  -3.2809 -3.3906 -3.1395
v  -3.2590 -3.3717 -3.1497
v  -3.2557 -3.3811 -3.1314
v  -3.2389 -3.3592 -3.1498
v  -3.2309 -3.3640 -3.1349
v  -3.3184 -3.4294 -3.1353
v  -3.3111 -3.4218 -3.1500
v  -3.3001 -3.4126 -3.1393
v  -3.3057 -3.4203 -3.1275
v  -3.2190 -3.3674 -3.1069
v  -3.2362 -3.3924 -3.1071
v  -3.2434 -3.3843 -3.1170
v  -3.2251 -3.3648 -3.1200
v  -3.2647 -3.4149 -3.1143
v  -3.2852 -3.4180 -3.1210
v  -3.2823 -3.4043 -3.1290
v  -3.2633 -3.4004 -3.1218
v  -3.2520 -3.3987 -3.1158
v  -3.2496 -3.4081 -3.1090
v  -3.3273 -3.4334 -3.1264
v  -3.3114 -3.4268 -3.1189
v  -3.3164 -3.4342 -3.1111
v  -3.3343 -3.4385 -3.1183
v  -3.2125 -3.3734 -3.0959
v  -3.2315 -3.3989 -3.0972
v  -3.2076 -3.3795 -3.0831
v  -3.2294 -3.4040 -3.0852
v  -3.2695 -3.4304 -3.0958
v  -3.2933 -3.4344 -3.1041
v  -3.2893 -3.4265 -3.1128
v  -3.2668 -3.4240 -3.1059
v  -3.2488 -3.4148 -3.1002
v  -3.2495 -3.4201 -3.0893
v  -3.2040 -3.3834 -3.0653
v  -3.2078 -3.3820 -3.0385
v  -3.2295 -3.4081 -3.0690
v  -3.2384 -3.4068 -3.0452
v  -3.3295 -3.4494 -3.0867
v  -3.3440 -3.4528 -3.0980
v  -3.3377 -3.4466 -3.1089
v  -3.3207 -3.4420 -3.1008
v  -3.2979 -3.4409 -3.0918
v  -3.2740 -3.4349 -3.0822
v  -3.2847 -3.4371 -3.0625
v  -3.3085 -3.4457 -3.0743
v  -3.2523 -3.4243 -3.0746
v  -3.2628 -3.4244 -3.0532
v  -3.3607 -3.4533 -3.0828
v  -3.3800 -3.4448 -3.0761
v  -3.3514 -3.4500 -3.0643
v  -3.3865 -3.4287 -3.0531
v  -3.4052 -3.4217 -3.0722
v  -3.3908 -3.4384 -3.0786
v  -3.2290 -3.3677 -3.0029
v  -3.2627 -3.3962 -3.0117
v  -3.2611 -3.3365 -2.9766
v  -3.2977 -3.3684 -2.9841
v  -3.3438 -3.3951 -3.0197
v  -3.3677 -3.4137 -3.0286
v  -3.3335 -3.4424 -3.0466
v  -3.3105 -3.4291 -3.0332
v  -3.2885 -3.4150 -3.0224
v  -3.3236 -3.3844 -3.0019
v  -3.4316 -3.3800 -3.0737
v  -3.4230 -3.3770 -3.0470
v  -3.4453 -3.3219 -3.0594
v  -3.4488 -3.3294 -3.0839
v  -3.3679 -3.2597 -2.9935
v  -3.3366 -3.3195 -2.9767
v  -3.2988 -3.2874 -2.9679
v  -3.3331 -3.2288 -2.9844
v  -3.4029 -3.3645 -3.0257
v  -3.4294 -3.3083 -3.0396
v  -3.3758 -3.3477 -3.0206
v  -3.4043 -3.2936 -3.0315
v  -3.3594 -3.3370 -2.9986
v  -3.3875 -3.2799 -3.0136
v  -3.4716 -3.2970 -3.1413
v  -3.4589 -3.2896 -3.1283
v  -3.4582 -3.2403 -3.1305
v  -3.4717 -3.2281 -3.1470
v  -3.4548 -3.2877 -3.1134
v  -3.4555 -3.2526 -3.1097
v  -3.3880 -3.1582 -3.0761
v  -3.3845 -3.2003 -3.0280
v  -3.3546 -3.1721 -3.0221
v  -3.3620 -3.1347 -3.0751
v  -3.4538 -3.2952 -3.0953
v  -3.4540 -3.2787 -3.0826
v  -3.4419 -3.1984 -3.1283
v  -3.4414 -3.1836 -3.1505
v  -3.4458 -3.2198 -3.0987
v  -3.4268 -3.1948 -3.0875
v  -3.4203 -3.1696 -3.1219
v  -3.4685 -3.1794 -3.1564
v  -3.4463 -3.1677 -3.1593
v  -3.3668 -3.1235 -3.1200
v  -3.3912 -3.1425 -3.1181
v  -3.3703 -3.1198 -3.1525
v  -3.4073 -3.1781 -3.0789
v  -3.4058 -3.1586 -3.1103
v  -3.3716 -3.1059 -3.1700
v  -3.4045 -3.2219 -3.0410
v  -3.4234 -3.2391 -3.0536
v  -3.4436 -3.2579 -3.0656
v  -3.4915 -3.1855 -3.1549
v  -3.4969 -3.2407 -3.1549
v  -3.5122 -3.1868 -3.1548
v  -3.5232 -3.2477 -3.1614
v  -3.5263 -3.1838 -3.1559
v  -3.5374 -3.1794 -3.1609
v  -3.5484 -3.2253 -3.1669
v  -3.5383 -3.2305 -3.1623
v  -3.5529 -3.5819 -3.1581
v  -3.5385 -3.5567 -3.1642
v  -3.5651 -3.5426 -3.1683
v  -3.5794 -3.5713 -3.1653
v  -3.5272 -3.5305 -3.1659
v  -3.5547 -3.5137 -3.1694
v  -3.5183 -3.5049 -3.1653
v  -3.5492 -3.4847 -3.1693
v  -3.5074 -3.4794 -3.1615
v  -3.5467 -3.4487 -3.1657
v  -3.4746 -3.4345 -3.1366
v  -3.4916 -3.4550 -3.1506
v  -3.5248 -3.4176 -3.1543
v  -3.5081 -3.3787 -3.1416
v  -3.4593 -3.4201 -3.1239
v  -3.4827 -3.3674 -3.1313
v  -3.4916 -3.3053 -3.1513
v  -3.5126 -3.3119 -3.1594
v  -3.5803 -3.3947 -3.1579
v  -3.5653 -3.4152 -3.1609
v  -3.5491 -3.3851 -3.1565
v  -3.5673 -3.3605 -3.1510
v  -3.5347 -3.3485 -3.1578
v  -3.5542 -3.3199 -3.1544
v  -3.5291 -3.3139 -3.1631
v  -3.5417 -3.2844 -3.1616
v  -3.5866 -3.2931 -3.1414
v  -3.5698 -3.3025 -3.1441
v  -3.5544 -3.2672 -3.1561
v  -3.5665 -3.2598 -3.1559
v  -3.5822 -3.3455 -3.1470
v  -3.5962 -3.3382 -3.1497
v  -3.6021 -3.3794 -3.1602
v  -3.5933 -3.3835 -3.1574
v  -3.4689 -4.1223 -3.6412
v  -3.4817 -4.0945 -3.6187
v  -3.5074 -4.1085 -3.6308
v  -3.4964 -4.1392 -3.6507
v  -3.5282 -4.1141 -3.6378
v  -3.5221 -4.1445 -3.6624
v  -3.4036 -4.0729 -3.6231
v  -3.4058 -4.0489 -3.5852
v  -3.4453 -4.0737 -3.6003
v  -3.4369 -4.1010 -3.6306
v  -3.3748 -4.0203 -3.5845
v  -3.3778 -4.0354 -3.6207
v  -3.3636 -3.9929 -3.6187
v  -3.3603 -3.9850 -3.5896
v  -3.3514 -3.9459 -3.5919
v  -3.3477 -3.9535 -3.6173
v  -3.3162 -3.9203 -3.6126
v  -3.3256 -3.9094 -3.5857
v  -3.2857 -3.8694 -3.5735
v  -3.2732 -3.8843 -3.5997
v  -3.2277 -3.8454 -3.5834
v  -3.2434 -3.8269 -3.5587
v  -3.2059 -3.7879 -3.5408
v  -3.1930 -3.8020 -3.5695
v  -3.1694 -3.7578 -3.5609
v  -3.1750 -3.7496 -3.5298
v  -3.1546 -3.7122 -3.5335
v  -3.1509 -3.7200 -3.5597
v  -3.1284 -3.6923 -3.5625
v  -3.1328 -3.6828 -3.5417
v  -3.1022 -3.6729 -3.5672
v  -3.1068 -3.6604 -3.5500
v  -3.0786 -3.6420 -3.5594
v  -3.0746 -3.6565 -3.5749
v  -3.0483 -3.6259 -3.5693
v  -3.0150 -3.6082 -3.5826
v  -3.0455 -3.6406 -3.5855
v  -3.0133 -3.6231 -3.5997
v  -2.9782 -3.5853 -3.6017
v  -2.9774 -3.6013 -3.6186
v  -2.9409 -3.5570 -3.6284
v  -2.9383 -3.5749 -3.6435
v  -2.9059 -3.5235 -3.6636
v  -2.8720 -3.4829 -3.7047
v  -2.8989 -3.5414 -3.6765
v  -2.8631 -3.4961 -3.7142
v  -3.3147 -3.9183 -3.6421
v  -3.2699 -3.8855 -3.6306
v  -3.2828 -3.8679 -3.6592
v  -3.3260 -3.9010 -3.6699
v  -3.2420 -3.8325 -3.6427
v  -3.2280 -3.8457 -3.6140
v  -3.1978 -3.8014 -3.6002
v  -3.2109 -3.7933 -3.6304
v  -3.1856 -3.7547 -3.6224
v  -3.1744 -3.7589 -3.5907
v  -3.1534 -3.7230 -3.5869
v  -3.1626 -3.7204 -3.6186
v  -3.1393 -3.6926 -3.6190
v  -3.1307 -3.6954 -3.5880
v  -3.1065 -3.6749 -3.5918
v  -3.1159 -3.6714 -3.6222
v  -3.0806 -3.6582 -3.5992
v  -3.0919 -3.6544 -3.6294
v  -3.0529 -3.6434 -3.6110
v  -3.0230 -3.6263 -3.6265
v  -3.0668 -3.6397 -3.6418
v  -3.0409 -3.6211 -3.6568
v  -2.9894 -3.6059 -3.6459
v  -2.9530 -3.5803 -3.6712
v  -3.0126 -3.5967 -3.6736
v  -2.9814 -3.5657 -3.6942
v  -2.9141 -3.5475 -3.7041
v  -2.8730 -3.5052 -3.7385
v  -2.9451 -3.5295 -3.7228
v  -2.9018 -3.4895 -3.7559
v  -2.8661 -3.1995 -3.5249
v  -2.8435 -3.1497 -3.5401
v  -2.8623 -3.1423 -3.5379
v  -2.8871 -3.1906 -3.5253
v  -2.7942 -3.1446 -3.6165
v  -2.7910 -3.1366 -3.5950
v  -2.8042 -3.1487 -3.6360
v  -2.7940 -3.1254 -3.6345
v  -2.7848 -3.1140 -3.6209
v  -2.7827 -3.1054 -3.6012
v  -2.8011 -3.1032 -3.5680
v  -2.8100 -3.1219 -3.5608
v  -2.7976 -3.1292 -3.5755
v  -2.7898 -3.1009 -3.5818
v  -2.9175 -3.1769 -3.5195
v  -2.9040 -3.1830 -3.5286
v  -2.8779 -3.1358 -3.5374
v  -2.8959 -3.1247 -3.5356
v  -2.8269 -3.0808 -3.5667
v  -2.8423 -3.1045 -3.5477
v  -2.8244 -3.1133 -3.5516
v  -2.8092 -3.0901 -3.5661
v  -2.8048 -3.0719 -3.6138
v  -2.8129 -3.0698 -3.5897
v  -2.7946 -3.0795 -3.5847
v  -2.7839 -3.0802 -3.6074
v  -2.7862 -3.0928 -3.6296
v  -2.8012 -3.1141 -3.6420
v  -2.8072 -3.0885 -3.6343
v  -2.8150 -3.1095 -3.6439
v  -2.9181 -3.3250 -3.6746
v  -2.8988 -3.2800 -3.6682
v  -2.9301 -3.3617 -3.6859
v  -2.9274 -3.3398 -3.7125
v  -2.9339 -3.3065 -3.6948
v  -2.9212 -3.2635 -3.6851
v  -2.9077 -3.3857 -3.7052
v  -2.8945 -3.3555 -3.7350
v  -2.8777 -3.4008 -3.7215
v  -2.8535 -3.3606 -3.7497
v  -2.8572 -3.4132 -3.7302
v  -2.8240 -3.3669 -3.7553
v  -2.8437 -3.4245 -3.7384
v  -2.8043 -3.3768 -3.7628
v  -2.8336 -3.4341 -3.7469
v  -2.7910 -3.3886 -3.7748
v  -2.8263 -3.4418 -3.7546
v  -2.7824 -3.4005 -3.7874
v  -2.8271 -3.4540 -3.7729
v  -2.8497 -3.4472 -3.7903
v  -2.8044 -3.4112 -3.8209
v  -2.7845 -3.4124 -3.8057
v  -2.7618 -3.3823 -3.8301
v  -2.7528 -3.3695 -3.8101
v  -2.7835 -3.3860 -3.8413
v  -2.7857 -3.3653 -3.8529
v  -2.7621 -3.3545 -3.8427
v  -2.7481 -3.3492 -3.8258
v  -2.7625 -3.3525 -3.7937
v  -2.7810 -3.3367 -3.7813
v  -2.7599 -3.3308 -3.8198
v  -2.7820 -3.3160 -3.8110
v  -2.7757 -3.3345 -3.8413
v  -2.7955 -3.3228 -3.8351
v  -2.7972 -3.3466 -3.8530
v  -2.8074 -3.3345 -3.8470
v  -2.8064 -3.3280 -3.7744
v  -2.8081 -3.3095 -3.8032
v  -2.8447 -3.3161 -3.7938
v  -2.8421 -3.3279 -3.7695
v  -2.8038 -3.3888 -3.8469
v  -2.8125 -3.3768 -3.8559
v  -2.8288 -3.4077 -3.8350
v  -2.8496 -3.3964 -3.8504
v  -2.8198 -3.3189 -3.8290
v  -2.8551 -3.3222 -3.8188
v  -2.8283 -3.3377 -3.8464
v  -2.8640 -3.3440 -3.8392
v  -2.8236 -3.3576 -3.8561
v  -2.8624 -3.3708 -3.8515
v  -3.1222 -3.0303 -3.2871
v  -3.1249 -3.0336 -3.3248
v  -3.1031 -2.9959 -3.3217
v  -3.1015 -2.9901 -3.2863
v  -3.0113 -2.9669 -3.2311
v  -3.0479 -2.9579 -3.2574
v  -3.0197 -2.9259 -3.2642
v  -2.9824 -2.9314 -3.2394
v  -2.9758 -2.8673 -3.2732
v  -2.9368 -2.8632 -3.2477
v  -2.9598 -2.8987 -3.2442
v  -2.9984 -2.8980 -3.2688
v  -3.0786 -3.0366 -3.3615
v  -3.1176 -3.0342 -3.3555
v  -3.0949 -2.9976 -3.3476
v  -3.0589 -3.0017 -3.3529
v  -3.0688 -2.9580 -3.2894
v  -3.0727 -2.9638 -3.3186
v  -3.0451 -2.9329 -3.3181
v  -3.0400 -2.9278 -3.2927
v  -3.0183 -2.9011 -3.2964
v  -3.0237 -2.9048 -3.3212
v  -3.0012 -2.8746 -3.3269
v  -2.9972 -2.8703 -3.3010
v  -3.0323 -2.9722 -3.3429
v  -3.0645 -2.9676 -3.3384
v  -3.0341 -2.9397 -3.3328
v  -3.0055 -2.9427 -3.3399
v  -3.0138 -3.0316 -3.3471
v  -2.9961 -2.9952 -3.3453
v  -2.9493 -3.0273 -3.3601
v  -2.9354 -2.9869 -3.3650
v  -3.0094 -2.9121 -3.3342
v  -2.9891 -2.8801 -3.3430
v  -2.9810 -2.9139 -3.3404
v  -2.9626 -2.8813 -3.3513
v  -2.9124 -3.0356 -3.4074
v  -2.9190 -3.0307 -3.3824
v  -2.9073 -2.9879 -3.3907
v  -2.8984 -2.9926 -3.4155
v  -2.9755 -2.9649 -3.3468
v  -2.9566 -2.9353 -3.3517
v  -2.9225 -2.9543 -3.3714
v  -2.9114 -2.9250 -3.3774
v  -2.9399 -2.9054 -3.3568
v  -2.9278 -2.8735 -3.3658
v  -2.9021 -2.8958 -3.3824
v  -2.8971 -2.8648 -3.3889
v  -2.9546 -3.0262 -3.4487
v  -2.9298 -3.0335 -3.4315
v  -2.9333 -2.9860 -3.4589
v  -2.9122 -2.9923 -3.4407
v  -2.8962 -2.9537 -3.3978
v  -2.8864 -2.9239 -3.4032
v  -2.8848 -2.9578 -3.4218
v  -2.8720 -2.9269 -3.4264
v  -2.8654 -2.8942 -3.4288
v  -2.8797 -2.8937 -3.4068
v  -2.8790 -2.8619 -3.4118
v  -2.8684 -2.8602 -3.4322
v  -2.9666 -3.0204 -3.4703
v  -2.9345 -2.9832 -3.4805
v  -2.9547 -3.0224 -3.4957
v  -2.9225 -2.9834 -3.5060
v  -2.8914 -2.9590 -3.4464
v  -2.9065 -2.9535 -3.4645
v  -2.8842 -2.9215 -3.4665
v  -2.8727 -2.9272 -3.4492
v  -2.8642 -2.8921 -3.4490
v  -2.8677 -2.8558 -3.4501
v  -2.8699 -2.8872 -3.4667
v  -2.8653 -2.8495 -3.4684
v  -2.9017 -2.9521 -3.4852
v  -2.8771 -2.9187 -3.4879
v  -2.8896 -2.9508 -3.5118
v  -2.8626 -2.9177 -3.5160
v  -2.8603 -2.8833 -3.4885
v  -2.8474 -2.8439 -3.4887
v  -2.8431 -2.8817 -3.5182
v  -2.8263 -2.8400 -3.5189
v  -3.4536 -3.7298 -3.1672
v  -3.4534 -3.7477 -3.1775
v  -3.4552 -3.7143 -3.1622
v  -3.4762 -3.7326 -3.1608
v  -3.4804 -3.7485 -3.1693
v  -3.4933 -3.7721 -3.1871
v  -3.4763 -3.7219 -3.1555
v  -3.4613 -3.7051 -3.1619
v  -3.4681 -3.6984 -3.1619
v  -3.4788 -3.7130 -3.1528
v  -3.4809 -3.7325 -3.1465
v  -3.4830 -3.7451 -3.1530
v  -3.4818 -3.7217 -3.1426
v  -3.4880 -3.7283 -3.1350
v  -3.4874 -3.7394 -3.1387
v  -3.4895 -3.7529 -3.1447
v  -3.4729 -3.6885 -3.1598
v  -3.4759 -3.6776 -3.1589
v  -3.4879 -3.6876 -3.1545
v  -3.4826 -3.7018 -3.1524
v  -3.4754 -3.6685 -3.1586
v  -3.4808 -3.6684 -3.1570
v  -3.4850 -3.7102 -3.1415
v  -3.4900 -3.6989 -3.1409
v  -3.4950 -3.7078 -3.1314
v  -3.4905 -3.7179 -3.1330
v  -3.5020 -3.6670 -3.1429
v  -3.4944 -3.6780 -3.1490
v  -3.4847 -3.6634 -3.1518
v  -3.4905 -3.6543 -3.1444
v  -3.4971 -3.6880 -3.1384
v  -3.5076 -3.6766 -3.1340
v  -3.5140 -3.6866 -3.1264
v  -3.5026 -3.6973 -3.1295
v  -3.5022 -3.6415 -3.1398
v  -3.5154 -3.6540 -3.1372
v  -3.5157 -3.6285 -3.1375
v  -3.5305 -3.6418 -3.1335
v  -3.5149 -3.7646 -3.1334
v  -3.5220 -3.7801 -3.1418
v  -3.5083 -3.7766 -3.1467
v  -3.5016 -3.7598 -3.1379
v  -3.5200 -3.7952 -3.1589
v  -3.5328 -3.7965 -3.1532
v  -3.5078 -3.7913 -3.1668
v  -3.4958 -3.7702 -3.1540
v  -3.5112 -3.7417 -3.1255
v  -3.5116 -3.7519 -3.1283
v  -3.4991 -3.7463 -3.1326
v  -3.4992 -3.7354 -3.1295
v  -3.5164 -3.7262 -3.1224
v  -3.5127 -3.7335 -3.1238
v  -3.5011 -3.7263 -3.1274
v  -3.5052 -3.7176 -3.1255
v  -3.5230 -3.7184 -3.1209
v  -3.5123 -3.7083 -3.1233
v  -3.5234 -3.6993 -3.1213
v  -3.5330 -3.7113 -3.1197
v  -3.5334 -3.7781 -3.1422
v  -3.5435 -3.7932 -3.1521
v  -3.5263 -3.7641 -3.1347
v  -3.5354 -3.7617 -3.1395
v  -3.5424 -3.7737 -3.1462
v  -3.5521 -3.7871 -3.1543
v  -3.5229 -3.7532 -3.1295
v  -3.5222 -3.7446 -3.1265
v  -3.5311 -3.7452 -3.1323
v  -3.5320 -3.7523 -3.1349
v  -3.5232 -3.7378 -3.1250
v  -3.5262 -3.7318 -3.1243
v  -3.5344 -3.7346 -3.1312
v  -3.5319 -3.7397 -3.1312
v  -3.5401 -3.7189 -3.1238
v  -3.5317 -3.7252 -3.1240
v  -3.5388 -3.7286 -3.1317
v  -3.5459 -3.7226 -3.1320
v  -3.5523 -3.7145 -3.1227
v  -3.5562 -3.7178 -3.1317
v  -3.5470 -3.7058 -3.1183
v  -3.5634 -3.7051 -3.1157
v  -3.5666 -3.7136 -3.1215
v  -3.5691 -3.7149 -3.1312
v  -3.5823 -3.7168 -3.1209
v  -3.5842 -3.7156 -3.1304
v  -3.5811 -3.7116 -3.1131
v  -3.5990 -3.7234 -3.1126
v  -3.5987 -3.7250 -3.1216
v  -3.6001 -3.7219 -3.1309
v  -3.6296 -3.7588 -3.1226
v  -3.6270 -3.7566 -3.1330
v  -3.6142 -3.7391 -3.1251
v  -3.6154 -3.7398 -3.1154
v  -3.6284 -3.7504 -3.1423
v  -3.6154 -3.7346 -3.1345
v  -3.6378 -3.7733 -3.1463
v  -3.6386 -3.7657 -3.1551
v  -3.6421 -3.7769 -3.1363
v  -3.6525 -3.7930 -3.1539
v  -3.6482 -3.7874 -3.1624
v  -3.6476 -3.7795 -3.1700
v  -3.6552 -3.8001 -3.1799
v  -3.6551 -3.8125 -3.1955
v  -3.6509 -3.8048 -3.1992
v  -3.6533 -3.7924 -3.1857
v  -3.6600 -3.8072 -3.1726
v  -3.6622 -3.8200 -3.1906
v  -3.6472 -3.8242 -3.2057
v  -3.6349 -3.8336 -3.2099
v  -3.6554 -3.8323 -3.2057
v  -3.6411 -3.8435 -3.2124
v  -3.6311 -3.8238 -3.2091
v  -3.6424 -3.8155 -3.2066
v  -3.6236 -3.8503 -3.2111
v  -3.6205 -3.8394 -3.2075
v  -3.6044 -3.8520 -3.2015
v  -3.6052 -3.8402 -3.1983
v  -3.6188 -3.8288 -3.2066
v  -3.6057 -3.8290 -3.1985
v  -3.5882 -3.8336 -3.1859
v  -3.5911 -3.8226 -3.1872
v  -3.5836 -3.8451 -3.1891
v  -3.5633 -3.8308 -3.1770
v  -3.5709 -3.8220 -3.1734
v  -3.5766 -3.8123 -3.1745
v  -3.5466 -3.8136 -3.1655
v  -3.5558 -3.8079 -3.1628
v  -3.5634 -3.8001 -3.1640
v  -3.5859 -3.7113 -3.1415
v  -3.5872 -3.7052 -3.1541
v  -3.5728 -3.7106 -3.1558
v  -3.5712 -3.7135 -3.1429
v  -3.6021 -3.7160 -3.1416
v  -3.6043 -3.7086 -3.1537
v  -3.6172 -3.7277 -3.1450
v  -3.6302 -3.7423 -3.1522
v  -3.6320 -3.7333 -3.1633
v  -3.6195 -3.7195 -3.1567
v  -3.6401 -3.7566 -3.1642
v  -3.6417 -3.7466 -3.1742
v  -3.6480 -3.7700 -3.1780
v  -3.6489 -3.7594 -3.1867
v  -3.6525 -3.7828 -3.1919
v  -3.6485 -3.7946 -3.2033
v  -3.6467 -3.7833 -3.2089
v  -3.6516 -3.7720 -3.1992
v  -3.6395 -3.8042 -3.2090
v  -3.6286 -3.8114 -3.2105
v  -3.6262 -3.7979 -3.2141
v  -3.6373 -3.7918 -3.2138
v  -3.6174 -3.8159 -3.2078
v  -3.6057 -3.8161 -3.2006
v  -3.6052 -3.8021 -3.2036
v  -3.6156 -3.8019 -3.2105
v  -3.5696 -3.7904 -3.1689
v  -3.5809 -3.8011 -3.1789
v  -3.5593 -3.7793 -3.1603
v  -3.5655 -3.7703 -3.1685
v  -3.5748 -3.7794 -3.1761
v  -3.5844 -3.7887 -3.1848
v  -3.5931 -3.8104 -3.1904
v  -3.5946 -3.7971 -3.1947
v  -3.6220 -3.7108 -3.1696
v  -3.6063 -3.7008 -3.1673
v  -3.6340 -3.7238 -3.1754
v  -3.6236 -3.7044 -3.1844
v  -3.6349 -3.7158 -3.1895
v  -3.6077 -3.6979 -3.1845
v  -3.6431 -3.7365 -3.1853
v  -3.6426 -3.7276 -3.1974
v  -3.6492 -3.7489 -3.1971
v  -3.6449 -3.7392 -3.2080
v  -3.6492 -3.7612 -3.2082
v  -3.6430 -3.7719 -3.2161
v  -3.6368 -3.7595 -3.2226
v  -3.6437 -3.7507 -3.2167
v  -3.6335 -3.7793 -3.2196
v  -3.6228 -3.7842 -3.2186
v  -3.6189 -3.7692 -3.2227
v  -3.6286 -3.7663 -3.2245
v  -3.6129 -3.7875 -3.2139
v  -3.6038 -3.7876 -3.2069
v  -3.6032 -3.7715 -3.2110
v  -3.6106 -3.7725 -3.2174
v  -3.5952 -3.7830 -3.1991
v  -3.5965 -3.7686 -3.2044
v  -3.5871 -3.7757 -3.1913
v  -3.5905 -3.7620 -3.1994
v  -3.5432 -3.7593 -3.1467
v  -3.5397 -3.7518 -3.1423
v  -3.5387 -3.7457 -3.1400
v  -3.5440 -3.7459 -3.1462
v  -3.5464 -3.7497 -3.1499
v  -3.5504 -3.7554 -3.1550
v  -3.6103 -3.7284 -3.2213
v  -3.6052 -3.7530 -3.2167
v  -3.5998 -3.7544 -3.2113
v  -3.5971 -3.7472 -3.2101
v  -3.6336 -3.7308 -3.2183
v  -3.6346 -3.7408 -3.2225
v  -3.6271 -3.7449 -3.2261
v  -3.5397 -3.7407 -3.1398
v  -3.5466 -3.7420 -3.1487
v  -3.5423 -3.7357 -3.1408
v  -3.5499 -3.7364 -3.1512
v  -3.6085 -3.7060 -3.2034
v  -3.6209 -3.7070 -3.2001
v  -3.6278 -3.7150 -3.2070
v  -3.6353 -3.7229 -3.2095
v  -3.6229 -3.7527 -3.2264
v  -3.6154 -3.7516 -3.2244
v  -3.6099 -3.7571 -3.2201
v  -3.5790 -3.7680 -3.1843
v  -3.5840 -3.7567 -3.1936
v  -3.5711 -3.7605 -3.1776
v  -3.5782 -3.7500 -3.1888
v  -3.5911 -3.7462 -3.2044
v  -3.5888 -3.7386 -3.2032
v  -3.5894 -3.6997 -3.1854
v  -3.5942 -3.7058 -3.2009
v  -3.5868 -3.7186 -3.2032
v  -3.5744 -3.7149 -3.1827
v  -3.5500 -3.7687 -3.1530
v  -3.5570 -3.7623 -3.1613
v  -3.5518 -3.7447 -3.1563
v  -3.5570 -3.7487 -3.1632
v  -3.5564 -3.7374 -3.1615
v  -3.5630 -3.7397 -3.1713
v  -3.5706 -3.7441 -3.1810
v  -3.5635 -3.7540 -3.1705
v  -3.5463 -3.7299 -3.1418
v  -3.5540 -3.7299 -3.1534
v  -3.5523 -3.7240 -3.1426
v  -3.5588 -3.7233 -3.1547
v  -3.5643 -3.7173 -3.1549
v  -3.5605 -3.7185 -3.1430
v  -3.5611 -3.7288 -3.1656
v  -3.5691 -3.7288 -3.1788
v  -3.5650 -3.7210 -3.1673
v  -3.5671 -3.7161 -3.1651
v  -3.5736 -3.7092 -3.1691
v  -3.5874 -3.6993 -3.1685
v  -3.5792 -3.7324 -3.1936
v  -3.4889 -3.7623 -3.1624
v  -3.5006 -3.7849 -3.1763
v  -3.5356 -3.8167 -3.1730
v  -3.5542 -3.8392 -3.1863
v  -3.5249 -3.8179 -3.1830
v  -3.5448 -3.8466 -3.1991
v  -3.5772 -3.8572 -3.1994
v  -3.5704 -3.8679 -3.2144
v  -3.6028 -3.8660 -3.2114
v  -3.6004 -3.8790 -3.2266
v  -3.6283 -3.8643 -3.2194
v  -3.6330 -3.8787 -3.2334
v  -3.6511 -3.8562 -3.2184
v  -3.6663 -3.8711 -3.2324
v  -3.6687 -3.8417 -3.2070
v  -3.6842 -3.8490 -3.2106
v  -3.6753 -3.8286 -3.1842
v  -3.6967 -3.8371 -3.1776
v  -3.7125 -3.8534 -3.2240
v  -3.6993 -3.8534 -3.2166
v  -3.7129 -3.8476 -3.1904
v  -3.7280 -3.8490 -3.1982
v  -3.6890 -3.8717 -3.2383
v  -3.7038 -3.8714 -3.2467
v  -3.6721 -3.8125 -3.1636
v  -3.6885 -3.8142 -3.1545
v  -3.6640 -3.7930 -3.1452
v  -3.6781 -3.7898 -3.1375
v  -3.6530 -3.7727 -3.1276
v  -3.6654 -3.7662 -3.1203
v  -3.6389 -3.7526 -3.1134
v  -3.6501 -3.7439 -3.1061
v  -3.6220 -3.7331 -3.1063
v  -3.6315 -3.7228 -3.0994
v  -3.6026 -3.7147 -3.1056
v  -3.6092 -3.7028 -3.1014
v  -3.5394 -3.6915 -3.1193
v  -3.5308 -3.6761 -3.1226
v  -3.5536 -3.6682 -3.1174
v  -3.5587 -3.6896 -3.1153
v  -3.5406 -3.6533 -3.1261
v  -3.5232 -3.6643 -3.1288
v  -3.5806 -3.6988 -3.1095
v  -3.5833 -3.6846 -3.1085
v  -3.5437 -3.6106 -3.1411
v  -3.5275 -3.6183 -3.1370
v  -3.5432 -3.6324 -3.1321
v  -3.5598 -3.6272 -3.1342
v  -3.5546 -3.6452 -3.1264
v  -3.5686 -3.6583 -3.1193
v  -3.5713 -3.6420 -3.1272
v  -3.5795 -3.6538 -3.1211
v  -3.5698 -3.6054 -3.1493
v  -3.5857 -3.6262 -3.1374
v  -3.5964 -3.5993 -3.1555
v  -3.6119 -3.6250 -3.1402
v  -3.5967 -3.6456 -3.1263
v  -3.6000 -3.6620 -3.1174
v  -3.6225 -3.6497 -3.1268
v  -3.6313 -3.6770 -3.1136
v  -3.5927 -3.6738 -3.1118
v  -3.6196 -3.6912 -3.1045
v  -3.6422 -3.7114 -3.0999
v  -3.6530 -3.7016 -3.1052
v  -3.6709 -3.7249 -3.1076
v  -3.6608 -3.7343 -3.1063
v  -3.6769 -3.7579 -3.1197
v  -3.6877 -3.7499 -3.1170
v  -3.7038 -3.7769 -3.1272
v  -3.6920 -3.7835 -3.1337
v  -3.7064 -3.8116 -3.1462
v  -3.7184 -3.8324 -3.1620
v  -3.7211 -3.8009 -3.1407
v  -3.7425 -3.8206 -3.1619
v  -3.7391 -3.8432 -3.1786
v  -3.7248 -3.8437 -3.1745
v  -3.7120 -3.7667 -3.1201
v  -3.7281 -3.7831 -3.1329
v  -3.7288 -3.7591 -3.1216
v  -3.7162 -3.7543 -3.1144
v  -3.7434 -3.7586 -3.1297
v  -3.7435 -3.7872 -3.1437
v  -3.6963 -3.7423 -3.1084
v  -3.7073 -3.7344 -3.1040
v  -3.6804 -3.7162 -3.1003
v  -3.6928 -3.7006 -3.0900
v  -3.7238 -3.7288 -3.1072
v  -3.7176 -3.6941 -3.0934
v  -3.7390 -3.6874 -3.1016
v  -3.7420 -3.7243 -3.1151
v  -3.6524 -3.6721 -3.1190
v  -3.6649 -3.6596 -3.1148
v  -3.6729 -3.6785 -3.0957
v  -3.6649 -3.6928 -3.1045
v  -3.7151 -3.6581 -3.0822
v  -3.7355 -3.6515 -3.0896
v  -3.6946 -3.6617 -3.0790
v  -3.6996 -3.6286 -3.0709
v  -3.7171 -3.6258 -3.0733
v  -3.7329 -3.6169 -3.0769
v  -3.7098 -3.5999 -3.0637
v  -3.7236 -3.6027 -3.0649
v  -3.7323 -3.5818 -3.0640
v  -3.7311 -3.5982 -3.0649
v  -3.7307 -3.6005 -3.0661
v  -3.7310 -3.5911 -3.0607
v  -3.6839 -3.6234 -3.0845
v  -3.6988 -3.5950 -3.0745
v  -3.6980 -3.5944 -3.0923
v  -3.6848 -3.6172 -3.1102
v  -3.7134 -3.5798 -3.0894
v  -3.7197 -3.5749 -3.0769
v  -3.6765 -3.6529 -3.0891
v  -3.6736 -3.6401 -3.1117
v  -3.6927 -3.6056 -3.1167
v  -3.7011 -3.5929 -3.1007
v  -3.6998 -3.6008 -3.1190
v  -3.7051 -3.5898 -3.1012
v  -3.7043 -3.5895 -3.0992
v  -3.7096 -3.5823 -3.0906
v  -3.6850 -3.6048 -3.1311
v  -3.6907 -3.6016 -3.1338
v  -3.6777 -3.6116 -3.1297
v  -3.6675 -3.5915 -3.1347
v  -3.6762 -3.5868 -3.1342
v  -3.6832 -3.5843 -3.1364
v  -3.5995 -3.4212 -3.1366
v  -3.5945 -3.4165 -3.1539
v  -3.6096 -3.4098 -3.1531
v  -3.6143 -3.4172 -3.1296
v  -3.6174 -3.4093 -3.1529
v  -3.6385 -3.4142 -3.1214
v  -3.6360 -3.4302 -3.1082
v  -3.6226 -3.4379 -3.1119
v  -3.6175 -3.4331 -3.1114
v  -3.6263 -3.4234 -3.1101
v  -3.6524 -3.4383 -3.1116
v  -3.6402 -3.4423 -3.1099
v  -3.6483 -3.4240 -3.1110
v  -3.6264 -3.4474 -3.1136
v  -3.6070 -3.4245 -3.1161
v  -3.5890 -3.4302 -3.1299
v  -3.6035 -3.4382 -3.1160
v  -3.5824 -3.4502 -3.1266
v  -3.5793 -3.4302 -3.1500
v  -3.5691 -3.4510 -3.1487
v  -3.6067 -3.4460 -3.1179
v  -3.6112 -3.4544 -3.1195
v  -3.6003 -3.4615 -3.1242
v  -3.5930 -3.4577 -3.1245
v  -3.5783 -3.5017 -3.1411
v  -3.5690 -3.5057 -3.1549
v  -3.5659 -3.4771 -3.1512
v  -3.5765 -3.4759 -3.1350
v  -3.6296 -3.4624 -3.1169
v  -3.6440 -3.4594 -3.1128
v  -3.6481 -3.4806 -3.1177
v  -3.6332 -3.4819 -3.1217
v  -3.6566 -3.4568 -3.1144
v  -3.6606 -3.4792 -3.1193
v  -3.6002 -3.4929 -3.1334
v  -3.5889 -3.4973 -3.1368
v  -3.5875 -3.4753 -3.1308
v  -3.5983 -3.4738 -3.1282
v  -3.6135 -3.4683 -3.1230
v  -3.6163 -3.4868 -3.1279
v  -3.6463 -3.5315 -3.1329
v  -3.6386 -3.5047 -3.1275
v  -3.6528 -3.5043 -3.1238
v  -3.6590 -3.5308 -3.1299
v  -3.6644 -3.5036 -3.1255
v  -3.6693 -3.5301 -3.1311
v  -3.6015 -3.5542 -3.1540
v  -3.5943 -3.5620 -3.1621
v  -3.5788 -3.5339 -3.1589
v  -3.5869 -3.5281 -3.1479
v  -3.6763 -3.5590 -3.1348
v  -3.6674 -3.5605 -3.1332
v  -3.6567 -3.5627 -3.1358
v  -3.6410 -3.6469 -3.1301
v  -3.6553 -3.6375 -3.1315
v  -3.6293 -3.6199 -3.1434
v  -3.6412 -3.6065 -3.1438
v  -3.6180 -3.5420 -3.1441
v  -3.6074 -3.5462 -3.1484
v  -3.5962 -3.5218 -3.1432
v  -3.6072 -3.5157 -3.1392
v  -3.6198 -3.5812 -3.1537
v  -3.6127 -3.5918 -3.1575
v  -3.6201 -3.5684 -3.1500
v  -3.6312 -3.5721 -3.1459
v  -3.6672 -3.6237 -3.1295
v  -3.6562 -3.5996 -3.1374
v  -3.6319 -3.5361 -3.1385
v  -3.6440 -3.5684 -3.1406
v  -3.6225 -3.5092 -3.1335
v  -3.4525 -3.7645 -3.1946
v  -3.4526 -3.7710 -3.2160
v  -3.4937 -3.7831 -3.2105
v  -3.4932 -3.7905 -3.2309
v  -3.4532 -3.7656 -3.2355
v  -3.4613 -3.7587 -3.2589
v  -3.4913 -3.7864 -3.2502
v  -3.4875 -3.7760 -3.2634
v  -3.5230 -3.8067 -3.2114
v  -3.5191 -3.8145 -3.1959
v  -3.5406 -3.8458 -3.2167
v  -3.5415 -3.8396 -3.2346
v  -3.5661 -3.8696 -3.2347
v  -3.5640 -3.8646 -3.2551
v  -3.5972 -3.8856 -3.2480
v  -3.5935 -3.8829 -3.2713
v  -3.6354 -3.8903 -3.2551
v  -3.6332 -3.8915 -3.2814
v  -3.6682 -3.8869 -3.2575
v  -3.6819 -3.8882 -3.2886
v  -3.6855 -3.8833 -3.2557
v  -3.6957 -3.8834 -3.2651
v  -3.5214 -3.8086 -3.2293
v  -3.5195 -3.8095 -3.2485
v  -3.5417 -3.8341 -3.2508
v  -3.5407 -3.8245 -3.2672
v  -3.5174 -3.7996 -3.2673
v  -3.5097 -3.7798 -3.2803
v  -3.5394 -3.8058 -3.2837
v  -3.5345 -3.7796 -3.2987
v  -3.5638 -3.8535 -3.2713
v  -3.5631 -3.8358 -3.2857
v  -3.5901 -3.8690 -3.2904
v  -3.5878 -3.8440 -3.3029
v  -3.6408 -3.8496 -3.3326
v  -3.6147 -3.8507 -3.3183
v  -3.6239 -3.8801 -3.3057
v  -3.6575 -3.8785 -3.3207
v  -3.4880 -3.7540 -3.2872
v  -3.5217 -3.7491 -3.3131
v  -3.5035 -3.7178 -3.3276
v  -3.4608 -3.7272 -3.2940
v  -3.4386 -3.7017 -3.3037
v  -3.4837 -3.6875 -3.3397
v  -3.4639 -3.6573 -3.3485
v  -3.4196 -3.6765 -3.3132
v  -3.4011 -3.6532 -3.3223
v  -3.3847 -3.6311 -3.3301
v  -3.4451 -3.6278 -3.3548
v  -3.4286 -3.5997 -3.3585
v  -3.3381 -3.5420 -3.3472
v  -3.3310 -3.5303 -3.3473
v  -3.3446 -3.5552 -3.3464
v  -3.3906 -3.5107 -3.3683
v  -3.3840 -3.4963 -3.3676
v  -3.3753 -3.4844 -3.3662
v  -3.3215 -3.5181 -3.3465
v  -3.3088 -3.5049 -3.3456
v  -3.3634 -3.4722 -3.3654
v  -3.3488 -3.4607 -3.3678
v  -3.4327 -3.4037 -3.4335
v  -3.3886 -3.4271 -3.4009
v  -3.4018 -3.4359 -3.3932
v  -3.4428 -3.4121 -3.4221
v  -3.4131 -3.4472 -3.3897
v  -3.4513 -3.4240 -3.4149
v  -3.2917 -3.4910 -3.3475
v  -3.3330 -3.4513 -3.3747
v  -3.3138 -3.4438 -3.3840
v  -3.2698 -3.4788 -3.3535
v  -3.3754 -3.4204 -3.4110
v  -3.3601 -3.4137 -3.4222
v  -3.4225 -3.3966 -3.4458
v  -3.4111 -3.3885 -3.4592
v  -3.2426 -3.4670 -3.3587
v  -3.2890 -3.4366 -3.3927
v  -3.2629 -3.4277 -3.4016
v  -3.2147 -3.4522 -3.3634
v  -3.3402 -3.4063 -3.4343
v  -3.3976 -3.3786 -3.4753
v  -3.3830 -3.3695 -3.4934
v  -3.3191 -3.3979 -3.4472
v  -3.1890 -3.4358 -3.3740
v  -3.2402 -3.4177 -3.4135
v  -3.2227 -3.4127 -3.4293
v  -3.1700 -3.4311 -3.3916
v  -3.3716 -3.6097 -3.3359
v  -3.3610 -3.5897 -3.3403
v  -3.4146 -3.5749 -3.3617
v  -3.4037 -3.5521 -3.3645
v  -3.3521 -3.5714 -3.3441
v  -3.3964 -3.5301 -3.3671
v  -3.4212 -3.4598 -3.3897
v  -3.4273 -3.4754 -3.3905
v  -3.4618 -3.4540 -3.4134
v  -3.4568 -3.4376 -3.4131
v  -3.5261 -3.6354 -3.4039
v  -3.5103 -3.5974 -3.4096
v  -3.4788 -3.6100 -3.3845
v  -3.4963 -3.6451 -3.3794
v  -3.4641 -3.5763 -3.3857
v  -3.4978 -3.5607 -3.4106
v  -3.4509 -3.5478 -3.3880
v  -3.4404 -3.5221 -3.3898
v  -3.4864 -3.5300 -3.4130
v  -3.4765 -3.5027 -3.4146
v  -3.4331 -3.4970 -3.3906
v  -3.4684 -3.4765 -3.4144
v  -3.5487 -3.7438 -3.3324
v  -3.5355 -3.7105 -3.3525
v  -3.5565 -3.7779 -3.3141
v  -3.5758 -3.7769 -3.3269
v  -3.5695 -3.7425 -3.3440
v  -3.5706 -3.7081 -3.3711
v  -3.5612 -3.8094 -3.2991
v  -3.5829 -3.8119 -3.3135
v  -3.6045 -3.8145 -3.3266
v  -3.6251 -3.8126 -3.3388
v  -3.6081 -3.7744 -3.3462
v  -3.5933 -3.7786 -3.3364
v  -3.5845 -3.7498 -3.3469
v  -3.5916 -3.7415 -3.3553
v  -3.5165 -3.6785 -3.3686
v  -3.5454 -3.6701 -3.3913
v  -3.5090 -3.9092 -3.5175
v  -3.5138 -3.9268 -3.5089
v  -3.4895 -3.9118 -3.5033
v  -3.4898 -3.8957 -3.5123
v  -3.4608 -3.8891 -3.4947
v  -3.4663 -3.8748 -3.5055
v  -3.4261 -3.8628 -3.4865
v  -3.3913 -3.8357 -3.4814
v  -3.4036 -3.8253 -3.4933
v  -3.4357 -3.8504 -3.4980
v  -3.3628 -3.8104 -3.4804
v  -3.3388 -3.7859 -3.4825
v  -3.3546 -3.7776 -3.4955
v  -3.3769 -3.8014 -3.4930
v  -3.3181 -3.7606 -3.4851
v  -3.3011 -3.7265 -3.4899
v  -3.3356 -3.7533 -3.4999
v  -3.3204 -3.7198 -3.5087
v  -3.5346 -3.9127 -3.5280
v  -3.5460 -3.9302 -3.5195
v  -3.5324 -3.9318 -3.5132
v  -3.5239 -3.9138 -3.5223
v  -3.5218 -3.9039 -3.5436
v  -3.5133 -3.9031 -3.5358
v  -3.4991 -3.8949 -3.5496
v  -3.5026 -3.8968 -3.5282
v  -3.4952 -3.8907 -3.5386
v  -3.5072 -3.8972 -3.5630
v  -3.4872 -3.8842 -3.5236
v  -3.4824 -3.8804 -3.5389
v  -3.4667 -3.8660 -3.5196
v  -3.4631 -3.8635 -3.5382
v  -3.4127 -3.8200 -3.5296
v  -3.4389 -3.8422 -3.5337
v  -3.4389 -3.8443 -3.5142
v  -3.4095 -3.8213 -3.5102
v  -3.3703 -3.7751 -3.5298
v  -3.3902 -3.7973 -3.5281
v  -3.3846 -3.7985 -3.5097
v  -3.3640 -3.7750 -3.5118
v  -3.3549 -3.7512 -3.5336
v  -3.3459 -3.7518 -3.5167
v  -3.3335 -3.7191 -3.5259
v  -3.3455 -3.7201 -3.5411
v  -3.4807 -3.8814 -3.5597
v  -3.4913 -3.8790 -3.5781
v  -3.4624 -3.8609 -3.5626
v  -3.4749 -3.8450 -3.5866
v  -3.4280 -3.8088 -3.5693
v  -3.4479 -3.8283 -3.5755
v  -3.4403 -3.8392 -3.5579
v  -3.4175 -3.8167 -3.5514
v  -3.4562 -3.7961 -3.5914
v  -3.4642 -3.8172 -3.5895
v  -3.4524 -3.8168 -3.5829
v  -3.4404 -3.8007 -3.5814
v  -3.3942 -3.7672 -3.5652
v  -3.4096 -3.7887 -3.5661
v  -3.3976 -3.7942 -3.5477
v  -3.3794 -3.7724 -3.5482
v  -3.4405 -3.7538 -3.5946
v  -3.4484 -3.7753 -3.5932
v  -3.4276 -3.7822 -3.5807
v  -3.4158 -3.7610 -3.5806
v  -3.3668 -3.7482 -3.5504
v  -3.3838 -3.7434 -3.5661
v  -3.3599 -3.7190 -3.5554
v  -3.3780 -3.7157 -3.5685
v  -3.4330 -3.7298 -3.5946
v  -3.4071 -3.7373 -3.5806
v  -3.4003 -3.7101 -3.5813
v  -3.4239 -3.7030 -3.5953
v  -3.3922 -3.6797 -3.5876
v  -3.4111 -3.6733 -3.6003
v  -3.3743 -3.6835 -3.5759
v  -3.3718 -3.6602 -3.5841
v  -3.3820 -3.6511 -3.5952
v  -3.3973 -3.6443 -3.6072
v  -3.3426 -3.6768 -3.5545
v  -3.3580 -3.6819 -3.5654
v  -3.3601 -3.6485 -3.5811
v  -3.3448 -3.6355 -3.5745
v  -3.3693 -3.6285 -3.5982
v  -3.3852 -3.6188 -3.6134
v  -3.3548 -3.6087 -3.5979
v  -3.3743 -3.5948 -3.6183
v  -3.3270 -3.6705 -3.5419
v  -3.3275 -3.6218 -3.5657
v  -3.3091 -3.6686 -3.5249
v  -3.2991 -3.6040 -3.5474
v  -3.2864 -3.6774 -3.5004
v  -3.2664 -3.6249 -3.5067
v  -3.3389 -3.5882 -3.5955
v  -3.3636 -3.5698 -3.6223
v  -3.3200 -3.5619 -3.5895
v  -3.3527 -3.5390 -3.6238
v  -3.2361 -3.5789 -3.4940
v  -3.2074 -3.5361 -3.4688
v  -3.2436 -3.5130 -3.5037
v  -3.2678 -3.5548 -3.5289
v  -3.3370 -3.4543 -3.6062
v  -3.3431 -3.4978 -3.6181
v  -3.2983 -3.5239 -3.5763
v  -3.2817 -3.4821 -3.5571
v  -3.1860 -3.4949 -3.4451
v  -3.1697 -3.4614 -3.4292
v  -3.2144 -3.4418 -3.4676
v  -3.2256 -3.4739 -3.4839
v  -3.1640 -3.4398 -3.4107
v  -3.2125 -3.4199 -3.4496
v  -3.2715 -3.4436 -3.5389
v  -3.2647 -3.4107 -3.5235
v  -3.3312 -3.3807 -3.5786
v  -3.3337 -3.4149 -3.5917
v  -3.3001 -3.3891 -3.4617
v  -3.3685 -3.3622 -3.5121
v  -3.3539 -3.3571 -3.5320
v  -3.2830 -3.3828 -3.4792
v  -3.2674 -3.3870 -3.5031
v  -3.3384 -3.3588 -3.5567
v  -2.9276 -3.1779 -3.5021
v  -2.9201 -3.1335 -3.5185
v  -2.9643 -3.1033 -3.4946
v  -2.9620 -3.0673 -3.5122
v  -2.9543 -3.1084 -3.5247
v  -2.9551 -3.0724 -3.5471
v  -2.9421 -3.0235 -3.5297
v  -2.9064 -2.9842 -3.5417
v  -2.9267 -3.0312 -3.5641
v  -2.8873 -2.9924 -3.5764
v  -2.8738 -2.9512 -3.5492
v  -2.8467 -2.9187 -3.5551
v  -2.8550 -2.9591 -3.5859
v  -2.8275 -2.9266 -3.5943
v  -2.8236 -2.8837 -3.5591
v  -2.8008 -2.8406 -3.5599
v  -2.8009 -2.8918 -3.6006
v  -2.7735 -2.8474 -3.6021
v  -2.8612 -3.1010 -3.5513
v  -2.8492 -3.0834 -3.5748
v  -2.8763 -3.0976 -3.5902
v  -2.8859 -3.1044 -3.5658
v  -2.8360 -3.0766 -3.5973
v  -2.8294 -3.0813 -3.6189
v  -2.8512 -3.0963 -3.6235
v  -2.8622 -3.0944 -3.6095
v  -2.9408 -3.1136 -3.5486
v  -2.9483 -3.0836 -3.5753
v  -2.9261 -3.1154 -3.5704
v  -2.9474 -3.0999 -3.6009
v  -2.9174 -3.0474 -3.5914
v  -2.9130 -3.0687 -3.6153
v  -2.8679 -3.0318 -3.6254
v  -2.8759 -3.0091 -3.6032
v  -2.8414 -2.9748 -3.6147
v  -2.8314 -2.9950 -3.6398
v  -2.8105 -2.9415 -3.6261
v  -2.7969 -2.9603 -3.6541
v  -2.7806 -2.9059 -3.6351
v  -2.7513 -2.8632 -3.6401
v  -2.7665 -2.9242 -3.6681
v  -2.7372 -2.8852 -3.6787
v  -2.6839 -2.8730 -3.8081
v  -2.6652 -2.8426 -3.7580
v  -2.7046 -2.8748 -3.7364
v  -2.7182 -2.9028 -3.7854
v  -2.7047 -2.8424 -3.6875
v  -2.6622 -2.7930 -3.7021
v  -2.7359 -2.9095 -3.7205
v  -2.7469 -2.9346 -3.7660
v  -2.7635 -2.9443 -3.7040
v  -2.7750 -2.9669 -3.7474
v  -2.7908 -2.9789 -3.6848
v  -2.8038 -3.0010 -3.7283
v  -2.8666 -3.0523 -3.6527
v  -2.8266 -3.0145 -3.6678
v  -2.8334 -3.0365 -3.7075
v  -2.8734 -3.0742 -3.6895
v  -2.8220 -3.1432 -3.6490
v  -2.8363 -3.1284 -3.6481
v  -2.8460 -3.1819 -3.6572
v  -2.8758 -3.1631 -3.6555
v  -2.8342 -3.1029 -3.6378
v  -2.8628 -3.1196 -3.6379
v  -2.8713 -3.2299 -3.6650
v  -2.9028 -3.2160 -3.6729
v  -2.8903 -3.1259 -3.6294
v  -2.9112 -3.1246 -3.6151
v  -2.9175 -3.1657 -3.6520
v  -2.9563 -3.1557 -3.6524
v  -2.9194 -3.1176 -3.5948
v  -2.9488 -3.1183 -3.6235
v  -2.9148 -3.0899 -3.6416
v  -2.9236 -3.1129 -3.6741
v  -2.9372 -3.2082 -3.6768
v  -2.9696 -3.2044 -3.6835
v  -2.9488 -3.2532 -3.6954
v  -2.9800 -3.2459 -3.7023
v  -2.9374 -3.3294 -3.7330
v  -2.8931 -3.3390 -3.7591
v  -2.8960 -3.3326 -3.7750
v  -2.9585 -3.3215 -3.7519
v  -2.9524 -3.2956 -3.7109
v  -2.9790 -3.2871 -3.7215
v  -2.9066 -3.3324 -3.7996
v  -2.9675 -3.3403 -3.7821
v  -2.9164 -3.3555 -3.8216
v  -2.9749 -3.3684 -3.7991
v  -2.9179 -3.3890 -3.8329
v  -2.9781 -3.4048 -3.8057
v  -2.9062 -3.4229 -3.8317
v  -2.9789 -3.4522 -3.7987
v  -2.8788 -3.4383 -3.8104
v  -2.9353 -3.4735 -3.7771
v  -2.9793 -3.5114 -3.7447
v  -3.0143 -3.5483 -3.7173
v  -3.0193 -3.4980 -3.7673
v  -3.0503 -3.5331 -3.7420
v  -3.0434 -3.5798 -3.6986
v  -3.0680 -3.6055 -3.6853
v  -3.0981 -3.5879 -3.7142
v  -3.0764 -3.5630 -3.7255
v  -3.0890 -3.6265 -3.6746
v  -3.1090 -3.6448 -3.6662
v  -3.1332 -3.6266 -3.6995
v  -3.1161 -3.6079 -3.7055
v  -3.1300 -3.6641 -3.6610
v  -3.1525 -3.6472 -3.6960
v  -3.1521 -3.6863 -3.6587
v  -3.1739 -3.6709 -3.6944
v  -3.1757 -3.7142 -3.6587
v  -3.1978 -3.6988 -3.6938
v  -3.2004 -3.7462 -3.6613
v  -3.2240 -3.7291 -3.6934
v  -3.2300 -3.7793 -3.6640
v  -3.2541 -3.7588 -3.6910
v  -3.2656 -3.8107 -3.6690
v  -3.2908 -3.7831 -3.6876
v  -3.0279 -3.2050 -3.7467
v  -2.9858 -3.1745 -3.7036
v  -2.9942 -3.2033 -3.6997
v  -3.0158 -3.2331 -3.7134
v  -2.9170 -3.1275 -3.7993
v  -2.8918 -3.0990 -3.7415
v  -2.9466 -3.1351 -3.7208
v  -2.9742 -3.1589 -3.7749
v  -2.8528 -3.0548 -3.8325
v  -2.8252 -3.0278 -3.7796
v  -2.8538 -3.0630 -3.7609
v  -2.8768 -3.0945 -3.8184
v  -2.8024 -2.9813 -3.8644
v  -2.7682 -2.9607 -3.8159
v  -2.7969 -2.9937 -3.7977
v  -2.8290 -3.0168 -3.8483
v  -2.7408 -2.9279 -3.8352
v  -2.7142 -2.8932 -3.8567
v  -2.7732 -2.9469 -3.8806
v  -2.7400 -2.9126 -3.8950
v  -3.0223 -3.2763 -3.7264
v  -3.0225 -3.3185 -3.7481
v  -3.0733 -3.3186 -3.7532
v  -3.0644 -3.2663 -3.7477
v  -3.0264 -3.3488 -3.7672
v  -3.0747 -3.3542 -3.7641
v  -3.0303 -3.3772 -3.7791
v  -3.0752 -3.3819 -3.7714
v  -3.0347 -3.4106 -3.7836
v  -3.0798 -3.4111 -3.7730
v  -3.0443 -3.4461 -3.7789
v  -3.0893 -3.4396 -3.7672
v  -3.0645 -3.4811 -3.7669
v  -3.1041 -3.4674 -3.7602
v  -3.0887 -3.5132 -3.7532
v  -3.1221 -3.4928 -3.7520
v  -3.1109 -3.5393 -3.7407
v  -3.1418 -3.5143 -3.7433
v  -3.1308 -3.5610 -3.7305
v  -3.1605 -3.5351 -3.7382
v  -3.1923 -3.5768 -3.7352
v  -3.1768 -3.5556 -3.7358
v  -3.1479 -3.5803 -3.7226
v  -3.1645 -3.5998 -3.7177
v  -3.2259 -3.6269 -3.7382
v  -3.2086 -3.6001 -3.7365
v  -3.1823 -3.6224 -3.7160
v  -3.2014 -3.6486 -3.7167
v  -3.2664 -3.6911 -3.7357
v  -3.2448 -3.6585 -3.7389
v  -3.2224 -3.6785 -3.7180
v  -3.2461 -3.7094 -3.7174
v  -3.3048 -3.7448 -3.7237
v  -3.2883 -3.7233 -3.7308
v  -3.2721 -3.7394 -3.7136
v  -3.3028 -3.7610 -3.7079
v  -3.2832 -3.6792 -3.7540
v  -3.3044 -3.7153 -3.7451
v  -3.3213 -3.7104 -3.7570
v  -3.3009 -3.6713 -3.7691
v  -3.3239 -3.7466 -3.7296
v  -3.3437 -3.7443 -3.7393
v  -3.2159 -3.5595 -3.7705
v  -3.2097 -3.5644 -3.7552
v  -3.2261 -3.5844 -3.7594
v  -3.2296 -3.5702 -3.7808
v  -3.2442 -3.6085 -3.7621
v  -3.2579 -3.5860 -3.7932
v  -3.2634 -3.6415 -3.7594
v  -3.2816 -3.6315 -3.7794
v  -3.1935 -3.5214 -3.7760
v  -3.1812 -3.5229 -3.7545
v  -3.1952 -3.5441 -3.7539
v  -3.2071 -3.5431 -3.7737
v  -3.2228 -3.5461 -3.7890
v  -3.2402 -3.5457 -3.8008
v  -3.2279 -3.5145 -3.8042
v  -3.2100 -3.5187 -3.7916
v  -3.1620 -3.4801 -3.7873
v  -3.1456 -3.4834 -3.7664
v  -3.1642 -3.5025 -3.7585
v  -3.1785 -3.5001 -3.7803
v  -3.1962 -3.4943 -3.7964
v  -3.2154 -3.4878 -3.8104
v  -3.2018 -3.4650 -3.8202
v  -3.1811 -3.4727 -3.8046
v  -3.1306 -3.4383 -3.8040
v  -3.1138 -3.4398 -3.7828
v  -3.1287 -3.4629 -3.7747
v  -3.1459 -3.4601 -3.7955
v  -3.1657 -3.4525 -3.8147
v  -3.1506 -3.4316 -3.8252
v  -3.1873 -3.4446 -3.8325
v  -3.1727 -3.4241 -3.8450
v  -3.1014 -3.4135 -3.7896
v  -3.1165 -3.4131 -3.8120
v  -3.1055 -3.3866 -3.8183
v  -3.0933 -3.3854 -3.7926
v  -3.1362 -3.4082 -3.8352
v  -3.1233 -3.3843 -3.8443
v  -3.1582 -3.4019 -3.8564
v  -3.1444 -3.3798 -3.8669
v  -3.0911 -3.3581 -3.7910
v  -3.0976 -3.3620 -3.8228
v  -3.0890 -3.3330 -3.8272
v  -3.0888 -3.3239 -3.7885
v  -3.1116 -3.3628 -3.8529
v  -3.1314 -3.3597 -3.8772
v  -3.0985 -3.3387 -3.8619
v  -3.1173 -3.3377 -3.8883
v  -3.0475 -3.2541 -3.8476
v  -3.0435 -3.2262 -3.8024
v  -3.0744 -3.2756 -3.7907
v  -3.0729 -3.2946 -3.8341
v  -3.0807 -3.3082 -3.8723
v  -3.1002 -3.3101 -3.9016
v  -3.0810 -3.2771 -3.9161
v  -3.0587 -3.2736 -3.8869
v  -2.9952 -3.1885 -3.8265
v  -3.0117 -3.2143 -3.8677
v  -2.9743 -3.1773 -3.8875
v  -2.9476 -3.1559 -3.8464
v  -3.0319 -3.2291 -3.9030
v  -3.0573 -3.2302 -3.9288
v  -3.0311 -3.1852 -3.9455
v  -3.0016 -3.1877 -3.9211
v  -2.9084 -3.1230 -3.8661
v  -2.9392 -3.1430 -3.9081
v  -2.9081 -3.1088 -3.9279
v  -2.8790 -3.0860 -3.8835
v  -2.9712 -3.1502 -3.9411
v  -3.0040 -3.1455 -3.9659
v  -2.9768 -3.1108 -3.9892
v  -2.9421 -3.1158 -3.9627
v  -2.8553 -3.0459 -3.8990
v  -2.8799 -3.0732 -3.9464
v  -2.8517 -3.0372 -3.9635
v  -2.8318 -3.0059 -3.9133
v  -2.9138 -3.0833 -3.9847
v  -2.9499 -3.0790 -4.0130
v  -2.9226 -3.0482 -4.0345
v  -2.8846 -3.0521 -4.0056
v  -2.8045 -2.9664 -3.9258
v  -2.8237 -2.9966 -3.9766
v  -2.7903 -2.9474 -3.9866
v  -2.7702 -2.9277 -3.9352
v  -2.8545 -3.0205 -4.0224
v  -2.8941 -3.0183 -4.0521
v  -2.8636 -2.9928 -4.0682
v  -2.8242 -2.9908 -4.0374
v  -2.7228 -2.8134 -3.6413
v  -2.7448 -2.7882 -3.5991
v  -2.6973 -2.7607 -3.6437
v  -2.7310 -2.7154 -3.5951
v  -2.6776 -2.7250 -3.6440
v  -2.6930 -2.6855 -3.6210
v  -2.6446 -2.7333 -3.6775
v  -2.6487 -2.6816 -3.6554
v  -3.1375 -2.5231 -3.4153
v  -3.1471 -2.5172 -3.4212
v  -3.1284 -2.5364 -3.4122
v  -3.1014 -2.5176 -3.4367
v  -3.1104 -2.5013 -3.4366
v  -3.1221 -2.4934 -3.4420
v  -2.9519 -2.4071 -3.5589
v  -2.9163 -2.3941 -3.5893
v  -2.9324 -2.3855 -3.5948
v  -2.9653 -2.3974 -3.5623
v  -2.8980 -2.3804 -3.6353
v  -2.8765 -2.3869 -3.6257
v  -2.9171 -2.3742 -3.6468
v  -2.9467 -2.3805 -3.6029
v  -2.9775 -2.3918 -3.5684
v  -2.7560 -2.6398 -3.5703
v  -2.7148 -2.6290 -3.6018
v  -2.7410 -2.5823 -3.5944
v  -2.7883 -2.5938 -3.5645
v  -2.6635 -2.6289 -3.6379
v  -2.6847 -2.5831 -3.6295
v  -2.7400 -2.5143 -3.6325
v  -2.8027 -2.5146 -3.6020
v  -2.7721 -2.5462 -3.5980
v  -2.7110 -2.5464 -3.6301
v  -2.8234 -2.5573 -3.5693
v  -2.8547 -2.5261 -3.5730
v  -2.7910 -2.4567 -3.6277
v  -2.8476 -2.4571 -3.5927
v  -2.8279 -2.4845 -3.5997
v  -2.7676 -2.4849 -3.6325
v  -2.8783 -2.4987 -3.5709
v  -2.8955 -2.4764 -3.5669
v  -2.8650 -2.4355 -3.5872
v  -2.9084 -2.4554 -3.5617
v  -2.8116 -2.4303 -3.6199
v  -2.8332 -2.4088 -3.6141
v  -2.8824 -2.4181 -3.5841
v  -2.9215 -2.4361 -3.5585
v  -2.8998 -2.4057 -3.5861
v  -2.9369 -2.4203 -3.5576
v  -2.8555 -2.3959 -3.6176
v  -2.9936 -2.4361 -3.5274
v  -3.0169 -2.4144 -3.5318
v  -3.0049 -2.4228 -3.5275
v  -3.0450 -2.4523 -3.4933
v  -3.0575 -2.4415 -3.4965
v  -3.0347 -2.4685 -3.4946
v  -2.9968 -2.5473 -3.5124
v  -3.0379 -2.5822 -3.4813
v  -3.0153 -2.5930 -3.4816
v  -2.9767 -2.5602 -3.5118
v  -3.0378 -2.6185 -3.4512
v  -3.0670 -2.6126 -3.4413
v  -3.0109 -2.6298 -3.4527
v  -2.9871 -2.6065 -3.4803
v  -2.9474 -2.5771 -3.5094
v  -3.0793 -2.4775 -3.4619
v  -3.0925 -2.4676 -3.4667
v  -3.0695 -2.4950 -3.4633
v  -3.0957 -2.5411 -3.4405
v  -3.0642 -2.5175 -3.4683
v  -3.0588 -2.5414 -3.4736
v  -3.0896 -2.5668 -3.4443
v  -3.0195 -2.5093 -3.5031
v  -3.0270 -2.4882 -3.4982
v  -2.9824 -2.4525 -3.5290
v  -2.9709 -2.4708 -3.5324
v  -3.0807 -2.5891 -3.4454
v  -3.0508 -2.5633 -3.4775
v  -3.0098 -2.5292 -3.5077
v  -2.9011 -2.5482 -3.5412
v  -2.9264 -2.5259 -3.5414
v  -2.9448 -2.5079 -3.5402
v  -2.9583 -2.4893 -3.5359
v  -2.8048 -2.7331 -3.5155
v  -2.8099 -2.7884 -3.5195
v  -2.7780 -2.7824 -3.5573
v  -2.7676 -2.7178 -3.5483
v  -3.0372 -2.6333 -3.4220
v  -3.0155 -2.6416 -3.4267
v  -3.0541 -2.6322 -3.4090
v  -3.0227 -2.6347 -3.3944
v  -3.0355 -2.6340 -3.3793
v  -3.0057 -2.6416 -3.4026
v  -2.9763 -2.8328 -3.3362
v  -2.9706 -2.8388 -3.3567
v  -2.9498 -2.7931 -3.3683
v  -2.9507 -2.7814 -3.3489
v  -2.9500 -2.8422 -3.3683
v  -2.9385 -2.7967 -3.3823
v  -2.9722 -2.8268 -3.3061
v  -2.9457 -2.8258 -3.2779
v  -2.9452 -2.7825 -3.3091
v  -2.9166 -2.7797 -3.2804
v  -2.9072 -2.8181 -3.2512
v  -2.8777 -2.7682 -3.2541
v  -2.8562 -2.7181 -3.2550
v  -2.8166 -2.6930 -3.2243
v  -2.8962 -2.7358 -3.2792
v  -2.8827 -2.6966 -3.2765
v  -2.8471 -2.6772 -3.2548
v  -2.8043 -2.6345 -3.2255
v  -2.9228 -2.7417 -3.3076
v  -2.9362 -2.7350 -3.3376
v  -2.9216 -2.6955 -3.3280
v  -2.9066 -2.7018 -3.3026
v  -2.9482 -2.7114 -3.3595
v  -2.9359 -2.6791 -3.3449
v  -2.9564 -2.7354 -3.3753
v  -2.9706 -2.6968 -3.3928
v  -2.9614 -2.6813 -3.3736
v  -2.9501 -2.6589 -3.3544
v  -2.9862 -2.6634 -3.4024
v  -2.9766 -2.6548 -3.3801
v  -2.9926 -2.6356 -3.3784
v  -2.9654 -2.6406 -3.3577
v  -2.9804 -2.6277 -3.3537
v  -3.0187 -2.6296 -3.3503
v  -3.0068 -2.6287 -3.3678
v  -2.9920 -2.6242 -3.3423
v  -2.9998 -2.6276 -3.3240
v  -2.9905 -2.6158 -3.2741
v  -3.0053 -2.6343 -3.2985
v  -2.9876 -2.5818 -3.2573
v  -2.9756 -2.5856 -3.2880
v  -2.9836 -2.6151 -3.3009
v  -2.9635 -2.6070 -3.3198
v  -2.9707 -2.6191 -3.3319
v  -2.9787 -2.6171 -3.3190
v  -2.9677 -2.5970 -3.3075
v  -2.8574 -2.7700 -3.4731
v  -2.8601 -2.8096 -3.4725
v  -2.8370 -2.7986 -3.4913
v  -2.8344 -2.7519 -3.4910
v  -2.8299 -2.6121 -3.5310
v  -2.7882 -2.6542 -3.5339
v  -2.8256 -2.6800 -3.5050
v  -2.8734 -2.6403 -3.4935
v  -2.8681 -2.5770 -3.5367
v  -2.9120 -2.6032 -3.5029
v  -2.8782 -2.7113 -3.4660
v  -2.8663 -2.7338 -3.4701
v  -2.8495 -2.7083 -3.4847
v  -2.8756 -2.6832 -3.4740
v  -2.9794 -2.6551 -3.4475
v  -2.9520 -2.6316 -3.4735
v  -2.9205 -2.6617 -3.4645
v  -2.9493 -2.6966 -3.4352
v  -2.9550 -2.7458 -3.3921
v  -2.9699 -2.7024 -3.4131
v  -2.9422 -2.7498 -3.4065
v  -2.9893 -2.6646 -3.4235
v  -2.9216 -2.8364 -3.3791
v  -2.9207 -2.7969 -3.3960
v  -2.8984 -2.8302 -3.3987
v  -2.9039 -2.7965 -3.4116
v  -2.8841 -2.8276 -3.4191
v  -2.8917 -2.7967 -3.4266
v  -2.8770 -2.8253 -3.4388
v  -2.8842 -2.7919 -3.4433
v  -2.8734 -2.8192 -3.4565
v  -2.8740 -2.7833 -3.4585
v  -2.9092 -2.7666 -3.4257
v  -2.8988 -2.7749 -3.4327
v  -2.8938 -2.7642 -3.4443
v  -2.9068 -2.7422 -3.4412
v  -2.8820 -2.7515 -3.4567
v  -2.8931 -2.7217 -3.4553
v  -2.9034 -2.6917 -3.4580
v  -2.9225 -2.7206 -3.4380
v  -2.9245 -2.7568 -3.4163
v  -2.8031 -2.6412 -3.0459
v  -2.8198 -2.5934 -3.0189
v  -2.7823 -2.5902 -3.0437
v  -2.7997 -2.5469 -3.0141
v  -2.8511 -2.5503 -3.0047
v  -2.8869 -2.5158 -3.0139
v  -2.8333 -2.5063 -2.9956
v  -2.8712 -2.4727 -2.9982
v  -2.9132 -2.4366 -3.0647
v  -2.9246 -2.4834 -3.0925
v  -2.9148 -2.4955 -3.0464
v  -2.9013 -2.4518 -3.0238
v  -2.9251 -2.4078 -3.1325
v  -2.9421 -2.4576 -3.1640
v  -2.9355 -2.4700 -3.1292
v  -2.9210 -2.4220 -3.0998
v  -2.9338 -2.6022 -3.3225
v  -2.9410 -2.6330 -3.3385
v  -2.9572 -2.6243 -3.3381
v  -2.9516 -2.6034 -3.3213
v  -2.8949 -2.6157 -3.3109
v  -2.9077 -2.6569 -3.3203
v  -2.9240 -2.6450 -3.3338
v  -2.9140 -2.6070 -3.3211
v  -2.9248 -2.5182 -3.2699
v  -2.9561 -2.5559 -3.2798
v  -2.9719 -2.5453 -3.2454
v  -2.9506 -2.5028 -3.2301
v  -2.9501 -2.5784 -3.3030
v  -2.9283 -2.5657 -3.3018
v  -2.8848 -2.3945 -3.1929
v  -2.9032 -2.4533 -3.2324
v  -2.9300 -2.4513 -3.2034
v  -2.9116 -2.3968 -3.1672
v  -2.8935 -2.6639 -3.2973
v  -2.8749 -2.6646 -3.2743
v  -2.8807 -2.6239 -3.2905
v  -2.8624 -2.6287 -3.2673
v  -2.9053 -2.5631 -3.3027
v  -2.8829 -2.5687 -3.2972
v  -2.8941 -2.5134 -3.2777
v  -2.8697 -2.5173 -3.2765
v  -2.8768 -2.4564 -3.2457
v  -2.8524 -2.4621 -3.2470
v  -2.8585 -2.3972 -3.2068
v  -2.8341 -2.4056 -3.2100
v  -2.8506 -2.6566 -3.2573
v  -2.8336 -2.6268 -3.2472
v  -2.8673 -2.5775 -3.2798
v  -2.8528 -2.5265 -3.2620
v  -2.8491 -2.5836 -3.2572
v  -2.8345 -2.5334 -3.2409
v  -2.8354 -2.4737 -3.2348
v  -2.8173 -2.4824 -3.2165
v  -2.8186 -2.4208 -3.1996
v  -2.8018 -2.4317 -3.1846
v  -2.7575 -2.5857 -3.1322
v  -2.7554 -2.5648 -3.0954
v  -2.7625 -2.6148 -3.1065
v  -2.7706 -2.6407 -3.1414
v  -2.7607 -2.5845 -3.0735
v  -2.7544 -2.5541 -3.0702
v  -2.7898 -2.6667 -3.1825
v  -2.7739 -2.6092 -3.1765
v  -2.8183 -2.5828 -3.2348
v  -2.7830 -2.5745 -3.2072
v  -2.8038 -2.5323 -3.2180
v  -2.7700 -2.5242 -3.1884
v  -2.7879 -2.4822 -3.1961
v  -2.7604 -2.4757 -3.1644
v  -2.7775 -2.4326 -3.1651
v  -2.7592 -2.4285 -3.1332
v  -2.7691 -2.5434 -3.0401
v  -2.7866 -2.4993 -3.0110
v  -2.7551 -2.5158 -3.0435
v  -2.7676 -2.4581 -3.0031
v  -2.7604 -2.5574 -3.1630
v  -2.7484 -2.5366 -3.1153
v  -2.7506 -2.5095 -3.1434
v  -2.7454 -2.4913 -3.0936
v  -2.7509 -2.5177 -3.0729
v  -2.7532 -2.4727 -3.0475
v  -2.7460 -2.4636 -3.1193
v  -2.7487 -2.4478 -3.0705
v  -2.7514 -2.4190 -3.0913
v  -2.7570 -2.4059 -3.0475
v  -2.7607 -2.4306 -3.0273
v  -2.7757 -2.4081 -2.9884
v  -2.7687 -2.3900 -3.0098
v  -2.7799 -2.3687 -2.9743
v  -2.8189 -2.4595 -2.9858
v  -2.8580 -2.4269 -2.9778
v  -2.8084 -2.4170 -2.9663
v  -2.8484 -2.3841 -2.9546
v  -2.8896 -2.4060 -2.9947
v  -2.8781 -2.3620 -2.9667
v  -2.8954 -2.3461 -2.9938
v  -2.9057 -2.3897 -3.0285
v  -2.8039 -2.3781 -2.9533
v  -2.8395 -2.3470 -2.9378
v  -2.8014 -2.3411 -2.9400
v  -2.8314 -2.3122 -2.9249
v  -2.9111 -2.3750 -3.0618
v  -2.9014 -2.3324 -3.0241
v  -2.9018 -2.3183 -3.0534
v  -2.9127 -2.3604 -3.0930
v  -2.8673 -2.3251 -2.9459
v  -2.8845 -2.3095 -2.9684
v  -2.8570 -2.2926 -2.9305
v  -2.8738 -2.2788 -2.9498
v  -2.8974 -2.3466 -3.1231
v  -2.8849 -2.3047 -3.0789
v  -2.8582 -2.2984 -3.0967
v  -2.8703 -2.3412 -3.1450
v  -2.8791 -2.2570 -2.9952
v  -2.8911 -2.2844 -3.0214
v  -2.8922 -2.2968 -2.9949
v  -2.8823 -2.2673 -2.9723
v  -2.8104 -2.3105 -3.1125
v  -2.8202 -2.3521 -3.1633
v  -2.8441 -2.3432 -3.1581
v  -2.8327 -2.3000 -3.1076
v  -2.7916 -2.3508 -3.1150
v  -2.7937 -2.3827 -3.1451
v  -2.8073 -2.3706 -3.1559
v  -2.7989 -2.3310 -3.1116
v  -2.8736 -2.2731 -3.0427
v  -2.8630 -2.2482 -3.0133
v  -2.8402 -2.2433 -3.0255
v  -2.8487 -2.2673 -3.0573
v  -2.7773 -2.3844 -3.1255
v  -2.7674 -2.3818 -3.0956
v  -2.7840 -2.3426 -3.0904
v  -2.7782 -2.3390 -3.0626
v  -2.8226 -2.2689 -3.0655
v  -2.8141 -2.2462 -3.0306
v  -2.7919 -2.2692 -3.0260
v  -2.8009 -2.2842 -3.0686
v  -2.7914 -2.3101 -3.0734
v  -2.7857 -2.3041 -3.0443
v  -2.7637 -2.3757 -3.0612
v  -2.7677 -2.3654 -3.0256
v  -2.7747 -2.3372 -3.0372
v  -2.7755 -2.3273 -3.0109
v  -2.7752 -2.3497 -2.9927
v  -2.7815 -2.3281 -2.9599
v  -2.7795 -2.3109 -2.9821
v  -2.7826 -2.2887 -2.9524
v  -2.7812 -2.3088 -3.0274
v  -2.7822 -2.2938 -3.0099
v  -2.7830 -2.2749 -2.9848
v  -2.7840 -2.2537 -2.9572
v  -2.7907 -2.2457 -2.9936
v  -2.7894 -2.2265 -2.9670
v  -2.8077 -2.2268 -3.0010
v  -2.8314 -2.2232 -2.9982
v  -2.8231 -2.2065 -2.9737
v  -2.8033 -2.2099 -2.9746
v  -2.8005 -2.1964 -2.9496
v  -2.7898 -2.2099 -2.9422
v  -2.8167 -2.1932 -2.9502
v  -2.8127 -2.1867 -2.9347
v  -2.8001 -2.1884 -2.9276
v  -2.7916 -2.2012 -2.9255
v  -2.8516 -2.2267 -2.9882
v  -2.8664 -2.2336 -2.9733
v  -2.8406 -2.2089 -2.9656
v  -2.8537 -2.2146 -2.9534
v  -2.8704 -2.2430 -2.9547
v  -2.8579 -2.2243 -2.9383
v  -2.8634 -2.2526 -2.9360
v  -2.8558 -2.2359 -2.9275
v  -2.7871 -2.2319 -2.9305
v  -2.7962 -2.2114 -2.9114
v  -2.8144 -2.2329 -2.9027
v  -2.7904 -2.2628 -2.9215
v  -2.7964 -2.3016 -2.9264
v  -2.8230 -2.2748 -2.9123
v  -2.8471 -2.2606 -2.9182
v  -2.8420 -2.2333 -2.9124
v  -2.8438 -2.2129 -2.9191
v  -2.8263 -2.2045 -2.9061
v  -2.8327 -2.1954 -2.9197
v  -2.8413 -2.2013 -2.9333
v  -2.8081 -2.1920 -2.9087
v  -2.8221 -2.1875 -2.9248
v  -2.8310 -2.1955 -2.9438
v  -3.2411 -2.8442 -3.2141
v  -3.2252 -2.8259 -3.2168
v  -3.2556 -2.8092 -3.2367
v  -3.2732 -2.8283 -3.2261
v  -3.2938 -2.8109 -3.2207
v  -3.2777 -2.7918 -3.2315
v  -3.2617 -2.7752 -3.2445
v  -3.2455 -2.7599 -3.2578
v  -3.2486 -2.7910 -3.2512
v  -3.2336 -2.7786 -3.2640
v  -3.1389 -2.8379 -3.1737
v  -3.1219 -2.8205 -3.1771
v  -3.1534 -2.8106 -3.2036
v  -3.1726 -2.8261 -3.2005
v  -3.2025 -2.8134 -3.2194
v  -3.1779 -2.8027 -3.2229
v  -3.1967 -2.7982 -3.2409
v  -3.2229 -2.8049 -3.2366
v  -3.2313 -2.7968 -3.2486
v  -3.2143 -2.7908 -3.2566
v  -3.1051 -2.8006 -3.1809
v  -3.0905 -2.7778 -3.1854
v  -3.1204 -2.7711 -3.2124
v  -3.1356 -2.7924 -3.2075
v  -3.2297 -2.7454 -3.2722
v  -3.2172 -2.7656 -3.2770
v  -3.2009 -2.7505 -3.2908
v  -3.2149 -2.7296 -3.2875
v  -3.1564 -2.7892 -3.2290
v  -3.1375 -2.7727 -3.2370
v  -3.1537 -2.7732 -3.2583
v  -3.1740 -2.7871 -3.2480
v  -3.1956 -2.7808 -3.2672
v  -3.1769 -2.7676 -3.2800
v  -3.0790 -2.7530 -3.1916
v  -3.1070 -2.7484 -3.2204
v  -3.0694 -2.7259 -3.2011
v  -3.0909 -2.7278 -3.2339
v  -3.2014 -2.7106 -3.3026
v  -3.1859 -2.7324 -3.3063
v  -3.1713 -2.7115 -3.3224
v  -3.1874 -2.6887 -3.3173
v  -3.1190 -2.7558 -3.2487
v  -3.1340 -2.7587 -3.2728
v  -3.0989 -2.7401 -3.2645
v  -3.1144 -2.7439 -3.2915
v  -3.1591 -2.7526 -3.2968
v  -3.1423 -2.7358 -3.3168
v  -3.0586 -2.6997 -3.2167
v  -3.0723 -2.7083 -3.2522
v  -3.0469 -2.6785 -3.2397
v  -3.0581 -2.6888 -3.2746
v  -3.0788 -2.7215 -3.2839
v  -3.0965 -2.7238 -3.3116
v  -3.0668 -2.6998 -3.3043
v  -3.0857 -2.7004 -3.3279
v  -3.0539 -2.6541 -3.3359
v  -3.0323 -2.6497 -3.2996
v  -3.0266 -2.6381 -3.3271
v  -3.0459 -2.6389 -3.3579
v  -3.0388 -2.6626 -3.2688
v  -3.0513 -2.6718 -3.3018
v  -3.0644 -2.6798 -3.3254
v  -3.0826 -2.6803 -3.3410
v  -3.0716 -2.6634 -3.3453
v  -3.0833 -2.6673 -3.3502
v  -3.1713 -2.6648 -3.3316
v  -3.1557 -2.6871 -3.3365
v  -3.1408 -2.6646 -3.3481
v  -3.1547 -2.6434 -3.3457
v  -3.1268 -2.7130 -3.3346
v  -3.1147 -2.6889 -3.3468
v  -3.0674 -2.6367 -3.3884
v  -3.0880 -2.6225 -3.4089
v  -3.1010 -2.6302 -3.3872
v  -3.0788 -2.6452 -3.3704
v  -3.1215 -2.5596 -3.4141
v  -3.1124 -2.5844 -3.4154
v  -3.1418 -2.5740 -3.3878
v  -3.1300 -2.6010 -3.3865
v  -3.0895 -2.6516 -3.3653
v  -3.0997 -2.6580 -3.3619
v  -3.1096 -2.6363 -3.3763
v  -3.1183 -2.6406 -3.3687
v  -3.1145 -2.6145 -3.3924
v  -3.1014 -2.6045 -3.4150
v  -3.1194 -2.6230 -3.3809
v  -3.1275 -2.6227 -3.3741
v  -3.1396 -2.6294 -3.3608
v  -3.1483 -2.6091 -3.3626
v  -3.1285 -2.6496 -3.3588
v  -3.1595 -2.5862 -3.3625
v  -3.1073 -2.6706 -3.3548
v  -3.4856 -4.1418 -3.6738
v  -3.4614 -4.1283 -3.6653
v  -3.5071 -4.1426 -3.6847
v  -3.4922 -4.1247 -3.6987
v  -3.4751 -4.1251 -3.6894
v  -3.4597 -4.1192 -3.6807
v  -3.4366 -4.1055 -3.6599
v  -3.4464 -4.0990 -3.6816
v  -3.4285 -4.0638 -3.6788
v  -3.4121 -4.0730 -3.6561
v  -3.4610 -4.0974 -3.6958
v  -3.4772 -4.0953 -3.7072
v  -3.4650 -4.0540 -3.7056
v  -3.4466 -4.0586 -3.6935
v  -3.3917 -4.0303 -3.6508
v  -3.3739 -3.9858 -3.6445
v  -3.4105 -4.0186 -3.6720
v  -3.3899 -3.9720 -3.6659
v  -3.3504 -3.9487 -3.6429
v  -3.3616 -3.9339 -3.6682
v  -3.3831 -3.9111 -3.6909
v  -3.3517 -3.8694 -3.6909
v  -3.4109 -3.9586 -3.6834
v  -3.4352 -3.9480 -3.6991
v  -3.4126 -3.8923 -3.7070
v  -3.3926 -3.8194 -3.7011
v  -3.3096 -3.8378 -3.6791
v  -3.3352 -3.8007 -3.6879
v  -3.3371 -3.7716 -3.7072
v  -3.3664 -3.7718 -3.7180
v  -3.4315 -4.0102 -3.6866
v  -3.4531 -4.0034 -3.6989
v  -3.6786 -3.2505 -3.4752
v  -3.6834 -3.2322 -3.4890
v  -3.6828 -3.2435 -3.5044
v  -3.6807 -3.2629 -3.4905
v  -3.6808 -3.2228 -3.5162
v  -3.6823 -3.2135 -3.5009
v  -3.6788 -3.2314 -3.5325
v  -3.6803 -3.2547 -3.5224
v  -3.6815 -3.2744 -3.5084
v  -3.6724 -3.1825 -3.5185
v  -3.6667 -3.1816 -3.5296
v  -3.6754 -3.2019 -3.5254
v  -3.6775 -3.1956 -3.5112
v  -3.6580 -3.1828 -3.5441
v  -3.6727 -3.2062 -3.5400
v  -3.6983 -3.2279 -3.4501
v  -3.6999 -3.2115 -3.4628
v  -3.6881 -3.2206 -3.4736
v  -3.6840 -3.2369 -3.4605
v  -3.6952 -3.1939 -3.4756
v  -3.6863 -3.2036 -3.4861
v  -3.6803 -3.1860 -3.4991
v  -3.6715 -3.1709 -3.5132
v  -3.6850 -3.1749 -3.4901
v  -3.6712 -3.1573 -3.5063
v  -3.6554 -3.1439 -3.5238
v  -3.6597 -3.1615 -3.5280
v  -3.6438 -3.1584 -3.5421
v  -3.6369 -3.1344 -3.5381
v  -3.7019 -3.2807 -3.5202
v  -3.6987 -3.2996 -3.5021
v  -3.6789 -3.2914 -3.4937
v  -3.7236 -3.3074 -3.5118
v  -3.7282 -3.2862 -3.5338
v  -3.7122 -3.3319 -3.4881
v  -3.6900 -3.3127 -3.4827
v  -3.6779 -3.3017 -3.4807
v  -3.6952 -3.2338 -3.5491
v  -3.7004 -3.2593 -3.5369
v  -3.7253 -3.2632 -3.5545
v  -3.7169 -3.2360 -3.5702
v  -3.6824 -3.2071 -3.5584
v  -3.6630 -3.1806 -3.5636
v  -3.6756 -3.1773 -3.5885
v  -3.7000 -3.2063 -3.5816
v  -3.6410 -3.1542 -3.5620
v  -3.6238 -3.1291 -3.5552
v  -3.6226 -3.1164 -3.5829
v  -3.6510 -3.1472 -3.5880
v  -3.7263 -3.1789 -3.4762
v  -3.7110 -3.1555 -3.4920
v  -3.6960 -3.1633 -3.4862
v  -3.7098 -3.1852 -3.4727
v  -3.6781 -3.1439 -3.5024
v  -3.6907 -3.1341 -3.5084
v  -3.6585 -3.1286 -3.5209
v  -3.6395 -3.1163 -3.5367
v  -3.6688 -3.1153 -3.5242
v  -3.6470 -3.1007 -3.5354
v  -3.6097 -3.1006 -3.5624
v  -3.6311 -3.0912 -3.5441
v  -3.6236 -3.1087 -3.5493
v  -3.6170 -3.0818 -3.5525
v  -3.6001 -3.0680 -3.5613
v  -3.5938 -3.0854 -3.5748
v  -3.5805 -3.0505 -3.5689
v  -3.5761 -3.0630 -3.5853
v  -3.6030 -3.0886 -3.6011
v  -3.5841 -3.0614 -3.6117
v  -3.5549 -3.0327 -3.5713
v  -3.5491 -3.0421 -3.5890
v  -3.5251 -3.0162 -3.5661
v  -3.5147 -3.0246 -3.5862
v  -3.5214 -3.0139 -3.6169
v  -3.5559 -3.0363 -3.6164
v  -3.4782 -2.9636 -3.5475
v  -3.4553 -2.9705 -3.5687
v  -3.4809 -3.0030 -3.5775
v  -3.4980 -2.9948 -3.5555
v  -3.4878 -2.9880 -3.6119
v  -3.4635 -2.9548 -3.6046
v  -3.7454 -3.3885 -3.4648
v  -3.7299 -3.3609 -3.4763
v  -3.7565 -3.3602 -3.4903
v  -3.7629 -3.3875 -3.4768
v  -3.7502 -3.3372 -3.5083
v  -3.7777 -3.3670 -3.5049
v  -3.7780 -3.3451 -3.5247
v  -3.7749 -3.3926 -3.4891
v  -3.7580 -3.2934 -3.5543
v  -3.7538 -3.3155 -3.5301
v  -3.7815 -3.3255 -3.5490
v  -3.7809 -3.3061 -3.5770
v  -3.7513 -3.2706 -3.5795
v  -3.7702 -3.2833 -3.6058
v  -3.7354 -3.2446 -3.6011
v  -3.7501 -3.2556 -3.6312
v  -3.7118 -3.2135 -3.6160
v  -3.6865 -3.1790 -3.6251
v  -3.6926 -3.1847 -3.6616
v  -3.7211 -3.2218 -3.6489
v  -3.6652 -3.1440 -3.6283
v  -3.6442 -3.1113 -3.6322
v  -3.6518 -3.1145 -3.6785
v  -3.6707 -3.1490 -3.6702
v  -3.6033 -3.0492 -3.6543
v  -3.6235 -3.0811 -3.6433
v  -3.6337 -3.0802 -3.6904
v  -3.6147 -3.0440 -3.7020
v  -3.5446 -2.9881 -3.6622
v  -3.5764 -3.0176 -3.6601
v  -3.5903 -3.0064 -3.7096
v  -3.5615 -2.9700 -3.7132
v  -3.5145 -2.9563 -3.6580
v  -3.4933 -2.9203 -3.6513
v  -3.5327 -2.9335 -3.7119
v  -3.5077 -2.8953 -3.7090
v  -3.7853 -3.3802 -3.5172
v  -3.7814 -3.4014 -3.4975
v  -3.7875 -3.3614 -3.5391
v  -3.7793 -3.3806 -3.5459
v  -3.7805 -3.3957 -3.5237
v  -3.7786 -3.4123 -3.5030
v  -3.7889 -3.3448 -3.5649
v  -3.7874 -3.3266 -3.5946
v  -3.7721 -3.3509 -3.6032
v  -3.7760 -3.3667 -3.5705
v  -3.7406 -3.2966 -3.6670
v  -3.7673 -3.3210 -3.6371
v  -3.7768 -3.3021 -3.6272
v  -3.7546 -3.2710 -3.6561
v  -3.7443 -3.3310 -3.6547
v  -3.7595 -3.3332 -3.6406
v  -3.7447 -3.3516 -3.6426
v  -3.7551 -3.3529 -3.6253
v  -3.6761 -3.2089 -3.7014
v  -3.7074 -3.2508 -3.6873
v  -3.7223 -3.2337 -3.6754
v  -3.6899 -3.1943 -3.6885
v  -3.6454 -3.1234 -3.7078
v  -3.6643 -3.1586 -3.6978
v  -3.6303 -3.1356 -3.7213
v  -3.6503 -3.1713 -3.7106
v  -3.6132 -3.0488 -3.7341
v  -3.6293 -3.0874 -3.7208
v  -3.5975 -3.0616 -3.7496
v  -3.6140 -3.0993 -3.7351
v  -3.5498 -2.9807 -3.7650
v  -3.5761 -3.0211 -3.7607
v  -3.5925 -3.0074 -3.7438
v  -3.5652 -2.9673 -3.7481
v  -3.6970 -3.1057 -3.4951
v  -3.6728 -3.0864 -3.5048
v  -3.6715 -3.1005 -3.5151
v  -3.6970 -3.1202 -3.5042
v  -3.6475 -3.0856 -3.5220
v  -3.6506 -3.0702 -3.5094
v  -3.7034 -3.0729 -3.5033
v  -3.6932 -3.0575 -3.5117
v  -3.6808 -3.0708 -3.5064
v  -3.7002 -3.0873 -3.4969
v  -3.6641 -3.0541 -3.5134
v  -3.6813 -3.0390 -3.5199
v  -3.6336 -3.0577 -3.5103
v  -3.6303 -3.0750 -3.5269
v  -3.6165 -3.0645 -3.5328
v  -3.6195 -3.0457 -3.5138
v  -3.6715 -3.0233 -3.5276
v  -3.6510 -3.0399 -3.5179
v  -3.6398 -3.0263 -3.5227
v  -3.6628 -3.0084 -3.5358
v  -3.7183 -3.0082 -3.5158
v  -3.7111 -2.9851 -3.5254
v  -3.6907 -3.0051 -3.5278
v  -3.6989 -3.0242 -3.5194
v  -3.6833 -2.9875 -3.5356
v  -3.7039 -2.9644 -3.5313
v  -3.6069 -3.0324 -3.5235
v  -3.6017 -3.0514 -3.5417
v  -3.5847 -3.0361 -3.5496
v  -3.5940 -3.0184 -3.5329
v  -3.6453 -2.9724 -3.5508
v  -3.6538 -2.9912 -3.5430
v  -3.6760 -2.9683 -3.5432
v  -3.6695 -2.9471 -3.5511
v  -3.6976 -2.9429 -3.5380
v  -3.6922 -2.9201 -3.5449
v  -3.6285 -3.0110 -3.5292
v  -3.6177 -2.9953 -3.5374
v  -3.5788 -3.0025 -3.5372
v  -3.5633 -3.0200 -3.5517
v  -3.5641 -2.9832 -3.5360
v  -3.5404 -3.0031 -3.5462
v  -3.5219 -2.9804 -3.5376
v  -3.5085 -2.9495 -3.5323
v  -3.5541 -2.9593 -3.5368
v  -3.5460 -2.9293 -3.5376
v  -3.6375 -2.9515 -3.5579
v  -3.6064 -2.9783 -3.5456
v  -3.5963 -2.9583 -3.5504
v  -3.6310 -2.9295 -3.5637
v  -3.6873 -2.8952 -3.5513
v  -3.6642 -2.9239 -3.5585
v  -3.6598 -2.9002 -3.5648
v  -3.6833 -2.8703 -3.5575
v  -3.6262 -2.9080 -3.5711
v  -3.5895 -2.9357 -3.5554
v  -3.5833 -2.9083 -3.5594
v  -3.6207 -2.8835 -3.5771
v  -3.6808 -2.8472 -3.5641
v  -3.6562 -2.8777 -3.5708
v  -3.6515 -2.8539 -3.5770
v  -3.6771 -2.8231 -3.5705
v  -3.6129 -2.8541 -3.5822
v  -3.5752 -2.8743 -3.5611
v  -3.5649 -2.8352 -3.5672
v  -3.6024 -2.8189 -3.5911
v  -3.5262 -2.8487 -3.5421
v  -3.5367 -2.8911 -3.5367
v  -3.6701 -2.7955 -3.5773
v  -3.6444 -2.8265 -3.5840
v  -3.6346 -2.7931 -3.5958
v  -3.6605 -2.7620 -3.5897
v  -3.6475 -2.7190 -3.6086
v  -3.6211 -2.7509 -3.6138
v  -3.6053 -2.7033 -3.6285
v  -3.6307 -2.6699 -3.6219
v  -3.5748 -2.7321 -3.6260
v  -3.5890 -2.7771 -3.6087
v  -3.5500 -2.6446 -3.6488
v  -3.5622 -2.6898 -3.6382
v  -3.5921 -2.6575 -3.6406
v  -3.5799 -2.6081 -3.6503
v  -3.6181 -2.6217 -3.6351
v  -3.6062 -2.5691 -3.6447
v  -3.5960 -2.5082 -3.6580
v  -3.5676 -2.5497 -3.6610
v  -3.5533 -2.4873 -3.6665
v  -3.5824 -2.4445 -3.6624
v  -3.5215 -2.5303 -3.6673
v  -3.5368 -2.5896 -3.6591
v  -3.7211 -3.3401 -3.6571
v  -3.7266 -3.3669 -3.6414
v  -3.7108 -3.3043 -3.6681
v  -3.6857 -3.3152 -3.6622
v  -3.6930 -3.3530 -3.6522
v  -3.6962 -3.3838 -3.6354
v  -3.6877 -3.2636 -3.6827
v  -3.6605 -3.2229 -3.7010
v  -3.6444 -3.2360 -3.6931
v  -3.6677 -3.2743 -3.6739
v  -3.6370 -3.1844 -3.7132
v  -3.6165 -3.1475 -3.7242
v  -3.6030 -3.1607 -3.7217
v  -3.6231 -3.1982 -3.7088
v  -3.5983 -3.1111 -3.7371
v  -3.5790 -3.0741 -3.7500
v  -3.5620 -3.0863 -3.7442
v  -3.5835 -3.1234 -3.7334
v  -3.5693 -3.1356 -3.7243
v  -3.5888 -3.1737 -3.7126
v  -3.5475 -3.0981 -3.7354
v  -3.5347 -3.1138 -3.7414
v  -3.5547 -3.1521 -3.7253
v  -3.5730 -3.1901 -3.7095
v  -3.7664 -2.9615 -3.5032
v  -3.7653 -2.9298 -3.5167
v  -3.7373 -2.9620 -3.5263
v  -3.7423 -2.9891 -3.5146
v  -3.7294 -2.9375 -3.5293
v  -3.7550 -2.9025 -3.5188
v  -3.7498 -2.8787 -3.5261
v  -3.7232 -2.9143 -3.5348
v  -3.7184 -2.8913 -3.5420
v  -3.7458 -2.8559 -3.5354
v  -3.7359 -2.8313 -3.5382
v  -3.7120 -2.8660 -3.5467
v  -3.7075 -2.8409 -3.5532
v  -3.7303 -2.8070 -3.5443
v  -3.7302 -2.7844 -3.5530
v  -3.7060 -2.8181 -3.5610
v  -3.7022 -2.7935 -3.5670
v  -3.7261 -2.7591 -3.5597
v  -3.7144 -2.7283 -3.5631
v  -3.6942 -2.7645 -3.5723
v  -3.6843 -2.7288 -3.5841
v  -3.7052 -2.6898 -3.5747
v  -3.6905 -2.6416 -3.5875
v  -3.6713 -2.6832 -3.6010
v  -3.6557 -2.6323 -3.6159
v  -3.6777 -2.5883 -3.6029
v  -3.6633 -2.5352 -3.6119
v  -3.6442 -2.5815 -3.6304
v  -3.6295 -2.5269 -3.6357
v  -3.6465 -2.4803 -3.6161
v  -3.6293 -2.4205 -3.6199
v  -3.6170 -2.4651 -3.6443
v  -3.6040 -2.4031 -3.6490
v  -3.6160 -2.3624 -3.6231
v  -3.8261 -2.9735 -3.4114
v  -3.8068 -2.9213 -3.4245
v  -3.8018 -2.9617 -3.4664
v  -3.8195 -3.0093 -3.4557
v  -3.7868 -2.9207 -3.4749
v  -3.7876 -2.8780 -3.4351
v  -3.7766 -2.9988 -3.4940
v  -3.7904 -3.0414 -3.4829
v  -3.7850 -2.8394 -3.4439
v  -3.7876 -2.8847 -3.4865
v  -3.7770 -2.8560 -3.4922
v  -3.7765 -2.8094 -3.4544
v  -3.7730 -2.7835 -3.4658
v  -3.7713 -2.8312 -3.5013
v  -3.7689 -2.8080 -3.5124
v  -3.7731 -2.7592 -3.4767
v  -3.7605 -2.7388 -3.4854
v  -3.7548 -2.7859 -3.5162
v  -3.7472 -2.7632 -3.5219
v  -3.7510 -2.7182 -3.4910
v  -3.7468 -2.6949 -3.4963
v  -3.7464 -2.7400 -3.5287
v  -3.7435 -2.7130 -3.5362
v  -3.7439 -2.6661 -3.5025
v  -3.7254 -2.6349 -3.5100
v  -3.7270 -2.6816 -3.5401
v  -3.7185 -2.6404 -3.5509
v  -3.7127 -2.5938 -3.5167
v  -3.6955 -2.5448 -3.5245
v  -3.7017 -2.5915 -3.5604
v  -3.6909 -2.5363 -3.5726
v  -3.6815 -2.4901 -3.5317
v  -3.6617 -2.4366 -3.5383
v  -3.6709 -2.4830 -3.5780
v  -3.6583 -2.4276 -3.5844
v  -3.6520 -2.3818 -3.5429
v  -3.7728 -3.0333 -3.2868
v  -3.7613 -2.9749 -3.3092
v  -3.8193 -2.9988 -3.3427
v  -3.8279 -3.0618 -3.3235
v  -3.7956 -2.9417 -3.3657
v  -3.7414 -2.9209 -3.3361
v  -3.8520 -3.0308 -3.3946
v  -3.8588 -3.0931 -3.3752
v  -3.7235 -2.8700 -3.3552
v  -3.7768 -2.8881 -3.3810
v  -3.7578 -2.8446 -3.3960
v  -3.7087 -2.8266 -3.3729
v  -3.7041 -2.7886 -3.3836
v  -3.7528 -2.8062 -3.4049
v  -3.7484 -2.7751 -3.4168
v  -3.7019 -2.7570 -3.3944
v  -3.6987 -2.7291 -3.4035
v  -3.7459 -2.7479 -3.4277
v  -3.7448 -2.7223 -3.4362
v  -3.6943 -2.7043 -3.4116
v  -3.6880 -2.6824 -3.4208
v  -3.7375 -2.7003 -3.4454
v  -3.7279 -2.6807 -3.4533
v  -3.6812 -2.6611 -3.4293
v  -3.6751 -2.6377 -3.4365
v  -3.7206 -2.6588 -3.4604
v  -3.7140 -2.6311 -3.4671
v  -3.6670 -2.6115 -3.4450
v  -3.6555 -2.5812 -3.4544
v  -3.6987 -2.6004 -3.4773
v  -3.6849 -2.5608 -3.4829
v  -3.6425 -2.5431 -3.4588
v  -3.6261 -2.4965 -3.4622
v  -3.6693 -2.5122 -3.4879
v  -3.6547 -2.4585 -3.4920
v  -3.6099 -2.4451 -3.4648
v  -3.5981 -2.3919 -3.4670
v  -3.6395 -2.4049 -3.4975
v  -3.6298 -2.3521 -3.4998
v  -3.5904 -2.3399 -3.4678
v  -3.7019 -3.3681 -3.4341
v  -3.7095 -3.3636 -3.4562
v  -3.7289 -3.3931 -3.4504
v  -3.7211 -3.3982 -3.4331
v  -3.6904 -3.3369 -3.4590
v  -3.6815 -3.3346 -3.4303
v  -3.6706 -3.2801 -3.4763
v  -3.6650 -3.2670 -3.4593
v  -3.6663 -3.2979 -3.4649
v  -3.6579 -3.2883 -3.4408
v  -3.6721 -3.2516 -3.4448
v  -3.6678 -3.2656 -3.4285
v  -3.6848 -3.2567 -3.4281
v  -3.6908 -3.2438 -3.4369
v  -3.6830 -3.2771 -3.4222
v  -3.6973 -3.2618 -3.4246
v  -3.6711 -3.2919 -3.4239
v  -3.6902 -3.2979 -3.4177
v  -3.7016 -3.2838 -3.4196
v  -3.7135 -3.2679 -3.4211
v  -3.6678 -3.3111 -3.4383
v  -3.6761 -3.3156 -3.4598
v  -3.6700 -3.3060 -3.4265
v  -3.6838 -3.3145 -3.4188
v  -3.7259 -3.5284 -3.2769
v  -3.7171 -3.5057 -3.2854
v  -3.7354 -3.5074 -3.2974
v  -3.7408 -3.5284 -3.2900
v  -3.7319 -3.4854 -3.3017
v  -3.7106 -3.4817 -3.2895
v  -3.7455 -3.4913 -3.3141
v  -3.7471 -3.5126 -3.3092
v  -3.7500 -3.5332 -3.3021
v  -3.7066 -3.4587 -3.2927
v  -3.7305 -3.4641 -3.3058
v  -3.7311 -3.4429 -3.3106
v  -3.7058 -3.4355 -3.2961
v  -3.7460 -3.4490 -3.3240
v  -3.7453 -3.4702 -3.3191
v  -3.7534 -3.4056 -3.3308
v  -3.7490 -3.4270 -3.3281
v  -3.7350 -3.4209 -3.3148
v  -3.7415 -3.3995 -3.3169
v  -3.7104 -3.4109 -3.2995
v  -3.7190 -3.3876 -3.3011
v  -3.7275 -3.3672 -3.3017
v  -3.7475 -3.3800 -3.3180
v  -3.7491 -3.3613 -3.3215
v  -3.7313 -3.3483 -3.3053
v  -3.7587 -3.3675 -3.3353
v  -3.7578 -3.3863 -3.3326
v  -3.6660 -3.2913 -3.2545
v  -3.6685 -3.2720 -3.2591
v  -3.7038 -3.3056 -3.2830
v  -3.7011 -3.3251 -3.2814
v  -3.7114 -3.2915 -3.2766
v  -3.6758 -3.2575 -3.2546
v  -3.7403 -3.3158 -3.3056
v  -3.7327 -3.3300 -3.3080
v  -3.7590 -3.3308 -3.3373
v  -3.7576 -3.3483 -3.3379
v  -3.7487 -3.3428 -3.3247
v  -3.7522 -3.3270 -3.3247
v  -3.7558 -3.4513 -3.4406
v  -3.7505 -3.4555 -3.4302
v  -3.7420 -3.4245 -3.4416
v  -3.7527 -3.4201 -3.4531
v  -3.7392 -3.4272 -3.4273
v  -3.7507 -3.4570 -3.4183
v  -3.7694 -3.4366 -3.4608
v  -3.7636 -3.4443 -3.4508
v  -3.7634 -3.4174 -3.4636
v  -3.7713 -3.4185 -3.4731
v  -3.7605 -3.4095 -3.5220
v  -3.7646 -3.4219 -3.5046
v  -3.7542 -3.3974 -3.5415
v  -3.7300 -3.4162 -3.5360
v  -3.7392 -3.4240 -3.5191
v  -3.7469 -3.4332 -3.5014
v  -3.7461 -3.3881 -3.5631
v  -3.7383 -3.3816 -3.5875
v  -3.7190 -3.4116 -3.5535
v  -3.7018 -3.4124 -3.5737
v  -3.6997 -3.4011 -3.6068
v  -3.7317 -3.3768 -3.6145
v  -3.7732 -3.4304 -3.4835
v  -3.7763 -3.4245 -3.4787
v  -3.7640 -3.4554 -3.4647
v  -3.7722 -3.4471 -3.4603
v  -3.7550 -3.4856 -3.4178
v  -3.7582 -3.4794 -3.4289
v  -3.7547 -3.5106 -3.4184
v  -3.7552 -3.4869 -3.4072
v  -3.7557 -3.5163 -3.4058
v  -3.7573 -3.5170 -3.3953
v  -3.7582 -3.4825 -3.4412
v  -3.7652 -3.4657 -3.4427
v  -3.7539 -3.4428 -3.4825
v  -3.7658 -3.4323 -3.4888
v  -3.7139 -3.4468 -3.5337
v  -3.7184 -3.4507 -3.5197
v  -3.7226 -3.4354 -3.5163
v  -3.7151 -3.4306 -3.5317
v  -3.7290 -3.4431 -3.4986
v  -3.7220 -3.4588 -3.5033
v  -3.7257 -3.4711 -3.4854
v  -3.7362 -3.4541 -3.4797
v  -3.7439 -3.4719 -3.4616
v  -3.7328 -3.4877 -3.4677
v  -3.7474 -3.4954 -3.4423
v  -3.7425 -3.5079 -3.4503
v  -3.7520 -3.5303 -3.4327
v  -3.7494 -3.5196 -3.4244
v  -3.7537 -3.5409 -3.4111
v  -3.7566 -3.5454 -3.4029
v  -3.7639 -3.5524 -3.4159
v  -3.7758 -3.5745 -3.3961
v  -3.7584 -3.5489 -3.3949
v  -3.7711 -3.5775 -3.3831
v  -3.7688 -3.5768 -3.3731
v  -3.7613 -3.5483 -3.3840
v  -3.7882 -3.5485 -3.4603
v  -3.7939 -3.5729 -3.4403
v  -3.7801 -3.5608 -3.4255
v  -3.7694 -3.5380 -3.4450
v  -3.7939 -3.6035 -3.4188
v  -3.7886 -3.5883 -3.4055
v  -3.7685 -3.5146 -3.4965
v  -3.7790 -3.5293 -3.4792
v  -3.7583 -3.5184 -3.4638
v  -3.7483 -3.5017 -3.4815
v  -3.7511 -3.4932 -3.5274
v  -3.7589 -3.5030 -3.5124
v  -3.7406 -3.4877 -3.4983
v  -3.7353 -3.4760 -3.5144
v  -3.7455 -3.4843 -3.5414
v  -3.7299 -3.4685 -3.5295
v  -3.7254 -3.4642 -3.5432
v  -3.7415 -3.4771 -3.5549
v  -3.7639 -3.5650 -3.3560
v  -3.7602 -3.5400 -3.3647
v  -3.7621 -3.5446 -3.3734
v  -3.7671 -3.5714 -3.3635
v  -3.7579 -3.5151 -3.3842
v  -3.7560 -3.5126 -3.3742
v  -3.7532 -3.5195 -3.3243
v  -3.7571 -3.5401 -3.3170
v  -3.7508 -3.4977 -3.3303
v  -3.7540 -3.5027 -3.3445
v  -3.7572 -3.5257 -3.3380
v  -3.7622 -3.5471 -3.3308
v  -3.7617 -3.5570 -3.3462
v  -3.7585 -3.5331 -3.3531
v  -3.7589 -3.5363 -3.3585
v  -3.7621 -3.5596 -3.3513
v  -3.7550 -3.5101 -3.3669
v  -3.7553 -3.5078 -3.3607
v  -3.7586 -3.5298 -3.3469
v  -3.7629 -3.5528 -3.3401
v  -3.7554 -3.5057 -3.3540
v  -3.7557 -3.4866 -3.3954
v  -3.7545 -3.4856 -3.3842
v  -3.7527 -3.4589 -3.3934
v  -3.7521 -3.4582 -3.4060
v  -3.7530 -3.4576 -3.3561
v  -3.7529 -3.4803 -3.3508
v  -3.7502 -3.4761 -3.3361
v  -3.7508 -3.4541 -3.3413
v  -3.7533 -3.4845 -3.3754
v  -3.7529 -3.4834 -3.3679
v  -3.7519 -3.4591 -3.3742
v  -3.7529 -3.4591 -3.3831
v  -3.7523 -3.4589 -3.3661
v  -3.7534 -3.4823 -3.3606
v  -3.7442 -3.4295 -3.4141
v  -3.7499 -3.4316 -3.4007
v  -3.7448 -3.4047 -3.4053
v  -3.7314 -3.4012 -3.4180
v  -3.7529 -3.4313 -3.3451
v  -3.7569 -3.4094 -3.3476
v  -3.7588 -3.4113 -3.3621
v  -3.7548 -3.4340 -3.3596
v  -3.7538 -3.4329 -3.3890
v  -3.7528 -3.4338 -3.3785
v  -3.7546 -3.4094 -3.3818
v  -3.7543 -3.4074 -3.3939
v  -3.7567 -3.4109 -3.3724
v  -3.7534 -3.4345 -3.3697
v  -3.7646 -3.3707 -3.3515
v  -3.7619 -3.3898 -3.3495
v  -3.7634 -3.3910 -3.3646
v  -3.7663 -3.3712 -3.3670
v  -3.7185 -3.3727 -3.4179
v  -3.7400 -3.3786 -3.4078
v  -3.7364 -3.3542 -3.4090
v  -3.7090 -3.3465 -3.4144
v  -3.7533 -3.3834 -3.3974
v  -3.7558 -3.3868 -3.3847
v  -3.7554 -3.3652 -3.3865
v  -3.7513 -3.3602 -3.3991
v  -3.7613 -3.3690 -3.3774
v  -3.7596 -3.3896 -3.3750
v  -3.7631 -3.3327 -3.3543
v  -3.7639 -3.3509 -3.3536
v  -3.7654 -3.3506 -3.3693
v  -3.7614 -3.3321 -3.3701
v  -3.7078 -3.3240 -3.4119
v  -3.7325 -3.3325 -3.4070
v  -3.7309 -3.3133 -3.4049
v  -3.7123 -3.3056 -3.4130
v  -3.7537 -3.3288 -3.3783
v  -3.7586 -3.3480 -3.3788
v  -3.7495 -3.3441 -3.3855
v  -3.7440 -3.3242 -3.3837
v  -3.7386 -3.3194 -3.3936
v  -3.7439 -3.3391 -3.3962
v  -3.8117 -3.0895 -3.4740
v  -3.8432 -3.0631 -3.4437
v  -3.8558 -3.1193 -3.4257
v  -3.8272 -3.1386 -3.4597
v  -3.7211 -3.1436 -3.4905
v  -3.7389 -3.1694 -3.4742
v  -3.7499 -3.1541 -3.4697
v  -3.7225 -3.1268 -3.4834
v  -3.7635 -3.0618 -3.4918
v  -3.7836 -3.1058 -3.4814
v  -3.7393 -3.0787 -3.4929
v  -3.7653 -3.1172 -3.4802
v  -3.8016 -3.1497 -3.4702
v  -3.7825 -3.1559 -3.4712
v  -3.7169 -3.0743 -3.4995
v  -3.7086 -3.0479 -3.5101
v  -3.7273 -3.0378 -3.5060
v  -3.7215 -3.1017 -3.4878
v  -3.7420 -3.1154 -3.4807
v  -3.7581 -3.1299 -3.4768
v  -3.7684 -3.1596 -3.4698
v  -3.7506 -3.0228 -3.5035
v  -3.7072 -3.4296 -3.5455
v  -3.6950 -3.4326 -3.5558
v  -3.6999 -3.4493 -3.5520
v  -3.7105 -3.4463 -3.5458
v  -3.7120 -3.4643 -3.5621
v  -3.7227 -3.4623 -3.5558
v  -3.7234 -3.4758 -3.5760
v  -3.7370 -3.4737 -3.5690
v  -3.7281 -3.4898 -3.5764
v  -3.7424 -3.4847 -3.5750
v  -3.7319 -3.5019 -3.5685
v  -3.7469 -3.4905 -3.5653
v  -3.7499 -3.4994 -3.5532
v  -3.7384 -3.5142 -3.5593
v  -3.7466 -3.5277 -3.5478
v  -3.7547 -3.5104 -3.5397
v  -3.7557 -3.5410 -3.5347
v  -3.7622 -3.5218 -3.5256
v  -3.7715 -3.5344 -3.5106
v  -3.7653 -3.5554 -3.5198
v  -3.7751 -3.5712 -3.5035
v  -3.7811 -3.5492 -3.4941
v  -3.7895 -3.5675 -3.4760
v  -3.7832 -3.5888 -3.4862
v  -3.7872 -3.6081 -3.4680
v  -3.7945 -3.5911 -3.4562
v  -3.7929 -3.6214 -3.4337
v  -3.7814 -3.6353 -3.4467
v  -3.7610 -3.6372 -3.4506
v  -3.7715 -3.6167 -3.4679
v  -3.7621 -3.6055 -3.4785
v  -3.7323 -3.6321 -3.4555
v  -3.7046 -3.5872 -3.4909
v  -3.7169 -3.6072 -3.4736
v  -3.7517 -3.5890 -3.4927
v  -3.7410 -3.5715 -3.5095
v  -3.6814 -3.5499 -3.5202
v  -3.6926 -3.5687 -3.5074
v  -3.7304 -3.5560 -3.5255
v  -3.7201 -3.5407 -3.5390
v  -3.7021 -3.5106 -3.5586
v  -3.7100 -3.5256 -3.5502
v  -3.6707 -3.5313 -3.5289
v  -3.6619 -3.5136 -3.5354
v  -3.6952 -3.4805 -3.5650
v  -3.6515 -3.4821 -3.5462
v  -3.6560 -3.4974 -3.5420
v  -3.6981 -3.4957 -3.5654
v  -3.6783 -3.4541 -3.5515
v  -3.6879 -3.4686 -3.5560
v  -3.6403 -3.4572 -3.5476
v  -3.6462 -3.4692 -3.5465
v  -3.6722 -3.4393 -3.5576
v  -3.6689 -3.4254 -3.5721
v  -3.6331 -3.4275 -3.5584
v  -3.6360 -3.4438 -3.5513
v  -3.6662 -3.4102 -3.5941
v  -3.6643 -3.3869 -3.6166
v  -3.6291 -3.3836 -3.5894
v  -3.6310 -3.4067 -3.5713
v  -3.6630 -3.3577 -3.6349
v  -3.6591 -3.3226 -3.6489
v  -3.6266 -3.3276 -3.6274
v  -3.6290 -3.3570 -3.6084
v  -3.6466 -3.2836 -3.6615
v  -3.6272 -3.2487 -3.6818
v  -3.6016 -3.2707 -3.6748
v  -3.6167 -3.2952 -3.6454
v  -3.5912 -3.2290 -3.6962
v  -3.6081 -3.2117 -3.6985
v  -3.5617 -3.3712 -3.7060
v  -3.5647 -3.3171 -3.7102
v  -3.5532 -3.3318 -3.7344
v  -3.5476 -3.3495 -3.7625
v  -3.5559 -3.3922 -3.7374
v  -3.5594 -3.3647 -3.7273
v  -3.5604 -3.4274 -3.7089
v  -3.5761 -3.2507 -3.7106
v  -3.5782 -3.2872 -3.6912
v  -3.5590 -3.2112 -3.7245
v  -3.5376 -3.2340 -3.7345
v  -3.5570 -3.2731 -3.7262
v  -3.5411 -3.1723 -3.7397
v  -3.5218 -3.1318 -3.7565
v  -3.5038 -3.1504 -3.7693
v  -3.5193 -3.1931 -3.7485
v  -3.5114 -3.0737 -3.7564
v  -3.4994 -3.0892 -3.7720
v  -3.4776 -3.0477 -3.7843
v  -3.4874 -3.0360 -3.7662
v  -3.4651 -3.0591 -3.8030
v  -3.4846 -3.1048 -3.7879
v  -3.4576 -3.0106 -3.7886
v  -3.4409 -2.9813 -3.7604
v  -3.4308 -2.9831 -3.7837
v  -3.4648 -3.0054 -3.7670
v  -3.4476 -3.0146 -3.8114
v  -3.4187 -2.9827 -3.8095
v  -3.5099 -3.0129 -3.7547
v  -3.5363 -3.0484 -3.7515
v  -3.5550 -3.0353 -3.7587
v  -3.5289 -2.9974 -3.7630
v  -3.5214 -3.0603 -3.7444
v  -3.4951 -3.0259 -3.7494
v  -3.4867 -2.9831 -3.7543
v  -3.4729 -2.9985 -3.7490
v  -3.4524 -2.9749 -3.7448
v  -3.4660 -2.9591 -3.7504
v  -3.5344 -2.9297 -3.7475
v  -3.5049 -2.8918 -3.7458
v  -3.4867 -2.9053 -3.7636
v  -3.5202 -2.9434 -3.7636
v  -3.5027 -2.9635 -3.7629
v  -3.4789 -2.9391 -3.7598
v  -3.4600 -2.9294 -3.7537
v  -3.4469 -2.9411 -3.7440
v  -3.4528 -2.9068 -3.7554
v  -3.4302 -2.9163 -3.7405
v  -3.4318 -2.9521 -3.7399
v  -3.4176 -2.9576 -3.7551
v  -3.4094 -2.9243 -3.7362
v  -3.3932 -2.9289 -3.7539
v  -3.5390 -3.2959 -3.7386
v  -3.5182 -3.2568 -3.7418
v  -3.5046 -3.2739 -3.7549
v  -3.5287 -3.3096 -3.7533
v  -3.5447 -3.3178 -3.8372
v  -3.5480 -3.3319 -3.8077
v  -3.5417 -3.2956 -3.8130
v  -3.5418 -3.2883 -3.8513
v  -3.5351 -3.3065 -3.7802
v  -3.5160 -3.2702 -3.7930
v  -3.5242 -3.2582 -3.8278
v  -3.5273 -3.2511 -3.8657
v  -3.5091 -3.2736 -3.7724
v  -3.5274 -3.3028 -3.7658
v  -3.4953 -3.2128 -3.7504
v  -3.4843 -3.1666 -3.7763
v  -3.4725 -3.1787 -3.7888
v  -3.4772 -3.2310 -3.7651
v  -3.4816 -3.1788 -3.8043
v  -3.4902 -3.2321 -3.7871
v  -3.5005 -3.2257 -3.8088
v  -3.4929 -3.1735 -3.8245
v  -3.5060 -3.1659 -3.8564
v  -3.5123 -3.2146 -3.8424
v  -3.5150 -3.2100 -3.8790
v  -3.5077 -3.1652 -3.8922
v  -3.4696 -3.1172 -3.8001
v  -3.4527 -3.0660 -3.8192
v  -3.4613 -3.1245 -3.8120
v  -3.4426 -3.0699 -3.8326
v  -3.4480 -3.0699 -3.8479
v  -3.4678 -3.1242 -3.8254
v  -3.4822 -3.1196 -3.8429
v  -3.4627 -3.0666 -3.8631
v  -3.4764 -3.0649 -3.8867
v  -3.4969 -3.1154 -3.8710
v  -3.4989 -3.1187 -3.9046
v  -3.4764 -3.0709 -3.9149
v  -3.5286 -3.2997 -3.8758
v  -3.5334 -3.3333 -3.8497
v  -3.5135 -3.2615 -3.8906
v  -3.4978 -3.2810 -3.9085
v  -3.5150 -3.3210 -3.8924
v  -3.5182 -3.3536 -3.8613
v  -3.5005 -3.2202 -3.9022
v  -3.4933 -3.1765 -3.9167
v  -3.4706 -3.1955 -3.9329
v  -3.4810 -3.2389 -3.9175
v  -3.4838 -3.1319 -3.9300
v  -3.4644 -3.0836 -3.9386
v  -3.4470 -3.0996 -3.9603
v  -3.4616 -3.1503 -3.9494
v  -3.4459 -3.0181 -3.9247
v  -3.4374 -3.0285 -3.9462
v  -3.4124 -2.9760 -3.9548
v  -3.4189 -2.9681 -3.9345
v  -3.4014 -2.9874 -3.9734
v  -3.4241 -3.0419 -3.9666
v  -3.3995 -3.0591 -3.9776
v  -3.4163 -3.1188 -3.9700
v  -3.3820 -3.0031 -3.9842
v  -3.3580 -3.0175 -3.9855
v  -3.3695 -3.0736 -3.9773
v  -3.3806 -3.1330 -3.9687
v  -3.5479 -3.4858 -3.6955
v  -3.5507 -3.4533 -3.7293
v  -3.5411 -3.4784 -3.7415
v  -3.5500 -3.5091 -3.7179
v  -3.5526 -3.4839 -3.7125
v  -3.5516 -3.5410 -3.6907
v  -3.5402 -3.4211 -3.7516
v  -3.5301 -3.3894 -3.7799
v  -3.5100 -3.4174 -3.7995
v  -3.5276 -3.4486 -3.7673
v  -3.5139 -3.3811 -3.8285
v  -3.5307 -3.3613 -3.8152
v  -3.5030 -3.3686 -3.8650
v  -3.5035 -3.3881 -3.8395
v  -3.4937 -3.3848 -3.8631
v  -3.4983 -3.4062 -3.8328
v  -3.4968 -3.3400 -3.8956
v  -3.4786 -3.3023 -3.9170
v  -3.4644 -3.3210 -3.9209
v  -3.4859 -3.3551 -3.8954
v  -3.4567 -3.2622 -3.9285
v  -3.4388 -3.2191 -3.9412
v  -3.3989 -3.2429 -3.9473
v  -3.4336 -3.2858 -3.9343
v  -3.3899 -3.1868 -3.9593
v  -3.4276 -3.1720 -3.9567
v  -3.5613 -3.5279 -3.7311
v  -3.5745 -3.5625 -3.7093
v  -3.5499 -3.4972 -3.7565
v  -3.5583 -3.5128 -3.7712
v  -3.5738 -3.5426 -3.7478
v  -3.5899 -3.5765 -3.7263
v  -3.5340 -3.4697 -3.7826
v  -3.5156 -3.4466 -3.8095
v  -3.5270 -3.4622 -3.8213
v  -3.5423 -3.4861 -3.7954
v  -3.5588 -3.5360 -3.7974
v  -3.5605 -3.5253 -3.7840
v  -3.5448 -3.4979 -3.8065
v  -3.5448 -3.5077 -3.8183
v  -3.5344 -3.4718 -3.8313
v  -3.5357 -3.4815 -3.8421
v  -3.5068 -3.4251 -3.8393
v  -3.5021 -3.3997 -3.8701
v  -3.5171 -3.4096 -3.8788
v  -3.5208 -3.4378 -3.8491
v  -3.5258 -3.4185 -3.8881
v  -3.5304 -3.4464 -3.8579
v  -3.5311 -3.4568 -3.8685
v  -3.5246 -3.4303 -3.8985
v  -3.4907 -3.3675 -3.9026
v  -3.4671 -3.3350 -3.9332
v  -3.4793 -3.3432 -3.9474
v  -3.5047 -3.3759 -3.9128
v  -3.4858 -3.3661 -3.9689
v  -3.5107 -3.3988 -3.9329
v  -3.5128 -3.3854 -3.9232
v  -3.4861 -3.3528 -3.9593
v  -3.4287 -3.3066 -3.9544
v  -3.3916 -3.2751 -3.9748
v  -3.3962 -3.2871 -4.0055
v  -3.4392 -3.3169 -3.9774
v  -3.4079 -3.3017 -4.0393
v  -3.4502 -3.3354 -4.0040
v  -3.4468 -3.3250 -3.9922
v  -3.4029 -3.2945 -4.0250
v  -3.5654 -4.0126 -3.5610
v  -3.5587 -4.0394 -3.5860
v  -3.5718 -4.0177 -3.5991
v  -3.5789 -3.9940 -3.5748
v  -3.5595 -4.0439 -3.6309
v  -3.5456 -4.0676 -3.6192
v  -3.5687 -3.9487 -3.5574
v  -3.5600 -3.9662 -3.5439
v  -3.5646 -3.9572 -3.5361
v  -3.5746 -3.9399 -3.5493
v  -3.5650 -3.9429 -3.5289
v  -3.5745 -3.9266 -3.5416
v  -3.5688 -3.9637 -3.5643
v  -3.5599 -3.9806 -3.5496
v  -3.5581 -3.9727 -3.5479
v  -3.5662 -3.9555 -3.5620
v  -3.5638 -3.9931 -3.5513
v  -3.5748 -3.9756 -3.5657
v  -3.5816 -3.8979 -3.5590
v  -3.5837 -3.9088 -3.5687
v  -3.5936 -3.8694 -3.5905
v  -3.5899 -3.8605 -3.5780
v  -3.5914 -3.8766 -3.6019
v  -3.5791 -3.9168 -3.5785
v  -3.5938 -3.8888 -3.6148
v  -3.5797 -3.9310 -3.5898
v  -3.5764 -3.9232 -3.5854
v  -3.5904 -3.8823 -3.6096
v  -3.5874 -3.9413 -3.5917
v  -3.6012 -3.8974 -3.6188
v  -3.6112 -3.9097 -3.6260
v  -3.5968 -3.9571 -3.5990
v  -3.5978 -3.8182 -3.5985
v  -3.6026 -3.8262 -3.6111
v  -3.6089 -3.7839 -3.6300
v  -3.6021 -3.7765 -3.6189
v  -3.6069 -3.7924 -3.6395
v  -3.5994 -3.8334 -3.6225
v  -3.6014 -3.6181 -3.7090
v  -3.5910 -3.6039 -3.6938
v  -3.6025 -3.6470 -3.6830
v  -3.6094 -3.6593 -3.6946
v  -3.5852 -3.6412 -3.6728
v  -3.5685 -3.5960 -3.6788
v  -3.6024 -3.7406 -3.6359
v  -3.6113 -3.7474 -3.6456
v  -3.6098 -3.7147 -3.6599
v  -3.5988 -3.7086 -3.6512
v  -3.6133 -3.7290 -3.6678
v  -3.6122 -3.7582 -3.6528
v  -3.6088 -3.8029 -3.6502
v  -3.6026 -3.8451 -3.6352
v  -3.5984 -3.8394 -3.6303
v  -3.6060 -3.8003 -3.6451
v  -3.6114 -3.7658 -3.6609
v  -3.6107 -3.7715 -3.6546
v  -3.6093 -3.8515 -3.6397
v  -3.6130 -3.8071 -3.6557
v  -3.6150 -3.8119 -3.6639
v  -3.6162 -3.8599 -3.6477
v  -3.6118 -3.7671 -3.6670
v  -3.6110 -3.7324 -3.6769
v  -3.6083 -3.7408 -3.6813
v  -3.6104 -3.7689 -3.6748
v  -3.6141 -3.6930 -3.6816
v  -3.6070 -3.6829 -3.6726
v  -3.5935 -3.6775 -3.6644
v  -3.5927 -3.9779 -3.6208
v  -3.6092 -3.9258 -3.6445
v  -3.5988 -3.9437 -3.6720
v  -3.5807 -4.0024 -3.6492
v  -3.6146 -3.8708 -3.6631
v  -3.6105 -3.8160 -3.6758
v  -3.5996 -3.8189 -3.6871
v  -3.6034 -3.8770 -3.6791
v  -3.5826 -3.8204 -3.6950
v  -3.5860 -3.8731 -3.6899
v  -3.5664 -3.8711 -3.7018
v  -3.5639 -3.8251 -3.7078
v  -3.5758 -3.9024 -3.7076
v  -3.5899 -3.9182 -3.6978
v  -3.5932 -3.6986 -3.7091
v  -3.6034 -3.7244 -3.6915
v  -3.6093 -3.7040 -3.6898
v  -3.6027 -3.6735 -3.7038
v  -3.6043 -3.7644 -3.6851
v  -3.5931 -3.7596 -3.6953
v  -3.5757 -3.5675 -3.7799
v  -3.5790 -3.5552 -3.7634
v  -3.5927 -3.5910 -3.7429
v  -3.5892 -3.6106 -3.7595
v  -3.5745 -3.7112 -3.7403
v  -3.5681 -3.7690 -3.7234
v  -3.5802 -3.7609 -3.7059
v  -3.5833 -3.7067 -3.7224
v  -3.5924 -3.6489 -3.7315
v  -3.5979 -3.6334 -3.7222
v  -3.5823 -3.6607 -3.7530
v  -3.5870 -3.6669 -3.7356
v  -3.6442 -3.0076 -3.2844
v  -3.6397 -2.9627 -3.3102
v  -3.6966 -2.9622 -3.3010
v  -3.7061 -3.0135 -3.2758
v  -3.6840 -2.9125 -3.3292
v  -3.6346 -2.9162 -3.3376
v  -3.6295 -2.8697 -3.3552
v  -3.6723 -2.8649 -3.3496
v  -3.6635 -2.8218 -3.3655
v  -3.6252 -2.8268 -3.3688
v  -3.6219 -2.7891 -3.3800
v  -3.6188 -2.7575 -3.3917
v  -3.6574 -2.7525 -3.3869
v  -3.6598 -2.7842 -3.3764
v  -3.6147 -2.7310 -3.4016
v  -3.6535 -2.7252 -3.3961
v  -3.6484 -2.7010 -3.4047
v  -3.6097 -2.7076 -3.4104
v  -3.6041 -2.6853 -3.4190
v  -3.6427 -2.6788 -3.4136
v  -3.6366 -2.6566 -3.4220
v  -3.5979 -2.6629 -3.4277
v  -3.5909 -2.6388 -3.4365
v  -3.6299 -2.6327 -3.4294
v  -3.6213 -2.6067 -3.4383
v  -3.5817 -2.6129 -3.4458
v  -3.5690 -2.5836 -3.4533
v  -3.6099 -2.5766 -3.4455
v  -3.5945 -2.5410 -3.4511
v  -3.5517 -2.5508 -3.4615
v  -3.5285 -2.5139 -3.4703
v  -3.5741 -2.4988 -3.4566
v  -3.5554 -2.4510 -3.4611
v  -3.4957 -2.4695 -3.4780
v  -3.4916 -2.3538 -3.4715
v  -3.5407 -2.3448 -3.4592
v  -3.5448 -2.3982 -3.4619
v  -3.4931 -2.4088 -3.4759
v  -3.4087 -2.4118 -3.4830
v  -3.4484 -2.4113 -3.4779
v  -3.4452 -2.4588 -3.4811
v  -3.4064 -2.4556 -3.4878
v  -3.4107 -2.3616 -3.4798
v  -3.4491 -2.3584 -3.4736
v  -3.5789 -2.9398 -3.3439
v  -3.6039 -2.9287 -3.3476
v  -3.6042 -2.9736 -3.3206
v  -3.5789 -2.9849 -3.3242
v  -3.6033 -3.0144 -3.2941
v  -3.5760 -3.0240 -3.3022
v  -3.5715 -2.8478 -3.3748
v  -3.5982 -2.8375 -3.3791
v  -3.6014 -2.8818 -3.3654
v  -3.5760 -2.8929 -3.3604
v  -3.5620 -2.7738 -3.3958
v  -3.5910 -2.7663 -3.4022
v  -3.5948 -2.7986 -3.3903
v  -3.5670 -2.8075 -3.3862
v  -3.5510 -2.7258 -3.4119
v  -3.5809 -2.7171 -3.4181
v  -3.5861 -2.7398 -3.4102
v  -3.5565 -2.7476 -3.4038
v  -3.5405 -2.6824 -3.4313
v  -3.5697 -2.6723 -3.4352
v  -3.5756 -2.6949 -3.4264
v  -3.5460 -2.7044 -3.4212
v  -3.5239 -2.6341 -3.4508
v  -3.5531 -2.6228 -3.4554
v  -3.5626 -2.6483 -3.4450
v  -3.5335 -2.6588 -3.4417
v  -3.5105 -2.6088 -3.4574
v  -3.5398 -2.5955 -3.4644
v  -3.5225 -2.5674 -3.4744
v  -3.4931 -2.5833 -3.4624
v  -3.4712 -2.5588 -3.4705
v  -3.4446 -2.5393 -3.4810
v  -3.4702 -2.5110 -3.4874
v  -3.4996 -2.5371 -3.4834
v  -3.4134 -2.5280 -3.4924
v  -3.4351 -2.4972 -3.4923
v  -3.4012 -2.4920 -3.5042
v  -3.3826 -2.5228 -3.5083
v  -3.5558 -3.0241 -3.3027
v  -3.5565 -2.9909 -3.3210
v  -3.5373 -2.9967 -3.3144
v  -3.5427 -3.0188 -3.3032
v  -3.5286 -2.9600 -3.3285
v  -3.5534 -2.9502 -3.3377
v  -3.5473 -2.9050 -3.3520
v  -3.5178 -2.9167 -3.3402
v  -3.5069 -2.8717 -3.3486
v  -3.5398 -2.8598 -3.3641
v  -3.5324 -2.8192 -3.3746
v  -3.4963 -2.8310 -3.3569
v  -3.4861 -2.7974 -3.3655
v  -3.5250 -2.7855 -3.3844
v  -3.5180 -2.7604 -3.3931
v  -3.4782 -2.7720 -3.3725
v  -3.4724 -2.7511 -3.3807
v  -3.5121 -2.7399 -3.4021
v  -3.4913 -2.9723 -3.2914
v  -3.5058 -2.9685 -3.3131
v  -3.5205 -3.0045 -3.3013
v  -3.5105 -3.0094 -3.2820
v  -3.5355 -3.0314 -3.2904
v  -3.5283 -3.0401 -3.2725
v  -3.4786 -2.8800 -3.3251
v  -3.4913 -2.9254 -3.3209
v  -3.4740 -2.9288 -3.2961
v  -3.4602 -2.8830 -3.2979
v  -3.4529 -2.8048 -3.3383
v  -3.4658 -2.8387 -3.3305
v  -3.4458 -2.8407 -3.3017
v  -3.4294 -2.8066 -3.3091
v  -3.5114 -3.0946 -3.1771
v  -3.5294 -3.1315 -3.1702
v  -3.4953 -3.0572 -3.1845
v  -3.5184 -3.0918 -3.1871
v  -3.5045 -3.0551 -3.1933
v  -3.5351 -3.1281 -3.1822
v  -3.4800 -3.0114 -3.1900
v  -3.4664 -2.9598 -3.1909
v  -3.4779 -2.9603 -3.2041
v  -3.4910 -3.0102 -3.2002
v  -3.4531 -2.9057 -3.1867
v  -3.4403 -2.8526 -3.1816
v  -3.4499 -2.8575 -3.2002
v  -3.4649 -2.9084 -3.2024
v  -3.4228 -2.8057 -3.1839
v  -3.4004 -2.7681 -3.1945
v  -3.4074 -2.7729 -3.2106
v  -3.4311 -2.8108 -3.2024
v  -3.3783 -2.7396 -3.2105
v  -3.3578 -2.7173 -3.2292
v  -3.3665 -2.7217 -3.2414
v  -3.3858 -2.7444 -3.2244
v  -3.3392 -2.6992 -3.2483
v  -3.3230 -2.6815 -3.2660
v  -3.3339 -2.6839 -3.2774
v  -3.3491 -2.7022 -3.2595
v  -3.2937 -2.6453 -3.2957
v  -3.3082 -2.6636 -3.2817
v  -3.3047 -2.6486 -3.3085
v  -3.3195 -2.6660 -3.2938
v  -3.2741 -2.6084 -3.3333
v  -3.2893 -2.6298 -3.3206
v  -3.2788 -2.6264 -3.3079
v  -3.2634 -2.6055 -3.3207
v  -3.2260 -2.5633 -3.3577
v  -3.2460 -2.5833 -3.3373
v  -3.2376 -2.5665 -3.3703
v  -3.2573 -2.5860 -3.3502
v  -3.2042 -2.5473 -3.3809
v  -3.1810 -2.5336 -3.4053
v  -3.1936 -2.5379 -3.4148
v  -3.2165 -2.5511 -3.3921
v  -3.5197 -3.0478 -3.2332
v  -3.5131 -3.0515 -3.2114
v  -3.4987 -3.0098 -3.2198
v  -3.5041 -3.0097 -3.2424
v  -3.4840 -2.9632 -3.2257
v  -3.4875 -2.9667 -3.2493
v  -3.4732 -2.9194 -3.2508
v  -3.4741 -2.9246 -3.2726
v  -3.4902 -2.9696 -3.2699
v  -3.4597 -2.8780 -3.2737
v  -3.4592 -2.8714 -3.2509
v  -3.4707 -2.9136 -3.2258
v  -3.4562 -2.8641 -3.2247
v  -3.4424 -2.8262 -3.2538
v  -3.4416 -2.8352 -3.2772
v  -3.4220 -2.8002 -3.2839
v  -3.4210 -2.7899 -3.2602
v  -3.4382 -2.8179 -3.2270
v  -3.4148 -2.7807 -3.2340
v  -3.3941 -2.7536 -3.2462
v  -3.3772 -2.7313 -3.2619
v  -3.3881 -2.7428 -3.2857
v  -3.4028 -2.7638 -3.2713
v  -3.3477 -2.6934 -3.2968
v  -3.3622 -2.7113 -3.2791
v  -3.3601 -2.7072 -3.3189
v  -3.3742 -2.7239 -3.3021
v  -3.3300 -2.6759 -3.3500
v  -3.3453 -2.6920 -3.3353
v  -3.3327 -2.6772 -3.3135
v  -3.3180 -2.6601 -3.3283
v  -3.2975 -2.6354 -3.3747
v  -3.3138 -2.6571 -3.3624
v  -3.3034 -2.6402 -3.3403
v  -3.2884 -2.6181 -3.3527
v  -3.2629 -2.5907 -3.4057
v  -3.2807 -2.6117 -3.3891
v  -3.2718 -2.5950 -3.3686
v  -3.2517 -2.5756 -3.3875
v  -3.5383 -3.0730 -3.2465
v  -3.5438 -3.0638 -3.2672
v  -3.5671 -3.0891 -3.2597
v  -3.5321 -3.0798 -3.2255
v  -3.5504 -3.1002 -3.2407
v  -3.5450 -3.1118 -3.2202
v  -3.5249 -3.0442 -3.2531
v  -3.5254 -3.0865 -3.2044
v  -3.5399 -3.1213 -3.1998
v  -3.5083 -3.0094 -3.2622
v  -3.7245 -3.2475 -3.4269
v  -3.7082 -3.2436 -3.4323
v  -3.7150 -3.2251 -3.4453
v  -3.7355 -3.2268 -3.4422
v  -3.7331 -3.2026 -3.4603
v  -3.7159 -3.2060 -3.4591
v  -3.7328 -3.2963 -3.4041
v  -3.7396 -3.2808 -3.4088
v  -3.7281 -3.2753 -3.4171
v  -3.7195 -3.2906 -3.4148
v  -3.7531 -3.2206 -3.4471
v  -3.7669 -3.2217 -3.4510
v  -3.7619 -3.1927 -3.4584
v  -3.7477 -3.1963 -3.4574
v  -3.7614 -3.2552 -3.4364
v  -3.7494 -3.2440 -3.4367
v  -3.7390 -3.2575 -3.4251
v  -3.7506 -3.2685 -3.4230
v  -3.7677 -3.2415 -3.4448
v  -3.7573 -3.2363 -3.4432
v  -3.7394 -3.3010 -3.3934
v  -3.7467 -3.3062 -3.3856
v  -3.7561 -3.2928 -3.3961
v  -3.7478 -3.2864 -3.4018
v  -3.7795 -3.2228 -3.4527
v  -3.7758 -3.1925 -3.4616
v  -3.7909 -3.1923 -3.4617
v  -3.7926 -3.2231 -3.4506
v  -3.7821 -3.2657 -3.4283
v  -3.7718 -3.2618 -3.4334
v  -3.7600 -3.2754 -3.4179
v  -3.7692 -3.2813 -3.4128
v  -3.7782 -3.2447 -3.4436
v  -3.7896 -3.2465 -3.4397
v  -3.8089 -3.1893 -3.4578
v  -3.8081 -3.2222 -3.4442
v  -3.8298 -3.1824 -3.4422
v  -3.8251 -3.2184 -3.4259
v  -3.7794 -3.3046 -3.3784
v  -3.7668 -3.2985 -3.3902
v  -3.7567 -3.3119 -3.3807
v  -3.7666 -3.3169 -3.3720
v  -3.8086 -3.2691 -3.4021
v  -3.7944 -3.2679 -3.4198
v  -3.7811 -3.2856 -3.4052
v  -3.7951 -3.2893 -3.3896
v  -3.8029 -3.2472 -3.4319
v  -3.8182 -3.2459 -3.4135
v  -3.7709 -3.3196 -3.3297
v  -3.7742 -3.3206 -3.3511
v  -3.7918 -3.3085 -3.3497
v  -3.7816 -3.3015 -3.3093
v  -3.7629 -3.3194 -3.3197
v  -3.7569 -3.3090 -3.3001
v  -3.8417 -3.2100 -3.3873
v  -3.8476 -3.1690 -3.4041
v  -3.8466 -3.1485 -3.3567
v  -3.8425 -3.1933 -3.3379
v  -3.8089 -3.2460 -3.3216
v  -3.8218 -3.2657 -3.3652
v  -3.8094 -3.2891 -3.3555
v  -3.8015 -3.2740 -3.3098
v  -3.8324 -3.2402 -3.3752
v  -3.8263 -3.2233 -3.3278
v  -3.7290 -3.2845 -3.2668
v  -3.6934 -3.2512 -3.2436
v  -3.7126 -3.2365 -3.2331
v  -3.7537 -3.2702 -3.2610
v  -3.7671 -3.1317 -3.2523
v  -3.7725 -3.0878 -3.2696
v  -3.8216 -3.1195 -3.3074
v  -3.8161 -3.1653 -3.2877
v  -3.7287 -3.2121 -3.2338
v  -3.7723 -3.2462 -3.2651
v  -3.7781 -3.2183 -3.2820
v  -3.7375 -3.1865 -3.2478
v  -3.7976 -3.1962 -3.2827
v  -3.7522 -3.1629 -3.2501
v  -3.6138 -3.1904 -3.2324
v  -3.6360 -3.2325 -3.2438
v  -3.6250 -3.2475 -3.2409
v  -3.5904 -3.1900 -3.2243
v  -3.6379 -3.1940 -3.2277
v  -3.6493 -3.2251 -3.2403
v  -3.6474 -3.0751 -3.2443
v  -3.6465 -3.0432 -3.2598
v  -3.7097 -3.0578 -3.2525
v  -3.7070 -3.0970 -3.2372
v  -3.6680 -3.2264 -3.2350
v  -3.6721 -3.2090 -3.2244
v  -3.6030 -3.1467 -3.2329
v  -3.6032 -3.1109 -3.2406
v  -3.5785 -3.1397 -3.2391
v  -3.6411 -3.1261 -3.2265
v  -3.6367 -3.1587 -3.2219
v  -3.5625 -3.1305 -3.2344
v  -3.5631 -3.1491 -3.2177
v  -3.6042 -3.0743 -3.2565
v  -3.6021 -3.0481 -3.2727
v  -3.5715 -3.0553 -3.2835
v  -3.6131 -3.0921 -3.2448
v  -3.6473 -3.1013 -3.2346
v  -3.5503 -3.0486 -3.2862
v  -3.6989 -3.1278 -3.2320
v  -3.6899 -3.1532 -3.2266
v  -3.6811 -3.1817 -3.2195
v  -3.5596 -3.1638 -3.1991
v  -3.5540 -3.1733 -3.1821
v  -3.5812 -3.2136 -3.2096
v  -3.5703 -3.2325 -3.1919
v  -3.5471 -3.1771 -3.1692
v  -3.5577 -3.2243 -3.1748
v  -3.6759 -3.5070 -3.2402
v  -3.6932 -3.5071 -3.2647
v  -3.7046 -3.5332 -3.2566
v  -3.6861 -3.5370 -3.2345
v  -3.6845 -3.4800 -3.2678
v  -3.6664 -3.4779 -3.2413
v  -3.6557 -3.4502 -3.2382
v  -3.6769 -3.4538 -3.2684
v  -3.6730 -3.4264 -3.2690
v  -3.6440 -3.4175 -3.2286
v  -3.6474 -3.3783 -3.2338
v  -3.6769 -3.3956 -3.2709
v  -3.6854 -3.3670 -3.2734
v  -3.6471 -3.3340 -3.2319
v  -3.6592 -3.3108 -3.2456
v  -3.6950 -3.3446 -3.2767
v  -3.6133 -3.2663 -3.2302
v  -3.6026 -3.2830 -3.2179
v  -3.6174 -3.3829 -3.1820
v  -3.6129 -3.3460 -3.1804
v  -3.6242 -3.3611 -3.2053
v  -3.6282 -3.3952 -3.2014
v  -3.6124 -3.3233 -3.2085
v  -3.5968 -3.3064 -3.1825
v  -3.5954 -3.2926 -3.2066
v  -3.5797 -3.2722 -3.1864
v  -3.5733 -3.2612 -3.1685
v  -3.5933 -3.2948 -3.1600
v  -3.6055 -3.3381 -3.1624
v  -3.6091 -3.3783 -3.1676
v  -3.5474 -4.0974 -3.6919
v  -3.5382 -4.1260 -3.6776
v  -3.5383 -4.0985 -3.6508
v  -3.5508 -4.0723 -3.6636
v  -3.5622 -4.0218 -3.7262
v  -3.5573 -4.0625 -3.7091
v  -3.5691 -4.0339 -3.6806
v  -3.5840 -3.9916 -3.7004
v  -3.5825 -3.9539 -3.7181
v  -3.5672 -3.9185 -3.7239
v  -3.5449 -3.9345 -3.7363
v  -3.5568 -3.9782 -3.7366
v  -3.5518 -3.8815 -3.7217
v  -3.5498 -3.8374 -3.7311
v  -3.5343 -3.8503 -3.7541
v  -3.5346 -3.8935 -3.7386
v  -3.5558 -3.7828 -3.7488
v  -3.5637 -3.7241 -3.7666
v  -3.5554 -3.7405 -3.7959
v  -3.5437 -3.7975 -3.7754
v  -3.5737 -3.6695 -3.7795
v  -3.5771 -3.6203 -3.7907
v  -3.5559 -3.6337 -3.8116
v  -3.5599 -3.6843 -3.8073
v  -3.5644 -3.5806 -3.7994
v  -3.5520 -3.5481 -3.8136
v  -3.5395 -3.5603 -3.8292
v  -3.5466 -3.5929 -3.8165
v  -3.5365 -3.4949 -3.8563
v  -3.5434 -3.5201 -3.8333
v  -3.5350 -3.5336 -3.8481
v  -3.5303 -3.5100 -3.8706
v  -3.5225 -3.4452 -3.9117
v  -3.5308 -3.4709 -3.8822
v  -3.5240 -3.4869 -3.8959
v  -3.5147 -3.4621 -3.9250
v  -3.5081 -3.4151 -3.9454
v  -3.4850 -3.3822 -3.9813
v  -3.5006 -3.4334 -3.9582
v  -3.4801 -3.4011 -3.9954
v  -3.4104 -3.3100 -4.0540
v  -3.4519 -3.3481 -4.0177
v  -3.4505 -3.3647 -4.0347
v  -3.4106 -3.3202 -4.0693
v  -3.5187 -3.8055 -3.7922
v  -3.5091 -3.8561 -3.7682
v  -3.5290 -3.7490 -3.8095
v  -3.4952 -3.7514 -3.8067
v  -3.4833 -3.8040 -3.7892
v  -3.4742 -3.8531 -3.7661
v  -3.5316 -3.6941 -3.8169
v  -3.5292 -3.6449 -3.8208
v  -3.4970 -3.6546 -3.8243
v  -3.4988 -3.7008 -3.8170
v  -3.5238 -3.6040 -3.8271
v  -3.5185 -3.5708 -3.8394
v  -3.4882 -3.5805 -3.8452
v  -3.4930 -3.6142 -3.8328
v  -3.5140 -3.5439 -3.8562
v  -3.4838 -3.5532 -3.8609
v  -3.5087 -3.5208 -3.8770
v  -3.4780 -3.5304 -3.8799
v  -3.4903 -3.4762 -3.9295
v  -3.5012 -3.4994 -3.9019
v  -3.4691 -3.5104 -3.9029
v  -3.4567 -3.4875 -3.9265
v  -3.4546 -3.4190 -3.9968
v  -3.4757 -3.4497 -3.9613
v  -3.4201 -3.4248 -3.9789
v  -3.4410 -3.4592 -3.9516
v  -3.3908 -3.3381 -4.0743
v  -3.4252 -3.3834 -4.0353
v  -3.3919 -3.3859 -4.0126
v  -3.3603 -3.3421 -4.0533
v  -3.4457 -3.0131 -3.9011
v  -3.4353 -3.0142 -3.8808
v  -3.4120 -2.9651 -3.8943
v  -3.4189 -2.9643 -3.9133
v  -3.3831 -2.9461 -3.9790
v  -3.3671 -2.9601 -3.9882
v  -3.3534 -2.9309 -3.9898
v  -3.3672 -2.9174 -3.9803
v  -3.3439 -2.9484 -3.9914
v  -3.3491 -2.9732 -3.9897
v  -3.3888 -2.9141 -3.9491
v  -3.3796 -2.9112 -3.9644
v  -3.3945 -2.9372 -3.9626
v  -3.4000 -2.9321 -3.9435
v  -3.4252 -3.0133 -3.8486
v  -3.3958 -2.9627 -3.8597
v  -3.4050 -2.9653 -3.8784
v  -3.4244 -3.0152 -3.8659
v  -3.3732 -2.9049 -3.9205
v  -3.3824 -2.9056 -3.9377
v  -3.3997 -2.9280 -3.9244
v  -3.3943 -2.9269 -3.9059
v  -3.3353 -2.9012 -3.9584
v  -3.3502 -2.8976 -3.9753
v  -3.3666 -2.8954 -3.9558
v  -3.3529 -2.8959 -3.9399
v  -3.3305 -2.9436 -3.9854
v  -3.3355 -2.9154 -3.9862
v  -3.3242 -2.9223 -3.9695
v  -3.3225 -2.9457 -3.9728
v  -3.3479 -3.1354 -3.9593
v  -3.3552 -3.1846 -3.9579
v  -3.3254 -3.1802 -3.9487
v  -3.3195 -3.1351 -3.9432
v  -3.3267 -3.2113 -3.9711
v  -3.3577 -3.2236 -3.9633
v  -3.3580 -3.2408 -3.9974
v  -3.3243 -3.2174 -4.0138
v  -3.3263 -3.2089 -4.0564
v  -3.3598 -3.2459 -4.0342
v  -3.3639 -3.2506 -4.0590
v  -3.3661 -3.2567 -4.0770
v  -3.3331 -3.2037 -4.0857
v  -3.3371 -3.2059 -4.1085
v  -3.3363 -3.2135 -4.1285
v  -3.3659 -3.2630 -4.0920
v  -3.3649 -3.2690 -4.1042
v  -3.3332 -3.2235 -4.1446
v  -3.3220 -3.2399 -4.1543
v  -3.3543 -3.2844 -4.1147
v  -3.3023 -3.2514 -4.1440
v  -3.3295 -3.2930 -4.1015
v  -3.2614 -3.2122 -4.1614
v  -3.2805 -3.2259 -4.1641
v  -3.2955 -3.2102 -4.1765
v  -3.2732 -3.1904 -4.1742
v  -3.3101 -3.1900 -4.1715
v  -3.2894 -3.1758 -4.1773
v  -3.3138 -3.1749 -4.1509
v  -3.2831 -3.1626 -4.1595
v  -3.3122 -3.1663 -4.1253
v  -3.2779 -3.1566 -4.1328
v  -3.2558 -3.1750 -4.1338
v  -3.2616 -3.1788 -4.1566
v  -3.2503 -3.2013 -4.1469
v  -3.2470 -3.1934 -4.1323
v  -3.2730 -3.1784 -4.0715
v  -3.2734 -3.1597 -4.1050
v  -3.3065 -3.1675 -4.0984
v  -3.2997 -3.1806 -4.0661
v  -3.2557 -3.2346 -4.1431
v  -3.2710 -3.2387 -4.1498
v  -3.2815 -3.2623 -4.1286
v  -3.2571 -3.2656 -4.1146
v  -3.2510 -3.1950 -4.0755
v  -3.2516 -3.1803 -4.1092
v  -3.2424 -3.2046 -4.1149
v  -3.2400 -3.2229 -4.0830
v  -3.2440 -3.2228 -4.1288
v  -3.2414 -3.2491 -4.0973
v  -3.4971 -2.9096 -3.5307
v  -3.4875 -2.8661 -3.5368
v  -3.4589 -2.8815 -3.5528
v  -3.4656 -2.9239 -3.5462
v  -3.5524 -2.7932 -3.5828
v  -3.5396 -2.7524 -3.6013
v  -3.5045 -2.7701 -3.5788
v  -3.5149 -2.8079 -3.5608
v  -3.4857 -2.7033 -3.6040
v  -3.4955 -2.7381 -3.5913
v  -3.5288 -2.7159 -3.6134
v  -3.5179 -2.6764 -3.6248
v  -3.4401 -2.8867 -3.5720
v  -3.4421 -2.9295 -3.5664
v  -3.4513 -2.9166 -3.6025
v  -3.4492 -2.8762 -3.6059
v  -3.4813 -2.8254 -3.5570
v  -3.4746 -2.7880 -3.5744
v  -3.4532 -2.8015 -3.5828
v  -3.4574 -2.8401 -3.5683
v  -3.4669 -2.7568 -3.5874
v  -3.4564 -2.7226 -3.5991
v  -3.4351 -2.7347 -3.6083
v  -3.4454 -2.7691 -3.5948
v  -3.4445 -2.8453 -3.5853
v  -3.4524 -2.8368 -3.6161
v  -3.4468 -2.8067 -3.6006
v  -3.4509 -2.7991 -3.6291
v  -3.4724 -2.8424 -3.6541
v  -3.4805 -2.8806 -3.6494
v  -3.4873 -2.8538 -3.7090
v  -3.4704 -2.8147 -3.7118
v  -3.4269 -2.7387 -3.6269
v  -3.4416 -2.7729 -3.6145
v  -3.4456 -2.7641 -3.6421
v  -3.4282 -2.7309 -3.6531
v  -3.4574 -2.8104 -3.7474
v  -3.4791 -2.8503 -3.7458
v  -3.4620 -2.8582 -3.7635
v  -3.4410 -2.8172 -3.7670
v  -3.4529 -2.7749 -3.6733
v  -3.4638 -2.8074 -3.6634
v  -3.4549 -2.7824 -3.7162
v  -3.4407 -2.7540 -3.7202
v  -3.4232 -2.7133 -3.6867
v  -3.4411 -2.7438 -3.6816
v  -3.4268 -2.7262 -3.7221
v  -3.4091 -2.6989 -3.7202
v  -3.4149 -2.8295 -3.7665
v  -3.4349 -2.8702 -3.7583
v  -3.3899 -2.8379 -3.7545
v  -3.4089 -2.8789 -3.7419
v  -3.4257 -2.7495 -3.7527
v  -3.4400 -2.7781 -3.7503
v  -3.4249 -2.7830 -3.7713
v  -3.4118 -2.7520 -3.7754
v  -3.3935 -2.6947 -3.7449
v  -3.4115 -2.7214 -3.7513
v  -3.3973 -2.7214 -3.7725
v  -3.3784 -2.6940 -3.7616
v  -3.3838 -2.8850 -3.7400
v  -3.3671 -2.8883 -3.7622
v  -3.3693 -2.8417 -3.7619
v  -3.3513 -2.8434 -3.7831
v  -3.4020 -2.7933 -3.7769
v  -3.3915 -2.7585 -3.7847
v  -3.3701 -2.7629 -3.7808
v  -3.3792 -2.7998 -3.7705
v  -3.3603 -2.6945 -3.7682
v  -3.3784 -2.7244 -3.7818
v  -3.3414 -2.6928 -3.7753
v  -3.3586 -2.7270 -3.7825
v  -3.3525 -2.7628 -3.7948
v  -3.3621 -2.8018 -3.7827
v  -3.3417 -2.8024 -3.8036
v  -3.3311 -2.7628 -3.8178
v  -3.3402 -2.7248 -3.7978
v  -3.3178 -2.7233 -3.8234
v  -3.3255 -2.6851 -3.7960
v  -3.3023 -2.6797 -3.8241
v  -3.7901 -3.6217 -3.3858
v  -3.7882 -3.6498 -3.3689
v  -3.7889 -3.6401 -3.3955
v  -3.7788 -3.6806 -3.3722
v  -3.7902 -3.6318 -3.3643
v  -3.7877 -3.6075 -3.3779
v  -3.7902 -3.6211 -3.3589
v  -3.7823 -3.6021 -3.3699
v  -3.7875 -3.6140 -3.3529
v  -3.7772 -3.5993 -3.3623
v  -3.8058 -3.6264 -3.3413
v  -3.7986 -3.6203 -3.3480
v  -3.8004 -3.6301 -3.3534
v  -3.8077 -3.6367 -3.3465
v  -3.7998 -3.6436 -3.3582
v  -3.8076 -3.6508 -3.3510
v  -3.7730 -3.5921 -3.3543
v  -3.7818 -3.6058 -3.3465
v  -3.7729 -3.5961 -3.3391
v  -3.7681 -3.5838 -3.3484
v  -3.7640 -3.5774 -3.3410
v  -3.7645 -3.5757 -3.3463
v  -3.7938 -3.6114 -3.3418
v  -3.8024 -3.6180 -3.3355
v  -3.7983 -3.6105 -3.3280
v  -3.7883 -3.6031 -3.3341
v  -3.7696 -3.5810 -3.3161
v  -3.7657 -3.5658 -3.3233
v  -3.7650 -3.5733 -3.3339
v  -3.7711 -3.5892 -3.3282
v  -3.7836 -3.5961 -3.3239
v  -3.7931 -3.6041 -3.3179
v  -3.7875 -3.5989 -3.3039
v  -3.7792 -3.5895 -3.3100
v  -3.7646 -3.5740 -3.2986
v  -3.7608 -3.5584 -3.3077
v  -3.7532 -3.5522 -3.2917
v  -3.7578 -3.5688 -3.2808
v  -3.8144 -3.6686 -3.3276
v  -3.8125 -3.6601 -3.3395
v  -3.8100 -3.6798 -3.3422
v  -3.8113 -3.6873 -3.3296
v  -3.8051 -3.6710 -3.3544
v  -3.7993 -3.6978 -3.3558
v  -3.8038 -3.7042 -3.3430
v  -3.8052 -3.7092 -3.3299
v  -3.8123 -3.6451 -3.3209
v  -3.8100 -3.6358 -3.3312
v  -3.8120 -3.6459 -3.3356
v  -3.8140 -3.6548 -3.3246
v  -3.8070 -3.6329 -3.3107
v  -3.8042 -3.6217 -3.3193
v  -3.8074 -3.6281 -3.3261
v  -3.8100 -3.6381 -3.3167
v  -3.7942 -3.6124 -3.2971
v  -3.7999 -3.6160 -3.3098
v  -3.8027 -3.6286 -3.3024
v  -3.7973 -3.6264 -3.2915
v  -3.8014 -3.7104 -3.3193
v  -3.8066 -3.6905 -3.3194
v  -3.7986 -3.6916 -3.3123
v  -3.7941 -3.7094 -3.3113
v  -3.8014 -3.6764 -3.3119
v  -3.8095 -3.6733 -3.3182
v  -3.8100 -3.6610 -3.3160
v  -3.8021 -3.6655 -3.3106
v  -3.8014 -3.6583 -3.3083
v  -3.8090 -3.6524 -3.3129
v  -3.8074 -3.6467 -3.3094
v  -3.7999 -3.6536 -3.3055
v  -3.7970 -3.6503 -3.3019
v  -3.8045 -3.6425 -3.3049
v  -3.7928 -3.6471 -3.2965
v  -3.8001 -3.6390 -3.2983
v  -3.7880 -3.6451 -3.2890
v  -3.7950 -3.6372 -3.2893
v  -3.7831 -3.6453 -3.2787
v  -3.7904 -3.6383 -3.2773
v  -3.7783 -3.6480 -3.2668
v  -3.7872 -3.6434 -3.2642
v  -3.7893 -3.6328 -3.2620
v  -3.7922 -3.6272 -3.2775
v  -3.7838 -3.6524 -3.2515
v  -3.7815 -3.6665 -3.2402
v  -3.7744 -3.6545 -3.2537
v  -3.7717 -3.6669 -3.2422
v  -3.7883 -3.6627 -3.2355
v  -3.7885 -3.6450 -3.2476
v  -3.7693 -3.6853 -3.2347
v  -3.7797 -3.6863 -3.2329
v  -3.7652 -3.7066 -3.2313
v  -3.7761 -3.7088 -3.2298
v  -3.7849 -3.7089 -3.2235
v  -3.7880 -3.6846 -3.2275
v  -3.7570 -3.7276 -3.2308
v  -3.7676 -3.7312 -3.2295
v  -3.7569 -3.7523 -3.2326
v  -3.7472 -3.7475 -3.2339
v  -3.7652 -3.7565 -3.2271
v  -3.7764 -3.7333 -3.2235
v  -3.7454 -3.7710 -3.2384
v  -3.7377 -3.7653 -3.2400
v  -3.7325 -3.7785 -3.2522
v  -3.7375 -3.7859 -3.2491
v  -3.7425 -3.7941 -3.2428
v  -3.7534 -3.7772 -3.2333
v  -3.7362 -3.7956 -3.2635
v  -3.7371 -3.8061 -3.2587
v  -3.7335 -3.7862 -3.2657
v  -3.7380 -3.7895 -3.2786
v  -3.7404 -3.7997 -3.2784
v  -3.7404 -3.8116 -3.2769
v  -3.7493 -3.7980 -3.2913
v  -3.7499 -3.8096 -3.2932
v  -3.7463 -3.7878 -3.2893
v  -3.7621 -3.7896 -3.3004
v  -3.7571 -3.7802 -3.2970
v  -3.7647 -3.8004 -3.3058
v  -3.7687 -3.7655 -3.3025
v  -3.7755 -3.7735 -3.3073
v  -3.7865 -3.7527 -3.3136
v  -3.7795 -3.7470 -3.3067
v  -3.7898 -3.7582 -3.3239
v  -3.7790 -3.7823 -3.3159
v  -3.7946 -3.7313 -3.3177
v  -3.7877 -3.7281 -3.3098
v  -3.7977 -3.7331 -3.3283
v  -3.7625 -3.6541 -3.2558
v  -3.7670 -3.6507 -3.2698
v  -3.7542 -3.6523 -3.2734
v  -3.7450 -3.6628 -3.2445
v  -3.7594 -3.6653 -3.2433
v  -3.7487 -3.6529 -3.2587
v  -3.7568 -3.6828 -3.2357
v  -3.7425 -3.6796 -3.2365
v  -3.7389 -3.6991 -3.2332
v  -3.7529 -3.7032 -3.2323
v  -3.7319 -3.7178 -3.2327
v  -3.7451 -3.7231 -3.2316
v  -3.7363 -3.7417 -3.2345
v  -3.7241 -3.7353 -3.2352
v  -3.7288 -3.7583 -3.2410
v  -3.7185 -3.7505 -3.2424
v  -3.7168 -3.7607 -3.2542
v  -3.7257 -3.7697 -3.2534
v  -3.7278 -3.7758 -3.2661
v  -3.7192 -3.7654 -3.2666
v  -3.7245 -3.7664 -3.2778
v  -3.7325 -3.7781 -3.2780
v  -3.7403 -3.7764 -3.2875
v  -3.7325 -3.7645 -3.2864
v  -3.7416 -3.7584 -3.2923
v  -3.7500 -3.7698 -3.2944
v  -3.7705 -3.7044 -3.3022
v  -3.7833 -3.7073 -3.3061
v  -3.7773 -3.7236 -3.3042
v  -3.7648 -3.7183 -3.3004
v  -3.7697 -3.7403 -3.3019
v  -3.7583 -3.7328 -3.2983
v  -3.7504 -3.7470 -3.2961
v  -3.7601 -3.7567 -3.2990
v  -3.7293 -3.6605 -3.2470
v  -3.7268 -3.6764 -3.2374
v  -3.7134 -3.6633 -3.2530
v  -3.7111 -3.6757 -3.2412
v  -3.7237 -3.6949 -3.2338
v  -3.7079 -3.6920 -3.2367
v  -3.7036 -3.7076 -3.2369
v  -3.7176 -3.7125 -3.2337
v  -3.6986 -3.7216 -3.2429
v  -3.7107 -3.7291 -3.2369
v  -3.7069 -3.7426 -3.2455
v  -3.6970 -3.7334 -3.2513
v  -3.6981 -3.7397 -3.2620
v  -3.7069 -3.7513 -3.2573
v  -3.7075 -3.7408 -3.2798
v  -3.7160 -3.7544 -3.2790
v  -3.7100 -3.7548 -3.2689
v  -3.7018 -3.7428 -3.2717
v  -3.7243 -3.7518 -3.2863
v  -3.7159 -3.7388 -3.2856
v  -3.7231 -3.7330 -3.2890
v  -3.7331 -3.7461 -3.2910
v  -3.7295 -3.7259 -3.2911
v  -3.7404 -3.7363 -3.2937
v  -3.7465 -3.7244 -3.2955
v  -3.7328 -3.7162 -3.2922
v  -3.7931 -3.6703 -3.3071
v  -3.7916 -3.6795 -3.3079
v  -3.7806 -3.6815 -3.3048
v  -3.7836 -3.6735 -3.3044
v  -3.7858 -3.6681 -3.3038
v  -3.7927 -3.6640 -3.3055
v  -3.6942 -3.7017 -3.2755
v  -3.7157 -3.7094 -3.2870
v  -3.7167 -3.7169 -3.2874
v  -3.7099 -3.7196 -3.2847
v  -3.6932 -3.7240 -3.2679
v  -3.6917 -3.7228 -3.2589
v  -3.6907 -3.7125 -3.2551
v  -3.7813 -3.6665 -3.3015
v  -3.7905 -3.6601 -3.3030
v  -3.7759 -3.6639 -3.2980
v  -3.7869 -3.6571 -3.2998
v  -3.6954 -3.6933 -3.2507
v  -3.7001 -3.6817 -3.2515
v  -3.7005 -3.6766 -3.2627
v  -3.6940 -3.7038 -3.2474
v  -3.7002 -3.7245 -3.2786
v  -3.6969 -3.7291 -3.2735
v  -3.7074 -3.7260 -3.2831
v  -3.7376 -3.7073 -3.2937
v  -3.7517 -3.7124 -3.2971
v  -3.7407 -3.6977 -3.2946
v  -3.7569 -3.7008 -3.2987
v  -3.7206 -3.6964 -3.2885
v  -3.7219 -3.7043 -3.2892
v  -3.7128 -3.6787 -3.2844
v  -3.7068 -3.6702 -3.2737
v  -3.7196 -3.6578 -3.2698
v  -3.7327 -3.6644 -3.2851
v  -3.7882 -3.6923 -3.3076
v  -3.7760 -3.6919 -3.3038
v  -3.7687 -3.6806 -3.3010
v  -3.7744 -3.6731 -3.3012
v  -3.7562 -3.6777 -3.2965
v  -3.7656 -3.6703 -3.2972
v  -3.7626 -3.6901 -3.3000
v  -3.7473 -3.6873 -3.2959
v  -3.7702 -3.6607 -3.2934
v  -3.7825 -3.6542 -3.2950
v  -3.7776 -3.6519 -3.2885
v  -3.7648 -3.6573 -3.2882
v  -3.7605 -3.6545 -3.2821
v  -3.7724 -3.6508 -3.2803
v  -3.7435 -3.6730 -3.2917
v  -3.7571 -3.6660 -3.2926
v  -3.7512 -3.6612 -3.2880
v  -3.7420 -3.6549 -3.2783
v  -3.7502 -3.6572 -3.2839
v  -3.7338 -3.6518 -3.2635
v  -3.7291 -3.6843 -3.2908
v  -3.7906 -3.6919 -3.3645
v  -3.7970 -3.6635 -3.3620
v  -3.7959 -3.7332 -3.3419
v  -3.7913 -3.7325 -3.3557
v  -3.7882 -3.7641 -3.3382
v  -3.7834 -3.7700 -3.3539
v  -3.7714 -3.8034 -3.3448
v  -3.7775 -3.7929 -3.3293
v  -3.7629 -3.8145 -3.3153
v  -3.7560 -3.8288 -3.3277
v  -3.7401 -3.8441 -3.3029
v  -3.7474 -3.8260 -3.2966
v  -3.7376 -3.8283 -3.2746
v  -3.7273 -3.8515 -3.2720
v  -3.7312 -3.8341 -3.2408
v  -3.7359 -3.8202 -3.2504
v  -3.7478 -3.8053 -3.2312
v  -3.7504 -3.8199 -3.2123
v  -3.7390 -3.8395 -3.2071
v  -3.7232 -3.8455 -3.2322
v  -3.7156 -3.8632 -3.2555
v  -3.7695 -3.7591 -3.2136
v  -3.7595 -3.7845 -3.2203
v  -3.7630 -3.7904 -3.2028
v  -3.7703 -3.7602 -3.1973
v  -3.7789 -3.7298 -3.1942
v  -3.7792 -3.7321 -3.2096
v  -3.7874 -3.7050 -3.2098
v  -3.7865 -3.7002 -3.1948
v  -3.7891 -3.6720 -3.2017
v  -3.7905 -3.6789 -3.2156
v  -3.7895 -3.6547 -3.2269
v  -3.7859 -3.6460 -3.2160
v  -3.7877 -3.6119 -3.2805
v  -3.7846 -3.6172 -3.2616
v  -3.7750 -3.5973 -3.2612
v  -3.7811 -3.5959 -3.2852
v  -3.7733 -3.5841 -3.2910
v  -3.7656 -3.5812 -3.2721
v  -3.7805 -3.6211 -3.2362
v  -3.7864 -3.6328 -3.2430
v  -3.7510 -3.5657 -3.2668
v  -3.7457 -3.5483 -3.2786
v  -3.7340 -3.5496 -3.2646
v  -3.7418 -3.5687 -3.2523
v  -3.7576 -3.5801 -3.2580
v  -3.7504 -3.5845 -3.2433
v  -3.7648 -3.5953 -3.2465
v  -3.7580 -3.5964 -3.2368
v  -3.7307 -3.5797 -3.2313
v  -3.7167 -3.5583 -3.2446
v  -3.7008 -3.5659 -3.2234
v  -3.7197 -3.5904 -3.2099
v  -3.7583 -3.6111 -3.2200
v  -3.7448 -3.5980 -3.2224
v  -3.7382 -3.6125 -3.2018
v  -3.7581 -3.6364 -3.1958
v  -3.7753 -3.6411 -3.2054
v  -3.7703 -3.6166 -3.2268
v  -3.7709 -3.6928 -3.1725
v  -3.7689 -3.6644 -3.1803
v  -3.7804 -3.6670 -3.1897
v  -3.7790 -3.6964 -3.1831
v  -3.7724 -3.7273 -3.1817
v  -3.7667 -3.7596 -3.1820
v  -3.7660 -3.7571 -3.1672
v  -3.7683 -3.7242 -3.1693
v  -3.7552 -3.8209 -3.1860
v  -3.7636 -3.7937 -3.1833
v  -3.7591 -3.7889 -3.1651
v  -3.7473 -3.8366 -3.1890
v  -3.7559 -3.7743 -3.1508
v  -3.7651 -3.7498 -3.1544
v  -3.7552 -3.7507 -3.1387
v  -3.7633 -3.7393 -3.1449
v  -3.7666 -3.7153 -3.1424
v  -3.7697 -3.7188 -3.1560
v  -3.7704 -3.6871 -3.1589
v  -3.7689 -3.6761 -3.1393
v  -3.7555 -3.6820 -3.1180
v  -3.7562 -3.7184 -3.1282
v  -3.7610 -3.6504 -3.1527
v  -3.7621 -3.6616 -3.1673
v  -3.7391 -3.6358 -3.1631
v  -3.7448 -3.6422 -3.1791
v  -3.7507 -3.6468 -3.1054
v  -3.7447 -3.6180 -3.0925
v  -3.7528 -3.6120 -3.1062
v  -3.7619 -3.6401 -3.1229
v  -3.7439 -3.5926 -3.0858
v  -3.7407 -3.6010 -3.0806
v  -3.7357 -3.5973 -3.0696
v  -3.7333 -3.5945 -3.0644
v  -3.7352 -3.5841 -3.1000
v  -3.7435 -3.6041 -3.1233
v  -3.7199 -3.5889 -3.1093
v  -3.7188 -3.6065 -3.1328
v  -3.7542 -3.6283 -3.1403
v  -3.7309 -3.6217 -3.1490
v  -3.7058 -3.6026 -3.1273
v  -3.7104 -3.5941 -3.1147
v  -3.7086 -3.5891 -3.1042
v  -3.7091 -3.5849 -3.0964
v  -3.6959 -3.6017 -3.1385
v  -3.6885 -3.5829 -3.1420
v  -3.6927 -3.5834 -3.1510
v  -3.7024 -3.6041 -3.1458
v  -3.6410 -3.4076 -3.1632
v  -3.6405 -3.4086 -3.1464
v  -3.6191 -3.4069 -3.1594
v  -3.6255 -3.4064 -3.1738
v  -3.6615 -3.4191 -3.1399
v  -3.6616 -3.4253 -3.1371
v  -3.6571 -3.4232 -3.1221
v  -3.6560 -3.4142 -3.1291
v  -3.6596 -3.4359 -3.1225
v  -3.6629 -3.4357 -3.1372
v  -3.6539 -3.4090 -3.1715
v  -3.6574 -3.4087 -3.1486
v  -3.6643 -3.4187 -3.1553
v  -3.6672 -3.4227 -3.1813
v  -3.6529 -3.4240 -3.2028
v  -3.6399 -3.4104 -3.1890
v  -3.6649 -3.4273 -3.1556
v  -3.6686 -3.4334 -3.1734
v  -3.6680 -3.4398 -3.1681
v  -3.6656 -3.4370 -3.1547
v  -3.6770 -3.4700 -3.2053
v  -3.6725 -3.4451 -3.1971
v  -3.6629 -3.4459 -3.2137
v  -3.6701 -3.4732 -3.2203
v  -3.6664 -3.4747 -3.1297
v  -3.6630 -3.4533 -3.1252
v  -3.6653 -3.4510 -3.1401
v  -3.6682 -3.4707 -3.1445
v  -3.6733 -3.4695 -3.1808
v  -3.6704 -3.4507 -3.1749
v  -3.6723 -3.4482 -3.1857
v  -3.6758 -3.4695 -3.1932
v  -3.6676 -3.4509 -3.1581
v  -3.6703 -3.4695 -3.1630
v  -3.6756 -3.5221 -3.1518
v  -3.6743 -3.5259 -3.1393
v  -3.6697 -3.4989 -3.1349
v  -3.6713 -3.4943 -3.1487
v  -3.6813 -3.5286 -3.2056
v  -3.6799 -3.4982 -3.2083
v  -3.6754 -3.5028 -3.2214
v  -3.6797 -3.5345 -3.2174
v  -3.6811 -3.5561 -3.1418
v  -3.6830 -3.5543 -3.1528
v  -3.7285 -3.6188 -3.1865
v  -3.7094 -3.5940 -3.1951
v  -3.7189 -3.6172 -3.1724
v  -3.6995 -3.5877 -3.1815
v  -3.6793 -3.5224 -3.1839
v  -3.6758 -3.4937 -3.1836
v  -3.6784 -3.4955 -3.1964
v  -3.6807 -3.5227 -3.1960
v  -3.6906 -3.5666 -3.2076
v  -3.6873 -3.5596 -3.1971
v  -3.6863 -3.5545 -3.1817
v  -3.6848 -3.5478 -3.1921
v  -3.7108 -3.6101 -3.1577
v  -3.6974 -3.5865 -3.1640
v  -3.6851 -3.5552 -3.1673
v  -3.6772 -3.5216 -3.1679
v  -3.6731 -3.4930 -3.1663
v  -3.7662 -3.6705 -3.4195
v  -3.7819 -3.6587 -3.4081
v  -3.7632 -3.6967 -3.3855
v  -3.7490 -3.7085 -3.3968
v  -3.7216 -3.6751 -3.4276
v  -3.7470 -3.6715 -3.4261
v  -3.7314 -3.7095 -3.4058
v  -3.7167 -3.7023 -3.4120
v  -3.7629 -3.7295 -3.3674
v  -3.7693 -3.7723 -3.3653
v  -3.7804 -3.7306 -3.3655
v  -3.7514 -3.7724 -3.3706
v  -3.7377 -3.8092 -3.3674
v  -3.7561 -3.8087 -3.3581
v  -3.7417 -3.8390 -3.3419
v  -3.7224 -3.8416 -3.3549
v  -3.7258 -3.8611 -3.3138
v  -3.7122 -3.8729 -3.2859
v  -3.7049 -3.8684 -3.3280
v  -3.7068 -3.8766 -3.2694
v  -3.7337 -3.7408 -3.3874
v  -3.7491 -3.7355 -3.3770
v  -3.7173 -3.7676 -3.3818
v  -3.7351 -3.7719 -3.3763
v  -3.6971 -3.7194 -3.4018
v  -3.7143 -3.7364 -3.3947
v  -3.6960 -3.7554 -3.3851
v  -3.6737 -3.7349 -3.3889
v  -3.7188 -3.8039 -3.3719
v  -3.6807 -3.8143 -3.3631
v  -3.7012 -3.8332 -3.3625
v  -3.6993 -3.7921 -3.3741
v  -3.6821 -3.8613 -3.3435
v  -3.6619 -3.8357 -3.3489
v  -3.6872 -3.6900 -3.4163
v  -3.6787 -3.6574 -3.4352
v  -3.6328 -3.6763 -3.4114
v  -3.6525 -3.7071 -3.3980
v  -3.6666 -3.6286 -3.4516
v  -3.6538 -3.6013 -3.4652
v  -3.6019 -3.6130 -3.4380
v  -3.6160 -3.6450 -3.4256
v  -3.6313 -3.5518 -3.4900
v  -3.6421 -3.5758 -3.4786
v  -3.5900 -3.5813 -3.4487
v  -3.5802 -3.5511 -3.4568
v  -3.5912 -3.4467 -3.5159
v  -3.5940 -3.4599 -3.5130
v  -3.5429 -3.4452 -3.4707
v  -3.5418 -3.4309 -3.4742
v  -3.5463 -3.4607 -3.4692
v  -3.5982 -3.4737 -3.5107
v  -3.5889 -3.4148 -3.5271
v  -3.5897 -3.4320 -3.5203
v  -3.5389 -3.3995 -3.4909
v  -3.5410 -3.4150 -3.4806
v  -3.4901 -3.4076 -3.4505
v  -3.4841 -3.3964 -3.4628
v  -3.4944 -3.4214 -3.4425
v  -3.5291 -3.3746 -3.5234
v  -3.5341 -3.3866 -3.5050
v  -3.5869 -3.3960 -3.5387
v  -3.5834 -3.3779 -3.5569
v  -3.4693 -3.3785 -3.4929
v  -3.4768 -3.3877 -3.4766
v  -3.5825 -3.3578 -3.5792
v  -3.5810 -3.3346 -3.6012
v  -3.5232 -3.3440 -3.5703
v  -3.5263 -3.3604 -3.5466
v  -3.4621 -3.3670 -3.5133
v  -3.4542 -3.3544 -3.5347
v  -3.5730 -3.3126 -3.6233
v  -3.5623 -3.3049 -3.6459
v  -3.5056 -3.3216 -3.6132
v  -3.5159 -3.3291 -3.5923
v  -3.6127 -3.5088 -3.5033
v  -3.6215 -3.5294 -3.4978
v  -3.5714 -3.5245 -3.4635
v  -3.5628 -3.5010 -3.4677
v  -3.6045 -3.4903 -3.5076
v  -3.5536 -3.4795 -3.4691
v  -3.4971 -3.4354 -3.4391
v  -3.5011 -3.4518 -3.4384
v  -3.5360 -3.5533 -3.4325
v  -3.5467 -3.5883 -3.4285
v  -3.5603 -3.6247 -3.4209
v  -3.5172 -3.4975 -3.4396
v  -3.5263 -3.5237 -3.4369
v  -3.5082 -3.4730 -3.4394
v  -3.5985 -3.6902 -3.3934
v  -3.6254 -3.7191 -3.3822
v  -3.6085 -3.7300 -3.3694
v  -3.6357 -3.7578 -3.3656
v  -3.6530 -3.7469 -3.3766
v  -3.6775 -3.7722 -3.3746
v  -3.6595 -3.7874 -3.3633
v  -3.6427 -3.8023 -3.3514
v  -3.6228 -3.7691 -3.3556
v  -3.6044 -3.7434 -3.3598
v  -3.5771 -3.6590 -3.4080
v  -3.5503 -3.8960 -3.5444
v  -3.5551 -3.8747 -3.5547
v  -3.5696 -3.8861 -3.5554
v  -3.5636 -3.9109 -3.5412
v  -3.5764 -3.8520 -3.5697
v  -3.5596 -3.8449 -3.5659
v  -3.5831 -3.8124 -3.5884
v  -3.5651 -3.8089 -3.5820
v  -3.5686 -3.7724 -3.6003
v  -3.5870 -3.7730 -3.6085
v  -3.5861 -3.7388 -3.6253
v  -3.5671 -3.7403 -3.6164
v  -3.5619 -3.7111 -3.6303
v  -3.5816 -3.7080 -3.6400
v  -3.5750 -3.6781 -3.6518
v  -3.5539 -3.6832 -3.6418
v  -3.5621 -3.6427 -3.6593
v  -3.5371 -3.6502 -3.6493
v  -3.5434 -3.9074 -3.5350
v  -3.5563 -3.9243 -3.5287
v  -3.5380 -3.8853 -3.5511
v  -3.5307 -3.8974 -3.5471
v  -3.5201 -3.8882 -3.5633
v  -3.5288 -3.8799 -3.5604
v  -3.5282 -3.8656 -3.5686
v  -3.5414 -3.8668 -3.5587
v  -3.5437 -3.8413 -3.5695
v  -3.5279 -3.8427 -3.5801
v  -3.5326 -3.7815 -3.6074
v  -3.5507 -3.7759 -3.6016
v  -3.5477 -3.8093 -3.5847
v  -3.5302 -3.8129 -3.5929
v  -3.5268 -3.7249 -3.6313
v  -3.5441 -3.7173 -3.6287
v  -3.5493 -3.7456 -3.6166
v  -3.5314 -3.7521 -3.6197
v  -3.5181 -3.6598 -3.6457
v  -3.5357 -3.6908 -3.6400
v  -3.5183 -3.6986 -3.6398
v  -3.5018 -3.6699 -3.6425
v  -3.5116 -3.8716 -3.5797
v  -3.5066 -3.8472 -3.5909
v  -3.4892 -3.7892 -3.6091
v  -3.5111 -3.7868 -3.6124
v  -3.5080 -3.8178 -3.6019
v  -3.4859 -3.8162 -3.6001
v  -3.4717 -3.7907 -3.6016
v  -3.4734 -3.8102 -3.5964
v  -3.4857 -3.7379 -3.6246
v  -3.5071 -3.7314 -3.6310
v  -3.5110 -3.7579 -3.6213
v  -3.4893 -3.7632 -3.6177
v  -3.4633 -3.7458 -3.6114
v  -3.4684 -3.7691 -3.6073
v  -3.4782 -3.7131 -3.6274
v  -3.4990 -3.7058 -3.6363
v  -3.4847 -3.6791 -3.6362
v  -3.4664 -3.6874 -3.6258
v  -3.4461 -3.6954 -3.6111
v  -3.4561 -3.7216 -3.6124
v  -3.4305 -3.6674 -3.6123
v  -3.4153 -3.6404 -3.6166
v  -3.4318 -3.6410 -3.6228
v  -3.4478 -3.6600 -3.6234
v  -3.4332 -3.6251 -3.6280
v  -3.4612 -3.6489 -3.6321
v  -3.4731 -3.6349 -3.6390
v  -3.4381 -3.6056 -3.6345
v  -3.4072 -3.6164 -3.6226
v  -3.4037 -3.5930 -3.6295
v  -3.4452 -3.5840 -3.6417
v  -3.4859 -3.6194 -3.6451
v  -3.5052 -3.6056 -3.6524
v  -3.4619 -3.5516 -3.6532
v  -3.5368 -3.5969 -3.6631
v  -3.5155 -3.5449 -3.6687
v  -3.4020 -3.5680 -3.6364
v  -3.4020 -3.5355 -3.6428
v  -3.5165 -3.4888 -3.6759
v  -3.4668 -3.4909 -3.6581
v  -3.4784 -3.4376 -3.6558
v  -3.5290 -3.4327 -3.6773
v  -3.4081 -3.4415 -3.6389
v  -3.4042 -3.4900 -3.6449
v  -3.5383 -3.3815 -3.6734
v  -3.4844 -3.3909 -3.6516
v  -3.4883 -3.3539 -3.6451
v  -3.5430 -3.3410 -3.6710
v  -3.5515 -3.3155 -3.6624
v  -3.4949 -3.3290 -3.6326
v  -3.4118 -3.3633 -3.6189
v  -3.4104 -3.3992 -3.6290
v  -3.4440 -3.3428 -3.5551
v  -3.4316 -3.3348 -3.5763
v  -3.4183 -3.3382 -3.6007
v  -3.4078 -2.9763 -3.8338
v  -3.4371 -3.0135 -3.8322
v  -3.3702 -2.9353 -3.7765
v  -3.4001 -2.9623 -3.7770
v  -3.3803 -2.9699 -3.8001
v  -3.3453 -2.9464 -3.7990
v  -3.3258 -2.8465 -3.8124
v  -3.3422 -2.8930 -3.7884
v  -3.3209 -2.9023 -3.8190
v  -3.3053 -2.8548 -3.8460
v  -3.3020 -2.7671 -3.8478
v  -3.3142 -2.8058 -3.8330
v  -3.2916 -2.8141 -3.8669
v  -3.2770 -2.7756 -3.8825
v  -3.2729 -2.6793 -3.8613
v  -3.2883 -2.7271 -3.8570
v  -3.2616 -2.7348 -3.8956
v  -3.2451 -2.6843 -3.9034
v  -3.3830 -2.9327 -3.8893
v  -3.3643 -2.9494 -3.8763
v  -3.3441 -2.9465 -3.8931
v  -3.3600 -2.9188 -3.9055
v  -3.3418 -2.9137 -3.9250
v  -3.3306 -2.9433 -3.9132
v  -3.3233 -2.9442 -3.9285
v  -3.3275 -2.9207 -3.9418
v  -3.3658 -2.9749 -3.8245
v  -3.3282 -2.9613 -3.8206
v  -3.3140 -2.9822 -3.8367
v  -3.3527 -2.9771 -3.8463
v  -3.3074 -2.9197 -3.8432
v  -3.2930 -2.8713 -3.8718
v  -3.2862 -2.8931 -3.8946
v  -3.2975 -2.9425 -3.8634
v  -3.2776 -2.8291 -3.8949
v  -3.2608 -2.7887 -3.9144
v  -3.2679 -2.8483 -3.9197
v  -3.2493 -2.8055 -3.9432
v  -3.2242 -2.6970 -3.9427
v  -3.2430 -2.7463 -3.9322
v  -3.2039 -2.7181 -3.9751
v  -3.2294 -2.7619 -3.9654
v  -3.1116 -2.7768 -4.0346
v  -3.1420 -2.7272 -4.0120
v  -3.1010 -2.7123 -4.0333
v  -3.0731 -2.7640 -4.0559
v  -3.1454 -2.7983 -4.0182
v  -3.1764 -2.7540 -3.9986
v  -3.1716 -2.6772 -3.9802
v  -3.1252 -2.6453 -3.9911
v  -3.1761 -2.8252 -4.0018
v  -3.2071 -2.7866 -3.9856
v  -3.2335 -2.8258 -3.9670
v  -3.2060 -2.8560 -3.9836
v  -3.2296 -2.9008 -3.9609
v  -3.2538 -2.8701 -3.9415
v  -3.2722 -2.9173 -3.9135
v  -3.2485 -2.9490 -3.9304
v  -3.3205 -2.9725 -3.9621
v  -3.3305 -2.9797 -3.9789
v  -3.3323 -3.0250 -3.9727
v  -3.3163 -3.0210 -3.9410
v  -3.3171 -2.9733 -3.9319
v  -3.3190 -2.9468 -3.9526
v  -3.3155 -3.0830 -3.9404
v  -3.3382 -3.0799 -3.9678
v  -3.3181 -2.9877 -3.9067
v  -3.3232 -2.9913 -3.8818
v  -3.2905 -3.0471 -3.8680
v  -3.3075 -3.0395 -3.9043
v  -3.3348 -2.9829 -3.8635
v  -3.3030 -3.0064 -3.8507
v  -3.2634 -3.0012 -3.8931
v  -3.2838 -2.9687 -3.8794
v  -3.2810 -3.1036 -3.8849
v  -3.2983 -3.0916 -3.9104
v  -3.2979 -3.1405 -3.9214
v  -3.2790 -3.1491 -3.8952
v  -3.2795 -3.2090 -4.0241
v  -3.2970 -3.2087 -4.0212
v  -3.3029 -3.2120 -3.9696
v  -3.2756 -3.2196 -3.9571
v  -3.3021 -3.1827 -3.9376
v  -3.2798 -3.1906 -3.9163
v  -3.2557 -3.2203 -4.0258
v  -3.2435 -3.2502 -4.0337
v  -3.2551 -3.2480 -3.9686
v  -3.2499 -3.2798 -3.9772
v  -3.2589 -3.3147 -3.9875
v  -3.2477 -3.2833 -4.0468
v  -3.2666 -3.3071 -4.0653
v  -3.2843 -3.3538 -3.9966
v  -3.2998 -3.3029 -4.0834
v  -3.3252 -3.3481 -4.0300
v  -3.3551 -3.3906 -3.9882
v  -3.3179 -3.4016 -3.9603
v  -3.3829 -3.4299 -3.9564
v  -3.3443 -3.4386 -3.9326
v  -3.3760 -3.4986 -3.8944
v  -3.4174 -3.4933 -3.9119
v  -3.4029 -3.4643 -3.9319
v  -3.3628 -3.4710 -3.9112
v  -3.4288 -3.5175 -3.8950
v  -3.3862 -3.5212 -3.8808
v  -3.3939 -3.5429 -3.8685
v  -3.4375 -3.5394 -3.8792
v  -3.3995 -3.5678 -3.8563
v  -3.4434 -3.5634 -3.8644
v  -3.4479 -3.5914 -3.8504
v  -3.4041 -3.5970 -3.8438
v  -3.4089 -3.6309 -3.8308
v  -3.4523 -3.6252 -3.8381
v  -3.4559 -3.6645 -3.8269
v  -3.4136 -3.6682 -3.8164
v  -3.4187 -3.7059 -3.7981
v  -3.4582 -3.7060 -3.8121
v  -3.4205 -3.7416 -3.7719
v  -3.4560 -3.7496 -3.7924
v  -3.2100 -3.1454 -3.8637
v  -3.2541 -3.1551 -3.8679
v  -3.2588 -3.1173 -3.8706
v  -3.2456 -3.0898 -3.8714
v  -3.1665 -3.0455 -3.9542
v  -3.1825 -3.0899 -3.9088
v  -3.2261 -3.0429 -3.9009
v  -3.2097 -2.9927 -3.9456
v  -3.1245 -2.9661 -4.0091
v  -3.1471 -3.0040 -3.9852
v  -3.1891 -2.9460 -3.9767
v  -3.1644 -2.9067 -3.9976
v  -3.0729 -2.9009 -4.0466
v  -3.1001 -2.9320 -4.0300
v  -3.1388 -2.8756 -4.0166
v  -3.1102 -2.8485 -4.0337
v  -3.0414 -2.8095 -4.0675
v  -3.0779 -2.8260 -4.0495
v  -3.0419 -2.8747 -4.0602
v  -3.0069 -2.8537 -4.0739
v  -3.2250 -3.2141 -3.8527
v  -3.2376 -3.2653 -3.8606
v  -3.2577 -3.2428 -3.9006
v  -3.2590 -3.2006 -3.8807
v  -3.2530 -3.2757 -3.9138
v  -3.2537 -3.3052 -3.9232
v  -3.2431 -3.2997 -3.8727
v  -3.2491 -3.3261 -3.8821
v  -3.2580 -3.3537 -3.8874
v  -3.2626 -3.3373 -3.9307
v  -3.2785 -3.3707 -3.9302
v  -3.2718 -3.3811 -3.8847
v  -3.2848 -3.4089 -3.8764
v  -3.2970 -3.4061 -3.9171
v  -3.3148 -3.4404 -3.8991
v  -3.2967 -3.4363 -3.8644
v  -3.3068 -3.4612 -3.8499
v  -3.3293 -3.4690 -3.8818
v  -3.3408 -3.4935 -3.8663
v  -3.3141 -3.4857 -3.8372
v  -3.3240 -3.5346 -3.8206
v  -3.3573 -3.5379 -3.8427
v  -3.3502 -3.5152 -3.8536
v  -3.3196 -3.5097 -3.8281
v  -3.3320 -3.5928 -3.8072
v  -3.3671 -3.5952 -3.8244
v  -3.3629 -3.5643 -3.8325
v  -3.3277 -3.5618 -3.8136
v  -3.3486 -3.6648 -3.7891
v  -3.3783 -3.6670 -3.8030
v  -3.3721 -3.6303 -3.8150
v  -3.3389 -3.6284 -3.8001
v  -3.3693 -3.7242 -3.7659
v  -3.3901 -3.7332 -3.7651
v  -3.3858 -3.7030 -3.7877
v  -3.3595 -3.7007 -3.7774
v  -3.3388 -3.7044 -3.7676
v  -3.3591 -3.7354 -3.7526
v  -3.3227 -3.6666 -3.7798
v  -3.2795 -3.5389 -3.8108
v  -3.2709 -3.5568 -3.8072
v  -3.2961 -3.5622 -3.8052
v  -3.2967 -3.5365 -3.8108
v  -3.2983 -3.5912 -3.7972
v  -3.3084 -3.6272 -3.7888
v  -3.2661 -3.4975 -3.8211
v  -3.2729 -3.5215 -3.8149
v  -3.2938 -3.5122 -3.8168
v  -3.2887 -3.4882 -3.8236
v  -3.2560 -3.5352 -3.8099
v  -3.2463 -3.5068 -3.8145
v  -3.2486 -3.4523 -3.8435
v  -3.2580 -3.4743 -3.8312
v  -3.2819 -3.4646 -3.8348
v  -3.2730 -3.4426 -3.8491
v  -3.2360 -3.4813 -3.8221
v  -3.2248 -3.4585 -3.8328
v  -3.2269 -3.4071 -3.8658
v  -3.2383 -3.4303 -3.8553
v  -3.2626 -3.4197 -3.8614
v  -3.2508 -3.3956 -3.8712
v  -3.1998 -3.4155 -3.8563
v  -3.2126 -3.4374 -3.8449
v  -3.2384 -3.3692 -3.8765
v  -3.2273 -3.3423 -3.8735
v  -3.2011 -3.3556 -3.8785
v  -3.2141 -3.3817 -3.8745
v  -3.1725 -3.3683 -3.8754
v  -3.1861 -3.3919 -3.8666
v  -3.1762 -3.3046 -3.8832
v  -3.1893 -3.3321 -3.8804
v  -3.2171 -3.3177 -3.8675
v  -3.2047 -3.2859 -3.8637
v  -3.1464 -3.3230 -3.8919
v  -3.1599 -3.3470 -3.8833
v  -3.1389 -3.2237 -3.9061
v  -3.1592 -3.2663 -3.8895
v  -3.1873 -3.2390 -3.8654
v  -3.1658 -3.1858 -3.8825
v  -3.1303 -3.2915 -3.9035
v  -3.1107 -3.2562 -3.9196
v  -3.1450 -3.1389 -3.9229
v  -3.1286 -3.0969 -3.9608
v  -3.0947 -3.1398 -3.9645
v  -3.1159 -3.1836 -3.9377
v  -3.0866 -3.2141 -3.9399
v  -3.0624 -3.1688 -3.9596
v  -3.1084 -3.0566 -3.9903
v  -3.0858 -3.0190 -4.0150
v  -3.0485 -3.0607 -4.0130
v  -3.0723 -3.0981 -3.9892
v  -3.0377 -3.1281 -3.9817
v  -3.0124 -3.0919 -4.0053
v  -3.0613 -2.9841 -4.0362
v  -3.0350 -2.9519 -4.0544
v  -2.9977 -2.9941 -4.0553
v  -3.0237 -3.0261 -4.0352
v  -2.9867 -3.0587 -4.0286
v  -2.9604 -3.0275 -4.0501
v  -3.0059 -2.9230 -4.0697
v  -2.9730 -2.8986 -4.0831
v  -2.9697 -2.9649 -4.0729
v  -2.9382 -2.9407 -4.0895
v  -2.9326 -2.9983 -4.0684
v  -2.9017 -2.9741 -4.0855
v  -3.2229 -2.6240 -3.8983
v  -3.1999 -2.6454 -3.9420
v  -3.1687 -2.5995 -3.9382
v  -3.1887 -2.5617 -3.8833
v  -3.1504 -2.5355 -3.9096
v  -3.1499 -2.5681 -3.9404
v  -3.1167 -2.5480 -3.9539
v  -3.1180 -2.5923 -3.9776
v  -3.1577 -2.5164 -3.4283
v  -3.1337 -2.4934 -3.4515
v  -3.1441 -2.5029 -3.4638
v  -3.1694 -2.5228 -3.4383
v  -3.0008 -2.3927 -3.5908
v  -2.9890 -2.3899 -3.5780
v  -2.9586 -2.3782 -3.6140
v  -2.9702 -2.3783 -3.6287
v  -2.9323 -2.3695 -3.6631
v  -2.9465 -2.3699 -3.6818
v  -3.1145 -2.4693 -3.8326
v  -3.1355 -2.4987 -3.8710
v  -3.1666 -2.5046 -3.8315
v  -3.1391 -2.4724 -3.7850
v  -3.0946 -2.4783 -3.8909
v  -3.1090 -2.5087 -3.9232
v  -3.1115 -2.4598 -3.7491
v  -3.0912 -2.4509 -3.7989
v  -3.0668 -2.4381 -3.7689
v  -3.0856 -2.4527 -3.7188
v  -3.0575 -2.4387 -3.8342
v  -3.0770 -2.4557 -3.8613
v  -3.0645 -2.4454 -3.6926
v  -3.0437 -2.4284 -3.7420
v  -3.0250 -2.4179 -3.7173
v  -3.0486 -2.4351 -3.6688
v  -3.0160 -2.4116 -3.7815
v  -3.0369 -2.4247 -3.8081
v  -3.0361 -2.4216 -3.6462
v  -3.0096 -2.4047 -3.6927
v  -2.9959 -2.3909 -3.6681
v  -3.0250 -2.4089 -3.6253
v  -2.9769 -2.3868 -3.7278
v  -2.9949 -2.3988 -3.7537
v  -3.0132 -2.3993 -3.6069
v  -2.9829 -2.3819 -3.6466
v  -2.9610 -2.3763 -3.7036
v  -3.0391 -2.4210 -3.5563
v  -3.0285 -2.4148 -3.5425
v  -3.0693 -2.4439 -3.5087
v  -3.0788 -2.4528 -3.5229
v  -3.1159 -2.5018 -3.5895
v  -3.1292 -2.5057 -3.6121
v  -3.1642 -2.5399 -3.5784
v  -3.1525 -2.5406 -3.5546
v  -3.1815 -2.5397 -3.6061
v  -3.1487 -2.5081 -3.6395
v  -3.2113 -2.5617 -3.5814
v  -3.1989 -2.5633 -3.5543
v  -3.1966 -2.5684 -3.5243
v  -3.1148 -2.4795 -3.4921
v  -3.1050 -2.4688 -3.4782
v  -3.1236 -2.4969 -3.5058
v  -3.1535 -2.5215 -3.4773
v  -3.0876 -2.4658 -3.5377
v  -3.0962 -2.4800 -3.5532
v  -3.1317 -2.5159 -3.5201
v  -3.1642 -2.5415 -3.4918
v  -3.0496 -2.4302 -3.5717
v  -3.0598 -2.4411 -3.5887
v  -3.1413 -2.5310 -3.5358
v  -3.1769 -2.5565 -3.5069
v  -3.1055 -2.4926 -3.5703
v  -3.0947 -2.4716 -3.6505
v  -3.1151 -2.4770 -3.6774
v  -3.0804 -2.4639 -3.6276
v  -3.0697 -2.4530 -3.6072
v  -3.2600 -2.5775 -3.8059
v  -3.2273 -2.5632 -3.8376
v  -3.2523 -2.6180 -3.8590
v  -3.2817 -2.6281 -3.8213
v  -3.2405 -2.5655 -3.5721
v  -3.2339 -2.5667 -3.5488
v  -3.2650 -2.5540 -3.5511
v  -3.2661 -2.5549 -3.5714
v  -3.2399 -2.5696 -3.5287
v  -3.2740 -2.5551 -3.5333
v  -3.3800 -2.6533 -3.6470
v  -3.4039 -2.6986 -3.6369
v  -3.4173 -2.6907 -3.6217
v  -3.3917 -2.6389 -3.6348
v  -3.3726 -2.6556 -3.6632
v  -3.4008 -2.6963 -3.6604
v  -3.4735 -2.6559 -3.6203
v  -3.4408 -2.6761 -3.6102
v  -3.4276 -2.6268 -3.6221
v  -3.4609 -2.6045 -3.6335
v  -3.5052 -2.6257 -3.6388
v  -3.4910 -2.5709 -3.6515
v  -3.5035 -2.4722 -3.6700
v  -3.4754 -2.5188 -3.6570
v  -3.4614 -2.4796 -3.6532
v  -3.4817 -2.4166 -3.6649
v  -3.4397 -2.5173 -3.6380
v  -3.4497 -2.5576 -3.6386
v  -3.4193 -2.5817 -3.6300
v  -3.4120 -2.5391 -3.6309
v  -3.3829 -2.5469 -3.6271
v  -3.3866 -2.5896 -3.6298
v  -3.3570 -2.5433 -3.6171
v  -3.3534 -2.5802 -3.6225
v  -3.3239 -2.5632 -3.6090
v  -3.3352 -2.5342 -3.6041
v  -3.3104 -2.5857 -3.6132
v  -3.3472 -2.6085 -3.6286
v  -3.2898 -2.5377 -3.5712
v  -3.3017 -2.5482 -3.5913
v  -3.3191 -2.5254 -3.5876
v  -3.3119 -2.5192 -3.5694
v  -3.2822 -2.5660 -3.5944
v  -3.2913 -2.5350 -3.5521
v  -3.3034 -2.5365 -3.5347
v  -3.3167 -2.5182 -3.5531
v  -3.3317 -2.5198 -3.5391
v  -3.3553 -2.5211 -3.5249
v  -3.3734 -2.4923 -3.5220
v  -3.3518 -2.4958 -3.5400
v  -3.3537 -2.4638 -3.5331
v  -3.3744 -2.4570 -3.5081
v  -3.3387 -2.5004 -3.5532
v  -3.3312 -2.5025 -3.5654
v  -3.3392 -2.4859 -3.5631
v  -3.3445 -2.4756 -3.5517
v  -3.3037 -2.6220 -3.7602
v  -3.2846 -2.6008 -3.7798
v  -3.3052 -2.6420 -3.7920
v  -3.3215 -2.6571 -3.7694
v  -3.2375 -2.5388 -3.7672
v  -3.2022 -2.5154 -3.7960
v  -3.1729 -2.4890 -3.7471
v  -3.2150 -2.5212 -3.7105
v  -3.1419 -2.4818 -3.7092
v  -3.1769 -2.5123 -3.6721
v  -3.2769 -2.5788 -3.7224
v  -3.2561 -2.5556 -3.7180
v  -3.2655 -2.5683 -3.7513
v  -3.2871 -2.5939 -3.7407
v  -3.2414 -2.5539 -3.6703
v  -3.2087 -2.5442 -3.6383
v  -3.2377 -2.5682 -3.6135
v  -3.2771 -2.5880 -3.6464
v  -3.2943 -2.5957 -3.6227
v  -3.3369 -2.6212 -3.6393
v  -3.3296 -2.6229 -3.6567
v  -3.2620 -2.5737 -3.5998
v  -3.3977 -2.6823 -3.6874
v  -3.3853 -2.6722 -3.7136
v  -3.3660 -2.6520 -3.6842
v  -3.3575 -2.6488 -3.7050
v  -3.3481 -2.6480 -3.7218
v  -3.3707 -2.6692 -3.7340
v  -3.3548 -2.6690 -3.7478
v  -3.3332 -2.6450 -3.7334
v  -3.3371 -2.6668 -3.7558
v  -3.3186 -2.6369 -3.7453
v  -3.3170 -2.6257 -3.7174
v  -3.3308 -2.6340 -3.7119
v  -3.3302 -2.6291 -3.6976
v  -3.3059 -2.6112 -3.6987
v  -3.3032 -2.6127 -3.7282
v  -3.2876 -2.5913 -3.7093
v  -3.2676 -2.5705 -3.6922
v  -3.2940 -2.5982 -3.6774
v  -3.3294 -2.6245 -3.6777
v  -3.6356 -2.3312 -3.5480
v  -3.6380 -2.3730 -3.5876
v  -3.6248 -2.3195 -3.5904
v  -3.6260 -2.2813 -3.5501
v  -3.5863 -2.2909 -3.4677
v  -3.6199 -2.3032 -3.5032
v  -3.6145 -2.2554 -3.5022
v  -3.5866 -2.2429 -3.4618
v  -3.5013 -2.2476 -3.4471
v  -3.5459 -2.2445 -3.4424
v  -3.5410 -2.2942 -3.4533
v  -3.4940 -2.3003 -3.4629
v  -3.4277 -2.2464 -3.4588
v  -3.4628 -2.2479 -3.4518
v  -3.4535 -2.3035 -3.4657
v  -3.4165 -2.3051 -3.4722
v  -3.3417 -2.5040 -3.5976
v  -3.3449 -2.4700 -3.5886
v  -3.3404 -2.4781 -3.5733
v  -3.3326 -2.5030 -3.5815
v  -3.3728 -2.4622 -3.6199
v  -3.3549 -2.4654 -3.6060
v  -3.3566 -2.5060 -3.6130
v  -3.3778 -2.5057 -3.6246
v  -3.3574 -2.3792 -3.5504
v  -3.3767 -2.3662 -3.5064
v  -3.3745 -2.4157 -3.5066
v  -3.3549 -2.4276 -3.5380
v  -3.3490 -2.4305 -3.5742
v  -3.3462 -2.4509 -3.5595
v  -3.3828 -2.2341 -3.5161
v  -3.3978 -2.2405 -3.4827
v  -3.3841 -2.3053 -3.4981
v  -3.3684 -2.3037 -3.5344
v  -3.4306 -2.4859 -3.6350
v  -3.4048 -2.4994 -3.6294
v  -3.3981 -2.4577 -3.6258
v  -3.4255 -2.4478 -3.6323
v  -3.3547 -2.4189 -3.5935
v  -3.3587 -2.3642 -3.5783
v  -3.3688 -2.4130 -3.6111
v  -3.3688 -2.3571 -3.5994
v  -3.3752 -2.2937 -3.5869
v  -3.3665 -2.2989 -3.5635
v  -3.3888 -2.2270 -3.5704
v  -3.3800 -2.2293 -3.5456
v  -3.4495 -2.4640 -3.6455
v  -3.4510 -2.4284 -3.6471
v  -3.3921 -2.4090 -3.6196
v  -3.4196 -2.4005 -3.6263
v  -3.3903 -2.3539 -3.6104
v  -3.4169 -2.3465 -3.6178
v  -3.3964 -2.2934 -3.5988
v  -3.4093 -2.2308 -3.5830
v  -3.4213 -2.2884 -3.6082
v  -3.4315 -2.2289 -3.5937
v  -3.5551 -2.3293 -3.6497
v  -3.5666 -2.3849 -3.6576
v  -3.5878 -2.3495 -3.6420
v  -3.5784 -2.3003 -3.6295
v  -3.6037 -2.3136 -3.6204
v  -3.5958 -2.2837 -3.6159
v  -3.5365 -2.4267 -3.6665
v  -3.5223 -2.3686 -3.6614
v  -3.4788 -2.3510 -3.6578
v  -3.4480 -2.3806 -3.6424
v  -3.4453 -2.3262 -3.6339
v  -3.4773 -2.2966 -3.6475
v  -3.4805 -2.2441 -3.6322
v  -3.4476 -2.2699 -3.6247
v  -3.4561 -2.2137 -3.6068
v  -3.4877 -2.1939 -3.6071
v  -3.6128 -2.2339 -3.5470
v  -3.6120 -2.2725 -3.5871
v  -3.6020 -2.2438 -3.5930
v  -3.6082 -2.1881 -3.5483
v  -3.5517 -2.2785 -3.6364
v  -3.5163 -2.3146 -3.6529
v  -3.5159 -2.2634 -3.6402
v  -3.5522 -2.2320 -3.6170
v  -3.5790 -2.2516 -3.6101
v  -3.5812 -2.2067 -3.5847
v  -3.5524 -2.1894 -3.5919
v  -3.5182 -2.2149 -3.6212
v  -3.5218 -2.1711 -3.5921
v  -3.5518 -2.1506 -3.5632
v  -3.5970 -2.1443 -3.5211
v  -3.5781 -2.1680 -3.5576
v  -3.5733 -2.1315 -3.5318
v  -3.5909 -2.1082 -3.5004
v  -3.5887 -2.1923 -3.4514
v  -3.6077 -2.2062 -3.4972
v  -3.6098 -2.1595 -3.4859
v  -3.5933 -2.1447 -3.4376
v  -3.5550 -2.1920 -3.4269
v  -3.5150 -2.1939 -3.4244
v  -3.5291 -2.1425 -3.4053
v  -3.5640 -2.1415 -3.4120
v  -3.5945 -2.1045 -3.4277
v  -3.6056 -2.1207 -3.4732
v  -3.6018 -2.0841 -3.4594
v  -3.5933 -2.0673 -3.4194
v  -3.4786 -2.1926 -3.4305
v  -3.4455 -2.1892 -3.4391
v  -3.4653 -2.1375 -3.4195
v  -3.4958 -2.1414 -3.4102
v  -3.5697 -2.0995 -3.4017
v  -3.5724 -2.0627 -3.3947
v  -3.5387 -2.0993 -3.3933
v  -3.5449 -2.0632 -3.3856
v  -3.4188 -2.1791 -3.4615
v  -3.4059 -2.1689 -3.4926
v  -3.4331 -2.1136 -3.4696
v  -3.4432 -2.1256 -3.4414
v  -3.4958 -2.0591 -3.3957
v  -3.5183 -2.0629 -3.3856
v  -3.5086 -2.0987 -3.3957
v  -3.4819 -2.0949 -3.4054
v  -3.4391 -2.1078 -3.5211
v  -3.4325 -2.1071 -3.4966
v  -3.4034 -2.1632 -3.5213
v  -3.4104 -2.1621 -3.5467
v  -3.4595 -2.1352 -3.5500
v  -3.4518 -2.1201 -3.5366
v  -3.4283 -2.1703 -3.5599
v  -3.4468 -2.1720 -3.5701
v  -3.4761 -2.0394 -3.4380
v  -3.4815 -2.0496 -3.4148
v  -3.4640 -2.0838 -3.4261
v  -3.4566 -2.0723 -3.4516
v  -3.4974 -2.1465 -3.5703
v  -3.4697 -2.1610 -3.5759
v  -3.4798 -2.1183 -3.5430
v  -3.5039 -2.1052 -3.5344
v  -3.4582 -2.0649 -3.4779
v  -3.4684 -2.0693 -3.5023
v  -3.5015 -2.0412 -3.4865
v  -3.4812 -2.0321 -3.4634
v  -3.5024 -2.0734 -3.5099
v  -3.4781 -2.0888 -3.5198
v  -3.5499 -2.1141 -3.5333
v  -3.5251 -2.1304 -3.5560
v  -3.5259 -2.0954 -3.5252
v  -3.5440 -2.0803 -3.5096
v  -3.5855 -2.0698 -3.4817
v  -3.5689 -2.0948 -3.5075
v  -3.5604 -2.0600 -3.4888
v  -3.5752 -2.0342 -3.4666
v  -3.5287 -2.0535 -3.4946
v  -3.5203 -2.0709 -3.5074
v  -3.5560 -2.0059 -3.4579
v  -3.5418 -2.0309 -3.4775
v  -3.5196 -2.0117 -3.4664
v  -3.5344 -1.9874 -3.4502
v  -3.5006 -2.0048 -3.4500
v  -3.5171 -1.9812 -3.4374
v  -3.5101 -1.9862 -3.4192
v  -3.4937 -2.0107 -3.4278
v  -3.5486 -1.9662 -3.4346
v  -3.5334 -1.9612 -3.4252
v  -3.5583 -1.9550 -3.4239
v  -3.5483 -1.9473 -3.4131
v  -3.5378 -1.9541 -3.4044
v  -3.5265 -1.9656 -3.4106
v  -3.4972 -2.0194 -3.4071
v  -3.5122 -1.9933 -3.4016
v  -3.5084 -2.0275 -3.3900
v  -3.5212 -2.0007 -3.3864
v  -3.5366 -2.0066 -3.3776
v  -3.5266 -2.0321 -3.3801
v  -3.5487 -2.0324 -3.3804
v  -3.5509 -2.0124 -3.3775
v  -3.5688 -1.9812 -3.4374
v  -3.5881 -2.0073 -3.4391
v  -3.5833 -1.9860 -3.4027
v  -3.5736 -1.9618 -3.4157
v  -3.5908 -2.0284 -3.4111
v  -3.5980 -2.0440 -3.4470
v  -3.5677 -1.9999 -3.3816
v  -3.5726 -2.0281 -3.3883
v  -3.5528 -1.9849 -3.3776
v  -3.5364 -1.9777 -3.3838
v  -3.5485 -1.9645 -3.3835
v  -3.5656 -1.9666 -3.3853
v  -3.5637 -1.9490 -3.3964
v  -3.5437 -1.9555 -3.3927
v  -3.5282 -1.9714 -3.3964
v  -3.4437 -2.7791 -3.3455
v  -3.4169 -2.7821 -3.3193
v  -3.4052 -2.7611 -3.3337
v  -3.4386 -2.7573 -3.3553
v  -3.3954 -2.7540 -3.3077
v  -3.4077 -2.7743 -3.2945
v  -3.3694 -2.7202 -3.3384
v  -3.3823 -2.7365 -3.3226
v  -3.3872 -2.7464 -3.3413
v  -3.3758 -2.7330 -3.3563
v  -3.5074 -2.7195 -3.4126
v  -3.4691 -2.7308 -3.3929
v  -3.4658 -2.7102 -3.4062
v  -3.5025 -2.6981 -3.4240
v  -3.4381 -2.7377 -3.3724
v  -3.4135 -2.7436 -3.3604
v  -3.4153 -2.7280 -3.3827
v  -3.4383 -2.7190 -3.3918
v  -3.3933 -2.7333 -3.3727
v  -3.3973 -2.7435 -3.3563
v  -3.4960 -2.6749 -3.4345
v  -3.4603 -2.6881 -3.4182
v  -3.4519 -2.6646 -3.4275
v  -3.4872 -2.6504 -3.4427
v  -3.3559 -2.7049 -3.3541
v  -3.3409 -2.6892 -3.3691
v  -3.3512 -2.7021 -3.3883
v  -3.3643 -2.7184 -3.3723
v  -3.4342 -2.7000 -3.4091
v  -3.4117 -2.7108 -3.4021
v  -3.4033 -2.6929 -3.4202
v  -3.4262 -2.6799 -3.4243
v  -3.3749 -2.7037 -3.4087
v  -3.3859 -2.7196 -3.3905
v  -3.4397 -2.6413 -3.4361
v  -3.4749 -2.6256 -3.4483
v  -3.4244 -2.6206 -3.4500
v  -3.4583 -2.6009 -3.4532
v  -3.3239 -2.6712 -3.3821
v  -3.3063 -2.6505 -3.3944
v  -3.3167 -2.6647 -3.4166
v  -3.3349 -2.6846 -3.4029
v  -3.3911 -2.6760 -3.4394
v  -3.4149 -2.6607 -3.4405
v  -3.4007 -2.6429 -3.4605
v  -3.3749 -2.6599 -3.4605
v  -3.3600 -2.6882 -3.4269
v  -3.3409 -2.6719 -3.4456
v  -3.4371 -2.5776 -3.4621
v  -3.4122 -2.5608 -3.4762
v  -3.4062 -2.6008 -3.4686
v  -3.3830 -2.5839 -3.4851
v  -3.3547 -2.6408 -3.4788
v  -3.3826 -2.6240 -3.4807
v  -3.3593 -2.6054 -3.4942
v  -3.3335 -2.6206 -3.4885
v  -3.3160 -2.5691 -3.5056
v  -3.2922 -2.5582 -3.5170
v  -3.3251 -2.5412 -3.5202
v  -3.3524 -2.5462 -3.5069
v  -3.3545 -2.5740 -3.4981
v  -3.3825 -2.5512 -3.4915
v  -3.3145 -2.6056 -3.4912
v  -3.3338 -2.5929 -3.4998
v  -3.3067 -2.5871 -3.4976
v  -3.3007 -2.5976 -3.4906
v  -3.2886 -2.6271 -3.4076
v  -3.2721 -2.6056 -3.4217
v  -3.2836 -2.6188 -3.4406
v  -3.2988 -2.6410 -3.4293
v  -3.3207 -2.6506 -3.4605
v  -3.3038 -2.6283 -3.4693
v  -3.2570 -2.5740 -3.5104
v  -3.2734 -2.5810 -3.4969
v  -3.2451 -2.5827 -3.4803
v  -3.2255 -2.5764 -3.4971
v  -3.1938 -2.5572 -3.4676
v  -3.1805 -2.5399 -3.4518
v  -3.2061 -2.5528 -3.4292
v  -3.2236 -2.5703 -3.4468
v  -3.2782 -2.5899 -3.4876
v  -3.2817 -2.5993 -3.4793
v  -3.2618 -2.5942 -3.4616
v  -3.2558 -2.5888 -3.4705
v  -3.2070 -2.5690 -3.4828
v  -3.2292 -2.5766 -3.4662
v  -3.2460 -2.5843 -3.4507
v  -3.2424 -2.5829 -3.4603
v  -3.2435 -2.5781 -3.4241
v  -3.2572 -2.5913 -3.4370
v  -3.2715 -2.6034 -3.4515
v  -3.2296 -2.5633 -3.4078
v  -3.2908 -2.6109 -3.4742
v  -3.5316 -4.1058 -3.7106
v  -3.5228 -4.1297 -3.6977
v  -3.5056 -4.1151 -3.7087
v  -3.5154 -4.1014 -3.7160
v  -3.5340 -4.0740 -3.7235
v  -3.5313 -4.0345 -3.7337
v  -3.5035 -4.0396 -3.7273
v  -3.5102 -4.0784 -3.7225
v  -3.4926 -4.0873 -3.7165
v  -3.4828 -4.0470 -3.7172
v  -3.5168 -3.9399 -3.7374
v  -3.5245 -3.9878 -3.7368
v  -3.4957 -3.9912 -3.7269
v  -3.4876 -3.9405 -3.7291
v  -3.5099 -3.8976 -3.7466
v  -3.4783 -3.8964 -3.7441
v  -3.4354 -3.8417 -3.7450
v  -3.4428 -3.8919 -3.7295
v  -3.4607 -3.9426 -3.7155
v  -3.4448 -3.7946 -3.7672
v  -3.4140 -3.7754 -3.7393
v  -3.3844 -3.7563 -3.7381
v  -3.4736 -3.9968 -3.7128
v  -2.1545 -2.5716 -4.2994
v  -2.2090 -2.5726 -4.2306
v  -2.2065 -2.6216 -4.2571
v  -2.1486 -2.6234 -4.3249
v  -2.2674 -2.6260 -4.1812
v  -2.2680 -2.5793 -4.1546
v  -2.2736 -2.6697 -4.2105
v  -2.2122 -2.6678 -4.2873
v  -2.1546 -2.6713 -4.3563
v  -2.2181 -2.5315 -4.2124
v  -2.2746 -2.5393 -4.1356
v  -2.1666 -2.5284 -4.2823
v  -2.1692 -2.4896 -4.2621
v  -2.2232 -2.4939 -4.1943
v  -2.2811 -2.5019 -4.1176
v  -2.2290 -2.4536 -4.1752
v  -2.2903 -2.4624 -4.1009
v  -2.1727 -2.4477 -4.2402
v  -2.1795 -2.4031 -4.2186
v  -2.2385 -2.4109 -4.1571
v  -2.3038 -2.4211 -4.0862
v  -2.2550 -2.3654 -4.1417
v  -2.3235 -2.3787 -4.0751
v  -2.1938 -2.3555 -4.1996
v  -2.2230 -2.3111 -4.1912
v  -2.2842 -2.3230 -4.1353
v  -2.3520 -2.3385 -4.0709
v  -2.3238 -2.2902 -4.1401
v  -2.3910 -2.3085 -4.0773
v  -2.2634 -2.2759 -4.1942
v  -2.3084 -2.2509 -4.2061
v  -2.3677 -2.2666 -4.1523
v  -2.4323 -2.2833 -4.0879
v  -2.4763 -2.2689 -4.1054
v  -2.4131 -2.2609 -4.1741
v  -2.4568 -2.2608 -4.1980
v  -2.5196 -2.2730 -4.1302
v  -2.3541 -2.2373 -4.2259
v  -2.3989 -2.2316 -4.2501
v  -2.5609 -2.2762 -4.1543
v  -2.4987 -2.2603 -4.2212
v  -2.5395 -2.2580 -4.2437
v  -2.6012 -2.2748 -4.1776
v  -2.4420 -2.2273 -4.2739
v  -2.4837 -2.2238 -4.2968
v  -2.6399 -2.2730 -4.2011
v  -2.5799 -2.2520 -4.2653
v  -2.6173 -2.2544 -4.2898
v  -2.6741 -2.2817 -4.2270
v  -2.5255 -2.2190 -4.3190
v  -2.5633 -2.2254 -4.3447
v  -2.7009 -2.3026 -4.2545
v  -2.6458 -2.2749 -4.3179
v  -2.6667 -2.3031 -4.3456
v  -2.7218 -2.3296 -4.2813
v  -2.5915 -2.2492 -4.3735
v  -2.6114 -2.2806 -4.4010
v  -2.7451 -2.3916 -4.3272
v  -2.7360 -2.3599 -4.3052
v  -2.6797 -2.3349 -4.3700
v  -2.6874 -2.3674 -4.3918
v  -2.6235 -2.3145 -4.4252
v  -2.6318 -2.3477 -4.4470
v  -2.7566 -2.4530 -4.3688
v  -2.7512 -2.4226 -4.3481
v  -2.6933 -2.3983 -4.4124
v  -2.6995 -2.4279 -4.4328
v  -2.6394 -2.3778 -4.4677
v  -2.6481 -2.4058 -4.4884
v  -2.7716 -2.5125 -4.4115
v  -2.7626 -2.4826 -4.3897
v  -2.7078 -2.4565 -4.4540
v  -2.7199 -2.4845 -4.4770
v  -2.6591 -2.4327 -4.5104
v  -2.6732 -2.4587 -4.5340
v  -2.7773 -2.5855 -4.4508
v  -2.7816 -2.5462 -4.4340
v  -2.7339 -2.5160 -4.5013
v  -2.7308 -2.5547 -4.5194
v  -2.6867 -2.4885 -4.5584
v  -2.6838 -2.5253 -4.5770
v  -2.7453 -2.6632 -4.4730
v  -2.7644 -2.6247 -4.4641
v  -2.7191 -2.5937 -4.5336
v  -2.7019 -2.6322 -4.5441
v  -2.6749 -2.5625 -4.5930
v  -2.6614 -2.6002 -4.6068
v  -2.2517 -2.7520 -4.4629
v  -2.2982 -2.7525 -4.3860
v  -2.3201 -2.7520 -4.4010
v  -2.2748 -2.7465 -4.4793
v  -2.3674 -2.7640 -4.3191
v  -2.3474 -2.7585 -4.3038
v  -2.3844 -2.7662 -4.3304
v  -2.3383 -2.7478 -4.4115
v  -2.2930 -2.7348 -4.4903
v  -2.3993 -2.7675 -4.3390
v  -2.3588 -2.7427 -4.4210
v  -2.4210 -2.7700 -4.3535
v  -2.3805 -2.7535 -4.4372
v  -2.3252 -2.7591 -4.5155
v  -2.3151 -2.7277 -4.5017
v  -2.3922 -2.7938 -4.4606
v  -2.3406 -2.7991 -4.5387
v  -2.4423 -2.7955 -4.3795
v  -2.4649 -2.8338 -4.4130
v  -2.4193 -2.8275 -4.4954
v  -2.3791 -2.8200 -4.5744
v  -2.1888 -2.7341 -4.4119
v  -2.2432 -2.7276 -4.3394
v  -2.2700 -2.7450 -4.3644
v  -2.2204 -2.7475 -4.4394
v  -2.3244 -2.7443 -4.2831
v  -2.3017 -2.7258 -4.2597
v  -2.2245 -2.7022 -4.3143
v  -2.2848 -2.7020 -4.2360
v  -2.1682 -2.7072 -4.3851
v  -2.5509 -2.7806 -4.5592
v  -2.5215 -2.8297 -4.5749
v  -2.5602 -2.8723 -4.4964
v  -2.5828 -2.7431 -4.5450
v  -2.6012 -2.8267 -4.4935
v  -2.6343 -2.7848 -4.4823
v  -2.5257 -2.6992 -4.6026
v  -2.5024 -2.7394 -4.6235
v  -2.4802 -2.7880 -4.6418
v  -2.4663 -2.8432 -4.5408
v  -2.5060 -2.8618 -4.4566
v  -2.4311 -2.8277 -4.6193
v  -2.6326 -2.6338 -4.6109
v  -2.6719 -2.6653 -4.5439
v  -2.6273 -2.6770 -4.5288
v  -2.5876 -2.6450 -4.5980
v  -2.6700 -2.7085 -4.4578
v  -2.7140 -2.6945 -4.4711
v  -2.6303 -2.7346 -4.4514
v  -2.5737 -2.6896 -4.5065
v  -2.5307 -2.6479 -4.5722
v  -2.2605 -2.7307 -4.5877
v  -2.2082 -2.7227 -4.6767
v  -2.2758 -2.7480 -4.6021
v  -2.2242 -2.7347 -4.6917
v  -2.1977 -2.7326 -4.6619
v  -2.2456 -2.7394 -4.5758
v  -2.0792 -2.7534 -4.7594
v  -2.1194 -2.7592 -4.6893
v  -2.1398 -2.7426 -4.7223
v  -2.0952 -2.7294 -4.7938
v  -2.1848 -2.7496 -4.6417
v  -2.1617 -2.7591 -4.6135
v  -2.1498 -2.7227 -4.7480
v  -2.0921 -2.7625 -4.8226
v  -2.4962 -2.6225 -4.7421
v  -2.5407 -2.6104 -4.7318
v  -2.4977 -2.5679 -4.7876
v  -2.4539 -2.5766 -4.8095
v  -2.5251 -2.5473 -4.7583
v  -2.5680 -2.5839 -4.7101
v  -2.4836 -2.5064 -4.8134
v  -2.4579 -2.5242 -4.8486
v  -2.4157 -2.5303 -4.8787
v  -2.2935 -2.7937 -4.6228
v  -2.2517 -2.7772 -4.7105
v  -2.3426 -2.8066 -4.6556
v  -2.3087 -2.7881 -4.7367
v  -2.4440 -2.7564 -4.7115
v  -2.3994 -2.8048 -4.6944
v  -2.3588 -2.8349 -4.7669
v  -2.4030 -2.7847 -4.7825
v  -2.2060 -2.7568 -4.5384
v  -2.1721 -2.7565 -4.5104
v  -2.1270 -2.7638 -4.5807
v  -2.0930 -2.7489 -4.5463
v  -2.1388 -2.7420 -4.4797
v  -2.2298 -2.7503 -4.5603
v  -2.1175 -2.7145 -4.4511
v  -2.0719 -2.7212 -4.5162
v  -2.0559 -2.6884 -4.4843
v  -2.1027 -2.6794 -4.4208
v  -2.4137 -2.7176 -4.7753
v  -2.4486 -2.7568 -4.6964
v  -2.4625 -2.7077 -4.6752
v  -2.4122 -2.6564 -4.7541
v  -2.4449 -2.6228 -4.7409
v  -2.4932 -2.6081 -4.6551
v  -2.5374 -2.6646 -4.6705
v  -2.0965 -2.6315 -4.3883
v  -2.0505 -2.6417 -4.4517
v  -2.0611 -2.5885 -4.4272
v  -2.1053 -2.5783 -4.3637
v  -2.1183 -2.5320 -4.3466
v  -2.0715 -2.5393 -4.4081
v  -2.0687 -2.4927 -4.3820
v  -2.1181 -2.4898 -4.3235
v  -2.1201 -2.4442 -4.2975
v  -2.0694 -2.4421 -4.3512
v  -2.0730 -2.3905 -4.3188
v  -2.1249 -2.3964 -4.2709
v  -2.1392 -2.3463 -4.2482
v  -2.0777 -2.3941 -4.2919
v  -2.1092 -2.3452 -4.2772
v  -2.1701 -2.3003 -4.2375
v  -2.0110 -2.4412 -4.3666
v  -2.0246 -2.3853 -4.3338
v  -1.9713 -2.3687 -4.3706
v  -1.9575 -2.4258 -4.4066
v  -2.0014 -2.3151 -4.3484
v  -2.0563 -2.3328 -4.3146
v  -2.1485 -2.3030 -4.2714
v  -2.2100 -2.2620 -4.2366
v  -2.2003 -2.2092 -4.2735
v  -2.2537 -2.2307 -4.2443
v  -2.0947 -2.2863 -4.3026
v  -2.0373 -2.2663 -4.3299
v  -2.0761 -2.2201 -4.3212
v  -2.1346 -2.2428 -4.2983
v  -2.2436 -2.1800 -4.2905
v  -2.2985 -2.2080 -4.2617
v  -2.2872 -2.1649 -4.3215
v  -2.3432 -2.1978 -4.2887
v  -2.1773 -2.2110 -4.3201
v  -2.2197 -2.1930 -4.3569
v  -2.1177 -2.1896 -4.3487
v  -2.1575 -2.1725 -4.3907
v  -2.3316 -2.1544 -4.3528
v  -2.3868 -2.1914 -4.3159
v  -2.3760 -2.1470 -4.3823
v  -2.4304 -2.1839 -4.3405
v  -2.2745 -2.1248 -4.3935
v  -2.3189 -2.1182 -4.4281
v  -2.2002 -2.1631 -4.4326
v  -2.2430 -2.1570 -4.4708
v  -2.4154 -2.1513 -4.4127
v  -2.4721 -2.1822 -4.3660
v  -2.4506 -2.1674 -4.4422
v  -2.5067 -2.1975 -4.3948
v  -2.3582 -2.1224 -4.4605
v  -2.3958 -2.1362 -4.4898
v  -2.2925 -2.0966 -4.5030
v  -2.3325 -2.1022 -4.5325
v  -2.4840 -2.1955 -4.4706
v  -2.5362 -2.2238 -4.4233
v  -2.5071 -2.2354 -4.4959
v  -2.5572 -2.2588 -4.4497
v  -2.4328 -2.1664 -4.5180
v  -2.3744 -2.1280 -4.5623
v  -2.3971 -2.2282 -4.5882
v  -2.4603 -2.2102 -4.5427
v  -2.5246 -2.2759 -4.5172
v  -2.5712 -2.2957 -4.4726
v  -2.5407 -2.3121 -4.5377
v  -2.5828 -2.3303 -4.4939
v  -2.4827 -2.2537 -4.5629
v  -2.4248 -2.2733 -4.6088
v  -2.4503 -2.3116 -4.6280
v  -2.5033 -2.2913 -4.5824
v  -2.5551 -2.3412 -4.5590
v  -2.5939 -2.3596 -4.5151
v  -2.6052 -2.3858 -4.5370
v  -2.5684 -2.3657 -4.5818
v  -2.5105 -2.3763 -4.6032
v  -2.5262 -2.3987 -4.6265
v  -2.4708 -2.3396 -4.6484
v  -2.4883 -2.3612 -4.6718
v  -2.5824 -2.3878 -4.6074
v  -2.6179 -2.4106 -4.5605
v  -2.6325 -2.4342 -4.5850
v  -2.5875 -2.4653 -4.6336
v  -2.5416 -2.4185 -4.6539
v  -2.5524 -2.4406 -4.6811
v  -2.5029 -2.3820 -4.7007
v  -2.5091 -2.4061 -4.7290
v  -2.5973 -2.4918 -4.6572
v  -2.6344 -2.5186 -4.6090
v  -2.6314 -2.5526 -4.6277
v  -2.5936 -2.5233 -4.6755
v  -2.5539 -2.4674 -4.7024
v  -2.5486 -2.4953 -4.7195
v  -2.5098 -2.4316 -4.7512
v  -2.5058 -2.4576 -4.7703
v  -2.5835 -2.5547 -4.6917
v  -2.6231 -2.5868 -4.6442
v  -2.6096 -2.6207 -4.6605
v  -2.5397 -2.5226 -4.7364
v  -2.4975 -2.4836 -4.7889
v  -2.5820 -2.6520 -4.6730
v  -2.3416 -2.5119 -4.0364
v  -2.3337 -2.5501 -4.0505
v  -2.3873 -2.5587 -3.9705
v  -2.3988 -2.5209 -3.9601
v  -2.3819 -2.5992 -3.9825
v  -2.3292 -2.5895 -4.0679
v  -2.3717 -2.4345 -4.0126
v  -2.3542 -2.4734 -4.0237
v  -2.4158 -2.4842 -3.9511
v  -2.4376 -2.4484 -3.9435
v  -2.4247 -2.3599 -3.9991
v  -2.3948 -2.3959 -4.0037
v  -2.4638 -2.4136 -3.9373
v  -2.4944 -2.3814 -3.9333
v  -2.5031 -2.3113 -4.0188
v  -2.4630 -2.3333 -4.0071
v  -2.5304 -2.3560 -3.9397
v  -2.5694 -2.3357 -3.9519
v  -2.5865 -2.2895 -4.0554
v  -2.5444 -2.2938 -4.0339
v  -2.6093 -2.3190 -3.9670
v  -2.6499 -2.3085 -3.9860
v  -2.6272 -2.2916 -4.0790
v  -2.6660 -2.2945 -4.1032
v  -2.6890 -2.3056 -4.0097
v  -2.7261 -2.3097 -4.0351
v  -2.7024 -2.2993 -4.1282
v  -2.7344 -2.3114 -4.1544
v  -2.7611 -2.3192 -4.0606
v  -2.7931 -2.3340 -4.0859
v  -2.7601 -2.3326 -4.1812
v  -2.7802 -2.3591 -4.2072
v  -2.8380 -2.3829 -4.1384
v  -2.8189 -2.3556 -4.1123
v  -2.7944 -2.3886 -4.2311
v  -2.8039 -2.4197 -4.2530
v  -2.8609 -2.4438 -4.1843
v  -2.8515 -2.4126 -4.1622
v  -2.8106 -2.4507 -4.2740
v  -2.8161 -2.4814 -4.2946
v  -2.8715 -2.5068 -4.2251
v  -2.8674 -2.4751 -4.2053
v  -2.8206 -2.5121 -4.3146
v  -2.8246 -2.5440 -4.3343
v  -2.8719 -2.5725 -4.2614
v  -2.8726 -2.5391 -4.2436
v  -2.8266 -2.5794 -4.3534
v  -2.8228 -2.6171 -4.3699
v  -2.8647 -2.6444 -4.2943
v  -2.8697 -2.6078 -4.2785
v  -2.8106 -2.6556 -4.3830
v  -2.7901 -2.6925 -4.3901
v  -2.8322 -2.7174 -4.3129
v  -2.8526 -2.6820 -4.3067
v  -2.7596 -2.7225 -4.3880
v  -2.7166 -2.7396 -4.3765
v  -2.7590 -2.7631 -4.2989
v  -2.8033 -2.7453 -4.3107
v  -2.7226 -2.8651 -4.3299
v  -2.7406 -2.8127 -4.3136
v  -2.6854 -2.7768 -4.3795
v  -2.6783 -2.8270 -4.4024
v  -2.6445 -2.8710 -4.4087
v  -2.5962 -2.8967 -4.3960
v  -2.6815 -2.9036 -4.3261
v  -2.6323 -2.9218 -4.3064
v  -2.5119 -2.8499 -4.3196
v  -2.5467 -2.8866 -4.3600
v  -2.5863 -2.9069 -4.2714
v  -2.5573 -2.8667 -4.2343
v  -2.4863 -2.8173 -4.2868
v  -2.5345 -2.8333 -4.2030
v  -2.4651 -2.7948 -4.2618
v  -2.5137 -2.8118 -4.1781
v  -2.3592 -2.7360 -4.1687
v  -2.3787 -2.7574 -4.1915
v  -2.4277 -2.7720 -4.1041
v  -2.4109 -2.7480 -4.0815
v  -2.4494 -2.7872 -4.1253
v  -2.4007 -2.7719 -4.2122
v  -2.3343 -2.6788 -4.1217
v  -2.3447 -2.7109 -4.1461
v  -2.3976 -2.7219 -4.0593
v  -2.3868 -2.6896 -4.0350
v  -2.3280 -2.6357 -4.0935
v  -2.3804 -2.6458 -4.0073
v  -2.4206 -2.7790 -4.2279
v  -2.4706 -2.7933 -4.1415
v  -2.4874 -2.7982 -4.1539
v  -2.4372 -2.7831 -4.2396
v  -2.4498 -2.7868 -4.2485
v  -2.4993 -2.8030 -4.1639
v  -2.4235 -2.6040 -3.9165
v  -2.4193 -2.6511 -3.9378
v  -2.4553 -2.6540 -3.8752
v  -2.4633 -2.6065 -3.8534
v  -2.4594 -2.7008 -3.9026
v  -2.4251 -2.6964 -3.9653
v  -2.7858 -2.8947 -4.2292
v  -2.7440 -2.9277 -4.2180
v  -2.7804 -2.9455 -4.1719
v  -2.8204 -2.9076 -4.1832
v  -2.7385 -2.9614 -4.1476
v  -2.7008 -2.9457 -4.1957
v  -2.7795 -2.9716 -4.1135
v  -2.8210 -2.9545 -4.1372
v  -2.8596 -2.9146 -4.1426
v  -2.4885 -2.7933 -4.0571
v  -2.5084 -2.8016 -4.0739
v  -2.5400 -2.8097 -4.0142
v  -2.5205 -2.8004 -3.9965
v  -2.5564 -2.8181 -4.0292
v  -2.5247 -2.8089 -4.0877
v  -2.5577 -2.6022 -3.7243
v  -2.5053 -2.6074 -3.7882
v  -2.5240 -2.5648 -3.7778
v  -2.5797 -2.5602 -3.7186
v  -2.4776 -2.5652 -3.8400
v  -2.4981 -2.5289 -3.8329
v  -2.5486 -2.5290 -3.7740
v  -2.6067 -2.5257 -3.7186
v  -2.5375 -2.7042 -3.7624
v  -2.4952 -2.7063 -3.8354
v  -2.4923 -2.6583 -3.8076
v  -2.5377 -2.6541 -3.7344
v  -2.4337 -2.5633 -3.9027
v  -2.4499 -2.5265 -3.8937
v  -2.5758 -2.4981 -3.7735
v  -2.6349 -2.4963 -3.7199
v  -2.5227 -2.4964 -3.8298
v  -2.5498 -2.4663 -3.8294
v  -2.6041 -2.4706 -3.7753
v  -2.6633 -2.4703 -3.7220
v  -2.4712 -2.4920 -3.8878
v  -2.4963 -2.4591 -3.8841
v  -2.6319 -2.4444 -3.7782
v  -2.6900 -2.4458 -3.7239
v  -2.5776 -2.4372 -3.8309
v  -2.6049 -2.4077 -3.8339
v  -2.6578 -2.4176 -3.7818
v  -2.7142 -2.4210 -3.7258
v  -2.5237 -2.4273 -3.8820
v  -2.5524 -2.3964 -3.8821
v  -2.6837 -2.3887 -3.7859
v  -2.7375 -2.3946 -3.7289
v  -2.6338 -2.3793 -3.8388
v  -2.6701 -2.3594 -3.8502
v  -2.7184 -2.3677 -3.7975
v  -2.7692 -2.3744 -3.7404
v  -2.5849 -2.3697 -3.8867
v  -2.6227 -2.3498 -3.8985
v  -2.7088 -2.3435 -3.8667
v  -2.7563 -2.3520 -3.8145
v  -2.7479 -2.3341 -3.8863
v  -2.7940 -2.3432 -3.8341
v  -2.8042 -2.3593 -3.7565
v  -2.8385 -2.3515 -3.7752
v  -2.6620 -2.3336 -3.9143
v  -2.7011 -2.3232 -3.9347
v  -2.7842 -2.3348 -3.9087
v  -2.8278 -2.3457 -3.8561
v  -2.8180 -2.3431 -3.9334
v  -2.8588 -2.3555 -3.8803
v  -2.8948 -2.3637 -3.8200
v  -2.8681 -2.3538 -3.7965
v  -2.7388 -2.3214 -3.9579
v  -2.7743 -2.3276 -3.9828
v  -2.8495 -2.3532 -3.9593
v  -2.8873 -2.3648 -3.9050
v  -2.9147 -2.3762 -3.9315
v  -2.8789 -2.3655 -3.9862
v  -2.9444 -2.3831 -3.8701
v  -2.9196 -2.3729 -3.8441
v  -2.8079 -2.3380 -4.0089
v  -2.8392 -2.3512 -4.0358
v  -2.9055 -2.3824 -4.0140
v  -2.9378 -2.3922 -3.9578
v  -2.9569 -2.4132 -3.9835
v  -2.9248 -2.4059 -4.0396
v  -2.9862 -2.4151 -3.9226
v  -2.9684 -2.3966 -3.8975
v  -2.8663 -2.3696 -4.0629
v  -2.8879 -2.3946 -4.0891
v  -2.9402 -2.4339 -4.0650
v  -2.9729 -2.4384 -4.0092
v  -2.9856 -2.4673 -4.0347
v  -2.9518 -2.4650 -4.0901
v  -3.0167 -2.4632 -3.9740
v  -3.0027 -2.4374 -3.9483
v  -2.9016 -2.4252 -4.1130
v  -2.9105 -2.4572 -4.1352
v  -2.9594 -2.4984 -4.1144
v  -2.9939 -2.4992 -4.0591
v  -2.9973 -2.5342 -4.0819
v  -2.9603 -2.5332 -4.1350
v  -3.0327 -2.5243 -4.0226
v  -3.0266 -2.4918 -3.9986
v  -2.9161 -2.4898 -4.1566
v  -2.9175 -2.5230 -4.1762
v  -2.9551 -2.5690 -4.1531
v  -2.9952 -2.5724 -4.1027
v  -2.9907 -2.6117 -4.1214
v  -2.9488 -2.6050 -4.1696
v  -3.0308 -2.6010 -4.0652
v  -3.0343 -2.5609 -4.0454
v  -2.9147 -2.5566 -4.1939
v  -2.9103 -2.5911 -4.2105
v  -2.9480 -2.6416 -4.1864
v  -2.9898 -2.6491 -4.1397
v  -2.9837 -2.6876 -4.1551
v  -2.9420 -2.6793 -4.2009
v  -3.0261 -2.6839 -4.1046
v  -3.0302 -2.6422 -4.0859
v  -2.9072 -2.6271 -4.2274
v  -2.9015 -2.6640 -4.2427
v  -2.9259 -2.7160 -4.2099
v  -2.9671 -2.7246 -4.1649
v  -2.9408 -2.7563 -4.1673
v  -2.9003 -2.7476 -4.2122
v  -2.9852 -2.7598 -4.1250
v  -3.0103 -2.7242 -4.1187
v  -2.8882 -2.7015 -4.2536
v  -2.8669 -2.7358 -4.2584
v  -2.8708 -2.7696 -4.2090
v  -2.9099 -2.7806 -4.1638
v  -2.8775 -2.8042 -4.1595
v  -2.8379 -2.7914 -4.2049
v  -2.9216 -2.8201 -4.1199
v  -2.9547 -2.7899 -4.1241
v  -2.8384 -2.7592 -4.2552
v  -2.7998 -2.7797 -4.2471
v  -2.8192 -2.8441 -4.2226
v  -2.8566 -2.8549 -4.1777
v  -2.8935 -2.8626 -4.1328
v  -2.7826 -2.8322 -4.2644
v  -2.7549 -2.8838 -4.2746
v  -2.6554 -2.9388 -4.1617
v  -2.6986 -2.9470 -4.1153
v  -2.6265 -2.9014 -4.1279
v  -2.6699 -2.9117 -4.0814
v  -2.7250 -2.9170 -4.0473
v  -2.7485 -2.9526 -4.0825
v  -2.7124 -2.9175 -4.2654
v  -2.6662 -2.9346 -4.2437
v  -2.6200 -2.9257 -4.2099
v  -2.5925 -2.8845 -4.1749
v  -2.6469 -2.8779 -4.0432
v  -2.6967 -2.8897 -4.0069
v  -2.6063 -2.8647 -4.0937
v  -2.5867 -2.8393 -4.0629
v  -2.6237 -2.8534 -4.0070
v  -2.6742 -2.8748 -3.9692
v  -2.5719 -2.8495 -4.1429
v  -2.5518 -2.8265 -4.1159
v  -2.5874 -2.8299 -3.8745
v  -2.5512 -2.8131 -3.9324
v  -2.5314 -2.7955 -3.9090
v  -2.5689 -2.8089 -3.8462
v  -2.4996 -2.7850 -3.9743
v  -2.4833 -2.7614 -3.9506
v  -2.5157 -2.7705 -3.8843
v  -2.5531 -2.7809 -3.8164
v  -2.6296 -2.8503 -3.9188
v  -2.5884 -2.8309 -3.9672
v  -2.5709 -2.8228 -3.9509
v  -2.6084 -2.8414 -3.8982
v  -2.4671 -2.7785 -4.0356
v  -2.4502 -2.7552 -4.0125
v  -2.5038 -2.7421 -3.8606
v  -2.5418 -2.7473 -3.7893
v  -2.4702 -2.7347 -3.9276
v  -2.4368 -2.7290 -3.9900
v  -2.6046 -2.8402 -3.9838
v  -2.6521 -2.8617 -3.9414
v  -2.5705 -2.8265 -4.0434
v  -2.5373 -2.8156 -4.0995
v  -2.1564 -2.7107 -4.7660
v  -2.0974 -2.7434 -4.8430
v  -2.1663 -2.7662 -4.7812
v  -2.1199 -2.7470 -4.8628
v  -2.0173 -2.7059 -5.0468
v  -2.0475 -2.7124 -4.9865
v  -2.1197 -2.7505 -5.0477
v  -2.1037 -2.7278 -5.1248
v  -2.2132 -2.7376 -5.0975
v  -2.2012 -2.8136 -4.7984
v  -2.2661 -2.8250 -4.8183
v  -2.2392 -2.8075 -4.9065
v  -2.1661 -2.7915 -4.8848
v  -2.2248 -2.7864 -5.0048
v  -2.1403 -2.7717 -4.9672
v  -2.0814 -2.7287 -4.9289
v  -2.0113 -2.7518 -4.6817
v  -2.0507 -2.7522 -4.6147
v  -2.0848 -2.7673 -4.6522
v  -2.0456 -2.7667 -4.7204
v  -2.3767 -2.7557 -4.8548
v  -2.3302 -2.8099 -4.8408
v  -2.3097 -2.7833 -4.9234
v  -2.3535 -2.7184 -4.9294
v  -2.2946 -2.7389 -5.0131
v  -2.2778 -2.6792 -5.1011
v  -2.3268 -2.6648 -5.0065
v  -2.2986 -2.6029 -5.0834
v  -2.3060 -2.5307 -5.0814
v  -2.2855 -2.4760 -5.1560
v  -2.2737 -2.5394 -5.1596
v  -2.3010 -2.4695 -5.0743
v  -2.2836 -2.4207 -5.1495
v  -2.2561 -2.6123 -5.1811
v  -2.1991 -2.6805 -5.1801
v  -2.3658 -2.6028 -4.8333
v  -2.3772 -2.6751 -4.8507
v  -2.3442 -2.6302 -4.9262
v  -2.3274 -2.5517 -4.9132
v  -2.3202 -2.5818 -5.0034
v  -2.3224 -2.5138 -4.9995
v  -2.3685 -2.5271 -4.8998
v  -2.4069 -2.5776 -4.8240
v  -2.0518 -2.7555 -4.8836
v  -2.0463 -2.7805 -4.8545
v  -2.0414 -2.7487 -4.8199
v  -2.0210 -2.7365 -4.9609
v  -1.9919 -2.7384 -5.0188
v  -1.9888 -2.7574 -4.9985
v  -2.0183 -2.7556 -4.9398
v  -2.0553 -2.7354 -4.9048
v  -2.2856 -2.3895 -5.1279
v  -2.3237 -2.3819 -5.1039
v  -2.3199 -2.4400 -5.0541
v  -2.3576 -2.4339 -5.0295
v  -2.3449 -2.4860 -4.9794
v  -2.3839 -2.4822 -4.9524
v  -2.3901 -2.4215 -4.9968
v  -2.3559 -2.3685 -5.0732
v  -2.3736 -2.3436 -5.0364
v  -2.4115 -2.3998 -4.9607
v  -2.4222 -2.3674 -4.9299
v  -2.4583 -2.4297 -4.8558
v  -2.4645 -2.3998 -4.8326
v  -2.4216 -2.3321 -4.8994
v  -2.4456 -2.4557 -4.8830
v  -2.4216 -2.4740 -4.9194
v  -2.3759 -2.3069 -5.0002
v  -2.4165 -2.3017 -4.8664
v  -2.3561 -2.2370 -4.9223
v  -2.3617 -2.2713 -4.9612
v  -2.4091 -2.2728 -4.8319
v  -2.3460 -2.2056 -4.8817
v  -2.4300 -2.3022 -4.7188
v  -2.4490 -2.3227 -4.7487
v  -2.3896 -2.2500 -4.7965
v  -2.3660 -2.2291 -4.7655
v  -2.4600 -2.3465 -4.7801
v  -2.4641 -2.3724 -4.8075
v  -2.2977 -2.1592 -4.8116
v  -2.3228 -2.1822 -4.8434
v  -2.3882 -2.2508 -4.6747
v  -2.4106 -2.2800 -4.6954
v  -2.3445 -2.2051 -4.7422
v  -2.3198 -2.1737 -4.7203
v  -2.2393 -2.1087 -4.7660
v  -2.2732 -2.1345 -4.7885
v  -2.3271 -2.1644 -4.6285
v  -2.3600 -2.2092 -4.6530
v  -2.2302 -2.1122 -4.6684
v  -2.2809 -2.1362 -4.6956
v  -2.1269 -2.0814 -4.7127
v  -2.1841 -2.0913 -4.7417
v  -2.2400 -2.1247 -4.5658
v  -2.2846 -2.1359 -4.5989
v  -2.1867 -2.0979 -4.6347
v  -2.1480 -2.0953 -4.5962
v  -2.0577 -2.0668 -4.6287
v  -2.0875 -2.0717 -4.6746
v  -2.1644 -2.1411 -4.4992
v  -2.2003 -2.1326 -4.5345
v  -2.1140 -2.1059 -4.5576
v  -2.0816 -2.1206 -4.5179
v  -2.0320 -2.0714 -4.5784
v  -2.0029 -2.0922 -4.5331
v  -2.0874 -2.1565 -4.4155
v  -2.1255 -2.1485 -4.4586
v  -2.0479 -2.1303 -4.4756
v  -2.0148 -2.1392 -4.4336
v  -1.9439 -2.1179 -4.4492
v  -1.9731 -2.1068 -4.4897
v  -1.9826 -2.1526 -4.3952
v  -2.0515 -2.1714 -4.3739
v  -2.0125 -2.1969 -4.3432
v  -1.9470 -2.1738 -4.3655
v  -1.8814 -2.1495 -4.3855
v  -1.9146 -2.1309 -4.4138
v  -1.9438 -2.2876 -4.3768
v  -1.9753 -2.2413 -4.3540
v  -1.9105 -2.2142 -4.3742
v  -1.8819 -2.2560 -4.3984
v  -1.8165 -2.2255 -4.4143
v  -1.8450 -2.1871 -4.3913
v  -1.8456 -2.3431 -4.4474
v  -1.8598 -2.2967 -4.4186
v  -1.9180 -2.3362 -4.3990
v  -1.9031 -2.3897 -4.4325
v  -1.7953 -2.2594 -4.4315
v  -1.7819 -2.2978 -4.4548
v  -2.0086 -2.7643 -4.7811
v  -1.9729 -2.7487 -4.7446
v  -1.9696 -2.6963 -4.6215
v  -2.0132 -2.6951 -4.5500
v  -2.0299 -2.7256 -4.5829
v  -1.9888 -2.7257 -4.6512
v  -1.9815 -2.5989 -4.5764
v  -2.0228 -2.5976 -4.4937
v  -2.0054 -2.6518 -4.5152
v  -1.9590 -2.6547 -4.5916
v  -2.0194 -2.4967 -4.4414
v  -2.0188 -2.4408 -4.4053
v  -1.9559 -2.4852 -4.4515
v  -1.9637 -2.4954 -4.5097
v  -2.0266 -2.5467 -4.4711
v  -1.9834 -2.5499 -4.5469
v  -1.8461 -2.4529 -4.5489
v  -1.8433 -2.3979 -4.4967
v  -1.9010 -2.4486 -4.4813
v  -1.9004 -2.5019 -4.5335
v  -1.7828 -2.3433 -4.5005
v  -1.7850 -2.3949 -4.5539
v  -1.9450 -2.7213 -4.7206
v  -2.7951 -2.9691 -4.0570
v  -2.7681 -2.9344 -4.0203
v  -2.8280 -2.9760 -4.0872
v  -2.8650 -2.9587 -4.1061
v  -2.9016 -2.9237 -4.1097
v  -2.9359 -2.8795 -4.0990
v  -2.9666 -2.8364 -4.0912
v  -2.9998 -2.7986 -4.0916
v  -3.0302 -2.7606 -4.0870
v  -3.0553 -2.7177 -4.0733
v  -3.0709 -2.6684 -4.0500
v  -3.0708 -2.6198 -4.0276
v  -3.0741 -2.5771 -4.0084
v  -3.0728 -2.5385 -3.9850
v  -3.0672 -2.5050 -3.9595
v  -3.0572 -2.4766 -3.9335
v  -3.0428 -2.4524 -3.9074
v  -3.0278 -2.4309 -3.8819
v  -3.0086 -2.4127 -3.8554
v  -2.9868 -2.3980 -3.8278
v  -2.9649 -2.3863 -3.8009
v  -2.9433 -2.3768 -3.7749
v  -2.9230 -2.3666 -3.7509
v  -2.9028 -2.3600 -3.7291
v  -2.8801 -2.3609 -3.7092
v  -2.8529 -2.3680 -3.6921
v  -2.8244 -2.3794 -3.6792
v  -2.7974 -2.3941 -3.6688
v  -2.7740 -2.4155 -3.6681
v  -2.7516 -2.4399 -3.6703
v  -2.7272 -2.4647 -3.6723
v  -2.7005 -2.4909 -3.6724
v  -2.6725 -2.5196 -3.6711
v  -2.6450 -2.5522 -3.6694
v  -2.6215 -2.5912 -3.6720
v  -2.6041 -2.6375 -3.6819
v  -2.5950 -2.6883 -3.7013
v  -2.5947 -2.7386 -3.7268
v  -2.6052 -2.7852 -3.7577
v  -2.6164 -2.8247 -3.7959
v  -2.6369 -2.8503 -3.8361
v  -2.6663 -2.8658 -3.8724
v  -2.6946 -2.8807 -3.9031
v  -2.7217 -2.8939 -3.9351
v  -2.7401 -2.9037 -3.9698
v  -2.7426 -2.9073 -3.9962
# 6653 vertices

vn 0.0305 -0.6141 0.7887
vn 0.0791 -0.4357 0.8966
vn 0.3271 -0.4520 0.8299
vn 0.3102 -0.5625 0.7664
vn 0.0390 -0.0118 0.9992
vn 0.1041 -0.0637 0.9925
vn 0.1946 -0.0725 0.9782
vn 0.4791 -0.3842 0.7892
vn 0.5001 -0.4335 0.7497
vn 0.6986 -0.2639 0.6651
vn 0.5919 -0.3352 0.7330
vn 0.6054 -0.2738 0.7473
vn 0.7824 -0.1880 0.5938
vn 0.3992 -0.0299 0.9164
vn 0.5750 0.0352 0.8174
vn 0.5889 -0.5752 0.5678
vn 0.4491 -0.7252 0.5218
vn 0.6743 -0.7278 0.1254
vn 0.5675 -0.8224 0.0414
vn 0.4242 -0.9052 -0.0254
vn 0.1967 -0.8767 0.4390
vn 0.6785 -0.4322 0.5940
vn 0.7710 -0.5795 0.2641
vn 0.7518 -0.2645 0.6040
vn 0.8125 -0.4516 0.3686
vn 0.8567 -0.1758 0.4850
vn 0.8728 -0.3657 0.3233
vn 0.7246 -0.0591 0.6867
vn 0.8318 -0.3330 0.4442
vn -0.0428 0.0941 0.9946
vn -0.1758 0.4434 0.8789
vn -0.1680 0.4452 0.8795
vn -0.0393 0.3780 0.9250
vn 0.0323 0.2124 0.9766
vn -0.1612 0.4227 0.8918
vn -0.2068 0.4638 0.8615
vn -0.1370 0.4697 0.8721
vn -0.1773 0.3676 0.9129
vn -0.0970 0.3134 0.9447
vn -0.0670 0.4058 0.9115
vn 0.0848 0.3331 0.9391
vn 0.0438 0.2920 0.9554
vn 0.1874 0.2942 0.9372
vn 0.1981 0.3114 0.9294
vn 0.1785 0.2792 0.9435
vn 0.1610 0.2851 0.9449
vn 0.3293 0.1686 0.9290
vn 0.6456 -0.0359 0.7629
vn 0.2810 0.2671 0.9218
vn 0.6122 -0.7158 -0.3359
vn 0.6001 -0.7290 -0.3293
vn 0.6300 -0.7281 -0.2701
vn 0.6253 -0.7154 -0.3118
vn 0.6511 -0.7444 -0.1477
vn 0.7293 -0.6639 -0.1652
vn 0.7450 -0.6664 -0.0289
vn 0.8788 -0.4762 0.0291
vn 0.8450 -0.5240 0.1068
vn 0.9556 -0.2591 0.1401
vn 0.8843 -0.3741 0.2794
vn 0.9410 -0.2067 0.2681
vn 0.7484 -0.1317 0.6501
vn 0.9058 -0.1530 0.3950
vn 0.7185 0.0885 0.6899
vn 0.8941 -0.0695 0.4425
vn 0.2513 0.3575 0.8995
vn 0.6689 0.2310 0.7066
vn 0.1793 0.4206 0.8894
vn 0.9049 0.0911 0.4158
vn 0.6170 0.4574 0.6404
vn 0.9118 0.2819 0.2985
vn 0.1136 0.5031 0.8567
vn 0.0176 0.5128 0.8583
vn 0.5603 0.5242 0.6413
vn 0.9136 0.3354 0.2299
vn 0.9834 -0.1284 0.1279
vn 0.9691 0.1564 0.1909
vn 0.6201 0.3351 0.7093
vn 0.6733 -0.0002 0.7393
vn -0.0217 0.3461 0.9380
vn -0.0231 0.0904 0.9956
vn -0.2826 0.3904 0.8762
vn -0.1987 0.2539 0.9466
vn -0.1830 0.4416 0.8783
vn -0.1993 0.4760 0.8566
vn -0.0903 0.0506 0.9946
vn -0.0561 0.1394 0.9886
vn -0.1750 0.4575 0.8718
vn -0.0060 0.1901 0.9817
vn -0.1212 0.4174 0.9006
vn 0.0318 0.3934 0.9188
vn 0.1156 0.1101 0.9872
vn 0.3199 0.0753 0.9445
vn 0.2108 0.3488 0.9132
vn 0.3464 0.3102 0.8853
vn 0.4581 0.1216 0.8805
vn 0.5419 0.1738 0.8223
vn 0.4058 0.2294 0.8847
vn 0.5743 0.1694 0.8009
vn 0.5911 0.0900 0.8015
vn 0.3987 0.1855 0.8981
vn 0.3306 0.1729 0.9278
vn 0.5920 -0.0007 0.8060
vn 0.5525 0.0093 0.8335
vn 0.2805 0.2605 0.9238
vn 0.2247 0.2861 0.9315
vn 0.1771 0.3340 0.9258
vn 0.4850 0.0237 0.8742
vn 0.4248 0.1045 0.8992
vn 0.1066 0.3979 0.9112
vn 0.0238 0.3967 0.9176
vn 0.3348 0.2234 0.9154
vn 0.2574 0.2752 0.9263
vn -0.0645 0.2575 0.9641
vn 0.2421 0.2146 0.9462
vn -0.0871 0.0792 0.9930
vn 0.3041 0.1031 0.9471
vn 0.1205 -0.3586 0.9257
vn 0.2045 -0.3995 0.8936
vn 0.3350 -0.8741 0.3519
vn 0.3121 -0.8563 0.4116
vn 0.3311 -0.8964 0.2947
vn 0.2593 -0.4491 0.8550
vn 0.3202 -0.5333 0.7830
vn 0.2816 -0.9232 0.2615
vn 0.3326 -0.8972 0.2905
vn 0.4609 -0.4994 0.7336
vn 0.8086 -0.5853 -0.0597
vn 0.8168 -0.2622 0.5140
vn 0.6590 -0.3519 0.6647
vn 0.6451 -0.6821 0.3443
vn 0.5491 -0.7914 0.2687
vn 0.7157 -0.6927 -0.0887
vn 0.3097 -0.9299 0.1986
vn 0.4734 -0.8808 0.0114
vn 0.8764 -0.1586 0.4547
vn 0.8346 -0.5126 -0.2018
vn 0.9000 -0.4228 -0.1064
vn 0.8767 -0.1343 0.4619
vn 0.8613 -0.2201 0.4580
vn 0.8163 -0.2922 0.4983
vn 0.9118 -0.4100 -0.0219
vn 0.8748 -0.4844 0.0113
vn 0.7712 -0.3160 0.5526
vn 0.7637 -0.2385 0.5999
vn 0.8467 -0.5320 -0.0010
vn 0.8688 -0.4927 -0.0497
vn 0.9599 -0.2385 -0.1476
vn 0.7823 0.0553 0.6205
vn 0.7757 -0.0923 0.6243
vn 0.9165 -0.3824 -0.1172
vn 0.9459 -0.3156 0.0755
vn 0.9363 -0.2381 0.2583
vn 0.9531 -0.0605 0.2964
vn 0.9593 -0.2817 -0.0198
vn 0.9514 0.0634 0.3013
vn 0.9646 -0.2181 -0.1484
vn 0.6612 -0.6604 -0.3559
vn 0.7360 -0.5999 -0.3137
vn 0.7045 -0.5725 -0.4194
vn 0.6995 -0.6095 -0.3730
vn 0.6623 -0.5307 -0.5290
vn 0.6904 -0.5941 -0.4127
vn 0.9202 0.0762 0.3839
vn 0.9547 -0.2636 -0.1383
vn 0.8771 0.0129 0.4801
vn 0.9105 -0.4124 -0.0314
vn 0.6112 -0.5444 -0.5745
vn 0.6321 -0.6448 -0.4297
vn 0.5740 -0.6019 -0.5551
vn 0.6165 -0.6552 -0.4367
vn 0.7701 -0.5976 -0.2231
vn 0.7661 -0.5997 -0.2311
vn 0.7495 -0.6276 -0.2108
vn 0.7736 -0.5902 -0.2307
vn 0.7733 -0.6069 -0.1832
vn 0.8212 -0.5322 -0.2060
vn 0.8715 -0.0331 0.4893
vn 0.8757 -0.4815 0.0350
vn 0.9285 0.0259 0.3703
vn 0.9064 -0.4169 -0.0681
vn 0.6884 -0.5622 -0.4583
vn 0.7993 -0.5772 -0.1670
vn 0.7875 -0.5948 -0.1615
vn 0.6491 -0.6142 -0.4488
vn 0.8202 -0.5558 -0.1352
vn 0.8184 -0.5625 -0.1176
vn 0.5771 -0.6281 -0.5220
vn 0.5996 -0.5991 -0.5306
vn 0.9758 0.1384 0.1691
vn 0.9196 -0.2827 -0.2727
vn 0.9899 0.1409 -0.0176
vn 0.8514 -0.2459 -0.4633
vn 0.9818 -0.0369 -0.1861
vn 0.7465 -0.2651 -0.6103
vn 0.9334 -0.2068 -0.2931
vn 0.6912 -0.2174 -0.6892
vn 0.6239 -0.5053 -0.5962
vn 0.7188 -0.5006 -0.4825
vn 0.6204 -0.4229 -0.6605
vn 0.7138 -0.4965 -0.4940
vn 0.8141 -0.5501 -0.1861
vn 0.8294 -0.5468 -0.1150
vn 0.8141 -0.5516 -0.1817
vn 0.8161 -0.5716 -0.0853
vn 0.6031 -0.3644 -0.7095
vn 0.7059 -0.5002 -0.5015
vn 0.5865 -0.2621 -0.7664
vn 0.7158 -0.4304 -0.5500
vn 0.8134 -0.5532 -0.1799
vn 0.8086 -0.5799 -0.0998
vn 0.8232 -0.5242 -0.2181
vn 0.8292 -0.5383 -0.1505
vn 0.5422 -0.2444 -0.8039
vn 0.6830 -0.4138 -0.6019
vn 0.6583 -0.2541 -0.7086
vn 0.5854 -0.4475 -0.6760
vn 0.4653 -0.3684 -0.8048
vn 0.5988 -0.5036 -0.6228
vn 0.8048 -0.5428 -0.2399
vn 0.8247 -0.5521 -0.1231
vn 0.7576 -0.6115 -0.2282
vn 0.7899 -0.6110 -0.0528
vn 0.7620 -0.5996 -0.2446
vn 0.8171 -0.5737 -0.0567
vn 0.5574 -0.5501 -0.6218
vn 0.6146 -0.5006 -0.6096
vn 0.8094 -0.5303 -0.2521
vn 0.8448 -0.5274 -0.0906
vn 0.6883 -0.4310 -0.5835
vn 0.8418 -0.4724 -0.2612
vn 0.8242 -0.5072 -0.2518
vn 0.6510 -0.4618 -0.6024
vn 0.8497 -0.5125 -0.1238
vn 0.8685 -0.4801 -0.1235
vn 0.8447 -0.4457 -0.2963
vn 0.8839 -0.4557 -0.1047
vn 0.7295 -0.4080 -0.5489
vn 0.7732 -0.3390 -0.5360
vn 0.8716 -0.3430 -0.3502
vn 0.9257 -0.3397 -0.1662
vn 0.3901 -0.9026 -0.1822
vn 0.6672 -0.6230 -0.4084
vn 0.5235 -0.5263 -0.6701
vn 0.2952 -0.8039 -0.5164
vn 0.5894 -0.4414 -0.6765
vn 0.6799 -0.5368 -0.4997
vn 0.5774 -0.5756 -0.5790
vn 0.4872 -0.5525 -0.6763
vn 0.4994 -0.5975 -0.6274
vn 0.6697 -0.5639 -0.4832
vn 0.7783 -0.5056 -0.3722
vn 0.5871 -0.5430 -0.6004
vn 0.6290 -0.5187 -0.5791
vn 0.7877 -0.5230 -0.3255
vn 0.7502 -0.5460 -0.3728
vn 0.6116 -0.5147 -0.6008
vn 0.5956 -0.4855 -0.6399
vn 0.7229 -0.5089 -0.4673
vn 0.6367 -0.5501 -0.5405
vn 0.6996 -0.5360 -0.4724
vn 0.8506 -0.5256 0.0152
vn 0.8396 -0.5397 -0.0617
vn 0.8827 -0.4504 0.1342
vn 0.7749 -0.5040 -0.3814
vn 0.7779 -0.5820 0.2372
vn 0.7833 -0.6108 -0.1156
vn 0.8127 -0.5641 -0.1459
vn 0.8179 -0.5374 0.2056
vn 0.8712 -0.4568 -0.1796
vn 0.8808 -0.4556 0.1286
vn 0.8238 -0.5573 -0.1037
vn 0.7778 -0.5923 0.2101
vn 0.8273 -0.5474 -0.1262
vn 0.8458 -0.5173 0.1308
vn 0.8554 -0.5001 -0.1348
vn 0.8954 -0.4388 0.0760
vn 0.8018 -0.5963 -0.0388
vn 0.7592 -0.5991 0.2542
vn 0.7865 -0.6165 -0.0364
vn 0.7314 -0.6163 0.2919
vn 0.8450 -0.5217 -0.1175
vn 0.8606 -0.4781 0.1755
vn 0.8571 -0.5093 -0.0777
vn 0.8801 -0.4423 0.1726
vn 0.8109 -0.5835 0.0438
vn 0.8047 -0.5115 0.3015
vn 0.8417 -0.5371 0.0557
vn 0.8236 -0.4699 0.3175
vn 0.8414 -0.5391 0.0376
vn 0.8077 -0.4762 0.3477
vn 0.8795 -0.4754 0.0211
vn 0.8666 -0.3721 0.3324
vn 0.8867 -0.4495 0.1085
vn 0.8368 -0.3765 0.3974
vn 0.8856 -0.4155 0.2074
vn 0.8228 -0.3441 0.4522
vn 0.9332 -0.3193 0.1651
vn 0.8486 -0.3070 0.4309
vn 0.4866 -0.0828 0.8697
vn 0.8170 -0.3334 0.4705
vn 0.7916 -0.3467 0.5031
vn 0.4734 -0.0863 0.8766
vn 0.8578 -0.4993 0.1220
vn 0.8908 -0.4511 0.0543
vn 0.6421 -0.4457 0.6237
vn 0.3069 -0.1435 0.9409
vn 0.6458 -0.4274 0.6327
vn 0.2542 -0.1606 0.9537
vn 0.7137 -0.3808 0.5879
vn 0.2931 -0.1708 0.9407
vn 0.5971 -0.4896 0.6354
vn 0.2144 -0.2554 0.9428
vn 0.7608 -0.4053 0.5068
vn 0.4512 -0.1921 0.8715
vn 0.8635 -0.3225 0.3877
vn 0.6326 -0.1111 0.7664
vn 0.6748 -0.4649 0.5731
vn 0.4803 -0.1743 0.8596
vn 0.5740 -0.4944 0.6527
vn 0.2957 -0.2244 0.9285
vn 0.7500 -0.3671 0.5502
vn 0.4545 -0.1220 0.8824
vn 0.7905 -0.3219 0.5211
vn 0.4784 -0.0717 0.8752
vn 0.6927 -0.3509 0.6301
vn 0.3696 -0.0943 0.9244
vn 0.6651 -0.3323 0.6687
vn 0.3020 -0.1150 0.9463
vn 0.6553 -0.3013 0.6926
vn 0.3295 -0.0920 0.9397
vn 0.6797 -0.2580 0.6866
vn 0.3054 -0.1383 0.9421
vn 0.6674 -0.2842 0.6883
vn 0.3456 -0.1624 0.9242
vn -0.4033 0.3181 0.8580
vn -0.1802 0.0030 0.9836
vn -0.0342 0.1672 0.9853
vn -0.3450 0.4467 0.8255
vn 0.3948 -0.1634 0.9041
vn 0.1627 -0.3296 0.9300
vn 0.0051 0.2242 0.9745
vn -0.3628 0.4751 0.8017
vn -0.0245 0.2354 0.9716
vn -0.4125 0.4728 0.7787
vn -0.1562 0.1866 0.9699
vn -0.4890 0.4084 0.7708
vn -0.2140 0.1480 0.9656
vn -0.5189 0.3726 0.7694
vn -0.1740 0.1429 0.9743
vn -0.4964 0.3685 0.7860
vn -0.1983 0.1002 0.9750
vn -0.4916 0.3747 0.7861
vn -0.0656 0.1481 0.9868
vn -0.4384 0.4326 0.7878
vn 0.0839 0.2249 0.9708
vn -0.3898 0.4634 0.7958
vn 0.0241 0.2194 0.9753
vn -0.4237 0.4217 0.8016
vn -0.1082 0.1570 0.9817
vn -0.4559 0.3968 0.7967
vn -0.0216 0.2097 0.9775
vn -0.4252 0.4257 0.7987
vn -0.0446 0.2021 0.9784
vn -0.4827 0.3478 0.8038
vn -0.1321 0.1343 0.9821
vn -0.5493 0.2805 0.7872
vn -0.1661 0.0892 0.9821
vn -0.5987 0.2630 0.7566
vn -0.1436 0.0846 0.9860
vn -0.6271 0.2472 0.7387
vn -0.1525 0.0097 0.9883
vn -0.6321 0.1820 0.7532
vn -0.1141 -0.0273 0.9931
vn -0.6003 0.0905 0.7946
vn -0.1045 0.3115 0.9445
vn 0.0157 0.3333 0.9427
vn 0.6190 0.0790 0.7814
vn 0.4855 0.0597 0.8722
vn 0.1147 0.2663 0.9570
vn 0.7534 -0.0229 0.6572
vn -0.0864 -0.3043 0.9486
vn 0.0889 -0.0215 0.9958
vn -0.0147 -0.5791 0.8151
vn 0.4762 -0.4039 0.7811
vn 0.1563 -0.9189 0.3622
vn 0.3915 -0.9036 -0.1739
vn 0.5347 -0.7847 -0.3137
vn 0.5845 -0.7941 0.1667
vn 0.6611 -0.6147 -0.4303
vn 0.7979 -0.5010 -0.3353
vn 0.7784 -0.4953 -0.3857
vn 0.7059 -0.5710 -0.4191
vn 0.8586 -0.4391 -0.2644
vn 0.8974 -0.4225 0.1270
vn 0.1866 0.2393 0.9528
vn 0.5773 -0.0365 0.8157
vn 0.8148 -0.3129 0.4880
vn 0.9544 -0.2865 0.0840
vn -0.1814 0.3803 0.9069
vn -0.0930 0.2179 0.9715
vn -0.2482 0.1971 0.9485
vn -0.2957 0.2867 0.9112
vn -0.0036 -0.0329 0.9995
vn 0.0789 0.0149 0.9968
vn -0.0790 -0.0892 0.9929
vn -0.3634 0.1333 0.9221
vn -0.3866 0.1855 0.9034
vn -0.4026 0.1065 0.9092
vn -0.4259 0.1270 0.8958
vn -0.1075 -0.1352 0.9850
vn -0.1451 -0.1863 0.9717
vn -0.4394 0.0571 0.8965
vn -0.4714 0.0384 0.8811
vn -0.4924 -0.0559 0.8686
vn -0.5429 -0.0794 0.8361
vn -0.1929 -0.2737 0.9423
vn -0.2074 -0.3582 0.9103
vn -0.5048 -0.1698 0.8464
vn -0.5911 -0.1499 0.7925
vn -0.4024 -0.1577 0.9018
vn -0.5214 -0.1062 0.8467
vn -0.1510 -0.3272 0.9328
vn -0.0786 -0.1908 0.9785
vn -0.2531 -0.0688 0.9650
vn -0.3916 -0.0453 0.9190
vn -0.4615 0.0979 0.8817
vn -0.4616 -0.0535 0.8855
vn -0.6856 -0.1928 0.7019
vn -0.7520 -0.0142 0.6590
vn -0.5034 -0.2033 0.8398
vn -0.7594 -0.5066 0.4082
vn -0.9074 -0.3554 0.2242
vn -0.9671 -0.1693 0.1899
vn -0.3075 -0.6262 0.7164
vn -0.5511 -0.5510 0.6266
vn -0.2796 -0.1528 0.9479
vn -0.0933 -0.1929 0.9768
vn -0.1757 0.1773 0.9683
vn -0.2626 0.2700 0.9264
vn -0.0202 0.2009 0.9794
vn 0.1607 -0.0177 0.9868
vn 0.4887 -0.0462 0.8712
vn 0.4408 -0.2384 0.8654
vn -0.1379 0.0898 0.9864
vn -0.1089 0.0470 0.9929
vn -0.2175 0.1923 0.9569
vn -0.2299 0.1691 0.9584
vn 0.3119 -0.9487 -0.0527
vn 0.3230 -0.9431 -0.0792
vn 0.2938 -0.9514 -0.0924
vn 0.2509 -0.9594 -0.1290
vn 0.2973 -0.9546 -0.0187
vn 0.2716 -0.9601 -0.0672
vn 0.1897 -0.9818 0.0041
vn 0.2656 -0.9622 0.0608
vn 0.1228 -0.9885 0.0886
vn 0.1948 -0.9790 -0.0605
vn 0.1353 -0.9879 0.0758
vn 0.1122 -0.9671 -0.2282
vn 0.1093 -0.3964 0.9116
vn 0.3048 -0.8957 0.3237
vn 0.0942 -0.5175 0.8505
vn 0.3785 -0.9208 0.0937
vn 0.2268 -0.3033 0.9255
vn 0.4064 -0.4358 0.8030
vn 0.4514 -0.5800 0.6781
vn 0.0649 -0.2704 0.9606
vn 0.3702 -0.3632 0.8550
vn 0.4180 -0.4010 0.8152
vn 0.0370 -0.4089 0.9118
vn 0.3561 -0.8263 0.4363
vn 0.2448 -0.9692 -0.0253
vn 0.3240 -0.9341 -0.1497
vn 0.4135 -0.8899 0.1926
vn 0.4347 -0.8683 0.2389
vn 0.5926 -0.3048 0.7456
vn 0.5163 -0.3376 0.7871
vn 0.6458 -0.2411 0.7245
vn 0.4785 -0.8181 0.3188
vn 0.5396 -0.8365 0.0956
vn 0.4921 -0.8647 0.1006
vn 0.5333 -0.3526 0.7690
vn 0.5622 -0.3097 0.7668
vn 0.5555 -0.7563 0.3457
vn 0.4818 -0.1331 0.8661
vn 0.5633 -0.4881 0.6666
vn 0.2984 0.1440 0.9435
vn 0.4774 -0.1662 0.8628
vn 0.2146 0.3452 0.9137
vn 0.4765 -0.1325 0.8691
vn 0.1636 0.2319 0.9589
vn 0.5294 -0.1932 0.8261
vn 0.2487 0.0919 0.9642
vn 0.5134 -0.3106 0.8000
vn 0.3519 -0.0652 0.9338
vn 0.3651 0.0450 0.9299
vn 0.1468 0.4218 0.8947
vn 0.1367 0.3172 0.9385
vn 0.2818 -0.1203 0.9519
vn 0.1725 0.0090 0.9850
vn 0.2301 -0.3581 0.9049
vn 0.5147 0.1603 0.8422
vn 0.3021 0.3439 0.8891
vn 0.2229 0.4076 0.8856
vn 0.4501 0.1308 0.8834
vn 0.5034 0.0734 0.8609
vn 0.4104 0.2274 0.8831
vn 0.3413 0.2621 0.9027
vn 0.5318 0.1286 0.8371
vn 0.5598 0.2845 0.7782
vn 0.5351 0.2366 0.8110
vn 0.5010 0.1186 0.8573
vn 0.5007 0.2049 0.8410
vn 0.2639 -0.1634 0.9506
vn 0.3394 -0.1506 0.9285
vn 0.3749 -0.2744 0.8855
vn 0.2804 -0.2034 0.9381
vn 0.3221 -0.3003 0.8978
vn 0.2374 -0.2297 0.9439
vn 0.2075 -0.0623 0.9762
vn 0.1869 -0.1505 0.9708
vn 0.2895 -0.1882 0.9385
vn 0.3316 -0.1718 0.9276
vn 0.2466 -0.2642 0.9324
vn 0.1676 -0.2379 0.9567
vn 0.4505 -0.3575 0.8181
vn 0.3324 -0.2606 0.9064
vn 0.3467 -0.2481 0.9046
vn 0.4417 -0.3167 0.8394
vn 0.3381 -0.3028 0.8911
vn 0.4417 -0.3767 0.8142
vn 0.4651 -0.3366 0.8188
vn 0.4079 -0.2802 0.8690
vn 0.3648 -0.3321 0.8698
vn 0.3329 -0.3377 0.8804
vn 0.4432 -0.3234 0.8360
vn 0.3532 -0.3729 0.8580
vn 0.2413 -0.3001 0.9229
vn 0.1502 -0.3068 0.9398
vn 0.2455 -0.3448 0.9060
vn 0.2686 -0.4321 0.8609
vn 0.1219 -0.3679 0.9218
vn 0.2399 -0.3148 0.9183
vn 0.2325 -0.3766 0.8967
vn 0.2924 -0.4239 0.8572
vn 0.3646 -0.3819 0.8492
vn 0.3776 -0.3953 0.8373
vn 0.3921 -0.4745 0.7881
vn 0.6780 -0.2802 0.6795
vn 0.8647 -0.2382 0.4422
vn 0.8286 -0.4340 0.3536
vn 0.6105 -0.4417 0.6574
vn 0.0843 -0.4439 0.8921
vn 0.2389 -0.5144 0.8236
vn 0.2345 -0.5832 0.7777
vn 0.0488 -0.5122 0.8575
vn 0.3913 -0.4816 0.7842
vn 0.5833 -0.5136 0.6292
vn 0.3995 -0.5290 0.7487
vn 0.2973 -0.4976 0.8149
vn 0.3511 -0.5513 0.7568
vn 0.4151 -0.6013 0.6828
vn 0.3221 -0.5913 0.7393
vn 0.0713 -0.4956 0.8656
vn 0.1098 -0.3708 0.9222
vn 0.4146 -0.5136 0.7512
vn 0.9540 -0.2114 0.2125
vn 0.9738 -0.2233 0.0425
vn 0.9508 -0.3044 0.0584
vn 0.9051 -0.4069 0.1236
vn 0.7084 -0.4935 0.5046
vn 0.7961 -0.3450 0.4972
vn 0.6734 -0.4167 0.6106
vn 0.5361 -0.5225 0.6630
vn 0.5478 -0.6017 0.5812
vn 0.6740 -0.5266 0.5181
vn 0.1235 -0.2846 0.9507
vn 0.1032 -0.6269 0.7723
vn 0.5535 -0.3933 0.7341
vn 0.6218 -0.5448 0.5626
vn 0.9329 -0.3392 -0.1214
vn 0.8350 -0.5068 -0.2144
vn 0.8759 -0.4514 0.1703
vn 0.9451 -0.3023 0.1245
vn 0.8475 -0.3544 0.3952
vn 0.8629 -0.4788 0.1617
vn 0.8255 -0.2517 0.5052
vn 0.8268 -0.4525 0.3342
vn 0.7981 -0.2355 0.5546
vn 0.7426 -0.4358 0.5086
vn 0.7586 -0.3912 0.5211
vn 0.8789 -0.4737 0.0567
vn 0.5371 -0.5642 0.6271
vn 0.7686 -0.6132 0.1821
vn 0.8838 -0.4549 0.1092
vn 0.9210 -0.3890 0.0214
vn 0.8131 -0.5136 -0.2740
vn 0.7773 -0.6241 -0.0791
vn 0.8161 -0.4963 -0.2961
vn 0.8330 -0.4999 -0.2370
vn 0.8035 -0.5567 -0.2109
vn 0.7271 -0.4957 -0.4750
vn 0.7440 -0.4891 -0.4553
vn 0.7509 -0.5567 -0.3554
vn 0.7824 -0.5712 -0.2483
vn 0.7692 -0.5959 -0.2307
vn 0.7161 -0.6246 -0.3117
vn 0.7414 -0.5285 -0.4136
vn 0.7656 -0.5626 -0.3120
vn 0.6892 -0.4598 -0.5599
vn 0.7029 -0.4754 -0.5291
vn 0.8132 -0.5556 -0.1735
vn 0.5813 -0.7700 0.2630
vn 0.8628 -0.1025 0.4951
vn 0.9785 -0.1135 -0.1723
vn 0.6088 -0.7863 -0.1050
vn 0.7565 0.4085 0.5107
vn 0.9058 0.3886 -0.1686
vn 0.8434 0.2668 0.4664
vn 0.9539 0.1180 -0.2758
vn 0.7526 -0.4740 -0.4571
vn 0.6071 -0.5855 0.5372
vn 0.9067 -0.3563 0.2256
vn 0.5421 -0.7686 -0.3397
vn 0.6495 -0.4348 0.6237
vn 0.5986 -0.5237 0.6061
vn 0.6340 -0.7721 -0.0439
vn 0.5975 -0.7842 -0.1672
vn 0.6977 -0.3521 0.6239
vn 0.6974 -0.3617 0.6188
vn 0.6419 -0.7665 0.0205
vn 0.6348 -0.7709 0.0525
vn 0.6550 -0.3768 0.6550
vn 0.6234 -0.7773 0.0846
vn 0.5658 -0.4221 0.7083
vn 0.5923 -0.7915 0.1506
vn 0.4272 -0.5050 0.7500
vn 0.5037 -0.8327 0.2299
vn 0.2999 -0.6617 0.6872
vn 0.3857 -0.9174 0.0978
vn 0.4243 -0.7920 -0.4390
vn 0.4401 -0.8349 -0.3306
vn 0.3999 -0.8198 -0.4098
vn 0.4247 -0.7261 -0.5407
vn 0.2685 -0.7377 -0.6195
vn 0.3327 -0.8137 -0.4767
vn 0.3762 -0.7952 -0.4756
vn 0.3523 -0.7241 -0.5930
vn 0.2670 -0.6105 -0.7456
vn 0.3454 -0.7530 -0.5601
vn 0.3302 -0.7958 -0.5076
vn 0.2439 -0.7056 -0.6654
vn 0.3781 -0.6695 -0.6394
vn 0.3989 -0.5675 -0.7203
vn 0.2812 -0.4945 -0.8224
vn 0.2944 -0.4214 -0.8577
vn 0.3509 -0.3607 -0.8641
vn 0.4990 -0.2628 -0.8258
vn 0.7226 0.0697 -0.6877
vn 0.5212 -0.3502 -0.7782
vn 0.8271 0.1569 -0.5396
vn 0.8038 -0.2851 -0.5221
vn 0.5766 -0.2551 -0.7762
vn 0.5084 -0.3561 -0.7840
vn 0.5247 -0.6906 -0.4977
vn 0.4478 -0.4006 -0.7994
vn 0.3204 -0.4541 -0.8314
vn 0.2333 -0.8207 -0.5215
vn 0.1248 -0.7557 -0.6429
vn 0.1754 -0.4671 -0.8666
vn 0.1758 -0.4412 -0.8800
vn 0.2061 -0.5496 -0.8096
vn 0.3198 -0.3998 -0.8590
vn 0.2416 -0.4355 -0.8671
vn 0.3073 -0.4970 -0.8115
vn 0.4244 -0.3989 -0.8129
vn 0.4348 -0.5797 -0.6891
vn 0.3216 -0.7193 -0.6158
vn 0.4749 -0.8651 -0.1617
vn 0.5398 -0.6476 -0.5378
vn 0.6227 -0.5731 -0.5327
vn 0.8018 -0.5957 -0.0482
vn 0.7247 -0.3159 0.6124
vn 0.4146 -0.5868 0.6955
vn 0.1177 -0.3816 0.9168
vn 0.5527 -0.5875 0.5911
vn 0.4815 -0.4049 0.7773
vn 0.1212 -0.4707 0.8739
vn 0.5377 -0.4214 0.7303
vn 0.3259 -0.8449 0.4242
vn 0.7841 -0.5750 0.2336
vn 0.8427 -0.5083 0.1775
vn 0.8830 -0.4646 -0.0669
vn 0.8638 -0.4832 0.1426
vn 0.8396 -0.5200 0.1572
vn 0.7835 -0.6123 -0.1062
vn 0.8031 -0.5926 0.0624
vn 0.8550 -0.4613 0.2372
vn 0.8684 -0.3847 0.3128
vn 0.9031 -0.3206 0.2858
vn 0.8527 -0.4694 0.2294
vn 0.8446 -0.3586 0.3975
vn 0.8793 -0.2443 0.4089
vn 0.8848 -0.1196 0.4503
vn 0.8263 0.0364 0.5620
vn 0.8441 0.1369 0.5184
vn 0.7831 0.2842 0.5531
vn 0.7912 -0.0800 0.6064
vn 0.7046 0.3894 0.5933
vn 0.8713 0.1887 0.4531
vn 0.7158 -0.4280 -0.5517
vn 0.6228 -0.4242 -0.6574
vn 0.6637 -0.3477 -0.6622
vn 0.7274 -0.3445 -0.5935
vn 0.8847 -0.4018 -0.2363
vn 0.9652 -0.2360 -0.1127
vn 0.9859 -0.0922 -0.1399
vn 0.6644 -0.2720 -0.6962
vn 0.9721 -0.0502 -0.2292
vn 0.6263 -0.2208 -0.7476
vn 0.8018 0.0848 0.5915
vn 0.9740 -0.1552 -0.1652
vn 0.9334 -0.2247 -0.2797
vn 0.8239 -0.0121 0.5665
vn 0.7423 -0.2656 -0.6151
vn 0.6907 -0.2450 -0.6804
vn 0.6255 -0.2067 -0.7523
vn 0.5906 -0.2301 -0.7734
vn 0.6235 -0.2743 -0.7321
vn 0.6144 -0.2902 -0.7337
vn 0.9269 0.1301 0.3521
vn 0.9757 -0.0704 -0.2075
vn 0.9657 -0.2080 -0.1553
vn 0.9397 -0.0872 0.3308
vn 0.9128 -0.3340 0.2349
vn 0.6900 -0.0456 0.7224
vn 0.7630 -0.0601 0.6436
vn 0.9400 -0.3411 0.0019
vn 0.4726 -0.5850 0.6591
vn 0.5478 -0.3267 0.7702
vn 0.2746 -0.0587 0.9598
vn 0.3109 -0.5431 0.7800
vn 0.2428 0.0467 0.9689
vn 0.5756 -0.2511 0.7782
vn 0.1375 0.1818 0.9737
vn 0.2222 0.0637 0.9729
vn 0.2745 0.2220 0.9356
vn 0.2191 0.1746 0.9600
vn 0.8111 -0.5848 -0.0107
vn 0.6161 -0.2354 0.7516
vn 0.4098 -0.3415 0.8459
vn 0.7392 -0.6546 0.1586
vn 0.0266 0.1497 0.9884
vn -0.0507 0.0931 0.9944
vn 0.0246 0.0725 0.9971
vn -0.0271 0.0568 0.9980
vn 0.1881 -0.0864 0.9783
vn 0.1821 -0.1272 0.9750
vn 0.5606 -0.3544 0.7484
vn 0.5556 -0.3862 0.7363
vn 0.7917 -0.5106 0.3355
vn 0.4746 -0.2242 0.8512
vn 0.7998 -0.4306 0.4182
vn 0.5425 -0.2013 0.8156
vn -0.0330 0.1882 0.9816
vn -0.0016 0.2159 0.9764
vn -0.0780 0.1934 0.9780
vn -0.0626 0.2958 0.9532
vn 0.2128 -0.0167 0.9770
vn 0.3109 0.1162 0.9433
vn 0.6322 -0.2765 0.7238
vn 0.7152 -0.1286 0.6870
vn 0.4502 -0.7621 0.4652
vn 0.6973 -0.5366 0.4752
vn 0.6913 -0.6886 0.2190
vn 0.4129 -0.8598 0.3004
vn 0.8714 -0.4677 0.1481
vn 0.8107 -0.4284 0.3990
vn 0.7857 -0.5166 0.3402
vn 0.8563 -0.5103 0.0802
vn 0.7957 -0.6052 0.0244
vn 0.7567 -0.5498 0.3538
vn 0.8157 -0.4421 0.3731
vn 0.8335 -0.5520 0.0226
vn 0.9081 -0.4088 0.0909
vn 0.8618 -0.2841 0.4202
vn 0.8457 -0.2276 0.4827
vn 0.6936 -0.0798 0.7159
vn 0.9253 -0.3396 0.1687
vn 0.9188 -0.3275 0.2202
vn 0.8145 -0.2189 0.5372
vn 0.6563 -0.0811 0.7501
vn 0.8314 -0.4609 -0.3103
vn 0.8778 -0.4020 -0.2607
vn 0.7370 -0.3469 -0.5801
vn 0.7444 -0.3758 -0.5520
vn 0.7265 -0.3191 -0.6086
vn 0.9013 -0.3846 -0.1995
vn 0.5415 -0.5863 0.6026
vn -0.1994 -0.2118 0.9568
vn -0.1838 0.1265 0.9748
vn 0.3230 -0.2160 0.9214
vn 0.5618 -0.3395 0.7544
vn 0.2912 -0.4157 0.8616
vn 0.6376 -0.6216 0.4550
vn 0.6681 -0.3633 0.6494
vn 0.5724 -0.5223 0.6320
vn 0.5159 -0.7175 0.4680
vn 0.3184 -0.8166 0.4815
vn 0.3753 -0.8447 0.3816
vn 0.4302 -0.8292 0.3570
vn 0.4314 -0.8758 0.2166
vn 0.5009 -0.4293 0.7516
vn 0.4560 -0.4693 0.7562
vn 0.6253 -0.7796 0.0333
vn 0.6542 -0.5212 0.5481
vn 0.8937 -0.3321 0.3016
vn 0.8456 -0.5308 -0.0560
vn 0.8737 -0.4712 -0.1208
vn 0.9457 -0.2947 0.1375
vn 0.9443 -0.3290 0.0002
vn 0.8122 -0.5494 -0.1964
vn 0.7895 -0.5470 -0.2785
vn 0.8128 -0.4404 -0.3813
vn 0.1111 0.1824 0.9769
vn 0.2793 0.0794 0.9569
vn 0.4069 0.0721 0.9106
vn 0.3405 0.0150 0.9401
vn 0.5061 -0.0330 0.8618
vn 0.4331 0.0013 0.9014
vn 0.5468 -0.0013 0.8372
vn 0.5277 -0.0306 0.8489
vn 0.3814 0.1262 0.9157
vn 0.4989 -0.0118 0.8666
vn 0.7083 -0.3082 0.6351
vn 0.5714 -0.2862 0.7692
vn 0.5703 -0.1881 0.7996
vn 0.6311 -0.1581 0.7594
vn 0.4038 -0.0940 0.9100
vn 0.4411 -0.2812 0.8523
vn 0.3384 0.1174 0.9336
vn 0.2001 0.2233 0.9540
vn 0.1837 0.2728 0.9444
vn 0.2296 0.2275 0.9463
vn 0.3081 -0.0705 0.9487
vn 0.3971 -0.1081 0.9114
vn 0.4294 -0.3427 0.8356
vn 0.5372 -0.3864 0.7497
vn 0.3586 0.1856 0.9149
vn 0.3165 0.3025 0.8991
vn 0.5258 0.3347 0.7820
vn 0.6256 0.2101 0.7513
vn 0.7616 -0.2076 0.6139
vn 0.7046 0.0349 0.7087
vn 0.5572 -0.0884 0.8256
vn 0.6517 -0.3681 0.6632
vn 0.7819 0.1642 0.6013
vn 0.5972 0.4070 0.6912
vn 0.5866 0.2972 0.7534
vn 0.7953 0.1030 0.5975
vn 0.6478 0.1943 0.7366
vn 0.5777 0.3064 0.7566
vn 0.6901 0.2717 0.6708
vn 0.7716 0.0663 0.6327
vn -0.5867 -0.4642 0.6635
vn -0.5425 -0.6636 0.5151
vn -0.0984 -0.7240 0.6827
vn -0.3084 -0.5447 0.7798
vn -0.0500 -0.7294 0.6823
vn -0.5406 -0.6770 0.4994
vn 0.0225 -0.7377 0.6747
vn 0.0021 -0.7338 0.6794
vn -0.1427 -0.5177 0.8436
vn 0.1659 -0.7598 0.6287
vn 0.0704 -0.6673 0.7414
vn -0.2137 -0.6421 0.7362
vn -0.1302 -0.7107 0.6913
vn -0.3614 -0.1715 0.9165
vn -0.1905 -0.1269 0.9734
vn -0.5665 -0.1307 0.8136
vn -0.5687 -0.5443 0.6166
vn -0.5506 -0.6294 0.5484
vn -0.2270 0.0679 0.9715
vn -0.0262 -0.3869 0.9218
vn -0.2660 -0.3572 0.8953
vn -0.3751 -0.0137 0.9269
vn -0.5865 -0.3185 0.7447
vn -0.5522 -0.0141 0.8336
vn -0.5780 -0.1507 0.8020
vn -0.4044 -0.1757 0.8975
vn -0.2537 -0.0594 0.9655
vn 0.1531 -0.6016 0.7840
vn -0.1881 -0.0746 0.9793
vn 0.2338 -0.7471 0.6223
vn 0.2091 -0.6188 0.7572
vn 0.1289 -0.5050 0.8534
vn -0.1880 -0.0987 0.9772
vn -0.2559 -0.0384 0.9659
vn 0.0074 -0.4199 0.9075
vn 0.0002 -0.4378 0.8991
vn -0.2540 0.0876 0.9632
vn -0.2674 0.1232 0.9557
vn -0.0716 -0.3621 0.9294
vn -0.0110 -0.2825 0.9592
vn -0.2896 0.0826 0.9536
vn 0.1447 -0.4697 0.8709
vn -0.1707 -0.0448 0.9843
vn 0.2503 -0.5946 0.7641
vn 0.2468 -0.5494 0.7983
vn 0.1155 -0.3621 0.9249
vn -0.1823 0.0624 0.9813
vn -0.0341 0.1689 0.9850
vn 0.3859 -0.2139 0.8974
vn -0.3329 0.2935 0.8961
vn -0.3866 0.2786 0.8792
vn -0.1013 0.1010 0.9897
vn 0.4346 -0.3618 0.8248
vn 0.0525 -0.1821 0.9819
vn -0.2100 0.1913 0.9588
vn 0.2556 -0.4626 0.8489
vn 0.3112 -0.4208 0.8521
vn -0.0542 -0.0224 0.9983
vn -0.2604 0.2800 0.9240
vn -0.1126 -0.1702 0.9790
vn 0.0649 -0.4065 0.9113
vn 0.0347 -0.3737 0.9269
vn -0.2306 -0.0391 0.9723
vn 0.2117 -0.4667 0.8587
vn 0.2360 -0.4294 0.8717
vn -0.2117 -0.0058 0.9773
vn 0.1333 -0.2935 0.9466
vn 0.3820 -0.4264 0.8199
vn 0.0144 -0.1948 0.9807
vn 0.3465 -0.4306 0.8334
vn 0.5774 -0.4873 0.6550
vn 0.6419 -0.5556 0.5285
vn 0.5501 -0.5581 0.6212
vn -0.1465 0.1209 0.9818
vn 0.3604 -0.3518 0.8639
vn -0.3439 0.2858 0.8945
vn 0.1203 -0.6971 0.7068
vn 0.1284 -0.7194 0.6826
vn 0.4132 -0.6299 0.6576
vn 0.3027 -0.6171 0.7263
vn 0.5241 -0.5640 0.6381
vn 0.7642 -0.5436 0.3472
vn 0.8401 -0.5264 0.1308
vn 0.6890 -0.5465 0.4761
vn 0.9173 -0.3853 0.1007
vn 0.8363 -0.5465 0.0441
vn 0.7554 -0.4398 0.4858
vn 0.9079 -0.2422 0.3422
vn 0.8835 -0.3891 0.2608
vn 0.7155 -0.6231 0.3159
vn 0.6652 -0.6442 0.3775
vn 0.6578 -0.6176 0.4313
vn 0.6539 -0.6206 0.4328
vn 0.7030 -0.6220 0.3447
vn 0.7672 -0.5414 0.3438
vn 0.7879 -0.5888 0.1803
vn 0.5347 -0.3032 0.7888
vn 0.5921 -0.1401 0.7936
vn 0.7174 -0.3403 0.6079
vn 0.5627 -0.4934 0.6633
vn 0.4829 -0.6591 0.5766
vn 0.5877 -0.6556 0.4741
vn 0.7024 -0.6416 0.3082
vn 0.5756 -0.6480 0.4988
vn 0.5650 -0.5169 0.6432
vn 0.5407 -0.6144 0.5746
vn 0.5111 -0.6567 0.5546
vn 0.4640 -0.6314 0.6213
vn -0.5593 0.7530 0.3466
vn -0.5204 0.5967 0.6109
vn -0.5341 0.6382 0.5544
vn -0.6084 0.7451 0.2735
vn -0.5780 0.6297 0.5190
vn -0.6749 0.6971 0.2421
vn -0.6352 0.5770 0.5134
vn -0.7443 0.6210 0.2456
vn -0.6697 0.5191 0.5310
vn -0.7620 0.5930 0.2604
vn -0.7438 0.6135 0.2653
vn -0.7516 0.6033 0.2666
vn -0.6774 0.5121 0.5282
vn -0.6697 0.5214 0.5288
vn -0.6647 0.5388 0.5175
vn -0.7428 0.6152 0.2641
vn -0.6464 0.5665 0.5111
vn -0.7450 0.6076 0.2754
vn -0.6365 0.5724 0.5169
vn -0.7357 0.6168 0.2797
vn -0.6644 0.5456 0.5108
vn -0.7479 0.6081 0.2661
vn -0.6820 0.5355 0.4982
vn -0.7749 0.5818 0.2470
vn -0.7028 0.5067 0.4993
vn -0.8184 0.5237 0.2366
vn -0.7585 0.4292 0.4904
vn -0.8562 0.4782 0.1956
vn -0.8083 0.3970 0.4348
vn -0.8903 0.4327 0.1419
vn -0.8504 0.3721 0.3719
vn -0.9198 0.3621 0.1511
vn -0.8736 0.3334 0.3545
vn -0.9229 0.2926 0.2502
vn -0.9279 0.2267 0.2961
vn -0.9186 0.2692 0.2892
vn -0.8799 0.2791 0.3845
vn -0.8894 0.1968 0.4127
vn -0.9366 0.2082 0.2817
vn -0.9082 0.2463 0.3383
vn -0.9293 0.3596 0.0841
vn -0.9677 0.2495 0.0347
vn -0.9221 0.2217 0.3171
vn -0.9318 0.3605 0.0433
vn -0.6261 0.5918 0.5077
vn -0.6094 0.6968 0.3783
vn -0.6053 0.7631 0.2265
vn -0.6604 0.6830 0.3121
vn -0.5628 0.8003 0.2068
vn -0.5567 0.7608 0.3336
vn -0.6484 0.4641 0.6034
vn -0.6411 0.5009 0.5814
vn -0.7286 0.6005 0.3295
vn -0.7534 0.5689 0.3297
vn -0.6278 0.4805 0.6124
vn -0.6491 0.4599 0.6060
vn -0.7428 0.5733 0.3457
vn -0.7234 0.5820 0.3715
vn -0.5969 0.5590 0.5756
vn -0.6102 0.5103 0.6061
vn -0.7189 0.5740 0.3921
vn -0.7132 0.5789 0.3953
vn -0.6059 0.6047 0.5169
vn -0.5910 0.6012 0.5378
vn -0.6974 0.6132 0.3710
vn -0.7020 0.6194 0.3516
vn -0.6521 0.5269 0.5451
vn -0.6367 0.5688 0.5206
vn -0.7299 0.5938 0.3385
vn -0.7615 0.5590 0.3282
vn -0.7762 0.5407 0.3243
vn -0.6402 0.4817 0.5984
vn -0.7852 0.4967 0.3698
vn -0.6059 0.4909 0.6260
vn -0.8578 0.3790 0.3472
vn -0.6801 0.6234 0.3858
vn -0.6136 0.5698 0.5466
vn -0.8226 0.4218 0.3814
vn -0.9177 0.3359 0.2123
vn -0.7270 0.6505 0.2197
vn -0.9333 0.3589 -0.0148
vn -0.6956 0.7124 0.0927
vn -0.5516 0.5839 0.5956
vn -0.4607 0.6495 0.6049
vn -0.5995 0.4991 0.6258
vn -0.4974 0.4139 0.7624
vn -0.4396 0.4965 0.7485
vn -0.3631 0.5664 0.7398
vn -0.6051 0.4295 0.6704
vn -0.5822 0.3950 0.7107
vn -0.4673 0.2906 0.8350
vn -0.5039 0.3274 0.7993
vn -0.5655 0.4022 0.7200
vn -0.5453 0.4398 0.7136
vn -0.4195 0.3548 0.8356
vn -0.4323 0.3187 0.8435
vn -0.5116 0.4953 0.7021
vn -0.4815 0.5571 0.6766
vn -0.3481 0.4800 0.8052
vn -0.3936 0.3951 0.8301
vn 0.2016 0.0983 0.9745
vn 0.2125 0.1909 0.9583
vn -0.1625 0.3792 0.9109
vn -0.2489 0.2867 0.9251
vn -0.1577 0.4618 0.8729
vn 0.1210 0.2796 0.9525
vn 0.1885 -0.0160 0.9819
vn -0.2774 0.1850 0.9428
vn -0.2537 0.1486 0.9558
vn 0.1901 -0.0391 0.9810
vn 0.1828 0.0667 0.9809
vn -0.2080 0.2034 0.9568
vn -0.2092 0.2949 0.9324
vn 0.1744 0.2039 0.9633
vn -0.4414 0.2863 0.8504
vn -0.1719 0.1960 0.9654
vn -0.2225 0.2789 0.9342
vn -0.4206 0.3621 0.8319
vn 0.0289 0.1345 0.9905
vn -0.0470 0.1753 0.9834
vn -0.3591 0.2684 0.8939
vn -0.1378 0.1539 0.9784
vn -0.4470 0.3133 0.8379
vn -0.4020 0.1806 0.8976
vn -0.4881 0.2012 0.8493
vn -0.0934 0.0882 0.9917
vn -0.0052 -0.0456 0.9989
vn -0.3764 0.0607 0.9245
vn -0.5220 0.1009 0.8469
vn -0.3372 0.0096 0.9414
vn -0.5349 0.0490 0.8435
vn 0.0469 -0.0779 0.9959
vn 0.1708 -0.0534 0.9839
vn -0.1563 0.0234 0.9874
vn -0.5174 0.1283 0.8461
vn 0.0372 0.1810 0.9828
vn -0.4284 0.3490 0.8335
vn 0.2985 0.0840 0.9507
vn 0.3969 0.2123 0.8930
vn 0.1766 0.3416 0.9231
vn -0.3077 0.5595 0.7696
vn 0.2344 0.4518 0.8608
vn -0.2077 0.6910 0.6924
vn 0.4262 0.2821 0.8595
vn 0.3956 0.3481 0.8499
vn 0.2211 0.5380 0.8135
vn -0.1615 0.7606 0.6288
vn 0.1487 0.6195 0.7708
vn -0.1734 0.7884 0.5902
vn 0.3466 0.4168 0.8403
vn 0.3248 0.4408 0.8368
vn 0.0909 0.6258 0.7747
vn -0.1944 0.7570 0.6238
vn -0.2458 0.6756 0.6951
vn -0.2232 0.7139 0.6638
vn 0.0790 0.5853 0.8070
vn 0.0866 0.5312 0.8428
vn 0.3276 0.4178 0.8474
vn 0.3121 0.3826 0.8696
vn 0.0706 0.4875 0.8703
vn -0.2750 0.6442 0.7137
vn 0.2694 0.3551 0.8952
vn 0.2481 0.3675 0.8963
vn 0.0679 0.5086 0.8583
vn -0.2587 0.6647 0.7009
vn -0.1208 0.8211 0.5579
vn -0.2114 0.7334 0.6461
vn 0.1117 0.5792 0.8075
vn 0.2140 0.6512 0.7281
vn 0.3004 0.4368 0.8479
vn 0.4115 0.4989 0.7627
vn 0.2860 0.6903 0.6646
vn -0.0317 0.8727 0.4873
vn 0.5069 0.4904 0.7089
vn 0.5438 0.4361 0.7170
vn 0.2578 0.7008 0.6651
vn -0.0397 0.8650 0.5003
vn 0.1762 0.0836 0.9808
vn 0.2669 0.0385 0.9630
vn 0.1912 0.0203 0.9813
vn 0.0852 0.0703 0.9939
vn 0.3554 -0.0727 0.9319
vn 0.2736 -0.1080 0.9558
vn 0.4224 -0.0350 0.9057
vn 0.4563 -0.1460 0.8778
vn 0.4125 -0.1579 0.8972
vn 0.4754 -0.1330 0.8697
vn 0.4569 -0.1298 0.8800
vn 0.3483 -0.0958 0.9325
vn 0.3142 -0.1449 0.9382
vn 0.5041 -0.0348 0.8629
vn 0.5277 -0.0383 0.8486
vn 0.5009 0.0446 0.8644
vn 0.5440 0.0684 0.8363
vn 0.4627 0.1628 0.8714
vn 0.4094 0.0343 0.9117
vn 0.4878 0.1729 0.8557
vn 0.4433 0.2521 0.8602
vn 0.4647 0.2225 0.8570
vn 0.5139 0.1432 0.8458
vn 0.4390 0.2862 0.8517
vn 0.4651 0.3084 0.8298
vn 0.5061 0.2027 0.8383
vn 0.5265 0.2342 0.8173
vn 0.5439 0.2305 0.8069
vn 0.4792 0.2359 0.8454
vn 0.4874 0.2868 0.8247
vn 0.5419 0.2599 0.7992
vn 0.5525 0.0994 0.8276
vn 0.4413 0.1857 0.8779
vn 0.4529 0.1967 0.8696
vn 0.5469 0.1649 0.8208
vn 0.6179 0.2000 0.7604
vn 0.5666 0.3474 0.7472
vn 0.4815 0.2392 0.8432
vn 0.5704 0.0889 0.8165
vn 0.0575 0.2312 0.9712
vn -0.1131 0.2198 0.9690
vn -0.4520 0.6029 0.6574
vn 0.2147 0.1409 0.9665
vn -0.0643 0.4383 0.8965
vn 0.0997 0.1067 0.9893
vn 0.0692 0.1248 0.9898
vn 0.0622 0.1032 0.9927
vn 0.0898 0.1175 0.9890
vn 0.3343 0.0594 0.9406
vn 0.5241 -0.7659 -0.3723
vn 0.5561 -0.6389 -0.5316
vn 0.4719 -0.8060 -0.3572
vn 0.4731 -0.6654 -0.5774
vn 0.5284 -0.7721 -0.3530
vn 0.5439 -0.7313 -0.4115
vn 0.6847 -0.7279 0.0362
vn 0.7446 -0.6329 -0.2121
vn 0.6272 -0.6710 -0.3955
vn 0.4428 -0.8291 -0.3415
vn 0.6669 -0.5322 -0.5216
vn 0.6081 -0.4275 -0.6689
vn 0.5818 -0.5268 -0.6196
vn 0.6365 -0.6901 -0.3443
vn 0.4223 -0.5822 -0.6947
vn 0.3504 -0.6698 -0.6547
vn 0.5001 -0.5395 -0.6774
vn 0.4353 -0.4980 -0.7500
vn 0.5269 -0.4412 -0.7265
vn 0.5518 -0.5327 -0.6417
vn 0.6171 -0.7795 0.1075
vn 0.3654 -0.8345 -0.4125
vn 0.3147 -0.8226 -0.4736
vn 0.6495 -0.7541 -0.0973
vn 0.6819 -0.4648 -0.5648
vn 0.6706 -0.5516 -0.4960
vn 0.7444 -0.5472 -0.3828
vn 0.6802 -0.6770 -0.2811
vn 0.3808 -0.8722 -0.3071
vn 0.2364 -0.8476 -0.4751
vn 0.2504 -0.7716 -0.5848
vn 0.3975 -0.7633 -0.5092
vn 0.5763 -0.6938 -0.4319
vn 0.5645 -0.7919 -0.2329
vn 0.7646 -0.6414 -0.0637
vn 0.6301 -0.6870 0.3620
vn 0.6288 -0.7768 0.0354
vn 0.4876 -0.7750 0.4020
vn 0.2446 -0.9684 -0.0496
vn 0.4165 -0.9035 0.1014
vn 0.6317 -0.7441 -0.2173
vn 0.3124 -0.8738 -0.3727
vn 0.2449 -0.9376 -0.2470
vn 0.3599 -0.9317 -0.0490
vn 0.2995 -0.9180 0.2601
vn 0.2163 -0.9728 0.0828
vn 0.5041 -0.8622 0.0496
vn 0.3979 -0.8420 0.3642
vn -0.0590 -0.9550 0.2908
vn -0.4189 -0.8271 0.3747
vn -0.0801 -0.9254 0.3703
vn -0.4917 -0.6634 0.5640
vn -0.7419 -0.5993 0.3008
vn -0.6190 -0.7266 0.2982
vn 0.3588 -0.6171 0.7003
vn 0.2968 -0.6599 0.6902
vn 0.0652 -0.3872 0.9197
vn -0.0546 -0.4451 0.8938
vn -0.2749 -0.4295 0.8602
vn -0.2561 -0.4867 0.8352
vn 0.0057 -0.8272 0.5618
vn 0.0560 -0.7502 0.6588
vn 0.1646 -0.7239 0.6699
vn -0.3036 -0.5086 0.8057
vn -0.8960 -0.4036 0.1851
vn -0.7465 -0.3540 0.5634
vn -0.8880 -0.1021 0.4483
vn -0.9727 -0.2120 0.0942
vn -0.5623 0.1006 0.8208
vn -0.3678 -0.1784 0.9126
vn -0.2158 -0.0789 0.9732
vn -0.4239 0.2116 0.8806
vn -0.4313 -0.1480 0.8900
vn -0.6019 0.0743 0.7951
vn -0.4650 -0.1524 0.8721
vn -0.5632 0.0296 0.8258
vn -0.5984 -0.2914 0.7464
vn -0.6993 -0.0454 0.7134
vn -0.5859 0.0787 0.8066
vn -0.8651 -0.0063 0.5016
vn -0.8696 0.1570 0.4682
vn -0.4799 0.1559 0.8634
vn -0.9844 -0.0750 0.1594
vn -0.9737 0.1093 0.1999
vn -0.6424 0.6336 0.4310
vn -0.6402 0.3918 0.6608
vn -0.5415 0.5089 0.6692
vn -0.5683 0.7219 0.3949
vn -0.9925 -0.1079 0.0576
vn -0.9623 0.0435 0.2683
vn -0.8142 0.4864 0.3170
vn -0.5376 0.4987 0.6799
vn -0.8758 0.3562 0.3257
vn -0.7519 0.5003 0.4294
vn -0.7380 0.6141 0.2797
vn -0.0294 0.1945 0.9805
vn -0.1336 0.2968 0.9455
vn -0.5723 0.7948 0.2018
vn -0.6118 0.7467 0.2609
vn -0.4811 0.7651 0.4279
vn -0.6903 0.5592 0.4592
vn -0.6841 0.6746 0.2774
vn -0.2801 0.6109 0.7405
vn -0.7135 0.2872 0.6391
vn -0.6957 0.2655 0.6675
vn -0.7956 0.2198 0.5646
vn -0.0108 0.0900 0.9959
vn -0.2708 0.0174 0.9625
vn -0.0583 0.0085 0.9983
vn -0.0983 0.0036 0.9952
vn -0.2364 0.0300 0.9712
vn -0.5061 0.1204 0.8540
vn -0.4762 0.2242 0.8503
vn -0.1710 0.0862 0.9815
vn -0.1486 0.3605 0.9209
vn -0.1629 0.2259 0.9604
vn 0.1567 -0.0123 0.9876
vn 0.0532 0.1978 0.9788
vn -0.2190 0.1028 0.9703
vn 0.2562 -0.0787 0.9634
vn -0.2552 0.0207 0.9667
vn 0.2820 -0.0989 0.9543
vn -0.3244 -0.0961 0.9410
vn 0.1506 -0.0819 0.9852
vn -0.4990 -0.1733 0.8491
vn -0.4213 -0.1770 0.8895
vn -0.2847 -0.1620 0.9448
vn -0.3822 0.0264 0.9237
vn -0.4914 -0.1000 0.8652
vn -0.4152 0.0926 0.9050
vn -0.4213 0.1063 0.9007
vn -0.3011 0.0892 0.9494
vn 0.0596 -0.0584 0.9965
vn 0.1160 0.0387 0.9925
vn -0.1080 -0.0780 0.9911
vn 0.1148 -0.1180 0.9864
vn -0.0623 0.1246 0.9903
vn 0.3570 -0.0103 0.9341
vn -0.0027 0.0540 0.9985
vn 0.2281 0.0015 0.9736
vn -0.4672 0.2675 0.8427
vn 0.2970 -0.0210 0.9547
vn 0.2368 0.1007 0.9663
vn -0.3827 0.4449 0.8097
vn -0.0252 -0.1196 0.9925
vn -0.5589 -0.0106 0.8292
vn -0.5104 0.1170 0.8519
vn -0.1275 -0.0115 0.9918
vn 0.2957 -0.7476 0.5946
vn 0.0313 -0.6692 0.7424
vn -0.0472 -0.6206 0.7827
vn 0.0912 -0.8390 0.5364
vn -0.5664 -0.5682 0.5969
vn -0.4140 -0.8858 0.2098
vn 0.7037 -0.6910 0.1654
vn 0.4356 -0.6930 0.5744
vn 0.1641 -0.7184 0.6760
vn 0.4724 -0.7710 0.4271
vn 0.7769 -0.5138 0.3639
vn 0.8672 -0.4865 -0.1065
vn 0.9177 -0.3373 -0.2100
vn 0.9286 -0.3050 0.2113
vn 0.8363 -0.4171 0.3559
vn 0.8496 -0.5269 -0.0233
vn 0.6380 -0.7422 0.2051
vn 0.6000 -0.6283 0.4952
vn 0.4618 -0.6619 0.5904
vn 0.5637 -0.7541 0.3370
vn 0.6320 -0.6903 0.3522
vn 0.4289 -0.6367 0.6408
vn 0.5267 -0.6178 0.5838
vn 0.7623 -0.5988 0.2457
vn 0.8503 -0.5101 0.1294
vn 0.7053 -0.5320 0.4686
vn 0.8027 -0.4401 0.4024
vn 0.8354 -0.5324 0.1366
vn 0.7236 -0.6531 0.2232
vn 0.7186 -0.4654 0.5168
vn 0.5840 -0.7497 0.3114
vn 0.5641 -0.4635 0.6834
vn 0.4903 -0.4397 0.7525
vn 0.5459 -0.7694 0.3316
vn 0.5061 -0.4713 0.7224
vn 0.5831 -0.4844 0.6522
vn 0.5424 -0.7809 0.3098
vn 0.5774 -0.7711 0.2684
vn 0.6662 -0.4479 0.5963
vn 0.6311 -0.7325 0.2551
vn 0.7499 -0.3090 0.5849
vn 0.7109 -0.6534 0.2603
vn 0.7799 -0.0775 0.6211
vn 0.7074 0.0629 0.7040
vn 0.8063 -0.5308 0.2611
vn 0.8425 -0.3940 0.3674
vn 0.6153 -0.7117 -0.3390
vn 0.6725 -0.6865 -0.2763
vn 0.5307 -0.4022 -0.7461
vn 0.4815 -0.4406 -0.7576
vn 0.6477 -0.4131 -0.6402
vn 0.7622 -0.5915 -0.2629
vn 0.8346 -0.4776 -0.2746
vn 0.7523 -0.4287 -0.5003
vn 0.8011 -0.4644 -0.3775
vn 0.8586 -0.4573 -0.2317
vn 0.8212 -0.5495 -0.1537
vn 0.7734 -0.5521 -0.3114
vn 0.6820 -0.6699 -0.2935
vn 0.7053 -0.6988 -0.1191
vn 0.5565 -0.8192 -0.1387
vn 0.5474 -0.7812 -0.3002
vn 0.4655 -0.8712 -0.1558
vn 0.4277 -0.8442 -0.3232
vn 0.4214 -0.8938 -0.1531
vn 0.4236 -0.8833 -0.2010
vn 0.3535 -0.8500 -0.3906
vn 0.3225 -0.7970 -0.5106
vn 0.4126 -0.8677 -0.2772
vn 0.3833 -0.8382 -0.3880
vn 0.2600 -0.7318 -0.6300
vn 0.1607 -0.6910 -0.7047
vn 0.3847 -0.7898 -0.4778
vn 0.4562 -0.7784 -0.4313
vn 0.0878 -0.6780 -0.7298
vn 0.0890 -0.7044 -0.7042
vn 0.3438 0.1364 0.9291
vn 0.3727 0.0926 0.9233
vn 0.1337 0.2214 0.9660
vn 0.0212 0.2664 0.9636
vn 0.9178 -0.3518 -0.1842
vn 0.9384 -0.2826 0.1990
vn 0.7299 -0.2924 -0.6178
vn 0.7799 -0.1746 -0.6010
vn 0.9481 -0.1629 -0.2732
vn 0.9863 -0.0443 0.1587
vn 0.6815 0.1263 0.7208
vn 0.6440 -0.0570 0.7629
vn 0.8247 -0.1860 0.5341
vn 0.8668 0.0894 0.4905
vn 0.6862 -0.0847 0.7225
vn 0.2253 0.1441 0.9636
vn 0.1251 0.3280 0.9364
vn 0.2621 0.6259 0.7345
vn 0.0124 0.7865 0.6174
vn 0.1026 0.4565 0.8838
vn 0.4240 0.1787 0.8879
vn 0.4411 0.4637 0.7684
vn 0.1273 0.9370 -0.3253
vn 0.0655 0.9753 0.2109
vn 0.6271 0.6246 0.4654
vn 0.8106 0.5855 -0.0133
vn 0.7332 0.3203 -0.5999
vn 0.4743 0.0736 -0.8773
vn 0.0584 0.6065 -0.7930
vn 0.0473 0.3028 -0.9519
vn 0.8515 -0.1527 -0.5016
vn 0.6264 -0.2010 -0.7531
vn 0.9890 -0.0602 0.1352
vn 0.8979 0.4340 0.0740
vn 0.7766 0.1800 -0.6037
vn 0.4655 0.0810 -0.8813
vn 0.6567 0.2849 0.6982
vn 0.4814 0.6016 0.6375
vn 0.5112 0.2998 0.8055
vn 0.2580 0.4474 0.8563
vn 0.5269 0.1990 0.8263
vn 0.3378 0.2711 0.9013
vn 0.6072 0.0639 0.7920
vn 0.5342 0.0561 0.8435
vn 0.6697 -0.0337 0.7419
vn 0.6667 -0.1315 0.7337
vn 0.7945 -0.2920 0.5324
vn 0.7880 -0.3984 0.4695
vn 0.6399 -0.7399 -0.2077
vn 0.2104 -0.7527 -0.6238
vn 0.2995 -0.7622 -0.5738
vn 0.6766 -0.7209 -0.1502
vn 0.7182 -0.5586 -0.4149
vn 0.9159 -0.3014 0.2650
vn 0.3813 -0.5866 -0.7145
vn 0.3260 -0.1275 -0.9367
vn 0.6081 0.0723 -0.7905
vn 0.9524 0.2176 -0.2136
vn 0.7661 0.1407 0.6271
vn 0.5431 0.4318 0.7202
vn 0.7234 0.6880 -0.0568
vn 0.4220 0.9048 0.0564
vn 0.3931 0.5796 -0.7138
vn 0.1475 0.8042 -0.5758
vn 0.1496 0.3158 -0.9370
vn 0.0067 0.5847 -0.8112
vn 0.2525 0.6209 0.7421
vn 0.0833 0.9889 0.1227
vn -0.1560 0.9755 0.1551
vn 0.0497 0.7257 0.6863
vn 0.2159 -0.5996 -0.7707
vn 0.0962 -0.2699 -0.9581
vn 0.1881 -0.7191 -0.6690
vn -0.0152 -0.4317 -0.9019
vn -0.1268 0.8628 -0.4894
vn -0.2768 0.8784 -0.3897
vn -0.1941 0.5613 -0.8045
vn -0.3187 0.5569 -0.7670
vn -0.0894 0.1858 -0.9785
vn -0.2573 0.1189 -0.9590
vn 0.8836 -0.3553 -0.3049
vn 0.9125 -0.3955 0.1044
vn 0.7957 -0.5840 0.1608
vn 0.7823 -0.5703 -0.2505
vn 0.4077 -0.4741 -0.7804
vn 0.5467 -0.5743 -0.6093
vn 0.5559 -0.5715 -0.6037
vn 0.4309 -0.4631 -0.7745
vn 0.6031 -0.4909 -0.6288
vn 0.5188 -0.4091 -0.7506
vn 0.4791 -0.4209 -0.7702
vn 0.5890 -0.5252 -0.6142
vn -0.0305 -0.1149 0.9929
vn 0.6231 -0.3384 0.7052
vn 0.5019 -0.5323 0.6817
vn -0.0248 -0.2450 0.9692
vn 0.6968 -0.6862 -0.2088
vn 0.6984 -0.6843 0.2097
vn 0.7124 -0.6280 0.3133
vn 0.7182 -0.6555 -0.2333
vn 0.7516 -0.6068 -0.2586
vn 0.7502 -0.5427 0.3777
vn 0.8277 -0.4520 0.3326
vn 0.7951 -0.5474 -0.2612
vn 0.0510 -0.2479 0.9674
vn 0.3843 -0.5600 0.7340
vn 0.3690 -0.3933 0.8421
vn 0.1887 -0.1668 0.9678
vn -0.0177 -0.0272 0.9995
vn 0.1150 -0.0803 0.9901
vn 0.4082 -0.0086 0.9129
vn 0.5105 -0.0547 0.8581
vn 0.3995 -0.2017 0.8943
vn 0.5477 -0.0653 0.8341
vn 0.2789 -0.0218 0.9601
vn 0.3406 0.1719 0.9244
vn 0.9419 -0.2906 -0.1684
vn 0.8200 -0.0957 0.5643
vn 0.8171 -0.1496 0.5567
vn 0.9282 -0.3717 -0.0190
vn 0.2673 -0.0811 0.9602
vn 0.3932 -0.0948 0.9145
vn 0.5844 -0.0690 0.8085
vn 0.6290 -0.0859 0.7726
vn 0.4561 -0.0005 0.8899
vn 0.4533 0.1647 0.8760
vn 0.6582 -0.0140 0.7527
vn 0.6755 0.1405 0.7239
vn 0.6099 -0.4040 -0.6817
vn 0.6245 -0.3681 -0.6889
vn 0.6551 -0.5840 -0.4793
vn 0.6507 -0.4754 -0.5921
vn 0.8034 -0.1661 0.5718
vn 0.7869 -0.1442 0.6000
vn 0.9313 -0.3399 0.1307
vn 0.9291 -0.2816 0.2397
vn 0.9558 -0.0510 0.2895
vn 0.7983 -0.0217 0.6019
vn 0.8199 0.1578 0.5503
vn 0.9464 0.1776 0.2697
vn 0.8934 -0.4486 -0.0255
vn 0.7540 -0.6410 0.1436
vn 0.8422 -0.3972 0.3646
vn 0.7240 -0.6053 0.3309
vn 0.7580 -0.4747 -0.4473
vn 0.7282 -0.6146 -0.3034
vn 0.8654 -0.4600 -0.1987
vn 0.8760 -0.3631 -0.3176
vn 0.9807 -0.1041 -0.1655
vn 0.9901 0.1093 0.0878
vn 0.9749 -0.2207 0.0299
vn 0.9061 -0.0489 0.4202
vn 0.7475 -0.6235 0.2292
vn 0.8226 -0.4759 0.3112
vn 0.7319 -0.6010 0.3210
vn 0.7910 -0.4878 0.3693
vn 0.8509 -0.3009 0.4305
vn 0.7828 -0.1852 0.5941
vn 0.8219 -0.3696 0.4335
vn 0.8062 -0.2787 0.5218
vn 0.2566 -0.3776 0.8897
vn 0.2373 -0.5908 0.7711
vn 0.2625 -0.0617 0.9630
vn 0.6736 -0.3899 0.6279
vn 0.6320 -0.5705 0.5245
vn 0.6309 -0.7272 0.2704
vn 0.7288 -0.1386 0.6705
vn 0.2775 0.1612 0.9471
vn 0.3528 0.1459 0.9243
vn 0.7362 0.1329 0.6636
vn 0.8852 -0.2024 0.4188
vn 0.8821 -0.3667 0.2957
vn 0.8539 0.0441 0.5185
vn 0.6710 -0.1002 0.7347
vn 0.7277 -0.2841 0.6242
vn 0.7584 -0.4292 0.4905
vn 0.3733 0.0391 0.9269
vn 0.3081 -0.0303 0.9509
vn 0.6139 0.1963 0.7646
vn 0.6904 0.2665 0.6726
vn 0.2582 -0.1051 0.9604
vn 0.4414 -0.1924 0.8764
vn 0.8045 0.2475 0.5399
vn 0.7572 0.3429 0.5559
vn 0.5812 0.2031 0.7880
vn 0.6241 0.0814 0.7771
vn 0.5526 0.0257 0.8331
vn 0.6846 0.0816 0.7243
vn 0.5121 -0.3326 0.7919
vn 0.3612 -0.2353 0.9023
vn 0.6983 0.3490 0.6250
vn 0.6008 0.2862 0.7464
vn 0.4257 0.2290 0.8754
vn 0.5231 0.2565 0.8128
vn 0.2202 -0.0530 0.9740
vn 0.3886 0.1342 0.9116
vn 0.1556 0.0611 0.9859
vn 0.2843 0.1908 0.9396
vn 0.1783 -0.4757 0.8613
vn 0.1519 -0.5733 0.8051
vn 0.5099 -0.6095 0.6070
vn 0.5355 -0.4764 0.6973
vn 0.4506 -0.6776 0.5812
vn 0.1385 -0.6245 0.7687
vn 0.6824 -0.6396 0.3539
vn 0.7392 -0.5534 0.3839
vn 0.2010 -0.2270 0.9529
vn 0.2024 -0.3414 0.9179
vn 0.5145 -0.3203 0.7954
vn 0.4629 -0.1777 0.8684
vn 0.1265 -0.1123 0.9856
vn 0.1776 -0.1405 0.9740
vn 0.4123 -0.0603 0.9091
vn 0.3720 0.0192 0.9280
vn 0.0553 -0.1146 0.9919
vn 0.3116 0.0785 0.9470
vn 0.2170 0.0898 0.9720
vn 0.0138 -0.1570 0.9875
vn -0.2971 -0.3573 0.8855
vn -0.2515 -0.4067 0.8783
vn -0.3089 -0.3273 0.8930
vn -0.5918 -0.1413 0.7936
vn -0.5721 -0.1101 0.8128
vn -0.5326 -0.1348 0.8356
vn -0.2827 -0.3033 0.9100
vn -0.2548 -0.2776 0.9263
vn -0.6044 -0.2227 0.7649
vn -0.5979 -0.1933 0.7779
vn -0.2709 -0.2469 0.9304
vn -0.3058 -0.2930 0.9059
vn -0.6163 -0.3589 0.7010
vn -0.6040 -0.2655 0.7515
vn -0.2563 -0.5526 0.7931
vn -0.3369 -0.3788 0.8620
vn -0.5906 -0.5035 0.6306
vn -0.4513 -0.7302 0.5129
vn -0.0836 -0.7028 0.7065
vn -0.2897 -0.9062 0.3080
vn 0.0860 -0.2255 0.9704
vn 0.2103 -0.3382 0.9173
vn 0.1122 -0.8560 0.5047
vn -0.0852 -0.9959 0.0288
vn 0.3346 -0.9260 0.1746
vn 0.1922 -0.9459 -0.2614
vn 0.3441 -0.5433 0.7658
vn 0.5003 -0.6722 0.5458
vn 0.5734 -0.8154 -0.0793
vn 0.4934 -0.7643 -0.4152
vn 0.5811 -0.6748 0.4549
vn 0.8492 -0.5103 -0.1360
vn 0.7533 -0.6389 -0.1562
vn 0.5981 -0.6673 0.4438
vn 0.8470 -0.3565 -0.3944
vn 0.7168 -0.5537 -0.4238
vn 0.8697 -0.4811 -0.1100
vn 0.8961 -0.2711 -0.3513
vn 0.5583 -0.7168 0.4178
vn 0.6475 -0.7016 0.2974
vn 0.8929 -0.4398 -0.0967
vn 0.9411 -0.2411 -0.2372
vn 0.9259 -0.3608 0.1118
vn 0.7706 -0.2781 0.5735
vn 0.8288 -0.0757 0.5544
vn 0.9881 -0.1411 0.0613
vn 0.7471 -0.6116 0.2604
vn 0.6700 -0.5326 0.5171
vn 0.3942 -0.2422 0.8865
vn -0.0088 -0.1732 0.9848
vn 0.3086 -0.4787 0.8219
vn -0.0199 -0.3526 0.9356
vn 0.0120 0.0141 0.9998
vn 0.4331 -0.0257 0.9010
vn -0.3084 -0.3385 0.8890
vn -0.3691 -0.1304 0.9202
vn -0.3675 -0.4454 0.8165
vn -0.5088 -0.1607 0.8457
vn -0.3604 0.0471 0.9316
vn -0.5701 0.0492 0.8201
vn -0.4637 -0.2414 0.8525
vn -0.6217 0.0007 0.7832
vn -0.2009 -0.5401 0.8173
vn -0.0102 -0.5904 0.8071
vn -0.3410 -0.3574 0.8695
vn -0.5874 -0.0914 0.8041
vn 0.0920 -0.6288 0.7721
vn -0.2578 -0.4148 0.8726
vn -0.5387 -0.1489 0.8292
vn 0.0180 -0.9156 -0.4017
vn -0.1483 -0.9114 -0.3838
vn -0.4831 -0.8686 -0.1097
vn -0.2940 -0.9482 -0.1202
vn 0.4255 -0.7427 -0.5171
vn 0.3756 -0.7706 -0.5148
vn 0.6869 -0.5384 -0.4882
vn 0.8288 -0.3579 -0.4301
vn 0.8165 -0.3771 -0.4372
vn 0.6656 -0.5501 -0.5044
vn 0.8961 -0.2398 -0.3736
vn 0.8956 -0.2511 -0.3672
vn 0.9538 -0.1643 -0.2516
vn 0.9695 -0.1424 -0.1997
vn 0.9969 -0.0505 0.0602
vn 0.8368 0.0874 0.5405
vn 0.7970 0.1460 0.5860
vn 0.9877 -0.0350 0.1523
vn 0.4552 0.1615 0.8756
vn 0.0373 0.1738 0.9841
vn -0.0090 0.2890 0.9573
vn 0.4126 0.2700 0.8700
vn -0.3475 0.1690 0.9223
vn -0.5875 0.1535 0.7946
vn -0.6056 0.2088 0.7679
vn -0.3767 0.2536 0.8909
vn -0.6789 0.0489 0.7326
vn -0.6996 0.0688 0.7112
vn -0.6756 0.0687 0.7341
vn -0.7211 0.1604 0.6740
vn -0.7248 0.1527 0.6719
vn -0.7398 0.1381 0.6585
vn -0.6864 0.1104 0.7188
vn -0.7162 0.1620 0.6788
vn 0.6369 -0.6525 -0.4107
vn 0.2996 -0.9011 -0.3135
vn 0.8139 -0.4384 -0.3813
vn 0.5640 -0.8187 -0.1082
vn 0.7833 -0.6182 -0.0654
vn 0.1566 -0.9860 0.0568
vn 0.9073 -0.3080 -0.2862
vn 0.8883 -0.4574 0.0424
vn 0.9841 -0.1775 -0.0034
vn 0.8869 -0.3017 0.3497
vn 0.9333 -0.0382 0.3571
vn 0.6881 0.1491 0.7101
vn 0.5047 0.0753 0.8600
vn 0.7975 -0.1169 0.5918
vn 0.2901 0.2903 0.9119
vn -0.1268 0.3209 0.9386
vn -0.2792 0.2590 0.9246
vn 0.1353 0.2216 0.9657
vn -0.4559 0.2834 0.8437
vn -0.6454 0.2225 0.7307
vn -0.6841 0.1899 0.7042
vn -0.5458 0.2398 0.8029
vn -0.7371 0.1751 0.6527
vn -0.7343 0.1727 0.6565
vn -0.7481 0.1797 0.6388
vn -0.7322 0.1859 0.6553
vn -0.7164 -0.0125 0.6976
vn -0.7239 -0.1059 0.6817
vn -0.7200 -0.1548 0.6765
vn -0.7708 -0.1282 0.6240
vn -0.7723 -0.0692 0.6314
vn -0.7538 0.0329 0.6563
vn -0.2596 -0.3386 0.9044
vn -0.6649 0.0605 0.7445
vn -0.6934 0.1230 0.7099
vn -0.6625 0.0684 0.7459
vn 0.4712 -0.4729 0.7446
vn 0.4952 -0.2906 0.8187
vn 0.1448 -0.1680 0.9751
vn -0.7343 -0.2199 0.6423
vn -0.7780 -0.1608 0.6073
vn -0.7313 -0.3287 0.5976
vn -0.7934 -0.2563 0.5521
vn -0.0096 -0.7681 0.6403
vn 0.3947 -0.8250 0.4044
vn 0.4353 -0.7217 0.5382
vn 0.6644 -0.5935 0.4542
vn -0.0565 0.0495 0.9972
vn -0.4124 0.0463 0.9098
vn -0.5821 0.1285 0.8029
vn -0.7384 0.1973 0.6449
vn -0.7407 0.1880 0.6450
vn -0.7410 0.1807 0.6468
vn -0.7499 0.1596 0.6420
vn -0.7021 0.1217 0.7016
vn -0.6903 0.0902 0.7179
vn -0.3887 -0.8813 0.2688
vn -0.3563 -0.6408 0.6800
vn -0.6502 -0.2731 0.7089
vn -0.7908 -0.4127 0.4520
vn -0.6901 0.0580 0.7214
vn -0.7297 0.1225 0.6727
vn -0.8007 -0.0846 0.5931
vn -0.7796 0.0394 0.6251
vn -0.8169 -0.1499 0.5570
vn -0.8070 -0.0357 0.5895
vn -0.7824 0.0809 0.6175
vn -0.7599 0.1203 0.6388
vn -0.6869 -0.5042 0.5234
vn -0.7860 -0.4336 0.4407
vn -0.6154 -0.7017 0.3591
vn -0.7577 -0.5505 0.3504
vn -0.6503 -0.7500 0.1212
vn -0.4615 -0.8806 0.1079
vn -0.8345 -0.2723 0.4790
vn -0.8321 -0.1235 0.5408
vn -0.8437 -0.4006 0.3574
vn -0.7908 -0.5882 0.1692
vn -0.6718 -0.7356 0.0872
vn -0.2736 -0.9502 -0.1490
vn -0.7880 0.0204 0.6154
vn 0.8610 -0.4813 0.1646
vn 0.8298 -0.5565 0.0415
vn 0.3612 -0.6936 0.6233
vn 0.2380 -0.6838 0.6898
vn 0.6321 -0.6723 0.3854
vn 0.5351 -0.7428 0.4023
vn 0.0369 -0.7230 0.6899
vn 0.3136 -0.8623 0.3976
vn -0.1846 -0.6776 0.7119
vn 0.0286 -0.8834 0.4677
vn -0.2094 -0.5650 0.7981
vn -0.1232 -0.7959 0.5928
vn -0.0253 -0.5501 0.8347
vn -0.1070 -0.7642 0.6361
vn 0.2530 -0.6277 0.7362
vn 0.1274 -0.8050 0.5794
vn 0.5099 -0.7059 0.4916
vn 0.3364 -0.7922 0.5091
vn -0.4210 -0.8788 0.2248
vn -0.0646 -0.9032 0.4243
vn 0.1125 -0.9465 0.3026
vn -0.3102 -0.9500 0.0344
vn -0.2035 -0.8069 0.5545
vn -0.4973 -0.7785 0.3829
vn 0.4740 -0.7270 0.4968
vn 0.3172 -0.6898 0.6508
vn 0.3212 -0.7111 0.6254
vn 0.1329 -0.5980 0.7904
vn 0.1949 -0.6673 0.7189
vn -0.0506 -0.5208 0.8522
vn 0.2227 -0.5766 0.7861
vn -0.0545 -0.3864 0.9207
vn 0.3133 -0.4743 0.8227
vn 0.0699 -0.1951 0.9783
vn 0.3267 -0.3197 0.8894
vn 0.1485 0.0580 0.9872
vn 0.1839 0.0460 0.9819
vn 0.2895 0.1902 0.9381
vn 0.2068 0.2285 0.9513
vn 0.2343 -0.0137 0.9721
vn 0.2636 0.3043 0.9154
vn 0.4079 0.2868 0.8668
vn 0.2827 -0.1279 0.9506
vn 0.1624 0.1744 0.9712
vn -0.1042 0.4325 0.8956
vn 0.0402 0.2516 0.9670
vn 0.1022 0.3096 0.9454
vn -0.0519 0.4576 0.8877
vn 0.0944 0.3746 0.9224
vn 0.0711 0.3884 0.9187
vn -0.0122 0.4613 0.8871
vn -0.0023 0.4481 0.8940
vn -0.1192 0.4788 0.8698
vn -0.0687 0.5245 0.8486
vn -0.0061 0.3993 0.9168
vn -0.0383 0.4986 0.8660
vn -0.0648 0.4996 0.8638
vn -0.0584 0.4566 0.8878
vn -0.0894 0.4751 0.8754
vn -0.1267 0.4509 0.8835
vn 0.0202 0.3790 0.9252
vn -0.0546 0.3628 0.9303
vn -0.1504 0.1181 0.9815
vn -0.0234 0.2458 0.9690
vn 0.0347 -0.2709 0.9620
vn -0.2286 -0.1992 0.9529
vn -0.1328 -0.3949 0.9091
vn 0.1064 -0.4537 0.8848
vn 0.0787 -0.5171 0.8523
vn 0.0557 -0.5046 0.8615
vn 0.0839 -0.5714 0.8164
vn 0.0022 -0.6892 0.7246
vn -0.1777 -0.4925 0.8520
vn -0.5760 -0.4915 0.6532
vn -0.4938 -0.7831 0.3779
vn -0.0179 -0.8578 0.5136
vn -0.0364 -0.4889 0.8716
vn -0.3025 -0.4523 0.8390
vn -0.3862 -0.3836 0.8389
vn -0.2017 -0.4153 0.8871
vn -0.5840 -0.3284 0.7424
vn -0.5815 -0.3996 0.7086
vn 0.1802 -0.4704 0.8639
vn -0.0920 -0.3763 0.9219
vn 0.2928 -0.3241 0.8996
vn 0.1478 -0.2923 0.9448
vn -0.3667 -0.3126 0.8763
vn -0.3115 -0.2741 0.9098
vn -0.5789 -0.2136 0.7869
vn -0.5825 -0.2627 0.7692
vn 0.2723 0.3591 0.8927
vn 0.7002 0.2831 0.6554
vn 0.6572 -0.0719 0.7503
vn 0.4525 0.0671 0.8892
vn -0.2953 -0.2651 0.9179
vn -0.5834 -0.2119 0.7840
vn 0.1847 -0.2251 0.9567
vn 0.2747 -0.1341 0.9521
vn -0.2666 -0.3124 0.9118
vn -0.6096 -0.3120 0.7287
vn 0.3213 0.1014 0.9415
vn -0.1388 -0.3130 0.9395
vn -0.3956 0.6274 0.6707
vn -0.4538 -0.4664 0.7593
vn -0.3934 -0.4664 0.7923
vn -0.0894 0.1160 0.9892
vn 0.8560 0.2523 0.4512
vn 0.7511 0.4721 0.4615
vn 0.7936 0.6083 -0.0107
vn 0.8247 0.5155 0.2328
vn 0.3774 0.9023 -0.2084
vn 0.1316 0.9678 0.2144
vn 0.7916 0.0420 0.6096
vn 0.8385 0.3261 0.4365
vn 0.6667 0.7378 0.1054
vn 0.6742 0.7082 -0.2097
vn 0.3925 0.8951 -0.2114
vn 0.5766 0.7529 -0.3174
vn 0.6167 0.7388 -0.2718
vn 0.6221 0.7350 0.2699
vn 0.2401 0.6162 0.7501
vn -0.1796 0.7951 0.5792
vn 0.4485 0.4708 0.7597
vn 0.1839 0.0456 0.9819
vn -0.0836 0.0815 0.9932
vn -0.4755 0.2019 0.8562
vn 0.4616 0.8280 0.3184
vn 0.3443 0.5129 0.7864
vn 0.1632 0.5945 0.7873
vn 0.2726 0.9030 0.3321
vn -0.0631 0.8661 0.4958
vn -0.0288 0.8795 0.4750
vn -0.0127 0.1615 0.9868
vn 0.1737 -0.2495 0.9527
vn 0.2397 -0.0776 0.9677
vn 0.1179 0.5403 0.8332
vn -0.5327 0.0369 0.8455
vn -0.0027 -0.1529 0.9882
vn -0.3568 0.4958 0.7918
vn 0.2068 -0.2461 0.9469
vn 0.4317 0.5730 0.6967
vn 0.6657 0.5541 0.4998
vn 0.3983 -0.0442 0.9162
vn 0.6553 0.0755 0.7516
vn 0.5374 0.4858 0.6893
vn 0.7117 0.1675 0.6822
vn 0.2026 -0.2972 0.9331
vn 0.2283 -0.2823 0.9318
vn 0.2039 -0.2812 0.9377
vn 0.2685 -0.2538 0.9293
vn 0.5565 -0.2826 0.7813
vn 0.6946 -0.2451 0.6764
vn 0.7532 -0.0926 0.6513
vn 0.6390 -0.1480 0.7549
vn 0.2330 -0.2642 0.9359
vn 0.0235 -0.2058 0.9783
vn 0.0386 -0.2448 0.9688
vn 0.2399 -0.2835 0.9285
vn -0.5560 -0.0527 0.8295
vn -0.5669 -0.0985 0.8179
vn 0.1948 -0.2819 0.9395
vn 0.2277 -0.2772 0.9334
vn 0.2699 -0.2572 0.9279
vn 0.2021 -0.2761 0.9396
vn 0.2373 -0.2762 0.9313
vn 0.2337 -0.2861 0.9293
vn 0.2534 -0.2231 0.9413
vn 0.2472 -0.2756 0.9289
vn 0.0423 -0.2420 0.9694
vn 0.0459 -0.1748 0.9835
vn -0.5628 -0.0910 0.8216
vn -0.5265 -0.0166 0.8500
vn 0.4502 -0.3497 0.8216
vn 0.3689 -0.1432 0.9184
vn 0.5399 -0.3263 0.7759
vn 0.4728 -0.3721 0.7987
vn -0.5184 0.0716 0.8522
vn 0.0134 -0.0704 0.9974
vn 0.2605 -0.1211 0.9579
vn 0.0814 0.4347 0.8969
vn 0.3954 0.3643 0.8432
vn 0.1168 0.3823 0.9166
vn 0.3617 0.1217 0.9243
vn 0.2761 -0.2479 0.9286
vn 0.3064 -0.3086 0.9005
vn 0.2253 -0.2976 0.9277
vn 0.2090 -0.2792 0.9372
vn 0.4366 -0.1294 0.8903
vn 0.2091 0.1746 0.9622
vn 0.3891 -0.2447 0.8881
vn 0.3976 -0.1491 0.9054
vn 0.5363 0.3385 0.7732
vn 0.3309 0.0538 0.9421
vn 0.2814 -0.2281 0.9321
vn 0.3221 -0.1120 0.9401
vn 0.2438 -0.2786 0.9289
vn 0.2706 -0.8256 0.4952
vn 0.3912 -0.9200 0.0226
vn 0.4383 -0.8357 0.3309
vn 0.5191 -0.8503 0.0866
vn 0.4932 -0.8062 -0.3269
vn 0.5140 -0.6987 -0.4976
vn 0.5703 -0.7656 -0.2976
vn 0.5220 -0.6944 -0.4954
vn 0.8232 -0.5611 -0.0866
vn 0.8638 -0.4927 -0.1054
vn 0.7808 -0.6229 -0.0489
vn 0.8270 -0.5353 -0.1718
vn 0.5619 -0.8268 0.0255
vn 0.6852 -0.6886 -0.2374
vn 0.2498 -0.9601 0.1255
vn 0.4429 -0.8673 -0.2272
vn -0.0177 -0.9670 0.2543
vn 0.1005 -0.9846 -0.1433
vn -0.1220 -0.9430 0.3096
vn -0.2181 -0.9660 -0.1388
vn -0.2137 -0.8972 0.3866
vn -0.3915 -0.9060 0.1607
vn 0.6969 -0.7081 0.1136
vn 0.6721 -0.7318 -0.1133
vn 0.7855 -0.5752 -0.2283
vn 0.7050 -0.5692 -0.4232
vn 0.6234 -0.6374 -0.4529
vn 0.5368 -0.5849 -0.6081
vn 0.5861 -0.5099 -0.6297
vn 0.5000 -0.5040 -0.7043
vn 0.6983 -0.5440 -0.4652
vn 0.6267 -0.4563 -0.6316
vn 0.5846 -0.5800 -0.5673
vn 0.5801 -0.3808 -0.7200
vn 0.3940 -0.4232 -0.8159
vn 0.4731 -0.3983 -0.7858
vn 0.3354 -0.7385 -0.5849
vn 0.1258 -0.7993 -0.5877
vn 0.4746 -0.6071 -0.6373
vn 0.4416 -0.5519 -0.7074
vn 0.4246 -0.5767 -0.6979
vn 0.4468 -0.6236 -0.6415
vn 0.4225 -0.6041 -0.6757
vn 0.4454 -0.5435 -0.7114
vn 0.4426 -0.4971 -0.7463
vn 0.3716 -0.5878 -0.7187
vn 0.3054 -0.5438 -0.7816
vn 0.2778 -0.4442 -0.8518
vn 0.4262 -0.4022 -0.8103
vn 0.3884 -0.3303 -0.8603
vn 0.3121 -0.2017 -0.9284
vn 0.3041 -0.1856 -0.9344
vn 0.3038 -0.2315 -0.9242
vn 0.3641 -0.1444 -0.9201
vn 0.3520 -0.1338 -0.9264
vn 0.3106 -0.1782 -0.9337
vn 0.2820 -0.1919 -0.9400
vn 0.2130 -0.2975 -0.9307
vn 0.2273 -0.3362 -0.9140
vn 0.0935 -0.5298 -0.8429
vn 0.0661 -0.8502 -0.5223
vn -0.0013 -0.7414 -0.6711
vn 0.1161 -0.6052 -0.7875
vn 0.1702 -0.7548 -0.6334
vn 0.3031 -0.3654 -0.8801
vn 0.3630 -0.4838 -0.7964
vn 0.1178 -0.4544 -0.8830
vn -0.0105 -0.6630 -0.7486
vn -0.0262 -0.7319 -0.6809
vn 0.0791 -0.5587 -0.8256
vn -0.0491 -0.8088 -0.5860
vn -0.0395 -0.8253 -0.5633
vn 0.0352 -0.8728 -0.4868
vn 0.0402 -0.8687 -0.4937
vn 0.1521 -0.5989 -0.7862
vn 0.0209 -0.7534 -0.6573
vn 0.0602 -0.7864 -0.6148
vn 0.1984 -0.6683 -0.7169
vn -0.0187 -0.8310 -0.5559
vn 0.0213 -0.8820 -0.4707
vn -0.0157 -0.9052 -0.4247
vn -0.0018 -0.8470 -0.5316
vn 0.1038 -0.8552 -0.5078
vn 0.0012 -0.8718 -0.4899
vn -0.2851 -0.9463 -0.1526
vn -0.1095 -0.9939 -0.0117
vn 0.2730 -0.3713 -0.8875
vn 0.2684 -0.3289 -0.9054
vn 0.3554 -0.2972 -0.8862
vn 0.3477 -0.2506 -0.9035
vn 0.2763 -0.2851 -0.9178
vn 0.3557 -0.1923 -0.9146
vn 0.4168 -0.1890 -0.8891
vn 0.4603 -0.1265 -0.8787
vn 0.5107 -0.1298 -0.8499
vn 0.4791 -0.2267 -0.8480
vn 0.4024 -0.4066 -0.8202
vn 0.4655 -0.2619 -0.8454
vn 0.5084 -0.3181 -0.8002
vn 0.4872 -0.4524 -0.7470
vn 0.4784 -0.2664 -0.8368
vn 0.4788 -0.2267 -0.8481
vn 0.4465 -0.2595 -0.8563
vn 0.4513 -0.2050 -0.8685
vn 0.4741 -0.2380 -0.8477
vn 0.4919 -0.1887 -0.8500
vn 0.4642 -0.1438 -0.8740
vn 0.5099 -0.1322 -0.8500
vn 0.4088 -0.5374 -0.7377
vn 0.3821 -0.5895 -0.7117
vn 0.4783 -0.4658 -0.7445
vn 0.4605 -0.4334 -0.7747
vn 0.3768 -0.5238 -0.7640
vn 0.3076 -0.5760 -0.7574
vn 0.5426 -0.4279 -0.7228
vn 0.5286 -0.3768 -0.7606
vn 0.4872 -0.3455 -0.8020
vn 0.4360 -0.3337 -0.8358
vn 0.4120 -0.3870 -0.8249
vn 0.4525 -0.3980 -0.7980
vn 0.4054 -0.4537 -0.7936
vn 0.3564 -0.4945 -0.7927
vn 0.4338 -0.5509 -0.7130
vn 0.3327 -0.5356 -0.7762
vn -0.5021 0.6159 0.6071
vn -0.3657 0.3908 0.8447
vn -0.4481 0.3328 0.8298
vn -0.5906 0.5190 0.6180
vn -0.4460 0.2723 0.8526
vn -0.5945 0.5223 0.6114
vn -0.3881 0.2882 0.8754
vn -0.3608 0.3354 0.8702
vn -0.5336 0.5717 0.6232
vn -0.5529 0.5609 0.6162
vn -0.3545 0.3858 0.8517
vn -0.3624 0.4071 0.8384
vn -0.5298 0.5499 0.6456
vn -0.5349 0.5639 0.6292
vn -0.4201 0.3614 0.8324
vn -0.5006 0.3409 0.7957
vn -0.5940 0.4835 0.6429
vn -0.6537 0.3923 0.6471
vn -0.1971 0.7226 0.6626
vn -0.4191 0.3727 0.8279
vn -0.3445 0.3716 0.8621
vn -0.3357 0.7071 0.6224
vn -0.0311 0.8739 0.4852
vn -0.4431 0.8573 0.2621
vn -0.5173 0.8545 0.0477
vn -0.6268 0.7435 0.2329
vn -0.6434 0.7644 -0.0410
vn -0.0547 0.8590 0.5090
vn -0.6678 0.7060 0.2357
vn -0.6434 0.7636 -0.0539
vn -0.6524 0.7303 0.2025
vn -0.6735 0.7390 0.0172
vn -0.6789 0.7038 0.2089
vn -0.6706 0.7328 0.1154
vn -0.6342 0.7366 0.2349
vn -0.6404 0.7144 0.2821
vn -0.7296 0.5823 0.3586
vn -0.6893 0.6580 0.3033
vn -0.6652 0.6690 0.3315
vn -0.6905 0.6183 0.3754
vn -0.7311 0.4765 0.4883
vn -0.7179 0.5267 0.4552
vn -0.7362 0.3534 0.5772
vn -0.7247 0.2932 0.6236
vn -0.6375 0.7461 0.1919
vn -0.2967 0.5984 0.7442
vn -0.6950 0.6230 0.3590
vn -0.4104 0.3914 0.8236
vn -0.5948 0.4157 0.6880
vn -0.5816 0.4116 0.7016
vn -0.6924 0.6229 0.3642
vn -0.6930 0.5935 0.4093
vn -0.4655 0.2546 0.8476
vn -0.4596 0.2716 0.8456
vn -0.4918 0.3033 0.8162
vn -0.4964 0.2987 0.8151
vn -0.5799 0.3428 0.7390
vn -0.5970 0.4084 0.6905
vn -0.6845 0.5605 0.4661
vn -0.6783 0.4857 0.5514
vn -0.4876 0.1998 0.8499
vn -0.4705 0.2496 0.8464
vn -0.4829 0.2863 0.8276
vn -0.4812 0.2257 0.8471
vn -0.6599 0.3718 0.6529
vn -0.5469 0.2529 0.7981
vn -0.6162 0.2509 0.7466
vn -0.5051 0.2091 0.8373
vn -0.4981 0.1693 0.8504
vn -0.4647 0.1676 0.8694
vn -0.4492 0.2133 0.8676
vn -0.4695 0.2506 0.8466
vn -0.4554 0.3360 0.8245
vn -0.4238 0.3537 0.8339
vn -0.5019 0.2981 0.8119
vn -0.5184 0.3482 0.7810
vn -0.4847 0.3801 0.7878
vn -0.4105 0.3811 0.8284
vn -0.6530 0.2881 0.7004
vn -0.5773 0.2782 0.7677
vn -0.5710 0.3426 0.7461
vn -0.6157 0.3468 0.7075
vn -0.5291 0.3863 0.7556
vn -0.4166 0.3703 0.8303
vn -0.5685 0.3780 0.7307
vn -0.4329 0.3377 0.8358
vn -0.6676 0.3135 0.6753
vn -0.6426 0.3538 0.6797
vn -0.6524 0.3337 0.6805
vn -0.6885 0.2918 0.6640
vn -0.5474 0.3291 0.7694
vn -0.5843 0.2382 0.7758
vn -0.6152 0.3361 0.7131
vn -0.4649 0.2631 0.8454
vn -0.6837 0.2333 0.6915
vn -0.5158 0.1135 0.8491
vn -0.6181 0.0705 0.7830
vn -0.5786 -0.0923 0.8104
vn -0.7467 0.0181 0.6649
vn -0.7450 0.1386 0.6525
vn -0.5754 -0.1843 0.7968
vn -0.5594 -0.0711 0.8258
vn -0.7403 0.0735 0.6682
vn -0.7576 -0.0506 0.6507
vn -0.5106 -0.1643 0.8440
vn -0.4339 -0.3492 0.8305
vn -0.7404 -0.2407 0.6276
vn -0.7402 -0.0469 0.6707
vn -0.3285 -0.7756 0.5390
vn -0.6347 -0.6926 0.3427
vn -0.7442 -0.1223 0.6566
vn -0.7349 -0.3397 0.5870
vn -0.5811 -0.4785 0.6583
vn -0.5811 -0.2381 0.7782
vn -0.0352 -0.8888 -0.4570
vn -0.0649 -0.9304 -0.3607
vn -0.1806 -0.9631 -0.1995
vn -0.2339 -0.9435 -0.2346
vn -0.5876 -0.7747 0.2337
vn -0.4355 -0.8676 0.2401
vn 0.8074 -0.1479 0.5712
vn 0.5357 0.4863 0.6903
vn 0.9049 0.2614 0.3359
vn 0.9580 -0.1020 0.2681
vn 0.8354 0.4576 0.3045
vn 0.9517 -0.0953 0.2918
vn 0.8161 -0.4457 0.3678
vn 0.7049 -0.5775 0.4118
vn 0.7420 -0.4687 0.4793
vn 0.6688 -0.5169 0.5343
vn 0.7205 -0.5641 0.4033
vn 0.7662 -0.4917 0.4137
vn 0.6975 -0.4898 0.5230
vn 0.7187 -0.4566 0.5244
vn 0.7797 -0.4231 0.4617
vn 0.7710 -0.3548 0.5288
vn 0.7186 -0.4299 0.5466
vn 0.7199 -0.3913 0.5732
vn -0.2504 0.6750 0.6940
vn -0.3776 0.8847 0.2733
vn -0.4497 0.8887 -0.0890
vn -0.2969 0.8932 0.3376
vn -0.3784 0.9210 -0.0926
vn -0.3298 0.8057 -0.4921
vn -0.4370 0.7003 -0.5644
vn -0.4889 0.7993 -0.3493
vn 0.6328 0.7141 0.2995
vn 0.9606 -0.0360 0.2757
vn 0.3090 0.9440 0.1153
vn 0.9973 0.0396 0.0611
vn 0.6869 -0.4716 0.5530
vn 0.6618 -0.5633 0.4947
vn 0.6472 -0.5112 0.5655
vn 0.6397 -0.4594 0.6162
vn 0.6714 -0.4437 0.5937
vn 0.6918 -0.4691 0.5489
vn 0.6834 -0.4254 0.5933
vn 0.7290 -0.4565 0.5101
vn 0.7102 -0.4190 0.5657
vn 0.7201 -0.4188 0.5532
vn 0.7697 -0.4611 0.4416
vn 0.7630 -0.4821 0.4306
vn 0.5946 -0.7962 0.1117
vn 0.6430 -0.6765 0.3590
vn 0.7391 -0.6157 0.2731
vn 0.7360 -0.6733 0.0706
vn 0.7376 -0.4864 0.4683
vn 0.6670 -0.4888 0.5623
vn 0.7915 -0.5634 0.2370
vn 0.7731 -0.6302 0.0724
vn 0.8083 -0.5407 0.2329
vn 0.7762 -0.6279 0.0565
vn 0.7822 -0.5572 0.2788
vn 0.7729 -0.6313 0.0637
vn 0.6701 -0.6393 0.3773
vn 0.7383 -0.5834 0.3385
vn 0.7551 -0.6422 0.1319
vn 0.6768 -0.7084 0.2003
vn 0.3332 -0.0260 -0.9425
vn -0.0630 0.2735 -0.9598
vn 0.3338 -0.0405 -0.9418
vn -0.0528 0.3265 -0.9437
vn -0.2439 0.5306 -0.8118
vn -0.3233 0.5343 -0.7810
vn 0.4982 -0.1022 -0.8610
vn 0.2051 0.2309 -0.9511
vn -0.3463 0.6607 -0.6660
vn -0.1104 0.8231 -0.5571
vn 0.0229 0.5153 -0.8567
vn 0.7743 0.0216 -0.6325
vn 0.0703 0.9701 -0.2325
vn 0.9759 0.0659 -0.2079
vn 0.6639 -0.6494 0.3708
vn 0.7044 -0.6870 0.1782
vn 0.2169 0.3621 -0.9066
vn 0.4864 0.2306 -0.8428
vn 0.3591 0.3083 -0.8809
vn 0.3229 0.3134 -0.8930
vn 0.6067 0.7917 -0.0720
vn 0.2340 0.8344 0.4990
vn 0.0229 0.9847 0.1726
vn 0.1625 0.8759 -0.4542
vn 0.5797 0.4367 -0.6879
vn 0.2625 0.5207 -0.8124
vn -0.2015 0.9121 -0.3571
vn -0.2478 0.7097 -0.6595
vn -0.3725 0.5173 -0.7705
vn -0.3809 0.3752 -0.8451
vn -0.3696 0.0660 -0.9269
vn -0.3845 0.0212 -0.9229
vn -0.1297 -0.4769 -0.8693
vn -0.1787 -0.4272 -0.8863
vn 0.1339 -0.7522 -0.6452
vn 0.0522 -0.7155 -0.6967
vn 0.1250 -0.6811 -0.7214
vn 0.1839 -0.6610 -0.7275
vn -0.0120 -0.5443 -0.8388
vn 0.0958 -0.5750 -0.8125
vn 0.2502 -0.6385 -0.7278
vn 0.2985 -0.6603 -0.6891
vn 0.1971 -0.5456 -0.8145
vn 0.1690 -0.5529 -0.8160
vn 0.3529 -0.6929 -0.6288
vn 0.4411 -0.7086 -0.5508
vn 0.3323 -0.5062 -0.7958
vn 0.2463 -0.5333 -0.8093
vn 0.5397 -0.6837 -0.4912
vn 0.4266 -0.4865 -0.7625
vn 0.6427 -0.6063 -0.4682
vn 0.5086 -0.4627 -0.7261
vn 0.6964 -0.5321 -0.4815
vn 0.5346 -0.4541 -0.7128
vn 0.6712 -0.4930 -0.5535
vn 0.4913 -0.4680 -0.7345
vn 0.5678 -0.4607 -0.6822
vn 0.3762 -0.4994 -0.7804
vn 0.4239 -0.3522 -0.8344
vn 0.2341 -0.4361 -0.8689
vn 0.7721 -0.5956 -0.2216
vn 0.7795 -0.5071 -0.3676
vn 0.6384 -0.1174 -0.7607
vn 0.5843 -0.0569 -0.8095
vn 0.5998 -0.7943 0.0964
vn 0.6482 -0.7534 0.1108
vn 0.6429 -0.7657 0.0201
vn 0.6142 -0.7841 0.0890
vn 0.8233 -0.5597 -0.0943
vn 0.7682 -0.6383 -0.0488
vn 0.7514 -0.6591 0.0318
vn 0.7538 -0.6570 -0.0104
vn 0.7313 -0.6588 -0.1769
vn 0.7321 -0.6751 -0.0906
vn 0.7436 -0.6641 -0.0779
vn 0.7861 -0.6023 -0.1391
vn 0.7371 -0.6687 -0.0981
vn 0.6317 -0.7742 -0.0394
vn 0.6876 -0.6991 -0.1961
vn 0.6285 -0.7665 -0.1321
vn 0.3718 0.3391 -0.8642
vn 0.0747 0.5094 -0.8573
vn 0.5935 0.0916 -0.7996
vn 0.8067 -0.1813 -0.5624
vn -0.1790 0.4605 -0.8694
vn 0.4523 0.2225 -0.8636
vn -0.2671 0.2751 -0.9236
vn 0.3401 0.1064 -0.9344
vn -0.2821 0.0343 -0.9588
vn 0.2197 -0.1483 -0.9642
vn -0.2509 -0.1673 -0.9534
vn 0.1282 -0.2957 -0.9466
vn -0.1663 -0.2833 -0.9445
vn 0.0944 -0.3542 -0.9304
vn -0.0808 -0.3554 -0.9312
vn 0.0602 -0.4034 -0.9131
vn -0.0297 -0.3832 -0.9232
vn 0.0910 -0.3849 -0.9185
vn 0.0354 -0.4043 -0.9139
vn 0.1933 -0.3447 -0.9186
vn 0.4403 -0.3190 -0.8393
vn 0.3290 -0.3264 -0.8861
vn 0.1352 -0.3981 -0.9073
vn 0.2611 -0.3520 -0.8989
vn 0.5283 -0.3128 -0.7893
vn 0.5124 -0.3121 -0.8000
vn 0.3727 -0.3062 -0.8760
vn 0.4450 -0.2989 -0.8442
vn 0.4580 -0.4088 -0.7894
vn 0.4997 -0.3434 -0.7952
vn 0.4618 -0.3481 -0.8158
vn 0.4329 -0.4091 -0.8033
vn 0.3131 -0.5988 -0.7371
vn 0.4003 -0.4788 -0.7814
vn 0.3624 -0.5275 -0.7684
vn 0.2493 -0.6321 -0.7337
vn 0.4845 -0.4256 -0.7643
vn 0.4039 -0.5062 -0.7620
vn 0.3510 -0.5110 -0.7847
vn 0.4039 -0.4099 -0.8178
vn 0.2695 -0.6480 -0.7124
vn 0.2530 -0.6589 -0.7084
vn 0.7251 -0.4729 -0.5007
vn 0.6678 -0.4333 -0.6053
vn 0.6801 -0.4409 -0.5857
vn 0.6464 -0.4564 -0.6115
vn 0.6016 -0.4357 -0.6695
vn 0.3893 -0.4288 -0.8152
vn 0.5447 -0.3864 -0.7443
vn 0.4074 -0.4005 -0.8207
vn 0.6424 -0.5042 -0.5772
vn 0.5700 -0.5043 -0.6487
vn 0.6432 -0.4427 -0.6247
vn 0.6934 -0.4643 -0.5509
vn 0.6002 -0.3796 -0.7040
vn 0.4302 -0.3185 -0.8447
vn 0.4234 -0.3326 -0.8427
vn 0.5400 -0.3998 -0.7406
vn 0.4788 -0.6355 -0.6057
vn 0.3962 -0.6263 -0.6714
vn 0.4493 -0.5981 -0.6636
vn 0.5506 -0.5902 -0.5904
vn 0.4464 -0.5043 -0.7392
vn 0.3654 -0.4677 -0.8048
vn 0.3033 -0.5765 -0.7587
vn 0.3785 -0.5895 -0.7136
vn 0.5573 -0.5690 -0.6047
vn 0.5584 -0.5073 -0.6564
vn 0.4573 -0.5810 -0.6732
vn 0.4898 -0.6204 -0.6126
vn 0.3835 -0.6231 -0.6817
vn 0.4496 -0.6014 -0.6605
vn 0.2719 -0.6192 -0.7366
vn 0.2828 -0.5936 -0.7535
vn 0.6829 -0.3819 -0.6228
vn 0.6593 -0.4816 -0.5775
vn 0.7771 -0.3874 -0.4960
vn 0.8374 -0.1772 -0.5170
vn 0.5415 -0.5547 -0.6317
vn 0.6320 -0.5391 -0.5568
vn 0.3079 -0.5536 -0.7738
vn 0.3116 -0.5502 -0.7747
vn 0.9352 -0.0549 -0.3499
vn 0.8863 -0.3221 -0.3327
vn 0.9278 -0.3618 -0.0911
vn 0.9692 -0.1641 -0.1838
vn 0.7135 -0.5391 -0.4475
vn 0.3070 -0.5554 -0.7728
vn 0.7557 -0.5692 -0.3240
vn 0.2995 -0.5687 -0.7661
vn 0.8307 -0.5430 0.1230
vn 0.7816 -0.6123 0.1190
vn 0.9238 -0.3829 -0.0003
vn 0.8995 -0.4285 0.0855
vn 0.8006 -0.5501 -0.2376
vn 0.3216 -0.5287 -0.7855
vn 0.3398 -0.4835 -0.8067
vn 0.7898 -0.5628 -0.2438
vn 0.6532 -0.7436 0.1432
vn 0.7253 -0.6884 0.0099
vn 0.6427 -0.7536 -0.1376
vn 0.6136 -0.7880 0.0508
vn 0.6961 -0.6236 -0.3558
vn 0.3700 -0.5034 -0.7808
vn 0.3183 -0.5623 -0.7633
vn 0.5706 -0.6840 -0.4546
vn 0.6860 -0.7239 -0.0729
vn 0.6142 -0.7508 -0.2431
vn 0.6545 -0.7061 -0.2703
vn 0.7909 -0.5998 -0.1211
vn 0.4865 -0.7171 -0.4991
vn 0.2477 -0.6280 -0.7377
vn 0.2059 -0.6696 -0.7137
vn 0.4649 -0.7312 -0.4992
vn 0.8319 -0.5478 -0.0886
vn 0.7128 -0.6669 -0.2171
vn 0.7674 -0.6269 -0.1347
vn 0.8221 -0.5651 -0.0690
vn 0.4813 -0.7384 -0.4723
vn 0.1959 -0.6746 -0.7117
vn 0.2040 -0.6593 -0.7236
vn 0.5130 -0.7348 -0.4437
vn 0.7748 -0.6260 -0.0887
vn 0.8027 -0.5944 -0.0492
vn 0.7300 -0.6811 0.0566
vn 0.6643 -0.7418 -0.0920
vn 0.5662 -0.7344 -0.3743
vn 0.2184 -0.6674 -0.7119
vn 0.1832 -0.7732 -0.6071
vn 0.5886 -0.7885 -0.1785
vn 0.7243 -0.3749 0.5786
vn 0.7309 -0.2852 0.6200
vn 0.6812 -0.3217 0.6576
vn 0.7072 -0.1231 0.6963
vn 0.6291 -0.2740 0.7274
vn 0.6101 -0.1137 0.7841
vn 0.6291 -0.3587 0.6896
vn 0.6159 -0.1766 0.7678
vn 0.2323 0.5960 0.7687
vn -0.1286 0.7949 0.5929
vn 0.5517 0.3104 0.7741
vn 0.5704 0.1587 0.8059
vn 0.2987 0.4654 0.8332
vn -0.1555 0.7684 0.6208
vn 0.3189 0.5640 0.7617
vn 0.3095 0.7619 0.5689
vn 0.2097 0.8807 0.4246
vn 0.2051 0.7448 0.6350
vn 0.1487 0.9405 0.3054
vn 0.1899 0.8989 0.3948
vn 0.0989 0.9646 0.2444
vn 0.0659 0.9562 0.2852
vn 0.0070 0.8956 0.4449
vn 0.6384 0.1507 0.7548
vn 0.5754 0.0616 0.8155
vn 0.4776 0.3171 0.8193
vn 0.4523 0.3986 0.7978
vn 0.5845 0.0129 0.8113
vn 0.5363 0.2449 0.8077
vn 0.4423 0.4493 0.7762
vn 0.4029 0.3860 0.8299
vn 0.3889 0.4507 0.8035
vn 0.4671 0.4252 0.7753
vn 0.3674 0.4712 0.8019
vn 0.3922 0.3800 0.8377
vn 0.5543 0.2710 0.7870
vn 0.4784 0.1505 0.8652
vn 0.4646 0.2231 0.8570
vn 0.4839 0.3644 0.7956
vn 0.4227 0.2335 0.8757
vn 0.4376 0.1280 0.8900
vn 0.4527 0.2148 0.8654
vn 0.4432 0.1192 0.8885
vn 0.5772 0.3147 0.7535
vn 0.4659 0.5605 0.6846
vn 0.3820 0.4446 0.8102
vn 0.4055 0.2574 0.8771
vn 0.3370 0.6326 0.6973
vn 0.3690 0.4074 0.8354
vn 0.2823 0.8043 0.5229
vn 0.4438 0.3179 0.8378
vn -0.0459 0.8318 0.5532
vn 0.3215 0.5310 0.7840
vn 0.4085 0.4293 0.8055
vn -0.0796 0.8148 0.5743
vn 0.5447 0.1848 0.8180
vn 0.3634 0.2735 0.8906
vn 0.4281 0.4019 0.8094
vn 0.2594 0.5527 0.7920
vn 0.2317 0.4441 0.8655
vn 0.3424 0.7242 0.5986
vn 0.4495 0.6642 0.5973
vn 0.3770 0.6937 0.6138
vn 0.2444 0.5535 0.7962
vn 0.2315 0.4970 0.8363
vn 0.3697 0.4355 0.8208
vn -0.1224 0.7983 0.5897
vn 0.5878 0.1157 0.8007
vn 0.6666 0.0498 0.7438
vn 0.6407 -0.0139 0.7676
vn 0.6225 0.0359 0.7818
vn 0.6709 0.1506 0.7260
vn 0.5407 0.0323 0.8406
vn 0.5735 0.0444 0.8180
vn 0.4684 0.1906 0.8627
vn 0.4418 0.1263 0.8882
vn 0.6184 0.3436 0.7067
vn 0.5771 0.1570 0.8015
vn 0.4935 0.0850 0.8656
vn 0.3280 0.4366 0.8377
vn 0.3277 0.3305 0.8851
vn 0.3702 0.1854 0.9103
vn 0.4190 0.0986 0.9026
vn 0.6665 -0.0228 0.7451
vn 0.7535 -0.1779 0.6329
vn 0.7480 -0.2508 0.6144
vn 0.7294 -0.0608 0.6813
vn 0.3002 0.9281 0.2204
vn 0.4948 0.8520 0.1710
vn 0.1647 0.9533 0.2533
vn 0.1338 0.9806 -0.1433
vn -0.1255 0.9918 0.0254
vn 0.4906 0.8180 -0.3002
vn 0.8925 -0.4191 0.1665
vn 0.7381 -0.0985 0.6674
vn 0.9083 0.0009 0.4182
vn 0.9690 -0.2368 -0.0698
vn 0.4227 0.1768 0.8889
vn 0.6593 0.2731 0.7005
vn 0.7989 -0.5200 -0.3022
vn 0.6045 -0.4544 -0.6543
vn 0.8082 -0.4231 -0.4096
vn 0.6377 -0.3676 -0.6769
vn 0.5711 -0.3903 -0.7222
vn 0.6162 -0.3215 -0.7190
vn 0.6252 -0.2076 -0.7524
vn 0.7895 -0.2346 -0.5672
vn 0.6591 -0.2412 -0.7123
vn 0.6572 -0.1475 -0.7391
vn 0.6026 -0.0908 -0.7929
vn 0.7522 -0.1062 -0.6503
vn 0.7743 -0.3111 -0.5511
vn 0.8695 -0.2062 -0.4488
vn 0.7934 -0.1540 -0.5889
vn 0.7768 -0.2124 -0.5928
vn 0.8232 0.0046 -0.5677
vn 0.7090 0.0228 -0.7049
vn 0.9541 0.1005 -0.2820
vn 0.9138 0.2648 -0.3080
vn 0.7804 0.1788 -0.5992
vn 0.6335 0.2443 -0.7342
vn 0.8035 0.4983 -0.3257
vn 0.6893 0.4474 -0.5699
vn 0.4146 0.7823 -0.4649
vn 0.5213 0.5389 -0.6616
vn 0.2319 0.8671 -0.4408
vn -0.2773 0.9582 0.0703
vn 0.0053 0.9773 -0.2118
vn -0.1512 0.9798 -0.1310
vn -0.4203 0.9053 0.0607
vn -0.8714 0.4622 -0.1643
vn -0.5935 0.8014 0.0740
vn -0.8948 0.3592 -0.2651
vn -0.7392 0.4852 -0.4670
vn -0.7331 0.6413 -0.2265
vn -0.3392 0.6793 -0.6508
vn -0.1053 0.8807 -0.4619
vn -0.4712 0.8291 -0.3008
vn -0.5536 0.5795 -0.5980
vn 0.6215 0.0258 0.7830
vn 0.7104 -0.0313 0.7031
vn 0.7083 -0.1023 0.6985
vn 0.6340 0.0095 0.7733
vn 0.4082 0.4413 0.7991
vn 0.5863 0.2212 0.7793
vn 0.5380 0.1969 0.8196
vn 0.3793 0.4286 0.8200
vn 0.3364 0.5009 0.7974
vn 0.2684 0.5143 0.8145
vn 0.4981 0.1758 0.8491
vn 0.5582 0.1094 0.8224
vn 0.5538 0.1271 0.8229
vn 0.4477 0.2852 0.8475
vn 0.4334 0.6071 0.6661
vn 0.2528 0.5352 0.8060
vn 0.3173 0.4528 0.8333
vn 0.4762 0.4556 0.7521
vn 0.9038 0.3346 0.2670
vn 0.8245 0.4534 0.3385
vn 0.6334 0.4228 0.6481
vn 0.7347 0.6445 0.2118
vn 0.4675 0.2559 0.8461
vn 0.5914 0.3728 0.7151
vn 0.6802 0.2866 0.6747
vn 0.6752 0.3809 0.6316
vn 0.8281 0.2900 0.4798
vn 0.7868 0.3394 0.5155
vn 0.9177 0.2539 0.3056
vn 0.8168 0.2375 0.5257
vn 0.8820 0.1098 0.4583
vn 0.7075 0.0912 0.7008
vn 0.6722 0.3748 0.6385
vn 0.7315 0.3565 0.5812
vn 0.6804 0.2545 0.6872
vn 0.6054 0.2854 0.7430
vn 0.5895 0.1435 0.7949
vn 0.5108 0.2030 0.8354
vn 0.4132 0.3227 0.8515
vn 0.5010 0.3559 0.7889
vn 0.6026 0.3943 0.6938
vn 0.6925 -0.2688 0.6695
vn 0.3903 -0.2056 0.8974
vn 0.6937 -0.2845 0.6617
vn 0.4445 -0.2324 0.8651
vn -0.0661 -0.1242 0.9901
vn -0.5316 -0.0435 0.8459
vn 0.0242 -0.2051 0.9784
vn -0.4561 -0.1710 0.8734
vn -0.9673 0.0489 0.2487
vn -0.9490 0.1490 0.2780
vn -0.8864 0.0960 0.4528
vn -0.8471 -0.0490 0.5291
vn -0.9523 0.3046 -0.0181
vn -0.9422 0.3345 0.0195
vn -0.9435 0.1685 0.2854
vn -0.9720 0.1025 0.2116
vn 0.0499 0.5078 -0.8600
vn 0.3656 0.3823 -0.8486
vn 0.1628 0.6767 -0.7181
vn -0.2062 0.6288 -0.7497
vn 0.6791 0.0335 -0.7333
vn 0.7442 -0.0971 -0.6609
vn 0.5514 0.1186 -0.8258
vn 0.3589 0.3008 -0.8836
vn -0.4326 0.5500 -0.7144
vn -0.5678 0.5748 -0.5892
vn -0.7995 0.5050 -0.3251
vn -0.7576 0.5124 -0.4043
vn -0.3702 0.5768 -0.7282
vn -0.1906 0.5266 -0.8285
vn -0.4419 0.6295 -0.6391
vn -0.4567 0.5676 -0.6850
vn -0.7521 0.5166 -0.4092
vn -0.7438 0.5382 -0.3962
vn 0.7855 -0.1591 -0.5980
vn 0.6779 -0.1008 -0.7282
vn 0.7787 -0.1052 -0.6185
vn 0.6782 -0.0679 -0.7318
vn 0.1061 0.3982 -0.9111
vn 0.5377 0.1572 -0.8284
vn -0.0836 0.4736 -0.8768
vn 0.4173 0.2794 -0.8647
vn -0.1229 0.5373 -0.8344
vn 0.3901 0.3720 -0.8423
vn -0.1038 0.6248 -0.7738
vn 0.4342 0.4630 -0.7728
vn 0.5579 -0.0249 -0.8296
vn 0.5832 -0.0089 -0.8123
vn 0.7545 -0.0194 -0.6560
vn 0.7210 0.0744 -0.6889
vn 0.6838 0.0027 -0.7296
vn 0.6799 0.0814 -0.7288
vn 0.7015 0.1698 -0.6922
vn 0.6524 0.1866 -0.7345
vn 0.7213 0.2735 -0.6363
vn 0.6590 0.3258 -0.6779
vn 0.9780 -0.1708 -0.1195
vn 0.9836 -0.1685 0.0636
vn 0.9721 -0.2196 0.0825
vn 0.9581 -0.2177 -0.1864
vn 0.9152 -0.2430 0.3216
vn 0.9525 -0.1876 0.2400
vn 0.8990 -0.2376 -0.3678
vn 0.9164 -0.1814 -0.3568
vn 0.5971 0.0546 -0.8003
vn 0.7781 -0.0270 -0.6276
vn 0.6043 0.1321 -0.7858
vn 0.8056 0.0572 -0.5897
vn 0.6279 0.2348 -0.7420
vn 0.8466 0.1734 -0.5032
vn 0.6926 0.3717 -0.6181
vn 0.8687 0.3240 -0.3748
vn 0.7247 -0.2645 0.6362
vn 0.4639 -0.2874 0.8380
vn 0.8753 -0.1780 0.4497
vn 0.7300 -0.1844 0.6581
vn 0.9416 -0.1064 -0.3194
vn 0.9923 -0.1198 -0.0323
vn 0.9664 -0.0216 -0.2562
vn 0.9977 -0.0364 0.0576
vn 0.9874 -0.0865 0.1325
vn 0.9701 -0.0020 0.2428
vn 0.9803 0.1076 -0.1656
vn 0.9889 0.0690 0.1317
vn 0.9643 0.2490 -0.0897
vn 0.9765 0.1476 0.1569
vn 0.9562 0.0515 0.2883
vn 0.8152 -0.0901 0.5721
vn 0.9598 0.0588 0.2745
vn 0.8650 -0.1107 0.4894
vn 0.0906 -0.3496 0.9325
vn -0.3836 -0.3420 0.8578
vn 0.2347 -0.3669 0.9002
vn -0.2980 -0.3573 0.8852
vn -0.7717 -0.1935 0.6059
vn -0.7120 -0.2021 0.6725
vn -0.9319 -0.0148 0.3625
vn -0.9604 -0.0083 0.2786
vn 0.3827 -0.3268 0.8642
vn -0.2025 -0.3321 0.9213
vn 0.4560 -0.3243 0.8288
vn -0.1370 -0.3063 0.9420
vn -0.9851 0.0879 0.1475
vn -0.9808 0.1213 0.1525
vn -0.9287 0.3593 -0.0912
vn -0.9495 0.3072 -0.0645
vn -0.6469 -0.1812 0.7407
vn -0.8936 -0.0007 0.4489
vn -0.5897 -0.1519 0.7932
vn -0.8537 0.0342 0.5196
vn -0.7199 0.5782 -0.3839
vn -0.6730 0.6325 -0.3833
vn -0.3509 0.7600 -0.5470
vn -0.4057 0.7034 -0.5837
vn -0.8421 0.5230 -0.1314
vn -0.8919 0.4373 -0.1150
vn -0.9685 0.1710 0.1813
vn -0.9453 0.2474 0.2127
vn 0.5327 0.6349 -0.5595
vn 0.4797 0.5674 -0.6693
vn -0.0718 0.7274 -0.6824
vn 0.0251 0.7895 -0.6132
vn 0.7929 0.4147 -0.4465
vn 0.7217 0.4162 -0.5531
vn 0.7683 0.3511 -0.5352
vn 0.8076 0.3997 -0.4335
vn -0.6173 0.6822 -0.3919
vn -0.5725 0.7200 -0.3922
vn -0.2294 0.8058 -0.5460
vn -0.2905 0.7957 -0.5315
vn 0.7849 0.4352 -0.4412
vn 0.8892 0.3863 -0.2453
vn 0.8642 0.3927 -0.3146
vn 0.9194 0.3422 -0.1941
vn 0.1919 0.8038 -0.5630
vn 0.3619 0.7354 -0.5729
vn 0.8391 0.4316 -0.3311
vn 0.6757 0.5935 -0.4372
vn 0.8747 0.3680 -0.3155
vn 0.9264 0.3046 -0.2213
vn 0.9515 0.3023 -0.0575
vn 0.9787 0.1726 0.1115
vn 0.9587 0.2699 -0.0900
vn 0.9844 0.1754 0.0171
vn 0.9811 0.0590 0.1845
vn 0.9205 -0.0949 0.3791
vn 0.9941 0.0896 0.0616
vn 0.9762 -0.0115 0.2164
vn 0.9579 0.2492 -0.1427
vn 0.9714 0.2119 -0.1073
vn 0.9853 0.1509 -0.0797
vn 0.9949 0.1003 0.0126
vn 0.8783 0.3664 -0.3072
vn 0.9119 0.3326 -0.2405
vn 0.4480 0.7089 -0.5448
vn -0.1656 0.8314 -0.5304
vn -0.1042 0.8606 -0.4985
vn 0.5000 0.7132 -0.4912
vn 0.5571 0.7364 -0.3838
vn 0.9327 0.3301 -0.1455
vn -0.0637 0.9031 -0.4247
vn 0.0079 0.9808 -0.1951
vn 0.5412 0.8392 0.0529
vn 0.9035 0.3867 0.1849
vn -0.5195 0.7623 -0.3861
vn -0.7865 0.6024 -0.1364
vn -0.4622 0.8122 -0.3561
vn -0.7373 0.6697 -0.0887
vn -0.9133 0.3313 0.2368
vn -0.8709 0.4027 0.2816
vn -0.8328 0.0802 0.5477
vn -0.8200 0.1358 0.5560
vn 0.9514 0.0358 0.3060
vn 0.6748 0.0679 0.7349
vn 0.1652 -0.0735 0.9835
vn 0.7648 -0.0961 0.6371
vn 0.5732 -0.2568 0.7781
vn -0.0308 -0.2397 0.9704
vn -0.5463 -0.1074 0.8307
vn -0.5586 0.0116 0.8294
vn -0.7645 0.3580 0.5360
vn -0.3087 0.3482 0.8851
vn -0.5790 0.7198 0.3829
vn -0.7047 0.7057 0.0734
vn 0.2101 0.6234 0.7531
vn -0.3161 0.9337 0.1683
vn -0.4486 0.8617 -0.2370
vn -0.2607 0.3671 0.8929
vn -0.2610 0.5183 0.8144
vn 0.1504 0.4954 0.8555
vn 0.1588 0.2921 0.9431
vn 0.4663 0.1126 0.8774
vn 0.4759 0.1746 0.8620
vn 0.5440 0.1395 0.8274
vn 0.5609 0.1582 0.8127
vn 0.3722 0.4037 0.8358
vn 0.3720 0.4064 0.8346
vn -0.4831 0.5967 0.6408
vn -0.5154 0.5914 0.6201
vn -0.3965 0.6109 0.6853
vn -0.3377 0.5722 0.7474
vn -0.2295 0.6826 0.6938
vn -0.2848 0.7500 0.5969
vn -0.1971 0.8295 0.5226
vn -0.1253 0.7736 0.6212
vn 0.0243 0.7274 0.6858
vn -0.0036 0.7512 0.6600
vn -0.5660 0.5433 0.6200
vn -0.6061 0.4929 0.6243
vn -0.6053 0.5870 0.5375
vn -0.5044 0.5952 0.6255
vn 0.5567 0.2060 0.8048
vn 0.3366 0.4145 0.8455
vn 0.3416 0.4448 0.8279
vn 0.5486 0.2497 0.7979
vn -0.4079 0.7604 0.5054
vn -0.5232 0.7687 0.3678
vn -0.3550 0.8332 0.4240
vn -0.2958 0.8237 0.4837
vn -0.0615 0.7462 0.6629
vn -0.0771 0.7622 0.6427
vn -0.6365 0.4496 0.6267
vn -0.6942 0.6009 0.3961
vn -0.6539 0.5340 0.5360
vn -0.7048 0.6946 0.1441
vn 0.5450 0.2251 0.8076
vn 0.3744 0.4207 0.8263
vn 0.3913 0.3307 0.8588
vn 0.5366 0.1621 0.8281
vn -0.6185 0.7650 0.1795
vn -0.3771 0.8586 0.3473
vn -0.6300 0.7756 0.0392
vn -0.3976 0.8423 0.3640
vn -0.0346 0.7699 0.6372
vn -0.0094 0.6941 0.7198
vn -0.6789 0.6400 0.3598
vn -0.7643 0.6447 0.0128
vn -0.7030 0.6757 0.2217
vn -0.8266 0.5590 0.0655
vn -0.7188 0.6857 0.1151
vn -0.4583 0.7260 0.5127
vn -0.7715 0.5684 0.2858
vn -0.4736 0.5956 0.6488
vn -0.6047 0.6725 0.4268
vn -0.6144 0.7592 0.2150
vn -0.4575 0.8594 0.2281
vn -0.3404 0.9057 0.2528
vn -0.7037 0.6912 0.1648
vn -0.8113 0.5396 0.2249
vn -0.7096 0.5116 0.4845
vn -0.4193 0.5310 0.7363
vn -0.5333 0.5456 0.6464
vn -0.3579 0.5420 0.7604
vn 0.5259 0.1285 0.8408
vn 0.3752 0.2487 0.8930
vn 0.3658 0.2698 0.8907
vn 0.5409 0.1897 0.8194
vn -0.0238 0.5436 0.8390
vn -0.0298 0.4429 0.8961
vn 0.0188 0.9477 0.3185
vn 0.4027 0.7665 0.5004
vn 0.3379 0.7340 0.5891
vn -0.1569 0.8249 0.5430
vn 0.6880 0.1808 0.7028
vn 0.6910 0.3100 0.6530
vn 0.6837 0.3071 0.6620
vn 0.6632 0.3923 0.6374
vn -0.1176 0.6754 0.7280
vn -0.0056 0.5622 0.8270
vn 0.3235 0.6317 0.7045
vn 0.3912 0.5294 0.7528
vn 0.5815 0.5276 0.6193
vn 0.6314 0.4860 0.6043
vn 0.5107 0.5520 0.6592
vn 0.5866 0.4532 0.6712
vn 0.5629 0.3388 0.7539
vn 0.6549 0.3369 0.6764
vn 0.3709 0.3892 0.8432
vn 0.6441 0.3696 0.6698
vn -0.0021 0.4563 0.8898
vn 0.3211 -0.9348 -0.1517
vn 0.5818 -0.8133 0.0013
vn -0.0313 -0.9128 -0.4073
vn 0.2816 -0.6002 -0.7487
vn 0.4687 -0.6226 -0.6267
vn 0.6152 -0.6007 -0.5106
vn 0.7453 -0.6474 -0.1593
vn 0.7051 -0.3732 -0.6029
vn 0.6664 -0.2309 -0.7090
vn 0.7842 -0.4678 -0.4078
vn 0.5783 -0.3023 -0.7578
vn 0.4562 -0.2856 -0.8428
vn 0.5284 -0.0785 -0.8454
vn 0.5690 -0.1175 -0.8139
vn 0.7722 -0.2974 -0.5615
vn 0.7737 -0.3140 -0.5503
vn 0.6203 -0.1595 -0.7680
vn 0.5873 -0.3022 -0.7508
vn 0.6980 -0.5916 -0.4036
vn 0.4984 -0.4934 -0.7128
vn 0.3722 -0.3241 -0.8697
vn 0.3300 -0.1457 -0.9327
vn 0.4720 -0.2721 -0.8385
vn 0.4624 -0.2575 -0.8485
vn 0.4747 -0.2352 -0.8481
vn 0.4810 -0.2166 -0.8495
vn 0.3205 -0.1879 -0.9284
vn 0.2346 -0.2974 -0.9255
vn 0.2431 -0.6182 -0.7475
vn 0.3036 -0.5856 -0.7516
vn 0.5155 -0.1036 -0.8506
vn 0.5072 -0.0935 -0.8568
vn -0.9388 -0.3006 0.1685
vn -0.9880 -0.1372 -0.0707
vn -0.9993 -0.0218 -0.0316
vn -0.9712 -0.1027 0.2150
vn -0.9833 0.0917 -0.1569
vn -0.9774 0.0419 -0.2073
vn -0.9216 0.2920 0.2556
vn -0.9008 0.2633 0.3453
vn -0.8639 0.2793 0.4192
vn -0.8970 0.2421 -0.3698
vn -0.8312 0.3263 -0.4502
vn -0.9426 0.2211 -0.2502
vn -0.9503 0.1543 -0.2703
vn -0.8620 0.4920 -0.1219
vn -0.9174 0.3932 0.0609
vn -0.4984 -0.6179 -0.6081
vn -0.5614 -0.4607 -0.6874
vn -0.8902 -0.2956 -0.3466
vn -0.8088 -0.5525 -0.2013
vn -0.6239 -0.3137 -0.7158
vn -0.9099 -0.0983 -0.4029
vn -0.9008 0.0726 -0.4280
vn -0.8621 0.2445 -0.4438
vn -0.7135 -0.1034 -0.6930
vn -0.7601 0.0530 -0.6476
vn -0.7013 0.1474 -0.6975
vn -0.7556 0.3376 -0.5614
vn -0.8374 0.4390 -0.3257
vn -0.7747 0.1913 -0.6027
vn -0.5044 0.5518 0.6641
vn -0.5017 0.5463 0.6707
vn -0.7905 0.3385 0.5105
vn -0.4822 0.5427 0.6877
vn -0.5184 0.5806 0.6278
vn -0.5324 0.5377 0.6537
vn -0.6152 0.5615 0.5534
vn -0.7502 0.4696 0.4656
vn -0.6381 0.4947 0.5899
vn -0.5664 0.4943 0.6594
vn -0.5942 0.5659 0.5716
vn -0.6888 0.5816 0.4328
vn -0.7028 0.5385 0.4649
vn -0.7476 0.5706 0.3399
vn -0.7249 0.6031 0.3328
vn -0.7288 0.5951 0.3386
vn -0.8265 0.5332 0.1803
vn -0.8641 0.4475 -0.2302
vn -0.7573 0.6053 0.2452
vn -0.7389 0.5695 0.3601
vn -0.2258 -0.4594 -0.8590
vn -0.2328 -0.4376 -0.8685
vn -0.2787 -0.4339 -0.8568
vn -0.2176 -0.4702 -0.8553
vn -0.3973 -0.4025 -0.8247
vn -0.3600 -0.3195 -0.8766
vn -0.4928 -0.2611 -0.8300
vn -0.5784 -0.0706 -0.8127
vn -0.4977 -0.0424 -0.8663
vn -0.5332 0.2053 -0.8207
vn -0.8409 0.3807 -0.3845
vn -0.6123 0.2861 -0.7370
vn -0.6682 0.1141 -0.7351
vn -0.6813 0.3514 -0.6421
vn -0.6855 0.4319 -0.5862
vn -0.7785 0.5595 -0.2843
vn -0.5988 0.5716 -0.5609
vn -0.7227 0.6687 -0.1747
vn -0.6971 0.6568 0.2875
vn -0.6476 0.6726 0.3581
vn -0.4196 0.7088 -0.5671
vn -0.5345 0.8391 -0.1009
vn -0.3388 0.7353 -0.5869
vn -0.5041 0.8620 -0.0534
vn -0.5245 0.6862 0.5040
vn -0.5442 0.7261 0.4202
vn -0.4738 0.3344 -0.8147
vn -0.8438 0.4825 -0.2350
vn -0.6616 0.7403 -0.1195
vn -0.4040 0.5940 -0.6956
vn -0.6552 0.5384 0.5299
vn -0.8025 0.3336 0.4948
vn -0.4911 0.4602 0.7396
vn -0.4673 0.5590 0.6850
vn -0.4999 0.5474 0.6712
vn -0.6298 0.3947 0.6690
vn -0.4973 0.5648 0.6585
vn -0.7707 0.3644 0.5227
vn -0.7530 0.4382 0.4909
vn -0.7997 0.2742 0.5341
vn -0.6327 0.5977 0.4924
vn -0.5602 0.5570 0.6131
vn -0.8268 0.4214 0.3727
vn -0.8711 0.4573 0.1788
vn -0.7012 0.6316 0.3307
vn -0.8442 0.5345 0.0401
vn -0.7337 0.6544 0.1827
vn -0.7974 0.6016 -0.0465
vn -0.7825 0.6121 0.1139
vn -0.8112 0.5730 0.1166
vn -0.8355 0.5386 -0.1084
vn -0.7914 0.6054 -0.0847
vn -0.8220 0.5405 0.1795
vn -0.7661 0.5946 0.2440
vn -0.8793 0.4667 -0.0947
vn -0.8662 0.4798 -0.1395
vn -0.7062 0.6135 0.3534
vn -0.7471 0.5915 0.3033
vn -0.8878 0.4599 -0.0156
vn -0.8550 0.5144 0.0662
vn -0.6213 0.6055 0.4974
vn -0.6377 0.6448 0.4215
vn -0.7877 0.5876 0.1849
vn -0.7530 0.5988 0.2728
vn -0.7005 0.4527 0.5517
vn -0.7917 0.3027 0.5306
vn -0.7935 0.5438 0.2734
vn -0.8593 0.4763 0.1866
vn -0.9931 -0.0188 0.1158
vn -0.9767 -0.0057 0.2144
vn -0.9983 -0.0441 0.0389
vn -0.7340 -0.5549 -0.3916
vn -0.7765 -0.5146 -0.3635
vn -0.8100 -0.4965 -0.3121
vn -0.9918 -0.1100 -0.0656
vn -0.9784 -0.0460 -0.2013
vn -0.7244 -0.5614 -0.4001
vn -0.6993 -0.6096 -0.3733
vn -0.4484 -0.1839 -0.8747
vn -0.7761 -0.2290 -0.5875
vn -0.9187 0.1484 -0.3660
vn -0.8044 0.2627 -0.5329
vn -0.4327 -0.3288 -0.8394
vn -0.7341 -0.3807 -0.5623
vn -0.5282 -0.5619 -0.6365
vn -0.6565 -0.6202 -0.4294
vn -0.3748 -0.0100 -0.9271
vn -0.3212 -0.1353 -0.9373
vn -0.7304 0.3587 -0.5812
vn -0.7277 0.3656 -0.5803
vn -0.8021 0.2259 -0.5528
vn -0.7435 0.3029 -0.5962
vn -0.4853 -0.0463 -0.8731
vn -0.4411 0.0266 -0.8971
vn -0.8479 0.2800 -0.4501
vn -0.8448 0.2013 -0.4957
vn -0.4301 -0.0738 -0.8997
vn -0.4864 -0.1055 -0.8674
vn -0.2719 0.1564 -0.9495
vn -0.3431 0.0234 -0.9390
vn -0.8126 0.4214 -0.4027
vn -0.7502 0.5451 -0.3743
vn -0.4892 0.1458 -0.8599
vn -0.4022 0.1547 -0.9024
vn -0.5728 0.4202 -0.7038
vn -0.6039 0.2329 -0.7623
vn -0.5329 0.5252 -0.6635
vn -0.2803 0.1700 -0.9447
vn -0.1744 -0.3863 -0.9057
vn -0.1547 -0.3488 -0.9243
vn -0.1073 -0.3167 -0.9424
vn -0.2141 -0.2797 -0.9359
vn 0.0086 -0.3326 -0.9430
vn -0.1173 -0.3457 -0.9310
vn -0.2902 0.1383 -0.9469
vn -0.5827 0.5502 -0.5981
vn -0.6757 0.5067 -0.5354
vn -0.4319 0.0066 -0.9019
vn -0.1045 -0.3968 -0.9119
vn 0.0644 -0.3772 -0.9239
vn 0.0395 -0.4238 -0.9049
vn -0.0846 -0.3916 -0.9162
vn -0.3062 -0.2475 -0.9192
vn -0.2943 -0.2480 -0.9230
vn -0.3213 -0.2722 -0.9070
vn -0.3032 -0.2511 -0.9192
vn -0.3254 -0.2392 -0.9148
vn -0.2988 -0.1741 -0.9383
vn -0.5080 -0.0643 -0.8590
vn -0.7043 0.4572 -0.5431
vn -0.5896 0.4979 -0.6360
vn -0.3967 -0.0027 -0.9180
vn -0.0869 -0.3328 -0.9390
vn -0.0779 -0.3637 -0.9282
vn -0.3421 -0.2303 -0.9110
vn -0.3428 -0.2176 -0.9138
vn -0.3677 -0.1807 -0.9122
vn -0.3873 -0.1771 -0.9048
vn -0.0170 -0.4239 -0.9056
vn -0.0212 -0.4133 -0.9103
vn -0.1528 0.0728 -0.9856
vn -0.3755 0.5704 -0.7305
vn 0.0471 0.0248 -0.9986
vn -0.2269 0.5319 -0.8158
vn -0.1676 0.3292 -0.9293
vn -0.1339 0.1307 -0.9823
vn 0.1841 -0.0802 -0.9796
vn 0.2797 -0.0812 -0.9567
vn -0.0523 -0.2717 -0.9610
vn 0.0830 -0.3437 -0.9354
vn 0.1942 -0.2778 -0.9408
vn -0.0313 -0.2747 -0.9610
vn -0.3891 -0.1531 -0.9084
vn -0.3277 -0.1937 -0.9247
vn -0.3416 -0.1926 -0.9199
vn -0.4262 -0.1781 -0.8869
vn -0.0068 -0.2698 -0.9629
vn 0.2738 -0.2400 -0.9314
vn 0.3679 -0.1788 -0.9125
vn 0.0695 -0.2138 -0.9744
vn -0.4167 -0.1951 -0.8879
vn -0.3387 -0.1879 -0.9220
vn -0.2907 -0.1712 -0.9414
vn -0.3645 -0.1608 -0.9172
vn 0.1277 -0.2359 -0.9634
vn 0.4170 -0.2034 -0.8859
vn 0.3871 -0.3505 -0.8528
vn 0.1316 -0.3551 -0.9255
vn 0.2022 -0.3285 -0.9226
vn 0.2869 -0.1306 -0.9490
vn -0.3890 -0.1612 -0.9070
vn -0.2702 -0.1979 -0.9423
vn -0.2952 -0.2698 -0.9166
vn -0.4575 -0.2064 -0.8649
vn -0.4462 -0.1679 -0.8790
vn -0.2852 -0.2640 -0.9214
vn -0.2687 -0.1843 -0.9454
vn -0.4078 -0.1269 -0.9042
vn 0.1115 -0.3416 -0.9332
vn 0.1171 -0.4118 -0.9037
vn 0.1038 -0.2396 -0.9653
vn 0.1155 -0.2856 -0.9514
vn -0.2598 -0.1596 -0.9524
vn -0.2385 -0.1271 -0.9628
vn -0.3720 -0.1254 -0.9197
vn -0.3599 -0.0852 -0.9291
vn -0.3741 -0.0467 -0.9262
vn -0.1990 -0.1105 -0.9738
vn -0.1186 -0.0213 -0.9927
vn -0.2886 0.0521 -0.9560
vn 0.0767 -0.1167 -0.9902
vn 0.0748 -0.1970 -0.9775
vn -0.1253 -0.3703 -0.9204
vn -0.3518 -0.6633 -0.6605
vn -0.0163 -0.3238 -0.9460
vn 0.2028 -0.3269 -0.9230
vn 0.1750 -0.4104 -0.8950
vn 0.0112 -0.7113 -0.7028
vn 0.0568 -0.4093 -0.9106
vn -0.0360 -0.3312 -0.9429
vn 0.1357 -0.4746 -0.8697
vn 0.1946 -0.4621 -0.8652
vn -0.1382 -0.2094 -0.9680
vn -0.1900 -0.2066 -0.9598
vn 0.0759 -0.3386 -0.9379
vn 0.1039 -0.3874 -0.9160
vn -0.1445 -0.2585 -0.9551
vn -0.0380 -0.2621 -0.9643
vn 0.1536 -0.3415 -0.9272
vn 0.1022 -0.3494 -0.9314
vn -0.0400 -0.2978 -0.9538
vn 0.0273 -0.3526 -0.9354
vn -0.1280 -0.2135 -0.9685
vn -0.5787 0.0186 -0.8154
vn -0.4991 -0.0903 -0.8618
vn -0.4366 -0.1327 -0.8898
vn -0.6889 -0.1099 -0.7165
vn -0.6567 -0.0634 -0.7515
vn -0.3658 -0.1894 -0.9112
vn -0.4012 -0.2299 -0.8867
vn -0.3097 -0.0776 -0.9477
vn -0.5759 0.0142 -0.8174
vn -0.6681 -0.1258 -0.7333
vn -0.4037 -0.1586 -0.9010
vn -0.3838 -0.1587 -0.9097
vn -0.5911 -0.0606 -0.8043
vn -0.5281 0.0135 -0.8491
vn -0.3641 -0.1150 -0.9242
vn -0.4673 -0.1911 -0.8632
vn -0.7040 -0.1281 -0.6985
vn -0.7353 -0.1480 -0.6614
vn -0.4763 -0.2100 -0.8539
vn -0.3867 -0.1272 -0.9134
vn -0.6203 -0.0075 -0.7843
vn -0.6070 0.0348 -0.7939
vn -0.4169 -0.1020 -0.9032
vn -0.5336 -0.1515 -0.8321
vn -0.7231 -0.0205 -0.6904
vn -0.7250 0.0264 -0.6883
vn -0.5346 -0.0961 -0.8396
vn -0.5216 -0.1075 -0.8464
vn -0.7532 0.0207 -0.6574
vn -0.7166 0.1364 -0.6840
vn -0.4938 -0.0396 -0.8687
vn -0.5534 0.0188 -0.8327
vn -0.7581 0.1396 -0.6370
vn -0.7854 0.1721 -0.5945
vn -0.6231 0.0723 -0.7788
vn -0.5649 0.1601 -0.8095
vn -0.7613 0.2097 -0.6135
vn -0.9273 0.3712 -0.0482
vn -0.9318 0.3613 -0.0343
vn -0.8224 0.1722 -0.5423
vn -0.7958 0.1840 -0.5770
vn -0.9188 0.0584 -0.3905
vn -0.9595 0.2552 0.1197
vn -0.5814 -0.0373 -0.8128
vn -0.5158 -0.0035 -0.8567
vn -0.9602 0.2261 0.1642
vn -0.9194 0.0712 -0.3869
vn -0.8839 0.1270 -0.4501
vn -0.9633 0.2397 0.1208
vn -0.9769 0.1355 0.1650
vn -0.9330 -0.0001 -0.3600
vn -0.8387 0.1085 -0.5337
vn -0.9600 0.2753 -0.0514
vn -0.8957 0.3845 -0.2232
vn -0.7348 0.1972 -0.6490
vn -0.8978 0.0420 -0.4385
vn -0.9596 0.2749 -0.0593
vn -0.9785 0.1719 0.1139
vn -0.9469 -0.0099 -0.3214
vn -0.8601 0.1485 -0.4881
vn -0.9462 0.3231 -0.0178
vn -0.9252 0.3782 -0.0310
vn -0.8275 0.1972 -0.5257
vn -0.9009 0.1594 -0.4037
vn -0.9423 0.3258 0.0770
vn -0.9488 0.2857 0.1347
vn -0.9177 0.1747 -0.3569
vn -0.9223 0.2043 -0.3281
vn -0.9428 0.3129 0.1153
vn -0.9575 0.2615 0.1218
vn -0.9066 0.2497 -0.3401
vn -0.9127 0.2224 -0.3428
vn -0.9634 0.2586 0.0705
vn -0.4728 0.3393 0.8132
vn -0.4099 0.4680 0.7829
vn -0.7589 0.4001 0.5137
vn -0.7810 0.1943 0.5935
vn -0.7389 0.4602 0.4921
vn -0.3707 0.4773 0.7967
vn -0.9619 0.2725 0.0206
vn -0.9818 0.0345 0.1867
vn -0.3350 0.4467 0.8296
vn -0.7222 0.4560 0.5200
vn -0.6967 0.3588 0.6211
vn -0.3304 0.3584 0.8731
vn -0.3368 0.3165 0.8868
vn -0.6898 0.3069 0.6558
vn -0.7146 0.3222 0.6209
vn -0.3608 0.3286 0.8728
vn -0.3600 0.3357 0.8705
vn -0.7268 0.2742 0.6297
vn -0.7585 0.3724 0.5349
vn -0.3533 0.4052 0.8432
vn -0.3633 0.4496 0.8160
vn -0.7613 0.4899 0.4248
vn -0.7504 0.4578 0.4768
vn -0.3763 0.4025 0.8345
vn -0.3717 0.3699 0.8515
vn -0.7349 0.3556 0.5775
vn -0.7348 0.4394 0.5167
vn -0.3720 0.4075 0.8340
vn -0.3888 0.3151 0.8658
vn -0.7351 0.4185 0.5333
vn -0.7393 0.3249 0.5898
vn -0.3793 0.2257 0.8973
vn -0.3468 0.1809 0.9203
vn -0.7468 0.2742 0.6058
vn -0.7590 0.2797 0.5880
vn -0.3297 0.1492 0.9322
vn -0.3674 0.0944 0.9253
vn -0.7898 0.2093 0.5766
vn -0.8218 0.2027 0.5326
vn -0.4468 0.0465 0.8934
vn -0.8282 0.5419 -0.1430
vn -0.6660 0.5522 0.5015
vn -0.6409 0.4863 0.5939
vn -0.8677 0.4970 -0.0073
vn -0.7422 0.5365 0.4017
vn -0.8057 0.4725 -0.3571
vn -0.9065 -0.0427 0.4200
vn -0.9301 -0.2943 0.2196
vn -0.8857 0.2889 0.3634
vn -0.9855 0.0658 -0.1561
vn -0.7459 -0.6310 -0.2132
vn -0.6669 -0.3993 -0.6291
vn -0.2396 -0.5364 -0.8093
vn -0.3682 -0.6679 -0.6468
vn -0.1823 -0.1922 -0.9643
vn -0.0999 -0.3580 -0.9284
vn -0.5818 0.0435 -0.8121
vn -0.2258 -0.0968 -0.9693
vn -0.1218 -0.2088 -0.9703
vn -0.1024 -0.2981 -0.9490
vn -0.8868 0.4420 -0.1353
vn -0.7736 0.5415 0.3291
vn -0.7931 0.2380 -0.5607
vn -0.4881 0.1751 -0.8551
vn -0.5558 0.4979 0.6657
vn -0.5593 0.3722 0.7407
vn -0.6492 0.3246 0.6879
vn -0.7087 0.4096 0.5745
vn -0.6157 0.2207 0.7564
vn -0.5712 0.2460 0.7831
vn -0.8608 0.1605 0.4830
vn -0.8663 0.2422 0.4369
vn -0.8681 0.3143 0.3842
vn -0.5792 0.1758 0.7960
vn -0.6024 0.1751 0.7787
vn -0.6023 0.1019 0.7918
vn -0.5877 0.0736 0.8057
vn -0.8581 0.0406 0.5119
vn -0.8606 0.1087 0.4975
vn -0.8626 -0.1492 0.4833
vn -0.8584 -0.0662 0.5086
vn -0.6080 -0.0225 0.7936
vn -0.6339 -0.1283 0.7627
vn -0.5741 -0.0676 0.8160
vn -0.5507 -0.1619 0.8188
vn -0.6004 -0.0812 0.7956
vn -0.7070 -0.0622 0.7045
vn -0.7691 0.0826 0.6338
vn -0.6724 0.0431 0.7389
vn -0.8927 0.0589 0.4468
vn -0.8854 -0.0960 0.4548
vn -0.5682 0.1370 0.8114
vn -0.3458 -0.1243 0.9300
vn -0.4695 -0.2565 0.8449
vn -0.6328 -0.0015 0.7743
vn -0.0582 -0.6226 0.7803
vn 0.0711 -0.4938 0.8666
vn -0.3210 -0.6363 0.7015
vn -0.6322 -0.1542 0.7593
vn -0.7931 -0.4692 0.3884
vn -0.8965 0.0380 0.4414
vn -0.7766 -0.0079 0.6299
vn -0.5905 -0.5246 0.6133
vn -0.6925 0.3449 0.6337
vn -0.8987 0.3196 0.3004
vn -0.7404 0.4342 0.5131
vn -0.5952 0.3811 0.7074
vn -0.9147 0.4023 -0.0394
vn -0.9751 0.2152 -0.0543
vn -0.7703 0.2754 0.5752
vn -0.6819 0.3081 0.6634
vn -0.6680 0.3383 0.6628
vn -0.7961 0.2613 0.5458
vn -0.4314 -0.7006 -0.5684
vn -0.4556 -0.7042 -0.5445
vn -0.4337 -0.7338 -0.5229
vn -0.4863 -0.7007 -0.5220
vn -0.4179 -0.7226 -0.5507
vn -0.3751 -0.7606 -0.5299
vn -0.4775 -0.7676 -0.4274
vn -0.5277 -0.7799 -0.3364
vn -0.5380 -0.6997 -0.4701
vn -0.4156 -0.7821 -0.4643
vn -0.2427 -0.8550 -0.4583
vn -0.5218 -0.7772 -0.3516
vn -0.7438 -0.5638 -0.3590
vn -0.9780 -0.0597 0.1999
vn -0.5918 -0.6129 -0.5236
vn -0.9708 -0.1896 0.1470
vn -0.9879 0.0831 0.1310
vn -0.9545 0.0542 0.2933
vn -0.9610 -0.1291 -0.2445
vn -0.9965 0.0742 -0.0383
vn -0.9938 0.0164 -0.1100
vn -0.9925 0.0490 -0.1124
vn -0.8341 -0.4385 -0.3345
vn -0.9541 -0.0662 0.2922
vn -0.3711 -0.7125 -0.5955
vn -0.4662 -0.7466 -0.4746
vn -0.9299 0.2602 -0.2600
vn -0.9613 0.1708 -0.2161
vn -0.7146 -0.5025 -0.4866
vn -0.7783 -0.4026 -0.4818
vn -0.6636 -0.5540 -0.5028
vn -0.9772 0.1197 -0.1756
vn -0.9692 0.1209 -0.2144
vn -0.6001 -0.5199 -0.6079
vn -0.6047 -0.4698 -0.6431
vn -0.9575 0.1887 -0.2181
vn -0.7961 -0.3154 -0.5165
vn -0.9418 0.3332 -0.0448
vn -0.8287 0.5164 0.2156
vn -0.9537 0.0027 -0.3008
vn -0.9506 0.2923 -0.1047
vn -0.9452 0.3189 -0.0706
vn -0.7049 0.6420 0.3016
vn -0.7721 0.5289 0.3524
vn -0.9501 0.2928 -0.1075
vn -0.8534 0.4519 0.2597
vn -0.9277 0.3549 0.1158
vn -0.9732 0.1675 -0.1577
vn -0.8900 0.4419 0.1126
vn -0.9522 0.2679 0.1468
vn -0.7111 0.5875 0.3864
vn -0.6267 0.6735 0.3920
vn -0.9938 0.0305 0.1073
vn -0.8960 0.3404 0.2852
vn -0.8136 0.5812 -0.0160
vn -0.8384 0.5432 0.0445
vn -0.6523 0.6873 0.3195
vn -0.7049 0.6694 0.2345
vn -0.8569 0.5147 -0.0295
vn -0.8255 0.5625 -0.0466
vn -0.7613 0.6224 0.1818
vn -0.7886 0.6046 0.1125
vn -0.8449 0.5348 -0.0072
vn -0.7744 0.6327 0.0020
vn -0.7369 0.6746 -0.0428
vn -0.7973 0.6035 -0.0066
vn -0.9577 0.2311 0.1713
vn -0.9772 0.1806 0.1116
vn -0.9877 0.1565 0.0040
vn -0.9583 0.2698 0.0939
vn -0.9926 0.1165 0.0339
vn -0.9821 0.1464 0.1184
vn -0.9485 0.2138 0.2338
vn -0.9257 0.2916 0.2410
vn -0.9667 0.1250 0.2232
vn -0.9811 0.1288 0.1446
vn -0.9690 0.2120 0.1267
vn -0.9692 0.2311 0.0849
vn -0.9900 0.0961 -0.1035
vn -0.9899 0.1296 -0.0573
vn -0.9866 0.1564 0.0457
vn -0.9830 0.1679 0.0747
vn -0.9935 0.1134 0.0116
vn -0.9937 0.0908 -0.0653
vn -0.9869 0.1606 -0.0159
vn -0.9856 0.1066 -0.1316
vn -0.9936 0.1102 0.0249
vn -0.9957 0.0911 0.0153
vn -0.9901 0.0920 0.1057
vn -0.9975 0.0560 -0.0431
vn -0.9866 0.1344 -0.0921
vn -0.9985 -0.0224 0.0508
vn -0.9924 0.0549 0.1104
vn -0.9757 0.0542 0.2125
vn -0.9778 -0.0146 0.2091
vn -0.9936 0.0726 0.0869
vn -0.9981 0.0586 -0.0194
vn -0.9996 0.0027 0.0290
vn -0.9985 0.0155 0.0516
vn -0.9978 -0.0172 -0.0633
vn -0.9983 0.0529 -0.0249
vn -0.9080 0.2258 -0.3530
vn -0.9337 0.0526 -0.3543
vn -0.7437 0.0723 -0.6646
vn -0.7454 0.2797 -0.6051
vn -0.9732 -0.1085 0.2027
vn -0.9612 -0.1906 0.1992
vn -0.9799 -0.1979 -0.0239
vn -0.9930 -0.1174 0.0145
vn -0.9935 -0.0345 -0.1088
vn -0.9978 -0.0664 0.0005
vn -0.9867 -0.0859 -0.1378
vn -0.9378 -0.0278 -0.3460
vn -0.9612 -0.1627 -0.2226
vn -0.9885 -0.1081 -0.1058
vn -0.9769 -0.0202 0.2126
vn -0.9680 -0.1658 0.1885
vn -0.9771 -0.1800 -0.1135
vn -0.9843 -0.0634 -0.1650
vn -0.5754 0.2813 -0.7680
vn -0.5578 0.0671 -0.8272
vn -0.4723 0.1591 -0.8670
vn -0.4466 0.2392 -0.8621
vn -0.8567 0.0112 -0.5156
vn -0.9544 -0.0501 -0.2943
vn -0.9049 0.0973 -0.4143
vn -0.8134 0.1781 -0.5538
vn -0.8706 -0.0263 -0.4914
vn -0.9178 -0.1408 -0.3713
vn -0.9569 -0.2845 0.0578
vn -0.9724 0.0607 0.2251
vn -0.9616 0.0926 -0.2584
vn -0.9051 -0.0539 -0.4217
vn -0.3375 0.0640 -0.9391
vn -0.5220 0.1736 -0.8351
vn -0.6076 0.0160 -0.7941
vn -0.2938 -0.1545 -0.9433
vn -0.6062 -0.0089 -0.7953
vn -0.7486 0.1546 -0.6447
vn -0.7944 0.2648 -0.5466
vn -0.7257 0.0431 -0.6866
vn -0.8365 0.0702 -0.5434
vn -0.8132 0.2866 -0.5066
vn -0.5226 -0.0289 -0.8521
vn -0.8454 0.1183 -0.5209
vn -0.9391 -0.0927 -0.3309
vn -0.6534 -0.1554 -0.7409
vn -0.5547 -0.0052 -0.8320
vn -0.4425 -0.2548 -0.8598
vn -0.2322 -0.1907 -0.9538
vn -0.4698 0.0464 -0.8816
vn -0.2737 -0.1475 -0.9504
vn -0.2172 -0.1672 -0.9617
vn -0.1672 -0.2634 -0.9501
vn -0.0409 -0.2501 -0.9674
vn -0.3080 -0.1981 -0.9305
vn -0.0574 -0.2322 -0.9710
vn -0.2172 -0.3225 -0.9213
vn -0.2960 -0.2620 -0.9185
vn -0.2761 -0.2295 -0.9333
vn -0.2167 -0.2448 -0.9451
vn -0.1078 -0.2583 -0.9600
vn 0.0256 -0.2579 -0.9658
vn 0.0697 -0.2676 -0.9610
vn -0.3400 -0.1833 -0.9224
vn -0.7118 -0.3327 -0.6185
vn -0.4122 -0.4570 -0.7882
vn -0.1508 0.2350 -0.9602
vn -0.6913 0.4195 -0.5883
vn 0.0595 0.6378 -0.7679
vn -0.4932 0.7964 -0.3500
vn 0.0074 0.4021 -0.9156
vn -0.5432 0.6827 -0.4888
vn 0.0044 -0.2239 -0.9746
vn -0.6069 0.1448 -0.7815
vn -0.1944 -0.5518 -0.8110
vn -0.9194 -0.0778 -0.3856
vn -0.9212 -0.0321 -0.3879
vn -0.3744 -0.4614 -0.8043
vn -0.4800 -0.4114 -0.7748
vn -0.9147 0.0690 -0.3982
vn -0.5387 -0.3862 -0.7488
vn -0.8971 0.1468 -0.4168
vn -0.8978 0.1567 -0.4115
vn -0.5658 -0.3902 -0.7263
vn -0.5962 -0.3870 -0.7034
vn -0.9211 0.1253 -0.3687
vn -0.9567 0.0618 -0.2843
vn -0.6449 -0.4000 -0.6513
vn -0.6979 -0.4480 -0.5588
vn -0.9829 -0.0590 -0.1744
vn -0.9566 -0.2586 -0.1344
vn -0.5858 -0.6026 -0.5419
vn -0.1178 -0.6501 -0.7506
vn -0.2076 -0.6241 -0.7532
vn -0.0940 -0.6292 -0.7715
vn 0.0241 -0.5979 -0.8012
vn 0.1363 -0.6908 -0.7101
vn 0.0901 -0.6418 -0.7615
vn -0.0488 -0.6607 -0.7491
vn -0.0365 -0.6913 -0.7216
vn 0.3003 -0.6098 -0.7334
vn 0.1977 -0.6824 -0.7038
vn 0.0028 -0.6850 -0.7286
vn 0.0603 -0.6587 -0.7500
vn 0.2572 -0.5158 -0.8172
vn 0.1535 -0.5935 -0.7900
vn 0.4073 -0.5289 -0.7446
vn 0.4572 -0.4818 -0.7475
vn 0.3947 0.1835 -0.9003
vn 0.4292 -0.2414 -0.8704
vn 0.4693 -0.4037 -0.7853
vn 0.3589 -0.2858 -0.8885
vn 0.0665 -0.0801 -0.9946
vn 0.2682 0.3195 -0.9088
vn 0.3543 -0.3165 -0.8799
vn 0.3671 -0.1922 -0.9101
vn -0.0341 -0.5245 -0.8507
vn 0.0234 -0.7527 -0.6579
vn 0.4147 -0.4872 -0.7685
vn 0.3665 -0.3875 -0.8459
vn 0.1914 -0.7796 -0.5964
vn 0.3983 -0.6154 -0.6801
vn 0.5088 -0.5513 -0.6612
vn 0.4861 -0.5680 -0.6642
vn 0.4639 -0.4439 -0.7666
vn 0.3860 -0.3904 -0.8358
vn 0.3851 -0.5268 -0.7578
vn 0.4822 -0.5154 -0.7084
vn 0.2057 -0.5089 -0.8359
vn 0.0231 -0.4747 -0.8798
vn -0.3670 -0.5922 -0.7174
vn 0.1217 -0.6575 -0.7436
vn -0.4565 -0.1921 -0.8687
vn 0.0193 -0.3805 -0.9246
vn -0.9773 -0.0357 0.2086
vn -0.9690 -0.1403 -0.2035
vn -0.8829 0.1930 -0.4280
vn -0.9677 0.0545 -0.2462
vn -0.9249 -0.1183 -0.3613
vn -0.9830 0.0554 -0.1753
vn -0.9805 -0.1154 0.1590
vn -0.6869 -0.1023 -0.7195
vn -0.8189 -0.4770 -0.3192
vn -0.5942 -0.0216 -0.8040
vn -0.4258 -0.0470 -0.9036
vn -0.6323 -0.0312 -0.7741
vn -0.6165 -0.0521 -0.7856
vn -0.6644 0.0272 -0.7469
vn -0.5605 -0.1495 -0.8146
vn -0.4258 -0.2216 -0.8772
vn -0.6566 0.1794 -0.7326
vn -0.7004 0.1226 -0.7031
vn -0.7269 0.2730 -0.6302
vn -0.7074 0.3889 -0.5902
vn -0.7533 0.1570 -0.6387
vn -0.6594 0.0193 -0.7516
vn -0.7232 0.5328 -0.4394
vn -0.5807 0.6574 -0.4803
vn -0.5998 0.7269 -0.3344
vn -0.6480 0.6154 -0.4488
vn -0.7994 0.4291 -0.4205
vn -0.5746 0.7898 -0.2147
vn 0.2099 -0.1992 -0.9572
vn 0.1832 -0.2786 -0.9428
vn 0.0700 -0.2194 -0.9731
vn 0.1343 -0.1520 -0.9792
vn -0.2406 -0.0395 -0.9698
vn -0.2979 0.1704 -0.9393
vn 0.2721 -0.1439 -0.9515
vn -0.2254 0.2998 -0.9270
vn -0.1337 0.3110 -0.9410
vn 0.3488 -0.1264 -0.9286
vn -0.7206 0.5686 -0.3968
vn -0.7431 0.4924 -0.4532
vn -0.1401 0.1210 -0.9827
vn -0.2245 0.2221 -0.9488
vn 0.1825 -0.0842 -0.9796
vn 0.2655 -0.1106 -0.9577
vn 0.3879 -0.1563 -0.9083
vn 0.3629 -0.1031 -0.9261
vn 0.3307 -0.1926 -0.9239
vn 0.3193 -0.1589 -0.9342
vn -0.1570 0.3135 -0.9365
vn -0.5304 0.6094 -0.5894
vn -0.2572 0.2080 -0.9437
vn -0.6084 0.4284 -0.6681
vn -0.6326 0.1619 -0.7574
vn -0.4633 0.1022 -0.8803
vn -0.8065 0.4566 -0.3756
vn -0.8522 0.4469 -0.2720
vn -0.9626 -0.1309 -0.2372
vn -0.9912 -0.1162 -0.0637
vn -0.9216 0.3424 0.1827
vn -0.9621 0.1763 -0.2081
vn -0.8677 0.4231 0.2609
vn -0.7941 0.4908 0.3585
vn -0.8758 0.4135 0.2490
vn -0.9476 0.2406 -0.2102
vn -0.7936 0.5342 0.2912
vn -0.7826 0.5718 0.2463
vn -0.5173 -0.1525 -0.8421
vn -0.6441 -0.1991 -0.7385
vn -0.9901 0.1124 -0.0846
vn -0.9401 0.2470 -0.2348
vn -0.8048 0.3282 0.4946
vn -0.7973 0.3913 0.4596
vn -0.8301 0.3419 0.4404
vn -0.8218 0.3076 0.4796
vn -0.9397 0.2328 0.2505
vn -0.9260 0.2728 0.2610
vn -0.9619 0.1350 -0.2378
vn -0.9644 0.1017 -0.2442
vn -0.7371 -0.0178 -0.6756
vn -0.7889 0.0796 -0.6093
vn -0.9668 0.2371 -0.0950
vn -0.9493 0.2708 -0.1598
vn -0.7507 0.4481 0.4854
vn -0.7479 0.4139 0.5189
vn -0.7292 0.3996 0.5554
vn -0.6734 0.4862 0.5569
vn -0.8520 0.4874 0.1911
vn -0.9038 0.3425 0.2565
vn -0.9327 0.2262 -0.2810
vn -0.8649 0.3795 -0.3285
vn -0.8412 -0.0375 -0.5394
vn -0.8533 -0.3556 -0.3813
vn -0.7731 0.0802 -0.6292
vn -0.5931 0.0008 -0.8052
vn -0.6926 -0.2414 -0.6798
vn -0.7505 -0.4830 -0.4511
vn -0.7529 -0.0225 -0.6577
vn -0.7699 -0.0611 -0.6352
vn -0.5250 -0.1820 -0.8314
vn -0.5508 -0.0594 -0.8325
vn -0.7603 0.0624 -0.6466
vn -0.7476 0.2317 -0.6224
vn -0.5333 0.0530 -0.8443
vn -0.5118 -0.1212 -0.8505
vn -0.8610 0.4181 -0.2896
vn -0.7715 0.2915 -0.5655
vn -0.8044 0.3013 -0.5120
vn -0.8774 0.4118 -0.2463
vn -0.6147 0.1659 -0.7711
vn -0.5774 0.1427 -0.8039
vn -0.2211 -0.0499 -0.9740
vn -0.1894 -0.1335 -0.9728
vn -0.2757 -0.0071 -0.9612
vn 0.1608 -0.1397 -0.9771
vn 0.1190 -0.1488 -0.9817
vn 0.0827 -0.1637 -0.9830
vn -0.8393 -0.0041 0.5436
vn -0.9303 -0.1052 -0.3515
vn -0.9589 0.1556 -0.2371
vn -0.9768 0.1987 0.0805
vn -0.9998 0.0069 0.0160
vn -0.7115 0.2955 0.6376
vn -0.8528 -0.1448 -0.5018
vn -0.8644 -0.2721 -0.4228
vn -0.9357 -0.0391 -0.3505
vn -0.9172 0.1396 -0.3732
vn -0.8016 -0.4632 -0.3780
vn -0.8542 -0.4385 -0.2793
vn -0.6936 -0.5103 -0.5084
vn -0.7924 -0.4378 -0.4248
vn -0.9839 -0.0081 -0.1783
vn -0.9768 0.0401 -0.2105
vn -0.5519 -0.3963 -0.7337
vn -0.4373 -0.1208 -0.8912
vn -0.6776 0.1742 -0.7145
vn -0.8891 -0.0115 -0.4576
vn -0.3699 -0.0733 -0.9262
vn -0.3181 -0.1876 -0.9293
vn -0.4385 0.1142 -0.8915
vn -0.5420 0.1802 -0.8208
vn -0.1138 -0.1388 -0.9838
vn -0.2389 -0.2176 -0.9463
vn -0.8647 0.4532 0.2166
vn -0.7845 0.4703 0.4042
vn -0.8996 0.4355 0.0319
vn -0.9060 0.4180 -0.0670
vn -0.8751 0.4794 0.0658
vn -0.9068 0.4014 0.1287
vn -0.8850 0.4557 -0.0956
vn -0.9034 0.4258 -0.0511
vn -0.8456 0.5208 0.1171
vn -0.8993 0.4294 -0.0832
vn -0.8914 0.2023 -0.4056
vn -0.9094 0.3291 -0.2542
vn -0.9388 0.2911 -0.1842
vn -0.9535 0.1977 -0.2275
vn -0.9405 0.3379 0.0349
vn -0.9827 0.1672 -0.0800
vn -0.8573 0.4914 0.1534
vn -0.7877 0.5442 0.2888
vn -0.7533 0.5634 0.3393
vn -0.7788 0.5400 0.3191
vn -0.9475 0.3175 0.0369
vn -0.9316 0.3327 0.1466
vn -0.9901 0.1077 -0.0898
vn -0.9685 0.0923 -0.2311
vn -0.8085 0.5683 0.1528
vn -0.7431 0.6563 -0.1307
vn -0.6877 0.7260 -0.0033
vn -0.7414 0.6377 0.2089
vn -0.8480 0.3011 -0.4361
vn -0.9227 0.1338 -0.3615
vn -0.9167 0.3751 -0.1378
vn -0.8110 0.5127 -0.2819
vn -0.6914 0.6325 -0.3491
vn -0.7155 0.5848 -0.3822
vn -0.6989 0.7102 -0.0846
vn -0.6081 0.7886 -0.0915
vn -0.7489 0.6395 -0.1739
vn -0.7540 0.5482 -0.3620
vn -0.6773 0.7014 -0.2220
vn -0.6965 0.7136 -0.0752
vn -0.8036 -0.3818 0.4566
vn -0.8542 -0.4822 0.1944
vn -0.8886 -0.4460 0.1069
vn -0.8920 -0.2766 0.3574
vn -0.8913 -0.4457 0.0830
vn -0.8716 -0.4663 0.1512
vn -0.9100 -0.4122 -0.0436
vn -0.8390 -0.4917 0.2330
vn -0.8278 -0.4447 0.3421
vn -0.9362 -0.3362 0.1021
vn -0.7400 -0.0505 0.6707
vn -0.8241 0.0781 0.5611
vn -0.7529 0.1895 0.6302
vn -0.6879 0.0741 0.7221
vn -0.8276 -0.1964 0.5258
vn -0.9402 -0.1288 0.3154
vn -0.7215 -0.0769 0.6882
vn -0.7750 0.0941 0.6249
vn -0.8074 0.1261 0.5764
vn -0.9715 -0.2245 0.0754
vn -0.9801 -0.1477 0.1324
vn -0.8153 0.1015 0.5701
vn -0.9733 -0.2294 -0.0078
vn -0.9311 -0.3531 -0.0920
vn -0.7598 0.1333 0.6363
vn -0.7394 0.1951 0.6444
vn -0.9538 -0.1452 0.2632
vn -0.9522 -0.0909 0.2917
vn -0.6900 0.2392 0.6832
vn -0.6900 0.2092 0.6929
vn -0.9328 0.0089 0.3602
vn -0.9196 -0.0952 0.3812
vn -0.8060 0.1541 0.5715
vn -0.9853 -0.1216 0.1197
vn -0.9774 -0.0189 0.2104
vn -0.7479 0.2481 0.6157
vn -0.9868 -0.1622 -0.0025
vn -0.9767 -0.2093 -0.0469
vn -0.9780 0.2066 0.0276
vn -0.7598 0.3885 0.5213
vn -0.7825 0.3015 0.5448
vn -0.9921 0.0911 -0.0859
vn -0.5248 0.3166 0.7902
vn -0.5356 0.3540 0.7667
vn -0.6690 0.3404 0.6608
vn -0.9304 0.1403 0.3386
vn -0.8579 0.2340 0.4575
vn -0.5966 0.3872 0.7029
vn -0.9999 0.0079 -0.0136
vn -0.9982 -0.0586 0.0131
vn -0.8669 0.0699 0.4936
vn -0.7514 0.1513 0.6423
vn -0.9480 -0.0399 0.3157
vn -0.9585 -0.0723 0.2758
vn -0.9979 -0.0274 0.0585
vn -0.9940 -0.0829 0.0713
vn -0.7624 0.1786 0.6220
vn -0.9252 0.1017 0.3657
vn -0.9976 0.0200 -0.0665
vn -0.9698 0.0650 0.2349
vn -0.9987 0.0029 -0.0517
vn -0.9393 -0.0746 -0.3350
vn -0.8890 -0.0625 -0.4536
vn -0.9426 0.0033 -0.3340
vn -0.9959 0.0859 -0.0267
vn -0.7659 0.3060 0.5654
vn -0.5492 0.3485 0.7596
vn -0.9325 -0.3600 0.0280
vn -0.9723 -0.2103 -0.1023
vn -0.9549 -0.1893 -0.2287
vn -0.9242 -0.3820 0.0008
vn -0.9429 -0.0979 -0.3183
vn -0.8529 -0.0507 -0.5197
vn -0.5967 -0.0689 -0.7995
vn -0.7588 -0.0551 -0.6490
vn -0.5305 -0.1112 -0.8404
vn -0.5394 0.0777 -0.8385
vn -0.6703 0.0989 -0.7355
vn -0.7545 -0.1517 -0.6385
vn -0.6779 0.2651 -0.6857
vn -0.8338 0.0750 -0.5470
vn -0.8043 -0.1729 -0.5685
vn -0.7836 -0.1453 -0.6040
vn -0.8496 -0.1298 -0.5112
vn -0.8492 -0.1309 -0.5115
vn -0.7663 -0.0485 -0.6406
vn -0.6531 -0.1282 -0.7464
vn -0.8833 0.1701 -0.4368
vn -0.9201 0.3326 -0.2070
vn -0.9661 0.1662 -0.1974
vn -0.9475 -0.0125 -0.3194
vn -0.9194 -0.2068 -0.3345
vn -0.8773 -0.1815 -0.4443
vn -0.7519 -0.1751 -0.6355
vn -0.8639 -0.1901 -0.4665
vn -0.9162 -0.1502 -0.3716
vn -0.9454 -0.0390 -0.3237
vn -0.9369 -0.1848 -0.2966
vn -0.9059 -0.2030 -0.3717
vn 0.1976 0.5102 0.8370
vn 0.2718 0.4651 0.8425
vn -0.0377 0.4798 0.8766
vn -0.1071 0.4638 0.8794
vn 0.0041 0.4444 0.8958
vn 0.3048 0.3865 0.8705
vn 0.2926 0.2907 0.9110
vn 0.0073 0.3723 0.9281
vn -0.0233 0.3108 0.9502
vn 0.2751 0.2584 0.9260
vn 0.2774 0.2770 0.9199
vn 0.2801 0.2922 0.9144
vn -0.0221 0.3213 0.9467
vn -0.0278 0.3016 0.9530
vn 0.2676 0.2946 0.9174
vn -0.0049 0.3305 0.9438
vn 0.0070 0.3581 0.9337
vn 0.2618 0.2898 0.9206
vn 0.2556 0.2881 0.9229
vn 0.0019 0.3633 0.9317
vn -0.0013 0.3260 0.9454
vn 0.2605 0.2708 0.9267
vn 0.2774 0.2506 0.9275
vn 0.0087 0.3131 0.9497
vn 0.0087 0.2836 0.9589
vn 0.2840 0.1807 0.9416
vn 0.2948 0.0948 0.9508
vn 0.0025 0.1857 0.9826
vn 0.0425 0.1202 0.9918
vn 0.3300 0.0363 0.9433
vn 0.3113 -0.0300 0.9498
vn 0.1005 0.0675 0.9926
vn 0.1099 0.0198 0.9937
vn 0.1936 -0.0623 0.9791
vn 0.1332 -0.1105 0.9849
vn 0.0244 -0.0894 0.9957
vn 0.0754 -0.0218 0.9969
vn 0.1497 -0.0616 0.9868
vn 0.3669 -0.0473 0.9291
vn 0.0858 -0.0654 0.9942
vn 0.1342 -0.1317 0.9822
vn 0.3760 -0.1751 0.9099
vn 0.4000 -0.0617 0.9144
vn 0.0973 -0.1034 0.9899
vn 0.0064 0.3918 0.9200
vn 0.2275 0.4025 0.8867
vn 0.3180 0.4709 0.8229
vn 0.1624 0.4518 0.8772
vn 0.3351 0.5111 0.7915
vn 0.2098 0.5125 0.8327
vn -0.1252 0.2954 0.9471
vn 0.1957 0.2653 0.9441
vn 0.1969 0.3054 0.9317
vn -0.0940 0.3241 0.9413
vn -0.1391 0.3192 0.9374
vn 0.1556 0.2937 0.9431
vn 0.1844 0.2823 0.9414
vn -0.1286 0.2912 0.9480
vn -0.0775 0.3945 0.9156
vn 0.1292 0.3184 0.9391
vn 0.1312 0.2981 0.9455
vn -0.1199 0.3473 0.9301
vn -0.0012 0.4049 0.9144
vn 0.1785 0.3206 0.9302
vn 0.1530 0.3247 0.9334
vn -0.0328 0.4154 0.9090
vn -0.0482 0.3306 0.9425
vn 0.1902 0.2591 0.9469
vn 0.1956 0.3065 0.9316
vn -0.0022 0.3693 0.9293
vn -0.1106 0.3058 0.9456
vn 0.1822 0.2107 0.9604
vn 0.1496 0.1961 0.9691
vn -0.1316 0.3378 0.9320
vn -0.0408 0.3839 0.9225
vn 0.1336 0.3562 0.9248
vn 0.1243 0.0554 0.9907
vn 0.1140 0.1231 0.9858
vn 0.2994 0.3156 0.9004
vn 0.2360 -0.0368 0.9711
vn 0.4488 -0.0793 0.8901
vn 0.4276 0.3520 0.8326
vn -0.0951 0.5300 0.8426
vn -0.0881 0.4363 0.8955
vn -0.2875 0.4482 0.8465
vn -0.2729 0.5361 0.7988
vn -0.3200 0.3582 0.8771
vn -0.1399 0.3535 0.9249
vn -0.2049 0.3003 0.9316
vn -0.3861 0.2897 0.8758
vn -0.4447 0.2829 0.8498
vn -0.2613 0.2917 0.9201
vn -0.2719 0.3075 0.9119
vn -0.4501 0.3251 0.8317
vn -0.4325 0.3572 0.8278
vn -0.2568 0.3457 0.9025
vn -0.2329 0.4048 0.8843
vn -0.4186 0.4017 0.8145
vn -0.3750 0.4898 0.7871
vn -0.1934 0.4628 0.8651
vn -0.8525 0.4351 0.2898
vn -0.5864 0.3944 0.7075
vn -0.5612 0.5081 0.6534
vn -0.8021 0.5176 0.2979
vn -0.4995 0.5682 0.6540
vn -0.7344 0.5521 0.3947
vn -0.6746 0.2816 0.6823
vn -0.6376 0.2997 0.7097
vn -0.9023 0.3310 0.2763
vn -0.9123 0.3111 0.2663
vn -0.6060 0.4215 0.6746
vn -0.6653 0.3516 0.6586
vn -0.8616 0.4048 0.3064
vn -0.7913 0.5105 0.3364
vn -0.6059 0.4034 0.6856
vn -0.6813 0.3627 0.6359
vn -0.5383 0.3263 0.7770
vn -0.7492 0.4011 0.5270
vn -0.7253 0.3434 0.5966
vn -0.8003 0.4005 0.4462
vn -0.5639 0.2323 0.7925
vn -0.6438 0.1465 0.7510
vn -0.8664 0.2308 0.4428
vn -0.7796 0.3064 0.5462
vn -0.6904 0.1239 0.7128
vn -0.7836 0.2233 0.5797
vn -0.9118 0.2945 0.2863
vn -0.8951 0.2231 0.3859
vn -0.7729 0.4373 0.4598
vn -0.6971 0.6168 0.3654
vn -0.8012 0.5867 0.1178
vn -0.8680 0.4558 0.1968
vn -0.5979 0.7294 0.3324
vn -0.5131 0.7928 0.3288
vn -0.6895 0.7115 0.1355
vn -0.7483 0.6559 0.0991
vn -0.4526 0.8116 0.3694
vn -0.4422 0.7891 0.4263
vn -0.6209 0.7492 0.2306
vn -0.6292 0.7511 0.1999
vn -0.5195 0.7280 0.4475
vn -0.4679 0.7603 0.4505
vn -0.6702 0.7067 0.2265
vn -0.6435 0.7321 0.2235
vn -0.6716 0.6828 0.2878
vn -0.6851 0.6783 0.2658
vn -0.5584 0.6974 0.4493
vn -0.5415 0.7120 0.4471
vn -0.4134 0.8565 0.3092
vn -0.4853 0.7782 0.3986
vn -0.5453 0.8277 0.1325
vn -0.6111 0.7532 0.2435
vn -0.3361 0.9101 0.2425
vn -0.3133 0.9143 0.2567
vn -0.5393 0.8402 -0.0568
vn -0.5217 0.8531 0.0102
vn -0.8548 0.4140 0.3128
vn -0.8434 0.3689 0.3906
vn -0.8875 0.3644 0.2821
vn -0.8876 0.4084 0.2131
vn -0.9451 0.2825 0.1644
vn -0.9355 0.3413 0.0919
vn -0.9595 0.2815 0.0042
vn -0.9520 0.3037 -0.0370
vn -0.9183 0.3946 0.0314
vn -0.9450 0.3236 -0.0474
vn -0.9467 0.3205 -0.0325
vn -0.9586 0.2627 0.1099
vn -0.9437 0.3178 0.0921
vn -0.9050 0.4170 -0.0836
vn -0.9080 0.4158 -0.0515
vn -0.8755 0.4824 -0.0275
vn -0.8535 0.5167 -0.0682
vn -0.8904 0.4500 0.0682
vn -0.8197 0.5715 0.0392
vn -0.7878 0.6149 0.0373
vn -0.7664 0.6392 0.0641
vn -0.8028 0.5961 0.0157
vn -0.8224 0.5687 -0.0116
vn -0.7178 0.6933 0.0634
vn -0.7365 0.6713 0.0829
vn -0.7596 0.6500 -0.0209
vn -0.7846 0.6200 -0.0014
vn -0.7558 0.6535 -0.0411
vn -0.7390 0.6728 -0.0343
vn -0.7318 0.6807 0.0334
vn -0.7650 0.6433 0.0313
vn -0.8267 0.5575 -0.0760
vn -0.7942 0.6050 -0.0560
vn -0.7906 0.6098 0.0557
vn -0.7955 0.6020 0.0689
vn -0.7325 0.6668 -0.1376
vn -0.8228 0.5593 -0.1009
vn -0.7472 0.6635 0.0378
vn -0.6355 0.7705 -0.0506
vn -0.7488 0.4898 0.4466
vn -0.5636 0.5978 0.5701
vn -0.1666 0.5145 0.8412
vn -0.8288 0.4058 0.3852
vn -0.6982 0.4087 0.5878
vn -0.8129 0.4073 0.4163
vn -0.8314 0.4752 0.2879
vn -0.8212 0.3879 0.4184
vn -0.8213 0.4078 0.3989
vn -0.8810 0.4493 0.1482
vn 0.0091 -0.4521 -0.8919
vn -0.1823 -0.5435 -0.8194
vn -0.1931 -0.6058 -0.7719
vn 0.0612 -0.5406 -0.8390
vn -0.1702 -0.5043 -0.8466
vn -0.2031 -0.5445 -0.8138
vn -0.5573 -0.3304 -0.7617
vn -0.2065 -0.6310 -0.7478
vn -0.1482 -0.4294 -0.8909
vn -0.3228 -0.2953 -0.8992
vn 0.1274 -0.3684 -0.9209
vn 0.2201 -0.2944 -0.9300
vn 0.0683 -0.3358 -0.9395
vn -0.1963 -0.4169 -0.8875
vn 0.2263 -0.5012 -0.8352
vn 0.3012 -0.4475 -0.8421
vn 0.1990 -0.4187 -0.8861
vn 0.1663 -0.6078 -0.7765
vn 0.1643 -0.4001 -0.9016
vn 0.2749 -0.3610 -0.8911
vn -0.6019 -0.3766 -0.7042
vn -0.4192 -0.4011 -0.8145
vn -0.0351 -0.7008 -0.7125
vn -0.1172 -0.6806 -0.7232
vn -0.0020 -0.3363 -0.9417
vn 0.1028 -0.2755 -0.9558
vn -0.1381 -0.2673 -0.9537
vn -0.2583 -0.3820 -0.8873
vn -0.2194 -0.6778 -0.7018
vn -0.0077 -0.6289 -0.7775
vn 0.0947 -0.7272 -0.6798
vn -0.0186 -0.7649 -0.6438
vn -0.0920 -0.4741 -0.8756
vn -0.3112 -0.5119 -0.8007
vn -0.4575 -0.2527 -0.8525
vn -0.5545 -0.4019 -0.7287
vn -0.7938 -0.2302 -0.5630
vn -0.8176 -0.3574 -0.4515
vn -0.4437 -0.7482 -0.4933
vn -0.1485 -0.7230 -0.6747
vn -0.3329 -0.4355 -0.8364
vn -0.6040 -0.5733 -0.5536
vn -0.7002 -0.5994 -0.3878
vn -0.4580 -0.6667 -0.5880
vn -0.2546 -0.7782 -0.5741
vn -0.5466 -0.7301 -0.4101
vn -0.5594 -0.5172 -0.6477
vn -0.7867 -0.4615 -0.4100
vn -0.5587 -0.7747 0.2960
vn -0.6429 -0.7603 -0.0927
vn -0.6848 -0.7285 -0.0183
vn -0.6137 -0.6189 0.4902
vn -0.3838 -0.7957 0.4686
vn -0.2822 -0.7432 0.6066
vn -0.9586 -0.2560 -0.1247
vn -0.9688 -0.1896 -0.1599
vn -0.9666 -0.0553 0.2503
vn -0.9340 -0.1577 0.3206
vn -0.8157 -0.2602 0.5166
vn -0.8914 -0.4516 0.0391
vn -0.8292 -0.5586 0.0209
vn -0.8359 -0.2852 0.4689
vn -0.9257 -0.3761 -0.0398
vn -0.8074 -0.3451 0.4786
vn -0.0458 -0.6752 0.7362
vn 0.1506 -0.5704 0.8074
vn -0.1390 -0.3437 0.9287
vn -0.3967 -0.4629 0.7927
vn -0.4829 0.0767 0.8723
vn -0.5305 0.2445 0.8116
vn -0.7965 0.1079 0.5950
vn -0.7400 -0.0573 0.6701
vn -0.4564 0.0281 0.8893
vn -0.6960 -0.0621 0.7153
vn -0.6622 -0.1082 0.7414
vn -0.5155 0.0093 0.8568
vn -0.5670 -0.3043 0.7655
vn -0.4060 -0.1429 0.9026
vn -0.0603 -0.1060 0.9925
vn -0.1676 -0.2255 0.9597
vn -0.4739 0.0502 0.8792
vn -0.5301 0.1701 0.8307
vn 0.1954 -0.2681 0.9434
vn 0.1353 -0.4425 0.8865
vn 0.1034 0.3957 0.9126
vn 0.1470 0.4934 0.8573
vn -0.1872 0.3948 0.8995
vn -0.1973 0.2490 0.9482
vn 0.2278 -0.5014 0.8347
vn 0.0954 -0.3070 0.9469
vn 0.1882 0.1604 0.9689
vn 0.2505 0.3001 0.9204
vn -0.1983 0.3887 0.8998
vn 0.0785 0.2358 0.9686
vn 0.1480 0.0275 0.9886
vn -0.6383 0.4606 0.6168
vn -0.7434 0.4205 0.5201
vn 0.2844 0.4605 0.8409
vn 0.3429 0.4980 0.7965
vn 0.1042 0.5740 0.8122
vn 0.2627 0.3753 0.8889
vn 0.0618 0.3171 0.9464
vn -0.2941 0.6098 0.7359
vn -0.1996 0.1194 0.9726
vn -0.2422 0.1204 0.9627
vn -0.1414 0.0069 0.9899
vn -0.8087 0.3448 0.4766
vn -0.8305 0.2559 0.4947
vn -0.7279 0.1658 0.6653
vn -0.8161 0.2313 0.5296
vn -0.7371 0.1883 0.6491
vn -0.7476 0.2689 0.6073
vn -0.8931 0.3208 0.3153
vn -0.6758 0.3880 0.6267
vn -0.5892 0.5010 0.6339
vn -0.7638 0.4580 0.4549
vn -0.7205 0.2602 0.6428
vn -0.9333 0.2983 0.2000
vn -0.9420 0.2949 0.1605
vn -0.7388 0.1765 0.6504
vn -0.7421 0.0383 0.6692
vn -0.9202 0.2703 0.2830
vn -0.7848 0.0003 0.6198
vn -0.7009 -0.0867 0.7080
vn -0.6396 -0.1304 0.7575
vn -0.6542 0.1129 0.7479
vn -0.5997 0.1465 0.7867
vn -0.6248 -0.0601 0.7785
vn -0.5885 0.1598 0.7925
vn -0.6737 0.2058 0.7098
vn -0.8927 0.2493 0.3753
vn -0.9256 0.2158 0.3111
vn -0.8437 0.1598 0.5125
vn -0.8621 0.3661 0.3503
vn -0.7680 0.3503 0.5361
vn -0.9104 0.3961 0.1194
vn -0.8204 0.3122 0.4791
vn -0.8999 0.3611 0.2446
vn -0.8571 0.4471 0.2558
vn -0.9153 0.3707 0.1572
vn -0.8921 0.1628 0.4216
vn -0.8078 0.2060 0.5523
vn -0.9131 -0.3585 -0.1941
vn -0.8385 -0.5406 -0.0684
vn -0.9129 -0.3411 0.2244
vn -0.9236 -0.3630 0.1234
vn -0.6479 -0.2554 -0.7176
vn -0.8309 -0.3540 -0.4292
vn -0.9289 -0.3688 -0.0348
vn -0.9170 -0.2604 -0.3023
vn -0.7753 -0.0199 -0.6313
vn -0.6005 0.1802 -0.7791
vn -0.2593 0.0342 -0.9652
vn -0.3892 -0.0849 -0.9172
vn -0.7413 0.0859 -0.6656
vn -0.8724 -0.1592 -0.4621
vn -0.6873 -0.3179 -0.6531
vn -0.4735 -0.1028 -0.8748
vn -0.9259 -0.2171 -0.3092
vn -0.9488 -0.1920 -0.2509
vn -0.7867 -0.2355 -0.5706
vn -0.7776 -0.3252 -0.5381
vn -0.9226 -0.1537 -0.3538
vn -0.8436 -0.0377 -0.5356
vn -0.5893 -0.0507 -0.8063
vn -0.7038 -0.1278 -0.6988
vn -0.7768 0.0674 -0.6262
vn -0.8583 0.0380 -0.5117
vn -0.6873 -0.1974 -0.6991
vn -0.5977 -0.0715 -0.7985
vn -0.9778 0.0214 -0.2084
vn -0.9488 0.0167 -0.3153
vn -0.7598 -0.3147 -0.5690
vn -0.7772 -0.3498 -0.5231
vn -0.9421 0.0026 -0.3353
vn -0.9711 -0.0035 -0.2385
vn -0.7653 -0.3645 -0.5306
vn -0.7342 -0.3522 -0.5804
vn -0.9043 0.0562 -0.4232
vn -0.8608 0.2043 -0.4661
vn -0.7193 -0.3015 -0.6258
vn -0.7136 -0.2020 -0.6708
vn -0.7952 0.5410 -0.2737
vn -0.8064 0.4248 -0.4115
vn -0.6927 -0.0574 -0.7190
vn -0.7210 0.1161 -0.6831
vn -0.2606 -0.3857 -0.8850
vn -0.2044 -0.4490 -0.8698
vn -0.2576 -0.2616 -0.9302
vn 0.1699 -0.2588 -0.9509
vn 0.2969 -0.3279 -0.8969
vn 0.3153 -0.3861 -0.8669
vn -0.2263 -0.1356 -0.9646
vn -0.2603 -0.0971 -0.9606
vn -0.1259 -0.1663 -0.9780
vn 0.0098 -0.1901 -0.9817
vn -0.3531 -0.1732 -0.9194
vn -0.4125 -0.3412 -0.8446
vn -0.2468 -0.3744 -0.8938
vn -0.2112 -0.2368 -0.9483
vn -0.4074 -0.5089 -0.7583
vn -0.2460 -0.5279 -0.8129
vn -0.3857 -0.6004 -0.7005
vn -0.2133 -0.6388 -0.7392
vn -0.3309 -0.6414 -0.6922
vn -0.3783 -0.6383 -0.6704
vn -0.1339 -0.6933 -0.7081
vn -0.0030 -0.6941 -0.7198
vn -0.1401 -0.6709 -0.7282
vn -0.2570 -0.6534 -0.7120
vn 0.2601 -0.7215 -0.6418
vn 0.1455 -0.6961 -0.7031
vn -0.1070 -0.5734 -0.8122
vn -0.0385 -0.6518 -0.7574
vn 0.3092 -0.7472 -0.5882
vn 0.2702 -0.7634 -0.5867
vn -0.8440 0.5130 0.1565
vn -0.7284 0.4982 0.4703
vn -0.7809 0.5126 0.3570
vn -0.8661 0.4870 0.1132
vn -0.5830 0.2077 -0.7854
vn -0.2836 0.0347 -0.9583
vn -0.1310 0.1977 -0.9715
vn -0.4581 0.4236 -0.7815
vn 0.1933 0.0161 -0.9810
vn 0.1749 -0.1147 -0.9779
vn -0.7736 0.5926 -0.2245
vn -0.6512 0.5746 -0.4957
vn -0.7911 0.3342 -0.5123
vn -0.8748 0.4302 -0.2230
vn -0.8701 0.4073 -0.2776
vn -0.4387 0.8555 0.2750
vn -0.7036 0.5949 0.3887
vn -0.8346 0.4759 0.2773
vn -0.2134 0.8559 0.4711
vn -0.6008 0.7954 0.0800
vn -0.8161 0.5728 0.0773
vn -0.6063 0.6747 0.4209
vn 0.6362 0.7712 0.0234
vn 0.0163 0.8442 -0.5357
vn -0.3304 0.9297 -0.1625
vn 0.2240 0.9283 0.2969
vn 0.6335 0.0229 -0.7734
vn 0.4456 0.4207 -0.7902
vn 0.9207 0.3198 -0.2238
vn 0.9252 0.0221 -0.3787
vn 0.3626 -0.1178 -0.9245
vn 0.0951 0.0958 -0.9908
vn 0.3416 0.3156 -0.8853
vn 0.6423 0.0262 -0.7660
vn -0.1673 0.7689 -0.6171
vn -0.4431 0.4011 -0.8017
vn -0.6805 0.7106 -0.1790
vn -0.4491 0.8929 0.0317
vn -0.6307 0.7253 0.2760
vn -0.7199 0.6940 -0.0009
vn -0.7823 0.6223 -0.0271
vn -0.8349 0.5305 -0.1463
vn -0.7637 0.6182 0.1860
vn -0.8621 0.5041 -0.0523
vn -0.8893 0.3691 -0.2700
vn -0.8547 0.4555 -0.2489
vn -0.8328 0.1889 -0.5203
vn -0.8132 0.1161 -0.5703
vn -0.3871 -0.3799 -0.8401
vn -0.3692 -0.4378 -0.8198
vn 0.0765 -0.6908 -0.7189
vn 0.1447 -0.7335 -0.6642
vn 0.6486 -0.2273 -0.7264
vn 0.2505 -0.5356 -0.8065
vn -0.1066 -0.2894 -0.9513
vn 0.5155 0.0975 -0.8513
vn -0.6406 0.2066 -0.7396
vn -0.0179 0.5169 -0.8559
vn -0.6968 0.6418 -0.3203
vn 0.1019 0.8907 -0.4431
vn -0.5978 0.8008 -0.0367
vn 0.1769 0.9786 -0.1047
vn 0.7834 0.5984 -0.1680
vn 0.7342 0.4642 -0.4955
vn 0.8846 0.0764 -0.4601
vn 0.9345 0.2833 -0.2156
vn 0.3287 0.8207 0.4673
vn 0.2855 0.9242 0.2537
vn -0.4589 0.8422 0.2831
vn -0.3021 0.8361 0.4579
vn 0.6698 -0.4576 -0.5848
vn 0.3403 -0.6390 -0.6898
vn 0.2099 -0.7258 -0.6551
vn 0.5900 -0.6276 -0.5080
vn 0.7876 0.5371 0.3021
vn 0.8231 0.5540 0.1246
vn 0.9824 0.1823 -0.0405
vn 0.9868 0.1398 0.0813
vn 0.9381 -0.1475 -0.3133
vn 0.9468 -0.2692 -0.1766
vn -0.1708 -0.0152 -0.9852
vn -0.2742 -0.2268 -0.9345
vn -0.6300 -0.1220 -0.7670
vn -0.5415 0.0722 -0.8376
vn 0.3368 -0.4521 -0.8260
vn 0.3350 -0.4288 -0.8390
vn 0.1104 -0.4239 -0.8989
vn 0.1140 -0.4397 -0.8909
vn 0.1453 -0.3409 -0.9288
vn 0.1243 -0.3732 -0.9194
vn 0.3365 -0.3704 -0.8658
vn 0.3105 -0.3372 -0.8887
vn -0.9661 -0.0498 -0.2534
vn -0.9422 0.1672 -0.2904
vn -0.8769 0.1661 0.4511
vn -0.9153 0.0620 0.3980
vn -0.3245 -0.3556 -0.8765
vn -0.2914 -0.3298 -0.8979
vn -0.7480 -0.1565 -0.6449
vn -0.6806 -0.2347 -0.6941
vn -0.2635 -0.2826 -0.9223
vn -0.2514 -0.2071 -0.9455
vn -0.7203 0.0419 -0.6924
vn -0.7797 -0.0568 -0.6235
vn -0.9818 -0.1111 -0.1543
vn -0.9417 0.0859 0.3254
vn -0.9976 0.0449 -0.0529
vn -0.9525 0.2024 0.2277
vn -0.9092 0.2606 0.3246
vn -0.8578 0.2481 0.4501
vn -0.9076 0.4166 0.0520
vn -0.9112 0.4062 -0.0689
vn -0.9101 0.3925 -0.1328
vn -0.9724 0.2333 -0.0084
vn -0.9135 0.3627 0.1841
vn -0.8245 0.5419 0.1629
vn -0.7863 0.3730 -0.4926
vn -0.7719 0.4202 -0.4770
vn -0.2598 0.1016 -0.9603
vn -0.4207 0.0709 -0.9044
vn -0.9390 0.3396 0.0538
vn -0.9319 0.3120 0.1851
vn -0.8976 0.4120 -0.1571
vn -0.8867 0.4081 -0.2172
vn -0.8133 0.5795 0.0524
vn -0.8980 0.4398 0.0125
vn -0.8456 0.4813 -0.2309
vn -0.7597 0.6140 -0.2142
vn 0.1068 -0.2967 -0.9490
vn 0.2522 -0.2496 -0.9349
vn -0.0202 -0.3656 -0.9306
vn 0.2220 -0.2824 -0.9333
vn -0.8102 0.3787 -0.4473
vn -0.8011 0.3571 -0.4803
vn -0.5345 0.1432 -0.8330
vn -0.5954 0.2258 -0.7711
vn -0.6442 0.6421 -0.4156
vn -0.7594 0.4941 -0.4232
vn -0.5459 0.4500 -0.7067
vn -0.4260 0.6304 -0.6490
vn -0.4529 -0.0086 -0.8915
vn -0.7400 0.1251 -0.6608
vn -0.6102 -0.1959 -0.7677
vn -0.7503 -0.1136 -0.6512
vn -0.0422 -0.1997 -0.9790
vn -0.1337 -0.0196 -0.9908
vn -0.2638 -0.0663 -0.9623
vn -0.2000 -0.2952 -0.9343
vn -0.2842 0.5317 -0.7978
vn -0.1704 0.2864 -0.9428
vn -0.6007 0.4729 -0.6447
vn -0.3640 0.2566 -0.8954
vn -0.6805 0.0531 -0.7308
vn -0.6607 -0.1498 -0.7356
vn -0.7286 -0.0978 -0.6780
vn -0.7272 0.0596 -0.6838
vn -0.7052 0.2644 -0.6578
vn -0.7342 0.2031 -0.6478
vn -0.7800 0.3742 -0.5015
vn -0.7588 0.2994 -0.5784
vn -0.9980 0.0196 0.0605
vn -0.8847 -0.0910 -0.4572
vn -0.9798 -0.1984 -0.0232
vn -0.7359 -0.2947 -0.6097
vn -0.9129 0.1133 -0.3922
vn -0.9337 0.3132 0.1734
vn -0.8686 0.3778 -0.3205
vn -0.8227 0.5177 0.2348
vn -0.7450 0.6168 -0.2538
vn -0.8286 0.5325 0.1730
vn -0.8758 0.4032 -0.2652
vn -0.7038 0.5427 -0.4584
vn -0.7388 0.3218 -0.5921
vn -0.8840 0.2357 -0.4037
vn -0.7017 0.1314 -0.7002
vn -0.8448 0.0753 -0.5298
vn -0.8865 0.4498 0.1090
vn -0.6887 0.6930 -0.2130
vn -0.7561 0.6414 -0.1301
vn -0.9131 0.3798 0.1480
vn -0.9599 0.2800 -0.0147
vn -0.9398 0.2806 0.1951
vn -0.6224 0.6842 -0.3801
vn -0.8252 0.5380 -0.1720
vn -0.7774 0.6224 -0.0907
vn -0.5824 0.7538 -0.3043
vn -0.8684 0.4852 -0.1019
vn -0.9784 0.2064 0.0145
vn -0.9706 0.1573 -0.1820
vn -0.7885 0.5672 -0.2377
vn -0.6119 0.7639 -0.2049
vn -0.7514 0.6599 0.0013
vn -0.7873 0.6082 0.1013
vn -0.7191 0.6895 -0.0866
vn -0.8398 0.5297 0.1188
vn -0.9205 0.3191 0.2253
vn -0.8629 0.3902 0.3211
vn -0.8096 0.5386 0.2335
vn -0.9906 -0.0921 0.1015
vn -0.9620 0.0087 -0.2730
vn -0.9321 -0.1505 -0.3294
vn -0.9736 -0.2176 0.0684
vn -0.7961 -0.0688 -0.6013
vn -0.7826 -0.1700 -0.5988
vn -0.9212 -0.2373 -0.3083
vn -0.9611 -0.2706 0.0548
vn -0.9714 0.1409 0.1910
vn -0.9588 0.2786 -0.0551
vn -0.9742 0.1572 -0.1618
vn -0.9885 0.0445 0.1446
vn -0.9213 0.2176 0.3222
vn -0.9008 0.4233 0.0965
vn -0.9297 0.3673 0.0278
vn -0.9490 0.2113 0.2341
vn -0.8584 0.4287 0.2817
vn -0.8685 0.4580 0.1897
vn -0.9051 0.1780 0.3861
vn -0.9110 0.1389 0.3883
vn -0.8376 -0.2177 0.5010
vn -0.8142 -0.1956 0.5467
vn -0.5562 -0.1154 0.8230
vn -0.5834 -0.1162 0.8038
vn -0.5401 -0.1339 0.8309
vn -0.7992 -0.1575 0.5800
vn -0.8008 -0.1218 0.5864
vn -0.5450 -0.1782 0.8193
vn -0.5476 -0.2494 0.7987
vn -0.8117 -0.1140 0.5728
vn -0.8083 -0.1035 0.5796
vn -0.5574 -0.3093 0.7705
vn -0.5568 -0.3965 0.7299
vn -0.7850 -0.1239 0.6070
vn -0.5731 -0.5204 0.6330
vn -0.7962 -0.2261 0.5613
vn -0.6074 -0.6896 0.3944
vn -0.8371 -0.3574 0.4142
vn -0.5572 -0.8202 0.1295
vn -0.8799 -0.4405 0.1783
vn -0.3928 -0.9014 -0.1822
vn -0.8277 -0.5511 -0.1057
vn -0.9895 0.0541 0.1342
vn -0.9541 0.1061 0.2801
vn -0.6393 -0.6197 -0.4553
vn -0.4466 -0.4833 -0.7530
vn -0.2024 -0.8164 -0.5409
vn -0.1041 -0.5595 -0.8223
vn -0.9059 -0.2174 -0.3635
vn -0.9902 -0.1116 -0.0836
vn -0.0866 -0.2756 -0.9574
vn -0.3681 -0.2725 -0.8890
vn -0.0864 -0.1083 -0.9904
vn -0.3657 -0.1627 -0.9164
vn -0.8477 -0.2374 -0.4744
vn -0.8550 -0.2007 -0.4782
vn -0.1040 0.0149 -0.9945
vn -0.3430 -0.0881 -0.9352
vn -0.3635 0.0103 -0.9315
vn -0.1843 0.1465 -0.9719
vn -0.7393 -0.2210 -0.6360
vn -0.8006 -0.2742 -0.5328
vn -0.5191 0.1412 -0.8430
vn -0.4251 0.3400 -0.8389
vn -0.7741 0.4357 -0.4593
vn -0.8534 0.2359 -0.4647
vn -0.8703 -0.0353 -0.4912
vn -0.7062 -0.1272 -0.6965
vn -0.9815 0.1915 -0.0078
vn -0.9980 -0.0571 -0.0289
vn -0.9209 0.3892 0.0198
vn -0.8501 0.2912 0.4388
vn -0.9093 0.1169 0.3995
vn -0.9398 -0.0618 0.3362
vn -0.7293 -0.0220 0.6839
vn -0.8050 -0.1742 0.5672
vn -0.6650 0.1385 0.7339
vn -0.6272 -0.1266 0.7685
vn -0.5024 0.0271 0.8642
vn -0.7656 -0.3145 0.5612
vn -0.4677 -0.0317 0.8833
vn -0.6776 -0.1690 0.7158
vn -0.7752 -0.2034 0.5981
vn -0.5336 -0.1009 0.8397
vn -0.9313 -0.2932 0.2161
vn -0.8569 -0.3345 0.3922
vn -0.8273 -0.2336 0.5109
vn -0.5833 -0.1302 0.8018
vn -0.9500 -0.2971 0.0961
vn -0.0237 -0.8995 -0.4363
vn -0.1848 -0.9819 -0.0419
vn -0.1062 -0.9842 0.1415
vn 0.0074 -0.6419 -0.7668
vn 0.0234 -0.5851 -0.8106
vn -0.0080 -0.9606 -0.2777
vn -0.0108 -0.2847 -0.9586
vn 0.0064 -0.3028 -0.9530
vn -0.0237 -0.1085 -0.9938
vn -0.0410 -0.1097 -0.9931
vn -0.0824 0.0267 -0.9962
vn -0.0831 0.0241 -0.9962
vn -0.1716 0.1950 -0.9657
vn -0.2135 0.2282 -0.9499
vn -0.4155 0.4066 -0.8137
vn -0.4731 0.4439 -0.7610
vn -0.6868 0.6300 -0.3625
vn -0.7005 0.5758 -0.4216
vn -0.8269 0.5612 0.0343
vn -0.7555 0.6484 0.0938
vn -0.7030 0.5147 0.4908
vn -0.7836 0.4352 0.4434
vn -0.6039 0.2564 0.7547
vn -0.5371 0.3126 0.7834
vn -0.3815 0.1445 0.9130
vn -0.4331 0.1098 0.8946
vn -0.2746 0.0034 0.9615
vn -0.3632 -0.0304 0.9312
vn -0.3748 -0.0354 0.9264
vn -0.2729 0.0138 0.9619
vn -0.3573 -0.0342 0.9334
vn -0.2718 0.0073 0.9623
vn -0.2909 0.0347 0.9561
vn -0.3531 0.0153 0.9355
vn -0.2176 -0.7453 -0.6302
vn -0.1275 -0.3913 -0.9114
vn -0.5251 -0.7727 -0.3566
vn -0.4481 -0.4985 -0.7421
vn -0.0914 -0.1365 -0.9864
vn -0.4454 -0.2366 -0.8635
vn -0.5080 -0.0189 -0.8612
vn -0.1570 0.0260 -0.9873
vn -0.7265 0.2136 -0.6531
vn -0.3907 0.2642 -0.8818
vn -0.6205 0.4705 -0.6273
vn -0.8232 0.3944 -0.4083
vn -0.8716 0.4900 -0.0138
vn -0.7552 0.6160 -0.2240
vn -0.6136 0.3496 0.7080
vn -0.6384 0.4832 0.5991
vn -0.7464 0.6263 0.2251
vn -0.7861 0.4934 0.3723
vn -0.4661 0.2871 0.8368
vn -0.4355 0.1978 0.8782
vn -0.3240 0.0769 0.9429
vn -0.3333 0.1270 0.9342
vn -0.2711 0.0247 0.9622
vn -0.2622 0.0351 0.9644
vn -0.2478 0.0231 0.9685
vn -0.2683 0.0194 0.9631
vn -0.3812 -0.1770 0.9074
vn -0.3549 -0.1042 0.9291
vn -0.2963 -0.0892 0.9509
vn -0.3155 -0.1915 0.9294
vn -0.3461 -0.2662 0.8996
vn -0.4119 -0.2526 0.8755
vn -0.8370 -0.1431 0.5282
vn -0.4021 -0.0386 0.9148
vn -0.3485 -0.0017 0.9373
vn -0.4271 -0.0082 0.9042
vn -0.9452 0.1871 0.2675
vn -0.9774 0.1964 -0.0781
vn -0.9872 0.0132 -0.1590
vn -0.3644 -0.3331 0.8696
vn -0.4209 -0.3486 0.8374
vn -0.3551 -0.4335 0.8282
vn -0.4356 -0.4497 0.7797
vn -0.9011 -0.3029 -0.3103
vn -0.8194 -0.4348 -0.3734
vn -0.8701 -0.4855 0.0844
vn -0.8636 -0.1268 -0.4879
vn -0.6536 0.1296 0.7456
vn -0.8316 0.2721 0.4841
vn -0.4856 0.1015 0.8683
vn -0.2589 0.0135 0.9658
vn -0.2484 0.0206 0.9684
vn -0.2599 -0.0155 0.9655
vn -0.2498 0.0005 0.9683
vn -0.3692 -0.0251 0.9290
vn -0.3407 -0.0143 0.9401
vn -0.5203 -0.3113 0.7952
vn -0.7499 -0.4918 0.4425
vn -0.4822 -0.8412 0.2447
vn -0.3178 -0.5496 0.7726
vn -0.3578 -0.0452 0.9327
vn -0.2874 -0.0237 0.9575
vn -0.2926 -0.1234 0.9482
vn -0.3161 -0.2692 0.9097
vn -0.2745 -0.2233 0.9353
vn -0.3040 -0.3364 0.8913
vn -0.2645 -0.0552 0.9628
vn -0.2511 -0.1095 0.9617
vn -0.3168 -0.6026 0.7325
vn -0.4659 -0.5786 0.6695
vn -0.4365 -0.7645 0.4743
vn -0.2620 -0.7329 0.6279
vn -0.1767 -0.8877 0.4251
vn -0.3305 -0.9108 0.2473
vn -0.2556 -0.3136 0.9145
vn -0.2613 -0.4538 0.8519
vn -0.2058 -0.5921 0.7791
vn -0.1738 -0.8866 0.4287
vn -0.1383 -0.7860 0.6026
vn -0.1957 -0.9776 -0.0773
vn -0.2848 -0.1546 0.9460
vn -0.5341 -0.1271 -0.8358
vn -0.6269 -0.0213 -0.7788
vn -0.9346 -0.2790 -0.2207
vn -0.8054 -0.2113 -0.5539
vn -0.9489 -0.3050 -0.0813
vn -0.8219 -0.3079 -0.4793
vn -0.7983 -0.5086 -0.3227
vn -0.9019 -0.4236 0.0846
vn -0.8323 -0.4713 0.2919
vn -0.7770 -0.6271 -0.0553
vn -0.8023 -0.5771 0.1523
vn -0.8515 -0.3597 0.3815
vn -0.9356 -0.2580 0.2412
vn -0.8330 -0.5290 0.1623
vn -0.8700 -0.4872 -0.0762
vn -0.9702 -0.2323 -0.0689
vn -0.8719 -0.2585 -0.4158
vn -0.8714 -0.4014 -0.2821
vn -0.6916 -0.6891 -0.2161
vn -0.7182 -0.6957 -0.0125
vn -0.7493 -0.6307 0.2018
vn -0.9316 -0.2993 -0.2064
vn -0.8774 -0.2873 -0.3843
vn -0.9433 -0.2809 -0.1766
vn -0.9679 -0.2408 0.0719
vn -0.9311 -0.2420 0.2731
vn -0.9517 -0.3031 -0.0492
vn -0.9801 -0.1984 0.0015
vn -0.9310 -0.1084 0.3485
vn -0.9357 0.1310 0.3275
vn -0.9986 -0.0496 -0.0191
vn -0.9942 0.1025 0.0320
vn -0.8643 0.3778 0.3321
vn -0.8779 0.3838 0.2865
vn -0.9065 0.3581 0.2237
vn -0.7813 0.5450 0.3043
vn -0.8123 0.5385 0.2241
vn -0.7537 0.6448 0.1274
vn -0.7411 0.6148 0.2698
vn -0.8093 0.4793 0.3396
vn -0.9540 0.2593 0.1503
vn -0.7057 0.5689 0.4224
vn -0.7299 0.5002 0.4659
vn -0.5480 0.5756 0.6070
vn -0.5463 0.6179 0.5654
vn -0.6621 0.6133 0.4307
vn -0.5572 0.6387 0.5306
vn -0.6468 0.6192 0.4454
vn -0.5693 0.6354 0.5217
vn -0.4795 0.6589 0.5796
vn -0.5029 0.6013 0.6209
vn -0.6140 0.5955 0.5180
vn -0.5205 0.6546 0.5483
vn -0.5430 0.6136 0.5732
vn -0.5038 0.6431 0.5768
vn -0.5218 0.6139 0.5923
vn -0.5267 0.5759 0.6253
vn -0.6287 0.5385 0.5610
vn -0.6367 0.5868 0.5003
vn -0.9452 0.0435 0.3236
vn -0.7220 0.4617 0.5153
vn -0.7434 0.3041 0.5958
vn -0.8274 -0.0077 0.5615
vn -0.9045 -0.1506 0.3989
vn -0.9662 -0.1756 0.1889
vn -0.9687 -0.1833 0.1675
vn -0.9791 -0.1065 0.1734
vn -0.9077 -0.3994 0.1289
vn -0.9632 -0.2339 0.1327
vn -0.8748 -0.2689 0.4030
vn -0.7908 -0.6119 0.0125
vn -0.8048 -0.2910 0.5172
vn -0.9348 -0.2013 0.2926
vn -0.7521 -0.2655 0.6032
vn -0.8639 -0.2015 0.4617
vn -0.9138 -0.1124 0.3904
vn -0.9899 -0.0934 0.1071
vn -0.9941 0.0875 0.0645
vn -0.9748 0.0617 0.2143
vn -0.7920 -0.1214 0.5983
vn -0.7612 -0.1869 0.6210
vn -0.8737 0.4200 -0.2456
vn -0.8732 0.4863 0.0314
vn -0.6601 0.7198 -0.2149
vn -0.6936 0.6662 0.2741
vn -0.7988 -0.0982 0.5936
vn -0.8286 -0.1234 0.5460
vn -0.9504 0.2752 0.1446
vn -0.9672 0.1620 0.1955
vn -0.8981 0.3945 0.1944
vn -0.8694 -0.1548 0.4693
vn -0.8598 -0.1493 0.4883
vn -0.8449 -0.0326 0.5339
vn -0.4476 0.8415 -0.3024
vn -0.5436 0.7019 -0.4602
vn 0.0384 0.8439 -0.5351
vn -0.2263 0.8623 -0.4530
vn -0.7339 0.5473 -0.4023
vn -0.4962 0.7562 -0.4266
vn -0.0494 0.9550 -0.2925
vn 0.2163 0.8301 -0.5139
vn 0.3220 0.8378 -0.4410
vn 0.4352 0.8197 -0.3725
vn -0.4946 0.8143 0.3039
vn -0.7860 0.2986 0.5413
vn -0.8782 0.3793 0.2913
vn -0.5894 0.8017 0.0997
vn -0.0643 0.9979 -0.0126
vn 0.0011 0.9855 0.1694
vn -0.4823 0.8050 0.3454
vn -0.5499 0.8106 0.2015
vn -0.9308 0.2988 0.2107
vn -0.9685 0.1262 0.2146
vn -0.7633 0.4089 0.5002
vn -0.5372 0.7312 0.4204
vn -0.9027 0.1382 0.4075
vn -0.9757 0.1241 0.1804
vn -0.4049 0.8976 -0.1742
vn -0.5001 0.8583 0.1151
vn -0.9242 0.3741 0.0767
vn -0.8196 0.5385 -0.1957
vn -0.7287 0.6304 -0.2676
vn -0.5394 0.8415 -0.0289
vn -0.9825 0.0758 0.1699
vn -0.9824 0.1322 0.1317
vn -0.9797 0.0875 0.1806
vn -0.9842 0.0984 0.1470
vn -0.9595 0.1925 -0.2055
vn -0.9115 0.3330 -0.2414
vn -0.8341 0.4067 -0.3726
vn -0.9050 0.2560 -0.3398
vn -0.9409 0.0691 0.3317
vn -0.9282 0.0936 0.3602
vn -0.9817 0.1187 0.1487
vn -0.9848 0.1094 0.1346
vn -0.9796 0.0894 0.1802
vn -0.9789 0.0949 0.1811
vn -0.9838 0.1321 0.1215
vn -0.9850 0.1041 0.1376
vn -0.9838 0.1086 0.1429
vn -0.9845 0.1026 0.1420
vn -0.9759 0.1756 0.1299
vn -0.9233 0.1381 0.3585
vn -0.9402 0.0795 0.3312
vn -0.9841 0.1193 0.1319
vn -0.9869 0.1135 -0.1149
vn -0.9833 0.0966 -0.1545
vn -0.9692 0.1551 -0.1913
vn -0.9574 0.2825 0.0592
vn -0.8828 0.2132 0.4185
vn -0.9511 0.2652 0.1586
vn -0.6095 0.6526 0.4501
vn -0.6548 0.6313 0.4154
vn -0.6836 0.7142 0.1507
vn -0.8458 0.5122 0.1491
vn -0.9813 0.1551 0.1136
vn -0.9809 0.1008 0.1665
vn -0.9863 0.0914 0.1373
vn -0.9919 0.1104 0.0626
vn -0.8151 0.5025 0.2882
vn -0.9485 0.3166 -0.0058
vn -0.9573 0.2868 0.0359
vn -0.9797 0.2001 0.0114
vn -0.6776 0.7353 -0.0106
vn -0.8839 0.4418 0.1537
vn -0.9488 0.2945 0.1144
vn -0.9780 0.1748 0.1138
vn -0.9847 0.1146 0.1310
vn -0.5261 -0.6250 -0.5767
vn -0.8545 -0.4625 -0.2363
vn -0.7673 -0.4533 -0.4536
vn -0.5891 -0.4966 -0.6374
vn -0.0256 -0.5248 -0.8508
vn -0.2075 -0.5795 -0.7881
vn -0.2399 -0.5039 -0.8298
vn -0.0258 -0.5144 -0.8571
vn -0.4283 -0.1699 -0.8875
vn -0.4626 -0.2233 -0.8580
vn -0.3927 -0.0941 -0.9148
vn -0.3344 -0.1640 -0.9280
vn -0.3048 -0.3719 -0.8768
vn -0.5468 -0.4736 -0.6904
vn -0.5958 -0.6898 -0.4114
vn -0.3134 -0.6257 -0.7144
vn -0.6232 -0.7708 -0.1325
vn -0.6251 -0.7804 -0.0155
vn -0.3235 -0.8486 -0.4187
vn -0.6375 -0.7625 0.1107
vn -0.4166 -0.3838 -0.8241
vn -0.6100 -0.2922 -0.7365
vn -0.0963 -0.3110 -0.9455
vn -0.2916 -0.2305 -0.9283
vn 0.1035 -0.4464 -0.8888
vn -0.0745 -0.4140 -0.9072
vn 0.1353 -0.3654 -0.9210
vn 0.2297 -0.4179 -0.8790
vn -0.0496 -0.3010 -0.9523
vn 0.2716 -0.2817 -0.9203
vn 0.0605 -0.4076 -0.9112
vn 0.1498 -0.3022 -0.9414
vn 0.0860 -0.6570 -0.7489
vn 0.3536 -0.3610 -0.8629
vn 0.1376 -0.5003 -0.8549
vn 0.1429 -0.5285 -0.8368
vn 0.2181 -0.5122 -0.8307
vn 0.2311 -0.4847 -0.8436
vn 0.1893 -0.5302 -0.8265
vn 0.2501 -0.5479 -0.7983
vn 0.2886 -0.4462 -0.8471
vn 0.2383 -0.4769 -0.8460
vn 0.4488 -0.4961 -0.7433
vn 0.3414 -0.5530 -0.7601
vn 0.3868 -0.3907 -0.8353
vn 0.4706 -0.3577 -0.8066
vn 0.6211 -0.2882 -0.7288
vn 0.6057 -0.2971 -0.7381
vn 0.6217 -0.2200 -0.7517
vn 0.6217 -0.2794 -0.7317
vn 0.6083 -0.2203 -0.7625
vn 0.5914 -0.3251 -0.7379
vn 0.5926 -0.4111 -0.6927
vn 0.6223 -0.3136 -0.7173
vn 0.5734 -0.4469 -0.6867
vn 0.3811 -0.6870 -0.6187
vn 0.2621 -0.8216 -0.5062
vn 0.5024 -0.4265 -0.7521
vn 0.2796 -0.8316 -0.4798
vn 0.3617 -0.7813 -0.5086
vn 0.5253 -0.5853 -0.6176
vn 0.4436 -0.6796 -0.5843
vn 0.1441 -0.8838 -0.4451
vn 0.1747 -0.8781 -0.4454
vn 0.3714 -0.6710 -0.6417
vn 0.2694 -0.6934 -0.6683
vn 0.1757 -0.8230 -0.5401
vn 0.2371 -0.8231 -0.5160
vn 0.1291 -0.8787 -0.4596
vn 0.0962 -0.8794 -0.4662
vn 0.0471 -0.8331 -0.5512
vn -0.3694 -0.9101 -0.1878
vn -0.1777 -0.9807 -0.0817
vn 0.0519 -0.8882 -0.4564
vn 0.5448 -0.4185 -0.7267
vn 0.5102 -0.4439 -0.7366
vn 0.5172 -0.3488 -0.7816
vn 0.5536 -0.3175 -0.7699
vn 0.5714 -0.3821 -0.7263
vn 0.5860 -0.2639 -0.7661
vn 0.5472 -0.2334 -0.8038
vn 0.5511 -0.1574 -0.8195
vn 0.4521 -0.2568 -0.8542
vn 0.3881 -0.2813 -0.8777
vn 0.2937 -0.3902 -0.8726
vn 0.5126 -0.2258 -0.8284
vn 0.4815 -0.2701 -0.8338
vn 0.5393 -0.1666 -0.8255
vn 0.2388 -0.5438 -0.8045
vn 0.2735 -0.4943 -0.8251
vn 0.3124 -0.5044 -0.8050
vn 0.3339 -0.3913 -0.8576
vn 0.2890 -0.4045 -0.8677
vn 0.2639 -0.3377 -0.9035
vn 0.3241 -0.3121 -0.8931
vn 0.3861 -0.3141 -0.8673
vn 0.3716 -0.3710 -0.8511
vn 0.3580 -0.4411 -0.8229
vn 0.2408 -0.4896 -0.8380
vn -0.1074 0.4893 0.8655
vn -0.1296 0.3676 0.9209
vn -0.4286 0.3263 0.8425
vn -0.4414 0.4164 0.7948
vn -0.4752 0.2810 0.8338
vn -0.1214 0.3719 0.9203
vn -0.5006 0.3236 0.8029
vn -0.1236 0.4155 0.9012
vn -0.1309 0.4415 0.8877
vn -0.4910 0.3757 0.7860
vn -0.4500 0.4176 0.7894
vn -0.1314 0.4380 0.8893
vn -0.1517 0.4304 0.8898
vn -0.4264 0.4289 0.7964
vn -0.4250 0.3640 0.8288
vn -0.1596 0.3428 0.9257
vn -0.3806 0.3024 0.8739
vn -0.1824 0.2411 0.9532
vn -0.1283 0.6405 0.7572
vn -0.4714 0.4119 0.7798
vn 0.3060 0.4436 0.8424
vn 0.2792 0.6277 0.7267
vn 0.4839 0.5338 0.6934
vn 0.5614 0.3749 0.7378
vn 0.5691 0.3769 0.7308
vn 0.3005 0.3967 0.8674
vn 0.3356 0.4144 0.8460
vn 0.5089 0.3623 0.7809
vn 0.3378 0.3807 0.8608
vn 0.2595 0.4285 0.8655
vn 0.3049 0.4326 0.8485
vn 0.4255 0.3828 0.8200
vn 0.1642 0.2975 0.9405
vn 0.1522 0.3507 0.9240
vn 0.2090 0.3922 0.8958
vn 0.2352 0.3635 0.9014
vn -0.1136 0.1540 0.9815
vn 0.0563 0.2775 0.9591
vn 0.0119 0.2393 0.9709
vn -0.1866 0.1182 0.9753
vn 0.3490 0.4324 0.8314
vn 0.1772 0.3473 0.9209
vn -0.2322 0.2981 0.9259
vn 0.1172 0.3331 0.9356
vn 0.1667 0.3489 0.9222
vn -0.2482 0.3039 0.9198
vn -0.4157 0.2749 0.8670
vn -0.4141 0.2760 0.8674
vn -0.3060 0.2544 0.9174
vn -0.0556 0.2855 0.9568
vn 0.0502 0.3230 0.9451
vn -0.2329 0.2890 0.9286
vn -0.4764 0.2229 0.8505
vn -0.4340 0.2710 0.8592
vn -0.4044 0.2059 0.8911
vn -0.1970 0.2236 0.9546
vn -0.3424 0.1603 0.9258
vn -0.4667 0.1951 0.8626
vn -0.5088 0.2310 0.8293
vn -0.5245 0.1876 0.8305
vn -0.4194 0.3212 0.8491
vn -0.3541 0.3372 0.8723
vn -0.3578 0.2874 0.8885
vn -0.4106 0.2650 0.8725
vn -0.3107 0.2549 0.9157
vn -0.3580 0.2029 0.9114
vn -0.2784 0.1660 0.9460
vn -0.2651 0.2389 0.9342
vn -0.3077 0.3183 0.8967
vn -0.2803 0.2908 0.9148
vn -0.2326 0.2298 0.9450
vn -0.2431 0.1780 0.9535
vn -0.2375 0.2025 0.9500
vn -0.2308 0.1473 0.9618
vn -0.3449 0.2653 0.9004
vn -0.3746 0.1707 0.9113
vn -0.2727 0.2310 0.9340
vn -0.2788 0.1036 0.9547
vn -0.4377 0.0104 0.8991
vn -0.2646 -0.0185 0.9642
vn -0.3251 -0.1182 0.9383
vn -0.5500 -0.1007 0.8291
vn -0.3384 -0.1850 0.9226
vn -0.3075 -0.0671 0.9492
vn -0.6276 -0.1297 0.7677
vn -0.3585 -0.1687 0.9182
vn -0.4041 -0.3452 0.8471
vn -0.7169 -0.2575 0.6479
vn -0.6866 -0.6559 0.3137
vn -0.3857 -0.7698 0.5085
vn -0.4122 -0.4440 0.7956
vn -0.3777 -0.2379 0.8948
vn 0.0246 -0.9097 -0.4145
vn -0.1244 -0.9787 -0.1632
vn -0.3405 -0.8552 0.3908
vn -0.5702 0.8209 -0.0296
vn -0.8064 0.3643 -0.4658
vn -0.5617 0.4077 -0.7199
vn -0.4578 0.7089 -0.5365
vn -0.3275 0.8372 -0.4380
vn -0.5687 0.4239 -0.7049
vn -0.8026 -0.0642 -0.5930
vn -0.7486 0.0765 -0.6586
vn -0.8284 0.0601 -0.5570
vn -0.8700 0.0106 -0.4929
vn -0.7664 0.0729 -0.6382
vn -0.7871 -0.0314 -0.6160
vn -0.8484 0.0615 -0.5258
vn -0.8306 0.1205 -0.5436
vn -0.7817 0.2462 -0.5730
vn -0.7701 0.1640 -0.6165
vn -0.8292 0.1690 -0.5328
vn -0.7957 0.2635 -0.5453
vn -0.2288 0.6775 0.6990
vn 0.1868 0.7448 0.6406
vn 0.5931 0.5631 0.5754
vn 0.2502 0.6906 0.6786
vn 0.5882 0.6264 0.5115
vn 0.7883 0.3927 0.4736
vn 0.9112 0.2687 0.3122
vn 0.8513 0.4438 0.2798
vn -0.1350 0.9685 -0.2092
vn -0.5182 0.4676 -0.7161
vn -0.3106 0.4811 -0.8198
vn 0.2219 0.9742 0.0406
vn -0.8736 0.0548 -0.4835
vn -0.9058 0.0696 -0.4180
vn -0.8859 0.0151 -0.4637
vn -0.8544 -0.0479 -0.5174
vn -0.8798 0.1080 -0.4628
vn -0.8696 0.1517 -0.4698
vn -0.8607 0.0811 -0.5026
vn -0.8328 0.1133 -0.5419
vn -0.7531 0.2840 -0.5935
vn -0.8440 0.2052 -0.4956
vn -0.6198 0.2638 -0.7391
vn -0.7432 0.1670 -0.6479
vn -0.4717 0.0366 -0.8810
vn -0.4757 0.1944 -0.8579
vn -0.5903 0.1551 -0.7922
vn -0.5421 -0.0481 -0.8389
vn -0.4506 0.0205 -0.8925
vn -0.4779 0.1309 -0.8686
vn -0.5061 0.3448 -0.7906
vn -0.5629 0.3129 -0.7650
vn -0.4740 -0.0425 -0.8795
vn -0.5655 0.0559 -0.8228
vn -0.6880 0.0151 -0.7256
vn -0.5353 -0.0922 -0.8396
vn -0.6154 -0.1498 -0.7739
vn -0.7554 -0.0408 -0.6540
vn -0.7907 -0.1328 -0.5977
vn -0.6749 -0.2430 -0.6968
vn 0.9517 -0.0544 -0.3022
vn 0.6897 -0.1399 -0.7105
vn 0.6816 -0.1533 -0.7155
vn 0.9576 0.0015 -0.2881
vn 0.9911 0.1149 0.0679
vn 0.9914 0.1301 -0.0122
vn 0.8448 0.0244 -0.5345
vn 0.5331 -0.1151 -0.8382
vn 0.9545 0.2442 0.1710
vn 0.8608 0.5023 0.0825
vn 0.3064 0.1843 -0.9339
vn 0.9403 0.2181 -0.2612
vn 0.6068 0.7874 0.1082
vn -0.0292 0.4543 -0.8904
vn -0.6490 -0.2260 -0.7265
vn -0.7850 -0.1481 -0.6015
vn 0.6665 0.1757 -0.7245
vn 0.8584 0.1560 -0.4887
vn 0.7698 0.1783 -0.6128
vn 0.7909 0.1650 -0.5893
vn 0.2742 0.9042 0.3275
vn -0.1459 0.9571 0.2503
vn 0.1962 0.9205 -0.3380
vn 0.7087 0.6977 -0.1047
vn 0.5892 0.4280 -0.6853
vn 0.8321 0.3375 -0.4401
vn 0.7532 0.6031 0.2624
vn 0.9898 0.0817 0.1165
vn 0.9368 0.3311 0.1128
vn 0.9964 -0.0665 0.0521
vn 0.9143 -0.3977 -0.0762
vn 0.9313 -0.3551 -0.0811
vn 0.5803 -0.7055 -0.4068
vn 0.6328 -0.6876 -0.3561
vn 0.1918 -0.7712 -0.6070
vn 0.2777 -0.7875 -0.5502
vn 0.2955 -0.7346 -0.6108
vn 0.4940 -0.7037 -0.5107
vn 0.2875 -0.6885 -0.6658
vn 0.4325 -0.6724 -0.6007
vn 0.4079 -0.6093 -0.6800
vn 0.2163 -0.6342 -0.7423
vn 0.2714 -0.6476 -0.7120
vn 0.4169 -0.6324 -0.6529
vn 0.1325 -0.6237 -0.7704
vn 0.3903 -0.5781 -0.7166
vn 0.3617 -0.5178 -0.7753
vn 0.0330 -0.5774 -0.8158
vn 0.3156 -0.4471 -0.8370
vn -0.0386 -0.4988 -0.8658
vn -0.0588 -0.3831 -0.9218
vn 0.2642 -0.3857 -0.8840
vn 0.2507 -0.3620 -0.8978
vn -0.0341 -0.2979 -0.9540
vn 0.0528 -0.2942 -0.9543
vn 0.2766 -0.3975 -0.8749
vn 0.3333 -0.4854 -0.8083
vn 0.2077 -0.3467 -0.9147
vn 0.4790 -0.5173 -0.7092
vn 0.4263 -0.3532 -0.8328
vn -0.2963 -0.2238 -0.9285
vn 0.4887 -0.0037 -0.8725
vn 0.3977 -0.0359 -0.9168
vn -0.1427 -0.1978 -0.9698
vn -0.5907 -0.3686 -0.7178
vn -0.5967 -0.3676 -0.7133
vn -0.5325 -0.3643 -0.7640
vn -0.5935 -0.3281 -0.7349
vn -0.4723 -0.2126 -0.8554
vn -0.5145 -0.2813 -0.8101
vn -0.5303 -0.2156 -0.8199
vn -0.4851 -0.1509 -0.8613
vn -0.3906 -0.0989 -0.9152
vn -0.4411 -0.1578 -0.8835
vn -0.4620 -0.1055 -0.8806
vn -0.4315 -0.0601 -0.9001
vn -0.4379 -0.1532 -0.8859
vn -0.4156 -0.0595 -0.9076
vn -0.3469 -0.0768 -0.9347
vn -0.3432 -0.1305 -0.9301
vn 0.1704 0.0374 -0.9847
vn 0.5305 0.0947 -0.8424
vn 0.9213 0.2370 -0.3084
vn 0.7643 0.2173 -0.6072
vn 0.9905 0.0829 -0.1100
vn 0.9856 -0.1343 -0.1030
vn 0.7090 0.0816 -0.7004
vn 0.7748 -0.0577 -0.6296
vn 0.7269 -0.2770 -0.6285
vn 0.9216 -0.3491 -0.1698
vn 0.8218 -0.5095 -0.2551
vn 0.6482 -0.4539 -0.6113
vn 0.6084 -0.5221 -0.5977
vn 0.7396 -0.5716 -0.3553
vn 0.6754 -0.5932 -0.4382
vn 0.5827 -0.5646 -0.5846
vn 0.5684 -0.5575 -0.6051
vn 0.6452 -0.5998 -0.4732
vn 0.6173 -0.5676 -0.5448
vn 0.5668 -0.4545 -0.6872
vn 0.4542 -0.3152 -0.8333
vn 0.5351 -0.4429 -0.7194
vn 0.5684 -0.5284 -0.6306
vn 0.5236 -0.3802 -0.7624
vn 0.3742 -0.2587 -0.8905
vn 0.4553 -0.2970 -0.8393
vn 0.5013 -0.3459 -0.7931
vn 0.3865 -0.2699 -0.8819
vn 0.3553 -0.3739 -0.8567
vn 0.3763 -0.3866 -0.8420
vn 0.4022 -0.3310 -0.8536
vn 0.3737 -0.3042 -0.8762
vn 0.2850 -0.5881 -0.7569
vn 0.2815 -0.6443 -0.7111
vn 0.3183 -0.5088 -0.7999
vn 0.3424 -0.4570 -0.8209
vn 0.3177 -0.4775 -0.8192
vn 0.2574 -0.6449 -0.7196
vn 0.3233 -0.3741 -0.8692
vn 0.0069 -0.2134 -0.9769
vn 0.1277 -0.2738 -0.9533
vn 0.1085 -0.2432 -0.9639
vn 0.1417 -0.2392 -0.9606
vn 0.2015 -0.3065 -0.9303
vn 0.3037 -0.3083 -0.9015
vn 0.0728 -0.3371 -0.9387
vn 0.0514 -0.2438 -0.9685
vn 0.1698 -0.2864 -0.9429
vn 0.1798 -0.3942 -0.9013
vn 0.2289 -0.2516 -0.9404
vn 0.2598 -0.3150 -0.9129
vn 0.1037 -0.5213 -0.8471
vn 0.0793 -0.4653 -0.8816
vn 0.1733 -0.5211 -0.8357
vn 0.1750 -0.5516 -0.8156
vn 0.2578 -0.4569 -0.8513
vn 0.2379 -0.5464 -0.8030
vn 0.1087 -0.4180 -0.9019
vn 0.1134 -0.4900 -0.8643
vn 0.1764 -0.4832 -0.8575
vn 0.1715 -0.3677 -0.9140
vn 0.1669 -0.5017 -0.8488
vn 0.2008 -0.5559 -0.8067
vn 0.1739 -0.1500 -0.9733
vn 0.1269 0.0999 -0.9869
vn -0.0263 -0.0955 -0.9951
vn 0.0847 -0.2729 -0.9583
vn 0.0238 -0.3409 -0.9398
vn 0.1228 -0.4158 -0.9011
vn -0.3911 0.0323 -0.9198
vn -0.1976 0.0080 -0.9803
vn -0.0161 0.1850 -0.9826
vn -0.2246 0.1528 -0.9624
vn -0.2118 -0.2590 -0.9424
vn -0.0926 -0.2822 -0.9549
vn -0.6077 -0.1010 -0.7877
vn -0.5316 0.0206 -0.8468
vn -0.4374 0.0396 -0.8984
vn -0.6049 -0.1548 -0.7811
vn -0.2969 -0.1991 -0.9339
vn -0.3027 -0.2265 -0.9258
vn -0.6527 -0.2923 -0.6990
vn -0.5614 -0.3547 -0.7476
vn -0.3875 -0.3518 -0.8521
vn -0.5292 -0.2670 -0.8054
vn -0.1597 -0.3656 -0.9170
vn -0.0571 -0.4343 -0.8990
vn -0.4513 -0.3298 -0.8292
vn -0.3998 -0.2914 -0.8691
vn -0.2728 -0.3891 -0.8799
vn -0.2971 -0.3856 -0.8735
vn -0.0511 -0.4960 -0.8668
vn -0.0788 -0.5225 -0.8490
vn -0.3712 -0.2513 -0.8939
vn -0.3455 -0.1944 -0.9181
vn -0.2652 -0.3229 -0.9085
vn -0.2699 -0.3631 -0.8918
vn -0.0964 -0.5115 -0.8538
vn -0.0953 -0.4833 -0.8702
vn -0.3173 -0.1287 -0.9396
vn -0.3350 -0.1101 -0.9358
vn -0.2647 -0.2730 -0.9249
vn -0.3194 -0.2568 -0.9122
vn -0.0929 -0.4705 -0.8775
vn -0.1425 -0.5278 -0.8373
vn -0.6984 0.4221 -0.5780
vn -0.6482 0.3941 -0.6515
vn -0.6311 0.4091 -0.6590
vn -0.6623 0.5539 -0.5045
vn -0.6415 0.5953 -0.4838
vn -0.6363 0.4331 -0.6384
vn -0.5708 0.5017 -0.6500
vn -0.6078 0.3230 -0.7254
vn -0.4203 0.8615 0.2849
vn -0.5331 0.8173 0.2189
vn -0.7146 0.6840 -0.1464
vn -0.6325 0.7693 -0.0904
vn -0.4264 0.9011 0.0784
vn -0.2362 0.9453 0.2248
vn -0.0954 0.9795 0.1772
vn -0.2653 0.9597 0.0926
vn -0.0469 0.9875 0.1508
vn -0.2430 0.9699 0.0144
vn -0.5019 0.8319 -0.2368
vn -0.5888 0.7193 -0.3687
vn -0.5786 0.7375 -0.3483
vn -0.4804 0.8697 -0.1137
vn -0.5131 0.7680 -0.3832
vn -0.5471 0.6609 -0.5138
vn -0.4207 0.9036 0.0803
vn -0.4348 0.8955 -0.0947
vn -0.4282 0.9036 0.0118
vn -0.4435 0.8854 0.1394
vn -0.4699 0.8689 -0.1554
vn -0.4744 0.8390 -0.2666
vn -0.5304 0.8429 0.0902
vn -0.4874 0.8721 0.0430
vn -0.5679 0.8230 -0.0068
vn -0.6312 0.7755 -0.0098
vn -0.5009 0.8651 -0.0256
vn -0.4835 0.8727 -0.0676
vn -0.6745 0.7346 -0.0732
vn -0.6012 0.7953 -0.0779
vn -0.5488 0.8319 -0.0822
vn -0.6414 0.7652 -0.0556
vn -0.4681 0.8798 -0.0820
vn -0.5023 0.8638 -0.0398
vn -0.5515 0.8341 0.0047
vn -0.4249 0.9052 -0.0026
vn -0.3896 0.9177 -0.0781
vn -0.6007 0.7993 0.0176
vn -0.4378 0.8798 0.1852
vn -0.5330 0.8402 0.0996
vn -0.6733 0.7308 -0.1123
vn -0.6497 0.7485 0.1333
vn -0.5464 0.8019 0.2416
vn -0.4783 0.8356 0.2701
vn -0.5705 0.8112 0.1283
vn -0.4619 0.8419 0.2791
vn -0.4872 0.8259 0.2837
vn -0.3008 0.9421 0.1484
vn -0.2754 0.9439 0.1821
vn -0.3139 0.9463 0.0768
vn -0.7118 0.6791 -0.1797
vn -0.5436 0.8296 0.1275
vn -0.7651 0.5806 -0.2783
vn -0.7396 0.6045 -0.2961
vn -0.7376 0.6545 -0.1662
vn -0.7604 0.6381 -0.1213
vn -0.7620 0.6078 -0.2234
vn -0.6779 0.6895 -0.2551
vn -0.6744 0.7377 -0.0309
vn -0.7191 0.6932 -0.0487
vn -0.7002 0.7094 -0.0808
vn -0.5619 0.8180 -0.1229
vn -0.7366 0.6761 -0.0167
vn -0.5562 0.8155 0.1599
vn -0.4702 0.8540 0.2226
vn -0.6631 0.7461 0.0597
vn -0.7234 0.6900 -0.0252
vn -0.7365 0.5814 -0.3457
vn -0.6549 0.6009 -0.4583
vn -0.7317 0.4114 -0.5435
vn -0.7847 0.4021 -0.4718
vn 0.0827 0.9905 -0.1100
vn 0.1151 0.9870 0.1118
vn 0.4643 0.8797 0.1026
vn 0.4334 0.8393 -0.3284
vn 0.1252 0.9591 0.2537
vn 0.3963 0.8212 0.4106
vn -0.6131 0.5015 -0.6104
vn -0.8278 0.4072 -0.3859
vn -0.5866 0.0641 -0.8073
vn -0.3285 0.1812 -0.9270
vn -0.6735 0.7127 -0.1960
vn -0.8130 0.5786 0.0652
vn 0.1823 -0.3150 -0.9314
vn -0.2100 -0.1869 -0.9597
vn -0.0759 -0.1398 -0.9873
vn 0.2226 -0.2372 -0.9456
vn 0.2761 -0.2921 -0.9157
vn 0.2844 -0.2189 -0.9334
vn 0.1405 -0.0217 -0.9898
vn 0.3587 -0.1218 -0.9255
vn 0.4509 -0.0353 -0.8919
vn 0.2790 0.0519 -0.9589
vn 0.3598 -0.0500 -0.9317
vn 0.2952 -0.1293 -0.9466
vn 0.1047 -0.1024 -0.9892
vn 0.1848 -0.0214 -0.9825
vn 0.2089 0.0433 -0.9770
vn 0.0343 0.0579 -0.9977
vn 0.3888 0.1362 -0.9112
vn 0.2371 0.1956 -0.9516
vn 0.3611 0.3115 -0.8790
vn 0.5057 0.2863 -0.8138
vn 0.1228 0.5208 -0.8448
vn 0.0061 0.3955 -0.9184
vn 0.5845 0.7327 -0.3485
vn 0.4592 0.4992 -0.7348
vn 0.6027 0.5166 -0.6081
vn 0.6405 0.7498 -0.1657
vn 0.2370 0.6661 -0.7072
vn 0.5615 0.8079 0.1790
vn 0.3960 0.7416 0.5415
vn 0.5389 0.7715 0.3382
vn 0.4384 0.6405 0.6305
vn 0.4434 0.4721 0.7619
vn 0.6006 0.0034 0.7995
vn 0.6922 0.2098 0.6905
vn 0.8355 -0.0029 0.5495
vn 0.6563 -0.1245 0.7441
vn 0.7423 0.4702 0.4774
vn 0.7679 0.6303 0.1142
vn 0.9375 0.2987 0.1784
vn 0.9265 0.1262 0.3544
vn -0.8096 0.5431 -0.2225
vn -0.8006 0.5434 -0.2527
vn -0.8108 0.4450 -0.3803
vn -0.7856 0.4989 -0.3659
vn -0.6798 0.7195 -0.1419
vn -0.6090 0.7526 -0.2504
vn -0.5126 0.8571 0.0523
vn -0.5661 0.8093 0.1564
vn -0.4481 0.8675 0.2162
vn -0.4752 0.8333 0.2826
vn -0.7617 0.6474 -0.0250
vn -0.6931 0.7189 0.0524
vn -0.7612 0.6384 -0.1146
vn -0.7890 0.6033 -0.1159
vn -0.5802 0.7835 0.2226
vn -0.4874 0.8295 0.2728
vn -0.4080 0.9101 0.0727
vn -0.5654 0.8242 0.0325
vn -0.3091 0.8327 -0.4595
vn -0.3413 0.7416 -0.5776
vn -0.5474 0.8228 -0.1531
vn -0.1027 0.9205 -0.3771
vn -0.7542 0.6548 0.0494
vn -0.6571 0.7270 -0.1995
vn -0.6244 0.7759 -0.0900
vn -0.5688 0.7992 -0.1943
vn -0.5098 0.7842 -0.3537
vn -0.5329 0.7400 -0.4103
vn -0.4092 0.6975 -0.5882
vn -0.5616 0.7193 -0.4089
vn -0.5579 0.6071 -0.5659
vn -0.7378 0.6051 -0.2992
vn -0.6554 0.7210 -0.2251
vn -0.5402 0.7916 -0.2854
vn -0.5686 0.7980 -0.1995
vn -0.6708 0.7312 -0.1238
vn -0.7671 0.6272 -0.1348
vn -0.7531 0.6573 -0.0271
vn -0.6794 0.7260 0.1065
vn -0.6487 0.7610 0.0117
vn -0.5890 0.8004 -0.1114
vn -0.9711 0.2387 0.0073
vn -0.8973 0.2434 -0.3683
vn -0.8989 0.2298 -0.3730
vn -0.9728 0.2245 -0.0568
vn -0.5685 -0.0295 0.8221
vn -0.8756 0.1411 0.4620
vn -0.9290 0.0990 0.3565
vn -0.6691 -0.1053 0.7357
vn 0.1132 -0.2977 0.9479
vn -0.1921 -0.2557 0.9475
vn -0.0564 -0.1638 0.9849
vn 0.1229 -0.1960 0.9729
vn 0.4368 -0.1403 0.8886
vn 0.1576 -0.2621 0.9521
vn 0.1113 -0.1749 0.9783
vn 0.4146 -0.1013 0.9043
vn 0.7533 0.2938 -0.5884
vn 0.9309 0.2075 -0.3006
vn 0.9676 0.2466 -0.0539
vn 0.7873 0.5290 -0.3167
vn 0.4427 0.1140 -0.8894
vn 0.7596 0.1696 -0.6279
vn 0.5776 0.1169 -0.8079
vn 0.3189 0.0504 -0.9465
vn 0.9759 0.1029 0.1925
vn 0.7952 0.0182 0.6060
vn 0.7401 0.0224 0.6722
vn 0.9208 0.1099 0.3743
vn 0.9847 0.1569 -0.0755
vn 0.9777 0.1564 0.1405
vn 0.9444 0.1815 0.2743
vn 0.7906 0.0436 0.6108
vn 0.7970 0.0176 0.6037
vn 0.9649 0.1063 0.2402
vn 0.3622 0.0064 -0.9321
vn 0.2136 0.0312 -0.9764
vn 0.2548 0.0734 -0.9642
vn 0.3810 0.0363 -0.9239
vn 0.9042 0.1452 -0.4016
vn 0.9714 0.1322 -0.1972
vn 0.6078 0.1359 -0.7824
vn 0.7324 0.1684 -0.6598
vn 0.7532 0.2494 -0.6086
vn 0.9779 0.1749 -0.1149
vn 0.7143 0.3694 -0.5944
vn 0.9550 0.2838 -0.0867
vn 0.5196 -0.0029 -0.8544
vn 0.5127 0.0221 -0.8583
vn 0.3225 0.1210 -0.9388
vn 0.4038 0.0950 -0.9099
vn 0.3910 0.1717 -0.9042
vn 0.4369 0.1516 -0.8867
vn 0.4266 0.2476 -0.8699
vn 0.4318 0.3591 -0.8274
vn 0.5047 0.2255 -0.8333
vn 0.5242 0.3630 -0.7703
vn -0.2673 0.2295 -0.9359
vn -0.2248 0.1628 -0.9607
vn -0.4638 0.2412 -0.8525
vn -0.4311 0.2870 -0.8554
vn -0.6625 0.2636 -0.7012
vn -0.5842 0.3053 -0.7520
vn -0.0661 0.0768 -0.9949
vn -0.0541 0.1323 -0.9897
vn 0.2813 0.1292 -0.9509
vn 0.5237 0.0800 -0.8481
vn 0.5412 0.1414 -0.8289
vn 0.2729 0.2138 -0.9380
vn 0.2332 0.3577 -0.9042
vn 0.5405 0.2532 -0.8023
vn 0.4723 0.4361 -0.7660
vn 0.1772 0.5397 -0.8230
vn -0.9799 0.1726 -0.1004
vn -0.8809 0.2499 -0.4019
vn -0.7321 0.3353 -0.5930
vn -0.8666 0.3266 -0.3774
vn -0.3348 0.3012 -0.8929
vn -0.0658 0.2080 -0.9759
vn -0.1002 0.3070 -0.9464
vn -0.3871 0.3984 -0.8315
vn -0.4584 0.3751 -0.8057
vn -0.5136 0.4720 -0.7165
vn -0.4054 0.5086 -0.7596
vn -0.1320 0.4530 -0.8817
vn -0.1405 0.5942 -0.7919
vn -0.3936 0.5778 -0.7150
vn -0.7766 0.4254 -0.4646
vn -0.5257 0.5266 -0.6681
vn -0.5146 0.5289 -0.6749
vn -0.7332 0.4029 -0.5479
vn -0.7493 -0.2218 0.6239
vn -0.9705 -0.0110 0.2409
vn -0.9946 0.0327 0.0980
vn -0.8080 -0.1900 0.5578
vn -0.3433 -0.3266 0.8806
vn 0.0632 -0.3362 0.9397
vn -0.0163 -0.3044 0.9524
vn -0.4289 -0.2920 0.8549
vn -0.8611 -0.1176 0.4946
vn -0.9921 0.1214 -0.0304
vn -0.9837 0.1429 -0.1093
vn -0.8912 -0.0605 0.4495
vn 0.2172 -0.2964 0.9300
vn 0.4759 -0.1453 0.8674
vn 0.5199 -0.0988 0.8485
vn 0.2363 -0.2592 0.9365
vn -0.5001 -0.2282 0.8354
vn -0.5565 -0.1690 0.8135
vn -0.0892 -0.2539 0.9631
vn -0.1525 -0.2008 0.9677
vn 0.7870 0.0937 0.6098
vn 0.9158 0.2788 0.2890
vn 0.8917 0.3596 0.2749
vn 0.7946 0.1567 0.5866
vn 0.5968 0.0460 0.8011
vn 0.2310 -0.1395 0.9629
vn 0.2352 -0.2082 0.9494
vn 0.5590 -0.0332 0.8285
vn 0.5907 0.6256 -0.5095
vn 0.8480 0.5262 -0.0632
vn 0.9097 0.4136 -0.0383
vn 0.6671 0.5078 -0.5451
vn 0.3069 0.5714 -0.7611
vn 0.2955 0.5735 -0.7641
vn 0.3801 0.4772 -0.7924
vn 0.4295 0.5071 -0.7472
vn 0.8771 0.4479 0.1737
vn 0.8162 0.2602 0.5158
vn 0.8075 0.2118 0.5505
vn 0.8771 0.4168 0.2385
vn 0.0867 0.6432 -0.7608
vn 0.3118 0.5863 -0.7477
vn 0.1590 0.6223 -0.7664
vn 0.0166 0.6352 -0.7722
vn 0.7606 0.6238 -0.1798
vn 0.4191 0.6883 -0.5920
vn 0.2085 0.6445 -0.7356
vn 0.6835 0.6350 -0.3599
vn 0.0282 0.6009 -0.7988
vn 0.1525 0.6087 -0.7786
vn -0.3462 0.5884 -0.7307
vn -0.1414 0.6456 -0.7505
vn -0.1269 0.6153 -0.7780
vn -0.2654 0.5667 -0.7800
vn -0.6534 0.4065 -0.6386
vn -0.4482 0.5102 -0.7340
vn -0.3391 0.5080 -0.7918
vn -0.5022 0.4602 -0.7321
vn -0.1248 0.5656 -0.8152
vn -0.0803 0.5797 -0.8109
vn -0.2831 0.5134 -0.8101
vn -0.1802 0.5316 -0.8276
vn 0.1472 0.6117 -0.7773
vn 0.0666 0.6048 -0.7936
vn 0.6176 0.6577 -0.4313
vn 0.5667 0.6884 -0.4528
vn 0.8178 0.5685 0.0893
vn 0.8512 0.5108 0.1203
vn -0.0226 0.6257 -0.7798
vn 0.4773 0.7572 -0.4459
vn -0.2760 0.7595 -0.5890
vn 0.1492 0.9677 -0.2032
vn 0.6094 0.7711 0.1845
vn 0.7668 0.6346 0.0965
vn 0.8120 0.3307 0.4809
vn 0.7898 0.4110 0.4552
vn 0.6257 0.1445 0.7666
vn 0.6078 0.2428 0.7560
vn 0.2366 0.0542 0.9701
vn 0.2464 -0.0490 0.9679
vn -0.1676 -0.1588 0.9730
vn -0.1417 -0.1006 0.9848
vn -0.5542 0.5040 -0.6624
vn -0.8261 0.4095 -0.3871
vn -0.9300 0.2661 0.2534
vn -0.8134 0.5360 -0.2260
vn -0.9230 0.0511 0.3814
vn -0.9479 0.2339 -0.2165
vn -0.5549 0.0031 0.8319
vn -0.5966 -0.1078 0.7952
vn -0.0582 0.1534 0.9864
vn 0.4851 0.3414 0.8051
vn 0.1911 0.4649 0.8645
vn -0.5532 0.3763 0.7432
vn -0.4442 0.8214 0.3577
vn 0.4142 0.7114 0.5678
vn 0.7190 0.4903 0.4926
vn -0.5252 0.4508 0.7218
vn -0.7296 0.5777 0.3660
vn -0.5943 0.7103 0.3771
vn -0.3936 0.5630 0.7267
vn -0.8115 0.5827 0.0447
vn -0.8503 0.5257 0.0238
vn -0.7992 0.5963 -0.0754
vn -0.7882 0.6135 -0.0483
vn -0.6449 0.7556 0.1147
vn -0.6525 0.7384 0.1702
vn -0.1467 0.4871 0.8609
vn -0.2901 0.5562 0.7788
vn -0.2033 0.5490 0.8107
vn -0.1188 0.4630 0.8784
vn -0.2314 0.6839 0.6919
vn -0.1652 0.7866 0.5950
vn -0.0359 0.7777 0.6276
vn -0.1034 0.6912 0.7153
vn -0.2441 0.8282 0.5044
vn -0.2837 0.8267 0.4859
vn -0.1230 0.4006 0.9080
vn -0.1258 0.4736 0.8717
vn -0.0243 0.3963 0.9178
vn -0.1368 0.3370 0.9315
vn -0.7723 0.6325 -0.0589
vn -0.7433 0.6674 -0.0446
vn -0.6220 0.7572 0.1993
vn -0.6486 0.7325 0.2067
vn 0.0162 0.6239 0.7813
vn 0.0269 0.7195 0.6940
vn 0.0997 0.6851 0.7216
vn 0.1716 0.5439 0.8214
vn -0.2035 0.8032 0.5599
vn -0.2312 0.8012 0.5519
vn 0.1283 0.3325 0.9343
vn -0.1458 0.2916 0.9454
vn 0.3868 0.3405 0.8570
vn -0.0322 0.3313 0.9430
vn -0.7587 0.6498 -0.0455
vn -0.7976 0.6014 -0.0463
vn -0.7099 0.6902 0.1400
vn -0.6406 0.7502 0.1636
vn 0.1830 0.6755 0.7143
vn 0.3605 0.4464 0.8190
vn 0.4873 0.4131 0.7693
vn 0.1688 0.6572 0.7346
vn -0.2072 0.8247 0.5263
vn -0.3164 0.7927 0.5210
vn 0.1677 0.3638 0.9163
vn 0.3041 0.3426 0.8889
vn 0.4935 0.2339 0.8377
vn 0.4290 0.1433 0.8919
vn 0.0109 0.5720 0.8202
vn 0.4097 0.3184 0.8549
vn 0.2287 0.2365 0.9443
vn -0.1579 0.4888 0.8580
vn 0.0830 0.4241 0.9018
vn 0.2332 0.7011 0.6739
vn 0.2856 0.6106 0.7386
vn 0.3135 0.4482 0.8372
vn 0.2779 0.1699 0.9455
vn 0.3603 0.3392 0.8690
vn -0.2752 0.4749 0.8359
vn 0.0156 0.2594 0.9656
vn -0.1666 0.4076 0.8978
vn -0.3170 0.5177 0.7947
vn -0.8155 0.5772 -0.0427
vn -0.7725 0.6332 -0.0477
vn -0.7489 0.6429 0.1608
vn -0.7636 0.6291 0.1455
vn -0.4731 0.6920 0.5452
vn -0.5600 0.6190 0.5507
vn 0.0954 0.9050 0.4145
vn -0.0919 0.7974 0.5965
vn -0.2574 0.9485 0.1845
vn -0.1952 0.9755 0.1019
vn -0.5658 0.7864 -0.2477
vn -0.6595 0.6973 -0.2807
vn -0.5854 0.7742 -0.2407
vn -0.5201 0.8305 -0.1994
vn -0.3385 0.7116 0.6157
vn -0.4666 0.7073 0.5310
vn -0.5191 0.8412 0.1513
vn -0.4109 0.8731 0.2625
vn -0.4320 0.8922 -0.1319
vn -0.4171 0.9056 -0.0774
vn -0.5263 0.8462 -0.0838
vn -0.4522 0.8918 0.0115
vn -0.5959 0.7840 -0.1739
vn -0.6466 0.7607 -0.0576
vn -0.6520 0.7394 0.1678
vn -0.5759 0.8008 -0.1643
vn -0.5587 0.6351 0.5334
vn -0.5146 -0.4569 -0.7256
vn -0.3630 -0.7082 -0.6055
vn 0.1178 -0.5067 -0.8540
vn -0.0112 -0.4005 -0.9162
vn -0.3519 -0.2957 -0.8881
vn -0.0979 -0.1935 -0.9762
vn 0.3074 -0.1220 -0.9437
vn 0.1326 -0.1966 -0.9715
vn 0.3249 -0.2301 -0.9173
vn 0.4612 -0.0787 -0.8838
vn 0.0974 -0.1005 -0.9902
vn 0.1094 -0.0765 -0.9911
vn 0.4174 -0.0808 -0.9051
vn 0.3364 -0.2263 -0.9141
vn -0.1200 -0.3288 -0.9367
vn 0.2502 -0.4122 -0.8761
vn 0.6329 -0.2439 -0.7348
vn 0.4910 -0.3589 -0.7938
vn 0.4492 -0.2730 -0.8507
vn 0.6117 -0.2832 -0.7387
vn 0.5921 -0.4141 -0.6913
vn 0.3030 -0.6407 -0.7055
vn 0.5142 -0.0979 -0.8520
vn 0.7775 -0.1219 0.6170
vn 0.7812 -0.1802 0.5978
vn 0.7251 -0.3631 0.5851
vn 0.7150 -0.3368 0.6126
vn 0.7625 -0.3698 0.5309
vn 0.8003 -0.2121 0.5609
vn 0.7056 -0.5166 0.4851
vn 0.6502 -0.5355 0.5390
vn 0.6202 -0.5518 0.5575
vn 0.7933 -0.1428 0.5918
vn 0.8102 -0.1383 0.5696
vn 0.7814 -0.1548 0.6045
vn 0.7528 -0.2584 0.6054
vn 0.7811 -0.1801 0.5978
vn 0.8003 -0.1050 0.5903
vn 0.7626 -0.1436 0.6308
vn 0.7721 -0.0309 0.6348
vn 0.7319 -0.2373 0.6387
vn 0.7109 -0.1403 0.6892
vn 0.7320 -0.0433 0.6799
vn 0.7265 0.0764 0.6829
vn 0.6703 0.1769 0.7207
vn 0.6550 0.2551 0.7113
vn 0.6680 0.1036 0.7369
vn 0.5490 0.4243 0.7201
vn 0.5403 0.4819 0.6898
vn 0.5178 0.5235 0.6767
vn 0.3621 0.7221 0.5895
vn 0.3590 0.7243 0.5887
vn 0.3667 0.6624 0.6533
vn 0.1642 0.8092 0.5642
vn 0.1448 0.8883 0.4358
vn 0.2200 0.8586 0.4630
vn 0.0079 0.9669 0.2552
vn -0.0460 0.9631 0.2652
vn -0.1176 0.9673 0.2249
vn -0.1280 0.9851 0.1147
vn -0.0499 0.8873 0.4585
vn -0.1439 0.8929 0.4266
vn -0.0966 0.9860 0.1358
vn -0.1213 0.9554 0.2693
vn -0.0833 0.9435 0.3206
vn -0.0729 0.9792 0.1895
vn -0.1657 0.8795 0.4461
vn -0.1708 0.8739 0.4550
vn -0.1999 0.9675 0.1549
vn -0.1403 0.9514 0.2741
vn -0.3836 0.9224 0.0457
vn -0.4381 0.8989 -0.0089
vn -0.2444 0.9111 0.3319
vn -0.4361 0.8992 0.0345
vn -0.5972 0.7830 -0.1742
vn -0.5804 0.7910 -0.1935
vn -0.6630 0.6640 -0.3457
vn -0.6808 0.6702 -0.2955
vn -0.5934 0.7663 -0.2462
vn -0.6512 0.6398 -0.4081
vn -0.7520 0.4840 -0.4475
vn -0.7304 0.5612 -0.3894
vn -0.7007 0.5532 -0.4506
vn -0.7150 0.4877 -0.5010
vn -0.6746 0.5480 -0.4945
vn -0.6877 0.5132 -0.5135
vn -0.7588 0.4606 -0.4605
vn -0.7560 0.4573 -0.4684
vn -0.7206 0.4823 -0.4980
vn -0.7262 0.5108 -0.4602
vn -0.6979 0.5358 -0.4752
vn -0.7087 0.5737 -0.4105
vn -0.7956 0.4890 -0.3576
vn -0.7662 0.4870 -0.4192
vn -0.7273 0.5647 -0.3900
vn -0.7311 0.5949 -0.3340
vn -0.7095 0.6216 -0.3319
vn -0.7217 0.6231 -0.3015
vn -0.8516 0.0174 -0.5240
vn -0.8603 0.2924 -0.4177
vn -0.8078 0.3814 -0.4494
vn -0.8186 0.0778 -0.5691
vn -0.7914 0.4128 -0.4508
vn -0.8028 0.1355 -0.5806
vn -0.6912 -0.4387 -0.5743
vn -0.8084 -0.1747 -0.5621
vn -0.7912 -0.1023 -0.6029
vn -0.6976 -0.3663 -0.6158
vn -0.7936 -0.0045 -0.6084
vn -0.7125 -0.2639 -0.6502
vn -0.0490 -0.9988 0.0000
vn 0.1065 -0.9941 0.0196
vn -0.0422 -0.9902 -0.1331
vn -0.2776 -0.9432 -0.1823
vn 0.2015 -0.9792 -0.0218
vn 0.3124 -0.9447 0.0999
vn 0.1590 -0.9802 -0.1180
vn -0.1238 -0.9626 -0.2410
vn -0.3092 -0.9223 -0.2317
vn 0.2085 -0.9658 -0.1542
vn 0.1624 -0.9794 -0.1200
vn 0.4730 -0.8810 0.0043
vn 0.6160 -0.7348 0.2839
vn 0.7233 -0.5075 0.4683
vn 0.3185 -0.9305 0.1807
vn 0.6461 -0.6377 0.4194
vn 0.5915 -0.7419 0.3159
vn 0.6835 -0.6859 0.2496
vn 0.5940 -0.7761 0.2116
vn 0.4347 -0.8848 0.1680
vn 0.2958 -0.9549 0.0254
vn 0.3474 -0.8750 0.3371
vn 0.4153 -0.8392 0.3511
vn 0.2605 -0.9465 0.1906
vn 0.1436 -0.9753 0.1678
vn 0.4180 -0.8834 0.2118
vn 0.5106 -0.8041 0.3046
vn 0.5529 -0.6939 0.4614
vn 0.6209 -0.6694 0.4079
vn 0.5184 -0.7108 0.4754
vn -0.6829 -0.2593 -0.6829
vn -0.4829 -0.6483 -0.5886
vn -0.2639 -0.8625 -0.4319
vn -0.7669 0.0848 -0.6362
vn -0.6270 -0.4623 -0.6270
vn -0.8080 -0.0395 -0.5878
vn -0.8222 0.0249 -0.5686
vn -0.7837 -0.1289 -0.6076
vn -0.6540 -0.4637 -0.5978
vn 0.1686 -0.9736 -0.1537
vn 0.3698 -0.9287 -0.0266
vn -0.0630 -0.9509 -0.3031
vn -0.3698 -0.6951 -0.6165
vn -0.3627 -0.7498 -0.5534
vn -0.0692 -0.8709 -0.4866
vn 0.0089 -0.8855 -0.4646
vn -0.2822 -0.8006 -0.5286
vn -0.3825 -0.7684 -0.5131
vn -0.7045 -0.2265 -0.6726
vn -0.5853 -0.3438 -0.7343
vn -0.5665 -0.5475 -0.6159
vn 0.1613 -0.9858 0.0473
vn 0.0644 -0.9946 -0.0809
vn 0.7002 -0.6329 0.3305
vn 0.6350 -0.7456 0.2022
vn -0.4456 -0.8330 -0.3280
vn -0.3925 -0.8945 -0.2140
vn -0.3027 -0.9133 -0.2725
vn -0.2304 -0.9577 -0.1726
vn -0.4225 -0.8400 -0.3404
vn -0.4773 -0.7748 -0.4146
vn -0.3763 -0.8932 -0.2460
vn -0.1723 -0.9818 -0.0802
vn -0.4542 -0.7955 -0.4011
vn -0.5321 -0.7008 -0.4751
vn -0.1692 -0.7829 -0.5986
vn -0.5445 -0.4462 -0.7103
vn -0.6293 -0.3498 -0.6939
vn -0.3192 -0.7017 -0.6370
vn -0.7733 -0.0112 -0.6339
vn -0.7302 -0.0802 -0.6786
vn -0.8361 -0.0193 -0.5482
vn -0.7029 -0.3333 -0.6283
vn -0.3937 -0.6592 -0.6406
vn 0.5808 -0.7897 0.1975
vn 0.5397 -0.8392 0.0668
vn 0.2035 -0.9725 -0.1135
vn 0.1285 -0.9728 -0.1928
vn -0.7492 -0.4075 -0.5222
vn -0.2220 -0.8923 -0.3930
vn -0.3144 -0.8536 -0.4153
vn -0.7837 -0.4036 -0.4722
vn -0.1245 -0.9921 -0.0145
vn 0.0826 -0.9839 0.1582
vn 0.0590 -0.9933 0.0997
vn 0.3544 -0.8858 0.2995
vn 0.3319 -0.8820 0.3347
vn -0.3104 -0.9396 -0.1445
vn 0.5063 -0.7307 0.4580
vn 0.5184 -0.7481 0.4143
vn 0.6231 -0.5946 0.5082
vn 0.6159 -0.5697 0.5442
vn -0.9094 0.0261 -0.4151
vn -0.8752 -0.0779 -0.4774
vn -0.8359 -0.0906 -0.5414
vn -0.8268 -0.1348 -0.5460
vn -0.4039 -0.6842 -0.6072
vn -0.4819 -0.6399 -0.5987
vn -0.0468 -0.8562 -0.5145
vn 0.7347 -0.3110 0.6028
vn 0.7740 -0.2682 0.5736
vn 0.8206 -0.0915 0.5642
vn 0.7888 -0.0895 0.6081
vn 0.7717 -0.1767 0.6109
vn 0.7715 -0.2199 0.5971
vn 0.7006 -0.3723 0.6087
vn 0.7207 -0.3264 0.6116
vn 0.7012 -0.3127 0.6407
vn 0.6819 -0.3661 0.6332
vn 0.6653 -0.2792 0.6924
vn 0.6846 -0.2153 0.6964
vn 0.6487 0.0418 0.7599
vn 0.6319 -0.0293 0.7745
vn 0.5382 0.2265 0.8118
vn 0.5441 0.3382 0.7678
vn 0.6421 -0.3463 0.6839
vn 0.6095 -0.1211 0.7835
vn 0.5721 -0.1983 0.7958
vn 0.6181 -0.3960 0.6790
vn 0.4915 -0.0372 0.8701
vn 0.5238 0.0941 0.8466
vn 0.4045 0.3665 0.8379
vn 0.3905 0.5295 0.7531
vn 0.2110 0.5488 0.8089
vn 0.1944 0.6698 0.7167
vn 0.4091 0.2029 0.8896
vn 0.3894 0.0589 0.9192
vn 0.1850 0.4525 0.8724
vn 0.2070 0.4791 0.8530
vn 0.0026 0.7524 0.6588
vn -0.0328 0.7927 0.6087
vn -0.1320 0.8437 0.5203
vn -0.1656 0.8382 0.5196
vn 0.0111 0.7738 0.6333
vn -0.0891 0.8888 0.4495
vn -0.0123 0.8141 0.5806
vn -0.0881 0.9232 0.3740
vn -0.1659 0.8626 0.4778
vn -0.1783 0.8397 0.5129
vn -0.2373 0.8956 0.3763
vn -0.2070 0.8621 0.4626
vn -0.1129 0.9213 0.3721
vn -0.1837 0.9418 0.2817
vn -0.0947 0.9511 0.2939
vn -0.1033 0.9576 0.2690
vn -0.3682 0.9126 0.1775
vn -0.3436 0.9024 0.2602
vn -0.5123 0.8578 -0.0415
vn -0.5046 0.8629 -0.0290
vn -0.3275 0.9317 0.1570
vn -0.4957 0.8685 -0.0070
vn -0.2002 0.9512 0.2350
vn -0.4010 0.9121 0.0857
vn -0.6356 0.7289 -0.2545
vn -0.6125 0.7424 -0.2715
vn -0.6975 0.5924 -0.4032
vn -0.6618 0.6158 -0.4277
vn -0.6469 0.7289 -0.2243
vn -0.6118 0.7799 -0.1323
vn -0.7239 0.6312 -0.2785
vn -0.7188 0.5966 -0.3569
vn -0.7126 0.5535 -0.4311
vn -0.6786 0.5501 -0.4867
vn -0.7150 0.5836 -0.3850
vn -0.6938 0.5516 -0.4630
vn -0.7418 0.5713 -0.3511
vn -0.7495 0.6031 -0.2730
vn -0.7482 0.6331 -0.1984
vn -0.7454 0.6034 -0.2833
vn -0.7182 0.6179 -0.3200
vn -0.7040 0.5857 -0.4017
vn -0.7057 0.6261 -0.3317
vn -0.7159 0.6583 -0.2328
vn -0.7433 0.6392 -0.1976
vn -0.7347 0.6678 -0.1197
vn -0.7391 0.6636 -0.1161
vn -0.7463 0.6610 -0.0786
vn -0.7183 0.6769 -0.1608
vn -0.7074 0.6582 -0.2577
vn -0.7367 0.6266 -0.2540
vn -0.7560 0.6161 -0.2213
vn -0.7444 0.6536 -0.1367
vn -0.7829 0.5235 -0.3362
vn -0.7857 0.5956 -0.1669
vn -0.8284 0.4495 -0.3341
vn -0.8033 0.3896 -0.4505
vn -0.8089 0.4046 -0.4266
vn -0.8109 0.1522 -0.5651
vn -0.7812 0.1603 -0.6034
vn -0.7830 0.3164 -0.5355
vn -0.7766 0.1722 -0.6060
vn -0.8505 0.2938 -0.4363
vn -0.8495 0.1566 -0.5038
vn -0.7571 0.0557 -0.6509
vn -0.7877 0.0371 -0.6149
vn -0.7189 -0.1671 -0.6748
vn -0.7808 0.0990 -0.6168
vn -0.8447 0.0831 -0.5287
vn -0.4463 -0.5840 -0.6781
vn 0.8008 0.0047 0.5989
vn 0.8283 -0.0897 0.5531
vn 0.8250 0.0152 0.5650
vn 0.7808 0.1382 0.6093
vn 0.8472 -0.1368 0.5133
vn 0.8304 -0.1966 0.5213
vn 0.6999 0.1914 0.6881
vn 0.7568 0.0958 0.6466
vn 0.7205 0.2359 0.6521
vn 0.6541 0.3121 0.6890
vn 0.4817 0.5594 0.6746
vn 0.6264 0.3225 0.7096
vn 0.5845 0.3935 0.7096
vn 0.4660 0.5734 0.6738
vn 0.2194 0.8259 0.5194
vn 0.3188 0.7421 0.5897
vn 0.3285 0.7500 0.5740
vn 0.2267 0.8413 0.4908
vn -0.0702 0.9783 0.1948
vn 0.0652 0.9272 0.3688
vn 0.1256 0.9092 0.3969
vn 0.0113 0.9643 0.2647
vn -0.1184 0.9856 0.1209
vn -0.1627 0.9806 0.1096
vn -0.1091 0.9831 0.1468
vn -0.2292 0.9707 0.0715
vn -0.2865 0.9562 0.0606
vn -0.4584 0.8863 -0.0655
vn -0.3442 0.9389 0.0054
vn -0.4578 0.8829 -0.1048
vn -0.5915 0.7814 -0.1990
vn -0.6756 0.6743 -0.2981
vn -0.6253 0.6875 -0.3692
vn -0.5569 0.7922 -0.2496
vn -0.7297 0.5685 -0.3799
vn -0.7560 0.4921 -0.4317
vn -0.7082 0.5114 -0.4868
vn -0.6765 0.5869 -0.4448
vn -0.7685 0.4517 -0.4532
vn -0.7832 0.4211 -0.4574
vn -0.7657 0.3699 -0.5262
vn -0.7333 0.4472 -0.5121
vn -0.8063 0.3862 -0.4479
vn -0.8400 0.3268 -0.4330
vn -0.8310 0.2293 -0.5068
vn -0.8013 0.2905 -0.5229
vn -0.8773 0.2030 -0.4350
vn -0.8747 0.0032 -0.4847
vn -0.8477 0.0048 -0.5305
vn -0.8492 0.1523 -0.5056
vn -0.8184 -0.2155 -0.5327
vn -0.6887 -0.4825 -0.5411
vn -0.6694 -0.4992 -0.5502
vn -0.7998 -0.2187 -0.5590
vn -0.4188 -0.7725 -0.4773
vn -0.4763 -0.6881 -0.5473
vn -0.6012 -0.5492 -0.5805
vn -0.4229 -0.7683 -0.4805
vn -0.7052 -0.3884 -0.5932
vn -0.7650 -0.1431 -0.6279
vn -0.7647 -0.2037 -0.6114
vn -0.8108 -0.2081 -0.5470
vn -0.5158 -0.6560 -0.5510
vn -0.0316 -0.9458 -0.3233
vn -0.4121 -0.7945 -0.4460
vn 0.0693 -0.9786 -0.1937
vn 0.6621 -0.7271 0.1814
vn 0.4712 -0.8820 0.0018
vn 0.5293 -0.8458 0.0671
vn 0.6904 -0.6891 0.2203
vn 0.6542 -0.7357 0.1754
vn 0.6447 -0.7349 0.2103
vn 0.5207 -0.8480 0.0989
vn 0.5292 -0.8381 0.1323
vn 0.6204 -0.7297 0.2875
vn 0.5186 -0.8360 0.1792
vn 0.5500 -0.8063 0.2178
vn 0.6633 -0.6809 0.3105
vn 0.3725 -0.9243 0.0827
vn 0.3854 -0.9194 0.0785
vn 0.7593 -0.4835 0.4355
vn 0.6959 -0.6133 0.3735
vn 0.7244 -0.5887 0.3587
vn 0.7853 -0.4680 0.4053
vn 0.8056 -0.3394 0.4855
vn 0.8343 -0.3097 0.4562
vn 0.2808 -0.9597 0.0078
vn 0.2797 -0.9600 0.0099
vn 0.3183 -0.9478 0.0203
vn 0.2719 -0.9622 -0.0131
vn 0.3579 -0.9335 0.0219
vn 0.4073 -0.9112 0.0621
vn 0.8456 -0.0650 0.5299
vn 0.8429 -0.2649 0.4683
vn 0.8544 -0.2128 0.4740
vn 0.8455 0.0136 0.5337
vn 0.8111 -0.4231 0.4038
vn 0.7956 -0.4572 0.3975
vn -0.5903 -0.5445 -0.5959
vn -0.3082 -0.8313 -0.4625
vn -0.2676 -0.8145 -0.5147
vn -0.5729 -0.5224 -0.6316
vn 0.1218 -0.9799 -0.1582
vn 0.0284 -0.9755 -0.2181
vn 0.1193 -0.9856 -0.1195
vn -0.3169 -0.7748 -0.5470
vn -0.5627 -0.4389 -0.7005
vn 0.3933 -0.9116 0.1192
vn 0.3433 -0.9365 0.0711
vn 0.3986 -0.9156 0.0533
vn 0.4472 -0.8901 0.0875
vn 0.4284 -0.9010 0.0684
vn 0.3835 -0.9208 0.0707
vn 0.6942 0.1836 0.6960
vn 0.8132 0.1132 0.5708
vn 0.7369 0.3015 0.6050
vn 0.6409 0.3619 0.6769
vn 0.7921 0.2094 0.5733
vn 0.7106 0.3803 0.5919
vn 0.6490 0.4676 0.6001
vn 0.5720 0.5087 0.6434
vn 0.7287 -0.3665 0.5784
vn 0.8168 -0.3848 0.4299
vn 0.8482 -0.1648 0.5034
vn 0.7333 -0.1089 0.6712
vn 0.8132 0.1104 0.5715
vn 0.7503 0.2663 0.6050
vn 0.5787 0.5596 0.5933
vn 0.5311 0.5782 0.6194
vn 0.6314 0.4851 0.6050
vn 0.5692 0.5386 0.6213
vn 0.5335 0.6052 0.5909
vn 0.5194 0.6097 0.5987
vn 0.6766 0.3725 0.6352
vn 0.6084 0.4346 0.6640
vn 0.5236 0.6023 0.6026
vn 0.5412 0.5986 0.5906
vn 0.5320 0.5525 0.6417
vn 0.5025 0.5861 0.6357
vn 0.5352 0.5874 0.6071
vn 0.5696 0.5793 0.5830
vn 0.5506 0.4762 0.6856
vn 0.4782 0.5795 0.6599
vn 0.4582 0.7136 0.5300
vn 0.4878 0.7161 0.4993
vn 0.4108 0.7301 0.5460
vn 0.2678 0.8703 0.4134
vn 0.2933 0.8745 0.3863
vn 0.3142 0.8796 0.3573
vn 0.3708 0.7408 0.5601
vn 0.2465 0.8600 0.4467
vn 0.1556 0.9344 0.3205
vn 0.1679 0.9442 0.2834
vn 0.0002 0.9794 0.2019
vn -0.0072 0.9882 0.1533
vn 0.1778 0.9487 0.2614
vn -0.0010 0.9912 0.1322
vn 0.1444 0.9201 0.3642
vn 0.0085 0.9671 0.2544
vn -0.1799 0.9806 0.0778
vn -0.2040 0.9787 0.0226
vn -0.2892 0.9571 0.0158
vn -0.2930 0.9558 -0.0225
vn -0.2994 0.9520 -0.0630
vn -0.2039 0.9789 -0.0148
vn -0.1515 0.9788 0.1376
vn -0.2783 0.9587 0.0583
vn -0.3357 0.9418 -0.0155
vn -0.3200 0.9468 -0.0350
vn -0.3948 0.9139 -0.0948
vn -0.4089 0.9095 -0.0752
vn -0.3709 0.9258 -0.0731
vn -0.3171 0.9470 -0.0516
vn -0.3494 0.9370 0.0022
vn -0.4167 0.9046 -0.0896
vn -0.5285 0.8287 -0.1844
vn -0.5103 0.8407 -0.1810
vn -0.6059 0.7510 -0.2625
vn -0.6281 0.7205 -0.2938
vn -0.5613 0.7903 -0.2457
vn -0.4775 0.8650 -0.1544
vn -0.5078 0.8304 -0.2293
vn -0.5980 0.7128 -0.3665
vn -0.6769 0.6285 -0.3832
vn -0.6618 0.6691 -0.3381
vn -0.7068 0.5776 -0.4084
vn -0.6989 0.5479 -0.4598
vn -0.6544 0.6498 -0.3866
vn -0.6137 0.7246 -0.3136
vn -0.6494 0.5936 -0.4753
vn -0.6646 0.5193 -0.5372
vn -0.7226 0.4352 -0.5371
vn -0.7484 0.4668 -0.4711
vn -0.7772 0.3318 -0.5347
vn -0.7399 0.2913 -0.6064
vn -0.7240 0.4420 -0.5297
vn -0.6920 0.5544 -0.4624
vn -0.6836 0.4357 -0.5855
vn -0.7169 0.3262 -0.6162
vn -0.7426 0.1989 -0.6396
vn -0.7809 0.2214 -0.5841
vn -0.7605 0.2368 -0.6046
vn -0.7437 0.2241 -0.6299
vn -0.7487 0.2548 -0.6120
vn -0.7447 0.3102 -0.5909
vn -0.7506 0.2352 -0.6175
vn -0.7734 0.2147 -0.5964
vn -0.7400 0.1969 -0.6431
vn -0.7527 0.2084 -0.6245
vn -0.7470 -0.0045 -0.6648
vn -0.7279 -0.0038 -0.6857
vn -0.7524 0.0795 -0.6539
vn -0.7429 0.2562 -0.6185
vn -0.7783 0.1721 -0.6039
vn -0.7755 0.0159 -0.6311
vn -0.6694 -0.2965 -0.6812
vn -0.6771 -0.2997 -0.6722
vn -0.5419 -0.5543 -0.6318
vn -0.5542 -0.5756 -0.6013
vn -0.5837 -0.4289 -0.6895
vn -0.7052 -0.1931 -0.6822
vn -0.7397 -0.2361 -0.6302
vn -0.6166 -0.5370 -0.5757
vn -0.4511 -0.7172 -0.5311
vn -0.4369 -0.6632 -0.6077
vn -0.5978 -0.4188 -0.6835
vn -0.6242 -0.4413 -0.6446
vn -0.4954 -0.3752 -0.7835
vn -0.4563 -0.5349 -0.7111
vn -0.4393 -0.7463 -0.5001
vn -0.6071 -0.4801 -0.6331
vn -0.7182 -0.2080 -0.6640
vn -0.7191 -0.2236 -0.6580
vn -0.6373 -0.2040 -0.7432
vn -0.7329 -0.1701 -0.6587
vn -0.6368 -0.5143 -0.5745
vn 0.4244 -0.8940 0.1436
vn 0.3750 -0.8890 0.2629
vn 0.6303 -0.7096 0.3149
vn 0.4901 -0.7796 0.3898
vn 0.4297 -0.8118 0.3955
vn 0.4150 -0.8541 0.3135
vn -0.3491 -0.8426 -0.4101
vn 0.0460 -0.9774 -0.2061
vn 0.5065 -0.8586 0.0794
vn 0.6957 -0.6733 0.2503
vn 0.5303 -0.8016 0.2759
vn 0.3829 -0.8936 0.2341
vn 0.6255 -0.7277 0.2816
vn 0.5547 -0.8121 0.1811
vn 0.5121 -0.8469 0.1431
vn 0.4196 -0.9006 0.1130
vn 0.6596 -0.7151 0.2313
vn 0.5577 -0.8140 0.1623
vn 0.5109 -0.8483 0.1395
vn 0.5037 -0.8608 0.0733
vn 0.6341 -0.7473 0.1987
vn 0.6098 -0.7457 0.2686
vn 0.5894 -0.7851 0.1901
vn 0.6971 -0.6616 0.2763
vn 0.7198 -0.6326 0.2860
vn 0.6716 -0.6324 0.3862
vn 0.4179 -0.9084 0.0103
vn 0.4379 -0.8987 0.0256
vn 0.4239 -0.9057 0.0063
vn 0.4208 -0.9070 0.0188
vn 0.5465 -0.8087 0.2176
vn 0.6679 -0.6819 0.2981
vn 0.7746 -0.5240 0.3541
vn 0.7123 -0.4983 0.4942
vn 0.7544 -0.5656 0.3331
vn 0.7317 -0.5889 0.3431
vn 0.4713 -0.8794 0.0675
vn 0.4337 -0.8997 0.0495
vn 0.4782 -0.8722 0.1025
vn 0.4553 -0.8846 0.1010
vn -0.1341 -0.9392 -0.3162
vn -0.1985 -0.9312 -0.3058
vn 0.4696 -0.8829 -0.0050
vn 0.4189 -0.9079 0.0173
vn -0.1925 -0.9705 -0.1454
vn 0.0004 -0.9841 -0.1777
vn 0.2903 -0.9354 -0.2018
vn 0.0792 -0.9493 -0.3042
vn -0.2648 -0.8169 -0.5125
vn 0.5272 -0.8490 0.0348
vn 0.0601 -0.9779 -0.2001
vn 0.0184 -0.9769 -0.2130
vn 0.4940 -0.8693 -0.0150
vn -0.1077 -0.9284 -0.3556
vn 0.4202 -0.9042 -0.0767
vn 0.2235 -0.9716 -0.0783
vn 0.4019 -0.8897 0.2166
vn 0.3825 -0.8892 0.2511
vn 0.0568 -0.9973 0.0463
vn 0.0467 -0.9989 -0.0107
vn -0.8336 -0.3459 -0.4306
vn -0.3910 -0.8358 -0.3855
vn -0.5136 -0.7632 -0.3921
vn -0.8899 -0.2203 -0.3994
vn -0.6668 -0.5793 -0.4688
vn -0.7555 -0.4232 -0.5001
vn -0.9266 -0.0989 -0.3629
vn -0.9323 -0.0904 -0.3503
vn -0.9636 -0.0164 -0.2668
vn -0.9371 -0.0670 -0.3426
vn -0.8950 -0.1017 -0.4343
vn -0.9460 -0.0499 -0.3204
vn -0.9910 -0.0549 -0.1218
vn -0.7901 -0.2987 -0.5353
vn -0.3893 -0.7004 -0.5983
vn -0.8127 -0.1929 -0.5499
vn -0.9294 0.1250 -0.3474
vn -0.9506 0.1680 -0.2609
vn -0.8828 -0.2421 -0.4025
vn -0.9791 0.0438 -0.1985
vn -0.9431 -0.1950 -0.2694
vn -0.4084 -0.6957 -0.5909
vn -0.3740 -0.6802 -0.6304
vn -0.6397 -0.6265 -0.4454
vn -0.5625 -0.7275 -0.3928
vn -0.3590 -0.8929 -0.2717
vn -0.5951 -0.7228 -0.3514
vn -0.7043 -0.6371 -0.3132
vn -0.7447 -0.5740 -0.3405
vn -0.7114 -0.5873 -0.3860
vn -0.3986 -0.8573 -0.3258
vn -0.8696 -0.3738 -0.3227
vn -0.6405 -0.4856 -0.5950
vn -0.6994 -0.4404 -0.5629
vn -0.6139 -0.5270 -0.5877
vn -0.6457 -0.5862 -0.4894
vn -0.5291 -0.6248 -0.5742
vn -0.8114 -0.2660 -0.5204
vn -0.8341 -0.1532 -0.5300
vn -0.9003 0.1750 -0.3986
vn -0.9010 0.0024 -0.4339
vn -0.9100 0.1786 -0.3742
vn -0.9037 0.0693 -0.4224
vn -0.9057 0.2144 -0.3657
vn -0.8764 0.3818 -0.2934
vn -0.8796 -0.0486 -0.4732
vn -0.7572 -0.3304 -0.5635
vn -0.8507 0.4167 -0.3204
vn -0.8471 0.4648 -0.2578
vn -0.7566 0.5737 -0.3137
vn -0.7811 0.5555 -0.2850
vn -0.8076 0.5759 -0.1270
vn -0.7261 0.6668 -0.1678
vn -0.7381 0.6747 -0.0082
vn -0.7832 0.6189 -0.0591
vn -0.7334 0.6793 0.0284
vn -0.7248 0.6885 0.0249
vn -0.8500 0.4855 -0.2043
vn -0.8816 0.3665 -0.2975
vn -0.7159 0.6974 0.0343
vn -0.7085 0.7057 -0.0053
vn -0.7628 0.6317 -0.1379
vn -0.7473 0.6613 -0.0645
vn -0.7445 0.6658 -0.0494
vn -0.7135 0.6967 -0.0747
vn -0.5107 0.8487 0.1373
vn -0.6802 0.7320 0.0386
vn -0.6308 0.7636 -0.1377
vn -0.7474 0.6373 -0.1877
vn -0.3768 0.9261 0.0170
vn -0.5601 0.8282 -0.0210
vn -0.1854 0.9825 -0.0175
vn -0.2520 0.9551 0.1556
vn -0.2347 0.9414 0.2422
vn -0.4312 0.9021 0.0172
vn -0.2734 0.9586 0.0791
vn -0.1961 0.9424 0.2710
vn -0.1824 0.9758 0.1205
vn -0.1953 0.9806 -0.0172
vn -0.1251 0.9360 0.3290
vn -0.1299 0.9225 0.3635
vn -0.1841 0.8944 0.4075
vn -0.1844 0.8912 0.4145
vn -0.1502 0.9341 0.3240
vn -0.1642 0.8925 0.4200
vn -0.1156 0.9275 0.3556
vn -0.1273 0.9457 0.2989
vn -0.1854 0.9165 0.3545
vn -0.1591 0.9080 0.3875
vn -0.2047 0.8785 0.4317
vn -0.2070 0.8932 0.3992
vn -0.0991 0.8371 0.5380
vn -0.0547 0.8375 0.5437
vn 0.1575 0.4496 0.8792
vn 0.1197 0.4542 0.8828
vn 0.0596 0.4450 0.8935
vn -0.1570 0.8123 0.5617
vn 0.4439 -0.1530 0.8829
vn 0.3645 -0.0433 0.9302
vn 0.3263 -0.0948 0.9405
vn 0.3830 -0.2398 0.8921
vn 0.3287 -0.2670 0.9059
vn 0.2898 -0.1102 0.9507
vn 0.5050 -0.4706 0.7235
vn 0.4126 -0.3000 0.8601
vn 0.5086 -0.2463 0.8250
vn 0.5796 -0.4264 0.6944
vn 0.3072 -0.3207 0.8960
vn 0.3811 -0.5392 0.7510
vn 0.0345 -0.9989 -0.0317
vn 0.4079 -0.8874 0.2146
vn 0.6783 -0.6200 0.3943
vn 0.6470 -0.6237 0.4386
vn 0.5416 -0.7603 0.3586
vn 0.5617 -0.7633 0.3192
vn 0.8859 -0.0054 0.4638
vn 0.8610 -0.0661 0.5042
vn 0.8201 -0.2168 0.5295
vn 0.8500 -0.1624 0.5011
vn 0.6923 -0.4235 0.5843
vn 0.6607 -0.4117 0.6277
vn 0.6583 -0.4607 0.5954
vn 0.7119 -0.5112 0.4815
vn 0.7888 -0.3037 0.5344
vn 0.8192 -0.3872 0.4231
vn 0.5525 -0.4416 0.7069
vn 0.5885 -0.5505 0.5921
vn 0.6314 -0.5107 0.5835
vn 0.6136 -0.5728 0.5435
vn 0.5089 -0.6311 0.5855
vn 0.4600 -0.5112 0.7260
vn 0.5670 -0.7574 0.3239
vn 0.4824 -0.8688 0.1118
vn 0.6014 -0.7557 0.2594
vn 0.0768 -0.9345 -0.3476
vn -0.2635 -0.6642 -0.6996
vn -0.4439 -0.3238 -0.8355
vn -0.4541 -0.1517 -0.8780
vn -0.3913 -0.2565 -0.8838
vn -0.4609 -0.3377 -0.8207
vn -0.5944 -0.2320 -0.7699
vn -0.6864 -0.0151 -0.7271
vn -0.6956 0.2158 -0.6852
vn -0.6766 0.2825 -0.6800
vn -0.6630 0.3334 -0.6703
vn -0.6346 0.4782 -0.6072
vn -0.6082 0.5986 -0.5213
vn -0.5872 0.6926 -0.4188
vn -0.5768 0.7496 -0.3247
vn -0.5655 0.7919 -0.2303
vn -0.5167 0.8461 -0.1311
vn -0.4502 0.8901 -0.0711
vn -0.3872 0.9202 -0.0571
vn -0.3490 0.9339 -0.0774
vn -0.3091 0.9481 -0.0739
vn -0.1618 0.9863 0.0313
vn 0.0270 0.9837 0.1780
vn 0.1611 0.9469 0.2784
vn 0.2735 0.8967 0.3479
vn 0.4469 0.7649 0.4638
vn 0.5886 0.5614 0.5817
vn 0.5890 0.4966 0.6376
vn 0.5386 0.5075 0.6725
vn 0.5024 0.5191 0.6915
vn 0.5032 0.4966 0.7073
vn 0.5472 0.3926 0.7392
vn 0.6030 0.1835 0.7764
vn 0.6166 -0.0423 0.7862
vn 0.6190 -0.2770 0.7349
vn 0.6315 -0.4352 0.6417
vn 0.6105 -0.5859 0.5330
vn 0.5685 -0.7363 0.3669
vn 0.4836 -0.8608 0.1584
vn 0.4481 -0.8935 0.0280
vn 0.4834 -0.8754 -0.0081
vn 0.4956 -0.8677 -0.0372
vn 0.5244 -0.8507 0.0358
vn 0.5179 -0.8382 0.1707
# 6652 vertex normals

vt 0.0000 0.0000 0.0000
# 1 texture coords

o Cabeza2
g Cabeza2
usemtl 07___Default
s 1
f 1/1/1 2/1/2 3/1/3 4/1/4 
f 5/1/5 6/1/6 3/1/3 2/1/2 
f 7/1/7 8/1/8 3/1/3 6/1/6 
f 4/1/4 3/1/3 8/1/8 9/1/9 
f 10/1/10 11/1/11 12/1/12 13/1/13 
f 8/1/8 12/1/12 11/1/11 9/1/9 
f 14/1/14 12/1/12 8/1/8 7/1/7 
f 13/1/13 12/1/12 14/1/14 15/1/15 
f 9/1/9 16/1/16 17/1/17 4/1/4 
f 18/1/18 19/1/19 17/1/17 16/1/16 
f 20/1/20 21/1/21 17/1/17 19/1/19 
f 4/1/4 17/1/17 21/1/21 1/1/1 
f 18/1/18 16/1/16 22/1/22 23/1/23 
f 9/1/9 11/1/11 22/1/22 16/1/16 
f 10/1/10 24/1/24 22/1/22 11/1/11 
f 23/1/23 22/1/22 24/1/24 25/1/25 
f 25/1/25 24/1/24 26/1/26 27/1/27 
f 13/1/13 26/1/26 24/1/24 10/1/10 
f 15/1/15 28/1/28 26/1/26 13/1/13 
f 27/1/27 26/1/26 28/1/28 29/1/29 
f 5/1/5 30/1/30 31/1/31 32/1/32 
f 33/1/33 31/1/31 30/1/30 34/1/34 
f 35/1/35 36/1/36 31/1/31 33/1/33 
f 32/1/32 31/1/31 36/1/36 37/1/37 
f 7/1/7 6/1/6 38/1/38 39/1/39 
f 32/1/32 38/1/38 6/1/6 5/1/5 
f 37/1/37 40/1/40 38/1/38 32/1/32 
f 39/1/39 38/1/38 40/1/40 41/1/41 
f 42/1/42 14/1/14 7/1/7 
f 43/1/43 42/1/42 39/1/39 41/1/41 
f 44/1/44 45/1/45 42/1/42 43/1/43 
f 14/1/14 42/1/42 45/1/45 15/1/15 
f 46/1/46 47/1/47 45/1/45 44/1/44 
f 48/1/48 47/1/47 46/1/46 49/1/49 
f 47/1/47 48/1/48 29/1/29 
f 28/1/28 15/1/15 45/1/45 
f 50/1/50 51/1/51 52/1/52 53/1/53 
f 23/1/23 52/1/52 51/1/51 18/1/18 
f 25/1/25 54/1/54 52/1/52 23/1/23 
f 53/1/53 52/1/52 54/1/54 55/1/55 
f 56/1/56 57/1/57 55/1/55 
f 27/1/27 56/1/56 54/1/54 25/1/25 
f 29/1/29 58/1/58 56/1/56 27/1/27 
f 58/1/58 59/1/59 57/1/57 
f 58/1/58 60/1/60 61/1/61 59/1/59 
f 58/1/58 29/1/29 48/1/48 
f 48/1/48 49/1/49 62/1/62 
f 60/1/60 62/1/62 63/1/63 
f 63/1/63 62/1/62 64/1/64 65/1/65 
f 62/1/62 49/1/49 66/1/66 
f 67/1/67 64/1/64 66/1/66 68/1/68 
f 65/1/65 64/1/64 67/1/67 69/1/69 
f 69/1/69 67/1/67 70/1/70 71/1/71 
f 68/1/68 72/1/72 70/1/70 67/1/67 
f 73/1/73 74/1/74 70/1/70 72/1/72 
f 75/1/75 71/1/71 70/1/70 74/1/74 
f 76/1/76 77/1/77 78/1/78 79/1/79 
f 74/1/74 78/1/78 77/1/77 75/1/75 
f 80/1/80 78/1/78 74/1/74 73/1/73 
f 79/1/79 78/1/78 80/1/80 81/1/81 
f 82/1/82 83/1/83 84/1/84 85/1/85 
f 86/1/86 87/1/87 84/1/84 83/1/83 
f 88/1/88 84/1/84 87/1/87 89/1/89 
f 85/1/85 84/1/84 88/1/88 35/1/35 
f 37/1/37 36/1/36 90/1/90 91/1/91 
f 88/1/88 90/1/90 36/1/36 35/1/35 
f 89/1/89 92/1/92 90/1/90 88/1/88 
f 91/1/91 90/1/90 92/1/92 93/1/93 
f 94/1/94 95/1/95 41/1/41 
f 91/1/91 94/1/94 40/1/40 37/1/37 
f 93/1/93 96/1/96 94/1/94 91/1/91 
f 95/1/95 94/1/94 96/1/96 97/1/97 
f 41/1/41 95/1/95 98/1/98 43/1/43 
f 99/1/99 98/1/98 95/1/95 97/1/97 
f 100/1/100 101/1/101 98/1/98 99/1/99 
f 43/1/43 98/1/98 101/1/101 44/1/44 
f 44/1/44 101/1/101 102/1/102 46/1/46 
f 103/1/103 102/1/102 101/1/101 100/1/100 
f 104/1/104 105/1/105 102/1/102 103/1/103 
f 46/1/46 102/1/102 105/1/105 49/1/49 
f 68/1/68 66/1/66 106/1/106 107/1/107 
f 105/1/105 106/1/106 66/1/66 49/1/49 
f 104/1/104 108/1/108 106/1/106 105/1/105 
f 107/1/107 106/1/106 108/1/108 109/1/109 
f 72/1/72 110/1/110 111/1/111 73/1/73 
f 107/1/107 110/1/110 72/1/72 68/1/68 
f 109/1/109 112/1/112 110/1/110 107/1/107 
f 111/1/111 110/1/110 112/1/112 113/1/113 
f 73/1/73 111/1/111 114/1/114 80/1/80 
f 113/1/113 115/1/115 114/1/114 111/1/111 
f 116/1/116 114/1/114 115/1/115 117/1/117 
f 81/1/81 80/1/80 114/1/114 116/1/116 
f 86/1/86 118/1/118 119/1/119 87/1/87 
f 120/1/120 119/1/119 118/1/118 121/1/121 
f 122/1/122 123/1/123 119/1/119 120/1/120 
f 87/1/87 119/1/119 123/1/123 89/1/89 
f 123/1/123 124/1/124 92/1/92 89/1/89 
f 125/1/125 124/1/124 123/1/123 122/1/122 
f 126/1/126 127/1/127 124/1/124 125/1/125 
f 93/1/93 92/1/92 124/1/124 127/1/127 
f 128/1/128 129/1/129 130/1/130 131/1/131 
f 97/1/97 96/1/96 130/1/130 129/1/129 
f 127/1/127 130/1/130 96/1/96 93/1/93 
f 131/1/131 130/1/130 127/1/127 126/1/126 
f 131/1/131 132/1/132 133/1/133 128/1/128 
f 134/1/134 132/1/132 131/1/131 126/1/126 
f 132/1/132 134/1/134 135/1/135 
f 97/1/97 129/1/129 136/1/136 99/1/99 
f 137/1/137 136/1/136 129/1/129 128/1/128 
f 138/1/138 139/1/139 136/1/136 137/1/137 
f 99/1/99 136/1/136 139/1/139 100/1/100 
f 104/1/104 103/1/103 140/1/140 141/1/141 
f 100/1/100 139/1/139 140/1/140 103/1/103 
f 142/1/142 140/1/140 139/1/139 138/1/138 
f 143/1/143 141/1/141 140/1/140 142/1/142 
f 109/1/109 108/1/108 144/1/144 145/1/145 
f 141/1/141 144/1/144 108/1/108 104/1/104 
f 146/1/146 144/1/144 141/1/141 143/1/143 
f 147/1/147 145/1/145 144/1/144 146/1/146 
f 148/1/148 149/1/149 150/1/150 151/1/151 
f 113/1/113 112/1/112 150/1/150 149/1/149 
f 145/1/145 150/1/150 112/1/112 109/1/109 
f 151/1/151 150/1/150 145/1/145 147/1/147 
f 152/1/152 153/1/153 154/1/154 155/1/155 
f 153/1/153 55/1/55 57/1/57 
f 59/1/59 156/1/156 154/1/154 57/1/57 
f 155/1/155 154/1/154 156/1/156 157/1/157 
f 158/1/158 159/1/159 160/1/160 161/1/161 
f 155/1/155 160/1/160 159/1/159 152/1/152 
f 157/1/157 162/1/162 160/1/160 155/1/155 
f 161/1/161 160/1/160 162/1/162 163/1/163 
f 157/1/157 156/1/156 164/1/164 165/1/165 
f 61/1/61 164/1/164 156/1/156 59/1/59 
f 63/1/63 166/1/166 164/1/164 61/1/61 
f 165/1/165 164/1/164 166/1/166 167/1/167 
f 163/1/163 162/1/162 168/1/168 169/1/169 
f 165/1/165 168/1/168 162/1/162 157/1/157 
f 167/1/167 170/1/170 168/1/168 165/1/165 
f 169/1/169 168/1/168 170/1/170 171/1/171 
f 172/1/172 173/1/173 174/1/174 175/1/175 
f 169/1/169 174/1/174 173/1/173 163/1/163 
f 171/1/171 176/1/176 174/1/174 169/1/169 
f 175/1/175 174/1/174 176/1/176 177/1/177 
f 167/1/167 166/1/166 178/1/178 179/1/179 
f 65/1/65 178/1/178 166/1/166 63/1/63 
f 69/1/69 180/1/180 178/1/178 65/1/65 
f 179/1/179 178/1/178 180/1/180 181/1/181 
f 182/1/182 183/1/183 184/1/184 185/1/185 
f 186/1/186 184/1/184 183/1/183 187/1/187 
f 177/1/177 176/1/176 184/1/184 186/1/186 
f 185/1/185 184/1/184 176/1/176 171/1/171 
f 171/1/171 170/1/170 188/1/188 185/1/185 
f 179/1/179 188/1/188 170/1/170 167/1/167 
f 181/1/181 189/1/189 188/1/188 179/1/179 
f 185/1/185 188/1/188 189/1/189 182/1/182 
f 190/1/190 191/1/191 181/1/181 
f 71/1/71 190/1/190 180/1/180 69/1/69 
f 75/1/75 192/1/192 190/1/190 71/1/71 
f 192/1/192 193/1/193 191/1/191 
f 194/1/194 195/1/195 193/1/193 
f 77/1/77 194/1/194 192/1/192 75/1/75 
f 76/1/76 196/1/196 194/1/194 77/1/77 
f 195/1/195 194/1/194 196/1/196 197/1/197 
f 182/1/182 189/1/189 198/1/198 199/1/199 
f 191/1/191 198/1/198 189/1/189 181/1/181 
f 193/1/193 200/1/200 198/1/198 191/1/191 
f 199/1/199 198/1/198 200/1/200 201/1/201 
f 187/1/187 183/1/183 202/1/202 203/1/203 
f 199/1/199 202/1/202 183/1/183 182/1/182 
f 201/1/201 204/1/204 202/1/202 199/1/199 
f 203/1/203 202/1/202 204/1/204 205/1/205 
f 201/1/201 200/1/200 206/1/206 207/1/207 
f 195/1/195 206/1/206 200/1/200 193/1/193 
f 197/1/197 208/1/208 206/1/206 195/1/195 
f 207/1/207 206/1/206 208/1/208 209/1/209 
f 205/1/205 204/1/204 210/1/210 211/1/211 
f 207/1/207 210/1/210 204/1/204 201/1/201 
f 209/1/209 212/1/212 210/1/210 207/1/207 
f 211/1/211 210/1/210 212/1/212 213/1/213 
f 209/1/209 208/1/208 214/1/214 215/1/215 
f 216/1/216 214/1/214 208/1/208 197/1/197 
f 217/1/217 218/1/218 214/1/214 216/1/216 
f 215/1/215 214/1/214 218/1/218 219/1/219 
f 213/1/213 212/1/212 220/1/220 221/1/221 
f 215/1/215 220/1/220 212/1/212 209/1/209 
f 219/1/219 222/1/222 220/1/220 215/1/215 
f 221/1/221 220/1/220 222/1/222 223/1/223 
f 223/1/223 222/1/222 224/1/224 225/1/225 
f 226/1/226 224/1/224 222/1/222 219/1/219 
f 227/1/227 228/1/228 224/1/224 226/1/226 
f 225/1/225 224/1/224 228/1/228 229/1/229 
f 230/1/230 231/1/231 232/1/232 233/1/233 
f 234/1/234 232/1/232 231/1/231 235/1/235 
f 229/1/229 228/1/228 232/1/232 234/1/234 
f 233/1/233 232/1/232 228/1/228 227/1/227 
f 235/1/235 231/1/231 236/1/236 237/1/237 
f 238/1/238 236/1/236 231/1/231 230/1/230 
f 239/1/239 240/1/240 236/1/236 238/1/238 
f 237/1/237 236/1/236 240/1/240 241/1/241 
f 135/1/135 242/1/242 243/1/243 133/1/133 
f 244/1/244 243/1/243 242/1/242 245/1/245 
f 246/1/246 247/1/247 243/1/243 244/1/244 
f 133/1/133 243/1/243 247/1/247 128/1/128 
f 247/1/247 248/1/248 137/1/137 128/1/128 
f 249/1/249 248/1/248 247/1/247 246/1/246 
f 250/1/250 251/1/251 248/1/248 249/1/249 
f 137/1/137 248/1/248 251/1/251 138/1/138 
f 138/1/138 251/1/251 252/1/252 142/1/142 
f 253/1/253 252/1/252 251/1/251 250/1/250 
f 254/1/254 255/1/255 252/1/252 253/1/253 
f 142/1/142 252/1/252 255/1/255 143/1/143 
f 143/1/143 255/1/255 256/1/256 146/1/146 
f 257/1/257 256/1/256 255/1/255 254/1/254 
f 258/1/258 259/1/259 256/1/256 257/1/257 
f 146/1/146 256/1/256 259/1/259 147/1/147 
f 254/1/254 260/1/260 261/1/261 257/1/257 
f 262/1/262 261/1/261 260/1/260 263/1/263 
f 264/1/264 265/1/265 261/1/261 262/1/262 
f 257/1/257 261/1/261 265/1/265 258/1/258 
f 266/1/266 267/1/267 268/1/268 269/1/269 
f 175/1/175 268/1/268 267/1/267 172/1/172 
f 177/1/177 270/1/270 268/1/268 175/1/175 
f 269/1/269 268/1/268 270/1/270 271/1/271 
f 271/1/271 270/1/270 272/1/272 273/1/273 
f 186/1/186 272/1/272 270/1/270 177/1/177 
f 187/1/187 274/1/274 272/1/272 186/1/186 
f 273/1/273 272/1/272 274/1/274 275/1/275 
f 275/1/275 274/1/274 276/1/276 277/1/277 
f 203/1/203 276/1/276 274/1/274 187/1/187 
f 205/1/205 278/1/278 276/1/276 203/1/203 
f 277/1/277 276/1/276 278/1/278 279/1/279 
f 279/1/279 278/1/278 280/1/280 281/1/281 
f 211/1/211 280/1/280 278/1/278 205/1/205 
f 213/1/213 282/1/282 280/1/280 211/1/211 
f 281/1/281 280/1/280 282/1/282 283/1/283 
f 283/1/283 282/1/282 284/1/284 285/1/285 
f 221/1/221 284/1/284 282/1/282 213/1/213 
f 223/1/223 286/1/286 284/1/284 221/1/221 
f 285/1/285 284/1/284 286/1/286 287/1/287 
f 287/1/287 286/1/286 288/1/288 289/1/289 
f 225/1/225 288/1/288 286/1/286 223/1/223 
f 229/1/229 290/1/290 288/1/288 225/1/225 
f 289/1/289 288/1/288 290/1/290 291/1/291 
f 291/1/291 290/1/290 292/1/292 293/1/293 
f 234/1/234 292/1/292 290/1/290 229/1/229 
f 235/1/235 294/1/294 292/1/292 234/1/234 
f 293/1/293 292/1/292 294/1/294 295/1/295 
f 295/1/295 294/1/294 296/1/296 297/1/297 
f 237/1/237 296/1/296 294/1/294 235/1/235 
f 241/1/241 298/1/298 296/1/296 237/1/237 
f 297/1/297 296/1/296 298/1/298 299/1/299 
f 300/1/300 301/1/301 302/1/302 303/1/303 
f 304/1/304 302/1/302 301/1/301 305/1/305 
f 266/1/266 306/1/306 302/1/302 304/1/304 
f 303/1/303 302/1/302 306/1/306 307/1/307 
f 307/1/307 306/1/306 308/1/308 309/1/309 
f 269/1/269 308/1/308 306/1/306 266/1/266 
f 271/1/271 310/1/310 308/1/308 269/1/269 
f 309/1/309 308/1/308 310/1/310 311/1/311 
f 311/1/311 310/1/310 312/1/312 313/1/313 
f 273/1/273 312/1/312 310/1/310 271/1/271 
f 275/1/275 314/1/314 312/1/312 273/1/273 
f 313/1/313 312/1/312 314/1/314 315/1/315 
f 315/1/315 314/1/314 316/1/316 317/1/317 
f 277/1/277 316/1/316 314/1/314 275/1/275 
f 279/1/279 318/1/318 316/1/316 277/1/277 
f 317/1/317 316/1/316 318/1/318 319/1/319 
f 319/1/319 318/1/318 320/1/320 321/1/321 
f 281/1/281 320/1/320 318/1/318 279/1/279 
f 283/1/283 322/1/322 320/1/320 281/1/281 
f 321/1/321 320/1/320 322/1/322 323/1/323 
f 323/1/323 322/1/322 324/1/324 325/1/325 
f 285/1/285 324/1/324 322/1/322 283/1/283 
f 287/1/287 326/1/326 324/1/324 285/1/285 
f 325/1/325 324/1/324 326/1/326 327/1/327 
f 327/1/327 326/1/326 328/1/328 329/1/329 
f 289/1/289 328/1/328 326/1/326 287/1/287 
f 291/1/291 330/1/330 328/1/328 289/1/289 
f 329/1/329 328/1/328 330/1/330 331/1/331 
f 331/1/331 330/1/330 332/1/332 333/1/333 
f 293/1/293 332/1/332 330/1/330 291/1/291 
f 295/1/295 334/1/334 332/1/332 293/1/293 
f 333/1/333 332/1/332 334/1/334 335/1/335 
f 336/1/336 337/1/337 338/1/338 339/1/339 
f 340/1/340 338/1/338 337/1/337 341/1/341 
f 300/1/300 342/1/342 338/1/338 340/1/340 
f 339/1/339 338/1/338 342/1/342 343/1/343 
f 343/1/343 342/1/342 344/1/344 345/1/345 
f 303/1/303 344/1/344 342/1/342 300/1/300 
f 307/1/307 346/1/346 344/1/344 303/1/303 
f 345/1/345 344/1/344 346/1/346 347/1/347 
f 347/1/347 346/1/346 348/1/348 349/1/349 
f 309/1/309 348/1/348 346/1/346 307/1/307 
f 311/1/311 350/1/350 348/1/348 309/1/309 
f 349/1/349 348/1/348 350/1/350 351/1/351 
f 351/1/351 350/1/350 352/1/352 353/1/353 
f 313/1/313 352/1/352 350/1/350 311/1/311 
f 315/1/315 354/1/354 352/1/352 313/1/313 
f 353/1/353 352/1/352 354/1/354 355/1/355 
f 355/1/355 354/1/354 356/1/356 357/1/357 
f 317/1/317 356/1/356 354/1/354 315/1/315 
f 319/1/319 358/1/358 356/1/356 317/1/317 
f 357/1/357 356/1/356 358/1/358 359/1/359 
f 359/1/359 358/1/358 360/1/360 361/1/361 
f 321/1/321 360/1/360 358/1/358 319/1/319 
f 323/1/323 362/1/362 360/1/360 321/1/321 
f 361/1/361 360/1/360 362/1/362 363/1/363 
f 363/1/363 362/1/362 364/1/364 365/1/365 
f 325/1/325 364/1/364 362/1/362 323/1/323 
f 327/1/327 366/1/366 364/1/364 325/1/325 
f 365/1/365 364/1/364 366/1/366 367/1/367 
f 367/1/367 366/1/366 368/1/368 369/1/369 
f 329/1/329 368/1/368 366/1/366 327/1/327 
f 331/1/331 370/1/370 368/1/368 329/1/329 
f 369/1/369 368/1/368 370/1/370 371/1/371 
f 371/1/371 370/1/370 372/1/372 373/1/373 
f 333/1/333 372/1/372 370/1/370 331/1/331 
f 335/1/335 374/1/374 372/1/372 333/1/333 
f 373/1/373 372/1/372 374/1/374 375/1/375 
f 376/1/376 377/1/377 378/1/378 379/1/379 
f 85/1/85 377/1/377 376/1/376 82/1/82 
f 35/1/35 380/1/380 377/1/377 85/1/85 
f 378/1/378 377/1/377 380/1/380 381/1/381 
f 382/1/382 383/1/383 34/1/34 
f 30/1/30 5/1/5 2/1/2 
f 1/1/1 384/1/384 382/1/382 2/1/2 
f 383/1/383 382/1/382 384/1/384 385/1/385 
f 1/1/1 21/1/21 386/1/386 384/1/384 
f 21/1/21 20/1/20 387/1/387 
f 388/1/388 389/1/389 386/1/386 387/1/387 
f 384/1/384 386/1/386 389/1/389 385/1/385 
f 388/1/388 390/1/390 391/1/391 389/1/389 
f 392/1/392 391/1/391 390/1/390 393/1/393 
f 394/1/394 395/1/395 391/1/391 392/1/392 
f 395/1/395 385/1/385 389/1/389 
f 381/1/381 380/1/380 396/1/396 397/1/397 
f 33/1/33 396/1/396 380/1/380 35/1/35 
f 34/1/34 383/1/383 396/1/396 33/1/33 
f 397/1/397 396/1/396 383/1/383 385/1/385 
f 398/1/398 395/1/395 394/1/394 
f 399/1/399 381/1/381 397/1/397 
f 397/1/397 385/1/385 395/1/395 
f 400/1/400 401/1/401 402/1/402 403/1/403 
f 404/1/404 402/1/402 401/1/401 405/1/405 
f 406/1/406 407/1/407 402/1/402 404/1/404 
f 403/1/403 402/1/402 407/1/407 408/1/408 
f 408/1/408 407/1/407 409/1/409 410/1/410 
f 411/1/411 409/1/409 407/1/407 406/1/406 
f 412/1/412 413/1/413 409/1/409 411/1/411 
f 410/1/410 409/1/409 413/1/413 414/1/414 
f 414/1/414 413/1/413 415/1/415 416/1/416 
f 417/1/417 415/1/415 413/1/413 412/1/412 
f 418/1/418 419/1/419 415/1/415 417/1/417 
f 416/1/416 415/1/415 419/1/419 420/1/420 
f 420/1/420 419/1/419 421/1/421 422/1/422 
f 423/1/423 421/1/421 419/1/419 418/1/418 
f 424/1/424 425/1/425 421/1/421 423/1/423 
f 422/1/422 421/1/421 425/1/425 426/1/426 
f 427/1/427 428/1/428 429/1/429 430/1/430 
f 431/1/431 429/1/429 428/1/428 426/1/426 
f 432/1/432 433/1/433 429/1/429 431/1/431 
f 430/1/430 429/1/429 433/1/433 434/1/434 
f 435/1/435 436/1/436 437/1/437 438/1/438 
f 436/1/436 432/1/432 431/1/431 
f 426/1/426 425/1/425 437/1/437 431/1/431 
f 438/1/438 437/1/437 425/1/425 424/1/424 
f 439/1/439 440/1/440 441/1/441 442/1/442 
f 376/1/376 441/1/441 440/1/440 82/1/82 
f 379/1/379 443/1/443 441/1/441 376/1/376 
f 442/1/442 441/1/441 443/1/443 444/1/444 
f 445/1/445 446/1/446 447/1/447 448/1/448 
f 83/1/83 447/1/447 446/1/446 86/1/86 
f 82/1/82 440/1/440 447/1/447 83/1/83 
f 448/1/448 447/1/447 440/1/440 439/1/439 
f 121/1/121 449/1/449 450/1/450 120/1/120 
f 451/1/451 450/1/450 449/1/449 452/1/452 
f 453/1/453 454/1/454 450/1/450 451/1/451 
f 120/1/120 450/1/450 454/1/454 122/1/122 
f 122/1/122 454/1/454 455/1/455 125/1/125 
f 456/1/456 455/1/455 454/1/454 453/1/453 
f 457/1/457 455/1/455 456/1/456 458/1/458 
f 125/1/125 455/1/455 457/1/457 126/1/126 
f 245/1/245 242/1/242 459/1/459 460/1/460 
f 134/1/134 459/1/459 242/1/242 135/1/135 
f 126/1/126 457/1/457 459/1/459 134/1/134 
f 460/1/460 459/1/459 457/1/457 458/1/458 
f 121/1/121 118/1/118 461/1/461 462/1/462 
f 446/1/446 461/1/461 118/1/118 86/1/86 
f 445/1/445 463/1/463 461/1/461 446/1/446 
f 463/1/463 464/1/464 462/1/462 
f 465/1/465 466/1/466 467/1/467 
f 442/1/442 465/1/465 468/1/468 439/1/439 
f 444/1/444 469/1/469 465/1/465 442/1/442 
f 466/1/466 465/1/465 469/1/469 470/1/470 
f 464/1/464 463/1/463 471/1/471 472/1/472 
f 448/1/448 471/1/471 463/1/463 445/1/445 
f 439/1/439 468/1/468 471/1/471 448/1/448 
f 468/1/468 467/1/467 472/1/472 
f 452/1/452 449/1/449 473/1/473 474/1/474 
f 462/1/462 473/1/473 449/1/449 121/1/121 
f 462/1/462 464/1/464 474/1/474 
f 452/1/452 475/1/475 476/1/476 451/1/451 
f 477/1/477 476/1/476 475/1/475 478/1/478 
f 479/1/479 480/1/480 476/1/476 477/1/477 
f 451/1/451 476/1/476 480/1/480 453/1/453 
f 464/1/464 481/1/481 482/1/482 474/1/474 
f 483/1/483 482/1/482 481/1/481 484/1/484 
f 478/1/478 475/1/475 482/1/482 483/1/483 
f 474/1/474 482/1/482 475/1/475 452/1/452 
f 485/1/485 486/1/486 484/1/484 
f 481/1/481 464/1/464 472/1/472 
f 485/1/485 472/1/472 467/1/467 
f 487/1/487 488/1/488 486/1/486 
f 489/1/489 490/1/490 488/1/488 
f 467/1/467 491/1/491 489/1/489 487/1/487 
f 490/1/490 489/1/489 491/1/491 492/1/492 
f 493/1/493 494/1/494 492/1/492 
f 466/1/466 493/1/493 491/1/491 467/1/467 
f 470/1/470 495/1/495 493/1/493 466/1/466 
f 495/1/495 496/1/496 494/1/494 
f 497/1/497 498/1/498 499/1/499 500/1/500 
f 490/1/490 499/1/499 498/1/498 488/1/488 
f 492/1/492 501/1/501 499/1/499 490/1/490 
f 501/1/501 502/1/502 500/1/500 
f 503/1/503 504/1/504 505/1/505 506/1/506 
f 486/1/486 505/1/505 504/1/504 484/1/484 
f 488/1/488 498/1/498 505/1/505 486/1/486 
f 506/1/506 505/1/505 498/1/498 497/1/497 
f 507/1/507 508/1/508 509/1/509 510/1/510 
f 483/1/483 509/1/509 508/1/508 478/1/478 
f 484/1/484 504/1/504 509/1/509 483/1/483 
f 510/1/510 509/1/509 504/1/504 503/1/503 
f 511/1/511 512/1/512 513/1/513 514/1/514 
f 479/1/479 477/1/477 512/1/512 511/1/511 
f 478/1/478 508/1/508 512/1/512 477/1/477 
f 513/1/513 512/1/512 508/1/508 507/1/507 
f 515/1/515 516/1/516 517/1/517 518/1/518 
f 495/1/495 517/1/517 516/1/516 496/1/496 
f 519/1/519 517/1/517 495/1/495 470/1/470 
f 518/1/518 517/1/517 519/1/519 520/1/520 
f 405/1/405 521/1/521 522/1/522 404/1/404 
f 523/1/523 522/1/522 521/1/521 524/1/524 
f 525/1/525 526/1/526 522/1/522 523/1/523 
f 404/1/404 522/1/522 526/1/526 406/1/406 
f 527/1/527 528/1/528 529/1/529 530/1/530 
f 518/1/518 529/1/529 528/1/528 515/1/515 
f 520/1/520 531/1/531 529/1/529 518/1/518 
f 530/1/530 529/1/529 531/1/531 532/1/532 
f 524/1/524 533/1/533 534/1/534 523/1/523 
f 530/1/530 534/1/534 533/1/533 527/1/527 
f 532/1/532 535/1/535 534/1/534 530/1/530 
f 523/1/523 534/1/534 535/1/535 525/1/525 
f 470/1/470 469/1/469 536/1/536 519/1/519 
f 537/1/537 536/1/536 469/1/469 444/1/444 
f 538/1/538 539/1/539 536/1/536 537/1/537 
f 519/1/519 536/1/536 539/1/539 520/1/520 
f 406/1/406 526/1/526 540/1/540 411/1/411 
f 541/1/541 540/1/540 526/1/526 525/1/525 
f 542/1/542 543/1/543 540/1/540 541/1/541 
f 411/1/411 540/1/540 543/1/543 412/1/412 
f 520/1/520 539/1/539 544/1/544 531/1/531 
f 545/1/545 544/1/544 539/1/539 538/1/538 
f 546/1/546 547/1/547 544/1/544 545/1/545 
f 531/1/531 544/1/544 547/1/547 532/1/532 
f 542/1/542 541/1/541 548/1/548 549/1/549 
f 535/1/535 548/1/548 541/1/541 525/1/525 
f 532/1/532 547/1/547 548/1/548 535/1/535 
f 549/1/549 548/1/548 547/1/547 546/1/546 
f 444/1/444 443/1/443 550/1/550 537/1/537 
f 551/1/551 550/1/550 443/1/443 379/1/379 
f 550/1/550 551/1/551 552/1/552 
f 553/1/553 538/1/538 537/1/537 
f 412/1/412 543/1/543 554/1/554 417/1/417 
f 555/1/555 554/1/554 543/1/543 542/1/542 
f 556/1/556 557/1/557 554/1/554 555/1/555 
f 417/1/417 554/1/554 557/1/557 418/1/418 
f 558/1/558 545/1/545 538/1/538 
f 553/1/553 552/1/552 559/1/559 
f 560/1/560 561/1/561 558/1/558 559/1/559 
f 545/1/545 558/1/558 561/1/561 546/1/546 
f 556/1/556 555/1/555 562/1/562 563/1/563 
f 549/1/549 562/1/562 555/1/555 542/1/542 
f 546/1/546 561/1/561 562/1/562 549/1/549 
f 563/1/563 562/1/562 561/1/561 560/1/560 
f 556/1/556 564/1/564 565/1/565 557/1/557 
f 566/1/566 565/1/565 564/1/564 567/1/567 
f 423/1/423 565/1/565 566/1/566 424/1/424 
f 418/1/418 557/1/557 565/1/565 423/1/423 
f 379/1/379 378/1/378 568/1/568 551/1/551 
f 569/1/569 568/1/568 378/1/378 381/1/381 
f 568/1/568 569/1/569 570/1/570 
f 571/1/571 552/1/552 551/1/551 
f 552/1/552 571/1/571 572/1/572 559/1/559 
f 573/1/573 572/1/572 571/1/571 570/1/570 
f 574/1/574 575/1/575 572/1/572 573/1/573 
f 559/1/559 572/1/572 575/1/575 560/1/560 
f 567/1/567 564/1/564 576/1/576 577/1/577 
f 563/1/563 576/1/576 564/1/564 556/1/556 
f 560/1/560 575/1/575 576/1/576 563/1/563 
f 577/1/577 576/1/576 575/1/575 574/1/574 
f 438/1/438 578/1/578 579/1/579 435/1/435 
f 424/1/424 566/1/566 578/1/578 438/1/438 
f 567/1/567 580/1/580 578/1/578 566/1/566 
f 579/1/579 578/1/578 580/1/580 581/1/581 
f 582/1/582 583/1/583 584/1/584 
f 569/1/569 582/1/582 585/1/585 570/1/570 
f 582/1/582 569/1/569 381/1/381 
f 583/1/583 582/1/582 399/1/399 394/1/394 
f 581/1/581 580/1/580 586/1/586 587/1/587 
f 577/1/577 586/1/586 580/1/580 567/1/567 
f 586/1/586 577/1/577 574/1/574 
f 587/1/587 586/1/586 588/1/588 589/1/589 
f 589/1/589 588/1/588 590/1/590 591/1/591 
f 573/1/573 590/1/590 588/1/588 574/1/574 
f 570/1/570 585/1/585 590/1/590 573/1/573 
f 591/1/591 590/1/590 585/1/585 584/1/584 
f 305/1/305 301/1/301 592/1/592 593/1/593 
f 340/1/340 592/1/592 301/1/301 300/1/300 
f 341/1/341 594/1/594 592/1/592 340/1/340 
f 593/1/593 592/1/592 594/1/594 595/1/595 
f 596/1/596 597/1/597 598/1/598 
f 53/1/53 596/1/596 599/1/599 50/1/50 
f 596/1/596 53/1/53 55/1/55 
f 597/1/597 596/1/596 153/1/153 152/1/152 
f 593/1/593 600/1/600 601/1/601 305/1/305 
f 595/1/595 602/1/602 600/1/600 593/1/593 
f 603/1/603 600/1/600 602/1/602 604/1/604 
f 605/1/605 601/1/601 600/1/600 603/1/603 
f 606/1/606 607/1/607 173/1/173 172/1/172 
f 608/1/608 607/1/607 606/1/606 605/1/605 
f 158/1/158 161/1/161 607/1/607 608/1/608 
f 163/1/163 173/1/173 607/1/607 161/1/161 
f 605/1/605 609/1/609 610/1/610 608/1/608 
f 597/1/597 610/1/610 609/1/609 598/1/598 
f 152/1/152 159/1/159 610/1/610 597/1/597 
f 608/1/608 610/1/610 159/1/159 158/1/158 
f 604/1/604 611/1/611 612/1/612 603/1/603 
f 598/1/598 609/1/609 612/1/612 611/1/611 
f 603/1/603 612/1/612 609/1/609 605/1/605 
f 172/1/172 267/1/267 613/1/613 606/1/606 
f 304/1/304 613/1/613 267/1/267 266/1/266 
f 305/1/305 601/1/601 613/1/613 304/1/304 
f 606/1/606 613/1/613 601/1/601 605/1/605 
f 453/1/453 480/1/480 614/1/614 456/1/456 
f 480/1/480 479/1/479 615/1/615 
f 616/1/616 617/1/617 614/1/614 615/1/615 
f 456/1/456 614/1/614 617/1/617 458/1/458 
f 615/1/615 618/1/618 619/1/619 616/1/616 
f 511/1/511 618/1/618 615/1/615 479/1/479 
f 514/1/514 620/1/620 618/1/618 511/1/511 
f 621/1/621 619/1/619 618/1/618 620/1/620 
f 622/1/622 621/1/621 620/1/620 
f 623/1/623 624/1/624 620/1/620 514/1/514 
f 623/1/623 625/1/625 622/1/622 
f 507/1/507 626/1/626 627/1/627 513/1/513 
f 626/1/626 628/1/628 629/1/629 
f 627/1/627 629/1/629 625/1/625 
f 514/1/514 513/1/513 627/1/627 623/1/623 
f 503/1/503 630/1/630 631/1/631 510/1/510 
f 632/1/632 631/1/631 630/1/630 633/1/633 
f 628/1/628 626/1/626 631/1/631 632/1/632 
f 510/1/510 631/1/631 626/1/626 507/1/507 
f 633/1/633 630/1/630 634/1/634 635/1/635 
f 506/1/506 634/1/634 630/1/630 503/1/503 
f 497/1/497 636/1/636 634/1/634 506/1/506 
f 635/1/635 634/1/634 636/1/636 637/1/637 
f 637/1/637 636/1/636 638/1/638 639/1/639 
f 500/1/500 638/1/638 636/1/636 497/1/497 
f 502/1/502 640/1/640 638/1/638 500/1/500 
f 639/1/639 638/1/638 640/1/640 641/1/641 
f 642/1/642 643/1/643 644/1/644 645/1/645 
f 639/1/639 643/1/643 642/1/642 637/1/637 
f 641/1/641 644/1/644 643/1/643 639/1/639 
f 646/1/646 647/1/647 648/1/648 649/1/649 
f 635/1/635 648/1/648 647/1/647 633/1/633 
f 637/1/637 642/1/642 648/1/648 635/1/635 
f 649/1/649 648/1/648 642/1/642 645/1/645 
f 650/1/650 651/1/651 652/1/652 653/1/653 
f 632/1/632 652/1/652 651/1/651 628/1/628 
f 633/1/633 647/1/647 652/1/652 632/1/632 
f 653/1/653 652/1/652 647/1/647 646/1/646 
f 629/1/629 654/1/654 655/1/655 625/1/625 
f 628/1/628 651/1/651 654/1/654 629/1/629 
f 650/1/650 656/1/656 654/1/654 651/1/651 
f 655/1/655 654/1/654 656/1/656 657/1/657 
f 658/1/658 659/1/659 660/1/660 
f 621/1/621 622/1/622 661/1/661 660/1/660 
f 625/1/625 655/1/655 661/1/661 622/1/622 
f 657/1/657 658/1/658 661/1/661 655/1/655 
f 616/1/616 619/1/619 662/1/662 663/1/663 
f 660/1/660 662/1/662 619/1/619 621/1/621 
f 662/1/662 660/1/660 659/1/659 
f 664/1/664 665/1/665 663/1/663 
f 663/1/663 666/1/666 617/1/617 616/1/616 
f 665/1/665 667/1/667 666/1/666 663/1/663 
f 666/1/666 667/1/667 668/1/668 
f 617/1/617 666/1/666 669/1/669 458/1/458 
f 670/1/670 460/1/460 458/1/458 
f 669/1/669 668/1/668 671/1/671 
f 672/1/672 673/1/673 670/1/670 671/1/671 
f 673/1/673 245/1/245 460/1/460 
f 245/1/245 673/1/673 674/1/674 244/1/244 
f 675/1/675 674/1/674 673/1/673 672/1/672 
f 676/1/676 677/1/677 674/1/674 675/1/675 
f 244/1/244 674/1/674 677/1/677 246/1/246 
f 246/1/246 677/1/677 678/1/678 249/1/249 
f 679/1/679 678/1/678 677/1/677 676/1/676 
f 678/1/678 679/1/679 680/1/680 
f 249/1/249 678/1/678 681/1/681 250/1/250 
f 263/1/263 260/1/260 682/1/682 683/1/683 
f 253/1/253 682/1/682 260/1/260 254/1/254 
f 250/1/250 681/1/681 682/1/682 253/1/253 
f 683/1/683 682/1/682 681/1/681 680/1/680 
f 684/1/684 685/1/685 686/1/686 
f 687/1/687 688/1/688 686/1/686 689/1/689 
f 690/1/690 684/1/684 688/1/688 687/1/687 
f 680/1/680 691/1/691 692/1/692 683/1/683 
f 693/1/693 692/1/692 691/1/691 685/1/685 
f 694/1/694 695/1/695 692/1/692 693/1/693 
f 683/1/683 692/1/692 695/1/695 263/1/263 
f 263/1/263 695/1/695 696/1/696 262/1/262 
f 697/1/697 696/1/696 695/1/695 694/1/694 
f 698/1/698 699/1/699 696/1/696 697/1/697 
f 262/1/262 696/1/696 699/1/699 264/1/264 
f 264/1/264 699/1/699 700/1/700 701/1/701 
f 702/1/702 700/1/700 699/1/699 698/1/698 
f 703/1/703 704/1/704 700/1/700 702/1/702 
f 701/1/701 700/1/700 704/1/704 705/1/705 
f 706/1/706 707/1/707 705/1/705 
f 706/1/706 704/1/704 703/1/703 
f 708/1/708 706/1/706 709/1/709 710/1/710 
f 711/1/711 707/1/707 706/1/706 708/1/708 
f 147/1/147 259/1/259 712/1/712 151/1/151 
f 713/1/713 712/1/712 259/1/259 258/1/258 
f 714/1/714 715/1/715 712/1/712 713/1/713 
f 151/1/151 712/1/712 715/1/715 148/1/148 
f 258/1/258 265/1/265 716/1/716 713/1/713 
f 265/1/265 264/1/264 701/1/701 
f 716/1/716 701/1/701 705/1/705 
f 713/1/713 716/1/716 717/1/717 714/1/714 
f 714/1/714 717/1/717 718/1/718 719/1/719 
f 707/1/707 718/1/718 717/1/717 705/1/705 
f 711/1/711 720/1/720 718/1/718 707/1/707 
f 719/1/719 718/1/718 720/1/720 721/1/721 
f 113/1/113 149/1/149 722/1/722 115/1/115 
f 723/1/723 722/1/722 149/1/149 148/1/148 
f 724/1/724 725/1/725 722/1/722 723/1/723 
f 117/1/117 115/1/115 722/1/722 725/1/725 
f 148/1/148 715/1/715 726/1/726 723/1/723 
f 719/1/719 726/1/726 715/1/715 714/1/714 
f 721/1/721 727/1/727 726/1/726 719/1/719 
f 723/1/723 726/1/726 727/1/727 724/1/724 
f 721/1/721 728/1/728 729/1/729 727/1/727 
f 730/1/730 731/1/731 729/1/729 728/1/728 
f 724/1/724 727/1/727 729/1/729 731/1/731 
f 711/1/711 732/1/732 733/1/733 720/1/720 
f 734/1/734 733/1/733 732/1/732 735/1/735 
f 730/1/730 728/1/728 733/1/733 734/1/734 
f 720/1/720 733/1/733 728/1/728 721/1/721 
f 736/1/736 693/1/693 685/1/685 
f 684/1/684 690/1/690 737/1/737 
f 738/1/738 739/1/739 736/1/736 737/1/737 
f 693/1/693 736/1/736 739/1/739 694/1/694 
f 740/1/740 741/1/741 742/1/742 743/1/743 
f 744/1/744 742/1/742 741/1/741 745/1/745 
f 746/1/746 747/1/747 742/1/742 744/1/744 
f 743/1/743 742/1/742 747/1/747 690/1/690 
f 738/1/738 737/1/737 748/1/748 749/1/749 
f 737/1/737 690/1/690 747/1/747 
f 749/1/749 748/1/748 747/1/747 746/1/746 
f 694/1/694 739/1/739 750/1/750 697/1/697 
f 751/1/751 750/1/750 739/1/739 738/1/738 
f 752/1/752 753/1/753 750/1/750 751/1/751 
f 697/1/697 750/1/750 753/1/753 698/1/698 
f 752/1/752 751/1/751 754/1/754 755/1/755 
f 738/1/738 749/1/749 754/1/754 751/1/751 
f 746/1/746 756/1/756 754/1/754 749/1/749 
f 755/1/755 754/1/754 756/1/756 757/1/757 
f 757/1/757 756/1/756 758/1/758 759/1/759 
f 744/1/744 758/1/758 756/1/756 746/1/746 
f 745/1/745 760/1/760 758/1/758 744/1/744 
f 759/1/759 758/1/758 760/1/760 761/1/761 
f 762/1/762 702/1/702 698/1/698 
f 763/1/763 762/1/762 753/1/753 752/1/752 
f 764/1/764 762/1/762 763/1/763 765/1/765 
f 703/1/703 702/1/702 762/1/762 764/1/764 
f 765/1/765 763/1/763 766/1/766 767/1/767 
f 755/1/755 766/1/766 763/1/763 752/1/752 
f 757/1/757 768/1/768 766/1/766 755/1/755 
f 767/1/767 766/1/766 768/1/768 769/1/769 
f 769/1/769 768/1/768 770/1/770 771/1/771 
f 759/1/759 770/1/770 768/1/768 757/1/757 
f 761/1/761 772/1/772 770/1/770 759/1/759 
f 771/1/771 770/1/770 772/1/772 773/1/773 
f 741/1/741 740/1/740 774/1/774 775/1/775 
f 776/1/776 775/1/775 774/1/774 777/1/777 
f 778/1/778 779/1/779 775/1/775 776/1/776 
f 745/1/745 741/1/741 775/1/775 779/1/779 
f 779/1/779 780/1/780 760/1/760 745/1/745 
f 781/1/781 780/1/780 779/1/779 778/1/778 
f 782/1/782 783/1/783 780/1/780 781/1/781 
f 760/1/760 780/1/780 783/1/783 761/1/761 
f 761/1/761 783/1/783 784/1/784 772/1/772 
f 785/1/785 784/1/784 783/1/783 782/1/782 
f 786/1/786 787/1/787 784/1/784 785/1/785 
f 772/1/772 784/1/784 787/1/787 773/1/773 
f 773/1/773 787/1/787 788/1/788 789/1/789 
f 790/1/790 788/1/788 787/1/787 786/1/786 
f 791/1/791 792/1/792 788/1/788 790/1/790 
f 789/1/789 788/1/788 792/1/792 793/1/793 
f 786/1/786 794/1/794 795/1/795 790/1/790 
f 796/1/796 795/1/795 794/1/794 797/1/797 
f 798/1/798 799/1/799 795/1/795 796/1/796 
f 790/1/790 795/1/795 799/1/799 791/1/791 
f 800/1/800 689/1/689 801/1/801 
f 801/1/801 802/1/802 803/1/803 
f 804/1/804 800/1/800 805/1/805 803/1/803 
f 689/1/689 800/1/800 806/1/806 687/1/687 
f 807/1/807 806/1/806 800/1/800 804/1/804 
f 808/1/808 809/1/809 806/1/806 807/1/807 
f 687/1/687 806/1/806 809/1/809 690/1/690 
f 777/1/777 774/1/774 810/1/810 811/1/811 
f 743/1/743 810/1/810 774/1/774 740/1/740 
f 690/1/690 809/1/809 810/1/810 743/1/743 
f 811/1/811 810/1/810 809/1/809 808/1/808 
f 811/1/811 812/1/812 813/1/813 777/1/777 
f 814/1/814 812/1/812 811/1/811 808/1/808 
f 815/1/815 813/1/813 812/1/812 814/1/814 
f 777/1/777 813/1/813 816/1/816 776/1/776 
f 817/1/817 816/1/816 813/1/813 815/1/815 
f 818/1/818 819/1/819 816/1/816 817/1/817 
f 776/1/776 816/1/816 819/1/819 778/1/778 
f 778/1/778 819/1/819 820/1/820 781/1/781 
f 821/1/821 820/1/820 819/1/819 818/1/818 
f 822/1/822 823/1/823 820/1/820 821/1/821 
f 781/1/781 820/1/820 823/1/823 782/1/782 
f 797/1/797 794/1/794 824/1/824 825/1/825 
f 785/1/785 824/1/824 794/1/794 786/1/786 
f 782/1/782 823/1/823 824/1/824 785/1/785 
f 825/1/825 824/1/824 823/1/823 822/1/822 
f 802/1/802 826/1/826 827/1/827 803/1/803 
f 828/1/828 827/1/827 826/1/826 829/1/829 
f 830/1/830 831/1/831 827/1/827 828/1/828 
f 803/1/803 827/1/827 831/1/831 804/1/804 
f 804/1/804 831/1/831 832/1/832 807/1/807 
f 833/1/833 832/1/832 831/1/831 830/1/830 
f 834/1/834 835/1/835 832/1/832 833/1/833 
f 807/1/807 832/1/832 835/1/835 808/1/808 
f 836/1/836 837/1/837 838/1/838 839/1/839 
f 840/1/840 838/1/838 837/1/837 841/1/841 
f 840/1/840 834/1/834 833/1/833 
f 830/1/830 839/1/839 838/1/838 833/1/833 
f 808/1/808 835/1/835 842/1/842 814/1/814 
f 843/1/843 842/1/842 835/1/835 834/1/834 
f 844/1/844 845/1/845 842/1/842 843/1/843 
f 814/1/814 842/1/842 845/1/845 815/1/815 
f 843/1/843 846/1/846 847/1/847 844/1/844 
f 834/1/834 840/1/840 846/1/846 843/1/843 
f 841/1/841 848/1/848 846/1/846 840/1/840 
f 847/1/847 846/1/846 848/1/848 849/1/849 
f 815/1/815 845/1/845 850/1/850 817/1/817 
f 851/1/851 850/1/850 845/1/845 844/1/844 
f 852/1/852 853/1/853 850/1/850 851/1/851 
f 817/1/817 850/1/850 853/1/853 818/1/818 
f 854/1/854 855/1/855 856/1/856 857/1/857 
f 851/1/851 856/1/856 855/1/855 852/1/852 
f 844/1/844 847/1/847 856/1/856 851/1/851 
f 857/1/857 856/1/856 847/1/847 849/1/849 
f 818/1/818 853/1/853 858/1/858 821/1/821 
f 859/1/859 858/1/858 853/1/853 852/1/852 
f 860/1/860 861/1/861 858/1/858 859/1/859 
f 821/1/821 858/1/858 861/1/861 822/1/822 
f 862/1/862 863/1/863 864/1/864 865/1/865 
f 859/1/859 864/1/864 863/1/863 860/1/860 
f 852/1/852 855/1/855 864/1/864 859/1/859 
f 855/1/855 854/1/854 865/1/865 
f 866/1/866 867/1/867 868/1/868 869/1/869 
f 870/1/870 868/1/868 867/1/867 871/1/871 
f 872/1/872 873/1/873 868/1/868 870/1/870 
f 869/1/869 868/1/868 873/1/873 874/1/874 
f 875/1/875 876/1/876 877/1/877 878/1/878 
f 879/1/879 877/1/877 876/1/876 880/1/880 
f 881/1/881 882/1/882 877/1/877 879/1/879 
f 878/1/878 877/1/877 882/1/882 883/1/883 
f 884/1/884 885/1/885 886/1/886 887/1/887 
f 878/1/878 886/1/886 885/1/885 875/1/875 
f 883/1/883 888/1/888 886/1/886 878/1/878 
f 887/1/887 886/1/886 888/1/888 889/1/889 
f 889/1/889 890/1/890 891/1/891 887/1/887 
f 869/1/869 891/1/891 890/1/890 866/1/866 
f 874/1/874 892/1/892 891/1/891 869/1/869 
f 887/1/887 891/1/891 892/1/892 884/1/884 
f 880/1/880 876/1/876 893/1/893 894/1/894 
f 895/1/895 893/1/893 876/1/876 875/1/875 
f 896/1/896 897/1/897 893/1/893 895/1/895 
f 894/1/894 893/1/893 897/1/897 898/1/898 
f 899/1/899 900/1/900 901/1/901 902/1/902 
f 895/1/895 901/1/901 900/1/900 896/1/896 
f 875/1/875 885/1/885 901/1/901 895/1/895 
f 902/1/902 901/1/901 885/1/885 884/1/884 
f 884/1/884 892/1/892 903/1/903 902/1/902 
f 892/1/892 874/1/874 904/1/904 
f 905/1/905 906/1/906 903/1/903 904/1/904 
f 902/1/902 903/1/903 906/1/906 899/1/899 
f 898/1/898 897/1/897 907/1/907 908/1/908 
f 909/1/909 907/1/907 897/1/897 896/1/896 
f 910/1/910 911/1/911 907/1/907 909/1/909 
f 908/1/908 907/1/907 911/1/911 912/1/912 
f 829/1/829 826/1/826 913/1/913 914/1/914 
f 915/1/915 913/1/913 826/1/826 802/1/802 
f 916/1/916 917/1/917 913/1/913 915/1/915 
f 914/1/914 913/1/913 917/1/917 918/1/918 
f 912/1/912 911/1/911 919/1/919 920/1/920 
f 921/1/921 919/1/919 911/1/911 910/1/910 
f 922/1/922 923/1/923 919/1/919 921/1/921 
f 920/1/920 919/1/919 923/1/923 924/1/924 
f 925/1/925 926/1/926 927/1/927 928/1/928 
f 909/1/909 927/1/927 926/1/926 910/1/910 
f 896/1/896 900/1/900 927/1/927 909/1/909 
f 928/1/928 927/1/927 900/1/900 899/1/899 
f 922/1/922 921/1/921 929/1/929 930/1/930 
f 910/1/910 926/1/926 929/1/929 921/1/921 
f 929/1/929 926/1/926 925/1/925 
f 899/1/899 906/1/906 931/1/931 928/1/928 
f 932/1/932 931/1/931 906/1/906 905/1/905 
f 931/1/931 932/1/932 933/1/933 
f 928/1/928 931/1/931 934/1/934 925/1/925 
f 935/1/935 930/1/930 925/1/925 
f 934/1/934 933/1/933 936/1/936 
f 937/1/937 938/1/938 935/1/935 936/1/936 
f 938/1/938 922/1/922 930/1/930 
f 918/1/918 917/1/917 939/1/939 940/1/940 
f 941/1/941 939/1/939 917/1/917 916/1/916 
f 924/1/924 923/1/923 939/1/939 941/1/941 
f 940/1/940 939/1/939 923/1/923 922/1/922 
f 874/1/874 873/1/873 942/1/942 904/1/904 
f 943/1/943 942/1/942 873/1/873 872/1/872 
f 944/1/944 945/1/945 942/1/942 943/1/943 
f 904/1/904 942/1/942 945/1/945 905/1/905 
f 905/1/905 945/1/945 946/1/946 932/1/932 
f 947/1/947 946/1/946 945/1/945 944/1/944 
f 948/1/948 949/1/949 946/1/946 947/1/947 
f 932/1/932 946/1/946 949/1/949 933/1/933 
f 948/1/948 947/1/947 950/1/950 951/1/951 
f 947/1/947 944/1/944 952/1/952 
f 950/1/950 952/1/952 953/1/953 
f 951/1/951 950/1/950 954/1/954 955/1/955 
f 956/1/956 957/1/957 958/1/958 959/1/959 
f 940/1/940 958/1/958 957/1/957 918/1/918 
f 922/1/922 938/1/938 958/1/958 940/1/940 
f 959/1/959 958/1/958 938/1/938 937/1/937 
f 937/1/937 936/1/936 960/1/960 959/1/959 
f 949/1/949 960/1/960 936/1/936 933/1/933 
f 948/1/948 961/1/961 960/1/960 949/1/949 
f 959/1/959 960/1/960 961/1/961 956/1/956 
f 829/1/829 962/1/962 963/1/963 828/1/828 
f 964/1/964 963/1/963 962/1/962 965/1/965 
f 836/1/836 839/1/839 963/1/963 964/1/964 
f 828/1/828 963/1/963 839/1/839 830/1/830 
f 966/1/966 967/1/967 968/1/968 969/1/969 
f 967/1/967 956/1/956 961/1/961 
f 951/1/951 968/1/968 961/1/961 948/1/948 
f 951/1/951 955/1/955 969/1/969 
f 965/1/965 962/1/962 970/1/970 971/1/971 
f 962/1/962 829/1/829 914/1/914 
f 970/1/970 914/1/914 918/1/918 
f 971/1/971 970/1/970 957/1/957 956/1/956 
f 971/1/971 972/1/972 973/1/973 965/1/965 
f 956/1/956 967/1/967 972/1/972 971/1/971 
f 966/1/966 973/1/973 972/1/972 967/1/967 
f 974/1/974 975/1/975 976/1/976 977/1/977 
f 339/1/339 976/1/976 975/1/975 336/1/336 
f 343/1/343 978/1/978 976/1/976 339/1/339 
f 977/1/977 976/1/976 978/1/978 979/1/979 
f 979/1/979 978/1/978 980/1/980 981/1/981 
f 345/1/345 980/1/980 978/1/978 343/1/343 
f 347/1/347 982/1/982 980/1/980 345/1/345 
f 981/1/981 980/1/980 982/1/982 983/1/983 
f 984/1/984 985/1/985 986/1/986 987/1/987 
f 982/1/982 986/1/986 985/1/985 983/1/983 
f 349/1/349 986/1/986 982/1/982 347/1/347 
f 351/1/351 987/1/987 986/1/986 349/1/349 
f 984/1/984 987/1/987 988/1/988 989/1/989 
f 353/1/353 988/1/988 987/1/987 351/1/351 
f 355/1/355 990/1/990 988/1/988 353/1/353 
f 989/1/989 988/1/988 990/1/990 991/1/991 
f 991/1/991 990/1/990 992/1/992 993/1/993 
f 357/1/357 992/1/992 990/1/990 355/1/355 
f 359/1/359 994/1/994 992/1/992 357/1/357 
f 993/1/993 992/1/992 994/1/994 995/1/995 
f 995/1/995 994/1/994 996/1/996 997/1/997 
f 361/1/361 996/1/996 994/1/994 359/1/359 
f 363/1/363 998/1/998 996/1/996 361/1/361 
f 997/1/997 996/1/996 998/1/998 999/1/999 
f 999/1/999 998/1/998 1000/1/1000 1001/1/1001 
f 365/1/365 1000/1/1000 998/1/998 363/1/363 
f 367/1/367 1002/1/1002 1000/1/1000 365/1/365 
f 1001/1/1001 1000/1/1000 1002/1/1002 1003/1/1003 
f 1003/1/1003 1002/1/1002 1004/1/1004 1005/1/1005 
f 369/1/369 1004/1/1004 1002/1/1002 367/1/367 
f 371/1/371 1006/1/1006 1004/1/1004 369/1/369 
f 1005/1/1005 1004/1/1004 1006/1/1006 1007/1/1007 
f 1008/1/1008 1009/1/1009 1010/1/1010 1011/1/1011 
f 1006/1/1006 1010/1/1010 1009/1/1009 1007/1/1007 
f 373/1/373 1010/1/1010 1006/1/1006 371/1/371 
f 375/1/375 1011/1/1011 1010/1/1010 373/1/373 
f 1012/1/1012 1013/1/1013 1014/1/1014 1015/1/1015 
f 1009/1/1009 1013/1/1013 1012/1/1012 1007/1/1007 
f 1016/1/1016 1013/1/1013 1009/1/1009 1008/1/1008 
f 1017/1/1017 1014/1/1014 1013/1/1013 1016/1/1016 
f 1018/1/1018 1019/1/1019 1020/1/1020 1021/1/1021 
f 1022/1/1022 1020/1/1020 1019/1/1019 1023/1/1023 
f 974/1/974 977/1/977 1020/1/1020 1022/1/1022 
f 1021/1/1021 1020/1/1020 977/1/977 979/1/979 
f 1024/1/1024 1025/1/1025 1026/1/1026 1027/1/1027 
f 1021/1/1021 1026/1/1026 1025/1/1025 1018/1/1018 
f 979/1/979 981/1/981 1026/1/1026 1021/1/1021 
f 1027/1/1027 1026/1/1026 981/1/981 983/1/983 
f 1028/1/1028 1029/1/1029 1030/1/1030 1031/1/1031 
f 1027/1/1027 1030/1/1030 1029/1/1029 1024/1/1024 
f 983/1/983 985/1/985 1030/1/1030 1027/1/1027 
f 1031/1/1031 1030/1/1030 985/1/985 984/1/984 
f 1032/1/1032 1033/1/1033 1034/1/1034 1035/1/1035 
f 1031/1/1031 1034/1/1034 1033/1/1033 1028/1/1028 
f 984/1/984 989/1/989 1034/1/1034 1031/1/1031 
f 1034/1/1034 989/1/989 991/1/991 1035/1/1035 
f 1036/1/1036 1037/1/1037 1038/1/1038 1039/1/1039 
f 1035/1/1035 1038/1/1038 1037/1/1037 1032/1/1032 
f 993/1/993 1038/1/1038 1035/1/1035 991/1/991 
f 995/1/995 1039/1/1039 1038/1/1038 993/1/993 
f 1040/1/1040 1041/1/1041 1042/1/1042 1043/1/1043 
f 1039/1/1039 1042/1/1042 1041/1/1041 1036/1/1036 
f 997/1/997 1042/1/1042 1039/1/1039 995/1/995 
f 999/1/999 1043/1/1043 1042/1/1042 997/1/997 
f 1040/1/1040 1043/1/1043 1044/1/1044 1045/1/1045 
f 1001/1/1001 1044/1/1044 1043/1/1043 999/1/999 
f 1003/1/1003 1046/1/1046 1044/1/1044 1001/1/1001 
f 1045/1/1045 1044/1/1044 1046/1/1046 1047/1/1047 
f 1048/1/1048 1049/1/1049 1050/1/1050 
f 1047/1/1047 1046/1/1046 1051/1/1051 1050/1/1050 
f 1005/1/1005 1051/1/1051 1046/1/1046 1003/1/1003 
f 1048/1/1048 1051/1/1051 1005/1/1005 1007/1/1007 
f 1049/1/1049 1048/1/1048 1052/1/1052 1053/1/1053 
f 1012/1/1012 1052/1/1052 1048/1/1048 1007/1/1007 
f 1015/1/1015 1054/1/1054 1052/1/1052 1012/1/1012 
f 1053/1/1053 1052/1/1052 1054/1/1054 1055/1/1055 
f 1023/1/1023 1019/1/1019 1056/1/1056 1057/1/1057 
f 1058/1/1058 1056/1/1056 1019/1/1019 1018/1/1018 
f 1059/1/1059 1060/1/1060 1056/1/1056 1058/1/1058 
f 1057/1/1057 1056/1/1056 1060/1/1060 1061/1/1061 
f 1018/1/1018 1025/1/1025 1062/1/1062 1058/1/1058 
f 1063/1/1063 1062/1/1062 1025/1/1025 1024/1/1024 
f 1064/1/1064 1065/1/1065 1062/1/1062 1063/1/1063 
f 1058/1/1058 1062/1/1062 1065/1/1065 1059/1/1059 
f 1024/1/1024 1029/1/1029 1066/1/1066 1063/1/1063 
f 1067/1/1067 1066/1/1066 1029/1/1029 1028/1/1028 
f 1068/1/1068 1069/1/1069 1066/1/1066 1067/1/1067 
f 1063/1/1063 1066/1/1066 1069/1/1069 1064/1/1064 
f 1028/1/1028 1033/1/1033 1070/1/1070 1067/1/1067 
f 1071/1/1071 1070/1/1070 1033/1/1033 1032/1/1032 
f 1072/1/1072 1073/1/1073 1070/1/1070 1071/1/1071 
f 1067/1/1067 1070/1/1070 1073/1/1073 1068/1/1068 
f 1074/1/1074 1075/1/1075 1076/1/1076 1077/1/1077 
f 1078/1/1078 1076/1/1076 1075/1/1075 1079/1/1079 
f 1061/1/1061 1060/1/1060 1076/1/1076 1078/1/1078 
f 1077/1/1077 1076/1/1076 1060/1/1060 1059/1/1059 
f 1080/1/1080 1081/1/1081 1082/1/1082 1083/1/1083 
f 1077/1/1077 1081/1/1081 1080/1/1080 1074/1/1074 
f 1059/1/1059 1065/1/1065 1081/1/1081 1077/1/1077 
f 1082/1/1082 1081/1/1081 1065/1/1065 1064/1/1064 
f 1084/1/1084 1085/1/1085 1086/1/1086 1087/1/1087 
f 1083/1/1083 1082/1/1082 1085/1/1085 1084/1/1084 
f 1064/1/1064 1069/1/1069 1085/1/1085 1082/1/1082 
f 1086/1/1086 1085/1/1085 1069/1/1069 1068/1/1068 
f 1088/1/1088 1089/1/1089 1090/1/1090 1091/1/1091 
f 1092/1/1092 1093/1/1093 1090/1/1090 1089/1/1089 
f 1094/1/1094 1090/1/1090 1093/1/1093 1095/1/1095 
f 1091/1/1091 1090/1/1090 1094/1/1094 1096/1/1096 
f 1096/1/1096 1094/1/1094 1097/1/1097 1098/1/1098 
f 1099/1/1099 1097/1/1097 1094/1/1094 1095/1/1095 
f 1100/1/1100 1101/1/1101 1097/1/1097 1099/1/1099 
f 1098/1/1098 1097/1/1097 1101/1/1101 1102/1/1102 
f 1102/1/1102 1101/1/1101 1103/1/1103 1104/1/1104 
f 1105/1/1105 1103/1/1103 1101/1/1101 1100/1/1100 
f 1106/1/1106 1107/1/1107 1103/1/1103 1105/1/1105 
f 1104/1/1104 1103/1/1103 1107/1/1107 1108/1/1108 
f 1108/1/1108 1107/1/1107 1109/1/1109 1110/1/1110 
f 1111/1/1111 1109/1/1109 1107/1/1107 1106/1/1106 
f 1112/1/1112 1113/1/1113 1109/1/1109 1111/1/1111 
f 1110/1/1110 1109/1/1109 1113/1/1113 1114/1/1114 
f 1114/1/1114 1113/1/1113 1115/1/1115 1116/1/1116 
f 1117/1/1117 1115/1/1115 1113/1/1113 1112/1/1112 
f 1118/1/1118 1119/1/1119 1115/1/1115 1117/1/1117 
f 1116/1/1116 1115/1/1115 1119/1/1119 1120/1/1120 
f 1120/1/1120 1119/1/1119 1121/1/1121 1122/1/1122 
f 1123/1/1123 1121/1/1121 1119/1/1119 1118/1/1118 
f 1124/1/1124 1125/1/1125 1121/1/1121 1123/1/1123 
f 1126/1/1126 1122/1/1122 1121/1/1121 1125/1/1125 
f 1127/1/1127 1128/1/1128 1129/1/1129 1130/1/1130 
f 1126/1/1126 1125/1/1125 1129/1/1129 1128/1/1128 
f 1131/1/1131 1129/1/1129 1125/1/1125 1124/1/1124 
f 1132/1/1132 1130/1/1130 1129/1/1129 1131/1/1131 
f 1127/1/1127 1130/1/1130 1133/1/1133 1134/1/1134 
f 1135/1/1135 1133/1/1133 1130/1/1130 1132/1/1132 
f 1136/1/1136 1137/1/1137 1133/1/1133 1135/1/1135 
f 1138/1/1138 1134/1/1134 1133/1/1133 1137/1/1137 
f 1139/1/1139 1140/1/1140 1141/1/1141 1142/1/1142 
f 1137/1/1137 1141/1/1141 1140/1/1140 1138/1/1138 
f 1143/1/1143 1141/1/1141 1137/1/1137 1136/1/1136 
f 1144/1/1144 1142/1/1142 1141/1/1141 1143/1/1143 
f 1142/1/1142 1145/1/1145 1146/1/1146 1139/1/1139 
f 1147/1/1147 1145/1/1145 1142/1/1142 1144/1/1144 
f 1148/1/1148 1149/1/1149 1145/1/1145 1147/1/1147 
f 1146/1/1146 1145/1/1145 1149/1/1149 1150/1/1150 
f 1151/1/1151 1152/1/1152 1153/1/1153 1154/1/1154 
f 1155/1/1155 1156/1/1156 1153/1/1153 1152/1/1152 
f 1099/1/1099 1153/1/1153 1156/1/1156 1100/1/1100 
f 1154/1/1154 1153/1/1153 1099/1/1099 1095/1/1095 
f 1155/1/1155 1157/1/1157 1158/1/1158 1159/1/1159 
f 1080/1/1080 1158/1/1158 1157/1/1157 1074/1/1074 
f 1083/1/1083 1160/1/1160 1158/1/1158 1080/1/1080 
f 1159/1/1159 1158/1/1158 1160/1/1160 1161/1/1161 
f 1161/1/1161 1162/1/1162 1163/1/1163 1159/1/1159 
f 1105/1/1105 1163/1/1163 1162/1/1162 1106/1/1106 
f 1100/1/1100 1156/1/1156 1163/1/1163 1105/1/1105 
f 1159/1/1159 1163/1/1163 1156/1/1156 1155/1/1155 
f 1161/1/1161 1160/1/1160 1164/1/1164 1165/1/1165 
f 1084/1/1084 1164/1/1164 1160/1/1160 1083/1/1083 
f 1087/1/1087 1166/1/1166 1164/1/1164 1084/1/1084 
f 1165/1/1165 1164/1/1164 1166/1/1166 1167/1/1167 
f 1167/1/1167 1168/1/1168 1169/1/1169 1165/1/1165 
f 1111/1/1111 1169/1/1169 1168/1/1168 1112/1/1112 
f 1106/1/1106 1162/1/1162 1169/1/1169 1111/1/1111 
f 1165/1/1165 1169/1/1169 1162/1/1162 1161/1/1161 
f 1170/1/1170 1171/1/1171 1172/1/1172 1173/1/1173 
f 1117/1/1117 1172/1/1172 1171/1/1171 1118/1/1118 
f 1112/1/1112 1168/1/1168 1172/1/1172 1117/1/1117 
f 1173/1/1173 1172/1/1172 1168/1/1168 1167/1/1167 
f 1123/1/1123 1174/1/1174 1175/1/1175 1124/1/1124 
f 1118/1/1118 1171/1/1171 1174/1/1174 1123/1/1123 
f 1176/1/1176 1174/1/1174 1171/1/1171 1170/1/1170 
f 1177/1/1177 1175/1/1175 1174/1/1174 1176/1/1176 
f 1178/1/1178 1179/1/1179 1180/1/1180 1181/1/1181 
f 1131/1/1131 1180/1/1180 1179/1/1179 1132/1/1132 
f 1124/1/1124 1175/1/1175 1180/1/1180 1131/1/1131 
f 1181/1/1181 1180/1/1180 1175/1/1175 1177/1/1177 
f 1182/1/1182 1183/1/1183 1184/1/1184 1185/1/1185 
f 1135/1/1135 1184/1/1184 1183/1/1183 1136/1/1136 
f 1132/1/1132 1179/1/1179 1184/1/1184 1135/1/1135 
f 1185/1/1185 1184/1/1184 1179/1/1179 1178/1/1178 
f 1186/1/1186 1187/1/1187 1188/1/1188 1189/1/1189 
f 1143/1/1143 1188/1/1188 1187/1/1187 1144/1/1144 
f 1136/1/1136 1183/1/1183 1188/1/1188 1143/1/1143 
f 1189/1/1189 1188/1/1188 1183/1/1183 1182/1/1182 
f 1190/1/1190 1191/1/1191 1192/1/1192 
f 1193/1/1193 1190/1/1190 1194/1/1194 1079/1/1079 
f 1151/1/1151 1195/1/1195 1190/1/1190 1193/1/1193 
f 1191/1/1191 1190/1/1190 1195/1/1195 1196/1/1196 
f 1095/1/1095 1093/1/1093 1197/1/1197 1154/1/1154 
f 1198/1/1198 1197/1/1197 1093/1/1093 1092/1/1092 
f 1196/1/1196 1195/1/1195 1197/1/1197 1198/1/1198 
f 1154/1/1154 1197/1/1197 1195/1/1195 1151/1/1151 
f 1079/1/1079 1075/1/1075 1199/1/1199 1193/1/1193 
f 1157/1/1157 1199/1/1199 1075/1/1075 1074/1/1074 
f 1155/1/1155 1152/1/1152 1199/1/1199 1157/1/1157 
f 1193/1/1193 1199/1/1199 1152/1/1152 1151/1/1151 
f 393/1/393 390/1/390 1200/1/1200 1201/1/1201 
f 387/1/387 1200/1/1200 390/1/390 388/1/388 
f 20/1/20 1202/1/1202 1200/1/1200 387/1/387 
f 1201/1/1201 1200/1/1200 1202/1/1202 1203/1/1203 
f 1202/1/1202 1204/1/1204 1205/1/1205 1203/1/1203 
f 19/1/19 1204/1/1204 1202/1/1202 20/1/20 
f 18/1/18 51/1/51 1204/1/1204 19/1/19 
f 1205/1/1205 1204/1/1204 51/1/51 50/1/50 
f 1206/1/1206 584/1/584 583/1/583 
f 392/1/392 1207/1/1207 583/1/583 394/1/394 
f 393/1/393 1208/1/1208 1207/1/1207 392/1/392 
f 1209/1/1209 1206/1/1206 1207/1/1207 1208/1/1208 
f 1210/1/1210 1211/1/1211 1212/1/1212 
f 1212/1/1212 1203/1/1203 1205/1/1205 
f 50/1/50 599/1/599 1213/1/1213 1205/1/1205 
f 599/1/599 598/1/598 1210/1/1210 
f 1214/1/1214 1215/1/1215 1216/1/1216 1217/1/1217 
f 1215/1/1215 1209/1/1209 1208/1/1208 
f 393/1/393 1201/1/1201 1216/1/1216 1208/1/1208 
f 1217/1/1217 1216/1/1216 1201/1/1201 1203/1/1203 
f 1217/1/1217 1218/1/1218 1219/1/1219 1214/1/1214 
f 1203/1/1203 1212/1/1212 1218/1/1218 1217/1/1217 
f 1211/1/1211 1219/1/1219 1218/1/1218 1212/1/1212 
f 584/1/584 1206/1/1206 1220/1/1220 591/1/591 
f 1206/1/1206 1209/1/1209 1221/1/1221 
f 1222/1/1222 1223/1/1223 1220/1/1220 1221/1/1221 
f 591/1/591 1220/1/1220 1223/1/1223 589/1/589 
f 1211/1/1211 1210/1/1210 1224/1/1224 1225/1/1225 
f 611/1/611 1224/1/1224 1210/1/1210 598/1/598 
f 604/1/604 1226/1/1226 1224/1/1224 611/1/611 
f 1225/1/1225 1224/1/1224 1226/1/1226 1227/1/1227 
f 1228/1/1228 1229/1/1229 1230/1/1230 1231/1/1231 
f 1221/1/1221 1230/1/1230 1229/1/1229 1222/1/1222 
f 1209/1/1209 1215/1/1215 1230/1/1230 1221/1/1221 
f 1231/1/1231 1230/1/1230 1215/1/1215 1214/1/1214 
f 1214/1/1214 1219/1/1219 1232/1/1232 1231/1/1231 
f 1225/1/1225 1232/1/1232 1219/1/1219 1211/1/1211 
f 1227/1/1227 1233/1/1233 1232/1/1232 1225/1/1225 
f 1231/1/1231 1232/1/1232 1233/1/1233 1228/1/1228 
f 604/1/604 602/1/602 1234/1/1234 1226/1/1226 
f 1235/1/1235 1234/1/1234 602/1/602 595/1/595 
f 1236/1/1236 1234/1/1234 1235/1/1235 1237/1/1237 
f 1227/1/1227 1226/1/1226 1234/1/1234 1236/1/1236 
f 1238/1/1238 1239/1/1239 1240/1/1240 1241/1/1241 
f 587/1/587 1240/1/1240 1239/1/1239 581/1/581 
f 589/1/589 1223/1/1223 1240/1/1240 587/1/587 
f 1241/1/1241 1240/1/1240 1223/1/1223 1222/1/1222 
f 1222/1/1222 1229/1/1229 1242/1/1242 1241/1/1241 
f 1243/1/1243 1242/1/1242 1229/1/1229 1228/1/1228 
f 1244/1/1244 1245/1/1245 1242/1/1242 1243/1/1243 
f 1241/1/1241 1242/1/1242 1245/1/1245 1238/1/1238 
f 1228/1/1228 1233/1/1233 1246/1/1246 1243/1/1243 
f 1236/1/1236 1246/1/1246 1233/1/1233 1227/1/1227 
f 1237/1/1237 1247/1/1247 1246/1/1246 1236/1/1236 
f 1243/1/1243 1246/1/1246 1247/1/1247 1244/1/1244 
f 435/1/435 579/1/579 1248/1/1248 1249/1/1249 
f 579/1/579 581/1/581 1239/1/1239 
f 1238/1/1238 1250/1/1250 1248/1/1248 1239/1/1239 
f 1249/1/1249 1248/1/1248 1250/1/1250 1251/1/1251 
f 1251/1/1251 1252/1/1252 1253/1/1253 1249/1/1249 
f 432/1/432 436/1/436 1253/1/1253 1252/1/1252 
f 1249/1/1249 1253/1/1253 436/1/436 435/1/435 
f 1237/1/1237 1235/1/1235 1254/1/1254 1255/1/1255 
f 1254/1/1254 1235/1/1235 595/1/595 
f 1256/1/1256 1254/1/1254 594/1/594 341/1/341 
f 1255/1/1255 1254/1/1254 1256/1/1256 1257/1/1257 
f 1258/1/1258 1259/1/1259 1260/1/1260 1261/1/1261 
f 1250/1/1250 1260/1/1260 1259/1/1259 1251/1/1251 
f 1238/1/1238 1245/1/1245 1260/1/1260 1250/1/1250 
f 1261/1/1261 1260/1/1260 1245/1/1245 1244/1/1244 
f 1244/1/1244 1247/1/1247 1262/1/1262 1261/1/1261 
f 1255/1/1255 1262/1/1262 1247/1/1247 1237/1/1237 
f 1257/1/1257 1263/1/1263 1262/1/1262 1255/1/1255 
f 1263/1/1263 1258/1/1258 1261/1/1261 
f 432/1/432 1252/1/1252 1264/1/1264 433/1/433 
f 1265/1/1265 1264/1/1264 1252/1/1252 1251/1/1251 
f 1266/1/1266 1267/1/1267 1264/1/1264 1265/1/1265 
f 433/1/433 1264/1/1264 1267/1/1267 434/1/434 
f 1268/1/1268 1269/1/1269 1270/1/1270 1271/1/1271 
f 1256/1/1256 1270/1/1270 1269/1/1269 1257/1/1257 
f 341/1/341 337/1/337 1270/1/1270 1256/1/1256 
f 1271/1/1271 1270/1/1270 337/1/337 336/1/336 
f 1266/1/1266 1265/1/1265 1272/1/1272 1273/1/1273 
f 1259/1/1259 1272/1/1272 1265/1/1265 1251/1/1251 
f 1258/1/1258 1274/1/1274 1272/1/1272 1259/1/1259 
f 1273/1/1273 1272/1/1272 1274/1/1274 1275/1/1275 
f 1258/1/1258 1263/1/1263 1276/1/1276 1274/1/1274 
f 1257/1/1257 1269/1/1269 1276/1/1276 1263/1/1263 
f 1277/1/1277 1276/1/1276 1269/1/1269 1268/1/1268 
f 1274/1/1274 1276/1/1276 1277/1/1277 1275/1/1275 
f 1278/1/1278 1279/1/1279 1280/1/1280 1281/1/1281 
f 430/1/430 1279/1/1279 1278/1/1278 427/1/427 
f 434/1/434 1282/1/1282 1279/1/1279 430/1/430 
f 1283/1/1283 1280/1/1280 1279/1/1279 1282/1/1282 
f 1284/1/1284 1285/1/1285 1286/1/1286 1287/1/1287 
f 1271/1/1271 1286/1/1286 1285/1/1285 1268/1/1268 
f 336/1/336 975/1/975 1286/1/1286 1271/1/1271 
f 1287/1/1287 1286/1/1286 975/1/975 974/1/974 
f 434/1/434 1267/1/1267 1288/1/1288 1282/1/1282 
f 1266/1/1266 1289/1/1289 1288/1/1288 1267/1/1267 
f 1282/1/1282 1288/1/1288 1289/1/1289 1283/1/1283 
f 1290/1/1290 1291/1/1291 1281/1/1281 
f 1292/1/1292 1290/1/1290 1280/1/1280 1283/1/1283 
f 1293/1/1293 1294/1/1294 1290/1/1290 1292/1/1292 
f 1291/1/1291 1290/1/1290 1294/1/1294 1192/1/1192 
f 1196/1/1196 1295/1/1295 1296/1/1296 1191/1/1191 
f 1295/1/1295 1281/1/1281 1291/1/1291 
f 1192/1/1192 1191/1/1191 1296/1/1296 1291/1/1291 
f 1287/1/1287 1297/1/1297 1298/1/1298 1284/1/1284 
f 974/1/974 1022/1/1022 1297/1/1297 1287/1/1287 
f 1023/1/1023 1299/1/1299 1297/1/1297 1022/1/1022 
f 1298/1/1298 1297/1/1297 1299/1/1299 1192/1/1192 
f 1300/1/1300 1301/1/1301 1294/1/1294 1293/1/1293 
f 1284/1/1284 1298/1/1298 1301/1/1301 1300/1/1300 
f 1294/1/1294 1301/1/1301 1298/1/1298 1192/1/1192 
f 1023/1/1023 1057/1/1057 1302/1/1302 1299/1/1299 
f 1078/1/1078 1302/1/1302 1057/1/1057 1061/1/1061 
f 1079/1/1079 1194/1/1194 1302/1/1302 1078/1/1078 
f 1194/1/1194 1192/1/1192 1299/1/1299 
f 1268/1/1268 1285/1/1285 1303/1/1303 1277/1/1277 
f 1300/1/1300 1303/1/1303 1285/1/1285 1284/1/1284 
f 1293/1/1293 1304/1/1304 1303/1/1303 1300/1/1300 
f 1277/1/1277 1303/1/1303 1304/1/1304 1275/1/1275 
f 1283/1/1283 1289/1/1289 1305/1/1305 1292/1/1292 
f 1273/1/1273 1305/1/1305 1289/1/1289 1266/1/1266 
f 1275/1/1275 1304/1/1304 1305/1/1305 1273/1/1273 
f 1292/1/1292 1305/1/1305 1304/1/1304 1293/1/1293 
f 1306/1/1306 1307/1/1307 1281/1/1281 
f 1198/1/1198 1306/1/1306 1295/1/1295 1196/1/1196 
f 1092/1/1092 1308/1/1308 1306/1/1306 1198/1/1198 
f 1307/1/1307 1306/1/1306 1308/1/1308 1309/1/1309 
f 1089/1/1089 1310/1/1310 1308/1/1308 1092/1/1092 
f 1311/1/1311 1310/1/1310 1089/1/1089 1088/1/1088 
f 1312/1/1312 1313/1/1313 1310/1/1310 1311/1/1311 
f 1308/1/1308 1310/1/1310 1313/1/1313 1309/1/1309 
f 1314/1/1314 1315/1/1315 1316/1/1316 1317/1/1317 
f 400/1/400 403/1/403 1315/1/1315 1314/1/1314 
f 408/1/408 1318/1/1318 1315/1/1315 403/1/403 
f 1316/1/1316 1315/1/1315 1318/1/1318 1319/1/1319 
f 1319/1/1319 1318/1/1318 1320/1/1320 1321/1/1321 
f 410/1/410 1320/1/1320 1318/1/1318 408/1/408 
f 414/1/414 1322/1/1322 1320/1/1320 410/1/410 
f 1321/1/1321 1320/1/1320 1322/1/1322 1323/1/1323 
f 420/1/420 1324/1/1324 1325/1/1325 416/1/416 
f 1326/1/1326 1325/1/1325 1324/1/1324 1327/1/1327 
f 1323/1/1323 1322/1/1322 1325/1/1325 1326/1/1326 
f 416/1/416 1325/1/1325 1322/1/1322 414/1/414 
f 426/1/426 428/1/428 1328/1/1328 422/1/422 
f 1329/1/1329 1328/1/1328 428/1/428 427/1/427 
f 1327/1/1327 1324/1/1324 1328/1/1328 1329/1/1329 
f 422/1/422 1328/1/1328 1324/1/1324 420/1/420 
f 427/1/427 1278/1/1278 1330/1/1330 1329/1/1329 
f 1307/1/1307 1330/1/1330 1278/1/1278 1281/1/1281 
f 1309/1/1309 1331/1/1331 1330/1/1330 1307/1/1307 
f 1329/1/1329 1330/1/1330 1331/1/1331 1327/1/1327 
f 1332/1/1332 1333/1/1333 1334/1/1334 1335/1/1335 
f 1326/1/1326 1334/1/1334 1333/1/1333 1323/1/1323 
f 1334/1/1334 1326/1/1326 1327/1/1327 
f 1335/1/1335 1334/1/1334 1336/1/1336 1337/1/1337 
f 1331/1/1331 1338/1/1338 1336/1/1336 1327/1/1327 
f 1339/1/1339 1338/1/1338 1331/1/1331 1309/1/1309 
f 1337/1/1337 1336/1/1336 1338/1/1338 1339/1/1339 
f 1340/1/1340 1341/1/1341 1342/1/1342 1343/1/1343 
f 1339/1/1339 1342/1/1342 1341/1/1341 1337/1/1337 
f 1342/1/1342 1339/1/1339 1309/1/1309 
f 1313/1/1313 1312/1/1312 1343/1/1343 
f 1337/1/1337 1341/1/1341 1344/1/1344 1335/1/1335 
f 1341/1/1341 1340/1/1340 1345/1/1345 
f 1346/1/1346 1347/1/1347 1344/1/1344 1345/1/1345 
f 1335/1/1335 1344/1/1344 1347/1/1347 1332/1/1332 
f 1348/1/1348 1349/1/1349 1350/1/1350 1351/1/1351 
f 870/1/870 1350/1/1350 1349/1/1349 872/1/872 
f 871/1/871 1352/1/1352 1350/1/1350 870/1/870 
f 1351/1/1351 1350/1/1350 1352/1/1352 1353/1/1353 
f 1354/1/1354 1355/1/1355 1356/1/1356 1357/1/1357 
f 943/1/943 1356/1/1356 1355/1/1355 944/1/944 
f 872/1/872 1349/1/1349 1356/1/1356 943/1/943 
f 1357/1/1357 1356/1/1356 1349/1/1349 1348/1/1348 
f 944/1/944 1355/1/1355 1358/1/1358 952/1/952 
f 1359/1/1359 1358/1/1358 1355/1/1355 1354/1/1354 
f 1360/1/1360 1361/1/1361 1358/1/1358 1359/1/1359 
f 952/1/952 1358/1/1358 1361/1/1361 953/1/953 
f 953/1/953 1361/1/1361 1362/1/1362 954/1/954 
f 1361/1/1361 1360/1/1360 1363/1/1363 
f 1364/1/1364 1365/1/1365 1362/1/1362 1363/1/1363 
f 954/1/954 1362/1/1362 1365/1/1365 955/1/955 
f 955/1/955 1365/1/1365 1366/1/1366 969/1/969 
f 1367/1/1367 1366/1/1366 1365/1/1365 1364/1/1364 
f 1368/1/1368 1369/1/1369 1366/1/1366 1367/1/1367 
f 969/1/969 1366/1/1366 1369/1/1369 966/1/966 
f 1370/1/1370 1371/1/1371 1372/1/1372 
f 973/1/973 1370/1/1370 1373/1/1373 965/1/965 
f 966/1/966 1369/1/1369 1370/1/1370 973/1/973 
f 1371/1/1371 1370/1/1370 1369/1/1369 1368/1/1368 
f 1373/1/1373 1374/1/1374 964/1/964 965/1/965 
f 1375/1/1375 1374/1/1374 1373/1/1373 1372/1/1372 
f 1376/1/1376 1377/1/1377 1374/1/1374 1375/1/1375 
f 836/1/836 964/1/964 1374/1/1374 1377/1/1377 
f 1376/1/1376 1378/1/1378 1379/1/1379 1377/1/1377 
f 1380/1/1380 1379/1/1379 1378/1/1378 1381/1/1381 
f 841/1/841 837/1/837 1379/1/1379 1380/1/1380 
f 837/1/837 836/1/836 1377/1/1377 
f 849/1/849 848/1/848 1382/1/1382 1383/1/1383 
f 1380/1/1380 1382/1/1382 848/1/848 841/1/841 
f 1381/1/1381 1384/1/1384 1382/1/1382 1380/1/1380 
f 1383/1/1383 1382/1/1382 1384/1/1384 1385/1/1385 
f 849/1/849 1383/1/1383 1386/1/1386 857/1/857 
f 1385/1/1385 1387/1/1387 1386/1/1386 1383/1/1383 
f 1388/1/1388 1386/1/1386 1387/1/1387 1389/1/1389 
f 857/1/857 1386/1/1386 1388/1/1388 854/1/854 
f 862/1/862 865/1/865 1390/1/1390 1391/1/1391 
f 854/1/854 1388/1/1388 1390/1/1390 865/1/865 
f 1389/1/1389 1392/1/1392 1390/1/1390 1388/1/1388 
f 1391/1/1391 1390/1/1390 1392/1/1392 1393/1/1393 
f 1364/1/1364 1394/1/1394 1395/1/1395 1367/1/1367 
f 1396/1/1396 1395/1/1395 1394/1/1394 1397/1/1397 
f 1398/1/1398 1399/1/1399 1395/1/1395 1396/1/1396 
f 1367/1/1367 1395/1/1395 1399/1/1399 1368/1/1368 
f 1368/1/1368 1399/1/1399 1400/1/1400 1371/1/1371 
f 1401/1/1401 1400/1/1400 1399/1/1399 1398/1/1398 
f 1402/1/1402 1403/1/1403 1400/1/1400 1401/1/1401 
f 1371/1/1371 1400/1/1400 1403/1/1403 1372/1/1372 
f 1372/1/1372 1403/1/1403 1404/1/1404 1375/1/1375 
f 1405/1/1405 1404/1/1404 1403/1/1403 1402/1/1402 
f 1406/1/1406 1407/1/1407 1404/1/1404 1405/1/1405 
f 1375/1/1375 1404/1/1404 1407/1/1407 1376/1/1376 
f 1376/1/1376 1407/1/1407 1408/1/1408 1378/1/1378 
f 1409/1/1409 1408/1/1408 1407/1/1407 1406/1/1406 
f 1410/1/1410 1408/1/1408 1409/1/1409 1411/1/1411 
f 1381/1/1381 1378/1/1378 1408/1/1408 1410/1/1410 
f 1385/1/1385 1384/1/1384 1412/1/1412 1413/1/1413 
f 1410/1/1410 1412/1/1412 1384/1/1384 1381/1/1381 
f 1411/1/1411 1414/1/1414 1412/1/1412 1410/1/1410 
f 1413/1/1413 1412/1/1412 1414/1/1414 1415/1/1415 
f 1389/1/1389 1387/1/1387 1416/1/1416 1417/1/1417 
f 1413/1/1413 1416/1/1416 1387/1/1387 1385/1/1385 
f 1415/1/1415 1418/1/1418 1416/1/1416 1413/1/1413 
f 1418/1/1418 1419/1/1419 1417/1/1417 
f 1393/1/1393 1392/1/1392 1420/1/1420 1421/1/1421 
f 1417/1/1417 1420/1/1420 1392/1/1392 1389/1/1389 
f 1419/1/1419 1422/1/1422 1420/1/1420 1417/1/1417 
f 1421/1/1421 1420/1/1420 1422/1/1422 1423/1/1423 
f 773/1/773 789/1/789 1424/1/1424 771/1/771 
f 1425/1/1425 1424/1/1424 789/1/789 793/1/793 
f 1426/1/1426 1427/1/1427 1424/1/1424 1425/1/1425 
f 771/1/771 1424/1/1424 1427/1/1427 769/1/769 
f 791/1/791 799/1/799 1428/1/1428 1429/1/1429 
f 1430/1/1430 1428/1/1428 799/1/799 798/1/798 
f 1431/1/1431 1432/1/1432 1428/1/1428 1430/1/1430 
f 1429/1/1429 1428/1/1428 1432/1/1432 1433/1/1433 
f 1434/1/1434 1435/1/1435 1436/1/1436 1437/1/1437 
f 792/1/792 1436/1/1436 1435/1/1435 793/1/793 
f 1429/1/1429 1436/1/1436 792/1/792 791/1/791 
f 1433/1/1433 1437/1/1437 1436/1/1436 1429/1/1429 
f 1438/1/1438 765/1/765 767/1/767 
f 769/1/769 1427/1/1427 1439/1/1439 767/1/767 
f 1440/1/1440 1439/1/1439 1427/1/1427 1426/1/1426 
f 1439/1/1439 1440/1/1440 1441/1/1441 
f 1442/1/1442 1443/1/1443 1444/1/1444 1445/1/1445 
f 1425/1/1425 1444/1/1444 1443/1/1443 1426/1/1426 
f 793/1/793 1435/1/1435 1444/1/1444 1425/1/1425 
f 1434/1/1434 1445/1/1445 1444/1/1444 1435/1/1435 
f 1446/1/1446 1447/1/1447 1448/1/1448 1449/1/1449 
f 1445/1/1445 1448/1/1448 1447/1/1447 1442/1/1442 
f 1437/1/1437 1448/1/1448 1445/1/1445 1434/1/1434 
f 1433/1/1433 1449/1/1449 1448/1/1448 1437/1/1437 
f 1433/1/1433 1432/1/1432 1450/1/1450 1449/1/1449 
f 1432/1/1432 1431/1/1431 1451/1/1451 
f 1452/1/1452 1450/1/1450 1451/1/1451 1453/1/1453 
f 1446/1/1446 1449/1/1449 1450/1/1450 1452/1/1452 
f 797/1/797 825/1/825 1454/1/1454 1455/1/1455 
f 825/1/825 822/1/822 1456/1/1456 
f 1454/1/1454 1456/1/1456 1457/1/1457 
f 1455/1/1455 1454/1/1454 1458/1/1458 1459/1/1459 
f 1460/1/1460 1461/1/1461 1457/1/1457 
f 1456/1/1456 822/1/822 861/1/861 
f 860/1/860 1462/1/1462 1460/1/1460 861/1/861 
f 1462/1/1462 1463/1/1463 1461/1/1461 
f 1464/1/1464 1465/1/1465 1463/1/1463 
f 863/1/863 1464/1/1464 1462/1/1462 860/1/860 
f 862/1/862 1466/1/1466 1464/1/1464 863/1/863 
f 1465/1/1465 1464/1/1464 1466/1/1466 1467/1/1467 
f 1467/1/1467 1466/1/1466 1468/1/1468 1469/1/1469 
f 1391/1/1391 1468/1/1468 1466/1/1466 862/1/862 
f 1393/1/1393 1470/1/1470 1468/1/1468 1391/1/1391 
f 1469/1/1469 1468/1/1468 1470/1/1470 1471/1/1471 
f 1393/1/1393 1421/1/1421 1472/1/1472 
f 1473/1/1473 1472/1/1472 1421/1/1421 1423/1/1423 
f 1474/1/1474 1475/1/1475 1472/1/1472 1473/1/1473 
f 1471/1/1471 1470/1/1470 1472/1/1472 1475/1/1475 
f 1471/1/1471 1475/1/1475 1476/1/1476 1477/1/1477 
f 1478/1/1478 1476/1/1476 1475/1/1475 1474/1/1474 
f 1479/1/1479 1480/1/1480 1476/1/1476 1478/1/1478 
f 1476/1/1476 1480/1/1480 1481/1/1481 
f 1482/1/1482 1477/1/1477 1481/1/1481 
f 1483/1/1483 1482/1/1482 1484/1/1484 1485/1/1485 
f 1469/1/1469 1482/1/1482 1483/1/1483 1467/1/1467 
f 1471/1/1471 1477/1/1477 1482/1/1482 1469/1/1469 
f 1485/1/1485 1484/1/1484 1486/1/1486 1487/1/1487 
f 1480/1/1480 1486/1/1486 1484/1/1484 1481/1/1481 
f 1479/1/1479 1488/1/1488 1486/1/1486 1480/1/1480 
f 1487/1/1487 1486/1/1486 1488/1/1488 1489/1/1489 
f 1467/1/1467 1483/1/1483 1490/1/1490 1465/1/1465 
f 1491/1/1491 1490/1/1490 1483/1/1483 1485/1/1485 
f 1492/1/1492 1493/1/1493 1490/1/1490 1491/1/1491 
f 1465/1/1465 1490/1/1490 1493/1/1493 1463/1/1463 
f 1479/1/1479 1478/1/1478 1494/1/1494 1495/1/1495 
f 1474/1/1474 1496/1/1496 1494/1/1494 1478/1/1478 
f 1495/1/1495 1494/1/1494 1496/1/1496 1497/1/1497 
f 1492/1/1492 1491/1/1491 1498/1/1498 1499/1/1499 
f 1487/1/1487 1498/1/1498 1491/1/1491 1485/1/1485 
f 1489/1/1489 1500/1/1500 1498/1/1498 1487/1/1487 
f 1499/1/1499 1498/1/1498 1500/1/1500 1501/1/1501 
f 1489/1/1489 1488/1/1488 1502/1/1502 1500/1/1500 
f 1495/1/1495 1502/1/1502 1488/1/1488 1479/1/1479 
f 1497/1/1497 1503/1/1503 1502/1/1502 1495/1/1495 
f 1501/1/1501 1500/1/1500 1502/1/1502 1503/1/1503 
f 197/1/197 196/1/196 1504/1/1504 216/1/216 
f 1505/1/1505 1504/1/1504 196/1/196 76/1/76 
f 1506/1/1506 1507/1/1507 1504/1/1504 1505/1/1505 
f 216/1/216 1504/1/1504 1507/1/1507 217/1/217 
f 219/1/219 218/1/218 1508/1/1508 226/1/226 
f 1509/1/1509 1508/1/1508 218/1/218 217/1/217 
f 1510/1/1510 1511/1/1511 1508/1/1508 1509/1/1509 
f 226/1/226 1508/1/1508 1511/1/1511 227/1/227 
f 1512/1/1512 1513/1/1513 1514/1/1514 1515/1/1515 
f 233/1/233 1514/1/1514 1513/1/1513 230/1/230 
f 227/1/227 1511/1/1511 1514/1/1514 233/1/233 
f 1515/1/1515 1514/1/1514 1511/1/1511 1510/1/1510 
f 81/1/81 1516/1/1516 1517/1/1517 79/1/79 
f 1518/1/1518 1517/1/1517 1516/1/1516 1519/1/1519 
f 1505/1/1505 1517/1/1517 1518/1/1518 1506/1/1506 
f 76/1/76 79/1/79 1517/1/1517 1505/1/1505 
f 217/1/217 1507/1/1507 1520/1/1520 1509/1/1509 
f 1521/1/1521 1520/1/1520 1507/1/1507 1506/1/1506 
f 1522/1/1522 1523/1/1523 1520/1/1520 1521/1/1521 
f 1509/1/1509 1520/1/1520 1523/1/1523 1510/1/1510 
f 1510/1/1510 1523/1/1523 1524/1/1524 1515/1/1515 
f 1525/1/1525 1524/1/1524 1523/1/1523 1522/1/1522 
f 1526/1/1526 1527/1/1527 1524/1/1524 1525/1/1525 
f 1515/1/1515 1524/1/1524 1527/1/1527 1512/1/1512 
f 1519/1/1519 1528/1/1528 1529/1/1529 1518/1/1518 
f 1530/1/1530 1529/1/1529 1528/1/1528 1531/1/1531 
f 1529/1/1529 1530/1/1530 1522/1/1522 
f 1518/1/1518 1529/1/1529 1521/1/1521 1506/1/1506 
f 1519/1/1519 1516/1/1516 1532/1/1532 1533/1/1533 
f 116/1/116 1532/1/1532 1516/1/1516 81/1/81 
f 117/1/117 1534/1/1534 1532/1/1532 116/1/116 
f 1533/1/1533 1532/1/1532 1534/1/1534 1535/1/1535 
f 1526/1/1526 1525/1/1525 1536/1/1536 1537/1/1537 
f 1530/1/1530 1536/1/1536 1525/1/1525 1522/1/1522 
f 1531/1/1531 1538/1/1538 1536/1/1536 1530/1/1530 
f 1537/1/1537 1536/1/1536 1538/1/1538 1539/1/1539 
f 1540/1/1540 1541/1/1541 725/1/725 724/1/724 
f 1542/1/1542 1541/1/1541 1540/1/1540 1543/1/1543 
f 1535/1/1535 1534/1/1534 1541/1/1541 1542/1/1542 
f 725/1/725 1541/1/1541 1534/1/1534 117/1/117 
f 1531/1/1531 1528/1/1528 1544/1/1544 1545/1/1545 
f 1528/1/1528 1519/1/1519 1533/1/1533 
f 1535/1/1535 1546/1/1546 1544/1/1544 1533/1/1533 
f 1545/1/1545 1544/1/1544 1546/1/1546 1547/1/1547 
f 1539/1/1539 1538/1/1538 1548/1/1548 1549/1/1549 
f 1545/1/1545 1548/1/1548 1538/1/1538 1531/1/1531 
f 1547/1/1547 1550/1/1550 1548/1/1548 1545/1/1545 
f 1549/1/1549 1548/1/1548 1550/1/1550 1551/1/1551 
f 730/1/730 1552/1/1552 1553/1/1553 731/1/731 
f 1554/1/1554 1555/1/1555 1553/1/1553 1552/1/1552 
f 1543/1/1543 1540/1/1540 1553/1/1553 1555/1/1555 
f 731/1/731 1553/1/1553 1540/1/1540 724/1/724 
f 1547/1/1547 1546/1/1546 1556/1/1556 1557/1/1557 
f 1542/1/1542 1556/1/1556 1546/1/1546 1535/1/1535 
f 1543/1/1543 1558/1/1558 1556/1/1556 1542/1/1542 
f 1557/1/1557 1556/1/1556 1558/1/1558 1559/1/1559 
f 1559/1/1559 1560/1/1560 1561/1/1561 1557/1/1557 
f 1562/1/1562 1561/1/1561 1560/1/1560 1563/1/1563 
f 1551/1/1551 1550/1/1550 1561/1/1561 1562/1/1562 
f 1557/1/1557 1561/1/1561 1550/1/1550 1547/1/1547 
f 1564/1/1564 1565/1/1565 1554/1/1554 
f 734/1/734 1564/1/1564 1552/1/1552 730/1/730 
f 735/1/735 1566/1/1566 1564/1/1564 734/1/734 
f 1565/1/1565 1564/1/1564 1566/1/1566 1567/1/1567 
f 1568/1/1568 1558/1/1558 1543/1/1543 
f 1569/1/1569 1568/1/1568 1555/1/1555 1554/1/1554 
f 1570/1/1570 1571/1/1571 1568/1/1568 1569/1/1569 
f 1559/1/1559 1558/1/1558 1568/1/1568 1571/1/1571 
f 1563/1/1563 1560/1/1560 1572/1/1572 1573/1/1573 
f 1571/1/1571 1572/1/1572 1560/1/1560 1559/1/1559 
f 1572/1/1572 1571/1/1571 1570/1/1570 
f 1574/1/1574 1575/1/1575 1573/1/1573 
f 1570/1/1570 1569/1/1569 1576/1/1576 1577/1/1577 
f 1565/1/1565 1576/1/1576 1569/1/1569 1554/1/1554 
f 1567/1/1567 1578/1/1578 1576/1/1576 1565/1/1565 
f 1577/1/1577 1576/1/1576 1578/1/1578 1579/1/1579 
f 1580/1/1580 1581/1/1581 1575/1/1575 
f 1577/1/1577 1580/1/1580 1574/1/1574 1570/1/1570 
f 1579/1/1579 1582/1/1582 1580/1/1580 1577/1/1577 
f 1581/1/1581 1580/1/1580 1582/1/1582 1583/1/1583 
f 1584/1/1584 1585/1/1585 502/1/502 
f 501/1/501 492/1/492 1586/1/1586 
f 1584/1/1584 1586/1/1586 1587/1/1587 
f 1585/1/1585 1584/1/1584 1588/1/1588 1589/1/1589 
f 1590/1/1590 1587/1/1587 1586/1/1586 
f 494/1/494 1591/1/1591 1586/1/1586 492/1/492 
f 496/1/496 1592/1/1592 1591/1/1591 494/1/494 
f 1591/1/1591 1592/1/1592 1593/1/1593 
f 1587/1/1587 1590/1/1590 1594/1/1594 1595/1/1595 
f 1596/1/1596 1594/1/1594 1590/1/1590 1593/1/1593 
f 1597/1/1597 1598/1/1598 1594/1/1594 1596/1/1596 
f 1595/1/1595 1594/1/1594 1598/1/1598 1599/1/1599 
f 496/1/496 516/1/516 1600/1/1600 1592/1/1592 
f 1601/1/1601 1600/1/1600 516/1/516 515/1/515 
f 1602/1/1602 1603/1/1603 1600/1/1600 1601/1/1601 
f 1592/1/1592 1600/1/1600 1603/1/1603 1593/1/1593 
f 1602/1/1602 1601/1/1601 1604/1/1604 1605/1/1605 
f 515/1/515 528/1/528 1604/1/1604 1601/1/1601 
f 528/1/528 527/1/527 1605/1/1605 1604/1/1604 
f 1593/1/1593 1603/1/1603 1606/1/1606 1596/1/1596 
f 1607/1/1607 1606/1/1606 1603/1/1603 1602/1/1602 
f 1608/1/1608 1609/1/1609 1606/1/1606 1607/1/1607 
f 1596/1/1596 1606/1/1606 1609/1/1609 1597/1/1597 
f 1610/1/1610 1611/1/1611 1612/1/1612 1613/1/1613 
f 1605/1/1605 1612/1/1612 1611/1/1611 1602/1/1602 
f 527/1/527 533/1/533 1612/1/1612 1605/1/1605 
f 1613/1/1613 1612/1/1612 533/1/533 524/1/524 
f 1602/1/1602 1611/1/1611 1614/1/1614 1607/1/1607 
f 1611/1/1611 1610/1/1610 1615/1/1615 
f 1616/1/1616 1617/1/1617 1614/1/1614 1615/1/1615 
f 1607/1/1607 1614/1/1614 1617/1/1617 1608/1/1608 
f 1610/1/1610 1613/1/1613 1618/1/1618 1619/1/1619 
f 524/1/524 521/1/521 1618/1/1618 1613/1/1613 
f 405/1/405 1620/1/1620 1618/1/1618 521/1/521 
f 1619/1/1619 1618/1/1618 1620/1/1620 1621/1/1621 
f 1622/1/1622 1623/1/1623 1624/1/1624 1625/1/1625 
f 1626/1/1626 1624/1/1624 1623/1/1623 1627/1/1627 
f 1628/1/1628 1629/1/1629 1624/1/1624 1626/1/1626 
f 1625/1/1625 1624/1/1624 1629/1/1629 1599/1/1599 
f 1630/1/1630 1631/1/1631 1632/1/1632 1633/1/1633 
f 1625/1/1625 1632/1/1632 1631/1/1631 1622/1/1622 
f 1599/1/1599 1598/1/1598 1632/1/1632 1625/1/1625 
f 1633/1/1633 1632/1/1632 1598/1/1598 1597/1/1597 
f 1634/1/1634 1635/1/1635 1636/1/1636 1637/1/1637 
f 1633/1/1633 1636/1/1636 1635/1/1635 1630/1/1630 
f 1597/1/1597 1609/1/1609 1636/1/1636 1633/1/1633 
f 1637/1/1637 1636/1/1636 1609/1/1609 1608/1/1608 
f 1638/1/1638 1639/1/1639 1640/1/1640 1641/1/1641 
f 1634/1/1634 1637/1/1637 1639/1/1639 1638/1/1638 
f 1608/1/1608 1617/1/1617 1639/1/1639 1637/1/1637 
f 1616/1/1616 1640/1/1640 1639/1/1639 1617/1/1617 
f 1627/1/1627 1623/1/1623 1642/1/1642 1643/1/1643 
f 1644/1/1644 1642/1/1642 1623/1/1623 1622/1/1622 
f 1645/1/1645 1646/1/1646 1642/1/1642 1644/1/1644 
f 1643/1/1643 1642/1/1642 1646/1/1646 1647/1/1647 
f 1622/1/1622 1631/1/1631 1648/1/1648 1644/1/1644 
f 1649/1/1649 1648/1/1648 1631/1/1631 1630/1/1630 
f 1650/1/1650 1651/1/1651 1648/1/1648 1649/1/1649 
f 1644/1/1644 1648/1/1648 1651/1/1651 1645/1/1645 
f 1630/1/1630 1635/1/1635 1652/1/1652 1649/1/1649 
f 1634/1/1634 1653/1/1653 1652/1/1652 1635/1/1635 
f 1654/1/1654 1655/1/1655 1652/1/1652 1653/1/1653 
f 1650/1/1650 1649/1/1649 1652/1/1652 1655/1/1655 
f 1641/1/1641 1656/1/1656 1657/1/1657 1638/1/1638 
f 1658/1/1658 1657/1/1657 1656/1/1656 1659/1/1659 
f 1654/1/1654 1653/1/1653 1657/1/1657 1658/1/1658 
f 1653/1/1653 1634/1/1634 1638/1/1638 1657/1/1657 
f 1659/1/1659 1656/1/1656 1660/1/1660 1661/1/1661 
f 1662/1/1662 1660/1/1660 1656/1/1656 1641/1/1641 
f 1663/1/1663 1664/1/1664 1660/1/1660 1662/1/1662 
f 1661/1/1661 1660/1/1660 1664/1/1664 1665/1/1665 
f 1666/1/1666 1667/1/1667 1665/1/1665 
f 1664/1/1664 1663/1/1663 1668/1/1668 
f 1666/1/1666 1668/1/1668 1669/1/1669 
f 1667/1/1667 1666/1/1666 1670/1/1670 1671/1/1671 
f 1672/1/1672 1673/1/1673 1674/1/1674 1675/1/1675 
f 1676/1/1676 1677/1/1677 1674/1/1674 1673/1/1673 
f 1671/1/1671 1670/1/1670 1674/1/1674 1677/1/1677 
f 1675/1/1675 1674/1/1674 1670/1/1670 1669/1/1669 
f 1676/1/1676 1673/1/1673 1678/1/1678 1679/1/1679 
f 1680/1/1680 1678/1/1678 1673/1/1673 1672/1/1672 
f 1681/1/1681 1682/1/1682 1678/1/1678 1680/1/1680 
f 1679/1/1679 1678/1/1678 1682/1/1682 1683/1/1683 
f 1684/1/1684 1685/1/1685 1686/1/1686 
f 1683/1/1683 1682/1/1682 1684/1/1684 1687/1/1687 
f 1688/1/1688 1684/1/1684 1682/1/1682 1681/1/1681 
f 1689/1/1689 1685/1/1685 1684/1/1684 1688/1/1688 
f 1690/1/1690 1685/1/1685 1689/1/1689 
f 1691/1/1691 1690/1/1690 1692/1/1692 1693/1/1693 
f 1694/1/1694 1695/1/1695 1690/1/1690 1691/1/1691 
f 1695/1/1695 1686/1/1686 1685/1/1685 
f 1696/1/1696 1697/1/1697 1691/1/1691 1693/1/1693 
f 1698/1/1698 1699/1/1699 1697/1/1697 1696/1/1696 
f 1700/1/1700 1697/1/1697 1699/1/1699 1701/1/1701 
f 1691/1/1691 1697/1/1697 1700/1/1700 1694/1/1694 
f 1701/1/1701 1699/1/1699 1702/1/1702 1703/1/1703 
f 1704/1/1704 1702/1/1702 1699/1/1699 1698/1/1698 
f 1705/1/1705 1706/1/1706 1702/1/1702 1704/1/1704 
f 1703/1/1703 1702/1/1702 1706/1/1706 1707/1/1707 
f 1708/1/1708 1709/1/1709 1706/1/1706 1705/1/1705 
f 1643/1/1643 1709/1/1709 1708/1/1708 1627/1/1627 
f 1647/1/1647 1710/1/1710 1709/1/1709 1643/1/1643 
f 1707/1/1707 1706/1/1706 1709/1/1709 1710/1/1710 
f 1711/1/1711 1712/1/1712 1713/1/1713 
f 1714/1/1714 1665/1/1665 1667/1/1667 
f 1671/1/1671 1715/1/1715 1711/1/1711 1667/1/1667 
f 1716/1/1716 1712/1/1712 1711/1/1711 1715/1/1715 
f 1671/1/1671 1677/1/1677 1717/1/1717 1715/1/1715 
f 1718/1/1718 1717/1/1717 1677/1/1677 1676/1/1676 
f 1719/1/1719 1720/1/1720 1717/1/1717 1718/1/1718 
f 1715/1/1715 1717/1/1717 1720/1/1720 1716/1/1716 
f 1719/1/1719 1718/1/1718 1721/1/1721 1722/1/1722 
f 1679/1/1679 1721/1/1721 1718/1/1718 1676/1/1676 
f 1683/1/1683 1723/1/1723 1721/1/1721 1679/1/1679 
f 1721/1/1721 1723/1/1723 1724/1/1724 1722/1/1722 
f 1683/1/1683 1687/1/1687 1725/1/1725 1723/1/1723 
f 1726/1/1726 1725/1/1725 1687/1/1687 1686/1/1686 
f 1727/1/1727 1728/1/1728 1725/1/1725 1726/1/1726 
f 1723/1/1723 1725/1/1725 1728/1/1728 1724/1/1724 
f 1686/1/1686 1695/1/1695 1729/1/1729 1726/1/1726 
f 1730/1/1730 1729/1/1729 1695/1/1695 1694/1/1694 
f 1731/1/1731 1732/1/1732 1729/1/1729 1730/1/1730 
f 1726/1/1726 1729/1/1729 1732/1/1732 1727/1/1727 
f 1694/1/1694 1700/1/1700 1733/1/1733 1730/1/1730 
f 1734/1/1734 1733/1/1733 1700/1/1700 1701/1/1701 
f 1735/1/1735 1736/1/1736 1733/1/1733 1734/1/1734 
f 1730/1/1730 1733/1/1733 1736/1/1736 1731/1/1731 
f 1710/1/1710 1737/1/1737 1738/1/1738 1707/1/1707 
f 1739/1/1739 1737/1/1737 1710/1/1710 1647/1/1647 
f 1740/1/1740 1741/1/1741 1737/1/1737 1739/1/1739 
f 1742/1/1742 1738/1/1738 1737/1/1737 1741/1/1741 
f 1735/1/1735 1734/1/1734 1743/1/1743 1744/1/1744 
f 1703/1/1703 1743/1/1743 1734/1/1734 1701/1/1701 
f 1707/1/1707 1738/1/1738 1743/1/1743 1703/1/1703 
f 1744/1/1744 1743/1/1743 1738/1/1738 1742/1/1742 
f 1716/1/1716 1720/1/1720 1745/1/1745 1746/1/1746 
f 1747/1/1747 1745/1/1745 1720/1/1720 1719/1/1719 
f 1748/1/1748 1745/1/1745 1747/1/1747 1749/1/1749 
f 1745/1/1745 1748/1/1748 1750/1/1750 
f 1749/1/1749 1747/1/1747 1751/1/1751 1752/1/1752 
f 1722/1/1722 1751/1/1751 1747/1/1747 1719/1/1719 
f 1724/1/1724 1753/1/1753 1751/1/1751 1722/1/1722 
f 1753/1/1753 1754/1/1754 1752/1/1752 
f 1724/1/1724 1728/1/1728 1755/1/1755 1753/1/1753 
f 1756/1/1756 1755/1/1755 1728/1/1728 1727/1/1727 
f 1757/1/1757 1758/1/1758 1755/1/1755 1756/1/1756 
f 1753/1/1753 1755/1/1755 1758/1/1758 1754/1/1754 
f 1727/1/1727 1732/1/1732 1759/1/1759 1756/1/1756 
f 1760/1/1760 1759/1/1759 1732/1/1732 1731/1/1731 
f 1761/1/1761 1762/1/1762 1759/1/1759 1760/1/1760 
f 1756/1/1756 1759/1/1759 1762/1/1762 1757/1/1757 
f 1731/1/1731 1736/1/1736 1763/1/1763 1760/1/1760 
f 1764/1/1764 1763/1/1763 1736/1/1736 1735/1/1735 
f 1765/1/1765 1766/1/1766 1763/1/1763 1764/1/1764 
f 1760/1/1760 1763/1/1763 1766/1/1766 1761/1/1761 
f 1765/1/1765 1764/1/1764 1767/1/1767 1768/1/1768 
f 1744/1/1744 1767/1/1767 1764/1/1764 1735/1/1735 
f 1742/1/1742 1769/1/1769 1767/1/1767 1744/1/1744 
f 1768/1/1768 1767/1/1767 1769/1/1769 1770/1/1770 
f 1771/1/1771 1645/1/1645 1651/1/1651 1772/1/1772 
f 1650/1/1650 1773/1/1773 1772/1/1772 1651/1/1651 
f 1774/1/1774 1775/1/1775 1772/1/1772 1773/1/1773 
f 1776/1/1776 1771/1/1771 1772/1/1772 1775/1/1775 
f 1777/1/1777 1778/1/1778 1779/1/1779 1780/1/1780 
f 1765/1/1765 1768/1/1768 1779/1/1779 1778/1/1778 
f 1770/1/1770 1780/1/1780 1779/1/1779 1768/1/1768 
f 1777/1/1777 1781/1/1781 1782/1/1782 1783/1/1783 
f 1754/1/1754 1758/1/1758 1782/1/1782 1781/1/1781 
f 1757/1/1757 1783/1/1783 1782/1/1782 1758/1/1758 
f 1774/1/1774 1773/1/1773 1784/1/1784 1785/1/1785 
f 1650/1/1650 1655/1/1655 1784/1/1784 1773/1/1773 
f 1654/1/1654 1786/1/1786 1784/1/1784 1655/1/1655 
f 1787/1/1787 1785/1/1785 1784/1/1784 1786/1/1786 
f 1788/1/1788 1789/1/1789 1790/1/1790 1777/1/1777 
f 1750/1/1750 1748/1/1748 1789/1/1789 1788/1/1788 
f 1749/1/1749 1790/1/1790 1789/1/1789 1748/1/1748 
f 1781/1/1781 1777/1/1777 1790/1/1790 
f 1749/1/1749 1752/1/1752 1791/1/1791 1790/1/1790 
f 1754/1/1754 1781/1/1781 1791/1/1791 1752/1/1752 
f 1777/1/1777 1783/1/1783 1792/1/1792 1793/1/1793 
f 1757/1/1757 1762/1/1762 1792/1/1792 1783/1/1783 
f 1761/1/1761 1793/1/1793 1792/1/1792 1762/1/1762 
f 1777/1/1777 1793/1/1793 1794/1/1794 1778/1/1778 
f 1761/1/1761 1766/1/1766 1794/1/1794 1793/1/1793 
f 1765/1/1765 1778/1/1778 1794/1/1794 1766/1/1766 
f 1769/1/1769 1795/1/1795 1796/1/1796 1770/1/1770 
f 1741/1/1741 1795/1/1795 1769/1/1769 1742/1/1742 
f 1797/1/1797 1795/1/1795 1741/1/1741 1740/1/1740 
f 1798/1/1798 1796/1/1796 1795/1/1795 1797/1/1797 
f 1777/1/1777 1780/1/1780 1799/1/1799 1800/1/1800 
f 1770/1/1770 1796/1/1796 1799/1/1799 1780/1/1780 
f 1798/1/1798 1800/1/1800 1799/1/1799 1796/1/1796 
f 1801/1/1801 1802/1/1802 1803/1/1803 1804/1/1804 
f 1750/1/1750 1788/1/1788 1802/1/1802 1801/1/1801 
f 1788/1/1788 1777/1/1777 1803/1/1803 
f 1647/1/1647 1646/1/1646 1805/1/1805 1739/1/1739 
f 1771/1/1771 1805/1/1805 1646/1/1646 1645/1/1645 
f 1776/1/1776 1806/1/1806 1805/1/1805 1771/1/1771 
f 1739/1/1739 1805/1/1805 1806/1/1806 1740/1/1740 
f 1807/1/1807 1808/1/1808 1776/1/1776 1775/1/1775 
f 1774/1/1774 1785/1/1785 1807/1/1807 1775/1/1775 
f 1787/1/1787 1809/1/1809 1807/1/1807 1785/1/1785 
f 1810/1/1810 1808/1/1808 1807/1/1807 1809/1/1809 
f 1810/1/1810 1811/1/1811 1812/1/1812 1808/1/1808 
f 1797/1/1797 1812/1/1812 1811/1/1811 1798/1/1798 
f 1740/1/1740 1806/1/1806 1812/1/1812 1797/1/1797 
f 1808/1/1808 1812/1/1812 1806/1/1806 1776/1/1776 
f 1787/1/1787 1786/1/1786 1813/1/1813 1814/1/1814 
f 1654/1/1654 1658/1/1658 1813/1/1813 1786/1/1786 
f 1813/1/1813 1658/1/1658 1659/1/1659 1815/1/1815 
f 1814/1/1814 1813/1/1813 1815/1/1815 1816/1/1816 
f 1817/1/1817 1816/1/1816 1815/1/1815 
f 1661/1/1661 1818/1/1818 1815/1/1815 1659/1/1659 
f 1818/1/1818 1661/1/1661 1665/1/1665 
f 1714/1/1714 1713/1/1713 1817/1/1817 
f 1810/1/1810 1809/1/1809 1819/1/1819 1820/1/1820 
f 1814/1/1814 1819/1/1819 1809/1/1809 1787/1/1787 
f 1816/1/1816 1821/1/1821 1819/1/1819 1814/1/1814 
f 1820/1/1820 1819/1/1819 1821/1/1821 1804/1/1804 
f 1821/1/1821 1816/1/1816 1817/1/1817 1822/1/1822 
f 1713/1/1713 1823/1/1823 1822/1/1822 1817/1/1817 
f 1804/1/1804 1821/1/1821 1822/1/1822 1823/1/1823 
f 1801/1/1801 1804/1/1804 1823/1/1823 
f 1823/1/1823 1713/1/1713 1712/1/1712 
f 1746/1/1746 1824/1/1824 1712/1/1712 1716/1/1716 
f 1801/1/1801 1824/1/1824 1746/1/1746 1750/1/1750 
f 1804/1/1804 1803/1/1803 1825/1/1825 1820/1/1820 
f 1800/1/1800 1825/1/1825 1803/1/1803 1777/1/1777 
f 1798/1/1798 1811/1/1811 1825/1/1825 1800/1/1800 
f 1820/1/1820 1825/1/1825 1811/1/1811 1810/1/1810 
f 1589/1/1589 1588/1/1588 1826/1/1826 1827/1/1827 
f 1595/1/1595 1826/1/1826 1588/1/1588 1587/1/1587 
f 1599/1/1599 1629/1/1629 1826/1/1826 1595/1/1595 
f 1827/1/1827 1826/1/1826 1629/1/1629 1628/1/1628 
f 1627/1/1627 1708/1/1708 1828/1/1828 1626/1/1626 
f 1705/1/1705 1829/1/1829 1828/1/1828 1708/1/1708 
f 1830/1/1830 1828/1/1828 1829/1/1829 1831/1/1831 
f 1626/1/1626 1828/1/1828 1830/1/1830 1628/1/1628 
f 1831/1/1831 1829/1/1829 1832/1/1832 1833/1/1833 
f 1704/1/1704 1832/1/1832 1829/1/1829 1705/1/1705 
f 1698/1/1698 1834/1/1834 1832/1/1832 1704/1/1704 
f 1833/1/1833 1832/1/1832 1834/1/1834 1835/1/1835 
f 1835/1/1835 1834/1/1834 1836/1/1836 1837/1/1837 
f 1696/1/1696 1836/1/1836 1834/1/1834 1698/1/1698 
f 1693/1/1693 1838/1/1838 1836/1/1836 1696/1/1696 
f 1837/1/1837 1836/1/1836 1838/1/1838 1839/1/1839 
f 1838/1/1838 1840/1/1840 1841/1/1841 1839/1/1839 
f 1692/1/1692 1840/1/1840 1838/1/1838 1693/1/1693 
f 1840/1/1840 1692/1/1692 1689/1/1689 
f 1841/1/1841 1840/1/1840 1842/1/1842 1843/1/1843 
f 1844/1/1844 1845/1/1845 1846/1/1846 1847/1/1847 
f 1848/1/1848 1845/1/1845 1844/1/1844 1849/1/1849 
f 1841/1/1841 1845/1/1845 1848/1/1848 1839/1/1839 
f 1846/1/1846 1845/1/1845 1841/1/1841 1843/1/1843 
f 1688/1/1688 1850/1/1850 1842/1/1842 1689/1/1689 
f 1850/1/1850 1688/1/1688 1681/1/1681 
f 1851/1/1851 1850/1/1850 1852/1/1852 1853/1/1853 
f 1842/1/1842 1850/1/1850 1851/1/1851 1843/1/1843 
f 1853/1/1853 1852/1/1852 1854/1/1854 1855/1/1855 
f 1680/1/1680 1854/1/1854 1852/1/1852 1681/1/1681 
f 1672/1/1672 1856/1/1856 1854/1/1854 1680/1/1680 
f 1855/1/1855 1854/1/1854 1856/1/1856 1857/1/1857 
f 1857/1/1857 1856/1/1856 1858/1/1858 1859/1/1859 
f 1675/1/1675 1858/1/1858 1856/1/1856 1672/1/1672 
f 1669/1/1669 1860/1/1860 1858/1/1858 1675/1/1675 
f 1859/1/1859 1858/1/1858 1860/1/1860 1861/1/1861 
f 1641/1/1641 1640/1/1640 1862/1/1862 1662/1/1662 
f 1863/1/1863 1862/1/1862 1640/1/1640 1616/1/1616 
f 1864/1/1864 1865/1/1865 1862/1/1862 1863/1/1863 
f 1662/1/1662 1862/1/1862 1865/1/1865 1663/1/1663 
f 1621/1/1621 1866/1/1866 1867/1/1867 1619/1/1619 
f 1863/1/1863 1867/1/1867 1866/1/1866 1864/1/1864 
f 1616/1/1616 1615/1/1615 1867/1/1867 1863/1/1863 
f 1619/1/1619 1867/1/1867 1615/1/1615 1610/1/1610 
f 1861/1/1861 1860/1/1860 1868/1/1868 1869/1/1869 
f 1668/1/1668 1868/1/1868 1860/1/1860 1669/1/1669 
f 1663/1/1663 1865/1/1865 1868/1/1868 1668/1/1668 
f 1869/1/1869 1868/1/1868 1865/1/1865 1864/1/1864 
f 400/1/400 1870/1/1870 1871/1/1871 401/1/401 
f 1872/1/1872 1871/1/1871 1870/1/1870 1873/1/1873 
f 1621/1/1621 1620/1/1620 1871/1/1871 1872/1/1872 
f 401/1/401 1871/1/1871 1620/1/1620 405/1/405 
f 1864/1/1864 1866/1/1866 1874/1/1874 1875/1/1875 
f 1872/1/1872 1874/1/1874 1866/1/1866 1621/1/1621 
f 1873/1/1873 1876/1/1876 1874/1/1874 1872/1/1872 
f 1875/1/1875 1874/1/1874 1876/1/1876 1877/1/1877 
f 1873/1/1873 1870/1/1870 1878/1/1878 1879/1/1879 
f 1314/1/1314 1878/1/1878 1870/1/1870 400/1/400 
f 1317/1/1317 1880/1/1880 1878/1/1878 1314/1/1314 
f 1879/1/1879 1878/1/1878 1880/1/1880 1881/1/1881 
f 1877/1/1877 1876/1/1876 1882/1/1882 1883/1/1883 
f 1879/1/1879 1882/1/1882 1876/1/1876 1873/1/1873 
f 1881/1/1881 1884/1/1884 1882/1/1882 1879/1/1879 
f 1883/1/1883 1882/1/1882 1884/1/1884 1885/1/1885 
f 1861/1/1861 1869/1/1869 1886/1/1886 1887/1/1887 
f 1875/1/1875 1886/1/1886 1869/1/1869 1864/1/1864 
f 1877/1/1877 1883/1/1883 1886/1/1886 1875/1/1875 
f 1887/1/1887 1886/1/1886 1883/1/1883 1885/1/1885 
f 1861/1/1861 1887/1/1887 1888/1/1888 1859/1/1859 
f 1889/1/1889 1888/1/1888 1887/1/1887 1885/1/1885 
f 1888/1/1888 1889/1/1889 1890/1/1890 
f 1859/1/1859 1888/1/1888 1891/1/1891 1857/1/1857 
f 1892/1/1892 1893/1/1893 1894/1/1894 
f 1895/1/1895 1853/1/1853 1855/1/1855 
f 1857/1/1857 1891/1/1891 1892/1/1892 1855/1/1855 
f 1891/1/1891 1890/1/1890 1893/1/1893 
f 1851/1/1851 1896/1/1896 1897/1/1897 1843/1/1843 
f 1896/1/1896 1851/1/1851 1853/1/1853 
f 1898/1/1898 1896/1/1896 1895/1/1895 1894/1/1894 
f 1897/1/1897 1896/1/1896 1898/1/1898 1899/1/1899 
f 1900/1/1900 1901/1/1901 1897/1/1897 1899/1/1899 
f 1847/1/1847 1846/1/1846 1901/1/1901 1900/1/1900 
f 1843/1/1843 1897/1/1897 1901/1/1901 1846/1/1846 
f 1894/1/1894 1902/1/1902 1903/1/1903 1898/1/1898 
f 1904/1/1904 1903/1/1903 1902/1/1902 1905/1/1905 
f 1906/1/1906 1907/1/1907 1903/1/1903 1904/1/1904 
f 1898/1/1898 1903/1/1903 1907/1/1907 1899/1/1899 
f 1905/1/1905 1902/1/1902 1908/1/1908 1909/1/1909 
f 1893/1/1893 1908/1/1908 1902/1/1902 1894/1/1894 
f 1890/1/1890 1910/1/1910 1908/1/1908 1893/1/1893 
f 1909/1/1909 1908/1/1908 1910/1/1910 1911/1/1911 
f 1905/1/1905 1909/1/1909 1912/1/1912 1904/1/1904 
f 1913/1/1913 1912/1/1912 1909/1/1909 1911/1/1911 
f 1914/1/1914 1915/1/1915 1912/1/1912 1913/1/1913 
f 1904/1/1904 1912/1/1912 1915/1/1915 1906/1/1906 
f 1910/1/1910 1890/1/1890 1889/1/1889 
f 1889/1/1889 1885/1/1885 1916/1/1916 
f 1916/1/1916 1917/1/1917 1918/1/1918 
f 1911/1/1911 1910/1/1910 1919/1/1919 1918/1/1918 
f 1914/1/1914 1913/1/1913 1920/1/1920 1921/1/1921 
f 1922/1/1922 1920/1/1920 1913/1/1913 1911/1/1911 
f 1923/1/1923 1924/1/1924 1920/1/1920 1922/1/1922 
f 1921/1/1921 1920/1/1920 1924/1/1924 1925/1/1925 
f 1926/1/1926 1927/1/1927 1924/1/1924 1923/1/1923 
f 1927/1/1927 1926/1/1926 1928/1/1928 
f 1929/1/1929 1930/1/1930 1927/1/1927 1931/1/1931 
f 1925/1/1925 1924/1/1924 1927/1/1927 1930/1/1930 
f 1923/1/1923 1932/1/1932 1933/1/1933 1926/1/1926 
f 1934/1/1934 1933/1/1933 1932/1/1932 1935/1/1935 
f 1936/1/1936 1937/1/1937 1933/1/1933 1934/1/1934 
f 1926/1/1926 1933/1/1933 1937/1/1937 1928/1/1928 
f 1923/1/1923 1922/1/1922 1938/1/1938 1932/1/1932 
f 1918/1/1918 1938/1/1938 1922/1/1922 1911/1/1911 
f 1938/1/1938 1918/1/1918 1917/1/1917 
f 1939/1/1939 1935/1/1935 1932/1/1932 
f 1940/1/1940 1941/1/1941 1934/1/1934 1935/1/1935 
f 1941/1/1941 1940/1/1940 1942/1/1942 1943/1/1943 
f 1944/1/1944 1945/1/1945 1941/1/1941 1943/1/1943 
f 1934/1/1934 1941/1/1941 1945/1/1945 
f 1940/1/1940 1946/1/1946 1947/1/1947 1942/1/1942 
f 1948/1/1948 1946/1/1946 1940/1/1940 1935/1/1935 
f 1949/1/1949 1950/1/1950 1946/1/1946 1948/1/1948 
f 1947/1/1947 1946/1/1946 1950/1/1950 1951/1/1951 
f 1952/1/1952 1953/1/1953 1954/1/1954 1955/1/1955 
f 1332/1/1332 1347/1/1347 1954/1/1954 1953/1/1953 
f 1346/1/1346 1956/1/1956 1954/1/1954 1347/1/1347 
f 1955/1/1955 1954/1/1954 1956/1/1956 1957/1/1957 
f 1958/1/1958 1959/1/1959 1960/1/1960 
f 1958/1/1958 1961/1/1961 1957/1/1957 
f 1962/1/1962 1963/1/1963 1958/1/1958 1964/1/1964 
f 1959/1/1959 1958/1/1958 1963/1/1963 1965/1/1965 
f 1952/1/1952 1955/1/1955 1966/1/1966 1967/1/1967 
f 1961/1/1961 1966/1/1966 1955/1/1955 1957/1/1957 
f 1960/1/1960 1968/1/1968 1966/1/1966 1961/1/1961 
f 1967/1/1967 1966/1/1966 1968/1/1968 1969/1/1969 
f 1952/1/1952 1967/1/1967 1970/1/1970 1953/1/1953 
f 1969/1/1969 1971/1/1971 1970/1/1970 1967/1/1967 
f 1333/1/1333 1970/1/1970 1971/1/1971 1323/1/1323 
f 1333/1/1333 1332/1/1332 1953/1/1953 
f 1960/1/1960 1959/1/1959 1972/1/1972 1968/1/1968 
f 1965/1/1965 1973/1/1973 1972/1/1972 1959/1/1959 
f 1974/1/1974 1975/1/1975 1972/1/1972 1973/1/1973 
f 1968/1/1968 1972/1/1972 1975/1/1975 1969/1/1969 
f 1976/1/1976 1977/1/1977 1978/1/1978 1979/1/1979 
f 1321/1/1321 1978/1/1978 1977/1/1977 1319/1/1319 
f 1323/1/1323 1971/1/1971 1978/1/1978 1321/1/1321 
f 1979/1/1979 1978/1/1978 1971/1/1971 1969/1/1969 
f 1980/1/1980 1981/1/1981 1982/1/1982 1983/1/1983 
f 1965/1/1965 1963/1/1963 1981/1/1981 1980/1/1980 
f 1984/1/1984 1981/1/1981 1963/1/1963 1962/1/1962 
f 1982/1/1982 1981/1/1981 1984/1/1984 1985/1/1985 
f 1986/1/1986 1987/1/1987 1988/1/1988 1989/1/1989 
f 1979/1/1979 1988/1/1988 1987/1/1987 1976/1/1976 
f 1969/1/1969 1975/1/1975 1988/1/1988 1979/1/1979 
f 1989/1/1989 1988/1/1988 1975/1/1975 1974/1/1974 
f 1974/1/1974 1973/1/1973 1990/1/1990 1989/1/1989 
f 1980/1/1980 1990/1/1990 1973/1/1973 1965/1/1965 
f 1983/1/1983 1991/1/1991 1990/1/1990 1980/1/1980 
f 1989/1/1989 1990/1/1990 1991/1/1991 1986/1/1986 
f 1992/1/1992 1993/1/1993 1994/1/1994 1995/1/1995 
f 1982/1/1982 1994/1/1994 1993/1/1993 1983/1/1983 
f 1985/1/1985 1996/1/1996 1994/1/1994 1982/1/1982 
f 1995/1/1995 1994/1/1994 1996/1/1996 1997/1/1997 
f 1998/1/1998 1999/1/1999 2000/1/2000 2001/1/2001 
f 1999/1/1999 1317/1/1317 1316/1/1316 
f 1319/1/1319 1977/1/1977 2000/1/2000 1316/1/1316 
f 2001/1/2001 2000/1/2000 1977/1/1977 1976/1/1976 
f 1997/1/1997 2002/1/2002 2003/1/2003 1995/1/1995 
f 1950/1/1950 2003/1/2003 2002/1/2002 1951/1/1951 
f 1949/1/1949 2004/1/2004 2003/1/2003 1950/1/1950 
f 1995/1/1995 2003/1/2003 2004/1/2004 1992/1/1992 
f 2005/1/2005 2006/1/2006 1917/1/1917 
f 1885/1/1885 1884/1/1884 2005/1/2005 1916/1/1916 
f 2007/1/2007 2005/1/2005 1884/1/1884 1881/1/1881 
f 2006/1/2006 2005/1/2005 2007/1/2007 2008/1/2008 
f 2009/1/2009 2010/1/2010 2011/1/2011 2012/1/2012 
f 2001/1/2001 2011/1/2011 2010/1/2010 1998/1/1998 
f 1976/1/1976 1987/1/1987 2011/1/2011 2001/1/2001 
f 2012/1/2012 2011/1/2011 1987/1/1987 1986/1/1986 
f 1880/1/1880 1317/1/1317 1999/1/1999 
f 1999/1/1999 1998/1/1998 2013/1/2013 
f 2014/1/2014 2013/1/2013 2008/1/2008 
f 1881/1/1881 1880/1/1880 2014/1/2014 2007/1/2007 
f 2013/1/2013 2015/1/2015 2016/1/2016 2008/1/2008 
f 1998/1/1998 2010/1/2010 2015/1/2015 2013/1/2013 
f 2009/1/2009 2016/1/2016 2015/1/2015 2010/1/2010 
f 2017/1/2017 1948/1/1948 1935/1/1935 
f 2006/1/2006 2017/1/2017 1939/1/1939 1917/1/1917 
f 2008/1/2008 2018/1/2018 2017/1/2017 2006/1/2006 
f 1948/1/1948 2017/1/2017 2018/1/2018 1949/1/1949 
f 2019/1/2019 2020/1/2020 2016/1/2016 2009/1/2009 
f 2004/1/2004 2020/1/2020 2019/1/2019 1992/1/1992 
f 1949/1/1949 2018/1/2018 2020/1/2020 2004/1/2004 
f 2008/1/2008 2016/1/2016 2020/1/2020 2018/1/2018 
f 1986/1/1986 1991/1/1991 2021/1/2021 2012/1/2012 
f 1993/1/1993 2021/1/2021 1991/1/1991 1983/1/1983 
f 1992/1/1992 2019/1/2019 2021/1/2021 1993/1/1993 
f 2012/1/2012 2021/1/2021 2019/1/2019 2009/1/2009 
f 641/1/641 640/1/640 2022/1/2022 2023/1/2023 
f 1585/1/1585 2022/1/2022 640/1/640 502/1/502 
f 2022/1/2022 1585/1/1585 1589/1/1589 
f 2023/1/2023 2022/1/2022 2024/1/2024 2025/1/2025 
f 645/1/645 644/1/644 2026/1/2026 2027/1/2027 
f 2023/1/2023 2026/1/2026 644/1/644 641/1/641 
f 2025/1/2025 2028/1/2028 2026/1/2026 2023/1/2023 
f 2027/1/2027 2026/1/2026 2028/1/2028 2029/1/2029 
f 2030/1/2030 1589/1/1589 1827/1/1827 
f 1628/1/1628 1830/1/1830 2031/1/2031 1827/1/1827 
f 1831/1/1831 2032/1/2032 2031/1/2031 1830/1/1830 
f 2030/1/2030 2031/1/2031 2032/1/2032 2033/1/2033 
f 2033/1/2033 2032/1/2032 2034/1/2034 2035/1/2035 
f 1833/1/1833 2034/1/2034 2032/1/2032 1831/1/1831 
f 1835/1/1835 2036/1/2036 2034/1/2034 1833/1/1833 
f 2035/1/2035 2034/1/2034 2036/1/2036 2037/1/2037 
f 2037/1/2037 2036/1/2036 2038/1/2038 2039/1/2039 
f 1837/1/1837 2038/1/2038 2036/1/2036 1835/1/1835 
f 1839/1/1839 2040/1/2040 2038/1/2038 1837/1/1837 
f 2039/1/2039 2038/1/2038 2040/1/2040 2041/1/2041 
f 2040/1/2040 2042/1/2042 2043/1/2043 2041/1/2041 
f 1848/1/1848 2042/1/2042 2040/1/2040 1839/1/1839 
f 1849/1/1849 2043/1/2043 2042/1/2042 1848/1/1848 
f 2025/1/2025 2024/1/2024 2044/1/2044 2045/1/2045 
f 2030/1/2030 2044/1/2044 2024/1/2024 1589/1/1589 
f 2044/1/2044 2030/1/2030 2033/1/2033 
f 2046/1/2046 2047/1/2047 2045/1/2045 
f 2028/1/2028 2048/1/2048 2049/1/2049 2029/1/2029 
f 2045/1/2045 2048/1/2048 2028/1/2028 2025/1/2025 
f 2048/1/2048 2045/1/2045 2047/1/2047 
f 2049/1/2049 2048/1/2048 2050/1/2050 2051/1/2051 
f 2052/1/2052 2053/1/2053 2047/1/2047 
f 2035/1/2035 2052/1/2052 2046/1/2046 2033/1/2033 
f 2037/1/2037 2054/1/2054 2052/1/2052 2035/1/2035 
f 2055/1/2055 2053/1/2053 2052/1/2052 2054/1/2054 
f 2056/1/2056 2057/1/2057 2058/1/2058 2059/1/2059 
f 2054/1/2054 2058/1/2058 2057/1/2057 2055/1/2055 
f 2058/1/2058 2054/1/2054 2037/1/2037 
f 2059/1/2059 2058/1/2058 2039/1/2039 2041/1/2041 
f 2029/1/2029 2049/1/2049 2060/1/2060 2027/1/2027 
f 2061/1/2061 2060/1/2060 2049/1/2049 2051/1/2051 
f 2062/1/2062 2063/1/2063 2060/1/2060 2061/1/2061 
f 2027/1/2027 2060/1/2060 2063/1/2063 645/1/645 
f 645/1/645 2063/1/2063 2064/1/2064 649/1/649 
f 2065/1/2065 2064/1/2064 2063/1/2063 2062/1/2062 
f 2066/1/2066 2067/1/2067 2064/1/2064 2065/1/2065 
f 649/1/649 2064/1/2064 2067/1/2067 646/1/646 
f 650/1/650 653/1/653 2068/1/2068 2069/1/2069 
f 2068/1/2068 653/1/653 646/1/646 
f 2066/1/2066 2070/1/2070 2068/1/2068 2067/1/2067 
f 2069/1/2069 2068/1/2068 2070/1/2070 2071/1/2071 
f 665/1/665 664/1/664 2072/1/2072 2073/1/2073 
f 2074/1/2074 2072/1/2072 664/1/664 659/1/659 
f 2075/1/2075 2076/1/2076 2072/1/2072 2074/1/2074 
f 2073/1/2073 2072/1/2072 2076/1/2076 2077/1/2077 
f 668/1/668 667/1/667 2078/1/2078 2079/1/2079 
f 2073/1/2073 2078/1/2078 667/1/667 665/1/665 
f 2077/1/2077 2080/1/2080 2078/1/2078 2073/1/2073 
f 2079/1/2079 2078/1/2078 2080/1/2080 2081/1/2081 
f 2082/1/2082 2083/1/2083 2084/1/2084 2085/1/2085 
f 2083/1/2083 2081/1/2081 2080/1/2080 
f 2086/1/2086 2084/1/2084 2080/1/2080 2077/1/2077 
f 2087/1/2087 2085/1/2085 2084/1/2084 2086/1/2086 
f 668/1/668 2079/1/2079 2088/1/2088 671/1/671 
f 2079/1/2079 2081/1/2081 2089/1/2089 
f 2090/1/2090 2091/1/2091 2088/1/2088 2089/1/2089 
f 671/1/671 2088/1/2088 2091/1/2091 672/1/672 
f 2089/1/2089 2092/1/2092 2093/1/2093 2090/1/2090 
f 2081/1/2081 2083/1/2083 2092/1/2092 2089/1/2089 
f 2082/1/2082 2094/1/2094 2092/1/2092 2083/1/2083 
f 2095/1/2095 2093/1/2093 2092/1/2092 2094/1/2094 
f 672/1/672 2091/1/2091 2096/1/2096 675/1/675 
f 2097/1/2097 2096/1/2096 2091/1/2091 2090/1/2090 
f 2098/1/2098 2099/1/2099 2096/1/2096 2097/1/2097 
f 675/1/675 2096/1/2096 2099/1/2099 676/1/676 
f 2090/1/2090 2093/1/2093 2100/1/2100 2097/1/2097 
f 2101/1/2101 2100/1/2100 2093/1/2093 2095/1/2095 
f 2102/1/2102 2103/1/2103 2100/1/2100 2101/1/2101 
f 2097/1/2097 2100/1/2100 2103/1/2103 2098/1/2098 
f 2104/1/2104 679/1/679 676/1/676 
f 2105/1/2105 2104/1/2104 2099/1/2099 2098/1/2098 
f 2106/1/2106 2107/1/2107 2104/1/2104 2105/1/2105 
f 2107/1/2107 680/1/680 679/1/679 
f 657/1/657 656/1/656 2108/1/2108 2109/1/2109 
f 2069/1/2069 2108/1/2108 656/1/656 650/1/650 
f 2071/1/2071 2110/1/2110 2108/1/2108 2069/1/2069 
f 2109/1/2109 2108/1/2108 2110/1/2110 2111/1/2111 
f 659/1/659 658/1/658 2112/1/2112 2074/1/2074 
f 2109/1/2109 2112/1/2112 658/1/658 657/1/657 
f 2111/1/2111 2113/1/2113 2112/1/2112 2109/1/2109 
f 2074/1/2074 2112/1/2112 2113/1/2113 2075/1/2075 
f 2077/1/2077 2076/1/2076 2114/1/2114 2086/1/2086 
f 2115/1/2115 2114/1/2114 2076/1/2076 2075/1/2075 
f 2116/1/2116 2117/1/2117 2114/1/2114 2115/1/2115 
f 2086/1/2086 2114/1/2114 2117/1/2117 2087/1/2087 
f 2118/1/2118 2119/1/2119 2120/1/2120 2121/1/2121 
f 2122/1/2122 2120/1/2120 2119/1/2119 2123/1/2123 
f 2071/1/2071 2070/1/2070 2120/1/2120 2122/1/2122 
f 2121/1/2121 2120/1/2120 2070/1/2070 2066/1/2066 
f 2111/1/2111 2110/1/2110 2124/1/2124 2125/1/2125 
f 2122/1/2122 2124/1/2124 2110/1/2110 2071/1/2071 
f 2123/1/2123 2126/1/2126 2124/1/2124 2122/1/2122 
f 2125/1/2125 2124/1/2124 2126/1/2126 2127/1/2127 
f 2075/1/2075 2113/1/2113 2128/1/2128 2115/1/2115 
f 2125/1/2125 2128/1/2128 2113/1/2113 2111/1/2111 
f 2127/1/2127 2129/1/2129 2128/1/2128 2125/1/2125 
f 2115/1/2115 2128/1/2128 2129/1/2129 2116/1/2116 
f 2062/1/2062 2061/1/2061 2130/1/2130 2131/1/2131 
f 2132/1/2132 2130/1/2130 2061/1/2061 2051/1/2051 
f 2133/1/2133 2134/1/2134 2130/1/2130 2132/1/2132 
f 2131/1/2131 2130/1/2130 2134/1/2134 2135/1/2135 
f 2051/1/2051 2050/1/2050 2136/1/2136 2132/1/2132 
f 2053/1/2053 2136/1/2136 2050/1/2050 2047/1/2047 
f 2137/1/2137 2136/1/2136 2053/1/2053 2055/1/2055 
f 2132/1/2132 2136/1/2136 2137/1/2137 2133/1/2133 
f 2055/1/2055 2057/1/2057 2138/1/2138 2137/1/2137 
f 2139/1/2139 2138/1/2138 2057/1/2057 2056/1/2056 
f 2140/1/2140 2141/1/2141 2138/1/2138 2139/1/2139 
f 2137/1/2137 2138/1/2138 2141/1/2141 2133/1/2133 
f 2133/1/2133 2141/1/2141 2142/1/2142 2134/1/2134 
f 2140/1/2140 2143/1/2143 2142/1/2142 2141/1/2141 
f 2134/1/2134 2142/1/2142 2143/1/2143 2135/1/2135 
f 2062/1/2062 2131/1/2131 2144/1/2144 2065/1/2065 
f 2145/1/2145 2144/1/2144 2131/1/2131 2135/1/2135 
f 2118/1/2118 2121/1/2121 2144/1/2144 2145/1/2145 
f 2065/1/2065 2144/1/2144 2121/1/2121 2066/1/2066 
f 2146/1/2146 2147/1/2147 2148/1/2148 2149/1/2149 
f 894/1/894 2148/1/2148 2147/1/2147 880/1/880 
f 898/1/898 2150/1/2150 2148/1/2148 894/1/894 
f 2149/1/2149 2148/1/2148 2150/1/2150 2151/1/2151 
f 908/1/908 2152/1/2152 2150/1/2150 898/1/898 
f 2153/1/2153 2152/1/2152 908/1/908 912/1/912 
f 2154/1/2154 2155/1/2155 2152/1/2152 2153/1/2153 
f 2155/1/2155 2151/1/2151 2150/1/2150 2152/1/2152 
f 912/1/912 920/1/920 2156/1/2156 2153/1/2153 
f 2157/1/2157 2156/1/2156 920/1/920 924/1/924 
f 2158/1/2158 2159/1/2159 2156/1/2156 2157/1/2157 
f 2153/1/2153 2156/1/2156 2159/1/2159 2154/1/2154 
f 924/1/924 941/1/941 2160/1/2160 2157/1/2157 
f 916/1/916 2161/1/2161 2160/1/2160 941/1/941 
f 2162/1/2162 2160/1/2160 2161/1/2161 2163/1/2163 
f 2157/1/2157 2160/1/2160 2162/1/2162 2158/1/2158 
f 2164/1/2164 2165/1/2165 2166/1/2166 2167/1/2167 
f 879/1/879 2166/1/2166 2165/1/2165 881/1/881 
f 880/1/880 2147/1/2147 2166/1/2166 879/1/879 
f 2167/1/2167 2166/1/2166 2147/1/2147 2146/1/2146 
f 2168/1/2168 2164/1/2164 2167/1/2167 
f 2169/1/2169 2167/1/2167 2146/1/2146 
f 2170/1/2170 2169/1/2169 2171/1/2171 2172/1/2172 
f 2168/1/2168 2169/1/2169 2170/1/2170 2173/1/2173 
f 2172/1/2172 2171/1/2171 2174/1/2174 2175/1/2175 
f 2149/1/2149 2174/1/2174 2171/1/2171 2146/1/2146 
f 2151/1/2151 2176/1/2176 2174/1/2174 2149/1/2149 
f 2175/1/2175 2174/1/2174 2176/1/2176 2177/1/2177 
f 2178/1/2178 2179/1/2179 2180/1/2180 2181/1/2181 
f 2180/1/2180 2179/1/2179 2177/1/2177 2176/1/2176 
f 2155/1/2155 2180/1/2180 2176/1/2176 2151/1/2151 
f 2181/1/2181 2180/1/2180 2155/1/2155 2154/1/2154 
f 2182/1/2182 2183/1/2183 2184/1/2184 2185/1/2185 
f 2181/1/2181 2184/1/2184 2183/1/2183 2178/1/2178 
f 2154/1/2154 2159/1/2159 2184/1/2184 2181/1/2181 
f 2185/1/2185 2184/1/2184 2159/1/2159 2158/1/2158 
f 2186/1/2186 2187/1/2187 2188/1/2188 2189/1/2189 
f 2185/1/2185 2187/1/2187 2186/1/2186 2182/1/2182 
f 2158/1/2158 2162/1/2162 2187/1/2187 2185/1/2185 
f 2163/1/2163 2188/1/2188 2187/1/2187 2162/1/2162 
f 2173/1/2173 2170/1/2170 2190/1/2190 2191/1/2191 
f 2175/1/2175 2190/1/2190 2170/1/2170 2172/1/2172 
f 2177/1/2177 2192/1/2192 2190/1/2190 2175/1/2175 
f 2191/1/2191 2190/1/2190 2192/1/2192 2193/1/2193 
f 2194/1/2194 2195/1/2195 2196/1/2196 2197/1/2197 
f 2192/1/2192 2196/1/2196 2195/1/2195 2193/1/2193 
f 2177/1/2177 2179/1/2179 2196/1/2196 2192/1/2192 
f 2197/1/2197 2196/1/2196 2179/1/2179 2178/1/2178 
f 2198/1/2198 2199/1/2199 2200/1/2200 2201/1/2201 
f 2195/1/2195 2200/1/2200 2199/1/2199 2193/1/2193 
f 2194/1/2194 2201/1/2201 2200/1/2200 2195/1/2195 
f 2202/1/2202 2203/1/2203 2204/1/2204 2205/1/2205 
f 2197/1/2197 2204/1/2204 2203/1/2203 2194/1/2194 
f 2178/1/2178 2183/1/2183 2204/1/2204 2197/1/2197 
f 2205/1/2205 2204/1/2204 2183/1/2183 2182/1/2182 
f 2206/1/2206 2207/1/2207 2208/1/2208 2209/1/2209 
f 2201/1/2201 2208/1/2208 2207/1/2207 2198/1/2198 
f 2194/1/2194 2203/1/2203 2208/1/2208 2201/1/2201 
f 2209/1/2209 2208/1/2208 2203/1/2203 2202/1/2202 
f 2205/1/2205 2210/1/2210 2211/1/2211 2202/1/2202 
f 2182/1/2182 2186/1/2186 2210/1/2210 2205/1/2205 
f 2189/1/2189 2212/1/2212 2210/1/2210 2186/1/2186 
f 2211/1/2211 2210/1/2210 2212/1/2212 2213/1/2213 
f 2214/1/2214 2215/1/2215 2216/1/2216 2217/1/2217 
f 2209/1/2209 2215/1/2215 2214/1/2214 2206/1/2206 
f 2202/1/2202 2211/1/2211 2215/1/2215 2209/1/2209 
f 2213/1/2213 2216/1/2216 2215/1/2215 2211/1/2211 
f 2217/1/2217 2216/1/2216 2218/1/2218 2219/1/2219 
f 2220/1/2220 2218/1/2218 2216/1/2216 2213/1/2213 
f 2221/1/2221 2222/1/2222 2218/1/2218 2220/1/2220 
f 2219/1/2219 2218/1/2218 2222/1/2222 2223/1/2223 
f 2224/1/2224 2225/1/2225 2212/1/2212 2189/1/2189 
f 2226/1/2226 2225/1/2225 2224/1/2224 2227/1/2227 
f 2221/1/2221 2220/1/2220 2225/1/2225 2226/1/2226 
f 2213/1/2213 2212/1/2212 2225/1/2225 2220/1/2220 
f 2223/1/2223 2222/1/2222 2228/1/2228 2229/1/2229 
f 2226/1/2226 2228/1/2228 2222/1/2222 2221/1/2221 
f 2227/1/2227 2230/1/2230 2228/1/2228 2226/1/2226 
f 2229/1/2229 2228/1/2228 2230/1/2230 2231/1/2231 
f 2227/1/2227 2224/1/2224 2232/1/2232 2233/1/2233 
f 2188/1/2188 2232/1/2232 2224/1/2224 2189/1/2189 
f 2234/1/2234 2232/1/2232 2188/1/2188 2163/1/2163 
f 2233/1/2233 2232/1/2232 2234/1/2234 2235/1/2235 
f 2163/1/2163 2161/1/2161 2236/1/2236 2234/1/2234 
f 915/1/915 2236/1/2236 2161/1/2161 916/1/916 
f 802/1/802 2237/1/2237 2236/1/2236 915/1/915 
f 2234/1/2234 2236/1/2236 2237/1/2237 2235/1/2235 
f 2231/1/2231 2230/1/2230 2238/1/2238 2239/1/2239 
f 2233/1/2233 2238/1/2238 2230/1/2230 2227/1/2227 
f 2235/1/2235 2240/1/2240 2238/1/2238 2233/1/2233 
f 2239/1/2239 2238/1/2238 2240/1/2240 2241/1/2241 
f 802/1/802 801/1/801 2242/1/2242 2237/1/2237 
f 2243/1/2243 2242/1/2242 801/1/801 689/1/689 
f 2244/1/2244 2245/1/2245 2242/1/2242 2243/1/2243 
f 2237/1/2237 2242/1/2242 2245/1/2245 2235/1/2235 
f 2246/1/2246 2247/1/2247 2248/1/2248 2249/1/2249 
f 2241/1/2241 2240/1/2240 2248/1/2248 2247/1/2247 
f 2245/1/2245 2248/1/2248 2240/1/2240 2235/1/2235 
f 2249/1/2249 2248/1/2248 2245/1/2245 2244/1/2244 
f 689/1/689 686/1/686 2250/1/2250 2243/1/2243 
f 2251/1/2251 2250/1/2250 686/1/686 685/1/685 
f 2252/1/2252 2253/1/2253 2250/1/2250 2251/1/2251 
f 2243/1/2243 2250/1/2250 2253/1/2253 2244/1/2244 
f 685/1/685 691/1/691 2254/1/2254 2251/1/2251 
f 2107/1/2107 2254/1/2254 691/1/691 680/1/680 
f 2106/1/2106 2255/1/2255 2254/1/2254 2107/1/2107 
f 2251/1/2251 2254/1/2254 2255/1/2255 2252/1/2252 
f 2244/1/2244 2253/1/2253 2256/1/2256 2249/1/2249 
f 2257/1/2257 2256/1/2256 2253/1/2253 2252/1/2252 
f 2258/1/2258 2259/1/2259 2256/1/2256 2257/1/2257 
f 2249/1/2249 2256/1/2256 2259/1/2259 2246/1/2246 
f 2098/1/2098 2103/1/2103 2260/1/2260 2105/1/2105 
f 2261/1/2261 2260/1/2260 2103/1/2103 2102/1/2102 
f 2262/1/2262 2263/1/2263 2260/1/2260 2261/1/2261 
f 2105/1/2105 2260/1/2260 2263/1/2263 2106/1/2106 
f 2252/1/2252 2255/1/2255 2264/1/2264 2257/1/2257 
f 2263/1/2263 2264/1/2264 2255/1/2255 2106/1/2106 
f 2262/1/2262 2265/1/2265 2264/1/2264 2263/1/2263 
f 2257/1/2257 2264/1/2264 2265/1/2265 2258/1/2258 
f 710/1/710 709/1/709 2266/1/2266 2267/1/2267 
f 764/1/764 2266/1/2266 709/1/709 703/1/703 
f 765/1/765 1438/1/1438 2266/1/2266 764/1/764 
f 1438/1/1438 1441/1/1441 2267/1/2267 
f 735/1/735 732/1/732 2268/1/2268 2269/1/2269 
f 732/1/732 711/1/711 708/1/708 
f 2268/1/2268 708/1/708 710/1/710 
f 2269/1/2269 2268/1/2268 2270/1/2270 2271/1/2271 
f 1567/1/1567 1566/1/1566 2272/1/2272 2273/1/2273 
f 2269/1/2269 2272/1/2272 1566/1/1566 735/1/735 
f 2271/1/2271 2274/1/2274 2272/1/2272 2269/1/2269 
f 2273/1/2273 2272/1/2272 2274/1/2274 2275/1/2275 
f 1579/1/1579 1578/1/1578 2276/1/2276 2277/1/2277 
f 2273/1/2273 2276/1/2276 1578/1/1578 1567/1/1567 
f 2275/1/2275 2278/1/2278 2276/1/2276 2273/1/2273 
f 2277/1/2277 2276/1/2276 2278/1/2278 2279/1/2279 
f 1583/1/1583 1582/1/1582 2280/1/2280 2281/1/2281 
f 2277/1/2277 2280/1/2280 1582/1/1582 1579/1/1579 
f 2279/1/2279 2282/1/2282 2280/1/2280 2277/1/2277 
f 2281/1/2281 2280/1/2280 2282/1/2282 2283/1/2283 
f 2284/1/2284 2285/1/2285 2286/1/2286 
f 2287/1/2287 1441/1/1441 1440/1/1440 
f 2284/1/2284 1440/1/1440 1426/1/1426 
f 1443/1/1443 1442/1/1442 2285/1/2285 
f 1442/1/1442 1447/1/1447 2288/1/2288 2285/1/2285 
f 1446/1/1446 2289/1/2289 2288/1/2288 1447/1/1447 
f 2290/1/2290 2291/1/2291 2288/1/2288 2289/1/2289 
f 2285/1/2285 2288/1/2288 2291/1/2291 2286/1/2286 
f 2292/1/2292 2293/1/2293 2271/1/2271 
f 2270/1/2270 710/1/710 2267/1/2267 
f 2292/1/2292 2267/1/2267 1441/1/1441 
f 2294/1/2294 2295/1/2295 2293/1/2293 
f 2293/1/2293 2296/1/2296 2274/1/2274 2271/1/2271 
f 2297/1/2297 2296/1/2296 2293/1/2293 2295/1/2295 
f 2298/1/2298 2299/1/2299 2296/1/2296 2297/1/2297 
f 2275/1/2275 2274/1/2274 2296/1/2296 2299/1/2299 
f 2299/1/2299 2300/1/2300 2278/1/2278 2275/1/2275 
f 2301/1/2301 2300/1/2300 2299/1/2299 2298/1/2298 
f 2302/1/2302 2300/1/2300 2301/1/2301 2303/1/2303 
f 2279/1/2279 2278/1/2278 2300/1/2300 2302/1/2302 
f 2283/1/2283 2282/1/2282 2304/1/2304 2305/1/2305 
f 2302/1/2302 2304/1/2304 2282/1/2282 2279/1/2279 
f 2303/1/2303 2306/1/2306 2304/1/2304 2302/1/2302 
f 2307/1/2307 2305/1/2305 2304/1/2304 2306/1/2306 
f 2308/1/2308 2309/1/2309 2310/1/2310 2311/1/2311 
f 2312/1/2312 2310/1/2310 2309/1/2309 2313/1/2313 
f 2307/1/2307 2314/1/2314 2310/1/2310 2312/1/2312 
f 2311/1/2311 2310/1/2310 2314/1/2314 2315/1/2315 
f 2315/1/2315 2314/1/2314 2316/1/2316 2317/1/2317 
f 2306/1/2306 2316/1/2316 2314/1/2314 2307/1/2307 
f 2303/1/2303 2318/1/2318 2316/1/2316 2306/1/2306 
f 2317/1/2317 2316/1/2316 2318/1/2318 2319/1/2319 
f 2298/1/2298 2320/1/2320 2321/1/2321 2301/1/2301 
f 2322/1/2322 2321/1/2321 2320/1/2320 2323/1/2323 
f 2319/1/2319 2318/1/2318 2321/1/2321 2322/1/2322 
f 2301/1/2301 2321/1/2321 2318/1/2318 2303/1/2303 
f 1453/1/1453 1451/1/1451 2324/1/2324 2325/1/2325 
f 1430/1/1430 2324/1/2324 1451/1/1451 1431/1/1431 
f 798/1/798 2326/1/2326 2324/1/2324 1430/1/1430 
f 2325/1/2325 2324/1/2324 2326/1/2326 2327/1/2327 
f 2290/1/2290 2289/1/2289 2328/1/2328 2329/1/2329 
f 1452/1/1452 2328/1/2328 2289/1/2289 1446/1/1446 
f 1453/1/1453 2325/1/2325 2328/1/2328 1452/1/1452 
f 2329/1/2329 2328/1/2328 2325/1/2325 2327/1/2327 
f 2330/1/2330 2331/1/2331 2327/1/2327 
f 796/1/796 2330/1/2330 2326/1/2326 798/1/798 
f 797/1/797 1455/1/1455 2330/1/2330 796/1/796 
f 2330/1/2330 1455/1/1455 1459/1/1459 
f 2332/1/2332 2333/1/2333 2286/1/2286 
f 2329/1/2329 2332/1/2332 2291/1/2291 2290/1/2290 
f 2332/1/2332 2329/1/2329 2327/1/2327 
f 2334/1/2334 2335/1/2335 2333/1/2333 
f 2336/1/2336 2337/1/2337 2295/1/2295 
f 2294/1/2294 1441/1/1441 2287/1/2287 
f 2336/1/2336 2287/1/2287 2286/1/2286 
f 2333/1/2333 2335/1/2335 2337/1/2337 
f 2323/1/2323 2320/1/2320 2338/1/2338 2339/1/2339 
f 2297/1/2297 2338/1/2338 2320/1/2320 2298/1/2298 
f 2295/1/2295 2337/1/2337 2338/1/2338 2297/1/2297 
f 2337/1/2337 2335/1/2335 2339/1/2339 
f 2335/1/2335 2334/1/2334 2340/1/2340 2341/1/2341 
f 2334/1/2334 2327/1/2327 2331/1/2331 
f 2340/1/2340 2331/1/2331 1459/1/1459 
f 2341/1/2341 2340/1/2340 2342/1/2342 2343/1/2343 
f 2344/1/2344 2345/1/2345 2346/1/2346 2347/1/2347 
f 2344/1/2344 1457/1/1457 1461/1/1461 
f 2345/1/2345 1461/1/1461 1463/1/1463 
f 2346/1/2346 2345/1/2345 1493/1/1493 1492/1/1492 
f 2348/1/2348 2342/1/2342 1459/1/1459 
f 1458/1/1458 1457/1/1457 2344/1/2344 
f 2347/1/2347 2349/1/2349 2348/1/2348 2344/1/2344 
f 2342/1/2342 2348/1/2348 2349/1/2349 2343/1/2343 
f 2350/1/2350 2351/1/2351 2347/1/2347 
f 1499/1/1499 2350/1/2350 2346/1/2346 1492/1/1492 
f 1501/1/1501 2352/1/2352 2350/1/2350 1499/1/1499 
f 2351/1/2351 2350/1/2350 2352/1/2352 2353/1/2353 
f 2353/1/2353 2352/1/2352 2354/1/2354 2355/1/2355 
f 1503/1/1503 2354/1/2354 2352/1/2352 1501/1/1501 
f 1497/1/1497 2356/1/2356 2354/1/2354 1503/1/1503 
f 2355/1/2355 2354/1/2354 2356/1/2356 2357/1/2357 
f 1497/1/1497 1496/1/1496 2358/1/2358 2356/1/2356 
f 1473/1/1473 2358/1/2358 1496/1/1496 1474/1/1474 
f 1423/1/1423 2359/1/2359 2358/1/2358 1473/1/1473 
f 2356/1/2356 2358/1/2358 2359/1/2359 2357/1/2357 
f 1422/1/1422 2360/1/2360 2359/1/2359 1423/1/1423 
f 2361/1/2361 2360/1/2360 1422/1/1422 1419/1/1419 
f 2362/1/2362 2360/1/2360 2361/1/2361 2363/1/2363 
f 2357/1/2357 2359/1/2359 2360/1/2360 2362/1/2362 
f 1419/1/1419 1418/1/1418 2364/1/2364 2361/1/2361 
f 2365/1/2365 2364/1/2364 1418/1/1418 1415/1/1415 
f 2366/1/2366 2367/1/2367 2364/1/2364 2365/1/2365 
f 2363/1/2363 2361/1/2361 2364/1/2364 2367/1/2367 
f 1415/1/1415 1414/1/1414 2368/1/2368 2365/1/2365 
f 1414/1/1414 1411/1/1411 2369/1/2369 
f 2370/1/2370 2371/1/2371 2368/1/2368 2369/1/2369 
f 2365/1/2365 2368/1/2368 2371/1/2371 2366/1/2366 
f 2369/1/2369 2372/1/2372 2373/1/2373 2370/1/2370 
f 1411/1/1411 1409/1/1409 2372/1/2372 2369/1/2369 
f 1406/1/1406 2374/1/2374 2372/1/2372 1409/1/1409 
f 2373/1/2373 2372/1/2372 2374/1/2374 2375/1/2375 
f 2375/1/2375 2374/1/2374 2376/1/2376 2377/1/2377 
f 1405/1/1405 2376/1/2376 2374/1/2374 1406/1/1406 
f 1402/1/1402 2378/1/2378 2376/1/2376 1405/1/1405 
f 2377/1/2377 2376/1/2376 2378/1/2378 2379/1/2379 
f 2379/1/2379 2378/1/2378 2380/1/2380 2381/1/2381 
f 1401/1/1401 2380/1/2380 2378/1/2378 1402/1/1402 
f 2380/1/2380 1401/1/1401 1398/1/1398 
f 2382/1/2382 2383/1/2383 2381/1/2381 
f 2384/1/2384 2385/1/2385 2386/1/2386 2387/1/2387 
f 2385/1/2385 2335/1/2335 2341/1/2341 
f 2343/1/2343 2387/1/2387 2386/1/2386 2341/1/2341 
f 2388/1/2388 2389/1/2389 2390/1/2390 2391/1/2391 
f 2339/1/2339 2390/1/2390 2389/1/2389 2323/1/2323 
f 2335/1/2335 2385/1/2385 2390/1/2390 2339/1/2339 
f 2391/1/2391 2390/1/2390 2385/1/2385 2384/1/2384 
f 2392/1/2392 2393/1/2393 2394/1/2394 2395/1/2395 
f 2322/1/2322 2394/1/2394 2393/1/2393 2319/1/2319 
f 2323/1/2323 2389/1/2389 2394/1/2394 2322/1/2322 
f 2395/1/2395 2394/1/2394 2389/1/2389 2388/1/2388 
f 2396/1/2396 2397/1/2397 2398/1/2398 2399/1/2399 
f 2317/1/2317 2398/1/2398 2397/1/2397 2315/1/2315 
f 2319/1/2319 2393/1/2393 2398/1/2398 2317/1/2317 
f 2399/1/2399 2398/1/2398 2393/1/2393 2392/1/2392 
f 2311/1/2311 2400/1/2400 2401/1/2401 2308/1/2308 
f 2315/1/2315 2397/1/2397 2400/1/2400 2311/1/2311 
f 2402/1/2402 2400/1/2400 2397/1/2397 2396/1/2396 
f 2403/1/2403 2401/1/2401 2400/1/2400 2402/1/2402 
f 2343/1/2343 2349/1/2349 2404/1/2404 2387/1/2387 
f 2349/1/2349 2347/1/2347 2405/1/2405 
f 2405/1/2405 2406/1/2406 2407/1/2407 
f 2407/1/2407 2384/1/2384 2387/1/2387 
f 2408/1/2408 2409/1/2409 2406/1/2406 
f 2405/1/2405 2347/1/2347 2351/1/2351 
f 2353/1/2353 2410/1/2410 2408/1/2408 2351/1/2351 
f 2409/1/2409 2408/1/2408 2410/1/2410 2411/1/2411 
f 2411/1/2411 2410/1/2410 2412/1/2412 2413/1/2413 
f 2355/1/2355 2412/1/2412 2410/1/2410 2353/1/2353 
f 2357/1/2357 2414/1/2414 2412/1/2412 2355/1/2355 
f 2413/1/2413 2412/1/2412 2414/1/2414 2415/1/2415 
f 2415/1/2415 2414/1/2414 2416/1/2416 2417/1/2417 
f 2362/1/2362 2416/1/2416 2414/1/2414 2357/1/2357 
f 2363/1/2363 2418/1/2418 2416/1/2416 2362/1/2362 
f 2417/1/2417 2416/1/2416 2418/1/2418 2419/1/2419 
f 2419/1/2419 2418/1/2418 2420/1/2420 2421/1/2421 
f 2367/1/2367 2420/1/2420 2418/1/2418 2363/1/2363 
f 2422/1/2422 2420/1/2420 2367/1/2367 2366/1/2366 
f 2423/1/2423 2421/1/2421 2420/1/2420 2422/1/2422 
f 2424/1/2424 2425/1/2425 2426/1/2426 2427/1/2427 
f 2422/1/2422 2426/1/2426 2425/1/2425 2423/1/2423 
f 2366/1/2366 2371/1/2371 2426/1/2426 2422/1/2422 
f 2427/1/2427 2426/1/2426 2371/1/2371 2370/1/2370 
f 2428/1/2428 2429/1/2429 2430/1/2430 2431/1/2431 
f 2427/1/2427 2430/1/2430 2429/1/2429 2424/1/2424 
f 2370/1/2370 2373/1/2373 2430/1/2430 2427/1/2427 
f 2431/1/2431 2430/1/2430 2373/1/2373 2375/1/2375 
f 2432/1/2432 2433/1/2433 2434/1/2434 2435/1/2435 
f 2431/1/2431 2434/1/2434 2433/1/2433 2428/1/2428 
f 2375/1/2375 2377/1/2377 2434/1/2434 2431/1/2431 
f 2435/1/2435 2434/1/2434 2377/1/2377 2379/1/2379 
f 2436/1/2436 2437/1/2437 2438/1/2438 2439/1/2439 
f 2435/1/2435 2438/1/2438 2437/1/2437 2432/1/2432 
f 2379/1/2379 2381/1/2381 2438/1/2438 2435/1/2435 
f 2439/1/2439 2438/1/2438 2381/1/2381 2383/1/2383 
f 2440/1/2440 2441/1/2441 2442/1/2442 2443/1/2443 
f 2432/1/2432 2437/1/2437 2441/1/2441 2440/1/2440 
f 2436/1/2436 2444/1/2444 2441/1/2441 2437/1/2437 
f 2442/1/2442 2441/1/2441 2444/1/2444 2445/1/2445 
f 2446/1/2446 2447/1/2447 2448/1/2448 2449/1/2449 
f 2429/1/2429 2448/1/2448 2447/1/2447 2424/1/2424 
f 2450/1/2450 2448/1/2448 2429/1/2429 2428/1/2428 
f 2449/1/2449 2448/1/2448 2450/1/2450 2451/1/2451 
f 2428/1/2428 2433/1/2433 2452/1/2452 2450/1/2450 
f 2440/1/2440 2452/1/2452 2433/1/2433 2432/1/2432 
f 2443/1/2443 2453/1/2453 2452/1/2452 2440/1/2440 
f 2450/1/2450 2452/1/2452 2453/1/2453 2451/1/2451 
f 2454/1/2454 2455/1/2455 2456/1/2456 2457/1/2457 
f 2425/1/2425 2456/1/2456 2455/1/2455 2423/1/2423 
f 2424/1/2424 2447/1/2447 2456/1/2456 2425/1/2425 
f 2457/1/2457 2456/1/2456 2447/1/2447 2446/1/2446 
f 2446/1/2446 2449/1/2449 2458/1/2458 2457/1/2457 
f 2459/1/2459 2458/1/2458 2449/1/2449 2451/1/2451 
f 2460/1/2460 2461/1/2461 2458/1/2458 2459/1/2459 
f 2457/1/2457 2458/1/2458 2461/1/2461 2454/1/2454 
f 2462/1/2462 2463/1/2463 2464/1/2464 2465/1/2465 
f 2421/1/2421 2464/1/2464 2463/1/2463 2419/1/2419 
f 2423/1/2423 2455/1/2455 2464/1/2464 2421/1/2421 
f 2465/1/2465 2464/1/2464 2455/1/2455 2454/1/2454 
f 2454/1/2454 2461/1/2461 2466/1/2466 2465/1/2465 
f 2467/1/2467 2466/1/2466 2461/1/2461 2460/1/2460 
f 2468/1/2468 2469/1/2469 2466/1/2466 2467/1/2467 
f 2465/1/2465 2466/1/2466 2469/1/2469 2462/1/2462 
f 2470/1/2470 2471/1/2471 2472/1/2472 2473/1/2473 
f 2417/1/2417 2472/1/2472 2471/1/2471 2415/1/2415 
f 2419/1/2419 2463/1/2463 2472/1/2472 2417/1/2417 
f 2473/1/2473 2472/1/2472 2463/1/2463 2462/1/2462 
f 2470/1/2470 2473/1/2473 2474/1/2474 2475/1/2475 
f 2469/1/2469 2474/1/2474 2473/1/2473 2462/1/2462 
f 2468/1/2468 2476/1/2476 2474/1/2474 2469/1/2469 
f 2475/1/2475 2474/1/2474 2476/1/2476 2477/1/2477 
f 2415/1/2415 2471/1/2471 2478/1/2478 2413/1/2413 
f 2479/1/2479 2478/1/2478 2471/1/2471 2470/1/2470 
f 2480/1/2480 2481/1/2481 2478/1/2478 2479/1/2479 
f 2413/1/2413 2478/1/2478 2481/1/2481 2411/1/2411 
f 2480/1/2480 2479/1/2479 2482/1/2482 2483/1/2483 
f 2475/1/2475 2482/1/2482 2479/1/2479 2470/1/2470 
f 2477/1/2477 2484/1/2484 2482/1/2482 2475/1/2475 
f 2483/1/2483 2482/1/2482 2484/1/2484 2485/1/2485 
f 2486/1/2486 2487/1/2487 2488/1/2488 
f 2409/1/2409 2486/1/2486 2489/1/2489 2406/1/2406 
f 2411/1/2411 2481/1/2481 2486/1/2486 2409/1/2409 
f 2481/1/2481 2480/1/2480 2487/1/2487 
f 2488/1/2488 2487/1/2487 2490/1/2490 
f 2487/1/2487 2480/1/2480 2483/1/2483 
f 2485/1/2485 2491/1/2491 2490/1/2490 2483/1/2483 
f 2492/1/2492 2490/1/2490 2491/1/2491 2493/1/2493 
f 2494/1/2494 2495/1/2495 2496/1/2496 2497/1/2497 
f 2407/1/2407 2496/1/2496 2495/1/2495 2384/1/2384 
f 2406/1/2406 2489/1/2489 2496/1/2496 2407/1/2407 
f 2497/1/2497 2496/1/2496 2489/1/2489 2488/1/2488 
f 2488/1/2488 2492/1/2492 2498/1/2498 2497/1/2497 
f 2499/1/2499 2498/1/2498 2492/1/2492 2493/1/2493 
f 2500/1/2500 2501/1/2501 2498/1/2498 2499/1/2499 
f 2497/1/2497 2498/1/2498 2501/1/2501 2494/1/2494 
f 2384/1/2384 2495/1/2495 2502/1/2502 2391/1/2391 
f 2503/1/2503 2502/1/2502 2495/1/2495 2494/1/2494 
f 2504/1/2504 2505/1/2505 2502/1/2502 2503/1/2503 
f 2391/1/2391 2502/1/2502 2505/1/2505 2388/1/2388 
f 2506/1/2506 2503/1/2503 2494/1/2494 
f 2507/1/2507 2506/1/2506 2501/1/2501 2500/1/2500 
f 2508/1/2508 2509/1/2509 2506/1/2506 2507/1/2507 
f 2503/1/2503 2506/1/2506 2509/1/2509 2504/1/2504 
f 2388/1/2388 2505/1/2505 2510/1/2510 2395/1/2395 
f 2511/1/2511 2510/1/2510 2505/1/2505 2504/1/2504 
f 2512/1/2512 2513/1/2513 2510/1/2510 2511/1/2511 
f 2395/1/2395 2510/1/2510 2513/1/2513 2392/1/2392 
f 2504/1/2504 2509/1/2509 2514/1/2514 2511/1/2511 
f 2515/1/2515 2514/1/2514 2509/1/2509 2508/1/2508 
f 2516/1/2516 2517/1/2517 2514/1/2514 2515/1/2515 
f 2511/1/2511 2514/1/2514 2517/1/2517 2512/1/2512 
f 2392/1/2392 2513/1/2513 2518/1/2518 2399/1/2399 
f 2519/1/2519 2518/1/2518 2513/1/2513 2512/1/2512 
f 2520/1/2520 2521/1/2521 2518/1/2518 2519/1/2519 
f 2399/1/2399 2518/1/2518 2521/1/2521 2396/1/2396 
f 2512/1/2512 2517/1/2517 2522/1/2522 2519/1/2519 
f 2523/1/2523 2522/1/2522 2517/1/2517 2516/1/2516 
f 2524/1/2524 2525/1/2525 2522/1/2522 2523/1/2523 
f 2519/1/2519 2522/1/2522 2525/1/2525 2520/1/2520 
f 2396/1/2396 2521/1/2521 2526/1/2526 2402/1/2402 
f 2527/1/2527 2526/1/2526 2521/1/2521 2520/1/2520 
f 2528/1/2528 2529/1/2529 2526/1/2526 2527/1/2527 
f 2402/1/2402 2526/1/2526 2529/1/2529 2403/1/2403 
f 2520/1/2520 2525/1/2525 2530/1/2530 2527/1/2527 
f 2531/1/2531 2530/1/2530 2525/1/2525 2524/1/2524 
f 2532/1/2532 2533/1/2533 2530/1/2530 2531/1/2531 
f 2527/1/2527 2530/1/2530 2533/1/2533 2528/1/2528 
f 2283/1/2283 2305/1/2305 2534/1/2534 2535/1/2535 
f 2312/1/2312 2534/1/2534 2305/1/2305 2307/1/2307 
f 2313/1/2313 2536/1/2536 2534/1/2534 2312/1/2312 
f 2535/1/2535 2534/1/2534 2536/1/2536 2537/1/2537 
f 2537/1/2537 2536/1/2536 2538/1/2538 2539/1/2539 
f 2540/1/2540 2538/1/2538 2536/1/2536 2313/1/2313 
f 2541/1/2541 2539/1/2539 2538/1/2538 2540/1/2540 
f 1150/1/1150 1149/1/1149 2542/1/2542 2543/1/2543 
f 2544/1/2544 2542/1/2542 1149/1/1149 1148/1/1148 
f 2545/1/2545 2546/1/2546 2542/1/2542 2544/1/2544 
f 2547/1/2547 2543/1/2543 2542/1/2542 2546/1/2546 
f 2548/1/2548 2549/1/2549 2550/1/2550 2551/1/2551 
f 2552/1/2552 2550/1/2550 2549/1/2549 2553/1/2553 
f 2554/1/2554 2555/1/2555 2550/1/2550 2552/1/2552 
f 2551/1/2551 2550/1/2550 2555/1/2555 2556/1/2556 
f 2557/1/2557 2558/1/2558 2559/1/2559 2560/1/2560 
f 2537/1/2537 2539/1/2539 2558/1/2558 2557/1/2557 
f 2561/1/2561 2558/1/2558 2539/1/2539 2541/1/2541 
f 2562/1/2562 2559/1/2559 2558/1/2558 2561/1/2561 
f 2563/1/2563 2564/1/2564 2565/1/2565 2566/1/2566 
f 2567/1/2567 2565/1/2565 2564/1/2564 2568/1/2568 
f 2560/1/2560 2559/1/2559 2565/1/2565 2567/1/2567 
f 2566/1/2566 2565/1/2565 2559/1/2559 2562/1/2562 
f 2569/1/2569 2570/1/2570 2571/1/2571 2572/1/2572 
f 2573/1/2573 2571/1/2571 2570/1/2570 2574/1/2574 
f 2568/1/2568 2564/1/2564 2571/1/2571 2573/1/2573 
f 2572/1/2572 2571/1/2571 2564/1/2564 2563/1/2563 
f 2574/1/2574 2570/1/2570 2575/1/2575 2576/1/2576 
f 2577/1/2577 2575/1/2575 2570/1/2570 2569/1/2569 
f 2578/1/2578 2579/1/2579 2575/1/2575 2577/1/2577 
f 2576/1/2576 2575/1/2575 2579/1/2579 2580/1/2580 
f 2580/1/2580 2579/1/2579 2581/1/2581 2582/1/2582 
f 2583/1/2583 2581/1/2581 2579/1/2579 2578/1/2578 
f 2581/1/2581 2583/1/2583 2553/1/2553 
f 2582/1/2582 2581/1/2581 2549/1/2549 2548/1/2548 
f 2584/1/2584 2548/1/2548 2551/1/2551 
f 2556/1/2556 2585/1/2585 2586/1/2586 2551/1/2551 
f 2587/1/2587 2586/1/2586 2585/1/2585 2588/1/2588 
f 2589/1/2589 2584/1/2584 2586/1/2586 2587/1/2587 
f 2590/1/2590 2591/1/2591 2592/1/2592 2593/1/2593 
f 2594/1/2594 2592/1/2592 2591/1/2591 2595/1/2595 
f 2596/1/2596 2597/1/2597 2592/1/2592 2594/1/2594 
f 2593/1/2593 2592/1/2592 2597/1/2597 2598/1/2598 
f 2546/1/2546 2599/1/2599 2600/1/2600 2547/1/2547 
f 2601/1/2601 2599/1/2599 2546/1/2546 2545/1/2545 
f 2589/1/2589 2587/1/2587 2599/1/2599 2601/1/2601 
f 2588/1/2588 2600/1/2600 2599/1/2599 2587/1/2587 
f 2545/1/2545 2602/1/2602 2603/1/2603 2601/1/2601 
f 2604/1/2604 2603/1/2603 2602/1/2602 2605/1/2605 
f 2606/1/2606 2607/1/2607 2603/1/2603 2604/1/2604 
f 2601/1/2601 2603/1/2603 2607/1/2607 2589/1/2589 
f 2589/1/2589 2607/1/2607 2608/1/2608 2584/1/2584 
f 2609/1/2609 2608/1/2608 2607/1/2607 2606/1/2606 
f 2582/1/2582 2608/1/2608 2609/1/2609 2580/1/2580 
f 2548/1/2548 2584/1/2584 2608/1/2608 2582/1/2582 
f 2605/1/2605 2610/1/2610 2611/1/2611 2604/1/2604 
f 2591/1/2591 2611/1/2611 2610/1/2610 2595/1/2595 
f 2612/1/2612 2611/1/2611 2591/1/2591 2590/1/2590 
f 2604/1/2604 2611/1/2611 2612/1/2612 2606/1/2606 
f 2598/1/2598 2613/1/2613 2614/1/2614 2593/1/2593 
f 2573/1/2573 2614/1/2614 2613/1/2613 2568/1/2568 
f 2574/1/2574 2615/1/2615 2614/1/2614 2573/1/2573 
f 2593/1/2593 2614/1/2614 2615/1/2615 2590/1/2590 
f 2576/1/2576 2616/1/2616 2615/1/2615 2574/1/2574 
f 2580/1/2580 2609/1/2609 2616/1/2616 2576/1/2576 
f 2606/1/2606 2612/1/2612 2616/1/2616 2609/1/2609 
f 2590/1/2590 2615/1/2615 2616/1/2616 2612/1/2612 
f 2617/1/2617 2618/1/2618 2619/1/2619 2620/1/2620 
f 2281/1/2281 2619/1/2619 2618/1/2618 1583/1/1583 
f 2283/1/2283 2535/1/2535 2619/1/2619 2281/1/2281 
f 2537/1/2537 2620/1/2620 2619/1/2619 2535/1/2535 
f 2596/1/2596 2594/1/2594 2621/1/2621 2622/1/2622 
f 2595/1/2595 2623/1/2623 2621/1/2621 2594/1/2594 
f 2624/1/2624 2621/1/2621 2623/1/2623 2625/1/2625 
f 2622/1/2622 2621/1/2621 2624/1/2624 2626/1/2626 
f 2627/1/2627 2628/1/2628 2629/1/2629 2630/1/2630 
f 2627/1/2627 1526/1/1526 1537/1/1537 
f 1539/1/1539 2631/1/2631 2628/1/2628 1537/1/1537 
f 2631/1/2631 2632/1/2632 2629/1/2629 
f 1512/1/1512 1527/1/1527 2633/1/2633 2634/1/2634 
f 2627/1/2627 2633/1/2633 1527/1/1527 1526/1/1526 
f 2635/1/2635 2633/1/2633 2627/1/2627 2630/1/2630 
f 2634/1/2634 2633/1/2633 2635/1/2635 2636/1/2636 
f 230/1/230 1513/1/1513 2637/1/2637 238/1/238 
f 2634/1/2634 2637/1/2637 1513/1/1513 1512/1/1512 
f 2636/1/2636 2638/1/2638 2637/1/2637 2634/1/2634 
f 238/1/238 2637/1/2637 2638/1/2638 239/1/239 
f 239/1/239 2638/1/2638 2639/1/2639 2640/1/2640 
f 2641/1/2641 2639/1/2639 2638/1/2638 2636/1/2636 
f 2642/1/2642 2643/1/2643 2639/1/2639 2641/1/2641 
f 2640/1/2640 2639/1/2639 2643/1/2643 2644/1/2644 
f 2636/1/2636 2635/1/2635 2645/1/2645 2641/1/2641 
f 2635/1/2635 2630/1/2630 2646/1/2646 
f 2647/1/2647 2648/1/2648 2645/1/2645 2646/1/2646 
f 2641/1/2641 2645/1/2645 2648/1/2648 2642/1/2642 
f 2647/1/2647 2646/1/2646 2649/1/2649 2650/1/2650 
f 2651/1/2651 2649/1/2649 2646/1/2646 2630/1/2630 
f 2652/1/2652 2653/1/2653 2649/1/2649 2651/1/2651 
f 2650/1/2650 2649/1/2649 2653/1/2653 2654/1/2654 
f 2655/1/2655 2656/1/2656 2653/1/2653 2652/1/2652 
f 2657/1/2657 2656/1/2656 2655/1/2655 2626/1/2626 
f 2658/1/2658 2656/1/2656 2657/1/2657 2659/1/2659 
f 2654/1/2654 2653/1/2653 2656/1/2656 2658/1/2658 
f 2625/1/2625 2660/1/2660 2661/1/2661 2624/1/2624 
f 2662/1/2662 2661/1/2661 2660/1/2660 2663/1/2663 
f 2659/1/2659 2657/1/2657 2661/1/2661 2662/1/2662 
f 2624/1/2624 2661/1/2661 2657/1/2657 2626/1/2626 
f 1055/1/1055 1054/1/1054 2664/1/2664 2665/1/2665 
f 2666/1/2666 2664/1/2664 1054/1/1054 1015/1/1015 
f 2667/1/2667 2668/1/2668 2664/1/2664 2666/1/2666 
f 2665/1/2665 2664/1/2664 2668/1/2668 2663/1/2663 
f 2669/1/2669 2670/1/2670 2671/1/2671 2672/1/2672 
f 2662/1/2662 2671/1/2671 2670/1/2670 2659/1/2659 
f 2663/1/2663 2668/1/2668 2671/1/2671 2662/1/2662 
f 2668/1/2668 2667/1/2667 2672/1/2672 
f 2673/1/2673 2674/1/2674 2675/1/2675 2676/1/2676 
f 1581/1/1581 2675/1/2675 2674/1/2674 1575/1/1575 
f 1583/1/1583 2618/1/2618 2675/1/2675 1581/1/1581 
f 2676/1/2676 2675/1/2675 2618/1/2618 2617/1/2617 
f 2560/1/2560 2677/1/2677 2678/1/2678 2557/1/2557 
f 2679/1/2679 2678/1/2678 2677/1/2677 2680/1/2680 
f 2620/1/2620 2678/1/2678 2679/1/2679 2617/1/2617 
f 2557/1/2557 2678/1/2678 2620/1/2620 2537/1/2537 
f 2568/1/2568 2613/1/2613 2681/1/2681 2567/1/2567 
f 2682/1/2682 2681/1/2681 2613/1/2613 2598/1/2598 
f 2680/1/2680 2677/1/2677 2681/1/2681 2682/1/2682 
f 2567/1/2567 2681/1/2681 2677/1/2677 2560/1/2560 
f 2683/1/2683 2684/1/2684 2685/1/2685 2686/1/2686 
f 2676/1/2676 2685/1/2685 2684/1/2684 2673/1/2673 
f 2617/1/2617 2679/1/2679 2685/1/2685 2676/1/2676 
f 2686/1/2686 2685/1/2685 2679/1/2679 2680/1/2680 
f 2687/1/2687 2688/1/2688 2597/1/2597 2596/1/2596 
f 2689/1/2689 2688/1/2688 2687/1/2687 2690/1/2690 
f 2682/1/2682 2688/1/2688 2689/1/2689 2680/1/2680 
f 2598/1/2598 2597/1/2597 2688/1/2688 2682/1/2682 
f 2652/1/2652 2651/1/2651 2691/1/2691 2692/1/2692 
f 2630/1/2630 2629/1/2629 2691/1/2691 2651/1/2651 
f 2632/1/2632 2693/1/2693 2691/1/2691 2629/1/2629 
f 2692/1/2692 2691/1/2691 2693/1/2693 2690/1/2690 
f 2626/1/2626 2655/1/2655 2694/1/2694 2622/1/2622 
f 2692/1/2692 2694/1/2694 2655/1/2655 2652/1/2652 
f 2690/1/2690 2687/1/2687 2694/1/2694 2692/1/2692 
f 2622/1/2622 2694/1/2694 2687/1/2687 2596/1/2596 
f 2695/1/2695 2696/1/2696 2632/1/2632 
f 1549/1/1549 2695/1/2695 2631/1/2631 1539/1/1539 
f 1551/1/1551 2697/1/2697 2695/1/2695 1549/1/1549 
f 2696/1/2696 2695/1/2695 2697/1/2697 2698/1/2698 
f 2698/1/2698 2697/1/2697 2699/1/2699 2700/1/2700 
f 1562/1/1562 2699/1/2699 2697/1/2697 1551/1/1551 
f 1563/1/1563 2701/1/2701 2699/1/2699 1562/1/1562 
f 2700/1/2700 2699/1/2699 2701/1/2701 2702/1/2702 
f 2703/1/2703 2704/1/2704 2702/1/2702 
f 1573/1/1573 2703/1/2703 2701/1/2701 1563/1/1563 
f 2703/1/2703 1573/1/1573 1575/1/1575 
f 2704/1/2704 2703/1/2703 2674/1/2674 2673/1/2673 
f 2705/1/2705 2706/1/2706 2707/1/2707 2708/1/2708 
f 2698/1/2698 2700/1/2700 2706/1/2706 2705/1/2705 
f 2702/1/2702 2707/1/2707 2706/1/2706 2700/1/2700 
f 2673/1/2673 2684/1/2684 2709/1/2709 2704/1/2704 
f 2710/1/2710 2709/1/2709 2684/1/2684 2683/1/2683 
f 2708/1/2708 2707/1/2707 2709/1/2709 2710/1/2710 
f 2704/1/2704 2709/1/2709 2707/1/2707 2702/1/2702 
f 2683/1/2683 2686/1/2686 2711/1/2711 2710/1/2710 
f 2689/1/2689 2711/1/2711 2686/1/2686 2680/1/2680 
f 2690/1/2690 2712/1/2712 2711/1/2711 2689/1/2689 
f 2710/1/2710 2711/1/2711 2712/1/2712 2708/1/2708 
f 2708/1/2708 2712/1/2712 2713/1/2713 2705/1/2705 
f 2693/1/2693 2713/1/2713 2712/1/2712 2690/1/2690 
f 2696/1/2696 2713/1/2713 2693/1/2693 2632/1/2632 
f 2705/1/2705 2713/1/2713 2696/1/2696 2698/1/2698 
f 335/1/335 334/1/334 2714/1/2714 2715/1/2715 
f 297/1/297 2714/1/2714 334/1/334 295/1/295 
f 299/1/299 2716/1/2716 2714/1/2714 297/1/297 
f 2715/1/2715 2714/1/2714 2716/1/2716 2717/1/2717 
f 375/1/375 374/1/374 2718/1/2718 2719/1/2719 
f 2715/1/2715 2718/1/2718 374/1/374 335/1/335 
f 2717/1/2717 2720/1/2720 2718/1/2718 2715/1/2715 
f 2719/1/2719 2718/1/2718 2720/1/2720 2721/1/2721 
f 2722/1/2722 2723/1/2723 2724/1/2724 2725/1/2725 
f 1011/1/1011 2724/1/2724 2723/1/2723 1008/1/1008 
f 375/1/375 2719/1/2719 2724/1/2724 1011/1/1011 
f 2725/1/2725 2724/1/2724 2719/1/2719 2721/1/2721 
f 2726/1/2726 2727/1/2727 2728/1/2728 2729/1/2729 
f 1016/1/1016 2728/1/2728 2727/1/2727 1017/1/1017 
f 1008/1/1008 2723/1/2723 2728/1/2728 1016/1/1016 
f 2729/1/2729 2728/1/2728 2723/1/2723 2722/1/2722 
f 2730/1/2730 2731/1/2731 2732/1/2732 
f 2731/1/2731 2654/1/2654 2658/1/2658 
f 2732/1/2732 2658/1/2658 2659/1/2659 
f 2669/1/2669 2733/1/2733 2732/1/2732 2670/1/2670 
f 2734/1/2734 2735/1/2735 2736/1/2736 2737/1/2737 
f 2650/1/2650 2736/1/2736 2735/1/2735 2647/1/2647 
f 2736/1/2736 2650/1/2650 2654/1/2654 
f 2731/1/2731 2730/1/2730 2737/1/2737 
f 2738/1/2738 2739/1/2739 2740/1/2740 2741/1/2741 
f 2666/1/2666 2740/1/2740 2739/1/2739 2667/1/2667 
f 1015/1/1015 1014/1/1014 2740/1/2740 2666/1/2666 
f 2741/1/2741 2740/1/2740 1014/1/1014 1017/1/1017 
f 2730/1/2730 2733/1/2733 2742/1/2742 2743/1/2743 
f 2672/1/2672 2742/1/2742 2733/1/2733 2669/1/2669 
f 2667/1/2667 2739/1/2739 2742/1/2742 2672/1/2672 
f 2743/1/2743 2742/1/2742 2739/1/2739 2738/1/2738 
f 2744/1/2744 2745/1/2745 2746/1/2746 2747/1/2747 
f 2741/1/2741 2746/1/2746 2745/1/2745 2738/1/2738 
f 1017/1/1017 2727/1/2727 2746/1/2746 2741/1/2741 
f 2747/1/2747 2746/1/2746 2727/1/2727 2726/1/2726 
f 2642/1/2642 2648/1/2648 2748/1/2748 2749/1/2749 
f 2735/1/2735 2748/1/2748 2648/1/2648 2647/1/2647 
f 2734/1/2734 2750/1/2750 2748/1/2748 2735/1/2735 
f 2749/1/2749 2748/1/2748 2750/1/2750 2751/1/2751 
f 2752/1/2752 2753/1/2753 2734/1/2734 
f 2737/1/2737 2730/1/2730 2743/1/2743 
f 2738/1/2738 2754/1/2754 2752/1/2752 2743/1/2743 
f 2753/1/2753 2752/1/2752 2754/1/2754 2755/1/2755 
f 2755/1/2755 2754/1/2754 2756/1/2756 2757/1/2757 
f 2745/1/2745 2756/1/2756 2754/1/2754 2738/1/2738 
f 2758/1/2758 2756/1/2756 2745/1/2745 2744/1/2744 
f 2759/1/2759 2757/1/2757 2756/1/2756 2758/1/2758 
f 2749/1/2749 2760/1/2760 2643/1/2643 2642/1/2642 
f 2751/1/2751 2761/1/2761 2760/1/2760 2749/1/2749 
f 2643/1/2643 2760/1/2760 2761/1/2761 2644/1/2644 
f 2753/1/2753 2762/1/2762 2750/1/2750 2734/1/2734 
f 2755/1/2755 2763/1/2763 2762/1/2762 2753/1/2753 
f 2764/1/2764 2762/1/2762 2763/1/2763 2765/1/2765 
f 2751/1/2751 2750/1/2750 2762/1/2762 2764/1/2764 
f 2765/1/2765 2763/1/2763 2766/1/2766 2767/1/2767 
f 2757/1/2757 2766/1/2766 2763/1/2763 2755/1/2755 
f 2768/1/2768 2766/1/2766 2757/1/2757 2759/1/2759 
f 2767/1/2767 2766/1/2766 2768/1/2768 2769/1/2769 
f 2770/1/2770 2771/1/2771 2772/1/2772 2773/1/2773 
f 2774/1/2774 2772/1/2772 2771/1/2771 2775/1/2775 
f 299/1/299 298/1/298 2772/1/2772 2774/1/2774 
f 2773/1/2773 2772/1/2772 298/1/298 241/1/241 
f 241/1/241 240/1/240 2776/1/2776 2773/1/2773 
f 2640/1/2640 2776/1/2776 240/1/240 239/1/239 
f 2644/1/2644 2777/1/2777 2776/1/2776 2640/1/2640 
f 2773/1/2773 2776/1/2776 2777/1/2777 2770/1/2770 
f 2644/1/2644 2761/1/2761 2778/1/2778 2779/1/2779 
f 2764/1/2764 2778/1/2778 2761/1/2761 2751/1/2751 
f 2765/1/2765 2780/1/2780 2778/1/2778 2764/1/2764 
f 2779/1/2779 2778/1/2778 2780/1/2780 2781/1/2781 
f 2781/1/2781 2780/1/2780 2782/1/2782 2783/1/2783 
f 2767/1/2767 2782/1/2782 2780/1/2780 2765/1/2765 
f 2769/1/2769 2784/1/2784 2782/1/2782 2767/1/2767 
f 2783/1/2783 2782/1/2782 2784/1/2784 2785/1/2785 
f 2717/1/2717 2716/1/2716 2786/1/2786 2787/1/2787 
f 2774/1/2774 2786/1/2786 2716/1/2716 299/1/299 
f 2775/1/2775 2788/1/2788 2786/1/2786 2774/1/2774 
f 2787/1/2787 2786/1/2786 2788/1/2788 2789/1/2789 
f 2770/1/2770 2777/1/2777 2790/1/2790 2791/1/2791 
f 2779/1/2779 2790/1/2790 2777/1/2777 2644/1/2644 
f 2781/1/2781 2792/1/2792 2790/1/2790 2779/1/2779 
f 2791/1/2791 2790/1/2790 2792/1/2792 2793/1/2793 
f 2775/1/2775 2771/1/2771 2794/1/2794 2788/1/2788 
f 2791/1/2791 2794/1/2794 2771/1/2771 2770/1/2770 
f 2793/1/2793 2795/1/2795 2794/1/2794 2791/1/2791 
f 2788/1/2788 2794/1/2794 2795/1/2795 2789/1/2789 
f 2793/1/2793 2792/1/2792 2796/1/2796 2797/1/2797 
f 2783/1/2783 2796/1/2796 2792/1/2792 2781/1/2781 
f 2785/1/2785 2798/1/2798 2796/1/2796 2783/1/2783 
f 2797/1/2797 2796/1/2796 2798/1/2798 2799/1/2799 
f 2789/1/2789 2795/1/2795 2800/1/2800 2801/1/2801 
f 2797/1/2797 2800/1/2800 2795/1/2795 2793/1/2793 
f 2799/1/2799 2802/1/2802 2800/1/2800 2797/1/2797 
f 2801/1/2801 2800/1/2800 2802/1/2802 2803/1/2803 
f 2721/1/2721 2720/1/2720 2804/1/2804 2805/1/2805 
f 2787/1/2787 2804/1/2804 2720/1/2720 2717/1/2717 
f 2789/1/2789 2806/1/2806 2804/1/2804 2787/1/2787 
f 2805/1/2805 2804/1/2804 2806/1/2806 2807/1/2807 
f 2805/1/2805 2808/1/2808 2725/1/2725 2721/1/2721 
f 2807/1/2807 2809/1/2809 2808/1/2808 2805/1/2805 
f 2810/1/2810 2811/1/2811 2808/1/2808 2809/1/2809 
f 2725/1/2725 2808/1/2808 2811/1/2811 2722/1/2722 
f 2807/1/2807 2806/1/2806 2812/1/2812 2813/1/2813 
f 2801/1/2801 2812/1/2812 2806/1/2806 2789/1/2789 
f 2803/1/2803 2814/1/2814 2812/1/2812 2801/1/2801 
f 2813/1/2813 2812/1/2812 2814/1/2814 2815/1/2815 
f 2722/1/2722 2811/1/2811 2816/1/2816 2729/1/2729 
f 2817/1/2817 2816/1/2816 2811/1/2811 2810/1/2810 
f 2818/1/2818 2819/1/2819 2816/1/2816 2817/1/2817 
f 2729/1/2729 2816/1/2816 2819/1/2819 2726/1/2726 
f 2809/1/2809 2820/1/2820 2821/1/2821 2810/1/2810 
f 2813/1/2813 2820/1/2820 2809/1/2809 2807/1/2807 
f 2815/1/2815 2822/1/2822 2820/1/2820 2813/1/2813 
f 2823/1/2823 2821/1/2821 2820/1/2820 2822/1/2822 
f 2726/1/2726 2819/1/2819 2824/1/2824 2747/1/2747 
f 2825/1/2825 2824/1/2824 2819/1/2819 2818/1/2818 
f 2826/1/2826 2827/1/2827 2824/1/2824 2825/1/2825 
f 2747/1/2747 2824/1/2824 2827/1/2827 2744/1/2744 
f 2828/1/2828 2829/1/2829 2830/1/2830 2831/1/2831 
f 2817/1/2817 2830/1/2830 2829/1/2829 2818/1/2818 
f 2810/1/2810 2821/1/2821 2830/1/2830 2817/1/2817 
f 2831/1/2831 2830/1/2830 2821/1/2821 2823/1/2823 
f 2832/1/2832 2833/1/2833 2834/1/2834 2835/1/2835 
f 2758/1/2758 2834/1/2834 2833/1/2833 2759/1/2759 
f 2744/1/2744 2827/1/2827 2834/1/2834 2758/1/2758 
f 2835/1/2835 2834/1/2834 2827/1/2827 2826/1/2826 
f 2836/1/2836 2837/1/2837 2838/1/2838 2839/1/2839 
f 2769/1/2769 2768/1/2768 2838/1/2838 2837/1/2837 
f 2759/1/2759 2833/1/2833 2838/1/2838 2768/1/2768 
f 2839/1/2839 2838/1/2838 2833/1/2833 2832/1/2832 
f 2818/1/2818 2829/1/2829 2840/1/2840 2825/1/2825 
f 2841/1/2841 2840/1/2840 2829/1/2829 2828/1/2828 
f 2842/1/2842 2843/1/2843 2840/1/2840 2841/1/2841 
f 2825/1/2825 2840/1/2840 2843/1/2843 2826/1/2826 
f 2785/1/2785 2784/1/2784 2844/1/2844 2845/1/2845 
f 2837/1/2837 2844/1/2844 2784/1/2784 2769/1/2769 
f 2836/1/2836 2846/1/2846 2844/1/2844 2837/1/2837 
f 2845/1/2845 2844/1/2844 2846/1/2846 2847/1/2847 
f 2848/1/2848 2849/1/2849 2850/1/2850 
f 2835/1/2835 2848/1/2848 2851/1/2851 2832/1/2832 
f 2826/1/2826 2843/1/2843 2848/1/2848 2835/1/2835 
f 2849/1/2849 2848/1/2848 2843/1/2843 2842/1/2842 
f 2847/1/2847 2846/1/2846 2852/1/2852 2853/1/2853 
f 2839/1/2839 2852/1/2852 2846/1/2846 2836/1/2836 
f 2832/1/2832 2851/1/2851 2852/1/2852 2839/1/2839 
f 2853/1/2853 2852/1/2852 2851/1/2851 2850/1/2850 
f 2799/1/2799 2798/1/2798 2854/1/2854 2855/1/2855 
f 2845/1/2845 2854/1/2854 2798/1/2798 2785/1/2785 
f 2847/1/2847 2856/1/2856 2854/1/2854 2845/1/2845 
f 2855/1/2855 2854/1/2854 2856/1/2856 2857/1/2857 
f 2803/1/2803 2802/1/2802 2858/1/2858 2859/1/2859 
f 2855/1/2855 2858/1/2858 2802/1/2802 2799/1/2799 
f 2857/1/2857 2860/1/2860 2858/1/2858 2855/1/2855 
f 2859/1/2859 2858/1/2858 2860/1/2860 2861/1/2861 
f 2857/1/2857 2856/1/2856 2862/1/2862 2863/1/2863 
f 2853/1/2853 2862/1/2862 2856/1/2856 2847/1/2847 
f 2863/1/2863 2862/1/2862 2853/1/2853 2850/1/2850 
f 2861/1/2861 2860/1/2860 2864/1/2864 2865/1/2865 
f 2863/1/2863 2864/1/2864 2860/1/2860 2857/1/2857 
f 2850/1/2850 2866/1/2866 2864/1/2864 2863/1/2863 
f 2865/1/2865 2864/1/2864 2866/1/2866 2867/1/2867 
f 2849/1/2849 2868/1/2868 2866/1/2866 2850/1/2850 
f 2869/1/2869 2868/1/2868 2849/1/2849 2842/1/2842 
f 2870/1/2870 2871/1/2871 2868/1/2868 2869/1/2869 
f 2867/1/2867 2866/1/2866 2868/1/2868 2871/1/2871 
f 2871/1/2871 2872/1/2872 2873/1/2873 2867/1/2867 
f 2874/1/2874 2872/1/2872 2871/1/2871 2870/1/2870 
f 2875/1/2875 2876/1/2876 2872/1/2872 2874/1/2874 
f 2877/1/2877 2873/1/2873 2872/1/2872 2876/1/2876 
f 2842/1/2842 2841/1/2841 2878/1/2878 2869/1/2869 
f 2828/1/2828 2879/1/2879 2878/1/2878 2841/1/2841 
f 2880/1/2880 2878/1/2878 2879/1/2879 2881/1/2881 
f 2869/1/2869 2878/1/2878 2880/1/2880 2870/1/2870 
f 2881/1/2881 2879/1/2879 2882/1/2882 2883/1/2883 
f 2831/1/2831 2882/1/2882 2879/1/2879 2828/1/2828 
f 2823/1/2823 2884/1/2884 2882/1/2882 2831/1/2831 
f 2883/1/2883 2882/1/2882 2884/1/2884 2885/1/2885 
f 2886/1/2886 2887/1/2887 2888/1/2888 
f 2865/1/2865 2886/1/2886 2889/1/2889 2861/1/2861 
f 2867/1/2867 2873/1/2873 2886/1/2886 2865/1/2865 
f 2877/1/2877 2887/1/2887 2886/1/2886 
f 2815/1/2815 2814/1/2814 2890/1/2890 2891/1/2891 
f 2859/1/2859 2890/1/2890 2814/1/2814 2803/1/2803 
f 2861/1/2861 2889/1/2889 2890/1/2890 2859/1/2859 
f 2891/1/2891 2890/1/2890 2889/1/2889 2888/1/2888 
f 2885/1/2885 2884/1/2884 2892/1/2892 2893/1/2893 
f 2822/1/2822 2892/1/2892 2884/1/2884 2823/1/2823 
f 2891/1/2891 2892/1/2892 2822/1/2822 2815/1/2815 
f 2888/1/2888 2893/1/2893 2892/1/2892 2891/1/2891 
f 2894/1/2894 2895/1/2895 2896/1/2896 
f 2883/1/2883 2894/1/2894 2897/1/2897 2881/1/2881 
f 2885/1/2885 2893/1/2893 2894/1/2894 2883/1/2883 
f 2893/1/2893 2888/1/2888 2895/1/2895 
f 2877/1/2877 2876/1/2876 2898/1/2898 2887/1/2887 
f 2899/1/2899 2898/1/2898 2876/1/2876 2875/1/2875 
f 2895/1/2895 2898/1/2898 2899/1/2899 2896/1/2896 
f 2887/1/2887 2898/1/2898 2895/1/2895 2888/1/2888 
f 2875/1/2875 2874/1/2874 2900/1/2900 2899/1/2899 
f 2880/1/2880 2900/1/2900 2874/1/2874 2870/1/2870 
f 2881/1/2881 2897/1/2897 2900/1/2900 2880/1/2880 
f 2896/1/2896 2899/1/2899 2900/1/2900 2897/1/2897 
f 2901/1/2901 2902/1/2902 2903/1/2903 
f 1086/1/1086 2901/1/2901 2904/1/2904 1087/1/1087 
f 1068/1/1068 1073/1/1073 2901/1/2901 1086/1/1086 
f 2902/1/2902 2901/1/2901 1073/1/1073 1072/1/1072 
f 1170/1/1170 1173/1/1173 2905/1/2905 2906/1/2906 
f 1167/1/1167 1166/1/1166 2905/1/2905 1173/1/1173 
f 2904/1/2904 2905/1/2905 1166/1/1166 1087/1/1087 
f 2906/1/2906 2905/1/2905 2904/1/2904 2903/1/2903 
f 1177/1/1177 1176/1/1176 2907/1/2907 2908/1/2908 
f 2906/1/2906 2907/1/2907 1176/1/1176 1170/1/1170 
f 2906/1/2906 2903/1/2903 2909/1/2909 
f 2908/1/2908 2907/1/2907 2909/1/2909 2910/1/2910 
f 1032/1/1032 1037/1/1037 2911/1/2911 1071/1/1071 
f 2912/1/2912 2911/1/2911 1037/1/1037 1036/1/1036 
f 2913/1/2913 2914/1/2914 2911/1/2911 2912/1/2912 
f 1071/1/1071 2911/1/2911 2914/1/2914 1072/1/1072 
f 1072/1/1072 2914/1/2914 2915/1/2915 2902/1/2902 
f 2916/1/2916 2915/1/2915 2914/1/2914 2913/1/2913 
f 2917/1/2917 2918/1/2918 2915/1/2915 2916/1/2916 
f 2902/1/2902 2915/1/2915 2918/1/2918 2903/1/2903 
f 2910/1/2910 2909/1/2909 2919/1/2919 2920/1/2920 
f 2919/1/2919 2909/1/2909 2903/1/2903 
f 2920/1/2920 2919/1/2919 2918/1/2918 2917/1/2917 
f 1036/1/1036 1041/1/1041 2921/1/2921 2912/1/2912 
f 2922/1/2922 2921/1/2921 1041/1/1041 1040/1/1040 
f 2923/1/2923 2924/1/2924 2921/1/2921 2922/1/2922 
f 2912/1/2912 2921/1/2921 2924/1/2924 2913/1/2913 
f 1177/1/1177 2908/1/2908 2925/1/2925 1181/1/1181 
f 2910/1/2910 2926/1/2926 2925/1/2925 2908/1/2908 
f 2927/1/2927 2928/1/2928 2925/1/2925 2926/1/2926 
f 1181/1/1181 2925/1/2925 2928/1/2928 1178/1/1178 
f 2913/1/2913 2924/1/2924 2929/1/2929 2916/1/2916 
f 2924/1/2924 2923/1/2923 2930/1/2930 
f 2931/1/2931 2932/1/2932 2929/1/2929 2930/1/2930 
f 2916/1/2916 2929/1/2929 2932/1/2932 2917/1/2917 
f 2927/1/2927 2926/1/2926 2933/1/2933 2934/1/2934 
f 2920/1/2920 2933/1/2933 2926/1/2926 2910/1/2910 
f 2917/1/2917 2932/1/2932 2933/1/2933 2920/1/2920 
f 2934/1/2934 2933/1/2933 2932/1/2932 2931/1/2931 
f 2922/1/2922 2935/1/2935 2936/1/2936 2923/1/2923 
f 2922/1/2922 1040/1/1040 1045/1/1045 2935/1/2935 
f 1047/1/1047 2937/1/2937 2935/1/2935 1045/1/1045 
f 2937/1/2937 2938/1/2938 2936/1/2936 
f 1178/1/1178 2928/1/2928 2939/1/2939 1185/1/1185 
f 2940/1/2940 2939/1/2939 2928/1/2928 2927/1/2927 
f 2941/1/2941 2942/1/2942 2939/1/2939 2940/1/2940 
f 1185/1/1185 2939/1/2939 2942/1/2942 1182/1/1182 
f 2930/1/2930 2943/1/2943 2944/1/2944 2931/1/2931 
f 2943/1/2943 2930/1/2930 2923/1/2923 
f 2943/1/2943 2936/1/2936 2938/1/2938 
f 2944/1/2944 2943/1/2943 2945/1/2945 2946/1/2946 
f 2927/1/2927 2934/1/2934 2947/1/2947 2940/1/2940 
f 2931/1/2931 2944/1/2944 2947/1/2947 2934/1/2934 
f 2946/1/2946 2948/1/2948 2947/1/2947 2944/1/2944 
f 2940/1/2940 2947/1/2947 2948/1/2948 2941/1/2941 
f 2949/1/2949 2950/1/2950 2938/1/2938 
f 1050/1/1050 2949/1/2949 2937/1/2937 1047/1/1047 
f 1049/1/1049 2951/1/2951 2949/1/2949 1050/1/1050 
f 2950/1/2950 2949/1/2949 2951/1/2951 2952/1/2952 
f 2946/1/2946 2945/1/2945 2953/1/2953 2954/1/2954 
f 2950/1/2950 2953/1/2953 2945/1/2945 2938/1/2938 
f 2952/1/2952 2955/1/2955 2953/1/2953 2950/1/2950 
f 2954/1/2954 2953/1/2953 2955/1/2955 2956/1/2956 
f 2957/1/2957 2958/1/2958 2959/1/2959 2960/1/2960 
f 2665/1/2665 2959/1/2959 2958/1/2958 1055/1/1055 
f 2663/1/2663 2660/1/2660 2959/1/2959 2665/1/2665 
f 2960/1/2960 2959/1/2959 2660/1/2660 2625/1/2625 
f 2952/1/2952 2951/1/2951 2961/1/2961 2962/1/2962 
f 1053/1/1053 2961/1/2961 2951/1/2951 1049/1/1049 
f 1055/1/1055 2958/1/2958 2961/1/2961 1053/1/1053 
f 2958/1/2958 2957/1/2957 2962/1/2962 
f 2956/1/2956 2955/1/2955 2963/1/2963 2964/1/2964 
f 2962/1/2962 2963/1/2963 2955/1/2955 2952/1/2952 
f 2963/1/2963 2962/1/2962 2957/1/2957 
f 2964/1/2964 2963/1/2963 2965/1/2965 2966/1/2966 
f 1182/1/1182 2942/1/2942 2967/1/2967 1189/1/1189 
f 2968/1/2968 2967/1/2967 2942/1/2942 2941/1/2941 
f 2969/1/2969 2970/1/2970 2967/1/2967 2968/1/2968 
f 1189/1/1189 2967/1/2967 2970/1/2970 1186/1/1186 
f 2941/1/2941 2948/1/2948 2971/1/2971 2968/1/2968 
f 2954/1/2954 2971/1/2971 2948/1/2948 2946/1/2946 
f 2956/1/2956 2972/1/2972 2971/1/2971 2954/1/2954 
f 2968/1/2968 2971/1/2971 2972/1/2972 2969/1/2969 
f 2625/1/2625 2623/1/2623 2973/1/2973 2960/1/2960 
f 2974/1/2974 2973/1/2973 2623/1/2623 2595/1/2595 
f 2975/1/2975 2976/1/2976 2973/1/2973 2974/1/2974 
f 2960/1/2960 2973/1/2973 2976/1/2976 2957/1/2957 
f 2605/1/2605 2602/1/2602 2977/1/2977 2978/1/2978 
f 2544/1/2544 2977/1/2977 2602/1/2602 2545/1/2545 
f 1148/1/1148 2979/1/2979 2977/1/2977 2544/1/2544 
f 2978/1/2978 2977/1/2977 2979/1/2979 2980/1/2980 
f 2981/1/2981 2982/1/2982 2966/1/2966 
f 2965/1/2965 2957/1/2957 2976/1/2976 
f 2975/1/2975 2983/1/2983 2981/1/2981 
f 2983/1/2983 2984/1/2984 2982/1/2982 
f 2985/1/2985 2986/1/2986 2978/1/2978 2980/1/2980 
f 2974/1/2974 2986/1/2986 2985/1/2985 2975/1/2975 
f 2595/1/2595 2610/1/2610 2986/1/2986 2974/1/2974 
f 2978/1/2978 2986/1/2986 2610/1/2610 2605/1/2605 
f 2984/1/2984 2983/1/2983 2987/1/2987 2988/1/2988 
f 2975/1/2975 2985/1/2985 2987/1/2987 2983/1/2983 
f 2988/1/2988 2987/1/2987 2985/1/2985 2980/1/2980 
f 1186/1/1186 2970/1/2970 2989/1/2989 2990/1/2990 
f 2991/1/2991 2989/1/2989 2970/1/2970 2969/1/2969 
f 2984/1/2984 2988/1/2988 2989/1/2989 2991/1/2991 
f 2990/1/2990 2989/1/2989 2988/1/2988 2980/1/2980 
f 1144/1/1144 1187/1/1187 2992/1/2992 1147/1/1147 
f 2990/1/2990 2992/1/2992 1187/1/1187 1186/1/1186 
f 2980/1/2980 2979/1/2979 2992/1/2992 2990/1/2990 
f 1147/1/1147 2992/1/2992 2979/1/2979 1148/1/1148 
f 2969/1/2969 2972/1/2972 2993/1/2993 2991/1/2991 
f 2964/1/2964 2993/1/2993 2972/1/2972 2956/1/2956 
f 2966/1/2966 2982/1/2982 2993/1/2993 2964/1/2964 
f 2991/1/2991 2993/1/2993 2982/1/2982 2984/1/2984 
f 1351/1/1351 2994/1/2994 2995/1/2995 1348/1/1348 
f 2996/1/2996 2994/1/2994 1351/1/1351 1353/1/1353 
f 2997/1/2997 2998/1/2998 2994/1/2994 2996/1/2996 
f 2995/1/2995 2994/1/2994 2998/1/2998 2999/1/2999 
f 3000/1/3000 1357/1/1357 1348/1/1348 
f 2999/1/2999 3001/1/3001 3000/1/3000 2995/1/2995 
f 3002/1/3002 3003/1/3003 3000/1/3000 3001/1/3001 
f 3003/1/3003 1354/1/1354 1357/1/1357 
f 2999/1/2999 2998/1/2998 3004/1/3004 3001/1/3001 
f 3005/1/3005 3004/1/3004 2998/1/2998 2997/1/2997 
f 3006/1/3006 3007/1/3007 3004/1/3004 3005/1/3005 
f 3001/1/3001 3004/1/3004 3007/1/3007 3002/1/3002 
f 1359/1/1359 3008/1/3008 3009/1/3009 1360/1/1360 
f 3008/1/3008 1359/1/1359 1354/1/1354 
f 3010/1/3010 3008/1/3008 3003/1/3003 3002/1/3002 
f 3009/1/3009 3008/1/3008 3010/1/3010 3011/1/3011 
f 1364/1/1364 1363/1/1363 3012/1/3012 1394/1/1394 
f 1363/1/1363 1360/1/1360 3009/1/3009 
f 3011/1/3011 3013/1/3013 3012/1/3012 3009/1/3009 
f 1394/1/1394 3012/1/3012 3013/1/3013 1397/1/1397 
f 1397/1/1397 3013/1/3013 3014/1/3014 3015/1/3015 
f 3016/1/3016 3014/1/3014 3013/1/3013 3011/1/3011 
f 3017/1/3017 3018/1/3018 3014/1/3014 3016/1/3016 
f 3018/1/3018 3019/1/3019 3015/1/3015 
f 3020/1/3020 3021/1/3021 2383/1/2383 
f 1396/1/1396 3020/1/3020 2382/1/2382 1398/1/1398 
f 1397/1/1397 3015/1/3015 3020/1/3020 1396/1/1396 
f 3021/1/3021 3020/1/3020 3015/1/3015 3019/1/3019 
f 2445/1/2445 2444/1/2444 3022/1/3022 3023/1/3023 
f 2439/1/2439 3022/1/3022 2444/1/2444 2436/1/2436 
f 2383/1/2383 3021/1/3021 3022/1/3022 2439/1/2439 
f 3023/1/3023 3022/1/3022 3021/1/3021 3019/1/3019 
f 3002/1/3002 3007/1/3007 3024/1/3024 3010/1/3010 
f 3025/1/3025 3024/1/3024 3007/1/3007 3006/1/3006 
f 3017/1/3017 3016/1/3016 3024/1/3024 3025/1/3025 
f 3011/1/3011 3010/1/3010 3024/1/3024 3016/1/3016 
f 3026/1/3026 3027/1/3027 3028/1/3028 3029/1/3029 
f 3030/1/3030 3028/1/3028 3027/1/3027 3031/1/3031 
f 3032/1/3032 3033/1/3033 3028/1/3028 3030/1/3030 
f 3034/1/3034 3029/1/3029 3028/1/3028 3033/1/3033 
f 3035/1/3035 3036/1/3036 3037/1/3037 3038/1/3038 
f 3036/1/3036 3039/1/3039 3040/1/3040 
f 3030/1/3030 3037/1/3037 3040/1/3040 3032/1/3032 
f 3031/1/3031 3038/1/3038 3037/1/3037 3030/1/3030 
f 3041/1/3041 3042/1/3042 3043/1/3043 3044/1/3044 
f 3045/1/3045 3046/1/3046 3043/1/3043 3042/1/3042 
f 3031/1/3031 3027/1/3027 3043/1/3043 3046/1/3046 
f 3044/1/3044 3043/1/3043 3027/1/3027 3026/1/3026 
f 3035/1/3035 3038/1/3038 3047/1/3047 3048/1/3048 
f 3031/1/3031 3046/1/3046 3047/1/3047 3038/1/3038 
f 3045/1/3045 3049/1/3049 3047/1/3047 3046/1/3046 
f 3048/1/3048 3047/1/3047 3049/1/3049 3050/1/3050 
f 3050/1/3050 3051/1/3051 3052/1/3052 3048/1/3048 
f 3053/1/3053 3052/1/3052 3051/1/3051 3054/1/3054 
f 3039/1/3039 3036/1/3036 3052/1/3052 3053/1/3053 
f 3048/1/3048 3052/1/3052 3036/1/3036 3035/1/3035 
f 3034/1/3034 3055/1/3055 3056/1/3056 3057/1/3057 
f 3058/1/3058 3056/1/3056 3055/1/3055 3059/1/3059 
f 3060/1/3060 3061/1/3061 3056/1/3056 3058/1/3058 
f 3057/1/3057 3056/1/3056 3061/1/3061 3062/1/3062 
f 3032/1/3032 3063/1/3063 3064/1/3064 3033/1/3033 
f 3065/1/3065 3064/1/3064 3063/1/3063 3066/1/3066 
f 3059/1/3059 3055/1/3055 3064/1/3064 3065/1/3065 
f 3033/1/3033 3064/1/3064 3055/1/3055 3034/1/3034 
f 3067/1/3067 3063/1/3063 3032/1/3032 
f 3068/1/3068 3067/1/3067 3040/1/3040 3039/1/3039 
f 3069/1/3069 3070/1/3070 3067/1/3067 3068/1/3068 
f 3063/1/3063 3067/1/3067 3070/1/3070 3066/1/3066 
f 3071/1/3071 3053/1/3053 3054/1/3054 
f 3072/1/3072 3073/1/3073 3074/1/3074 
f 3068/1/3068 3071/1/3071 3074/1/3074 3069/1/3069 
f 3068/1/3068 3039/1/3039 3053/1/3053 
f 3075/1/3075 3076/1/3076 3077/1/3077 3078/1/3078 
f 3079/1/3079 3077/1/3077 3076/1/3076 3080/1/3080 
f 3050/1/3050 3049/1/3049 3077/1/3077 3079/1/3079 
f 3078/1/3078 3077/1/3077 3049/1/3049 3045/1/3045 
f 3054/1/3054 3051/1/3051 3081/1/3081 3082/1/3082 
f 3079/1/3079 3081/1/3081 3051/1/3051 3050/1/3050 
f 3081/1/3081 3079/1/3079 3080/1/3080 
f 3083/1/3083 3084/1/3084 3082/1/3082 
f 3085/1/3085 3073/1/3073 3072/1/3072 
f 3072/1/3072 3054/1/3054 3082/1/3082 
f 3086/1/3086 3087/1/3087 3082/1/3082 3084/1/3084 
f 3088/1/3088 3085/1/3085 3087/1/3087 3086/1/3086 
f 3088/1/3088 3089/1/3089 3090/1/3090 3085/1/3085 
f 3089/1/3089 3091/1/3091 3092/1/3092 
f 3093/1/3093 3090/1/3090 3092/1/3092 3094/1/3094 
f 3085/1/3085 3090/1/3090 3093/1/3093 3073/1/3073 
f 3091/1/3091 3095/1/3095 3096/1/3096 3092/1/3092 
f 3097/1/3097 3098/1/3098 3096/1/3096 3095/1/3095 
f 3099/1/3099 3100/1/3100 3096/1/3096 3098/1/3098 
f 3092/1/3092 3096/1/3096 3100/1/3100 3094/1/3094 
f 3101/1/3101 3102/1/3102 3103/1/3103 3104/1/3104 
f 3105/1/3105 3103/1/3103 3102/1/3102 3106/1/3106 
f 3098/1/3098 3103/1/3103 3105/1/3105 3099/1/3099 
f 3104/1/3104 3103/1/3103 3098/1/3098 3097/1/3097 
f 3107/1/3107 3108/1/3108 3109/1/3109 3110/1/3110 
f 3111/1/3111 3109/1/3109 3108/1/3108 3060/1/3060 
f 3112/1/3112 3109/1/3109 3111/1/3111 3113/1/3113 
f 3114/1/3114 3110/1/3110 3109/1/3109 3112/1/3112 
f 3059/1/3059 3115/1/3115 3116/1/3116 3058/1/3058 
f 3117/1/3117 3116/1/3116 3115/1/3115 3118/1/3118 
f 3113/1/3113 3111/1/3111 3116/1/3116 3117/1/3117 
f 3058/1/3058 3116/1/3116 3111/1/3111 3060/1/3060 
f 3119/1/3119 3065/1/3065 3066/1/3066 
f 3120/1/3120 3119/1/3119 3121/1/3121 3122/1/3122 
f 3118/1/3118 3115/1/3115 3119/1/3119 3120/1/3120 
f 3065/1/3065 3119/1/3119 3115/1/3115 3059/1/3059 
f 3066/1/3066 3070/1/3070 3123/1/3123 3121/1/3121 
f 3124/1/3124 3123/1/3123 3070/1/3070 3069/1/3069 
f 3125/1/3125 3126/1/3126 3123/1/3123 3124/1/3124 
f 3121/1/3121 3123/1/3123 3126/1/3126 3122/1/3122 
f 3069/1/3069 3074/1/3074 3127/1/3127 3124/1/3124 
f 3128/1/3128 3127/1/3127 3074/1/3074 3073/1/3073 
f 3129/1/3129 3130/1/3130 3127/1/3127 3128/1/3128 
f 3124/1/3124 3127/1/3127 3130/1/3130 3125/1/3125 
f 3094/1/3094 3131/1/3131 3132/1/3132 3093/1/3093 
f 3133/1/3133 3132/1/3132 3131/1/3131 3134/1/3134 
f 3129/1/3129 3128/1/3128 3132/1/3132 3133/1/3133 
f 3093/1/3093 3132/1/3132 3128/1/3128 3073/1/3073 
f 3135/1/3135 3136/1/3136 3100/1/3100 3099/1/3099 
f 3137/1/3137 3136/1/3136 3135/1/3135 3138/1/3138 
f 3134/1/3134 3131/1/3131 3136/1/3136 3137/1/3137 
f 3100/1/3100 3136/1/3136 3131/1/3131 3094/1/3094 
f 3099/1/3099 3105/1/3105 3139/1/3139 3135/1/3135 
f 3106/1/3106 3140/1/3140 3139/1/3139 3105/1/3105 
f 3141/1/3141 3139/1/3139 3140/1/3140 3142/1/3142 
f 3138/1/3138 3135/1/3135 3139/1/3139 3141/1/3141 
f 3114/1/3114 3112/1/3112 3143/1/3143 3144/1/3144 
f 3145/1/3145 3143/1/3143 3112/1/3112 3113/1/3113 
f 3146/1/3146 3147/1/3147 3143/1/3143 3145/1/3145 
f 3144/1/3144 3143/1/3143 3147/1/3147 3148/1/3148 
f 3117/1/3117 3149/1/3149 3145/1/3145 3113/1/3113 
f 3118/1/3118 3150/1/3150 3149/1/3149 3117/1/3117 
f 3151/1/3151 3152/1/3152 3149/1/3149 3150/1/3150 
f 3145/1/3145 3149/1/3149 3152/1/3152 3146/1/3146 
f 3153/1/3153 3154/1/3154 3155/1/3155 3156/1/3156 
f 3150/1/3150 3155/1/3155 3154/1/3154 3151/1/3151 
f 3120/1/3120 3155/1/3155 3150/1/3150 3118/1/3118 
f 3122/1/3122 3156/1/3156 3155/1/3155 3120/1/3120 
f 3157/1/3157 3158/1/3158 3154/1/3154 3153/1/3153 
f 3158/1/3158 3157/1/3157 3159/1/3159 
f 3154/1/3154 3158/1/3158 3160/1/3160 3151/1/3151 
f 3161/1/3161 3162/1/3162 3163/1/3163 3164/1/3164 
f 3156/1/3156 3163/1/3163 3162/1/3162 3153/1/3153 
f 3122/1/3122 3126/1/3126 3163/1/3163 3156/1/3156 
f 3164/1/3164 3163/1/3163 3126/1/3126 3125/1/3125 
f 3129/1/3129 3165/1/3165 3166/1/3166 3130/1/3130 
f 3167/1/3167 3168/1/3168 3166/1/3166 3165/1/3165 
f 3164/1/3164 3166/1/3166 3168/1/3168 3161/1/3161 
f 3130/1/3130 3166/1/3166 3164/1/3164 3125/1/3125 
f 3134/1/3134 3169/1/3169 3170/1/3170 3133/1/3133 
f 3171/1/3171 3172/1/3172 3170/1/3170 3169/1/3169 
f 3167/1/3167 3165/1/3165 3170/1/3170 3172/1/3172 
f 3133/1/3133 3170/1/3170 3165/1/3165 3129/1/3129 
f 3173/1/3173 3174/1/3174 3175/1/3175 3176/1/3176 
f 3169/1/3169 3175/1/3175 3174/1/3174 3171/1/3171 
f 3137/1/3137 3175/1/3175 3169/1/3169 3134/1/3134 
f 3138/1/3138 3176/1/3176 3175/1/3175 3137/1/3137 
f 3177/1/3177 3178/1/3178 3179/1/3179 3180/1/3180 
f 3181/1/3181 3179/1/3179 3178/1/3178 3182/1/3182 
f 3084/1/3084 3083/1/3083 3179/1/3179 3181/1/3181 
f 3083/1/3083 3080/1/3080 3180/1/3180 
f 3183/1/3183 3184/1/3184 3185/1/3185 3186/1/3186 
f 3187/1/3187 3185/1/3185 3184/1/3184 3188/1/3188 
f 3182/1/3182 3178/1/3178 3185/1/3185 3187/1/3187 
f 3186/1/3186 3185/1/3185 3178/1/3178 3177/1/3177 
f 3182/1/3182 3189/1/3189 3190/1/3190 3181/1/3181 
f 3191/1/3191 3190/1/3190 3189/1/3189 3192/1/3192 
f 3088/1/3088 3086/1/3086 3190/1/3190 3191/1/3191 
f 3181/1/3181 3190/1/3190 3086/1/3086 3084/1/3084 
f 3188/1/3188 3193/1/3193 3194/1/3194 3187/1/3187 
f 3195/1/3195 3194/1/3194 3193/1/3193 3196/1/3196 
f 3192/1/3192 3189/1/3189 3194/1/3194 3195/1/3195 
f 3187/1/3187 3194/1/3194 3189/1/3189 3182/1/3182 
f 3197/1/3197 3198/1/3198 3199/1/3199 3200/1/3200 
f 3201/1/3201 3199/1/3199 3198/1/3198 3202/1/3202 
f 3196/1/3196 3193/1/3193 3199/1/3199 3201/1/3201 
f 3200/1/3200 3199/1/3199 3193/1/3193 3188/1/3188 
f 3192/1/3192 3203/1/3203 3204/1/3204 3191/1/3191 
f 3205/1/3205 3204/1/3204 3203/1/3203 3206/1/3206 
f 3091/1/3091 3089/1/3089 3204/1/3204 3205/1/3205 
f 3191/1/3191 3204/1/3204 3089/1/3089 3088/1/3088 
f 3207/1/3207 3208/1/3208 3209/1/3209 3210/1/3210 
f 3201/1/3201 3209/1/3209 3208/1/3208 3196/1/3196 
f 3202/1/3202 3211/1/3211 3209/1/3209 3201/1/3201 
f 3210/1/3210 3209/1/3209 3211/1/3211 3212/1/3212 
f 3196/1/3196 3208/1/3208 3213/1/3213 3195/1/3195 
f 3214/1/3214 3213/1/3213 3208/1/3208 3207/1/3207 
f 3206/1/3206 3203/1/3203 3213/1/3213 3214/1/3214 
f 3195/1/3195 3213/1/3213 3203/1/3203 3192/1/3192 
f 3206/1/3206 3215/1/3215 3216/1/3216 3205/1/3205 
f 3215/1/3215 3217/1/3217 3218/1/3218 
f 3097/1/3097 3095/1/3095 3216/1/3216 3218/1/3218 
f 3205/1/3205 3216/1/3216 3095/1/3095 3091/1/3091 
f 3219/1/3219 3218/1/3218 3217/1/3217 
f 3220/1/3220 3219/1/3219 3221/1/3221 3222/1/3222 
f 3101/1/3101 3104/1/3104 3219/1/3219 3220/1/3220 
f 3218/1/3218 3219/1/3219 3104/1/3104 3097/1/3097 
f 3207/1/3207 3223/1/3223 3224/1/3224 3214/1/3214 
f 3225/1/3225 3224/1/3224 3223/1/3223 3226/1/3226 
f 3217/1/3217 3215/1/3215 3224/1/3224 3225/1/3225 
f 3214/1/3214 3224/1/3224 3215/1/3215 3206/1/3206 
f 3212/1/3212 3227/1/3227 3228/1/3228 3210/1/3210 
f 3229/1/3229 3228/1/3228 3227/1/3227 3230/1/3230 
f 3226/1/3226 3223/1/3223 3228/1/3228 3229/1/3229 
f 3210/1/3210 3228/1/3228 3223/1/3223 3207/1/3207 
f 3226/1/3226 3231/1/3231 3232/1/3232 3225/1/3225 
f 3233/1/3233 3232/1/3232 3231/1/3231 3234/1/3234 
f 3222/1/3222 3221/1/3221 3232/1/3232 3233/1/3233 
f 3225/1/3225 3232/1/3232 3221/1/3221 3217/1/3217 
f 3230/1/3230 3235/1/3235 3236/1/3236 3229/1/3229 
f 3237/1/3237 3236/1/3236 3235/1/3235 3238/1/3238 
f 3234/1/3234 3231/1/3231 3236/1/3236 3237/1/3237 
f 3229/1/3229 3236/1/3236 3231/1/3231 3226/1/3226 
f 3234/1/3234 3239/1/3239 3240/1/3240 3233/1/3233 
f 3241/1/3241 3240/1/3240 3239/1/3239 3242/1/3242 
f 3243/1/3243 3244/1/3244 3240/1/3240 3241/1/3241 
f 3233/1/3233 3240/1/3240 3244/1/3244 3222/1/3222 
f 3238/1/3238 3245/1/3245 3246/1/3246 3237/1/3237 
f 3247/1/3247 3246/1/3246 3245/1/3245 3248/1/3248 
f 3242/1/3242 3239/1/3239 3246/1/3246 3247/1/3247 
f 3237/1/3237 3246/1/3246 3239/1/3239 3234/1/3234 
f 3248/1/3248 3249/1/3249 3250/1/3250 3247/1/3247 
f 3251/1/3251 3250/1/3250 3249/1/3249 3252/1/3252 
f 3253/1/3253 3254/1/3254 3250/1/3250 3251/1/3251 
f 3247/1/3247 3250/1/3250 3254/1/3254 3242/1/3242 
f 3255/1/3255 3256/1/3256 3257/1/3257 3258/1/3258 
f 3251/1/3251 3257/1/3257 3256/1/3256 3253/1/3253 
f 3252/1/3252 3259/1/3259 3257/1/3257 3251/1/3251 
f 3258/1/3258 3257/1/3257 3259/1/3259 3260/1/3260 
f 3260/1/3260 3261/1/3261 3262/1/3262 3258/1/3258 
f 3263/1/3263 3262/1/3262 3261/1/3261 3264/1/3264 
f 3265/1/3265 3266/1/3266 3262/1/3262 3263/1/3263 
f 3258/1/3258 3262/1/3262 3266/1/3266 3255/1/3255 
f 3159/1/3159 3157/1/3157 3267/1/3267 3268/1/3268 
f 3269/1/3269 3267/1/3267 3157/1/3157 3153/1/3153 
f 3270/1/3270 3271/1/3271 3267/1/3267 3269/1/3269 
f 3268/1/3268 3267/1/3267 3271/1/3271 3272/1/3272 
f 3162/1/3162 3273/1/3273 3269/1/3269 3153/1/3153 
f 3274/1/3274 3273/1/3273 3162/1/3162 3161/1/3161 
f 3275/1/3275 3276/1/3276 3273/1/3273 3274/1/3274 
f 3269/1/3269 3273/1/3273 3276/1/3276 3270/1/3270 
f 3161/1/3161 3168/1/3168 3277/1/3277 3274/1/3274 
f 3278/1/3278 3277/1/3277 3168/1/3168 3167/1/3167 
f 3279/1/3279 3280/1/3280 3277/1/3277 3278/1/3278 
f 3274/1/3274 3277/1/3277 3280/1/3280 3275/1/3275 
f 3167/1/3167 3172/1/3172 3281/1/3281 3278/1/3278 
f 3282/1/3282 3281/1/3281 3172/1/3172 3171/1/3171 
f 3283/1/3283 3284/1/3284 3281/1/3281 3282/1/3282 
f 3278/1/3278 3281/1/3281 3284/1/3284 3279/1/3279 
f 3279/1/3279 3284/1/3284 3285/1/3285 3286/1/3286 
f 3287/1/3287 3285/1/3285 3284/1/3284 3283/1/3283 
f 3288/1/3288 3289/1/3289 3285/1/3285 3287/1/3287 
f 3286/1/3286 3285/1/3285 3289/1/3289 3290/1/3290 
f 3291/1/3291 3292/1/3292 3293/1/3293 3294/1/3294 
f 3295/1/3295 3293/1/3293 3292/1/3292 3296/1/3296 
f 3202/1/3202 3198/1/3198 3293/1/3293 3295/1/3295 
f 3294/1/3294 3293/1/3293 3198/1/3198 3197/1/3197 
f 3296/1/3296 3297/1/3297 3298/1/3298 3295/1/3295 
f 3299/1/3299 3298/1/3298 3297/1/3297 3300/1/3300 
f 3212/1/3212 3211/1/3211 3298/1/3298 3299/1/3299 
f 3295/1/3295 3298/1/3298 3211/1/3211 3202/1/3202 
f 3300/1/3300 3301/1/3301 3302/1/3302 3299/1/3299 
f 3303/1/3303 3302/1/3302 3301/1/3301 3304/1/3304 
f 3230/1/3230 3227/1/3227 3302/1/3302 3303/1/3303 
f 3299/1/3299 3302/1/3302 3227/1/3227 3212/1/3212 
f 3304/1/3304 3305/1/3305 3306/1/3306 3303/1/3303 
f 3307/1/3307 3306/1/3306 3305/1/3305 3308/1/3308 
f 3238/1/3238 3235/1/3235 3306/1/3306 3307/1/3307 
f 3303/1/3303 3306/1/3306 3235/1/3235 3230/1/3230 
f 3308/1/3308 3309/1/3309 3310/1/3310 3307/1/3307 
f 3311/1/3311 3310/1/3310 3309/1/3309 3312/1/3312 
f 3248/1/3248 3245/1/3245 3310/1/3310 3311/1/3311 
f 3307/1/3307 3310/1/3310 3245/1/3245 3238/1/3238 
f 3312/1/3312 3313/1/3313 3314/1/3314 3311/1/3311 
f 3315/1/3315 3314/1/3314 3313/1/3313 3316/1/3316 
f 3252/1/3252 3249/1/3249 3314/1/3314 3315/1/3315 
f 3311/1/3311 3314/1/3314 3249/1/3249 3248/1/3248 
f 3316/1/3316 3317/1/3317 3318/1/3318 3315/1/3315 
f 3319/1/3319 3318/1/3318 3317/1/3317 3320/1/3320 
f 3260/1/3260 3259/1/3259 3318/1/3318 3319/1/3319 
f 3315/1/3315 3318/1/3318 3259/1/3259 3252/1/3252 
f 3320/1/3320 3321/1/3321 3322/1/3322 3319/1/3319 
f 3323/1/3323 3322/1/3322 3321/1/3321 3324/1/3324 
f 3264/1/3264 3261/1/3261 3322/1/3322 3323/1/3323 
f 3319/1/3319 3322/1/3322 3261/1/3261 3260/1/3260 
f 3325/1/3325 3326/1/3326 3327/1/3327 3328/1/3328 
f 3329/1/3329 3327/1/3327 3326/1/3326 3330/1/3330 
f 3291/1/3291 3331/1/3331 3327/1/3327 3329/1/3329 
f 3328/1/3328 3327/1/3327 3331/1/3331 3332/1/3332 
f 3330/1/3330 3333/1/3333 3334/1/3334 3329/1/3329 
f 3335/1/3335 3334/1/3334 3333/1/3333 3336/1/3336 
f 3296/1/3296 3292/1/3292 3334/1/3334 3335/1/3335 
f 3329/1/3329 3334/1/3334 3292/1/3292 3291/1/3291 
f 3336/1/3336 3337/1/3337 3338/1/3338 3335/1/3335 
f 3339/1/3339 3338/1/3338 3337/1/3337 3340/1/3340 
f 3300/1/3300 3297/1/3297 3338/1/3338 3339/1/3339 
f 3335/1/3335 3338/1/3338 3297/1/3297 3296/1/3296 
f 3340/1/3340 3341/1/3341 3342/1/3342 3339/1/3339 
f 3343/1/3343 3342/1/3342 3341/1/3341 3344/1/3344 
f 3304/1/3304 3301/1/3301 3342/1/3342 3343/1/3343 
f 3339/1/3339 3342/1/3342 3301/1/3301 3300/1/3300 
f 3344/1/3344 3345/1/3345 3346/1/3346 3343/1/3343 
f 3347/1/3347 3346/1/3346 3345/1/3345 3348/1/3348 
f 3308/1/3308 3305/1/3305 3346/1/3346 3347/1/3347 
f 3343/1/3343 3346/1/3346 3305/1/3305 3304/1/3304 
f 3348/1/3348 3349/1/3349 3350/1/3350 3347/1/3347 
f 3351/1/3351 3350/1/3350 3349/1/3349 3352/1/3352 
f 3312/1/3312 3309/1/3309 3350/1/3350 3351/1/3351 
f 3347/1/3347 3350/1/3350 3309/1/3309 3308/1/3308 
f 3352/1/3352 3353/1/3353 3354/1/3354 3351/1/3351 
f 3355/1/3355 3354/1/3354 3353/1/3353 3356/1/3356 
f 3316/1/3316 3313/1/3313 3354/1/3354 3355/1/3355 
f 3351/1/3351 3354/1/3354 3313/1/3313 3312/1/3312 
f 3356/1/3356 3357/1/3357 3358/1/3358 3355/1/3355 
f 3359/1/3359 3358/1/3358 3357/1/3357 3360/1/3360 
f 3320/1/3320 3317/1/3317 3358/1/3358 3359/1/3359 
f 3355/1/3355 3358/1/3358 3317/1/3317 3316/1/3316 
f 3361/1/3361 3362/1/3362 3363/1/3363 3364/1/3364 
f 3365/1/3365 3363/1/3363 3362/1/3362 3366/1/3366 
f 3325/1/3325 3367/1/3367 3363/1/3363 3365/1/3365 
f 3364/1/3364 3363/1/3363 3367/1/3367 3368/1/3368 
f 3366/1/3366 3369/1/3369 3370/1/3370 3365/1/3365 
f 3371/1/3371 3370/1/3370 3369/1/3369 3372/1/3372 
f 3330/1/3330 3326/1/3326 3370/1/3370 3371/1/3371 
f 3365/1/3365 3370/1/3370 3326/1/3326 3325/1/3325 
f 3372/1/3372 3373/1/3373 3374/1/3374 3371/1/3371 
f 3375/1/3375 3374/1/3374 3373/1/3373 3376/1/3376 
f 3336/1/3336 3333/1/3333 3374/1/3374 3375/1/3375 
f 3371/1/3371 3374/1/3374 3333/1/3333 3330/1/3330 
f 3376/1/3376 3377/1/3377 3378/1/3378 3375/1/3375 
f 3379/1/3379 3378/1/3378 3377/1/3377 3380/1/3380 
f 3340/1/3340 3337/1/3337 3378/1/3378 3379/1/3379 
f 3375/1/3375 3378/1/3378 3337/1/3337 3336/1/3336 
f 3380/1/3380 3381/1/3381 3382/1/3382 3379/1/3379 
f 3383/1/3383 3382/1/3382 3381/1/3381 3384/1/3384 
f 3344/1/3344 3341/1/3341 3382/1/3382 3383/1/3383 
f 3379/1/3379 3382/1/3382 3341/1/3341 3340/1/3340 
f 3384/1/3384 3385/1/3385 3386/1/3386 3383/1/3383 
f 3387/1/3387 3386/1/3386 3385/1/3385 3388/1/3388 
f 3348/1/3348 3345/1/3345 3386/1/3386 3387/1/3387 
f 3383/1/3383 3386/1/3386 3345/1/3345 3344/1/3344 
f 3388/1/3388 3389/1/3389 3390/1/3390 3387/1/3387 
f 3391/1/3391 3390/1/3390 3389/1/3389 3392/1/3392 
f 3352/1/3352 3349/1/3349 3390/1/3390 3391/1/3391 
f 3387/1/3387 3390/1/3390 3349/1/3349 3348/1/3348 
f 3392/1/3392 3393/1/3393 3394/1/3394 3391/1/3391 
f 3395/1/3395 3394/1/3394 3393/1/3393 3396/1/3396 
f 3356/1/3356 3353/1/3353 3394/1/3394 3395/1/3395 
f 3391/1/3391 3394/1/3394 3353/1/3353 3352/1/3352 
f 3396/1/3396 3397/1/3397 3398/1/3398 3395/1/3395 
f 3399/1/3399 3398/1/3398 3397/1/3397 3400/1/3400 
f 3360/1/3360 3357/1/3357 3398/1/3398 3399/1/3399 
f 3395/1/3395 3398/1/3398 3357/1/3357 3356/1/3356 
f 3401/1/3401 3402/1/3402 3403/1/3403 3404/1/3404 
f 3405/1/3405 3402/1/3402 3401/1/3401 3406/1/3406 
f 3060/1/3060 3108/1/3108 3402/1/3402 3405/1/3405 
f 3403/1/3403 3402/1/3402 3108/1/3108 3107/1/3107 
f 3407/1/3407 3057/1/3057 3062/1/3062 
f 3408/1/3408 3407/1/3407 3409/1/3409 3410/1/3410 
f 3026/1/3026 3029/1/3029 3407/1/3407 3408/1/3408 
f 3029/1/3029 3034/1/3034 3057/1/3057 
f 3026/1/3026 3408/1/3408 3411/1/3411 3044/1/3044 
f 3412/1/3412 3411/1/3411 3408/1/3408 3410/1/3410 
f 3413/1/3413 3414/1/3414 3411/1/3411 3412/1/3412 
f 3044/1/3044 3411/1/3411 3414/1/3414 3041/1/3041 
f 3413/1/3413 3412/1/3412 3415/1/3415 3416/1/3416 
f 3412/1/3412 3410/1/3410 3417/1/3417 
f 3418/1/3418 3419/1/3419 3415/1/3415 3417/1/3417 
f 3416/1/3416 3415/1/3415 3419/1/3419 3420/1/3420 
f 3406/1/3406 3421/1/3421 3422/1/3422 3405/1/3405 
f 3409/1/3409 3422/1/3422 3421/1/3421 3410/1/3410 
f 3062/1/3062 3061/1/3061 3422/1/3422 3409/1/3409 
f 3405/1/3405 3422/1/3422 3061/1/3061 3060/1/3060 
f 3423/1/3423 3424/1/3424 3418/1/3418 
f 3417/1/3417 3410/1/3410 3421/1/3421 
f 3421/1/3421 3406/1/3406 3424/1/3424 
f 3425/1/3425 3426/1/3426 3427/1/3427 3428/1/3428 
f 3429/1/3429 3427/1/3427 3426/1/3426 3430/1/3430 
f 3431/1/3431 3432/1/3432 3427/1/3427 3429/1/3429 
f 3428/1/3428 3427/1/3427 3432/1/3432 3433/1/3433 
f 3430/1/3430 3434/1/3434 3435/1/3435 3429/1/3429 
f 3436/1/3436 3435/1/3435 3434/1/3434 3437/1/3437 
f 3438/1/3438 3439/1/3439 3435/1/3435 3436/1/3436 
f 3429/1/3429 3435/1/3435 3439/1/3439 3431/1/3431 
f 3440/1/3440 3441/1/3441 3442/1/3442 3443/1/3443 
f 3436/1/3436 3442/1/3442 3441/1/3441 3438/1/3438 
f 3437/1/3437 3444/1/3444 3442/1/3442 3436/1/3436 
f 3443/1/3443 3442/1/3442 3444/1/3444 3445/1/3445 
f 3445/1/3445 3446/1/3446 3447/1/3447 3443/1/3443 
f 3448/1/3448 3447/1/3447 3446/1/3446 3449/1/3449 
f 3450/1/3450 3451/1/3451 3447/1/3447 3448/1/3448 
f 3443/1/3443 3447/1/3447 3451/1/3451 3440/1/3440 
f 3452/1/3452 3453/1/3453 3454/1/3454 3455/1/3455 
f 3456/1/3456 3454/1/3454 3453/1/3453 3457/1/3457 
f 3458/1/3458 3459/1/3459 3454/1/3454 3456/1/3456 
f 3455/1/3455 3454/1/3454 3459/1/3459 3449/1/3449 
f 3460/1/3460 3461/1/3461 3462/1/3462 3463/1/3463 
f 3448/1/3448 3462/1/3462 3461/1/3461 3450/1/3450 
f 3449/1/3449 3459/1/3459 3462/1/3462 3448/1/3448 
f 3459/1/3459 3458/1/3458 3463/1/3463 
f 3464/1/3464 3465/1/3465 3466/1/3466 3467/1/3467 
f 3468/1/3468 3466/1/3466 3465/1/3465 3469/1/3469 
f 3404/1/3404 3403/1/3403 3466/1/3466 3468/1/3468 
f 3467/1/3467 3466/1/3466 3403/1/3403 3107/1/3107 
f 3470/1/3470 3471/1/3471 3472/1/3472 3473/1/3473 
f 3467/1/3467 3472/1/3472 3471/1/3471 3464/1/3464 
f 3107/1/3107 3110/1/3110 3472/1/3472 3467/1/3467 
f 3473/1/3473 3472/1/3472 3110/1/3110 3114/1/3114 
f 3148/1/3148 3147/1/3147 3474/1/3474 3475/1/3475 
f 3476/1/3476 3474/1/3474 3147/1/3147 3146/1/3146 
f 3477/1/3477 3478/1/3478 3474/1/3474 3476/1/3476 
f 3475/1/3475 3474/1/3474 3478/1/3478 3479/1/3479 
f 3146/1/3146 3152/1/3152 3480/1/3480 3476/1/3476 
f 3481/1/3481 3480/1/3480 3152/1/3152 3151/1/3151 
f 3482/1/3482 3480/1/3480 3481/1/3481 3483/1/3483 
f 3476/1/3476 3480/1/3480 3482/1/3482 3477/1/3477 
f 3272/1/3272 3484/1/3484 3485/1/3485 3268/1/3268 
f 3481/1/3481 3485/1/3485 3484/1/3484 3483/1/3483 
f 3151/1/3151 3160/1/3160 3485/1/3485 3481/1/3481 
f 3268/1/3268 3485/1/3485 3160/1/3160 3159/1/3159 
f 3148/1/3148 3486/1/3486 3487/1/3487 3144/1/3144 
f 3486/1/3486 3488/1/3488 3489/1/3489 
f 3470/1/3470 3473/1/3473 3487/1/3487 3489/1/3489 
f 3144/1/3144 3487/1/3487 3473/1/3473 3114/1/3114 
f 3490/1/3490 3491/1/3491 3492/1/3492 
f 3493/1/3493 3490/1/3490 3494/1/3494 3495/1/3495 
f 3469/1/3469 3465/1/3465 3490/1/3490 3493/1/3493 
f 3491/1/3491 3490/1/3490 3465/1/3465 3464/1/3464 
f 3488/1/3488 3496/1/3496 3497/1/3497 3489/1/3489 
f 3496/1/3496 3492/1/3492 3491/1/3491 
f 3464/1/3464 3471/1/3471 3497/1/3497 3491/1/3491 
f 3489/1/3489 3497/1/3497 3471/1/3471 3470/1/3470 
f 3479/1/3479 3498/1/3498 3499/1/3499 3475/1/3475 
f 3498/1/3498 3488/1/3488 3486/1/3486 
f 3475/1/3475 3499/1/3499 3486/1/3486 3148/1/3148 
f 3500/1/3500 3501/1/3501 3502/1/3502 3503/1/3503 
f 3504/1/3504 3502/1/3502 3501/1/3501 3505/1/3505 
f 3479/1/3479 3478/1/3478 3502/1/3502 3504/1/3504 
f 3503/1/3503 3502/1/3502 3478/1/3478 3477/1/3477 
f 3505/1/3505 3506/1/3506 3507/1/3507 3504/1/3504 
f 3508/1/3508 3507/1/3507 3506/1/3506 3509/1/3509 
f 3488/1/3488 3498/1/3498 3507/1/3507 3508/1/3508 
f 3504/1/3504 3507/1/3507 3498/1/3498 3479/1/3479 
f 3510/1/3510 3508/1/3508 3509/1/3509 
f 3511/1/3511 3512/1/3512 3513/1/3513 
f 3510/1/3510 3513/1/3513 3492/1/3492 
f 3496/1/3496 3488/1/3488 3508/1/3508 
f 3514/1/3514 3513/1/3513 3512/1/3512 
f 3515/1/3515 3514/1/3514 3516/1/3516 3517/1/3517 
f 3492/1/3492 3513/1/3513 3514/1/3514 3515/1/3515 
f 3518/1/3518 3515/1/3515 3517/1/3517 
f 3519/1/3519 3520/1/3520 3521/1/3521 
f 3495/1/3495 3494/1/3494 3518/1/3518 3521/1/3521 
f 3515/1/3515 3518/1/3518 3494/1/3494 3492/1/3492 
f 3522/1/3522 3523/1/3523 3524/1/3524 3525/1/3525 
f 3523/1/3523 3526/1/3526 3527/1/3527 
f 3524/1/3524 3527/1/3527 3517/1/3517 
f 3525/1/3525 3524/1/3524 3516/1/3516 3512/1/3512 
f 3528/1/3528 3529/1/3529 3530/1/3530 3531/1/3531 
f 3525/1/3525 3530/1/3530 3529/1/3529 3522/1/3522 
f 3512/1/3512 3511/1/3511 3530/1/3530 3525/1/3525 
f 3531/1/3531 3530/1/3530 3511/1/3511 3509/1/3509 
f 3532/1/3532 3533/1/3533 3534/1/3534 3535/1/3535 
f 3531/1/3531 3534/1/3534 3533/1/3533 3528/1/3528 
f 3509/1/3509 3506/1/3506 3534/1/3534 3531/1/3531 
f 3535/1/3535 3534/1/3534 3506/1/3506 3505/1/3505 
f 3536/1/3536 3537/1/3537 3538/1/3538 3539/1/3539 
f 3535/1/3535 3537/1/3537 3536/1/3536 3532/1/3532 
f 3505/1/3505 3501/1/3501 3537/1/3537 3535/1/3535 
f 3500/1/3500 3538/1/3538 3537/1/3537 3501/1/3501 
f 3540/1/3540 3541/1/3541 3542/1/3542 3543/1/3543 
f 3544/1/3544 3542/1/3542 3541/1/3541 3545/1/3545 
f 3521/1/3521 3542/1/3542 3544/1/3544 3495/1/3495 
f 3543/1/3543 3542/1/3542 3521/1/3521 3520/1/3520 
f 3433/1/3433 3432/1/3432 3546/1/3546 3547/1/3547 
f 3548/1/3548 3546/1/3546 3432/1/3432 3431/1/3431 
f 3549/1/3549 3550/1/3550 3546/1/3546 3548/1/3548 
f 3547/1/3547 3546/1/3546 3550/1/3550 3551/1/3551 
f 3552/1/3552 3553/1/3553 3554/1/3554 3555/1/3555 
f 3556/1/3556 3554/1/3554 3553/1/3553 3557/1/3557 
f 3545/1/3545 3541/1/3541 3554/1/3554 3556/1/3556 
f 3555/1/3555 3554/1/3554 3541/1/3541 3540/1/3540 
f 3551/1/3551 3550/1/3550 3558/1/3558 3559/1/3559 
f 3560/1/3560 3558/1/3558 3550/1/3550 3549/1/3549 
f 3557/1/3557 3553/1/3553 3558/1/3558 3560/1/3560 
f 3559/1/3559 3558/1/3558 3553/1/3553 3552/1/3552 
f 3495/1/3495 3544/1/3544 3561/1/3561 3493/1/3493 
f 3562/1/3562 3561/1/3561 3544/1/3544 3545/1/3545 
f 3563/1/3563 3564/1/3564 3561/1/3561 3562/1/3562 
f 3493/1/3493 3561/1/3561 3564/1/3564 3469/1/3469 
f 3565/1/3565 3566/1/3566 3567/1/3567 3568/1/3568 
f 3548/1/3548 3567/1/3567 3566/1/3566 3549/1/3549 
f 3431/1/3431 3439/1/3439 3567/1/3567 3548/1/3548 
f 3568/1/3568 3567/1/3567 3439/1/3439 3438/1/3438 
f 3545/1/3545 3556/1/3556 3569/1/3569 3562/1/3562 
f 3570/1/3570 3569/1/3569 3556/1/3556 3557/1/3557 
f 3571/1/3571 3572/1/3572 3569/1/3569 3570/1/3570 
f 3562/1/3562 3569/1/3569 3572/1/3572 3563/1/3563 
f 3565/1/3565 3573/1/3573 3574/1/3574 3566/1/3566 
f 3570/1/3570 3574/1/3574 3573/1/3573 3571/1/3571 
f 3557/1/3557 3560/1/3560 3574/1/3574 3570/1/3570 
f 3566/1/3566 3574/1/3574 3560/1/3560 3549/1/3549 
f 3469/1/3469 3564/1/3564 3575/1/3575 3468/1/3468 
f 3564/1/3564 3563/1/3563 3576/1/3576 
f 3575/1/3575 3576/1/3576 3577/1/3577 
f 3468/1/3468 3575/1/3575 3578/1/3578 3404/1/3404 
f 3438/1/3438 3441/1/3441 3579/1/3579 3568/1/3568 
f 3580/1/3580 3579/1/3579 3441/1/3441 3440/1/3440 
f 3581/1/3581 3582/1/3582 3579/1/3579 3580/1/3580 
f 3568/1/3568 3579/1/3579 3582/1/3582 3565/1/3565 
f 3583/1/3583 3576/1/3576 3563/1/3563 
f 3584/1/3584 3583/1/3583 3572/1/3572 3571/1/3571 
f 3585/1/3585 3586/1/3586 3583/1/3583 3584/1/3584 
f 3586/1/3586 3577/1/3577 3576/1/3576 
f 3581/1/3581 3587/1/3587 3588/1/3588 3582/1/3582 
f 3584/1/3584 3588/1/3588 3587/1/3587 3585/1/3585 
f 3571/1/3571 3573/1/3573 3588/1/3588 3584/1/3584 
f 3582/1/3582 3588/1/3588 3573/1/3573 3565/1/3565 
f 3589/1/3589 3590/1/3590 3451/1/3451 3450/1/3450 
f 3591/1/3591 3590/1/3590 3589/1/3589 3592/1/3592 
f 3581/1/3581 3580/1/3580 3590/1/3590 3591/1/3591 
f 3440/1/3440 3451/1/3451 3590/1/3590 3580/1/3580 
f 3404/1/3404 3578/1/3578 3593/1/3593 3401/1/3401 
f 3578/1/3578 3577/1/3577 3594/1/3594 
f 3593/1/3593 3594/1/3594 3595/1/3595 
f 3401/1/3401 3593/1/3593 3596/1/3596 3406/1/3406 
f 3577/1/3577 3586/1/3586 3597/1/3597 3594/1/3594 
f 3598/1/3598 3597/1/3597 3586/1/3586 3585/1/3585 
f 3599/1/3599 3600/1/3600 3597/1/3597 3598/1/3598 
f 3594/1/3594 3597/1/3597 3600/1/3600 3595/1/3595 
f 3592/1/3592 3601/1/3601 3602/1/3602 3591/1/3591 
f 3598/1/3598 3602/1/3602 3601/1/3601 3599/1/3599 
f 3585/1/3585 3587/1/3587 3602/1/3602 3598/1/3598 
f 3591/1/3591 3602/1/3602 3587/1/3587 3581/1/3581 
f 3603/1/3603 3604/1/3604 3461/1/3461 3460/1/3460 
f 3605/1/3605 3604/1/3604 3603/1/3603 3606/1/3606 
f 3592/1/3592 3589/1/3589 3604/1/3604 3605/1/3605 
f 3450/1/3450 3461/1/3461 3604/1/3604 3589/1/3589 
f 3607/1/3607 3608/1/3608 3609/1/3609 
f 3424/1/3424 3607/1/3607 3610/1/3610 3418/1/3418 
f 3607/1/3607 3424/1/3424 3406/1/3406 
f 3608/1/3608 3607/1/3607 3596/1/3596 3595/1/3595 
f 3606/1/3606 3611/1/3611 3612/1/3612 3605/1/3605 
f 3613/1/3613 3612/1/3612 3611/1/3611 3614/1/3614 
f 3612/1/3612 3613/1/3613 3599/1/3599 
f 3605/1/3605 3612/1/3612 3601/1/3601 3592/1/3592 
f 3614/1/3614 3615/1/3615 3616/1/3616 3613/1/3613 
f 3608/1/3608 3616/1/3616 3615/1/3615 3609/1/3609 
f 3595/1/3595 3600/1/3600 3616/1/3616 3608/1/3608 
f 3613/1/3613 3616/1/3616 3600/1/3600 3599/1/3599 
f 3332/1/3332 3617/1/3617 3618/1/3618 3328/1/3328 
f 3619/1/3619 3618/1/3618 3617/1/3617 3620/1/3620 
f 3368/1/3368 3367/1/3367 3618/1/3618 3619/1/3619 
f 3328/1/3328 3618/1/3618 3367/1/3367 3325/1/3325 
f 3621/1/3621 3622/1/3622 3623/1/3623 
f 3180/1/3180 3621/1/3621 3624/1/3624 3177/1/3177 
f 3621/1/3621 3180/1/3180 3080/1/3080 
f 3622/1/3622 3621/1/3621 3076/1/3076 3075/1/3075 
f 3625/1/3625 3626/1/3626 3617/1/3617 3332/1/3332 
f 3627/1/3627 3628/1/3628 3626/1/3626 3625/1/3625 
f 3629/1/3629 3626/1/3626 3628/1/3628 3630/1/3630 
f 3620/1/3620 3617/1/3617 3626/1/3626 3629/1/3629 
f 3183/1/3183 3631/1/3631 3632/1/3632 3184/1/3184 
f 3633/1/3633 3632/1/3632 3631/1/3631 3627/1/3627 
f 3200/1/3200 3632/1/3632 3633/1/3633 3197/1/3197 
f 3188/1/3188 3184/1/3184 3632/1/3632 3200/1/3200 
f 3627/1/3627 3631/1/3631 3634/1/3634 3635/1/3635 
f 3186/1/3186 3634/1/3634 3631/1/3631 3183/1/3183 
f 3177/1/3177 3624/1/3624 3634/1/3634 3186/1/3186 
f 3635/1/3635 3634/1/3634 3624/1/3624 3623/1/3623 
f 3630/1/3630 3628/1/3628 3636/1/3636 3637/1/3637 
f 3635/1/3635 3636/1/3636 3628/1/3628 3627/1/3627 
f 3623/1/3623 3637/1/3637 3636/1/3636 3635/1/3635 
f 3197/1/3197 3633/1/3633 3638/1/3638 3294/1/3294 
f 3625/1/3625 3638/1/3638 3633/1/3633 3627/1/3627 
f 3332/1/3332 3331/1/3331 3638/1/3638 3625/1/3625 
f 3294/1/3294 3638/1/3638 3331/1/3331 3291/1/3291 
f 3477/1/3477 3482/1/3482 3639/1/3639 3503/1/3503 
f 3640/1/3640 3639/1/3639 3482/1/3482 3483/1/3483 
f 3641/1/3641 3642/1/3642 3639/1/3639 3640/1/3640 
f 3642/1/3642 3500/1/3500 3503/1/3503 
f 3643/1/3643 3644/1/3644 3642/1/3642 3641/1/3641 
f 3645/1/3645 3646/1/3646 3644/1/3644 3643/1/3643 
f 3539/1/3539 3538/1/3538 3644/1/3644 3646/1/3646 
f 3642/1/3642 3644/1/3644 3538/1/3538 3500/1/3500 
f 3646/1/3646 3645/1/3645 3647/1/3647 
f 3648/1/3648 3647/1/3647 3649/1/3649 
f 3646/1/3646 3648/1/3648 3650/1/3650 3539/1/3539 
f 3651/1/3651 3650/1/3650 3649/1/3649 
f 3652/1/3652 3653/1/3653 3654/1/3654 
f 3532/1/3532 3536/1/3536 3651/1/3651 3654/1/3654 
f 3539/1/3539 3650/1/3650 3651/1/3651 3536/1/3536 
f 3653/1/3653 3655/1/3655 3656/1/3656 3654/1/3654 
f 3657/1/3657 3656/1/3656 3655/1/3655 3658/1/3658 
f 3528/1/3528 3533/1/3533 3656/1/3656 3657/1/3657 
f 3654/1/3654 3656/1/3656 3533/1/3533 3532/1/3532 
f 3658/1/3658 3659/1/3659 3660/1/3660 3657/1/3657 
f 3661/1/3661 3660/1/3660 3659/1/3659 3662/1/3662 
f 3522/1/3522 3529/1/3529 3660/1/3660 3661/1/3661 
f 3657/1/3657 3660/1/3660 3529/1/3529 3528/1/3528 
f 3662/1/3662 3663/1/3663 3664/1/3664 3661/1/3661 
f 3665/1/3665 3664/1/3664 3663/1/3663 3666/1/3666 
f 3526/1/3526 3523/1/3523 3664/1/3664 3665/1/3665 
f 3661/1/3661 3664/1/3664 3523/1/3523 3522/1/3522 
f 3667/1/3667 3668/1/3668 3669/1/3669 3670/1/3670 
f 3666/1/3666 3663/1/3663 3668/1/3668 3667/1/3667 
f 3669/1/3669 3668/1/3668 3663/1/3663 3662/1/3662 
f 3671/1/3671 3672/1/3672 3673/1/3673 3674/1/3674 
f 3669/1/3669 3673/1/3673 3672/1/3672 3670/1/3670 
f 3662/1/3662 3659/1/3659 3673/1/3673 3669/1/3669 
f 3674/1/3674 3673/1/3673 3659/1/3659 3658/1/3658 
f 3675/1/3675 3676/1/3676 3677/1/3677 3678/1/3678 
f 3674/1/3674 3677/1/3677 3676/1/3676 3671/1/3671 
f 3658/1/3658 3655/1/3655 3677/1/3677 3674/1/3674 
f 3678/1/3678 3677/1/3677 3655/1/3655 3653/1/3653 
f 3679/1/3679 3680/1/3680 3652/1/3652 3649/1/3649 
f 3681/1/3681 3680/1/3680 3679/1/3679 3682/1/3682 
f 3675/1/3675 3678/1/3678 3680/1/3680 3681/1/3681 
f 3653/1/3653 3652/1/3652 3680/1/3680 3678/1/3678 
f 3683/1/3683 3684/1/3684 3685/1/3685 
f 3682/1/3682 3679/1/3679 3686/1/3686 3685/1/3685 
f 3649/1/3649 3647/1/3647 3686/1/3686 3679/1/3679 
f 3645/1/3645 3683/1/3683 3686/1/3686 3647/1/3647 
f 3641/1/3641 3687/1/3687 3688/1/3688 3643/1/3643 
f 3687/1/3687 3689/1/3689 3690/1/3690 
f 3688/1/3688 3690/1/3690 3684/1/3684 
f 3643/1/3643 3688/1/3688 3683/1/3683 3645/1/3645 
f 3691/1/3691 3692/1/3692 3693/1/3693 
f 3689/1/3689 3687/1/3687 3691/1/3691 3694/1/3694 
f 3640/1/3640 3691/1/3691 3687/1/3687 3641/1/3641 
f 3692/1/3692 3691/1/3691 3640/1/3640 3483/1/3483 
f 3695/1/3695 3692/1/3692 3483/1/3483 
f 3484/1/3484 3272/1/3272 3696/1/3696 
f 3697/1/3697 3698/1/3698 3695/1/3695 3696/1/3696 
f 3698/1/3698 3693/1/3693 3692/1/3692 
f 3272/1/3272 3271/1/3271 3699/1/3699 3696/1/3696 
f 3700/1/3700 3699/1/3699 3271/1/3271 3270/1/3270 
f 3701/1/3701 3702/1/3702 3699/1/3699 3700/1/3700 
f 3696/1/3696 3699/1/3699 3702/1/3702 3697/1/3697 
f 3270/1/3270 3276/1/3276 3703/1/3703 3700/1/3700 
f 3704/1/3704 3703/1/3703 3276/1/3276 3275/1/3275 
f 3703/1/3703 3704/1/3704 3705/1/3705 
f 3700/1/3700 3703/1/3703 3706/1/3706 3701/1/3701 
f 3290/1/3290 3707/1/3707 3708/1/3708 3286/1/3286 
f 3704/1/3704 3708/1/3708 3707/1/3707 3705/1/3705 
f 3275/1/3275 3280/1/3280 3708/1/3708 3704/1/3704 
f 3286/1/3286 3708/1/3708 3280/1/3280 3279/1/3279 
f 3709/1/3709 3710/1/3710 3711/1/3711 
f 3712/1/3712 3713/1/3713 3714/1/3714 3711/1/3711 
f 3709/1/3709 3714/1/3714 3713/1/3713 3715/1/3715 
f 3705/1/3705 3707/1/3707 3716/1/3716 3717/1/3717 
f 3718/1/3718 3716/1/3716 3707/1/3707 3290/1/3290 
f 3719/1/3719 3720/1/3720 3716/1/3716 3718/1/3718 
f 3717/1/3717 3716/1/3716 3720/1/3720 3710/1/3710 
f 3290/1/3290 3289/1/3289 3721/1/3721 3718/1/3718 
f 3722/1/3722 3721/1/3721 3289/1/3289 3288/1/3288 
f 3723/1/3723 3724/1/3724 3721/1/3721 3722/1/3722 
f 3718/1/3718 3721/1/3721 3724/1/3724 3719/1/3719 
f 3288/1/3288 3725/1/3725 3726/1/3726 3722/1/3722 
f 3727/1/3727 3726/1/3726 3725/1/3725 3728/1/3728 
f 3729/1/3729 3730/1/3730 3726/1/3726 3727/1/3727 
f 3722/1/3722 3726/1/3726 3730/1/3730 3723/1/3723 
f 3731/1/3731 3727/1/3727 3728/1/3728 
f 3732/1/3732 3733/1/3733 3731/1/3731 3734/1/3734 
f 3735/1/3735 3731/1/3731 3733/1/3733 3736/1/3736 
f 3731/1/3731 3735/1/3735 3729/1/3729 
f 3737/1/3737 3738/1/3738 3739/1/3739 3740/1/3740 
f 3282/1/3282 3739/1/3739 3738/1/3738 3283/1/3283 
f 3171/1/3171 3174/1/3174 3739/1/3739 3282/1/3282 
f 3740/1/3740 3739/1/3739 3174/1/3174 3173/1/3173 
f 3283/1/3283 3738/1/3738 3741/1/3741 3287/1/3287 
f 3742/1/3742 3741/1/3741 3738/1/3738 3737/1/3737 
f 3741/1/3741 3742/1/3742 3728/1/3728 
f 3725/1/3725 3288/1/3288 3287/1/3287 
f 3737/1/3737 3743/1/3743 3744/1/3744 3742/1/3742 
f 3745/1/3745 3744/1/3744 3743/1/3743 3746/1/3746 
f 3732/1/3732 3734/1/3734 3744/1/3744 3745/1/3745 
f 3742/1/3742 3744/1/3744 3734/1/3734 3728/1/3728 
f 3138/1/3138 3141/1/3141 3747/1/3747 3176/1/3176 
f 3142/1/3142 3748/1/3748 3747/1/3747 3141/1/3141 
f 3749/1/3749 3750/1/3750 3747/1/3747 3748/1/3748 
f 3176/1/3176 3747/1/3747 3750/1/3750 3173/1/3173 
f 3173/1/3173 3750/1/3750 3751/1/3751 3740/1/3740 
f 3752/1/3752 3751/1/3751 3750/1/3750 3749/1/3749 
f 3746/1/3746 3743/1/3743 3751/1/3751 3752/1/3752 
f 3740/1/3740 3751/1/3751 3743/1/3743 3737/1/3737 
f 3746/1/3746 3752/1/3752 3753/1/3753 3754/1/3754 
f 3749/1/3749 3755/1/3755 3753/1/3753 3752/1/3752 
f 3756/1/3756 3754/1/3754 3753/1/3753 3755/1/3755 
f 3732/1/3732 3745/1/3745 3757/1/3757 3758/1/3758 
f 3754/1/3754 3757/1/3757 3745/1/3745 3746/1/3746 
f 3756/1/3756 3759/1/3759 3757/1/3757 3754/1/3754 
f 3758/1/3758 3757/1/3757 3759/1/3759 3760/1/3760 
f 3761/1/3761 3711/1/3711 3710/1/3710 
f 3762/1/3762 3761/1/3761 3720/1/3720 3719/1/3719 
f 3763/1/3763 3764/1/3764 3761/1/3761 3762/1/3762 
f 3764/1/3764 3712/1/3712 3711/1/3711 
f 3765/1/3765 3766/1/3766 3767/1/3767 3768/1/3768 
f 3769/1/3769 3767/1/3767 3766/1/3766 3712/1/3712 
f 3770/1/3770 3771/1/3771 3767/1/3767 3769/1/3769 
f 3768/1/3768 3767/1/3767 3771/1/3771 3772/1/3772 
f 3763/1/3763 3773/1/3773 3774/1/3774 3764/1/3764 
f 3769/1/3769 3774/1/3774 3773/1/3773 3770/1/3770 
f 3769/1/3769 3712/1/3712 3764/1/3764 
f 3719/1/3719 3724/1/3724 3775/1/3775 3762/1/3762 
f 3776/1/3776 3775/1/3775 3724/1/3724 3723/1/3723 
f 3777/1/3777 3778/1/3778 3775/1/3775 3776/1/3776 
f 3762/1/3762 3775/1/3775 3778/1/3778 3763/1/3763 
f 3777/1/3777 3779/1/3779 3780/1/3780 3778/1/3778 
f 3781/1/3781 3780/1/3780 3779/1/3779 3782/1/3782 
f 3770/1/3770 3773/1/3773 3780/1/3780 3781/1/3781 
f 3778/1/3778 3780/1/3780 3773/1/3773 3763/1/3763 
f 3782/1/3782 3783/1/3783 3784/1/3784 3781/1/3781 
f 3785/1/3785 3784/1/3784 3783/1/3783 3786/1/3786 
f 3772/1/3772 3771/1/3771 3784/1/3784 3785/1/3785 
f 3781/1/3781 3784/1/3784 3771/1/3771 3770/1/3770 
f 3787/1/3787 3776/1/3776 3723/1/3723 
f 3729/1/3729 3788/1/3788 3787/1/3787 3730/1/3730 
f 3789/1/3789 3787/1/3787 3788/1/3788 3790/1/3790 
f 3776/1/3776 3787/1/3787 3789/1/3789 3777/1/3777 
f 3790/1/3790 3791/1/3791 3792/1/3792 3789/1/3789 
f 3793/1/3793 3792/1/3792 3791/1/3791 3794/1/3794 
f 3782/1/3782 3779/1/3779 3792/1/3792 3793/1/3793 
f 3789/1/3789 3792/1/3792 3779/1/3779 3777/1/3777 
f 3794/1/3794 3795/1/3795 3796/1/3796 3793/1/3793 
f 3797/1/3797 3796/1/3796 3795/1/3795 3798/1/3798 
f 3786/1/3786 3783/1/3783 3796/1/3796 3797/1/3797 
f 3793/1/3793 3796/1/3796 3783/1/3783 3782/1/3782 
f 3765/1/3765 3768/1/3768 3799/1/3799 3800/1/3800 
f 3772/1/3772 3801/1/3801 3799/1/3799 3768/1/3768 
f 3802/1/3802 3803/1/3803 3799/1/3799 3801/1/3801 
f 3800/1/3800 3799/1/3799 3803/1/3803 3804/1/3804 
f 3785/1/3785 3805/1/3805 3801/1/3801 3772/1/3772 
f 3806/1/3806 3805/1/3805 3785/1/3785 3786/1/3786 
f 3807/1/3807 3808/1/3808 3805/1/3805 3806/1/3806 
f 3801/1/3801 3805/1/3805 3808/1/3808 3802/1/3802 
f 3786/1/3786 3797/1/3797 3809/1/3809 3806/1/3806 
f 3810/1/3810 3809/1/3809 3797/1/3797 3798/1/3798 
f 3811/1/3811 3812/1/3812 3809/1/3809 3810/1/3810 
f 3806/1/3806 3809/1/3809 3812/1/3812 3807/1/3807 
f 3798/1/3798 3813/1/3813 3814/1/3814 3810/1/3810 
f 3815/1/3815 3814/1/3814 3813/1/3813 3816/1/3816 
f 3817/1/3817 3818/1/3818 3814/1/3814 3815/1/3815 
f 3810/1/3810 3814/1/3814 3818/1/3818 3811/1/3811 
f 3811/1/3811 3818/1/3818 3819/1/3819 3820/1/3820 
f 3821/1/3821 3819/1/3819 3818/1/3818 3817/1/3817 
f 3822/1/3822 3823/1/3823 3819/1/3819 3821/1/3821 
f 3820/1/3820 3819/1/3819 3823/1/3823 3824/1/3824 
f 3825/1/3825 3715/1/3715 3826/1/3826 
f 3827/1/3827 3828/1/3828 3829/1/3829 3826/1/3826 
f 3828/1/3828 3830/1/3830 3825/1/3825 
f 3715/1/3715 3713/1/3713 3831/1/3831 3826/1/3826 
f 3832/1/3832 3831/1/3831 3713/1/3713 3712/1/3712 
f 3833/1/3833 3834/1/3834 3831/1/3831 3832/1/3832 
f 3826/1/3826 3831/1/3831 3834/1/3834 3827/1/3827 
f 3804/1/3804 3835/1/3835 3836/1/3836 3800/1/3800 
f 3832/1/3832 3836/1/3836 3835/1/3835 3833/1/3833 
f 3712/1/3712 3766/1/3766 3836/1/3836 3832/1/3832 
f 3800/1/3800 3836/1/3836 3766/1/3766 3765/1/3765 
f 3837/1/3837 3838/1/3838 3835/1/3835 3804/1/3804 
f 3839/1/3839 3840/1/3840 3838/1/3838 3837/1/3837 
f 3835/1/3835 3838/1/3838 3840/1/3840 3833/1/3833 
f 3804/1/3804 3803/1/3803 3841/1/3841 3837/1/3837 
f 3842/1/3842 3841/1/3841 3803/1/3803 3802/1/3802 
f 3843/1/3843 3844/1/3844 3841/1/3841 3842/1/3842 
f 3837/1/3837 3841/1/3841 3844/1/3844 3839/1/3839 
f 3802/1/3802 3808/1/3808 3845/1/3845 3842/1/3842 
f 3846/1/3846 3845/1/3845 3808/1/3808 3807/1/3807 
f 3847/1/3847 3848/1/3848 3845/1/3845 3846/1/3846 
f 3842/1/3842 3845/1/3845 3848/1/3848 3843/1/3843 
f 3824/1/3824 3849/1/3849 3850/1/3850 3820/1/3820 
f 3846/1/3846 3850/1/3850 3849/1/3849 3847/1/3847 
f 3807/1/3807 3812/1/3812 3850/1/3850 3846/1/3846 
f 3820/1/3820 3850/1/3850 3812/1/3812 3811/1/3811 
f 3830/1/3830 3828/1/3828 3851/1/3851 3852/1/3852 
f 3853/1/3853 3851/1/3851 3828/1/3828 3827/1/3827 
f 3854/1/3854 3855/1/3855 3851/1/3851 3853/1/3853 
f 3852/1/3852 3851/1/3851 3855/1/3855 3856/1/3856 
f 3827/1/3827 3834/1/3834 3857/1/3857 3853/1/3853 
f 3858/1/3858 3857/1/3857 3834/1/3834 3833/1/3833 
f 3859/1/3859 3860/1/3860 3857/1/3857 3858/1/3858 
f 3853/1/3853 3857/1/3857 3860/1/3860 3854/1/3854 
f 3861/1/3861 3862/1/3862 3863/1/3863 3864/1/3864 
f 3854/1/3854 3860/1/3860 3863/1/3863 3862/1/3862 
f 3860/1/3860 3859/1/3859 3865/1/3865 
f 3864/1/3864 3863/1/3863 3865/1/3865 3866/1/3866 
f 3833/1/3833 3840/1/3840 3867/1/3867 3858/1/3858 
f 3868/1/3868 3867/1/3867 3840/1/3840 3839/1/3839 
f 3869/1/3869 3870/1/3870 3867/1/3867 3868/1/3868 
f 3858/1/3858 3867/1/3867 3870/1/3870 3859/1/3859 
f 3871/1/3871 3872/1/3872 3870/1/3870 3869/1/3869 
f 3873/1/3873 3872/1/3872 3871/1/3871 3874/1/3874 
f 3866/1/3866 3865/1/3865 3872/1/3872 3873/1/3873 
f 3859/1/3859 3870/1/3870 3872/1/3872 3865/1/3865 
f 3839/1/3839 3844/1/3844 3875/1/3875 3868/1/3868 
f 3876/1/3876 3875/1/3875 3844/1/3844 3843/1/3843 
f 3877/1/3877 3878/1/3878 3875/1/3875 3876/1/3876 
f 3868/1/3868 3875/1/3875 3878/1/3878 3869/1/3869 
f 3879/1/3879 3880/1/3880 3881/1/3881 3882/1/3882 
f 3871/1/3871 3881/1/3881 3880/1/3880 3874/1/3874 
f 3869/1/3869 3878/1/3878 3881/1/3881 3871/1/3871 
f 3882/1/3882 3881/1/3881 3878/1/3878 3877/1/3877 
f 3843/1/3843 3848/1/3848 3883/1/3883 3876/1/3876 
f 3884/1/3884 3883/1/3883 3848/1/3848 3847/1/3847 
f 3885/1/3885 3886/1/3886 3883/1/3883 3884/1/3884 
f 3876/1/3876 3883/1/3883 3886/1/3886 3877/1/3877 
f 3887/1/3887 3888/1/3888 3889/1/3889 3890/1/3890 
f 3888/1/3888 3879/1/3879 3882/1/3882 
f 3877/1/3877 3886/1/3886 3889/1/3889 3882/1/3882 
f 3890/1/3890 3889/1/3889 3886/1/3886 3885/1/3885 
f 866/1/866 3891/1/3891 3892/1/3892 867/1/867 
f 3893/1/3893 3892/1/3892 3891/1/3891 3894/1/3894 
f 3895/1/3895 3896/1/3896 3892/1/3892 3893/1/3893 
f 867/1/867 3892/1/3892 3896/1/3896 871/1/871 
f 3897/1/3897 3898/1/3898 3899/1/3899 3900/1/3900 
f 882/1/882 3899/1/3899 3898/1/3898 883/1/883 
f 881/1/881 3901/1/3901 3899/1/3899 882/1/882 
f 3900/1/3900 3899/1/3899 3901/1/3901 3902/1/3902 
f 3903/1/3903 3904/1/3904 3905/1/3905 3906/1/3906 
f 888/1/888 3905/1/3905 3904/1/3904 889/1/889 
f 883/1/883 3898/1/3898 3905/1/3905 888/1/888 
f 3906/1/3906 3905/1/3905 3898/1/3898 3897/1/3897 
f 889/1/889 3904/1/3904 3907/1/3907 890/1/890 
f 3908/1/3908 3907/1/3907 3904/1/3904 3903/1/3903 
f 3894/1/3894 3891/1/3891 3907/1/3907 3908/1/3908 
f 890/1/890 3907/1/3907 3891/1/3891 866/1/866 
f 3902/1/3902 3909/1/3909 3910/1/3910 3900/1/3900 
f 3911/1/3911 3910/1/3910 3909/1/3909 3912/1/3912 
f 3913/1/3913 3914/1/3914 3910/1/3910 3911/1/3911 
f 3900/1/3900 3910/1/3910 3914/1/3914 3897/1/3897 
f 3915/1/3915 3916/1/3916 3917/1/3917 3918/1/3918 
f 3906/1/3906 3917/1/3917 3916/1/3916 3903/1/3903 
f 3897/1/3897 3914/1/3914 3917/1/3917 3906/1/3906 
f 3918/1/3918 3917/1/3917 3914/1/3914 3913/1/3913 
f 3903/1/3903 3916/1/3916 3919/1/3919 3908/1/3908 
f 3920/1/3920 3919/1/3919 3916/1/3916 3915/1/3915 
f 3921/1/3921 3922/1/3922 3919/1/3919 3920/1/3920 
f 3922/1/3922 3894/1/3894 3908/1/3908 
f 3912/1/3912 3923/1/3923 3924/1/3924 3911/1/3911 
f 3925/1/3925 3924/1/3924 3923/1/3923 3926/1/3926 
f 3927/1/3927 3928/1/3928 3924/1/3924 3925/1/3925 
f 3911/1/3911 3924/1/3924 3928/1/3928 3913/1/3913 
f 3856/1/3856 3929/1/3929 3930/1/3930 3852/1/3852 
f 3931/1/3931 3930/1/3930 3929/1/3929 3932/1/3932 
f 3933/1/3933 3934/1/3934 3930/1/3930 3931/1/3931 
f 3852/1/3852 3930/1/3930 3934/1/3934 3830/1/3830 
f 3926/1/3926 3935/1/3935 3936/1/3936 3925/1/3925 
f 3937/1/3937 3936/1/3936 3935/1/3935 3938/1/3938 
f 3939/1/3939 3940/1/3940 3936/1/3936 3937/1/3937 
f 3925/1/3925 3936/1/3936 3940/1/3940 3927/1/3927 
f 3941/1/3941 3942/1/3942 3943/1/3943 3944/1/3944 
f 3918/1/3918 3943/1/3943 3942/1/3942 3915/1/3915 
f 3913/1/3913 3928/1/3928 3943/1/3943 3918/1/3918 
f 3944/1/3944 3943/1/3943 3928/1/3928 3927/1/3927 
f 3939/1/3939 3945/1/3945 3946/1/3946 3940/1/3940 
f 3946/1/3946 3945/1/3945 3941/1/3941 
f 3927/1/3927 3940/1/3940 3946/1/3946 3944/1/3944 
f 3915/1/3915 3942/1/3942 3947/1/3947 3920/1/3920 
f 3948/1/3948 3947/1/3947 3942/1/3942 3941/1/3941 
f 3947/1/3947 3948/1/3948 3949/1/3949 
f 3920/1/3920 3947/1/3947 3950/1/3950 3921/1/3921 
f 3951/1/3951 3948/1/3948 3941/1/3941 
f 3945/1/3945 3939/1/3939 3952/1/3952 
f 3953/1/3953 3954/1/3954 3951/1/3951 3952/1/3952 
f 3954/1/3954 3949/1/3949 3948/1/3948 
f 3932/1/3932 3955/1/3955 3956/1/3956 3931/1/3931 
f 3937/1/3937 3956/1/3956 3955/1/3955 3939/1/3939 
f 3938/1/3938 3957/1/3957 3956/1/3956 3937/1/3937 
f 3931/1/3931 3956/1/3956 3957/1/3957 3933/1/3933 
f 3894/1/3894 3922/1/3922 3958/1/3958 3893/1/3893 
f 3959/1/3959 3958/1/3958 3922/1/3922 3921/1/3921 
f 3960/1/3960 3961/1/3961 3958/1/3958 3959/1/3959 
f 3893/1/3893 3958/1/3958 3961/1/3961 3895/1/3895 
f 3921/1/3921 3950/1/3950 3962/1/3962 3959/1/3959 
f 3963/1/3963 3962/1/3962 3950/1/3950 3949/1/3949 
f 3964/1/3964 3965/1/3965 3962/1/3962 3963/1/3963 
f 3965/1/3965 3960/1/3960 3959/1/3959 
f 3964/1/3964 3966/1/3966 3967/1/3967 3965/1/3965 
f 3968/1/3968 3967/1/3967 3966/1/3966 3969/1/3969 
f 3970/1/3970 3971/1/3971 3967/1/3967 3968/1/3968 
f 3971/1/3971 3960/1/3960 3965/1/3965 
f 3972/1/3972 3973/1/3973 3974/1/3974 3975/1/3975 
f 3952/1/3952 3974/1/3974 3973/1/3973 3953/1/3953 
f 3939/1/3939 3955/1/3955 3974/1/3974 3952/1/3952 
f 3975/1/3975 3974/1/3974 3955/1/3955 3932/1/3932 
f 3953/1/3953 3973/1/3973 3976/1/3976 3954/1/3954 
f 3977/1/3977 3976/1/3976 3973/1/3973 3972/1/3972 
f 3964/1/3964 3963/1/3963 3976/1/3976 3977/1/3977 
f 3954/1/3954 3976/1/3976 3963/1/3963 3949/1/3949 
f 3861/1/3861 3978/1/3978 3979/1/3979 3862/1/3862 
f 3980/1/3980 3979/1/3979 3978/1/3978 3981/1/3981 
f 3856/1/3856 3855/1/3855 3979/1/3979 3980/1/3980 
f 3862/1/3862 3979/1/3979 3855/1/3855 3854/1/3854 
f 3982/1/3982 3983/1/3983 3984/1/3984 3985/1/3985 
f 3983/1/3983 3969/1/3969 3966/1/3966 
f 3977/1/3977 3984/1/3984 3966/1/3966 3964/1/3964 
f 3977/1/3977 3972/1/3972 3985/1/3985 
f 3981/1/3981 3986/1/3986 3987/1/3987 3980/1/3980 
f 3975/1/3975 3987/1/3987 3986/1/3986 3972/1/3972 
f 3932/1/3932 3929/1/3929 3987/1/3987 3975/1/3975 
f 3929/1/3929 3856/1/3856 3980/1/3980 
f 3988/1/3988 3989/1/3989 3986/1/3986 3981/1/3981 
f 3982/1/3982 3985/1/3985 3989/1/3989 3988/1/3988 
f 3972/1/3972 3986/1/3986 3989/1/3989 3985/1/3985 
f 3990/1/3990 3991/1/3991 3992/1/3992 3993/1/3993 
f 3994/1/3994 3992/1/3992 3991/1/3991 3995/1/3995 
f 3366/1/3366 3362/1/3362 3992/1/3992 3994/1/3994 
f 3993/1/3993 3992/1/3992 3362/1/3362 3361/1/3361 
f 3995/1/3995 3996/1/3996 3997/1/3997 3994/1/3994 
f 3998/1/3998 3997/1/3997 3996/1/3996 3999/1/3999 
f 3372/1/3372 3369/1/3369 3997/1/3997 3998/1/3998 
f 3994/1/3994 3997/1/3997 3369/1/3369 3366/1/3366 
f 4000/1/4000 4001/1/4001 4002/1/4002 4003/1/4003 
f 3376/1/3376 3373/1/3373 4003/1/4003 4002/1/4002 
f 3998/1/3998 4003/1/4003 3373/1/3373 3372/1/3372 
f 4000/1/4000 4003/1/4003 3998/1/3998 3999/1/3999 
f 4001/1/4001 4004/1/4004 4005/1/4005 4002/1/4002 
f 4006/1/4006 4005/1/4005 4004/1/4004 4007/1/4007 
f 3380/1/3380 3377/1/3377 4005/1/4005 4006/1/4006 
f 4002/1/4002 4005/1/4005 3377/1/3377 3376/1/3376 
f 4007/1/4007 4008/1/4008 4009/1/4009 4006/1/4006 
f 4010/1/4010 4009/1/4009 4008/1/4008 4011/1/4011 
f 3384/1/3384 3381/1/3381 4009/1/4009 4010/1/4010 
f 4006/1/4006 4009/1/4009 3381/1/3381 3380/1/3380 
f 4011/1/4011 4012/1/4012 4013/1/4013 4010/1/4010 
f 4014/1/4014 4013/1/4013 4012/1/4012 4015/1/4015 
f 3388/1/3388 3385/1/3385 4013/1/4013 4014/1/4014 
f 4010/1/4010 4013/1/4013 3385/1/3385 3384/1/3384 
f 4015/1/4015 4016/1/4016 4017/1/4017 4014/1/4014 
f 4018/1/4018 4017/1/4017 4016/1/4016 4019/1/4019 
f 3392/1/3392 3389/1/3389 4017/1/4017 4018/1/4018 
f 4014/1/4014 4017/1/4017 3389/1/3389 3388/1/3388 
f 4019/1/4019 4020/1/4020 4021/1/4021 4018/1/4018 
f 4022/1/4022 4021/1/4021 4020/1/4020 4023/1/4023 
f 3396/1/3396 3393/1/3393 4021/1/4021 4022/1/4022 
f 4018/1/4018 4021/1/4021 3393/1/3393 3392/1/3392 
f 4024/1/4024 4025/1/4025 4026/1/4026 4027/1/4027 
f 3400/1/3400 3397/1/3397 4026/1/4026 4025/1/4025 
f 4022/1/4022 4026/1/4026 3397/1/3397 3396/1/3396 
f 4027/1/4027 4026/1/4026 4022/1/4022 4023/1/4023 
f 4028/1/4028 4029/1/4029 4030/1/4030 4031/1/4031 
f 4032/1/4032 4033/1/4033 4029/1/4029 4028/1/4028 
f 4027/1/4027 4029/1/4029 4033/1/4033 4024/1/4024 
f 4030/1/4030 4029/1/4029 4027/1/4027 4023/1/4023 
f 4034/1/4034 4035/1/4035 4036/1/4036 4037/1/4037 
f 3991/1/3991 4036/1/4036 4035/1/4035 3995/1/3995 
f 3990/1/3990 4038/1/4038 4036/1/4036 3991/1/3991 
f 4037/1/4037 4036/1/4036 4038/1/4038 4039/1/4039 
f 4040/1/4040 4041/1/4041 4042/1/4042 4043/1/4043 
f 3996/1/3996 4042/1/4042 4041/1/4041 3999/1/3999 
f 3995/1/3995 4035/1/4035 4042/1/4042 3996/1/3996 
f 4043/1/4043 4042/1/4042 4035/1/4035 4034/1/4034 
f 4044/1/4044 4045/1/4045 4046/1/4046 4047/1/4047 
f 4000/1/4000 4046/1/4046 4045/1/4045 4001/1/4001 
f 3999/1/3999 4041/1/4041 4046/1/4046 4000/1/4000 
f 4047/1/4047 4046/1/4046 4041/1/4041 4040/1/4040 
f 4048/1/4048 4049/1/4049 4050/1/4050 4051/1/4051 
f 4007/1/4007 4004/1/4004 4050/1/4050 4049/1/4049 
f 4001/1/4001 4045/1/4045 4050/1/4050 4004/1/4004 
f 4051/1/4051 4050/1/4050 4045/1/4045 4044/1/4044 
f 4052/1/4052 4053/1/4053 4054/1/4054 4055/1/4055 
f 4011/1/4011 4008/1/4008 4054/1/4054 4053/1/4053 
f 4049/1/4049 4054/1/4054 4008/1/4008 4007/1/4007 
f 4055/1/4055 4054/1/4054 4049/1/4049 4048/1/4048 
f 4056/1/4056 4057/1/4057 4058/1/4058 4059/1/4059 
f 4015/1/4015 4012/1/4012 4058/1/4058 4057/1/4057 
f 4053/1/4053 4058/1/4058 4012/1/4012 4011/1/4011 
f 4059/1/4059 4058/1/4058 4053/1/4053 4052/1/4052 
f 4056/1/4056 4060/1/4060 4061/1/4061 4057/1/4057 
f 4062/1/4062 4061/1/4061 4060/1/4060 4063/1/4063 
f 4019/1/4019 4016/1/4016 4061/1/4061 4062/1/4062 
f 4057/1/4057 4061/1/4061 4016/1/4016 4015/1/4015 
f 4064/1/4064 4065/1/4065 4066/1/4066 
f 4020/1/4020 4067/1/4067 4066/1/4066 4023/1/4023 
f 4062/1/4062 4067/1/4067 4020/1/4020 4019/1/4019 
f 4063/1/4063 4064/1/4064 4067/1/4067 4062/1/4062 
f 4065/1/4065 4068/1/4068 4069/1/4069 4066/1/4066 
f 4070/1/4070 4069/1/4069 4068/1/4068 4071/1/4071 
f 4031/1/4031 4030/1/4030 4069/1/4069 4070/1/4070 
f 4066/1/4066 4069/1/4069 4030/1/4030 4023/1/4023 
f 4039/1/4039 4072/1/4072 4073/1/4073 4037/1/4037 
f 4074/1/4074 4073/1/4073 4072/1/4072 4075/1/4075 
f 4076/1/4076 4077/1/4077 4073/1/4073 4074/1/4074 
f 4037/1/4037 4073/1/4073 4077/1/4077 4034/1/4034 
f 4034/1/4034 4077/1/4077 4078/1/4078 4043/1/4043 
f 4079/1/4079 4078/1/4078 4077/1/4077 4076/1/4076 
f 4080/1/4080 4081/1/4081 4078/1/4078 4079/1/4079 
f 4043/1/4043 4078/1/4078 4081/1/4081 4040/1/4040 
f 4040/1/4040 4081/1/4081 4082/1/4082 4047/1/4047 
f 4083/1/4083 4082/1/4082 4081/1/4081 4080/1/4080 
f 4084/1/4084 4085/1/4085 4082/1/4082 4083/1/4083 
f 4047/1/4047 4082/1/4082 4085/1/4085 4044/1/4044 
f 4044/1/4044 4085/1/4085 4086/1/4086 4051/1/4051 
f 4087/1/4087 4086/1/4086 4085/1/4085 4084/1/4084 
f 4088/1/4088 4089/1/4089 4086/1/4086 4087/1/4087 
f 4051/1/4051 4086/1/4086 4089/1/4089 4048/1/4048 
f 4090/1/4090 4091/1/4091 4092/1/4092 4093/1/4093 
f 4074/1/4074 4092/1/4092 4091/1/4091 4076/1/4076 
f 4075/1/4075 4094/1/4094 4092/1/4092 4074/1/4074 
f 4093/1/4093 4092/1/4092 4094/1/4094 4095/1/4095 
f 4096/1/4096 4097/1/4097 4098/1/4098 4099/1/4099 
f 4079/1/4079 4097/1/4097 4096/1/4096 4080/1/4080 
f 4076/1/4076 4091/1/4091 4097/1/4097 4079/1/4079 
f 4098/1/4098 4097/1/4097 4091/1/4091 4090/1/4090 
f 4100/1/4100 4101/1/4101 4102/1/4102 4103/1/4103 
f 4083/1/4083 4101/1/4101 4100/1/4100 4084/1/4084 
f 4080/1/4080 4096/1/4096 4101/1/4101 4083/1/4083 
f 4099/1/4099 4102/1/4102 4101/1/4101 4096/1/4096 
f 1088/1/1088 1091/1/1091 4104/1/4104 4105/1/4105 
f 4106/1/4106 4104/1/4104 1091/1/1091 1096/1/1096 
f 4107/1/4107 4104/1/4104 4106/1/4106 4108/1/4108 
f 4109/1/4109 4105/1/4105 4104/1/4104 4107/1/4107 
f 1096/1/1096 1098/1/1098 4110/1/4110 4106/1/4106 
f 4111/1/4111 4110/1/4110 1098/1/1098 1102/1/1102 
f 4112/1/4112 4113/1/4113 4110/1/4110 4111/1/4111 
f 4106/1/4106 4110/1/4110 4113/1/4113 4108/1/4108 
f 1102/1/1102 1104/1/1104 4114/1/4114 4111/1/4111 
f 4115/1/4115 4114/1/4114 1104/1/1104 1108/1/1108 
f 4116/1/4116 4117/1/4117 4114/1/4114 4115/1/4115 
f 4111/1/4111 4114/1/4114 4117/1/4117 4112/1/4112 
f 1108/1/1108 1110/1/1110 4118/1/4118 4115/1/4115 
f 4119/1/4119 4118/1/4118 1110/1/1110 1114/1/1114 
f 4120/1/4120 4121/1/4121 4118/1/4118 4119/1/4119 
f 4115/1/4115 4118/1/4118 4121/1/4121 4116/1/4116 
f 1114/1/1114 1116/1/1116 4122/1/4122 4119/1/4119 
f 4123/1/4123 4122/1/4122 1116/1/1116 1120/1/1120 
f 4124/1/4124 4125/1/4125 4122/1/4122 4123/1/4123 
f 4119/1/4119 4122/1/4122 4125/1/4125 4120/1/4120 
f 1120/1/1120 1122/1/1122 4126/1/4126 4123/1/4123 
f 4127/1/4127 4126/1/4126 1122/1/1122 1126/1/1126 
f 4128/1/4128 4129/1/4129 4126/1/4126 4127/1/4127 
f 4123/1/4123 4126/1/4126 4129/1/4129 4124/1/4124 
f 4130/1/4130 4131/1/4131 1128/1/1128 1127/1/1127 
f 4132/1/4132 4133/1/4133 4131/1/4131 4130/1/4130 
f 4127/1/4127 4131/1/4131 4133/1/4133 4128/1/4128 
f 1126/1/1126 1128/1/1128 4131/1/4131 4127/1/4127 
f 4134/1/4134 4135/1/4135 4136/1/4136 4137/1/4137 
f 4130/1/4130 4136/1/4136 4135/1/4135 4132/1/4132 
f 1127/1/1127 1134/1/1134 4136/1/4136 4130/1/4130 
f 4137/1/4137 4136/1/4136 1134/1/1134 1138/1/1138 
f 1139/1/1139 4138/1/4138 4139/1/4139 1140/1/1140 
f 4140/1/4140 4141/1/4141 4139/1/4139 4138/1/4138 
f 4137/1/4137 4139/1/4139 4141/1/4141 4134/1/4134 
f 1138/1/1138 1140/1/1140 4139/1/4139 4137/1/4137 
f 1139/1/1139 1146/1/1146 4142/1/4142 4138/1/4138 
f 4143/1/4143 4142/1/4142 1146/1/1146 1150/1/1150 
f 4144/1/4144 4145/1/4145 4142/1/4142 4143/1/4143 
f 4138/1/4138 4142/1/4142 4145/1/4145 4140/1/4140 
f 4146/1/4146 4147/1/4147 4148/1/4148 4149/1/4149 
f 4113/1/4113 4148/1/4148 4147/1/4147 4108/1/4108 
f 4150/1/4150 4148/1/4148 4113/1/4113 4112/1/4112 
f 4151/1/4151 4149/1/4149 4148/1/4148 4150/1/4150 
f 4151/1/4151 4152/1/4152 4153/1/4153 4154/1/4154 
f 4155/1/4155 4153/1/4153 4152/1/4152 4156/1/4156 
f 4099/1/4099 4098/1/4098 4153/1/4153 4155/1/4155 
f 4154/1/4154 4153/1/4153 4098/1/4098 4090/1/4090 
f 4156/1/4156 4152/1/4152 4157/1/4157 4158/1/4158 
f 4150/1/4150 4157/1/4157 4152/1/4152 4151/1/4151 
f 4112/1/4112 4117/1/4117 4157/1/4157 4150/1/4150 
f 4158/1/4158 4157/1/4157 4117/1/4117 4116/1/4116 
f 4156/1/4156 4159/1/4159 4160/1/4160 4155/1/4155 
f 4161/1/4161 4160/1/4160 4159/1/4159 4162/1/4162 
f 4103/1/4103 4102/1/4102 4160/1/4160 4161/1/4161 
f 4155/1/4155 4160/1/4160 4102/1/4102 4099/1/4099 
f 4162/1/4162 4159/1/4159 4163/1/4163 4164/1/4164 
f 4158/1/4158 4163/1/4163 4159/1/4159 4156/1/4156 
f 4116/1/4116 4121/1/4121 4163/1/4163 4158/1/4158 
f 4164/1/4164 4163/1/4163 4121/1/4121 4120/1/4120 
f 4120/1/4120 4125/1/4125 4165/1/4165 4164/1/4164 
f 4166/1/4166 4165/1/4165 4125/1/4125 4124/1/4124 
f 4167/1/4167 4168/1/4168 4165/1/4165 4166/1/4166 
f 4164/1/4164 4165/1/4165 4168/1/4168 4162/1/4162 
f 4169/1/4169 4170/1/4170 4129/1/4129 4128/1/4128 
f 4171/1/4171 4172/1/4172 4170/1/4170 4169/1/4169 
f 4166/1/4166 4170/1/4170 4172/1/4172 4167/1/4167 
f 4124/1/4124 4129/1/4129 4170/1/4170 4166/1/4166 
f 4173/1/4173 4174/1/4174 4175/1/4175 4176/1/4176 
f 4169/1/4169 4175/1/4175 4174/1/4174 4171/1/4171 
f 4128/1/4128 4133/1/4133 4175/1/4175 4169/1/4169 
f 4176/1/4176 4175/1/4175 4133/1/4133 4132/1/4132 
f 4177/1/4177 4178/1/4178 4179/1/4179 4180/1/4180 
f 4176/1/4176 4179/1/4179 4178/1/4178 4173/1/4173 
f 4132/1/4132 4135/1/4135 4179/1/4179 4176/1/4176 
f 4180/1/4180 4179/1/4179 4135/1/4135 4134/1/4134 
f 4181/1/4181 4182/1/4182 4183/1/4183 4184/1/4184 
f 4180/1/4180 4183/1/4183 4182/1/4182 4177/1/4177 
f 4134/1/4134 4141/1/4141 4183/1/4183 4180/1/4180 
f 4184/1/4184 4183/1/4183 4141/1/4141 4140/1/4140 
f 4185/1/4185 4186/1/4186 4187/1/4187 
f 4188/1/4188 4185/1/4185 4189/1/4189 4190/1/4190 
f 4146/1/4146 4191/1/4191 4185/1/4185 4188/1/4188 
f 4186/1/4186 4185/1/4185 4191/1/4191 4095/1/4095 
f 4108/1/4108 4147/1/4147 4192/1/4192 4107/1/4107 
f 4188/1/4188 4192/1/4192 4147/1/4147 4146/1/4146 
f 4190/1/4190 4193/1/4193 4192/1/4192 4188/1/4188 
f 4107/1/4107 4192/1/4192 4193/1/4193 4109/1/4109 
f 4095/1/4095 4191/1/4191 4194/1/4194 4093/1/4093 
f 4149/1/4149 4194/1/4194 4191/1/4191 4146/1/4146 
f 4151/1/4151 4154/1/4154 4194/1/4194 4149/1/4149 
f 4093/1/4093 4194/1/4194 4154/1/4154 4090/1/4090 
f 3420/1/3420 4195/1/4195 4196/1/4196 3416/1/3416 
f 4197/1/4197 4196/1/4196 4195/1/4195 4198/1/4198 
f 3041/1/3041 3414/1/3414 4196/1/4196 4197/1/4197 
f 3416/1/3416 4196/1/4196 3414/1/3414 3413/1/3413 
f 4199/1/4199 4200/1/4200 4197/1/4197 4198/1/4198 
f 3078/1/3078 4200/1/4200 4199/1/4199 3075/1/3075 
f 3045/1/3045 3042/1/3042 4200/1/4200 3078/1/3078 
f 4197/1/4197 4200/1/4200 3042/1/3042 3041/1/3041 
f 3610/1/3610 3609/1/3609 4201/1/4201 
f 4202/1/4202 4203/1/4203 4204/1/4204 4201/1/4201 
f 3420/1/3420 3419/1/3419 4204/1/4204 4203/1/4203 
f 3610/1/3610 4204/1/4204 3419/1/3419 3418/1/3418 
f 4205/1/4205 4206/1/4206 4207/1/4207 
f 4207/1/4207 3623/1/3623 3622/1/3622 
f 3075/1/3075 4199/1/4199 4208/1/4208 3622/1/3622 
f 4199/1/4199 4198/1/4198 4205/1/4205 
f 4209/1/4209 4210/1/4210 4211/1/4211 4212/1/4212 
f 4195/1/4195 4211/1/4211 4210/1/4210 4198/1/4198 
f 3420/1/3420 4203/1/4203 4211/1/4211 4195/1/4195 
f 4203/1/4203 4202/1/4202 4212/1/4212 
f 4213/1/4213 4214/1/4214 4210/1/4210 4209/1/4209 
f 4206/1/4206 4205/1/4205 4214/1/4214 4213/1/4213 
f 4198/1/4198 4210/1/4210 4214/1/4214 4205/1/4205 
f 3609/1/3609 3615/1/3615 4215/1/4215 4201/1/4201 
f 4216/1/4216 4215/1/4215 3615/1/3615 3614/1/3614 
f 4217/1/4217 4218/1/4218 4215/1/4215 4216/1/4216 
f 4218/1/4218 4202/1/4202 4201/1/4201 
f 4206/1/4206 4219/1/4219 4220/1/4220 4207/1/4207 
f 4221/1/4221 4220/1/4220 4219/1/4219 4222/1/4222 
f 3630/1/3630 3637/1/3637 4220/1/4220 4221/1/4221 
f 4207/1/4207 4220/1/4220 3637/1/3637 3623/1/3623 
f 4223/1/4223 4224/1/4224 4225/1/4225 4226/1/4226 
f 4212/1/4212 4225/1/4225 4224/1/4224 4209/1/4209 
f 4202/1/4202 4218/1/4218 4225/1/4225 4212/1/4212 
f 4226/1/4226 4225/1/4225 4218/1/4218 4217/1/4217 
f 4209/1/4209 4224/1/4224 4227/1/4227 4213/1/4213 
f 4228/1/4228 4227/1/4227 4224/1/4224 4223/1/4223 
f 4222/1/4222 4219/1/4219 4227/1/4227 4228/1/4228 
f 4213/1/4213 4227/1/4227 4219/1/4219 4206/1/4206 
f 3630/1/3630 4221/1/4221 4229/1/4229 3629/1/3629 
f 4222/1/4222 4230/1/4230 4229/1/4229 4221/1/4221 
f 4231/1/4231 4229/1/4229 4230/1/4230 4232/1/4232 
f 3629/1/3629 4229/1/4229 4231/1/4231 3620/1/3620 
f 4233/1/4233 4234/1/4234 4235/1/4235 4236/1/4236 
f 4216/1/4216 4235/1/4235 4234/1/4234 4217/1/4217 
f 3614/1/3614 3611/1/3611 4235/1/4235 4216/1/4216 
f 4236/1/4236 4235/1/4235 3611/1/3611 3606/1/3606 
f 4237/1/4237 4238/1/4238 4239/1/4239 4240/1/4240 
f 4226/1/4226 4239/1/4239 4238/1/4238 4223/1/4223 
f 4217/1/4217 4234/1/4234 4239/1/4239 4226/1/4226 
f 4240/1/4240 4239/1/4239 4234/1/4234 4233/1/4233 
f 4232/1/4232 4230/1/4230 4241/1/4241 4242/1/4242 
f 4228/1/4228 4241/1/4241 4230/1/4230 4222/1/4222 
f 4223/1/4223 4238/1/4238 4241/1/4241 4228/1/4228 
f 4242/1/4242 4241/1/4241 4238/1/4238 4237/1/4237 
f 3460/1/3460 4243/1/4243 4244/1/4244 3603/1/3603 
f 4245/1/4245 4244/1/4244 4243/1/4243 4246/1/4246 
f 4233/1/4233 4236/1/4236 4244/1/4244 4245/1/4245 
f 4236/1/4236 3606/1/3606 3603/1/3603 
f 4246/1/4246 4243/1/4243 4247/1/4247 4248/1/4248 
f 3463/1/3463 4247/1/4247 4243/1/4243 3460/1/3460 
f 3458/1/3458 4248/1/4248 4247/1/4247 3463/1/3463 
f 4232/1/4232 4249/1/4249 4250/1/4250 4231/1/4231 
f 4251/1/4251 4250/1/4250 4249/1/4249 4252/1/4252 
f 3619/1/3619 4250/1/4250 4251/1/4251 3368/1/3368 
f 4250/1/4250 3619/1/3619 3620/1/3620 
f 4253/1/4253 4254/1/4254 4255/1/4255 4256/1/4256 
f 4240/1/4240 4255/1/4255 4254/1/4254 4237/1/4237 
f 4233/1/4233 4245/1/4245 4255/1/4255 4240/1/4240 
f 4256/1/4256 4255/1/4255 4245/1/4245 4246/1/4246 
f 4237/1/4237 4254/1/4254 4257/1/4257 4242/1/4242 
f 4254/1/4254 4253/1/4253 4258/1/4258 
f 4252/1/4252 4249/1/4249 4257/1/4257 4258/1/4258 
f 4242/1/4242 4257/1/4257 4249/1/4249 4232/1/4232 
f 3458/1/3458 3456/1/3456 4259/1/4259 4248/1/4248 
f 4260/1/4260 4259/1/4259 3456/1/3456 3457/1/3457 
f 4261/1/4261 4262/1/4262 4259/1/4259 4260/1/4260 
f 4248/1/4248 4259/1/4259 4262/1/4262 4246/1/4246 
f 4263/1/4263 4264/1/4264 4265/1/4265 4266/1/4266 
f 3364/1/3364 4265/1/4265 4264/1/4264 3361/1/3361 
f 3368/1/3368 4251/1/4251 4265/1/4265 3364/1/3364 
f 4266/1/4266 4265/1/4265 4251/1/4251 4252/1/4252 
f 4261/1/4261 4267/1/4267 4268/1/4268 4262/1/4262 
f 4269/1/4269 4268/1/4268 4267/1/4267 4270/1/4270 
f 4256/1/4256 4268/1/4268 4269/1/4269 4253/1/4253 
f 4262/1/4262 4268/1/4268 4256/1/4256 4246/1/4246 
f 4253/1/4253 4269/1/4269 4271/1/4271 4258/1/4258 
f 4272/1/4272 4271/1/4271 4269/1/4269 4270/1/4270 
f 4266/1/4266 4271/1/4271 4272/1/4272 4263/1/4263 
f 4252/1/4252 4258/1/4258 4271/1/4271 4266/1/4266 
f 4273/1/4273 4274/1/4274 4275/1/4275 4276/1/4276 
f 4277/1/4277 4278/1/4278 4274/1/4274 4273/1/4273 
f 3457/1/3457 3453/1/3453 4274/1/4274 4278/1/4278 
f 4275/1/4275 4274/1/4274 3453/1/3453 3452/1/3452 
f 4279/1/4279 4280/1/4280 4281/1/4281 4282/1/4282 
f 3993/1/3993 4281/1/4281 4280/1/4280 3990/1/3990 
f 3361/1/3361 4264/1/4264 4281/1/4281 3993/1/3993 
f 4282/1/4282 4281/1/4281 4264/1/4264 4263/1/4263 
f 3457/1/3457 4278/1/4278 4283/1/4283 4260/1/4260 
f 4284/1/4284 4283/1/4283 4278/1/4278 4277/1/4277 
f 4261/1/4261 4260/1/4260 4283/1/4283 4284/1/4284 
f 4285/1/4285 4273/1/4273 4276/1/4276 
f 4286/1/4286 4285/1/4285 4287/1/4287 4187/1/4187 
f 4288/1/4288 4289/1/4289 4285/1/4285 4286/1/4286 
f 4273/1/4273 4285/1/4285 4289/1/4289 4277/1/4277 
f 4190/1/4190 4189/1/4189 4290/1/4290 4291/1/4291 
f 4187/1/4187 4287/1/4287 4290/1/4290 4189/1/4189 
f 4287/1/4287 4276/1/4276 4291/1/4291 
f 4292/1/4292 4293/1/4293 4280/1/4280 4279/1/4279 
f 4294/1/4294 4293/1/4293 4292/1/4292 4187/1/4187 
f 4039/1/4039 4038/1/4038 4293/1/4293 4294/1/4294 
f 3990/1/3990 4280/1/4280 4293/1/4293 4038/1/4038 
f 4286/1/4286 4295/1/4295 4296/1/4296 4288/1/4288 
f 4292/1/4292 4295/1/4295 4286/1/4286 4187/1/4187 
f 4279/1/4279 4296/1/4296 4295/1/4295 4292/1/4292 
f 4039/1/4039 4294/1/4294 4297/1/4297 4072/1/4072 
f 4294/1/4294 4187/1/4187 4186/1/4186 
f 4095/1/4095 4094/1/4094 4297/1/4297 4186/1/4186 
f 4072/1/4072 4297/1/4297 4094/1/4094 4075/1/4075 
f 4263/1/4263 4272/1/4272 4298/1/4298 4282/1/4282 
f 4299/1/4299 4298/1/4298 4272/1/4272 4270/1/4270 
f 4288/1/4288 4296/1/4296 4298/1/4298 4299/1/4299 
f 4282/1/4282 4298/1/4298 4296/1/4296 4279/1/4279 
f 4277/1/4277 4289/1/4289 4300/1/4300 4284/1/4284 
f 4299/1/4299 4300/1/4300 4289/1/4289 4288/1/4288 
f 4270/1/4270 4267/1/4267 4300/1/4300 4299/1/4299 
f 4284/1/4284 4300/1/4300 4267/1/4267 4261/1/4261 
f 4301/1/4301 4291/1/4291 4276/1/4276 
f 4302/1/4302 4301/1/4301 4303/1/4303 4304/1/4304 
f 4109/1/4109 4193/1/4193 4301/1/4301 4302/1/4302 
f 4291/1/4291 4301/1/4301 4193/1/4193 4190/1/4190 
f 1312/1/1312 1311/1/1311 4305/1/4305 4306/1/4306 
f 4105/1/4105 4305/1/4305 1311/1/1311 1088/1/1088 
f 4302/1/4302 4305/1/4305 4105/1/4105 4109/1/4109 
f 4306/1/4306 4305/1/4305 4302/1/4302 4304/1/4304 
f 4307/1/4307 4308/1/4308 4309/1/4309 4310/1/4310 
f 4311/1/4311 4308/1/4308 4307/1/4307 4312/1/4312 
f 3430/1/3430 3426/1/3426 4308/1/4308 4311/1/4311 
f 3425/1/3425 4309/1/4309 4308/1/4308 3426/1/3426 
f 4312/1/4312 4313/1/4313 4314/1/4314 4311/1/4311 
f 4315/1/4315 4314/1/4314 4313/1/4313 4316/1/4316 
f 3437/1/3437 3434/1/3434 4314/1/4314 4315/1/4315 
f 4311/1/4311 4314/1/4314 3434/1/3434 3430/1/3430 
f 4316/1/4316 4317/1/4317 4318/1/4318 4315/1/4315 
f 4319/1/4319 4318/1/4318 4317/1/4317 4320/1/4320 
f 3445/1/3445 3444/1/3444 4318/1/4318 4319/1/4319 
f 4315/1/4315 4318/1/4318 3444/1/3444 3437/1/3437 
f 4320/1/4320 4321/1/4321 4322/1/4322 4319/1/4319 
f 3455/1/3455 4322/1/4322 4321/1/4321 3452/1/3452 
f 3449/1/3449 3446/1/3446 4322/1/4322 3455/1/3455 
f 4319/1/4319 4322/1/4322 3446/1/3446 3445/1/3445 
f 3452/1/3452 4321/1/4321 4323/1/4323 4275/1/4275 
f 4324/1/4324 4323/1/4323 4321/1/4321 4320/1/4320 
f 4304/1/4304 4303/1/4303 4323/1/4323 4324/1/4324 
f 4275/1/4275 4323/1/4323 4303/1/4303 4276/1/4276 
f 4325/1/4325 4326/1/4326 4327/1/4327 4328/1/4328 
f 4329/1/4329 4327/1/4327 4326/1/4326 4330/1/4330 
f 4327/1/4327 4329/1/4329 4320/1/4320 
f 4328/1/4328 4327/1/4327 4317/1/4317 4316/1/4316 
f 4329/1/4329 4331/1/4331 4324/1/4324 4320/1/4320 
f 4330/1/4330 4332/1/4332 4331/1/4331 4329/1/4329 
f 4324/1/4324 4331/1/4331 4332/1/4332 4304/1/4304 
f 4333/1/4333 4306/1/4306 4304/1/4304 
f 4334/1/4334 4333/1/4333 4332/1/4332 4330/1/4330 
f 1340/1/1340 1343/1/1343 4333/1/4333 4334/1/4334 
f 1343/1/1343 1312/1/1312 4306/1/4306 
f 4330/1/4330 4326/1/4326 4335/1/4335 4334/1/4334 
f 4336/1/4336 4335/1/4335 4326/1/4326 4325/1/4325 
f 1346/1/1346 1345/1/1345 4335/1/4335 4336/1/4336 
f 1345/1/1345 1340/1/1340 4334/1/4334 
f 4337/1/4337 4338/1/4338 4339/1/4339 4340/1/4340 
f 1352/1/1352 4339/1/4339 4338/1/4338 1353/1/1353 
f 871/1/871 3896/1/3896 4339/1/4339 1352/1/1352 
f 4340/1/4340 4339/1/4339 3896/1/3896 3895/1/3895 
f 4341/1/4341 4342/1/4342 4343/1/4343 4344/1/4344 
f 4340/1/4340 4343/1/4343 4342/1/4342 4337/1/4337 
f 3895/1/3895 3961/1/3961 4343/1/4343 4340/1/4340 
f 4344/1/4344 4343/1/4343 3961/1/3961 3960/1/3960 
f 3960/1/3960 3971/1/3971 4345/1/4345 4344/1/4344 
f 4346/1/4346 4345/1/4345 3971/1/3971 3970/1/3970 
f 4347/1/4347 4348/1/4348 4345/1/4345 4346/1/4346 
f 4344/1/4344 4345/1/4345 4348/1/4348 4341/1/4341 
f 3970/1/3970 3968/1/3968 4349/1/4349 4346/1/4346 
f 4350/1/4350 4349/1/4349 3968/1/3968 3969/1/3969 
f 4351/1/4351 4352/1/4352 4349/1/4349 4350/1/4350 
f 4352/1/4352 4347/1/4347 4346/1/4346 
f 3969/1/3969 3983/1/3983 4353/1/4353 4350/1/4350 
f 4354/1/4354 4353/1/4353 3983/1/3983 3982/1/3982 
f 4355/1/4355 4356/1/4356 4353/1/4353 4354/1/4354 
f 4350/1/4350 4353/1/4353 4356/1/4356 4351/1/4351 
f 4357/1/4357 4358/1/4358 4359/1/4359 
f 4354/1/4354 4357/1/4357 4360/1/4360 4355/1/4355 
f 3982/1/3982 3988/1/3988 4357/1/4357 4354/1/4354 
f 4358/1/4358 4357/1/4357 3988/1/3988 3981/1/3981 
f 3978/1/3978 4361/1/4361 4358/1/4358 3981/1/3981 
f 3861/1/3861 4362/1/4362 4361/1/4361 3978/1/3978 
f 4363/1/4363 4364/1/4364 4361/1/4361 4362/1/4362 
f 4358/1/4358 4361/1/4361 4364/1/4364 4359/1/4359 
f 3866/1/3866 4365/1/4365 4366/1/4366 3864/1/3864 
f 4367/1/4367 4366/1/4366 4365/1/4365 4368/1/4368 
f 4363/1/4363 4362/1/4362 4366/1/4366 4367/1/4367 
f 3864/1/3864 4366/1/4366 4362/1/4362 3861/1/3861 
f 3874/1/3874 4369/1/4369 4370/1/4370 3873/1/3873 
f 4371/1/4371 4370/1/4370 4369/1/4369 4372/1/4372 
f 4368/1/4368 4365/1/4365 4370/1/4370 4371/1/4371 
f 3873/1/3873 4370/1/4370 4365/1/4365 3866/1/3866 
f 3874/1/3874 3880/1/3880 4373/1/4373 4369/1/4369 
f 4374/1/4374 4373/1/4373 3880/1/3880 3879/1/3879 
f 4375/1/4375 4373/1/4373 4374/1/4374 4376/1/4376 
f 4372/1/4372 4369/1/4369 4373/1/4373 4375/1/4375 
f 3887/1/3887 4377/1/4377 4378/1/4378 3888/1/3888 
f 4379/1/4379 4378/1/4378 4377/1/4377 4380/1/4380 
f 4376/1/4376 4374/1/4374 4378/1/4378 4379/1/4379 
f 3879/1/3879 3888/1/3888 4378/1/4378 4374/1/4374 
f 4351/1/4351 4356/1/4356 4381/1/4381 4382/1/4382 
f 4383/1/4383 4381/1/4381 4356/1/4356 4355/1/4355 
f 4384/1/4384 4385/1/4385 4381/1/4381 4383/1/4383 
f 4382/1/4382 4381/1/4381 4385/1/4385 4386/1/4386 
f 4355/1/4355 4360/1/4360 4387/1/4387 4383/1/4383 
f 4388/1/4388 4387/1/4387 4360/1/4360 4359/1/4359 
f 4389/1/4389 4390/1/4390 4387/1/4387 4388/1/4388 
f 4383/1/4383 4387/1/4387 4390/1/4390 4384/1/4384 
f 4359/1/4359 4364/1/4364 4391/1/4391 4388/1/4388 
f 4392/1/4392 4391/1/4391 4364/1/4364 4363/1/4363 
f 4393/1/4393 4394/1/4394 4391/1/4391 4392/1/4392 
f 4388/1/4388 4391/1/4391 4394/1/4394 4389/1/4389 
f 4392/1/4392 4395/1/4395 4396/1/4396 4393/1/4393 
f 4363/1/4363 4367/1/4367 4395/1/4395 4392/1/4392 
f 4368/1/4368 4397/1/4397 4395/1/4395 4367/1/4367 
f 4396/1/4396 4395/1/4395 4397/1/4397 4398/1/4398 
f 4372/1/4372 4399/1/4399 4400/1/4400 4371/1/4371 
f 4401/1/4401 4400/1/4400 4399/1/4399 4402/1/4402 
f 4398/1/4398 4397/1/4397 4400/1/4400 4401/1/4401 
f 4371/1/4371 4400/1/4400 4397/1/4397 4368/1/4368 
f 4376/1/4376 4403/1/4403 4404/1/4404 4375/1/4375 
f 4403/1/4403 4405/1/4405 4406/1/4406 
f 4402/1/4402 4399/1/4399 4404/1/4404 4406/1/4406 
f 4375/1/4375 4404/1/4404 4399/1/4399 4372/1/4372 
f 4380/1/4380 4407/1/4407 4408/1/4408 4379/1/4379 
f 4409/1/4409 4408/1/4408 4407/1/4407 4410/1/4410 
f 4405/1/4405 4403/1/4403 4408/1/4408 4409/1/4409 
f 4379/1/4379 4408/1/4408 4403/1/4403 4376/1/4376 
f 3798/1/3798 3795/1/3795 4411/1/4411 3813/1/3813 
f 4412/1/4412 4411/1/4411 3795/1/3795 3794/1/3794 
f 4413/1/4413 4414/1/4414 4411/1/4411 4412/1/4412 
f 3813/1/3813 4411/1/4411 4414/1/4414 3816/1/3816 
f 3817/1/3817 4415/1/4415 4416/1/4416 3821/1/3821 
f 4417/1/4417 4416/1/4416 4415/1/4415 4418/1/4418 
f 4419/1/4419 4420/1/4420 4416/1/4416 4417/1/4417 
f 3821/1/3821 4416/1/4416 4420/1/4420 3822/1/3822 
f 4421/1/4421 4422/1/4422 4423/1/4423 4424/1/4424 
f 4418/1/4418 4415/1/4415 4423/1/4423 4422/1/4422 
f 3815/1/3815 4423/1/4423 4415/1/4415 3817/1/3817 
f 4424/1/4424 4423/1/4423 3815/1/3815 3816/1/3816 
f 3791/1/3791 3790/1/3790 4425/1/4425 
f 4426/1/4426 4427/1/4427 4428/1/4428 
f 4412/1/4412 4428/1/4428 4427/1/4427 4413/1/4413 
f 3794/1/3794 3791/1/3791 4428/1/4428 4412/1/4412 
f 4429/1/4429 4430/1/4430 4431/1/4431 4432/1/4432 
f 4421/1/4421 4424/1/4424 4431/1/4431 4430/1/4430 
f 3816/1/3816 4414/1/4414 4431/1/4431 4424/1/4424 
f 4432/1/4432 4431/1/4431 4414/1/4414 4413/1/4413 
f 4433/1/4433 4434/1/4434 4435/1/4435 4436/1/4436 
f 4418/1/4418 4422/1/4422 4435/1/4435 4434/1/4434 
f 4430/1/4430 4435/1/4435 4422/1/4422 4421/1/4421 
f 4436/1/4436 4435/1/4435 4430/1/4430 4429/1/4429 
f 4437/1/4437 4438/1/4438 4439/1/4439 4440/1/4440 
f 4437/1/4437 4419/1/4419 4417/1/4417 
f 4418/1/4418 4434/1/4434 4438/1/4438 4417/1/4417 
f 4433/1/4433 4439/1/4439 4438/1/4438 4434/1/4434 
f 3824/1/3824 4441/1/4441 4442/1/4442 3849/1/3849 
f 4443/1/4443 4442/1/4442 4441/1/4441 4444/1/4444 
f 4442/1/4442 4443/1/4443 4445/1/4445 
f 4446/1/4446 3847/1/3847 3849/1/3849 
f 4447/1/4447 4446/1/4446 4445/1/4445 
f 4448/1/4448 4449/1/4449 4450/1/4450 
f 3885/1/3885 3884/1/3884 4447/1/4447 4450/1/4450 
f 3884/1/3884 3847/1/3847 4446/1/4446 
f 3887/1/3887 3890/1/3890 4451/1/4451 4452/1/4452 
f 4450/1/4450 4451/1/4451 3890/1/3890 3885/1/3885 
f 4451/1/4451 4450/1/4450 4449/1/4449 
f 4452/1/4452 4451/1/4451 4453/1/4453 4454/1/4454 
f 4454/1/4454 4455/1/4455 4456/1/4456 4452/1/4452 
f 4457/1/4457 4456/1/4456 4455/1/4455 4458/1/4458 
f 4380/1/4380 4377/1/4377 4456/1/4456 4457/1/4457 
f 4452/1/4452 4456/1/4456 4377/1/4377 3887/1/3887 
f 4407/1/4407 4380/1/4380 4457/1/4457 
f 4458/1/4458 4459/1/4459 4460/1/4460 4457/1/4457 
f 4461/1/4461 4462/1/4462 4460/1/4460 4459/1/4459 
f 4407/1/4407 4460/1/4460 4462/1/4462 4410/1/4410 
f 4463/1/4463 4464/1/4464 4465/1/4465 4466/1/4466 
f 4459/1/4459 4465/1/4465 4464/1/4464 4461/1/4461 
f 4458/1/4458 4467/1/4467 4465/1/4465 4459/1/4459 
f 4465/1/4465 4467/1/4467 4468/1/4468 
f 4468/1/4468 4467/1/4467 4469/1/4469 4470/1/4470 
f 4458/1/4458 4455/1/4455 4469/1/4469 4467/1/4467 
f 4471/1/4471 4469/1/4469 4455/1/4455 4454/1/4454 
f 4472/1/4472 4470/1/4470 4469/1/4469 4471/1/4471 
f 4472/1/4472 4473/1/4473 4474/1/4474 4470/1/4470 
f 4475/1/4475 4474/1/4474 4473/1/4473 4476/1/4476 
f 4463/1/4463 4466/1/4466 4474/1/4474 4475/1/4475 
f 4470/1/4470 4474/1/4474 4466/1/4466 4468/1/4468 
f 4477/1/4477 4478/1/4478 4479/1/4479 4480/1/4480 
f 4471/1/4471 4479/1/4479 4478/1/4478 4472/1/4472 
f 4454/1/4454 4453/1/4453 4479/1/4479 4471/1/4471 
f 4480/1/4480 4479/1/4479 4453/1/4453 4449/1/4449 
f 4463/1/4463 4481/1/4481 4482/1/4482 4464/1/4464 
f 4483/1/4483 4482/1/4482 4481/1/4481 4484/1/4484 
f 4461/1/4461 4464/1/4464 4482/1/4482 4483/1/4483 
f 4477/1/4477 4485/1/4485 4486/1/4486 4478/1/4478 
f 4487/1/4487 4486/1/4486 4485/1/4485 4488/1/4488 
f 4476/1/4476 4473/1/4473 4486/1/4486 4487/1/4487 
f 4478/1/4478 4486/1/4486 4473/1/4473 4472/1/4472 
f 4476/1/4476 4487/1/4487 4489/1/4489 4475/1/4475 
f 4488/1/4488 4490/1/4490 4489/1/4489 4487/1/4487 
f 4484/1/4484 4481/1/4481 4489/1/4489 4490/1/4490 
f 4475/1/4475 4489/1/4489 4481/1/4481 4463/1/4463 
f 3222/1/3222 3244/1/3244 4491/1/4491 3220/1/3220 
f 4492/1/4492 4491/1/4491 3244/1/3244 3243/1/3243 
f 4493/1/4493 4494/1/4494 4491/1/4491 4492/1/4492 
f 3220/1/3220 4491/1/4491 4494/1/4494 3101/1/3101 
f 3242/1/3242 3254/1/3254 4495/1/4495 3241/1/3241 
f 4496/1/4496 4495/1/4495 3254/1/3254 3253/1/3253 
f 4497/1/4497 4498/1/4498 4495/1/4495 4496/1/4496 
f 3241/1/3241 4495/1/4495 4498/1/4498 3243/1/3243 
f 4499/1/4499 4500/1/4500 4501/1/4501 4502/1/4502 
f 4496/1/4496 4501/1/4501 4500/1/4500 4497/1/4497 
f 3253/1/3253 3256/1/3256 4501/1/4501 4496/1/4496 
f 4502/1/4502 4501/1/4501 3256/1/3256 3255/1/3255 
f 4503/1/4503 4504/1/4504 4494/1/4494 4493/1/4493 
f 4505/1/4505 4504/1/4504 4503/1/4503 4506/1/4506 
f 3106/1/3106 3102/1/3102 4504/1/4504 4505/1/4505 
f 3101/1/3101 4494/1/4494 4504/1/4504 3102/1/3102 
f 3243/1/3243 4498/1/4498 4507/1/4507 4492/1/4492 
f 4508/1/4508 4507/1/4507 4498/1/4498 4497/1/4497 
f 4509/1/4509 4510/1/4510 4507/1/4507 4508/1/4508 
f 4492/1/4492 4507/1/4507 4510/1/4510 4493/1/4493 
f 4497/1/4497 4500/1/4500 4511/1/4511 4508/1/4508 
f 4512/1/4512 4511/1/4511 4500/1/4500 4499/1/4499 
f 4513/1/4513 4514/1/4514 4511/1/4511 4512/1/4512 
f 4508/1/4508 4511/1/4511 4514/1/4514 4509/1/4509 
f 4515/1/4515 4510/1/4510 4509/1/4509 
f 4516/1/4516 4515/1/4515 4517/1/4517 4518/1/4518 
f 4506/1/4506 4503/1/4503 4515/1/4515 4516/1/4516 
f 4510/1/4510 4515/1/4515 4503/1/4503 4493/1/4493 
f 4506/1/4506 4519/1/4519 4520/1/4520 4505/1/4505 
f 4521/1/4521 4520/1/4520 4519/1/4519 4522/1/4522 
f 3142/1/3142 3140/1/3140 4520/1/4520 4521/1/4521 
f 4505/1/4505 4520/1/4520 3140/1/3140 3106/1/3106 
f 4513/1/4513 4523/1/4523 4524/1/4524 4514/1/4514 
f 4525/1/4525 4524/1/4524 4523/1/4523 4526/1/4526 
f 4518/1/4518 4517/1/4517 4524/1/4524 4525/1/4525 
f 4514/1/4514 4524/1/4524 4517/1/4517 4509/1/4509 
f 4522/1/4522 4527/1/4527 4528/1/4528 4521/1/4521 
f 4529/1/4529 4528/1/4528 4527/1/4527 4530/1/4530 
f 3748/1/3748 4528/1/4528 4529/1/4529 3749/1/3749 
f 4521/1/4521 4528/1/4528 3748/1/3748 3142/1/3142 
f 4518/1/4518 4531/1/4531 4532/1/4532 4516/1/4516 
f 4533/1/4533 4532/1/4532 4531/1/4531 4534/1/4534 
f 4522/1/4522 4519/1/4519 4532/1/4532 4533/1/4533 
f 4519/1/4519 4506/1/4506 4516/1/4516 
f 4526/1/4526 4535/1/4535 4536/1/4536 4525/1/4525 
f 4537/1/4537 4536/1/4536 4535/1/4535 4538/1/4538 
f 4534/1/4534 4531/1/4531 4536/1/4536 4537/1/4537 
f 4525/1/4525 4536/1/4536 4531/1/4531 4518/1/4518 
f 4530/1/4530 4539/1/4539 4540/1/4540 4529/1/4529 
f 4541/1/4541 4542/1/4542 4540/1/4540 4539/1/4539 
f 3756/1/3756 3755/1/3755 4540/1/4540 4542/1/4542 
f 4529/1/4529 4540/1/4540 3755/1/3755 3749/1/3749 
f 4534/1/4534 4543/1/4543 4544/1/4544 4533/1/4533 
f 4545/1/4545 4544/1/4544 4543/1/4543 4546/1/4546 
f 4530/1/4530 4527/1/4527 4544/1/4544 4545/1/4545 
f 4533/1/4533 4544/1/4544 4527/1/4527 4522/1/4522 
f 4538/1/4538 4547/1/4547 4548/1/4548 4537/1/4537 
f 4549/1/4549 4548/1/4548 4547/1/4547 4550/1/4550 
f 4546/1/4546 4543/1/4543 4548/1/4548 4549/1/4549 
f 4537/1/4537 4548/1/4548 4543/1/4543 4534/1/4534 
f 4551/1/4551 4542/1/4542 4541/1/4541 
f 4552/1/4552 4551/1/4551 4553/1/4553 4554/1/4554 
f 3760/1/3760 3759/1/3759 4551/1/4551 4552/1/4552 
f 4542/1/4542 4551/1/4551 3759/1/3759 3756/1/3756 
f 4555/1/4555 4539/1/4539 4530/1/4530 
f 4546/1/4546 4556/1/4556 4555/1/4555 4545/1/4545 
f 4557/1/4557 4558/1/4558 4555/1/4555 4556/1/4556 
f 4539/1/4539 4555/1/4555 4558/1/4558 4541/1/4541 
f 4550/1/4550 4559/1/4559 4560/1/4560 4549/1/4549 
f 4559/1/4559 4561/1/4561 4562/1/4562 
f 4557/1/4557 4556/1/4556 4560/1/4560 4562/1/4562 
f 4549/1/4549 4560/1/4560 4556/1/4556 4546/1/4546 
f 4557/1/4557 4563/1/4563 4564/1/4564 4558/1/4558 
f 4565/1/4565 4564/1/4564 4563/1/4563 4566/1/4566 
f 4554/1/4554 4553/1/4553 4564/1/4564 4565/1/4565 
f 4558/1/4558 4564/1/4564 4553/1/4553 4541/1/4541 
f 4567/1/4567 4562/1/4562 4561/1/4561 
f 4568/1/4568 4567/1/4567 4569/1/4569 4570/1/4570 
f 4566/1/4566 4563/1/4563 4567/1/4567 4568/1/4568 
f 4562/1/4562 4567/1/4567 4563/1/4563 4557/1/4557 
f 4571/1/4571 3527/1/3527 3526/1/3526 
f 4572/1/4572 4571/1/4571 4573/1/4573 4574/1/4574 
f 4575/1/4575 4576/1/4576 4571/1/4571 4572/1/4572 
f 4576/1/4576 3517/1/3517 3527/1/3527 
f 4576/1/4576 4575/1/4575 4577/1/4577 
f 4578/1/4578 4577/1/4577 4579/1/4579 
f 3520/1/3520 3519/1/3519 4578/1/4578 4580/1/4580 
f 4576/1/4576 4578/1/4578 3519/1/3519 3517/1/3517 
f 4581/1/4581 4582/1/4582 4583/1/4583 4584/1/4584 
f 4577/1/4577 4583/1/4583 4582/1/4582 4579/1/4579 
f 4575/1/4575 4585/1/4585 4583/1/4583 4577/1/4577 
f 4584/1/4584 4583/1/4583 4585/1/4585 4586/1/4586 
f 3520/1/3520 4580/1/4580 4587/1/4587 3543/1/3543 
f 4588/1/4588 4587/1/4587 4580/1/4580 4579/1/4579 
f 4589/1/4589 4590/1/4590 4587/1/4587 4588/1/4588 
f 3543/1/3543 4587/1/4587 4590/1/4590 3540/1/3540 
f 4589/1/4589 4591/1/4591 4592/1/4592 4590/1/4590 
f 4592/1/4592 4591/1/4591 3552/1/3552 3555/1/3555 
f 3540/1/3540 4590/1/4590 4592/1/4592 3555/1/3555 
f 4579/1/4579 4582/1/4582 4593/1/4593 4588/1/4588 
f 4594/1/4594 4593/1/4593 4582/1/4582 4581/1/4581 
f 4595/1/4595 4596/1/4596 4593/1/4593 4594/1/4594 
f 4588/1/4588 4593/1/4593 4596/1/4596 4589/1/4589 
f 4597/1/4597 4598/1/4598 4599/1/4599 4600/1/4600 
f 3559/1/3559 4599/1/4599 4598/1/4598 3551/1/3551 
f 3552/1/3552 4591/1/4591 4599/1/4599 3559/1/3559 
f 4600/1/4600 4599/1/4599 4591/1/4591 4589/1/4589 
f 4589/1/4589 4596/1/4596 4601/1/4601 4600/1/4600 
f 4602/1/4602 4601/1/4601 4596/1/4596 4595/1/4595 
f 4603/1/4603 4604/1/4604 4601/1/4601 4602/1/4602 
f 4604/1/4604 4597/1/4597 4600/1/4600 
f 4597/1/4597 4605/1/4605 4606/1/4606 4598/1/4598 
f 4607/1/4607 4606/1/4606 4605/1/4605 4608/1/4608 
f 3433/1/3433 3547/1/3547 4606/1/4606 4607/1/4607 
f 3551/1/3551 4598/1/4598 4606/1/4606 3547/1/3547 
f 4609/1/4609 4610/1/4610 4611/1/4611 4612/1/4612 
f 4613/1/4613 4611/1/4611 4610/1/4610 4586/1/4586 
f 4614/1/4614 4615/1/4615 4611/1/4611 4613/1/4613 
f 4612/1/4612 4611/1/4611 4615/1/4615 4616/1/4616 
f 4617/1/4617 4618/1/4618 4619/1/4619 4620/1/4620 
f 4584/1/4584 4619/1/4619 4618/1/4618 4581/1/4581 
f 4586/1/4586 4610/1/4610 4619/1/4619 4584/1/4584 
f 4620/1/4620 4619/1/4619 4610/1/4610 4609/1/4609 
f 4621/1/4621 4622/1/4622 4623/1/4623 4624/1/4624 
f 4594/1/4594 4623/1/4623 4622/1/4622 4595/1/4595 
f 4581/1/4581 4618/1/4618 4623/1/4623 4594/1/4594 
f 4624/1/4624 4623/1/4623 4618/1/4618 4617/1/4617 
f 4625/1/4625 4626/1/4626 4627/1/4627 4628/1/4628 
f 4603/1/4603 4602/1/4602 4626/1/4626 4625/1/4625 
f 4595/1/4595 4622/1/4622 4626/1/4626 4602/1/4602 
f 4621/1/4621 4627/1/4627 4626/1/4626 4622/1/4622 
f 4616/1/4616 4629/1/4629 4630/1/4630 4612/1/4612 
f 4631/1/4631 4630/1/4630 4629/1/4629 4632/1/4632 
f 4633/1/4633 4634/1/4634 4630/1/4630 4631/1/4631 
f 4612/1/4612 4630/1/4630 4634/1/4634 4609/1/4609 
f 4609/1/4609 4634/1/4634 4635/1/4635 4620/1/4620 
f 4636/1/4636 4635/1/4635 4634/1/4634 4633/1/4633 
f 4637/1/4637 4638/1/4638 4635/1/4635 4636/1/4636 
f 4620/1/4620 4635/1/4635 4638/1/4638 4617/1/4617 
f 4617/1/4617 4638/1/4638 4639/1/4639 4624/1/4624 
f 4637/1/4637 4640/1/4640 4639/1/4639 4638/1/4638 
f 4641/1/4641 4642/1/4642 4639/1/4639 4640/1/4640 
f 4621/1/4621 4624/1/4624 4639/1/4639 4642/1/4642 
f 4641/1/4641 4643/1/4643 4644/1/4644 4642/1/4642 
f 4645/1/4645 4646/1/4646 4644/1/4644 4643/1/4643 
f 4628/1/4628 4627/1/4627 4644/1/4644 4646/1/4646 
f 4644/1/4644 4627/1/4627 4621/1/4621 4642/1/4642 
f 4645/1/4645 4647/1/4647 4648/1/4648 4646/1/4646 
f 4647/1/4647 4649/1/4649 4650/1/4650 
f 4651/1/4651 4652/1/4652 4648/1/4648 4650/1/4650 
f 4646/1/4646 4648/1/4648 4652/1/4652 4628/1/4628 
f 4653/1/4653 4650/1/4650 4649/1/4649 
f 4654/1/4654 4653/1/4653 4655/1/4655 4656/1/4656 
f 4653/1/4653 4654/1/4654 4657/1/4657 
f 4658/1/4658 4651/1/4651 4650/1/4650 
f 4654/1/4654 4656/1/4656 4659/1/4659 4660/1/4660 
f 4661/1/4661 4662/1/4662 4660/1/4660 4659/1/4659 
f 4663/1/4663 4664/1/4664 4660/1/4660 4662/1/4662 
f 4654/1/4654 4660/1/4660 4664/1/4664 4657/1/4657 
f 4661/1/4661 4665/1/4665 4666/1/4666 4662/1/4662 
f 4667/1/4667 4666/1/4666 4665/1/4665 4668/1/4668 
f 4669/1/4669 4670/1/4670 4666/1/4666 4667/1/4667 
f 4662/1/4662 4666/1/4666 4670/1/4670 4663/1/4663 
f 4671/1/4671 4672/1/4672 4673/1/4673 
f 4671/1/4671 4674/1/4674 4675/1/4675 
f 4667/1/4667 4671/1/4671 4676/1/4676 4669/1/4669 
f 4668/1/4668 4672/1/4672 4671/1/4671 4667/1/4667 
f 4677/1/4677 4678/1/4678 4675/1/4675 
f 4674/1/4674 4673/1/4673 4679/1/4679 
f 4680/1/4680 4681/1/4681 4677/1/4677 4679/1/4679 
f 4678/1/4678 4677/1/4677 4681/1/4681 4682/1/4682 
f 4681/1/4681 4683/1/4683 4684/1/4684 4682/1/4682 
f 4685/1/4685 4683/1/4683 4681/1/4681 4680/1/4680 
f 4686/1/4686 4683/1/4683 4685/1/4685 4687/1/4687 
f 4688/1/4688 4684/1/4684 4683/1/4683 4686/1/4686 
f 4687/1/4687 4689/1/4689 4690/1/4690 4686/1/4686 
f 4691/1/4691 4690/1/4690 4689/1/4689 4692/1/4692 
f 4693/1/4693 4694/1/4694 4690/1/4690 4691/1/4691 
f 4686/1/4686 4690/1/4690 4694/1/4694 4688/1/4688 
f 4632/1/4632 4629/1/4629 4695/1/4695 4696/1/4696 
f 4697/1/4697 4695/1/4695 4629/1/4629 4616/1/4616 
f 4691/1/4691 4695/1/4695 4697/1/4697 4693/1/4693 
f 4692/1/4692 4696/1/4696 4695/1/4695 4691/1/4691 
f 4698/1/4698 4699/1/4699 4700/1/4700 
f 4701/1/4701 4702/1/4702 4698/1/4698 4703/1/4703 
f 4656/1/4656 4655/1/4655 4698/1/4698 4702/1/4702 
f 4655/1/4655 4649/1/4649 4699/1/4699 
f 4656/1/4656 4702/1/4702 4704/1/4704 4659/1/4659 
f 4705/1/4705 4704/1/4704 4702/1/4702 4701/1/4701 
f 4706/1/4706 4707/1/4707 4704/1/4704 4705/1/4705 
f 4659/1/4659 4704/1/4704 4707/1/4707 4661/1/4661 
f 4706/1/4706 4708/1/4708 4709/1/4709 4707/1/4707 
f 4710/1/4710 4709/1/4709 4708/1/4708 4711/1/4711 
f 4668/1/4668 4665/1/4665 4709/1/4709 4710/1/4710 
f 4707/1/4707 4709/1/4709 4665/1/4665 4661/1/4661 
f 4668/1/4668 4710/1/4710 4712/1/4712 4672/1/4672 
f 4713/1/4713 4712/1/4712 4710/1/4710 4711/1/4711 
f 4714/1/4714 4715/1/4715 4712/1/4712 4713/1/4713 
f 4672/1/4672 4712/1/4712 4715/1/4715 4673/1/4673 
f 4673/1/4673 4715/1/4715 4716/1/4716 4679/1/4679 
f 4717/1/4717 4716/1/4716 4715/1/4715 4714/1/4714 
f 4718/1/4718 4719/1/4719 4716/1/4716 4717/1/4717 
f 4679/1/4679 4716/1/4716 4719/1/4719 4680/1/4680 
f 4680/1/4680 4719/1/4719 4720/1/4720 4685/1/4685 
f 4721/1/4721 4720/1/4720 4719/1/4719 4718/1/4718 
f 4722/1/4722 4723/1/4723 4720/1/4720 4721/1/4721 
f 4685/1/4685 4720/1/4720 4723/1/4723 4687/1/4687 
f 4724/1/4724 4725/1/4725 4726/1/4726 4727/1/4727 
f 4696/1/4696 4726/1/4726 4725/1/4725 4632/1/4632 
f 4728/1/4728 4726/1/4726 4696/1/4696 4692/1/4692 
f 4729/1/4729 4727/1/4727 4726/1/4726 4728/1/4728 
f 4722/1/4722 4730/1/4730 4731/1/4731 4723/1/4723 
f 4728/1/4728 4731/1/4731 4730/1/4730 4729/1/4729 
f 4692/1/4692 4689/1/4689 4731/1/4731 4728/1/4728 
f 4723/1/4723 4731/1/4731 4689/1/4689 4687/1/4687 
f 4701/1/4701 4732/1/4732 4733/1/4733 4705/1/4705 
f 4734/1/4734 4735/1/4735 4733/1/4733 
f 4736/1/4736 4733/1/4733 4735/1/4735 4737/1/4737 
f 4705/1/4705 4733/1/4733 4736/1/4736 4706/1/4706 
f 4737/1/4737 4738/1/4738 4739/1/4739 4736/1/4736 
f 4738/1/4738 4740/1/4740 4741/1/4741 
f 4711/1/4711 4708/1/4708 4739/1/4739 4741/1/4741 
f 4736/1/4736 4739/1/4739 4708/1/4708 4706/1/4706 
f 4711/1/4711 4741/1/4741 4742/1/4742 4713/1/4713 
f 4743/1/4743 4742/1/4742 4741/1/4741 4740/1/4740 
f 4744/1/4744 4745/1/4745 4742/1/4742 4743/1/4743 
f 4713/1/4713 4742/1/4742 4745/1/4745 4714/1/4714 
f 4746/1/4746 4747/1/4747 4748/1/4748 4749/1/4749 
f 4717/1/4717 4748/1/4748 4747/1/4747 4718/1/4718 
f 4714/1/4714 4745/1/4745 4748/1/4748 4717/1/4717 
f 4749/1/4749 4748/1/4748 4745/1/4745 4744/1/4744 
f 4718/1/4718 4747/1/4747 4750/1/4750 4721/1/4721 
f 4751/1/4751 4750/1/4750 4747/1/4747 4746/1/4746 
f 4752/1/4752 4753/1/4753 4750/1/4750 4751/1/4751 
f 4721/1/4721 4750/1/4750 4753/1/4753 4722/1/4722 
f 4752/1/4752 4754/1/4754 4755/1/4755 4753/1/4753 
f 4756/1/4756 4755/1/4755 4754/1/4754 4757/1/4757 
f 4729/1/4729 4730/1/4730 4755/1/4755 4756/1/4756 
f 4753/1/4753 4755/1/4755 4730/1/4730 4722/1/4722 
f 4758/1/4758 4636/1/4636 4633/1/4633 4759/1/4759 
f 4758/1/4758 4759/1/4759 4760/1/4760 4761/1/4761 
f 4762/1/4762 4763/1/4763 4758/1/4758 4761/1/4761 
f 4637/1/4637 4636/1/4636 4758/1/4758 4763/1/4763 
f 4764/1/4764 4765/1/4765 4766/1/4766 4767/1/4767 
f 4757/1/4757 4754/1/4754 4766/1/4766 4765/1/4765 
f 4766/1/4766 4754/1/4754 4752/1/4752 4767/1/4767 
f 4764/1/4764 4768/1/4768 4769/1/4769 4770/1/4770 
f 4744/1/4744 4743/1/4743 4769/1/4769 4768/1/4768 
f 4740/1/4740 4770/1/4770 4769/1/4769 4743/1/4743 
f 4762/1/4762 4771/1/4771 4772/1/4772 4763/1/4763 
f 4773/1/4773 4774/1/4774 4772/1/4772 4771/1/4771 
f 4641/1/4641 4640/1/4640 4772/1/4772 4774/1/4774 
f 4637/1/4637 4763/1/4763 4772/1/4772 4640/1/4640 
f 4775/1/4775 4776/1/4776 4777/1/4777 4764/1/4764 
f 4737/1/4737 4735/1/4735 4776/1/4776 4775/1/4775 
f 4734/1/4734 4777/1/4777 4776/1/4776 4735/1/4735 
f 4770/1/4770 4778/1/4778 4775/1/4775 4764/1/4764 
f 4740/1/4740 4738/1/4738 4778/1/4778 4770/1/4770 
f 4737/1/4737 4775/1/4775 4778/1/4778 4738/1/4738 
f 4764/1/4764 4779/1/4779 4780/1/4780 4768/1/4768 
f 4746/1/4746 4749/1/4749 4780/1/4780 4779/1/4779 
f 4744/1/4744 4768/1/4768 4780/1/4780 4749/1/4749 
f 4764/1/4764 4767/1/4767 4781/1/4781 4779/1/4779 
f 4752/1/4752 4751/1/4751 4781/1/4781 4767/1/4767 
f 4746/1/4746 4779/1/4779 4781/1/4781 4751/1/4751 
f 4782/1/4782 4783/1/4783 4756/1/4756 4757/1/4757 
f 4784/1/4784 4785/1/4785 4783/1/4783 4782/1/4782 
f 4727/1/4727 4783/1/4783 4785/1/4785 4724/1/4724 
f 4756/1/4756 4783/1/4783 4727/1/4727 4729/1/4729 
f 4764/1/4764 4786/1/4786 4787/1/4787 4765/1/4765 
f 4784/1/4784 4782/1/4782 4787/1/4787 4786/1/4786 
f 4757/1/4757 4765/1/4765 4787/1/4787 4782/1/4782 
f 4788/1/4788 4789/1/4789 4790/1/4790 4791/1/4791 
f 4788/1/4788 4764/1/4764 4777/1/4777 
f 4734/1/4734 4790/1/4790 4789/1/4789 4777/1/4777 
f 4632/1/4632 4725/1/4725 4792/1/4792 4631/1/4631 
f 4793/1/4793 4792/1/4792 4725/1/4725 4724/1/4724 
f 4760/1/4760 4759/1/4759 4792/1/4792 4793/1/4793 
f 4631/1/4631 4792/1/4792 4759/1/4759 4633/1/4633 
f 4761/1/4761 4760/1/4760 4794/1/4794 4795/1/4795 
f 4796/1/4796 4797/1/4797 4795/1/4795 4794/1/4794 
f 4773/1/4773 4771/1/4771 4795/1/4795 4797/1/4797 
f 4762/1/4762 4761/1/4761 4795/1/4795 4771/1/4771 
f 4796/1/4796 4794/1/4794 4798/1/4798 4799/1/4799 
f 4793/1/4793 4798/1/4798 4794/1/4794 4760/1/4760 
f 4724/1/4724 4785/1/4785 4798/1/4798 4793/1/4793 
f 4799/1/4799 4798/1/4798 4785/1/4785 4784/1/4784 
f 4773/1/4773 4800/1/4800 4801/1/4801 4774/1/4774 
f 4802/1/4802 4801/1/4801 4800/1/4800 4803/1/4803 
f 4802/1/4802 4645/1/4645 4643/1/4643 4801/1/4801 
f 4641/1/4641 4774/1/4774 4801/1/4801 4643/1/4643 
f 4804/1/4804 4805/1/4805 4802/1/4802 4803/1/4803 
f 4804/1/4804 4700/1/4700 4699/1/4699 
f 4805/1/4805 4699/1/4699 4649/1/4649 
f 4802/1/4802 4805/1/4805 4647/1/4647 4645/1/4645 
f 4796/1/4796 4806/1/4806 4807/1/4807 4797/1/4797 
f 4808/1/4808 4807/1/4807 4806/1/4806 4791/1/4791 
f 4803/1/4803 4800/1/4800 4807/1/4807 4808/1/4808 
f 4773/1/4773 4797/1/4797 4807/1/4807 4800/1/4800 
f 4804/1/4804 4803/1/4803 4808/1/4808 
f 4791/1/4791 4809/1/4809 4810/1/4810 4808/1/4808 
f 4700/1/4700 4804/1/4804 4810/1/4810 4809/1/4809 
f 4809/1/4809 4791/1/4791 4790/1/4790 
f 4790/1/4790 4734/1/4734 4732/1/4732 
f 4703/1/4703 4811/1/4811 4732/1/4732 4701/1/4701 
f 4703/1/4703 4700/1/4700 4809/1/4809 
f 4791/1/4791 4806/1/4806 4812/1/4812 4788/1/4788 
f 4799/1/4799 4812/1/4812 4806/1/4806 4796/1/4796 
f 4784/1/4784 4786/1/4786 4812/1/4812 4799/1/4799 
f 4788/1/4788 4812/1/4812 4786/1/4786 4764/1/4764 
f 4574/1/4574 4813/1/4813 4814/1/4814 4572/1/4572 
f 4613/1/4613 4814/1/4814 4813/1/4813 4614/1/4614 
f 4586/1/4586 4585/1/4585 4814/1/4814 4613/1/4613 
f 4572/1/4572 4814/1/4814 4585/1/4585 4575/1/4575 
f 4616/1/4616 4615/1/4615 4815/1/4815 4697/1/4697 
f 4816/1/4816 4815/1/4815 4615/1/4615 4614/1/4614 
f 4817/1/4817 4815/1/4815 4816/1/4816 4818/1/4818 
f 4693/1/4693 4697/1/4697 4815/1/4815 4817/1/4817 
f 4818/1/4818 4819/1/4819 4820/1/4820 4817/1/4817 
f 4821/1/4821 4820/1/4820 4819/1/4819 4822/1/4822 
f 4688/1/4688 4694/1/4694 4820/1/4820 4821/1/4821 
f 4817/1/4817 4820/1/4820 4694/1/4694 4693/1/4693 
f 4822/1/4822 4823/1/4823 4824/1/4824 4821/1/4821 
f 4825/1/4825 4824/1/4824 4823/1/4823 4826/1/4826 
f 4682/1/4682 4684/1/4684 4824/1/4824 4825/1/4825 
f 4821/1/4821 4824/1/4824 4684/1/4684 4688/1/4688 
f 4827/1/4827 4828/1/4828 4825/1/4825 4826/1/4826 
f 4829/1/4829 4828/1/4828 4827/1/4827 4830/1/4830 
f 4828/1/4828 4829/1/4829 4675/1/4675 
f 4825/1/4825 4828/1/4828 4678/1/4678 4682/1/4682 
f 1847/1/1847 4831/1/4831 4832/1/4832 1844/1/1844 
f 4827/1/4827 4832/1/4832 4831/1/4831 4830/1/4830 
f 4833/1/4833 4832/1/4832 4827/1/4827 4826/1/4826 
f 1844/1/1844 4832/1/4832 4833/1/4833 1849/1/1849 
f 4834/1/4834 4835/1/4835 4836/1/4836 4837/1/4837 
f 4669/1/4669 4676/1/4676 4835/1/4835 4834/1/4834 
f 4829/1/4829 4835/1/4835 4676/1/4676 4675/1/4675 
f 4836/1/4836 4835/1/4835 4829/1/4829 4830/1/4830 
f 4837/1/4837 4838/1/4838 4839/1/4839 4834/1/4834 
f 4840/1/4840 4839/1/4839 4838/1/4838 4841/1/4841 
f 4663/1/4663 4670/1/4670 4839/1/4839 4840/1/4840 
f 4834/1/4834 4839/1/4839 4670/1/4670 4669/1/4669 
f 4841/1/4841 4842/1/4842 4843/1/4843 4840/1/4840 
f 4844/1/4844 4843/1/4843 4842/1/4842 4845/1/4845 
f 4657/1/4657 4664/1/4664 4843/1/4843 4844/1/4844 
f 4840/1/4840 4843/1/4843 4664/1/4664 4663/1/4663 
f 4628/1/4628 4652/1/4652 4846/1/4846 4625/1/4625 
f 4847/1/4847 4846/1/4846 4652/1/4652 4651/1/4651 
f 4848/1/4848 4849/1/4849 4846/1/4846 4847/1/4847 
f 4625/1/4625 4846/1/4846 4849/1/4849 4603/1/4603 
f 4603/1/4603 4849/1/4849 4850/1/4850 4604/1/4604 
f 4851/1/4851 4850/1/4850 4849/1/4849 4848/1/4848 
f 4608/1/4608 4605/1/4605 4850/1/4850 4851/1/4851 
f 4604/1/4604 4850/1/4850 4605/1/4605 4597/1/4597 
f 4845/1/4845 4852/1/4852 4853/1/4853 4844/1/4844 
f 4847/1/4847 4853/1/4853 4852/1/4852 4848/1/4848 
f 4651/1/4651 4658/1/4658 4853/1/4853 4847/1/4847 
f 4844/1/4844 4853/1/4853 4658/1/4658 4657/1/4657 
f 4608/1/4608 4854/1/4854 4855/1/4855 4607/1/4607 
f 4856/1/4856 4855/1/4855 4854/1/4854 4857/1/4857 
f 3425/1/3425 3428/1/3428 4855/1/4855 4856/1/4856 
f 4607/1/4607 4855/1/4855 3428/1/3428 3433/1/3433 
f 4857/1/4857 4854/1/4854 4858/1/4858 4859/1/4859 
f 4851/1/4851 4858/1/4858 4854/1/4854 4608/1/4608 
f 4848/1/4848 4860/1/4860 4858/1/4858 4851/1/4851 
f 4859/1/4859 4858/1/4858 4860/1/4860 4861/1/4861 
f 4857/1/4857 4862/1/4862 4863/1/4863 4856/1/4856 
f 4864/1/4864 4863/1/4863 4862/1/4862 4865/1/4865 
f 4310/1/4310 4309/1/4309 4863/1/4863 4864/1/4864 
f 4856/1/4856 4863/1/4863 4309/1/4309 3425/1/3425 
f 4861/1/4861 4866/1/4866 4867/1/4867 4859/1/4859 
f 4868/1/4868 4867/1/4867 4866/1/4866 4869/1/4869 
f 4865/1/4865 4862/1/4862 4867/1/4867 4868/1/4868 
f 4859/1/4859 4867/1/4867 4862/1/4862 4857/1/4857 
f 4845/1/4845 4870/1/4870 4871/1/4871 4852/1/4852 
f 4866/1/4866 4871/1/4871 4870/1/4870 4869/1/4869 
f 4861/1/4861 4860/1/4860 4871/1/4871 4866/1/4866 
f 4852/1/4852 4871/1/4871 4860/1/4860 4848/1/4848 
f 4872/1/4872 4873/1/4873 4874/1/4874 4875/1/4875 
f 4870/1/4870 4874/1/4874 4873/1/4873 4869/1/4869 
f 4845/1/4845 4842/1/4842 4874/1/4874 4870/1/4870 
f 4875/1/4875 4874/1/4874 4842/1/4842 4841/1/4841 
f 4876/1/4876 4877/1/4877 4878/1/4878 
f 4879/1/4879 4872/1/4872 4875/1/4875 
f 4841/1/4841 4838/1/4838 4876/1/4876 4875/1/4875 
f 4838/1/4838 4837/1/4837 4877/1/4877 
f 4880/1/4880 4881/1/4881 4836/1/4836 4830/1/4830 
f 4882/1/4882 4881/1/4881 4880/1/4880 1899/1/1899 
f 4877/1/4877 4881/1/4881 4882/1/4882 4878/1/4878 
f 4881/1/4881 4877/1/4877 4837/1/4837 
f 4880/1/4880 4883/1/4883 1900/1/1900 1899/1/1899 
f 4830/1/4830 4831/1/4831 4883/1/4883 4880/1/4880 
f 1847/1/1847 1900/1/1900 4883/1/4883 4831/1/4831 
f 4878/1/4878 4882/1/4882 4884/1/4884 4885/1/4885 
f 1907/1/1907 4884/1/4884 4882/1/4882 1899/1/1899 
f 1906/1/1906 4886/1/4886 4884/1/4884 1907/1/1907 
f 4885/1/4885 4884/1/4884 4886/1/4886 4887/1/4887 
f 4887/1/4887 4888/1/4888 4889/1/4889 4885/1/4885 
f 4890/1/4890 4889/1/4889 4888/1/4888 4891/1/4891 
f 4872/1/4872 4879/1/4879 4889/1/4889 4890/1/4890 
f 4885/1/4885 4889/1/4889 4879/1/4879 4878/1/4878 
f 1914/1/1914 4892/1/4892 4893/1/4893 1915/1/1915 
f 4888/1/4888 4893/1/4893 4892/1/4892 4891/1/4891 
f 4887/1/4887 4886/1/4886 4893/1/4893 4888/1/4888 
f 1915/1/1915 4893/1/4893 4886/1/4886 1906/1/1906 
f 4873/1/4873 4872/1/4872 4890/1/4890 
f 4891/1/4891 4894/1/4894 4895/1/4895 4890/1/4890 
f 4894/1/4894 4896/1/4896 4897/1/4897 
f 4897/1/4897 4869/1/4869 4873/1/4873 
f 1914/1/1914 1921/1/1921 4898/1/4898 4892/1/4892 
f 4899/1/4899 4898/1/4898 1921/1/1921 1925/1/1925 
f 4900/1/4900 4901/1/4901 4898/1/4898 4899/1/4899 
f 4892/1/4892 4898/1/4898 4901/1/4901 4891/1/4891 
f 4902/1/4902 4903/1/4903 4904/1/4904 1928/1/1928 
f 4899/1/4899 4903/1/4903 4902/1/4902 4900/1/4900 
f 1925/1/1925 4904/1/4904 4903/1/4903 4899/1/4899 
f 4905/1/4905 4904/1/4904 1925/1/1925 
f 1929/1/1929 1931/1/1931 4905/1/4905 1930/1/1930 
f 1931/1/1931 1928/1/1928 4904/1/4904 
f 4900/1/4900 4902/1/4902 4906/1/4906 4907/1/4907 
f 1937/1/1937 4906/1/4906 4902/1/4902 1928/1/1928 
f 1936/1/1936 4908/1/4908 4906/1/4906 1937/1/1937 
f 4907/1/4907 4906/1/4906 4908/1/4908 4909/1/4909 
f 4900/1/4900 4907/1/4907 4910/1/4910 4901/1/4901 
f 4907/1/4907 4909/1/4909 4911/1/4911 
f 4910/1/4910 4911/1/4911 4896/1/4896 
f 4901/1/4901 4910/1/4910 4894/1/4894 4891/1/4891 
f 1942/1/1942 4912/1/4912 4913/1/4913 4914/1/4914 
f 4909/1/4909 4908/1/4908 4913/1/4913 4912/1/4912 
f 4914/1/4914 4913/1/4913 4908/1/4908 1936/1/1936 
f 1936/1/1936 1945/1/1945 4915/1/4915 4914/1/4914 
f 1944/1/1944 1943/1/1943 4915/1/4915 1945/1/1945 
f 1942/1/1942 4914/1/4914 4915/1/4915 1943/1/1943 
f 1947/1/1947 4916/1/4916 4912/1/4912 1942/1/1942 
f 4917/1/4917 4916/1/4916 1947/1/1947 1951/1/1951 
f 4918/1/4918 4919/1/4919 4916/1/4916 4917/1/4917 
f 4912/1/4912 4916/1/4916 4919/1/4919 4909/1/4909 
f 4920/1/4920 4921/1/4921 4922/1/4922 4923/1/4923 
f 1956/1/1956 4922/1/4922 4921/1/4921 1957/1/1957 
f 4922/1/4922 1956/1/1956 1346/1/1346 
f 4325/1/4325 4923/1/4923 4922/1/4922 4336/1/4336 
f 4924/1/4924 4925/1/4925 4926/1/4926 4927/1/4927 
f 4928/1/4928 4926/1/4926 4925/1/4925 4929/1/4929 
f 1962/1/1962 1964/1/1964 4926/1/4926 4928/1/4928 
f 4926/1/4926 1964/1/1964 1957/1/1957 
f 4920/1/4920 4930/1/4930 4931/1/4931 4921/1/4921 
f 4932/1/4932 4931/1/4931 4930/1/4930 4933/1/4933 
f 4924/1/4924 4927/1/4927 4931/1/4931 4932/1/4932 
f 4921/1/4921 4931/1/4931 4927/1/4927 1957/1/1957 
f 4934/1/4934 4935/1/4935 4328/1/4328 4316/1/4316 
f 4933/1/4933 4930/1/4930 4935/1/4935 4934/1/4934 
f 4920/1/4920 4923/1/4923 4935/1/4935 4930/1/4930 
f 4923/1/4923 4325/1/4325 4328/1/4328 
f 4924/1/4924 4932/1/4932 4936/1/4936 4925/1/4925 
f 4937/1/4937 4936/1/4936 4932/1/4932 4933/1/4933 
f 4938/1/4938 4939/1/4939 4936/1/4936 4937/1/4937 
f 4929/1/4929 4925/1/4925 4936/1/4936 4939/1/4939 
f 4940/1/4940 4941/1/4941 4942/1/4942 4943/1/4943 
f 4934/1/4934 4942/1/4942 4941/1/4941 4933/1/4933 
f 4316/1/4316 4313/1/4313 4942/1/4942 4934/1/4934 
f 4943/1/4943 4942/1/4942 4313/1/4313 4312/1/4312 
f 4944/1/4944 4945/1/4945 4946/1/4946 4947/1/4947 
f 1984/1/1984 4945/1/4945 4944/1/4944 1985/1/1985 
f 4928/1/4928 4945/1/4945 1984/1/1984 1962/1/1962 
f 4929/1/4929 4946/1/4946 4945/1/4945 4928/1/4928 
f 4948/1/4948 4949/1/4949 4950/1/4950 4951/1/4951 
f 4937/1/4937 4950/1/4950 4949/1/4949 4938/1/4938 
f 4933/1/4933 4941/1/4941 4950/1/4950 4937/1/4937 
f 4951/1/4951 4950/1/4950 4941/1/4941 4940/1/4940 
f 4938/1/4938 4949/1/4949 4952/1/4952 4939/1/4939 
f 4953/1/4953 4952/1/4952 4949/1/4949 4948/1/4948 
f 4947/1/4947 4946/1/4946 4952/1/4952 4953/1/4953 
f 4939/1/4939 4952/1/4952 4946/1/4946 4929/1/4929 
f 4954/1/4954 4955/1/4955 4956/1/4956 4957/1/4957 
f 1996/1/1996 4956/1/4956 4955/1/4955 1997/1/1997 
f 1985/1/1985 4944/1/4944 4956/1/4956 1996/1/1996 
f 4957/1/4957 4956/1/4956 4944/1/4944 4947/1/4947 
f 4958/1/4958 4959/1/4959 4960/1/4960 4961/1/4961 
f 4943/1/4943 4960/1/4960 4959/1/4959 4940/1/4940 
f 4312/1/4312 4307/1/4307 4960/1/4960 4943/1/4943 
f 4307/1/4307 4310/1/4310 4961/1/4961 
f 1997/1/1997 4955/1/4955 4962/1/4962 2002/1/2002 
f 4963/1/4963 4962/1/4962 4955/1/4955 4954/1/4954 
f 4918/1/4918 4917/1/4917 4962/1/4962 4963/1/4963 
f 2002/1/2002 4962/1/4962 4917/1/4917 1951/1/1951 
f 4964/1/4964 4897/1/4897 4896/1/4896 
f 4965/1/4965 4964/1/4964 4966/1/4966 4967/1/4967 
f 4868/1/4868 4964/1/4964 4965/1/4965 4865/1/4865 
f 4869/1/4869 4897/1/4897 4964/1/4964 4868/1/4868 
f 4968/1/4968 4969/1/4969 4970/1/4970 4971/1/4971 
f 4951/1/4951 4970/1/4970 4969/1/4969 4948/1/4948 
f 4940/1/4940 4959/1/4959 4970/1/4970 4951/1/4951 
f 4971/1/4971 4970/1/4970 4959/1/4959 4958/1/4958 
f 4961/1/4961 4310/1/4310 4864/1/4864 
f 4865/1/4865 4965/1/4965 4972/1/4972 4864/1/4864 
f 4972/1/4972 4965/1/4965 4967/1/4967 
f 4973/1/4973 4958/1/4958 4961/1/4961 
f 4974/1/4974 4975/1/4975 4973/1/4973 4967/1/4967 
f 4968/1/4968 4971/1/4971 4975/1/4975 4974/1/4974 
f 4958/1/4958 4973/1/4973 4975/1/4975 4971/1/4971 
f 4976/1/4976 4911/1/4911 4909/1/4909 
f 4977/1/4977 4976/1/4976 4919/1/4919 4918/1/4918 
f 4967/1/4967 4966/1/4966 4976/1/4976 4977/1/4977 
f 4966/1/4966 4896/1/4896 4911/1/4911 
f 4974/1/4974 4978/1/4978 4979/1/4979 4968/1/4968 
f 4967/1/4967 4977/1/4977 4978/1/4978 4974/1/4974 
f 4918/1/4918 4963/1/4963 4978/1/4978 4977/1/4977 
f 4979/1/4979 4978/1/4978 4963/1/4963 4954/1/4954 
f 4948/1/4948 4969/1/4969 4980/1/4980 4953/1/4953 
f 4979/1/4979 4980/1/4980 4969/1/4969 4968/1/4968 
f 4954/1/4954 4957/1/4957 4980/1/4980 4979/1/4979 
f 4953/1/4953 4980/1/4980 4957/1/4957 4947/1/4947 
f 3666/1/3666 4981/1/4981 4982/1/4982 3665/1/3665 
f 4983/1/4983 4982/1/4982 4981/1/4981 4984/1/4984 
f 4982/1/4982 4983/1/4983 4574/1/4574 
f 3665/1/3665 4982/1/4982 4573/1/4573 3526/1/3526 
f 3670/1/3670 4985/1/4985 4986/1/4986 3667/1/3667 
f 4987/1/4987 4986/1/4986 4985/1/4985 4988/1/4988 
f 4984/1/4984 4981/1/4981 4986/1/4986 4987/1/4987 
f 3667/1/3667 4986/1/4986 4981/1/4981 3666/1/3666 
f 4813/1/4813 4574/1/4574 4989/1/4989 
f 4990/1/4990 4991/1/4991 4989/1/4989 4992/1/4992 
f 4818/1/4818 4816/1/4816 4991/1/4991 4990/1/4990 
f 4614/1/4614 4813/1/4813 4991/1/4991 4816/1/4816 
f 4992/1/4992 4993/1/4993 4994/1/4994 4990/1/4990 
f 4995/1/4995 4994/1/4994 4993/1/4993 4996/1/4996 
f 4822/1/4822 4819/1/4819 4994/1/4994 4995/1/4995 
f 4990/1/4990 4994/1/4994 4819/1/4819 4818/1/4818 
f 4826/1/4826 4823/1/4823 4997/1/4997 4998/1/4998 
f 4995/1/4995 4997/1/4997 4823/1/4823 4822/1/4822 
f 4996/1/4996 4999/1/4999 4997/1/4997 4995/1/4995 
f 4998/1/4998 4997/1/4997 4999/1/4999 2041/1/2041 
f 2043/1/2043 5000/1/5000 4998/1/4998 2041/1/2041 
f 1849/1/1849 4833/1/4833 5000/1/5000 2043/1/2043 
f 4998/1/4998 5000/1/5000 4833/1/4833 4826/1/4826 
f 4984/1/4984 5001/1/5001 5002/1/5002 4983/1/4983 
f 5001/1/5001 5003/1/5003 5004/1/5004 
f 5002/1/5002 5004/1/5004 4992/1/4992 
f 4983/1/4983 5002/1/5002 4989/1/4989 4574/1/4574 
f 5005/1/5005 5006/1/5006 4987/1/4987 4988/1/4988 
f 5007/1/5007 5006/1/5006 5005/1/5005 5008/1/5008 
f 5006/1/5006 5007/1/5007 5003/1/5003 
f 4987/1/4987 5006/1/5006 5001/1/5001 4984/1/4984 
f 5009/1/5009 5004/1/5004 5003/1/5003 
f 5010/1/5010 5011/1/5011 5009/1/5009 5012/1/5012 
f 4996/1/4996 4993/1/4993 5009/1/5009 5011/1/5011 
f 5004/1/5004 5009/1/5009 4993/1/4993 4992/1/4992 
f 2056/1/2056 2059/1/2059 5013/1/5013 5014/1/5014 
f 4999/1/4999 5013/1/5013 2059/1/2059 2041/1/2041 
f 5013/1/5013 4999/1/4999 4996/1/4996 
f 5014/1/5014 5013/1/5013 5011/1/5011 5010/1/5010 
f 4988/1/4988 4985/1/4985 5015/1/5015 5005/1/5005 
f 5016/1/5016 5015/1/5015 4985/1/4985 3670/1/3670 
f 5017/1/5017 5018/1/5018 5015/1/5015 5016/1/5016 
f 5005/1/5005 5015/1/5015 5018/1/5018 5008/1/5008 
f 3670/1/3670 3672/1/3672 5019/1/5019 5016/1/5016 
f 5020/1/5020 5019/1/5019 3672/1/3672 3671/1/3671 
f 5021/1/5021 5022/1/5022 5019/1/5019 5020/1/5020 
f 5016/1/5016 5019/1/5019 5022/1/5022 5017/1/5017 
f 3675/1/3675 5023/1/5023 5024/1/5024 3676/1/3676 
f 5025/1/5025 5024/1/5024 5023/1/5023 5026/1/5026 
f 5021/1/5021 5020/1/5020 5024/1/5024 5025/1/5025 
f 3671/1/3671 3676/1/3676 5024/1/5024 5020/1/5020 
f 3689/1/3689 5027/1/5027 5028/1/5028 3690/1/3690 
f 5029/1/5029 5028/1/5028 5027/1/5027 5030/1/5030 
f 5031/1/5031 5032/1/5032 5028/1/5028 5029/1/5029 
f 3690/1/3690 5028/1/5028 5032/1/5032 3684/1/3684 
f 3693/1/3693 5033/1/5033 5034/1/5034 3694/1/3694 
f 5035/1/2462 5036/1/5035 5034/1/5034 5033/1/5033 
f 5030/1/5030 5027/1/5027 5034/1/5034 5036/1/5035 
f 3694/1/3694 5034/1/5034 5027/1/5027 3689/1/3689 
f 2082/1/2082 2085/1/2085 5037/1/5036 5038/1/5037 
f 2087/1/2087 5039/1/5038 5037/1/5036 2085/1/2085 
f 5036/1/5035 5037/1/5036 5039/1/5038 5030/1/5030 
f 5036/1/5035 5035/1/2462 5038/1/5037 
f 5040/1/5039 5041/1/5040 5042/1/5041 5043/1/5042 
f 5041/1/5040 5035/1/2462 5033/1/5033 
f 3693/1/3693 3698/1/3698 5042/1/5041 5033/1/5033 
f 5043/1/5042 5042/1/5041 3698/1/3698 3697/1/3697 
f 5044/1/5043 5045/1/5044 5041/1/5040 5040/1/5039 
f 2095/1/2095 2094/1/2094 5045/1/5044 5044/1/5043 
f 2082/1/2082 5038/1/5037 5045/1/5044 2094/1/2094 
f 5035/1/2462 5041/1/5040 5045/1/5044 5038/1/5037 
f 3697/1/3697 3702/1/3702 5046/1/5045 5043/1/5042 
f 5047/1/5046 5046/1/5045 3702/1/3702 3701/1/3701 
f 5048/1/5047 5049/1/5048 5046/1/5045 5047/1/5046 
f 5043/1/5042 5046/1/5045 5049/1/5048 5040/1/5039 
f 5040/1/5039 5049/1/5048 5050/1/5049 5044/1/5043 
f 5051/1/5050 5050/1/5049 5049/1/5048 5048/1/5047 
f 2102/1/2102 2101/1/2101 5050/1/5049 5051/1/5050 
f 5044/1/5043 5050/1/5049 2101/1/2101 2095/1/2095 
f 5052/1/5051 5047/1/5046 3701/1/3701 
f 3706/1/3706 3705/1/3705 5053/1/5052 
f 5054/1/5053 5055/1/5054 5052/1/5051 5053/1/5052 
f 5047/1/5046 5052/1/5051 5055/1/5054 5048/1/5047 
f 3682/1/3682 5056/1/5055 5057/1/5056 3681/1/3681 
f 5058/1/5057 5057/1/5056 5056/1/5055 5059/1/5058 
f 5026/1/5026 5023/1/5023 5057/1/5056 5058/1/5057 
f 3681/1/3681 5057/1/5056 5023/1/5023 3675/1/3675 
f 3684/1/3684 5032/1/5032 5060/1/5059 3685/1/3685 
f 5061/1/5060 5060/1/5059 5032/1/5032 5031/1/5031 
f 5059/1/5058 5056/1/5055 5060/1/5059 5061/1/5060 
f 3685/1/3685 5060/1/5059 5056/1/5055 3682/1/3682 
f 5030/1/5030 5039/1/5038 5062/1/5061 5029/1/5029 
f 2117/1/2117 5062/1/5061 5039/1/5038 2087/1/2087 
f 2116/1/2116 5063/1/5062 5062/1/5061 2117/1/2117 
f 5029/1/5029 5062/1/5061 5063/1/5062 5031/1/5031 
f 5026/1/5026 5064/1/5063 5065/1/5064 5025/1/5025 
f 2119/1/2119 5065/1/5064 5064/1/5063 2123/1/2123 
f 2118/1/2118 5066/1/5065 5065/1/5064 2119/1/2119 
f 5025/1/5025 5065/1/5064 5066/1/5065 5021/1/5021 
f 5059/1/5058 5067/1/5066 5068/1/5067 5058/1/5057 
f 2126/1/2126 5068/1/5067 5067/1/5066 2127/1/2127 
f 2123/1/2123 5064/1/5063 5068/1/5067 2126/1/2126 
f 5058/1/5057 5068/1/5067 5064/1/5063 5026/1/5026 
f 5031/1/5031 5063/1/5062 5069/1/5068 5061/1/5060 
f 2129/1/2129 5069/1/5068 5063/1/5062 2116/1/2116 
f 2127/1/2127 5067/1/5066 5069/1/5068 2129/1/2129 
f 5061/1/5060 5069/1/5068 5067/1/5066 5059/1/5058 
f 5017/1/5017 5070/1/5069 5071/1/5070 5018/1/5018 
f 5072/1/5071 5071/1/5070 5070/1/5069 2135/1/2135 
f 5073/1/5072 5074/1/5073 5071/1/5070 5072/1/5071 
f 5018/1/5018 5071/1/5070 5074/1/5073 5008/1/5008 
f 5008/1/5008 5074/1/5073 5075/1/5074 5007/1/5007 
f 5076/1/5075 5075/1/5074 5074/1/5073 5073/1/5072 
f 5012/1/5012 5075/1/5074 5076/1/5075 5010/1/5010 
f 5007/1/5007 5075/1/5074 5012/1/5012 5003/1/5003 
f 5010/1/5010 5076/1/5075 5077/1/5076 5014/1/5014 
f 5078/1/5077 5077/1/5076 5076/1/5075 5073/1/5072 
f 2140/1/2140 2139/1/2139 5077/1/5076 5078/1/5077 
f 5014/1/5014 5077/1/5076 2139/1/2139 2056/1/2056 
f 5073/1/5072 5072/1/5071 5079/1/5078 5078/1/5077 
f 2143/1/2143 5079/1/5078 5072/1/5071 2135/1/2135 
f 2140/1/2140 5078/1/5077 5079/1/5078 2143/1/2143 
f 2118/1/2118 2145/1/2145 5080/1/5079 5066/1/5065 
f 5070/1/5069 5080/1/5079 2145/1/2145 2135/1/2135 
f 5017/1/5017 5022/1/5022 5080/1/5079 5070/1/5069 
f 5066/1/5065 5080/1/5079 5022/1/5022 5021/1/5021 
f 5081/1/5080 5082/1/5081 5083/1/5082 5084/1/5083 
f 5085/1/5084 5083/1/5082 5082/1/5081 5086/1/5085 
f 3912/1/3912 3909/1/3909 5083/1/5082 5085/1/5084 
f 5084/1/5083 5083/1/5082 3909/1/3909 3902/1/3902 
f 5085/1/5084 5087/1/5086 3923/1/3923 3912/1/3912 
f 5087/1/5086 5085/1/5084 5086/1/5085 5088/1/5087 
f 5089/1/5088 5090/1/5089 5087/1/5086 5088/1/5087 
f 3923/1/3923 5087/1/5086 5090/1/5089 3926/1/3926 
f 3926/1/3926 5090/1/5089 5091/1/5090 3935/1/3935 
f 5092/1/5091 5091/1/5090 5090/1/5089 5089/1/5088 
f 5093/1/5092 5094/1/5093 5091/1/5090 5092/1/5091 
f 3935/1/3935 5091/1/5090 5094/1/5093 3938/1/3938 
f 3938/1/3938 5094/1/5093 5095/1/5094 3957/1/3957 
f 5096/1/5095 5095/1/5094 5094/1/5093 5093/1/5092 
f 5097/1/5096 5095/1/5094 5096/1/5095 5098/1/5097 
f 3933/1/3933 3957/1/3957 5095/1/5094 5097/1/5096 
f 2164/1/2164 5099/1/5098 5100/1/5099 2165/1/2165 
f 5084/1/5083 5100/1/5099 5099/1/5098 5081/1/5080 
f 3902/1/3902 3901/1/3901 5100/1/5099 5084/1/5083 
f 2165/1/2165 5100/1/5099 3901/1/3901 881/1/881 
f 5101/1/5100 5102/1/5101 5103/1/5102 5104/1/5103 
f 5102/1/5101 5101/1/5100 5081/1/5080 
f 5099/1/5098 2164/1/2164 2168/1/2168 
f 5103/1/5102 5102/1/5101 2168/1/2168 2173/1/2173 
f 5104/1/5103 5105/1/5104 5106/1/5105 5101/1/5100 
f 5107/1/5106 5106/1/5105 5105/1/5104 5108/1/5107 
f 5086/1/5085 5082/1/5081 5106/1/5105 5107/1/5106 
f 5101/1/5100 5106/1/5105 5082/1/5081 5081/1/5080 
f 5109/1/5108 5110/1/5109 5111/1/5110 5112/1/5111 
f 5088/1/5087 5111/1/5110 5110/1/5109 5089/1/5088 
f 5107/1/5106 5111/1/5110 5088/1/5087 5086/1/5085 
f 5108/1/5107 5112/1/5111 5111/1/5110 5107/1/5106 
f 5113/1/5112 5114/1/5113 5115/1/5114 5116/1/5115 
f 5092/1/5091 5115/1/5114 5114/1/5113 5093/1/5092 
f 5089/1/5088 5110/1/5109 5115/1/5114 5092/1/5091 
f 5116/1/5115 5115/1/5114 5110/1/5109 5109/1/5108 
f 5117/1/5116 5118/1/5117 5119/1/5118 5120/1/5119 
f 5098/1/5097 5096/1/5095 5118/1/5117 5117/1/5116 
f 5093/1/5092 5114/1/5113 5118/1/5117 5096/1/5095 
f 5119/1/5118 5118/1/5117 5114/1/5113 5113/1/5112 
f 2173/1/2173 2191/1/2191 5121/1/5120 5103/1/5102 
f 5122/1/5121 5121/1/5120 2191/1/2191 2193/1/2193 
f 5108/1/5107 5105/1/5104 5121/1/5120 5122/1/5121 
f 5103/1/5102 5121/1/5120 5105/1/5104 5104/1/5103 
f 5123/1/5122 5124/1/5123 5125/1/5124 5126/1/5125 
f 5112/1/5111 5125/1/5124 5124/1/5123 5109/1/5108 
f 5108/1/5107 5122/1/5121 5125/1/5124 5112/1/5111 
f 5126/1/5125 5125/1/5124 5122/1/5121 2193/1/2193 
f 2198/1/2198 5127/1/5126 5128/1/5127 2199/1/2199 
f 5123/1/5122 5126/1/5125 5128/1/5127 5127/1/5126 
f 2199/1/2199 5128/1/5127 5126/1/5125 2193/1/2193 
f 5129/1/5128 5130/1/5129 5131/1/5130 5132/1/5131 
f 5116/1/5115 5131/1/5130 5130/1/5129 5113/1/5112 
f 5109/1/5108 5124/1/5123 5131/1/5130 5116/1/5115 
f 5132/1/5131 5131/1/5130 5124/1/5123 5123/1/5122 
f 2206/1/2206 5133/1/5132 5134/1/5133 2207/1/2207 
f 5132/1/5131 5134/1/5133 5133/1/5132 5129/1/5128 
f 5123/1/5122 5127/1/5126 5134/1/5133 5132/1/5131 
f 2207/1/2207 5134/1/5133 5127/1/5126 2198/1/2198 
f 5135/1/5134 5136/1/5135 5130/1/5129 5129/1/5128 
f 5137/1/5136 5136/1/5135 5135/1/5134 5138/1/5137 
f 5120/1/5119 5119/1/5118 5136/1/5135 5137/1/5136 
f 5113/1/5112 5130/1/5129 5136/1/5135 5119/1/5118 
f 5139/1/5138 5140/1/5139 2214/1/2214 2217/1/2217 
f 5138/1/5137 5135/1/5134 5140/1/5139 5139/1/5138 
f 5129/1/5128 5133/1/5132 5140/1/5139 5135/1/5134 
f 2214/1/2214 5140/1/5139 5133/1/5132 2206/1/2206 
f 2217/1/2217 2219/1/2219 5141/1/5140 5139/1/5138 
f 5142/1/5141 5141/1/5140 2219/1/2219 2223/1/2223 
f 5143/1/5142 5144/1/5143 5141/1/5140 5142/1/5141 
f 5139/1/5138 5141/1/5140 5144/1/5143 5138/1/5137 
f 5143/1/5142 5145/1/5144 5146/1/5145 5144/1/5143 
f 5147/1/5146 5146/1/5145 5145/1/5144 5148/1/5147 
f 5137/1/5136 5146/1/5145 5147/1/5146 5120/1/5119 
f 5138/1/5137 5144/1/5143 5146/1/5145 5137/1/5136 
f 2223/1/2223 2229/1/2229 5149/1/5148 5142/1/5141 
f 5150/1/5149 5149/1/5148 2229/1/2229 2231/1/2231 
f 5148/1/5147 5145/1/5144 5149/1/5148 5150/1/5149 
f 5142/1/5141 5149/1/5148 5145/1/5144 5143/1/5142 
f 5148/1/5147 5151/1/5150 5152/1/5151 5147/1/5146 
f 5153/1/5152 5152/1/5151 5151/1/5150 5154/1/5153 
f 5117/1/5116 5152/1/5151 5153/1/5152 5098/1/5097 
f 5147/1/5146 5152/1/5151 5117/1/5116 5120/1/5119 
f 5098/1/5097 5153/1/5152 5155/1/5154 5097/1/5096 
f 5156/1/5155 5155/1/5154 5153/1/5152 5154/1/5153 
f 3830/1/3830 3934/1/3934 5155/1/5154 5156/1/5155 
f 5097/1/5096 5155/1/5154 3934/1/3934 3933/1/3933 
f 2231/1/2231 2239/1/2239 5157/1/5156 5150/1/5149 
f 5158/1/5157 5157/1/5156 2239/1/2239 2241/1/2241 
f 5154/1/5153 5151/1/5150 5157/1/5156 5158/1/5157 
f 5150/1/5149 5157/1/5156 5151/1/5150 5148/1/5147 
f 3830/1/3830 5156/1/5155 5159/1/5158 3825/1/3825 
f 5160/1/5159 5159/1/5158 5156/1/5155 5154/1/5153 
f 5161/1/5160 5162/1/5161 5159/1/5158 5160/1/5159 
f 3825/1/3825 5159/1/5158 5162/1/5161 3715/1/3715 
f 2246/1/2246 5163/1/5162 5164/1/5163 2247/1/2247 
f 5160/1/5159 5164/1/5163 5163/1/5162 5161/1/5160 
f 5158/1/5157 5164/1/5163 5160/1/5159 5154/1/5153 
f 2241/1/2241 2247/1/2247 5164/1/5163 5158/1/5157 
f 3715/1/3715 5162/1/5161 5165/1/5164 3709/1/3709 
f 5166/1/5165 5165/1/5164 5162/1/5161 5161/1/5160 
f 5167/1/5166 5168/1/5167 5165/1/5164 5166/1/5165 
f 3709/1/3709 5165/1/5164 5168/1/5167 3710/1/3710 
f 3710/1/3710 5168/1/5167 5169/1/5168 3717/1/3717 
f 5170/1/5169 5169/1/5168 5168/1/5167 5167/1/5166 
f 5054/1/5053 5053/1/5052 5169/1/5168 5170/1/5169 
f 3717/1/3717 5169/1/5168 5053/1/5052 3705/1/3705 
f 2258/1/2258 5171/1/5170 5172/1/5171 2259/1/2259 
f 5166/1/5165 5172/1/5171 5171/1/5170 5167/1/5166 
f 5161/1/5160 5163/1/5162 5172/1/5171 5166/1/5165 
f 2259/1/2259 5172/1/5171 5163/1/5162 2246/1/2246 
f 2262/1/2262 2261/1/2261 5173/1/5172 5174/1/5173 
f 5051/1/5050 5173/1/5172 2261/1/2261 2102/1/2102 
f 5048/1/5047 5055/1/5054 5173/1/5172 5051/1/5050 
f 5174/1/5173 5173/1/5172 5055/1/5054 5054/1/5053 
f 5167/1/5166 5171/1/5170 5175/1/5174 5170/1/5169 
f 2265/1/2265 5175/1/5174 5171/1/5170 2258/1/2258 
f 2262/1/2262 5174/1/5173 5175/1/5174 2265/1/2265 
f 5170/1/5169 5175/1/5174 5174/1/5173 5054/1/5053 
f 3736/1/3736 5176/1/5175 5177/1/5176 3735/1/3735 
f 5176/1/5175 4426/1/4426 4425/1/4425 
f 3790/1/3790 3788/1/3788 5177/1/5176 4425/1/4425 
f 3735/1/3735 5177/1/5176 3788/1/3788 3729/1/3729 
f 3760/1/3760 5178/1/5177 5179/1/5178 3758/1/3758 
f 5180/1/5179 5179/1/5178 5178/1/5177 5181/1/5180 
f 5179/1/5178 5180/1/5179 3736/1/3736 
f 3733/1/3733 3732/1/3732 3758/1/3758 
f 4554/1/4554 5182/1/5181 5183/1/5182 4552/1/4552 
f 5184/1/5183 5183/1/5182 5182/1/5181 5185/1/5184 
f 5181/1/5180 5178/1/5177 5183/1/5182 5184/1/5183 
f 4552/1/4552 5183/1/5182 5178/1/5177 3760/1/3760 
f 4566/1/4566 5186/1/5185 5187/1/5186 4565/1/4565 
f 5188/1/5187 5187/1/5186 5186/1/5185 5189/1/5188 
f 5185/1/5184 5182/1/5181 5187/1/5186 5188/1/5187 
f 4565/1/4565 5187/1/5186 5182/1/5181 4554/1/4554 
f 4570/1/4570 5190/1/5189 5191/1/5190 4568/1/4568 
f 5192/1/5191 5191/1/5190 5190/1/5189 5193/1/5192 
f 5189/1/5188 5186/1/5185 5191/1/5190 5192/1/5191 
f 4568/1/4568 5191/1/5190 5186/1/5185 4566/1/4566 
f 5194/1/5193 5195/1/5194 5196/1/5195 
f 5197/1/5196 4429/1/4429 4432/1/4432 
f 5194/1/5193 4432/1/4432 4413/1/4413 
f 4427/1/4427 4426/1/4426 5195/1/5194 
f 4429/1/4429 5197/1/5196 5198/1/5197 4436/1/4436 
f 5199/1/5198 5198/1/5197 5197/1/5196 5196/1/5195 
f 5200/1/5199 5201/1/5200 5198/1/5197 5199/1/5198 
f 4436/1/4436 5198/1/5197 5201/1/5200 4433/1/4433 
f 5202/1/5201 5180/1/5179 5181/1/5180 
f 5203/1/5202 5204/1/5203 5205/1/5204 
f 5202/1/5201 5205/1/5204 4426/1/4426 
f 5176/1/5175 3736/1/3736 5180/1/5179 
f 5184/1/5183 5206/1/5205 5203/1/5202 5181/1/5180 
f 5185/1/5184 5207/1/5206 5206/1/5205 5184/1/5183 
f 5208/1/5207 5209/1/5208 5206/1/5205 5207/1/5206 
f 5203/1/5202 5206/1/5205 5209/1/5208 5204/1/5203 
f 5188/1/5187 5210/1/5209 5207/1/5206 5185/1/5184 
f 5189/1/5188 5211/1/5210 5210/1/5209 5188/1/5187 
f 5212/1/5211 5210/1/5209 5211/1/5210 5213/1/5212 
f 5207/1/5206 5210/1/5209 5212/1/5211 5208/1/5207 
f 5193/1/5192 5214/1/5213 5215/1/5214 5192/1/5191 
f 5216/1/5215 5217/1/5216 5215/1/5214 5214/1/5213 
f 5213/1/5212 5211/1/5210 5215/1/5214 5217/1/5216 
f 5192/1/5191 5215/1/5214 5211/1/5210 5189/1/5188 
f 5218/1/5217 5219/1/5218 5220/1/5219 5221/1/5220 
f 5222/1/5221 5223/1/5222 5219/1/5218 5218/1/5217 
f 5216/1/5215 5224/1/5223 5219/1/5218 5223/1/5222 
f 5225/1/5224 5220/1/5219 5219/1/5218 5224/1/5223 
f 5222/1/5221 5226/1/5225 5227/1/5226 5223/1/5222 
f 5228/1/5227 5227/1/5226 5226/1/5225 5229/1/5228 
f 5213/1/5212 5217/1/5216 5227/1/5226 5228/1/5227 
f 5223/1/5222 5227/1/5226 5217/1/5216 5216/1/5215 
f 5229/1/5228 5230/1/5229 5231/1/5230 5228/1/5227 
f 5232/1/5231 5231/1/5230 5230/1/5229 5233/1/5232 
f 5208/1/5207 5212/1/5211 5231/1/5230 5232/1/5231 
f 5228/1/5227 5231/1/5230 5212/1/5211 5213/1/5212 
f 4440/1/4440 5234/1/5233 5235/1/5234 4437/1/4437 
f 5236/1/5235 5235/1/5234 5234/1/5233 5237/1/5236 
f 3822/1/3822 4420/1/4420 5235/1/5234 5236/1/5235 
f 4437/1/4437 5235/1/5234 4420/1/4420 4419/1/4419 
f 5200/1/5199 5238/1/5237 5239/1/5238 5201/1/5200 
f 5234/1/5233 5239/1/5238 5238/1/5237 5237/1/5236 
f 4440/1/4440 4439/1/4439 5239/1/5238 5234/1/5233 
f 5201/1/5200 5239/1/5238 4439/1/4439 4433/1/4433 
f 5237/1/5236 5240/1/5239 5241/1/5240 
f 5241/1/5240 5240/1/5239 4444/1/4444 
f 3824/1/3824 3823/1/3823 5241/1/5240 4441/1/4441 
f 5236/1/5235 5241/1/5240 3823/1/3823 3822/1/3822 
f 5242/1/5241 5199/1/5198 5196/1/5195 
f 5243/1/5242 5244/1/5243 5245/1/5244 
f 5237/1/5236 5238/1/5237 5242/1/5241 5245/1/5244 
f 5238/1/5237 5200/1/5199 5199/1/5198 
f 5246/1/5245 5205/1/5204 5204/1/5203 
f 5247/1/5246 5244/1/5243 5243/1/5242 
f 5246/1/5245 5243/1/5242 5196/1/5195 
f 5195/1/5194 4426/1/4426 5205/1/5204 
f 5233/1/5232 5248/1/5247 5249/1/5248 5232/1/5231 
f 5247/1/5246 5249/1/5248 5248/1/5247 5244/1/5243 
f 5204/1/5203 5209/1/5208 5249/1/5248 5247/1/5246 
f 5232/1/5231 5249/1/5248 5209/1/5208 5208/1/5207 
f 5244/1/5243 5250/1/5249 5251/1/5250 5245/1/5244 
f 5252/1/5251 5251/1/5250 5250/1/5249 5253/1/5252 
f 5251/1/5250 5252/1/5251 4444/1/4444 
f 5240/1/5239 5237/1/5236 5245/1/5244 
f 5254/1/5253 5255/1/5254 5256/1/5255 5257/1/5256 
f 4480/1/4480 5255/1/5254 5254/1/5253 4477/1/4477 
f 5255/1/5254 4480/1/4480 4449/1/4449 
f 4448/1/4448 4445/1/4445 5256/1/5255 
f 5258/1/5257 4443/1/4443 4444/1/4444 
f 5259/1/5258 5258/1/5257 5252/1/5251 5253/1/5252 
f 5257/1/5256 5256/1/5255 5258/1/5257 5259/1/5258 
f 5256/1/5255 4445/1/4445 4443/1/4443 
f 5260/1/5259 5254/1/5253 5257/1/5256 
f 5261/1/5260 5260/1/5259 5262/1/5261 5263/1/5262 
f 4488/1/4488 4485/1/4485 5260/1/5259 5261/1/5260 
f 5254/1/5253 5260/1/5259 4485/1/4485 4477/1/4477 
f 5263/1/5262 5264/1/5263 5265/1/5264 5261/1/5260 
f 5266/1/5265 5265/1/5264 5264/1/5263 5267/1/5266 
f 4484/1/4484 4490/1/4490 5265/1/5264 5266/1/5265 
f 5261/1/5260 5265/1/5264 4490/1/4490 4488/1/4488 
f 4484/1/4484 5266/1/5265 5268/1/5267 4483/1/4483 
f 5269/1/5268 5268/1/5267 5266/1/5265 5267/1/5266 
f 4410/1/4410 4462/1/4462 5268/1/5267 5269/1/5268 
f 4483/1/4483 5268/1/5267 4462/1/4462 4461/1/4461 
f 5269/1/5268 5270/1/5269 4409/1/4409 4410/1/4410 
f 5267/1/5266 5271/1/5270 5270/1/5269 5269/1/5268 
f 5272/1/5271 5270/1/5269 5271/1/5270 5273/1/5272 
f 4409/1/4409 5270/1/5269 5272/1/5271 4405/1/4405 
f 5274/1/5273 5275/1/5274 5276/1/5275 5277/1/5276 
f 4406/1/4406 5276/1/5275 5275/1/5274 4402/1/4402 
f 4405/1/4405 5272/1/5271 5276/1/5275 4406/1/4406 
f 5272/1/5271 5273/1/5272 5277/1/5276 5276/1/5275 
f 4402/1/4402 5275/1/5274 5278/1/5277 4401/1/4401 
f 5279/1/5278 5278/1/5277 5275/1/5274 5274/1/5273 
f 5280/1/5279 5281/1/5280 5278/1/5277 5279/1/5278 
f 5281/1/5280 4398/1/4398 4401/1/4401 
f 5282/1/5281 5283/1/5282 5281/1/5280 5280/1/5279 
f 5284/1/5283 5283/1/5282 5282/1/5281 5285/1/5284 
f 4393/1/4393 4396/1/4396 5283/1/5282 5284/1/5283 
f 4398/1/4398 5281/1/5280 5283/1/5282 4396/1/4396 
f 5285/1/5284 5286/1/5285 5287/1/5286 5284/1/5283 
f 5288/1/5287 5287/1/5286 5286/1/5285 5289/1/5288 
f 4389/1/4389 4394/1/4394 5287/1/5286 5288/1/5287 
f 5284/1/5283 5287/1/5286 4394/1/4394 4393/1/4393 
f 5289/1/5288 5290/1/5289 5291/1/5290 5288/1/5287 
f 5290/1/5289 5292/1/5291 5293/1/5292 
f 5291/1/5290 5293/1/5292 4384/1/4384 
f 5288/1/5287 5291/1/5290 4390/1/4390 4389/1/4389 
f 5294/1/5293 5295/1/5294 5296/1/5295 5297/1/5296 
f 5253/1/5252 5250/1/5249 5296/1/5295 5295/1/5294 
f 5250/1/5249 5244/1/5243 5297/1/5296 
f 5298/1/5297 5299/1/5298 5300/1/5299 5301/1/5300 
f 5297/1/5296 5300/1/5299 5299/1/5298 5294/1/5293 
f 5244/1/5243 5248/1/5247 5300/1/5299 5297/1/5296 
f 5301/1/5300 5300/1/5299 5248/1/5247 5233/1/5232 
f 5302/1/5301 5303/1/5302 5304/1/5303 5305/1/5304 
f 5301/1/5300 5304/1/5303 5303/1/5302 5298/1/5297 
f 5233/1/5232 5230/1/5229 5304/1/5303 5301/1/5300 
f 5305/1/5304 5304/1/5303 5230/1/5229 5229/1/5228 
f 5306/1/5305 5307/1/5306 5308/1/5307 5309/1/5308 
f 5305/1/5304 5308/1/5307 5307/1/5306 5302/1/5301 
f 5229/1/5228 5226/1/5225 5308/1/5307 5305/1/5304 
f 5309/1/5308 5308/1/5307 5226/1/5225 5222/1/5221 
f 5221/1/5220 5310/1/5309 5311/1/5310 5218/1/5217 
f 5312/1/5311 5311/1/5310 5310/1/5309 5313/1/5312 
f 5306/1/5305 5309/1/5308 5311/1/5310 5312/1/5311 
f 5218/1/5217 5311/1/5310 5309/1/5308 5222/1/5221 
f 5314/1/5313 5315/1/5314 5316/1/5315 
f 5316/1/5315 5257/1/5256 5259/1/5258 
f 5317/1/5316 5259/1/5258 5253/1/5252 
f 5295/1/5294 5294/1/5293 5314/1/5313 
f 5318/1/5317 5316/1/5315 5315/1/5314 
f 5319/1/5318 5318/1/5317 5320/1/5319 5321/1/5320 
f 5263/1/5262 5262/1/5261 5318/1/5317 5319/1/5318 
f 5262/1/5261 5257/1/5256 5316/1/5315 
f 5321/1/5320 5322/1/5321 5323/1/5322 5319/1/5318 
f 5324/1/5323 5323/1/5322 5322/1/5321 5325/1/5324 
f 5267/1/5266 5264/1/5263 5323/1/5322 5324/1/5323 
f 5319/1/5318 5323/1/5322 5264/1/5263 5263/1/5262 
f 5325/1/5324 5326/1/5325 5327/1/5326 5324/1/5323 
f 5328/1/5327 5327/1/5326 5326/1/5325 5329/1/5328 
f 5273/1/5272 5271/1/5270 5327/1/5326 5328/1/5327 
f 5324/1/5323 5327/1/5326 5271/1/5270 5267/1/5266 
f 5329/1/5328 5330/1/5329 5331/1/5330 5328/1/5327 
f 5332/1/5331 5331/1/5330 5330/1/5329 5333/1/5332 
f 5277/1/5276 5331/1/5330 5332/1/5331 5274/1/5273 
f 5328/1/5327 5331/1/5330 5277/1/5276 5273/1/5272 
f 5334/1/5333 5335/1/5334 5336/1/5335 5337/1/5336 
f 5279/1/5278 5336/1/5335 5335/1/5334 5280/1/5279 
f 5274/1/5273 5332/1/5331 5336/1/5335 5279/1/5278 
f 5337/1/5336 5336/1/5335 5332/1/5331 5333/1/5332 
f 5338/1/5337 5339/1/5338 5340/1/5339 5341/1/5340 
f 5282/1/5281 5340/1/5339 5339/1/5338 5285/1/5284 
f 5280/1/5279 5335/1/5334 5340/1/5339 5282/1/5281 
f 5341/1/5340 5340/1/5339 5335/1/5334 5334/1/5333 
f 5342/1/5341 5343/1/5342 5344/1/5343 5345/1/5344 
f 5286/1/5285 5344/1/5343 5343/1/5342 5289/1/5288 
f 5285/1/5284 5339/1/5338 5344/1/5343 5286/1/5285 
f 5345/1/5344 5344/1/5343 5339/1/5338 5338/1/5337 
f 5346/1/5345 5347/1/5346 5348/1/5347 5349/1/5348 
f 5290/1/5289 5348/1/5347 5347/1/5346 5292/1/5291 
f 5289/1/5288 5343/1/5342 5348/1/5347 5290/1/5289 
f 5349/1/5348 5348/1/5347 5343/1/5342 5342/1/5341 
f 5346/1/5345 5349/1/5348 5350/1/5349 5351/1/5350 
f 5342/1/5341 5352/1/5351 5350/1/5349 5349/1/5348 
f 2442/1/2442 5350/1/5349 5352/1/5351 2443/1/2443 
f 5351/1/5350 5350/1/5349 2442/1/2442 2445/1/2445 
f 5353/1/5352 5354/1/5353 5355/1/5354 5356/1/5355 
f 5357/1/5356 5355/1/5354 5354/1/5353 2451/1/2451 
f 5341/1/5340 5355/1/5354 5357/1/5356 5338/1/5337 
f 5356/1/5355 5355/1/5354 5341/1/5340 5334/1/5333 
f 5338/1/5337 5357/1/5356 5358/1/5357 5345/1/5344 
f 2453/1/2453 5358/1/5357 5357/1/5356 2451/1/2451 
f 2443/1/2443 5352/1/5351 5358/1/5357 2453/1/2453 
f 5345/1/5344 5358/1/5357 5352/1/5351 5342/1/5341 
f 5359/1/5358 5360/1/5359 5361/1/5360 5362/1/5361 
f 5356/1/5355 5361/1/5360 5360/1/5359 5353/1/5352 
f 5334/1/5333 5337/1/5336 5361/1/5360 5356/1/5355 
f 5362/1/5361 5361/1/5360 5337/1/5336 5333/1/5332 
f 5353/1/5352 5360/1/5359 5363/1/5362 5354/1/5353 
f 5364/1/5363 5363/1/5362 5360/1/5359 5359/1/5358 
f 2460/1/2460 2459/1/2459 5363/1/5362 5364/1/5363 
f 5354/1/5353 5363/1/5362 2459/1/2459 2451/1/2451 
f 5365/1/5364 5366/1/5365 5367/1/5366 5368/1/5367 
f 5362/1/5361 5367/1/5366 5366/1/5365 5359/1/5358 
f 5333/1/5332 5330/1/5329 5367/1/5366 5362/1/5361 
f 5368/1/5367 5367/1/5366 5330/1/5329 5329/1/5328 
f 2468/1/2468 2467/1/2467 5369/1/5368 5370/1/5369 
f 5364/1/5363 5369/1/5368 2467/1/2467 2460/1/2460 
f 5359/1/5358 5366/1/5365 5369/1/5368 5364/1/5363 
f 5370/1/5369 5369/1/5368 5366/1/5365 5365/1/5364 
f 5371/1/5370 5372/1/5371 5373/1/5372 5374/1/5373 
f 5368/1/5367 5373/1/5372 5372/1/5371 5365/1/5364 
f 5329/1/5328 5326/1/5325 5373/1/5372 5368/1/5367 
f 5374/1/5373 5373/1/5372 5326/1/5325 5325/1/5324 
f 5371/1/5370 5375/1/5374 5376/1/5375 5372/1/5371 
f 2476/1/2476 5376/1/5375 5375/1/5374 2477/1/2477 
f 2468/1/2468 5370/1/5369 5376/1/5375 2476/1/2476 
f 5372/1/5371 5376/1/5375 5370/1/5369 5365/1/5364 
f 5377/1/5376 5378/1/5377 5379/1/5378 
f 5374/1/5373 5377/1/5376 5380/1/5379 5371/1/5370 
f 5325/1/5324 5322/1/5321 5377/1/5376 5374/1/5373 
f 5378/1/5377 5377/1/5376 5322/1/5321 5321/1/5320 
f 5379/1/5378 5381/1/5380 5382/1/5381 5380/1/5379 
f 2484/1/2484 5382/1/5381 5381/1/5380 2485/1/2485 
f 2477/1/2477 5375/1/5374 5382/1/5381 2484/1/2484 
f 5380/1/5379 5382/1/5381 5375/1/5374 5371/1/5370 
f 5383/1/5382 5384/1/5383 5385/1/5384 5386/1/5385 
f 5384/1/5383 5379/1/5378 5378/1/5377 
f 5321/1/5320 5320/1/5319 5385/1/5384 5378/1/5377 
f 5320/1/5319 5315/1/5314 5386/1/5385 
f 5383/1/5382 5387/1/5386 5388/1/5387 5384/1/5383 
f 2491/1/2491 5388/1/5387 5387/1/5386 2493/1/2493 
f 2485/1/2485 5381/1/5380 5388/1/5387 2491/1/2491 
f 5381/1/5380 5379/1/5378 5384/1/5383 
f 5389/1/5388 5390/1/5389 5391/1/5390 5392/1/5391 
f 5386/1/5385 5391/1/5390 5390/1/5389 5383/1/5382 
f 5315/1/5314 5314/1/5313 5391/1/5390 5386/1/5385 
f 5392/1/5391 5391/1/5390 5314/1/5313 5294/1/5293 
f 5383/1/5382 5390/1/5389 5393/1/5392 5387/1/5386 
f 5394/1/5393 5393/1/5392 5390/1/5389 5389/1/5388 
f 2500/1/2500 2499/1/2499 5393/1/5392 5394/1/5393 
f 5387/1/5386 5393/1/5392 2499/1/2499 2493/1/2493 
f 5294/1/5293 5299/1/5298 5395/1/5394 5392/1/5391 
f 5396/1/5395 5395/1/5394 5299/1/5298 5298/1/5297 
f 5397/1/5396 5398/1/5397 5395/1/5394 5396/1/5395 
f 5392/1/5391 5395/1/5394 5398/1/5397 5389/1/5388 
f 5399/1/5398 5394/1/5393 5389/1/5388 
f 5400/1/5399 5399/1/5398 5398/1/5397 5397/1/5396 
f 2508/1/2508 2507/1/2507 5399/1/5398 5400/1/5399 
f 2507/1/2507 2500/1/2500 5394/1/5393 
f 5298/1/5297 5303/1/5302 5401/1/5400 5396/1/5395 
f 5402/1/5401 5401/1/5400 5303/1/5302 5302/1/5301 
f 5403/1/5402 5404/1/5403 5401/1/5400 5402/1/5401 
f 5396/1/5395 5401/1/5400 5404/1/5403 5397/1/5396 
f 5397/1/5396 5404/1/5403 5405/1/5404 5400/1/5399 
f 5406/1/5405 5405/1/5404 5404/1/5403 5403/1/5402 
f 2516/1/2516 2515/1/2515 5405/1/5404 5406/1/5405 
f 5400/1/5399 5405/1/5404 2515/1/2515 2508/1/2508 
f 5302/1/5301 5307/1/5306 5407/1/5406 5402/1/5401 
f 5408/1/5407 5407/1/5406 5307/1/5306 5306/1/5305 
f 5409/1/5408 5410/1/5409 5407/1/5406 5408/1/5407 
f 5402/1/5401 5407/1/5406 5410/1/5409 5403/1/5402 
f 5403/1/5402 5410/1/5409 5411/1/5410 5406/1/5405 
f 5412/1/5411 5411/1/5410 5410/1/5409 5409/1/5408 
f 2523/1/2523 5411/1/5410 5412/1/5411 2524/1/2524 
f 5406/1/5405 5411/1/5410 2523/1/2523 2516/1/2516 
f 5306/1/5305 5312/1/5311 5413/1/5412 5408/1/5407 
f 5313/1/5312 5414/1/5413 5413/1/5412 5312/1/5311 
f 5415/1/5414 5413/1/5412 5414/1/5413 5416/1/5415 
f 5408/1/5407 5413/1/5412 5415/1/5414 5409/1/5408 
f 5409/1/5408 5415/1/5414 5417/1/5416 5412/1/5411 
f 5416/1/5415 5418/1/5417 5417/1/5416 5415/1/5414 
f 2531/1/2531 5417/1/5416 5418/1/5417 2532/1/2532 
f 2524/1/2524 5412/1/5411 5417/1/5416 2531/1/2531 
f 5193/1/5192 5419/1/5418 5420/1/5419 5214/1/5213 
f 5421/1/5420 5420/1/5419 5419/1/5418 5422/1/5421 
f 5224/1/5223 5420/1/5419 5421/1/5420 5225/1/5224 
f 5214/1/5213 5420/1/5419 5224/1/5223 5216/1/5215 
f 5422/1/5421 5423/1/5422 5424/1/5423 5421/1/5420 
f 5425/1/5424 5426/1/5425 5424/1/5423 5423/1/5422 
f 5421/1/5420 5424/1/5423 5426/1/5425 5225/1/5224 
f 1150/1/1150 2543/1/2543 5427/1/5426 4143/1/4143 
f 5428/1/5427 5427/1/5426 2543/1/2543 2547/1/2547 
f 5429/1/5428 5430/1/5429 5427/1/5426 5428/1/5427 
f 4143/1/4143 5427/1/5426 5430/1/5429 4144/1/4144 
f 5431/1/5430 5432/1/5431 5433/1/5432 5434/1/5433 
f 2555/1/2555 5433/1/5432 5432/1/5431 2556/1/2556 
f 2554/1/2554 5435/1/5434 5433/1/5432 2555/1/2555 
f 5434/1/5433 5433/1/5432 5435/1/5434 5436/1/5435 
f 5437/1/5436 5438/1/5437 5439/1/5438 5440/1/5439 
f 5441/1/5440 5442/1/5441 5438/1/5437 5437/1/5436 
f 5423/1/5422 5438/1/5437 5442/1/5441 5425/1/5424 
f 5422/1/5421 5439/1/5438 5438/1/5437 5423/1/5422 
f 5440/1/5439 5443/1/5442 5444/1/5443 5437/1/5436 
f 5445/1/5444 5444/1/5443 5443/1/5442 5446/1/5445 
f 5447/1/5446 5448/1/5447 5444/1/5443 5445/1/5444 
f 5437/1/5436 5444/1/5443 5448/1/5447 5441/1/5440 
f 5446/1/5445 5449/1/5448 5450/1/5449 5445/1/5444 
f 5451/1/5450 5450/1/5449 5449/1/5448 5452/1/5451 
f 5453/1/5452 5454/1/5453 5450/1/5449 5451/1/5450 
f 5445/1/5444 5450/1/5449 5454/1/5453 5447/1/5446 
f 5452/1/5451 5455/1/5454 5456/1/5455 5451/1/5450 
f 5457/1/5456 5456/1/5455 5455/1/5454 5458/1/5457 
f 5459/1/5458 5460/1/5459 5456/1/5455 5457/1/5456 
f 5451/1/5450 5456/1/5455 5460/1/5459 5453/1/5452 
f 5458/1/5457 5461/1/5460 5462/1/5461 5457/1/5456 
f 5434/1/5433 5462/1/5461 5461/1/5460 5431/1/5430 
f 5436/1/5435 5463/1/5462 5462/1/5461 5434/1/5433 
f 5457/1/5456 5462/1/5461 5463/1/5462 5459/1/5458 
f 5431/1/5430 5464/1/5463 5465/1/5464 5432/1/5431 
f 5466/1/5465 5465/1/5464 5464/1/5463 5467/1/5466 
f 2588/1/2588 2585/1/2585 5465/1/5464 5466/1/5465 
f 5432/1/5431 5465/1/5464 2585/1/2585 2556/1/2556 
f 5468/1/5467 5469/1/5468 5470/1/5469 5471/1/5470 
f 5472/1/5471 5470/1/5469 5469/1/5468 5473/1/5472 
f 5474/1/5473 5475/1/5474 5470/1/5469 5472/1/5471 
f 5471/1/5470 5470/1/5469 5475/1/5474 5476/1/5475 
f 5467/1/5466 5477/1/5476 5478/1/5477 5466/1/5465 
f 5428/1/5427 5478/1/5477 5477/1/5476 5429/1/5428 
f 2547/1/2547 2600/1/2600 5478/1/5477 5428/1/5427 
f 5466/1/5465 5478/1/5477 2600/1/2600 2588/1/2588 
f 5429/1/5428 5477/1/5476 5479/1/5478 5480/1/5479 
f 5481/1/5480 5479/1/5478 5477/1/5476 5467/1/5466 
f 5482/1/5481 5483/1/5482 5479/1/5478 5481/1/5480 
f 5480/1/5479 5479/1/5478 5483/1/5482 5484/1/5483 
f 5467/1/5466 5464/1/5463 5485/1/5484 5481/1/5480 
f 5461/1/5460 5485/1/5484 5464/1/5463 5431/1/5430 
f 5458/1/5457 5486/1/5485 5485/1/5484 5461/1/5460 
f 5481/1/5480 5485/1/5484 5486/1/5485 5482/1/5481 
f 5484/1/5483 5483/1/5482 5487/1/5486 5488/1/5487 
f 5489/1/5488 5487/1/5486 5483/1/5482 5482/1/5481 
f 5468/1/5467 5471/1/5470 5487/1/5486 5489/1/5488 
f 5488/1/5487 5487/1/5486 5471/1/5470 5476/1/5475 
f 5473/1/5472 5469/1/5468 5490/1/5489 5491/1/5490 
f 5492/1/5491 5490/1/5489 5469/1/5468 5468/1/5467 
f 5452/1/5451 5449/1/5448 5490/1/5489 5492/1/5491 
f 5491/1/5490 5490/1/5489 5449/1/5448 5446/1/5445 
f 5492/1/5491 5493/1/5492 5455/1/5454 5452/1/5451 
f 5489/1/5488 5493/1/5492 5492/1/5491 5468/1/5467 
f 5482/1/5481 5486/1/5485 5493/1/5492 5489/1/5488 
f 5458/1/5457 5455/1/5454 5493/1/5492 5486/1/5485 
f 5494/1/5493 5495/1/5494 5496/1/5495 5497/1/5496 
f 5419/1/5418 5496/1/5495 5495/1/5494 5422/1/5421 
f 5193/1/5192 5190/1/5189 5496/1/5495 5419/1/5418 
f 5497/1/5496 5496/1/5495 5190/1/5189 4570/1/4570 
f 5474/1/5473 5498/1/5497 5499/1/5498 5475/1/5474 
f 5500/1/5499 5499/1/5498 5498/1/5497 5501/1/5500 
f 5502/1/5501 5499/1/5498 5500/1/5499 5503/1/5502 
f 5476/1/5475 5475/1/5474 5499/1/5498 5502/1/5501 
f 5504/1/5503 5505/1/5504 5506/1/5505 5507/1/5506 
f 5504/1/5503 5508/1/5507 5509/1/5508 
f 4526/1/4526 4523/1/4523 5505/1/5504 5509/1/5508 
f 4523/1/4523 4513/1/4513 5506/1/5505 
f 4499/1/4499 5510/1/5509 5511/1/5510 4512/1/4512 
f 5512/1/5511 5511/1/5510 5510/1/5509 5513/1/5512 
f 5506/1/5505 5511/1/5510 5512/1/5511 5507/1/5506 
f 4512/1/4512 5511/1/5510 5506/1/5505 4513/1/4513 
f 3255/1/3255 3266/1/3266 5514/1/5513 4502/1/4502 
f 5515/1/5514 5514/1/5513 3266/1/3266 3265/1/3265 
f 5513/1/5512 5510/1/5509 5514/1/5513 5515/1/5514 
f 4502/1/4502 5514/1/5513 5510/1/5509 4499/1/4499 
f 3265/1/3265 5516/1/5515 5517/1/5516 5515/1/5514 
f 5518/1/5517 5517/1/5516 5516/1/5515 5519/1/5518 
f 5520/1/5519 5521/1/5520 5517/1/5516 5518/1/5517 
f 5515/1/5514 5517/1/5516 5521/1/5520 5513/1/5512 
f 5513/1/5512 5521/1/5520 5522/1/5521 5512/1/5511 
f 5523/1/5522 5522/1/5521 5521/1/5520 5520/1/5519 
f 5524/1/5523 5525/1/5524 5522/1/5521 5523/1/5522 
f 5525/1/5524 5507/1/5506 5512/1/5511 
f 5524/1/5523 5526/1/5525 5527/1/5526 5525/1/5524 
f 5528/1/5527 5527/1/5526 5526/1/5525 5529/1/5528 
f 5530/1/5529 5531/1/5530 5527/1/5526 5528/1/5527 
f 5525/1/5524 5527/1/5526 5531/1/5530 5507/1/5506 
f 5532/1/5531 5533/1/5532 5534/1/5533 5535/1/5534 
f 5536/1/5535 5533/1/5532 5532/1/5531 5501/1/5500 
f 5530/1/5529 5528/1/5527 5533/1/5532 5536/1/5535 
f 5529/1/5528 5534/1/5533 5533/1/5532 5528/1/5527 
f 5503/1/5502 5500/1/5499 5537/1/5536 5538/1/5537 
f 5532/1/5531 5537/1/5536 5500/1/5499 5501/1/5500 
f 5535/1/5534 5539/1/5538 5537/1/5536 5532/1/5531 
f 5538/1/5537 5537/1/5536 5539/1/5538 5540/1/5539 
f 4071/1/4071 5541/1/5540 5542/1/5541 4070/1/4070 
f 5543/1/5542 5542/1/5541 5541/1/5540 5540/1/5539 
f 5544/1/5543 5545/1/5544 5542/1/5541 5543/1/5542 
f 4070/1/4070 5542/1/5541 5545/1/5544 4031/1/4031 
f 5546/1/5545 5547/1/5546 5548/1/5547 
f 5549/1/5548 5544/1/5543 5543/1/5542 
f 5540/1/5539 5539/1/5538 5546/1/5545 5543/1/5542 
f 5547/1/5546 5546/1/5545 5539/1/5538 5535/1/5534 
f 5550/1/5549 5551/1/5550 5552/1/5551 5553/1/5552 
f 5497/1/5496 5552/1/5551 5551/1/5550 5494/1/5493 
f 4570/1/4570 4569/1/4569 5552/1/5551 5497/1/5496 
f 5553/1/5552 5552/1/5551 4569/1/4569 4561/1/4561 
f 5554/1/5553 5555/1/5554 5495/1/5494 5494/1/5493 
f 5556/1/5555 5555/1/5554 5554/1/5553 5557/1/5556 
f 5440/1/5439 5439/1/5438 5555/1/5554 5556/1/5555 
f 5495/1/5494 5555/1/5554 5439/1/5438 5422/1/5421 
f 5446/1/5445 5443/1/5442 5558/1/5557 5491/1/5490 
f 5556/1/5555 5558/1/5557 5443/1/5442 5440/1/5439 
f 5559/1/5558 5558/1/5557 5556/1/5555 5557/1/5556 
f 5491/1/5490 5558/1/5557 5559/1/5558 5473/1/5472 
f 5560/1/5559 5561/1/5560 5562/1/5561 5563/1/5562 
f 5554/1/5553 5562/1/5561 5561/1/5560 5557/1/5556 
f 5494/1/5493 5551/1/5550 5562/1/5561 5554/1/5553 
f 5563/1/5562 5562/1/5561 5551/1/5550 5550/1/5549 
f 5557/1/5556 5564/1/5563 5565/1/5564 5559/1/5558 
f 5566/1/5565 5565/1/5564 5564/1/5563 5567/1/5566 
f 5474/1/5473 5472/1/5471 5565/1/5564 5566/1/5565 
f 5473/1/5472 5559/1/5558 5565/1/5564 5472/1/5471 
f 5530/1/5529 5568/1/5567 5569/1/5568 5531/1/5530 
f 5570/1/5569 5569/1/5568 5568/1/5567 5567/1/5566 
f 5508/1/5507 5504/1/5503 5569/1/5568 5570/1/5569 
f 5507/1/5506 5531/1/5530 5569/1/5568 5504/1/5503 
f 5501/1/5500 5498/1/5497 5571/1/5570 5536/1/5535 
f 5566/1/5565 5571/1/5570 5498/1/5497 5474/1/5473 
f 5567/1/5566 5568/1/5567 5571/1/5570 5566/1/5565 
f 5536/1/5535 5571/1/5570 5568/1/5567 5530/1/5529 
f 5572/1/5571 5509/1/5508 5508/1/5507 
f 5573/1/5572 5572/1/5571 5574/1/5573 5575/1/5574 
f 4538/1/4538 4535/1/4535 5572/1/5571 5573/1/5572 
f 5509/1/5508 5572/1/5571 4535/1/4535 4526/1/4526 
f 5575/1/5574 5576/1/5575 5577/1/5576 5573/1/5572 
f 5578/1/5577 5577/1/5576 5576/1/5575 5579/1/5578 
f 4550/1/4550 4547/1/4547 5577/1/5576 5578/1/5577 
f 5573/1/5572 5577/1/5576 4547/1/4547 4538/1/4538 
f 5580/1/5579 5578/1/5577 5579/1/5578 
f 5553/1/5552 5580/1/5579 5581/1/5580 5550/1/5549 
f 5580/1/5579 5553/1/5552 4561/1/4561 
f 5578/1/5577 5580/1/5579 4559/1/4559 4550/1/4550 
f 5582/1/5581 5583/1/5582 5584/1/5583 5585/1/5584 
f 5579/1/5578 5576/1/5575 5583/1/5582 5582/1/5581 
f 5575/1/5574 5584/1/5583 5583/1/5582 5576/1/5575 
f 5550/1/5549 5581/1/5580 5586/1/5585 5563/1/5562 
f 5582/1/5581 5586/1/5585 5581/1/5580 5579/1/5578 
f 5585/1/5584 5587/1/5586 5586/1/5585 5582/1/5581 
f 5563/1/5562 5586/1/5585 5587/1/5586 5560/1/5559 
f 5560/1/5559 5587/1/5586 5588/1/5587 5561/1/5560 
f 5589/1/5588 5588/1/5587 5587/1/5586 5585/1/5584 
f 5567/1/5566 5564/1/5563 5588/1/5587 5589/1/5588 
f 5561/1/5560 5588/1/5587 5564/1/5563 5557/1/5556 
f 5585/1/5584 5584/1/5583 5590/1/5589 5589/1/5588 
f 5574/1/5573 5590/1/5589 5584/1/5583 5575/1/5574 
f 5570/1/5569 5590/1/5589 5574/1/5573 5508/1/5507 
f 5589/1/5588 5590/1/5589 5570/1/5569 5567/1/5566 
f 3360/1/3360 5591/1/5590 5592/1/5591 3359/1/3359 
f 5593/1/5592 5592/1/5591 5591/1/5590 5594/1/5593 
f 3324/1/3324 3321/1/3321 5592/1/5591 5593/1/5592 
f 3359/1/3359 5592/1/5591 3321/1/3321 3320/1/3320 
f 3400/1/3400 5595/1/5594 5596/1/5595 3399/1/3399 
f 5597/1/5596 5596/1/5595 5595/1/5594 5598/1/5597 
f 5594/1/5593 5591/1/5590 5596/1/5595 5597/1/5596 
f 3399/1/3399 5596/1/5595 5591/1/5590 3360/1/3360 
f 5599/1/5598 5600/1/5599 5601/1/5600 5602/1/5601 
f 5595/1/5594 5601/1/5600 5600/1/5599 5598/1/5597 
f 3400/1/3400 4025/1/4025 5601/1/5600 5595/1/5594 
f 5602/1/5601 5601/1/5600 4025/1/4025 4024/1/4024 
f 5603/1/5602 5604/1/5603 5605/1/5604 5606/1/5605 
f 5602/1/5601 5605/1/5604 5604/1/5603 5599/1/5598 
f 4024/1/4024 4033/1/4033 5605/1/5604 5602/1/5601 
f 5606/1/5605 5605/1/5604 4033/1/4033 4032/1/4032 
f 5607/1/5606 5608/1/5607 5609/1/5608 
f 5610/1/5609 5609/1/5608 5548/1/5547 
f 5610/1/5609 5547/1/5546 5535/1/5534 
f 5534/1/5533 5529/1/5528 5607/1/5606 
f 5611/1/5610 5612/1/5611 5613/1/5612 5614/1/5613 
f 5612/1/5611 5608/1/5607 5607/1/5606 
f 5613/1/5612 5607/1/5606 5529/1/5528 
f 5614/1/5613 5613/1/5612 5526/1/5525 5524/1/5523 
f 5615/1/5614 5616/1/5615 5617/1/5616 5618/1/5617 
f 4028/1/4028 5617/1/5616 5616/1/5615 4032/1/4032 
f 4031/1/4031 5545/1/5544 5617/1/5616 4028/1/4028 
f 5618/1/5617 5617/1/5616 5545/1/5544 5544/1/5543 
f 5608/1/5607 5619/1/5618 5620/1/5619 5609/1/5608 
f 5618/1/5617 5620/1/5619 5619/1/5618 5615/1/5614 
f 5544/1/5543 5549/1/5548 5620/1/5619 5618/1/5617 
f 5609/1/5608 5620/1/5619 5549/1/5548 5548/1/5547 
f 5621/1/5620 5622/1/5621 5623/1/5622 5624/1/5623 
f 5606/1/5605 5623/1/5622 5622/1/5621 5603/1/5602 
f 4032/1/4032 5616/1/5615 5623/1/5622 5606/1/5605 
f 5624/1/5623 5623/1/5622 5616/1/5615 5615/1/5614 
f 5520/1/5519 5625/1/5624 5626/1/5625 5523/1/5522 
f 5627/1/5626 5626/1/5625 5625/1/5624 5628/1/5627 
f 5611/1/5610 5614/1/5613 5626/1/5625 5627/1/5626 
f 5523/1/5522 5626/1/5625 5614/1/5613 5524/1/5523 
f 5629/1/5628 5612/1/5611 5611/1/5610 
f 5630/1/5629 5629/1/5628 5631/1/5630 5632/1/5631 
f 5615/1/5614 5619/1/5618 5629/1/5628 5630/1/5629 
f 5619/1/5618 5608/1/5607 5612/1/5611 
f 5632/1/5631 5633/1/5632 5634/1/5633 5630/1/5629 
f 5635/1/5634 5636/1/5635 5634/1/5633 5633/1/5632 
f 5624/1/5623 5634/1/5633 5636/1/5635 5621/1/5620 
f 5630/1/5629 5634/1/5633 5624/1/5623 5615/1/5614 
f 5518/1/5517 5637/1/5636 5625/1/5624 5520/1/5519 
f 5638/1/5637 5637/1/5636 5518/1/5517 5519/1/5518 
f 5628/1/5627 5625/1/5624 5637/1/5636 5638/1/5637 
f 5627/1/5626 5639/1/5638 5631/1/5630 5611/1/5610 
f 5628/1/5627 5640/1/5639 5639/1/5638 5627/1/5626 
f 5641/1/5640 5639/1/5638 5640/1/5639 5642/1/5641 
f 5632/1/5631 5631/1/5630 5639/1/5638 5641/1/5640 
f 5633/1/5632 5643/1/5642 5644/1/5643 5635/1/5634 
f 5641/1/5640 5643/1/5642 5633/1/5632 5632/1/5631 
f 5642/1/5641 5645/1/5644 5643/1/5642 5641/1/5640 
f 5644/1/5643 5643/1/5642 5645/1/5644 5646/1/5645 
f 5647/1/5646 5648/1/5647 5649/1/5648 5650/1/5649 
f 3323/1/3323 5649/1/5648 5648/1/5647 3264/1/3264 
f 3324/1/3324 5651/1/5650 5649/1/5648 3323/1/3323 
f 5650/1/5649 5649/1/5648 5651/1/5650 5652/1/5651 
f 3264/1/3264 5648/1/5647 5653/1/5652 3263/1/3263 
f 5654/1/5653 5653/1/5652 5648/1/5647 5647/1/5646 
f 5519/1/5518 5516/1/5515 5653/1/5652 5654/1/5653 
f 3263/1/3263 5653/1/5652 5516/1/5515 3265/1/3265 
f 5519/1/5518 5655/1/5654 5656/1/5655 5638/1/5637 
f 5657/1/5656 5656/1/5655 5655/1/5654 5658/1/5657 
f 5642/1/5641 5640/1/5639 5656/1/5655 5657/1/5656 
f 5638/1/5637 5656/1/5655 5640/1/5639 5628/1/5627 
f 5658/1/5657 5659/1/5658 5660/1/5659 5657/1/5656 
f 5661/1/5660 5660/1/5659 5659/1/5658 5662/1/5661 
f 5646/1/5645 5645/1/5644 5660/1/5659 5661/1/5660 
f 5657/1/5656 5660/1/5659 5645/1/5644 5642/1/5641 
f 5594/1/5593 5663/1/5662 5664/1/5663 5593/1/5592 
f 5665/1/5664 5664/1/5663 5663/1/5662 5666/1/5665 
f 5652/1/5651 5651/1/5650 5664/1/5663 5665/1/5664 
f 5593/1/5592 5664/1/5663 5651/1/5650 3324/1/3324 
f 5647/1/5646 5667/1/5666 5668/1/5667 5654/1/5653 
f 5669/1/5668 5668/1/5667 5667/1/5666 5670/1/5669 
f 5658/1/5657 5655/1/5654 5668/1/5667 5669/1/5668 
f 5654/1/5653 5668/1/5667 5655/1/5654 5519/1/5518 
f 5652/1/5651 5665/1/5664 5671/1/5670 5650/1/5649 
f 5672/1/5671 5671/1/5670 5665/1/5664 5666/1/5665 
f 5670/1/5669 5667/1/5666 5671/1/5670 5672/1/5671 
f 5650/1/5649 5671/1/5670 5667/1/5666 5647/1/5646 
f 5670/1/5669 5673/1/5672 5674/1/5673 5669/1/5668 
f 5675/1/5674 5674/1/5673 5673/1/5672 5676/1/5675 
f 5662/1/5661 5659/1/5658 5674/1/5673 5675/1/5674 
f 5669/1/5668 5674/1/5673 5659/1/5658 5658/1/5657 
f 5666/1/5665 5677/1/5676 5678/1/5677 5672/1/5671 
f 5679/1/5678 5678/1/5677 5677/1/5676 5680/1/5679 
f 5676/1/5675 5673/1/5672 5678/1/5677 5679/1/5678 
f 5672/1/5671 5678/1/5677 5673/1/5672 5670/1/5669 
f 5598/1/5597 5681/1/5680 5682/1/5681 5597/1/5596 
f 5683/1/5682 5682/1/5681 5681/1/5680 5684/1/5683 
f 5666/1/5665 5663/1/5662 5682/1/5681 5683/1/5682 
f 5597/1/5596 5682/1/5681 5663/1/5662 5594/1/5593 
f 5600/1/5599 5685/1/5684 5681/1/5680 5598/1/5597 
f 5686/1/5685 5685/1/5684 5600/1/5599 5599/1/5598 
f 5687/1/5686 5688/1/5687 5685/1/5684 5686/1/5685 
f 5684/1/5683 5681/1/5680 5685/1/5684 5688/1/5687 
f 5684/1/5683 5689/1/5688 5690/1/5689 5683/1/5682 
f 5691/1/5690 5690/1/5689 5689/1/5688 5692/1/5691 
f 5680/1/5679 5677/1/5676 5690/1/5689 5691/1/5690 
f 5683/1/5682 5690/1/5689 5677/1/5676 5666/1/5665 
f 5599/1/5598 5604/1/5603 5693/1/5692 5686/1/5685 
f 5694/1/5693 5693/1/5692 5604/1/5603 5603/1/5602 
f 5695/1/5694 5696/1/5695 5693/1/5692 5694/1/5693 
f 5686/1/5685 5693/1/5692 5696/1/5695 5687/1/5686 
f 5692/1/5691 5689/1/5688 5697/1/5696 5698/1/5697 
f 5688/1/5687 5697/1/5696 5689/1/5688 5684/1/5683 
f 5699/1/5698 5697/1/5696 5688/1/5687 5687/1/5686 
f 5700/1/5699 5698/1/5697 5697/1/5696 5699/1/5698 
f 5603/1/5602 5622/1/5621 5701/1/5700 5694/1/5693 
f 5702/1/5701 5701/1/5700 5622/1/5621 5621/1/5620 
f 5703/1/5702 5704/1/5703 5701/1/5700 5702/1/5701 
f 5694/1/5693 5701/1/5700 5704/1/5703 5695/1/5694 
f 5705/1/5704 5706/1/5705 5707/1/5706 5708/1/5707 
f 5699/1/5698 5707/1/5706 5706/1/5705 5700/1/5699 
f 5687/1/5686 5696/1/5695 5707/1/5706 5699/1/5698 
f 5708/1/5707 5707/1/5706 5696/1/5695 5695/1/5694 
f 5709/1/5708 5710/1/5709 5711/1/5710 5712/1/5711 
f 5702/1/5701 5711/1/5710 5710/1/5709 5703/1/5702 
f 5621/1/5620 5636/1/5635 5711/1/5710 5702/1/5701 
f 5712/1/5711 5711/1/5710 5636/1/5635 5635/1/5634 
f 5713/1/5712 5714/1/5713 5715/1/5714 5716/1/5715 
f 5712/1/5711 5715/1/5714 5714/1/5713 5709/1/5708 
f 5635/1/5634 5644/1/5643 5715/1/5714 5712/1/5711 
f 5646/1/5645 5716/1/5715 5715/1/5714 5644/1/5643 
f 5717/1/5716 5718/1/5717 5719/1/5718 5720/1/5719 
f 5708/1/5707 5719/1/5718 5718/1/5717 5705/1/5704 
f 5695/1/5694 5704/1/5703 5719/1/5718 5708/1/5707 
f 5720/1/5719 5719/1/5718 5704/1/5703 5703/1/5702 
f 5662/1/5661 5721/1/5720 5722/1/5721 5661/1/5660 
f 5723/1/5722 5722/1/5721 5721/1/5720 5724/1/5723 
f 5713/1/5712 5716/1/5715 5722/1/5721 5723/1/5722 
f 5661/1/5660 5722/1/5721 5716/1/5715 5646/1/5645 
f 5725/1/5724 5726/1/5725 5727/1/5726 
f 5720/1/5719 5725/1/5724 5728/1/5727 5717/1/5716 
f 5703/1/5702 5710/1/5709 5725/1/5724 5720/1/5719 
f 5726/1/5725 5725/1/5724 5710/1/5709 5709/1/5708 
f 5724/1/5723 5729/1/5728 5730/1/5729 5723/1/5722 
f 5726/1/5725 5730/1/5729 5729/1/5728 5727/1/5726 
f 5709/1/5708 5714/1/5713 5730/1/5729 5726/1/5725 
f 5723/1/5722 5730/1/5729 5714/1/5713 5713/1/5712 
f 5676/1/5675 5731/1/5730 5732/1/5731 5675/1/5674 
f 5733/1/5732 5732/1/5731 5731/1/5730 5734/1/5733 
f 5724/1/5723 5721/1/5720 5732/1/5731 5733/1/5732 
f 5675/1/5674 5732/1/5731 5721/1/5720 5662/1/5661 
f 5680/1/5679 5735/1/5734 5736/1/5735 5679/1/5678 
f 5737/1/5736 5736/1/5735 5735/1/5734 5738/1/5737 
f 5734/1/5733 5731/1/5730 5736/1/5735 5737/1/5736 
f 5679/1/5678 5736/1/5735 5731/1/5730 5676/1/5675 
f 5734/1/5733 5739/1/5738 5740/1/5739 5733/1/5732 
f 5729/1/5728 5740/1/5739 5739/1/5738 5727/1/5726 
f 5733/1/5732 5740/1/5739 5729/1/5728 5724/1/5723 
f 5738/1/5737 5741/1/5740 5742/1/5741 5737/1/5736 
f 5743/1/5742 5742/1/5741 5741/1/5740 5744/1/5743 
f 5727/1/5726 5739/1/5738 5742/1/5741 5743/1/5742 
f 5737/1/5736 5742/1/5741 5739/1/5738 5734/1/5733 
f 5743/1/5742 5745/1/5744 5728/1/5727 5727/1/5726 
f 5744/1/5743 5746/1/5745 5745/1/5744 5743/1/5742 
f 5747/1/5746 5748/1/5747 5745/1/5744 5746/1/5745 
f 5728/1/5727 5745/1/5744 5748/1/5747 5717/1/5716 
f 5749/1/5748 5750/1/5749 5746/1/5745 5744/1/5743 
f 5751/1/5750 5752/1/5751 5750/1/5749 5749/1/5748 
f 5753/1/5752 5754/1/5753 5750/1/5749 5752/1/5751 
f 5746/1/5745 5750/1/5749 5754/1/5753 5747/1/5746 
f 5717/1/5716 5748/1/5747 5755/1/5754 5718/1/5717 
f 5756/1/5755 5755/1/5754 5748/1/5747 5747/1/5746 
f 5757/1/5756 5755/1/5754 5756/1/5755 5758/1/5757 
f 5705/1/5704 5718/1/5717 5755/1/5754 5757/1/5756 
f 5758/1/5757 5759/1/5758 5760/1/5759 5757/1/5756 
f 5761/1/5760 5760/1/5759 5759/1/5758 5762/1/5761 
f 5700/1/5699 5706/1/5705 5760/1/5759 5761/1/5760 
f 5757/1/5756 5760/1/5759 5706/1/5705 5705/1/5704 
f 5763/1/5762 5764/1/5763 5765/1/5764 
f 5763/1/5762 5766/1/5765 5751/1/5750 
f 5744/1/5743 5741/1/5740 5763/1/5762 5749/1/5748 
f 5764/1/5763 5763/1/5762 5741/1/5740 5738/1/5737 
f 5692/1/5691 5767/1/5766 5768/1/5767 5691/1/5690 
f 5764/1/5763 5768/1/5767 5767/1/5766 5765/1/5764 
f 5738/1/5737 5735/1/5734 5768/1/5767 5764/1/5763 
f 5691/1/5690 5768/1/5767 5735/1/5734 5680/1/5679 
f 5762/1/5761 5769/1/5768 5770/1/5769 5761/1/5760 
f 5765/1/5764 5767/1/5766 5770/1/5769 5769/1/5768 
f 5698/1/5697 5770/1/5769 5767/1/5766 5692/1/5691 
f 5761/1/5760 5770/1/5769 5698/1/5697 5700/1/5699 
f 5771/1/5770 5772/1/5771 5773/1/5772 
f 5774/1/5773 5765/1/5764 5769/1/5768 
f 5762/1/5761 5759/1/5758 5771/1/5770 5769/1/5768 
f 5772/1/5771 5771/1/5770 5759/1/5758 5758/1/5757 
f 5751/1/5750 5766/1/5765 5775/1/5774 5752/1/5751 
f 5774/1/5773 5775/1/5774 5766/1/5765 5765/1/5764 
f 5775/1/5774 5774/1/5773 5773/1/5772 
f 5752/1/5751 5775/1/5774 5776/1/5775 5753/1/5752 
f 5753/1/5752 5776/1/5775 5777/1/5776 5754/1/5753 
f 5773/1/5772 5772/1/5771 5777/1/5776 5776/1/5775 
f 5758/1/5757 5756/1/5755 5777/1/5776 5772/1/5771 
f 5754/1/5753 5777/1/5776 5756/1/5755 5747/1/5746 
f 5778/1/5777 5779/1/5778 5780/1/5779 
f 4087/1/4087 5778/1/5777 5781/1/5780 4088/1/4088 
f 4084/1/4084 4100/1/4100 5778/1/5777 4087/1/4087 
f 5779/1/5778 5778/1/5777 4100/1/4100 4103/1/4103 
f 4168/1/4168 4167/1/4167 5782/1/5781 5783/1/5782 
f 5779/1/5778 5783/1/5782 5782/1/5781 5780/1/5779 
f 4161/1/4161 5783/1/5782 5779/1/5778 4103/1/4103 
f 4162/1/4162 4168/1/4168 5783/1/5782 4161/1/4161 
f 4171/1/4171 5784/1/5783 5785/1/5784 4172/1/4172 
f 5786/1/5785 5785/1/5784 5784/1/5783 5787/1/5786 
f 5780/1/5779 5782/1/5781 5785/1/5784 
f 4172/1/4172 5785/1/5784 5782/1/5781 4167/1/4167 
f 4048/1/4048 4089/1/4089 5788/1/5787 4055/1/4055 
f 5789/1/5788 5788/1/5787 4089/1/4089 4088/1/4088 
f 5790/1/5789 5791/1/5790 5788/1/5787 5789/1/5788 
f 4055/1/4055 5788/1/5787 5791/1/5790 4052/1/4052 
f 4088/1/4088 5781/1/5780 5792/1/5791 5789/1/5788 
f 5793/1/5792 5792/1/5791 5781/1/5780 5780/1/5779 
f 5794/1/5793 5795/1/5794 5792/1/5791 5793/1/5792 
f 5789/1/5788 5792/1/5791 5795/1/5794 5790/1/5789 
f 5787/1/5786 5796/1/5795 5797/1/5796 5786/1/5785 
f 5793/1/5792 5797/1/5796 5796/1/5795 5794/1/5793 
f 5797/1/5796 5793/1/5792 5780/1/5779 
f 4052/1/4052 5791/1/5790 5798/1/5797 4059/1/4059 
f 5799/1/5798 5798/1/5797 5791/1/5790 5790/1/5789 
f 5800/1/5799 5801/1/5800 5798/1/5797 5799/1/5798 
f 4059/1/4059 5798/1/5797 5801/1/5800 4056/1/4056 
f 4171/1/4171 4174/1/4174 5802/1/5801 5784/1/5783 
f 5803/1/5802 5802/1/5801 4174/1/4174 4173/1/4173 
f 5804/1/5803 5805/1/5804 5802/1/5801 5803/1/5802 
f 5787/1/5786 5784/1/5783 5802/1/5801 5805/1/5804 
f 5790/1/5789 5795/1/5794 5806/1/5805 5799/1/5798 
f 5807/1/5806 5806/1/5805 5795/1/5794 5794/1/5793 
f 5808/1/5807 5809/1/5808 5806/1/5805 5807/1/5806 
f 5809/1/5808 5800/1/5799 5799/1/5798 
f 5804/1/5803 5810/1/5809 5811/1/5810 5805/1/5804 
f 5807/1/5806 5811/1/5810 5810/1/5809 5808/1/5807 
f 5794/1/5793 5796/1/5795 5811/1/5810 5807/1/5806 
f 5805/1/5804 5811/1/5810 5796/1/5795 5787/1/5786 
f 5812/1/5811 5813/1/5812 5801/1/5800 5800/1/5799 
f 5812/1/5811 5814/1/5813 5815/1/5814 
f 4063/1/4063 4060/1/4060 5813/1/5812 5815/1/5814 
f 4056/1/4056 5801/1/5800 5813/1/5812 4060/1/4060 
f 4173/1/4173 4178/1/4178 5816/1/5815 5803/1/5802 
f 5817/1/5816 5816/1/5815 4178/1/4178 4177/1/4177 
f 5818/1/5817 5819/1/5818 5816/1/5815 5817/1/5816 
f 5803/1/5802 5816/1/5815 5819/1/5818 5804/1/5803 
f 5820/1/5819 5821/1/5820 5809/1/5808 5808/1/5807 
f 5822/1/5821 5821/1/5820 5820/1/5819 5823/1/5822 
f 5821/1/5820 5822/1/5821 5814/1/5813 
f 5821/1/5820 5812/1/5811 5800/1/5799 
f 5804/1/5803 5819/1/5818 5824/1/5823 5810/1/5809 
f 5825/1/5824 5824/1/5823 5819/1/5818 5818/1/5817 
f 5823/1/5822 5820/1/5819 5824/1/5823 5825/1/5824 
f 5808/1/5807 5810/1/5809 5824/1/5823 5820/1/5819 
f 5826/1/5825 5815/1/5814 5814/1/5813 
f 5827/1/5826 5826/1/5825 5828/1/5827 5829/1/5828 
f 4065/1/4065 4064/1/4064 5826/1/5825 5827/1/5826 
f 5815/1/5814 5826/1/5825 4064/1/4064 4063/1/4063 
f 5823/1/5822 5830/1/5829 5831/1/5830 5822/1/5821 
f 5832/1/5831 5831/1/5830 5830/1/5829 5833/1/5832 
f 5829/1/5828 5828/1/5827 5831/1/5830 5832/1/5831 
f 5822/1/5821 5831/1/5830 5828/1/5827 5814/1/5813 
f 5834/1/5833 5835/1/5834 5836/1/5835 5837/1/5836 
f 5538/1/5537 5836/1/5835 5835/1/5834 5503/1/5502 
f 5540/1/5539 5541/1/5540 5836/1/5835 5538/1/5537 
f 5837/1/5836 5836/1/5835 5541/1/5540 4071/1/4071 
f 5829/1/5828 5838/1/5837 5839/1/5838 5827/1/5826 
f 5838/1/5837 5834/1/5833 5837/1/5836 
f 4071/1/4071 4068/1/4068 5839/1/5838 5837/1/5836 
f 5827/1/5826 5839/1/5838 4068/1/4068 4065/1/4065 
f 5833/1/5832 5840/1/5839 5841/1/5840 5832/1/5831 
f 5842/1/5841 5841/1/5840 5840/1/5839 5843/1/5842 
f 5841/1/5840 5842/1/5841 5834/1/5833 
f 5832/1/5831 5841/1/5840 5838/1/5837 5829/1/5828 
f 4177/1/4177 4182/1/4182 5844/1/5843 5817/1/5816 
f 5845/1/5844 5844/1/5843 4182/1/4182 4181/1/4181 
f 5846/1/5845 5847/1/5846 5844/1/5843 5845/1/5844 
f 5817/1/5816 5844/1/5843 5847/1/5846 5818/1/5817 
f 5818/1/5817 5847/1/5846 5848/1/5847 5825/1/5824 
f 5849/1/5848 5848/1/5847 5847/1/5846 5846/1/5845 
f 5833/1/5832 5830/1/5829 5848/1/5847 5849/1/5848 
f 5825/1/5824 5848/1/5847 5830/1/5829 5823/1/5822 
f 5503/1/5502 5835/1/5834 5850/1/5849 5502/1/5501 
f 5851/1/5850 5850/1/5849 5835/1/5834 5834/1/5833 
f 5852/1/5851 5853/1/5852 5850/1/5849 5851/1/5850 
f 5502/1/5501 5850/1/5849 5853/1/5852 5476/1/5475 
f 5484/1/5483 5854/1/5853 5855/1/5854 5480/1/5479 
f 5856/1/5855 5855/1/5854 5854/1/5853 5857/1/5856 
f 4144/1/4144 5430/1/5429 5855/1/5854 5856/1/5855 
f 5480/1/5479 5855/1/5854 5430/1/5429 5429/1/5428 
f 5858/1/5857 5842/1/5841 5843/1/5842 
f 5859/1/5858 5860/1/5859 5861/1/5860 
f 5861/1/5860 5852/1/5851 5851/1/5850 
f 5851/1/5850 5834/1/5833 5842/1/5841 
f 5857/1/5856 5854/1/5853 5862/1/5861 5863/1/5862 
f 5488/1/5487 5862/1/5861 5854/1/5853 5484/1/5483 
f 5476/1/5475 5853/1/5852 5862/1/5861 5488/1/5487 
f 5863/1/5862 5862/1/5861 5853/1/5852 5852/1/5851 
f 5860/1/5859 5864/1/5863 5865/1/5864 5861/1/5860 
f 5863/1/5862 5865/1/5864 5864/1/5863 5857/1/5856 
f 5852/1/5851 5861/1/5860 5865/1/5864 5863/1/5862 
f 4181/1/4181 5866/1/5865 5867/1/5866 5845/1/5844 
f 5864/1/5863 5867/1/5866 5866/1/5865 5857/1/5856 
f 5860/1/5859 5868/1/5867 5867/1/5866 5864/1/5863 
f 5845/1/5844 5867/1/5866 5868/1/5867 5846/1/5845 
f 4140/1/4140 4145/1/4145 5869/1/5868 4184/1/4184 
f 5856/1/5855 5869/1/5868 4145/1/4145 4144/1/4144 
f 5857/1/5856 5866/1/5865 5869/1/5868 5856/1/5855 
f 4184/1/4184 5869/1/5868 5866/1/5865 4181/1/4181 
f 5846/1/5845 5868/1/5867 5870/1/5869 5849/1/5848 
f 5859/1/5858 5870/1/5869 5868/1/5867 5860/1/5859 
f 5843/1/5842 5840/1/5839 5870/1/5869 5859/1/5858 
f 5849/1/5848 5870/1/5869 5840/1/5839 5833/1/5832 
f 5871/1/5870 5872/1/5871 4338/1/4338 4337/1/4337 
f 5873/1/5872 5872/1/5871 5871/1/5870 5874/1/5873 
f 2997/1/2997 2996/1/2996 5872/1/5871 5873/1/5872 
f 4338/1/4338 5872/1/5871 2996/1/2996 1353/1/1353 
f 5875/1/5874 5871/1/5870 4337/1/4337 
f 4342/1/4342 4341/1/4341 5876/1/5875 
f 5877/1/5876 5878/1/5877 5875/1/5874 5876/1/5875 
f 5874/1/5873 5871/1/5870 5875/1/5874 5878/1/5877 
f 5874/1/5873 5878/1/5877 5879/1/5878 5873/1/5872 
f 5880/1/5879 5879/1/5878 5878/1/5877 5877/1/5876 
f 3006/1/3006 3005/1/3005 5879/1/5878 5880/1/5879 
f 5873/1/5872 5879/1/5878 3005/1/3005 2997/1/2997 
f 5881/1/5880 5882/1/5881 4348/1/4348 4347/1/4347 
f 5883/1/5882 5882/1/5881 5881/1/5880 5884/1/5883 
f 5877/1/5876 5876/1/5875 5882/1/5881 5883/1/5882 
f 4341/1/4341 4348/1/4348 5882/1/5881 5876/1/5875 
f 4351/1/4351 4382/1/4382 5885/1/5884 4352/1/4352 
f 5886/1/5885 5885/1/5884 4382/1/4382 4386/1/4386 
f 5884/1/5883 5881/1/5880 5885/1/5884 5886/1/5885 
f 5881/1/5880 4347/1/4347 4352/1/4352 
f 4386/1/4386 5887/1/5886 5888/1/5887 5886/1/5885 
f 5887/1/5886 3019/1/3019 3018/1/3018 
f 3017/1/3017 5889/1/5888 5888/1/5887 3018/1/3018 
f 5886/1/5885 5888/1/5887 5889/1/5888 5884/1/5883 
f 5890/1/5889 5293/1/5292 5292/1/5291 
f 5887/1/5886 5890/1/5889 5891/1/5890 3019/1/3019 
f 4386/1/4386 4385/1/4385 5890/1/5889 5887/1/5886 
f 5293/1/5292 5890/1/5889 4385/1/4385 4384/1/4384 
f 2445/1/2445 3023/1/3023 5892/1/5891 5351/1/5350 
f 5891/1/5890 5892/1/5891 3023/1/3023 3019/1/3019 
f 5292/1/5291 5347/1/5346 5892/1/5891 5891/1/5890 
f 5351/1/5350 5892/1/5891 5347/1/5346 5346/1/5345 
f 5877/1/5876 5883/1/5882 5893/1/5892 5880/1/5879 
f 5884/1/5883 5889/1/5888 5893/1/5892 5883/1/5882 
f 3017/1/3017 3025/1/3025 5893/1/5892 5889/1/5888 
f 5880/1/5879 5893/1/5892 3025/1/3025 3006/1/3006 
f 5894/1/5893 5895/1/5894 5896/1/5895 5897/1/5896 
f 5898/1/5897 5896/1/5895 5895/1/5894 5899/1/5898 
f 5900/1/5899 5901/1/5900 5896/1/5895 5898/1/5897 
f 5897/1/5896 5896/1/5895 5901/1/5900 5902/1/5901 
f 5899/1/5898 5895/1/5894 5903/1/5902 5904/1/5903 
f 5905/1/5904 5903/1/5902 5895/1/5894 5894/1/5893 
f 5906/1/5905 5907/1/5906 5903/1/5902 5905/1/5904 
f 5904/1/5903 5903/1/5902 5907/1/5906 5908/1/5907 
f 5908/1/5907 5907/1/5906 5909/1/5908 5910/1/5909 
f 5911/1/5910 5909/1/5908 5907/1/5906 5906/1/5905 
f 5912/1/5911 5913/1/5912 5909/1/5908 5911/1/5910 
f 5910/1/5909 5909/1/5908 5913/1/5912 5914/1/5913 
f 5914/1/5913 5913/1/5912 5915/1/5914 5916/1/5915 
f 5917/1/5916 5915/1/5914 5913/1/5912 5912/1/5911 
f 5918/1/5917 5919/1/5918 5915/1/5914 5917/1/5916 
f 5916/1/5915 5915/1/5914 5919/1/5918 5920/1/5919 
f 5920/1/5919 5919/1/5918 5921/1/5920 5922/1/5921 
f 5923/1/5922 5921/1/5920 5919/1/5918 5918/1/5917 
f 5924/1/5923 5925/1/5924 5921/1/5920 5923/1/5922 
f 5922/1/5921 5921/1/5920 5925/1/5924 5926/1/5925 
f 5927/1/5926 5928/1/5927 5929/1/5928 5930/1/5929 
f 5926/1/5925 5925/1/5924 5928/1/5927 5927/1/5926 
f 5931/1/5930 5928/1/5927 5925/1/5924 5924/1/5923 
f 5932/1/5931 5929/1/5928 5928/1/5927 5931/1/5930 
f 5933/1/5932 5934/1/5933 5935/1/5934 5936/1/5935 
f 5930/1/5929 5929/1/5928 5934/1/5933 5933/1/5932 
f 5937/1/5936 5934/1/5933 5929/1/5928 5932/1/5931 
f 5938/1/5937 5935/1/5934 5934/1/5933 5937/1/5936 
f 5939/1/5938 5940/1/5939 5941/1/5940 5942/1/5941 
f 5936/1/5935 5935/1/5934 5940/1/5939 5939/1/5938 
f 5943/1/5942 5940/1/5939 5935/1/5934 5938/1/5937 
f 5944/1/5943 5941/1/5940 5940/1/5939 5943/1/5942 
f 5945/1/5944 5946/1/5945 5947/1/5946 5948/1/5947 
f 5942/1/5941 5941/1/5940 5946/1/5945 5945/1/5944 
f 5949/1/5948 5946/1/5945 5941/1/5940 5944/1/5943 
f 5950/1/5949 5947/1/5946 5946/1/5945 5949/1/5948 
f 5951/1/5950 5952/1/5951 5953/1/5952 5954/1/5953 
f 5948/1/5947 5947/1/5946 5953/1/5952 5952/1/5951 
f 5955/1/5954 5953/1/5952 5947/1/5946 5950/1/5949 
f 5954/1/5953 5953/1/5952 5955/1/5954 5956/1/5955 
f 5957/1/5956 5958/1/5957 5959/1/5958 5960/1/5959 
f 5954/1/5953 5959/1/5958 5958/1/5957 5951/1/5950 
f 5956/1/5955 5961/1/5960 5959/1/5958 5954/1/5953 
f 5960/1/5959 5959/1/5958 5961/1/5960 5962/1/5961 
f 5963/1/5962 5964/1/5963 5965/1/5964 5966/1/5965 
f 5960/1/5959 5965/1/5964 5964/1/5963 5957/1/5956 
f 5962/1/5961 5967/1/5966 5965/1/5964 5960/1/5959 
f 5966/1/5965 5965/1/5964 5967/1/5966 5968/1/5967 
f 5969/1/5968 5970/1/5969 5971/1/5970 5972/1/5971 
f 5963/1/5962 5966/1/5965 5971/1/5970 5970/1/5969 
f 5973/1/5972 5971/1/5970 5966/1/5965 5968/1/5967 
f 5972/1/5971 5971/1/5970 5973/1/5972 5974/1/5973 
f 5975/1/5974 5976/1/5975 5977/1/5976 5978/1/5977 
f 5972/1/5971 5977/1/5976 5976/1/5975 5969/1/5968 
f 5974/1/5973 5979/1/5978 5977/1/5976 5972/1/5971 
f 5978/1/5977 5977/1/5976 5979/1/5978 5980/1/5979 
f 5981/1/5980 5982/1/5981 5983/1/5982 5984/1/5983 
f 5985/1/5984 5983/1/5982 5982/1/5981 5986/1/5985 
f 5983/1/5982 5985/1/5984 5987/1/5986 
f 5988/1/5987 5989/1/5988 5984/1/5983 
f 5987/1/5986 5990/1/5989 5991/1/5990 
f 5991/1/5990 5990/1/5989 5992/1/5991 
f 5993/1/5992 5994/1/5993 5995/1/5994 
f 5988/1/5987 5991/1/5990 5995/1/5994 5989/1/5988 
f 5994/1/5993 5993/1/5992 5996/1/5995 5997/1/5996 
f 5993/1/5992 5992/1/5991 5998/1/5997 
f 5999/1/5998 6000/1/5999 5996/1/5995 5998/1/5997 
f 6000/1/5999 6001/1/6000 5997/1/5996 
f 6002/1/6001 6003/1/6002 6004/1/6003 6005/1/6004 
f 6006/1/6005 6004/1/6003 6003/1/6002 6007/1/6006 
f 5986/1/5985 5982/1/5981 6004/1/6003 6006/1/6005 
f 6005/1/6004 6004/1/6003 5982/1/5981 5981/1/5980 
f 6007/1/6006 6003/1/6002 6008/1/6007 6009/1/6008 
f 6010/1/6009 6008/1/6007 6003/1/6002 6002/1/6001 
f 5902/1/5901 5901/1/5900 6008/1/6007 6010/1/6009 
f 6009/1/6008 6008/1/6007 5901/1/5900 5900/1/5899 
f 6011/1/6010 6012/1/6011 6013/1/6012 
f 6014/1/6013 6011/1/6010 6015/1/6014 6016/1/6015 
f 6017/1/6016 6018/1/6017 6011/1/6010 6014/1/6013 
f 6012/1/6011 6011/1/6010 6018/1/6017 6019/1/6018 
f 6020/1/6019 6021/1/6020 6013/1/6012 
f 6012/1/6011 6019/1/6018 6022/1/6021 
f 6001/1/6000 6000/1/5999 6020/1/6019 6022/1/6021 
f 6021/1/6020 6020/1/6019 6000/1/5999 5999/1/5998 
f 5980/1/5979 6023/1/6022 6024/1/6023 5978/1/5977 
f 6025/1/6024 6024/1/6023 6023/1/6022 6026/1/6025 
f 6027/1/6026 6028/1/6027 6024/1/6023 6025/1/6024 
f 5978/1/5977 6024/1/6023 6028/1/6027 5975/1/5974 
f 6029/1/6028 6030/1/6029 6014/1/6013 6016/1/6015 
f 6029/1/6028 6027/1/6026 6025/1/6024 
f 6026/1/6025 6031/1/6030 6030/1/6029 6025/1/6024 
f 6030/1/6029 6031/1/6030 6017/1/6016 
f 6032/1/6031 5995/1/5994 5994/1/5993 
f 6033/1/6032 6032/1/6031 6034/1/6033 6035/1/6034 
f 6036/1/6035 6037/1/6036 6032/1/6031 6033/1/6032 
f 5989/1/5988 5995/1/5994 6032/1/6031 6037/1/6036 
f 6038/1/6037 6039/1/6038 6040/1/6039 6041/1/6040 
f 6042/1/6041 6040/1/6039 6039/1/6038 6043/1/6042 
f 6036/1/6035 6044/1/6043 6040/1/6039 6042/1/6041 
f 6041/1/6040 6040/1/6039 6044/1/6043 6045/1/6044 
f 6046/1/6045 6047/1/6046 6048/1/6047 6049/1/6048 
f 6050/1/6049 6048/1/6047 6047/1/6046 6051/1/6050 
f 6052/1/6051 6053/1/6052 6048/1/6047 6050/1/6049 
f 6049/1/6048 6048/1/6047 6053/1/6052 6054/1/6053 
f 6035/1/6034 6034/1/6033 6055/1/6054 6056/1/6055 
f 5997/1/5996 6055/1/6054 6034/1/6033 5994/1/5993 
f 6001/1/6000 6057/1/6056 6055/1/6054 5997/1/5996 
f 6056/1/6055 6055/1/6054 6057/1/6056 6058/1/6057 
f 6019/1/6018 6059/1/6058 6060/1/6059 6022/1/6021 
f 6061/1/6060 6060/1/6059 6059/1/6058 6062/1/6061 
f 6058/1/6057 6057/1/6056 6060/1/6059 6061/1/6060 
f 6022/1/6021 6060/1/6059 6057/1/6056 6001/1/6000 
f 5981/1/5980 6063/1/6062 6064/1/6063 6005/1/6004 
f 6065/1/6064 6064/1/6063 6063/1/6062 6043/1/6042 
f 6066/1/6065 6067/1/6066 6064/1/6063 6065/1/6064 
f 6005/1/6004 6064/1/6063 6067/1/6066 6002/1/6001 
f 5989/1/5988 6037/1/6036 6068/1/6067 5984/1/5983 
f 6042/1/6041 6068/1/6067 6037/1/6036 6036/1/6035 
f 6043/1/6042 6063/1/6062 6068/1/6067 6042/1/6041 
f 5984/1/5983 6068/1/6067 6063/1/6062 5981/1/5980 
f 6002/1/6001 6067/1/6066 6069/1/6068 6010/1/6009 
f 6070/1/6069 6069/1/6068 6067/1/6066 6066/1/6065 
f 6071/1/6070 6072/1/6071 6069/1/6068 6070/1/6069 
f 6010/1/6009 6069/1/6068 6072/1/6071 5902/1/5901 
f 6073/1/6072 6074/1/6073 6075/1/6074 6076/1/6075 
f 6062/1/6061 6059/1/6058 6074/1/6073 6073/1/6072 
f 6019/1/6018 6018/1/6017 6074/1/6073 6059/1/6058 
f 6075/1/6074 6074/1/6073 6018/1/6017 6017/1/6016 
f 6046/1/6045 6077/1/6076 6078/1/6077 6079/1/6078 
f 6077/1/6076 6076/1/6075 6075/1/6074 
f 6078/1/6077 6075/1/6074 6017/1/6016 
f 6079/1/6078 6078/1/6077 6031/1/6030 6026/1/6025 
f 5902/1/5901 6072/1/6071 6080/1/6079 5897/1/5896 
f 6081/1/6080 6080/1/6079 6072/1/6071 6071/1/6070 
f 6082/1/6081 6083/1/6082 6080/1/6079 6081/1/6080 
f 5897/1/5896 6080/1/6079 6083/1/6082 5894/1/5893 
f 5894/1/5893 6083/1/6082 6084/1/6083 5905/1/5904 
f 6085/1/6084 6084/1/6083 6083/1/6082 6082/1/6081 
f 6086/1/6085 6087/1/6086 6084/1/6083 6085/1/6084 
f 5905/1/5904 6084/1/6083 6087/1/6086 5906/1/5905 
f 5906/1/5905 6087/1/6086 6088/1/6087 5911/1/5910 
f 6089/1/6088 6088/1/6087 6087/1/6086 6086/1/6085 
f 6090/1/6089 6091/1/6090 6088/1/6087 6089/1/6088 
f 5911/1/5910 6088/1/6087 6091/1/6090 5912/1/5911 
f 5912/1/5911 6091/1/6090 6092/1/6091 5917/1/5916 
f 6093/1/6092 6092/1/6091 6091/1/6090 6090/1/6089 
f 6094/1/6093 6095/1/6094 6092/1/6091 6093/1/6092 
f 5917/1/5916 6092/1/6091 6095/1/6094 5918/1/5917 
f 6090/1/6089 6096/1/6095 6097/1/6096 6093/1/6092 
f 6098/1/6097 6097/1/6096 6096/1/6095 6099/1/6098 
f 6100/1/6099 6101/1/6100 6097/1/6096 6098/1/6097 
f 6093/1/6092 6097/1/6096 6101/1/6100 6094/1/6093 
f 6102/1/6101 6103/1/6102 6095/1/6094 6094/1/6093 
f 6104/1/6103 6105/1/6104 6103/1/6102 6102/1/6101 
f 5923/1/5922 6103/1/6102 6105/1/6104 5924/1/5923 
f 5918/1/5917 6095/1/6094 6103/1/6102 5923/1/5922 
f 6094/1/6093 6101/1/6100 6106/1/6105 6102/1/6101 
f 6107/1/6106 6106/1/6105 6101/1/6100 6100/1/6099 
f 6108/1/6107 6109/1/6108 6106/1/6105 6107/1/6106 
f 6102/1/6101 6106/1/6105 6109/1/6108 6104/1/6103 
f 6110/1/6109 6111/1/6110 6105/1/6104 6104/1/6103 
f 6112/1/6111 6113/1/6112 6111/1/6110 6110/1/6109 
f 5931/1/5930 6111/1/6110 6113/1/6112 5932/1/5931 
f 5924/1/5923 6105/1/6104 6111/1/6110 5931/1/5930 
f 6110/1/6109 6114/1/6113 6115/1/6114 6112/1/6111 
f 6104/1/6103 6109/1/6108 6114/1/6113 6110/1/6109 
f 6116/1/6115 6114/1/6113 6109/1/6108 6108/1/6107 
f 6117/1/6116 6115/1/6114 6114/1/6113 6116/1/6115 
f 6118/1/6117 6119/1/6118 6113/1/6112 6112/1/6111 
f 6120/1/6119 6121/1/6120 6119/1/6118 6118/1/6117 
f 5937/1/5936 6119/1/6118 6121/1/6120 5938/1/5937 
f 5932/1/5931 6113/1/6112 6119/1/6118 5937/1/5936 
f 6118/1/6117 6122/1/6121 6123/1/6122 6120/1/6119 
f 6112/1/6111 6115/1/6114 6122/1/6121 6118/1/6117 
f 6124/1/6123 6122/1/6121 6115/1/6114 6117/1/6116 
f 6125/1/6124 6123/1/6122 6122/1/6121 6124/1/6123 
f 6126/1/6125 6127/1/6126 6121/1/6120 6120/1/6119 
f 6128/1/6127 6129/1/6128 6127/1/6126 6126/1/6125 
f 5943/1/5942 6127/1/6126 6129/1/6128 5944/1/5943 
f 5938/1/5937 6121/1/6120 6127/1/6126 5943/1/5942 
f 6126/1/6125 6130/1/6129 6131/1/6130 6128/1/6127 
f 6120/1/6119 6123/1/6122 6130/1/6129 6126/1/6125 
f 6132/1/6131 6130/1/6129 6123/1/6122 6125/1/6124 
f 6133/1/6132 6131/1/6130 6130/1/6129 6132/1/6131 
f 6134/1/6133 6135/1/6134 6129/1/6128 6128/1/6127 
f 6136/1/6135 6137/1/6136 6135/1/6134 6134/1/6133 
f 5949/1/5948 6135/1/6134 6137/1/6136 5950/1/5949 
f 5944/1/5943 6129/1/6128 6135/1/6134 5949/1/5948 
f 6128/1/6127 6131/1/6130 6138/1/6137 6134/1/6133 
f 6139/1/6138 6138/1/6137 6131/1/6130 6133/1/6132 
f 6140/1/6139 6141/1/6140 6138/1/6137 6139/1/6138 
f 6134/1/6133 6138/1/6137 6141/1/6140 6136/1/6135 
f 6142/1/6141 6143/1/6142 6137/1/6136 6136/1/6135 
f 6144/1/6143 6145/1/6144 6143/1/6142 6142/1/6141 
f 5955/1/5954 6143/1/6142 6145/1/6144 5956/1/5955 
f 5950/1/5949 6137/1/6136 6143/1/6142 5955/1/5954 
f 6136/1/6135 6141/1/6140 6146/1/6145 6142/1/6141 
f 6147/1/6146 6146/1/6145 6141/1/6140 6140/1/6139 
f 6148/1/6147 6149/1/6148 6146/1/6145 6147/1/6146 
f 6142/1/6141 6146/1/6145 6149/1/6148 6144/1/6143 
f 6150/1/6149 6151/1/6150 6145/1/6144 6144/1/6143 
f 6152/1/6151 6151/1/6150 6150/1/6149 6153/1/6152 
f 5962/1/5961 5961/1/5960 6151/1/6150 6152/1/6151 
f 6145/1/6144 6151/1/6150 5961/1/5960 5956/1/5955 
f 6153/1/6152 6150/1/6149 6154/1/6153 6155/1/6154 
f 6144/1/6143 6149/1/6148 6154/1/6153 6150/1/6149 
f 6156/1/6155 6154/1/6153 6149/1/6148 6148/1/6147 
f 6157/1/6156 6155/1/6154 6154/1/6153 6156/1/6155 
f 6153/1/6152 6158/1/6157 6159/1/6158 6152/1/6151 
f 6160/1/6159 6159/1/6158 6158/1/6157 6161/1/6160 
f 5968/1/5967 5967/1/5966 6159/1/6158 6160/1/6159 
f 6152/1/6151 6159/1/6158 5967/1/5966 5962/1/5961 
f 6161/1/6160 6158/1/6157 6162/1/6161 6163/1/6162 
f 6155/1/6154 6162/1/6161 6158/1/6157 6153/1/6152 
f 6164/1/6163 6162/1/6161 6155/1/6154 6157/1/6156 
f 6163/1/6162 6162/1/6161 6164/1/6163 6165/1/6164 
f 6161/1/6160 6166/1/6165 6167/1/6166 6160/1/6159 
f 6168/1/6167 6167/1/6166 6166/1/6165 6169/1/6168 
f 5974/1/5973 5973/1/5972 6167/1/6166 6168/1/6167 
f 5968/1/5967 6160/1/6159 6167/1/6166 5973/1/5972 
f 6169/1/6168 6166/1/6165 6170/1/6169 6171/1/6170 
f 6163/1/6162 6170/1/6169 6166/1/6165 6161/1/6160 
f 6165/1/6164 6172/1/6171 6170/1/6169 6163/1/6162 
f 6171/1/6170 6170/1/6169 6172/1/6171 6173/1/6172 
f 6169/1/6168 6174/1/6173 6175/1/6174 6168/1/6167 
f 6176/1/6175 6175/1/6174 6174/1/6173 6051/1/6050 
f 5980/1/5979 5979/1/5978 6175/1/6174 6176/1/6175 
f 6168/1/6167 6175/1/6174 5979/1/5978 5974/1/5973 
f 6051/1/6050 6174/1/6173 6177/1/6176 6050/1/6049 
f 6171/1/6170 6177/1/6176 6174/1/6173 6169/1/6168 
f 6173/1/6172 6178/1/6177 6177/1/6176 6171/1/6170 
f 6050/1/6049 6177/1/6176 6178/1/6177 6052/1/6051 
f 6051/1/6050 6047/1/6046 6179/1/6178 6176/1/6175 
f 6079/1/6078 6179/1/6178 6047/1/6046 6046/1/6045 
f 6026/1/6025 6023/1/6022 6179/1/6178 6079/1/6078 
f 6176/1/6175 6179/1/6178 6023/1/6022 5980/1/5979 
f 5908/1/5907 6180/1/6179 6181/1/6180 5904/1/5903 
f 6182/1/6181 6181/1/6180 6180/1/6179 6183/1/6182 
f 6184/1/6183 6185/1/6184 6181/1/6180 6182/1/6181 
f 5904/1/5903 6181/1/6180 6185/1/6184 5899/1/5898 
f 5914/1/5913 6186/1/6185 6187/1/6186 5910/1/5909 
f 6188/1/6187 6187/1/6186 6186/1/6185 6189/1/6188 
f 6183/1/6182 6180/1/6179 6187/1/6186 6188/1/6187 
f 5910/1/5909 6187/1/6186 6180/1/6179 5908/1/5907 
f 5920/1/5919 6190/1/6189 6191/1/6190 5916/1/5915 
f 6192/1/6191 6191/1/6190 6190/1/6189 6193/1/6192 
f 6189/1/6188 6186/1/6185 6191/1/6190 6192/1/6191 
f 5916/1/5915 6191/1/6190 6186/1/6185 5914/1/5913 
f 5926/1/5925 6194/1/6193 6195/1/6194 5922/1/5921 
f 6196/1/6195 6195/1/6194 6194/1/6193 6197/1/6196 
f 6193/1/6192 6190/1/6189 6195/1/6194 6196/1/6195 
f 5922/1/5921 6195/1/6194 6190/1/6189 5920/1/5919 
f 5930/1/5929 6198/1/6197 6199/1/6198 5927/1/5926 
f 6200/1/6199 6199/1/6198 6198/1/6197 6201/1/6200 
f 6197/1/6196 6194/1/6193 6199/1/6198 6200/1/6199 
f 5927/1/5926 6199/1/6198 6194/1/6193 5926/1/5925 
f 5933/1/5932 6202/1/6201 6198/1/6197 5930/1/5929 
f 5936/1/5935 6203/1/6202 6202/1/6201 5933/1/5932 
f 6204/1/6203 6202/1/6201 6203/1/6202 6205/1/6204 
f 6201/1/6200 6198/1/6197 6202/1/6201 6204/1/6203 
f 5939/1/5938 6206/1/6205 6203/1/6202 5936/1/5935 
f 5942/1/5941 6207/1/6206 6206/1/6205 5939/1/5938 
f 6208/1/6207 6206/1/6205 6207/1/6206 6209/1/6208 
f 6205/1/6204 6203/1/6202 6206/1/6205 6208/1/6207 
f 5945/1/5944 6210/1/6209 6207/1/6206 5942/1/5941 
f 5948/1/5947 6211/1/6210 6210/1/6209 5945/1/5944 
f 6212/1/6211 6213/1/6212 6210/1/6209 6211/1/6210 
f 6209/1/6208 6207/1/6206 6210/1/6209 6213/1/6212 
f 5948/1/5947 5952/1/5951 6214/1/6213 6211/1/6210 
f 6215/1/6214 6214/1/6213 5952/1/5951 5951/1/5950 
f 6216/1/6215 6217/1/6216 6214/1/6213 6215/1/6214 
f 6211/1/6210 6214/1/6213 6217/1/6216 6212/1/6211 
f 5951/1/5950 5958/1/5957 6218/1/6217 6215/1/6214 
f 6219/1/6218 6218/1/6217 5958/1/5957 5957/1/5956 
f 6220/1/6219 6221/1/6220 6218/1/6217 6219/1/6218 
f 6215/1/6214 6218/1/6217 6221/1/6220 6216/1/6215 
f 5957/1/5956 5964/1/5963 6222/1/6221 6219/1/6218 
f 6223/1/6222 6222/1/6221 5964/1/5963 5963/1/5962 
f 6224/1/6223 6225/1/6224 6222/1/6221 6223/1/6222 
f 6219/1/6218 6222/1/6221 6225/1/6224 6220/1/6219 
f 5963/1/5962 5970/1/5969 6226/1/6225 6223/1/6222 
f 6227/1/6226 6226/1/6225 5970/1/5969 5969/1/5968 
f 6228/1/6227 6229/1/6228 6226/1/6225 6227/1/6226 
f 6223/1/6222 6226/1/6225 6229/1/6228 6224/1/6223 
f 5969/1/5968 5976/1/5975 6230/1/6229 6227/1/6226 
f 6231/1/6230 6230/1/6229 5976/1/5975 5975/1/5974 
f 6232/1/6231 6233/1/6232 6230/1/6229 6231/1/6230 
f 6227/1/6226 6230/1/6229 6233/1/6232 6228/1/6227 
f 5975/1/5974 6028/1/6027 6234/1/6233 6231/1/6230 
f 6235/1/6234 6234/1/6233 6028/1/6027 6027/1/6026 
f 6236/1/6235 6237/1/6236 6234/1/6233 6235/1/6234 
f 6231/1/6230 6234/1/6233 6237/1/6236 6232/1/6231 
f 6238/1/6237 6239/1/6238 6240/1/6239 6241/1/6240 
f 6239/1/6238 6236/1/6235 6235/1/6234 
f 6240/1/6239 6235/1/6234 6027/1/6026 
f 6016/1/6015 6241/1/6240 6240/1/6239 
f 6016/1/6015 6015/1/6014 6242/1/6241 6241/1/6240 
f 6015/1/6014 6013/1/6012 6243/1/6242 
f 6244/1/6243 6242/1/6241 6243/1/6242 6245/1/6244 
f 6244/1/6243 6238/1/6237 6241/1/6240 
f 5999/1/5998 6246/1/6245 6247/1/6246 6021/1/6020 
f 6248/1/6247 6247/1/6246 6246/1/6245 6249/1/6248 
f 6245/1/6244 6243/1/6242 6247/1/6246 6248/1/6247 
f 6021/1/6020 6247/1/6246 6243/1/6242 6013/1/6012 
f 6249/1/6248 6246/1/6245 6250/1/6249 6251/1/6250 
f 5998/1/5997 6250/1/6249 6246/1/6245 5999/1/5998 
f 5992/1/5991 6252/1/6251 6250/1/6249 5998/1/5997 
f 6251/1/6250 6250/1/6249 6252/1/6251 6253/1/6252 
f 6007/1/6006 6254/1/6253 6255/1/6254 6006/1/6005 
f 6256/1/6255 6255/1/6254 6254/1/6253 6257/1/6256 
f 6258/1/6257 6259/1/6258 6255/1/6254 6256/1/6255 
f 6006/1/6005 6255/1/6254 6259/1/6258 5986/1/5985 
f 5900/1/5899 6260/1/6259 6261/1/6260 6009/1/6008 
f 6262/1/6261 6261/1/6260 6260/1/6259 6263/1/6262 
f 6257/1/6256 6254/1/6253 6261/1/6260 6262/1/6261 
f 6009/1/6008 6261/1/6260 6254/1/6253 6007/1/6006 
f 6263/1/6262 6260/1/6259 6264/1/6263 6265/1/6264 
f 5898/1/5897 6264/1/6263 6260/1/6259 5900/1/5899 
f 5899/1/5898 6185/1/6184 6264/1/6263 5898/1/5897 
f 6265/1/6264 6264/1/6263 6185/1/6184 6184/1/6183 
f 5986/1/5985 6259/1/6258 6266/1/6265 5985/1/5984 
f 6267/1/6266 6266/1/6265 6259/1/6258 6258/1/6257 
f 6268/1/6267 6269/1/6268 6266/1/6265 6267/1/6266 
f 5985/1/5984 6266/1/6265 6269/1/6268 5987/1/5986 
f 5987/1/5986 6269/1/6268 6270/1/6269 5990/1/5989 
f 6271/1/6270 6270/1/6269 6269/1/6268 6268/1/6267 
f 6253/1/6252 6252/1/6251 6270/1/6269 6271/1/6270 
f 6252/1/6251 5992/1/5991 5990/1/5989 
f 6184/1/6183 6272/1/6271 6273/1/6272 6265/1/6264 
f 6274/1/6273 6273/1/6272 6272/1/6271 6275/1/6274 
f 6276/1/6275 6277/1/6276 6273/1/6272 6274/1/6273 
f 6265/1/6264 6273/1/6272 6277/1/6276 6263/1/6262 
f 6278/1/6277 6279/1/6278 6280/1/6279 6281/1/6280 
f 6282/1/6281 6280/1/6279 6279/1/6278 6283/1/6282 
f 6284/1/6283 6285/1/6284 6280/1/6279 6282/1/6281 
f 6281/1/6280 6280/1/6279 6285/1/6284 6286/1/6285 
f 6258/1/6257 6287/1/6286 6288/1/6287 6267/1/6266 
f 6289/1/6288 6288/1/6287 6287/1/6286 6290/1/6289 
f 6291/1/6290 6292/1/6291 6288/1/6287 6289/1/6288 
f 6267/1/6266 6288/1/6287 6292/1/6291 6268/1/6267 
f 6293/1/6292 6294/1/6293 6295/1/6294 6296/1/6295 
f 6297/1/6296 6295/1/6294 6294/1/6293 6275/1/6274 
f 6298/1/6297 6299/1/6298 6295/1/6294 6297/1/6296 
f 6296/1/6295 6295/1/6294 6299/1/6298 6300/1/6299 
f 6301/1/6300 6302/1/6301 6303/1/6302 6304/1/6303 
f 6274/1/6273 6303/1/6302 6302/1/6301 6276/1/6275 
f 6275/1/6274 6294/1/6293 6303/1/6302 6274/1/6273 
f 6304/1/6303 6303/1/6302 6294/1/6293 6293/1/6292 
f 6275/1/6274 6272/1/6271 6305/1/6304 6297/1/6296 
f 6182/1/6181 6305/1/6304 6272/1/6271 6184/1/6183 
f 6183/1/6182 6306/1/6305 6305/1/6304 6182/1/6181 
f 6297/1/6296 6305/1/6304 6306/1/6305 6298/1/6297 
f 6300/1/6299 6299/1/6298 6307/1/6306 6308/1/6307 
f 6309/1/6308 6307/1/6306 6299/1/6298 6298/1/6297 
f 6310/1/6309 6311/1/6310 6307/1/6306 6309/1/6308 
f 6308/1/6307 6307/1/6306 6311/1/6310 6312/1/6311 
f 6298/1/6297 6306/1/6305 6313/1/6312 6309/1/6308 
f 6188/1/6187 6313/1/6312 6306/1/6305 6183/1/6182 
f 6189/1/6188 6314/1/6313 6313/1/6312 6188/1/6187 
f 6309/1/6308 6313/1/6312 6314/1/6313 6310/1/6309 
f 6312/1/6311 6311/1/6310 6315/1/6314 6316/1/6315 
f 6317/1/6316 6315/1/6314 6311/1/6310 6310/1/6309 
f 6318/1/6317 6319/1/6318 6315/1/6314 6317/1/6316 
f 6316/1/6315 6315/1/6314 6319/1/6318 6320/1/6319 
f 6310/1/6309 6314/1/6313 6321/1/6320 6317/1/6316 
f 6192/1/6191 6321/1/6320 6314/1/6313 6189/1/6188 
f 6193/1/6192 6322/1/6321 6321/1/6320 6192/1/6191 
f 6317/1/6316 6321/1/6320 6322/1/6321 6318/1/6317 
f 6320/1/6319 6319/1/6318 6323/1/6322 6324/1/6323 
f 6325/1/6324 6323/1/6322 6319/1/6318 6318/1/6317 
f 6326/1/6325 6327/1/6326 6323/1/6322 6325/1/6324 
f 6324/1/6323 6323/1/6322 6327/1/6326 6328/1/6327 
f 6318/1/6317 6322/1/6321 6329/1/6328 6325/1/6324 
f 6196/1/6195 6329/1/6328 6322/1/6321 6193/1/6192 
f 6197/1/6196 6330/1/6329 6329/1/6328 6196/1/6195 
f 6325/1/6324 6329/1/6328 6330/1/6329 6326/1/6325 
f 6331/1/6330 6332/1/6331 6327/1/6326 6326/1/6325 
f 6333/1/6332 6334/1/6333 6332/1/6331 6331/1/6330 
f 6335/1/6334 6332/1/6331 6334/1/6333 6336/1/6335 
f 6328/1/6327 6327/1/6326 6332/1/6331 6335/1/6334 
f 6331/1/6330 6337/1/6336 6338/1/6337 6333/1/6332 
f 6326/1/6325 6330/1/6329 6337/1/6336 6331/1/6330 
f 6200/1/6199 6337/1/6336 6330/1/6329 6197/1/6196 
f 6201/1/6200 6338/1/6337 6337/1/6336 6200/1/6199 
f 6339/1/6338 6340/1/6339 6334/1/6333 6333/1/6332 
f 6341/1/6340 6342/1/6341 6340/1/6339 6339/1/6338 
f 6343/1/6342 6344/1/6343 6340/1/6339 6342/1/6341 
f 6336/1/6335 6334/1/6333 6340/1/6339 6344/1/6343 
f 6339/1/6338 6345/1/6344 6346/1/6345 6341/1/6340 
f 6333/1/6332 6338/1/6337 6345/1/6344 6339/1/6338 
f 6204/1/6203 6345/1/6344 6338/1/6337 6201/1/6200 
f 6205/1/6204 6346/1/6345 6345/1/6344 6204/1/6203 
f 6341/1/6340 6347/1/6346 6348/1/6347 6342/1/6341 
f 6349/1/6348 6348/1/6347 6347/1/6346 6350/1/6349 
f 6351/1/6350 6352/1/6351 6348/1/6347 6349/1/6348 
f 6342/1/6341 6348/1/6347 6352/1/6351 6343/1/6342 
f 6347/1/6346 6353/1/6352 6354/1/6353 6350/1/6349 
f 6341/1/6340 6346/1/6345 6353/1/6352 6347/1/6346 
f 6208/1/6207 6353/1/6352 6346/1/6345 6205/1/6204 
f 6209/1/6208 6354/1/6353 6353/1/6352 6208/1/6207 
f 6350/1/6349 6355/1/6354 6356/1/6355 6349/1/6348 
f 6357/1/6356 6356/1/6355 6355/1/6354 6358/1/6357 
f 6359/1/6358 6360/1/6359 6356/1/6355 6357/1/6356 
f 6349/1/6348 6356/1/6355 6360/1/6359 6351/1/6350 
f 6358/1/6357 6355/1/6354 6361/1/6360 6362/1/6361 
f 6354/1/6353 6361/1/6360 6355/1/6354 6350/1/6349 
f 6213/1/6212 6361/1/6360 6354/1/6353 6209/1/6208 
f 6212/1/6211 6362/1/6361 6361/1/6360 6213/1/6212 
f 6358/1/6357 6363/1/6362 6364/1/6363 6357/1/6356 
f 6365/1/6364 6364/1/6363 6363/1/6362 6366/1/6365 
f 6367/1/6366 6368/1/6367 6364/1/6363 6365/1/6364 
f 6357/1/6356 6364/1/6363 6368/1/6367 6359/1/6358 
f 6366/1/6365 6363/1/6362 6369/1/6368 6370/1/6369 
f 6362/1/6361 6369/1/6368 6363/1/6362 6358/1/6357 
f 6212/1/6211 6217/1/6216 6369/1/6368 6362/1/6361 
f 6370/1/6369 6369/1/6368 6217/1/6216 6216/1/6215 
f 6366/1/6365 6371/1/6370 6372/1/6371 6365/1/6364 
f 6373/1/6372 6372/1/6371 6371/1/6370 6374/1/6373 
f 6375/1/6374 6376/1/6375 6372/1/6371 6373/1/6372 
f 6365/1/6364 6372/1/6371 6376/1/6375 6367/1/6366 
f 6374/1/6373 6371/1/6370 6377/1/6376 6378/1/6377 
f 6370/1/6369 6377/1/6376 6371/1/6370 6366/1/6365 
f 6216/1/6215 6221/1/6220 6377/1/6376 6370/1/6369 
f 6378/1/6377 6377/1/6376 6221/1/6220 6220/1/6219 
f 6374/1/6373 6379/1/6378 6380/1/6379 6373/1/6372 
f 6381/1/6380 6380/1/6379 6379/1/6378 6382/1/6381 
f 6383/1/6382 6384/1/6383 6380/1/6379 6381/1/6380 
f 6373/1/6372 6380/1/6379 6384/1/6383 6375/1/6374 
f 6382/1/6381 6379/1/6378 6385/1/6384 6386/1/6385 
f 6378/1/6377 6385/1/6384 6379/1/6378 6374/1/6373 
f 6220/1/6219 6225/1/6224 6385/1/6384 6378/1/6377 
f 6386/1/6385 6385/1/6384 6225/1/6224 6224/1/6223 
f 6382/1/6381 6387/1/6386 6388/1/6387 6381/1/6380 
f 6389/1/6388 6388/1/6387 6387/1/6386 6390/1/6389 
f 6391/1/6390 6392/1/6391 6388/1/6387 6389/1/6388 
f 6381/1/6380 6388/1/6387 6392/1/6391 6383/1/6382 
f 6390/1/6389 6387/1/6386 6393/1/6392 6394/1/6393 
f 6386/1/6385 6393/1/6392 6387/1/6386 6382/1/6381 
f 6224/1/6223 6229/1/6228 6393/1/6392 6386/1/6385 
f 6394/1/6393 6393/1/6392 6229/1/6228 6228/1/6227 
f 6390/1/6389 6395/1/6394 6396/1/6395 6389/1/6388 
f 6397/1/6396 6396/1/6395 6395/1/6394 6398/1/6397 
f 6399/1/6398 6400/1/6399 6396/1/6395 6397/1/6396 
f 6389/1/6388 6396/1/6395 6400/1/6399 6391/1/6390 
f 6398/1/6397 6395/1/6394 6401/1/6400 6402/1/6401 
f 6394/1/6393 6401/1/6400 6395/1/6394 6390/1/6389 
f 6228/1/6227 6233/1/6232 6401/1/6400 6394/1/6393 
f 6402/1/6401 6401/1/6400 6233/1/6232 6232/1/6231 
f 6398/1/6397 6403/1/6402 6404/1/6403 6397/1/6396 
f 6405/1/6404 6404/1/6403 6403/1/6402 6406/1/6405 
f 6407/1/6406 6408/1/6407 6404/1/6403 6405/1/6404 
f 6397/1/6396 6404/1/6403 6408/1/6407 6399/1/6398 
f 6406/1/6405 6403/1/6402 6409/1/6408 6410/1/6409 
f 6402/1/6401 6409/1/6408 6403/1/6402 6398/1/6397 
f 6232/1/6231 6237/1/6236 6409/1/6408 6402/1/6401 
f 6410/1/6409 6409/1/6408 6237/1/6236 6236/1/6235 
f 6406/1/6405 6411/1/6410 6412/1/6411 6405/1/6404 
f 6281/1/6280 6412/1/6411 6411/1/6410 6278/1/6277 
f 6286/1/6285 6413/1/6412 6412/1/6411 6281/1/6280 
f 6405/1/6404 6412/1/6411 6413/1/6412 6407/1/6406 
f 6278/1/6277 6411/1/6410 6414/1/6413 6415/1/6414 
f 6410/1/6409 6414/1/6413 6411/1/6410 6406/1/6405 
f 6236/1/6235 6239/1/6238 6414/1/6413 6410/1/6409 
f 6415/1/6414 6414/1/6413 6239/1/6238 6238/1/6237 
f 6283/1/6282 6416/1/6415 6417/1/6416 6282/1/6281 
f 6418/1/6417 6419/1/6418 6417/1/6416 6416/1/6415 
f 6420/1/6419 6421/1/6420 6417/1/6416 6419/1/6418 
f 6282/1/6281 6417/1/6416 6421/1/6420 6284/1/6283 
f 6238/1/6237 6244/1/6243 6422/1/6421 6415/1/6414 
f 6423/1/6422 6422/1/6421 6244/1/6243 6245/1/6244 
f 6283/1/6282 6279/1/6278 6422/1/6421 6423/1/6422 
f 6415/1/6414 6422/1/6421 6279/1/6278 6278/1/6277 
f 6423/1/6422 6424/1/6423 6416/1/6415 6283/1/6282 
f 6248/1/6247 6424/1/6423 6423/1/6422 6245/1/6244 
f 6249/1/6248 6425/1/6424 6424/1/6423 6248/1/6247 
f 6416/1/6415 6424/1/6423 6425/1/6424 6418/1/6417 
f 6419/1/6418 6426/1/6425 6427/1/6426 6420/1/6419 
f 6428/1/6427 6426/1/6425 6419/1/6418 6418/1/6417 
f 6429/1/6428 6430/1/6429 6426/1/6425 6428/1/6427 
f 6431/1/6430 6427/1/6426 6426/1/6425 6430/1/6429 
f 6418/1/6417 6425/1/6424 6432/1/6431 6428/1/6427 
f 6251/1/6250 6432/1/6431 6425/1/6424 6249/1/6248 
f 6253/1/6252 6433/1/6432 6432/1/6431 6251/1/6250 
f 6428/1/6427 6432/1/6431 6433/1/6432 6429/1/6428 
f 6434/1/6433 6435/1/6434 6436/1/6435 6437/1/6436 
f 6438/1/6437 6436/1/6435 6435/1/6434 6290/1/6289 
f 6439/1/6438 6440/1/6439 6436/1/6435 6438/1/6437 
f 6437/1/6436 6436/1/6435 6440/1/6439 6441/1/6440 
f 6442/1/6441 6443/1/6442 6444/1/6443 6445/1/6444 
f 6289/1/6288 6444/1/6443 6443/1/6442 6291/1/6290 
f 6290/1/6289 6435/1/6434 6444/1/6443 6289/1/6288 
f 6445/1/6444 6444/1/6443 6435/1/6434 6434/1/6433 
f 6290/1/6289 6287/1/6286 6446/1/6445 6438/1/6437 
f 6256/1/6255 6446/1/6445 6287/1/6286 6258/1/6257 
f 6257/1/6256 6447/1/6446 6446/1/6445 6256/1/6255 
f 6438/1/6437 6446/1/6445 6447/1/6446 6439/1/6438 
f 6441/1/6440 6440/1/6439 6448/1/6447 6449/1/6448 
f 6450/1/6449 6448/1/6447 6440/1/6439 6439/1/6438 
f 6276/1/6275 6302/1/6301 6448/1/6447 6450/1/6449 
f 6449/1/6448 6448/1/6447 6302/1/6301 6301/1/6300 
f 6439/1/6438 6447/1/6446 6451/1/6450 6450/1/6449 
f 6262/1/6261 6451/1/6450 6447/1/6446 6257/1/6256 
f 6263/1/6262 6277/1/6276 6451/1/6450 6262/1/6261 
f 6450/1/6449 6451/1/6450 6277/1/6276 6276/1/6275 
f 6430/1/6429 6452/1/6451 6453/1/6452 6431/1/6430 
f 6454/1/6453 6452/1/6451 6430/1/6429 6429/1/6428 
f 6291/1/6290 6443/1/6442 6452/1/6451 6454/1/6453 
f 6442/1/6441 6453/1/6452 6452/1/6451 6443/1/6442 
f 6268/1/6267 6292/1/6291 6455/1/6454 6271/1/6270 
f 6454/1/6453 6455/1/6454 6292/1/6291 6291/1/6290 
f 6429/1/6428 6433/1/6432 6455/1/6454 6454/1/6453 
f 6271/1/6270 6455/1/6454 6433/1/6432 6253/1/6252 
f 6456/1/6455 6033/1/6032 6035/1/6034 
f 6457/1/6456 6456/1/6455 6458/1/6457 6459/1/6458 
f 6045/1/6044 6044/1/6043 6456/1/6455 6457/1/6456 
f 6033/1/6032 6456/1/6455 6044/1/6043 6036/1/6035 
f 6460/1/6459 6461/1/6460 6462/1/6461 
f 6463/1/6462 6462/1/6461 6464/1/6463 
f 6035/1/6034 6056/1/6055 6465/1/6464 6458/1/6457 
f 6466/1/6465 6465/1/6464 6056/1/6055 6058/1/6057 
f 6467/1/6466 6468/1/6467 6465/1/6464 6466/1/6465 
f 6458/1/6457 6465/1/6464 6468/1/6467 6459/1/6458 
f 6467/1/6466 6469/1/6468 6470/1/6469 6468/1/6467 
f 6469/1/6468 6464/1/6463 6462/1/6461 
f 6461/1/6460 6471/1/6470 6470/1/6469 6462/1/6461 
f 6459/1/6458 6468/1/6467 6470/1/6469 6471/1/6470 
f 6472/1/6471 6473/1/6472 6474/1/6473 6475/1/6474 
f 6065/1/6064 6474/1/6473 6473/1/6472 6066/1/6065 
f 6043/1/6042 6039/1/6038 6474/1/6473 6065/1/6064 
f 6475/1/6474 6474/1/6473 6039/1/6038 6038/1/6037 
f 6062/1/6061 6476/1/6475 6477/1/6476 6061/1/6060 
f 6478/1/6477 6477/1/6476 6476/1/6475 6479/1/6478 
f 6467/1/6466 6466/1/6465 6477/1/6476 6478/1/6477 
f 6061/1/6060 6477/1/6476 6466/1/6465 6058/1/6057 
f 6480/1/6479 6478/1/6477 6479/1/6478 
f 6481/1/6480 6480/1/6479 6482/1/6481 6483/1/6482 
f 6464/1/6463 6469/1/6468 6480/1/6479 6481/1/6480 
f 6469/1/6468 6467/1/6466 6478/1/6477 
f 6484/1/6483 6485/1/6484 6486/1/6485 6483/1/6482 
f 6487/1/6486 6488/1/6487 6485/1/6484 6484/1/6483 
f 6481/1/6480 6489/1/6488 6490/1/6489 6464/1/6463 
f 6483/1/6482 6486/1/6485 6489/1/6488 6481/1/6480 
f 6076/1/6075 6491/1/6490 6492/1/6491 6073/1/6072 
f 6493/1/6492 6492/1/6491 6491/1/6490 6494/1/6493 
f 6479/1/6478 6476/1/6475 6492/1/6491 6493/1/6492 
f 6073/1/6072 6492/1/6491 6476/1/6475 6062/1/6061 
f 6495/1/6494 6493/1/6492 6494/1/6493 
f 6484/1/6483 6495/1/6494 6496/1/6495 6487/1/6486 
f 6483/1/6482 6482/1/6481 6495/1/6494 6484/1/6483 
f 6493/1/6492 6495/1/6494 6482/1/6481 6479/1/6478 
f 6054/1/6053 6497/1/6496 6498/1/6497 6049/1/6048 
f 6491/1/6490 6498/1/6497 6497/1/6496 6494/1/6493 
f 6076/1/6075 6077/1/6076 6498/1/6497 6491/1/6490 
f 6049/1/6048 6498/1/6497 6077/1/6076 6046/1/6045 
f 6045/1/6044 6499/1/6498 6500/1/6499 6041/1/6040 
f 6041/1/6040 6500/1/6499 6501/1/6500 6038/1/6037 
f 6502/1/6501 6503/1/6502 6504/1/6503 6505/1/6504 
f 6461/1/6460 6460/1/6459 6503/1/6502 6502/1/6501 
f 6506/1/6505 6457/1/6456 6459/1/6458 
f 6471/1/6470 6461/1/6460 6502/1/6501 
f 6505/1/6504 6499/1/6498 6506/1/6505 6502/1/6501 
f 6457/1/6456 6506/1/6505 6499/1/6498 6045/1/6044 
f 6507/1/6506 6488/1/6487 6487/1/6486 
f 6508/1/6507 6507/1/6506 6509/1/6508 6510/1/6509 
f 6510/1/6509 6509/1/6508 6511/1/6510 6512/1/6511 
f 6496/1/6495 6511/1/6510 6509/1/6508 6487/1/6486 
f 6511/1/6510 6496/1/6495 6494/1/6493 
f 6512/1/6511 6511/1/6510 6497/1/6496 6054/1/6053 
f 6510/1/6509 6513/1/6512 6514/1/6513 6508/1/6507 
f 6515/1/6514 6514/1/6513 6513/1/6512 6516/1/6515 
f 6517/1/6516 6518/1/6517 6519/1/6518 6520/1/6519 
f 6521/1/6520 6518/1/6517 6517/1/6516 6516/1/6515 
f 6052/1/6051 6178/1/6177 6518/1/6517 6521/1/6520 
f 6519/1/6518 6518/1/6517 6178/1/6177 6173/1/6172 
f 6516/1/6515 6513/1/6512 6522/1/6521 6521/1/6520 
f 6512/1/6511 6522/1/6521 6513/1/6512 6510/1/6509 
f 6054/1/6053 6053/1/6052 6522/1/6521 6512/1/6511 
f 6521/1/6520 6522/1/6521 6053/1/6052 6052/1/6051 
f 6516/1/6515 6517/1/6516 6523/1/6522 6515/1/6514 
f 6523/1/6522 6517/1/6516 6520/1/6519 
f 6524/1/6523 6525/1/6524 6526/1/6525 6520/1/6519 
f 6527/1/6526 6528/1/6527 6525/1/6524 6524/1/6523 
f 6157/1/6156 6529/1/6528 6530/1/6529 6164/1/6163 
f 6531/1/6530 6530/1/6529 6529/1/6528 6532/1/6531 
f 6527/1/6526 6533/1/6532 6530/1/6529 6531/1/6530 
f 6164/1/6163 6530/1/6529 6533/1/6532 6165/1/6164 
f 6524/1/6523 6534/1/6533 6533/1/6532 6527/1/6526 
f 6520/1/6519 6519/1/6518 6534/1/6533 6524/1/6523 
f 6172/1/6171 6534/1/6533 6519/1/6518 6173/1/6172 
f 6165/1/6164 6533/1/6532 6534/1/6533 6172/1/6171 
f 6532/1/6531 6535/1/6534 6536/1/6535 6531/1/6530 
f 6531/1/6530 6536/1/6535 6528/1/6527 6527/1/6526 
f 6148/1/6147 6537/1/6536 6538/1/6537 6156/1/6155 
f 6539/1/6538 6538/1/6537 6537/1/6536 6540/1/6539 
f 6532/1/6531 6529/1/6528 6538/1/6537 6539/1/6538 
f 6156/1/6155 6538/1/6537 6529/1/6528 6157/1/6156 
f 6540/1/6539 6541/1/6540 6542/1/6541 6539/1/6538 
f 6539/1/6538 6542/1/6541 6535/1/6534 6532/1/6531 
f 6140/1/6139 6543/1/6542 6544/1/6543 6147/1/6146 
f 6543/1/6542 6545/1/6544 6546/1/6545 
f 6540/1/6539 6537/1/6536 6544/1/6543 6546/1/6545 
f 6147/1/6146 6544/1/6543 6537/1/6536 6148/1/6147 
f 6545/1/6544 6547/1/6546 6548/1/6547 6546/1/6545 
f 6541/1/6540 6540/1/6539 6546/1/6545 
f 6133/1/6132 6549/1/6548 6550/1/6549 6139/1/6138 
f 6551/1/6550 6550/1/6549 6549/1/6548 6552/1/6551 
f 6545/1/6544 6543/1/6542 6550/1/6549 6551/1/6550 
f 6543/1/6542 6140/1/6139 6139/1/6138 
f 6552/1/6551 6553/1/6552 6554/1/6553 6551/1/6550 
f 6551/1/6550 6554/1/6553 6547/1/6546 6545/1/6544 
f 6125/1/6124 6555/1/6554 6556/1/6555 6132/1/6131 
f 6557/1/6556 6556/1/6555 6555/1/6554 6558/1/6557 
f 6552/1/6551 6549/1/6548 6556/1/6555 6557/1/6556 
f 6132/1/6131 6556/1/6555 6549/1/6548 6133/1/6132 
f 6557/1/6556 6559/1/6558 6553/1/6552 6552/1/6551 
f 6558/1/6557 6560/1/6559 6559/1/6558 6557/1/6556 
f 6117/1/6116 6561/1/6560 6562/1/6561 6124/1/6123 
f 6563/1/6562 6562/1/6561 6561/1/6560 6564/1/6563 
f 6558/1/6557 6555/1/6554 6562/1/6561 6563/1/6562 
f 6124/1/6123 6562/1/6561 6555/1/6554 6125/1/6124 
f 6564/1/6563 6565/1/6564 6566/1/6565 6563/1/6562 
f 6563/1/6562 6566/1/6565 6560/1/6559 6558/1/6557 
f 6567/1/6566 6568/1/6567 6569/1/6568 6570/1/6569 
f 6564/1/6563 6561/1/6560 6568/1/6567 6567/1/6566 
f 6116/1/6115 6568/1/6567 6561/1/6560 6117/1/6116 
f 6108/1/6107 6569/1/6568 6568/1/6567 6116/1/6115 
f 6570/1/6569 6571/1/6570 6572/1/6571 6567/1/6566 
f 6567/1/6566 6572/1/6571 6565/1/6564 6564/1/6563 
f 6100/1/6099 6573/1/6572 6574/1/6573 6107/1/6106 
f 6575/1/6574 6574/1/6573 6573/1/6572 6576/1/6575 
f 6570/1/6569 6569/1/6568 6574/1/6573 6575/1/6574 
f 6107/1/6106 6574/1/6573 6569/1/6568 6108/1/6107 
f 6576/1/6575 6577/1/6576 6578/1/6577 6575/1/6574 
f 6575/1/6574 6578/1/6577 6571/1/6570 6570/1/6569 
f 6579/1/6578 6580/1/6579 6581/1/6580 6582/1/6581 
f 6576/1/6575 6573/1/6572 6581/1/6580 6580/1/6579 
f 6098/1/6097 6581/1/6580 6573/1/6572 6100/1/6099 
f 6582/1/6581 6581/1/6580 6098/1/6097 6099/1/6098 
f 6580/1/6579 6583/1/6582 6577/1/6576 6576/1/6575 
f 6584/1/6583 6583/1/6582 6580/1/6579 6579/1/6578 
f 6475/1/6474 6585/1/6584 6586/1/6585 6472/1/6471 
f 6038/1/6037 6501/1/6500 6585/1/6584 6475/1/6474 
f 6587/1/6586 6588/1/6587 6589/1/6588 6590/1/6589 
f 6070/1/6069 6589/1/6588 6588/1/6587 6071/1/6070 
f 6066/1/6065 6473/1/6472 6589/1/6588 6070/1/6069 
f 6590/1/6589 6589/1/6588 6473/1/6472 6472/1/6471 
f 6591/1/6590 6592/1/6591 6593/1/6592 6594/1/6593 
f 6081/1/6080 6593/1/6592 6592/1/6591 6082/1/6081 
f 6071/1/6070 6588/1/6587 6593/1/6592 6081/1/6080 
f 6594/1/6593 6593/1/6592 6588/1/6587 6587/1/6586 
f 6086/1/6085 6595/1/6594 6596/1/6595 6089/1/6088 
f 6597/1/6596 6596/1/6595 6595/1/6594 6598/1/6597 
f 6099/1/6098 6096/1/6095 6596/1/6595 6597/1/6596 
f 6089/1/6088 6596/1/6595 6096/1/6095 6090/1/6089 
f 6598/1/6597 6595/1/6594 6599/1/6598 6600/1/6599 
f 6085/1/6084 6599/1/6598 6595/1/6594 6086/1/6085 
f 6082/1/6081 6592/1/6591 6599/1/6598 6085/1/6084 
f 6600/1/6599 6599/1/6598 6592/1/6591 6591/1/6590 
f 6601/1/6600 6602/1/6601 6603/1/6602 6604/1/6603 
f 6582/1/6581 6603/1/6602 6602/1/6601 6579/1/6578 
f 6099/1/6098 6597/1/6596 6603/1/6602 6582/1/6581 
f 6604/1/6603 6603/1/6602 6597/1/6596 6598/1/6597 
f 6579/1/6578 6602/1/6601 6605/1/6604 6584/1/6583 
f 6606/1/6605 6605/1/6604 6602/1/6601 6601/1/6600 
f 6472/1/6471 6586/1/6585 6607/1/6606 6590/1/6589 
f 2528/1/2528 2533/1/2533 6608/1/6607 6609/1/6608 
f 6610/1/6609 6608/1/6607 2533/1/2533 2532/1/2532 
f 6608/1/6607 6610/1/6609 6284/1/6283 
f 6609/1/6608 6608/1/6607 6421/1/6420 6420/1/6419 
f 2532/1/2532 5418/1/5417 6611/1/6610 6610/1/6609 
f 6612/1/6611 6611/1/6610 5418/1/5417 5416/1/5415 
f 6286/1/6285 6285/1/6284 6611/1/6610 6612/1/6611 
f 6610/1/6609 6611/1/6610 6285/1/6284 6284/1/6283 
f 5416/1/5415 5414/1/5413 6613/1/6612 6612/1/6611 
f 6614/1/6613 6613/1/6612 5414/1/5413 5313/1/5312 
f 6407/1/6406 6413/1/6412 6613/1/6612 6614/1/6613 
f 6612/1/6611 6613/1/6612 6413/1/6412 6286/1/6285 
f 5313/1/5312 5310/1/5309 6615/1/6614 6614/1/6613 
f 6616/1/6615 6615/1/6614 5310/1/5309 5221/1/5220 
f 6399/1/6398 6408/1/6407 6615/1/6614 6616/1/6615 
f 6614/1/6613 6615/1/6614 6408/1/6407 6407/1/6406 
f 5221/1/5220 5220/1/5219 6617/1/6616 6616/1/6615 
f 6618/1/6617 6617/1/6616 5220/1/5219 5225/1/5224 
f 6391/1/6390 6400/1/6399 6617/1/6616 6618/1/6617 
f 6616/1/6615 6617/1/6616 6400/1/6399 6399/1/6398 
f 5225/1/5224 5426/1/5425 6619/1/6618 6618/1/6617 
f 6620/1/6619 6619/1/6618 5426/1/5425 5425/1/5424 
f 6383/1/6382 6392/1/6391 6619/1/6618 6620/1/6619 
f 6618/1/6617 6619/1/6618 6392/1/6391 6391/1/6390 
f 5425/1/5424 5442/1/5441 6621/1/6620 6620/1/6619 
f 6622/1/6621 6621/1/6620 5442/1/5441 5441/1/5440 
f 6375/1/6374 6384/1/6383 6621/1/6620 6622/1/6621 
f 6620/1/6619 6621/1/6620 6384/1/6383 6383/1/6382 
f 5441/1/5440 5448/1/5447 6623/1/6622 6622/1/6621 
f 6624/1/6623 6623/1/6622 5448/1/5447 5447/1/5446 
f 6367/1/6366 6376/1/6375 6623/1/6622 6624/1/6623 
f 6622/1/6621 6623/1/6622 6376/1/6375 6375/1/6374 
f 6625/1/6624 6624/1/6623 5447/1/5446 
f 6626/1/6625 6625/1/6624 5454/1/5453 5453/1/5452 
f 6359/1/6358 6368/1/6367 6625/1/6624 6626/1/6625 
f 6624/1/6623 6625/1/6624 6368/1/6367 6367/1/6366 
f 5453/1/5452 5460/1/5459 6627/1/6626 6626/1/6625 
f 6628/1/6627 6627/1/6626 5460/1/5459 5459/1/5458 
f 6351/1/6350 6360/1/6359 6627/1/6626 6628/1/6627 
f 6626/1/6625 6627/1/6626 6360/1/6359 6359/1/6358 
f 5459/1/5458 5463/1/5462 6629/1/6628 6628/1/6627 
f 6630/1/6629 6629/1/6628 5463/1/5462 5436/1/5435 
f 6343/1/6342 6352/1/6351 6629/1/6628 6630/1/6629 
f 6628/1/6627 6629/1/6628 6352/1/6351 6351/1/6350 
f 5436/1/5435 5435/1/5434 6631/1/6630 6630/1/6629 
f 6632/1/6631 6631/1/6630 5435/1/5434 2554/1/2554 
f 6336/1/6335 6344/1/6343 6631/1/6630 6632/1/6631 
f 6630/1/6629 6631/1/6630 6344/1/6343 6343/1/6342 
f 2554/1/2554 2552/1/2552 6633/1/6632 6632/1/6631 
f 2553/1/2553 6634/1/6633 6633/1/6632 2552/1/2552 
f 6335/1/6334 6633/1/6632 6634/1/6633 6328/1/6327 
f 6336/1/6335 6632/1/6631 6633/1/6632 6335/1/6334 
f 2583/1/2583 6635/1/6634 6634/1/6633 2553/1/2553 
f 2578/1/2578 6636/1/6635 6635/1/6634 2583/1/2583 
f 6324/1/6323 6635/1/6634 6636/1/6635 6320/1/6319 
f 6328/1/6327 6634/1/6633 6635/1/6634 6324/1/6323 
f 2577/1/2577 6637/1/6636 6636/1/6635 2578/1/2578 
f 2569/1/2569 6638/1/6637 6637/1/6636 2577/1/2577 
f 6316/1/6315 6637/1/6636 6638/1/6637 6312/1/6311 
f 6320/1/6319 6636/1/6635 6637/1/6636 6316/1/6315 
f 2572/1/2572 6639/1/6638 6638/1/6637 2569/1/2569 
f 2563/1/2563 6640/1/6639 6639/1/6638 2572/1/2572 
f 6308/1/6307 6639/1/6638 6640/1/6639 6300/1/6299 
f 6312/1/6311 6638/1/6637 6639/1/6638 6308/1/6307 
f 2566/1/2566 6641/1/6640 6640/1/6639 2563/1/2563 
f 2562/1/2562 6642/1/6641 6641/1/6640 2566/1/2566 
f 6296/1/6295 6641/1/6640 6642/1/6641 6293/1/6292 
f 6300/1/6299 6640/1/6639 6641/1/6640 6296/1/6295 
f 2561/1/2561 6643/1/6642 6642/1/6641 2562/1/2562 
f 2541/1/2541 6644/1/6643 6643/1/6642 2561/1/2561 
f 6304/1/6303 6643/1/6642 6644/1/6643 6301/1/6300 
f 6293/1/6292 6642/1/6641 6643/1/6642 6304/1/6303 
f 2540/1/2540 6645/1/6644 6644/1/6643 2541/1/2541 
f 2313/1/2313 6646/1/6645 6645/1/6644 2540/1/2540 
f 6449/1/6448 6645/1/6644 6646/1/6645 6441/1/6440 
f 6301/1/6300 6644/1/6643 6645/1/6644 6449/1/6448 
f 2309/1/2309 6647/1/6646 6646/1/6645 2313/1/2313 
f 6648/1/6647 6647/1/6646 2309/1/2309 2308/1/2308 
f 6437/1/6436 6647/1/6646 6648/1/6647 6434/1/6433 
f 6441/1/6440 6646/1/6645 6647/1/6646 6437/1/6436 
f 2308/1/2308 2401/1/2401 6649/1/6648 6648/1/6647 
f 6650/1/6649 6649/1/6648 2401/1/2401 2403/1/2403 
f 6442/1/6441 6445/1/6444 6649/1/6648 6650/1/6649 
f 6648/1/6647 6649/1/6648 6445/1/6444 6434/1/6433 
f 2403/1/2403 2529/1/2529 6651/1/6650 6650/1/6649 
f 6652/1/6651 6651/1/6650 2529/1/2529 2528/1/2528 
f 6431/1/6430 6453/1/6452 6651/1/6650 6652/1/6651 
f 6650/1/6649 6651/1/6650 6453/1/6452 6442/1/6441 
f 2528/1/2528 6609/1/6608 6653/1/6652 6652/1/6651 
f 6420/1/6419 6427/1/6426 6653/1/6652 6609/1/6608 
f 6652/1/6651 6653/1/6652 6427/1/6426 6431/1/6430 
f 7/1/7 39/1/39 42/1/42 
f 29/1/29 28/1/28 47/1/47 
f 45/1/45 47/1/47 28/1/28 
f 55/1/55 54/1/54 56/1/56 
f 57/1/57 56/1/56 58/1/58 
f 48/1/48 60/1/60 58/1/58 
f 62/1/62 60/1/60 48/1/48 
f 63/1/63 61/1/61 60/1/60 
f 66/1/66 64/1/64 62/1/62 
f 41/1/41 40/1/40 94/1/94 
f 135/1/135 133/1/133 132/1/132 
f 57/1/57 154/1/154 153/1/153 
f 181/1/181 180/1/180 190/1/190 
f 191/1/191 190/1/190 192/1/192 
f 193/1/193 192/1/192 194/1/194 
f 34/1/34 30/1/30 382/1/382 
f 2/1/2 382/1/382 30/1/30 
f 387/1/387 386/1/386 21/1/21 
f 389/1/389 391/1/391 395/1/395 
f 394/1/394 399/1/399 398/1/398 
f 397/1/397 398/1/398 399/1/399 
f 395/1/395 398/1/398 397/1/397 
f 431/1/431 437/1/437 436/1/436 
f 462/1/462 461/1/461 463/1/463 
f 467/1/467 468/1/468 465/1/465 
f 472/1/472 471/1/471 468/1/468 
f 474/1/474 473/1/473 462/1/462 
f 484/1/484 481/1/481 485/1/485 
f 472/1/472 485/1/485 481/1/481 
f 467/1/467 487/1/487 485/1/485 
f 486/1/486 485/1/485 487/1/487 
f 488/1/488 487/1/487 489/1/489 
f 492/1/492 491/1/491 493/1/493 
f 494/1/494 493/1/493 495/1/495 
f 500/1/500 499/1/499 501/1/501 
f 552/1/552 553/1/553 550/1/550 
f 537/1/537 550/1/550 553/1/553 
f 538/1/538 553/1/553 558/1/558 
f 559/1/559 558/1/558 553/1/553 
f 570/1/570 571/1/571 568/1/568 
f 551/1/551 568/1/568 571/1/571 
f 584/1/584 585/1/585 582/1/582 
f 381/1/381 399/1/399 582/1/582 
f 574/1/574 588/1/588 586/1/586 
f 598/1/598 599/1/599 596/1/596 
f 55/1/55 153/1/153 596/1/596 
f 615/1/615 614/1/614 480/1/480 
f 620/1/620 624/1/624 622/1/622 
f 622/1/622 624/1/624 623/1/623 
f 629/1/629 627/1/627 626/1/626 
f 625/1/625 623/1/623 627/1/627 
f 660/1/660 661/1/661 658/1/658 
f 659/1/659 664/1/664 662/1/662 
f 663/1/663 662/1/662 664/1/664 
f 668/1/668 669/1/669 666/1/666 
f 458/1/458 669/1/669 670/1/670 
f 671/1/671 670/1/670 669/1/669 
f 460/1/460 670/1/670 673/1/673 
f 680/1/680 681/1/681 678/1/678 
f 686/1/686 688/1/688 684/1/684 
f 705/1/705 704/1/704 706/1/706 
f 703/1/703 709/1/709 706/1/706 
f 701/1/701 716/1/716 265/1/265 
f 705/1/705 717/1/717 716/1/716 
f 685/1/685 684/1/684 736/1/736 
f 737/1/737 736/1/736 684/1/684 
f 747/1/747 748/1/748 737/1/737 
f 698/1/698 753/1/753 762/1/762 
f 801/1/801 805/1/805 800/1/800 
f 803/1/803 805/1/805 801/1/801 
f 833/1/833 838/1/838 840/1/840 
f 865/1/865 864/1/864 855/1/855 
f 904/1/904 903/1/903 892/1/892 
f 925/1/925 930/1/930 929/1/929 
f 933/1/933 934/1/934 931/1/931 
f 925/1/925 934/1/934 935/1/935 
f 936/1/936 935/1/935 934/1/934 
f 930/1/930 935/1/935 938/1/938 
f 952/1/952 950/1/950 947/1/947 
f 953/1/953 954/1/954 950/1/950 
f 961/1/961 968/1/968 967/1/967 
f 969/1/969 968/1/968 951/1/951 
f 914/1/914 970/1/970 962/1/962 
f 918/1/918 957/1/957 970/1/970 
f 1050/1/1050 1051/1/1051 1048/1/1048 
f 1192/1/1192 1194/1/1194 1190/1/1190 
f 583/1/583 1207/1/1207 1206/1/1206 
f 1212/1/1212 1213/1/1213 1210/1/1210 
f 1205/1/1205 1213/1/1213 1212/1/1212 
f 1210/1/1210 1213/1/1213 599/1/599 
f 1208/1/1208 1216/1/1216 1215/1/1215 
f 1221/1/1221 1220/1/1220 1206/1/1206 
f 1239/1/1239 1248/1/1248 579/1/579 
f 595/1/595 594/1/594 1254/1/1254 
f 1261/1/1261 1262/1/1262 1263/1/1263 
f 1281/1/1281 1280/1/1280 1290/1/1290 
f 1291/1/1291 1296/1/1296 1295/1/1295 
f 1299/1/1299 1302/1/1302 1194/1/1194 
f 1281/1/1281 1295/1/1295 1306/1/1306 
f 1327/1/1327 1336/1/1336 1334/1/1334 
f 1309/1/1309 1313/1/1313 1342/1/1342 
f 1343/1/1343 1342/1/1342 1313/1/1313 
f 1345/1/1345 1344/1/1344 1341/1/1341 
f 1363/1/1363 1362/1/1362 1361/1/1361 
f 1372/1/1372 1373/1/1373 1370/1/1370 
f 1377/1/1377 1379/1/1379 837/1/837 
f 1417/1/1417 1416/1/1416 1418/1/1418 
f 767/1/767 1439/1/1439 1438/1/1438 
f 1441/1/1441 1438/1/1438 1439/1/1439 
f 1451/1/1451 1450/1/1450 1432/1/1432 
f 1456/1/1456 1454/1/1454 825/1/825 
f 1457/1/1457 1458/1/1458 1454/1/1454 
f 1457/1/1457 1456/1/1456 1460/1/1460 
f 861/1/861 1460/1/1460 1456/1/1456 
f 1461/1/1461 1460/1/1460 1462/1/1462 
f 1463/1/1463 1462/1/1462 1464/1/1464 
f 1472/1/1472 1470/1/1470 1393/1/1393 
f 1481/1/1481 1477/1/1477 1476/1/1476 
f 1481/1/1481 1484/1/1484 1482/1/1482 
f 1522/1/1522 1521/1/1521 1529/1/1529 
f 1533/1/1533 1544/1/1544 1528/1/1528 
f 1554/1/1554 1552/1/1552 1564/1/1564 
f 1543/1/1543 1555/1/1555 1568/1/1568 
f 1570/1/1570 1574/1/1574 1572/1/1572 
f 1573/1/1573 1572/1/1572 1574/1/1574 
f 1575/1/1575 1574/1/1574 1580/1/1580 
f 502/1/502 501/1/501 1584/1/1584 
f 1586/1/1586 1584/1/1584 501/1/501 
f 1587/1/1587 1588/1/1588 1584/1/1584 
f 1586/1/1586 1591/1/1591 1590/1/1590 
f 1593/1/1593 1590/1/1590 1591/1/1591 
f 1615/1/1615 1614/1/1614 1611/1/1611 
f 1665/1/1665 1664/1/1664 1666/1/1666 
f 1668/1/1668 1666/1/1666 1664/1/1664 
f 1669/1/1669 1670/1/1670 1666/1/1666 
f 1686/1/1686 1687/1/1687 1684/1/1684 
f 1689/1/1689 1692/1/1692 1690/1/1690 
f 1685/1/1685 1690/1/1690 1695/1/1695 
f 1713/1/1713 1714/1/1714 1711/1/1711 
f 1667/1/1667 1711/1/1711 1714/1/1714 
f 1750/1/1750 1746/1/1746 1745/1/1745 
f 1752/1/1752 1751/1/1751 1753/1/1753 
f 1790/1/1790 1791/1/1791 1781/1/1781 
f 1803/1/1803 1802/1/1802 1788/1/1788 
f 1815/1/1815 1818/1/1818 1817/1/1817 
f 1665/1/1665 1714/1/1714 1818/1/1818 
f 1817/1/1817 1818/1/1818 1714/1/1714 
f 1823/1/1823 1824/1/1824 1801/1/1801 
f 1712/1/1712 1824/1/1824 1823/1/1823 
f 1689/1/1689 1842/1/1842 1840/1/1840 
f 1681/1/1681 1852/1/1852 1850/1/1850 
f 1890/1/1890 1891/1/1891 1888/1/1888 
f 1894/1/1894 1895/1/1895 1892/1/1892 
f 1855/1/1855 1892/1/1892 1895/1/1895 
f 1893/1/1893 1892/1/1892 1891/1/1891 
f 1853/1/1853 1895/1/1895 1896/1/1896 
f 1889/1/1889 1919/1/1919 1910/1/1910 
f 1916/1/1916 1919/1/1919 1889/1/1889 
f 1918/1/1918 1919/1/1919 1916/1/1916 
f 1928/1/1928 1931/1/1931 1927/1/1927 
f 1917/1/1917 1939/1/1939 1938/1/1938 
f 1932/1/1932 1938/1/1938 1939/1/1939 
f 1945/1/1945 1936/1/1936 1934/1/1934 
f 1960/1/1960 1961/1/1961 1958/1/1958 
f 1957/1/1957 1964/1/1964 1958/1/1958 
f 1953/1/1953 1970/1/1970 1333/1/1333 
f 1316/1/1316 2000/1/2000 1999/1/1999 
f 1917/1/1917 1916/1/1916 2005/1/2005 
f 1999/1/1999 2014/1/2014 1880/1/1880 
f 2013/1/2013 2014/1/2014 1999/1/1999 
f 2008/1/2008 2007/1/2007 2014/1/2014 
f 1935/1/1935 1939/1/1939 2017/1/2017 
f 1589/1/1589 2024/1/2024 2022/1/2022 
f 1827/1/1827 2031/1/2031 2030/1/2030 
f 2033/1/2033 2046/1/2046 2044/1/2044 
f 2045/1/2045 2044/1/2044 2046/1/2046 
f 2047/1/2047 2050/1/2050 2048/1/2048 
f 2047/1/2047 2046/1/2046 2052/1/2052 
f 2037/1/2037 2039/1/2039 2058/1/2058 
f 646/1/646 2067/1/2067 2068/1/2068 
f 2080/1/2080 2084/1/2084 2083/1/2083 
f 2089/1/2089 2088/1/2088 2079/1/2079 
f 676/1/676 2099/1/2099 2104/1/2104 
f 679/1/679 2104/1/2104 2107/1/2107 
f 2167/1/2167 2169/1/2169 2168/1/2168 
f 2146/1/2146 2171/1/2171 2169/1/2169 
f 2267/1/2267 2266/1/2266 1438/1/1438 
f 708/1/708 2268/1/2268 732/1/732 
f 710/1/710 2270/1/2270 2268/1/2268 
f 2286/1/2286 2287/1/2287 2284/1/2284 
f 1440/1/1440 2284/1/2284 2287/1/2287 
f 1426/1/1426 1443/1/1443 2284/1/2284 
f 2285/1/2285 2284/1/2284 1443/1/1443 
f 2271/1/2271 2270/1/2270 2292/1/2292 
f 2267/1/2267 2292/1/2292 2270/1/2270 
f 1441/1/1441 2294/1/2294 2292/1/2292 
f 2293/1/2293 2292/1/2292 2294/1/2294 
f 2327/1/2327 2326/1/2326 2330/1/2330 
f 1459/1/1459 2331/1/2331 2330/1/2330 
f 2286/1/2286 2291/1/2291 2332/1/2332 
f 2327/1/2327 2334/1/2334 2332/1/2332 
f 2333/1/2333 2332/1/2332 2334/1/2334 
f 2295/1/2295 2294/1/2294 2336/1/2336 
f 2287/1/2287 2336/1/2336 2294/1/2294 
f 2286/1/2286 2333/1/2333 2336/1/2336 
f 2337/1/2337 2336/1/2336 2333/1/2333 
f 2339/1/2339 2338/1/2338 2337/1/2337 
f 2331/1/2331 2340/1/2340 2334/1/2334 
f 1459/1/1459 2342/1/2342 2340/1/2340 
f 1461/1/1461 2345/1/2345 2344/1/2344 
f 1463/1/1463 1493/1/1493 2345/1/2345 
f 1459/1/1459 1458/1/1458 2348/1/2348 
f 2344/1/2344 2348/1/2348 1458/1/1458 
f 2347/1/2347 2346/1/2346 2350/1/2350 
f 2369/1/2369 2368/1/2368 1414/1/1414 
f 1398/1/1398 2382/1/2382 2380/1/2380 
f 2381/1/2381 2380/1/2380 2382/1/2382 
f 2341/1/2341 2386/1/2386 2385/1/2385 
f 2405/1/2405 2404/1/2404 2349/1/2349 
f 2407/1/2407 2404/1/2404 2405/1/2405 
f 2387/1/2387 2404/1/2404 2407/1/2407 
f 2406/1/2406 2405/1/2405 2408/1/2408 
f 2351/1/2351 2408/1/2408 2405/1/2405 
f 2488/1/2488 2489/1/2489 2486/1/2486 
f 2487/1/2487 2486/1/2486 2481/1/2481 
f 2490/1/2490 2492/1/2492 2488/1/2488 
f 2483/1/2483 2490/1/2490 2487/1/2487 
f 2494/1/2494 2501/1/2501 2506/1/2506 
f 2553/1/2553 2549/1/2549 2581/1/2581 
f 2551/1/2551 2586/1/2586 2584/1/2584 
f 1537/1/1537 2628/1/2628 2627/1/2627 
f 2629/1/2629 2628/1/2628 2631/1/2631 
f 2646/1/2646 2645/1/2645 2635/1/2635 
f 2672/1/2672 2671/1/2671 2668/1/2668 
f 2632/1/2632 2631/1/2631 2695/1/2695 
f 2702/1/2702 2701/1/2701 2703/1/2703 
f 1575/1/1575 2674/1/2674 2703/1/2703 
f 2732/1/2732 2733/1/2733 2730/1/2730 
f 2658/1/2658 2732/1/2732 2731/1/2731 
f 2659/1/2659 2670/1/2670 2732/1/2732 
f 2654/1/2654 2731/1/2731 2736/1/2736 
f 2737/1/2737 2736/1/2736 2731/1/2731 
f 2734/1/2734 2737/1/2737 2752/1/2752 
f 2743/1/2743 2752/1/2752 2737/1/2737 
f 2850/1/2850 2851/1/2851 2848/1/2848 
f 2888/1/2888 2889/1/2889 2886/1/2886 
f 2886/1/2886 2873/1/2873 2877/1/2877 
f 2896/1/2896 2897/1/2897 2894/1/2894 
f 2895/1/2895 2894/1/2894 2893/1/2893 
f 2903/1/2903 2904/1/2904 2901/1/2901 
f 2909/1/2909 2907/1/2907 2906/1/2906 
f 2903/1/2903 2918/1/2918 2919/1/2919 
f 2930/1/2930 2929/1/2929 2924/1/2924 
f 2936/1/2936 2935/1/2935 2937/1/2937 
f 2923/1/2923 2936/1/2936 2943/1/2943 
f 2938/1/2938 2945/1/2945 2943/1/2943 
f 2938/1/2938 2937/1/2937 2949/1/2949 
f 2962/1/2962 2961/1/2961 2958/1/2958 
f 2957/1/2957 2965/1/2965 2963/1/2963 
f 2966/1/2966 2965/1/2965 2981/1/2981 
f 2976/1/2976 2981/1/2981 2965/1/2965 
f 2981/1/2981 2976/1/2976 2975/1/2975 
f 2982/1/2982 2981/1/2981 2983/1/2983 
f 1348/1/1348 2995/1/2995 3000/1/3000 
f 1357/1/1357 3000/1/3000 3003/1/3003 
f 1354/1/1354 3003/1/3003 3008/1/3008 
f 3009/1/3009 3012/1/3012 1363/1/1363 
f 3015/1/3015 3014/1/3014 3018/1/3018 
f 2383/1/2383 2382/1/2382 3020/1/3020 
f 3040/1/3040 3037/1/3037 3036/1/3036 
f 3032/1/3032 3040/1/3040 3067/1/3067 
f 3054/1/3054 3072/1/3072 3071/1/3071 
f 3074/1/3074 3071/1/3071 3072/1/3072 
f 3053/1/3053 3071/1/3071 3068/1/3068 
f 3080/1/3080 3083/1/3083 3081/1/3081 
f 3082/1/3082 3081/1/3081 3083/1/3083 
f 3072/1/3072 3087/1/3087 3085/1/3085 
f 3082/1/3082 3087/1/3087 3072/1/3072 
f 3092/1/3092 3090/1/3090 3089/1/3089 
f 3066/1/3066 3121/1/3121 3119/1/3119 
f 3159/1/3159 3160/1/3160 3158/1/3158 
f 3180/1/3180 3179/1/3179 3083/1/3083 
f 3218/1/3218 3216/1/3216 3215/1/3215 
f 3217/1/3217 3221/1/3221 3219/1/3219 
f 3062/1/3062 3409/1/3409 3407/1/3407 
f 3057/1/3057 3407/1/3407 3029/1/3029 
f 3417/1/3417 3415/1/3415 3412/1/3412 
f 3418/1/3418 3417/1/3417 3423/1/3423 
f 3421/1/3421 3423/1/3423 3417/1/3417 
f 3424/1/3424 3423/1/3423 3421/1/3421 
f 3463/1/3463 3462/1/3462 3459/1/3459 
f 3489/1/3489 3487/1/3487 3486/1/3486 
f 3492/1/3492 3494/1/3494 3490/1/3490 
f 3491/1/3491 3497/1/3497 3496/1/3496 
f 3486/1/3486 3499/1/3499 3498/1/3498 
f 3509/1/3509 3511/1/3511 3510/1/3510 
f 3513/1/3513 3510/1/3510 3511/1/3511 
f 3492/1/3492 3496/1/3496 3510/1/3510 
f 3508/1/3508 3510/1/3510 3496/1/3496 
f 3512/1/3512 3516/1/3516 3514/1/3514 
f 3517/1/3517 3519/1/3519 3518/1/3518 
f 3521/1/3521 3518/1/3518 3519/1/3519 
f 3527/1/3527 3524/1/3524 3523/1/3523 
f 3517/1/3517 3516/1/3516 3524/1/3524 
f 3576/1/3576 3575/1/3575 3564/1/3564 
f 3577/1/3577 3578/1/3578 3575/1/3575 
f 3563/1/3563 3572/1/3572 3583/1/3583 
f 3576/1/3576 3583/1/3583 3586/1/3586 
f 3594/1/3594 3593/1/3593 3578/1/3578 
f 3595/1/3595 3596/1/3596 3593/1/3593 
f 3609/1/3609 3610/1/3610 3607/1/3607 
f 3406/1/3406 3596/1/3596 3607/1/3607 
f 3599/1/3599 3601/1/3601 3612/1/3612 
f 3623/1/3623 3624/1/3624 3621/1/3621 
f 3080/1/3080 3076/1/3076 3621/1/3621 
f 3503/1/3503 3639/1/3639 3642/1/3642 
f 3647/1/3647 3648/1/3648 3646/1/3646 
f 3649/1/3649 3650/1/3650 3648/1/3648 
f 3649/1/3649 3652/1/3652 3651/1/3651 
f 3654/1/3654 3651/1/3651 3652/1/3652 
f 3685/1/3685 3686/1/3686 3683/1/3683 
f 3690/1/3690 3688/1/3688 3687/1/3687 
f 3684/1/3684 3683/1/3683 3688/1/3688 
f 3693/1/3693 3694/1/3694 3691/1/3691 
f 3483/1/3483 3484/1/3484 3695/1/3695 
f 3696/1/3696 3695/1/3695 3484/1/3484 
f 3692/1/3692 3695/1/3695 3698/1/3698 
f 3705/1/3705 3706/1/3706 3703/1/3703 
f 3711/1/3711 3714/1/3714 3709/1/3709 
f 3728/1/3728 3734/1/3734 3731/1/3731 
f 3729/1/3729 3727/1/3727 3731/1/3731 
f 3728/1/3728 3725/1/3725 3741/1/3741 
f 3287/1/3287 3741/1/3741 3725/1/3725 
f 3710/1/3710 3720/1/3720 3761/1/3761 
f 3711/1/3711 3761/1/3761 3764/1/3764 
f 3764/1/3764 3774/1/3774 3769/1/3769 
f 3723/1/3723 3730/1/3730 3787/1/3787 
f 3826/1/3826 3829/1/3829 3825/1/3825 
f 3825/1/3825 3829/1/3829 3828/1/3828 
f 3865/1/3865 3863/1/3863 3860/1/3860 
f 3882/1/3882 3889/1/3889 3888/1/3888 
f 3908/1/3908 3919/1/3919 3922/1/3922 
f 3941/1/3941 3944/1/3944 3946/1/3946 
f 3949/1/3949 3950/1/3950 3947/1/3947 
f 3941/1/3941 3945/1/3945 3951/1/3951 
f 3952/1/3952 3951/1/3951 3945/1/3945 
f 3948/1/3948 3951/1/3951 3954/1/3954 
f 3959/1/3959 3962/1/3962 3965/1/3965 
f 3965/1/3965 3967/1/3967 3971/1/3971 
f 3966/1/3966 3984/1/3984 3983/1/3983 
f 3985/1/3985 3984/1/3984 3977/1/3977 
f 3980/1/3980 3987/1/3987 3929/1/3929 
f 4066/1/4066 4067/1/4067 4064/1/4064 
f 4187/1/4187 4189/1/4189 4185/1/4185 
f 4201/1/4201 4204/1/4204 3610/1/3610 
f 4207/1/4207 4208/1/4208 4205/1/4205 
f 3622/1/3622 4208/1/4208 4207/1/4207 
f 4205/1/4205 4208/1/4208 4199/1/4199 
f 4212/1/4212 4211/1/4211 4203/1/4203 
f 4201/1/4201 4215/1/4215 4218/1/4218 
f 3603/1/3603 4244/1/4244 4236/1/4236 
f 3620/1/3620 4231/1/4231 4250/1/4250 
f 4258/1/4258 4257/1/4257 4254/1/4254 
f 4276/1/4276 4287/1/4287 4285/1/4285 
f 4291/1/4291 4290/1/4290 4287/1/4287 
f 4186/1/4186 4297/1/4297 4294/1/4294 
f 4276/1/4276 4303/1/4303 4301/1/4301 
f 4320/1/4320 4317/1/4317 4327/1/4327 
f 4304/1/4304 4332/1/4332 4333/1/4333 
f 4306/1/4306 4333/1/4333 1343/1/1343 
f 4334/1/4334 4335/1/4335 1345/1/1345 
f 4346/1/4346 4349/1/4349 4352/1/4352 
f 4359/1/4359 4360/1/4360 4357/1/4357 
f 4406/1/4406 4404/1/4404 4403/1/4403 
f 4425/1/4425 4428/1/4428 3791/1/3791 
f 4428/1/4428 4425/1/4425 4426/1/4426 
f 4417/1/4417 4438/1/4438 4437/1/4437 
f 4445/1/4445 4446/1/4446 4442/1/4442 
f 3849/1/3849 4442/1/4442 4446/1/4446 
f 4445/1/4445 4448/1/4448 4447/1/4447 
f 4450/1/4450 4447/1/4447 4448/1/4448 
f 4446/1/4446 4447/1/4447 3884/1/3884 
f 4449/1/4449 4453/1/4453 4451/1/4451 
f 4457/1/4457 4460/1/4460 4407/1/4407 
f 4468/1/4468 4466/1/4466 4465/1/4465 
f 4509/1/4509 4517/1/4517 4515/1/4515 
f 4516/1/4516 4532/1/4532 4519/1/4519 
f 4541/1/4541 4553/1/4553 4551/1/4551 
f 4530/1/4530 4545/1/4545 4555/1/4555 
f 4562/1/4562 4560/1/4560 4559/1/4559 
f 4561/1/4561 4569/1/4569 4567/1/4567 
f 3526/1/3526 4573/1/4573 4571/1/4571 
f 3527/1/3527 4571/1/4571 4576/1/4576 
f 4577/1/4577 4578/1/4578 4576/1/4576 
f 4579/1/4579 4580/1/4580 4578/1/4578 
f 4600/1/4600 4601/1/4601 4604/1/4604 
f 4650/1/4650 4648/1/4648 4647/1/4647 
f 4649/1/4649 4655/1/4655 4653/1/4653 
f 4657/1/4657 4658/1/4658 4653/1/4653 
f 4650/1/4650 4653/1/4653 4658/1/4658 
f 4673/1/4673 4674/1/4674 4671/1/4671 
f 4675/1/4675 4676/1/4676 4671/1/4671 
f 4675/1/4675 4674/1/4674 4677/1/4677 
f 4679/1/4679 4677/1/4677 4674/1/4674 
f 4700/1/4700 4703/1/4703 4698/1/4698 
f 4699/1/4699 4698/1/4698 4655/1/4655 
f 4733/1/4733 4732/1/4732 4734/1/4734 
f 4741/1/4741 4739/1/4739 4738/1/4738 
f 4777/1/4777 4789/1/4789 4788/1/4788 
f 4699/1/4699 4805/1/4805 4804/1/4804 
f 4649/1/4649 4647/1/4647 4805/1/4805 
f 4808/1/4808 4810/1/4810 4804/1/4804 
f 4790/1/4790 4811/1/4811 4809/1/4809 
f 4732/1/4732 4811/1/4811 4790/1/4790 
f 4809/1/4809 4811/1/4811 4703/1/4703 
f 4675/1/4675 4678/1/4678 4828/1/4828 
f 4878/1/4878 4879/1/4879 4876/1/4876 
f 4875/1/4875 4876/1/4876 4879/1/4879 
f 4877/1/4877 4876/1/4876 4838/1/4838 
f 4837/1/4837 4836/1/4836 4881/1/4881 
f 4890/1/4890 4895/1/4895 4873/1/4873 
f 4897/1/4897 4895/1/4895 4894/1/4894 
f 4873/1/4873 4895/1/4895 4897/1/4897 
f 1925/1/1925 1930/1/1930 4905/1/4905 
f 4904/1/4904 4905/1/4905 1931/1/1931 
f 4911/1/4911 4910/1/4910 4907/1/4907 
f 4896/1/4896 4894/1/4894 4910/1/4910 
f 1346/1/1346 4336/1/4336 4922/1/4922 
f 1957/1/1957 4927/1/4927 4926/1/4926 
f 4328/1/4328 4935/1/4935 4923/1/4923 
f 4961/1/4961 4960/1/4960 4307/1/4307 
f 4896/1/4896 4966/1/4966 4964/1/4964 
f 4864/1/4864 4972/1/4972 4961/1/4961 
f 4967/1/4967 4973/1/4973 4972/1/4972 
f 4961/1/4961 4972/1/4972 4973/1/4973 
f 4909/1/4909 4919/1/4919 4976/1/4976 
f 4911/1/4911 4976/1/4976 4966/1/4966 
f 4574/1/4574 4573/1/4573 4982/1/4982 
f 4989/1/4989 4991/1/4991 4813/1/4813 
f 5004/1/5004 5002/1/5002 5001/1/5001 
f 4992/1/4992 4989/1/4989 5002/1/5002 
f 5003/1/5003 5001/1/5001 5006/1/5006 
f 5003/1/5003 5012/1/5012 5009/1/5009 
f 4996/1/4996 5011/1/5011 5013/1/5013 
f 5038/1/5037 5037/1/5036 5036/1/5035 
f 5033/1/5033 5042/1/5041 5041/1/5040 
f 3701/1/3701 3706/1/3706 5052/1/5051 
f 5053/1/5052 5052/1/5051 3706/1/3706 
f 5081/1/5080 5099/1/5098 5102/1/5101 
f 2168/1/2168 5102/1/5101 5099/1/5098 
f 4425/1/4425 5177/1/5176 5176/1/5175 
f 3736/1/3736 3733/1/3733 5179/1/5178 
f 3758/1/3758 5179/1/5178 3733/1/3733 
f 5196/1/5195 5197/1/5196 5194/1/5193 
f 4432/1/4432 5194/1/5193 5197/1/5196 
f 4413/1/4413 4427/1/4427 5194/1/5193 
f 5195/1/5194 5194/1/5193 4427/1/4427 
f 5181/1/5180 5203/1/5202 5202/1/5201 
f 5205/1/5204 5202/1/5201 5203/1/5202 
f 4426/1/4426 5176/1/5175 5202/1/5201 
f 5180/1/5179 5202/1/5201 5176/1/5175 
f 5241/1/5240 5236/1/5235 5237/1/5236 
f 4444/1/4444 4441/1/4441 5241/1/5240 
f 5196/1/5195 5243/1/5242 5242/1/5241 
f 5245/1/5244 5242/1/5241 5243/1/5242 
f 5199/1/5198 5242/1/5241 5238/1/5237 
f 5204/1/5203 5247/1/5246 5246/1/5245 
f 5243/1/5242 5246/1/5245 5247/1/5246 
f 5196/1/5195 5195/1/5194 5246/1/5245 
f 5205/1/5204 5246/1/5245 5195/1/5194 
f 4444/1/4444 5240/1/5239 5251/1/5250 
f 5245/1/5244 5251/1/5250 5240/1/5239 
f 4449/1/4449 4448/1/4448 5255/1/5254 
f 5256/1/5255 5255/1/5254 4448/1/4448 
f 4444/1/4444 5252/1/5251 5258/1/5257 
f 4443/1/4443 5258/1/5257 5256/1/5255 
f 5257/1/5256 5262/1/5261 5260/1/5259 
f 4401/1/4401 5278/1/5277 5281/1/5280 
f 5293/1/5292 5291/1/5290 5290/1/5289 
f 4384/1/4384 4390/1/4390 5291/1/5290 
f 5297/1/5296 5296/1/5295 5250/1/5249 
f 5316/1/5315 5317/1/5316 5314/1/5313 
f 5259/1/5258 5317/1/5316 5316/1/5315 
f 5253/1/5252 5295/1/5294 5317/1/5316 
f 5314/1/5313 5317/1/5316 5295/1/5294 
f 5315/1/5314 5320/1/5319 5318/1/5317 
f 5316/1/5315 5318/1/5317 5262/1/5261 
f 5379/1/5378 5380/1/5379 5377/1/5376 
f 5378/1/5377 5385/1/5384 5384/1/5383 
f 5386/1/5385 5385/1/5384 5320/1/5319 
f 5384/1/5383 5388/1/5387 5381/1/5380 
f 5389/1/5388 5398/1/5397 5399/1/5398 
f 5394/1/5393 5399/1/5398 2507/1/2507 
f 5509/1/5508 5505/1/5504 5504/1/5503 
f 5506/1/5505 5505/1/5504 4523/1/4523 
f 5512/1/5511 5522/1/5521 5525/1/5524 
f 5548/1/5547 5549/1/5548 5546/1/5545 
f 5543/1/5542 5546/1/5545 5549/1/5548 
f 5508/1/5507 5574/1/5573 5572/1/5571 
f 5579/1/5578 5581/1/5580 5580/1/5579 
f 4561/1/4561 4559/1/4559 5580/1/5579 
f 5609/1/5608 5610/1/5609 5607/1/5606 
f 5548/1/5547 5547/1/5546 5610/1/5609 
f 5535/1/5534 5534/1/5533 5610/1/5609 
f 5607/1/5606 5610/1/5609 5534/1/5533 
f 5607/1/5606 5613/1/5612 5612/1/5611 
f 5529/1/5528 5526/1/5525 5613/1/5612 
f 5611/1/5610 5631/1/5630 5629/1/5628 
f 5612/1/5611 5629/1/5628 5619/1/5618 
f 5727/1/5726 5728/1/5727 5725/1/5724 
f 5765/1/5764 5766/1/5765 5763/1/5762 
f 5751/1/5750 5749/1/5748 5763/1/5762 
f 5773/1/5772 5774/1/5773 5771/1/5770 
f 5769/1/5768 5771/1/5770 5774/1/5773 
f 5773/1/5772 5776/1/5775 5775/1/5774 
f 5780/1/5779 5781/1/5780 5778/1/5777 
f 5785/1/5784 5786/1/5785 5780/1/5779 
f 5780/1/5779 5786/1/5785 5797/1/5796 
f 5799/1/5798 5806/1/5805 5809/1/5808 
f 5815/1/5814 5813/1/5812 5812/1/5811 
f 5814/1/5813 5812/1/5811 5821/1/5820 
f 5800/1/5799 5809/1/5808 5821/1/5820 
f 5814/1/5813 5828/1/5827 5826/1/5825 
f 5837/1/5836 5839/1/5838 5838/1/5837 
f 5834/1/5833 5838/1/5837 5841/1/5840 
f 5843/1/5842 5859/1/5858 5858/1/5857 
f 5861/1/5860 5858/1/5857 5859/1/5858 
f 5851/1/5850 5858/1/5857 5861/1/5860 
f 5842/1/5841 5858/1/5857 5851/1/5850 
f 4337/1/4337 4342/1/4342 5875/1/5874 
f 5876/1/5875 5875/1/5874 4342/1/4342 
f 4352/1/4352 5885/1/5884 5881/1/5880 
f 3018/1/3018 5888/1/5887 5887/1/5886 
f 5292/1/5291 5891/1/5890 5890/1/5889 
f 5987/1/5986 5988/1/5987 5983/1/5982 
f 5984/1/5983 5983/1/5982 5988/1/5987 
f 5991/1/5990 5988/1/5987 5987/1/5986 
f 5992/1/5991 5993/1/5992 5991/1/5990 
f 5995/1/5994 5991/1/5990 5993/1/5992 
f 5998/1/5997 5996/1/5995 5993/1/5992 
f 5997/1/5996 5996/1/5995 6000/1/5999 
f 6013/1/6012 6015/1/6014 6011/1/6010 
f 6013/1/6012 6012/1/6011 6020/1/6019 
f 6022/1/6021 6020/1/6019 6012/1/6011 
f 6025/1/6024 6030/1/6029 6029/1/6028 
f 6017/1/6016 6014/1/6013 6030/1/6029 
f 5994/1/5993 6034/1/6033 6032/1/6031 
f 6075/1/6074 6078/1/6077 6077/1/6076 
f 6017/1/6016 6031/1/6030 6078/1/6077 
f 6235/1/6234 6240/1/6239 6239/1/6238 
f 6027/1/6026 6029/1/6028 6240/1/6239 
f 6240/1/6239 6029/1/6028 6016/1/6015 
f 6243/1/6242 6242/1/6241 6015/1/6014 
f 6241/1/6240 6242/1/6241 6244/1/6243 
f 5990/1/5989 6270/1/6269 6252/1/6251 
f 6035/1/6034 6458/1/6457 6456/1/6455 
f 6462/1/6461 6463/1/6462 6460/1/6459 
f 6464/1/6463 6490/1/6489 6463/1/6462 
f 6462/1/6461 6470/1/6469 6469/1/6468 
f 6479/1/6478 6482/1/6481 6480/1/6479 
f 6478/1/6477 6480/1/6479 6469/1/6468 
f 6494/1/6493 6496/1/6495 6495/1/6494 
f 6459/1/6458 6471/1/6470 6506/1/6505 
f 6502/1/6501 6506/1/6505 6471/1/6470 
f 6487/1/6486 6509/1/6508 6507/1/6506 
f 6494/1/6493 6497/1/6496 6511/1/6510 
f 6520/1/6519 6526/1/6525 6523/1/6522 
f 6546/1/6545 6544/1/6543 6543/1/6542 
f 6546/1/6545 6548/1/6547 6541/1/6540 
f 6139/1/6138 6550/1/6549 6543/1/6542 
f 6284/1/6283 6421/1/6420 6608/1/6607 
f 5447/1/5446 5454/1/5453 6625/1/6624 
# 6054 polygons - 1144 triangles

