# 3ds Max Wavefront OBJ Exporter v0.99 - (c)2007 guruware
# File Created: 23.04.2025 23:36:06

mtllib Cabeza1.mtl

#
# object Cabeza1
#

v  -4.2054 -3.9122 -6.3654
v  -4.1963 -3.9141 -6.3829
v  -4.1764 -3.9199 -6.3707
v  -4.1864 -3.9208 -6.3543
v  -4.1844 -3.9152 -6.4004
v  -4.1640 -3.9177 -6.3877
v  -4.1456 -3.9199 -6.3702
v  -4.1576 -3.9216 -6.3561
v  -4.1683 -3.9230 -6.3417
v  -4.1394 -3.9185 -6.3192
v  -4.1516 -3.9213 -6.3289
v  -4.1405 -3.9197 -6.3401
v  -4.1280 -3.9138 -6.3223
v  -4.1286 -3.9177 -6.3494
v  -4.1140 -3.9063 -6.3284
v  -4.1787 -3.9269 -6.3273
v  -4.1968 -3.9256 -6.3382
v  -4.1859 -3.9359 -6.3150
v  -4.2048 -3.9373 -6.3265
v  -4.2223 -3.9327 -6.3366
v  -4.2145 -3.9184 -6.3476
v  -4.1595 -3.9242 -6.3156
v  -4.1642 -3.9294 -6.3024
v  -4.1397 -3.9185 -6.3065
v  -4.1410 -3.9190 -6.2913
v  -4.1211 -3.9091 -6.3027
v  -4.1178 -3.9067 -6.2845
v  -4.1049 -3.8949 -6.3041
v  -4.0985 -3.8907 -6.2801
v  -4.2039 -3.9094 -6.4099
v  -4.2017 -3.9287 -6.4226
v  -4.1782 -3.9354 -6.4128
v  -4.2233 -3.9168 -6.4265
v  -4.2195 -3.9059 -6.4144
v  -4.2286 -3.9370 -6.4479
v  -4.1990 -3.9531 -6.4356
v  -4.1713 -3.9621 -6.4250
v  -4.1547 -3.9380 -6.3994
v  -4.1333 -3.9370 -6.3804
v  -4.1434 -3.9639 -6.4117
v  -4.1177 -3.9602 -6.3922
v  -4.1133 -3.9288 -6.3581
v  -4.0938 -3.9484 -6.3678
v  -4.0735 -3.9286 -6.3419
v  -4.0960 -3.9134 -6.3344
v  -4.0594 -3.9075 -6.3124
v  -4.0846 -3.8943 -6.3078
v  -4.0791 -3.8800 -6.2814
v  -4.0491 -3.8827 -6.2797
v  -4.1835 -3.9687 -6.3040
v  -4.1871 -3.9513 -6.3071
v  -4.1647 -3.9416 -6.2911
v  -4.1583 -3.9576 -6.2875
v  -4.1401 -3.9274 -6.2781
v  -4.1324 -3.9418 -6.2726
v  -4.1150 -3.9115 -6.2697
v  -4.1080 -3.9240 -6.2596
v  -4.0934 -3.8957 -6.2631
v  -4.0897 -3.9050 -6.2488
v  -4.0773 -3.8818 -6.2601
v  -4.0763 -3.8909 -6.2421
v  -4.0606 -3.8707 -6.2565
v  -4.0634 -3.8788 -6.2356
v  -4.0408 -3.8573 -6.2460
v  -4.0478 -3.8646 -6.2250
v  -4.0194 -3.8683 -6.2598
v  -4.0209 -3.8434 -6.2281
v  -3.9971 -3.8536 -6.2375
v  -4.0318 -3.8480 -6.2103
v  -4.0061 -3.8194 -6.2081
v  -4.0196 -3.8250 -6.1928
v  -3.9797 -3.8290 -6.2142
v  -3.9666 -3.7981 -6.1906
v  -3.9975 -3.7877 -6.1883
v  -4.0145 -3.7973 -6.1734
v  -4.0059 -3.7552 -6.1136
v  -4.0131 -3.7722 -6.1474
v  -3.9931 -3.7555 -6.1624
v  -3.9860 -3.7331 -6.1270
v  -3.9573 -3.7667 -6.1626
v  -3.9484 -3.7456 -6.1277
v  -4.2756 -3.9615 -6.4933
v  -4.2662 -3.9795 -6.4987
v  -4.2426 -3.9776 -6.4784
v  -4.2526 -3.9501 -6.4714
v  -4.2583 -3.9918 -6.5091
v  -4.2347 -3.9988 -6.4919
v  -4.2168 -3.9759 -6.4635
v  -4.2081 -4.0038 -6.4791
v  -4.1893 -3.9842 -6.4522
v  -4.1593 -3.9933 -6.4414
v  -4.1791 -4.0119 -6.4711
v  -4.1460 -4.0162 -6.4640
v  -4.1265 -3.9910 -6.4302
v  -4.0950 -3.9803 -6.4134
v  -4.1093 -4.0104 -6.4537
v  -4.0733 -3.9963 -6.4364
v  -4.0665 -3.9620 -6.3888
v  -4.0406 -3.9731 -6.4100
v  -4.0115 -3.9504 -6.3785
v  -4.0421 -3.9420 -6.3587
v  -4.0232 -3.9254 -6.3258
v  -3.9873 -3.9339 -6.3472
v  -3.9644 -3.9202 -6.3173
v  -4.0048 -3.9090 -6.2957
v  -3.9805 -3.8930 -6.2708
v  -3.9558 -3.8778 -6.2446
v  -3.9382 -3.9074 -6.2890
v  -3.9115 -3.8939 -6.2589
v  -3.9352 -3.8556 -6.2156
v  -3.9183 -3.8281 -6.1861
v  -3.8873 -3.8752 -6.2254
v  -3.8666 -3.8515 -6.1907
v  -3.9064 -3.8016 -6.1534
v  -3.8507 -3.8273 -6.1547
v  -3.8964 -3.7837 -6.1157
v  -3.8357 -3.8068 -6.1163
v  -4.2547 -3.9980 -6.5209
v  -4.2293 -4.0061 -6.5094
v  -4.2285 -3.9999 -6.5257
v  -4.2534 -3.9942 -6.5328
v  -4.2022 -4.0024 -6.5204
v  -4.2023 -4.0124 -6.5006
v  -4.1726 -4.0180 -6.4953
v  -4.1740 -4.0029 -6.5169
v  -4.1377 -4.0038 -6.5147
v  -4.1387 -4.0213 -6.4894
v  -4.0547 -3.9848 -6.4871
v  -4.0568 -4.0008 -6.4607
v  -4.0982 -4.0165 -6.4790
v  -4.0951 -4.0057 -6.5002
v  -4.0951 -3.9967 -6.5121
v  -4.0793 -3.9834 -6.5142
v  -4.1159 -3.9886 -6.5239
v  -4.0979 -3.9800 -6.5285
v  -4.0208 -3.9750 -6.4312
v  -4.0148 -3.9589 -6.4503
v  -3.9819 -3.9345 -6.4148
v  -3.9900 -3.9489 -6.3976
v  -3.9648 -3.9287 -6.3662
v  -3.9399 -3.9152 -6.3364
v  -3.9561 -3.9143 -6.3818
v  -3.9303 -3.9000 -6.3516
v  -3.9124 -3.9047 -6.3072
v  -3.8835 -3.8947 -6.2758
v  -3.9020 -3.8895 -6.3224
v  -3.8723 -3.8792 -6.2920
v  -3.8214 -3.8432 -6.2200
v  -3.8337 -3.8584 -6.2025
v  -3.8562 -3.8802 -6.2400
v  -3.8440 -3.8641 -6.2574
v  -4.1356 -3.9499 -6.2413
v  -4.1322 -3.9493 -6.2582
v  -4.1116 -3.9275 -6.2421
v  -4.1157 -3.9294 -6.2257
v  -4.0967 -3.9060 -6.2294
v  -4.1032 -3.9096 -6.2106
v  -4.1160 -3.9612 -6.2152
v  -4.1270 -3.9555 -6.2257
v  -4.1093 -3.9393 -6.2129
v  -4.1012 -3.9537 -6.2036
v  -4.0948 -3.9252 -6.1987
v  -4.0855 -3.9447 -6.1886
v  -4.0861 -3.8905 -6.2204
v  -4.0955 -3.8943 -6.1980
v  -4.0748 -3.8787 -6.2120
v  -4.0859 -3.8821 -6.1875
v  -4.0839 -3.9143 -6.1862
v  -4.0714 -3.9377 -6.1762
v  -4.0730 -3.9054 -6.1745
v  -4.0568 -3.9318 -6.1653
v  -4.0819 -3.9850 -6.1618
v  -4.0825 -3.9641 -6.1762
v  -4.0664 -3.9590 -6.1614
v  -4.0636 -3.9815 -6.1438
v  -4.0516 -3.9545 -6.1478
v  -4.0494 -3.9773 -6.1264
v  -4.0600 -3.8664 -6.2021
v  -4.0709 -3.8717 -6.1781
v  -4.0450 -3.8521 -6.1897
v  -4.0557 -3.8614 -6.1677
v  -4.0265 -3.9200 -6.1373
v  -4.0200 -3.9473 -6.1160
v  -4.0360 -3.9505 -6.1328
v  -4.0416 -3.9257 -6.1525
v  -4.0344 -3.9743 -6.1088
v  -4.0191 -3.9722 -6.0899
v  -4.0597 -3.8968 -6.1625
v  -4.0452 -3.8887 -6.1503
v  -4.0341 -3.8332 -6.1742
v  -4.0435 -3.8489 -6.1534
v  -4.0296 -3.8121 -6.1549
v  -4.0349 -3.8369 -6.1345
v  -4.0267 -3.7960 -6.1292
v  -4.0236 -3.8301 -6.1121
v  -4.0184 -3.7856 -6.0970
v  -4.0104 -3.8259 -6.0841
v  -4.0303 -3.8803 -6.1365
v  -4.0116 -3.9155 -6.1199
v  -4.0170 -3.8733 -6.1192
v  -3.9976 -3.9122 -6.1011
v  -4.0040 -3.9454 -6.0970
v  -4.0030 -3.9710 -6.0694
v  -3.9890 -3.9444 -6.0771
v  -3.9874 -3.9707 -6.0487
v  -4.0026 -3.8698 -6.1001
v  -3.9824 -3.9108 -6.0836
v  -3.9874 -3.8674 -6.0764
v  -3.9665 -3.9088 -6.0634
v  -3.9747 -3.9440 -6.0585
v  -3.9725 -3.9715 -6.0297
v  -3.9596 -3.9428 -6.0385
v  -3.9572 -3.9711 -6.0096
v  -3.9719 -3.8636 -6.0452
v  -3.9497 -3.9051 -6.0377
v  -3.9956 -3.8215 -6.0482
v  -3.9731 -3.8165 -6.0106
v  -3.9505 -3.8587 -6.0108
v  -3.9272 -3.8998 -6.0080
v  -3.9420 -3.9396 -6.0154
v  -3.9398 -3.9682 -5.9864
v  -3.9172 -3.9351 -5.9888
v  -3.9144 -3.9640 -5.9598
v  -3.8828 -3.9285 -5.9559
v  -3.8790 -3.9581 -5.9267
v  -3.8935 -3.8930 -5.9753
v  -3.8594 -3.8859 -5.9392
v  -3.8496 -3.9201 -5.9166
v  -3.8462 -3.9487 -5.8855
v  -3.8021 -3.8741 -5.8663
v  -3.7906 -3.9083 -5.8356
v  -3.8197 -3.9136 -5.8783
v  -3.8306 -3.8798 -5.9044
v  -3.8145 -3.9432 -5.8452
v  -3.7846 -3.9386 -5.7997
v  -3.7574 -3.9041 -5.7851
v  -3.7479 -3.9374 -5.7483
v  -3.7702 -3.8686 -5.8187
v  -3.7384 -3.8614 -5.7663
v  -3.7271 -3.8982 -5.7289
v  -3.7180 -3.9319 -5.6904
v  -4.1028 -3.9600 -6.5408
v  -4.0774 -3.9594 -6.5219
v  -4.0835 -3.9293 -6.5292
v  -4.1114 -3.9277 -6.5513
v  -4.0591 -3.9277 -6.4980
v  -4.0529 -3.9545 -6.4922
v  -4.0219 -3.9376 -6.4581
v  -4.0312 -3.9161 -6.4629
v  -3.9959 -3.8992 -6.4338
v  -3.9858 -3.9174 -6.4260
v  -3.9570 -3.8999 -6.3937
v  -3.9644 -3.8841 -6.4036
v  -3.9359 -3.8698 -6.3726
v  -3.9303 -3.8851 -6.3627
v  -3.9025 -3.8727 -6.3328
v  -3.9087 -3.8561 -6.3415
v  -3.8821 -3.8403 -6.3099
v  -3.8743 -3.8593 -6.3023
v  -3.9475 -3.8533 -6.3798
v  -3.9199 -3.8398 -6.3479
v  -3.9233 -3.8234 -6.3624
v  -3.9546 -3.8353 -6.3922
v  -3.8917 -3.8096 -6.3318
v  -3.8928 -3.8236 -6.3161
v  -4.0819 -4.0370 -6.1179
v  -4.0789 -4.0109 -6.1458
v  -4.0574 -4.0104 -6.1251
v  -4.0578 -4.0413 -6.0941
v  -4.0444 -4.0056 -6.1028
v  -4.0440 -4.0342 -6.0688
v  -4.0298 -4.0030 -6.0834
v  -4.0277 -4.0328 -6.0495
v  -4.0139 -4.0017 -6.0647
v  -4.0103 -4.0326 -6.0320
v  -3.9993 -3.9988 -6.0428
v  -3.9973 -4.0257 -6.0093
v  -3.9834 -3.9978 -6.0219
v  -3.9816 -4.0238 -5.9890
v  -3.9674 -3.9998 -6.0039
v  -3.9653 -4.0271 -5.9717
v  -3.9521 -3.9996 -5.9835
v  -3.9491 -4.0266 -5.9508
v  -3.9354 -3.9955 -5.9582
v  -3.9330 -4.0189 -5.9228
v  -3.9099 -3.9911 -5.9291
v  -3.9065 -4.0157 -5.8913
v  -3.8756 -3.9853 -5.8928
v  -3.8748 -4.0082 -5.8509
v  -3.8408 -3.9773 -5.8506
v  -3.8389 -4.0033 -5.8070
v  -3.8074 -3.9729 -5.8083
v  -3.8087 -3.9960 -5.7606
v  -3.7800 -3.9656 -5.7593
v  -3.7822 -3.9865 -5.7104
v  -3.7468 -3.9621 -5.7051
v  -3.7539 -3.9775 -5.6556
v  -3.7175 -3.9571 -5.6489
v  -3.7273 -3.9716 -5.6024
v  -4.1786 -4.0871 -6.0980
v  -4.1507 -4.0799 -6.1477
v  -4.1203 -4.0691 -6.1067
v  -4.1442 -4.0755 -6.0538
v  -4.1058 -4.0419 -6.1494
v  -4.1339 -4.0494 -6.1855
v  -4.0950 -4.0600 -6.0710
v  -4.1154 -4.0625 -6.0165
v  -4.0713 -4.0664 -6.0428
v  -4.0928 -4.0648 -5.9845
v  -4.0536 -4.0594 -6.0177
v  -4.0709 -4.0612 -5.9602
v  -4.0353 -4.0576 -5.9980
v  -4.0502 -4.0620 -5.9405
v  -4.0166 -4.0591 -5.9808
v  -4.0312 -4.0664 -5.9224
v  -4.0027 -4.0481 -5.9608
v  -4.0138 -4.0578 -5.9060
v  -3.9879 -4.0441 -5.9416
v  -3.9998 -4.0512 -5.8886
v  -3.9728 -4.0465 -5.9228
v  -3.9855 -4.0498 -5.8690
v  -3.9553 -4.0475 -5.9008
v  -3.9684 -4.0507 -5.8448
v  -3.9378 -4.0354 -5.8722
v  -3.9478 -4.0369 -5.8175
v  -3.9115 -4.0328 -5.8379
v  -3.9244 -4.0300 -5.7814
v  -3.8822 -4.0230 -5.7953
v  -3.8967 -4.0197 -5.7380
v  -3.8488 -4.0201 -5.7484
v  -3.8675 -4.0130 -5.6894
v  -3.8212 -4.0074 -5.7000
v  -3.8389 -4.0003 -5.6414
v  -3.7930 -4.0022 -5.6506
v  -3.8127 -3.9974 -5.5921
v  -4.3084 -4.0159 -6.1004
v  -4.2924 -4.0705 -6.1453
v  -4.2501 -4.0715 -6.0942
v  -4.2646 -4.0138 -6.0547
v  -4.2191 -4.1040 -6.1459
v  -4.2610 -4.1013 -6.1963
v  -4.2045 -4.0569 -6.0487
v  -4.2168 -4.0032 -6.0137
v  -4.1679 -4.0459 -6.0041
v  -4.1779 -3.9934 -5.9731
v  -4.1351 -4.0337 -5.9685
v  -4.1434 -3.9854 -5.9390
v  -4.1119 -4.0341 -5.9364
v  -4.1188 -3.9863 -5.9079
v  -4.0891 -4.0347 -5.9120
v  -4.0969 -3.9889 -5.8828
v  -4.0685 -4.0366 -5.8908
v  -4.0777 -3.9900 -5.8604
v  -4.0508 -4.0396 -5.8703
v  -4.0603 -3.9894 -5.8403
v  -4.0332 -4.0359 -5.8532
v  -4.0428 -3.9867 -5.8233
v  -4.0178 -4.0292 -5.8378
v  -4.0262 -3.9831 -5.8068
v  -4.0016 -4.0253 -5.8196
v  -4.0100 -3.9807 -5.7874
v  -3.9840 -4.0228 -5.7961
v  -3.9912 -3.9765 -5.7659
v  -3.9616 -4.0122 -5.7708
v  -3.9697 -3.9696 -5.7410
v  -3.9395 -4.0035 -5.7358
v  -3.9497 -3.9616 -5.7067
v  -3.9146 -3.9945 -5.6919
v  -3.9270 -3.9512 -5.6641
v  -3.8887 -3.9869 -5.6429
v  -3.9031 -3.9418 -5.6165
v  -3.8617 -3.9786 -5.5947
v  -3.8795 -3.9367 -5.5678
v  -3.8382 -3.9755 -5.5463
v  -3.8580 -3.9354 -5.5195
v  -4.2883 -3.9431 -6.4909
v  -4.2692 -3.9279 -6.4642
v  -4.2908 -3.9177 -6.4590
v  -4.3052 -3.9332 -6.4880
v  -4.2545 -3.9125 -6.4391
v  -4.2786 -3.9010 -6.4255
v  -4.2145 -3.9012 -6.3925
v  -4.2310 -3.8938 -6.4043
v  -4.2242 -3.8959 -6.3741
v  -4.2488 -3.8846 -6.3853
v  -4.2328 -3.9038 -6.3541
v  -4.2396 -3.9225 -6.3457
v  -4.2516 -3.9146 -6.3536
v  -4.2532 -3.8960 -6.3605
v  -4.2583 -3.9255 -6.3578
v  -4.2647 -3.9092 -6.3699
v  -4.2718 -3.9266 -6.3762
v  -4.2660 -3.9404 -6.3632
v  -4.2773 -3.9135 -6.3877
v  -4.2672 -3.8964 -6.3831
v  -4.2436 -3.9010 -6.4189
v  -4.2604 -3.8912 -6.4057
v  -4.2816 -3.9048 -6.4034
v  -4.2696 -3.8931 -6.3968
v  -4.4979 -3.9086 -6.5475
v  -4.4878 -3.9244 -6.5539
v  -4.4723 -3.9222 -6.5370
v  -4.4805 -3.9033 -6.5292
v  -4.4651 -3.9342 -6.5472
v  -4.4796 -3.9340 -6.5636
v  -4.4523 -3.9357 -6.5294
v  -4.4597 -3.9219 -6.5182
v  -4.4669 -3.9002 -6.5085
v  -4.4479 -3.9236 -6.5000
v  -4.4549 -3.8993 -6.4882
v  -4.4399 -3.9385 -6.5120
v  -4.4274 -3.9422 -6.4946
v  -4.4356 -3.9271 -6.4824
v  -4.4429 -3.9017 -6.4681
v  -4.4237 -3.9338 -6.4642
v  -4.4310 -3.9095 -6.4473
v  -4.4157 -3.9480 -6.4762
v  -4.4057 -3.9552 -6.4580
v  -4.4146 -3.9430 -6.4461
v  -4.4219 -3.9210 -6.4271
v  -4.4070 -3.9515 -6.4291
v  -4.4147 -3.9318 -6.4093
v  -4.3973 -3.9622 -6.4413
v  -4.3878 -3.9654 -6.4250
v  -4.3970 -3.9555 -6.4133
v  -4.4049 -3.9381 -6.3936
v  -4.4215 -3.8759 -6.3165
v  -4.4140 -3.9090 -6.3607
v  -4.4055 -3.9142 -6.3436
v  -4.4107 -3.8814 -6.3007
v  -4.3954 -3.9420 -6.3781
v  -4.3935 -3.9511 -6.3646
v  -4.4074 -3.9234 -6.3285
v  -4.4109 -3.8903 -6.2860
v  -4.3717 -3.9697 -6.3918
v  -4.3809 -3.9625 -6.3831
v  -4.3866 -3.9570 -6.3975
v  -4.3779 -3.9665 -6.4083
v  -4.3225 -3.9616 -6.5426
v  -4.2988 -3.9634 -6.5186
v  -4.3096 -3.9512 -6.5173
v  -4.3330 -3.9549 -6.5420
v  -4.3235 -3.9469 -6.5140
v  -4.3443 -3.9539 -6.5389
v  -4.3002 -3.9785 -6.5379
v  -4.2823 -3.9838 -6.5263
v  -4.2895 -3.9753 -6.5211
v  -4.3115 -3.9711 -6.5407
v  -4.2539 -3.9792 -6.5410
v  -4.2326 -3.9782 -6.5361
v  -4.2381 -3.9551 -6.5466
v  -4.2588 -3.9600 -6.5488
v  -4.2183 -3.9483 -6.5452
v  -4.2093 -3.9751 -6.5321
v  -4.1850 -3.9701 -6.5313
v  -4.1991 -3.9395 -6.5469
v  -4.1593 -3.9652 -6.5342
v  -4.1788 -3.9243 -6.5544
v  -4.1318 -3.9616 -6.5398
v  -4.1439 -3.9267 -6.5565
v  -4.2801 -3.9884 -6.5343
v  -4.2775 -3.9851 -6.5416
v  -4.3052 -3.9801 -6.5476
v  -4.3029 -3.9713 -6.5564
v  -4.3562 -3.9546 -6.5652
v  -4.3787 -3.9506 -6.5888
v  -4.3651 -3.9514 -6.5884
v  -4.3441 -3.9596 -6.5642
v  -4.3663 -3.9537 -6.5624
v  -4.3890 -3.9509 -6.5855
v  -4.3268 -3.9696 -6.5581
v  -4.3340 -3.9603 -6.5717
v  -4.2724 -3.9780 -6.5447
v  -4.2807 -3.9644 -6.5509
v  -4.2628 -3.9406 -6.5554
v  -4.2431 -3.9367 -6.5546
v  -4.2452 -3.9312 -6.5696
v  -4.2634 -3.9326 -6.5712
v  -4.2305 -3.9273 -6.5712
v  -4.2262 -3.9308 -6.5555
v  -4.3093 -3.9490 -6.5687
v  -4.2854 -3.9450 -6.5589
v  -4.2851 -3.9334 -6.5759
v  -4.3083 -3.9364 -6.5844
v  -4.3364 -3.9482 -6.5830
v  -4.3334 -3.9420 -6.5970
v  -4.3624 -3.9457 -6.5984
v  -4.3593 -3.9475 -6.6116
v  -4.3822 -3.9461 -6.6136
v  -4.3841 -3.9550 -6.6264
v  -4.3921 -3.9473 -6.6152
v  -4.4121 -3.9618 -6.6401
v  -4.4014 -3.9481 -6.6149
v  -4.4248 -3.9560 -6.6375
v  -4.4116 -3.9502 -6.6103
v  -4.4334 -3.9531 -6.6327
v  -4.3449 -3.9834 -6.6420
v  -4.3527 -3.9646 -6.6251
v  -4.3806 -3.9708 -6.6393
v  -4.3735 -3.9843 -6.6570
v  -4.4104 -3.9742 -6.6574
v  -4.4048 -3.9788 -6.6767
v  -4.2965 -3.9712 -6.6235
v  -4.3029 -3.9515 -6.6043
v  -4.3267 -3.9580 -6.6135
v  -4.3194 -3.9783 -6.6312
v  -4.2580 -3.9593 -6.6143
v  -4.2614 -3.9447 -6.5921
v  -4.2812 -3.9472 -6.5971
v  -4.2763 -3.9644 -6.6183
v  -4.2296 -3.9377 -6.5919
v  -4.2443 -3.9411 -6.5906
v  -4.2411 -3.9561 -6.6110
v  -4.2256 -3.9539 -6.6096
v  -4.4438 -3.9485 -6.6148
v  -4.4398 -3.9515 -6.6238
v  -4.4199 -3.9506 -6.6027
v  -4.4260 -3.9484 -6.5949
v  -4.3985 -3.9507 -6.5796
v  -4.4064 -3.9481 -6.5731
v  -4.4694 -3.9414 -6.5764
v  -4.4545 -3.9407 -6.5600
v  -4.4448 -3.9450 -6.5712
v  -4.4601 -3.9469 -6.5886
v  -4.4297 -3.9451 -6.5525
v  -4.4405 -3.9415 -6.5421
v  -4.4495 -3.9468 -6.6035
v  -4.4459 -3.9471 -6.6079
v  -4.4301 -3.9468 -6.5891
v  -4.4338 -3.9465 -6.5840
v  -4.4120 -3.9462 -6.5679
v  -4.4169 -3.9465 -6.5634
v  -4.4538 -3.9478 -6.5974
v  -4.4383 -3.9466 -6.5786
v  -4.4224 -3.9468 -6.5589
v  -4.3771 -3.9531 -6.5575
v  -4.3564 -3.9541 -6.5351
v  -4.3682 -3.9536 -6.5310
v  -4.3869 -3.9511 -6.5522
v  -4.4269 -3.9441 -6.5245
v  -4.4154 -3.9473 -6.5342
v  -4.4020 -3.9508 -6.5154
v  -4.4140 -3.9478 -6.5064
v  -4.3944 -3.9489 -6.5477
v  -4.3778 -3.9523 -6.5272
v  -4.3858 -3.9501 -6.5236
v  -4.4008 -3.9479 -6.5436
v  -4.4072 -3.9482 -6.5399
v  -4.3932 -3.9505 -6.5204
v  -4.3373 -3.9504 -6.5113
v  -4.3213 -3.9415 -6.4859
v  -4.3360 -3.9533 -6.4852
v  -4.3511 -3.9546 -6.5085
v  -4.4023 -3.9529 -6.4870
v  -4.3902 -3.9558 -6.4953
v  -4.3798 -3.9626 -6.4757
v  -4.3921 -3.9597 -6.4682
v  -4.3626 -3.9571 -6.5057
v  -4.3485 -3.9613 -6.4842
v  -4.3604 -3.9606 -6.4813
v  -4.3725 -3.9554 -6.5023
v  -4.3809 -3.9554 -6.4995
v  -4.3699 -3.9617 -6.4792
v  -4.3705 -3.9698 -6.4584
v  -4.3837 -3.9671 -6.4513
v  -4.3749 -3.9723 -6.4346
v  -4.3613 -3.9752 -6.4412
v  -4.3091 -3.9323 -6.4584
v  -4.3011 -3.9262 -6.4322
v  -4.3123 -3.9516 -6.4398
v  -4.3231 -3.9520 -6.4619
v  -4.3361 -3.9634 -6.4633
v  -4.3257 -3.9647 -6.4426
v  -4.3396 -3.9669 -6.4426
v  -4.3496 -3.9644 -6.4617
v  -4.3599 -3.9671 -6.4608
v  -4.3502 -3.9716 -6.4430
v  -4.3655 -3.9744 -6.4172
v  -4.3580 -3.9757 -6.4008
v  -4.3513 -3.9773 -6.4231
v  -4.3429 -3.9753 -6.4061
v  -4.2947 -3.9273 -6.4111
v  -4.2873 -3.9340 -6.3947
v  -4.2999 -3.9509 -6.4003
v  -4.3053 -3.9505 -6.4188
v  -4.3405 -3.9717 -6.4240
v  -4.3332 -3.9689 -6.4057
v  -4.3318 -3.9637 -6.4223
v  -4.3253 -3.9604 -6.4030
v  -4.3194 -3.9597 -6.4214
v  -4.3135 -3.9566 -6.4021
v  -4.1843 -4.0956 -6.1942
v  -4.1625 -4.0640 -6.2278
v  -4.2236 -4.0998 -6.2401
v  -4.1962 -4.0722 -6.2686
v  -4.1565 -3.9692 -6.2766
v  -4.1572 -3.9718 -6.2583
v  -4.1832 -3.9944 -6.2804
v  -4.1833 -3.9822 -6.2956
v  -4.1583 -4.0349 -6.2434
v  -4.1300 -4.0211 -6.2053
v  -4.1876 -4.0463 -6.2809
v  -4.1616 -4.0151 -6.2519
v  -4.1866 -4.0266 -6.2853
v  -4.1325 -3.9951 -6.2191
v  -4.1034 -3.9893 -6.1858
v  -4.1010 -3.9699 -6.1952
v  -4.1217 -3.9741 -6.2160
v  -4.1577 -3.9922 -6.2485
v  -4.1435 -3.9741 -6.2370
v  -4.1877 -4.0121 -6.2869
v  -4.1687 -4.0061 -6.2615
v  -4.1029 -4.0141 -6.1730
v  -4.2120 -3.9242 -6.5593
v  -4.2189 -3.9250 -6.5752
v  -4.2122 -3.9161 -6.5797
v  -4.2019 -3.9135 -6.5653
v  -4.2169 -3.9366 -6.5949
v  -4.2098 -3.9273 -6.5982
v  -4.2107 -3.9514 -6.6113
v  -4.2026 -3.9384 -6.6150
v  -4.2076 -3.9413 -6.6282
v  -4.2213 -3.9589 -6.6272
v  -4.2090 -3.9565 -6.6239
v  -4.2206 -3.9427 -6.6372
v  -4.2535 -3.9619 -6.6352
v  -4.2362 -3.9597 -6.6304
v  -4.2515 -3.9523 -6.6535
v  -4.2350 -3.9468 -6.6454
v  -4.2914 -3.9730 -6.6472
v  -4.2718 -3.9667 -6.6407
v  -4.2700 -3.9587 -6.6614
v  -4.2900 -3.9652 -6.6695
v  -4.3133 -3.9794 -6.6552
v  -4.3122 -3.9716 -6.6786
v  -4.3378 -3.9839 -6.6659
v  -4.3358 -3.9762 -6.6888
v  -4.3657 -3.9842 -6.6802
v  -4.3605 -3.9763 -6.6999
v  -4.3974 -3.9770 -6.6991
v  -4.3895 -3.9652 -6.7159
v  -4.3464 -3.9526 -6.6995
v  -4.3617 -3.9595 -6.7064
v  -4.3839 -3.9450 -6.7175
v  -4.3737 -3.9176 -6.7125
v  -4.3209 -3.8988 -6.6829
v  -4.3025 -3.9383 -6.6785
v  -4.3259 -3.9453 -6.6888
v  -4.3460 -3.9071 -6.6954
v  -4.2768 -3.8827 -6.6585
v  -4.2609 -3.9238 -6.6603
v  -4.2806 -3.9311 -6.6697
v  -4.2972 -3.8906 -6.6714
v  -4.2438 -3.9168 -6.6500
v  -4.2293 -3.9115 -6.6389
v  -4.2602 -3.8750 -6.6442
v  -4.2465 -3.8690 -6.6296
v  -4.2336 -3.8659 -6.6165
v  -4.2236 -3.8636 -6.6040
v  -4.2105 -3.9086 -6.6134
v  -4.2165 -3.9098 -6.6272
v  -4.2135 -3.9022 -6.5981
v  -4.2116 -3.8940 -6.5829
v  -4.2176 -3.8599 -6.5916
v  -4.2114 -3.8556 -6.5803
v  -4.1997 -3.8903 -6.5705
v  -4.2029 -3.8532 -6.5694
v  -4.1900 -3.8529 -6.5567
v  -4.1809 -3.8900 -6.5631
v  -4.1546 -3.8911 -6.5575
v  -4.1700 -3.8545 -6.5425
v  -4.1445 -3.8571 -6.5281
v  -4.1255 -3.8940 -6.5447
v  -4.0974 -3.8980 -6.5242
v  -4.1171 -3.8620 -6.5110
v  -4.0884 -3.8647 -6.4910
v  -4.0707 -3.8994 -6.4975
v  -4.0435 -3.8926 -6.4653
v  -4.0590 -3.8606 -6.4673
v  -4.0203 -3.8508 -6.4550
v  -4.0090 -3.8794 -6.4397
v  -3.9770 -3.8665 -6.4109
v  -3.9835 -3.8477 -6.4244
v  -3.9825 -3.8005 -6.5309
v  -4.0008 -3.8116 -6.5085
v  -4.0243 -3.8019 -6.5572
v  -4.0026 -3.7964 -6.5875
v  -4.0022 -3.8023 -6.5586
v  -4.0428 -3.7945 -6.6092
v  -3.9626 -3.7953 -6.5574
v  -4.0084 -3.8271 -6.4751
v  -3.9762 -3.8311 -6.4489
v  -3.9684 -3.8110 -6.4736
v  -3.9435 -3.7973 -6.4398
v  -3.9468 -3.8205 -6.4167
v  -3.9160 -3.8086 -6.3853
v  -3.9132 -3.7852 -6.4062
v  -3.8759 -3.7768 -6.3739
v  -3.8830 -3.7960 -6.3533
v  -3.8498 -3.7804 -6.3183
v  -3.8598 -3.7929 -6.2990
v  -3.8392 -3.7651 -6.3377
v  -3.8056 -3.7527 -6.3002
v  -3.8201 -3.7650 -6.2834
v  -3.8334 -3.7747 -6.2665
v  -3.7998 -3.7502 -6.2495
v  -3.8185 -3.7560 -6.2369
v  -3.7905 -3.7263 -6.2202
v  -3.7790 -3.7417 -6.2615
v  -3.7654 -3.7163 -6.2289
v  -3.8125 -3.7347 -6.2105
v  -3.8483 -3.8412 -6.2682
v  -3.8577 -3.8201 -6.2760
v  -3.8381 -3.7988 -6.2425
v  -3.8270 -3.8202 -6.2330
v  -3.8671 -3.8031 -6.2829
v  -3.8463 -3.7819 -6.2515
v  -3.8331 -3.7632 -6.2242
v  -3.8243 -3.7794 -6.2132
v  -3.8255 -3.7455 -6.1992
v  -3.8162 -3.7614 -6.1880
v  -3.8166 -3.8326 -6.1654
v  -3.8050 -3.8184 -6.1830
v  -3.7870 -3.7895 -6.1454
v  -3.8003 -3.8079 -6.1274
v  -3.8109 -3.7984 -6.1999
v  -3.8015 -3.7776 -6.1744
v  -3.8127 -3.7445 -6.1676
v  -3.8011 -3.7595 -6.1616
v  -3.8037 -3.7308 -6.1426
v  -3.7901 -3.7552 -6.1412
v  -3.8052 -3.7141 -6.1851
v  -3.8190 -3.7278 -6.1749
v  -3.8084 -3.7089 -6.1463
v  -3.7921 -3.6935 -6.1563
v  -3.9633 -3.7913 -6.4984
v  -3.9539 -3.7804 -6.5159
v  -3.9367 -3.7612 -6.4808
v  -3.9431 -3.7754 -6.4618
v  -3.8817 -3.8029 -6.5573
v  -3.8574 -3.8048 -6.5351
v  -3.8950 -3.8008 -6.5277
v  -3.9143 -3.8016 -6.5594
v  -3.8653 -3.7895 -6.4971
v  -3.8283 -3.7965 -6.5054
v  -3.9007 -3.7774 -6.4937
v  -3.9288 -3.7897 -6.5242
v  -3.9399 -3.7809 -6.5142
v  -3.9202 -3.7677 -6.4886
v  -3.9165 -3.7584 -6.4230
v  -3.9086 -3.7389 -6.4430
v  -3.8650 -3.7436 -6.4047
v  -3.8734 -3.7556 -6.3896
v  -3.8887 -3.7552 -6.4545
v  -3.8517 -3.7546 -6.4115
v  -3.8675 -3.7689 -6.4578
v  -3.8327 -3.7686 -6.4154
v  -3.8339 -3.7844 -6.4618
v  -3.8020 -3.7853 -6.4220
v  -3.7990 -3.7906 -6.4719
v  -3.7691 -3.7900 -6.4354
v  -3.8308 -3.7498 -6.3527
v  -3.8216 -3.7423 -6.3632
v  -3.7917 -3.7410 -6.3120
v  -3.7798 -3.7315 -6.3199
v  -3.8102 -3.7496 -6.3685
v  -3.7666 -3.7385 -6.3259
v  -3.7943 -3.7660 -6.3722
v  -3.7530 -3.7550 -6.3298
v  -3.7684 -3.7838 -6.3806
v  -3.7325 -3.7710 -6.3386
v  -3.7388 -3.7880 -6.3971
v  -3.7087 -3.7724 -6.3554
v  -3.8747 -3.7909 -6.5753
v  -3.8373 -3.7927 -6.5541
v  -3.8284 -3.7781 -6.5791
v  -3.8699 -3.7743 -6.5972
v  -3.7964 -3.7672 -6.5471
v  -3.8075 -3.7838 -6.5235
v  -3.7797 -3.7769 -6.4892
v  -3.7702 -3.7568 -6.5107
v  -3.7385 -3.7531 -6.4760
v  -3.7491 -3.7763 -6.4542
v  -3.7188 -3.7736 -6.4176
v  -3.7052 -3.7512 -6.4401
v  -3.6743 -3.7438 -6.3967
v  -3.6904 -3.7609 -6.3750
v  -3.6592 -3.7416 -6.3253
v  -3.6761 -3.7495 -6.3080
v  -3.6438 -3.7287 -6.3444
v  -3.6142 -3.7133 -6.2951
v  -3.6283 -3.7241 -6.2784
v  -3.6447 -3.7298 -6.2638
v  -3.6687 -3.7115 -6.4158
v  -3.6371 -3.7029 -6.3625
v  -3.6390 -3.6719 -6.3733
v  -3.6707 -3.6750 -6.4255
v  -3.6091 -3.6682 -6.3242
v  -3.6079 -3.6931 -6.3123
v  -4.0329 -3.7832 -6.6401
v  -4.0751 -3.7729 -6.6569
v  -4.1010 -3.7699 -6.7058
v  -4.0640 -3.7742 -6.6869
v  -4.0296 -3.7714 -6.6672
v  -4.0597 -3.7791 -6.6617
v  -3.9987 -3.7785 -6.6184
v  -3.9931 -3.7638 -6.6485
v  -3.9493 -3.7524 -6.6310
v  -3.9595 -3.7747 -6.5994
v  -3.9166 -3.7818 -6.5876
v  -3.9097 -3.7637 -6.6096
v  -3.9008 -3.7532 -6.6195
v  -3.8702 -3.7576 -6.6111
v  -3.9130 -3.7456 -6.6327
v  -3.8768 -3.7459 -6.6245
v  -3.8304 -3.7579 -6.5961
v  -3.8350 -3.7454 -6.6089
v  -3.7957 -3.7309 -6.5860
v  -3.7940 -3.7467 -6.5685
v  -3.7658 -3.7308 -6.5344
v  -3.7667 -3.7054 -6.5565
v  -3.7339 -3.6773 -6.5194
v  -3.7357 -3.7192 -6.4984
v  -3.7022 -3.7149 -6.4602
v  -3.7006 -3.6769 -6.4716
v  -4.0949 -3.7907 -6.7347
v  -4.0603 -3.7839 -6.7103
v  -4.0521 -3.7958 -6.7314
v  -4.0862 -3.8058 -6.7555
v  -4.0175 -3.7866 -6.7118
v  -4.0240 -3.7789 -6.6910
v  -3.9877 -3.7691 -6.6744
v  -3.9830 -3.7765 -6.6952
v  -3.9484 -3.7666 -6.6821
v  -3.9518 -3.7557 -6.6620
v  -4.0021 -3.7869 -6.7431
v  -3.9706 -3.7784 -6.7241
v  -3.9776 -3.7785 -6.7106
v  -4.0106 -3.7887 -6.7282
v  -3.9438 -3.7735 -6.6954
v  -3.9376 -3.7746 -6.7086
v  -3.9153 -3.7526 -6.6531
v  -3.9130 -3.7661 -6.6699
v  -3.8746 -3.7679 -6.6553
v  -3.8770 -3.7533 -6.6415
v  -3.9093 -3.7750 -6.6821
v  -3.8705 -3.7765 -6.6678
v  -3.9035 -3.7754 -6.6957
v  -3.8652 -3.7748 -6.6826
v  -3.8336 -3.7489 -6.6238
v  -3.8292 -3.7627 -6.6366
v  -3.7817 -3.7450 -6.6181
v  -3.7902 -3.7328 -6.6038
v  -3.7716 -3.7504 -6.6477
v  -3.7756 -3.7513 -6.6316
v  -3.8242 -3.7706 -6.6499
v  -3.8199 -3.7679 -6.6659
v  -3.7554 -3.6997 -6.5833
v  -3.7396 -3.7107 -6.6023
v  -3.6970 -3.6743 -6.5822
v  -3.7198 -3.6682 -6.5585
v  -3.6728 -3.6873 -6.6099
v  -3.6827 -3.6819 -6.5973
v  -3.7298 -3.7187 -6.6160
v  -3.7233 -3.7219 -6.6303
v  -4.4095 -3.7021 -7.0920
v  -4.3990 -3.6955 -7.1286
v  -4.3856 -3.7074 -7.1234
v  -4.3994 -3.7153 -7.0895
v  -4.3641 -3.6938 -7.1611
v  -4.3774 -3.6822 -7.1675
v  -4.3462 -3.7114 -7.1449
v  -4.3670 -3.7241 -7.1096
v  -4.3817 -3.7322 -7.0789
v  -4.3788 -3.7254 -7.0297
v  -4.3837 -3.7320 -7.0191
v  -4.4011 -3.7187 -7.0290
v  -4.3967 -3.7138 -7.0399
v  -4.4025 -3.7202 -7.0130
v  -4.3858 -3.7327 -7.0038
v  -4.4123 -3.7062 -7.0151
v  -4.4113 -3.7052 -7.0312
v  -4.4064 -3.7021 -7.0422
v  -4.3783 -3.7247 -7.0463
v  -4.3766 -3.7224 -7.0377
v  -4.3953 -3.7115 -7.0473
v  -4.3971 -3.7125 -7.0554
v  -4.4039 -3.7006 -7.0493
v  -4.4055 -3.7010 -7.0574
v  -4.4092 -3.7027 -7.0697
v  -4.4007 -3.7151 -7.0679
v  -4.3826 -3.7296 -7.0582
v  -4.3555 -3.7465 -6.9986
v  -4.3600 -3.7449 -6.9848
v  -4.3485 -3.7411 -7.0093
v  -4.3139 -3.7609 -6.9825
v  -4.3220 -3.7629 -6.9716
v  -4.3296 -3.7594 -6.9584
v  -4.3068 -3.7627 -6.9989
v  -4.3088 -3.7598 -6.9906
v  -4.3439 -3.7378 -7.0178
v  -4.3436 -3.7412 -7.0271
v  -4.3470 -3.7483 -7.0378
v  -4.3476 -3.7561 -7.0557
v  -4.3065 -3.7784 -7.0238
v  -4.3073 -3.7694 -7.0090
v  -4.2879 -3.7789 -6.9407
v  -4.2958 -3.7739 -6.9282
v  -4.2799 -3.7763 -6.9515
v  -4.2498 -3.7899 -6.9211
v  -4.2555 -3.7917 -6.9097
v  -4.2620 -3.7851 -6.8981
v  -4.1274 -3.8013 -6.7678
v  -4.1194 -3.8115 -6.7878
v  -4.1352 -3.7789 -6.7530
v  -4.1595 -3.7895 -6.7934
v  -4.1549 -3.8075 -6.8038
v  -4.1495 -3.8143 -6.8204
v  -4.2275 -3.7998 -6.8826
v  -4.2328 -3.7913 -6.8719
v  -4.2251 -3.8000 -6.8953
v  -4.2009 -3.8068 -6.8742
v  -4.2022 -3.8041 -6.8579
v  -4.2064 -3.7929 -6.8481
v  -4.2439 -3.7911 -6.9351
v  -4.2475 -3.7884 -6.9304
v  -4.2750 -3.7753 -6.9598
v  -4.2728 -3.7788 -6.9674
v  -4.2282 -3.7971 -6.9081
v  -4.2205 -3.7992 -6.9054
v  -4.2720 -3.7849 -6.9756
v  -4.2686 -3.7912 -6.9871
v  -4.2354 -3.7974 -6.9492
v  -4.2411 -3.7954 -6.9413
v  -4.2155 -3.8001 -6.9090
v  -4.2088 -3.7992 -6.9135
v  -4.1920 -3.8012 -6.8901
v  -4.1933 -3.8047 -6.8809
v  -4.1783 -3.8066 -6.8333
v  -4.1749 -3.8140 -6.8463
v  -4.1819 -3.7926 -6.8243
v  -4.3347 -3.7514 -7.0830
v  -4.3165 -3.7390 -7.1156
v  -4.2758 -3.7661 -7.0718
v  -4.2950 -3.7762 -7.0459
v  -4.2581 -3.7897 -7.0030
v  -4.2447 -3.7797 -7.0139
v  -4.2150 -3.7832 -6.9633
v  -4.2257 -3.7935 -6.9571
v  -4.2308 -3.7638 -7.0132
v  -4.2060 -3.7669 -6.9663
v  -4.2415 -3.7628 -7.0574
v  -4.2244 -3.7514 -7.0459
v  -4.2172 -3.7455 -7.0142
v  -4.1938 -3.7489 -6.9739
v  -4.1488 -3.7937 -6.8608
v  -4.1454 -3.8059 -6.8364
v  -4.1706 -3.8077 -6.8595
v  -4.1759 -3.7992 -6.8785
v  -4.1967 -3.7945 -6.9130
v  -4.1844 -3.7850 -6.9115
v  -4.0770 -3.8089 -6.7752
v  -4.0432 -3.8015 -6.7492
v  -4.0321 -3.7984 -6.7666
v  -4.0689 -3.8047 -6.7993
v  -4.1225 -3.7761 -6.8832
v  -4.1384 -3.7840 -6.8726
v  -4.1735 -3.7727 -6.9159
v  -4.1588 -3.7613 -6.9290
v  -4.1128 -3.8072 -6.8064
v  -4.1094 -3.8007 -6.8239
v  -4.1117 -3.7936 -6.8416
v  -4.0927 -3.7913 -6.8423
v  -4.2846 -3.8920 -6.0656
v  -4.3024 -3.9517 -6.0727
v  -4.2591 -3.9506 -6.0350
v  -4.2435 -3.8952 -6.0342
v  -4.2127 -3.9468 -5.9990
v  -4.2004 -3.8981 -6.0016
v  -4.1747 -3.9427 -5.9623
v  -4.1661 -3.9002 -5.9652
v  -4.1428 -3.9406 -5.9281
v  -4.1368 -3.9023 -5.9308
v  -4.0891 -3.9065 -5.8755
v  -4.1118 -3.9047 -5.9005
v  -4.1181 -3.9424 -5.8976
v  -4.0964 -3.9449 -5.8723
v  -4.0773 -3.9451 -5.8504
v  -4.0696 -3.9064 -5.8546
v  -4.0596 -3.9439 -5.8310
v  -4.0521 -3.9050 -5.8361
v  -4.0423 -3.9416 -5.8137
v  -4.0351 -3.9030 -5.8185
v  -4.0254 -3.9388 -5.7962
v  -4.0175 -3.9004 -5.8012
v  -4.0087 -3.9357 -5.7767
v  -3.9994 -3.8971 -5.7821
v  -3.9897 -3.9312 -5.7555
v  -3.9804 -3.8919 -5.7607
v  -3.9704 -3.9243 -5.7295
v  -3.9608 -3.8836 -5.7358
v  -3.9499 -3.9138 -5.6980
v  -3.9381 -3.8713 -5.7081
v  -3.9264 -3.8992 -5.6598
v  -3.9136 -3.8535 -5.6756
v  -3.9016 -3.8870 -5.6162
v  -3.8854 -3.8273 -5.6352
v  -3.8489 -3.8364 -5.5254
v  -3.8652 -3.8317 -5.5780
v  -3.8800 -3.8831 -5.5673
v  -3.8616 -3.8853 -5.5166
v  -3.8720 -3.7790 -5.6228
v  -3.8579 -3.7875 -5.5779
v  -3.8481 -3.7485 -5.5772
v  -3.8598 -3.7415 -5.6192
v  -3.8424 -3.7942 -5.5274
v  -3.8328 -3.7562 -5.5297
v  -4.1965 -3.8405 -6.0211
v  -4.2314 -3.8334 -6.0551
v  -4.2335 -3.8596 -6.0455
v  -4.1922 -3.8671 -6.0142
v  -4.2732 -3.8514 -6.0725
v  -4.2659 -3.8240 -6.0824
v  -4.1326 -3.8472 -5.9481
v  -4.1632 -3.8448 -5.9843
v  -4.1580 -3.8719 -5.9778
v  -4.1284 -3.8752 -5.9423
v  -4.0843 -3.8487 -5.8875
v  -4.1066 -3.8487 -5.9151
v  -4.1031 -3.8776 -5.9106
v  -4.0799 -3.8787 -5.8849
v  -4.0500 -3.8448 -5.8488
v  -4.0663 -3.8470 -5.8663
v  -4.0614 -3.8778 -5.8638
v  -4.0452 -3.8760 -5.8452
v  -4.0144 -3.8414 -5.8159
v  -4.0328 -3.8434 -5.8324
v  -4.0285 -3.8742 -5.8278
v  -4.0107 -3.8719 -5.8105
v  -3.9764 -3.8326 -5.7775
v  -3.9952 -3.8383 -5.7976
v  -3.9916 -3.8687 -5.7918
v  -3.9721 -3.8631 -5.7711
v  -3.9513 -3.8541 -5.7492
v  -3.9590 -3.8231 -5.7560
v  -3.9286 -3.8412 -5.7261
v  -3.9425 -3.8095 -5.7333
v  -3.8895 -3.7975 -5.6748
v  -3.9026 -3.7685 -5.6964
v  -3.9232 -3.7914 -5.7122
v  -3.9070 -3.8232 -5.6996
v  -3.8749 -3.7653 -5.6614
v  -3.8836 -3.7403 -5.6882
v  -3.8580 -3.7340 -5.6588
v  -3.8634 -3.7121 -5.6874
v  -4.2337 -3.8101 -6.0576
v  -4.2629 -3.8039 -6.0811
v  -4.2027 -3.8135 -6.0265
v  -4.2117 -3.7870 -6.0301
v  -4.2395 -3.7898 -6.0589
v  -4.2588 -3.7914 -6.0753
v  -4.1718 -3.8143 -5.9900
v  -4.1428 -3.8134 -5.9525
v  -4.1572 -3.7780 -5.9549
v  -4.1833 -3.7827 -5.9938
v  -4.1170 -3.8120 -5.9188
v  -4.0943 -3.8096 -5.8911
v  -4.1111 -3.7680 -5.8916
v  -4.1330 -3.7733 -5.9200
v  -4.0760 -3.8064 -5.8709
v  -4.0593 -3.8037 -5.8550
v  -4.0780 -3.7613 -5.8539
v  -4.0942 -3.7638 -5.8703
v  -4.2458 -3.7455 -6.0238
v  -4.2709 -3.7592 -6.0556
v  -4.2524 -3.7714 -6.0597
v  -4.2261 -3.7622 -6.0301
v  -4.2744 -3.7819 -6.0812
v  -4.2932 -3.7721 -6.0817
v  -4.2229 -3.7341 -5.9843
v  -4.2010 -3.7537 -5.9922
v  -4.1783 -3.7469 -5.9512
v  -4.2020 -3.7259 -5.9421
v  -4.1809 -3.7172 -5.9035
v  -4.1563 -3.7398 -5.9144
v  -4.1347 -3.7319 -5.8852
v  -4.1591 -3.7058 -5.8738
v  -4.4279 -3.7445 -6.1251
v  -4.4214 -3.7531 -6.1263
v  -4.3991 -3.7406 -6.0935
v  -4.4042 -3.7327 -6.0925
v  -4.4101 -3.7603 -6.1280
v  -4.3898 -3.7485 -6.0952
v  -4.3762 -3.7298 -6.0607
v  -4.3685 -3.7400 -6.0628
v  -4.3805 -3.7208 -6.0598
v  -4.3520 -3.7207 -6.0195
v  -4.3571 -3.7095 -6.0182
v  -4.3437 -3.7326 -6.0233
v  -4.3195 -3.7261 -5.9780
v  -4.3301 -3.7137 -5.9714
v  -4.3365 -3.6999 -5.9692
v  -4.3119 -3.7068 -5.9190
v  -4.3187 -3.6921 -5.9156
v  -4.2999 -3.7194 -5.9287
v  -4.2809 -3.7106 -5.8799
v  -4.2950 -3.7003 -5.8673
v  -4.3042 -3.6857 -5.8621
v  -4.2728 -3.6888 -5.8237
v  -4.2831 -3.6759 -5.8180
v  -4.2588 -3.6978 -5.8364
v  -4.2341 -3.6796 -5.8030
v  -4.2462 -3.6719 -5.7916
v  -4.2548 -3.6616 -5.7866
v  -4.2179 -3.6547 -5.7702
v  -4.2247 -3.6458 -5.7660
v  -4.2080 -3.6624 -5.7808
v  -4.1814 -3.6478 -5.7648
v  -4.1898 -3.6390 -5.7551
v  -4.1955 -3.6304 -5.7517
v  -4.1632 -3.6250 -5.7437
v  -4.1685 -3.6161 -5.7414
v  -4.1552 -3.6351 -5.7521
v  -4.1300 -3.6240 -5.7408
v  -4.1382 -3.6127 -5.7331
v  -4.1440 -3.6031 -5.7311
v  -4.1216 -3.5913 -5.7193
v  -4.1151 -3.6014 -5.7219
v  -4.0936 -3.5905 -5.7095
v  -4.1007 -3.5802 -5.7065
v  -4.1064 -3.6132 -5.7300
v  -4.0845 -3.6020 -5.7186
v  -4.0732 -3.5794 -5.6956
v  -4.0803 -3.5696 -5.6924
v  -4.0641 -3.5905 -5.7045
v  -4.0423 -3.5795 -5.6886
v  -4.0515 -3.5681 -5.6802
v  -4.0587 -3.5583 -5.6770
v  -4.0039 -3.5295 -5.6490
v  -4.0331 -3.5449 -5.6614
v  -4.0255 -3.5556 -5.6647
v  -3.9963 -3.5408 -5.6528
v  -4.0161 -3.5677 -5.6730
v  -3.9875 -3.5527 -5.6617
v  -3.9658 -3.5239 -5.6463
v  -3.9723 -3.5126 -5.6422
v  -3.9588 -3.5359 -5.6554
v  -3.9293 -3.5182 -5.6506
v  -3.9346 -3.5060 -5.6416
v  -3.9399 -3.4949 -5.6387
v  -4.3311 -3.7593 -6.0728
v  -4.3064 -3.7492 -6.0402
v  -4.3264 -3.7420 -6.0311
v  -4.3517 -3.7504 -6.0673
v  -4.2817 -3.7387 -6.0021
v  -4.3015 -3.7336 -5.9895
v  -4.2642 -3.7428 -6.0129
v  -4.2428 -3.7328 -5.9713
v  -4.2608 -3.7305 -5.9581
v  -4.2223 -3.7241 -5.9279
v  -4.2408 -3.7225 -5.9130
v  -4.2617 -3.7181 -5.8960
v  -4.2811 -3.7265 -5.9429
v  -4.2007 -3.7120 -5.8884
v  -4.2190 -3.7116 -5.8712
v  -4.1790 -3.6970 -5.8575
v  -4.1967 -3.6952 -5.8387
v  -4.2165 -3.6881 -5.8197
v  -4.2399 -3.7061 -5.8529
v  -4.1514 -3.6707 -5.8027
v  -4.1676 -3.6593 -5.7822
v  -4.1924 -3.6719 -5.7979
v  -4.1744 -3.6815 -5.8176
v  -4.1423 -3.6485 -5.7691
v  -4.1175 -3.6379 -5.7585
v  -4.1276 -3.6607 -5.7907
v  -4.1040 -3.6503 -5.7808
v  -4.0598 -3.6270 -5.7617
v  -4.0723 -3.6155 -5.7378
v  -4.0942 -3.6265 -5.7489
v  -4.0814 -3.6389 -5.7719
v  -4.0178 -3.6023 -5.7317
v  -4.0301 -3.5938 -5.7065
v  -4.0518 -3.6046 -5.7230
v  -4.0392 -3.6146 -5.7480
v  -3.9677 -3.5769 -5.7002
v  -3.9771 -3.5664 -5.6783
v  -4.0045 -3.5818 -5.6900
v  -3.9933 -3.5902 -5.7142
v  -4.3308 -3.7757 -6.1027
v  -4.3479 -3.7839 -6.1264
v  -4.3284 -3.8034 -6.1248
v  -4.3121 -3.7666 -6.0777
v  -4.3089 -3.7842 -6.1027
v  -4.3519 -3.7669 -6.1004
v  -4.3704 -3.7753 -6.1287
v  -4.3728 -3.7576 -6.0976
v  -4.3920 -3.7674 -6.1292
v  -4.2887 -3.7552 -6.0479
v  -4.2454 -3.9392 -6.3455
v  -4.2540 -3.9545 -6.3485
v  -4.2277 -3.9492 -6.3337
v  -4.2336 -3.9690 -6.3359
v  -4.2080 -3.9536 -6.3214
v  -4.2076 -3.9712 -6.3203
v  -4.2946 -3.9548 -6.3844
v  -4.2810 -3.9431 -6.3823
v  -4.2743 -3.9536 -6.3696
v  -4.2853 -3.9637 -6.3727
v  -4.2090 -4.0009 -6.3130
v  -4.2275 -4.0016 -6.3371
v  -4.2289 -3.9875 -6.3334
v  -4.2087 -3.9864 -6.3156
v  -4.2530 -3.9906 -6.3616
v  -4.2691 -3.9773 -6.3676
v  -4.2615 -3.9672 -6.3576
v  -4.2468 -3.9803 -6.3507
v  -4.2390 -3.9896 -6.3466
v  -4.2408 -3.9994 -6.3528
v  -4.3068 -3.9596 -6.3852
v  -4.2948 -3.9707 -6.3759
v  -4.3035 -3.9775 -6.3801
v  -4.3171 -3.9652 -6.3873
v  -4.2085 -4.0149 -6.3146
v  -4.2283 -4.0141 -6.3394
v  -4.2101 -4.0298 -6.3155
v  -4.2320 -4.0267 -6.3398
v  -4.2672 -4.0093 -6.3695
v  -4.2856 -3.9934 -6.3770
v  -4.2774 -3.9852 -6.3727
v  -4.2597 -3.9999 -6.3671
v  -4.2446 -4.0093 -6.3559
v  -4.2505 -4.0201 -6.3570
v  -4.2148 -4.0475 -6.3128
v  -4.2292 -4.0678 -6.3021
v  -4.2393 -4.0417 -6.3379
v  -4.2571 -4.0573 -6.3286
v  -4.3274 -3.9973 -6.3860
v  -4.3361 -3.9828 -6.3937
v  -4.3251 -3.9743 -6.3916
v  -4.3126 -3.9869 -6.3838
v  -4.2957 -4.0038 -6.3788
v  -4.2774 -4.0203 -6.3691
v  -4.2955 -4.0328 -6.3645
v  -4.3131 -4.0156 -6.3774
v  -4.2597 -4.0325 -6.3558
v  -4.2780 -4.0460 -6.3486
v  -4.3575 -3.9884 -6.3892
v  -4.3766 -3.9828 -6.3796
v  -4.3564 -4.0068 -6.3792
v  -4.3899 -3.9940 -6.3565
v  -4.3979 -3.9675 -6.3575
v  -4.3845 -3.9739 -6.3749
v  -4.2613 -4.0836 -6.2766
v  -4.2915 -4.0713 -6.3075
v  -4.2971 -4.0814 -6.2392
v  -4.3310 -4.0698 -6.2728
v  -4.3610 -4.0290 -6.3119
v  -4.3812 -4.0175 -6.3332
v  -4.3467 -4.0268 -6.3653
v  -4.3299 -4.0436 -6.3474
v  -4.3127 -4.0574 -6.3296
v  -4.3490 -4.0492 -6.2949
v  -4.4158 -3.9407 -6.3200
v  -4.4188 -3.9659 -6.3073
v  -4.4266 -3.9274 -6.2610
v  -4.4205 -3.9078 -6.2769
v  -4.3764 -3.9953 -6.1769
v  -4.3628 -4.0428 -6.2258
v  -4.3283 -4.0558 -6.1914
v  -4.3448 -4.0076 -6.1436
v  -4.4079 -3.9881 -6.2874
v  -4.4187 -3.9462 -6.2408
v  -4.3835 -3.9987 -6.2689
v  -4.3977 -3.9590 -6.2234
v  -4.3765 -4.0205 -6.2505
v  -4.3883 -3.9766 -6.2036
v  -4.4131 -3.8391 -6.2678
v  -4.4060 -3.8530 -6.2559
v  -4.3982 -3.8349 -6.2107
v  -4.4020 -3.8111 -6.2055
v  -4.4083 -3.8667 -6.2487
v  -4.4060 -3.8576 -6.2145
v  -4.3472 -3.8834 -6.1123
v  -4.3693 -3.9393 -6.1343
v  -4.3412 -3.9476 -6.1049
v  -4.3211 -3.8877 -6.0892
v  -4.4159 -3.8847 -6.2492
v  -4.4192 -3.8898 -6.2292
v  -4.3791 -3.8298 -6.1702
v  -4.3675 -3.8065 -6.1643
v  -4.3976 -3.8601 -6.1798
v  -4.3819 -3.8693 -6.1518
v  -4.3586 -3.8349 -6.1403
v  -4.3889 -3.7885 -6.1634
v  -4.3662 -3.7917 -6.1528
v  -4.3053 -3.8442 -6.0949
v  -4.3305 -3.8416 -6.1128
v  -4.2944 -3.8143 -6.1031
v  -4.3658 -3.8793 -6.1325
v  -4.3490 -3.8472 -6.1254
v  -4.2866 -3.7944 -6.0965
v  -4.3847 -3.9270 -6.1598
v  -4.3986 -3.9140 -6.1810
v  -4.4144 -3.9014 -6.2034
v  -4.4110 -3.7817 -6.1693
v  -4.4230 -3.7979 -6.2210
v  -4.4299 -3.7734 -6.1711
v  -4.4448 -3.7834 -6.2307
v  -4.4417 -3.7653 -6.1691
v  -4.4491 -3.7549 -6.1671
v  -4.4624 -3.7603 -6.2124
v  -4.4558 -3.7703 -6.2154
v  -4.5157 -3.8851 -6.5424
v  -4.4970 -3.8779 -6.5206
v  -4.5174 -3.8582 -6.5097
v  -4.5352 -3.8640 -6.5359
v  -4.4828 -3.8726 -6.4964
v  -4.5040 -3.8521 -6.4827
v  -4.4717 -3.8683 -6.4720
v  -4.4953 -3.8448 -6.4555
v  -4.4602 -3.8677 -6.4465
v  -4.4899 -3.8369 -6.4205
v  -4.4353 -3.8878 -6.3946
v  -4.4474 -3.8755 -6.4193
v  -4.4709 -3.8455 -6.3867
v  -4.4562 -3.8504 -6.3453
v  -4.4250 -3.9002 -6.3762
v  -4.4362 -3.8663 -6.3304
v  -4.4279 -3.8248 -6.2797
v  -4.4443 -3.8111 -6.2896
v  -4.5165 -3.8107 -6.3685
v  -4.5044 -3.8216 -6.3882
v  -4.4878 -3.8222 -6.3580
v  -4.5033 -3.8108 -6.3336
v  -4.4696 -3.8152 -6.3238
v  -4.4849 -3.7999 -6.2966
v  -4.4579 -3.8016 -6.2932
v  -4.4661 -3.7875 -6.2656
v  -4.5161 -3.7878 -6.2679
v  -4.5010 -3.7959 -6.2772
v  -4.4777 -3.7808 -6.2480
v  -4.4876 -3.7733 -6.2413
v  -4.5165 -3.8026 -6.3187
v  -4.5270 -3.7919 -6.3132
v  -4.5333 -3.7943 -6.3556
v  -4.5270 -3.8017 -6.3582
v  -4.3086 -3.6982 -7.2166
v  -4.3258 -3.7022 -7.1831
v  -4.3457 -3.6855 -7.2012
v  -4.3315 -3.6840 -7.2367
v  -4.3622 -3.6726 -7.2097
v  -4.3504 -3.6648 -7.2465
v  -4.2509 -3.7251 -7.1619
v  -4.2656 -3.7479 -7.1261
v  -4.2980 -3.7264 -7.1558
v  -4.2814 -3.7138 -7.1919
v  -4.2343 -3.7523 -7.0982
v  -4.2239 -3.7258 -7.1252
v  -4.2065 -3.7194 -7.0844
v  -4.2146 -3.7425 -7.0665
v  -4.2006 -3.7314 -7.0305
v  -4.1877 -3.7144 -7.0466
v  -4.1571 -3.7207 -7.0129
v  -4.1753 -3.7355 -6.9935
v  -4.1393 -3.7498 -6.9505
v  -4.1190 -3.7382 -6.9733
v  -4.0799 -3.7585 -6.9298
v  -4.1019 -3.7662 -6.9043
v  -4.0706 -3.7843 -6.8601
v  -4.0488 -3.7707 -6.8832
v  -4.0255 -3.7732 -6.8381
v  -4.0425 -3.7941 -6.8195
v  -4.0177 -3.7874 -6.7853
v  -4.0045 -3.7697 -6.8019
v  -3.9796 -3.7679 -6.7763
v  -3.9909 -3.7802 -6.7600
v  -3.9515 -3.7688 -6.7590
v  -3.9612 -3.7769 -6.7413
v  -3.9296 -3.7752 -6.7266
v  -3.9214 -3.7688 -6.7456
v  -3.8961 -3.7746 -6.7141
v  -3.8584 -3.7722 -6.7012
v  -3.8887 -3.7673 -6.7335
v  -3.8516 -3.7634 -6.7211
v  -3.8143 -3.7644 -6.6854
v  -3.8086 -3.7560 -6.7063
v  -3.7660 -3.7488 -6.6673
v  -3.7597 -3.7432 -6.6895
v  -3.7156 -3.7233 -6.6475
v  -3.6628 -3.6900 -6.6233
v  -3.7062 -3.7216 -6.6686
v  -3.6525 -3.6903 -6.6387
v  -4.1431 -3.6961 -7.0216
v  -4.1034 -3.7141 -6.9853
v  -4.1009 -3.6787 -6.9796
v  -4.1396 -3.6621 -7.0156
v  -4.0665 -3.6984 -6.9394
v  -4.0675 -3.7329 -6.9409
v  -4.0403 -3.7427 -6.8936
v  -4.0385 -3.7091 -6.8973
v  -4.0141 -3.7138 -6.8576
v  -4.0178 -3.7466 -6.8498
v  -3.9959 -3.7467 -6.8143
v  -3.9907 -3.7154 -6.8235
v  -3.9659 -3.7159 -6.7969
v  -3.9714 -3.7467 -6.7882
v  -3.9454 -3.7470 -6.7696
v  -3.9408 -3.7163 -6.7776
v  -3.9169 -3.7464 -6.7559
v  -3.9140 -3.7150 -6.7635
v  -3.8851 -3.7436 -6.7453
v  -3.8496 -3.7379 -6.7340
v  -3.8844 -3.7106 -6.7534
v  -3.8524 -3.7031 -6.7406
v  -3.8087 -3.7295 -6.7208
v  -3.7621 -3.7156 -6.7048
v  -3.8169 -3.6931 -6.7229
v  -3.7762 -3.6791 -6.7003
v  -3.7092 -3.6939 -6.6847
v  -3.6524 -3.6688 -6.6561
v  -3.7270 -3.6588 -6.6754
v  -3.6692 -3.6364 -6.6487
v  -3.6959 -3.7480 -6.2941
v  -3.6629 -3.7284 -6.2523
v  -3.6798 -3.7196 -6.2452
v  -3.7136 -3.7355 -6.2866
v  -3.5861 -3.6841 -6.2733
v  -3.5911 -3.7009 -6.2581
v  -3.5875 -3.6648 -6.2843
v  -3.5760 -3.6627 -6.2617
v  -3.5719 -3.6744 -6.2459
v  -3.5772 -3.6888 -6.2309
v  -3.6072 -3.7079 -6.2176
v  -3.6206 -3.7163 -6.2328
v  -3.6043 -3.7119 -6.2444
v  -3.5910 -3.7005 -6.2200
v  -3.7417 -3.7226 -6.2727
v  -3.7265 -3.7229 -6.2812
v  -3.6933 -3.7110 -6.2394
v  -3.7089 -3.7009 -6.2288
v  -3.6282 -3.6902 -6.1970
v  -3.6530 -3.7073 -6.2127
v  -3.6363 -3.7148 -6.2219
v  -3.6136 -3.7016 -6.2050
v  -3.5876 -3.6574 -6.2047
v  -3.6045 -3.6734 -6.1944
v  -3.5914 -3.6888 -6.2012
v  -3.5725 -3.6747 -6.2095
v  -3.5669 -3.6593 -6.2293
v  -3.5779 -3.6497 -6.2542
v  -3.5833 -3.6449 -6.2276
v  -3.5890 -3.6405 -6.2510
v  -3.6966 -3.6423 -6.4665
v  -3.6761 -3.6411 -6.4215
v  -3.7074 -3.6401 -6.5052
v  -3.6910 -3.6117 -6.4941
v  -3.7000 -3.6124 -6.4569
v  -3.6871 -3.6117 -6.4128
v  -3.6823 -3.6415 -6.5338
v  -3.6541 -3.6124 -6.5158
v  -3.6504 -3.6460 -6.5527
v  -3.6117 -3.6195 -6.5245
v  -3.6299 -3.6518 -6.5667
v  -3.5836 -3.6297 -6.5315
v  -3.6158 -3.6547 -6.5798
v  -3.5641 -3.6353 -6.5427
v  -3.6044 -3.6550 -6.5915
v  -3.5486 -3.6349 -6.5576
v  -3.5957 -3.6544 -6.6012
v  -3.5371 -3.6321 -6.5729
v  -3.6025 -3.6161 -6.6197
v  -3.5902 -3.6427 -6.6191
v  -3.5444 -3.5982 -6.5957
v  -3.5329 -3.6199 -6.5907
v  -3.4985 -3.5992 -6.5706
v  -3.4971 -3.6156 -6.5512
v  -3.5139 -3.5818 -6.5786
v  -3.5083 -3.5641 -6.5635
v  -3.4899 -3.5793 -6.5491
v  -3.4838 -3.5976 -6.5377
v  -3.5105 -3.6195 -6.5297
v  -3.5303 -3.6166 -6.5111
v  -3.4945 -3.5915 -6.5188
v  -3.5161 -3.5843 -6.5025
v  -3.5003 -3.5679 -6.5303
v  -3.5192 -3.5606 -6.5178
v  -3.5163 -3.5528 -6.5465
v  -3.5264 -3.5493 -6.5334
v  -3.5548 -3.6083 -6.5014
v  -3.5420 -3.5773 -6.4943
v  -3.5798 -3.5715 -6.4984
v  -3.5890 -3.5970 -6.5007
v  -3.5302 -3.5692 -6.5839
v  -3.5327 -3.5539 -6.5762
v  -3.5600 -3.5746 -6.5981
v  -3.5709 -3.5489 -6.5937
v  -3.5430 -3.5538 -6.5128
v  -3.5795 -3.5482 -6.5134
v  -3.5459 -3.5419 -6.5368
v  -3.5818 -3.5345 -6.5413
v  -3.5402 -3.5424 -6.5588
v  -3.5787 -3.5340 -6.5707
v  -4.0037 -3.7791 -6.0596
v  -3.9909 -3.7476 -6.0763
v  -3.9678 -3.7469 -6.0392
v  -3.9804 -3.7753 -6.0212
v  -3.9191 -3.8529 -5.9768
v  -3.9400 -3.8119 -5.9790
v  -3.9077 -3.8077 -5.9507
v  -3.8850 -3.8465 -5.9457
v  -3.8569 -3.7995 -5.8977
v  -3.8319 -3.8365 -5.8835
v  -3.8586 -3.8414 -5.9162
v  -3.8831 -3.8038 -5.9255
v  -3.9344 -3.7380 -6.0906
v  -3.9717 -3.7252 -6.0875
v  -3.9499 -3.7294 -6.0498
v  -3.9158 -3.7419 -6.0543
v  -3.9455 -3.7761 -5.9913
v  -3.9377 -3.7519 -6.0072
v  -3.9091 -3.7539 -5.9772
v  -3.9144 -3.7757 -5.9633
v  -3.8899 -3.7730 -5.9390
v  -3.8850 -3.7511 -5.9514
v  -3.8586 -3.7457 -5.9244
v  -3.8652 -3.7679 -5.9112
v  -3.8923 -3.7518 -6.0222
v  -3.9225 -3.7401 -6.0175
v  -3.8940 -3.7486 -5.9884
v  -3.8657 -3.7560 -5.9927
v  -3.8815 -3.7763 -6.0787
v  -3.8616 -3.7732 -6.0435
v  -3.8174 -3.7919 -6.0772
v  -3.7978 -3.7801 -6.0407
v  -3.8678 -3.7487 -5.9623
v  -3.8418 -3.7392 -5.9348
v  -3.8399 -3.7564 -5.9652
v  -3.8148 -3.7439 -5.9379
v  -3.7658 -3.7708 -6.1004
v  -3.7814 -3.7875 -6.0873
v  -3.7621 -3.7711 -6.0498
v  -3.7444 -3.7556 -6.0625
v  -3.8387 -3.7705 -6.0150
v  -3.8159 -3.7647 -5.9883
v  -3.7795 -3.7693 -6.0120
v  -3.7634 -3.7592 -5.9863
v  -3.7951 -3.7574 -5.9616
v  -3.7766 -3.7441 -5.9345
v  -3.7494 -3.7490 -5.9604
v  -3.7384 -3.7349 -5.9335
v  -3.7855 -3.7146 -6.1076
v  -3.7713 -3.7423 -6.1075
v  -3.7465 -3.7284 -6.0716
v  -3.7572 -3.7016 -6.0728
v  -3.7449 -3.7582 -6.0199
v  -3.7302 -3.7479 -5.9935
v  -3.7253 -3.7443 -6.0317
v  -3.7081 -3.7354 -6.0039
v  -3.6972 -3.7249 -5.9739
v  -3.7189 -3.7372 -5.9663
v  -3.7124 -3.7223 -5.9382
v  -3.6944 -3.7089 -5.9433
v  -3.7867 -3.6892 -6.1103
v  -3.7492 -3.6819 -6.0779
v  -3.7659 -3.6737 -6.1206
v  -3.7279 -3.6655 -6.0865
v  -3.7212 -3.7210 -6.0417
v  -3.7269 -3.6972 -6.0434
v  -3.7023 -3.6939 -6.0131
v  -3.6995 -3.7157 -6.0122
v  -3.6878 -3.7073 -5.9788
v  -3.6862 -3.6921 -5.9452
v  -3.6853 -3.6878 -5.9804
v  -3.6762 -3.6748 -5.9453
v  -3.7140 -3.6811 -6.0491
v  -3.6870 -3.6776 -6.0175
v  -3.6922 -3.6633 -6.0565
v  -3.6625 -3.6594 -6.0256
v  -3.6676 -3.6715 -5.9836
v  -3.6518 -3.6626 -5.9460
v  -3.6403 -3.6527 -5.9914
v  -3.6206 -3.6437 -5.9513
v  -4.4416 -3.9699 -6.6804
v  -4.4394 -3.9674 -6.7009
v  -4.4431 -3.9683 -6.6643
v  -4.4649 -3.9664 -6.6815
v  -4.4672 -3.9629 -6.6995
v  -4.4745 -3.9502 -6.7283
v  -4.4658 -3.9672 -6.6696
v  -4.4475 -3.9628 -6.6558
v  -4.4528 -3.9576 -6.6497
v  -4.4681 -3.9654 -6.6605
v  -4.4751 -3.9763 -6.6766
v  -4.4758 -3.9741 -6.6906
v  -4.4762 -3.9755 -6.6651
v  -4.4857 -3.9814 -6.6687
v  -4.4850 -3.9824 -6.6804
v  -4.4861 -3.9809 -6.6952
v  -4.4567 -3.9539 -6.6399
v  -4.4584 -3.9496 -6.6296
v  -4.4723 -3.9515 -6.6377
v  -4.4702 -3.9604 -6.6500
v  -4.4569 -3.9470 -6.6210
v  -4.4624 -3.9460 -6.6205
v  -4.4780 -3.9711 -6.6541
v  -4.4813 -3.9658 -6.6435
v  -4.4909 -3.9745 -6.6485
v  -4.4874 -3.9786 -6.6584
v  -4.4872 -3.9483 -6.6148
v  -4.4792 -3.9500 -6.6270
v  -4.4674 -3.9471 -6.6141
v  -4.4745 -3.9478 -6.6031
v  -4.4874 -3.9611 -6.6326
v  -4.4971 -3.9565 -6.6208
v  -4.5074 -3.9634 -6.6276
v  -4.4972 -3.9694 -6.6383
v  -4.4854 -3.9423 -6.5899
v  -4.5000 -3.9430 -6.6011
v  -4.4968 -3.9341 -6.5773
v  -4.5135 -3.9354 -6.5887
v  -4.5152 -3.9832 -6.7029
v  -4.5202 -3.9784 -6.7206
v  -4.5054 -3.9790 -6.7186
v  -4.5008 -3.9837 -6.6996
v  -4.5132 -3.9699 -6.7407
v  -4.5273 -3.9695 -6.7404
v  -4.4984 -3.9673 -6.7395
v  -4.4903 -3.9762 -6.7148
v  -4.5122 -3.9837 -6.6786
v  -4.5127 -3.9847 -6.6891
v  -4.4990 -3.9846 -6.6851
v  -4.4990 -3.9835 -6.6738
v  -4.5163 -3.9789 -6.6632
v  -4.5132 -3.9818 -6.6704
v  -4.5004 -3.9814 -6.6646
v  -4.5038 -3.9784 -6.6559
v  -4.5219 -3.9747 -6.6556
v  -4.5099 -3.9740 -6.6467
v  -4.5196 -3.9678 -6.6380
v  -4.5304 -3.9690 -6.6489
v  -4.5300 -3.9723 -6.7193
v  -4.5369 -3.9648 -6.7371
v  -4.5248 -3.9771 -6.7033
v  -4.5308 -3.9683 -6.7030
v  -4.5359 -3.9637 -6.7169
v  -4.5430 -3.9571 -6.7325
v  -4.5226 -3.9792 -6.6911
v  -4.5221 -3.9792 -6.6820
v  -4.5278 -3.9706 -6.6850
v  -4.5284 -3.9705 -6.6926
v  -4.5227 -3.9777 -6.6752
v  -4.5250 -3.9750 -6.6694
v  -4.5299 -3.9665 -6.6748
v  -4.5283 -3.9693 -6.6794
v  -4.5361 -3.9651 -6.6577
v  -4.5292 -3.9706 -6.6633
v  -4.5329 -3.9622 -6.6695
v  -4.5383 -3.9569 -6.6643
v  -4.5469 -3.9592 -6.6536
v  -4.5472 -3.9511 -6.6600
v  -4.5429 -3.9624 -6.6437
v  -4.5587 -3.9572 -6.6426
v  -4.5603 -3.9538 -6.6528
v  -4.5585 -3.9450 -6.6575
v  -4.5750 -3.9486 -6.6561
v  -4.5726 -3.9394 -6.6583
v  -4.5765 -3.9539 -6.6484
v  -4.5943 -3.9505 -6.6598
v  -4.5906 -3.9437 -6.6645
v  -4.5875 -3.9342 -6.6649
v  -4.6223 -3.9407 -6.6974
v  -4.6153 -3.9325 -6.6989
v  -4.6048 -3.9387 -6.6793
v  -4.6100 -3.9466 -6.6767
v  -4.6119 -3.9220 -6.6964
v  -4.6014 -3.9289 -6.6785
v  -4.6216 -3.9222 -6.7195
v  -4.6177 -3.9119 -6.7156
v  -4.6301 -3.9300 -6.7195
v  -4.6343 -3.9160 -6.7411
v  -4.6261 -3.9089 -6.7388
v  -4.6214 -3.9002 -6.7341
v  -4.6268 -3.8955 -6.7571
v  -4.6218 -3.8866 -6.7742
v  -4.6155 -3.8827 -6.7682
v  -4.6217 -3.8889 -6.7520
v  -4.6350 -3.9019 -6.7613
v  -4.6312 -3.8900 -6.7797
v  -4.6120 -3.8853 -6.7886
v  -4.6003 -3.8903 -6.7984
v  -4.6203 -3.8844 -6.7965
v  -4.6062 -3.8887 -6.8088
v  -4.5960 -3.8892 -6.7889
v  -4.6062 -3.8838 -6.7806
v  -4.5918 -3.8997 -6.8141
v  -4.5890 -3.9003 -6.8026
v  -4.5787 -3.9166 -6.8117
v  -4.5793 -3.9149 -6.7994
v  -4.5866 -3.8985 -6.7923
v  -4.5782 -3.9109 -6.7890
v  -4.5682 -3.9306 -6.7883
v  -4.5689 -3.9246 -6.7786
v  -4.5642 -3.9337 -6.8000
v  -4.5492 -3.9479 -6.7818
v  -4.5563 -3.9447 -6.7725
v  -4.5598 -3.9380 -6.7640
v  -4.5367 -3.9591 -6.7611
v  -4.5454 -3.9554 -6.7551
v  -4.5507 -3.9485 -6.7485
v  -4.5690 -3.9279 -6.6582
v  -4.5641 -3.9148 -6.6571
v  -4.5512 -3.9214 -6.6623
v  -4.5554 -3.9339 -6.6603
v  -4.5841 -3.9224 -6.6632
v  -4.5801 -3.9089 -6.6607
v  -4.5978 -3.9170 -6.6758
v  -4.6083 -3.9102 -6.6925
v  -4.6042 -3.8971 -6.6880
v  -4.5939 -3.9034 -6.6724
v  -4.6141 -3.9005 -6.7105
v  -4.6101 -3.8882 -6.7048
v  -4.6172 -3.8901 -6.7280
v  -4.6130 -3.8787 -6.7214
v  -4.6172 -3.8808 -6.7451
v  -4.6103 -3.8769 -6.7601
v  -4.6050 -3.8692 -6.7515
v  -4.6119 -3.8714 -6.7377
v  -4.6011 -3.8792 -6.7708
v  -4.5916 -3.8851 -6.7777
v  -4.5862 -3.8786 -6.7664
v  -4.5956 -3.8720 -6.7609
v  -4.5832 -3.8937 -6.7807
v  -4.5757 -3.9049 -6.7778
v  -4.5722 -3.8979 -6.7659
v  -4.5787 -3.8875 -6.7685
v  -4.5531 -3.9384 -6.7413
v  -4.5604 -3.9287 -6.7552
v  -4.5459 -3.9464 -6.7276
v  -4.5470 -3.9338 -6.7223
v  -4.5533 -3.9265 -6.7338
v  -4.5596 -3.9181 -6.7459
v  -4.5678 -3.9169 -6.7685
v  -4.5657 -3.9082 -6.7576
v  -4.5897 -3.8885 -6.6690
v  -4.5752 -3.8940 -6.6583
v  -4.5997 -3.8829 -6.6837
v  -4.5842 -3.8733 -6.6684
v  -4.5938 -3.8680 -6.6812
v  -4.5690 -3.8779 -6.6619
v  -4.6055 -3.8748 -6.6993
v  -4.5989 -3.8620 -6.6953
v  -4.6077 -3.8664 -6.7153
v  -4.5980 -3.8558 -6.7100
v  -4.6046 -3.8612 -6.7308
v  -4.5972 -3.8610 -6.7433
v  -4.5873 -3.8539 -6.7339
v  -4.5948 -3.8530 -6.7239
v  -4.5881 -3.8646 -6.7513
v  -4.5795 -3.8717 -6.7551
v  -4.5724 -3.8649 -6.7424
v  -4.5799 -3.8583 -6.7407
v  -4.5730 -3.8810 -6.7561
v  -4.5677 -3.8909 -6.7534
v  -4.5634 -3.8823 -6.7399
v  -4.5676 -3.8742 -6.7434
v  -4.5626 -3.8995 -6.7460
v  -4.5598 -3.8898 -6.7345
v  -4.5576 -3.9072 -6.7361
v  -4.5556 -3.8943 -6.7264
v  -4.5345 -3.9580 -6.7036
v  -4.5323 -3.9607 -6.6949
v  -4.5315 -3.9611 -6.6884
v  -4.5337 -3.9536 -6.6910
v  -4.5348 -3.9508 -6.6960
v  -4.5371 -3.9467 -6.7032
v  -4.5600 -3.8562 -6.7036
v  -4.5605 -3.8705 -6.7248
v  -4.5580 -3.8778 -6.7239
v  -4.5552 -3.8776 -6.7167
v  -4.5825 -3.8494 -6.7054
v  -4.5829 -3.8487 -6.7163
v  -4.5752 -3.8504 -6.7212
v  -4.5318 -3.9591 -6.6837
v  -4.5345 -3.9492 -6.6883
v  -4.5331 -3.9555 -6.6795
v  -4.5358 -3.9437 -6.6841
v  -4.5629 -3.8646 -6.6762
v  -4.5756 -3.8623 -6.6764
v  -4.5799 -3.8561 -6.6865
v  -4.5866 -3.8534 -6.6951
v  -4.5722 -3.8545 -6.7285
v  -4.5662 -3.8591 -6.7265
v  -4.5638 -3.8669 -6.7300
v  -4.5522 -3.9139 -6.7262
v  -4.5514 -3.9002 -6.7191
v  -4.5469 -3.9205 -6.7166
v  -4.5473 -3.9044 -6.7110
v  -4.5520 -3.8845 -6.7135
v  -4.5495 -3.8841 -6.7059
v  -4.5524 -3.8858 -6.6632
v  -4.5510 -3.8728 -6.6747
v  -4.5451 -3.8783 -6.6872
v  -4.5420 -3.8995 -6.6760
v  -4.5393 -3.9530 -6.7148
v  -4.5412 -3.9408 -6.7121
v  -4.5364 -3.9414 -6.6937
v  -4.5387 -3.9347 -6.7000
v  -4.5375 -3.9327 -6.6888
v  -4.5396 -3.9223 -6.6946
v  -4.5429 -3.9124 -6.7025
v  -4.5422 -3.9275 -6.7078
v  -4.5356 -3.9510 -6.6746
v  -4.5377 -3.9379 -6.6788
v  -4.5399 -3.9458 -6.6695
v  -4.5406 -3.9325 -6.6733
v  -4.5447 -3.9281 -6.6680
v  -4.5464 -3.9400 -6.6648
v  -4.5389 -3.9243 -6.6823
v  -4.5406 -3.9098 -6.6874
v  -4.5407 -3.9186 -6.6758
v  -4.5429 -3.9178 -6.6706
v  -4.5462 -3.9094 -6.6658
v  -4.5575 -3.9006 -6.6567
v  -4.5440 -3.8942 -6.6964
v  -4.4795 -3.9694 -6.7103
v  -4.4872 -3.9604 -6.7367
v  -4.5240 -3.9585 -6.7663
v  -4.5381 -3.9469 -6.7927
v  -4.5105 -3.9553 -6.7707
v  -4.5254 -3.9426 -6.8038
v  -4.5558 -3.9320 -6.8148
v  -4.5448 -3.9260 -6.8299
v  -4.5750 -3.9138 -6.8282
v  -4.5682 -3.9065 -6.8457
v  -4.5945 -3.8955 -6.8303
v  -4.5946 -3.8865 -6.8489
v  -4.6143 -3.8837 -6.8231
v  -4.6241 -3.8703 -6.8425
v  -4.6330 -3.8807 -6.8062
v  -4.6464 -3.8735 -6.8147
v  -4.6467 -3.8927 -6.7859
v  -4.6698 -3.8917 -6.7922
v  -4.6669 -3.8514 -6.8244
v  -4.6580 -3.8633 -6.8215
v  -4.6805 -3.8774 -6.8071
v  -4.6910 -3.8648 -6.8117
v  -4.6422 -3.8558 -6.8459
v  -4.6519 -3.8423 -6.8490
v  -4.6504 -3.9059 -6.7634
v  -4.6482 -3.9184 -6.7384
v  -4.6691 -3.9070 -6.7623
v  -4.6637 -3.9176 -6.7331
v  -4.6430 -3.9310 -6.7128
v  -4.6563 -3.9297 -6.7046
v  -4.6336 -3.9423 -6.6887
v  -4.6457 -3.9407 -6.6782
v  -4.6188 -3.9490 -6.6673
v  -4.6290 -3.9473 -6.6555
v  -4.5994 -3.9520 -6.6492
v  -4.6055 -3.9485 -6.6368
v  -4.5338 -3.9600 -6.6305
v  -4.5227 -3.9559 -6.6170
v  -4.5444 -3.9477 -6.6086
v  -4.5526 -3.9544 -6.6279
v  -4.5271 -3.9411 -6.5973
v  -4.5118 -3.9500 -6.6080
v  -4.5759 -3.9528 -6.6350
v  -4.5769 -3.9478 -6.6215
v  -4.5182 -3.9130 -6.5628
v  -4.5063 -3.9259 -6.5680
v  -4.5243 -3.9280 -6.5799
v  -4.5377 -3.9173 -6.5763
v  -4.5386 -3.9321 -6.5902
v  -4.5558 -3.9363 -6.6004
v  -4.5529 -3.9231 -6.5880
v  -4.5643 -3.9286 -6.5971
v  -4.5376 -3.8931 -6.5617
v  -4.5596 -3.9031 -6.5774
v  -4.5582 -3.8744 -6.5591
v  -4.5819 -3.8890 -6.5782
v  -4.5766 -3.9141 -6.5919
v  -4.5853 -3.9256 -6.6042
v  -4.6001 -3.9039 -6.5967
v  -4.6170 -3.9203 -6.6178
v  -4.5826 -3.9373 -6.6129
v  -4.6121 -3.9376 -6.6273
v  -4.6370 -3.9384 -6.6453
v  -4.6432 -3.9260 -6.6384
v  -4.6613 -3.9241 -6.6616
v  -4.6540 -3.9327 -6.6696
v  -4.6659 -3.9223 -6.6970
v  -4.6757 -3.9173 -6.6889
v  -4.6895 -3.9108 -6.7182
v  -4.6770 -3.9127 -6.7263
v  -4.6883 -3.9053 -6.7575
v  -4.6952 -3.8938 -6.7829
v  -4.7025 -3.9000 -6.7460
v  -4.7155 -3.8795 -6.7726
v  -4.7084 -3.8745 -6.7996
v  -4.6973 -3.8843 -6.7981
v  -4.6984 -3.9097 -6.7065
v  -4.7098 -3.8975 -6.7269
v  -4.7120 -3.8987 -6.7005
v  -4.7030 -3.9086 -6.6930
v  -4.7218 -3.8853 -6.7034
v  -4.7197 -3.8832 -6.7351
v  -4.6860 -3.9182 -6.6789
v  -4.6968 -3.9145 -6.6703
v  -4.6718 -3.9231 -6.6511
v  -4.6853 -3.9211 -6.6333
v  -4.7096 -3.9027 -6.6668
v  -4.7053 -3.9054 -6.6293
v  -4.7204 -3.8870 -6.6267
v  -4.7221 -3.8867 -6.6661
v  -4.6331 -3.9050 -6.6159
v  -4.6446 -3.8988 -6.6032
v  -4.6621 -3.9177 -6.6141
v  -4.6531 -3.9185 -6.6303
v  -4.7031 -3.9037 -6.5916
v  -4.7176 -3.8866 -6.5888
v  -4.6865 -3.9166 -6.5931
v  -4.6901 -3.9100 -6.5596
v  -4.7044 -3.8996 -6.5583
v  -4.7161 -3.8867 -6.5518
v  -4.6987 -3.9022 -6.5305
v  -4.7109 -3.8960 -6.5340
v  -4.7164 -3.8860 -6.5145
v  -4.7170 -3.8913 -6.5301
v  -4.7165 -3.8912 -6.5326
v  -4.7178 -3.8925 -6.5219
v  -4.6696 -3.9038 -6.5590
v  -4.6836 -3.8963 -6.5294
v  -4.6754 -3.8815 -6.5352
v  -4.6590 -3.8798 -6.5624
v  -4.6885 -3.8723 -6.5211
v  -4.6988 -3.8784 -6.5122
v  -4.6649 -3.9130 -6.5879
v  -4.6512 -3.8911 -6.5840
v  -4.6619 -3.8671 -6.5543
v  -4.6744 -3.8724 -6.5369
v  -4.6667 -3.8604 -6.5508
v  -4.6774 -3.8693 -6.5343
v  -4.6776 -3.8712 -6.5333
v  -4.6849 -3.8738 -6.5236
v  -4.6488 -3.8581 -6.5584
v  -4.6525 -3.8524 -6.5564
v  -4.6437 -3.8648 -6.5640
v  -4.6299 -3.8582 -6.5468
v  -4.6374 -3.8532 -6.5425
v  -4.6424 -3.8475 -6.5410
v  -4.5461 -3.8291 -6.3861
v  -4.5338 -3.8153 -6.3879
v  -4.5468 -3.8071 -6.3817
v  -4.5618 -3.8272 -6.3805
v  -4.5538 -3.8037 -6.3815
v  -4.5866 -3.8225 -6.3755
v  -4.5743 -3.8463 -6.3888
v  -4.5815 -3.8405 -6.3795
v  -4.5919 -3.8400 -6.3855
v  -4.5793 -3.8454 -6.3936
v  -4.6063 -3.8328 -6.3948
v  -4.5965 -3.8410 -6.3975
v  -4.6010 -3.8303 -6.3812
v  -4.5833 -3.8455 -6.4033
v  -4.5618 -3.8441 -6.3822
v  -4.5406 -3.8423 -6.3918
v  -4.5605 -3.8504 -6.3948
v  -4.5385 -3.8546 -6.4092
v  -4.5234 -3.8297 -6.3987
v  -4.5175 -3.8422 -6.4173
v  -4.5635 -3.8500 -6.4028
v  -4.5680 -3.8495 -6.4114
v  -4.5571 -3.8527 -6.4194
v  -4.5500 -3.8543 -6.4158
v  -4.5354 -3.8614 -6.4624
v  -4.5219 -3.8553 -6.4707
v  -4.5169 -3.8502 -6.4425
v  -4.5330 -3.8588 -6.4360
v  -4.5866 -3.8464 -6.4186
v  -4.6009 -3.8425 -6.4148
v  -4.6053 -3.8439 -6.4365
v  -4.5904 -3.8473 -6.4386
v  -4.6113 -3.8349 -6.4133
v  -4.6158 -3.8366 -6.4361
v  -4.5572 -3.8554 -6.4521
v  -4.5462 -3.8590 -6.4570
v  -4.5446 -3.8574 -6.4343
v  -4.5552 -3.8544 -6.4323
v  -4.5703 -3.8503 -6.4257
v  -4.5732 -3.8510 -6.4448
v  -4.6039 -3.8488 -6.4893
v  -4.5958 -3.8477 -6.4622
v  -4.6100 -3.8445 -6.4609
v  -4.6165 -3.8457 -6.4880
v  -4.6197 -3.8378 -6.4612
v  -4.6252 -3.8399 -6.4881
v  -4.5577 -3.8583 -6.5167
v  -4.5488 -3.8572 -6.5266
v  -4.5326 -3.8572 -6.4987
v  -4.5437 -3.8610 -6.4896
v  -4.6336 -3.8436 -6.5166
v  -4.6265 -3.8492 -6.5172
v  -4.6160 -3.8524 -6.5198
v  -4.6151 -3.8922 -6.5959
v  -4.6262 -3.8816 -6.5881
v  -4.5956 -3.8771 -6.5751
v  -4.6044 -3.8671 -6.5631
v  -4.5751 -3.8553 -6.5023
v  -4.5643 -3.8577 -6.5074
v  -4.5533 -3.8588 -6.4824
v  -4.5640 -3.8553 -6.4756
v  -4.5777 -3.8595 -6.5424
v  -4.5711 -3.8629 -6.5534
v  -4.5779 -3.8583 -6.5291
v  -4.5901 -3.8581 -6.5314
v  -4.6360 -3.8734 -6.5749
v  -4.6197 -3.8637 -6.5549
v  -4.5892 -3.8520 -6.4951
v  -4.6033 -3.8558 -6.5265
v  -4.5793 -3.8512 -6.4679
v  -4.4335 -3.9590 -6.7226
v  -4.4257 -3.9434 -6.7364
v  -4.4665 -3.9342 -6.7470
v  -4.4585 -3.9198 -6.7611
v  -4.4174 -3.9248 -6.7383
v  -4.4140 -3.8995 -6.7404
v  -4.4483 -3.9031 -6.7642
v  -4.4380 -3.8901 -6.7590
v  -4.4955 -3.9286 -6.7703
v  -4.4994 -3.9458 -6.7719
v  -4.5141 -3.9295 -6.8092
v  -4.5067 -3.9121 -6.8099
v  -4.5327 -3.9114 -6.8387
v  -4.5217 -3.8937 -6.8412
v  -4.5572 -3.8922 -6.8594
v  -4.5438 -3.8734 -6.8651
v  -4.5893 -3.8712 -6.8675
v  -4.5765 -3.8507 -6.8779
v  -4.6174 -3.8539 -6.8663
v  -4.6170 -3.8224 -6.8790
v  -4.6333 -3.8466 -6.8628
v  -4.6385 -3.8344 -6.8665
v  -4.4869 -3.9149 -6.7784
v  -4.4773 -3.9001 -6.7861
v  -4.4994 -3.8966 -6.8106
v  -4.4905 -3.8801 -6.8074
v  -4.4663 -3.8818 -6.7834
v  -4.4515 -3.8677 -6.7693
v  -4.4801 -3.8606 -6.7957
v  -4.4661 -3.8415 -6.7765
v  -4.5133 -3.8764 -6.8367
v  -4.5044 -3.8586 -6.8252
v  -4.5311 -3.8543 -6.8588
v  -4.5206 -3.8363 -6.8398
v  -4.5567 -3.7903 -6.8574
v  -4.5392 -3.8141 -6.8525
v  -4.5566 -3.8305 -6.8757
v  -4.5804 -3.8027 -6.8806
v  -4.4257 -3.8626 -6.7470
v  -4.4447 -3.8247 -6.7528
v  -4.4182 -3.8100 -6.7281
v  -4.3950 -3.8598 -6.7236
v  -4.3678 -3.8529 -6.7025
v  -4.3915 -3.7985 -6.7035
v  -4.3662 -3.7895 -6.6778
v  -4.3434 -3.8446 -6.6818
v  -4.3200 -3.8373 -6.6627
v  -4.2991 -3.8305 -6.6443
v  -4.3429 -3.7825 -6.6519
v  -4.3229 -3.7771 -6.6265
v  -4.2386 -3.8065 -6.5657
v  -4.2308 -3.8057 -6.5546
v  -4.2465 -3.8089 -6.5779
v  -4.2732 -3.7556 -6.5457
v  -4.2656 -3.7542 -6.5318
v  -4.2569 -3.7552 -6.5198
v  -4.2210 -3.8063 -6.5426
v  -4.2081 -3.8082 -6.5296
v  -4.2449 -3.7570 -6.5078
v  -4.2293 -3.7575 -6.4975
v  -4.2702 -3.6470 -6.4704
v  -4.2471 -3.7013 -6.4793
v  -4.2633 -3.7049 -6.4852
v  -4.2851 -3.6549 -6.4746
v  -4.2764 -3.7068 -6.4949
v  -4.2973 -3.6613 -6.4833
v  -4.1902 -3.8094 -6.5167
v  -4.2110 -3.7555 -6.4908
v  -4.1890 -3.7535 -6.4864
v  -4.1664 -3.8098 -6.5067
v  -4.2302 -3.6963 -6.4762
v  -4.2108 -3.6913 -6.4735
v  -4.2550 -3.6388 -6.4679
v  -4.2382 -3.6297 -6.4648
v  -4.1383 -3.8133 -6.4968
v  -4.1620 -3.7546 -6.4820
v  -4.1338 -3.7555 -6.4760
v  -4.1093 -3.8165 -6.4836
v  -4.1869 -3.6873 -6.4702
v  -4.2180 -3.6189 -6.4609
v  -4.1962 -3.6071 -6.4584
v  -4.1616 -3.6829 -6.4663
v  -4.0797 -3.8133 -6.4713
v  -4.1070 -3.7519 -6.4702
v  -4.0840 -3.7446 -6.4706
v  -4.0546 -3.8053 -6.4727
v  -4.2822 -3.8241 -6.6259
v  -4.2683 -3.8184 -6.6085
v  -4.3057 -3.7723 -6.6041
v  -4.2918 -3.7670 -6.5835
v  -4.2563 -3.8129 -6.5924
v  -4.2813 -3.7606 -6.5635
v  -4.2853 -3.7075 -6.5068
v  -4.2925 -3.7094 -6.5219
v  -4.3113 -3.6681 -6.5112
v  -4.3047 -3.6650 -6.4955
v  -4.3963 -3.7088 -6.6792
v  -4.3749 -3.6982 -6.6452
v  -4.3586 -3.7371 -6.6470
v  -4.3810 -3.7455 -6.6786
v  -4.3405 -3.7312 -6.6155
v  -4.3584 -3.6905 -6.6110
v  -4.3240 -3.7255 -6.5893
v  -4.3106 -3.7199 -6.5656
v  -4.3433 -3.6832 -6.5828
v  -4.3302 -3.6768 -6.5575
v  -4.3003 -3.7139 -6.5423
v  -4.3196 -3.6719 -6.5327
v  -4.4603 -3.7951 -6.7556
v  -4.4358 -3.7729 -6.7312
v  -4.4793 -3.8185 -6.7811
v  -4.4913 -3.7991 -6.7854
v  -4.4740 -3.7760 -6.7592
v  -4.4594 -3.7412 -6.7367
v  -4.4938 -3.8394 -6.8054
v  -4.5077 -3.8189 -6.8135
v  -4.5221 -3.7994 -6.8213
v  -4.5352 -3.7796 -6.8245
v  -4.5120 -3.7681 -6.7910
v  -4.5032 -3.7842 -6.7909
v  -4.4872 -3.7694 -6.7675
v  -4.4891 -3.7565 -6.7629
v  -4.4079 -3.7568 -6.7065
v  -4.4233 -3.7226 -6.7077
v  -4.3687 -3.7128 -6.9748
v  -4.3789 -3.7239 -6.9883
v  -4.3574 -3.7340 -6.9716
v  -4.3519 -3.7211 -6.9597
v  -4.3322 -3.7462 -6.9463
v  -4.3309 -3.7301 -6.9370
v  -4.3011 -3.7593 -6.9177
v  -4.2684 -3.7695 -6.8897
v  -4.2732 -3.7507 -6.8845
v  -4.3033 -3.7413 -6.9106
v  -4.2399 -3.7743 -6.8648
v  -4.2143 -3.7749 -6.8418
v  -4.2220 -3.7543 -6.8391
v  -4.2462 -3.7547 -6.8611
v  -4.1913 -3.7730 -6.8185
v  -4.1696 -3.7652 -6.7877
v  -4.2000 -3.7507 -6.8174
v  -4.1783 -3.7387 -6.7888
v  -4.3879 -3.6941 -6.9827
v  -4.4039 -3.7022 -6.9963
v  -4.3945 -3.7139 -6.9951
v  -4.3808 -3.7039 -6.9813
v  -4.3687 -3.6837 -6.9795
v  -4.3642 -3.6936 -6.9758
v  -4.3447 -3.6856 -6.9727
v  -4.3569 -3.7026 -6.9669
v  -4.3452 -3.6951 -6.9646
v  -4.3466 -3.6716 -6.9798
v  -4.3434 -3.7089 -6.9529
v  -4.3322 -3.6970 -6.9547
v  -4.3242 -3.7151 -6.9339
v  -4.3130 -3.7003 -6.9381
v  -4.2656 -3.7147 -6.8927
v  -4.2903 -3.7073 -6.9159
v  -4.2987 -3.7243 -6.9108
v  -4.2709 -3.7327 -6.8869
v  -4.2215 -3.7179 -6.8495
v  -4.2430 -3.7182 -6.8703
v  -4.2457 -3.7364 -6.8646
v  -4.2234 -3.7357 -6.8428
v  -4.2030 -3.7135 -6.8281
v  -4.2021 -3.7316 -6.8223
v  -4.1829 -3.7184 -6.7947
v  -4.1875 -3.7008 -6.8014
v  -4.3221 -3.6806 -6.9630
v  -4.3238 -3.6599 -6.9676
v  -4.3019 -3.6794 -6.9444
v  -4.3011 -3.6484 -6.9385
v  -4.2614 -3.6711 -6.8969
v  -4.2792 -3.6639 -6.9180
v  -4.2811 -3.6855 -6.9217
v  -4.2605 -3.6933 -6.8977
v  -4.2760 -3.6361 -6.8939
v  -4.2867 -3.6413 -6.9132
v  -4.2788 -3.6518 -6.9101
v  -4.2665 -3.6529 -6.8941
v  -4.2273 -3.6753 -6.8555
v  -4.2436 -3.6752 -6.8764
v  -4.2411 -3.6975 -6.8747
v  -4.2217 -3.6977 -6.8539
v  -4.2551 -3.6260 -6.8551
v  -4.2656 -3.6312 -6.8749
v  -4.2529 -3.6529 -6.8761
v  -4.2396 -3.6510 -6.8560
v  -4.2064 -3.6932 -6.8318
v  -4.2146 -3.6711 -6.8333
v  -4.1944 -3.6822 -6.8061
v  -4.2048 -3.6623 -6.8082
v  -4.2453 -3.6214 -6.8324
v  -4.2287 -3.6468 -6.8336
v  -4.2188 -3.6400 -6.8082
v  -4.2334 -3.6157 -6.8074
v  -4.2050 -3.6281 -6.7818
v  -4.2160 -3.6072 -6.7811
v  -4.1943 -3.6471 -6.7806
v  -4.1856 -3.6334 -6.7618
v  -4.1890 -3.6166 -6.7575
v  -4.1969 -3.5976 -6.7560
v  -4.1738 -3.6764 -6.7657
v  -4.1838 -3.6624 -6.7749
v  -4.1749 -3.6371 -6.7494
v  -4.1622 -3.6448 -6.7344
v  -4.1735 -3.6120 -6.7371
v  -4.1802 -3.5892 -6.7339
v  -4.1580 -3.6120 -6.7180
v  -4.1653 -3.5817 -6.7129
v  -4.1641 -3.6915 -6.7548
v  -4.1485 -3.6551 -6.7179
v  -4.1549 -3.7129 -6.7464
v  -4.1283 -3.6768 -6.6937
v  -4.1457 -3.7462 -6.7451
v  -4.1183 -3.7321 -6.6977
v  -4.1420 -3.6140 -6.6976
v  -4.1508 -3.5747 -6.6907
v  -4.1241 -3.6184 -6.6703
v  -4.1364 -3.5678 -6.6621
v  -4.0905 -3.7404 -6.6493
v  -4.0696 -3.7597 -6.5995
v  -4.0848 -3.7071 -6.5915
v  -4.1015 -3.6894 -6.6404
v  -4.1187 -3.5611 -6.5762
v  -4.1248 -3.5629 -6.6213
v  -4.1052 -3.6261 -6.6294
v  -4.0929 -3.6354 -6.5830
v  -4.0549 -3.7748 -6.5518
v  -4.0426 -3.7841 -6.5143
v  -4.0644 -3.7261 -6.5112
v  -4.0718 -3.7183 -6.5474
v  -4.0424 -3.7948 -6.4874
v  -4.0674 -3.7346 -6.4842
v  -4.0864 -3.6421 -6.5402
v  -4.0824 -3.6470 -6.5037
v  -4.1155 -3.5620 -6.4976
v  -4.1167 -3.5613 -6.5343
v  -4.1373 -3.6760 -6.4627
v  -4.1744 -3.5952 -6.4577
v  -4.1524 -3.5832 -6.4595
v  -4.1138 -3.6668 -6.4624
v  -4.0903 -3.6549 -6.4744
v  -4.1283 -3.5699 -6.4695
v  -3.7581 -3.7332 -6.2677
v  -3.7390 -3.7076 -6.2318
v  -3.7849 -3.6981 -6.1964
v  -3.7711 -3.6721 -6.1688
v  -3.7641 -3.6790 -6.2115
v  -3.7510 -3.6475 -6.1857
v  -3.7406 -3.6509 -6.1332
v  -3.6989 -3.6427 -6.0992
v  -3.7134 -3.6314 -6.1522
v  -3.6684 -3.6244 -6.1185
v  -3.6627 -3.6386 -6.0695
v  -3.6325 -3.6333 -6.0396
v  -3.6317 -3.6184 -6.0890
v  -3.6003 -3.6110 -6.0597
v  -3.6066 -3.6267 -6.0065
v  -3.5818 -3.6192 -5.9645
v  -3.5703 -3.6032 -6.0276
v  -3.5408 -3.5959 -5.9850
v  -3.6681 -3.6949 -6.2114
v  -3.6453 -3.6746 -6.2028
v  -3.6651 -3.6547 -6.2224
v  -3.6848 -3.6731 -6.2203
v  -3.6232 -3.6592 -6.2042
v  -3.6087 -3.6457 -6.2161
v  -3.6284 -3.6373 -6.2324
v  -3.6439 -3.6437 -6.2260
v  -3.7427 -3.6666 -6.2243
v  -3.7346 -3.6307 -6.2061
v  -3.7205 -3.6554 -6.2334
v  -3.7252 -3.6152 -6.2304
v  -3.6958 -3.6180 -6.1766
v  -3.6846 -3.6071 -6.2049
v  -3.6357 -3.6052 -6.1716
v  -3.6492 -3.6126 -6.1430
v  -3.6097 -3.6052 -6.1131
v  -3.5929 -3.5955 -6.1402
v  -3.5738 -3.5965 -6.0837
v  -3.5520 -3.5856 -6.1102
v  -3.5383 -3.5872 -6.0521
v  -3.5054 -3.5783 -6.0116
v  -3.5118 -3.5751 -6.0794
v  -3.4810 -3.5603 -6.0423
v  -3.4594 -3.5023 -6.1176
v  -3.4665 -3.5356 -6.0774
v  -3.4974 -3.5541 -6.1071
v  -3.4931 -3.5207 -6.1408
v  -3.5358 -3.5698 -6.1375
v  -3.5285 -3.5399 -6.1697
v  -3.6257 -3.5899 -6.2004
v  -3.5793 -3.5808 -6.1679
v  -3.5701 -3.5545 -6.2020
v  -3.6191 -3.5639 -6.2343
v  -3.5975 -3.6444 -6.2845
v  -3.6088 -3.6340 -6.2708
v  -3.6207 -3.6403 -6.3243
v  -3.6457 -3.6224 -6.3071
v  -3.6080 -3.6350 -6.2432
v  -3.6359 -3.6282 -6.2598
v  -3.6462 -3.6388 -6.3727
v  -3.6650 -3.6253 -6.2633
v  -3.6897 -3.6277 -6.2576
v  -3.6851 -3.6081 -6.3095
v  -3.7187 -3.5873 -6.3013
v  -3.7046 -3.6387 -6.2440
v  -3.7194 -3.6020 -6.2557
v  -3.6779 -3.5917 -6.2341
v  -3.6751 -3.5687 -6.2675
v  -3.6980 -3.5930 -6.3588
v  -3.7238 -3.5721 -6.3585
v  -3.6696 -3.6139 -6.3636
v  -3.7064 -3.5876 -6.4077
v  -3.7307 -3.5659 -6.4043
v  -3.6901 -3.5867 -6.4920
v  -3.6407 -3.5874 -6.5089
v  -3.6359 -3.5706 -6.5087
v  -3.7002 -3.5591 -6.4921
v  -3.7085 -3.5872 -6.4530
v  -3.7269 -3.5641 -6.4497
v  -3.6352 -3.5454 -6.5177
v  -3.6982 -3.5363 -6.5208
v  -3.6378 -3.5304 -6.5475
v  -3.7015 -3.5281 -6.5534
v  -3.6388 -3.5315 -6.5829
v  -3.7062 -3.5335 -6.5898
v  -3.6331 -3.5490 -6.6136
v  -3.7160 -3.5548 -6.6315
v  -3.6192 -3.5837 -6.6194
v  -3.6884 -3.5989 -6.6424
v  -3.7464 -3.6196 -6.6676
v  -3.7940 -3.6397 -6.6933
v  -3.7713 -3.5789 -6.6644
v  -3.8142 -3.5983 -6.6892
v  -3.8320 -3.6531 -6.7170
v  -3.8630 -3.6623 -6.7370
v  -3.8759 -3.6191 -6.7319
v  -3.8484 -3.6108 -6.7120
v  -3.8891 -3.6691 -6.7535
v  -3.9129 -3.6737 -6.7682
v  -3.9185 -3.6292 -6.7639
v  -3.8982 -3.6253 -6.7480
v  -3.9364 -3.6753 -6.7850
v  -3.9399 -3.6307 -6.7825
v  -3.9601 -3.6751 -6.8056
v  -3.9629 -3.6306 -6.8047
v  -3.9850 -3.6742 -6.8324
v  -3.9883 -3.6301 -6.8313
v  -4.0102 -3.6721 -6.8641
v  -4.0160 -3.6292 -6.8603
v  -4.0400 -3.6679 -6.8968
v  -4.0478 -3.6281 -6.8882
v  -4.0740 -3.6589 -6.9291
v  -4.0855 -3.6231 -6.9108
v  -3.7500 -3.4943 -6.3837
v  -3.7263 -3.5383 -6.3382
v  -3.7391 -3.5474 -6.3640
v  -3.7566 -3.5368 -6.3976
v  -3.6188 -3.4720 -6.3256
v  -3.6169 -3.5212 -6.2771
v  -3.6790 -3.5272 -6.3059
v  -3.6842 -3.4785 -6.3487
v  -3.5309 -3.4457 -6.2729
v  -3.5300 -3.4919 -6.2125
v  -3.5677 -3.5099 -6.2462
v  -3.5680 -3.4617 -6.3008
v  -3.4656 -3.4148 -6.2252
v  -3.4551 -3.4640 -6.1706
v  -3.4926 -3.4766 -6.1869
v  -3.4971 -3.4302 -6.2481
v  -3.7626 -3.5377 -6.4429
v  -3.7591 -3.5336 -6.4901
v  -3.8027 -3.5074 -6.4938
v  -3.7902 -3.4984 -6.4426
v  -3.7586 -3.5261 -6.5253
v  -3.8040 -3.5097 -6.5308
v  -3.7608 -3.5239 -6.5562
v  -3.8049 -3.5124 -6.5594
v  -3.7672 -3.5293 -6.5891
v  -3.8122 -3.5189 -6.5873
v  -3.7823 -3.5410 -6.6209
v  -3.8269 -3.5291 -6.6122
v  -3.8100 -3.5539 -6.6500
v  -3.8466 -3.5377 -6.6360
v  -3.8416 -3.5657 -6.6758
v  -3.8695 -3.5453 -6.6574
v  -3.8701 -3.5753 -6.6963
v  -3.8936 -3.5513 -6.6750
v  -3.8951 -3.5823 -6.7137
v  -3.9153 -3.5544 -6.6932
v  -3.9505 -3.5570 -6.7321
v  -3.9336 -3.5561 -6.7120
v  -3.9162 -3.5879 -6.7293
v  -3.9357 -3.5914 -6.7464
v  -3.9859 -3.5567 -6.7809
v  -3.9676 -3.5567 -6.7548
v  -3.9554 -3.5926 -6.7675
v  -3.9756 -3.5926 -6.7927
v  -4.0317 -3.5627 -6.8413
v  -4.0067 -3.5584 -6.8113
v  -3.9977 -3.5923 -6.8218
v  -4.0234 -3.5930 -6.8512
v  -4.0780 -3.5739 -6.8883
v  -4.0575 -3.5682 -6.8703
v  -4.0522 -3.5948 -6.8787
v  -4.0849 -3.5935 -6.8978
v  -4.0376 -3.5361 -6.8373
v  -4.0651 -3.5465 -6.8685
v  -4.0747 -3.5275 -6.8687
v  -4.0463 -3.5131 -6.8359
v  -4.0931 -3.5614 -6.8928
v  -4.1065 -3.5438 -6.8947
v  -3.9548 -3.5114 -6.7293
v  -3.9563 -3.5286 -6.7282
v  -3.9718 -3.5246 -6.7489
v  -3.9643 -3.5004 -6.7433
v  -3.9901 -3.5226 -6.7729
v  -3.9866 -3.4830 -6.7635
v  -4.0128 -3.5275 -6.8035
v  -4.0195 -3.4996 -6.8017
v  -3.9276 -3.5038 -6.6950
v  -3.9256 -3.5277 -6.6883
v  -3.9412 -3.5291 -6.7083
v  -3.9435 -3.5071 -6.7149
v  -3.9517 -3.4885 -6.7235
v  -3.9624 -3.4709 -6.7279
v  -3.9459 -3.4630 -6.6997
v  -3.9356 -3.4828 -6.6985
v  -3.8891 -3.4942 -6.6594
v  -3.8835 -3.5199 -6.6546
v  -3.9059 -3.5248 -6.6702
v  -3.9095 -3.4997 -6.6761
v  -3.9179 -3.4764 -6.6770
v  -3.9286 -3.4543 -6.6766
v  -3.9093 -3.4444 -6.6585
v  -3.8982 -3.4690 -6.6592
v  -3.8486 -3.4800 -6.6253
v  -3.8424 -3.5055 -6.6187
v  -3.8622 -3.5134 -6.6378
v  -3.8686 -3.4877 -6.6431
v  -3.8775 -3.4605 -6.6437
v  -3.8569 -3.4513 -6.6274
v  -3.8886 -3.4336 -6.6433
v  -3.8676 -3.4226 -6.6282
v  -3.8250 -3.4964 -6.5961
v  -3.8292 -3.4710 -6.6044
v  -3.8133 -3.4618 -6.5815
v  -3.8129 -3.4881 -6.5708
v  -3.8367 -3.4415 -6.6087
v  -3.8182 -3.4316 -6.5893
v  -3.8469 -3.4121 -6.6111
v  -3.8272 -3.4019 -6.5937
v  -3.8080 -3.4813 -6.5446
v  -3.8011 -3.4533 -6.5599
v  -3.7877 -3.4437 -6.5342
v  -3.8025 -3.4730 -6.5118
v  -3.8013 -3.4223 -6.5720
v  -3.8086 -3.3924 -6.5783
v  -3.7825 -3.4126 -6.5522
v  -3.7883 -3.3819 -6.5614
v  -3.7316 -3.4185 -6.4667
v  -3.7434 -3.4483 -6.4242
v  -3.7825 -3.4612 -6.4671
v  -3.7653 -3.4322 -6.5004
v  -3.7581 -3.4015 -6.5271
v  -3.7637 -3.3692 -6.5401
v  -3.7360 -3.3546 -6.5141
v  -3.7277 -3.3875 -6.4994
v  -3.6851 -3.4365 -6.3959
v  -3.6844 -3.4028 -6.4414
v  -3.6310 -3.3893 -6.4252
v  -3.6230 -3.4285 -6.3789
v  -3.6880 -3.3705 -6.4752
v  -3.7014 -3.3366 -6.4867
v  -3.6617 -3.3157 -6.4631
v  -3.6437 -3.3522 -6.4547
v  -3.5727 -3.4177 -6.3602
v  -3.5860 -3.3727 -6.4064
v  -3.5424 -3.3577 -6.3902
v  -3.5334 -3.4032 -6.3366
v  -3.6024 -3.3333 -6.4339
v  -3.6224 -3.2953 -6.4415
v  -3.5828 -3.2745 -6.4206
v  -3.5618 -3.3143 -6.4141
v  -3.5008 -3.3859 -6.3087
v  -3.5048 -3.3424 -6.3630
v  -3.4736 -3.3258 -6.3328
v  -3.4715 -3.3688 -6.2809
v  -3.5195 -3.2952 -6.3950
v  -3.5413 -3.2526 -6.4011
v  -3.5012 -3.2314 -6.3816
v  -3.4813 -3.2797 -6.3701
v  -3.9030 -3.4890 -5.6331
v  -3.9084 -3.4781 -5.6302
v  -3.8979 -3.5001 -5.6441
v  -3.8626 -3.4821 -5.6345
v  -3.8686 -3.4728 -5.6197
v  -3.8758 -3.4607 -5.6148
v  -3.6880 -3.3923 -5.5800
v  -3.6958 -3.3806 -5.5706
v  -3.7364 -3.4019 -5.5787
v  -3.7298 -3.4127 -5.5919
v  -3.7427 -3.3901 -5.5711
v  -3.7033 -3.3684 -5.5664
v  -3.7934 -3.4171 -5.5842
v  -3.7850 -3.4286 -5.5926
v  -3.7773 -3.4375 -5.6075
v  -3.7440 -3.4678 -5.6844
v  -3.7964 -3.4919 -5.7081
v  -3.7773 -3.5051 -5.7172
v  -3.7269 -3.4810 -5.6973
v  -3.8112 -3.5333 -5.7308
v  -3.8405 -3.5273 -5.7231
v  -3.7877 -3.5476 -5.7408
v  -3.7539 -3.5236 -5.7279
v  -3.7055 -3.5003 -5.7106
v  -3.8293 -3.4534 -5.6058
v  -3.8378 -3.4406 -5.5989
v  -3.8222 -3.4624 -5.6221
v  -3.8587 -3.4896 -5.6575
v  -3.8181 -3.4682 -5.6446
v  -3.8138 -3.4745 -5.6685
v  -3.8547 -3.4981 -5.6825
v  -3.7647 -3.4513 -5.6474
v  -3.7713 -3.4445 -5.6267
v  -3.7228 -3.4224 -5.6081
v  -3.7146 -3.4312 -5.6258
v  -3.6701 -3.4137 -5.6075
v  -3.6795 -3.4035 -5.5926
v  -3.8487 -3.5090 -5.7033
v  -3.8076 -3.4826 -5.6898
v  -3.7561 -3.4589 -5.6669
v  -3.6537 -3.4793 -5.6937
v  -3.6748 -3.4612 -5.6782
v  -3.6292 -3.4448 -5.6607
v  -3.6085 -3.4617 -5.6778
v  -3.6457 -3.4327 -5.6428
v  -3.6915 -3.4488 -5.6620
v  -3.6591 -3.4231 -5.6247
v  -3.7045 -3.4396 -5.6441
v  -3.5917 -3.6157 -5.8484
v  -3.6003 -3.6310 -5.9021
v  -3.5569 -3.6085 -5.9071
v  -3.5455 -3.5948 -5.8420
v  -3.5124 -3.5869 -5.9237
v  -3.4893 -3.5712 -5.8441
v  -3.8232 -3.5655 -5.7342
v  -3.8027 -3.5739 -5.7427
v  -3.8433 -3.5691 -5.7292
v  -3.8208 -3.5971 -5.7252
v  -3.8384 -3.6042 -5.7197
v  -3.8030 -3.5999 -5.7339
v  -3.8271 -3.7346 -5.8879
v  -3.8144 -3.7217 -5.9005
v  -3.7853 -3.7051 -5.8611
v  -3.7923 -3.7174 -5.8435
v  -3.7916 -3.7219 -5.9069
v  -3.7700 -3.6991 -5.8691
v  -3.8351 -3.7597 -5.8714
v  -3.8226 -3.7947 -5.8596
v  -3.8038 -3.7541 -5.8302
v  -3.7895 -3.7897 -5.8166
v  -3.7981 -3.8312 -5.8417
v  -3.7639 -3.8249 -5.7952
v  -3.7377 -3.8165 -5.7481
v  -3.7116 -3.8512 -5.7125
v  -3.7660 -3.7848 -5.7745
v  -3.7500 -3.7798 -5.7365
v  -3.7244 -3.8071 -5.7095
v  -3.6926 -3.8360 -5.6578
v  -3.7791 -3.7514 -5.7909
v  -3.7779 -3.7180 -5.7957
v  -3.7637 -3.7192 -5.7551
v  -3.7614 -3.7493 -5.7514
v  -3.7768 -3.6860 -5.7819
v  -3.7675 -3.6931 -5.7462
v  -3.7811 -3.6770 -5.8100
v  -3.7819 -3.6425 -5.7807
v  -3.7793 -3.6580 -5.7591
v  -3.7740 -3.6721 -5.7311
v  -3.7881 -3.6160 -5.7536
v  -3.7871 -3.6369 -5.7373
v  -3.7999 -3.6249 -5.7194
v  -3.7841 -3.6564 -5.7157
v  -3.7976 -3.6487 -5.7028
v  -3.8341 -3.6351 -5.7046
v  -3.8161 -3.6251 -5.7096
v  -3.8124 -3.6520 -5.6959
v  -3.8274 -3.6653 -5.6927
v  -3.8379 -3.7076 -5.6637
v  -3.8438 -3.6868 -5.6902
v  -3.8378 -3.7119 -5.6259
v  -3.8148 -3.6926 -5.6401
v  -3.8206 -3.6879 -5.6725
v  -3.8089 -3.6754 -5.6806
v  -3.8011 -3.6834 -5.6575
v  -3.7935 -3.6781 -5.6709
v  -3.7966 -3.6687 -5.6867
v  -3.6581 -3.6460 -5.8721
v  -3.6653 -3.6595 -5.9090
v  -3.6362 -3.6484 -5.9038
v  -3.6289 -3.6328 -5.8598
v  -3.5504 -3.5175 -5.7131
v  -3.5966 -3.5421 -5.7291
v  -3.5669 -3.5626 -5.7852
v  -3.5183 -3.5478 -5.7654
v  -3.6518 -3.5711 -5.7555
v  -3.6089 -3.5961 -5.7962
v  -3.6277 -3.5052 -5.7096
v  -3.5825 -3.4854 -5.6944
v  -3.6805 -3.5301 -5.7269
v  -3.6728 -3.6222 -5.8157
v  -3.6631 -3.6318 -5.8376
v  -3.6400 -3.6160 -5.8176
v  -3.6647 -3.6053 -5.7918
v  -3.7643 -3.5749 -5.7610
v  -3.7279 -3.5537 -5.7471
v  -3.7062 -3.5867 -5.7705
v  -3.7468 -3.6135 -5.7943
v  -3.7745 -3.6664 -5.8255
v  -3.7743 -3.6267 -5.7930
v  -3.7579 -3.6605 -5.8337
v  -3.7831 -3.5960 -5.7621
v  -3.7610 -3.7229 -5.9044
v  -3.7484 -3.6953 -5.8733
v  -3.7313 -3.7142 -5.9046
v  -3.7268 -3.6892 -5.8779
v  -3.7098 -3.7022 -5.9089
v  -3.7098 -3.6817 -5.8829
v  -3.6952 -3.6876 -5.9133
v  -3.6959 -3.6688 -5.8838
v  -3.6844 -3.6715 -5.9133
v  -3.6799 -3.6567 -5.8805
v  -3.7224 -3.6644 -5.8549
v  -3.7112 -3.6658 -5.8648
v  -3.7009 -3.6541 -5.8585
v  -3.7113 -3.6434 -5.8374
v  -3.6841 -3.6435 -5.8504
v  -3.6913 -3.6294 -5.8224
v  -3.6963 -3.6113 -5.7956
v  -3.7243 -3.6315 -5.8166
v  -3.7389 -3.6623 -5.8431
v  -3.7669 -3.9891 -5.6001
v  -3.7870 -3.9884 -5.5463
v  -3.7425 -3.9829 -5.5510
v  -3.7650 -3.9855 -5.5005
v  -3.8156 -3.9723 -5.5020
v  -3.8396 -3.9375 -5.4742
v  -3.7977 -3.9729 -5.4572
v  -3.8265 -3.9430 -5.4279
v  -3.8320 -3.8570 -5.4194
v  -3.8367 -3.8446 -5.4732
v  -3.8486 -3.8914 -5.4679
v  -3.8402 -3.9015 -5.4184
v  -3.8109 -3.7854 -5.4171
v  -3.8195 -3.7684 -5.4754
v  -3.8296 -3.8046 -5.4743
v  -3.8226 -3.8194 -5.4185
v  -3.7817 -3.6809 -5.6678
v  -3.7650 -3.6872 -5.6665
v  -3.7688 -3.6810 -5.7011
v  -3.7825 -3.6711 -5.6934
v  -3.7363 -3.7186 -5.6737
v  -3.7493 -3.7189 -5.7159
v  -3.7569 -3.6964 -5.7101
v  -3.7482 -3.6988 -5.6698
v  -3.7677 -3.7074 -5.5691
v  -3.7968 -3.6981 -5.6088
v  -3.8238 -3.7165 -5.5871
v  -3.8056 -3.7245 -5.5413
v  -3.7847 -3.6887 -5.6379
v  -3.7638 -3.6950 -5.6249
v  -3.7478 -3.7480 -5.4247
v  -3.7555 -3.7265 -5.4945
v  -3.7914 -3.7385 -5.4831
v  -3.7829 -3.7586 -5.4187
v  -3.7469 -3.7468 -5.7137
v  -3.7397 -3.7744 -5.7057
v  -3.7330 -3.7447 -5.6737
v  -3.7267 -3.7736 -5.6693
v  -3.7424 -3.7035 -5.6221
v  -3.7252 -3.7197 -5.6247
v  -3.7362 -3.7127 -5.5664
v  -3.7153 -3.7256 -5.5688
v  -3.7266 -3.7278 -5.5012
v  -3.7048 -3.7394 -5.5062
v  -3.7187 -3.7487 -5.4316
v  -3.6965 -3.7594 -5.4397
v  -3.7239 -3.7965 -5.6914
v  -3.7089 -3.8024 -5.6594
v  -3.7195 -3.7440 -5.6260
v  -3.7072 -3.7482 -5.5717
v  -3.7131 -3.7729 -5.6232
v  -3.7003 -3.7762 -5.5701
v  -3.6961 -3.7609 -5.5121
v  -3.6885 -3.7870 -5.5132
v  -3.6887 -3.7800 -5.4497
v  -3.6812 -3.8034 -5.4539
v  -3.6829 -3.9179 -5.5776
v  -3.6935 -3.9428 -5.5449
v  -3.7017 -3.9470 -5.5957
v  -3.6979 -3.9232 -5.6326
v  -3.7100 -3.9654 -5.5556
v  -3.7018 -3.9607 -5.5258
v  -3.7015 -3.8890 -5.6721
v  -3.6822 -3.8817 -5.6158
v  -3.6946 -3.8048 -5.6135
v  -3.6732 -3.8405 -5.5946
v  -3.6820 -3.8083 -5.5599
v  -3.6628 -3.8450 -5.5405
v  -3.6705 -3.8167 -5.5047
v  -3.6580 -3.8530 -5.4864
v  -3.6676 -3.8306 -5.4470
v  -3.6639 -3.8639 -5.4313
v  -3.7261 -3.9758 -5.5056
v  -3.7483 -3.9779 -5.4545
v  -3.7086 -3.9700 -5.4806
v  -3.7292 -3.9789 -5.4127
v  -3.6691 -3.8816 -5.5622
v  -3.6754 -3.9197 -5.5254
v  -3.6622 -3.8862 -5.5103
v  -3.6759 -3.9240 -5.4752
v  -3.6929 -3.9477 -5.4927
v  -3.6997 -3.9531 -5.4418
v  -3.6622 -3.8930 -5.4586
v  -3.6829 -3.9273 -5.4265
v  -3.6730 -3.8991 -5.4072
v  -3.6945 -3.9290 -5.3795
v  -3.7095 -3.9525 -5.3955
v  -3.7363 -3.9711 -5.3611
v  -3.7187 -3.9501 -5.3516
v  -3.7408 -3.9677 -5.3194
v  -3.7829 -3.9717 -5.4095
v  -3.8172 -3.9505 -5.3775
v  -3.7760 -3.9784 -5.3625
v  -3.8127 -3.9598 -5.3289
v  -3.8359 -3.9156 -5.3650
v  -3.8315 -3.9293 -5.3136
v  -3.8339 -3.8938 -5.3090
v  -3.8343 -3.8750 -5.3625
v  -3.7724 -3.9781 -5.3214
v  -3.8069 -3.9653 -5.2881
v  -3.7709 -3.9779 -5.2822
v  -3.8005 -3.9679 -5.2506
v  -3.8234 -3.8398 -5.3607
v  -3.8249 -3.8613 -5.3072
v  -3.8113 -3.8319 -5.3044
v  -3.8100 -3.8081 -5.3583
v  -3.8258 -3.9391 -5.2714
v  -3.8299 -3.9076 -5.2654
v  -3.8187 -3.9456 -5.2352
v  -3.8241 -3.9174 -5.2298
v  -3.7820 -3.7848 -5.3557
v  -3.7837 -3.8133 -5.3004
v  -3.7515 -3.8079 -5.2999
v  -3.7478 -3.7765 -5.3576
v  -3.8072 -3.8697 -5.2257
v  -3.8106 -3.8520 -5.2609
v  -3.8243 -3.8778 -5.2632
v  -3.8209 -3.8911 -5.2273
v  -3.7034 -3.8195 -5.3154
v  -3.6964 -3.7867 -5.3726
v  -3.7190 -3.7775 -5.3633
v  -3.7241 -3.8105 -5.3045
v  -3.6906 -3.8390 -5.3533
v  -3.6841 -3.8237 -5.3939
v  -3.6902 -3.8046 -5.3869
v  -3.6961 -3.8321 -5.3337
v  -3.7846 -3.8378 -5.2576
v  -3.7840 -3.8588 -5.2235
v  -3.7578 -3.8567 -5.2226
v  -3.7552 -3.8346 -5.2566
v  -3.6777 -3.8478 -5.3879
v  -3.6808 -3.8762 -5.3745
v  -3.6929 -3.8602 -5.3366
v  -3.6988 -3.8847 -5.3232
v  -3.7286 -3.8395 -5.2601
v  -3.7325 -3.8649 -5.2263
v  -3.7174 -3.8860 -5.2454
v  -3.7097 -3.8516 -5.2748
v  -3.7025 -3.8604 -5.3005
v  -3.7087 -3.8852 -5.2843
v  -3.6911 -3.9045 -5.3564
v  -3.7082 -3.9291 -5.3343
v  -3.7060 -3.9068 -5.3123
v  -3.7164 -3.9253 -5.2936
v  -3.7265 -3.9481 -5.3081
v  -3.7430 -3.9656 -5.2764
v  -3.7298 -3.9422 -5.2683
v  -3.7422 -3.9582 -5.2370
v  -3.7123 -3.9028 -5.2825
v  -3.7185 -3.9120 -5.2622
v  -3.7272 -3.9262 -5.2356
v  -3.7369 -3.9419 -5.2061
v  -3.7268 -3.9059 -5.2118
v  -3.7342 -3.9222 -5.1843
v  -3.7366 -3.8859 -5.1973
v  -3.7586 -3.8768 -5.1937
v  -3.7593 -3.8953 -5.1691
v  -3.7414 -3.9043 -5.1720
v  -3.7476 -3.9217 -5.1504
v  -3.7427 -3.9373 -5.1599
v  -3.7615 -3.9132 -5.1482
v  -3.7635 -3.9257 -5.1363
v  -3.7553 -3.9377 -5.1350
v  -3.7503 -3.9475 -5.1459
v  -3.7815 -3.8776 -5.1941
v  -3.8018 -3.8860 -5.1957
v  -3.7786 -3.8953 -5.1691
v  -3.7963 -3.9017 -5.1704
v  -3.8143 -3.9029 -5.1980
v  -3.8076 -3.9158 -5.1743
v  -3.8171 -3.9248 -5.1999
v  -3.8117 -3.9296 -5.1810
v  -3.7480 -3.9555 -5.1763
v  -3.7615 -3.9608 -5.1505
v  -3.7843 -3.9673 -5.1682
v  -3.7586 -3.9721 -5.2020
v  -3.7670 -3.9783 -5.2401
v  -3.7934 -3.9695 -5.2110
v  -3.8108 -3.9495 -5.2006
v  -3.8051 -3.9474 -5.1729
v  -3.8014 -3.9341 -5.1562
v  -3.7899 -3.9498 -5.1432
v  -3.7889 -3.9325 -5.1397
v  -3.7917 -3.9195 -5.1503
v  -3.7709 -3.9513 -5.1319
v  -3.7762 -3.9303 -5.1338
v  -3.7773 -3.9131 -5.1484
v  -4.1172 -3.7265 -5.8637
v  -4.0995 -3.7251 -5.8471
v  -4.1165 -3.6895 -5.8396
v  -4.1391 -3.6972 -5.8542
v  -4.1577 -3.6870 -5.8367
v  -4.1363 -3.6786 -5.8222
v  -4.1144 -3.6690 -5.8108
v  -4.0923 -3.6597 -5.8008
v  -4.1018 -3.6744 -5.8276
v  -4.0814 -3.6659 -5.8201
v  -4.0413 -3.8024 -5.8401
v  -4.0223 -3.8013 -5.8245
v  -4.0384 -3.7621 -5.8258
v  -4.0589 -3.7616 -5.8397
v  -4.0764 -3.7284 -5.8357
v  -4.0514 -3.7326 -5.8261
v  -4.0603 -3.7079 -5.8290
v  -4.0865 -3.7023 -5.8345
v  -4.0880 -3.6860 -5.8316
v  -4.0687 -3.6846 -5.8282
v  -4.0031 -3.7985 -5.8068
v  -3.9852 -3.7935 -5.7866
v  -4.0000 -3.7557 -5.7910
v  -4.0184 -3.7604 -5.8097
v  -4.0703 -3.6496 -5.7919
v  -4.0596 -3.6578 -5.8120
v  -4.0373 -3.6482 -5.8024
v  -4.0487 -3.6379 -5.7822
v  -4.0278 -3.7323 -5.8150
v  -4.0054 -3.7282 -5.8018
v  -4.0112 -3.7035 -5.8105
v  -4.0355 -3.7080 -5.8205
v  -4.0462 -3.6805 -5.8221
v  -4.0223 -3.6734 -5.8136
v  -3.9691 -3.7849 -5.7653
v  -3.9818 -3.7471 -5.7722
v  -3.9532 -3.7721 -5.7432
v  -3.9590 -3.7358 -5.7573
v  -4.0279 -3.6245 -5.7695
v  -4.0151 -3.6356 -5.7905
v  -3.9927 -3.6212 -5.7763
v  -4.0064 -3.6108 -5.7538
v  -3.9818 -3.7207 -5.7896
v  -3.9856 -3.6950 -5.8014
v  -3.9552 -3.7108 -5.7799
v  -3.9584 -3.6828 -5.7937
v  -3.9975 -3.6620 -5.8052
v  -3.9720 -3.6468 -5.7960
v  -3.9336 -3.7547 -5.7238
v  -3.9323 -3.7219 -5.7450
v  -3.9109 -3.7333 -5.7118
v  -3.9078 -3.7026 -5.7342
v  -3.9267 -3.6969 -5.7688
v  -3.9315 -3.6669 -5.7814
v  -3.9047 -3.6776 -5.7554
v  -3.9120 -3.6497 -5.7650
v  -3.8747 -3.6406 -5.7236
v  -3.8696 -3.6793 -5.7059
v  -3.8517 -3.6544 -5.7045
v  -3.8569 -3.6198 -5.7168
v  -3.8896 -3.7069 -5.7071
v  -3.8884 -3.6768 -5.7279
v  -3.8914 -3.6541 -5.7442
v  -3.9014 -3.6332 -5.7509
v  -3.8877 -3.6284 -5.7362
v  -3.8966 -3.6207 -5.7421
v  -3.9831 -3.5976 -5.7361
v  -3.9698 -3.6078 -5.7581
v  -3.9488 -3.5968 -5.7408
v  -3.9598 -3.5855 -5.7205
v  -3.9478 -3.6307 -5.7806
v  -3.9289 -3.6175 -5.7621
v  -3.8639 -3.5832 -5.7265
v  -3.8728 -3.5510 -5.7215
v  -3.8936 -3.5676 -5.7213
v  -3.8821 -3.5971 -5.7285
v  -3.8937 -3.5094 -5.6661
v  -3.8879 -3.5211 -5.6893
v  -3.9235 -3.5296 -5.6707
v  -3.9165 -3.5454 -5.6949
v  -3.8943 -3.5994 -5.7330
v  -3.9055 -3.6005 -5.7381
v  -3.9062 -3.5760 -5.7234
v  -3.9174 -3.5804 -5.7249
v  -3.9019 -3.5517 -5.7090
v  -3.8804 -3.5333 -5.7074
v  -3.9116 -3.5630 -5.7130
v  -3.9216 -3.5654 -5.7106
v  -3.9384 -3.5740 -5.7124
v  -3.9433 -3.5614 -5.6944
v  -3.9317 -3.5878 -5.7301
v  -3.9507 -3.5485 -5.6735
v  -3.9167 -3.6075 -5.7476
v  -4.3125 -3.6702 -7.2469
v  -4.2925 -3.6833 -7.2306
v  -4.3274 -3.6520 -7.2522
v  -4.3059 -3.6408 -7.2401
v  -4.2944 -3.6562 -7.2365
v  -4.2834 -3.6682 -7.2275
v  -4.2695 -3.6909 -7.2066
v  -4.2685 -3.6664 -7.2086
v  -4.2490 -3.6647 -7.1741
v  -4.2449 -3.6939 -7.1741
v  -4.2755 -3.6476 -7.2126
v  -4.2850 -3.6304 -7.2152
v  -4.2695 -3.6232 -7.1756
v  -4.2585 -3.6428 -7.1751
v  -4.2233 -3.6930 -7.1317
v  -4.2041 -3.6910 -7.0874
v  -4.2299 -3.6631 -7.1289
v  -4.2079 -3.6614 -7.0825
v  -4.1789 -3.6902 -7.0514
v  -4.1765 -3.6591 -7.0469
v  -4.1835 -3.6231 -7.0345
v  -4.1499 -3.6228 -6.9945
v  -4.2178 -3.6333 -7.0770
v  -4.2318 -3.6060 -7.0735
v  -4.2010 -3.5907 -7.0236
v  -4.1761 -3.5798 -6.9527
v  -4.1129 -3.6403 -6.9594
v  -4.1274 -3.6095 -6.9288
v  -4.1175 -3.5828 -6.9084
v  -4.1394 -3.5612 -6.9134
v  -4.2416 -3.6390 -7.1270
v  -4.2551 -3.6171 -7.1257
v  -4.4547 -3.4543 -6.3502
v  -4.4509 -3.4344 -6.3382
v  -4.4454 -3.4256 -6.3543
v  -4.4519 -3.4446 -6.3673
v  -4.4361 -3.4097 -6.3390
v  -4.4426 -3.4186 -6.3250
v  -4.4286 -3.3998 -6.3528
v  -4.4372 -3.4154 -6.3710
v  -4.4466 -3.4331 -6.3844
v  -4.4224 -3.3978 -6.3019
v  -4.4125 -3.3908 -6.3049
v  -4.4247 -3.3973 -6.3225
v  -4.4317 -3.4062 -6.3117
v  -4.3988 -3.3828 -6.3109
v  -4.4167 -3.3877 -6.3317
v  -4.4800 -3.4589 -6.3207
v  -4.4740 -3.4423 -6.3101
v  -4.4600 -3.4413 -6.3221
v  -4.4639 -3.4596 -6.3323
v  -4.4622 -3.4276 -6.2981
v  -4.4511 -3.4260 -6.3106
v  -4.4380 -3.4118 -6.2986
v  -4.4223 -3.3988 -6.2892
v  -4.4446 -3.4136 -6.2851
v  -4.4231 -3.4001 -6.2740
v  -4.3999 -3.3879 -6.2672
v  -4.4043 -3.3884 -6.2853
v  -4.3837 -3.3825 -6.2869
v  -4.3761 -3.3807 -6.2629
v  -4.4608 -3.4166 -6.3952
v  -4.4679 -3.4394 -6.4063
v  -4.4525 -3.4523 -6.3950
v  -4.4873 -3.4231 -6.4178
v  -4.4795 -3.3955 -6.4060
v  -4.4900 -3.4561 -6.4319
v  -4.4697 -3.4638 -6.4113
v  -4.4583 -3.4670 -6.3999
v  -4.4368 -3.3795 -6.3616
v  -4.4498 -3.3960 -6.3810
v  -4.4654 -3.3719 -6.3919
v  -4.4478 -3.3532 -6.3718
v  -4.4179 -3.3684 -6.3396
v  -4.3950 -3.3636 -6.3161
v  -4.3956 -3.3362 -6.3223
v  -4.4240 -3.3411 -6.3476
v  -4.3723 -3.3656 -6.2902
v  -4.3565 -3.3704 -6.2638
v  -4.3423 -3.3435 -6.2617
v  -4.3697 -3.3371 -6.2933
v  -4.4881 -3.4086 -6.2852
v  -4.4647 -3.3943 -6.2686
v  -4.4546 -3.4081 -6.2732
v  -4.4755 -3.4209 -6.2894
v  -4.4292 -3.3960 -6.2604
v  -4.4368 -3.3822 -6.2537
v  -4.4019 -3.3838 -6.2521
v  -4.3767 -3.3748 -6.2456
v  -4.4082 -3.3722 -6.2411
v  -4.3820 -3.3673 -6.2308
v  -4.3372 -3.3609 -6.2392
v  -4.3628 -3.3638 -6.2246
v  -4.3562 -3.3685 -6.2426
v  -4.3455 -3.3597 -6.2184
v  -4.3248 -3.3551 -6.2082
v  -4.3157 -3.3524 -6.2290
v  -4.3018 -3.3513 -6.1939
v  -4.2926 -3.3437 -6.2113
v  -4.3136 -3.3275 -6.2415
v  -4.2886 -3.3176 -6.2194
v  -4.2754 -3.3546 -6.1773
v  -4.2640 -3.3453 -6.1922
v  -4.2487 -3.3663 -6.1591
v  -4.2321 -3.3568 -6.1738
v  -4.2240 -3.3246 -6.1748
v  -4.2580 -3.3175 -6.1968
v  -4.2075 -3.3844 -6.1018
v  -4.1789 -3.3790 -6.1151
v  -4.2025 -3.3715 -6.1494
v  -4.2260 -3.3798 -6.1344
v  -4.1924 -3.3347 -6.1479
v  -4.1694 -3.3401 -6.1136
v  -4.5368 -3.4801 -6.4775
v  -4.5145 -3.4680 -6.4553
v  -4.5326 -3.4444 -6.4605
v  -4.5475 -3.4622 -6.4814
v  -4.5165 -3.4245 -6.4453
v  -4.5465 -3.4254 -6.4728
v  -4.5358 -3.4012 -6.4592
v  -4.5538 -3.4483 -6.4909
v  -4.4987 -3.3680 -6.4211
v  -4.5078 -3.3974 -6.4328
v  -4.5262 -3.3728 -6.4499
v  -4.5116 -3.3432 -6.4417
v  -4.4794 -3.3422 -6.4086
v  -4.4871 -3.3162 -6.4304
v  -4.4528 -3.3223 -6.3914
v  -4.4549 -3.2943 -6.4129
v  -4.4213 -3.3095 -6.3669
v  -4.3903 -3.3014 -6.3372
v  -4.3814 -3.2702 -6.3558
v  -4.4171 -3.2807 -6.3869
v  -4.3653 -3.2962 -6.3049
v  -4.3406 -3.2911 -6.2751
v  -4.3287 -3.2501 -6.2950
v  -4.3534 -3.2605 -6.3248
v  -4.2866 -3.2696 -6.2239
v  -4.3135 -3.2808 -6.2504
v  -4.3030 -3.2366 -6.2666
v  -4.2764 -3.2230 -6.2364
v  -4.2227 -3.2681 -6.1679
v  -4.2560 -3.2658 -6.1956
v  -4.2465 -3.2146 -6.2032
v  -4.2144 -3.2119 -6.1696
v  -4.1932 -3.2738 -6.1357
v  -4.1724 -3.2766 -6.0990
v  -4.1843 -3.2133 -6.1342
v  -4.1582 -3.2136 -6.0967
v  -4.5499 -3.4161 -6.4896
v  -4.5573 -3.4414 -6.5023
v  -4.5404 -3.3905 -6.4799
v  -4.5326 -3.3947 -6.5000
v  -4.5449 -3.4180 -6.5063
v  -4.5539 -3.4416 -6.5143
v  -4.5288 -3.3628 -6.4738
v  -4.5127 -3.3324 -6.4674
v  -4.4986 -3.3401 -6.4926
v  -4.5177 -3.3710 -6.4958
v  -4.4367 -3.2822 -6.4637
v  -4.4762 -3.3038 -6.4767
v  -4.4865 -3.3015 -6.4557
v  -4.4506 -3.2768 -6.4364
v  -4.4495 -3.3025 -6.4916
v  -4.4694 -3.3084 -6.4890
v  -4.4576 -3.3193 -6.5064
v  -4.4742 -3.3297 -6.5018
v  -4.3530 -3.2520 -6.3921
v  -4.3925 -3.2644 -6.4272
v  -4.4086 -3.2620 -6.4074
v  -4.3689 -3.2519 -6.3743
v  -4.3118 -3.2314 -6.3135
v  -4.3376 -3.2434 -6.3434
v  -4.2942 -3.2307 -6.3292
v  -4.3212 -3.2430 -6.3594
v  -4.2624 -3.1984 -6.2523
v  -4.2873 -3.2154 -6.2841
v  -4.2434 -3.1964 -6.2693
v  -4.2691 -3.2142 -6.2999
v  -4.1837 -3.1771 -6.1979
v  -4.2143 -3.1829 -6.2348
v  -4.2344 -3.1853 -6.2165
v  -4.2028 -3.1802 -6.1798
v  -4.4445 -3.3810 -6.2227
v  -4.4161 -3.3770 -6.2074
v  -4.4125 -3.3736 -6.2241
v  -4.4425 -3.3783 -6.2395
v  -4.3861 -3.3733 -6.2120
v  -4.3922 -3.3773 -6.1932
v  -4.4426 -3.3604 -6.1952
v  -4.4279 -3.3526 -6.1835
v  -4.4207 -3.3669 -6.1936
v  -4.4442 -3.3720 -6.2063
v  -4.4006 -3.3628 -6.1800
v  -4.4114 -3.3448 -6.1688
v  -4.3749 -3.3798 -6.1813
v  -4.3672 -3.3731 -6.2032
v  -4.3509 -3.3706 -6.1951
v  -4.3592 -3.3789 -6.1709
v  -4.3974 -3.3374 -6.1566
v  -4.3851 -3.3599 -6.1680
v  -4.3713 -3.3562 -6.1566
v  -4.3843 -3.3292 -6.1452
v  -4.4425 -3.3218 -6.1397
v  -4.4291 -3.3093 -6.1213
v  -4.4123 -3.3228 -6.1402
v  -4.4256 -3.3326 -6.1554
v  -4.4001 -3.3136 -6.1263
v  -4.4175 -3.3003 -6.1039
v  -4.3421 -3.3719 -6.1616
v  -4.3323 -3.3651 -6.1856
v  -4.3118 -3.3609 -6.1737
v  -4.3248 -3.3648 -6.1514
v  -4.3576 -3.3122 -6.1165
v  -4.3710 -3.3214 -6.1314
v  -4.3879 -3.3038 -6.1109
v  -4.3761 -3.2931 -6.0938
v  -4.4063 -3.2904 -6.0860
v  -4.3956 -3.2793 -6.0671
v  -4.3565 -3.3505 -6.1443
v  -4.3413 -3.3431 -6.1322
v  -4.3073 -3.3626 -6.1376
v  -4.2896 -3.3631 -6.1588
v  -4.2921 -3.3635 -6.1187
v  -4.2690 -3.3720 -6.1402
v  -4.2530 -3.3794 -6.1153
v  -4.2393 -3.3794 -6.0842
v  -4.2797 -3.3591 -6.0964
v  -4.2683 -3.3519 -6.0684
v  -4.3450 -3.3027 -6.0993
v  -4.3256 -3.3354 -6.1190
v  -4.3119 -3.3290 -6.1016
v  -4.3340 -3.2933 -6.0807
v  -4.3854 -3.2679 -6.0460
v  -4.3653 -3.2814 -6.0746
v  -4.3556 -3.2702 -6.0546
v  -4.3760 -3.2559 -6.0249
v  -4.3238 -3.2821 -6.0630
v  -4.3008 -3.3203 -6.0821
v  -4.2900 -3.3105 -6.0578
v  -4.3132 -3.2711 -6.0422
v  -4.3681 -3.2438 -6.0056
v  -4.3470 -3.2591 -6.0357
v  -4.3372 -3.2479 -6.0155
v  -4.3590 -3.2320 -5.9852
v  -4.3002 -3.2604 -6.0163
v  -4.2777 -3.3011 -6.0264
v  -4.2609 -3.2875 -5.9918
v  -4.2826 -3.2457 -5.9863
v  -4.2382 -3.3297 -5.9942
v  -4.2553 -3.3438 -6.0321
v  -4.3463 -3.2201 -5.9617
v  -4.3244 -3.2360 -5.9921
v  -4.3063 -3.2192 -5.9649
v  -4.3282 -3.2026 -5.9345
v  -4.3031 -3.1780 -5.9007
v  -4.2813 -3.1958 -5.9315
v  -4.2549 -3.1745 -5.8918
v  -4.2762 -3.1578 -5.8591
v  -4.2321 -3.1995 -5.9168
v  -4.2579 -3.2228 -5.9530
v  -4.1892 -3.1617 -5.8427
v  -4.2104 -3.1805 -5.8814
v  -4.2321 -3.1547 -5.8530
v  -4.2107 -3.1353 -5.8100
v  -4.2532 -3.1360 -5.8184
v  -4.2317 -3.1156 -5.7724
v  -4.2093 -3.0885 -5.7201
v  -4.1877 -3.1121 -5.7589
v  -4.1646 -3.0929 -5.7022
v  -4.1870 -3.0693 -5.6617
v  -4.1412 -3.1203 -5.7416
v  -4.1659 -3.1404 -5.7945
v  -4.4288 -3.3135 -6.5001
v  -4.4437 -3.3333 -6.5198
v  -4.4104 -3.2968 -6.4703
v  -4.3916 -3.3162 -6.4776
v  -4.4072 -3.3342 -6.5096
v  -4.4210 -3.3570 -6.5323
v  -4.3783 -3.2811 -6.4368
v  -4.3410 -3.2638 -6.4044
v  -4.3314 -3.2818 -6.4134
v  -4.3653 -3.3007 -6.4429
v  -4.3098 -3.2509 -6.3721
v  -4.2821 -3.2383 -6.3410
v  -4.2726 -3.2507 -6.3519
v  -4.3009 -3.2652 -6.3830
v  -4.2556 -3.2232 -6.3111
v  -4.2282 -3.2084 -6.2805
v  -4.2169 -3.2247 -6.2893
v  -4.2454 -3.2369 -6.3207
v  -4.2380 -3.2547 -6.3285
v  -4.2653 -3.2687 -6.3604
v  -4.2089 -3.2423 -6.2968
v  -4.1969 -3.2481 -6.3132
v  -4.2266 -3.2657 -6.3438
v  -4.2544 -3.2837 -6.3741
v  -4.4850 -3.2959 -6.0932
v  -4.4744 -3.2746 -6.0684
v  -4.4493 -3.2893 -6.1010
v  -4.4622 -3.3061 -6.1223
v  -4.4378 -3.2821 -6.0789
v  -4.4608 -3.2681 -6.0434
v  -4.4499 -3.2562 -6.0236
v  -4.4271 -3.2724 -6.0591
v  -4.4167 -3.2607 -6.0400
v  -4.4396 -3.2426 -6.0055
v  -4.4264 -3.2363 -5.9831
v  -4.4058 -3.2510 -6.0179
v  -4.3958 -3.2393 -5.9966
v  -4.4156 -3.2255 -5.9625
v  -4.4091 -3.2107 -5.9446
v  -4.3883 -3.2258 -5.9781
v  -4.3793 -3.2141 -5.9572
v  -4.3993 -3.1983 -5.9233
v  -4.3835 -3.1904 -5.8953
v  -4.3661 -3.2034 -5.9317
v  -4.3477 -3.1860 -5.9023
v  -4.3654 -3.1716 -5.8633
v  -4.3407 -3.1513 -5.8223
v  -4.3231 -3.1621 -5.8654
v  -4.2964 -3.1394 -5.8226
v  -4.3160 -3.1260 -5.7776
v  -4.2924 -3.1070 -5.7309
v  -4.2735 -3.1152 -5.7800
v  -4.2511 -3.0989 -5.7306
v  -4.2686 -3.0922 -5.6805
v  -4.2439 -3.0766 -5.6256
v  -4.2284 -3.0764 -5.6755
v  -4.2067 -3.0573 -5.6188
v  -4.2230 -3.0600 -5.5719
v  -4.5785 -3.3509 -6.0736
v  -4.5490 -3.3309 -6.0290
v  -4.5323 -3.3115 -6.0815
v  -4.5588 -3.3287 -6.1225
v  -4.5099 -3.2972 -6.0457
v  -4.5217 -3.3158 -5.9916
v  -4.5029 -3.3118 -6.1250
v  -4.5253 -3.3293 -6.1613
v  -4.5108 -3.2967 -5.9586
v  -4.5012 -3.2749 -6.0163
v  -4.4857 -3.2653 -5.9912
v  -4.4950 -3.2815 -5.9341
v  -4.4838 -3.2649 -5.9140
v  -4.4736 -3.2518 -5.9711
v  -4.4638 -3.2359 -5.9532
v  -4.4762 -3.2476 -5.8952
v  -4.4586 -3.2390 -5.8787
v  -4.4467 -3.2312 -5.9336
v  -4.4346 -3.2223 -5.9142
v  -4.4451 -3.2313 -5.8613
v  -4.4361 -3.2210 -5.8414
v  -4.4281 -3.2092 -5.8949
v  -4.4189 -3.1950 -5.8724
v  -4.4273 -3.2075 -5.8166
v  -4.4035 -3.1988 -5.7895
v  -4.3984 -3.1884 -5.8439
v  -4.3810 -3.1695 -5.8091
v  -4.3840 -3.1848 -5.7531
v  -4.3590 -3.1694 -5.7097
v  -4.3556 -3.1522 -5.7663
v  -4.3337 -3.1283 -5.7187
v  -4.3364 -3.1510 -5.6606
v  -4.3090 -3.1362 -5.6125
v  -4.3067 -3.1145 -5.6703
v  -4.2856 -3.0961 -5.6205
v  -4.2913 -3.1183 -5.5626
v  -4.5899 -3.4983 -6.0831
v  -4.5628 -3.4650 -6.0363
v  -4.6043 -3.4199 -6.0725
v  -4.6280 -3.4532 -6.1247
v  -4.5660 -3.3918 -6.0265
v  -4.5269 -3.4331 -5.9949
v  -4.6162 -3.3730 -6.1219
v  -4.6384 -3.4071 -6.1733
v  -4.4963 -3.4077 -5.9535
v  -4.5358 -3.3692 -5.9814
v  -4.5070 -3.3503 -5.9456
v  -4.4700 -3.3849 -5.9188
v  -4.4566 -3.3652 -5.8872
v  -4.4938 -3.3322 -5.9128
v  -4.4809 -3.3137 -5.8878
v  -4.4461 -3.3465 -5.8615
v  -4.4359 -3.3310 -5.8386
v  -4.4707 -3.2965 -5.8662
v  -4.4629 -3.2813 -5.8453
v  -4.4253 -3.3178 -5.8181
v  -4.4130 -3.3055 -5.8008
v  -4.4496 -3.2695 -5.8279
v  -4.4352 -3.2605 -5.8121
v  -4.4006 -3.2942 -5.7837
v  -4.3891 -3.2830 -5.7642
v  -4.4229 -3.2503 -5.7939
v  -4.4105 -3.2382 -5.7703
v  -4.3750 -3.2706 -5.7426
v  -4.3568 -3.2576 -5.7173
v  -4.3886 -3.2262 -5.7447
v  -4.3688 -3.2142 -5.7094
v  -4.3384 -3.2467 -5.6829
v  -4.3162 -3.2355 -5.6401
v  -4.3465 -3.2003 -5.6653
v  -4.3247 -3.1854 -5.6162
v  -4.2941 -3.2230 -5.5926
v  -4.2756 -3.2086 -5.5433
v  -4.3019 -3.1694 -5.5677
v  -4.2855 -3.1539 -5.5188
v  -4.2617 -3.1936 -5.4948
v  -4.5078 -3.5178 -6.4460
v  -4.5048 -3.4944 -6.4498
v  -4.5285 -3.5009 -6.4760
v  -4.5294 -3.5203 -6.4744
v  -4.4832 -3.4916 -6.4253
v  -4.4867 -3.5187 -6.4127
v  -4.4509 -3.4666 -6.3779
v  -4.4512 -3.4789 -6.3594
v  -4.4540 -3.4840 -6.3904
v  -4.4553 -3.5045 -6.3725
v  -4.4617 -3.4828 -6.3401
v  -4.4663 -3.5030 -6.3472
v  -4.4807 -3.4930 -6.3393
v  -4.4808 -3.4787 -6.3306
v  -4.4841 -3.5056 -6.3562
v  -4.4941 -3.4922 -6.3432
v  -4.4745 -3.5142 -6.3702
v  -4.4951 -3.5130 -6.3742
v  -4.5027 -3.5018 -6.3620
v  -4.5109 -3.4901 -6.3482
v  -4.4681 -3.5100 -6.3932
v  -4.4671 -3.4899 -6.4054
v  -4.4743 -3.5171 -6.3844
v  -4.4910 -3.5204 -6.3900
v  -4.6153 -3.6927 -6.5403
v  -4.6009 -3.6821 -6.5219
v  -4.6127 -3.6645 -6.5283
v  -4.6233 -3.6754 -6.5455
v  -4.6049 -3.6551 -6.5093
v  -4.5903 -3.6733 -6.5008
v  -4.6128 -3.6407 -6.5196
v  -4.6190 -3.6513 -6.5378
v  -4.6271 -3.6628 -6.5546
v  -4.5824 -3.6647 -6.4804
v  -4.5992 -3.6451 -6.4908
v  -4.5950 -3.6338 -6.4727
v  -4.5773 -3.6544 -6.4598
v  -4.6037 -3.6180 -6.4838
v  -4.6078 -3.6297 -6.5017
v  -4.6019 -3.5946 -6.4459
v  -4.6018 -3.6060 -6.4647
v  -4.5939 -3.6212 -6.4538
v  -4.5962 -3.6095 -6.4349
v  -4.5769 -3.6413 -6.4383
v  -4.5810 -3.6284 -6.4174
v  -4.5858 -3.6174 -6.3989
v  -4.5986 -3.5994 -6.4173
v  -4.5963 -3.5895 -6.4009
v  -4.5853 -3.6064 -6.3826
v  -4.5999 -3.5758 -6.4120
v  -4.6027 -3.5848 -6.4286
v  -4.5403 -3.6581 -6.3091
v  -4.5382 -3.6467 -6.2928
v  -4.5643 -3.6227 -6.3338
v  -4.5650 -3.6317 -6.3514
v  -4.5720 -3.6200 -6.3186
v  -4.5448 -3.6424 -6.2779
v  -4.5891 -3.5914 -6.3526
v  -4.5831 -3.5973 -6.3666
v  -4.5947 -3.5616 -6.3785
v  -4.5954 -3.5677 -6.3950
v  -4.5922 -3.5808 -6.3849
v  -4.5933 -3.5739 -6.3703
v  -4.5643 -3.5168 -6.5277
v  -4.5644 -3.5293 -6.5278
v  -4.5480 -3.5130 -6.5027
v  -4.5524 -3.4973 -6.5029
v  -4.5518 -3.5272 -6.4999
v  -4.5697 -3.5396 -6.5249
v  -4.5663 -3.4891 -6.5215
v  -4.5662 -3.5026 -6.5250
v  -4.5572 -3.4829 -6.5046
v  -4.5606 -3.4720 -6.5092
v  -4.5294 -3.4326 -6.5180
v  -4.5419 -3.4497 -6.5234
v  -4.5140 -3.4150 -6.5133
v  -4.4969 -3.4363 -6.5282
v  -4.5133 -3.4492 -6.5297
v  -4.5287 -3.4637 -6.5323
v  -4.4966 -3.3974 -6.5121
v  -4.4785 -3.3782 -6.5146
v  -4.4791 -3.4250 -6.5299
v  -4.4553 -3.4158 -6.5373
v  -4.4383 -3.3852 -6.5384
v  -4.4607 -3.3568 -6.5195
v  -4.5595 -3.4664 -6.5241
v  -4.5636 -3.4671 -6.5170
v  -4.5622 -3.4943 -6.5404
v  -4.5703 -3.4918 -6.5312
v  -4.5774 -3.5477 -6.5516
v  -4.5749 -3.5350 -6.5499
v  -4.5801 -3.5557 -6.5751
v  -4.5822 -3.5569 -6.5490
v  -4.5871 -3.5678 -6.5759
v  -4.5929 -3.5761 -6.5729
v  -4.5702 -3.5256 -6.5572
v  -4.5737 -3.5157 -6.5423
v  -4.5441 -3.4797 -6.5347
v  -4.5509 -3.4658 -6.5275
v  -4.4873 -3.4556 -6.5554
v  -4.4977 -3.4666 -6.5541
v  -4.5009 -3.4625 -6.5388
v  -4.4872 -3.4513 -6.5396
v  -4.5150 -3.4771 -6.5399
v  -4.5088 -3.4815 -6.5560
v  -4.5211 -3.4990 -6.5612
v  -4.5307 -3.4935 -6.5437
v  -4.5475 -3.5113 -6.5541
v  -4.5370 -3.5162 -6.5707
v  -4.5617 -3.5337 -6.5692
v  -4.5556 -3.5334 -6.5836
v  -4.5744 -3.5515 -6.5985
v  -4.5741 -3.5560 -6.5855
v  -4.5862 -3.5724 -6.6007
v  -4.5928 -3.5795 -6.6022
v  -4.5948 -3.5679 -6.6135
v  -4.6165 -3.5865 -6.6274
v  -4.5981 -3.5866 -6.6026
v  -4.6182 -3.6005 -6.6255
v  -4.6202 -3.6095 -6.6212
v  -4.6052 -3.5943 -6.5983
v  -4.5977 -3.5188 -6.6265
v  -4.6143 -3.5412 -6.6424
v  -4.6065 -3.5554 -6.6253
v  -4.5859 -3.5363 -6.6106
v  -4.6272 -3.5695 -6.6632
v  -4.6260 -3.5778 -6.6441
v  -4.5607 -3.4857 -6.6072
v  -4.5791 -3.5006 -6.6150
v  -4.5656 -3.5188 -6.5988
v  -4.5470 -3.5027 -6.5891
v  -4.5294 -3.4602 -6.5976
v  -4.5438 -3.4727 -6.6017
v  -4.5312 -3.4872 -6.5818
v  -4.5184 -3.4722 -6.5765
v  -4.5174 -3.4479 -6.5941
v  -4.5062 -3.4593 -6.5746
v  -4.4960 -3.4484 -6.5754
v  -4.5073 -3.4360 -6.5923
v  -4.6213 -3.6221 -6.6039
v  -4.6113 -3.6081 -6.5835
v  -4.6098 -3.6015 -6.5910
v  -4.6219 -3.6166 -6.6126
v  -4.5979 -3.5845 -6.5672
v  -4.6000 -3.5927 -6.5612
v  -4.6190 -3.6382 -6.5498
v  -4.6282 -3.6496 -6.5666
v  -4.6116 -3.6269 -6.5316
v  -4.6092 -3.6153 -6.5414
v  -4.6177 -3.6271 -6.5606
v  -4.6280 -3.6381 -6.5782
v  -4.6224 -3.6286 -6.5929
v  -4.6136 -3.6162 -6.5729
v  -4.6122 -3.6126 -6.5779
v  -4.6210 -3.6251 -6.5971
v  -4.6018 -3.5985 -6.5563
v  -4.6043 -3.6028 -6.5519
v  -4.6158 -3.6204 -6.5677
v  -4.6255 -3.6319 -6.5868
v  -4.6069 -3.6078 -6.5476
v  -4.5875 -3.5664 -6.5445
v  -4.5910 -3.5760 -6.5396
v  -4.5821 -3.5602 -6.5179
v  -4.5763 -3.5498 -6.5217
v  -4.5977 -3.5910 -6.5034
v  -4.6027 -3.6031 -6.5227
v  -4.6058 -3.6152 -6.5135
v  -4.6014 -3.6032 -6.4949
v  -4.5934 -3.5835 -6.5354
v  -4.5960 -3.5896 -6.5316
v  -4.5894 -3.5767 -6.5111
v  -4.5867 -3.5689 -6.5144
v  -4.5931 -3.5833 -6.5080
v  -4.5993 -3.5953 -6.5281
v  -4.5621 -3.5368 -6.4975
v  -4.5731 -3.5463 -6.4949
v  -4.5631 -3.5355 -6.4713
v  -4.5453 -3.5296 -6.4722
v  -4.5988 -3.5915 -6.4750
v  -4.5986 -3.5802 -6.4554
v  -4.5945 -3.5679 -6.4625
v  -4.5949 -3.5794 -6.4826
v  -4.5817 -3.5548 -6.4921
v  -4.5852 -3.5644 -6.4892
v  -4.5823 -3.5525 -6.4676
v  -4.5767 -3.5419 -6.4701
v  -4.5882 -3.5600 -6.4657
v  -4.5894 -3.5717 -6.4866
v  -4.5989 -3.5607 -6.4210
v  -4.5998 -3.5699 -6.4380
v  -4.5950 -3.5569 -6.4446
v  -4.5941 -3.5471 -6.4270
v  -4.5301 -3.5257 -6.4450
v  -4.5544 -3.5268 -6.4477
v  -4.5475 -3.5192 -6.4252
v  -4.5196 -3.5240 -6.4191
v  -4.5713 -3.5313 -6.4489
v  -4.5793 -3.5421 -6.4477
v  -4.5754 -3.5335 -6.4281
v  -4.5659 -3.5231 -6.4278
v  -4.5850 -3.5399 -6.4286
v  -4.5871 -3.5494 -6.4469
v  -4.5916 -3.5464 -6.3865
v  -4.5949 -3.5526 -6.4032
v  -4.5897 -3.5388 -6.4086
v  -4.5833 -3.5336 -6.3915
v  -4.5167 -3.5189 -6.3971
v  -4.5421 -3.5153 -6.4041
v  -4.5391 -3.5113 -6.3854
v  -4.5179 -3.5100 -6.3805
v  -4.5726 -3.5289 -6.3911
v  -4.5793 -3.5328 -6.4094
v  -4.5679 -3.5298 -6.4078
v  -4.5611 -3.5270 -6.3885
v  -4.5515 -3.5194 -6.3873
v  -4.5577 -3.5216 -6.4068
v  -4.5545 -3.3436 -6.2038
v  -4.5919 -3.3464 -6.1693
v  -4.6180 -3.3748 -6.2157
v  -4.5806 -3.3652 -6.2449
v  -4.4729 -3.3871 -6.2572
v  -4.4991 -3.4017 -6.2761
v  -4.5088 -3.3955 -6.2605
v  -4.4749 -3.3868 -6.2391
v  -4.5001 -3.3403 -6.1828
v  -4.5281 -3.3550 -6.2207
v  -4.4800 -3.3555 -6.1980
v  -4.5136 -3.3678 -6.2304
v  -4.5546 -3.3713 -6.2583
v  -4.5378 -3.3808 -6.2638
v  -4.4565 -3.3582 -6.1956
v  -4.4412 -3.3441 -6.1745
v  -4.4585 -3.3361 -6.1642
v  -4.4690 -3.3752 -6.2171
v  -4.4922 -3.3769 -6.2281
v  -4.5102 -3.3780 -6.2407
v  -4.5262 -3.3894 -6.2663
v  -4.4786 -3.3230 -6.1500
v  -4.4741 -3.4428 -6.5434
v  -4.4593 -3.4406 -6.5494
v  -4.4674 -3.4472 -6.5639
v  -4.4792 -3.4468 -6.5591
v  -4.4761 -3.4385 -6.5819
v  -4.4881 -3.4384 -6.5781
v  -4.4820 -3.4258 -6.5979
v  -4.4969 -3.4251 -6.5939
v  -4.4878 -3.4282 -6.6113
v  -4.5007 -3.4213 -6.6065
v  -4.4961 -3.4370 -6.6199
v  -4.5095 -3.4295 -6.6086
v  -4.5183 -3.4413 -6.6127
v  -4.5074 -3.4462 -6.6283
v  -4.5213 -3.4566 -6.6369
v  -4.5297 -3.4542 -6.6182
v  -4.5366 -3.4682 -6.6450
v  -4.5438 -3.4664 -6.6240
v  -4.5600 -3.4792 -6.6307
v  -4.5533 -3.4812 -6.6534
v  -4.5709 -3.4959 -6.6627
v  -4.5774 -3.4937 -6.6390
v  -4.5949 -3.5114 -6.6500
v  -4.5876 -3.5128 -6.6733
v  -4.6013 -3.5328 -6.6849
v  -4.6105 -3.5337 -6.6650
v  -4.6224 -3.5635 -6.6852
v  -4.6084 -3.5622 -6.7025
v  -4.5887 -3.5684 -6.7049
v  -4.5883 -3.5425 -6.6923
v  -4.5740 -3.5340 -6.6854
v  -4.5602 -3.5751 -6.7010
v  -4.5148 -3.5424 -6.6709
v  -4.5356 -3.5583 -6.6838
v  -4.5566 -3.5210 -6.6748
v  -4.5377 -3.5058 -6.6641
v  -4.4768 -3.5155 -6.6458
v  -4.4947 -3.5276 -6.6592
v  -4.5196 -3.4917 -6.6549
v  -4.5027 -3.4798 -6.6451
v  -4.4745 -3.4613 -6.6235
v  -4.4871 -3.4699 -6.6348
v  -4.4612 -3.5066 -6.6312
v  -4.4484 -3.4992 -6.6166
v  -4.4618 -3.4489 -6.5975
v  -4.4304 -3.4840 -6.5908
v  -4.4382 -3.4907 -6.6037
v  -4.4662 -3.4522 -6.6119
v  -4.4488 -3.4586 -6.5675
v  -4.4574 -3.4555 -6.5829
v  -4.4166 -3.4793 -6.5677
v  -4.4238 -3.4818 -6.5786
v  -4.4389 -3.4512 -6.5557
v  -4.4281 -3.4358 -6.5477
v  -4.4018 -3.4635 -6.5437
v  -4.4094 -3.4737 -6.5564
v  -4.4145 -3.4134 -6.5412
v  -4.4004 -3.3877 -6.5275
v  -4.3797 -3.4246 -6.5137
v  -4.3918 -3.4467 -6.5288
v  -4.3880 -3.3631 -6.5068
v  -4.3741 -3.3414 -6.4790
v  -4.3545 -3.3751 -6.4748
v  -4.3683 -3.3998 -6.4956
v  -4.3527 -3.3232 -6.4466
v  -4.3223 -3.3030 -6.4206
v  -4.3049 -3.3274 -6.4378
v  -4.3339 -3.3535 -6.4507
v  -4.2813 -3.2999 -6.4062
v  -4.2934 -3.2849 -6.3915
v  -4.2689 -3.3521 -6.5415
v  -4.2629 -3.3292 -6.4927
v  -4.2445 -3.3189 -6.5146
v  -4.2300 -3.3037 -6.5410
v  -4.2533 -3.3354 -6.5722
v  -4.2572 -3.3331 -6.5431
v  -4.2737 -3.3692 -6.5950
v  -4.2646 -3.3017 -6.4311
v  -4.2792 -3.3293 -6.4584
v  -4.2383 -3.2843 -6.3988
v  -4.2178 -3.2928 -6.4229
v  -4.2438 -3.3045 -6.4571
v  -4.2109 -3.2663 -6.3673
v  -4.1814 -3.2471 -6.3350
v  -4.1621 -3.2503 -6.3564
v  -4.1903 -3.2754 -6.3892
v  -4.1646 -3.2322 -6.2803
v  -4.1493 -3.2295 -6.2999
v  -4.1192 -3.2148 -6.2650
v  -4.1341 -3.2218 -6.2479
v  -4.1016 -3.2083 -6.2819
v  -4.1313 -3.2279 -6.3197
v  -4.0947 -3.2074 -6.2314
v  -4.0877 -3.2282 -6.1935
v  -4.0692 -3.2139 -6.2032
v  -4.1095 -3.2207 -6.2190
v  -4.0767 -3.1940 -6.2430
v  -4.0475 -3.1974 -6.2117
v  -4.1562 -3.2139 -6.2229
v  -4.1858 -3.2171 -6.2557
v  -4.1980 -3.1984 -6.2467
v  -4.1679 -3.1935 -6.2120
v  -4.1769 -3.2334 -6.2638
v  -4.1468 -3.2291 -6.2327
v  -4.1317 -3.2143 -6.1943
v  -4.1234 -3.2298 -6.2063
v  -4.1037 -3.2343 -6.1823
v  -4.1115 -3.2184 -6.1699
v  -4.1706 -3.1814 -6.1436
v  -4.1399 -3.1828 -6.1067
v  -4.1179 -3.1804 -6.1251
v  -4.1529 -3.1786 -6.1617
v  -4.1400 -3.1936 -6.1796
v  -4.1167 -3.1983 -6.1550
v  -4.1010 -3.2083 -6.1432
v  -4.0948 -3.2260 -6.1503
v  -4.0910 -3.2024 -6.1226
v  -4.0781 -3.2277 -6.1255
v  -4.0843 -3.2396 -6.1587
v  -4.0659 -3.2349 -6.1688
v  -4.0622 -3.2430 -6.1309
v  -4.0408 -3.2367 -6.1411
v  -4.2253 -3.3095 -6.4821
v  -4.2003 -3.3028 -6.4461
v  -4.1848 -3.3034 -6.4663
v  -4.2117 -3.3064 -6.4999
v  -4.1922 -3.2318 -6.5380
v  -4.2093 -3.2599 -6.5407
v  -4.1967 -3.2460 -6.5087
v  -4.1800 -3.2115 -6.5154
v  -4.2059 -3.2800 -6.5068
v  -4.1787 -3.2654 -6.4768
v  -4.1700 -3.2288 -6.4783
v  -4.1562 -3.1933 -6.4853
v  -4.1815 -3.2868 -6.4725
v  -4.2044 -3.2941 -6.4980
v  -4.1704 -3.2908 -6.4075
v  -4.1438 -3.2584 -6.3733
v  -4.1295 -3.2571 -6.3886
v  -4.1503 -3.2924 -6.4291
v  -4.1313 -3.2402 -6.3944
v  -4.1530 -3.2687 -6.4384
v  -4.1524 -3.2441 -6.4405
v  -4.1325 -3.2167 -6.3972
v  -4.1300 -3.1818 -6.4019
v  -4.1477 -3.2071 -6.4425
v  -4.1343 -3.1738 -6.4514
v  -4.1166 -3.1508 -6.4140
v  -4.1144 -3.2283 -6.3352
v  -4.0847 -3.2025 -6.2938
v  -4.1029 -3.2245 -6.3460
v  -4.0705 -3.1970 -6.3019
v  -4.0691 -3.1819 -6.3074
v  -4.1032 -3.2103 -6.3507
v  -4.1082 -3.1880 -6.3531
v  -4.0754 -3.1616 -6.3103
v  -4.0777 -3.1354 -6.3175
v  -4.1092 -3.1566 -6.3598
v  -4.0975 -3.1287 -6.3749
v  -4.0669 -3.1139 -6.3332
v  -4.1594 -3.2004 -6.5344
v  -4.1788 -3.2316 -6.5565
v  -4.1348 -3.1819 -6.5035
v  -4.1156 -3.1803 -6.5276
v  -4.1429 -3.1996 -6.5597
v  -4.1629 -3.2352 -6.5792
v  -4.1129 -3.1639 -6.4688
v  -4.0948 -3.1404 -6.4328
v  -4.0701 -3.1429 -6.4556
v  -4.0914 -3.1659 -6.4911
v  -4.0750 -3.1183 -6.3957
v  -4.0478 -3.1036 -6.3531
v  -4.0252 -3.0981 -6.3753
v  -4.0494 -3.1180 -6.4191
v  -4.0285 -3.1012 -6.2865
v  -4.0133 -3.0903 -6.3036
v  -3.9805 -3.0764 -6.2569
v  -3.9937 -3.0879 -6.2425
v  -3.9643 -3.0694 -6.2737
v  -3.9945 -3.0836 -6.3229
v  -3.9700 -3.0907 -6.3422
v  -3.9959 -3.1098 -6.3957
v  -3.9443 -3.0741 -6.2917
v  -3.9241 -3.0882 -6.3049
v  -3.9449 -3.1090 -6.3546
v  -3.9662 -3.1311 -6.4073
v  -4.2755 -3.4054 -6.6443
v  -4.2599 -3.3649 -6.6262
v  -4.2494 -3.3673 -6.6537
v  -4.2712 -3.3935 -6.6740
v  -4.2724 -3.3884 -6.6487
v  -4.2879 -3.4263 -6.6943
v  -4.2370 -3.3401 -6.6038
v  -4.2121 -3.3101 -6.5838
v  -4.1894 -3.3118 -6.6164
v  -4.2227 -3.3416 -6.6346
v  -4.1762 -3.2738 -6.5930
v  -4.1944 -3.2710 -6.5704
v  -4.1497 -3.2437 -6.5940
v  -4.1632 -3.2713 -6.6032
v  -4.1442 -3.2548 -6.6082
v  -4.1636 -3.2854 -6.6175
v  -4.1276 -3.2112 -6.5780
v  -4.0976 -3.1886 -6.5500
v  -4.0856 -3.1977 -6.5683
v  -4.1199 -3.2212 -6.5916
v  -4.0679 -3.1751 -6.5159
v  -4.0410 -3.1578 -6.4797
v  -4.0056 -3.1779 -6.5028
v  -4.0477 -3.1881 -6.5393
v  -3.9853 -3.1530 -6.4544
v  -4.0185 -3.1339 -6.4408
v  -4.2782 -3.3839 -6.6967
v  -4.3035 -3.4079 -6.7217
v  -4.2534 -3.3573 -6.6769
v  -4.2569 -3.3466 -6.6969
v  -4.2844 -3.3694 -6.7169
v  -4.3122 -3.3917 -6.7413
v  -4.2248 -3.3331 -6.6600
v  -4.1940 -3.3109 -6.6473
v  -4.2014 -3.3012 -6.6666
v  -4.2289 -3.3243 -6.6801
v  -4.2494 -3.3321 -6.7279
v  -4.2552 -3.3390 -6.7132
v  -4.2281 -3.3178 -6.6951
v  -4.2245 -3.3113 -6.7084
v  -4.2052 -3.2929 -6.6793
v  -4.2031 -3.2865 -6.6923
v  -4.1710 -3.2825 -6.6377
v  -4.1507 -3.2502 -6.6248
v  -4.1618 -3.2397 -6.6376
v  -4.1812 -3.2725 -6.6535
v  -4.1670 -3.2312 -6.6495
v  -4.1872 -3.2638 -6.6649
v  -4.1847 -3.2582 -6.6784
v  -4.1631 -3.2270 -6.6642
v  -4.1228 -3.2173 -6.6061
v  -4.0847 -3.1911 -6.5858
v  -4.0908 -3.1766 -6.5990
v  -4.1323 -3.2055 -6.6179
v  -4.0907 -3.1634 -6.6282
v  -4.1322 -3.1936 -6.6467
v  -4.1364 -3.1963 -6.6308
v  -4.0932 -3.1669 -6.6124
v  -4.0376 -3.1803 -6.5657
v  -3.9917 -3.1689 -6.5424
v  -3.9847 -3.1452 -6.5647
v  -4.0389 -3.1601 -6.5839
v  -3.9830 -3.1167 -6.5907
v  -4.0401 -3.1394 -6.6109
v  -4.0405 -3.1471 -6.5970
v  -3.9835 -3.1286 -6.5788
v  -4.4147 -3.6867 -7.0887
v  -4.4017 -3.6777 -7.1223
v  -4.4052 -3.6537 -7.1072
v  -4.4188 -3.6630 -7.0766
v  -4.3844 -3.6412 -7.1426
v  -4.3797 -3.6650 -7.1601
v  -4.4110 -3.6669 -7.0278
v  -4.4110 -3.6878 -7.0390
v  -4.4172 -3.6894 -7.0280
v  -4.4185 -3.6681 -7.0168
v  -4.4188 -3.6904 -7.0121
v  -4.4199 -3.6701 -7.0016
v  -4.4102 -3.6661 -7.0442
v  -4.4104 -3.6880 -7.0546
v  -4.4085 -3.6875 -7.0465
v  -4.4077 -3.6664 -7.0357
v  -4.4147 -3.6889 -7.0670
v  -4.4165 -3.6663 -7.0561
v  -4.4154 -3.6429 -6.9814
v  -4.4146 -3.6375 -6.9950
v  -4.4096 -3.6019 -6.9663
v  -4.4102 -3.6109 -6.9535
v  -4.4037 -3.5955 -6.9771
v  -4.4075 -3.6340 -7.0058
v  -4.4021 -3.5878 -6.9931
v  -4.4051 -3.6290 -7.0232
v  -4.4030 -3.6315 -7.0142
v  -4.4004 -3.5915 -6.9851
v  -4.4126 -3.6275 -7.0337
v  -4.4082 -3.5842 -7.0027
v  -4.4157 -3.5779 -7.0171
v  -4.4201 -3.6227 -7.0514
v  -4.4034 -3.5762 -6.9215
v  -4.4035 -3.5661 -6.9336
v  -4.3959 -3.5335 -6.9011
v  -4.3934 -3.5431 -6.8900
v  -4.3912 -3.5293 -6.9124
v  -4.3968 -3.5605 -6.9443
v  -4.3350 -3.4151 -6.7743
v  -4.3302 -3.4276 -6.7554
v  -4.3506 -3.4461 -6.7921
v  -4.3535 -3.4374 -6.8079
v  -4.3384 -3.4602 -6.7825
v  -4.3152 -3.4473 -6.7419
v  -4.3820 -3.5169 -6.8627
v  -4.3869 -3.5071 -6.8728
v  -4.3754 -3.4850 -6.8472
v  -4.3683 -3.4949 -6.8381
v  -4.3771 -3.4815 -6.8635
v  -4.3861 -3.5042 -6.8855
v  -4.3898 -3.5229 -6.9261
v  -4.3958 -3.5523 -6.9599
v  -4.3934 -3.5563 -6.9526
v  -4.3891 -3.5276 -6.9218
v  -4.3830 -3.5005 -6.8953
v  -4.3857 -3.5079 -6.8984
v  -4.4009 -3.5477 -6.9678
v  -4.3919 -3.5180 -6.9321
v  -4.3909 -3.5118 -6.9396
v  -4.4049 -3.5410 -6.9786
v  -4.3809 -3.4956 -6.8988
v  -4.3717 -3.4761 -6.8699
v  -4.3686 -3.4764 -6.8792
v  -4.3767 -3.4903 -6.9031
v  -4.3675 -3.4576 -6.8348
v  -4.3635 -3.4649 -6.8220
v  -4.3541 -3.4757 -6.8137
v  -4.4100 -3.6131 -7.0784
v  -4.4083 -3.5687 -7.0388
v  -4.3898 -3.5562 -7.0649
v  -4.3905 -3.6029 -7.1112
v  -4.3984 -3.5324 -6.9943
v  -4.3824 -3.5053 -6.9475
v  -4.3682 -3.5015 -6.9538
v  -4.3825 -3.5259 -7.0054
v  -4.3498 -3.5028 -6.9575
v  -4.3618 -3.5232 -7.0051
v  -4.3389 -3.5211 -7.0068
v  -4.3283 -3.5017 -6.9659
v  -4.3490 -3.5226 -7.0384
v  -4.3678 -3.5300 -7.0501
v  -4.3380 -3.4455 -6.8492
v  -4.3577 -3.4645 -6.8673
v  -4.3611 -3.4565 -6.8479
v  -4.3455 -3.4374 -6.8243
v  -4.3663 -3.4827 -6.9025
v  -4.3514 -3.4775 -6.9012
v  -4.2759 -3.3500 -6.7517
v  -4.2842 -3.3583 -6.7344
v  -4.3096 -3.3815 -6.7609
v  -4.3021 -3.3757 -6.7850
v  -4.3098 -3.4318 -6.8716
v  -4.3184 -3.4681 -6.9192
v  -4.3355 -3.4746 -6.9059
v  -4.3246 -3.4415 -6.8612
v  -4.3216 -3.4105 -6.8109
v  -4.3284 -3.4106 -6.7931
v  -4.3050 -3.4008 -6.8292
v  -4.3173 -3.4154 -6.8289
v  -4.4720 -3.5475 -6.0542
v  -4.4514 -3.5128 -6.0215
v  -4.5064 -3.4957 -6.0195
v  -4.5319 -3.5299 -6.0586
v  -4.4770 -3.4610 -5.9827
v  -4.4294 -3.4766 -5.9876
v  -4.4116 -3.4485 -5.9503
v  -4.4519 -3.4329 -5.9453
v  -4.4318 -3.4092 -5.9102
v  -4.3965 -3.4246 -5.9150
v  -4.3841 -3.4040 -5.8837
v  -4.3724 -3.3850 -5.8583
v  -4.4085 -3.3706 -5.8532
v  -4.4191 -3.3890 -5.8791
v  -4.3612 -3.3696 -5.8370
v  -4.3977 -3.3555 -5.8308
v  -4.3864 -3.3424 -5.8112
v  -4.3500 -3.3566 -5.8181
v  -4.3386 -3.3444 -5.8002
v  -4.3748 -3.3299 -5.7934
v  -4.3629 -3.3182 -5.7754
v  -4.3265 -3.3322 -5.7822
v  -4.3135 -3.3199 -5.7626
v  -4.3507 -3.3068 -5.7556
v  -4.3360 -3.2945 -5.7343
v  -4.2980 -3.3074 -5.7414
v  -4.2797 -3.2968 -5.7164
v  -4.3189 -3.2832 -5.7084
v  -4.2981 -3.2732 -5.6766
v  -4.2566 -3.2865 -5.6882
v  -4.2273 -3.2768 -5.6563
v  -4.2721 -3.2634 -5.6386
v  -4.2472 -3.2517 -5.5951
v  -4.1889 -3.2696 -5.6164
v  -4.1730 -3.2380 -5.5059
v  -4.2212 -3.2240 -5.4946
v  -4.2306 -3.2379 -5.5456
v  -4.1796 -3.2522 -5.5589
v  -4.1011 -3.2838 -5.5616
v  -4.1389 -3.2707 -5.5606
v  -4.1408 -3.2853 -5.6060
v  -4.1027 -3.2952 -5.6041
v  -4.0978 -3.2687 -5.5137
v  -4.1345 -3.2562 -5.5097
v  -4.3797 -3.5033 -6.0100
v  -4.3993 -3.4858 -6.0018
v  -4.4165 -3.5231 -6.0342
v  -4.3937 -3.5350 -6.0452
v  -4.4320 -3.5595 -6.0628
v  -4.4053 -3.5677 -6.0737
v  -4.3484 -3.4498 -5.9351
v  -4.3694 -3.4313 -5.9278
v  -4.3836 -3.4561 -5.9643
v  -4.3642 -3.4751 -5.9721
v  -4.3217 -3.4116 -5.8731
v  -4.3442 -3.3912 -5.8693
v  -4.3566 -3.4103 -5.8954
v  -4.3345 -3.4289 -5.9014
v  -4.2989 -3.3869 -5.8337
v  -4.3221 -3.3659 -5.8288
v  -4.3330 -3.3777 -5.8473
v  -4.3101 -3.3986 -5.8513
v  -4.2758 -3.3606 -5.7999
v  -4.2992 -3.3414 -5.7927
v  -4.3110 -3.3537 -5.8109
v  -4.2877 -3.3741 -5.8169
v  -4.2466 -3.3353 -5.7612
v  -4.2695 -3.3150 -5.7532
v  -4.2857 -3.3281 -5.7736
v  -4.2622 -3.3471 -5.7814
v  -4.2286 -3.3271 -5.7394
v  -4.2504 -3.3042 -5.7306
v  -4.2270 -3.2939 -5.7074
v  -4.2076 -3.3219 -5.7170
v  -4.1814 -3.3164 -5.6964
v  -4.1506 -3.3124 -5.6811
v  -4.1674 -3.2867 -5.6578
v  -4.1988 -3.2860 -5.6816
v  -4.1164 -3.3125 -5.6737
v  -4.1321 -3.2931 -5.6456
v  -4.0960 -3.2960 -5.6438
v  -4.0816 -3.3107 -5.6736
v  -4.3868 -3.5762 -6.0733
v  -4.3756 -3.5494 -6.0489
v  -4.3618 -3.5652 -6.0514
v  -4.3742 -3.5796 -6.0682
v  -4.3434 -3.5447 -6.0219
v  -4.3607 -3.5230 -6.0168
v  -4.3434 -3.4986 -5.9794
v  -4.3233 -3.5253 -5.9852
v  -4.3042 -3.5077 -5.9459
v  -4.3259 -3.4766 -5.9413
v  -4.3097 -3.4575 -5.9071
v  -4.2860 -3.4919 -5.9105
v  -4.2689 -3.4778 -5.8819
v  -4.2946 -3.4412 -5.8789
v  -4.2815 -3.4285 -5.8583
v  -4.2556 -3.4669 -5.8604
v  -4.2443 -3.4555 -5.8437
v  -4.2697 -3.4167 -5.8421
v  -4.3268 -3.5961 -6.0190
v  -4.3303 -3.5704 -6.0236
v  -4.3531 -3.5860 -6.0534
v  -4.3528 -3.6082 -6.0508
v  -4.3745 -3.5977 -6.0752
v  -4.3766 -3.6186 -6.0767
v  -4.2895 -3.5426 -5.9444
v  -4.3085 -3.5558 -5.9856
v  -4.3037 -3.5852 -5.9794
v  -4.2847 -3.5743 -5.9369
v  -4.2513 -3.5175 -5.8781
v  -4.2705 -3.5298 -5.9074
v  -4.2647 -3.5633 -5.8983
v  -4.2425 -3.5527 -5.8686
v  -4.4081 -3.7241 -6.0929
v  -4.4319 -3.7344 -6.1255
v  -4.3857 -3.7124 -6.0601
v  -4.4099 -3.7119 -6.0940
v  -4.3900 -3.7002 -6.0616
v  -4.4316 -3.7207 -6.1267
v  -4.3638 -3.6990 -6.0188
v  -4.3445 -3.6870 -5.9706
v  -4.3495 -3.6711 -5.9762
v  -4.3694 -3.6854 -6.0218
v  -4.3275 -3.6781 -5.9180
v  -4.3112 -3.6701 -5.8663
v  -4.3127 -3.6521 -5.8779
v  -4.3319 -3.6608 -5.9267
v  -4.2885 -3.6600 -5.8227
v  -4.2591 -3.6484 -5.7907
v  -4.2594 -3.6335 -5.8013
v  -4.2889 -3.6427 -5.8345
v  -4.2289 -3.6350 -5.7692
v  -4.1999 -3.6207 -5.7544
v  -4.2032 -3.6082 -5.7631
v  -4.2306 -3.6217 -5.7788
v  -4.1728 -3.6067 -5.7438
v  -4.1486 -3.5930 -5.7331
v  -4.1541 -3.5795 -5.7396
v  -4.1775 -3.5940 -5.7509
v  -4.1054 -3.5686 -5.7090
v  -4.1266 -3.5802 -5.7213
v  -4.1105 -3.5542 -5.7170
v  -4.1321 -3.5660 -5.7285
v  -4.0676 -3.5327 -5.6874
v  -4.0892 -3.5442 -5.7033
v  -4.0846 -3.5582 -5.6952
v  -4.0629 -3.5469 -5.6798
v  -4.0091 -3.5170 -5.6526
v  -4.0378 -3.5326 -5.6645
v  -4.0147 -3.5025 -5.6604
v  -4.0429 -3.5180 -5.6721
v  -3.9784 -3.5007 -5.6454
v  -3.9464 -3.4843 -5.6407
v  -3.9541 -3.4727 -5.6486
v  -3.9852 -3.4875 -5.6533
v  -4.3863 -3.6578 -6.0695
v  -4.3899 -3.6803 -6.0651
v  -4.3681 -3.6654 -6.0286
v  -4.3635 -3.6442 -6.0367
v  -4.3463 -3.6513 -5.9867
v  -4.3402 -3.6312 -5.9985
v  -4.3207 -3.6204 -5.9545
v  -4.3130 -3.6034 -5.9671
v  -4.3343 -3.6137 -6.0087
v  -4.2936 -3.5931 -5.9236
v  -4.3019 -3.6102 -5.9092
v  -4.3281 -3.6403 -5.9400
v  -4.3091 -3.6310 -5.8930
v  -4.2797 -3.6000 -5.8676
v  -4.2704 -3.5837 -5.8842
v  -4.2455 -3.5749 -5.8533
v  -4.2531 -3.5916 -5.8352
v  -4.2860 -3.6213 -5.8501
v  -4.2572 -3.6133 -5.8171
v  -4.2301 -3.6029 -5.7955
v  -4.2055 -3.5897 -5.7797
v  -4.2069 -3.5689 -5.7993
v  -4.2287 -3.5816 -5.8142
v  -4.1596 -3.5604 -5.7559
v  -4.1823 -3.5749 -5.7667
v  -4.1633 -3.5412 -5.7772
v  -4.1852 -3.5549 -5.7872
v  -4.1193 -3.5176 -5.7581
v  -4.1413 -3.5288 -5.7683
v  -4.1372 -3.5474 -5.7463
v  -4.1156 -3.5358 -5.7351
v  -4.0749 -3.4973 -5.7281
v  -4.0973 -3.5079 -5.7444
v  -4.0950 -3.5251 -5.7204
v  -4.0736 -3.5136 -5.7038
v  -4.0256 -3.4705 -5.6966
v  -4.0509 -3.4842 -5.7107
v  -4.0493 -3.4994 -5.6874
v  -4.0213 -3.4853 -5.6756
v  -4.4007 -3.6471 -6.0983
v  -4.3958 -3.6242 -6.0974
v  -4.4232 -3.6289 -6.1191
v  -4.4048 -3.6697 -6.0970
v  -4.4175 -3.6558 -6.1221
v  -4.4226 -3.6792 -6.1255
v  -4.3821 -3.6378 -6.0734
v  -4.4083 -3.6924 -6.0955
v  -4.4277 -3.7017 -6.1270
v  -4.3591 -3.6257 -6.0437
v  -4.5157 -3.4738 -6.3315
v  -4.4983 -3.4748 -6.3293
v  -4.4966 -3.4549 -6.3170
v  -4.5166 -3.4491 -6.3181
v  -4.5037 -3.4269 -6.3019
v  -4.4892 -3.4365 -6.3040
v  -4.5389 -3.5054 -6.3693
v  -4.5411 -3.4933 -6.3567
v  -4.5266 -3.4896 -6.3542
v  -4.5218 -3.5003 -6.3673
v  -4.5296 -3.4354 -6.3146
v  -4.5406 -3.4264 -6.3175
v  -4.5293 -3.4127 -6.2928
v  -4.5173 -3.4209 -6.2954
v  -4.5460 -3.4523 -6.3433
v  -4.5336 -3.4535 -6.3326
v  -4.5308 -3.4723 -6.3407
v  -4.5435 -3.4727 -6.3506
v  -4.5464 -3.4379 -6.3338
v  -4.5370 -3.4419 -6.3280
v  -4.5500 -3.5131 -6.3701
v  -4.5604 -3.5183 -6.3725
v  -4.5627 -3.5009 -6.3639
v  -4.5521 -3.4976 -6.3597
v  -4.5514 -3.4199 -6.3195
v  -4.5405 -3.4039 -6.2943
v  -4.5540 -3.3972 -6.2945
v  -4.5640 -3.4161 -6.3194
v  -4.5694 -3.4536 -6.3509
v  -4.5574 -3.4525 -6.3487
v  -4.5550 -3.4752 -6.3556
v  -4.5661 -3.4774 -6.3595
v  -4.5568 -3.4355 -6.3366
v  -4.5689 -3.4345 -6.3373
v  -4.5714 -3.3917 -6.2909
v  -4.5805 -3.4145 -6.3168
v  -4.5958 -3.3934 -6.2796
v  -4.6030 -3.4212 -6.3074
v  -4.5926 -3.5097 -6.3695
v  -4.5756 -3.5032 -6.3675
v  -4.5721 -3.5200 -6.3763
v  -4.5853 -3.5247 -6.3782
v  -4.6045 -3.4653 -6.3457
v  -4.5842 -3.4563 -6.3504
v  -4.5806 -3.4800 -6.3612
v  -4.6001 -3.4883 -6.3596
v  -4.5842 -3.4355 -6.3356
v  -4.6054 -3.4439 -6.3284
v  -4.6071 -3.5592 -6.3657
v  -4.6012 -3.5401 -6.3744
v  -4.6161 -3.5296 -6.3632
v  -4.6229 -3.5656 -6.3420
v  -4.6040 -3.5709 -6.3617
v  -4.6055 -3.5865 -6.3448
v  -4.6329 -3.4435 -6.2863
v  -4.6259 -3.4132 -6.2541
v  -4.6421 -3.4463 -6.2180
v  -4.6520 -3.4790 -6.2530
v  -4.6353 -3.5248 -6.2953
v  -4.6313 -3.4893 -6.3296
v  -4.6271 -3.5107 -6.3477
v  -4.6371 -3.5473 -6.3170
v  -4.6334 -3.4678 -6.3099
v  -4.6454 -3.5044 -6.2770
v  -4.5911 -3.6182 -6.3091
v  -4.5644 -3.6420 -6.2686
v  -4.5841 -3.6374 -6.2518
v  -4.6139 -3.6075 -6.2945
v  -4.6118 -3.5627 -6.1626
v  -4.6038 -3.5311 -6.1279
v  -4.6364 -3.4889 -6.1725
v  -4.6455 -3.5230 -6.2082
v  -4.5952 -3.6217 -6.2298
v  -4.6258 -3.5879 -6.2741
v  -4.6205 -3.5621 -6.2543
v  -4.5940 -3.5976 -6.2112
v  -4.6349 -3.5455 -6.2346
v  -4.6033 -3.5814 -6.1904
v  -4.4896 -3.6655 -6.2054
v  -4.5102 -3.6604 -6.2494
v  -4.5035 -3.6727 -6.2620
v  -4.4718 -3.6822 -6.2014
v  -4.5137 -3.6601 -6.2078
v  -4.5226 -3.6552 -6.2417
v  -4.5001 -3.6022 -6.1030
v  -4.4887 -3.5790 -6.0787
v  -4.5506 -3.5626 -6.0919
v  -4.5595 -3.5897 -6.1228
v  -4.5419 -3.6519 -6.2416
v  -4.5477 -3.6531 -6.2217
v  -4.4741 -3.6551 -6.1644
v  -4.4664 -3.6366 -6.1337
v  -4.4485 -3.6582 -6.1593
v  -4.5084 -3.6370 -6.1441
v  -4.5105 -3.6537 -6.1727
v  -4.4349 -3.6659 -6.1485
v  -4.4447 -3.6859 -6.1600
v  -4.4560 -3.6106 -6.1053
v  -4.4441 -3.5892 -6.0865
v  -4.4129 -3.5958 -6.0962
v  -4.4712 -3.6225 -6.1180
v  -4.5074 -3.6192 -6.1240
v  -4.3919 -3.6005 -6.0902
v  -4.5583 -3.6079 -6.1495
v  -4.5557 -3.6248 -6.1710
v  -4.5544 -3.6441 -6.1948
v  -4.4512 -3.7079 -6.1668
v  -4.4545 -3.7279 -6.1695
v  -4.4727 -3.7064 -6.2179
v  -4.4726 -3.7323 -6.2288
v  -4.4541 -3.7429 -6.1682
v  -4.4673 -3.7493 -6.2146
v  -4.5828 -3.7382 -6.5056
v  -4.5883 -3.7101 -6.5150
v  -4.6052 -3.7206 -6.5369
v  -4.5982 -3.7484 -6.5319
v  -4.5756 -3.7022 -6.4907
v  -4.5700 -3.7315 -6.4786
v  -4.5582 -3.7295 -6.4513
v  -4.5652 -3.6962 -6.4661
v  -4.5579 -3.6883 -6.4406
v  -4.5474 -3.7316 -6.4171
v  -4.5433 -3.7127 -6.3824
v  -4.5566 -3.6746 -6.4126
v  -4.5596 -3.6593 -6.3871
v  -4.5382 -3.6997 -6.3403
v  -4.5404 -3.6751 -6.3239
v  -4.5640 -3.6448 -6.3677
v  -4.4997 -3.6929 -6.2755
v  -4.4974 -3.7135 -6.2863
v  -4.5384 -3.7705 -6.3672
v  -4.5303 -3.7615 -6.3319
v  -4.5321 -3.7409 -6.3553
v  -4.5416 -3.7537 -6.3859
v  -4.5152 -3.7306 -6.3209
v  -4.5098 -3.7534 -6.2952
v  -4.4968 -3.7293 -6.2910
v  -4.4885 -3.7462 -6.2641
v  -4.4887 -3.7603 -6.2473
v  -4.5145 -3.7699 -6.2764
v  -4.5301 -3.7772 -6.3180
v  -4.5363 -3.7847 -6.3576
v  -4.3549 -3.6134 -7.2139
v  -4.3562 -3.6390 -7.2352
v  -4.3640 -3.6520 -7.2001
v  -4.3665 -3.6272 -7.1806
v  -4.3443 -3.5528 -7.1561
v  -4.3523 -3.5830 -7.1877
v  -4.3711 -3.5921 -7.1514
v  -4.3708 -3.5550 -7.1193
v  -4.3573 -3.5281 -7.0905
v  -4.3365 -3.5181 -7.0590
v  -4.3133 -3.5227 -7.0777
v  -4.3296 -3.5321 -7.1190
v  -4.3188 -3.5142 -7.0231
v  -4.3074 -3.4925 -6.9853
v  -4.2856 -3.4843 -7.0050
v  -4.2978 -3.5117 -7.0399
v  -4.2986 -3.4568 -6.9408
v  -4.2907 -3.4188 -6.8927
v  -4.2732 -3.4033 -6.9181
v  -4.2785 -3.4448 -6.9637
v  -4.2874 -3.3854 -6.8466
v  -4.2795 -3.3580 -6.8048
v  -4.2534 -3.3543 -6.8241
v  -4.2653 -3.3731 -6.8699
v  -4.2594 -3.3430 -6.7705
v  -4.2381 -3.3256 -6.7448
v  -4.2220 -3.3220 -6.7613
v  -4.2379 -3.3406 -6.7875
v  -4.1996 -3.2787 -6.7099
v  -4.2186 -3.3035 -6.7254
v  -4.2067 -3.2993 -6.7430
v  -4.1900 -3.2746 -6.7288
v  -4.1576 -3.2218 -6.6828
v  -4.1806 -3.2515 -6.6965
v  -4.1709 -3.2483 -6.7162
v  -4.1472 -3.2198 -6.7031
v  -4.1267 -3.1898 -6.6663
v  -4.0868 -3.1587 -6.6476
v  -4.1171 -3.1886 -6.6877
v  -4.0790 -3.1554 -6.6702
v  -3.9802 -3.1062 -6.6038
v  -4.0376 -3.1312 -6.6277
v  -4.0313 -3.1232 -6.6493
v  -3.9753 -3.0966 -6.6188
v  -4.2500 -3.4442 -6.9763
v  -4.2578 -3.4854 -7.0147
v  -4.2448 -3.4063 -6.9300
v  -4.2158 -3.4240 -6.9303
v  -4.2192 -3.4616 -6.9727
v  -4.2269 -3.5013 -7.0100
v  -4.2371 -3.3806 -6.8815
v  -4.2270 -3.3619 -6.8370
v  -4.1978 -3.3761 -6.8463
v  -4.2083 -3.3970 -6.8869
v  -4.2143 -3.3452 -6.8009
v  -4.2001 -3.3262 -6.7741
v  -4.1717 -3.3377 -6.7843
v  -4.1854 -3.3573 -6.8115
v  -4.1857 -3.3050 -6.7548
v  -4.1577 -3.3173 -6.7642
v  -4.1693 -3.2821 -6.7405
v  -4.1416 -3.2962 -6.7495
v  -4.1251 -3.2313 -6.7170
v  -4.1494 -3.2573 -6.7293
v  -4.1216 -3.2743 -6.7388
v  -4.0976 -3.2521 -6.7255
v  -4.0578 -3.1714 -6.6866
v  -4.0954 -3.2022 -6.7032
v  -4.0349 -3.2032 -6.6844
v  -4.0695 -3.2285 -6.7075
v  -3.9577 -3.1071 -6.6367
v  -4.0107 -3.1400 -6.6661
v  -3.9904 -3.1743 -6.6593
v  -3.9394 -3.1392 -6.6319
v  -4.0376 -3.1193 -6.2733
v  -4.0367 -3.1412 -6.2668
v  -4.0038 -3.1235 -6.2251
v  -4.0021 -3.1044 -6.2314
v  -3.9402 -3.0588 -6.2366
v  -3.9237 -3.0628 -6.2525
v  -3.9071 -3.0576 -6.2254
v  -3.9217 -3.0550 -6.2097
v  -3.9000 -3.0662 -6.2420
v  -3.9086 -3.0737 -6.2648
v  -3.9537 -3.0706 -6.1963
v  -3.9387 -3.0609 -6.1986
v  -3.9561 -3.0646 -6.2228
v  -3.9684 -3.0765 -6.2114
v  -4.0409 -3.1722 -6.2543
v  -4.0033 -3.1585 -6.2103
v  -4.0042 -3.1398 -6.2195
v  -4.0332 -3.1587 -6.2622
v  -3.9504 -3.0982 -6.1771
v  -3.9516 -3.0801 -6.1841
v  -3.9755 -3.0912 -6.2008
v  -3.9783 -3.1087 -6.1931
v  -3.9001 -3.0817 -6.1859
v  -3.9059 -3.0600 -6.1889
v  -3.9285 -3.0684 -6.1805
v  -3.9229 -3.0879 -6.1750
v  -3.8898 -3.0755 -6.2350
v  -3.8904 -3.0631 -6.2090
v  -3.8881 -3.0843 -6.2092
v  -3.8882 -3.0902 -6.2322
v  -3.9409 -3.1540 -6.4052
v  -3.9544 -3.1685 -6.4508
v  -3.9308 -3.1878 -6.4425
v  -3.9220 -3.1797 -6.3984
v  -3.9266 -3.1787 -6.4795
v  -3.9593 -3.1760 -6.4892
v  -3.9477 -3.1531 -6.5175
v  -3.9075 -3.1462 -6.5004
v  -3.8905 -3.1068 -6.5076
v  -3.9346 -3.1233 -6.5354
v  -3.9287 -3.1022 -6.5486
v  -3.9239 -3.0884 -6.5609
v  -3.8838 -3.0777 -6.5136
v  -3.8782 -3.0576 -6.5237
v  -3.8701 -3.0437 -6.5380
v  -3.9183 -3.0780 -6.5722
v  -3.9131 -3.0703 -6.5820
v  -3.8619 -3.0348 -6.5529
v  -3.8499 -3.0371 -6.5713
v  -3.9012 -3.0712 -6.5999
v  -3.8379 -3.0581 -6.5777
v  -3.8854 -3.0959 -6.6023
v  -3.7889 -3.0482 -6.5461
v  -3.8067 -3.0423 -6.5604
v  -3.8130 -3.0201 -6.5508
v  -3.7914 -3.0252 -6.5307
v  -3.8257 -3.0113 -6.5306
v  -3.8028 -3.0107 -6.5187
v  -3.8356 -3.0218 -6.5092
v  -3.8028 -3.0238 -6.4998
v  -3.8437 -3.0410 -6.4920
v  -3.8085 -3.0464 -6.4845
v  -3.7905 -3.0613 -6.5013
v  -3.7867 -3.0410 -6.5132
v  -3.7835 -3.0616 -6.5303
v  -3.7856 -3.0726 -6.5177
v  -3.8323 -3.1071 -6.4828
v  -3.8164 -3.0727 -6.4775
v  -3.8499 -3.0664 -6.4834
v  -3.8589 -3.1008 -6.4839
v  -3.7941 -3.0736 -6.5603
v  -3.8057 -3.0626 -6.5670
v  -3.8270 -3.0837 -6.5818
v  -3.8113 -3.1072 -6.5791
v  -3.8129 -3.1190 -6.4992
v  -3.7977 -3.0855 -6.4974
v  -3.7901 -3.0929 -6.5219
v  -3.8035 -3.1267 -6.5275
v  -3.7881 -3.0865 -6.5438
v  -3.8022 -3.1229 -6.5570
v  -4.2245 -3.3723 -6.0460
v  -4.2078 -3.3568 -6.0073
v  -4.1774 -3.3609 -6.0265
v  -4.1916 -3.3778 -6.0639
v  -4.2378 -3.2657 -5.9578
v  -4.2133 -3.2421 -5.9258
v  -4.1934 -3.2820 -5.9333
v  -4.2150 -3.3054 -5.9624
v  -4.1575 -3.2467 -5.8794
v  -4.1760 -3.2649 -5.9076
v  -4.1939 -3.2244 -5.8957
v  -4.1744 -3.2064 -5.8626
v  -4.1531 -3.3547 -6.0376
v  -4.1628 -3.3730 -6.0757
v  -4.1544 -3.3345 -6.0768
v  -4.1459 -3.3188 -6.0402
v  -4.1887 -3.3289 -5.9763
v  -4.1706 -3.3047 -5.9475
v  -4.1495 -3.3114 -5.9624
v  -4.1643 -3.3348 -5.9934
v  -4.1543 -3.2866 -5.9228
v  -4.1356 -3.2699 -5.8947
v  -4.1143 -3.2755 -5.9087
v  -4.1335 -3.2939 -5.9363
v  -4.1463 -3.3278 -6.0038
v  -4.1396 -3.2958 -6.0072
v  -4.1371 -3.3011 -5.9735
v  -4.1280 -3.2728 -5.9768
v  -4.1425 -3.2571 -6.0268
v  -4.1565 -3.2704 -6.0610
v  -4.1345 -3.2086 -6.0575
v  -4.1131 -3.2004 -6.0214
v  -4.0997 -3.2648 -5.9189
v  -4.1224 -3.2802 -5.9468
v  -4.1134 -3.2524 -5.9487
v  -4.0890 -3.2394 -5.9211
v  -4.0861 -3.1747 -6.0299
v  -4.1114 -3.1801 -6.0672
v  -4.0897 -3.1753 -6.0804
v  -4.0642 -3.1676 -6.0428
v  -4.1083 -3.2268 -5.9701
v  -4.1264 -3.2414 -5.9971
v  -4.0932 -3.1926 -5.9925
v  -4.0753 -3.1857 -5.9671
v  -4.0683 -3.2075 -5.9167
v  -4.0903 -3.2144 -5.9438
v  -4.0585 -3.1807 -5.9415
v  -4.0399 -3.1806 -5.9150
v  -4.0425 -3.1834 -6.0535
v  -4.0690 -3.1954 -6.0890
v  -4.0261 -3.2069 -6.0564
v  -4.0535 -3.2232 -6.0906
v  -4.0477 -3.1634 -5.9742
v  -4.0652 -3.1689 -6.0004
v  -4.0435 -3.1593 -6.0122
v  -4.0261 -3.1510 -5.9843
v  -4.0152 -3.1651 -5.9196
v  -4.0320 -3.1610 -5.9472
v  -4.0105 -3.1493 -5.9545
v  -3.9947 -3.1571 -5.9247
v  -4.0326 -3.2374 -6.0949
v  -4.0088 -3.2272 -6.1056
v  -4.0051 -3.2107 -6.0622
v  -3.9803 -3.2012 -6.0710
v  -4.0220 -3.1678 -6.0232
v  -4.0050 -3.1540 -5.9933
v  -3.9881 -3.1677 -5.9958
v  -4.0050 -3.1850 -6.0265
v  -3.9759 -3.1591 -5.9274
v  -3.9902 -3.1504 -5.9603
v  -3.9560 -3.1602 -5.9282
v  -3.9726 -3.1588 -5.9629
v  -3.9665 -3.1632 -6.0006
v  -3.9849 -3.1826 -6.0326
v  -3.9582 -3.1739 -6.0403
v  -3.9380 -3.1527 -6.0087
v  -3.9497 -3.1526 -5.9663
v  -3.9192 -3.1397 -5.9743
v  -3.9326 -3.1462 -5.9287
v  -3.8999 -3.1299 -5.9342
v  -4.6399 -3.6048 -6.6684
v  -4.6487 -3.6292 -6.6884
v  -4.6371 -3.6034 -6.6889
v  -4.6428 -3.6407 -6.7180
v  -4.6501 -3.6261 -6.6701
v  -4.6391 -3.6077 -6.6522
v  -4.6510 -3.6270 -6.6582
v  -4.6369 -3.6149 -6.6441
v  -4.6502 -3.6308 -6.6493
v  -4.6351 -3.6225 -6.6386
v  -4.6731 -3.6368 -6.6573
v  -4.6630 -3.6323 -6.6537
v  -4.6636 -3.6302 -6.6649
v  -4.6739 -3.6351 -6.6688
v  -4.6628 -3.6311 -6.6791
v  -4.6738 -3.6360 -6.6836
v  -4.6337 -3.6286 -6.6289
v  -4.6467 -3.6360 -6.6392
v  -4.6405 -3.6428 -6.6271
v  -4.6307 -3.6328 -6.6189
v  -4.6292 -3.6389 -6.6102
v  -4.6273 -3.6335 -6.6105
v  -4.6601 -3.6365 -6.6431
v  -4.6714 -3.6403 -6.6472
v  -4.6698 -3.6459 -6.6375
v  -4.6574 -3.6426 -6.6324
v  -4.6451 -3.6585 -6.6048
v  -4.6367 -3.6492 -6.5931
v  -4.6326 -3.6430 -6.6038
v  -4.6424 -3.6504 -6.6169
v  -4.6564 -3.6509 -6.6221
v  -4.6686 -3.6545 -6.6278
v  -4.6686 -3.6670 -6.6178
v  -4.6574 -3.6623 -6.6108
v  -4.6470 -3.6730 -6.5919
v  -4.6378 -3.6618 -6.5804
v  -4.6368 -3.6765 -6.5687
v  -4.6476 -3.6891 -6.5805
v  -4.6919 -3.6586 -6.6920
v  -4.6842 -3.6467 -6.6883
v  -4.6833 -3.6519 -6.7076
v  -4.6907 -3.6646 -6.7101
v  -4.6727 -3.6411 -6.7036
v  -4.6704 -3.6514 -6.7289
v  -4.6805 -3.6623 -6.7304
v  -4.6879 -3.6742 -6.7305
v  -4.6898 -3.6572 -6.6676
v  -4.6823 -3.6465 -6.6626
v  -4.6835 -3.6453 -6.6737
v  -4.6910 -3.6567 -6.6781
v  -4.6877 -3.6640 -6.6525
v  -4.6802 -3.6543 -6.6450
v  -4.6810 -3.6493 -6.6535
v  -4.6886 -3.6595 -6.6596
v  -4.6791 -3.6742 -6.6281
v  -4.6795 -3.6622 -6.6362
v  -4.6867 -3.6715 -6.6454
v  -4.6861 -3.6821 -6.6394
v  -4.6890 -3.6852 -6.7278
v  -4.6911 -3.6761 -6.7093
v  -4.6870 -3.6859 -6.7076
v  -4.6856 -3.6947 -6.7238
v  -4.6877 -3.6799 -6.6934
v  -4.6920 -3.6702 -6.6930
v  -4.6917 -3.6677 -6.6807
v  -4.6875 -3.6772 -6.6827
v  -4.6869 -3.6769 -6.6751
v  -4.6911 -3.6678 -6.6715
v  -4.6903 -3.6695 -6.6649
v  -4.6861 -3.6784 -6.6698
v  -4.6846 -3.6816 -6.6653
v  -4.6891 -3.6733 -6.6593
v  -4.6826 -3.6868 -6.6603
v  -4.6874 -3.6795 -6.6537
v  -4.6811 -3.6946 -6.6556
v  -4.6863 -3.6886 -6.6486
v  -4.6810 -3.7054 -6.6519
v  -4.6873 -3.7010 -6.6451
v  -4.6820 -3.7184 -6.6501
v  -4.6905 -3.7152 -6.6451
v  -4.6919 -3.7125 -6.6344
v  -4.6874 -3.6965 -6.6349
v  -4.6939 -3.7303 -6.6489
v  -4.6983 -3.7455 -6.6579
v  -4.6848 -3.7333 -6.6513
v  -4.6887 -3.7483 -6.6587
v  -4.7059 -3.7453 -6.6529
v  -4.6988 -3.7291 -6.6407
v  -4.6921 -3.7618 -6.6731
v  -4.7023 -3.7592 -6.6737
v  -4.6925 -3.7735 -6.6917
v  -4.7032 -3.7709 -6.6936
v  -4.7138 -3.7723 -6.6917
v  -4.7118 -3.7595 -6.6705
v  -4.6880 -3.7845 -6.7109
v  -4.6985 -3.7821 -6.7142
v  -4.6903 -3.7912 -6.7346
v  -4.6805 -3.7926 -6.7303
v  -4.7006 -3.7935 -6.7369
v  -4.7092 -3.7840 -6.7143
v  -4.6800 -3.7976 -6.7537
v  -4.6716 -3.7976 -6.7487
v  -4.6636 -3.7942 -6.7652
v  -4.6703 -3.7971 -6.7712
v  -4.6785 -3.8029 -6.7768
v  -4.6900 -3.8005 -6.7579
v  -4.6644 -3.7888 -6.7854
v  -4.6685 -3.7959 -6.7935
v  -4.6598 -3.7851 -6.7773
v  -4.6590 -3.7733 -6.7851
v  -4.6625 -3.7758 -6.7946
v  -4.6647 -3.7809 -6.8052
v  -4.6650 -3.7606 -6.7979
v  -4.6662 -3.7626 -6.8094
v  -4.6617 -3.7603 -6.7876
v  -4.6716 -3.7446 -6.7937
v  -4.6674 -3.7466 -6.7835
v  -4.6731 -3.7426 -6.8058
v  -4.6736 -3.7319 -6.7722
v  -4.6788 -3.7276 -6.7816
v  -4.6834 -3.7106 -6.7647
v  -4.6792 -3.7174 -6.7567
v  -4.6828 -3.7024 -6.7736
v  -4.6795 -3.7219 -6.7929
v  -4.6862 -3.6965 -6.7465
v  -4.6829 -3.7050 -6.7404
v  -4.6848 -3.6869 -6.7521
v  -4.6732 -3.7365 -6.6513
v  -4.6709 -3.7217 -6.6532
v  -4.6582 -3.7247 -6.6556
v  -4.6769 -3.7522 -6.6571
v  -4.6594 -3.7397 -6.6507
v  -4.6632 -3.7565 -6.6548
v  -4.6801 -3.7655 -6.6707
v  -4.6664 -3.7699 -6.6676
v  -4.6671 -3.7808 -6.6846
v  -4.6805 -3.7769 -6.6885
v  -4.6634 -3.7905 -6.7016
v  -4.6764 -3.7873 -6.7065
v  -4.6696 -3.7949 -6.7247
v  -4.6576 -3.7975 -6.7186
v  -4.6623 -3.7983 -6.7422
v  -4.6514 -3.7991 -6.7351
v  -4.6463 -3.7933 -6.7488
v  -4.6558 -3.7933 -6.7572
v  -4.6532 -3.7836 -6.7675
v  -4.6439 -3.7834 -6.7577
v  -4.6442 -3.7720 -6.7628
v  -4.6528 -3.7724 -6.7740
v  -4.6557 -3.7605 -6.7761
v  -4.6475 -3.7607 -6.7642
v  -4.6525 -3.7498 -6.7610
v  -4.6607 -3.7484 -6.7726
v  -4.6676 -3.7109 -6.7150
v  -4.6779 -3.7031 -6.7196
v  -4.6753 -3.7126 -6.7340
v  -4.6650 -3.7195 -6.7272
v  -4.6715 -3.7235 -6.7485
v  -4.6618 -3.7289 -6.7398
v  -4.6574 -3.7390 -6.7520
v  -4.6662 -3.7356 -6.7625
v  -4.6478 -3.7604 -6.6530
v  -4.6514 -3.7748 -6.6645
v  -4.6313 -3.7632 -6.6573
v  -4.6357 -3.7782 -6.6647
v  -4.6526 -3.7855 -6.6804
v  -4.6367 -3.7888 -6.6781
v  -4.6348 -3.7958 -6.6926
v  -4.6494 -3.7941 -6.6965
v  -4.6297 -3.7975 -6.7077
v  -4.6440 -3.7998 -6.7129
v  -4.6387 -3.7988 -6.7285
v  -4.6263 -3.7952 -6.7217
v  -4.6235 -3.7878 -6.7314
v  -4.6349 -3.7918 -6.7408
v  -4.6248 -3.7691 -6.7390
v  -4.6345 -3.7707 -6.7517
v  -4.6333 -3.7819 -6.7483
v  -4.6233 -3.7791 -6.7378
v  -4.6386 -3.7601 -6.7521
v  -4.6297 -3.7600 -6.7395
v  -4.6340 -3.7522 -6.7356
v  -4.6439 -3.7505 -6.7488
v  -4.6380 -3.7452 -6.7298
v  -4.6481 -3.7417 -6.7408
v  -4.6513 -3.7336 -6.7306
v  -4.6393 -3.7396 -6.7213
v  -4.6815 -3.6855 -6.6858
v  -4.6810 -3.6886 -6.6946
v  -4.6726 -3.6968 -6.6949
v  -4.6745 -3.6930 -6.6874
v  -4.6760 -3.6907 -6.6822
v  -4.6810 -3.6850 -6.6793
v  -4.6096 -3.7655 -6.7006
v  -4.6251 -3.7491 -6.7125
v  -4.6268 -3.7509 -6.7198
v  -4.6222 -3.7569 -6.7210
v  -4.6147 -3.7798 -6.7187
v  -4.6169 -3.7875 -6.7143
v  -4.6163 -3.7878 -6.7033
v  -4.6727 -3.6941 -6.6798
v  -4.6795 -3.6867 -6.6746
v  -4.6689 -3.6985 -6.6760
v  -4.6772 -3.6901 -6.6706
v  -4.6199 -3.7830 -6.6839
v  -4.6223 -3.7764 -6.6736
v  -4.6173 -3.7651 -6.6728
v  -4.6214 -3.7899 -6.6925
v  -4.6166 -3.7679 -6.7232
v  -4.6163 -3.7751 -6.7255
v  -4.6214 -3.7615 -6.7263
v  -4.6418 -3.7333 -6.7136
v  -4.6538 -3.7259 -6.7201
v  -4.6430 -3.7280 -6.7051
v  -4.6563 -3.7185 -6.7100
v  -4.6272 -3.7415 -6.7011
v  -4.6292 -3.7428 -6.7088
v  -4.6196 -3.7423 -6.6828
v  -4.6176 -3.7510 -6.6709
v  -4.6291 -3.7446 -6.6583
v  -4.6354 -3.7282 -6.6703
v  -4.6797 -3.6946 -6.7062
v  -4.6703 -3.7031 -6.7042
v  -4.6634 -3.7049 -6.6924
v  -4.6675 -3.6995 -6.6856
v  -4.6536 -3.7129 -6.6877
v  -4.6608 -3.7057 -6.6813
v  -4.6595 -3.7114 -6.7006
v  -4.6471 -3.7206 -6.6961
v  -4.6653 -3.7038 -6.6712
v  -4.6749 -3.6950 -6.6661
v  -4.6728 -3.7018 -6.6615
v  -4.6622 -3.7094 -6.6660
v  -4.6604 -3.7155 -6.6610
v  -4.6714 -3.7106 -6.6572
v  -4.6435 -3.7209 -6.6811
v  -4.6546 -3.7119 -6.6754
v  -4.6505 -3.7168 -6.6691
v  -4.6454 -3.7268 -6.6594
v  -4.6507 -3.7193 -6.6638
v  -4.6438 -3.7417 -6.6510
v  -4.6325 -3.7318 -6.6909
v  -4.6581 -3.6459 -6.7262
v  -4.6613 -3.6357 -6.6990
v  -4.6776 -3.6763 -6.7568
v  -4.6676 -3.6665 -6.7609
v  -4.6762 -3.6931 -6.7842
v  -4.6660 -3.6840 -6.7952
v  -4.6632 -3.7080 -6.8227
v  -4.6739 -3.7148 -6.8076
v  -4.6693 -3.7401 -6.8223
v  -4.6598 -3.7375 -6.8399
v  -4.6577 -3.7704 -6.8449
v  -4.6646 -3.7663 -6.8260
v  -4.6652 -3.7898 -6.8199
v  -4.6600 -3.8041 -6.8402
v  -4.6743 -3.8228 -6.8130
v  -4.6727 -3.8080 -6.8036
v  -4.6895 -3.8141 -6.7833
v  -4.7016 -3.8336 -6.7903
v  -4.6960 -3.8494 -6.8063
v  -4.6721 -3.8373 -6.8203
v  -4.6578 -3.8271 -6.8449
v  -4.7105 -3.8039 -6.7346
v  -4.7019 -3.8112 -6.7603
v  -4.7131 -3.8263 -6.7597
v  -4.7181 -3.8175 -6.7297
v  -4.7232 -3.8064 -6.7005
v  -4.7174 -3.7940 -6.7082
v  -4.7212 -3.7814 -6.6833
v  -4.7260 -3.7927 -6.6733
v  -4.7219 -3.7763 -6.6497
v  -4.7183 -3.7663 -6.6612
v  -4.7095 -3.7493 -6.6424
v  -4.7097 -3.7570 -6.6303
v  -4.6801 -3.6907 -6.6215
v  -4.6859 -3.7097 -6.6196
v  -4.6749 -3.7076 -6.6006
v  -4.6702 -3.6845 -6.6081
v  -4.6593 -3.6790 -6.5990
v  -4.6598 -3.6972 -6.5892
v  -4.6932 -3.7342 -6.6141
v  -4.6972 -3.7298 -6.6276
v  -4.6469 -3.7028 -6.5724
v  -4.6349 -3.6894 -6.5602
v  -4.6305 -3.7067 -6.5560
v  -4.6450 -3.7200 -6.5697
v  -4.6583 -3.7120 -6.5829
v  -4.6585 -3.7290 -6.5816
v  -4.6716 -3.7238 -6.5931
v  -4.6696 -3.7352 -6.5906
v  -4.6451 -3.7460 -6.5721
v  -4.6242 -3.7338 -6.5564
v  -4.6198 -3.7610 -6.5555
v  -4.6455 -3.7723 -6.5742
v  -4.6787 -3.7541 -6.5983
v  -4.6639 -3.7536 -6.5865
v  -4.6684 -3.7786 -6.5925
v  -4.6918 -3.7829 -6.6132
v  -4.7039 -3.7689 -6.6217
v  -4.6874 -3.7450 -6.6062
v  -4.7184 -3.7884 -6.6403
v  -4.7236 -3.8045 -6.6654
v  -4.7203 -3.8157 -6.6579
v  -4.7116 -3.8004 -6.6342
v  -4.7222 -3.8188 -6.6935
v  -4.7211 -3.8317 -6.7236
v  -4.7263 -3.8436 -6.7160
v  -4.7233 -3.8300 -6.6861
v  -4.7169 -3.8539 -6.7819
v  -4.7221 -3.8434 -6.7557
v  -4.7250 -3.8591 -6.7447
v  -4.7106 -3.8600 -6.7974
v  -4.7262 -3.8675 -6.7259
v  -4.7298 -3.8524 -6.7046
v  -4.7276 -3.8701 -6.6996
v  -4.7309 -3.8575 -6.6914
v  -4.7319 -3.8503 -6.6681
v  -4.7294 -3.8387 -6.6763
v  -4.7248 -3.8253 -6.6478
v  -4.7301 -3.8386 -6.6305
v  -4.7288 -3.8676 -6.6656
v  -4.7277 -3.8644 -6.6280
v  -4.7141 -3.8223 -6.6110
v  -4.7105 -3.8133 -6.6267
v  -4.6882 -3.8183 -6.6004
v  -4.6875 -3.8046 -6.6123
v  -4.7240 -3.8651 -6.5905
v  -4.7203 -3.8689 -6.5588
v  -4.7212 -3.8519 -6.5582
v  -4.7260 -3.8435 -6.5908
v  -4.7191 -3.8663 -6.5327
v  -4.7196 -3.8749 -6.5386
v  -4.7191 -3.8851 -6.5310
v  -4.7188 -3.8895 -6.5264
v  -4.7044 -3.8554 -6.5295
v  -4.7047 -3.8391 -6.5568
v  -4.6873 -3.8558 -6.5368
v  -4.6788 -3.8426 -6.5615
v  -4.7104 -3.8282 -6.5857
v  -4.6849 -3.8290 -6.5819
v  -4.6689 -3.8515 -6.5556
v  -4.6773 -3.8572 -6.5434
v  -4.6793 -3.8651 -6.5349
v  -4.6824 -3.8699 -6.5281
v  -4.6552 -3.8462 -6.5584
v  -4.6446 -3.8401 -6.5419
v  -4.6448 -3.8309 -6.5457
v  -4.6583 -3.8381 -6.5634
v  -4.5707 -3.7843 -6.3843
v  -4.5773 -3.7989 -6.3793
v  -4.5524 -3.7967 -6.3816
v  -4.5521 -3.7817 -6.3865
v  -4.6003 -3.7987 -6.3874
v  -4.6023 -3.8032 -6.3922
v  -4.6043 -3.8170 -6.3847
v  -4.5991 -3.8085 -6.3788
v  -4.6079 -3.8199 -6.3968
v  -4.6048 -3.8060 -6.4020
v  -4.5790 -3.7722 -6.3891
v  -4.5916 -3.7897 -6.3807
v  -4.5963 -3.7846 -6.3926
v  -4.5887 -3.7629 -6.4056
v  -4.5670 -3.7516 -6.4141
v  -4.5593 -3.7641 -6.3960
v  -4.5979 -3.7869 -6.4007
v  -4.5946 -3.7725 -6.4129
v  -4.5971 -3.7793 -6.4170
v  -4.6000 -3.7906 -6.4095
v  -4.5935 -3.7543 -6.4587
v  -4.5897 -3.7549 -6.4323
v  -4.5743 -3.7454 -6.4388
v  -4.5815 -3.7459 -6.4668
v  -4.6161 -3.8238 -6.4358
v  -4.6121 -3.8219 -6.4141
v  -4.6077 -3.8076 -6.4173
v  -4.6110 -3.8093 -6.4374
v  -4.6004 -3.7762 -6.4494
v  -4.5977 -3.7763 -6.4297
v  -4.5946 -3.7655 -6.4311
v  -4.5974 -3.7648 -6.4538
v  -4.6023 -3.7915 -6.4238
v  -4.6051 -3.7925 -6.4429
v  -4.6212 -3.8172 -6.4882
v  -4.6258 -3.8295 -6.4873
v  -4.6200 -3.8261 -6.4603
v  -4.6150 -3.8124 -6.4610
v  -4.6048 -3.7719 -6.5137
v  -4.5985 -3.7601 -6.4862
v  -4.5896 -3.7525 -6.4950
v  -4.5992 -3.7647 -6.5233
v  -4.6346 -3.8346 -6.5166
v  -4.6316 -3.8239 -6.5188
v  -4.6668 -3.7976 -6.5926
v  -4.6429 -3.7904 -6.5719
v  -4.6639 -3.8130 -6.5857
v  -4.6388 -3.8039 -6.5608
v  -4.6113 -3.7889 -6.5000
v  -4.6045 -3.7809 -6.4731
v  -4.6017 -3.7697 -6.4794
v  -4.6076 -3.7782 -6.5047
v  -4.6172 -3.7788 -6.5503
v  -4.6177 -3.7867 -6.5397
v  -4.6225 -3.7984 -6.5294
v  -4.6160 -3.7881 -6.5269
v  -4.6618 -3.8264 -6.5735
v  -4.6439 -3.8191 -6.5534
v  -4.6276 -3.8112 -6.5249
v  -4.6159 -3.8029 -6.4935
v  -4.6092 -3.7964 -6.4662
v  -4.6105 -3.6033 -6.7252
v  -4.6279 -3.6020 -6.7106
v  -4.6254 -3.6419 -6.7374
v  -4.6093 -3.6425 -6.7520
v  -4.5676 -3.6173 -6.7309
v  -4.5906 -3.6063 -6.7278
v  -4.5899 -3.6429 -6.7555
v  -4.5732 -3.6416 -6.7505
v  -4.6368 -3.6681 -6.7614
v  -4.6489 -3.6814 -6.8009
v  -4.6535 -3.6624 -6.7623
v  -4.6306 -3.6846 -6.8023
v  -4.6243 -3.7057 -6.8351
v  -4.6447 -3.7053 -6.8319
v  -4.6423 -3.7353 -6.8539
v  -4.6198 -3.7337 -6.8604
v  -4.6426 -3.7731 -6.8641
v  -4.6434 -3.8064 -6.8646
v  -4.6187 -3.7729 -6.8754
v  -4.6459 -3.8237 -6.8620
v  -4.6036 -3.6678 -6.7782
v  -4.6212 -3.6680 -6.7702
v  -4.5947 -3.6886 -6.8008
v  -4.6135 -3.6869 -6.8035
v  -4.5620 -3.6646 -6.7623
v  -4.5826 -3.6686 -6.7761
v  -4.5725 -3.6910 -6.7900
v  -4.5482 -3.6906 -6.7714
v  -4.6047 -3.7083 -6.8311
v  -4.5754 -3.7357 -6.8365
v  -4.5966 -3.7337 -6.8546
v  -4.5847 -3.7111 -6.8203
v  -4.5908 -3.7673 -6.8735
v  -4.5672 -3.7629 -6.8508
v  -4.5432 -3.6468 -6.7396
v  -4.5235 -3.6237 -6.7157
v  -4.4945 -3.6698 -6.7234
v  -4.5218 -3.6829 -6.7480
v  -4.5021 -3.6057 -6.6943
v  -4.4815 -3.5908 -6.6732
v  -4.4475 -3.6399 -6.6729
v  -4.4695 -3.6550 -6.6987
v  -4.4446 -3.5631 -6.6352
v  -4.4621 -3.5760 -6.6539
v  -4.4283 -3.6254 -6.6466
v  -4.4122 -3.6128 -6.6210
v  -4.3843 -3.5237 -6.5451
v  -4.3896 -3.5293 -6.5564
v  -4.3593 -3.5821 -6.5260
v  -4.3550 -3.5748 -6.5138
v  -4.3650 -3.5869 -6.5400
v  -4.3961 -3.5341 -6.5686
v  -4.3734 -3.5046 -6.5193
v  -4.3792 -3.5157 -6.5329
v  -4.3415 -3.5515 -6.4905
v  -4.3496 -3.5644 -6.5013
v  -4.3153 -3.6091 -6.4820
v  -4.3034 -3.5978 -6.4758
v  -4.3243 -3.6187 -6.4921
v  -4.3159 -3.5203 -6.4785
v  -4.3297 -3.5375 -6.4833
v  -4.3643 -3.4895 -6.5056
v  -4.3513 -3.4698 -6.4953
v  -4.2752 -3.5730 -6.4693
v  -4.2900 -3.5865 -6.4723
v  -4.3386 -3.4448 -6.4845
v  -4.3252 -3.4193 -6.4706
v  -4.2872 -3.4733 -6.4665
v  -4.3019 -3.4973 -6.4733
v  -4.2588 -3.5552 -6.4656
v  -4.2412 -3.5366 -6.4613
v  -4.3060 -3.3968 -6.4577
v  -4.2860 -3.3800 -6.4583
v  -4.2507 -3.4375 -6.4604
v  -4.2695 -3.4531 -6.4602
v  -4.4167 -3.5458 -6.5992
v  -4.4296 -3.5534 -6.6167
v  -4.3981 -3.6023 -6.5984
v  -4.3856 -3.5945 -6.5777
v  -4.4052 -3.5394 -6.5832
v  -4.3740 -3.5902 -6.5578
v  -4.3300 -3.6251 -6.5041
v  -4.3359 -3.6294 -6.5192
v  -4.3828 -3.6532 -6.6130
v  -4.3986 -3.6635 -6.6445
v  -4.4187 -3.6762 -6.6763
v  -4.3558 -3.6366 -6.5629
v  -4.3684 -3.6437 -6.5866
v  -4.3446 -3.6324 -6.5396
v  -4.4729 -3.7046 -6.7289
v  -4.5055 -3.7119 -6.7528
v  -4.4970 -3.7336 -6.7577
v  -4.5266 -3.7343 -6.7832
v  -4.5362 -3.7139 -6.7776
v  -4.5623 -3.7134 -6.8012
v  -4.5528 -3.7357 -6.8108
v  -4.5445 -3.7580 -6.8199
v  -4.5207 -3.7521 -6.7898
v  -4.4990 -3.7478 -6.7667
v  -4.4436 -3.6912 -6.7044
v  -4.3931 -3.6680 -6.9733
v  -4.3904 -3.6503 -6.9573
v  -4.4046 -3.6471 -6.9687
v  -4.4083 -3.6699 -6.9865
v  -4.4004 -3.6208 -6.9422
v  -4.3859 -3.6289 -6.9337
v  -4.3936 -3.5890 -6.9121
v  -4.3796 -3.6010 -6.9060
v  -4.3705 -3.5721 -6.8784
v  -4.3837 -3.5574 -6.8825
v  -4.3715 -3.5322 -6.8567
v  -4.3583 -3.5484 -6.8543
v  -4.3441 -3.5293 -6.8318
v  -4.3574 -3.5116 -6.8331
v  -4.3427 -3.4944 -6.8091
v  -4.3286 -3.5139 -6.8097
v  -4.3235 -3.4822 -6.7783
v  -4.3060 -3.5038 -6.7810
v  -4.3922 -3.6827 -6.9805
v  -4.4086 -3.6880 -6.9944
v  -4.3778 -3.6643 -6.9654
v  -4.3745 -3.6748 -6.9750
v  -4.3570 -3.6627 -6.9719
v  -4.3650 -3.6587 -6.9633
v  -4.3593 -3.6473 -6.9529
v  -4.3754 -3.6503 -6.9509
v  -4.3697 -3.6317 -6.9311
v  -4.3512 -3.6301 -6.9357
v  -4.3363 -3.5847 -6.8883
v  -4.3542 -3.5799 -6.8817
v  -4.3629 -3.6065 -6.9068
v  -4.3441 -3.6084 -6.9125
v  -4.3138 -3.5483 -6.8439
v  -4.3295 -3.5404 -6.8364
v  -4.3428 -3.5578 -6.8587
v  -4.3262 -3.5651 -6.8653
v  -4.2917 -3.5184 -6.7881
v  -4.3139 -3.5258 -6.8155
v  -4.2994 -3.5361 -6.8222
v  -4.2796 -3.5313 -6.7958
v  -4.3404 -3.6473 -6.9619
v  -4.3281 -3.6318 -6.9430
v  -4.2975 -3.6047 -6.8948
v  -4.3155 -3.5917 -6.8945
v  -4.3211 -3.6121 -6.9195
v  -4.3017 -3.6227 -6.9167
v  -4.2850 -3.6191 -6.8930
v  -4.2912 -3.6292 -6.9093
v  -4.2813 -3.5761 -6.8522
v  -4.2970 -3.5592 -6.8492
v  -4.3079 -3.5745 -6.8706
v  -4.2906 -3.5888 -6.8736
v  -4.2676 -3.5995 -6.8544
v  -4.2770 -3.6086 -6.8747
v  -4.2702 -3.5687 -6.8299
v  -4.2844 -3.5498 -6.8270
v  -4.2680 -3.5470 -6.8015
v  -4.2570 -3.5665 -6.8050
v  -4.2459 -3.5904 -6.8065
v  -4.2576 -3.5937 -6.8319
v  -4.2277 -3.5867 -6.7803
v  -4.2087 -3.5807 -6.7562
v  -4.2211 -3.5686 -6.7595
v  -4.2377 -3.5675 -6.7779
v  -4.2181 -3.5583 -6.7465
v  -4.2447 -3.5507 -6.7711
v  -4.2508 -3.5351 -6.7610
v  -4.2174 -3.5441 -6.7309
v  -4.1959 -3.5711 -6.7356
v  -4.1869 -3.5591 -6.7162
v  -4.2180 -3.5278 -6.7136
v  -4.2578 -3.5192 -6.7491
v  -4.2704 -3.5001 -6.7394
v  -4.2241 -3.5001 -6.6879
v  -4.2933 -3.4745 -6.7361
v  -4.2651 -3.4617 -6.6889
v  -4.1792 -3.5457 -6.6953
v  -4.1724 -3.5295 -6.6674
v  -4.2558 -3.4364 -6.6392
v  -4.2187 -3.4736 -6.6331
v  -4.2233 -3.4527 -6.5830
v  -4.2593 -3.4111 -6.5876
v  -4.1675 -3.4986 -6.5783
v  -4.1677 -3.5114 -6.6257
v  -4.2627 -3.3930 -6.5387
v  -4.2245 -3.4379 -6.5381
v  -4.2259 -3.4293 -6.5014
v  -4.2628 -3.3796 -6.5003
v  -4.2708 -3.3744 -6.4737
v  -4.2338 -3.4285 -6.4739
v  -4.1692 -3.4876 -6.4982
v  -4.1683 -3.4916 -6.5353
v  -4.2221 -3.5201 -6.4575
v  -4.2011 -3.5051 -6.4572
v  -4.1794 -3.4915 -6.4685
v  -4.0267 -3.1795 -6.2142
v  -4.0585 -3.1808 -6.2491
v  -4.0116 -3.2299 -6.1545
v  -4.0417 -3.2257 -6.1806
v  -4.0151 -3.2174 -6.1954
v  -3.9812 -3.2255 -6.1722
v  -3.9456 -3.1886 -6.0839
v  -3.9762 -3.2174 -6.1187
v  -3.9455 -3.2043 -6.1379
v  -3.9143 -3.1719 -6.1034
v  -3.9001 -3.1412 -6.0232
v  -3.9217 -3.1621 -6.0537
v  -3.8885 -3.1461 -6.0732
v  -3.8644 -3.1252 -6.0435
v  -3.8585 -3.1101 -5.9475
v  -3.8794 -3.1248 -5.9898
v  -3.8415 -3.1046 -6.0111
v  -3.8173 -3.0873 -5.9681
v  -3.9757 -3.1292 -6.1922
v  -3.9664 -3.1538 -6.2028
v  -3.9409 -3.1476 -6.2053
v  -3.9465 -3.1211 -6.1843
v  -3.9213 -3.1109 -6.1859
v  -3.9200 -3.1356 -6.2090
v  -3.9071 -3.1263 -6.2151
v  -3.9024 -3.1055 -6.1980
v  -3.9927 -3.2049 -6.2085
v  -3.9588 -3.2198 -6.1935
v  -3.9419 -3.2195 -6.2183
v  -3.9720 -3.1932 -6.2179
v  -3.9255 -3.1956 -6.1625
v  -3.8947 -3.1611 -6.1280
v  -3.8819 -3.1522 -6.1565
v  -3.9111 -3.1906 -6.1910
v  -3.8662 -3.1334 -6.0973
v  -3.8385 -3.1097 -6.0675
v  -3.8497 -3.1232 -6.1244
v  -3.8183 -3.0960 -6.0940
v  -3.7856 -3.0671 -5.9947
v  -3.8105 -3.0865 -6.0356
v  -3.7583 -3.0520 -6.0263
v  -3.7866 -3.0695 -6.0628
v  -3.6969 -3.0645 -6.0981
v  -3.7325 -3.0804 -6.1237
v  -3.7623 -3.0658 -6.0905
v  -3.7289 -3.0455 -6.0597
v  -3.7968 -3.0896 -6.1216
v  -3.7688 -3.0980 -6.1550
v  -3.8046 -3.1231 -6.1876
v  -3.8307 -3.1183 -6.1526
v  -3.8645 -3.1506 -6.1858
v  -3.8401 -3.1575 -6.2208
v  -3.8942 -3.1089 -6.2533
v  -3.8972 -3.0930 -6.2663
v  -3.9072 -3.1126 -6.3065
v  -3.9055 -3.1446 -6.2910
v  -3.9038 -3.1359 -6.2433
v  -3.8936 -3.1089 -6.2259
v  -3.9215 -3.1326 -6.3561
v  -3.9129 -3.1664 -6.3487
v  -3.9172 -3.1614 -6.2479
v  -3.9325 -3.1811 -6.2427
v  -3.9159 -3.2253 -6.2892
v  -3.9151 -3.1853 -6.2952
v  -3.9496 -3.1885 -6.2288
v  -3.9293 -3.2208 -6.2456
v  -3.8754 -3.2005 -6.2554
v  -3.8954 -3.1919 -6.2208
v  -3.9076 -3.2346 -6.3473
v  -3.9110 -3.2018 -6.3456
v  -3.9123 -3.2092 -6.3951
v  -3.9072 -3.2421 -6.3932
v  -3.8618 -3.1542 -6.4948
v  -3.8787 -3.1490 -6.4940
v  -3.9058 -3.1906 -6.4790
v  -3.8874 -3.2154 -6.4808
v  -3.9148 -3.2080 -6.4403
v  -3.9045 -3.2382 -6.4395
v  -3.8411 -3.1669 -6.5053
v  -3.8307 -3.1756 -6.5355
v  -3.8679 -3.2244 -6.5106
v  -3.8637 -3.2299 -6.5431
v  -3.8720 -3.2291 -6.5797
v  -3.8332 -3.1738 -6.5712
v  -3.8456 -3.1582 -6.6006
v  -3.8961 -3.2236 -6.6202
v  -3.8674 -3.1273 -6.6042
v  -3.9184 -3.1760 -6.6282
v  -3.9680 -3.2122 -6.6538
v  -3.9475 -3.2554 -6.6530
v  -4.0114 -3.2400 -6.6800
v  -3.9876 -3.2795 -6.6784
v  -4.0397 -3.3177 -6.7217
v  -4.0691 -3.2833 -6.7244
v  -4.0440 -3.2633 -6.7040
v  -4.0173 -3.3003 -6.7016
v  -4.0894 -3.3006 -6.7412
v  -4.0575 -3.3323 -6.7383
v  -4.0723 -3.3465 -6.7544
v  -4.1066 -3.3175 -6.7563
v  -4.0856 -3.3627 -6.7735
v  -4.1212 -3.3353 -6.7737
v  -4.1346 -3.3544 -6.7950
v  -4.0987 -3.3809 -6.7965
v  -4.1127 -3.4010 -6.8236
v  -4.1480 -3.3742 -6.8223
v  -4.1609 -3.3952 -6.8551
v  -4.1277 -3.4235 -6.8535
v  -4.1447 -3.4492 -6.8822
v  -4.1745 -3.4204 -6.8887
v  -4.1618 -3.4822 -6.9062
v  -4.1863 -3.4524 -6.9222
v  -3.8577 -3.2971 -6.3768
v  -3.8969 -3.2779 -6.3886
v  -3.8952 -3.2608 -6.3545
v  -3.8795 -3.2565 -6.3290
v  -3.7653 -3.2025 -6.3167
v  -3.8071 -3.2527 -6.3411
v  -3.8439 -3.2242 -6.2959
v  -3.8042 -3.1767 -6.2657
v  -3.6941 -3.1402 -6.2640
v  -3.7286 -3.1659 -6.2914
v  -3.7671 -3.1431 -6.2339
v  -3.7303 -3.1237 -6.2000
v  -3.6257 -3.0994 -6.2153
v  -3.6589 -3.1199 -6.2376
v  -3.6932 -3.1068 -6.1723
v  -3.6588 -3.0867 -6.1503
v  -3.8846 -3.3231 -6.4371
v  -3.8991 -3.3281 -6.4878
v  -3.8977 -3.2784 -6.4819
v  -3.9018 -3.2803 -6.4355
v  -3.8923 -3.2804 -6.5170
v  -3.8928 -3.2821 -6.5478
v  -3.9035 -3.3272 -6.5243
v  -3.9084 -3.3254 -6.5524
v  -3.9177 -3.3264 -6.5803
v  -3.9018 -3.2828 -6.5806
v  -3.9206 -3.2875 -6.6121
v  -3.9348 -3.3319 -6.6053
v  -3.9535 -3.3424 -6.6288
v  -3.9473 -3.3021 -6.6411
v  -3.9752 -3.3210 -6.6672
v  -3.9729 -3.3565 -6.6504
v  -3.9911 -3.3726 -6.6687
v  -3.9991 -3.3387 -6.6881
v  -4.0190 -3.3548 -6.7058
v  -4.0061 -3.3882 -6.6873
v  -4.0283 -3.4141 -6.7273
v  -4.0494 -3.3823 -6.7394
v  -4.0356 -3.3687 -6.7219
v  -4.0180 -3.4015 -6.7066
v  -4.0485 -3.4414 -6.7772
v  -4.0733 -3.4128 -6.7867
v  -4.0621 -3.3973 -6.7605
v  -4.0380 -3.4276 -6.7505
v  -4.0801 -3.4734 -6.8385
v  -4.1013 -3.4497 -6.8464
v  -4.0861 -3.4300 -6.8163
v  -4.0621 -3.4563 -6.8081
v  -4.1160 -3.5037 -6.8863
v  -4.1362 -3.4984 -6.8950
v  -4.1191 -3.4713 -6.8747
v  -4.0994 -3.4906 -6.8680
v  -4.0853 -3.5090 -6.8675
v  -4.1138 -3.5231 -6.8917
v  -4.0608 -3.4931 -6.8359
v  -3.9927 -3.4430 -6.7264
v  -3.9888 -3.4560 -6.7416
v  -4.0130 -3.4484 -6.7467
v  -4.0079 -3.4348 -6.7247
v  -4.0220 -3.4639 -6.7710
v  -4.0392 -3.4786 -6.8019
v  -3.9711 -3.4264 -6.6911
v  -3.9829 -3.4368 -6.7115
v  -3.9998 -3.4231 -6.7041
v  -3.9892 -3.4115 -6.6840
v  -3.9715 -3.4528 -6.7219
v  -3.9572 -3.4438 -6.6968
v  -3.9402 -3.4002 -6.6563
v  -3.9566 -3.4138 -6.6728
v  -3.9753 -3.3972 -6.6658
v  -3.9586 -3.3817 -6.6500
v  -3.9415 -3.4333 -6.6754
v  -3.9240 -3.4217 -6.6576
v  -3.9056 -3.3758 -6.6215
v  -3.9232 -3.3875 -6.6397
v  -3.9412 -3.3683 -6.6328
v  -3.9234 -3.3572 -6.6135
v  -3.8862 -3.3984 -6.6250
v  -3.9053 -3.4097 -6.6417
v  -3.9067 -3.3493 -6.5903
v  -3.8944 -3.3477 -6.5639
v  -3.8704 -3.3593 -6.5772
v  -3.8871 -3.3658 -6.6005
v  -3.8475 -3.3787 -6.5870
v  -3.8665 -3.3880 -6.6063
v  -3.8394 -3.3493 -6.5308
v  -3.8559 -3.3551 -6.5557
v  -3.8845 -3.3489 -6.5386
v  -3.8708 -3.3469 -6.5073
v  -3.8112 -3.3612 -6.5501
v  -3.8301 -3.3705 -6.5696
v  -3.7857 -3.3194 -6.4628
v  -3.8165 -3.3388 -6.4969
v  -3.8483 -3.3373 -6.4638
v  -3.8151 -3.3145 -6.4198
v  -3.7877 -3.3482 -6.5245
v  -3.7588 -3.3316 -6.4971
v  -3.7736 -3.2739 -6.3906
v  -3.7327 -3.2269 -6.3720
v  -3.7053 -3.2527 -6.4207
v  -3.7463 -3.2893 -6.4375
v  -3.7221 -3.3084 -6.4726
v  -3.6819 -3.2818 -6.4521
v  -3.6958 -3.1915 -6.3525
v  -3.6619 -3.1608 -6.3334
v  -3.6297 -3.1971 -6.3849
v  -3.6664 -3.2248 -6.4015
v  -3.6431 -3.2586 -6.4315
v  -3.6044 -3.2357 -6.4116
v  -3.6293 -3.1317 -6.3132
v  -3.5984 -3.1079 -6.2887
v  -3.5625 -3.1446 -6.3406
v  -3.5931 -3.1692 -6.3683
v  -3.5648 -3.2115 -6.3927
v  -3.5285 -3.1869 -6.3721
v  -3.9147 -3.4674 -5.6323
v  -3.8821 -3.4481 -5.6188
v  -3.8872 -3.4370 -5.6325
v  -3.9216 -3.4566 -5.6424
v  -3.7506 -3.3648 -5.5867
v  -3.7478 -3.3768 -5.5754
v  -3.7091 -3.3555 -5.5686
v  -3.7123 -3.3425 -5.5761
v  -3.7988 -3.4032 -5.5916
v  -3.8025 -3.3912 -5.6056
v  -3.8105 -3.3453 -5.6815
v  -3.8135 -3.3234 -5.6909
v  -3.8628 -3.3484 -5.7107
v  -3.8616 -3.3719 -5.7033
v  -3.8657 -3.3182 -5.7200
v  -3.8189 -3.2940 -5.7015
v  -3.9044 -3.3324 -5.7320
v  -3.9049 -3.3608 -5.7233
v  -3.9159 -3.3887 -5.7169
v  -3.8481 -3.4148 -5.6202
v  -3.8441 -3.4264 -5.6049
v  -3.8521 -3.4061 -5.6417
v  -3.8921 -3.4285 -5.6550
v  -3.8055 -3.3815 -5.6245
v  -3.8076 -3.3722 -5.6453
v  -3.8555 -3.3981 -5.6653
v  -3.8978 -3.4190 -5.6793
v  -3.7516 -3.3531 -5.6031
v  -3.7131 -3.3299 -5.5900
v  -3.7507 -3.3413 -5.6232
v  -3.7112 -3.3168 -5.6085
v  -3.8593 -3.3874 -5.6861
v  -3.9044 -3.4068 -5.6990
v  -3.8094 -3.3604 -5.6647
v  -3.7546 -3.2930 -5.6757
v  -3.7681 -3.2629 -5.6870
v  -3.7495 -3.3134 -5.6623
v  -3.7107 -3.2853 -5.6478
v  -3.7208 -3.2628 -5.6630
v  -3.7397 -3.2317 -5.6748
v  -3.7500 -3.3281 -5.6434
v  -3.7090 -3.3022 -5.6286
v  -3.8580 -3.1262 -5.8321
v  -3.8176 -3.1073 -5.8316
v  -3.8344 -3.0979 -5.8901
v  -3.8767 -3.1224 -5.8851
v  -3.7771 -3.0824 -5.8442
v  -3.7981 -3.0783 -5.9110
v  -3.9341 -3.3306 -5.7327
v  -3.9381 -3.3532 -5.7253
v  -3.9627 -3.3348 -5.7149
v  -3.9554 -3.3176 -5.7229
v  -3.9520 -3.3687 -5.7208
v  -3.9783 -3.3463 -5.7097
v  -4.0384 -3.2390 -5.8452
v  -4.0697 -3.2526 -5.8846
v  -4.0870 -3.2571 -5.8719
v  -4.0520 -3.2397 -5.8275
v  -4.0254 -3.2293 -5.8531
v  -4.0569 -3.2335 -5.8907
v  -4.1337 -3.2224 -5.8405
v  -4.1111 -3.2517 -5.8549
v  -4.0879 -3.2309 -5.8127
v  -4.1102 -3.1995 -5.7969
v  -4.1506 -3.1831 -5.8200
v  -4.1255 -3.1604 -5.7730
v  -4.1164 -3.1065 -5.6877
v  -4.1025 -3.1450 -5.7257
v  -4.0864 -3.1412 -5.6873
v  -4.0918 -3.1016 -5.6333
v  -4.0781 -3.1759 -5.7165
v  -4.0921 -3.1845 -5.7546
v  -4.0714 -3.2128 -5.7730
v  -4.0590 -3.2011 -5.7334
v  -4.0354 -3.2194 -5.7384
v  -4.0431 -3.2297 -5.7794
v  -4.0159 -3.2376 -5.7308
v  -4.0152 -3.2468 -5.7671
v  -3.9923 -3.2648 -5.7457
v  -4.0005 -3.2546 -5.7170
v  -3.9815 -3.2743 -5.7679
v  -4.0108 -3.2535 -5.7958
v  -3.9741 -3.3024 -5.7074
v  -3.9779 -3.2841 -5.7247
v  -3.9919 -3.2724 -5.7025
v  -3.9922 -3.2886 -5.6899
v  -3.9616 -3.2954 -5.7420
v  -3.9831 -3.3168 -5.6981
v  -4.0014 -3.3268 -5.6934
v  -4.0032 -3.2999 -5.6833
v  -4.0227 -3.3057 -5.6802
v  -4.0499 -3.3079 -5.6771
v  -4.0636 -3.2931 -5.6496
v  -4.0371 -3.2884 -5.6587
v  -4.0376 -3.2829 -5.6263
v  -4.0657 -3.2926 -5.6117
v  -4.0206 -3.2846 -5.6674
v  -4.0089 -3.2783 -5.6734
v  -4.0150 -3.2714 -5.6573
v  -4.0230 -3.2753 -5.6438
v  -3.9199 -3.1642 -5.8561
v  -3.8927 -3.1475 -5.8437
v  -3.9110 -3.1432 -5.8869
v  -3.9363 -3.1613 -5.8925
v  -3.8496 -3.1542 -5.7813
v  -3.8081 -3.1376 -5.7741
v  -3.8018 -3.1809 -5.7340
v  -3.8508 -3.2054 -5.7430
v  -3.7666 -3.1585 -5.7277
v  -3.7719 -3.1199 -5.7741
v  -3.7577 -3.1957 -5.6933
v  -3.7891 -3.2229 -5.7035
v  -3.8315 -3.2531 -5.7167
v  -3.9064 -3.1924 -5.8013
v  -3.8874 -3.1960 -5.7780
v  -3.8836 -3.1682 -5.8026
v  -3.9098 -3.1780 -5.8224
v  -3.8938 -3.2417 -5.7585
v  -3.8774 -3.2789 -5.7371
v  -3.9153 -3.2968 -5.7504
v  -3.9390 -3.2599 -5.7820
v  -3.9647 -3.2760 -5.7805
v  -3.9990 -3.2529 -5.8114
v  -3.9856 -3.2417 -5.8192
v  -3.9427 -3.3011 -5.7509
v  -4.0412 -3.2073 -5.8874
v  -4.0179 -3.1872 -5.8871
v  -4.0104 -3.2133 -5.8571
v  -3.9937 -3.1984 -5.8614
v  -3.9782 -3.1879 -5.8665
v  -3.9961 -3.1753 -5.8913
v  -3.9761 -3.1703 -5.8958
v  -3.9599 -3.1833 -5.8677
v  -3.9568 -3.1699 -5.8965
v  -3.9410 -3.1764 -5.8645
v  -3.9495 -3.1969 -5.8435
v  -3.9651 -3.1987 -5.8494
v  -3.9699 -3.2093 -5.8398
v  -3.9457 -3.2123 -5.8230
v  -3.9314 -3.1887 -5.8353
v  -3.9227 -3.2038 -5.8081
v  -3.9097 -3.2189 -5.7822
v  -3.9424 -3.2305 -5.8029
v  -3.9769 -3.2247 -5.8283
v  -4.2680 -3.1041 -5.5167
v  -4.2591 -3.0839 -5.5699
v  -4.2391 -3.0694 -5.5206
v  -4.2521 -3.0897 -5.4706
v  -4.2518 -3.1792 -5.4489
v  -4.2689 -3.1390 -5.4740
v  -4.2583 -3.1261 -5.4289
v  -4.2484 -3.1678 -5.4020
v  -4.1783 -3.2186 -5.3983
v  -4.2200 -3.2023 -5.3952
v  -4.2175 -3.2119 -5.4453
v  -4.1719 -3.2264 -5.4530
v  -4.1070 -3.2403 -5.3989
v  -4.1418 -3.2316 -5.3990
v  -4.1347 -3.2427 -5.4558
v  -4.0990 -3.2538 -5.4583
v  -4.0052 -3.2474 -5.6866
v  -4.0073 -3.2424 -5.6516
v  -4.0107 -3.2598 -5.6537
v  -4.0035 -3.2644 -5.6797
v  -4.0183 -3.2016 -5.6563
v  -4.0085 -3.2221 -5.6538
v  -4.0124 -3.2288 -5.6943
v  -4.0265 -3.2099 -5.6988
v  -4.0228 -3.2387 -5.5535
v  -4.0567 -3.2628 -5.5263
v  -4.0610 -3.2800 -5.5725
v  -4.0319 -3.2662 -5.5943
v  -4.0119 -3.2394 -5.6097
v  -4.0181 -3.2597 -5.6235
v  -4.0412 -3.2078 -5.4066
v  -4.0694 -3.2314 -5.4011
v  -4.0590 -3.2462 -5.4668
v  -4.0295 -3.2221 -5.4777
v  -4.0671 -3.1719 -5.6857
v  -4.0479 -3.1921 -5.6955
v  -4.0380 -3.1842 -5.6551
v  -4.0587 -3.1636 -5.6490
v  -4.0121 -3.1942 -5.6071
v  -4.0075 -3.2169 -5.6059
v  -4.0103 -3.2097 -5.5495
v  -4.0097 -3.1854 -5.5508
v  -4.0126 -3.1719 -5.4873
v  -4.0152 -3.1969 -5.4835
v  -4.0231 -3.1575 -5.4196
v  -4.0258 -3.1828 -5.4125
v  -4.0770 -3.1476 -5.6696
v  -4.0730 -3.1337 -5.6369
v  -4.0290 -3.1757 -5.6071
v  -4.0499 -3.1554 -5.6024
v  -4.0241 -3.1659 -5.5524
v  -4.0441 -3.1456 -5.5489
v  -4.0267 -3.1527 -5.4918
v  -4.0368 -3.1394 -5.4282
v  -4.0445 -3.1324 -5.4913
v  -4.0521 -3.1202 -5.4310
v  -4.1530 -3.0533 -5.5486
v  -4.1672 -3.0603 -5.6038
v  -4.1882 -3.0523 -5.5658
v  -4.1787 -3.0503 -5.5150
v  -4.2070 -3.0514 -5.5250
v  -4.1978 -3.0486 -5.4952
v  -4.1417 -3.0799 -5.6450
v  -4.1236 -3.0708 -5.5886
v  -4.0837 -3.0868 -5.5695
v  -4.0662 -3.1229 -5.5906
v  -4.0603 -3.1131 -5.5366
v  -4.0796 -3.0779 -5.5149
v  -4.0821 -3.0717 -5.4605
v  -4.0590 -3.1010 -5.4809
v  -4.0668 -3.0935 -5.4223
v  -4.0927 -3.0727 -5.4049
v  -4.2354 -3.0822 -5.4247
v  -4.2229 -3.0619 -5.4751
v  -4.2078 -3.0517 -5.4501
v  -4.2248 -3.0678 -5.3823
v  -4.1489 -3.0488 -5.4964
v  -4.1149 -3.0624 -5.5349
v  -4.1131 -3.0562 -5.4825
v  -4.1515 -3.0493 -5.4461
v  -4.1810 -3.0499 -5.4627
v  -4.1878 -3.0553 -5.4118
v  -4.1566 -3.0558 -5.3974
v  -4.1170 -3.0548 -5.4305
v  -4.1266 -3.0629 -5.3793
v  -4.1631 -3.0672 -5.3508
v  -4.2205 -3.0807 -5.3314
v  -4.1913 -3.0663 -5.3659
v  -4.1930 -3.0777 -5.3225
v  -4.2189 -3.0886 -5.2901
v  -4.2480 -3.1587 -5.3511
v  -4.2480 -3.1168 -5.3809
v  -4.2486 -3.1097 -5.3335
v  -4.2519 -3.1524 -5.3017
v  -4.2280 -3.1937 -5.3409
v  -4.1932 -3.2138 -5.3405
v  -4.2073 -3.2064 -5.2862
v  -4.2358 -3.1855 -5.2888
v  -4.2519 -3.1467 -5.2608
v  -4.2451 -3.1092 -5.2925
v  -4.2427 -3.1101 -5.2532
v  -4.2495 -3.1417 -5.2230
v  -4.1577 -3.2240 -5.3403
v  -4.1239 -3.2300 -5.3392
v  -4.1433 -3.2206 -5.2845
v  -4.1751 -3.2165 -5.2858
v  -4.2397 -3.1774 -5.2461
v  -4.2404 -3.1699 -5.2094
v  -4.2153 -3.1979 -5.2419
v  -4.2195 -3.1895 -5.2057
v  -4.0893 -3.2195 -5.3370
v  -4.0634 -3.1957 -5.3381
v  -4.0905 -3.1847 -5.2791
v  -4.1128 -3.2079 -5.2805
v  -4.1706 -3.2011 -5.2038
v  -4.1955 -3.2011 -5.2045
v  -4.1872 -3.2087 -5.2412
v  -4.1586 -3.2108 -5.2403
v  -4.0736 -3.1369 -5.2922
v  -4.0778 -3.1602 -5.2828
v  -4.0485 -3.1708 -5.3429
v  -4.0441 -3.1462 -5.3511
v  -4.0835 -3.1132 -5.3288
v  -4.0802 -3.1227 -5.3096
v  -4.0558 -3.1302 -5.3641
v  -4.0684 -3.1142 -5.3699
v  -4.1328 -3.1676 -5.1999
v  -4.1486 -3.1882 -5.2013
v  -4.1325 -3.1976 -5.2367
v  -4.1137 -3.1756 -5.2348
v  -4.1106 -3.0835 -5.3478
v  -4.0852 -3.0957 -5.3625
v  -4.1025 -3.1046 -5.3111
v  -4.1261 -3.0969 -5.2967
v  -4.1033 -3.1504 -5.2374
v  -4.1029 -3.1271 -5.2505
v  -4.1357 -3.1166 -5.2197
v  -4.1259 -3.1418 -5.2024
v  -4.1309 -3.1074 -5.2582
v  -4.1068 -3.1148 -5.2752
v  -4.1692 -3.0810 -5.3060
v  -4.1394 -3.0781 -5.3286
v  -4.1484 -3.0918 -5.2849
v  -4.1693 -3.0919 -5.2658
v  -4.2169 -3.0938 -5.2474
v  -4.1944 -3.0877 -5.2794
v  -4.1901 -3.0954 -5.2400
v  -4.2094 -3.0991 -5.2084
v  -4.1584 -3.1021 -5.2350
v  -4.1477 -3.1008 -5.2556
v  -4.1920 -3.1051 -5.1782
v  -4.1744 -3.1033 -5.2082
v  -4.1565 -3.1157 -5.1856
v  -4.1735 -3.1146 -5.1575
v  -4.1453 -3.1353 -5.1726
v  -4.1624 -3.1307 -5.1466
v  -4.1644 -3.1506 -5.1446
v  -4.1491 -3.1588 -5.1701
v  -4.1900 -3.1146 -5.1326
v  -4.1796 -3.1273 -5.1242
v  -4.2018 -3.1155 -5.1187
v  -4.1963 -3.1263 -5.1073
v  -4.1913 -3.1404 -5.1102
v  -4.1800 -3.1440 -5.1228
v  -4.1620 -3.1775 -5.1709
v  -4.1745 -3.1669 -5.1451
v  -4.1802 -3.1898 -5.1727
v  -4.1898 -3.1781 -5.1468
v  -4.2081 -3.1809 -5.1497
v  -4.2013 -3.1917 -5.1741
v  -4.2211 -3.1820 -5.1751
v  -4.2217 -3.1767 -5.1556
v  -4.2089 -3.1084 -5.1483
v  -4.2289 -3.1073 -5.1739
v  -4.2371 -3.1327 -5.1409
v  -4.2198 -3.1181 -5.1226
v  -4.2458 -3.1368 -5.1836
v  -4.2394 -3.1088 -5.2112
v  -4.2335 -3.1618 -5.1459
v  -4.2389 -3.1635 -5.1748
v  -4.2199 -3.1667 -5.1300
v  -4.2016 -3.1662 -5.1250
v  -4.2110 -3.1567 -5.1129
v  -4.2259 -3.1486 -5.1160
v  -4.2173 -3.1342 -5.1035
v  -4.2017 -3.1482 -5.1075
v  -4.1882 -3.1570 -5.1233
v  -4.2367 -3.5068 -5.8564
v  -4.2239 -3.5414 -5.8489
v  -4.2047 -3.5274 -5.8341
v  -4.2253 -3.4935 -5.8393
v  -4.2058 -3.5511 -5.8179
v  -4.2249 -3.5636 -5.8325
v  -4.1654 -3.5254 -5.7965
v  -4.1856 -3.5384 -5.8065
v  -4.1834 -3.5240 -5.8226
v  -4.1652 -3.5118 -5.8150
v  -4.2585 -3.4031 -5.8267
v  -4.2337 -3.4401 -5.8290
v  -4.2226 -3.4233 -5.8145
v  -4.2467 -3.3885 -5.8107
v  -4.2153 -3.4729 -5.8270
v  -4.1989 -3.4957 -5.8275
v  -4.1892 -3.4709 -5.8210
v  -4.2049 -3.4503 -5.8167
v  -4.1741 -3.4906 -5.8217
v  -4.1859 -3.5060 -5.8255
v  -4.2335 -3.3747 -5.7926
v  -4.2098 -3.4083 -5.7979
v  -4.1954 -3.3962 -5.7790
v  -4.2191 -3.3635 -5.7723
v  -4.1446 -3.5128 -5.7875
v  -4.1230 -3.5014 -5.7776
v  -4.1258 -3.4852 -5.7969
v  -4.1464 -3.4984 -5.8067
v  -4.1916 -3.4311 -5.8050
v  -4.1757 -3.4504 -5.8119
v  -4.1584 -3.4329 -5.8014
v  -4.1756 -3.4152 -5.7913
v  -4.1389 -3.4585 -5.8064
v  -4.1584 -3.4743 -5.8151
v  -4.1779 -3.3865 -5.7600
v  -4.2024 -3.3557 -5.7509
v  -4.1557 -3.3745 -5.7451
v  -4.1824 -3.3506 -5.7291
v  -4.1001 -3.4918 -5.7650
v  -4.0765 -3.4820 -5.7495
v  -4.0784 -3.4638 -5.7710
v  -4.1030 -3.4742 -5.7852
v  -4.1372 -3.4165 -5.7920
v  -4.1562 -3.4001 -5.7789
v  -4.1329 -3.3834 -5.7689
v  -4.1118 -3.4003 -5.7840
v  -4.1159 -3.4444 -5.7980
v  -4.0890 -3.4315 -5.7889
v  -4.1566 -3.3444 -5.7100
v  -4.1263 -3.3378 -5.6985
v  -4.1291 -3.3601 -5.7329
v  -4.0993 -3.3506 -5.7223
v  -4.0836 -3.3874 -5.7722
v  -4.1058 -3.3679 -5.7581
v  -4.0769 -3.3605 -5.7449
v  -4.0580 -3.3814 -5.7562
v  -4.0289 -3.3568 -5.7139
v  -4.0017 -3.3535 -5.7072
v  -4.0275 -3.3312 -5.6934
v  -4.0581 -3.3326 -5.6941
v  -4.0671 -3.3486 -5.7169
v  -4.0921 -3.3344 -5.6941
v  -4.0380 -3.3823 -5.7426
v  -4.0502 -3.3624 -5.7345
v  -4.0261 -3.3738 -5.7275
v  -4.0249 -3.3859 -5.7346
v  -4.0522 -3.4706 -5.7318
v  -4.0289 -3.4584 -5.7164
v  -4.0329 -3.4422 -5.7358
v  -4.0541 -3.4528 -5.7529
v  -4.0619 -3.4205 -5.7737
v  -4.0403 -3.4129 -5.7555
v  -3.9752 -3.3788 -5.7187
v  -3.9961 -3.3860 -5.7207
v  -3.9781 -3.4120 -5.7155
v  -3.9532 -3.4033 -5.7152
v  -3.9353 -3.4341 -5.6859
v  -3.9279 -3.4466 -5.6636
v  -3.9611 -3.4606 -5.6681
v  -3.9713 -3.4448 -5.6912
v  -4.0052 -3.3951 -5.7256
v  -4.0128 -3.4040 -5.7315
v  -4.0018 -3.4253 -5.7199
v  -3.9921 -3.4183 -5.7180
v  -3.9420 -3.4201 -5.7027
v  -3.9691 -3.4284 -5.7044
v  -3.9911 -3.4375 -5.7062
v  -3.9838 -3.4303 -5.7084
v  -3.9991 -3.4588 -5.6908
v  -4.0075 -3.4469 -5.7082
v  -4.0157 -3.4330 -5.7250
v  -3.9918 -3.4729 -5.6708
v  -4.0244 -3.4084 -5.7407
v  -4.3340 -3.6075 -7.2280
v  -4.3345 -3.6300 -7.2454
v  -4.3126 -3.6233 -7.2351
v  -4.3166 -3.6084 -7.2252
v  -4.3267 -3.5849 -7.2029
v  -4.3151 -3.5644 -7.1696
v  -4.2933 -3.5836 -7.1712
v  -4.3063 -3.5976 -7.2060
v  -4.2940 -3.6133 -7.2116
v  -4.2797 -3.6034 -7.1738
v  -4.2883 -3.5359 -7.0823
v  -4.3017 -3.5491 -7.1269
v  -4.2802 -3.5710 -7.1257
v  -4.2655 -3.5556 -7.0789
v  -4.2728 -3.5171 -7.0458
v  -4.2452 -3.5326 -7.0428
v  -4.1992 -3.5320 -6.9907
v  -4.2188 -3.5585 -7.0322
v  -4.2472 -3.5795 -7.0751
v  -4.1925 -3.4936 -6.9549
v  -4.1739 -3.5239 -6.9261
v  -4.1452 -3.5312 -6.9069
v  -4.2669 -3.5942 -7.1251
v  -3.4020 -3.4687 -6.0754
v  -3.4114 -3.5020 -6.0176
v  -3.4371 -3.5191 -6.0471
v  -3.4275 -3.4863 -6.0963
v  -3.4523 -3.5465 -5.9989
v  -3.4265 -3.5311 -5.9460
v  -3.4509 -3.5614 -5.9028
v  -3.4763 -3.5696 -5.9587
v  -3.4372 -3.3985 -6.2024
v  -3.4240 -3.4486 -6.1516
v  -3.4111 -3.3816 -6.1804
v  -3.3991 -3.4310 -6.1311
v  -3.4445 -3.3518 -6.2548
v  -3.4460 -3.3091 -6.3056
v  -3.4204 -3.2929 -6.2829
v  -3.4188 -3.3347 -6.2315
v  -3.4492 -3.2644 -6.3464
v  -3.4674 -3.2131 -6.3614
v  -3.4411 -3.1976 -6.3447
v  -3.4239 -3.2494 -6.3253
v  -3.4392 -3.5541 -5.8634
v  -3.4596 -3.5499 -5.8139
v  -3.4216 -3.5409 -5.8711
v  -3.4397 -3.5310 -5.8057
v  -3.6494 -3.3741 -5.5688
v  -3.6583 -3.3612 -5.5618
v  -3.6224 -3.3427 -5.5519
v  -3.6127 -3.3569 -5.5577
v  -3.6318 -3.3284 -5.5488
v  -3.6668 -3.3481 -5.5586
v  -3.4642 -3.5137 -5.7427
v  -3.4877 -3.5286 -5.7529
v  -3.5180 -3.5005 -5.7040
v  -3.4919 -3.4901 -5.6920
v  -3.5163 -3.4599 -5.6693
v  -3.5467 -3.4706 -5.6817
v  -3.5371 -3.4355 -5.6504
v  -3.5704 -3.4474 -5.6635
v  -3.5545 -3.4176 -5.6315
v  -3.5897 -3.4304 -5.6452
v  -3.5691 -3.4046 -5.6120
v  -3.6055 -3.4181 -5.6263
v  -3.6186 -3.4081 -5.6079
v  -3.5815 -3.3939 -5.5936
v  -3.5925 -3.3831 -5.5779
v  -3.6299 -3.3980 -5.5919
v  -3.6400 -3.3866 -5.5788
v  -3.6027 -3.3708 -5.5661
v  -3.7688 -3.0569 -5.9476
v  -3.7525 -3.0486 -5.8976
v  -3.7156 -3.0212 -5.9413
v  -3.7382 -3.0394 -5.9877
v  -3.6466 -3.0183 -6.0700
v  -3.6682 -3.0431 -6.0806
v  -3.7062 -3.0312 -6.0352
v  -3.6847 -3.0091 -6.0144
v  -3.6033 -3.0457 -6.1232
v  -3.6289 -3.0656 -6.1339
v  -3.5693 -3.0622 -6.1842
v  -3.5960 -3.0793 -6.1971
v  -3.5683 -3.0892 -6.2654
v  -3.5408 -3.0740 -6.2487
v  -3.5084 -3.1047 -6.3000
v  -3.5346 -3.1229 -6.3169
v  -3.4986 -3.1656 -6.3501
v  -3.4734 -3.1481 -6.3330
v  -3.7384 -3.0476 -5.8603
v  -3.7152 -3.0288 -5.8690
v  -3.7438 -3.0700 -5.8168
v  -3.7159 -3.0509 -5.8081
v  -3.6399 -3.3143 -5.5500
v  -3.6735 -3.3349 -5.5598
v  -3.6781 -3.3216 -5.5663
v  -3.6459 -3.3004 -5.5564
v  -3.7368 -3.1367 -5.7181
v  -3.7414 -3.1024 -5.7621
v  -3.7079 -3.1135 -5.7086
v  -3.7139 -3.0817 -5.7510
v  -3.7140 -3.2046 -5.6621
v  -3.7289 -3.1708 -5.6833
v  -3.6873 -3.1793 -5.6516
v  -3.7000 -3.1462 -5.6739
v  -3.6839 -3.2602 -5.6355
v  -3.6957 -3.2358 -5.6498
v  -3.6584 -3.2366 -5.6268
v  -3.6713 -3.2107 -5.6392
v  -3.6799 -3.2787 -5.6168
v  -3.6799 -3.2942 -5.5965
v  -3.6505 -3.2719 -5.5874
v  -3.6525 -3.2560 -5.6082
v  -3.6491 -3.2864 -5.5692
v  -3.6801 -3.3082 -5.5787
v  -3.3747 -3.4562 -6.0609
v  -3.3842 -3.4868 -6.0020
v  -3.3424 -3.4453 -6.0494
v  -3.3528 -3.4742 -5.9907
v  -3.3662 -3.4951 -5.9274
v  -3.3970 -3.5093 -5.9367
v  -3.3828 -3.3661 -6.1621
v  -3.3720 -3.4175 -6.1155
v  -3.3485 -3.3522 -6.1472
v  -3.3380 -3.4069 -6.1035
v  -3.3625 -3.2633 -6.2550
v  -3.3588 -3.3024 -6.1967
v  -3.3913 -3.3181 -6.2122
v  -3.3935 -3.2778 -6.2666
v  -3.4165 -3.1836 -6.3416
v  -3.3986 -3.2356 -6.3144
v  -3.3699 -3.2220 -6.3091
v  -3.3904 -3.1692 -6.3424
v  -3.3758 -3.5028 -5.8606
v  -3.4047 -3.5201 -5.8676
v  -3.4186 -3.5139 -5.7991
v  -3.3888 -3.4974 -5.7931
v  -3.5762 -3.3396 -5.5468
v  -3.5867 -3.3240 -5.5417
v  -3.5494 -3.3039 -5.5323
v  -3.5379 -3.3215 -5.5366
v  -3.5603 -3.2864 -5.5310
v  -3.5969 -3.3083 -5.5395
v  -3.4092 -3.4844 -5.7288
v  -3.4404 -3.4995 -5.7349
v  -3.4346 -3.4660 -5.6727
v  -3.4661 -3.4791 -5.6815
v  -3.4864 -3.4497 -5.6578
v  -3.4519 -3.4390 -5.6473
v  -3.4676 -3.4152 -5.6274
v  -3.5045 -3.4248 -5.6384
v  -3.4814 -3.3961 -5.6091
v  -3.5200 -3.4060 -5.6193
v  -3.4937 -3.3807 -5.5906
v  -3.5333 -3.3920 -5.5999
v  -3.5449 -3.3803 -5.5815
v  -3.5051 -3.3671 -5.5724
v  -3.5159 -3.3535 -5.5566
v  -3.5556 -3.3685 -5.5658
v  -3.5658 -3.3549 -5.5544
v  -3.5267 -3.3383 -5.5445
v  -3.6722 -2.9920 -5.9389
v  -3.6490 -2.9889 -6.0040
v  -3.6254 -2.9668 -5.9427
v  -3.6025 -2.9713 -6.0037
v  -3.6135 -3.0033 -6.0614
v  -3.5659 -2.9944 -6.0628
v  -3.5725 -3.0316 -6.1175
v  -3.5303 -3.0193 -6.1218
v  -3.5400 -3.0489 -6.1781
v  -3.5025 -3.0335 -6.1824
v  -3.4786 -3.0456 -6.2411
v  -3.5124 -3.0619 -6.2397
v  -3.4811 -3.0896 -6.2909
v  -3.4483 -3.0740 -6.2886
v  -3.4178 -3.1169 -6.3221
v  -3.4479 -3.1326 -6.3250
v  -3.6843 -3.0256 -5.8048
v  -3.6806 -3.0034 -5.8711
v  -3.6449 -2.9951 -5.8091
v  -3.6364 -2.9761 -5.8776
v  -3.5703 -3.2690 -5.5338
v  -3.6060 -3.2928 -5.5410
v  -3.6130 -3.2778 -5.5486
v  -3.5785 -3.2533 -5.5430
v  -3.6414 -3.0549 -5.6998
v  -3.6462 -3.0246 -5.7461
v  -3.6835 -3.0565 -5.7442
v  -3.6767 -3.0871 -5.7019
v  -3.6245 -3.1186 -5.6425
v  -3.6341 -3.0858 -5.6658
v  -3.6688 -3.1191 -5.6675
v  -3.6577 -3.1524 -5.6448
v  -3.6314 -3.2131 -5.6216
v  -3.6439 -3.1846 -5.6323
v  -3.6023 -3.1843 -5.6182
v  -3.6132 -3.1521 -5.6286
v  -3.5888 -3.2258 -5.5818
v  -3.5940 -3.2102 -5.6035
v  -3.6241 -3.2338 -5.6041
v  -3.6206 -3.2493 -5.5824
v  -3.5844 -3.2393 -5.5597
v  -3.6176 -3.2635 -5.5625
v  -3.3030 -3.4323 -6.0390
v  -3.3140 -3.4603 -5.9815
v  -3.2589 -3.4350 -5.9786
v  -3.2501 -3.4069 -6.0325
v  -3.2700 -3.4549 -5.9204
v  -3.3267 -3.4799 -5.9195
v  -3.3080 -3.3380 -6.1326
v  -3.2975 -3.3946 -6.0921
v  -3.2479 -3.3686 -6.0797
v  -3.2617 -3.3150 -6.1139
v  -3.2820 -3.2242 -6.2160
v  -3.2755 -3.2642 -6.1594
v  -3.3203 -3.2865 -6.1816
v  -3.3259 -3.2475 -6.2426
v  -3.3536 -3.1510 -6.3325
v  -3.3348 -3.2065 -6.3043
v  -3.3048 -3.1318 -6.3079
v  -3.2895 -3.1817 -6.2684
v  -3.2786 -3.4630 -5.8603
v  -3.3340 -3.4841 -5.8563
v  -3.2893 -3.4613 -5.7983
v  -3.3464 -3.4799 -5.7910
v  -3.4952 -3.3013 -5.5282
v  -3.5089 -3.2815 -5.5238
v  -3.4615 -3.2540 -5.5189
v  -3.4448 -3.2779 -5.5224
v  -3.5209 -3.2615 -5.5237
v  -3.4763 -3.2306 -5.5200
v  -3.3659 -3.4687 -5.7269
v  -3.3074 -3.4534 -5.7345
v  -3.3301 -3.4398 -5.6764
v  -3.3906 -3.4522 -5.6687
v  -3.4072 -3.4292 -5.6395
v  -3.3479 -3.4218 -5.6403
v  -3.3592 -3.4040 -5.6188
v  -3.4215 -3.4079 -5.6184
v  -3.3707 -3.3856 -5.5994
v  -3.4339 -3.3891 -5.6007
v  -3.3827 -3.3664 -5.5806
v  -3.4455 -3.3720 -5.5835
v  -3.3965 -3.3462 -5.5619
v  -3.4572 -3.3557 -5.5663
v  -3.4123 -3.3247 -5.5448
v  -3.4694 -3.3387 -5.5501
v  -3.4819 -3.3205 -5.5370
v  -3.4281 -3.3016 -5.5314
v  -3.4961 -2.9230 -5.9796
v  -3.4628 -2.9420 -6.0431
v  -3.5396 -2.9588 -6.0169
v  -3.5682 -2.9440 -5.9562
v  -3.5037 -2.9845 -6.0780
v  -3.4337 -2.9612 -6.1059
v  -3.4126 -2.9773 -6.1646
v  -3.4756 -3.0029 -6.1382
v  -3.4545 -3.0149 -6.1961
v  -3.3986 -2.9920 -6.2165
v  -3.3873 -3.0088 -6.2592
v  -3.4357 -3.0274 -6.2492
v  -3.4076 -3.0566 -6.2898
v  -3.3592 -3.0367 -6.2897
v  -3.3295 -3.0796 -6.3087
v  -3.3789 -3.0991 -6.3188
v  -3.5953 -2.9587 -5.8251
v  -3.5845 -2.9448 -5.8925
v  -3.5362 -2.9154 -5.8519
v  -3.5245 -2.9092 -5.9163
v  -3.4904 -3.2090 -5.5270
v  -3.5322 -3.2421 -5.5281
v  -3.5417 -3.2258 -5.5412
v  -3.5013 -3.1924 -5.5477
v  -3.5540 -2.9583 -5.7263
v  -3.5499 -2.9316 -5.7844
v  -3.6030 -2.9836 -5.7574
v  -3.6018 -3.0139 -5.7048
v  -3.5435 -3.0154 -5.6554
v  -3.5509 -2.9865 -5.6827
v  -3.5952 -3.0424 -5.6700
v  -3.5869 -3.0737 -5.6457
v  -3.5686 -3.1412 -5.6177
v  -3.5776 -3.1072 -5.6296
v  -3.5273 -3.0817 -5.6220
v  -3.5355 -3.0477 -5.6359
v  -3.5152 -3.1489 -5.5945
v  -3.5203 -3.1163 -5.6093
v  -3.5613 -3.1739 -5.6050
v  -3.5551 -3.1984 -5.5868
v  -3.5489 -3.2122 -5.5630
v  -3.5107 -3.1774 -5.5745
v  -2.9045 -2.4599 -5.8282
v  -2.8873 -2.4677 -5.8814
v  -2.9837 -2.5497 -5.8952
v  -2.9094 -2.4728 -5.7716
v  -3.0065 -2.5317 -5.8497
v  -3.0157 -2.5400 -5.7949
v  -2.8135 -2.4085 -5.7486
v  -2.8101 -2.3901 -5.8123
v  -2.7962 -2.3884 -5.8774
v  -3.2602 -2.7090 -5.7181
v  -3.2568 -2.6908 -5.7644
v  -3.3477 -2.7654 -5.7578
v  -3.3545 -2.7865 -5.7122
v  -3.3398 -2.7469 -5.8147
v  -3.2489 -2.6725 -5.8186
v  -3.4211 -2.8209 -5.7919
v  -3.4279 -2.8421 -5.7375
v  -3.4309 -2.8672 -5.6940
v  -3.0200 -2.5555 -5.7442
v  -2.9113 -2.4898 -5.7206
v  -2.9089 -2.5119 -5.6733
v  -3.0214 -2.5731 -5.6946
v  -2.8120 -2.4312 -5.6966
v  -2.8050 -2.4596 -5.6541
v  -3.1358 -2.6236 -5.7566
v  -3.1297 -2.6073 -5.8087
v  -3.1386 -2.6410 -5.7084
v  -3.2414 -2.7738 -5.6539
v  -3.2551 -2.7357 -5.6791
v  -3.3517 -2.8149 -5.6767
v  -3.3458 -2.8491 -5.6532
v  -3.4296 -2.8965 -5.6605
v  -3.4212 -2.9308 -5.6383
v  -3.0165 -2.5986 -5.6481
v  -2.9004 -2.5420 -5.6326
v  -3.0027 -2.6364 -5.6128
v  -2.8863 -2.5784 -5.5992
v  -2.7940 -2.4925 -5.6198
v  -2.7799 -2.5271 -5.5900
v  -3.1342 -2.6660 -5.6646
v  -3.1207 -2.7033 -5.6325
v  -3.2013 -2.8638 -5.6263
v  -3.2227 -2.8166 -5.6383
v  -3.3373 -2.8878 -5.6403
v  -3.3298 -2.9312 -5.6394
v  -3.4106 -2.9683 -5.6261
v  -3.4009 -3.0070 -5.6166
v  -2.9612 -2.7231 -5.5694
v  -2.8453 -2.6611 -5.5537
v  -2.8673 -2.6186 -5.5737
v  -2.9830 -2.6793 -5.5886
v  -2.7622 -2.5635 -5.5622
v  -2.7427 -2.6005 -5.5347
v  -3.1014 -2.7464 -5.6116
v  -3.0800 -2.7915 -5.5949
v  -3.1659 -2.9498 -5.5743
v  -3.1814 -2.9112 -5.6088
v  -3.3116 -2.9757 -5.6166
v  -3.2963 -3.0143 -5.5859
v  -3.3910 -3.0452 -5.5993
v  -3.3847 -3.0808 -5.5777
v  -2.9201 -2.8056 -5.5270
v  -2.8040 -2.7405 -5.5046
v  -2.8234 -2.7021 -5.5333
v  -2.9400 -2.7651 -5.5506
v  -2.7243 -2.6364 -5.5044
v  -2.7070 -2.6721 -5.4696
v  -3.0590 -2.8364 -5.5781
v  -3.0402 -2.8784 -5.5532
v  -3.1505 -2.9864 -5.5409
v  -3.2805 -3.0535 -5.5586
v  -3.2631 -3.0917 -5.5336
v  -3.1329 -3.0252 -5.5130
v  -3.3839 -3.1155 -5.5573
v  -3.3633 -3.1457 -5.5283
v  -2.8839 -2.8849 -5.4605
v  -2.7679 -2.8174 -5.4337
v  -2.7868 -2.7776 -5.4688
v  -2.9021 -2.8448 -5.4955
v  -2.6881 -2.7096 -5.4337
v  -2.6710 -2.7476 -5.3918
v  -3.0245 -2.9152 -5.5186
v  -3.0065 -2.9546 -5.4867
v  -3.3081 -3.2162 -5.5146
v  -3.2074 -3.1704 -5.5067
v  -3.2363 -3.1314 -5.5150
v  -3.3374 -3.1809 -5.5158
v  -3.1110 -3.0692 -5.4942
v  -3.0857 -3.1134 -5.4827
v  -2.8313 -2.9812 -5.4172
v  -2.7148 -2.9121 -5.3933
v  -2.7442 -2.8634 -5.4038
v  -2.8600 -2.9316 -5.4321
v  -2.6467 -2.7949 -5.3559
v  -2.6135 -2.8480 -5.3455
v  -2.9560 -3.0482 -5.4487
v  -2.9832 -3.0007 -5.4631
v  -3.2519 -3.2798 -5.5369
v  -3.1539 -3.2480 -5.5242
v  -3.1799 -3.2096 -5.5091
v  -3.2772 -3.2477 -5.5216
v  -3.0567 -3.1552 -5.4840
v  -3.0264 -3.1929 -5.5012
v  -2.7662 -3.0698 -5.4508
v  -2.6521 -2.9985 -5.4249
v  -2.6834 -2.9581 -5.3995
v  -2.7985 -3.0292 -5.4233
v  -2.5459 -2.9398 -5.3854
v  -2.5787 -2.8973 -5.3563
v  -2.8930 -3.1333 -5.4759
v  -2.9246 -3.0944 -5.4515
v  -3.2128 -3.3411 -5.5926
v  -3.1034 -3.3089 -5.5930
v  -3.1303 -3.2848 -5.5534
v  -3.2307 -3.3115 -5.5609
v  -2.9977 -3.2233 -5.5335
v  -2.9718 -3.2463 -5.5758
v  -2.6009 -3.0514 -5.5137
v  -2.6248 -3.0290 -5.4652
v  -2.7382 -3.0990 -5.4923
v  -2.7141 -3.1195 -5.5417
v  -2.4942 -2.9994 -5.4738
v  -2.5198 -2.9693 -5.4306
v  -2.8396 -3.1841 -5.5600
v  -2.8643 -3.1632 -5.5133
v  -3.1791 -3.3936 -5.6692
v  -3.0505 -3.3554 -5.6714
v  -3.0798 -3.3257 -5.6372
v  -3.2023 -3.3743 -5.6323
v  -2.9492 -3.2626 -5.6222
v  -2.9189 -3.2948 -5.6548
v  -2.6633 -3.1695 -5.6253
v  -2.5520 -3.1017 -5.5989
v  -2.5795 -3.0699 -5.5623
v  -2.6908 -3.1398 -5.5882
v  -2.4509 -3.0418 -5.5674
v  -2.4747 -3.0159 -5.5242
v  -2.7874 -3.2336 -5.6413
v  -2.8160 -3.2038 -5.6057
v  -3.1414 -3.4093 -5.7605
v  -3.0140 -3.3657 -5.7682
v  -3.0300 -3.3655 -5.7187
v  -3.1588 -3.4060 -5.7125
v  -2.8949 -3.3135 -5.6998
v  -2.8788 -3.3146 -5.7515
v  -2.5014 -3.1554 -5.6895
v  -2.5208 -3.1412 -5.6338
v  -2.6321 -3.2070 -5.6613
v  -2.6161 -3.2122 -5.7185
v  -2.3986 -3.1035 -5.6588
v  -2.4211 -3.0803 -5.6047
v  -2.7426 -3.2673 -5.7364
v  -2.7585 -3.2644 -5.6813
v  -3.1146 -3.4015 -5.8617
v  -2.9916 -3.3508 -5.8659
v  -3.0013 -3.3603 -5.8174
v  -3.1267 -3.4070 -5.8110
v  -2.8665 -3.3095 -5.8030
v  -2.8579 -3.2993 -5.8540
v  -2.4772 -3.1632 -5.8111
v  -2.4854 -3.1660 -5.7487
v  -2.6033 -3.2126 -5.7754
v  -2.5966 -3.2033 -5.8326
v  -2.3705 -3.1265 -5.7886
v  -2.3798 -3.1233 -5.7204
v  -2.7238 -3.2518 -5.8453
v  -2.7310 -3.2627 -5.7913
v  -3.0979 -3.3712 -5.9525
v  -2.9830 -3.3171 -5.9587
v  -2.9853 -3.3365 -5.9134
v  -3.1040 -3.3891 -5.9064
v  -2.8533 -3.2836 -5.9037
v  -2.8526 -3.2636 -5.9516
v  -2.4884 -3.1080 -5.9246
v  -2.4795 -3.1405 -5.8705
v  -2.5969 -3.1827 -5.8872
v  -2.6021 -3.1559 -5.9383
v  -2.3860 -3.0683 -5.9138
v  -2.3739 -3.1050 -5.8549
v  -2.7236 -3.2113 -5.9475
v  -2.7215 -3.2339 -5.8974
v  -3.1007 -3.3159 -6.0312
v  -2.9964 -3.2562 -6.0289
v  -2.9865 -3.2902 -5.9998
v  -3.0960 -3.3469 -5.9963
v  -2.8573 -3.2376 -5.9971
v  -2.8714 -3.1989 -6.0293
v  -2.5264 -3.0215 -6.0220
v  -2.5017 -3.0705 -5.9743
v  -2.6114 -3.1250 -5.9872
v  -2.6329 -3.0800 -6.0287
v  -2.4332 -2.9679 -6.0175
v  -2.4039 -3.0235 -5.9658
v  -2.7489 -3.1403 -6.0316
v  -2.7303 -3.1838 -5.9963
v  -3.1379 -3.2346 -6.0550
v  -3.0352 -3.1724 -6.0374
v  -3.0129 -3.2167 -6.0356
v  -3.1141 -3.2785 -6.0501
v  -2.8949 -3.1512 -6.0364
v  -2.9225 -3.1001 -6.0293
v  -2.6726 -3.0145 -6.0452
v  -2.5732 -2.9466 -6.0447
v  -2.7135 -2.9473 -6.0223
v  -2.6199 -2.8707 -6.0198
v  -2.4859 -2.8855 -6.0462
v  -2.5356 -2.8003 -6.0197
v  -2.7806 -3.0834 -6.0431
v  -2.8153 -3.0233 -6.0201
v  -3.1646 -3.1511 -6.1302
v  -3.0750 -3.0886 -6.0979
v  -3.0576 -3.1277 -6.0646
v  -3.1533 -3.1932 -6.0917
v  -2.9479 -3.0531 -6.0524
v  -2.9685 -3.0120 -6.0829
v  -2.7661 -2.8565 -6.0666
v  -2.6701 -2.7789 -6.0644
v  -2.6512 -2.8166 -6.0343
v  -2.7456 -2.8948 -6.0352
v  -2.5649 -2.7455 -6.0400
v  -2.5826 -2.7066 -6.0687
v  -2.8659 -2.9339 -6.0720
v  -2.8449 -2.9737 -6.0402
v  -3.1774 -3.0646 -6.2187
v  -3.0899 -3.0058 -6.1861
v  -3.0852 -3.0461 -6.1321
v  -3.1692 -3.1085 -6.1727
v  -2.9878 -2.9703 -6.1056
v  -2.9915 -2.9395 -6.1636
v  -2.7888 -2.7895 -6.1418
v  -2.6935 -2.7184 -6.1451
v  -2.6878 -2.7385 -6.0896
v  -2.7848 -2.8126 -6.0861
v  -2.5977 -2.6738 -6.1030
v  -2.6067 -2.6549 -6.1567
v  -2.8869 -2.8694 -6.1508
v  -2.8863 -2.8898 -6.0901
v  -2.7020 -2.6972 -6.2277
v  -2.6177 -2.6364 -6.2352
v  -2.7971 -2.7600 -6.2222
v  -2.8272 -2.6949 -6.2723
v  -2.7337 -2.6311 -6.2724
v  -2.6492 -2.5758 -6.2852
v  -2.9146 -2.5565 -6.2229
v  -2.8202 -2.4843 -6.2127
v  -2.7773 -2.5508 -6.2771
v  -2.8663 -2.6234 -6.2662
v  -2.6994 -2.4839 -6.2917
v  -2.7353 -2.4186 -6.2066
v  -2.8952 -2.8307 -6.2264
v  -2.9997 -2.8975 -6.2308
v  -3.0217 -2.8364 -6.2853
v  -2.9230 -2.7652 -6.2801
v  -3.1986 -3.0126 -6.2559
v  -3.2460 -2.9600 -6.2634
v  -3.1285 -2.9054 -6.2803
v  -3.1029 -2.9595 -6.2402
v  -3.1182 -2.5965 -5.8686
v  -3.0913 -2.6175 -5.9169
v  -3.2040 -2.6764 -5.9450
v  -3.2359 -2.6545 -5.8880
v  -3.1073 -2.7191 -6.2405
v  -3.0594 -2.7745 -6.2732
v  -3.1589 -2.8531 -6.2772
v  -3.2016 -2.8023 -6.2311
v  -3.2603 -2.9036 -6.2365
v  -3.2873 -2.8666 -6.1883
v  -2.9394 -2.5502 -6.1071
v  -2.8397 -2.4767 -6.0987
v  -2.8497 -2.4893 -5.9912
v  -2.9501 -2.5694 -5.9970
v  -2.7577 -2.4099 -5.9996
v  -2.7470 -2.4092 -6.0990
v  -2.7671 -2.4123 -5.9275
v  -2.8595 -2.4928 -5.9217
v  -2.9593 -2.5748 -5.9300
v  -3.3331 -2.7325 -5.8872
v  -3.3095 -2.7433 -5.9639
v  -3.3968 -2.8063 -5.9231
v  -3.4099 -2.8075 -5.8556
v  -3.1483 -2.7181 -6.0428
v  -3.1349 -2.7087 -6.1372
v  -3.2209 -2.7915 -6.1374
v  -3.2381 -2.7903 -6.0529
v  -3.3039 -2.8575 -6.1112
v  -3.3263 -2.8497 -6.0375
v  -2.9618 -2.6970 -6.2672
v  -3.0109 -2.6342 -6.2307
v  -3.0370 -2.6297 -6.1187
v  -3.0528 -2.6443 -6.0137
v  -3.1692 -2.7124 -5.9783
v  -3.0662 -2.6453 -5.9497
v  -3.2662 -2.7767 -5.9936
v  -3.3580 -2.8331 -5.9756
v  -2.5695 -2.3602 -6.3263
v  -2.6378 -2.4261 -6.3071
v  -2.6659 -2.3610 -6.2085
v  -2.5954 -2.2895 -6.2267
v  -2.5089 -2.4685 -6.3290
v  -2.5812 -2.5276 -6.3039
v  -2.5442 -2.5910 -6.2559
v  -2.4684 -2.5360 -6.2786
v  -2.4567 -2.5506 -6.1969
v  -2.5308 -2.6037 -6.1762
v  -2.5207 -2.6194 -6.1221
v  -2.4471 -2.5718 -6.1435
v  -2.4353 -2.6004 -6.1036
v  -2.5075 -2.6467 -6.0822
v  -2.4903 -2.6877 -6.0539
v  -2.4190 -2.6377 -6.0723
v  -2.3891 -2.6961 -6.0563
v  -2.4621 -2.7436 -6.0301
v  -2.3359 -2.7863 -6.0634
v  -2.4112 -2.8354 -6.0539
v  -2.2775 -2.8688 -6.0167
v  -2.3560 -2.9215 -6.0183
v  -2.3235 -2.9815 -5.9623
v  -2.2368 -2.9310 -5.9598
v  -2.2077 -2.9820 -5.9025
v  -2.3023 -3.0302 -5.9069
v  -2.1899 -3.0212 -5.8349
v  -2.2875 -3.0687 -5.8438
v  -2.2828 -3.0888 -5.7729
v  -2.1863 -3.0409 -5.7615
v  -2.1829 -2.1909 -6.4585
v  -2.2304 -2.2670 -6.3857
v  -2.2914 -2.2732 -6.3920
v  -2.2969 -2.4307 -6.2310
v  -2.3703 -2.4933 -6.2201
v  -2.3773 -2.4553 -6.2981
v  -2.2992 -2.3746 -6.3072
v  -2.4106 -2.3815 -6.3566
v  -2.2105 -2.3087 -6.2928
v  -2.2464 -2.3314 -6.3028
v  -2.1891 -2.2473 -6.3818
v  -2.2193 -2.3517 -6.2169
v  -2.2519 -2.3824 -6.2249
v  -2.1781 -2.2745 -6.2790
v  -2.1919 -2.3211 -6.2103
v  -2.3695 -2.5187 -6.1585
v  -2.3023 -2.4674 -6.1664
v  -2.2979 -2.5030 -6.1207
v  -2.3610 -2.5505 -6.1161
v  -2.2638 -2.4204 -6.1601
v  -2.2331 -2.3905 -6.1570
v  -2.2292 -2.4413 -6.1246
v  -2.2578 -2.4683 -6.1231
v  -2.2034 -2.3663 -6.1558
v  -2.2043 -2.4143 -6.1224
v  -2.2758 -2.5429 -6.1008
v  -2.3419 -2.5866 -6.0870
v  -2.3053 -2.6482 -6.0911
v  -2.2330 -2.5966 -6.1068
v  -2.2140 -2.4795 -6.1035
v  -2.2368 -2.5095 -6.1077
v  -2.1818 -2.5194 -6.0809
v  -2.1984 -2.5534 -6.0934
v  -2.1604 -2.4873 -6.0879
v  -2.1912 -2.4471 -6.0950
v  -2.2464 -2.7236 -6.0669
v  -2.1723 -2.6580 -6.0602
v  -2.0953 -2.7310 -6.0240
v  -2.1799 -2.7972 -6.0105
v  -2.1247 -2.5738 -6.0584
v  -2.0513 -2.6305 -6.0374
v  -2.0608 -2.6778 -6.0335
v  -2.1404 -2.6110 -6.0531
v  -2.0386 -2.5774 -6.0386
v  -2.1092 -2.5353 -6.0700
v  -2.0124 -2.8032 -5.9963
v  -2.1175 -2.8649 -5.9652
v  -2.0701 -2.9184 -5.9069
v  -1.9039 -2.8642 -5.9412
v  -1.9758 -2.7440 -6.0287
v  -1.9721 -2.6866 -6.0480
v  -1.8796 -2.7234 -6.0447
v  -1.8775 -2.7910 -6.0121
v  -1.9649 -2.6314 -6.0560
v  -1.8783 -2.6649 -6.0624
v  -1.7596 -2.8040 -5.9949
v  -1.7500 -2.8644 -5.9290
v  -1.7694 -2.7418 -6.0430
v  -1.7807 -2.6817 -6.0681
v  -2.6245 -2.4308 -5.5665
v  -2.6400 -2.4021 -5.6010
v  -2.7048 -2.4472 -5.6104
v  -2.6915 -2.4792 -5.5802
v  -2.7163 -2.4149 -5.6432
v  -2.6533 -2.3721 -5.6357
v  -2.6646 -2.3407 -5.6744
v  -2.7260 -2.3831 -5.6829
v  -2.7315 -2.3517 -5.7357
v  -2.6730 -2.3031 -5.7272
v  -2.6670 -2.2656 -5.8115
v  -2.7274 -2.3251 -5.8105
v  -2.7095 -2.3218 -5.8891
v  -2.6354 -2.2621 -5.9021
v  -2.5914 -2.2812 -6.0531
v  -2.5932 -2.2783 -6.1356
v  -2.6689 -2.3500 -6.1114
v  -2.6736 -2.3468 -6.0225
v  -2.5982 -2.2842 -5.9740
v  -2.6821 -2.3439 -5.9503
v  -2.4951 -2.2010 -6.2556
v  -2.4701 -2.2715 -6.3497
v  -2.3426 -2.1671 -6.3898
v  -2.3613 -2.1011 -6.3046
v  -2.3937 -2.1152 -6.1258
v  -2.3661 -2.1036 -6.2167
v  -2.4963 -2.1894 -6.1691
v  -2.4962 -2.2055 -6.0828
v  -1.8785 -2.9398 -5.7492
v  -2.0490 -2.9800 -5.7557
v  -2.0464 -2.9594 -5.8325
v  -1.8830 -2.9245 -5.8426
v  -2.6589 -2.5438 -5.5141
v  -2.6756 -2.5117 -5.5482
v  -2.6069 -2.4580 -5.5269
v  -2.5913 -2.4835 -5.4841
v  -2.5797 -2.5100 -5.4410
v  -2.6437 -2.5754 -5.4774
v  -2.6267 -2.6097 -5.4395
v  -2.5587 -2.5448 -5.4054
v  -2.5905 -2.6856 -5.3525
v  -2.6074 -2.6468 -5.4001
v  -2.5346 -2.5836 -5.3686
v  -2.5101 -2.6271 -5.3310
v  -2.4765 -2.6801 -5.3118
v  -2.5599 -2.7369 -5.3235
v  -2.5232 -2.7914 -5.3153
v  -2.4393 -2.7346 -5.3060
v  -2.3625 -2.9924 -5.5428
v  -2.3823 -2.9727 -5.4933
v  -2.2798 -2.9497 -5.5284
v  -2.2976 -2.9271 -5.4789
v  -2.4028 -2.9504 -5.4466
v  -2.3147 -2.9004 -5.4337
v  -2.3105 -3.0587 -5.6364
v  -2.3346 -3.0287 -5.5838
v  -2.2520 -2.9820 -5.5753
v  -2.2224 -3.0148 -5.6264
v  -2.1988 -3.0366 -5.6902
v  -2.2916 -3.0828 -5.7007
v  -2.0247 -2.9370 -5.6382
v  -2.1178 -2.9697 -5.6317
v  -2.0767 -2.9822 -5.6908
v  -1.9644 -2.9452 -5.6906
v  -2.1999 -1.9834 -6.3922
v  -2.1992 -2.0451 -6.4767
v  -2.1796 -2.1414 -6.4839
v  -2.2351 -1.9857 -6.3013
v  -2.3051 -2.0018 -6.2040
v  -2.4625 -2.1101 -6.0262
v  -2.4039 -2.0062 -6.1048
v  -2.4549 -2.0131 -5.9971
v  -2.5302 -2.1243 -5.9014
v  -2.5320 -2.1989 -5.9936
v  -2.5812 -2.1984 -5.9011
v  -2.6309 -2.2428 -5.7034
v  -2.6163 -2.1832 -5.7908
v  -2.6320 -2.2167 -5.8033
v  -2.6382 -2.2708 -5.7170
v  -2.6235 -2.3113 -5.6729
v  -2.6136 -2.3381 -5.6383
v  -2.6097 -2.3039 -5.6290
v  -2.6313 -2.2775 -5.6571
v  -2.5767 -2.3865 -5.5552
v  -2.5983 -2.3640 -5.5990
v  -2.5759 -2.3316 -5.5994
v  -2.5446 -2.3521 -5.5502
v  -2.4014 -2.7824 -5.3165
v  -2.4858 -2.8430 -5.3232
v  -2.4532 -2.8843 -5.3594
v  -2.3556 -2.8140 -5.3574
v  -2.3384 -2.8624 -5.3972
v  -2.4276 -2.9181 -5.4037
v  -1.7401 -2.9047 -5.8446
v  -1.7305 -2.9080 -5.7697
v  -1.8067 -2.8953 -5.7032
v  -1.8287 -2.9139 -5.7177
v  -1.7194 -2.8820 -5.7390
v  -1.7007 -2.8632 -5.7263
v  -2.5310 -2.4187 -5.4453
v  -2.5505 -2.4043 -5.5015
v  -2.5108 -2.3590 -5.4836
v  -2.4874 -2.3616 -5.4154
v  -2.4898 -2.4736 -5.3688
v  -2.5133 -2.4415 -5.4018
v  -2.4672 -2.3804 -5.3668
v  -2.4411 -2.4121 -5.3342
v  -2.3757 -2.4994 -5.2888
v  -2.4092 -2.4508 -5.3069
v  -2.4612 -2.5118 -5.3386
v  -2.4309 -2.5577 -5.3166
v  -2.3496 -2.4758 -5.2768
v  -2.3834 -2.4245 -5.2951
v  -2.3715 -2.4164 -5.2932
v  -2.3377 -2.4688 -5.2761
v  -2.4060 -2.3733 -5.3201
v  -2.4164 -2.3836 -5.3221
v  -2.3981 -2.6140 -5.3134
v  -2.3612 -2.6710 -5.3133
v  -2.3012 -2.6183 -5.3239
v  -2.3388 -2.5593 -5.3079
v  -2.3088 -2.5369 -5.3008
v  -2.2698 -2.5938 -5.3287
v  -2.2949 -2.5293 -5.3005
v  -2.2536 -2.5833 -5.3323
v  -2.2263 -2.8367 -5.4504
v  -2.2465 -2.7946 -5.4263
v  -2.1482 -2.7867 -5.4686
v  -2.1665 -2.7402 -5.4574
v  -2.2553 -2.7582 -5.4016
v  -2.1801 -2.7068 -5.4329
v  -2.1393 -2.6778 -5.4506
v  -2.1076 -2.7575 -5.4872
v  -2.1186 -2.7130 -5.4684
v  -2.0845 -2.7438 -5.4993
v  -2.0946 -2.6983 -5.4782
v  -2.1153 -2.6609 -5.4596
v  -2.1607 -2.9440 -5.5763
v  -2.0839 -2.9121 -5.5854
v  -2.1298 -2.8739 -5.5406
v  -2.1990 -2.9062 -5.5326
v  -2.1416 -2.8343 -5.4957
v  -2.2137 -2.8751 -5.4850
v  -2.5376 -2.1074 -5.8607
v  -2.4732 -2.0110 -5.9412
v  -2.5438 -2.0970 -5.8355
v  -2.4955 -1.9991 -5.9162
v  -2.6218 -2.2882 -5.6130
v  -2.6447 -2.2639 -5.6429
v  -2.6348 -2.2787 -5.5971
v  -2.6592 -2.2549 -5.6272
v  -2.6643 -2.2232 -5.6794
v  -2.6480 -2.2289 -5.6926
v  -2.6185 -2.1722 -5.7777
v  -2.6278 -2.1690 -5.7618
v  -2.1833 -2.6226 -5.3971
v  -2.2016 -2.6426 -5.3877
v  -2.1674 -2.6575 -5.4199
v  -2.1471 -2.6377 -5.4307
v  -2.1992 -2.6844 -5.4082
v  -2.2341 -2.6751 -5.3774
v  -2.2913 -2.7324 -5.3622
v  -2.3251 -2.7132 -5.3307
v  -2.2663 -2.6552 -5.3476
v  -2.2346 -2.6253 -5.3571
v  -2.2176 -2.6093 -5.3646
v  -2.2496 -2.7256 -5.3906
v  -2.1011 -2.8094 -5.5091
v  -2.0895 -2.8528 -5.5508
v  -2.0798 -2.7942 -5.5254
v  -2.0678 -2.8357 -5.5687
v  -1.9106 -2.9222 -5.6845
v  -1.8865 -2.9031 -5.6761
v  -1.9509 -2.8976 -5.6398
v  -1.9760 -2.9158 -5.6389
v  -2.0430 -2.8877 -5.5977
v  -2.0156 -2.8748 -5.6004
v  -2.4360 -2.3341 -5.3640
v  -2.4441 -2.3479 -5.3592
v  -2.4655 -2.3285 -5.4141
v  -2.4558 -2.3112 -5.4264
v  -2.4912 -2.3273 -5.4857
v  -2.4922 -2.3053 -5.4920
v  -2.5480 -2.3112 -5.5384
v  -2.5341 -2.3229 -5.5490
v  -2.5959 -2.3000 -5.5712
v  -2.5835 -2.3090 -5.5846
v  -3.2702 -3.0538 -6.2837
v  -3.3058 -3.0103 -6.2809
v  -3.2473 -3.1066 -6.2636
v  -3.2351 -3.1510 -6.2217
v  -3.2299 -3.1932 -6.1751
v  -3.2224 -3.2350 -6.1277
v  -3.2058 -3.2824 -6.0897
v  -3.1876 -3.3304 -6.0665
v  -3.1829 -3.3668 -6.0313
v  -3.1868 -3.3977 -5.9863
v  -3.1981 -3.4235 -5.9340
v  -3.2066 -3.4368 -5.8797
v  -3.2151 -3.4394 -5.8218
v  -3.2305 -3.4385 -5.7603
v  -3.2504 -3.4308 -5.7032
v  -3.2734 -3.4164 -5.6561
v  -3.2802 -3.3997 -5.6339
v  -3.2916 -3.3802 -5.6110
v  -3.3039 -3.3567 -5.5857
v  -3.3194 -3.3317 -5.5622
v  -3.3382 -3.3054 -5.5421
v  -3.3606 -3.2788 -5.5270
v  -3.3840 -3.2504 -5.5181
v  -3.4052 -3.2204 -5.5168
v  -3.4247 -3.1911 -5.5213
v  -3.4431 -3.1673 -5.5372
v  -3.4560 -3.1473 -5.5653
v  -3.4567 -3.1137 -5.5860
v  -3.4623 -3.0807 -5.6037
v  -3.4695 -3.0457 -5.6166
v  -3.4779 -3.0104 -5.6294
v  -3.4864 -2.9764 -5.6462
v  -3.4936 -2.9452 -5.6703
v  -3.4955 -2.9171 -5.7099
v  -3.4938 -2.8921 -5.7596
v  -3.4826 -2.8734 -5.8206
v  -3.4699 -2.8649 -5.8846
v  -3.4489 -2.8743 -5.9457
v  -3.4136 -2.8934 -6.0093
v  -3.3839 -2.9075 -6.0763
v  -3.3605 -2.9233 -6.1423
v  -3.3426 -2.9437 -6.1980
v  -3.3350 -2.9697 -6.2406
v  -3.3445 -2.9937 -6.2652
# 6683 vertices

vn -0.3801 -0.8779 -0.2912
vn -0.3581 -0.9299 -0.0839
vn -0.1087 -0.9875 -0.1142
vn -0.1114 -0.9642 -0.2408
vn -0.3836 -0.8560 0.3467
vn -0.3280 -0.8965 0.2980
vn -0.2413 -0.9263 0.2893
vn 0.0543 -0.9967 -0.0597
vn 0.0831 -0.9891 -0.1212
vn 0.3194 -0.9476 0.0105
vn 0.1859 -0.9820 -0.0343
vn 0.1988 -0.9796 0.0295
vn 0.4345 -0.8985 0.0620
vn -0.0254 -0.9496 0.3126
vn 0.1836 -0.9213 0.3429
vn 0.2193 -0.9235 -0.3146
vn 0.0947 -0.8744 -0.4759
vn 0.4610 -0.6406 -0.6141
vn 0.3904 -0.5576 -0.7326
vn 0.2774 -0.4680 -0.8391
vn -0.1158 -0.7448 -0.6571
vn 0.3072 -0.9365 -0.1692
vn 0.5100 -0.7501 -0.4210
vn 0.3934 -0.9193 -0.0055
vn 0.5215 -0.8113 -0.2641
vn 0.5471 -0.8362 0.0373
vn 0.6045 -0.7715 -0.1983
vn 0.3584 -0.9087 0.2138
vn 0.5212 -0.8441 -0.1255
vn -0.4409 -0.7819 0.4408
vn -0.4676 -0.5103 0.7218
vn -0.4609 -0.5133 0.7239
vn -0.3715 -0.6305 0.6815
vn -0.3498 -0.7597 0.5481
vn -0.4614 -0.5340 0.7085
vn -0.4853 -0.4754 0.7338
vn -0.4270 -0.5121 0.7453
vn -0.4928 -0.5638 0.6627
vn -0.4415 -0.6423 0.6265
vn -0.3887 -0.5976 0.7013
vn -0.2717 -0.7108 0.6488
vn -0.3196 -0.7203 0.6156
vn -0.1822 -0.7665 0.6159
vn -0.1689 -0.7588 0.6290
vn -0.1952 -0.7732 0.6034
vn -0.2124 -0.7643 0.6088
vn -0.0675 -0.8642 0.4987
vn 0.2596 -0.9300 0.2603
vn -0.0961 -0.8036 0.5874
vn 0.5997 -0.2251 -0.7679
vn 0.5834 -0.2263 -0.7800
vn 0.5877 -0.2894 -0.7556
vn 0.6019 -0.2489 -0.7588
vn 0.5522 -0.4059 -0.7283
vn 0.6404 -0.4013 -0.6549
vn 0.5966 -0.5209 -0.6105
vn 0.7176 -0.5653 -0.4068
vn 0.6493 -0.6306 -0.4251
vn 0.7701 -0.6172 -0.1615
vn 0.6326 -0.7429 -0.2187
vn 0.7118 -0.6995 -0.0637
vn 0.3856 -0.9127 0.1356
vn 0.6311 -0.7752 0.0274
vn 0.3718 -0.8588 0.3526
vn 0.6115 -0.7818 0.1219
vn -0.1023 -0.7413 0.6633
vn 0.3389 -0.8036 0.4892
vn -0.1546 -0.6805 0.7163
vn 0.6543 -0.7096 0.2614
vn 0.3495 -0.6502 0.6746
vn 0.7348 -0.5495 0.3976
vn -0.1896 -0.5973 0.7793
vn -0.2741 -0.5546 0.7857
vn 0.3055 -0.6044 0.7358
vn 0.7699 -0.4760 0.4251
vn 0.8165 -0.5758 -0.0426
vn 0.8132 -0.5268 0.2472
vn 0.3068 -0.7489 0.5873
vn 0.2993 -0.9099 0.2871
vn -0.3641 -0.6594 0.6577
vn -0.4236 -0.7926 0.4386
vn -0.5697 -0.4784 0.6682
vn -0.5385 -0.6229 0.5674
vn -0.4737 -0.5071 0.7200
vn -0.4753 -0.4698 0.7439
vn -0.4876 -0.7763 0.3995
vn -0.4449 -0.7568 0.4788
vn -0.4612 -0.4997 0.7332
vn -0.3889 -0.7549 0.5280
vn -0.4302 -0.5605 0.7076
vn -0.3027 -0.6510 0.6961
vn -0.2911 -0.8400 0.4579
vn -0.0944 -0.9037 0.4176
vn -0.1451 -0.7394 0.6575
vn -0.0168 -0.7875 0.6161
vn 0.0616 -0.8948 0.4422
vn 0.1682 -0.8653 0.4722
vn 0.0269 -0.8387 0.5440
vn 0.2064 -0.8626 0.4619
vn 0.1965 -0.9006 0.3878
vn 0.0086 -0.8622 0.5065
vn -0.0663 -0.8617 0.5031
vn 0.1982 -0.9270 0.3185
vn 0.1520 -0.9339 0.3236
vn -0.0985 -0.8069 0.5825
vn -0.1484 -0.7807 0.6070
vn -0.1829 -0.7392 0.6482
vn 0.0776 -0.9336 0.3498
vn 0.0209 -0.9012 0.4329
vn -0.2328 -0.6748 0.7003
vn -0.3098 -0.6440 0.6995
vn -0.0511 -0.8360 0.5463
vn -0.1183 -0.7938 0.5965
vn -0.4268 -0.6920 0.5823
vn -0.1486 -0.8240 0.5467
vn -0.4815 -0.7667 0.4248
vn -0.1068 -0.8891 0.4451
vn -0.3220 -0.9467 0.0001
vn -0.2386 -0.9699 -0.0482
vn 0.0440 -0.7340 -0.6777
vn 0.0016 -0.7647 -0.6444
vn 0.0609 -0.6902 -0.7211
vn -0.1788 -0.9780 -0.1072
vn -0.1046 -0.9725 -0.2082
vn 0.0273 -0.6501 -0.7593
vn 0.0644 -0.6873 -0.7235
vn 0.0454 -0.9809 -0.1891
vn 0.6782 -0.4965 -0.5417
vn 0.4887 -0.8718 -0.0343
vn 0.2732 -0.9593 -0.0709
vn 0.3502 -0.7964 -0.4931
vn 0.2821 -0.7295 -0.6231
vn 0.5938 -0.4681 -0.6544
vn 0.0777 -0.6115 -0.7874
vn 0.3099 -0.5097 -0.8026
vn 0.5801 -0.8135 0.0416
vn 0.7698 -0.3662 -0.5228
vn 0.8001 -0.4431 -0.4043
vn 0.5797 -0.8131 0.0535
vn 0.5681 -0.8228 -0.0123
vn 0.4931 -0.8671 -0.0708
vn 0.7780 -0.5152 -0.3595
vn 0.7225 -0.5513 -0.4173
vn 0.4251 -0.9021 -0.0743
vn 0.4081 -0.9128 0.0151
vn 0.6942 -0.5446 -0.4707
vn 0.7410 -0.4979 -0.4507
vn 0.8959 -0.3705 -0.2452
vn 0.4559 -0.8391 0.2967
vn 0.4265 -0.8894 0.1646
vn 0.8260 -0.4282 -0.3666
vn 0.7797 -0.5796 -0.2369
vn 0.7048 -0.7027 -0.0974
vn 0.7260 -0.6827 0.0826
vn 0.8356 -0.4934 -0.2413
vn 0.7402 -0.6422 0.1991
vn 0.9028 -0.3675 -0.2236
vn 0.6615 -0.2113 -0.7196
vn 0.7158 -0.2577 -0.6490
vn 0.7357 -0.1464 -0.6613
vn 0.7069 -0.1965 -0.6795
vn 0.7494 -0.0222 -0.6617
vn 0.7174 -0.1513 -0.6800
vn 0.6791 -0.6949 0.2366
vn 0.8842 -0.3846 -0.2651
vn 0.5917 -0.7779 0.2114
vn 0.7813 -0.5059 -0.3656
vn 0.7190 0.0334 -0.6942
vn 0.6677 -0.1303 -0.7329
vn 0.6712 0.0142 -0.7411
vn 0.6538 -0.1224 -0.7467
vn 0.7103 -0.3474 -0.6122
vn 0.7106 -0.3403 -0.6158
vn 0.6841 -0.3583 -0.6353
vn 0.7184 -0.3387 -0.6076
vn 0.6947 -0.3857 -0.6072
vn 0.7567 -0.3618 -0.5445
vn 0.5767 -0.7984 0.1730
vn 0.7110 -0.5701 -0.4117
vn 0.6844 -0.7053 0.1850
vn 0.7919 -0.4773 -0.3809
vn 0.7388 -0.1023 -0.6662
vn 0.7169 -0.3998 -0.5712
vn 0.6988 -0.4065 -0.5886
vn 0.6920 -0.1120 -0.7131
vn 0.7236 -0.4289 -0.5407
vn 0.7151 -0.4449 -0.5392
vn 0.6576 -0.0241 -0.7529
vn 0.6839 -0.0167 -0.7294
vn 0.8264 -0.5173 0.2225
vn 0.9061 -0.2646 -0.3301
vn 0.9165 -0.3670 0.1592
vn 0.9283 -0.0640 -0.3663
vn 0.9568 -0.2830 -0.0674
vn 0.8921 0.0979 -0.4411
vn 0.9359 -0.2282 -0.2683
vn 0.8813 0.2039 -0.4264
vn 0.7444 0.0590 -0.6651
vn 0.7845 -0.0762 -0.6154
vn 0.7795 0.1421 -0.6101
vn 0.7843 -0.0631 -0.6171
vn 0.7406 -0.3817 -0.5529
vn 0.7241 -0.4470 -0.5253
vn 0.7377 -0.3860 -0.5539
vn 0.6977 -0.4734 -0.5377
vn 0.7923 0.2107 -0.5726
vn 0.7798 -0.0546 -0.6236
vn 0.8134 0.2995 -0.4987
vn 0.8183 0.0056 -0.5747
vn 0.7374 -0.3878 -0.5530
vn 0.6964 -0.4596 -0.5512
vn 0.7649 -0.3509 -0.5402
vn 0.7412 -0.4128 -0.5293
vn 0.7906 0.3570 -0.4975
vn 0.8134 0.0674 -0.5778
vn 0.8557 0.2221 -0.4674
vn 0.7511 0.1615 -0.6401
vn 0.7072 0.3483 -0.6152
vn 0.7345 0.0938 -0.6721
vn 0.7553 -0.3299 -0.5663
vn 0.7238 -0.4391 -0.5323
vn 0.6991 -0.3415 -0.6282
vn 0.6555 -0.5026 -0.5637
vn 0.7119 -0.3259 -0.6220
vn 0.6866 -0.4983 -0.5294
vn 0.6899 0.0947 -0.7177
vn 0.7435 0.0757 -0.6645
vn 0.7664 -0.3170 -0.5586
vn 0.7317 -0.4664 -0.4971
vn 0.8076 0.0461 -0.5879
vn 0.8069 -0.3041 -0.5063
vn 0.7825 -0.3161 -0.5365
vn 0.7782 0.0675 -0.6244
vn 0.7519 -0.4360 -0.4946
vn 0.7725 -0.4327 -0.4648
vn 0.8274 -0.2662 -0.4946
vn 0.7823 -0.4467 -0.4340
vn 0.8332 0.0075 -0.5529
vn 0.8756 0.0003 -0.4831
vn 0.8870 -0.1992 -0.4166
vn 0.8600 -0.3744 -0.3466
vn 0.3123 -0.3197 -0.8946
vn 0.6919 -0.1568 -0.7048
vn 0.6839 0.1563 -0.7127
vn 0.3788 0.0346 -0.9248
vn 0.7562 0.1613 -0.6341
vn 0.7513 -0.0570 -0.6574
vn 0.6867 0.0413 -0.7258
vn 0.6500 0.1679 -0.7411
vn 0.6331 0.1090 -0.7663
vn 0.7312 -0.0743 -0.6782
vn 0.7909 -0.1958 -0.5797
vn 0.7084 0.0661 -0.7027
vn 0.7415 0.0387 -0.6698
vn 0.7791 -0.2472 -0.5761
vn 0.7612 -0.1957 -0.6183
vn 0.7352 0.0656 -0.6746
vn 0.7412 0.1135 -0.6617
vn 0.7805 -0.0935 -0.6181
vn 0.7278 -0.0065 -0.6858
vn 0.7584 -0.0849 -0.6463
vn 0.6931 -0.5577 -0.4567
vn 0.7127 -0.4940 -0.4980
vn 0.6825 -0.6445 -0.3448
vn 0.7918 -0.1833 -0.5826
vn 0.5286 -0.7295 -0.4340
vn 0.6765 -0.4457 -0.5863
vn 0.7206 -0.4182 -0.5531
vn 0.5817 -0.7071 -0.4020
vn 0.8009 -0.3799 -0.4628
vn 0.6824 -0.6413 -0.3509
vn 0.7162 -0.4557 -0.5285
vn 0.5375 -0.7109 -0.4535
vn 0.7275 -0.4361 -0.5296
vn 0.6411 -0.6491 -0.4096
vn 0.7614 -0.4257 -0.4889
vn 0.7181 -0.5992 -0.3541
vn 0.6626 -0.5139 -0.5448
vn 0.5020 -0.7422 -0.4439
vn 0.6464 -0.5157 -0.5624
vn 0.4599 -0.7668 -0.4478
vn 0.7439 -0.4418 -0.5014
vn 0.6408 -0.6800 -0.3563
vn 0.7399 -0.4756 -0.4757
vn 0.6653 -0.6734 -0.3225
vn 0.6380 -0.5831 -0.5030
vn 0.5341 -0.7723 -0.3440
vn 0.6667 -0.5909 -0.4543
vn 0.5503 -0.7797 -0.2988
vn 0.6744 -0.5752 -0.4629
vn 0.5228 -0.7998 -0.2948
vn 0.7233 -0.5568 -0.4085
vn 0.5955 -0.7780 -0.2003
vn 0.6969 -0.6249 -0.3520
vn 0.5411 -0.8211 -0.1815
vn 0.6591 -0.6960 -0.2850
vn 0.5091 -0.8503 -0.1336
vn 0.7309 -0.6496 -0.2092
vn 0.5464 -0.8310 -0.1049
vn 0.0660 -0.9664 0.2485
vn 0.4974 -0.8596 -0.1165
vn 0.4596 -0.8802 -0.1187
vn 0.0511 -0.9677 0.2469
vn 0.6586 -0.6405 -0.3950
vn 0.7222 -0.5826 -0.3730
vn 0.2625 -0.9493 -0.1730
vn -0.1329 -0.9684 0.2110
vn 0.2647 -0.9521 -0.1528
vn -0.1872 -0.9619 0.1995
vn 0.3507 -0.9284 -0.1228
vn -0.1475 -0.9712 0.1869
vn 0.2111 -0.9544 -0.2111
vn -0.2323 -0.9670 0.1047
vn 0.4213 -0.8903 -0.1730
vn 0.0179 -0.9892 0.1458
vn 0.5736 -0.8077 -0.1360
vn 0.2358 -0.9530 0.1901
vn 0.3116 -0.9273 -0.2076
vn 0.0542 -0.9856 0.1602
vn 0.1843 -0.9605 -0.2085
vn -0.1472 -0.9803 0.1314
vn 0.4009 -0.9080 -0.1218
vn 0.0276 -0.9763 0.2148
vn 0.4546 -0.8862 -0.0892
vn 0.0582 -0.9638 0.2603
vn 0.3177 -0.9448 -0.0803
vn -0.0625 -0.9652 0.2541
vn 0.2790 -0.9590 -0.0502
vn -0.1367 -0.9609 0.2406
vn 0.2635 -0.9646 -0.0128
vn -0.1056 -0.9598 0.2601
vn 0.2948 -0.9552 0.0264
vn -0.1335 -0.9670 0.2170
vn 0.2798 -0.9601 0.0019
vn -0.0929 -0.9774 0.1900
vn -0.6795 -0.4359 0.5901
vn -0.5710 -0.7439 0.3473
vn -0.4192 -0.7535 0.5065
vn -0.5970 -0.3915 0.7002
vn -0.0413 -0.9824 0.1823
vn -0.2823 -0.9589 0.0291
vn -0.3719 -0.7426 0.5570
vn -0.5996 -0.3537 0.7179
vn -0.3960 -0.7231 0.5659
vn -0.6348 -0.3137 0.7061
vn -0.5194 -0.6810 0.5162
vn -0.7083 -0.2965 0.6406
vn -0.5751 -0.6648 0.4768
vn -0.7403 -0.2943 0.6045
vn -0.5435 -0.6921 0.4749
vn -0.7266 -0.3189 0.6086
vn -0.5718 -0.6961 0.4341
vn -0.7213 -0.3195 0.6145
vn -0.4518 -0.7471 0.4876
vn -0.6677 -0.3237 0.6704
vn -0.2988 -0.7733 0.5592
vn -0.6219 -0.3414 0.7048
vn -0.3549 -0.7529 0.5542
vn -0.6617 -0.3454 0.6655
vn -0.4864 -0.7216 0.4926
vn -0.6928 -0.3357 0.6382
vn -0.3991 -0.7387 0.5432
vn -0.6606 -0.3399 0.6694
vn -0.4200 -0.7315 0.5372
vn -0.7238 -0.3466 0.5966
vn -0.5103 -0.7188 0.4722
vn -0.7860 -0.3261 0.5252
vn -0.5467 -0.7193 0.4286
vn -0.8202 -0.2855 0.4958
vn -0.5281 -0.7347 0.4258
vn -0.8404 -0.2629 0.4739
vn -0.5472 -0.7571 0.3568
vn -0.8592 -0.2953 0.4178
vn -0.5186 -0.7906 0.3256
vn -0.8597 -0.3731 0.3488
vn -0.4485 -0.6392 0.6247
vn -0.3359 -0.6835 0.6481
vn 0.2426 -0.8959 0.3723
vn 0.0835 -0.9201 0.3827
vn -0.2605 -0.7614 0.5936
vn 0.4012 -0.8849 0.2365
vn -0.5127 -0.8570 0.0524
vn -0.3356 -0.8785 0.3399
vn -0.4264 -0.8693 -0.2501
vn 0.0546 -0.9952 -0.0815
vn -0.1265 -0.6783 -0.7238
vn 0.3098 -0.3269 -0.8928
vn 0.5100 -0.2311 -0.8286
vn 0.3559 -0.6573 -0.6643
vn 0.6957 -0.1334 -0.7059
vn 0.7938 -0.2334 -0.5616
vn 0.7982 -0.1804 -0.5748
vn 0.7363 -0.1457 -0.6608
vn 0.8285 -0.2977 -0.4744
vn 0.7008 -0.6375 -0.3201
vn -0.1952 -0.7986 0.5693
vn 0.1751 -0.9449 0.2767
vn 0.7880 -0.5803 -0.2058
vn 0.4866 -0.8691 -0.0893
vn -0.4922 -0.5536 0.6717
vn -0.4615 -0.6996 0.5455
vn -0.5930 -0.6203 0.5134
vn -0.6090 -0.5367 0.5839
vn -0.4214 -0.8464 0.3257
vn -0.3416 -0.8633 0.3716
vn -0.4944 -0.8272 0.2670
vn -0.6932 -0.5691 0.4422
vn -0.7007 -0.5253 0.4829
vn -0.7269 -0.5497 0.4116
vn -0.7404 -0.5226 0.4226
vn -0.5240 -0.8222 0.2221
vn -0.5585 -0.8122 0.1688
vn -0.7607 -0.5416 0.3578
vn -0.7855 -0.5200 0.3356
vn -0.8117 -0.5318 0.2414
vn -0.8464 -0.4906 0.2074
vn -0.6000 -0.7966 0.0743
vn -0.6101 -0.7921 -0.0182
vn -0.8284 -0.5459 0.1251
vn -0.8809 -0.4564 0.1251
vn -0.7573 -0.6328 0.1613
vn -0.8358 -0.5165 0.1863
vn -0.5632 -0.8261 0.0208
vn -0.4990 -0.8504 0.1667
vn -0.6369 -0.7213 0.2721
vn -0.7407 -0.6135 0.2738
vn -0.7687 -0.5058 0.3914
vn -0.7900 -0.5588 0.2522
vn -0.9344 -0.3531 0.0476
vn -0.9530 -0.2298 0.1973
vn -0.8291 -0.5514 0.0921
vn -0.9181 -0.1815 -0.3524
vn -0.9551 0.0896 -0.2824
vn -0.9709 0.2057 -0.1225
vn -0.6536 -0.6760 -0.3404
vn -0.8260 -0.4690 -0.3128
vn -0.6654 -0.7223 0.1883
vn -0.5128 -0.8427 0.1642
vn -0.5398 -0.6746 0.5035
vn -0.5880 -0.5691 0.5749
vn -0.4021 -0.7408 0.5381
vn -0.2690 -0.9006 0.3415
vn 0.0706 -0.9563 0.2837
vn 0.0080 -0.9949 0.1010
vn -0.5205 -0.7395 0.4268
vn -0.5045 -0.7694 0.3917
vn -0.5685 -0.6437 0.5124
vn -0.5845 -0.6484 0.4878
vn 0.1826 -0.4080 -0.8945
vn 0.2030 -0.3892 -0.8985
vn 0.1825 -0.3691 -0.9113
vn 0.1561 -0.3215 -0.9340
vn 0.1523 -0.4332 -0.8883
vn 0.1486 -0.3831 -0.9117
vn 0.0444 -0.4146 -0.9089
vn 0.0906 -0.4874 -0.8685
vn -0.0524 -0.4583 -0.8872
vn 0.0758 -0.3610 -0.9295
vn -0.0353 -0.4534 -0.8906
vn 0.0714 -0.1814 -0.9808
vn -0.3320 -0.9423 -0.0422
vn 0.0254 -0.7022 -0.7115
vn -0.3329 -0.9257 -0.1796
vn 0.1852 -0.5506 -0.8140
vn -0.2189 -0.9743 0.0540
vn -0.0297 -0.9941 -0.1040
vn 0.0524 -0.9568 -0.2859
vn -0.3730 -0.9236 0.0891
vn -0.0694 -0.9973 -0.0232
vn -0.0167 -0.9974 -0.0695
vn -0.3942 -0.9169 -0.0622
vn 0.0364 -0.7950 -0.6055
vn 0.1065 -0.4061 -0.9076
vn 0.2353 -0.3266 -0.9154
vn 0.1773 -0.6384 -0.7490
vn 0.1813 -0.6805 -0.7100
vn 0.1833 -0.9831 -0.0006
vn 0.0945 -0.9954 -0.0167
vn 0.2486 -0.9671 0.0546
vn 0.1949 -0.7484 -0.6339
vn 0.3381 -0.5930 -0.7308
vn 0.2924 -0.5882 -0.7540
vn 0.1161 -0.9925 -0.0386
vn 0.1464 -0.9892 0.0006
vn 0.2618 -0.7822 -0.5653
vn 0.0581 -0.9779 0.2008
vn 0.1690 -0.9656 -0.1977
vn -0.1057 -0.8692 0.4831
vn 0.0519 -0.9840 0.1704
vn -0.1419 -0.7425 0.6546
vn 0.0468 -0.9777 0.2047
vn -0.2206 -0.7952 0.5648
vn 0.1039 -0.9853 0.1353
vn -0.1651 -0.8832 0.4389
vn 0.0926 -0.9956 0.0125
vn -0.0793 -0.9559 0.2829
vn -0.0520 -0.9213 0.3854
vn -0.1860 -0.6714 0.7174
vn -0.2259 -0.7384 0.6353
vn -0.1570 -0.9592 0.2352
vn -0.2527 -0.8959 0.3653
vn -0.2141 -0.9768 -0.0048
vn 0.1324 -0.8750 0.4657
vn -0.0546 -0.7581 0.6498
vn -0.1166 -0.7011 0.7035
vn 0.0551 -0.8905 0.4517
vn 0.1072 -0.9129 0.3939
vn 0.0332 -0.8398 0.5419
vn -0.0339 -0.8147 0.5789
vn 0.1476 -0.8883 0.4348
vn 0.2171 -0.7990 0.5607
vn 0.1735 -0.8311 0.5284
vn 0.1124 -0.8948 0.4320
vn 0.1281 -0.8518 0.5080
vn -0.1834 -0.9624 0.2003
vn -0.1016 -0.9740 0.2027
vn -0.0657 -0.9951 0.0735
vn -0.1627 -0.9748 0.1525
vn -0.1191 -0.9917 0.0477
vn -0.2082 -0.9694 0.1301
vn -0.2235 -0.9297 0.2929
vn -0.2512 -0.9450 0.2095
vn -0.1525 -0.9740 0.1676
vn -0.1086 -0.9774 0.1816
vn -0.1991 -0.9758 0.0903
vn -0.2760 -0.9534 0.1219
vn 0.0243 -0.9991 -0.0335
vn -0.1126 -0.9894 0.0915
vn -0.0936 -0.9907 0.0992
vn 0.0104 -0.9998 0.0175
vn -0.1053 -0.9934 0.0458
vn 0.0136 -0.9987 -0.0497
vn 0.0395 -0.9992 -0.0117
vn -0.0289 -0.9977 0.0621
vn -0.0712 -0.9974 0.0076
vn -0.1106 -0.9938 0.0083
vn 0.0103 -0.9999 0.0115
vn -0.0872 -0.9957 -0.0311
vn -0.2061 -0.9769 0.0567
vn -0.2947 -0.9542 0.0522
vn -0.1965 -0.9805 0.0056
vn -0.1684 -0.9815 -0.0907
vn -0.3195 -0.9475 -0.0106
vn -0.2040 -0.9782 0.0387
vn -0.2099 -0.9774 -0.0256
vn -0.1430 -0.9863 -0.0827
vn -0.0725 -0.9963 -0.0452
vn -0.0576 -0.9965 -0.0613
vn -0.0305 -0.9880 -0.1514
vn 0.2927 -0.9562 0.0029
vn 0.5649 -0.8243 -0.0369
vn 0.5437 -0.8003 -0.2527
vn 0.2241 -0.9614 -0.1594
vn -0.3518 -0.9315 -0.0922
vn -0.1890 -0.9656 -0.1787
vn -0.1859 -0.9475 -0.2603
vn -0.3763 -0.9105 -0.1715
vn -0.0333 -0.9868 -0.1587
vn 0.1995 -0.9510 -0.2362
vn -0.0172 -0.9769 -0.2128
vn -0.1369 -0.9769 -0.1641
vn -0.0654 -0.9697 -0.2353
vn 0.0169 -0.9521 -0.3054
vn -0.0862 -0.9565 -0.2787
vn -0.3569 -0.9216 -0.1525
vn -0.3277 -0.9447 -0.0131
vn -0.0057 -0.9800 -0.1988
vn 0.7443 -0.6616 -0.0918
vn 0.8314 -0.5319 -0.1609
vn 0.7934 -0.5619 -0.2340
vn 0.7127 -0.6308 -0.3067
vn 0.3667 -0.8940 -0.2576
vn 0.4640 -0.8781 -0.1171
vn 0.3005 -0.9420 -0.1491
vn 0.1398 -0.9621 -0.2342
vn 0.1789 -0.9240 -0.3379
vn 0.3251 -0.9011 -0.2870
vn -0.3188 -0.9449 0.0749
vn -0.3058 -0.9020 -0.3047
vn 0.1433 -0.9858 -0.0874
vn 0.2565 -0.9216 -0.2912
vn 0.8464 -0.4169 -0.3312
vn 0.7752 -0.3532 -0.5238
vn 0.6593 -0.6738 -0.3336
vn 0.7612 -0.6151 -0.2054
vn 0.5546 -0.8161 -0.1627
vn 0.6493 -0.6670 -0.3654
vn 0.5018 -0.8645 -0.0274
vn 0.5494 -0.7881 -0.2776
vn 0.4587 -0.8886 0.0046
vn 0.4032 -0.8925 -0.2019
vn 0.4163 -0.8959 -0.1549
vn 0.7076 -0.5862 -0.3945
vn 0.1509 -0.9463 -0.2860
vn 0.5383 -0.6904 -0.4833
vn 0.6928 -0.6263 -0.3574
vn 0.7717 -0.5462 -0.3258
vn 0.7807 -0.2965 -0.5501
vn 0.6531 -0.4817 -0.5843
vn 0.7948 -0.2723 -0.5424
vn 0.7852 -0.3292 -0.5245
vn 0.7400 -0.3583 -0.5693
vn 0.7888 -0.0837 -0.6089
vn 0.7966 -0.1061 -0.5951
vn 0.7524 -0.2148 -0.6227
vn 0.7348 -0.3236 -0.5962
vn 0.7118 -0.3405 -0.6144
vn 0.6947 -0.2608 -0.6704
vn 0.7725 -0.1518 -0.6166
vn 0.7473 -0.2597 -0.6117
vn 0.7948 0.0144 -0.6067
vn 0.7915 -0.0207 -0.6108
vn 0.7338 -0.3919 -0.5549
vn 0.3194 -0.7303 -0.6038
vn 0.5606 -0.8206 0.1109
vn 0.9396 -0.3150 -0.1337
vn 0.4911 -0.4407 -0.7514
vn 0.5191 -0.6226 0.5856
vn 0.9343 -0.1270 0.3332
vn 0.6001 -0.6650 0.4446
vn 0.9892 -0.1410 0.0410
vn 0.8246 -0.0625 -0.5622
vn 0.2046 -0.9258 -0.3180
vn 0.6888 -0.7089 -0.1517
vn 0.5111 -0.1887 -0.8386
vn 0.2702 -0.9489 -0.1631
vn 0.2207 -0.9415 -0.2549
vn 0.4914 -0.4965 -0.7155
vn 0.5062 -0.3822 -0.7731
vn 0.3241 -0.9423 -0.0836
vn 0.3236 -0.9415 -0.0943
vn 0.4727 -0.5551 -0.6844
vn 0.4512 -0.5779 -0.6800
vn 0.2703 -0.9580 -0.0953
vn 0.4270 -0.6018 -0.6749
vn 0.1614 -0.9790 -0.1246
vn 0.3691 -0.6481 -0.6662
vn 0.0086 -0.9816 -0.1908
vn 0.2521 -0.6895 -0.6790
vn -0.0999 -0.9266 -0.3625
vn 0.1906 -0.5545 -0.8101
vn 0.4635 -0.0830 -0.8822
vn 0.4258 -0.1935 -0.8839
vn 0.4265 -0.1051 -0.8984
vn 0.5145 0.0251 -0.8571
vn 0.4066 0.1547 -0.9004
vn 0.3945 -0.0180 -0.9187
vn 0.4343 -0.0317 -0.9002
vn 0.4707 0.1003 -0.8766
vn 0.4718 0.3035 -0.8278
vn 0.4476 0.0664 -0.8918
vn 0.4059 0.0152 -0.9138
vn 0.4073 0.2142 -0.8878
vn 0.5212 0.1463 -0.8408
vn 0.5882 0.2399 -0.7723
vn 0.5325 0.4006 -0.7456
vn 0.5690 0.4493 -0.6888
vn 0.6287 0.4503 -0.6340
vn 0.7560 0.3872 -0.5277
vn 0.9449 0.2854 -0.1603
vn 0.7477 0.3080 -0.5883
vn 0.9891 0.1459 -0.0188
vn 0.9050 -0.0083 -0.4253
vn 0.8093 0.3136 -0.4967
vn 0.7396 0.3170 -0.5937
vn 0.5914 -0.0431 -0.8052
vn 0.6834 0.3402 -0.6459
vn 0.5780 0.4045 -0.7087
vn 0.3233 0.0585 -0.9445
vn 0.2816 0.2315 -0.9312
vn 0.4592 0.4919 -0.7397
vn 0.4666 0.5121 -0.7211
vn 0.4512 0.4038 -0.7958
vn 0.5953 0.4451 -0.6689
vn 0.5225 0.4751 -0.7080
vn 0.5513 0.3787 -0.7434
vn 0.6699 0.3613 -0.6486
vn 0.6052 0.1919 -0.7726
vn 0.4539 0.1350 -0.8808
vn 0.3848 -0.3613 -0.8494
vn 0.6276 -0.0019 -0.7786
vn 0.7085 -0.0159 -0.7056
vn 0.6661 -0.5067 -0.5473
vn 0.3569 -0.9327 -0.0519
vn 0.0084 -0.9585 -0.2849
vn -0.3254 -0.9453 -0.0250
vn 0.1767 -0.9308 -0.3200
vn 0.0590 -0.9946 -0.0852
vn -0.3153 -0.9409 -0.1236
vn 0.1262 -0.9853 -0.1155
vn 0.0097 -0.7798 -0.6259
vn 0.5354 -0.7283 -0.4277
vn 0.6199 -0.6846 -0.3835
vn 0.7637 -0.4820 -0.4294
vn 0.6569 -0.6562 -0.3713
vn 0.6244 -0.6699 -0.4017
vn 0.6719 -0.4571 -0.5827
vn 0.6214 -0.5995 -0.5045
vn 0.6124 -0.7242 -0.3170
vn 0.6030 -0.7675 -0.2177
vn 0.6541 -0.7374 -0.1686
vn 0.6134 -0.7189 -0.3271
vn 0.5494 -0.8194 -0.1636
vn 0.5923 -0.8040 -0.0535
vn 0.5958 -0.7993 0.0779
vn 0.5149 -0.8156 0.2640
vn 0.5636 -0.7520 0.3419
vn 0.5103 -0.7062 0.4908
vn 0.4488 -0.8773 0.1703
vn 0.4368 -0.6702 0.6000
vn 0.6210 -0.6917 0.3686
vn 0.8199 0.0076 -0.5725
vn 0.7799 0.1389 -0.6103
vn 0.8289 0.1504 -0.5387
vn 0.8585 0.0663 -0.5085
vn 0.8442 -0.3192 -0.4307
vn 0.8868 -0.4008 -0.2300
vn 0.9350 -0.3395 -0.1024
vn 0.8544 0.2026 -0.4786
vn 0.9651 -0.2444 -0.0938
vn 0.8482 0.2790 -0.4502
vn 0.4870 -0.8133 0.3183
vn 0.9269 -0.3342 -0.1709
vn 0.9295 -0.2426 -0.2778
vn 0.5082 -0.8334 0.2174
vn 0.8903 0.1051 -0.4430
vn 0.8742 0.1895 -0.4471
vn 0.8506 0.2895 -0.4389
vn 0.8253 0.3135 -0.4697
vn 0.8314 0.2522 -0.4951
vn 0.8219 0.2507 -0.5115
vn 0.7062 -0.6499 0.2809
vn 0.9572 -0.2699 -0.1049
vn 0.9111 -0.3509 -0.2162
vn 0.7025 -0.7080 0.0723
vn 0.6819 -0.7044 -0.1970
vn 0.3148 -0.9188 0.2383
vn 0.4115 -0.8893 0.1997
vn 0.8022 -0.5237 -0.2868
vn 0.0452 -0.9558 -0.2904
vn 0.1320 -0.9912 0.0076
vn -0.1595 -0.9411 0.2981
vn -0.1128 -0.9697 -0.2169
vn -0.1792 -0.8999 0.3977
vn 0.1626 -0.9847 0.0626
vn -0.2571 -0.8134 0.5218
vn -0.1972 -0.8883 0.4148
vn -0.1153 -0.8263 0.5513
vn -0.1782 -0.8399 0.5127
vn 0.6595 -0.5392 -0.5237
vn 0.2131 -0.9747 0.0677
vn -0.0251 -0.9997 -0.0054
vn 0.5165 -0.6725 -0.5301
vn -0.3686 -0.7881 0.4931
vn -0.4462 -0.7798 0.4391
vn -0.3845 -0.8197 0.4246
vn -0.4320 -0.8042 0.4082
vn -0.2478 -0.9290 0.2750
vn -0.2587 -0.9369 0.2350
vn 0.1500 -0.9876 -0.0458
vn 0.1438 -0.9864 -0.0801
vn 0.5089 -0.7949 -0.3304
vn 0.0456 -0.9928 0.1104
vn 0.4922 -0.8406 -0.2261
vn 0.1245 -0.9848 0.1209
vn -0.4140 -0.7437 0.5250
vn -0.3807 -0.7432 0.5502
vn -0.4530 -0.7190 0.5270
vn -0.4148 -0.6712 0.6144
vn -0.2176 -0.9146 0.3407
vn -0.0972 -0.8849 0.4555
vn 0.2324 -0.9724 0.0208
vn 0.3421 -0.9276 0.1501
vn 0.1077 -0.8317 -0.5446
vn 0.3730 -0.8753 -0.3079
vn 0.4430 -0.7142 -0.5418
vn 0.1369 -0.7191 -0.6812
vn 0.6640 -0.6583 -0.3546
vn 0.5097 -0.8287 -0.2313
vn 0.5006 -0.7988 -0.3337
vn 0.6721 -0.6105 -0.4191
vn 0.6291 -0.5690 -0.5296
vn 0.4635 -0.8084 -0.3629
vn 0.5229 -0.8137 -0.2540
vn 0.6710 -0.5649 -0.4803
vn 0.7280 -0.6066 -0.3195
vn 0.5655 -0.8202 -0.0860
vn 0.5318 -0.8468 -0.0120
vn 0.3176 -0.9264 0.2023
vn 0.7195 -0.6570 -0.2249
vn 0.6940 -0.6924 -0.1974
vn 0.4827 -0.8757 0.0130
vn 0.2681 -0.9390 0.2152
vn 0.8190 -0.2557 -0.5136
vn 0.8477 -0.2973 -0.4393
vn 0.8610 0.0495 -0.5062
vn 0.8520 0.0141 -0.5234
vn 0.8665 0.0880 -0.4914
vn 0.8456 -0.3536 -0.3999
vn 0.1621 -0.9352 -0.3149
vn -0.6043 -0.7848 0.1378
vn -0.5554 -0.6930 0.4596
vn -0.1207 -0.9832 0.1370
vn 0.1494 -0.9884 -0.0283
vn -0.1466 -0.9867 -0.0702
vn 0.3051 -0.8653 -0.3977
vn 0.2846 -0.9548 -0.0863
vn 0.1859 -0.9521 -0.2428
vn 0.1782 -0.8554 -0.4863
vn -0.0174 -0.8141 -0.5805
vn 0.0711 -0.7653 -0.6397
vn 0.1312 -0.7627 -0.6333
vn 0.1866 -0.6629 -0.7251
vn 0.0824 -0.9898 -0.1158
vn 0.0360 -0.9878 -0.1517
vn 0.4498 -0.5596 -0.6961
vn 0.2945 -0.9161 -0.2720
vn 0.6380 -0.7503 -0.1732
vn 0.7178 -0.4973 -0.4873
vn 0.7770 -0.4353 -0.4547
vn 0.7570 -0.6233 -0.1963
vn 0.8080 -0.5206 -0.2759
vn 0.7432 -0.3720 -0.5561
vn 0.7572 -0.2923 -0.5841
vn 0.8347 -0.1814 -0.5200
vn -0.2829 -0.8039 0.5231
vn -0.1374 -0.8954 0.4236
vn -0.0039 -0.9138 0.4062
vn -0.0827 -0.9287 0.3615
vn 0.0918 -0.9518 0.2926
vn 0.0147 -0.9414 0.3371
vn 0.1441 -0.9377 0.3161
vn 0.1180 -0.9489 0.2926
vn -0.0216 -0.8880 0.4594
vn 0.0873 -0.9454 0.3139
vn 0.3333 -0.9420 -0.0383
vn 0.1594 -0.9869 0.0236
vn 0.1561 -0.9795 0.1275
vn 0.2325 -0.9622 0.1420
vn -0.0253 -0.9675 0.2516
vn 0.0082 -0.9985 0.0540
vn -0.0693 -0.8878 0.4550
vn -0.1887 -0.8100 0.5552
vn -0.1926 -0.7784 0.5975
vn -0.1583 -0.8147 0.5579
vn -0.1266 -0.9513 0.2812
vn -0.0342 -0.9711 0.2361
vn -0.0038 -1.0000 -0.0089
vn 0.1231 -0.9894 -0.0772
vn -0.0334 -0.8590 0.5108
vn -0.0505 -0.7879 0.6137
vn 0.1911 -0.7712 0.6073
vn 0.2778 -0.8288 0.4856
vn 0.4035 -0.9136 0.0502
vn 0.3452 -0.8878 0.3044
vn 0.1470 -0.9618 0.2310
vn 0.2640 -0.9608 -0.0849
vn 0.4748 -0.7874 0.3931
vn 0.3016 -0.7002 0.6471
vn 0.2526 -0.7852 0.5654
vn 0.4808 -0.8105 0.3346
vn 0.3022 -0.8326 0.4641
vn 0.2445 -0.7814 0.5741
vn 0.3761 -0.7688 0.5172
vn 0.4399 -0.8420 0.3123
vn -0.8634 -0.4554 -0.2171
vn -0.7879 -0.4183 -0.4519
vn -0.4643 -0.7722 -0.4337
vn -0.6718 -0.7010 -0.2394
vn -0.4228 -0.7922 -0.4400
vn -0.7805 -0.4095 -0.4723
vn -0.3554 -0.8210 -0.4469
vn -0.3748 -0.8151 -0.4418
vn -0.5452 -0.8166 -0.1894
vn -0.2088 -0.8513 -0.4813
vn -0.3295 -0.8742 -0.3566
vn -0.5810 -0.7373 -0.3446
vn -0.4944 -0.7588 -0.4240
vn -0.7290 -0.6671 0.1534
vn -0.5918 -0.7741 0.2246
vn -0.8652 -0.4786 0.1494
vn -0.8382 -0.4510 -0.3066
vn -0.8043 -0.4273 -0.4129
vn -0.5999 -0.6895 0.4057
vn -0.4557 -0.8894 -0.0351
vn -0.6598 -0.7511 -0.0237
vn -0.7261 -0.6157 0.3061
vn -0.8764 -0.4784 -0.0557
vn -0.8446 -0.4629 0.2690
vn -0.8727 -0.4708 0.1293
vn -0.7594 -0.6349 0.1422
vn -0.6386 -0.7164 0.2808
vn -0.2666 -0.9242 -0.2734
vn -0.5856 -0.7625 0.2749
vn -0.1427 -0.8721 -0.4681
vn -0.2058 -0.9318 -0.2991
vn -0.3041 -0.9391 -0.1602
vn -0.5887 -0.7683 0.2512
vn -0.6381 -0.7082 0.3022
vn -0.4252 -0.9027 -0.0660
vn -0.4284 -0.8990 -0.0905
vn -0.6187 -0.6652 0.4180
vn -0.6225 -0.6416 0.4482
vn -0.4965 -0.8680 -0.0104
vn -0.4444 -0.8926 0.0760
vn -0.6468 -0.6449 0.4070
vn -0.2914 -0.9483 -0.1258
vn -0.5686 -0.7652 0.3019
vn -0.1685 -0.9465 -0.2752
vn -0.1797 -0.9588 -0.2199
vn -0.3272 -0.9450 -0.0028
vn -0.5652 -0.7184 0.4055
vn -0.4187 -0.7526 0.5082
vn -0.0526 -0.9899 0.1316
vn -0.6345 -0.5072 0.5832
vn -0.6789 -0.4741 0.5606
vn -0.4907 -0.7504 0.4428
vn 0.0021 -0.9995 -0.0301
vn -0.3839 -0.9056 0.1802
vn -0.5641 -0.6483 0.5114
vn -0.1803 -0.9761 -0.1211
vn -0.1310 -0.9885 -0.0761
vn -0.4669 -0.8186 0.3346
vn -0.5816 -0.5665 0.5838
vn -0.5301 -0.8272 0.1863
vn -0.3716 -0.9269 -0.0530
vn -0.4048 -0.9143 -0.0140
vn -0.6196 -0.7221 0.3076
vn -0.2293 -0.9660 -0.1196
vn -0.2127 -0.9742 -0.0759
vn -0.5974 -0.7277 0.3371
vn -0.3098 -0.9484 0.0672
vn -0.0500 -0.9943 -0.0946
vn -0.4179 -0.8932 0.1660
vn -0.0908 -0.9916 -0.0917
vn 0.1880 -0.9609 -0.2033
vn 0.2904 -0.9046 -0.3121
vn 0.1660 -0.9451 -0.2816
vn -0.5245 -0.7168 0.4595
vn -0.0791 -0.9968 -0.0071
vn -0.6450 -0.5035 0.5748
vn -0.2752 -0.8771 -0.3936
vn -0.2605 -0.8679 -0.4230
vn 0.0178 -0.9403 -0.3398
vn -0.1083 -0.9452 -0.3079
vn 0.1342 -0.9501 -0.2815
vn 0.4736 -0.8046 -0.3582
vn 0.6341 -0.6510 -0.4173
vn 0.3524 -0.8805 -0.3172
vn 0.7344 -0.6118 -0.2939
vn 0.6643 -0.5835 -0.4671
vn 0.4231 -0.8808 -0.2125
vn 0.6455 -0.7602 -0.0745
vn 0.6369 -0.7316 -0.2432
vn 0.4340 -0.7828 -0.4459
vn 0.3604 -0.8199 -0.4448
vn 0.3329 -0.8543 -0.3991
vn 0.3290 -0.8540 -0.4029
vn 0.4095 -0.8023 -0.4344
vn 0.4786 -0.8020 -0.3573
vn 0.5596 -0.6894 -0.4601
vn 0.1140 -0.9933 0.0173
vn 0.1847 -0.9675 0.1726
vn 0.3504 -0.9335 -0.0765
vn 0.1675 -0.9641 -0.2059
vn 0.1104 -0.9131 -0.3925
vn 0.2497 -0.8703 -0.4246
vn 0.4242 -0.7764 -0.4661
vn 0.2260 -0.8852 -0.4067
vn 0.1745 -0.9561 -0.2354
vn 0.1692 -0.9206 -0.3518
vn 0.1481 -0.9046 -0.3998
vn 0.0796 -0.9319 -0.3540
vn -0.5517 0.2051 0.8084
vn -0.6470 -0.0856 0.7576
vn -0.6297 -0.0181 0.7766
vn -0.5666 0.2841 0.7735
vn -0.6562 0.0273 0.7541
vn -0.6195 0.3236 0.7152
vn -0.7120 0.0397 0.7010
vn -0.6926 0.3256 0.6436
vn -0.7582 0.0198 0.6517
vn -0.7191 0.3126 0.6206
vn -0.7023 0.3073 0.6421
vn -0.7101 0.3062 0.6340
vn -0.7643 0.0238 0.6444
vn -0.7561 0.0238 0.6540
vn -0.7455 0.0358 0.6655
vn -0.7010 0.3068 0.6438
vn -0.7215 0.0423 0.6911
vn -0.7067 0.2968 0.6422
vn -0.7141 0.0359 0.6992
vn -0.7000 0.2922 0.6517
vn -0.7418 0.0435 0.6692
vn -0.7066 0.3053 0.6383
vn -0.7534 0.0597 0.6549
vn -0.7269 0.3239 0.6056
vn -0.7760 0.0572 0.6281
vn -0.7695 0.3315 0.5459
vn -0.8325 0.0624 0.5506
vn -0.7920 0.3669 0.4881
vn -0.8583 0.1192 0.4991
vn -0.8063 0.4115 0.4249
vn -0.8731 0.1815 0.4525
vn -0.8457 0.3921 0.3621
vn -0.8915 0.1932 0.4098
vn -0.8982 0.2866 0.3334
vn -0.9298 0.2298 0.2876
vn -0.9133 0.2455 0.3250
vn -0.9168 0.1529 0.3690
vn -0.9473 0.1066 0.3021
vn -0.9342 0.2383 0.2655
vn -0.9272 0.1919 0.3216
vn -0.8262 0.4516 0.3369
vn -0.8548 0.4718 0.2160
vn -0.9339 0.2076 0.2910
vn -0.8115 0.4870 0.3229
vn -0.6988 0.0453 0.7138
vn -0.6171 0.1816 0.7656
vn -0.5423 0.3275 0.7737
vn -0.6371 0.2542 0.7277
vn -0.4909 0.3390 0.8025
vn -0.5432 0.2186 0.8107
vn -0.7758 -0.0689 0.6272
vn -0.7553 -0.0404 0.6542
vn -0.7161 0.2418 0.6548
vn -0.7433 0.2417 0.6238
vn -0.7580 -0.0803 0.6473
vn -0.7781 -0.0714 0.6240
vn -0.7392 0.2256 0.6346
vn -0.7324 0.1983 0.6514
vn -0.7066 -0.0352 0.7067
vn -0.7367 -0.0713 0.6725
vn -0.7381 0.1765 0.6512
vn -0.7317 0.1736 0.6591
vn -0.6834 0.0324 0.7294
vn -0.6798 0.0068 0.7334
vn -0.7044 0.1961 0.6822
vn -0.7001 0.2166 0.6804
vn -0.7485 -0.0018 0.6632
vn -0.7167 0.0302 0.6967
vn -0.7228 0.2315 0.6512
vn -0.7520 0.2428 0.6128
vn -0.7653 0.2466 0.5946
vn -0.7616 -0.0644 0.6448
vn -0.7980 0.1967 0.5697
vn -0.7439 -0.0979 0.6611
vn -0.8687 0.2073 0.4498
vn -0.6942 0.1793 0.6971
vn -0.7084 -0.0018 0.7058
vn -0.8471 0.1761 0.5014
vn -0.8721 0.3303 0.3609
vn -0.6651 0.3440 0.6628
vn -0.7908 0.5317 0.3032
vn -0.5771 0.4556 0.6778
vn -0.6706 -0.0612 0.7393
vn -0.5837 -0.0876 0.8072
vn -0.7356 -0.0961 0.6705
vn -0.7125 -0.2829 0.6421
vn -0.6448 -0.2669 0.7162
vn -0.5619 -0.2727 0.7810
vn -0.7689 -0.1551 0.6203
vn -0.7697 -0.2102 0.6028
vn -0.7312 -0.3981 0.5540
vn -0.7441 -0.3407 0.5747
vn -0.7572 -0.2220 0.6143
vn -0.7314 -0.2130 0.6478
vn -0.6810 -0.3978 0.6148
vn -0.6997 -0.4102 0.5850
vn -0.6891 -0.2000 0.6966
vn -0.6449 -0.1707 0.7450
vn -0.5863 -0.3615 0.7249
vn -0.6492 -0.3914 0.6522
vn -0.2085 -0.8708 0.4453
vn -0.1822 -0.8301 0.5270
vn -0.4753 -0.5647 0.6747
vn -0.5733 -0.5689 0.5896
vn -0.4457 -0.5080 0.7371
vn -0.2502 -0.7565 0.6042
vn -0.2394 -0.9091 0.3409
vn -0.6181 -0.6065 0.5001
vn -0.6066 -0.6397 0.4719
vn -0.2403 -0.9166 0.3196
vn -0.2337 -0.8776 0.4185
vn -0.5590 -0.6421 0.5246
vn -0.5385 -0.5904 0.6012
vn -0.2173 -0.8133 0.5397
vn -0.7142 -0.4237 0.5571
vn -0.5330 -0.6651 0.5231
vn -0.5543 -0.5896 0.5875
vn -0.6784 -0.3925 0.6211
vn -0.3692 -0.7958 0.4800
vn -0.4296 -0.7426 0.5138
vn -0.6624 -0.4995 0.5583
vn -0.5125 -0.7057 0.4893
vn -0.7083 -0.4064 0.5772
vn -0.7131 -0.5152 0.4754
vn -0.7668 -0.4317 0.4751
vn -0.4858 -0.7593 0.4331
vn -0.4256 -0.8487 0.3139
vn -0.7170 -0.5876 0.3749
vn -0.8093 -0.4483 0.3796
vn -0.6955 -0.6360 0.3343
vn -0.8255 -0.4582 0.3295
vn -0.3804 -0.8803 0.2834
vn -0.2621 -0.9147 0.3076
vn -0.5488 -0.7500 0.3692
vn -0.8012 -0.4406 0.4048
vn -0.3522 -0.7774 0.5211
vn -0.6880 -0.3952 0.6087
vn -0.1144 -0.8967 0.4276
vn 0.0150 -0.8488 0.5286
vn -0.1804 -0.7347 0.6540
vn -0.5255 -0.3225 0.7873
vn -0.0882 -0.6719 0.7354
vn -0.3869 -0.2601 0.8847
vn 0.0627 -0.8095 0.5837
vn 0.0492 -0.7664 0.6405
vn -0.0700 -0.5946 0.8010
vn -0.3072 -0.2018 0.9300
vn -0.1059 -0.5018 0.8585
vn -0.2978 -0.1509 0.9426
vn 0.0182 -0.7135 0.7004
vn 0.0014 -0.6926 0.7214
vn -0.1603 -0.4746 0.8655
vn -0.3422 -0.1827 0.9217
vn -0.3804 -0.2319 0.8953
vn -0.1852 -0.5112 0.8393
vn -0.2064 -0.5651 0.7988
vn -0.4233 -0.2495 0.8710
vn -0.0022 -0.7076 0.7066
vn -0.0284 -0.7338 0.6788
vn -0.2316 -0.5911 0.7726
vn -0.4585 -0.2625 0.8490
vn -0.0792 -0.7437 0.6638
vn -0.0955 -0.7305 0.6762
vn -0.2268 -0.5736 0.7871
vn -0.4385 -0.2506 0.8631
vn -0.2332 -0.1355 0.9629
vn -0.3629 -0.2034 0.9093
vn -0.1549 -0.5236 0.8378
vn -0.0165 -0.4735 0.8806
vn -0.0177 -0.6854 0.7280
vn 0.1320 -0.6367 0.7597
vn 0.0844 -0.4394 0.8943
vn -0.1177 -0.0999 0.9880
vn 0.2482 -0.6311 0.7349
vn 0.2842 -0.6670 0.6887
vn 0.0679 -0.4209 0.9046
vn -0.1290 -0.1061 0.9860
vn -0.2401 -0.8681 0.4344
vn -0.1542 -0.9084 0.3886
vn -0.2328 -0.8975 0.3747
vn -0.3261 -0.8454 0.4231
vn -0.0774 -0.9579 0.2764
vn -0.1639 -0.9545 0.2492
vn -0.0007 -0.9526 0.3042
vn 0.0276 -0.9811 0.1913
vn -0.0231 -0.9820 0.1873
vn 0.0486 -0.9779 0.2034
vn 0.0278 -0.9776 0.2086
vn -0.0843 -0.9636 0.2536
vn -0.1239 -0.9699 0.2094
vn 0.0912 -0.9521 0.2918
vn 0.1171 -0.9515 0.2844
vn 0.0973 -0.9253 0.3665
vn 0.1500 -0.9122 0.3812
vn 0.0749 -0.8749 0.4785
vn -0.0058 -0.9285 0.3714
vn 0.1052 -0.8686 0.4843
vn 0.0756 -0.8279 0.5557
vn 0.0912 -0.8440 0.5285
vn 0.1296 -0.8814 0.4542
vn 0.0793 -0.8062 0.5863
vn 0.1142 -0.7925 0.5991
vn 0.1336 -0.8519 0.5064
vn 0.1661 -0.8323 0.5288
vn 0.1870 -0.8323 0.5218
vn 0.1148 -0.8335 0.5405
vn 0.1353 -0.8044 0.5784
vn 0.1915 -0.8152 0.5466
vn 0.1721 -0.8941 0.4135
vn 0.0639 -0.8602 0.5060
vn 0.0773 -0.8548 0.5131
vn 0.1767 -0.8660 0.4678
vn 0.2794 -0.8235 0.4938
vn 0.2599 -0.7400 0.6203
vn 0.1237 -0.8269 0.5486
vn 0.1937 -0.8944 0.4031
vn -0.3228 -0.7598 0.5644
vn -0.4761 -0.6891 0.5463
vn -0.6034 -0.1525 0.7827
vn -0.1908 -0.8541 0.4838
vn -0.3753 -0.5746 0.7273
vn -0.3070 -0.8348 0.4569
vn -0.3325 -0.8171 0.4710
vn -0.3432 -0.8227 0.4532
vn -0.3163 -0.8269 0.4649
vn -0.0838 -0.9114 0.4029
vn 0.5293 -0.1722 -0.8308
vn 0.6400 -0.0098 -0.7683
vn 0.4719 -0.1774 -0.8636
vn 0.5823 0.0550 -0.8111
vn 0.5231 -0.1924 -0.8303
vn 0.5667 -0.1362 -0.8126
vn 0.5062 -0.5717 -0.6457
vn 0.6791 -0.3584 -0.6407
vn 0.6424 -0.1664 -0.7481
vn 0.4363 -0.1847 -0.8806
vn 0.7503 -0.0297 -0.6605
vn 0.7711 0.1505 -0.6187
vn 0.7140 0.0915 -0.6941
vn 0.6283 -0.2210 -0.7459
vn 0.5956 0.2033 -0.7771
vn 0.5014 0.1717 -0.8480
vn 0.6627 0.1681 -0.7297
vn 0.6425 0.2709 -0.7168
vn 0.7208 0.2333 -0.6527
vn 0.6969 0.1196 -0.7071
vn 0.4115 -0.6181 -0.6698
vn 0.3942 -0.0914 -0.9145
vn 0.3747 -0.0161 -0.9270
vn 0.5320 -0.4476 -0.7188
vn 0.7895 0.0214 -0.6134
vn 0.7392 -0.0642 -0.6704
vn 0.7595 -0.1859 -0.6234
vn 0.6446 -0.2849 -0.7094
vn 0.3596 -0.1996 -0.9115
vn 0.3025 0.0104 -0.9531
vn 0.3697 0.1210 -0.9212
vn 0.4697 -0.0042 -0.8828
vn 0.6120 -0.1192 -0.7818
vn 0.5029 -0.3158 -0.8046
vn 0.6335 -0.4919 -0.5972
vn 0.3296 -0.8059 -0.4919
vn 0.4532 -0.5615 -0.6923
vn 0.1747 -0.8062 -0.5652
vn 0.1173 -0.3902 -0.9132
vn 0.2171 -0.5683 -0.7937
vn 0.5659 -0.3396 -0.7513
vn 0.3254 -0.1174 -0.9383
vn 0.2027 -0.2129 -0.9558
vn 0.2274 -0.4258 -0.8758
vn 0.0434 -0.6546 -0.7548
vn 0.0385 -0.4892 -0.8713
vn 0.3235 -0.5489 -0.7707
vn 0.1004 -0.7582 -0.6443
vn -0.2954 -0.5399 -0.7882
vn -0.6365 -0.4111 -0.6526
vn -0.3443 -0.5849 -0.7344
vn -0.7609 -0.4826 -0.4337
vn -0.8697 -0.1345 -0.4748
vn -0.7732 -0.2267 -0.5922
vn -0.0456 -0.9481 -0.3146
vn -0.1033 -0.9269 -0.3608
vn -0.3728 -0.9274 -0.0308
vn -0.4776 -0.8732 -0.0976
vn -0.6615 -0.7426 -0.1046
vn -0.6389 -0.7515 -0.1643
vn -0.3338 -0.7492 -0.5720
vn -0.3191 -0.8263 -0.4641
vn -0.2227 -0.8734 -0.4331
vn -0.6739 -0.7120 -0.1975
vn -0.9352 0.0994 -0.3400
vn -0.9513 -0.2675 -0.1529
vn -0.9990 -0.0246 0.0375
vn -0.9421 0.2722 -0.1959
vn -0.8348 -0.4089 0.3685
vn -0.7334 -0.6638 0.1467
vn -0.6089 -0.7472 0.2662
vn -0.7210 -0.4816 0.4983
vn -0.7772 -0.6071 0.1655
vn -0.8633 -0.3788 0.3335
vn -0.8010 -0.5791 0.1518
vn -0.8476 -0.4354 0.3035
vn -0.8861 -0.4629 -0.0250
vn -0.9323 -0.3082 0.1895
vn -0.8517 -0.3964 0.3428
vn -0.9880 -0.0494 0.1461
vn -0.9577 0.0359 0.2854
vn -0.7701 -0.4628 0.4390
vn -0.9619 0.2697 -0.0449
vn -0.9459 0.2921 0.1413
vn -0.6773 0.1307 0.7240
vn -0.8010 -0.1436 0.5811
vn -0.7010 -0.1539 0.6963
vn -0.5839 0.1579 0.7963
vn -0.9312 0.3475 -0.1101
vn -0.9728 0.2070 0.1037
vn -0.8029 0.2497 0.5413
vn -0.7025 -0.1677 0.6917
vn -0.8784 0.2258 0.4212
vn -0.7921 0.1337 0.5956
vn -0.7026 0.2909 0.6494
vn -0.4101 -0.7421 0.5302
vn -0.4749 -0.6346 0.6097
vn -0.4987 0.3462 0.7947
vn -0.5642 0.2970 0.7704
vn -0.5135 0.1083 0.8512
vn -0.7423 0.1031 0.6621
vn -0.6451 0.2905 0.7067
vn -0.4817 -0.2931 0.8259
vn -0.8720 -0.1278 0.4726
vn -0.8697 -0.1673 0.4644
vn -0.9231 -0.0531 0.3809
vn -0.4103 -0.7992 0.4392
vn -0.6431 -0.6807 0.3507
vn -0.4659 -0.8069 0.3631
vn -0.5029 -0.7885 0.3541
vn -0.6129 -0.6999 0.3667
vn -0.7939 -0.4574 0.4007
vn -0.7541 -0.4292 0.4971
vn -0.5496 -0.7201 0.4236
vn -0.4708 -0.5849 0.6604
vn -0.5170 -0.6569 0.5488
vn -0.2716 -0.8980 0.3462
vn -0.3336 -0.7755 0.5360
vn -0.5877 -0.6825 0.4346
vn -0.1790 -0.9437 0.2782
vn -0.6295 -0.6905 0.3562
vn -0.1562 -0.9534 0.2582
vn -0.6959 -0.6780 0.2369
vn -0.2849 -0.9169 0.2796
vn -0.8247 -0.5516 0.1246
vn -0.7720 -0.6204 0.1387
vn -0.6699 -0.7213 0.1761
vn -0.7250 -0.5978 0.3421
vn -0.8148 -0.5442 0.1998
vn -0.7387 -0.5459 0.3953
vn -0.7419 -0.5338 0.4058
vn -0.6539 -0.6339 0.4131
vn -0.3676 -0.8788 0.3043
vn -0.3027 -0.8676 0.3944
vn -0.5192 -0.8085 0.2772
vn -0.3224 -0.9140 0.2462
vn -0.4513 -0.7599 0.4678
vn -0.0702 -0.9392 0.3362
vn -0.4090 -0.8166 0.4073
vn -0.1996 -0.9123 0.3575
vn -0.7383 -0.4099 0.5356
vn -0.1315 -0.9345 0.3309
vn -0.1741 -0.8782 0.4455
vn -0.6240 -0.3649 0.6910
vn -0.4501 -0.8595 0.2421
vn -0.8482 -0.4561 0.2692
vn -0.8003 -0.4509 0.3952
vn -0.5257 -0.7806 0.3382
vn -0.0771 -0.8763 -0.4756
vn -0.3665 -0.8578 -0.3603
vn -0.4472 -0.8420 -0.3018
vn -0.2481 -0.7693 -0.5888
vn -0.8294 -0.4461 -0.3364
vn -0.5733 -0.2911 -0.7659
vn 0.4773 -0.6744 -0.5633
vn 0.0653 -0.9014 -0.4281
vn -0.2243 -0.8773 -0.4243
vn 0.1493 -0.8195 -0.5533
vn 0.4823 -0.8133 -0.3253
vn 0.7633 -0.4490 -0.4645
vn 0.8702 -0.3363 -0.3601
vn 0.7093 -0.6819 -0.1786
vn 0.5517 -0.8001 -0.2357
vn 0.7082 -0.5258 -0.4712
vn 0.3943 -0.6969 -0.5991
vn 0.2542 -0.8845 -0.3912
vn 0.0850 -0.9160 -0.3921
vn 0.2720 -0.7776 -0.5669
vn 0.3354 -0.7991 -0.4989
vn 0.0382 -0.9358 -0.3505
vn 0.1523 -0.9243 -0.3501
vn 0.5081 -0.7375 -0.4449
vn 0.6472 -0.6472 -0.4029
vn 0.3717 -0.8757 -0.3083
vn 0.4992 -0.8322 -0.2412
vn 0.6276 -0.6537 -0.4229
vn 0.4765 -0.7194 -0.5054
vn 0.3721 -0.9002 -0.2261
vn 0.2996 -0.7654 -0.5695
vn 0.1652 -0.9714 -0.1706
vn 0.0716 -0.9896 -0.1248
vn 0.2563 -0.7709 -0.5831
vn 0.0949 -0.9818 -0.1644
vn 0.1913 -0.9612 -0.1988
vn 0.2599 -0.7564 -0.6002
vn 0.3103 -0.7321 -0.6064
vn 0.2933 -0.9384 -0.1826
vn 0.3681 -0.7331 -0.5719
vn 0.3933 -0.9178 -0.0543
vn 0.4495 -0.7428 -0.4963
vn 0.4336 -0.8841 0.1744
vn 0.3532 -0.8746 0.3321
vn 0.5489 -0.7471 -0.3748
vn 0.5803 -0.7865 -0.2114
vn 0.6041 -0.2223 -0.7653
vn 0.6333 -0.2893 -0.7178
vn 0.7369 0.2594 -0.6243
vn 0.6928 0.2775 -0.6656
vn 0.7965 0.1160 -0.5934
vn 0.7203 -0.3081 -0.6214
vn 0.8049 -0.2919 -0.5167
vn 0.8304 -0.0515 -0.5548
vn 0.8197 -0.1885 -0.5408
vn 0.8118 -0.3323 -0.4802
vn 0.7328 -0.4091 -0.5437
vn 0.7553 -0.2605 -0.6014
vn 0.6496 -0.2742 -0.7091
vn 0.5954 -0.4401 -0.6722
vn 0.4544 -0.3998 -0.7960
vn 0.5180 -0.2479 -0.8187
vn 0.3731 -0.3625 -0.8540
vn 0.4128 -0.1977 -0.8891
vn 0.3296 -0.3531 -0.8756
vn 0.3516 -0.3118 -0.8827
vn 0.3722 -0.1117 -0.9214
vn 0.4007 0.0200 -0.9160
vn 0.3764 -0.2374 -0.8955
vn 0.3994 -0.1227 -0.9085
vn 0.4033 0.1687 -0.8994
vn 0.3500 0.2881 -0.8914
vn 0.4442 -0.0310 -0.8954
vn 0.5161 -0.1055 -0.8500
vn 0.2961 0.3452 -0.8906
vn 0.2834 0.3134 -0.9063
vn -0.0599 -0.8806 0.4701
vn -0.0360 -0.9026 0.4289
vn -0.2531 -0.7918 0.5559
vn -0.3473 -0.7267 0.5927
vn 0.8582 -0.3611 -0.3648
vn 0.7268 -0.6677 -0.1614
vn 0.8767 0.1030 -0.4698
vn 0.9298 0.1073 -0.3521
vn 0.9469 -0.2387 -0.2156
vn 0.8169 -0.5747 0.0494
vn 0.3286 -0.8566 0.3979
vn 0.2534 -0.9367 0.2416
vn 0.4963 -0.8670 0.0459
vn 0.5900 -0.7550 0.2861
vn 0.3064 -0.9301 0.2028
vn -0.1787 -0.8558 0.4855
vn -0.2339 -0.7288 0.6436
vn 0.0122 -0.5197 0.8543
vn -0.1423 -0.2599 0.9551
vn -0.2160 -0.6315 0.7447
vn 0.0354 -0.8663 0.4983
vn 0.1363 -0.6798 0.7206
vn 0.3529 0.5344 0.7680
vn 0.0981 0.1392 0.9854
vn 0.4514 -0.4523 0.7692
vn 0.8102 -0.1454 0.5678
vn 0.9502 0.2918 0.1098
vn 0.8020 0.5518 -0.2287
vn 0.4604 0.8408 0.2848
vn 0.4791 0.8760 -0.0555
vn 0.9562 -0.0020 -0.2927
vn 0.8517 0.2909 -0.4359
vn 0.8261 -0.5630 0.0237
vn 0.8321 -0.3093 0.4604
vn 0.9738 0.2262 -0.0220
vn 0.7963 0.5622 -0.2234
vn 0.3373 -0.7741 0.5357
vn 0.2457 -0.5420 0.8037
vn 0.1623 -0.7948 0.5847
vn -0.0667 -0.6788 0.7313
vn 0.1555 -0.8528 0.4985
vn -0.0363 -0.8095 0.5859
vn 0.2291 -0.9052 0.3580
vn 0.1379 -0.9189 0.3697
vn 0.2919 -0.9225 0.2524
vn 0.2784 -0.9471 0.1599
vn 0.4402 -0.8937 -0.0872
vn 0.4628 -0.8686 -0.1773
vn 0.3528 0.1788 -0.9184
vn 0.5421 -0.3826 -0.7481
vn 0.4110 0.0964 -0.9065
vn 0.5802 -0.4092 -0.7043
vn 0.7476 -0.1504 -0.6469
vn 0.6774 -0.7186 -0.1572
vn 0.5638 0.2353 -0.7917
vn 0.6656 0.6003 -0.4434
vn 0.8867 0.4193 -0.1948
vn 0.9741 -0.1605 0.1592
vn 0.4479 -0.8096 0.3793
vn 0.2447 -0.6939 0.6772
vn 0.7630 -0.0378 0.6453
vn 0.4737 0.0730 0.8777
vn 0.7234 0.6215 0.3007
vn 0.4752 0.6860 0.5510
vn 0.5646 0.8247 -0.0345
vn 0.4198 0.8706 0.2565
vn -0.0025 -0.5222 0.8528
vn 0.1502 0.1921 0.9698
vn -0.0812 0.2650 0.9608
vn -0.1473 -0.3532 0.9239
vn 0.4387 0.3492 -0.8280
vn 0.4512 0.6676 -0.5922
vn 0.3558 0.2379 -0.9038
vn 0.3058 0.6174 -0.7248
vn 0.1991 0.7538 0.6262
vn 0.0242 0.7398 0.6724
vn 0.2297 0.9452 0.2318
vn 0.1025 0.9666 0.2349
vn 0.3501 0.9193 -0.1799
vn 0.1809 0.9537 -0.2401
vn 0.8776 -0.2482 -0.4102
vn 0.7287 -0.6144 -0.3025
vn 0.5762 -0.6754 -0.4602
vn 0.7369 -0.3207 -0.5950
vn 0.6309 0.3170 -0.7082
vn 0.6724 0.0802 -0.7358
vn 0.6787 0.0734 -0.7307
vn 0.6509 0.3063 -0.6947
vn 0.7419 0.1028 -0.6626
vn 0.7277 0.2660 -0.6322
vn 0.6986 0.2960 -0.6514
vn 0.7195 0.0847 -0.6893
vn -0.4557 -0.8553 0.2465
vn 0.2250 -0.9733 -0.0447
vn 0.1013 -0.9666 -0.2355
vn -0.4556 -0.8824 0.1176
vn 0.6278 -0.3572 -0.6916
vn 0.4556 -0.7075 -0.5403
vn 0.4339 -0.7801 -0.4508
vn 0.6610 -0.3341 -0.6719
vn 0.7094 -0.3104 -0.6327
vn 0.4552 -0.8201 -0.3469
vn 0.5559 -0.7840 -0.2763
vn 0.7575 -0.3048 -0.5773
vn -0.3864 -0.9150 0.1157
vn -0.0298 -0.9686 -0.2469
vn -0.0644 -0.9965 -0.0534
vn -0.2516 -0.9473 0.1983
vn -0.4344 -0.8370 0.3327
vn -0.3165 -0.9054 0.2829
vn -0.0116 -0.9425 0.3339
vn 0.0975 -0.9569 0.2735
vn -0.0328 -0.9889 0.1446
vn 0.1447 -0.9560 0.2552
vn -0.1485 -0.9307 0.3343
vn -0.0528 -0.8619 0.5043
vn 0.8838 -0.3592 -0.2997
vn 0.4967 -0.8565 0.1403
vn 0.4906 -0.8670 0.0877
vn 0.8016 -0.5041 -0.3215
vn -0.1674 -0.9463 0.2765
vn -0.0360 -0.9665 0.2542
vn 0.1846 -0.9516 0.2457
vn 0.2390 -0.9455 0.2213
vn 0.0433 -0.9404 0.3374
vn 0.0679 -0.8713 0.4860
vn 0.2838 -0.9159 0.2839
vn 0.3313 -0.8456 0.4186
vn 0.7905 0.1678 -0.5890
vn 0.8054 0.1955 -0.5596
vn 0.7652 0.0658 -0.6404
vn 0.7150 -0.0820 -0.6943
vn 0.4719 -0.8782 0.0778
vn 0.4503 -0.8861 0.1099
vn 0.7487 -0.6197 -0.2356
vn 0.7137 -0.6859 -0.1422
vn 0.7473 -0.6582 0.0913
vn 0.4762 -0.8495 0.2270
vn 0.5389 -0.7536 0.3765
vn 0.7759 -0.5576 0.2951
vn 0.7639 -0.5105 -0.3948
vn 0.5520 -0.6526 -0.5191
vn 0.5647 -0.7989 -0.2071
vn 0.4519 -0.7893 -0.4157
vn 0.8133 -0.1004 -0.5731
vn 0.7156 -0.2516 -0.6516
vn 0.8189 -0.3393 -0.4630
vn 0.8826 -0.2153 -0.4179
vn 0.9480 -0.2948 -0.1201
vn 0.8866 -0.4323 0.1644
vn 0.8582 -0.4896 -0.1544
vn 0.6699 -0.7293 0.1393
vn 0.5205 -0.7130 -0.4698
vn 0.5797 -0.7593 -0.2957
vn 0.4719 -0.7806 -0.4098
vn 0.5273 -0.8030 -0.2778
vn 0.5855 -0.8064 -0.0836
vn 0.4761 -0.8759 0.0787
vn 0.5499 -0.8238 -0.1379
vn 0.5180 -0.8551 -0.0230
vn -0.1863 -0.9821 -0.0275
vn -0.1815 -0.9459 -0.2688
vn -0.1727 -0.9404 0.2929
vn 0.2944 -0.9486 -0.1164
vn 0.2779 -0.9043 -0.3239
vn 0.3637 -0.7433 -0.5615
vn 0.3540 -0.9253 0.1362
vn -0.1242 -0.8586 0.4973
vn -0.0475 -0.8773 0.4776
vn 0.3997 -0.8323 0.3840
vn 0.5988 -0.8009 -0.0087
vn 0.6264 -0.7512 -0.2084
vn 0.5595 -0.7883 0.2562
vn 0.2870 -0.9385 0.1918
vn 0.3591 -0.9331 -0.0166
vn 0.4259 -0.8818 -0.2026
vn -0.0467 -0.9228 0.3825
vn -0.1259 -0.9376 0.3240
vn 0.2582 -0.8395 0.4781
vn 0.3725 -0.7752 0.5102
vn -0.1792 -0.9509 0.2525
vn 0.0121 -0.9893 0.1453
vn 0.5331 -0.7177 0.4481
vn 0.4944 -0.6800 0.5415
vn 0.2255 -0.8418 0.4905
vn 0.2550 -0.8918 0.3738
vn 0.1585 -0.9278 0.3378
vn 0.3274 -0.8762 0.3537
vn 0.0923 -0.9956 -0.0152
vn -0.0781 -0.9906 0.1123
vn 0.4150 -0.7085 0.5708
vn 0.2669 -0.7916 0.5496
vn 0.0470 -0.8415 0.5381
vn 0.1660 -0.8208 0.5466
vn -0.2106 -0.9292 0.3036
vn -0.0116 -0.8867 0.4623
vn -0.2642 -0.8711 0.4140
vn -0.1111 -0.8459 0.5216
vn -0.2588 -0.9572 -0.1296
vn -0.2735 -0.9309 -0.2422
vn 0.1293 -0.9330 -0.3359
vn 0.1296 -0.9755 -0.1776
vn 0.0765 -0.9081 -0.4117
vn -0.2738 -0.9120 -0.3054
vn 0.3845 -0.8069 -0.4484
vn 0.4339 -0.8275 -0.3564
vn -0.2422 -0.9608 0.1352
vn -0.2433 -0.9697 0.0200
vn 0.0884 -0.9961 0.0037
vn 0.0294 -0.9869 0.1586
vn -0.3102 -0.9178 0.2480
vn -0.2608 -0.9403 0.2188
vn -0.0155 -0.9613 0.2752
vn -0.0506 -0.9319 0.3591
vn -0.3797 -0.8912 0.2481
vn -0.1061 -0.9004 0.4218
vn -0.1987 -0.8777 0.4361
vn -0.4143 -0.8864 0.2065
vn -0.6824 -0.7305 -0.0273
vn -0.6427 -0.7626 -0.0741
vn -0.6882 -0.7255 0.0039
vn -0.8802 -0.4551 0.1343
vn -0.8650 -0.4726 0.1685
vn -0.8464 -0.5095 0.1547
vn -0.6712 -0.7406 0.0316
vn -0.6460 -0.7605 0.0662
vn -0.8909 -0.4517 0.0471
vn -0.8846 -0.4598 0.0775
vn -0.6594 -0.7461 0.0928
vn -0.6889 -0.7240 0.0362
vn -0.8919 -0.4394 -0.1069
vn -0.8898 -0.4563 0.0003
vn -0.6277 -0.7382 -0.2470
vn -0.7111 -0.7008 -0.0569
vn -0.8581 -0.4424 -0.2608
vn -0.7135 -0.4779 -0.5123
vn -0.4585 -0.7879 -0.4110
vn -0.5026 -0.4349 -0.7472
vn -0.3529 -0.9258 0.1358
vn -0.2333 -0.9722 0.0185
vn -0.2127 -0.7576 -0.6170
vn -0.2158 -0.3156 -0.9240
vn 0.1118 -0.6002 -0.7920
vn 0.1636 -0.1770 -0.9705
vn -0.0752 -0.9719 -0.2230
vn 0.1397 -0.8965 -0.4205
vn 0.4456 -0.4581 -0.7692
vn 0.5204 -0.1224 -0.8451
vn 0.2444 -0.8605 -0.4471
vn 0.7554 -0.4289 -0.4954
vn 0.6621 -0.4072 -0.6291
vn 0.2699 -0.8533 -0.4461
vn 0.8805 -0.1584 -0.4469
vn 0.7507 -0.1415 -0.6453
vn 0.7699 -0.4418 -0.4604
vn 0.9185 -0.1853 -0.3492
vn 0.2371 -0.8319 -0.5017
vn 0.3694 -0.7635 -0.5297
vn 0.7865 -0.4555 -0.4170
vn 0.9154 -0.2892 -0.2799
vn 0.7423 -0.6134 -0.2696
vn 0.4186 -0.9074 -0.0363
vn 0.5091 -0.8469 0.1536
vn 0.8468 -0.5262 -0.0780
vn 0.4867 -0.7458 -0.4549
vn 0.3231 -0.8995 -0.2940
vn -0.0434 -0.9939 0.1011
vn -0.4390 -0.8772 0.1944
vn -0.1258 -0.9820 -0.1412
vn -0.4536 -0.8912 0.0014
vn -0.4001 -0.8365 0.3744
vn 0.0158 -0.9521 0.3053
vn -0.6883 -0.7254 -0.0028
vn -0.7292 -0.6568 0.1920
vn -0.7283 -0.6718 -0.1354
vn -0.8316 -0.5391 0.1333
vn -0.7089 -0.6054 0.3618
vn -0.8474 -0.4237 0.3201
vn -0.8022 -0.5936 0.0638
vn -0.8844 -0.3870 0.2608
vn -0.5902 -0.7775 -0.2172
vn -0.4213 -0.8680 -0.2630
vn -0.7151 -0.6982 -0.0337
vn -0.8753 -0.4479 0.1822
vn -0.3152 -0.8966 -0.3110
vn -0.6506 -0.7548 -0.0837
vn -0.8496 -0.5090 0.1382
vn 0.0680 0.0235 -0.9974
vn -0.0927 0.0798 -0.9925
vn -0.5024 0.0075 -0.8646
vn -0.3376 -0.0904 -0.9369
vn 0.5047 0.0008 -0.8633
vn 0.4542 0.0087 -0.8908
vn 0.7536 -0.0682 -0.6538
vn 0.8801 -0.1191 -0.4596
vn 0.8684 -0.1171 -0.4819
vn 0.7378 -0.0532 -0.6730
vn 0.9314 -0.1568 -0.3284
vn 0.9273 -0.1644 -0.3362
vn 0.9424 -0.2567 -0.2142
vn 0.9386 -0.2993 -0.1715
vn 0.8678 -0.4968 0.0045
vn 0.5425 -0.7841 0.3016
vn 0.4963 -0.7855 0.3696
vn 0.8217 -0.5674 0.0533
vn 0.0695 -0.8747 0.4796
vn -0.3507 -0.7838 0.5125
vn -0.3674 -0.7001 0.6123
vn 0.0494 -0.8158 0.5763
vn -0.6757 -0.5629 0.4761
vn -0.8391 -0.3571 0.4104
vn -0.8376 -0.3107 0.4493
vn -0.6763 -0.4987 0.5421
vn -0.9097 -0.3030 0.2838
vn -0.9177 -0.2690 0.2924
vn -0.9054 -0.2963 0.3040
vn -0.9088 -0.1970 0.3679
vn -0.9123 -0.1939 0.3608
vn -0.9225 -0.1837 0.3396
vn -0.9017 -0.2680 0.3394
vn -0.9070 -0.2041 0.3684
vn 0.6623 -0.1530 -0.7334
vn 0.2846 -0.1700 -0.9435
vn 0.8358 -0.1780 -0.5194
vn 0.4483 -0.4279 -0.7848
vn 0.6562 -0.4864 -0.5769
vn -0.0082 -0.4482 -0.8939
vn 0.8975 -0.2528 -0.3613
vn 0.7242 -0.5731 -0.3835
vn 0.8665 -0.4809 -0.1336
vn 0.6152 -0.7778 -0.1287
vn 0.6880 -0.7153 0.1225
vn 0.3456 -0.8424 0.4134
vn 0.1074 -0.9114 0.3972
vn 0.4599 -0.8786 0.1283
vn -0.0785 -0.7934 0.6036
vn -0.4654 -0.6202 0.6315
vn -0.6034 -0.5650 0.5627
vn -0.2498 -0.7920 0.5571
vn -0.7260 -0.4124 0.5503
vn -0.8560 -0.2574 0.4484
vn -0.8852 -0.2285 0.4052
vn -0.7937 -0.3544 0.4944
vn -0.9131 -0.1681 0.3715
vn -0.9142 -0.1707 0.3676
vn -0.9156 -0.1523 0.3722
vn -0.9070 -0.1706 0.3850
vn -0.9365 -0.2795 0.2118
vn -0.9486 -0.2931 0.1195
vn -0.9498 -0.3015 0.0831
vn -0.9703 -0.2282 0.0807
vn -0.9662 -0.2128 0.1453
vn -0.9475 -0.2086 0.2422
vn -0.6539 -0.7566 -0.0023
vn -0.9016 -0.3119 0.2997
vn -0.9051 -0.2508 0.3434
vn -0.8973 -0.3125 0.3116
vn 0.0549 -0.9853 -0.1617
vn 0.0658 -0.9971 0.0394
vn -0.2960 -0.9348 0.1961
vn -0.9565 -0.2916 0.0014
vn -0.9726 -0.2295 0.0378
vn -0.9472 -0.2963 -0.1223
vn -0.9763 -0.2055 -0.0681
vn -0.3727 -0.7872 -0.4914
vn 0.0828 -0.7823 -0.6174
vn 0.0762 -0.8793 -0.4702
vn 0.3360 -0.8654 -0.3717
vn -0.4604 -0.7929 0.3992
vn -0.7481 -0.5615 0.3538
vn -0.8434 -0.3734 0.3863
vn -0.9073 -0.1546 0.3909
vn -0.9093 -0.1594 0.3843
vn -0.9133 -0.1571 0.3757
vn -0.9207 -0.1614 0.3553
vn -0.9075 -0.2439 0.3420
vn -0.9088 -0.2721 0.3164
vn -0.5744 -0.3513 -0.7394
vn -0.6867 -0.6276 -0.3668
vn -0.9152 -0.4024 -0.0227
vn -0.9527 -0.1730 -0.2498
vn -0.9143 -0.2832 0.2896
vn -0.9221 -0.2019 0.3302
vn -0.9783 -0.1789 0.1044
vn -0.9576 -0.1701 0.2324
vn -0.9865 -0.1612 0.0284
vn -0.9773 -0.1530 0.1462
vn -0.9513 -0.1498 0.2693
vn -0.9344 -0.1638 0.3163
vn -0.9005 -0.3094 -0.3057
vn -0.9481 -0.1706 -0.2684
vn -0.7928 -0.2675 -0.5476
vn -0.8974 -0.1485 -0.4154
vn -0.7312 -0.0743 -0.6781
vn -0.5747 -0.1839 -0.7975
vn -0.9855 -0.1293 -0.1100
vn -0.9899 -0.1330 0.0482
vn -0.9583 -0.0695 -0.2772
vn -0.8555 0.0003 -0.5179
vn -0.7372 -0.0265 -0.6752
vn -0.3092 -0.0749 -0.9480
vn -0.9622 -0.1687 0.2136
vn 0.6450 -0.6720 -0.3638
vn 0.6591 -0.5813 -0.4772
vn -0.0231 -0.9106 -0.4126
vn -0.1587 -0.9093 -0.3847
vn 0.3213 -0.8223 -0.4696
vn 0.2192 -0.8171 -0.5331
vn -0.3455 -0.8351 -0.4280
vn 0.0079 -0.7577 -0.6525
vn -0.5483 -0.7432 -0.3833
vn -0.2815 -0.6996 -0.6567
vn -0.5937 -0.7647 -0.2504
vn -0.4599 -0.7069 -0.5373
vn -0.4405 -0.8709 -0.2179
vn -0.4568 -0.7422 -0.4904
vn -0.1558 -0.9363 -0.3146
vn -0.2274 -0.8087 -0.5425
vn 0.1674 -0.8679 -0.4677
vn -0.0105 -0.8366 -0.5477
vn -0.5835 -0.2984 -0.7553
vn -0.3509 -0.6283 -0.6943
vn -0.1448 -0.6186 -0.7723
vn -0.4147 -0.2114 -0.8850
vn -0.5168 -0.6458 -0.5620
vn -0.7065 -0.3646 -0.6065
vn 0.1271 -0.8644 -0.4864
vn -0.0607 -0.8999 -0.4319
vn -0.0734 -0.9123 -0.4029
vn -0.2852 -0.9188 -0.2730
vn -0.2088 -0.9096 -0.3592
vn -0.4650 -0.8657 -0.1855
vn -0.1969 -0.9472 -0.2531
vn -0.4797 -0.8767 -0.0360
vn -0.1196 -0.9827 -0.1416
vn -0.3673 -0.9147 0.1685
vn -0.1153 -0.9929 0.0296
vn -0.2693 -0.8692 0.4148
vn -0.2346 -0.8870 0.3977
vn -0.1037 -0.8478 0.5200
vn -0.1805 -0.8096 0.5585
vn -0.1927 -0.9197 0.3420
vn -0.1040 -0.7796 0.6176
vn 0.0432 -0.8067 0.5893
vn -0.1558 -0.9611 0.2281
vn -0.2359 -0.8243 0.5147
vn -0.4096 -0.5606 0.7197
vn -0.3341 -0.7418 0.5815
vn -0.2593 -0.7326 0.6294
vn -0.3569 -0.5671 0.7423
vn -0.2509 -0.6889 0.6800
vn -0.2674 -0.6717 0.6909
vn -0.3207 -0.5840 0.7458
vn -0.3153 -0.6006 0.7348
vn -0.4074 -0.5156 0.7537
vn -0.3482 -0.5042 0.7903
vn -0.3377 -0.6288 0.7004
vn -0.3299 -0.5406 0.7739
vn -0.3540 -0.5279 0.7720
vn -0.3630 -0.5668 0.7396
vn -0.3823 -0.5354 0.7531
vn -0.4242 -0.5342 0.7312
vn -0.3183 -0.6556 0.6848
vn -0.3882 -0.6353 0.6676
vn -0.5286 -0.7155 0.4568
vn -0.3928 -0.7180 0.5746
vn -0.4054 -0.9093 0.0936
vn -0.6284 -0.7641 0.1458
vn -0.5480 -0.8350 -0.0495
vn -0.3287 -0.9384 -0.1067
vn -0.3497 -0.9202 -0.1761
vn -0.3717 -0.9139 -0.1631
vn -0.3360 -0.9103 -0.2419
vn -0.3863 -0.8383 -0.3848
vn -0.5762 -0.8008 -0.1636
vn -0.8533 -0.4604 -0.2448
vn -0.7025 -0.3649 -0.6110
vn -0.3397 -0.7111 -0.6155
vn -0.4569 -0.8773 -0.1470
vn -0.6790 -0.7220 -0.1328
vn -0.7453 -0.6629 -0.0713
vn -0.6028 -0.7941 -0.0783
vn -0.8774 -0.4760 -0.0602
vn -0.8698 -0.4733 -0.1394
vn -0.2559 -0.9584 -0.1262
vn -0.5144 -0.8571 -0.0265
vn -0.1523 -0.9879 0.0298
vn -0.2978 -0.9522 0.0681
vn -0.7363 -0.6766 0.0082
vn -0.6934 -0.7181 0.0585
vn -0.8755 -0.4792 0.0625
vn -0.8773 -0.4798 0.0089
vn -0.0839 -0.7432 0.6638
vn 0.3926 -0.7562 0.5235
vn 0.2704 -0.9369 0.2214
vn 0.0466 -0.9189 0.3917
vn -0.6817 -0.7281 0.0712
vn -0.8785 -0.4736 0.0631
vn -0.2625 -0.9548 0.1394
vn -0.1672 -0.9606 0.2219
vn -0.6569 -0.7536 0.0240
vn -0.8917 -0.4498 -0.0513
vn -0.0923 -0.8937 0.4391
vn -0.5585 -0.8287 0.0377
vn -0.5568 -0.1776 0.8115
vn -0.7720 -0.6138 -0.1650
vn -0.7437 -0.6506 -0.1533
vn -0.4742 -0.7512 0.4591
vn 0.6141 -0.6658 0.4237
vn 0.5436 -0.5551 0.6296
vn 0.7970 -0.1353 0.5886
vn 0.7123 -0.3794 0.5905
vn 0.5394 0.3124 0.7820
vn 0.1523 0.0866 0.9845
vn 0.4648 -0.8388 0.2834
vn 0.6164 -0.6195 0.4861
vn 0.6508 -0.1343 0.7473
vn 0.7847 0.1170 0.6087
vn 0.5539 0.3080 0.7735
vn 0.7504 0.2441 0.6143
vn 0.7576 0.2143 0.6165
vn 0.5156 -0.2764 0.8110
vn -0.0195 -0.5308 0.8473
vn -0.2965 -0.1413 0.9445
vn 0.1474 -0.6743 0.7236
vn -0.2396 -0.8841 0.4013
vn -0.4783 -0.7668 0.4281
vn -0.7605 -0.4381 0.4792
vn 0.3876 -0.1899 0.9020
vn 0.0543 -0.6325 0.7727
vn -0.1091 -0.5297 0.8411
vn 0.2212 -0.0939 0.9707
vn -0.1584 -0.0991 0.9824
vn -0.1113 -0.0898 0.9897
vn -0.1937 -0.9395 0.2825
vn -0.1723 -0.5731 0.8012
vn -0.4024 -0.7622 0.5071
vn -0.2670 -0.9560 0.1218
vn -0.8276 -0.4604 0.3211
vn -0.4325 -0.8764 0.2119
vn -0.5861 -0.3446 0.7333
vn -0.2379 -0.9649 0.1114
vn 0.1717 -0.5766 0.7988
vn 0.4613 -0.5215 0.7178
vn -0.0322 -0.9535 0.2998
vn 0.2891 -0.8867 0.3609
vn 0.2578 -0.6479 0.7168
vn 0.3793 -0.8232 0.4224
vn -0.2460 -0.9674 0.0604
vn -0.2183 -0.9728 0.0769
vn -0.2415 -0.9669 0.0818
vn -0.1754 -0.9788 0.1053
vn 0.1433 -0.9891 0.0330
vn 0.3131 -0.9491 0.0355
vn 0.3957 -0.9025 0.1698
vn 0.2459 -0.9574 0.1514
vn -0.2144 -0.9720 0.0963
vn -0.4097 -0.8986 0.1572
vn -0.3962 -0.9104 0.1189
vn -0.2025 -0.9765 0.0737
vn -0.8517 -0.4708 0.2303
vn -0.8632 -0.4709 0.1822
vn -0.2540 -0.9641 0.0776
vn -0.2176 -0.9726 0.0817
vn -0.1734 -0.9797 0.1002
vn -0.2441 -0.9661 0.0835
vn -0.2102 -0.9741 0.0829
vn -0.2128 -0.9746 0.0700
vn -0.1898 -0.9723 0.1366
vn -0.1972 -0.9771 0.0799
vn -0.3950 -0.9109 0.1193
vn -0.3882 -0.9020 0.1891
vn -0.8590 -0.4759 0.1888
vn -0.8312 -0.4864 0.2691
vn 0.0192 -0.9996 -0.0191
vn -0.0671 -0.9764 0.2053
vn 0.1234 -0.9923 -0.0110
vn 0.0483 -0.9977 -0.0473
vn -0.8117 -0.4645 0.3542
vn -0.4092 -0.8650 0.2903
vn -0.1788 -0.9549 0.2372
vn -0.2459 -0.6391 0.7288
vn 0.0497 -0.7540 0.6549
vn -0.2257 -0.6892 0.6885
vn -0.0426 -0.8897 0.4546
vn -0.1681 -0.9798 0.1086
vn -0.1396 -0.9893 0.0435
vn -0.2208 -0.9734 0.0609
vn -0.2397 -0.9673 0.0828
vn 0.0092 -0.9779 0.2089
vn -0.1902 -0.8368 0.5133
vn -0.0481 -0.9938 0.1002
vn -0.0369 -0.9798 0.1964
vn 0.2047 -0.7672 0.6079
vn -0.0871 -0.9139 0.3964
vn -0.1651 -0.9775 0.1310
vn -0.1168 -0.9632 0.2419
vn -0.2022 -0.9761 0.0796
vn -0.0674 -0.8081 -0.5852
vn 0.2254 -0.4974 -0.8377
vn 0.1500 -0.7468 -0.6479
vn 0.3229 -0.5825 -0.7460
vn 0.4776 -0.2104 -0.8530
vn 0.5810 -0.0405 -0.8129
vn 0.5404 -0.2550 -0.8018
vn 0.5878 -0.0427 -0.8079
vn 0.7062 -0.4717 -0.5280
vn 0.7591 -0.4508 -0.4696
vn 0.6424 -0.5086 -0.5733
vn 0.7470 -0.3958 -0.5342
vn 0.3890 -0.5431 -0.7441
vn 0.6269 -0.3310 -0.7053
vn 0.0495 -0.5349 -0.8434
vn 0.3834 -0.2915 -0.8764
vn -0.2462 -0.5305 -0.8111
vn 0.0238 -0.2542 -0.9669
vn -0.3593 -0.5229 -0.7730
vn -0.2630 -0.1122 -0.9583
vn -0.4684 -0.5276 -0.7087
vn -0.5356 -0.2658 -0.8015
vn 0.4899 -0.6353 -0.5970
vn 0.5588 -0.4432 -0.7010
vn 0.7287 -0.3425 -0.5931
vn 0.7391 -0.1392 -0.6591
vn 0.6695 -0.1015 -0.7359
vn 0.6616 0.0801 -0.7456
vn 0.7250 0.1011 -0.6813
vn 0.6793 0.2025 -0.7054
vn 0.7525 -0.0953 -0.6516
vn 0.7686 0.1049 -0.6311
vn 0.6892 0.0286 -0.7240
vn 0.7732 0.2234 -0.5935
vn 0.6399 0.3706 -0.6732
vn 0.7026 0.3179 -0.6366
vn 0.4509 0.0970 -0.8873
vn 0.2555 0.1693 -0.9519
vn 0.6149 0.1238 -0.7788
vn 0.6214 0.2154 -0.7533
vn 0.5991 0.2065 -0.7736
vn 0.5898 0.1339 -0.7964
vn 0.5835 0.1797 -0.7920
vn 0.6286 0.2195 -0.7461
vn 0.6461 0.2658 -0.7155
vn 0.5576 0.2440 -0.7934
vn 0.5306 0.3396 -0.7766
vn 0.5477 0.4435 -0.7095
vn 0.6689 0.3582 -0.6514
vn 0.6647 0.4405 -0.6034
vn 0.6423 0.5735 -0.5085
vn 0.6407 0.5873 -0.4947
vn 0.6263 0.5633 -0.5390
vn 0.6924 0.5634 -0.4508
vn 0.6860 0.5778 -0.4422
vn 0.6457 0.5862 -0.4894
vn 0.6160 0.5920 -0.5197
vn 0.5528 0.5749 -0.6032
vn 0.5302 0.5635 -0.6336
vn 0.3712 0.4987 -0.7833
vn 0.1687 0.1241 -0.9778
vn 0.1840 0.3144 -0.9313
vn 0.3551 0.4053 -0.8424
vn 0.3216 0.2040 -0.9246
vn 0.5906 0.4816 -0.6474
vn 0.5948 0.3461 -0.7255
vn 0.4173 0.5349 -0.7347
vn 0.2186 0.4090 -0.8860
vn 0.1675 0.3355 -0.9270
vn 0.3421 0.4689 -0.8143
vn 0.0960 0.2406 -0.9659
vn 0.0945 0.2120 -0.9727
vn 0.1198 0.0985 -0.9879
vn 0.1309 0.1043 -0.9859
vn 0.3877 0.3916 -0.8345
vn 0.1960 0.2886 -0.9372
vn 0.2101 0.2248 -0.9515
vn 0.3921 0.2902 -0.8729
vn 0.1092 0.1948 -0.9747
vn 0.1033 0.0895 -0.9906
vn 0.0484 0.0593 -0.9971
vn 0.1101 0.1616 -0.9807
vn 0.1944 0.0938 -0.9764
vn 0.0934 0.1170 -0.9887
vn -0.3149 -0.0659 -0.9468
vn -0.2201 -0.2753 -0.9358
vn 0.5688 0.4999 -0.6531
vn 0.5771 0.5305 -0.6210
vn 0.6500 0.4875 -0.5829
vn 0.6562 0.5208 -0.5460
vn 0.5945 0.5516 -0.5850
vn 0.6762 0.5462 -0.4944
vn 0.7198 0.4992 -0.4823
vn 0.7644 0.4934 -0.4150
vn 0.7965 0.4452 -0.4090
vn 0.7541 0.4251 -0.5006
vn 0.6519 0.3748 -0.6592
vn 0.7371 0.4176 -0.5313
vn 0.7503 0.3419 -0.5658
vn 0.6916 0.2616 -0.6732
vn 0.7448 0.4023 -0.5323
vn 0.7549 0.4251 -0.4995
vn 0.7255 0.4358 -0.5327
vn 0.7404 0.4617 -0.4884
vn 0.7500 0.4231 -0.5085
vn 0.7722 0.4339 -0.4641
vn 0.7635 0.4816 -0.4302
vn 0.7965 0.4457 -0.4087
vn 0.6063 0.2603 -0.7514
vn 0.5644 0.2323 -0.7921
vn 0.6804 0.2607 -0.6849
vn 0.6817 0.3027 -0.6661
vn 0.5908 0.2999 -0.7490
vn 0.5183 0.3075 -0.7980
vn 0.7340 0.2261 -0.6404
vn 0.7432 0.2820 -0.6068
vn 0.7287 0.3433 -0.5925
vn 0.6981 0.3975 -0.5955
vn 0.6642 0.3819 -0.6426
vn 0.6882 0.3370 -0.6425
vn 0.6376 0.3361 -0.6931
vn 0.5876 0.3439 -0.7325
vn 0.6166 0.2247 -0.7545
vn 0.5547 0.3247 -0.7661
vn -0.6240 -0.0828 0.7770
vn -0.6298 -0.4187 0.6543
vn -0.7055 -0.3890 0.5925
vn -0.7241 -0.0878 0.6840
vn -0.7204 -0.4297 0.5443
vn -0.7208 -0.0822 0.6883
vn -0.6786 -0.4655 0.5682
vn -0.6438 -0.4591 0.6121
vn -0.6667 -0.0985 0.7388
vn -0.6850 -0.0885 0.7232
vn -0.6250 -0.4289 0.6522
vn -0.6231 -0.4083 0.6671
vn -0.6761 -0.1262 0.7259
vn -0.6712 -0.1068 0.7336
vn -0.6772 -0.3951 0.6207
vn -0.7382 -0.3347 0.5856
vn -0.7400 -0.1195 0.6619
vn -0.8075 -0.1264 0.5762
vn -0.3627 -0.2270 0.9038
vn -0.6735 -0.3849 0.6311
vn -0.6208 -0.4474 0.6438
vn -0.4708 -0.1377 0.8714
vn -0.1183 -0.0993 0.9880
vn -0.3954 0.2565 0.8820
vn -0.3765 0.4711 0.7977
vn -0.5668 0.3273 0.7561
vn -0.4648 0.5716 0.6762
vn -0.1524 -0.1140 0.9817
vn -0.6083 0.3306 0.7216
vn -0.4581 0.5796 0.6739
vn -0.5769 0.3600 0.7332
vn -0.5196 0.5245 0.6745
vn -0.6080 0.3557 0.7098
vn -0.5586 0.4405 0.7028
vn -0.5754 0.3264 0.7499
vn -0.6025 0.2804 0.7473
vn -0.7321 0.2128 0.6471
vn -0.6619 0.2669 0.7005
vn -0.6516 0.2374 0.7205
vn -0.6992 0.1937 0.6882
vn -0.8010 0.0704 0.5945
vn -0.7687 0.1091 0.6302
vn -0.8577 -0.0459 0.5121
vn -0.8749 -0.1093 0.4717
vn -0.5602 0.3631 0.7445
vn -0.5003 -0.2946 0.8142
vn -0.6949 0.2106 0.6876
vn -0.6612 -0.3802 0.6467
vn -0.7690 -0.1771 0.6142
vn -0.7634 -0.1954 0.6156
vn -0.6961 0.2037 0.6884
vn -0.7180 0.1570 0.6781
vn -0.7392 -0.4221 0.5248
vn -0.7306 -0.4180 0.5399
vn -0.7438 -0.3674 0.5584
vn -0.7481 -0.3659 0.5536
vn -0.7856 -0.2539 0.5642
vn -0.7720 -0.1829 0.6087
vn -0.7376 0.0933 0.6687
vn -0.7787 -0.0056 0.6274
vn -0.7676 -0.4321 0.4734
vn -0.7427 -0.4213 0.5205
vn -0.7427 -0.3864 0.5470
vn -0.7570 -0.4235 0.4976
vn -0.8187 -0.1369 0.5577
vn -0.7922 -0.3454 0.5031
vn -0.8337 -0.2723 0.4805
vn -0.7767 -0.4102 0.4780
vn -0.7807 -0.4392 0.4445
vn -0.7579 -0.4696 0.4528
vn -0.7380 -0.4598 0.4940
vn -0.7414 -0.4223 0.5215
vn -0.7101 -0.3795 0.5930
vn -0.6830 -0.3953 0.6142
vn -0.7513 -0.3617 0.5520
vn -0.7482 -0.3120 0.5855
vn -0.7161 -0.3203 0.6201
vn -0.6656 -0.3865 0.6384
vn -0.8423 -0.2063 0.4979
vn -0.8046 -0.2977 0.5138
vn -0.7815 -0.2611 0.5667
vn -0.8038 -0.2090 0.5570
vn -0.7420 -0.2722 0.6127
vn -0.6736 -0.3895 0.6282
vn -0.7669 -0.2370 0.5964
vn -0.6938 -0.3983 0.6000
vn -0.8420 -0.1699 0.5121
vn -0.8162 -0.1707 0.5520
vn -0.8281 -0.1744 0.5328
vn -0.8587 -0.1588 0.4873
vn -0.7707 -0.2964 0.5641
vn -0.8182 -0.3162 0.4801
vn -0.8070 -0.2167 0.5493
vn -0.7364 -0.4175 0.5323
vn -0.8732 -0.2032 0.4429
vn -0.8028 -0.4488 0.3926
vn -0.8732 -0.3634 0.3248
vn -0.8694 -0.4582 0.1847
vn -0.9464 -0.2266 0.2301
vn -0.9245 -0.1758 0.3382
vn -0.8731 -0.4785 0.0937
vn -0.8562 -0.4722 0.2096
vn -0.9353 -0.2126 0.2828
vn -0.9595 -0.2320 0.1600
vn -0.8325 -0.5383 0.1308
vn -0.7810 -0.6230 -0.0440
vn -0.9584 -0.2844 -0.0254
vn -0.9513 -0.2561 0.1713
vn -0.6187 -0.5680 -0.5428
vn -0.8025 -0.2435 -0.5447
vn -0.9589 -0.2669 0.0960
vn -0.9494 -0.2854 -0.1314
vn -0.8580 -0.4592 -0.2301
vn -0.8772 -0.4787 0.0370
vn 0.0455 0.1001 -0.9939
vn -0.0267 0.0181 -0.9995
vn -0.2026 -0.0776 -0.9762
vn -0.2319 -0.0178 -0.9726
vn -0.7254 -0.2000 -0.6587
vn -0.6026 -0.3027 -0.7384
vn 0.4715 -0.8769 0.0936
vn 0.2557 -0.6471 0.7183
vn 0.7088 -0.5828 0.3975
vn 0.7410 -0.6703 0.0398
vn 0.6841 -0.4614 0.5649
vn 0.7265 -0.6851 0.0533
vn 0.5333 -0.8085 -0.2489
vn 0.4061 -0.8412 -0.3571
vn 0.4201 -0.8772 -0.2326
vn 0.3323 -0.9075 -0.2569
vn 0.4340 -0.8342 -0.3402
vn 0.4891 -0.8330 -0.2587
vn 0.3763 -0.8982 -0.2271
vn 0.4103 -0.8931 -0.1846
vn 0.4999 -0.8492 -0.1705
vn 0.4825 -0.8721 -0.0808
vn 0.4118 -0.9002 -0.1416
vn 0.4146 -0.9058 -0.0870
vn -0.4271 -0.2476 0.8696
vn -0.3377 0.2307 0.9125
vn -0.2490 0.5684 0.7842
vn -0.2892 0.1440 0.9464
vn -0.1605 0.5546 0.8165
vn 0.0168 0.8135 0.5813
vn -0.0710 0.8966 0.4371
vn -0.1910 0.7731 0.6049
vn 0.5353 -0.2862 0.7947
vn 0.7494 -0.6541 0.1027
vn 0.3508 0.0857 0.9325
vn 0.8797 -0.4658 0.0952
vn 0.3411 -0.9160 -0.2111
vn 0.3322 -0.8880 -0.3179
vn 0.3023 -0.9222 -0.2412
vn 0.2797 -0.9439 -0.1755
vn 0.3306 -0.9300 -0.1609
vn 0.3572 -0.9124 -0.2000
vn 0.3472 -0.9288 -0.1296
vn 0.3902 -0.9012 -0.1884
vn 0.3763 -0.9210 -0.1004
vn 0.4447 -0.8885 -0.1130
vn 0.4870 -0.8557 -0.1749
vn 0.5726 -0.8037 -0.1619
vn 0.6377 -0.6416 -0.4263
vn 0.6685 -0.6805 -0.3000
vn 0.6250 -0.6920 -0.3612
vn 0.6442 -0.5920 -0.4843
vn 0.5348 -0.7637 -0.3616
vn 0.6308 -0.5919 -0.5017
vn 0.3794 -0.8228 -0.4232
vn 0.4609 -0.8083 -0.3663
vn 0.5590 -0.6563 -0.5067
vn 0.4438 -0.7020 -0.5570
vn 0.6875 0.6359 -0.3507
vn 0.3772 0.9217 -0.0907
vn 0.6876 0.6285 -0.3635
vn 0.3881 0.9209 -0.0359
vn 0.1872 0.9623 0.1972
vn 0.1034 0.9726 0.2083
vn 0.7938 0.4696 -0.3865
vn 0.0536 0.9288 0.3667
vn 0.2427 0.7895 0.5637
vn 0.4440 0.8791 0.1734
vn 0.9641 0.2000 -0.1745
vn 0.2879 0.4889 0.8235
vn 0.9738 -0.2261 0.0251
vn 0.3744 -0.8153 -0.4418
vn 0.4843 -0.6851 -0.5441
vn 0.6197 0.7846 0.0205
vn 0.8177 0.5716 -0.0689
vn 0.6092 0.7842 -0.1179
vn 0.7288 0.6846 -0.0141
vn 0.7016 0.7124 -0.0164
vn 0.6780 0.0614 0.7325
vn 0.1107 -0.2397 0.9645
vn 0.0752 0.1770 0.9813
vn 0.4466 0.6038 0.6603
vn 0.8639 0.4696 0.1819
vn 0.6398 0.7409 0.2044
vn 0.0828 0.6924 0.7168
vn 0.1410 0.8968 0.4193
vn 0.0509 0.9792 0.1962
vn 0.0553 0.9978 0.0355
vn 0.0610 0.9576 -0.2816
vn 0.0395 0.9456 -0.3229
vn 0.1836 0.6239 -0.7596
vn 0.1531 0.6763 -0.7205
vn 0.2933 0.2304 -0.9278
vn 0.2454 0.3211 -0.9147
vn 0.3257 0.3208 -0.8894
vn 0.3844 0.3071 -0.8706
vn 0.2694 0.5247 -0.8076
vn 0.3503 0.4456 -0.8238
vn 0.4463 0.2866 -0.8477
vn 0.4711 0.2262 -0.8526
vn 0.4473 0.4138 -0.7929
vn 0.4201 0.4247 -0.8020
vn 0.4906 0.1402 -0.8600
vn 0.5356 0.0313 -0.8439
vn 0.5657 0.3516 -0.7459
vn 0.4909 0.3920 -0.7780
vn 0.6030 -0.0524 -0.7960
vn 0.6387 0.2895 -0.7130
vn 0.6955 -0.0906 -0.7128
vn 0.7002 0.2319 -0.6752
vn 0.7596 -0.0780 -0.6457
vn 0.7197 0.2120 -0.6611
vn 0.7720 0.0070 -0.6356
vn 0.6879 0.2454 -0.6830
vn 0.7357 0.1707 -0.6554
vn 0.6001 0.3224 -0.7321
vn 0.6839 0.3960 -0.6128
vn 0.5169 0.4793 -0.7093
vn 0.7131 -0.3532 -0.6055
vn 0.7942 -0.2013 -0.5733
vn 0.8772 0.3180 -0.3598
vn 0.8563 0.4036 -0.3223
vn 0.3729 -0.6746 -0.6371
vn 0.4455 -0.6351 -0.6310
vn 0.4824 -0.5548 -0.6779
vn 0.4057 -0.6257 -0.6663
vn 0.6403 -0.6064 -0.4715
vn 0.6435 -0.5585 -0.5235
vn 0.5988 -0.5960 -0.5350
vn 0.5366 -0.6453 -0.5436
vn 0.6657 -0.5254 -0.5299
vn 0.5761 -0.5978 -0.5575
vn 0.5683 -0.5932 -0.5703
vn 0.6442 -0.5875 -0.4898
vn 0.7376 0.6749 0.0197
vn 0.4879 0.8559 0.1717
vn 0.8792 0.4408 -0.1807
vn 0.9375 0.0576 -0.3431
vn 0.2576 0.9595 0.1141
vn 0.7952 0.6004 -0.0844
vn 0.1780 0.9807 -0.0805
vn 0.7086 0.6696 -0.2227
vn 0.1492 0.9361 -0.3185
vn 0.5799 0.6615 -0.4755
vn 0.1500 0.8506 -0.5040
vn 0.4732 0.6368 -0.6087
vn 0.2080 0.7673 -0.6066
vn 0.4263 0.6186 -0.6601
vn 0.2676 0.6948 -0.6676
vn 0.3829 0.6020 -0.7007
vn 0.3087 0.6567 -0.6881
vn 0.4158 0.5985 -0.6848
vn 0.3615 0.6138 -0.7018
vn 0.5121 0.5684 -0.6440
vn 0.7050 0.4052 -0.5820
vn 0.6229 0.4894 -0.6103
vn 0.4485 0.5672 -0.6907
vn 0.5644 0.5211 -0.6402
vn 0.7639 0.3253 -0.5574
vn 0.7543 0.3427 -0.5600
vn 0.6604 0.4681 -0.5872
vn 0.7135 0.4129 -0.5660
vn 0.6886 0.3238 -0.6489
vn 0.7372 0.3329 -0.5880
vn 0.7108 0.3655 -0.6009
vn 0.6715 0.3465 -0.6550
vn 0.5109 0.2805 -0.8126
vn 0.6255 0.3198 -0.7117
vn 0.5792 0.3090 -0.7543
vn 0.4482 0.2935 -0.8444
vn 0.6998 0.2863 -0.6545
vn 0.6161 0.2921 -0.7315
vn 0.5776 0.3319 -0.7458
vn 0.6516 0.3715 -0.6613
vn 0.4550 0.2617 -0.8512
vn 0.4389 0.2616 -0.8596
vn 0.8005 -0.0540 -0.5969
vn 0.7984 0.0705 -0.5980
vn 0.7999 0.0479 -0.5983
vn 0.7782 0.0793 -0.6230
vn 0.7646 0.1524 -0.6262
vn 0.6352 0.3700 -0.6780
vn 0.7507 0.2564 -0.6089
vn 0.6570 0.3752 -0.6539
vn 0.7538 0.0350 -0.6562
vn 0.7170 0.1270 -0.6854
vn 0.7825 0.0943 -0.6154
vn 0.7947 0.0038 -0.6069
vn 0.7842 0.2020 -0.5867
vn 0.6983 0.4116 -0.5856
vn 0.6899 0.4082 -0.5978
vn 0.7430 0.2500 -0.6209
vn 0.6010 0.0879 -0.7944
vn 0.5573 0.1791 -0.8108
vn 0.6033 0.1598 -0.7813
vn 0.6656 0.0564 -0.7442
vn 0.6455 0.2541 -0.7202
vn 0.6029 0.3582 -0.7129
vn 0.5151 0.3098 -0.7992
vn 0.5628 0.2321 -0.7933
vn 0.6792 0.0720 -0.7304
vn 0.7096 0.1370 -0.6911
vn 0.6180 0.1691 -0.7678
vn 0.6175 0.0906 -0.7813
vn 0.5491 0.1940 -0.8129
vn 0.6026 0.1555 -0.7828
vn 0.4728 0.2921 -0.8314
vn 0.4911 0.3078 -0.8149
vn 0.8258 0.0944 -0.5560
vn 0.7719 0.0352 -0.6348
vn 0.8559 -0.0538 -0.5143
vn 0.9456 0.0087 -0.3252
vn 0.6787 0.1069 -0.7266
vn 0.7302 0.0088 -0.6831
vn 0.5286 0.3262 -0.7837
vn 0.5322 0.3275 -0.7807
vn 0.9800 -0.1342 -0.1472
vn 0.8934 -0.2173 -0.3932
vn 0.8237 -0.4520 -0.3423
vn 0.9267 -0.3260 -0.1869
vn 0.7567 -0.1179 -0.6431
vn 0.5256 0.3235 -0.7868
vn 0.7381 -0.2525 -0.6257
vn 0.5137 0.3169 -0.7973
vn 0.5855 -0.6806 -0.4404
vn 0.5682 -0.6555 -0.4974
vn 0.7810 -0.5331 -0.3254
vn 0.7153 -0.6109 -0.3392
vn 0.7454 -0.3378 -0.5747
vn 0.5478 0.3353 -0.7665
vn 0.5116 0.3224 -0.7964
vn 0.6711 -0.3820 -0.6353
vn 0.3665 -0.7082 -0.6035
vn 0.4475 -0.6702 -0.5921
vn 0.4254 -0.5692 -0.7036
vn 0.3437 -0.6876 -0.6396
vn 0.5525 -0.3460 -0.7583
vn 0.4114 0.2651 -0.8721
vn 0.3571 0.2299 -0.9053
vn 0.4821 -0.2414 -0.8422
vn 0.4681 -0.6389 -0.6106
vn 0.4650 -0.4700 -0.7502
vn 0.5389 -0.4227 -0.7286
vn 0.6256 -0.5926 -0.5073
vn 0.4871 -0.1561 -0.8593
vn 0.3582 0.2248 -0.9062
vn 0.3369 0.2114 -0.9175
vn 0.4493 -0.1089 -0.8867
vn 0.7022 -0.5490 -0.4533
vn 0.6797 -0.4253 -0.5976
vn 0.7334 -0.4472 -0.5120
vn 0.7297 -0.5095 -0.4559
vn 0.5158 -0.1135 -0.8492
vn 0.3281 0.2031 -0.9226
vn 0.3988 0.1973 -0.8956
vn 0.6229 -0.1843 -0.7603
vn 0.0031 -0.5197 0.8544
vn -0.2446 -0.1688 0.9548
vn 0.2676 -0.7588 0.5938
vn 0.2679 -0.8399 0.4720
vn 0.0227 -0.6438 0.7649
vn -0.2949 -0.1914 0.9362
vn 0.1048 -0.6383 0.7626
vn 0.0683 -0.4557 0.8875
vn 0.1251 -0.6109 0.7818
vn 0.1848 -0.7571 0.6266
vn -0.1281 -0.1601 0.9788
vn -0.1075 -0.1216 0.9867
vn -0.2075 -0.1484 0.9669
vn 0.1420 -0.6714 0.7274
vn 0.2630 -0.8213 0.5063
vn 0.0591 -0.7784 0.6250
vn 0.1300 -0.6887 0.7133
vn -0.0016 -0.5518 0.8340
vn -0.0161 -0.6517 0.7583
vn 0.1620 -0.3695 0.9150
vn 0.2597 -0.4352 0.8621
vn 0.1768 -0.4055 0.8968
vn -0.0085 -0.5322 0.8466
vn -0.0463 -0.5682 0.8216
vn 0.1003 -0.6674 0.7379
vn -0.2490 -0.1658 0.9542
vn 0.2910 -0.8533 0.4326
vn 0.3681 -0.8603 0.3526
vn 0.3367 -0.8906 0.3058
vn 0.3097 -0.8784 0.3641
vn 0.3840 -0.8092 0.4446
vn 0.2216 -0.8891 0.4005
vn 0.2722 -0.8793 0.3909
vn 0.1790 -0.8283 0.5310
vn 0.1487 -0.8636 0.4817
vn 0.1138 -0.8134 0.5705
vn 0.1142 -0.7536 0.6473
vn 0.3539 -0.7007 0.6195
vn 0.2604 -0.8316 0.4905
vn 0.1582 -0.8670 0.4725
vn -0.0290 -0.6088 0.7928
vn 0.0093 -0.7187 0.6953
vn 0.0261 -0.7552 0.6550
vn -0.0198 -0.6550 0.7554
vn 0.0693 -0.8254 0.5602
vn 0.0591 -0.8144 0.5773
vn 0.1009 -0.8455 0.5244
vn 0.1125 -0.8656 0.4880
vn 0.3500 -0.8870 0.3014
vn 0.4482 -0.8871 0.1102
vn 0.4509 -0.8913 0.0482
vn 0.3660 -0.8821 0.2966
vn 0.4045 -0.9145 0.0034
vn 0.3613 -0.9061 0.2202
vn 0.2944 0.0087 0.9556
vn 0.4850 -0.0475 0.8732
vn 0.1629 0.0432 0.9857
vn 0.3014 0.3822 0.8735
vn -0.0002 0.3549 0.9349
vn 0.6693 0.3139 0.6735
vn 0.6890 -0.6580 -0.3038
vn 0.3849 -0.9067 0.1726
vn 0.6644 -0.7266 0.1749
vn 0.8783 -0.4237 -0.2215
vn 0.0392 -0.8647 0.5007
vn 0.3488 -0.7711 0.5326
vn 0.7803 -0.2635 -0.5672
vn 0.7583 0.1355 -0.6376
vn 0.8447 -0.1426 -0.5158
vn 0.8083 0.1688 -0.5640
vn 0.7647 0.2261 -0.6035
vn 0.8125 0.2265 -0.5372
vn 0.8492 0.2896 -0.4416
vn 0.9170 0.0542 -0.3951
vn 0.8584 0.2314 -0.4579
vn 0.8799 0.2850 -0.3802
vn 0.8609 0.3709 -0.3481
vn 0.9339 0.1823 -0.3074
vn 0.8863 0.0255 -0.4625
vn 0.9430 -0.0629 -0.3269
vn 0.9385 0.0996 -0.3305
vn 0.9181 0.0912 -0.3858
vn 0.9760 0.1284 -0.1757
vn 0.9328 0.2936 -0.2091
vn 0.9919 -0.1260 0.0143
vn 0.9873 -0.0255 0.1571
vn 0.9726 0.2312 -0.0227
vn 0.9055 0.4241 -0.0145
vn 0.9238 0.1096 0.3668
vn 0.9129 0.3337 0.2351
vn 0.6674 0.4689 0.5785
vn 0.8139 0.5075 0.2828
vn 0.5050 0.5541 0.6618
vn -0.1562 0.3719 0.9150
vn 0.2200 0.4933 0.8416
vn 0.0468 0.4939 0.8682
vn -0.2850 0.4262 0.8586
vn -0.6586 0.6651 0.3521
vn -0.4637 0.4558 0.7598
vn -0.6505 0.7280 0.2167
vn -0.4095 0.8717 0.2692
vn -0.4815 0.7175 0.5034
vn -0.1891 0.7261 0.6610
vn -0.1742 0.9324 0.3167
vn 0.0557 0.9150 0.3996
vn 0.2110 0.7202 0.6608
vn 0.2808 -0.8977 0.3395
vn 0.3877 -0.8866 0.2523
vn 0.3831 -0.9039 0.1901
vn 0.3035 -0.8947 0.3278
vn 0.1038 -0.6920 0.7144
vn 0.1026 -0.6924 0.7141
vn 0.2639 -0.8072 0.5279
vn 0.2054 -0.8412 0.5001
vn 0.0353 -0.6820 0.7305
vn 0.2848 -0.7977 0.5315
vn -0.0499 -0.5461 0.8362
vn -0.0417 -0.5685 0.8216
vn -0.0470 -0.5565 0.8295
vn 0.1526 -0.8445 0.5134
vn 0.2145 -0.8734 0.4373
vn 0.2218 -0.8575 0.4643
vn 0.1167 -0.7826 0.6115
vn 0.2091 -0.5163 0.8305
vn -0.0134 -0.5654 0.8247
vn 0.0057 -0.6557 0.7550
vn 0.1939 -0.6609 0.7250
vn 0.7630 -0.4808 0.4321
vn 0.6842 -0.4567 0.5685
vn 0.3699 -0.6587 0.6552
vn 0.6708 -0.2456 0.6998
vn 0.1058 -0.8198 0.5627
vn 0.2843 -0.7214 0.6314
vn 0.3738 -0.7564 0.5368
vn 0.4013 -0.6828 0.6105
vn 0.5920 -0.6516 0.4742
vn 0.5503 -0.6425 0.5333
vn 0.7486 -0.5451 0.3774
vn 0.5728 -0.6902 0.4421
vn 0.6520 -0.6983 0.2956
vn 0.3954 -0.8410 0.3692
vn 0.3952 -0.6843 0.6128
vn 0.4766 -0.6672 0.5724
vn 0.3848 -0.7637 0.5184
vn 0.2893 -0.7685 0.5708
vn 0.2521 -0.8539 0.4553
vn 0.1638 -0.8329 0.5287
vn 0.0771 -0.7582 0.6475
vn 0.1785 -0.7382 0.6506
vn 0.3102 -0.6942 0.6495
vn 0.3118 -0.9501 0.0108
vn -0.0469 -0.9888 0.1417
vn 0.3138 -0.9495 -0.0064
vn 0.0110 -0.9943 0.1063
vn -0.4863 -0.8414 0.2358
vn -0.8361 -0.4912 0.2442
vn -0.4108 -0.8979 0.1580
vn -0.7960 -0.5895 0.1370
vn -0.9683 0.2276 0.1032
vn -0.9511 0.2284 0.2079
vn -0.9742 0.0385 0.2224
vn -0.9891 -0.0915 0.1156
vn -0.8112 0.5299 0.2474
vn -0.8143 0.5030 0.2897
vn -0.9469 0.2259 0.2290
vn -0.9504 0.2778 0.1401
vn 0.2462 0.9294 0.2750
vn 0.4494 0.8809 0.1487
vn 0.7217 0.6856 0.0952
vn 0.5654 0.7147 0.4118
vn 0.9203 0.3309 -0.2085
vn 0.9317 0.1986 -0.3042
vn 0.8544 0.4922 -0.1666
vn 0.7305 0.6826 -0.0216
vn -0.0209 0.9689 0.2464
vn -0.1938 0.9301 0.3120
vn -0.5204 0.7866 0.3323
vn -0.4494 0.8374 0.3110
vn 0.0429 0.9615 0.2714
vn 0.2431 0.9507 0.1926
vn -0.0511 0.9369 0.3458
vn -0.0539 0.9609 0.2716
vn -0.4407 0.8413 0.3130
vn -0.4361 0.8343 0.3373
vn 0.9347 0.1082 -0.3385
vn 0.8994 0.2819 -0.3340
vn 0.9445 0.1464 -0.2941
vn 0.9062 0.2956 -0.3025
vn 0.5275 0.8480 0.0511
vn 0.8489 0.5120 -0.1311
vn 0.3518 0.9274 0.1271
vn 0.7712 0.6356 -0.0345
vn 0.3048 0.9311 0.2006
vn 0.7507 0.6581 0.0585
vn 0.3084 0.9014 0.3040
vn 0.7701 0.6144 0.1715
vn 0.8455 0.4404 -0.3020
vn 0.8623 0.4218 -0.2801
vn 0.9493 0.2170 -0.2275
vn 0.9446 0.2902 -0.1532
vn 0.9187 0.3165 -0.2361
vn 0.9252 0.3435 -0.1613
vn 0.9414 0.3308 -0.0665
vn 0.9166 0.3941 -0.0667
vn 0.9486 0.3123 0.0518
vn 0.9174 0.3892 0.0829
vn 0.9092 -0.3798 -0.1707
vn 0.8379 -0.5361 -0.1027
vn 0.8137 -0.5632 -0.1438
vn 0.9126 -0.3317 -0.2389
vn 0.6587 -0.7479 -0.0824
vn 0.7332 -0.6776 -0.0577
vn 0.9322 -0.1607 -0.3242
vn 0.9503 -0.1593 -0.2674
vn 0.8777 0.4278 -0.2159
vn 0.9582 0.1776 -0.2245
vn 0.8876 0.4398 -0.1370
vn 0.9779 0.1629 -0.1308
vn 0.9037 0.4275 -0.0248
vn 0.9935 0.1131 0.0104
vn 0.9285 0.3400 0.1491
vn 0.9793 0.0456 0.1972
vn 0.3536 -0.9354 0.0031
vn 0.0322 -0.9985 0.0447
vn 0.5782 -0.8156 0.0213
vn 0.3610 -0.9285 0.0867
vn 0.9668 -0.1777 -0.1834
vn 0.8917 -0.4433 -0.0913
vn 0.9738 -0.2127 -0.0808
vn 0.8696 -0.4934 0.0184
vn 0.8234 -0.5674 -0.0018
vn 0.7726 -0.6240 0.1166
vn 0.9655 -0.2498 0.0739
vn 0.8446 -0.5157 0.1438
vn 0.9376 -0.2596 0.2313
vn 0.8329 -0.5052 0.2257
vn 0.7475 -0.6388 0.1821
vn 0.4849 -0.8622 0.1466
vn 0.7578 -0.6260 0.1841
vn 0.5613 -0.8216 0.0996
vn -0.3511 -0.9363 0.0089
vn -0.7466 -0.6648 -0.0253
vn -0.2093 -0.9778 -0.0130
vn -0.6822 -0.7307 -0.0271
vn -0.9716 -0.2364 0.0107
vn -0.9463 -0.3221 0.0277
vn -0.9918 0.0952 0.0849
vn -0.9817 0.1807 0.0602
vn -0.0554 -0.9983 0.0171
vn -0.6069 -0.7947 0.0122
vn 0.0249 -0.9997 0.0071
vn -0.5536 -0.8315 0.0458
vn -0.9372 0.3333 0.1027
vn -0.9310 0.3392 0.1352
vn -0.7526 0.5995 0.2724
vn -0.7902 0.5667 0.2332
vn -0.9139 -0.3992 0.0736
vn -0.9914 0.0105 0.1302
vn -0.8795 -0.4600 0.1219
vn -0.9804 -0.0526 0.1898
vn -0.4155 0.8264 0.3799
vn -0.3658 0.8243 0.4321
vn 0.0094 0.8638 0.5038
vn -0.0327 0.8995 0.4356
vn -0.6351 0.6513 0.4153
vn -0.6994 0.6296 0.3382
vn -0.9258 0.3253 0.1927
vn -0.9084 0.3124 0.2779
vn 0.7944 0.4483 0.4099
vn 0.7836 0.5406 0.3062
vn 0.3126 0.8453 0.4334
vn 0.3804 0.7656 0.5189
vn 0.9522 0.1692 0.2542
vn 0.9337 0.2872 0.2140
vn 0.9593 0.2314 0.1618
vn 0.9585 0.1458 0.2448
vn -0.3057 0.8238 0.4774
vn -0.2606 0.8175 0.5136
vn 0.1238 0.8260 0.5500
vn 0.0624 0.8371 0.5434
vn 0.9458 0.1750 0.2735
vn 0.9520 -0.0517 0.3016
vn 0.9589 0.0203 0.2832
vn 0.9520 -0.1230 0.2802
vn 0.5082 0.6572 0.5567
vn 0.6596 0.5672 0.4931
vn 0.9482 0.0578 0.3125
vn 0.8665 0.2706 0.4194
vn 0.9660 0.0073 0.2586
vn 0.9651 -0.1156 0.2348
vn 0.9188 -0.2639 0.2935
vn 0.8572 -0.4592 0.2330
vn 0.9350 -0.2511 0.2504
vn 0.9023 -0.3818 0.2004
vn 0.8149 -0.5593 0.1520
vn 0.6588 -0.7484 0.0761
vn 0.8809 -0.4527 0.1380
vn 0.7880 -0.6079 0.0981
vn 0.9539 -0.2136 0.2110
vn 0.9467 -0.2600 0.1903
vn 0.9396 -0.3101 0.1452
vn 0.9036 -0.4080 0.1303
vn 0.9655 -0.0018 0.2604
vn 0.9639 -0.0828 0.2530
vn 0.7205 0.4991 0.4815
vn 0.1773 0.7934 0.5823
vn 0.2211 0.7501 0.6232
vn 0.7456 0.4328 0.5067
vn 0.7519 0.3292 0.5712
vn 0.9411 -0.1744 0.2896
vn 0.2354 0.6867 0.6878
vn 0.2147 0.4868 0.8467
vn 0.5750 0.0004 0.8181
vn 0.7853 -0.4162 0.4583
vn -0.2117 0.8022 0.5582
vn -0.5755 0.6552 0.4894
vn -0.1632 0.7715 0.6149
vn -0.5414 0.6194 0.5685
vn -0.8780 0.3111 0.3638
vn -0.8500 0.2779 0.4474
vn -0.9678 -0.0681 0.2424
vn -0.9521 -0.0637 0.2992
vn 0.7346 -0.6559 0.1737
vn 0.3126 -0.8836 0.3485
vn -0.2707 -0.9189 0.2869
vn 0.4113 -0.8968 0.1631
vn 0.1597 -0.9856 0.0557
vn -0.4628 -0.8782 0.1209
vn -0.8502 -0.4956 0.1776
vn -0.8449 -0.4498 0.2895
vn -0.8656 0.0028 0.5007
vn -0.6017 -0.4907 0.6302
vn -0.5900 0.1708 0.7892
vn -0.5766 0.4800 0.6611
vn -0.0452 -0.5095 0.8593
vn -0.2343 0.3076 0.9222
vn -0.1934 0.6825 0.7048
vn -0.5607 -0.5103 0.6521
vn -0.5071 -0.3945 0.7663
vn -0.1549 -0.6151 0.7731
vn -0.2112 -0.7602 0.6145
vn 0.0693 -0.8982 0.4340
vn 0.0925 -0.8682 0.4876
vn 0.1660 -0.8800 0.4451
vn 0.1905 -0.8691 0.4564
vn 0.0414 -0.7238 0.6888
vn 0.0399 -0.7220 0.6907
vn -0.6255 -0.1267 0.7699
vn -0.6467 -0.0955 0.7567
vn -0.5628 -0.1964 0.8029
vn -0.5426 -0.2860 0.7898
vn -0.4075 -0.2522 0.8777
vn -0.4093 -0.1231 0.9041
vn -0.2877 -0.0747 0.9548
vn -0.2720 -0.2053 0.9401
vn -0.1718 -0.3358 0.9261
vn -0.1825 -0.2978 0.9370
vn -0.6992 -0.0909 0.7091
vn -0.7460 -0.0921 0.6596
vn -0.6958 0.0087 0.7182
vn -0.6391 -0.1056 0.7618
vn 0.1944 -0.8445 0.4991
vn 0.0042 -0.7127 0.7014
vn 0.0213 -0.6904 0.7231
vn 0.1961 -0.8193 0.5388
vn -0.4812 0.0091 0.8766
vn -0.5282 0.1761 0.8307
vn -0.3920 0.0790 0.9166
vn -0.3622 -0.0000 0.9321
vn -0.2345 -0.2782 0.9315
vn -0.2383 -0.2484 0.9389
vn -0.7757 -0.0939 0.6240
vn -0.7140 0.1712 0.6789
vn -0.7449 0.0133 0.6671
vn -0.6084 0.4165 0.6756
vn 0.1865 -0.8340 0.5192
vn 0.0484 -0.7104 0.7021
vn 0.0397 -0.7743 0.6315
vn 0.1637 -0.8677 0.4694
vn -0.5363 0.3731 0.7571
vn -0.3775 0.1619 0.9117
vn -0.4880 0.4981 0.7168
vn -0.4046 0.1498 0.9021
vn -0.1987 -0.2601 0.9449
vn -0.2199 -0.3647 0.9048
vn -0.6815 0.2063 0.7022
vn -0.6161 0.5337 0.5793
vn -0.6420 0.3424 0.6860
vn -0.7051 0.4872 0.5153
vn -0.6110 0.4430 0.6561
vn -0.5350 0.0128 0.8447
vn -0.7450 0.2836 0.6037
vn -0.6217 -0.1381 0.7710
vn -0.6457 0.1211 0.7539
vn -0.5527 0.3336 0.7637
vn -0.4020 0.2860 0.8698
vn -0.3040 0.2293 0.9247
vn -0.6190 0.3939 0.6795
vn -0.7623 0.3379 0.5520
vn -0.7805 0.0708 0.6212
vn -0.6177 -0.2544 0.7441
vn -0.6868 -0.1284 0.7155
vn -0.5730 -0.2970 0.7638
vn 0.1456 -0.8833 0.4456
vn 0.0017 -0.8220 0.5695
vn -0.0014 -0.8069 0.5907
vn 0.1798 -0.8463 0.5015
vn -0.3003 -0.5071 0.8079
vn -0.3417 -0.5840 0.7363
vn 0.0009 0.0443 0.9990
vn 0.2676 -0.3088 0.9127
vn 0.1762 -0.3484 0.9206
vn -0.2415 -0.1256 0.9622
vn 0.4053 -0.7919 0.4568
vn 0.4374 -0.7016 0.5625
vn 0.4176 -0.7157 0.5598
vn 0.4134 -0.6549 0.6326
vn -0.3309 -0.3622 0.8714
vn -0.2717 -0.4948 0.8254
vn 0.0595 -0.4866 0.8716
vn 0.1199 -0.6036 0.7883
vn 0.3639 -0.5571 0.7465
vn 0.4162 -0.5754 0.7040
vn 0.2758 -0.5558 0.7842
vn 0.3258 -0.6367 0.6989
vn 0.2515 -0.7423 0.6211
vn 0.3719 -0.7125 0.5949
vn 0.0424 -0.7240 0.6885
vn 0.3727 -0.6923 0.6179
vn -0.3111 -0.5860 0.7482
vn 0.2325 -0.3247 -0.9168
vn 0.4188 -0.5278 -0.7389
vn 0.0234 0.0479 -0.9986
vn 0.4886 0.3027 -0.8183
vn 0.6031 0.1114 -0.7899
vn 0.6883 -0.0406 -0.7243
vn 0.6546 -0.4074 -0.6369
vn 0.8382 0.0721 -0.5406
vn 0.8661 0.2250 -0.4463
vn 0.8161 -0.1561 -0.5564
vn 0.7971 0.2819 -0.5340
vn 0.7252 0.4113 -0.5522
vn 0.8175 0.4516 -0.3573
vn 0.8352 0.3961 -0.3816
vn 0.8905 0.0359 -0.4536
vn 0.8853 0.0201 -0.4646
vn 0.8579 0.3189 -0.4030
vn 0.8021 0.2726 -0.5314
vn 0.7211 -0.1629 -0.6734
vn 0.6822 0.2139 -0.6992
vn 0.6554 0.4579 -0.6006
vn 0.6666 0.5878 -0.4584
vn 0.7390 0.4047 -0.5386
vn 0.7364 0.4223 -0.5286
vn 0.7498 0.4259 -0.5064
vn 0.7586 0.4297 -0.4897
vn 0.6514 0.5739 -0.4963
vn 0.5586 0.5736 -0.5991
vn 0.4515 0.3138 -0.8353
vn 0.5116 0.3004 -0.8050
vn 0.8047 0.4533 -0.3834
vn 0.8011 0.4651 -0.3768
vn -0.9541 0.1661 -0.2491
vn -0.8780 0.4409 -0.1864
vn -0.8894 0.4527 -0.0632
vn -0.9770 0.2076 -0.0489
vn -0.8082 0.5889 -0.0040
vn -0.7882 0.6117 -0.0671
vn -0.8984 0.2845 0.3346
vn -0.9206 0.1900 0.3412
vn -0.9167 0.1189 0.3814
vn -0.6198 0.7820 0.0656
vn -0.5179 0.8474 0.1166
vn -0.7149 0.6939 0.0859
vn -0.7234 0.6903 0.0159
vn -0.6637 0.6390 0.3887
vn -0.8005 0.4801 0.3587
vn -0.2730 0.5187 -0.8102
vn -0.2813 0.6644 -0.6924
vn -0.6963 0.5759 -0.4283
vn -0.7128 0.3354 -0.6160
vn -0.3061 0.7645 -0.5673
vn -0.6644 0.6984 -0.2660
vn -0.6237 0.7734 -0.1139
vn -0.5593 0.8279 0.0425
vn -0.3670 0.8544 -0.3679
vn -0.4076 0.8900 -0.2044
vn -0.3235 0.9362 -0.1371
vn -0.4030 0.9108 0.0894
vn -0.5619 0.7837 0.2647
vn -0.4217 0.9046 -0.0621
vn -0.6606 -0.1504 0.7355
vn -0.6611 -0.1620 0.7326
vn -0.8820 0.0294 0.4703
vn -0.6512 -0.1838 0.7363
vn -0.6545 -0.1039 0.7489
vn -0.6831 -0.1359 0.7176
vn -0.7126 -0.0082 0.7016
vn -0.8119 0.0934 0.5763
vn -0.7559 -0.0509 0.6527
vn -0.7217 -0.1402 0.6779
vn -0.7015 -0.0315 0.7120
vn -0.7262 0.1308 0.6750
vn -0.7572 0.0961 0.6461
vn -0.7415 0.2300 0.6302
vn -0.7142 0.2377 0.6583
vn -0.7206 0.2314 0.6537
vn -0.7509 0.3866 0.5354
vn -0.6261 0.7169 0.3066
vn -0.7078 0.3253 0.6270
vn -0.7423 0.2085 0.6368
vn 0.0950 0.6624 -0.7431
vn 0.0965 0.6808 -0.7261
vn 0.0504 0.6906 -0.7215
vn 0.0990 0.6520 -0.7517
vn -0.0673 0.7300 -0.6801
vn -0.0006 0.7828 -0.6223
vn -0.1335 0.8215 -0.5543
vn -0.1929 0.9071 -0.3741
vn -0.0942 0.9264 -0.3646
vn -0.1116 0.9866 -0.1194
vn -0.5471 0.8152 0.1901
vn -0.2110 0.9773 -0.0167
vn -0.2837 0.9421 -0.1786
vn -0.3006 0.9505 0.0792
vn -0.3176 0.9326 0.1712
vn -0.5106 0.7617 0.3989
vn -0.2331 0.9208 0.3128
vn -0.4928 0.6839 0.5380
vn -0.6625 0.2819 0.6940
vn -0.6445 0.2074 0.7359
vn -0.0518 0.8928 0.4474
vn -0.3327 0.5974 0.7296
vn 0.0317 0.8835 0.4673
vn -0.3215 0.5514 0.7698
vn -0.5947 0.0363 0.8031
vn -0.5727 0.1290 0.8095
vn -0.0453 0.9990 0.0057
vn -0.6002 0.7249 0.3380
vn -0.4515 0.6353 0.6266
vn 0.0001 0.9565 0.2917
vn -0.7414 0.0218 0.6707
vn -0.8861 0.0460 0.4613
vn -0.6906 -0.2514 0.6782
vn -0.6345 -0.1825 0.7511
vn -0.6590 -0.1606 0.7348
vn -0.7942 -0.1556 0.5874
vn -0.6491 -0.1472 0.7463
vn -0.8649 0.0175 0.5016
vn -0.8262 0.0625 0.5598
vn -0.9068 -0.0073 0.4216
vn -0.6977 0.0610 0.7137
vn -0.6877 -0.0819 0.7214
vn -0.8447 0.1882 0.5010
vn -0.8001 0.3808 0.4635
vn -0.6886 0.2382 0.6849
vn -0.7087 0.5109 0.4865
vn -0.6537 0.3842 0.6520
vn -0.6222 0.5860 0.5192
vn -0.6737 0.4490 0.5870
vn -0.7056 0.4467 0.5501
vn -0.6273 0.6426 0.4401
vn -0.5998 0.6171 0.5093
vn -0.7462 0.3872 0.5415
vn -0.7152 0.3266 0.6180
vn -0.6926 0.6173 0.3733
vn -0.6657 0.6554 0.3567
vn -0.7045 0.2157 0.6761
vn -0.7224 0.2689 0.6370
vn -0.7334 0.5529 0.3954
vn -0.7323 0.4867 0.4763
vn -0.6889 0.0562 0.7227
vn -0.6666 0.1390 0.7323
vn -0.7115 0.3827 0.5893
vn -0.7147 0.2989 0.6324
vn -0.8028 -0.0054 0.5962
vn -0.8950 0.0012 0.4461
vn -0.7591 0.2969 0.5793
vn -0.7904 0.3764 0.4833
vn -0.9450 0.3269 -0.0079
vn -0.9692 0.2427 0.0419
vn -0.9208 0.3854 -0.0591
vn -0.5692 0.4593 -0.6820
vn -0.6152 0.4683 -0.6343
vn -0.6641 0.4470 -0.5993
vn -0.8801 0.4481 -0.1571
vn -0.8027 0.5781 -0.1466
vn -0.5569 0.4619 -0.6903
vn -0.5526 0.4112 -0.7250
vn -0.0633 0.8647 -0.4982
vn -0.4832 0.7509 -0.4502
vn -0.6562 0.7542 -0.0227
vn -0.4687 0.8829 0.0284
vn -0.0826 0.7795 -0.6209
vn -0.4786 0.6601 -0.5790
vn -0.2849 0.5719 -0.7693
vn -0.4910 0.4363 -0.7540
vn 0.0485 0.9341 -0.3537
vn 0.0843 0.8770 -0.4730
vn -0.3700 0.9233 0.1028
vn -0.3646 0.9229 0.1237
vn -0.4631 0.8862 -0.0123
vn -0.3954 0.9174 0.0444
vn -0.0807 0.9251 -0.3710
vn -0.0205 0.9506 -0.3099
vn -0.5424 0.8369 0.0742
vn -0.5279 0.8491 -0.0180
vn -0.0236 0.9142 -0.4047
vn -0.0897 0.9010 -0.4244
vn 0.1695 0.9645 -0.2024
vn 0.0840 0.9421 -0.3246
vn -0.5104 0.8306 0.2229
vn -0.4499 0.8211 0.3512
vn -0.0644 0.9802 -0.1875
vn 0.0327 0.9815 -0.1884
vn -0.1692 0.9779 0.1231
vn -0.1958 0.9776 -0.0776
vn -0.1366 0.9619 0.2369
vn 0.1620 0.9691 -0.1861
vn 0.1710 0.7042 -0.6891
vn 0.2022 0.7230 -0.6606
vn 0.2552 0.7296 -0.6345
vn 0.1601 0.7825 -0.6017
vn 0.3567 0.6739 -0.6470
vn 0.2378 0.7129 -0.6597
vn 0.1499 0.9640 -0.2196
vn -0.2056 0.9373 0.2813
vn -0.3212 0.9108 0.2593
vn -0.0129 0.9435 -0.3311
vn 0.2346 0.6752 -0.6994
vn 0.3932 0.6184 -0.6805
vn 0.3577 0.5984 -0.7169
vn 0.2539 0.6731 -0.6946
vn 0.0759 0.8193 -0.5684
vn 0.0872 0.8162 -0.5712
vn 0.0534 0.8078 -0.5871
vn 0.0781 0.8163 -0.5724
vn 0.0559 0.8256 -0.5615
vn 0.0982 0.8554 -0.5086
vn -0.1101 0.9179 -0.3812
vn -0.3510 0.9129 0.2084
vn -0.2019 0.9547 0.2187
vn 0.0252 0.9387 -0.3439
vn 0.2701 0.7116 -0.6486
vn 0.2692 0.6887 -0.6732
vn 0.0419 0.8328 -0.5520
vn 0.0444 0.8401 -0.5406
vn 0.0252 0.8620 -0.5063
vn 0.0056 0.8659 -0.5002
vn 0.3065 0.6232 -0.7195
vn 0.3065 0.6330 -0.7109
vn 0.2835 0.9149 -0.2873
vn 0.0397 0.9646 0.2608
vn 0.4606 0.8230 -0.3325
vn 0.2019 0.9592 0.1979
vn 0.2766 0.9605 -0.0314
vn 0.3040 0.9237 -0.2330
vn 0.5628 0.7130 -0.4183
vn 0.6395 0.6508 -0.4093
vn 0.3171 0.7350 -0.5993
vn 0.4192 0.6312 -0.6526
vn 0.5300 0.6093 -0.5898
vn 0.3358 0.7264 -0.5996
vn 0.0089 0.8773 -0.4798
vn 0.0648 0.8512 -0.5208
vn 0.0508 0.8533 -0.5190
vn -0.0376 0.8660 -0.4986
vn 0.3596 0.7188 -0.5950
vn 0.6030 0.5796 -0.5482
vn 0.6876 0.5439 -0.4810
vn 0.4387 0.7135 -0.5464
vn -0.0314 0.8578 -0.5131
vn 0.0544 0.8541 -0.5172
vn 0.1075 0.8556 -0.5064
vn 0.0324 0.8718 -0.4888
vn 0.4856 0.6705 -0.5609
vn 0.7179 0.4922 -0.4923
vn 0.6584 0.4280 -0.6192
vn 0.4578 0.5986 -0.6573
vn 0.5235 0.5737 -0.6299
vn 0.6361 0.6255 -0.4519
vn 0.0064 0.8738 -0.4863
vn 0.1225 0.8392 -0.5299
vn 0.0810 0.8045 -0.5884
vn -0.0795 0.8525 -0.5166
vn -0.0578 0.8728 -0.4847
vn 0.0929 0.8056 -0.5851
vn 0.1271 0.8458 -0.5182
vn -0.0080 0.8905 -0.4549
vn 0.4447 0.6179 -0.6484
vn 0.4285 0.5672 -0.7033
vn 0.4636 0.6815 -0.5662
vn 0.4622 0.6499 -0.6033
vn 0.1400 0.8553 -0.4988
vn 0.1680 0.8666 -0.4699
vn 0.0297 0.8887 -0.4576
vn 0.0499 0.9050 -0.4225
vn 0.0412 0.9216 -0.3860
vn 0.2105 0.8643 -0.4567
vn 0.3030 0.8752 -0.3772
vn 0.1445 0.9423 -0.3021
vn 0.4655 0.7566 -0.4592
vn 0.4488 0.7192 -0.5305
vn 0.2226 0.7003 -0.6782
vn -0.1271 0.4823 -0.8668
vn 0.3374 0.6908 -0.6395
vn 0.5244 0.5759 -0.6272
vn 0.4769 0.5347 -0.6976
vn 0.2109 0.3452 -0.9145
vn 0.3784 0.5984 -0.7062
vn 0.3171 0.6934 -0.6470
vn 0.4219 0.5108 -0.7491
vn 0.4754 0.4849 -0.7341
vn 0.2503 0.8006 -0.5444
vn 0.2014 0.8158 -0.5422
vn 0.4147 0.6391 -0.6477
vn 0.4239 0.5926 -0.6849
vn 0.2344 0.7745 -0.5876
vn 0.3330 0.7349 -0.5908
vn 0.4797 0.5955 -0.6444
vn 0.4350 0.6162 -0.6565
vn 0.3217 0.7159 -0.6196
vn 0.3684 0.6528 -0.6619
vn 0.2585 0.7950 -0.5487
vn -0.1806 0.9392 -0.2921
vn -0.1024 0.9069 -0.4086
vn -0.0405 0.8893 -0.4556
vn -0.3371 0.8611 -0.3805
vn -0.2885 0.8918 -0.3486
vn 0.0249 0.8575 -0.5138
vn -0.0220 0.8391 -0.5436
vn 0.1036 0.9012 -0.4209
vn -0.1779 0.9381 -0.2971
vn -0.3127 0.8613 -0.4004
vn -0.0103 0.8759 -0.4824
vn 0.0125 0.8746 -0.4848
vn -0.2073 0.9085 -0.3627
vn -0.1217 0.9442 -0.3061
vn 0.0412 0.8923 -0.4496
vn -0.0871 0.8614 -0.5005
vn -0.3595 0.8471 -0.3914
vn -0.4089 0.8207 -0.3990
vn -0.1030 0.8504 -0.5160
vn 0.0141 0.8891 -0.4575
vn -0.2334 0.9226 -0.3073
vn -0.2121 0.9392 -0.2701
vn -0.0128 0.9024 -0.4308
vn -0.1549 0.8764 -0.4559
vn -0.3673 0.8841 -0.2890
vn -0.3642 0.8988 -0.2441
vn -0.1445 0.9021 -0.4065
vn -0.1327 0.8980 -0.4194
vn -0.4031 0.8834 -0.2391
vn -0.3451 0.9280 -0.1404
vn -0.0896 0.9276 -0.3626
vn -0.1508 0.9425 -0.2981
vn -0.4010 0.9079 -0.1219
vn -0.4386 0.8954 -0.0771
vn -0.2280 0.9460 -0.2304
vn -0.1513 0.9758 -0.1580
vn -0.4030 0.9139 -0.0479
vn -0.7674 0.5669 0.2994
vn -0.7784 0.5541 0.2950
vn -0.4932 0.8679 -0.0590
vn -0.4535 0.8893 -0.0597
vn -0.6581 0.7442 -0.1143
vn -0.8814 0.4016 0.2486
vn -0.1921 0.9194 -0.3433
vn -0.1089 0.9392 -0.3256
vn -0.9044 0.3542 0.2381
vn -0.6581 0.7460 -0.1019
vn -0.5932 0.8019 -0.0704
vn -0.8874 0.3965 0.2352
vn -0.9306 0.3320 0.1540
vn -0.6895 0.7068 -0.1581
vn -0.5202 0.8461 -0.1161
vn -0.8073 0.5523 0.2079
vn -0.6664 0.7023 0.2505
vn -0.3676 0.9272 -0.0718
vn -0.6206 0.7704 -0.1459
vn -0.8043 0.5581 0.2040
vn -0.9064 0.3869 0.1696
vn -0.7211 0.6753 -0.1548
vn -0.5534 0.8305 -0.0635
vn -0.8039 0.5328 0.2642
vn -0.7720 0.5539 0.3118
vn -0.5015 0.8647 -0.0294
vn -0.6237 0.7813 -0.0239
vn -0.8391 0.4533 0.3008
vn -0.8739 0.3948 0.2837
vn -0.6559 0.7548 0.0056
vn -0.6682 0.7427 0.0437
vn -0.8568 0.4176 0.3024
vn -0.8794 0.4008 0.2568
vn -0.6440 0.7606 0.0815
vn -0.6518 0.7564 0.0556
vn -0.8646 0.4444 0.2347
vn -0.7206 -0.3620 0.5914
vn -0.6349 -0.3209 0.7028
vn -0.8461 0.0332 0.5320
vn -0.9251 -0.0932 0.3680
vn -0.8111 0.0632 0.5815
vn -0.6044 -0.3457 0.7177
vn -0.8401 0.4909 0.2308
vn -0.9573 0.2813 0.0668
vn -0.5894 -0.3989 0.7025
vn -0.8086 0.0313 0.5875
vn -0.8400 -0.0962 0.5340
vn -0.6151 -0.4672 0.6351
vn -0.6317 -0.4890 0.6015
vn -0.8544 -0.1462 0.4987
vn -0.8606 -0.1018 0.4990
vn -0.6460 -0.4637 0.6063
vn -0.6431 -0.4598 0.6124
vn -0.8817 -0.1193 0.4564
vn -0.8574 0.0084 0.5146
vn -0.6163 -0.4155 0.6690
vn -0.6091 -0.3737 0.6995
vn -0.7992 0.1391 0.5847
vn -0.8160 0.0792 0.5725
vn -0.6348 -0.3999 0.6612
vn -0.6416 -0.4269 0.6373
vn -0.8563 -0.0442 0.5146
vn -0.8202 0.0350 0.5711
vn -0.6302 -0.3992 0.6660
vn -0.6694 -0.4499 0.5911
vn -0.8304 0.0125 0.5570
vn -0.8696 -0.0637 0.4896
vn -0.6859 -0.5104 0.5186
vn -0.6716 -0.5589 0.4864
vn -0.8894 -0.0901 0.4481
vn -0.8922 -0.0689 0.4463
vn -0.6660 -0.5861 0.4615
vn -0.7022 -0.5839 0.4074
vn -0.9244 -0.0691 0.3751
vn -0.9357 -0.0215 0.3521
vn -0.7677 -0.5381 0.3480
vn -0.6168 0.6610 0.4273
vn -0.7388 0.0552 0.6716
vn -0.7624 -0.0534 0.6449
vn -0.7156 0.5482 0.4329
vn -0.7657 0.1662 0.6213
vn -0.5159 0.8074 0.2862
vn -0.9965 0.0269 0.0791
vn -0.9663 0.1222 -0.2264
vn -0.9128 0.1777 0.3678
vn -0.8148 0.5791 -0.0266
vn -0.6628 0.2910 -0.6899
vn -0.3929 0.6794 -0.6197
vn 0.0510 0.6000 -0.7984
vn -0.1478 0.4778 -0.8659
vn 0.2120 0.8205 -0.5308
vn 0.2518 0.6986 -0.6698
vn -0.1815 0.9469 -0.2654
vn 0.1879 0.8775 -0.4412
vn 0.2694 0.7935 -0.5457
vn 0.2660 0.7383 -0.6198
vn -0.6856 0.6479 0.3320
vn -0.7647 0.2423 0.5971
vn -0.4459 0.8951 0.0014
vn -0.0609 0.9855 -0.1581
vn -0.7143 -0.1485 0.6839
vn -0.7642 -0.2511 0.5941
vn -0.8293 -0.1862 0.5268
vn -0.8256 -0.0364 0.5631
vn -0.8397 -0.2930 0.4572
vn -0.8080 -0.3245 0.4917
vn -0.9555 0.0244 0.2941
vn -0.9318 0.0914 0.3513
vn -0.9013 0.1620 0.4018
vn -0.8303 -0.3557 0.4291
vn -0.8432 -0.3320 0.4227
vn -0.8583 -0.3667 0.3590
vn -0.8553 -0.3940 0.3366
vn -0.9807 -0.0391 0.1916
vn -0.9675 -0.0062 0.2527
vn -0.9966 -0.0821 0.0042
vn -0.9927 -0.0765 0.0933
vn -0.8804 -0.4078 0.2422
vn -0.9042 -0.4063 0.1315
vn -0.8649 -0.4561 0.2094
vn -0.8570 -0.5002 0.1236
vn -0.8817 -0.4327 0.1882
vn -0.9372 -0.3043 0.1703
vn -0.9462 -0.1681 0.2765
vn -0.9068 -0.3128 0.2827
vn -0.9821 0.0341 0.1852
vn -0.9985 -0.0292 0.0460
vn -0.8315 -0.3862 0.3993
vn -0.7143 -0.6692 0.2048
vn -0.8066 -0.5893 0.0466
vn -0.8919 -0.3742 0.2538
vn -0.4573 -0.8358 -0.3039
vn -0.3600 -0.9208 -0.1499
vn -0.6614 -0.6613 -0.3538
vn -0.9047 -0.4125 0.1061
vn -0.9350 -0.1367 -0.3273
vn -0.9861 0.0323 0.1628
vn -0.9622 -0.1917 0.1933
vn -0.8548 -0.4317 -0.2880
vn -0.8432 -0.1150 0.5252
vn -0.8934 0.2461 0.3760
vn -0.8243 0.0354 0.5650
vn -0.7813 -0.2062 0.5891
vn -0.7545 0.5665 0.3314
vn -0.8274 0.5414 0.1495
vn -0.8974 -0.0569 0.4376
vn -0.8513 -0.1566 0.5007
vn -0.8329 -0.1519 0.5321
vn -0.9089 -0.0258 0.4161
vn -0.2432 0.4283 -0.8703
vn -0.2752 0.4170 -0.8663
vn -0.2660 0.3815 -0.8853
vn -0.3098 0.4130 -0.8564
vn -0.2391 0.3986 -0.8854
vn -0.2145 0.3513 -0.9114
vn -0.3503 0.3073 -0.8848
vn -0.4352 0.2489 -0.8652
vn -0.3780 0.3925 -0.8385
vn -0.2803 0.3046 -0.9103
vn -0.1371 0.2030 -0.9695
vn -0.4224 0.2611 -0.8680
vn -0.5903 0.4335 -0.6808
vn -0.9713 0.2373 -0.0183
vn -0.3965 0.4902 -0.7762
vn -0.9610 0.2311 -0.1518
vn -0.9328 0.3487 0.0910
vn -0.9746 0.1852 0.1259
vn -0.7803 0.5787 -0.2372
vn -0.8710 0.4908 0.0224
vn -0.8472 0.5285 -0.0552
vn -0.8407 0.5408 -0.0270
vn -0.6683 0.4938 -0.5564
vn -0.9888 0.1488 0.0100
vn -0.1772 0.4206 -0.8898
vn -0.3179 0.3501 -0.8811
vn -0.6959 0.7078 0.1211
vn -0.7528 0.6564 0.0502
vn -0.5046 0.5481 -0.6670
vn -0.5519 0.6041 -0.5749
vn -0.4587 0.5223 -0.7189
vn -0.7923 0.6098 0.0181
vn -0.7683 0.6401 0.0046
vn -0.3544 0.5943 -0.7219
vn -0.3363 0.6432 -0.6879
vn -0.7466 0.6618 0.0683
vn -0.5419 0.6718 -0.5050
vn -0.7864 0.5573 0.2663
vn -0.7697 0.3508 0.5334
vn -0.7356 0.6646 -0.1314
vn -0.7760 0.5982 0.2001
vn -0.7833 0.5710 0.2458
vn -0.6793 0.2680 0.6832
vn -0.7735 0.2192 0.5947
vn -0.7750 0.5976 0.2056
vn -0.8184 0.3082 0.4851
vn -0.8381 0.4231 0.3444
vn -0.7892 0.6103 0.0691
vn -0.7918 0.4389 0.4249
vn -0.8845 0.3803 0.2702
vn -0.7266 0.1822 0.6624
vn -0.6422 0.1700 0.7474
vn -0.9350 0.3529 0.0343
vn -0.8815 0.2640 0.3915
vn -0.6519 0.5620 0.5091
vn -0.7045 0.5076 0.4960
vn -0.6319 0.2464 0.7349
vn -0.6463 0.3348 0.6857
vn -0.6959 0.5671 0.4406
vn -0.6517 0.5843 0.4836
vn -0.6821 0.3862 0.6209
vn -0.6808 0.4478 0.5796
vn -0.6896 0.5533 0.4673
vn -0.6171 0.5454 0.5672
vn -0.5589 0.5803 0.5924
vn -0.6386 0.5563 0.5318
vn -0.9036 0.3512 0.2454
vn -0.9033 0.3928 0.1727
vn -0.8698 0.4810 0.1102
vn -0.8673 0.4261 0.2574
vn -0.8914 0.4450 0.0862
vn -0.9149 0.3750 0.1493
vn -0.9246 0.2872 0.2503
vn -0.8952 0.2976 0.3317
vn -0.9470 0.2759 0.1645
vn -0.9269 0.3484 0.1392
vn -0.8983 0.3846 0.2124
vn -0.8780 0.4261 0.2179
vn -0.8382 0.5448 0.0235
vn -0.8553 0.5123 0.0773
vn -0.8895 0.4367 0.1347
vn -0.8947 0.4205 0.1504
vn -0.8869 0.4544 0.0837
vn -0.8597 0.5096 0.0356
vn -0.8639 0.4892 0.1197
vn -0.8215 0.5697 0.0255
vn -0.8925 0.4434 0.0826
vn -0.8907 0.4509 0.0575
vn -0.9237 0.3720 0.0921
vn -0.8720 0.4895 0.0036
vn -0.8332 0.5496 0.0610
vn -0.9245 0.3796 -0.0349
vn -0.9326 0.3559 0.0595
vn -0.9596 0.2646 0.0960
vn -0.9693 0.2444 0.0280
vn -0.9226 0.3795 0.0688
vn -0.8859 0.4635 0.0190
vn -0.9139 0.4057 -0.0159
vn -0.9193 0.3936 0.0014
vn -0.8763 0.4768 -0.0692
vn -0.8841 0.4672 0.0106
vn -0.6412 0.7654 0.0558
vn -0.6858 0.7198 -0.1073
vn -0.3844 0.9025 -0.1942
vn -0.3856 0.9224 0.0222
vn -0.9749 0.2146 -0.0595
vn -0.9729 0.1847 -0.1392
vn -0.8969 0.3795 -0.2271
vn -0.9148 0.3802 -0.1362
vn -0.8543 0.5098 -0.1013
vn -0.9107 0.4032 -0.0895
vn -0.8433 0.5129 -0.1605
vn -0.7039 0.6872 -0.1794
vn -0.7954 0.5459 -0.2634
vn -0.8600 0.4813 -0.1693
vn -0.9710 0.2376 0.0264
vn -0.9712 0.2071 -0.1179
vn -0.8552 0.4588 -0.2413
vn -0.8259 0.5438 -0.1485
vn -0.1625 0.9862 -0.0315
vn -0.1485 0.9564 -0.2516
vn -0.0446 0.9830 -0.1783
vn -0.0130 0.9948 -0.1008
vn -0.5562 0.8061 -0.2021
vn -0.7429 0.6437 -0.1836
vn -0.6329 0.7692 -0.0878
vn -0.4807 0.8749 -0.0599
vn -0.5840 0.7792 -0.2278
vn -0.6889 0.6622 -0.2947
vn -0.9230 0.2719 -0.2724
vn -0.9617 0.2530 0.1058
vn -0.7493 0.6614 -0.0341
vn -0.6460 0.7285 -0.2280
vn 0.0944 0.9535 -0.2861
vn -0.1010 0.9831 -0.1524
vn -0.2154 0.9334 -0.2869
vn 0.1077 0.8655 -0.4893
vn -0.2208 0.9253 -0.3085
vn -0.3929 0.9133 -0.1073
vn -0.4550 0.8901 0.0274
vn -0.3666 0.9028 -0.2247
vn -0.5190 0.8406 -0.1548
vn -0.4840 0.8730 0.0596
vn -0.1204 0.9299 -0.3474
vn -0.5293 0.8423 -0.1022
vn -0.7201 0.6527 -0.2354
vn -0.3006 0.8508 -0.4309
vn -0.1530 0.9349 -0.3202
vn -0.0734 0.8253 -0.5599
vn 0.1620 0.8353 -0.5253
vn -0.0520 0.9574 -0.2840
vn 0.1298 0.8643 -0.4860
vn 0.1827 0.8431 -0.5057
vn 0.2098 0.7796 -0.5901
vn 0.3344 0.7421 -0.5809
vn 0.0841 0.8454 -0.5275
vn 0.3219 0.7598 -0.5649
vn 0.1446 0.7571 -0.6371
vn 0.0815 0.8091 -0.5819
vn 0.1091 0.8231 -0.5573
vn 0.1649 0.8037 -0.5717
vn 0.2680 0.7645 -0.5862
vn 0.3917 0.7102 -0.5850
vn 0.4271 0.6854 -0.5898
vn 0.0526 0.8576 -0.5116
vn -0.4216 0.7170 -0.5552
vn -0.1004 0.6849 -0.7217
vn 0.2938 0.9474 -0.1272
vn -0.3277 0.9312 0.1596
vn 0.4561 0.8292 0.3231
vn -0.1957 0.7730 0.6034
vn 0.4371 0.8981 0.0485
vn -0.1992 0.8728 0.4455
vn 0.3834 0.7373 -0.5563
vn -0.2034 0.9659 -0.1602
vn 0.0909 0.5775 -0.8113
vn -0.6800 0.6928 -0.2401
vn -0.6712 0.7134 -0.2011
vn -0.0607 0.6799 -0.7308
vn -0.1633 0.7201 -0.6743
vn -0.6476 0.7544 -0.1072
vn -0.2224 0.7294 -0.6469
vn -0.6155 0.7871 -0.0409
vn -0.6171 0.7863 -0.0302
vn -0.2568 0.7239 -0.6403
vn -0.2931 0.7166 -0.6330
vn -0.6598 0.7502 -0.0432
vn -0.7365 0.6723 -0.0749
vn -0.3609 0.6891 -0.6283
vn -0.4537 0.6209 -0.6393
vn -0.8203 0.5520 -0.1498
vn -0.8387 0.4412 -0.3193
vn -0.3778 0.5062 -0.7752
vn 0.1243 0.4611 -0.8786
vn 0.0464 0.5116 -0.8580
vn 0.1547 0.4749 -0.8663
vn 0.2782 0.4595 -0.8435
vn 0.3297 0.3028 -0.8942
vn 0.3165 0.3830 -0.8678
vn 0.1831 0.4264 -0.8858
vn 0.1791 0.3874 -0.9043
vn 0.4982 0.2789 -0.8210
vn 0.3829 0.2736 -0.8823
vn 0.2170 0.3796 -0.8993
vn 0.2822 0.3816 -0.8802
vn 0.5056 0.3985 -0.7652
vn 0.3909 0.3964 -0.8307
vn 0.6098 0.2695 -0.7453
vn 0.6612 0.2655 -0.7016
vn 0.7533 0.6432 -0.1374
vn 0.7172 0.4612 -0.5225
vn 0.6964 0.3175 -0.6437
vn 0.6569 0.4931 -0.5704
vn 0.4632 0.7768 -0.4267
vn 0.6595 0.7515 -0.0203
vn 0.6434 0.4769 -0.5988
vn 0.6850 0.5361 -0.4932
vn 0.2542 0.5534 -0.7931
vn 0.1981 0.2887 -0.9367
vn 0.6301 0.2998 -0.7163
vn 0.6331 0.4168 -0.6522
vn 0.3212 0.1537 -0.9345
vn 0.5621 0.1895 -0.8050
vn 0.6620 0.1471 -0.7350
vn 0.6411 0.1548 -0.7517
vn 0.6795 0.2924 -0.6729
vn 0.6459 0.4003 -0.6500
vn 0.5954 0.2908 -0.7490
vn 0.6636 0.2114 -0.7176
vn 0.4680 0.4403 -0.7662
vn 0.3257 0.5664 -0.7570
vn -0.1089 0.5603 -0.8211
vn 0.3343 0.3485 -0.8757
vn -0.0748 0.8606 -0.5037
vn 0.3531 0.6377 -0.6846
vn -0.9716 0.2366 0.0088
vn -0.8061 0.5435 -0.2341
vn -0.5922 0.8058 -0.0004
vn -0.7617 0.6442 -0.0689
vn -0.6982 0.6631 -0.2699
vn -0.8060 0.5903 -0.0444
vn -0.9638 0.2536 -0.0823
vn -0.3332 0.8651 -0.3748
vn -0.6660 0.4615 -0.5861
vn -0.2037 0.9234 -0.3254
vn -0.0130 0.9245 -0.3810
vn -0.2518 0.9108 -0.3273
vn -0.2355 0.9068 -0.3497
vn -0.2847 0.9219 -0.2628
vn -0.1858 0.8740 -0.4490
vn -0.0476 0.8442 -0.5340
vn -0.2643 0.9575 -0.1157
vn -0.3230 0.9328 -0.1598
vn -0.3581 0.9337 0.0059
vn -0.3414 0.9310 0.1290
vn -0.3934 0.9132 -0.1063
vn -0.2801 0.9208 -0.2714
vn -0.4017 0.8595 0.3162
vn -0.2399 0.8739 0.4228
vn -0.3066 0.7847 0.5387
vn -0.3184 0.8638 0.3905
vn -0.4908 0.8418 0.2246
vn -0.3263 0.6932 0.6426
vn 0.5609 0.6426 -0.5219
vn 0.5216 0.6145 -0.5919
vn 0.4396 0.7093 -0.5510
vn 0.5086 0.7099 -0.4872
vn 0.1815 0.9022 -0.3913
vn 0.1446 0.9714 -0.1882
vn 0.6205 0.6306 -0.4661
vn 0.2207 0.9735 -0.0602
vn 0.3070 0.9505 -0.0488
vn 0.6838 0.5821 -0.4400
vn -0.4124 0.8342 0.3661
vn -0.4186 0.8661 0.2732
vn 0.2963 0.9237 -0.2430
vn 0.2197 0.9656 -0.1393
vn 0.5599 0.7116 -0.4244
vn 0.6220 0.6499 -0.4367
vn 0.7059 0.5401 -0.4582
vn 0.6968 0.5838 -0.4166
vn 0.6551 0.5666 -0.4998
vn 0.6536 0.5906 -0.4733
vn 0.2844 0.9575 -0.0482
vn -0.1548 0.9278 0.3394
vn 0.1848 0.9706 -0.1543
vn -0.2176 0.9662 0.1385
vn -0.2325 0.9624 -0.1403
vn -0.0386 0.9715 -0.2339
vn -0.5106 0.8181 0.2646
vn -0.5954 0.7489 0.2909
vn -0.7850 0.5711 -0.2401
vn -0.8803 0.4454 -0.1632
vn -0.8619 0.3628 0.3543
vn -0.7581 0.6493 0.0604
vn -0.8356 0.2999 0.4603
vn -0.8013 0.2094 0.5604
vn -0.8395 0.3096 0.4466
vn -0.7356 0.6666 0.1204
vn -0.7672 0.2809 0.5766
vn -0.7333 0.3242 0.5977
vn -0.1356 0.8777 -0.4597
vn -0.2983 0.8299 -0.4715
vn -0.8424 0.5371 0.0429
vn -0.7176 0.6866 0.1166
vn -0.8883 0.0434 0.4572
vn -0.8588 0.0927 0.5038
vn -0.8871 0.1064 0.4492
vn -0.9004 0.0582 0.4312
vn -0.9205 0.2763 0.2763
vn -0.9077 0.2747 0.3171
vn -0.7508 0.6604 0.0109
vn -0.7542 0.6561 -0.0250
vn -0.3842 0.8788 -0.2831
vn -0.4480 0.8779 -0.1693
vn -0.8009 0.5784 0.1553
vn -0.7561 0.6327 0.1677
vn -0.8197 0.0697 0.5685
vn -0.8360 0.0277 0.5480
vn -0.8367 -0.0122 0.5476
vn -0.7759 -0.0074 0.6308
vn -0.7852 0.3711 0.4957
vn -0.8764 0.2923 0.3827
vn -0.6947 0.7146 0.0825
vn -0.5947 0.7765 0.2083
vn -0.5381 0.8029 -0.2564
vn -0.6553 0.5697 -0.4960
vn -0.4246 0.8885 -0.1742
vn -0.1984 0.9310 -0.3065
vn -0.3719 0.7882 -0.4904
vn -0.5503 0.5413 -0.6357
vn -0.4095 0.8686 -0.2790
vn -0.4371 0.8445 -0.3096
vn -0.1504 0.8621 -0.4838
vn -0.1567 0.9152 -0.3714
vn -0.4079 0.8916 -0.1968
vn -0.3853 0.9223 -0.0292
vn -0.1236 0.9554 -0.2683
vn -0.1233 0.8923 -0.4342
vn -0.6007 0.7563 0.2591
vn -0.4225 0.9053 0.0446
vn -0.4738 0.8776 0.0724
vn -0.6359 0.7240 0.2673
vn -0.2116 0.9670 -0.1417
vn -0.1680 0.9706 -0.1722
vn 0.1987 0.8945 -0.4004
vn 0.2169 0.8504 -0.4793
vn 0.1498 0.9212 -0.3590
vn 0.5328 0.7013 -0.4736
vn 0.4968 0.7192 -0.4857
vn 0.4617 0.7314 -0.5018
vn -0.9821 -0.0929 0.1637
vn -0.7061 0.6612 -0.2533
vn -0.7453 0.6662 0.0285
vn -0.8881 0.4219 0.1826
vn -0.9066 0.4217 -0.0185
vn -0.8684 -0.1257 0.4796
vn -0.5781 0.7410 -0.3416
vn -0.6373 0.6374 -0.4330
vn -0.7015 0.6862 -0.1923
vn -0.6522 0.7573 -0.0338
vn -0.6250 0.5077 -0.5930
vn -0.7083 0.4576 -0.5375
vn -0.4784 0.5551 -0.6805
vn -0.5966 0.5490 -0.5853
vn -0.8125 0.5736 -0.1039
vn -0.7874 0.6125 -0.0694
vn -0.2415 0.7207 -0.6498
vn -0.0391 0.8948 -0.4448
vn -0.2901 0.9499 -0.1164
vn -0.6105 0.7647 -0.2062
vn 0.0426 0.9107 -0.4109
vn 0.0761 0.8522 -0.5177
vn -0.0091 0.9739 -0.2266
vn -0.1239 0.9822 -0.1411
vn 0.2889 0.8254 -0.4851
vn 0.1497 0.8221 -0.5493
vn -0.8118 0.3463 0.4702
vn -0.8140 0.1589 0.5587
vn -0.7673 0.5108 0.3878
vn -0.7340 0.5883 0.3393
vn -0.7547 0.4848 0.4421
vn -0.8186 0.4196 0.3922
vn -0.6994 0.6173 0.3602
vn -0.7380 0.5773 0.3494
vn -0.7440 0.4409 0.5021
vn -0.7211 0.6023 0.3424
vn -0.6080 0.7938 0.0145
vn -0.6717 0.7168 0.1871
vn -0.7320 0.6579 0.1773
vn -0.7391 0.6698 0.0716
vn -0.8186 0.4902 0.2993
vn -0.8300 0.5497 0.0947
vn -0.7731 0.4070 0.4865
vn -0.7609 0.2825 0.5841
vn -0.7479 0.2317 0.6221
vn -0.7648 0.2510 0.5933
vn -0.8283 0.4861 0.2786
vn -0.8573 0.3941 0.3312
vn -0.8404 0.5408 0.0358
vn -0.7648 0.6436 -0.0277
vn -0.7180 0.4128 0.5605
vn -0.5316 0.6535 0.5388
vn -0.5246 0.5445 0.6545
vn -0.6726 0.3596 0.6468
vn -0.5439 0.8334 0.0985
vn -0.6631 0.7477 -0.0358
vn -0.7202 0.6391 0.2699
vn -0.5465 0.7597 0.3524
vn -0.3963 0.8036 0.4440
vn -0.4102 0.8256 0.3875
vn -0.5025 0.6137 0.6090
vn -0.4089 0.6059 0.6824
vn -0.5205 0.6830 0.5124
vn -0.4591 0.8113 0.3619
vn -0.4278 0.7143 0.5539
vn -0.5048 0.6013 0.6194
vn -0.9620 -0.1629 -0.2191
vn -0.9121 0.0484 -0.4071
vn -0.9014 0.1467 -0.4073
vn -0.9871 -0.0061 -0.1598
vn -0.8941 0.1671 -0.4156
vn -0.9071 0.0949 -0.4102
vn -0.8546 0.2926 -0.4290
vn -0.9169 0.0051 -0.3990
vn -0.9441 -0.0777 -0.3204
vn -0.9287 0.2083 -0.3067
vn -0.9520 -0.2569 0.1666
vn -0.9652 -0.0847 0.2473
vn -0.9151 -0.1377 0.3791
vn -0.9105 -0.2846 0.3000
vn -0.9884 -0.1503 -0.0212
vn -0.9945 0.0996 -0.0335
vn -0.9456 -0.2882 0.1508
vn -0.9461 -0.1561 0.2838
vn -0.9509 -0.0896 0.2963
vn -0.9352 0.2821 -0.2139
vn -0.9573 0.2627 -0.1206
vn -0.9576 -0.0912 0.2733
vn -0.9030 0.3510 -0.2477
vn -0.8468 0.3612 -0.3904
vn -0.9315 -0.1583 0.3275
vn -0.9087 -0.1534 0.3882
vn -0.9866 0.1452 -0.0742
vn -0.9901 0.1397 -0.0126
vn -0.8744 -0.1923 0.4455
vn -0.8826 -0.2109 0.4201
vn -0.9887 0.1071 0.1052
vn -0.9987 0.0487 0.0171
vn -0.9431 -0.0785 0.3231
vn -0.9521 0.2879 -0.1035
vn -0.9701 0.2414 0.0251
vn -0.8977 -0.1062 0.4276
vn -0.9087 0.3748 -0.1841
vn -0.8861 0.3938 -0.2443
vn -0.8653 0.4712 0.1710
vn -0.8516 0.0242 0.5237
vn -0.8923 -0.0157 0.4511
vn -0.8464 0.5320 0.0224
vn -0.7609 -0.3270 0.5605
vn -0.7565 -0.2886 0.5869
vn -0.8326 -0.1504 0.5331
vn -0.9605 0.1659 0.2233
vn -0.9318 0.0649 0.3571
vn -0.7792 -0.2007 0.5938
vn -0.8934 0.4483 -0.0297
vn -0.9107 0.4042 -0.0853
vn -0.9765 -0.0149 0.2150
vn -0.9245 -0.1600 0.3459
vn -0.9896 0.1377 0.0413
vn -0.9870 0.1607 0.0006
vn -0.9249 0.3781 -0.0409
vn -0.9349 0.3442 -0.0866
vn -0.9205 -0.1328 0.3676
vn -0.9719 0.1248 0.1994
vn -0.8664 0.4978 -0.0395
vn -0.9627 0.2456 0.1137
vn -0.8774 0.4772 -0.0495
vn -0.7157 0.6633 -0.2187
vn -0.6207 0.7440 -0.2474
vn -0.7125 0.6863 -0.1457
vn -0.8754 0.4818 0.0402
vn -0.8850 -0.0407 0.4638
vn -0.7655 -0.2811 0.5787
vn -0.8969 0.2610 -0.3570
vn -0.8598 0.4368 -0.2644
vn -0.7887 0.5422 -0.2898
vn -0.8814 0.2724 -0.3858
vn -0.7298 0.6422 -0.2346
vn -0.5568 0.7882 -0.2622
vn -0.2135 0.9045 -0.3691
vn -0.4197 0.8540 -0.3074
vn -0.1436 0.8957 -0.4209
vn -0.1248 0.9618 -0.2436
vn -0.2848 0.9394 -0.1911
vn -0.4338 0.8099 -0.3948
vn -0.2909 0.9565 -0.0209
vn -0.5130 0.8447 -0.1526
vn -0.5097 0.7661 -0.3915
vn -0.4726 0.7966 -0.3770
vn -0.5683 0.7527 -0.3323
vn -0.5697 0.7520 -0.3316
vn -0.4281 0.8524 -0.3001
vn -0.2938 0.8647 -0.4074
vn -0.5929 0.8049 -0.0254
vn -0.7004 0.6833 0.2062
vn -0.7662 0.6404 0.0532
vn -0.7221 0.6742 -0.1551
vn -0.7146 0.6096 -0.3432
vn -0.6276 0.6917 -0.3574
vn -0.4365 0.7984 -0.4148
vn -0.6077 0.7014 -0.3725
vn -0.6890 0.6584 -0.3030
vn -0.7221 0.6677 -0.1811
vn -0.7434 0.5932 -0.3091
vn -0.6862 0.6364 -0.3523
vn -0.1049 -0.6148 0.7817
vn -0.0459 -0.6671 0.7436
vn -0.3370 -0.5563 0.7596
vn -0.4030 -0.5344 0.7429
vn -0.3114 -0.6022 0.7351
vn -0.0383 -0.7307 0.6816
vn -0.0788 -0.7920 0.6054
vn -0.3328 -0.6548 0.6785
vn -0.3761 -0.6809 0.6285
vn -0.1027 -0.8069 0.5816
vn -0.0964 -0.7973 0.5958
vn -0.0905 -0.7882 0.6088
vn -0.3720 -0.6749 0.6372
vn -0.3817 -0.6834 0.6223
vn -0.1025 -0.7851 0.6109
vn -0.3543 -0.6770 0.6451
vn -0.3360 -0.6645 0.6675
vn -0.1112 -0.7871 0.6067
vn -0.1152 -0.7858 0.6076
vn -0.3408 -0.6580 0.6714
vn -0.3518 -0.6811 0.6422
vn -0.1156 -0.7973 0.5925
vn -0.1023 -0.8126 0.5738
vn -0.3461 -0.6934 0.6320
vn -0.3536 -0.7105 0.6084
vn -0.1118 -0.8503 0.5142
vn -0.1178 -0.8913 0.4379
vn -0.3822 -0.7606 0.5248
vn -0.3588 -0.8079 0.4675
vn -0.0896 -0.9199 0.3818
vn -0.1168 -0.9396 0.3217
vn -0.3131 -0.8514 0.4209
vn -0.3105 -0.8726 0.3771
vn -0.2395 -0.9242 0.2976
vn -0.3035 -0.9188 0.2523
vn -0.4038 -0.8734 0.2723
vn -0.3489 -0.8738 0.3388
vn -0.2829 -0.9111 0.2998
vn -0.0611 -0.9526 0.2979
vn -0.3437 -0.8911 0.2965
vn -0.3026 -0.9246 0.2314
vn -0.0606 -0.9832 0.1723
vn -0.0282 -0.9592 0.2814
vn -0.3368 -0.9052 0.2593
vn -0.3262 -0.6416 0.6942
vn -0.1127 -0.7053 0.6999
vn 0.0037 -0.6687 0.7435
vn -0.1613 -0.6525 0.7404
vn 0.0378 -0.6360 0.7708
vn -0.0922 -0.6158 0.7825
vn -0.4680 -0.6395 0.6099
vn -0.1813 -0.7857 0.5915
vn -0.1700 -0.7628 0.6239
vn -0.4342 -0.6380 0.6360
vn -0.4748 -0.6177 0.6269
vn -0.2143 -0.7582 0.6158
vn -0.1899 -0.7725 0.6059
vn -0.4729 -0.6396 0.6061
vn -0.3994 -0.5995 0.6936
vn -0.2338 -0.7351 0.6364
vn -0.2380 -0.7472 0.6205
vn -0.4505 -0.6087 0.6530
vn -0.3281 -0.6289 0.7048
vn -0.1844 -0.7486 0.6368
vn -0.2071 -0.7377 0.6426
vn -0.3533 -0.6053 0.7133
vn -0.3934 -0.6567 0.6434
vn -0.1896 -0.7885 0.5851
vn -0.1696 -0.7609 0.6263
vn -0.3412 -0.6525 0.6767
vn -0.4523 -0.6415 0.6196
vn -0.2075 -0.8120 0.5455
vn -0.2419 -0.8097 0.5346
vn -0.4611 -0.6097 0.6447
vn -0.3685 -0.6265 0.6868
vn -0.2162 -0.7132 0.6667
vn -0.2908 -0.8649 0.4092
vn -0.2896 -0.8335 0.4705
vn -0.0606 -0.7779 0.6254
vn -0.1932 -0.9278 0.3192
vn 0.0267 -0.9666 0.2550
vn 0.0891 -0.7658 0.6369
vn -0.3680 -0.4865 0.7924
vn -0.3951 -0.5647 0.7246
vn -0.5523 -0.4334 0.7121
vn -0.5061 -0.3723 0.7780
vn -0.6064 -0.4766 0.6365
vn -0.4649 -0.5951 0.6556
vn -0.5337 -0.5895 0.6063
vn -0.6752 -0.4677 0.5705
vn -0.7171 -0.4238 0.5534
vn -0.5809 -0.5581 0.5926
vn -0.5848 -0.5418 0.6038
vn -0.7094 -0.3916 0.5860
vn -0.6882 -0.3851 0.6148
vn -0.5626 -0.5282 0.6359
vn -0.5248 -0.5034 0.6864
vn -0.6642 -0.3652 0.6523
vn -0.6028 -0.3316 0.7257
vn -0.4741 -0.4840 0.7355
vn -0.8327 0.2714 0.4826
vn -0.7721 -0.2045 0.6017
vn -0.7123 -0.1325 0.6892
vn -0.7802 0.2728 0.5628
vn -0.6488 -0.1413 0.7477
vn -0.7552 0.1718 0.6326
vn -0.8554 -0.1832 0.4845
vn -0.8310 -0.2179 0.5119
vn -0.8855 0.2705 0.3779
vn -0.8925 0.2767 0.3561
vn -0.7727 -0.1594 0.6145
vn -0.8283 -0.1448 0.5413
vn -0.8518 0.2529 0.4589
vn -0.7880 0.2318 0.5704
vn -0.7785 -0.1791 0.6015
vn -0.8307 -0.1185 0.5440
vn -0.7649 -0.3097 0.5648
vn -0.8425 0.0165 0.5385
vn -0.8580 -0.0677 0.5092
vn -0.8548 0.1087 0.5075
vn -0.8064 -0.3429 0.4818
vn -0.8722 -0.3026 0.3842
vn -0.9349 0.0821 0.3454
vn -0.8894 -0.0177 0.4568
vn -0.9023 -0.2551 0.3474
vn -0.9183 -0.0697 0.3896
vn -0.9023 0.2544 0.3482
vn -0.9382 0.1393 0.3169
vn -0.8315 0.0987 0.5467
vn -0.7005 0.2008 0.6848
vn -0.6966 0.4452 0.5626
vn -0.8055 0.3660 0.4661
vn -0.5837 0.2231 0.7807
vn -0.4957 0.2098 0.8428
vn -0.5866 0.4246 0.6897
vn -0.6315 0.4593 0.6248
vn -0.4527 0.1572 0.8777
vn -0.4766 0.0933 0.8742
vn -0.5589 0.3242 0.7633
vn -0.5535 0.3561 0.7529
vn -0.5612 0.1032 0.8212
vn -0.5177 0.0828 0.8515
vn -0.6091 0.3359 0.7184
vn -0.5806 0.3375 0.7409
vn -0.6414 0.2791 0.7146
vn -0.6440 0.3002 0.7037
vn -0.6034 0.1011 0.7910
vn -0.5860 0.0998 0.8041
vn -0.3977 0.2074 0.8938
vn -0.5086 0.1381 0.8498
vn -0.4527 0.4014 0.7962
vn -0.5636 0.3142 0.7639
vn -0.2977 0.2473 0.9221
vn -0.2866 0.2278 0.9306
vn -0.3833 0.5588 0.7354
vn -0.3831 0.5002 0.7766
vn -0.8465 0.2499 0.4701
vn -0.8751 0.1599 0.4568
vn -0.8695 0.2718 0.4124
vn -0.8360 0.3440 0.4276
vn -0.8836 0.3659 0.2923
vn -0.8365 0.4441 0.3211
vn -0.8295 0.5081 0.2317
vn -0.8032 0.5456 0.2392
vn -0.7890 0.5053 0.3495
vn -0.7895 0.5590 0.2534
vn -0.7972 0.5465 0.2565
vn -0.8760 0.4107 0.2528
vn -0.8480 0.4365 0.3008
vn -0.7267 0.6026 0.3298
vn -0.7431 0.5758 0.3409
vn -0.7159 0.5644 0.4109
vn -0.6739 0.6003 0.4307
vn -0.7730 0.4793 0.4157
vn -0.6817 0.5137 0.5210
vn -0.6466 0.5182 0.5598
vn -0.6355 0.4943 0.5931
vn -0.6535 0.5342 0.5363
vn -0.6632 0.5568 0.5001
vn -0.5864 0.4908 0.6444
vn -0.6133 0.4756 0.6306
vn -0.5909 0.5646 0.5762
vn -0.6295 0.5453 0.5534
vn -0.5827 0.5805 0.5688
vn -0.5678 0.5755 0.5886
vn -0.5869 0.5176 0.6226
vn -0.6227 0.5199 0.5848
vn -0.6462 0.6074 0.4621
vn -0.6191 0.5927 0.5151
vn -0.6610 0.4990 0.5604
vn -0.6726 0.4870 0.5571
vn -0.5290 0.6556 0.5388
vn -0.6352 0.6261 0.4523
vn -0.6118 0.5123 0.6027
vn -0.4667 0.5748 0.6721
vn -0.7975 0.1181 0.5916
vn -0.6679 -0.0317 0.7435
vn -0.4337 -0.4591 0.7753
vn -0.8552 0.1732 0.4885
vn -0.8214 -0.0511 0.5681
vn -0.8536 0.1393 0.5020
vn -0.8073 0.2817 0.5185
vn -0.8644 0.1354 0.4842
vn -0.8534 0.1608 0.4959
vn -0.7978 0.4085 0.4434
vn 0.3199 0.5922 -0.7395
vn 0.1044 0.5825 -0.8061
vn 0.0691 0.5262 -0.8475
vn 0.3346 0.4938 -0.8026
vn 0.1342 0.6129 -0.7787
vn 0.0881 0.5863 -0.8053
vn -0.2268 0.7671 -0.6001
vn 0.0427 0.5015 -0.8641
vn 0.1822 0.6660 -0.7234
vn 0.0461 0.7911 -0.6100
vn 0.4511 0.5934 -0.6666
vn 0.5469 0.5846 -0.5993
vn 0.4099 0.6429 -0.6470
vn 0.1369 0.6873 -0.7133
vn 0.4859 0.4328 -0.7593
vn 0.5640 0.4224 -0.7096
vn 0.4950 0.5156 -0.6993
vn 0.3962 0.3761 -0.8376
vn 0.4683 0.5498 -0.6916
vn 0.5712 0.5070 -0.6455
vn -0.2959 0.7234 -0.6237
vn -0.0952 0.7299 -0.6769
vn 0.1751 0.3771 -0.9095
vn 0.1061 0.4273 -0.8979
vn 0.3460 0.6762 -0.6505
vn 0.4538 0.6631 -0.5953
vn 0.2363 0.7689 -0.5941
vn 0.0875 0.7260 -0.6822
vn 0.0070 0.4566 -0.8897
vn 0.2373 0.4449 -0.8636
vn 0.2738 0.2847 -0.9187
vn 0.1515 0.2899 -0.9450
vn 0.2189 0.6139 -0.7585
vn -0.0134 0.6334 -0.7737
vn -0.0908 0.8271 -0.5547
vn -0.2481 0.7151 -0.6535
vn -0.5106 0.7378 -0.4416
vn -0.5945 0.6120 -0.5216
vn -0.2905 0.3535 -0.8892
vn 0.0533 0.3860 -0.9210
vn -0.0104 0.6979 -0.7162
vn -0.3884 0.5343 -0.7508
vn -0.5453 0.4277 -0.7209
vn -0.2526 0.4668 -0.8475
vn -0.0891 0.3306 -0.9396
vn -0.4149 0.3345 -0.8461
vn -0.3012 0.6112 -0.7319
vn -0.5967 0.5296 -0.6028
vn -0.7249 -0.2642 -0.6362
vn -0.6392 0.1032 -0.7621
vn -0.7016 0.0686 -0.7092
vn -0.8356 -0.3501 -0.4234
vn -0.6420 -0.4935 -0.5867
vn -0.6004 -0.6342 -0.4871
vn -0.8442 0.4341 -0.3144
vn -0.8300 0.4904 -0.2657
vn -0.9816 0.1911 0.0057
vn -0.9945 0.0834 -0.0632
vn -0.9826 -0.1650 -0.0854
vn -0.8767 0.2015 -0.4367
vn -0.8266 0.1539 -0.5413
vn -0.9841 -0.1248 -0.1261
vn -0.8652 0.3086 -0.3952
vn -0.9700 -0.1658 -0.1778
vn -0.4344 -0.8220 -0.3683
vn -0.2739 -0.9314 -0.2396
vn -0.5562 -0.8310 0.0062
vn -0.7470 -0.6453 -0.1600
vn -0.7878 -0.4947 0.3670
vn -0.7835 -0.3668 0.5015
vn -0.9507 -0.1168 0.2873
vn -0.9524 -0.2586 0.1616
vn -0.7771 -0.5368 0.3286
vn -0.9321 -0.3174 0.1746
vn -0.9186 -0.3685 0.1425
vn -0.8187 -0.4905 0.2985
vn -0.8687 -0.4945 -0.0283
vn -0.7590 -0.6270 0.1752
vn -0.4810 -0.8394 0.2533
vn -0.5784 -0.8059 0.1262
vn -0.7855 -0.5144 0.3440
vn -0.8006 -0.4084 0.4385
vn -0.2516 -0.9632 0.0946
vn -0.3019 -0.9489 -0.0922
vn -0.2362 -0.6746 0.6993
vn -0.1612 -0.6156 0.7714
vn -0.4929 -0.5388 0.6832
vn -0.5400 -0.6235 0.5653
vn -0.2085 -0.9645 -0.1620
vn -0.3477 -0.9359 0.0566
vn -0.2130 -0.8388 0.5011
vn -0.1179 -0.7780 0.6171
vn -0.5028 -0.5366 0.6777
vn -0.3027 -0.7654 0.5679
vn -0.2753 -0.8816 0.3833
vn -0.7721 -0.0856 0.6297
vn -0.8318 0.0283 0.5544
vn -0.0341 -0.6723 0.7395
vn 0.0408 -0.6478 0.7607
vn -0.1711 -0.5326 0.8289
vn -0.0853 -0.7310 0.6771
vn -0.2976 -0.7115 0.6366
vn -0.4920 -0.2861 0.8223
vn -0.5688 -0.6869 0.4523
vn -0.6031 -0.6602 0.4476
vn -0.5380 -0.7643 0.3555
vn -0.8820 0.0687 0.4662
vn -0.9210 0.0312 0.3883
vn -0.9111 -0.1853 0.3683
vn -0.9257 -0.0121 0.3781
vn -0.9094 -0.1606 0.3837
vn -0.8922 -0.0923 0.4420
vn -0.8941 0.2327 0.3827
vn -0.8191 -0.1017 0.5646
vn -0.7306 -0.1076 0.6742
vn -0.8184 0.1037 0.5652
vn -0.8824 -0.1378 0.4498
vn -0.8856 0.3374 0.3193
vn -0.8768 0.3745 0.3015
vn -0.9136 -0.1643 0.3720
vn -0.9414 -0.2246 0.2518
vn -0.9115 0.2537 0.3238
vn -0.9646 -0.1779 0.1948
vn -0.9365 -0.3174 0.1490
vn -0.9079 -0.3994 0.1275
vn -0.8856 -0.3039 0.3511
vn -0.8486 -0.3473 0.3990
vn -0.8942 -0.3995 0.2021
vn -0.8390 -0.3538 0.4133
vn -0.8755 -0.2313 0.4243
vn -0.9282 0.1550 0.3382
vn -0.9351 0.2127 0.2834
vn -0.9524 -0.0097 0.3047
vn -0.8760 0.2030 0.4376
vn -0.8694 0.0013 0.4941
vn -0.8192 0.4269 0.3829
vn -0.8989 0.0591 0.4341
vn -0.8662 0.3049 0.3958
vn -0.8210 0.3067 0.4815
vn -0.8422 0.3911 0.3710
vn -0.9576 0.0881 0.2742
vn -0.9305 -0.0383 0.3643
vn -0.7872 0.4375 -0.4346
vn -0.7955 0.2386 -0.5570
vn -0.9586 0.0936 -0.2691
vn -0.9291 0.1761 -0.3252
vn -0.3160 0.7966 -0.5154
vn -0.6154 0.5999 -0.5112
vn -0.8689 0.3089 -0.3867
vn -0.7337 0.5629 -0.3806
vn -0.4376 0.8577 -0.2699
vn -0.1924 0.9728 -0.1290
vn 0.1741 0.9309 -0.3210
vn 0.0209 0.9073 -0.4200
vn -0.3789 0.9073 -0.1824
vn -0.6126 0.7119 -0.3433
vn -0.3982 0.7477 -0.5314
vn -0.0986 0.8942 -0.4366
vn -0.7331 0.5872 -0.3432
vn -0.7745 0.5571 -0.2998
vn -0.5008 0.7399 -0.4492
vn -0.5172 0.6780 -0.5223
vn -0.7030 0.6448 -0.3001
vn -0.5413 0.8013 -0.2546
vn -0.2017 0.9128 -0.3550
vn -0.3588 0.8472 -0.3918
vn -0.4315 0.8830 -0.1850
vn -0.5558 0.8130 -0.1736
vn -0.3537 0.8166 -0.4561
vn -0.2160 0.9029 -0.3716
vn -0.7904 0.6064 -0.0873
vn -0.7221 0.6800 -0.1269
vn -0.4881 0.7010 -0.5200
vn -0.5277 0.6571 -0.5383
vn -0.7079 0.6907 -0.1477
vn -0.7775 0.6178 -0.1178
vn -0.5162 0.6528 -0.5544
vn -0.4624 0.6864 -0.5612
vn -0.6308 0.7651 -0.1292
vn -0.5560 0.8312 -0.0033
vn -0.4267 0.7342 -0.5282
vn -0.3906 0.8028 -0.4506
vn -0.5321 0.7566 0.3802
vn -0.5006 0.8360 0.2247
vn -0.3297 0.8826 -0.3352
vn -0.3502 0.9232 -0.1585
vn 0.0843 0.7238 -0.6848
vn 0.1395 0.6738 -0.7256
vn 0.1212 0.8021 -0.5848
vn 0.5145 0.6348 -0.5765
vn 0.5986 0.5108 -0.6171
vn 0.5958 0.4587 -0.6593
vn 0.1801 0.8594 -0.4786
vn 0.1514 0.8841 -0.4421
vn 0.2716 0.8172 -0.5084
vn 0.3919 0.7537 -0.5276
vn 0.0418 0.8641 -0.5016
vn -0.0627 0.7706 -0.6342
vn 0.1019 0.7290 -0.6769
vn 0.1745 0.8056 -0.5662
vn -0.1175 0.6405 -0.7590
vn 0.0489 0.6088 -0.7918
vn -0.1348 0.5518 -0.8230
vn 0.0352 0.4966 -0.8673
vn -0.0907 0.5071 -0.8571
vn -0.1412 0.5112 -0.8478
vn 0.0865 0.4184 -0.9041
vn 0.2073 0.3704 -0.9054
vn 0.0907 0.4453 -0.8908
vn -0.0193 0.4879 -0.8727
vn 0.4086 0.1824 -0.8943
vn 0.3351 0.2912 -0.8961
vn 0.1678 0.5345 -0.8284
vn 0.1979 0.4309 -0.8804
vn 0.4272 0.1077 -0.8977
vn 0.3891 0.1186 -0.9135
vn -0.7597 0.4058 0.5081
vn -0.7875 0.0857 0.6103
vn -0.7863 0.2095 0.5812
vn -0.7651 0.4432 0.4672
vn -0.1720 0.9794 -0.1061
vn 0.1467 0.9361 -0.3198
vn 0.3092 0.9362 -0.1673
vn -0.0342 0.9942 0.1019
vn 0.5846 0.7423 -0.3275
vn 0.5495 0.7029 -0.4516
vn -0.5271 0.7222 0.4479
vn -0.3087 0.8891 0.3378
vn -0.4563 0.8839 0.1029
vn -0.6407 0.7096 0.2933
vn -0.6154 0.7466 0.2526
vn -0.3982 0.2422 0.8847
vn -0.7191 0.1767 0.6721
vn -0.8056 0.2892 0.5171
vn -0.2783 -0.0143 0.9604
vn -0.4724 0.4585 0.7527
vn -0.6943 0.4804 0.5360
vn -0.6355 0.1340 0.7604
vn 0.6602 -0.0401 0.7500
vn 0.3474 0.7210 0.5995
vn -0.1103 0.5894 0.8003
vn 0.1969 -0.0392 0.9796
vn 0.8965 0.3766 -0.2335
vn 0.7830 0.6090 0.1267
vn 0.9622 -0.1076 0.2501
vn 0.9932 -0.0806 -0.0839
vn 0.6951 0.5767 -0.4293
vn 0.5100 0.8194 -0.2616
vn 0.7167 0.6973 -0.0099
vn 0.9002 0.3706 -0.2288
vn 0.2060 0.8456 0.4924
vn -0.0150 0.9972 0.0738
vn -0.4472 0.6833 0.5772
vn -0.3036 0.4666 0.8307
vn -0.5893 0.2849 0.7561
vn -0.5600 0.5424 0.6263
vn -0.6138 0.5699 0.5464
vn -0.6221 0.6643 0.4144
vn -0.6855 0.3822 0.6197
vn -0.6902 0.5865 0.4239
vn -0.6422 0.7343 0.2201
vn -0.6076 0.7316 0.3090
vn -0.5107 0.8591 -0.0342
vn -0.4816 0.8681 -0.1204
vn -0.0468 0.7435 -0.6671
vn -0.0488 0.6995 -0.7130
vn 0.2799 0.3383 -0.8984
vn 0.3130 0.2468 -0.9171
vn 0.8565 0.2512 -0.4509
vn 0.4924 0.3865 -0.7799
vn 0.2640 0.7437 -0.6142
vn 0.8306 0.5211 -0.1964
vn -0.2426 0.9658 -0.0913
vn 0.4062 0.8965 0.1767
vn -0.4124 0.7850 0.4623
vn 0.3903 0.6247 0.6763
vn -0.4208 0.5576 0.7155
vn 0.3267 0.3374 0.8829
vn 0.8513 0.0005 0.5247
vn 0.9268 0.2516 0.2787
vn 0.9976 0.0259 -0.0643
vn 0.9670 -0.1315 0.2181
vn 0.2050 -0.2583 0.9441
vn 0.2690 -0.0267 0.9628
vn -0.4235 0.2436 0.8725
vn -0.3565 0.0281 0.9339
vn 0.7895 0.0434 -0.6122
vn 0.5120 0.2172 -0.8311
vn 0.3688 0.2131 -0.9047
vn 0.6626 -0.0410 -0.7478
vn 0.6528 -0.4154 0.6334
vn 0.7595 -0.2749 0.5896
vn 0.9252 -0.3304 0.1865
vn 0.8729 -0.4491 0.1906
vn 0.9564 -0.1947 -0.2179
vn 0.8920 -0.3521 -0.2834
vn 0.2531 0.8932 -0.3717
vn 0.1127 0.8243 -0.5549
vn -0.2642 0.8737 -0.4085
vn -0.1305 0.9598 -0.2487
vn 0.5886 0.3939 -0.7060
vn 0.5953 0.4131 -0.6892
vn 0.4183 0.5619 -0.7136
vn 0.4158 0.5492 -0.7249
vn 0.4712 0.6012 -0.6454
vn 0.4446 0.5917 -0.6725
vn 0.6159 0.4548 -0.6433
vn 0.6054 0.4956 -0.6228
vn -0.7715 0.6134 -0.1687
vn -0.7062 0.7077 0.0221
vn -0.9558 0.0593 0.2879
vn -0.9820 0.0843 0.1693
vn 0.0267 0.7543 -0.6560
vn 0.0667 0.7665 -0.6387
vn -0.4277 0.8104 -0.4004
vn -0.3559 0.7958 -0.4900
vn 0.1073 0.7907 -0.6027
vn 0.1364 0.8312 -0.5390
vn -0.3580 0.9044 -0.2322
vn -0.4539 0.8381 -0.3026
vn -0.8359 0.5148 -0.1903
vn -0.9724 0.1645 0.1652
vn -0.8719 0.4896 -0.0097
vn -0.9269 0.2902 0.2380
vn -0.9208 0.2109 0.3281
vn -0.9279 0.0789 0.3643
vn -0.7862 0.4889 0.3780
vn -0.7406 0.5882 0.3248
vn -0.7157 0.6359 0.2887
vn -0.8442 0.5042 0.1820
vn -0.8534 0.3647 0.3724
vn -0.7419 0.4035 0.5355
vn -0.4597 0.8759 0.1467
vn -0.4457 0.8733 0.1968
vn 0.1749 0.9504 -0.2574
vn -0.0016 0.9625 -0.2714
vn -0.8252 0.4764 0.3036
vn -0.8760 0.3547 0.3268
vn -0.6930 0.6568 0.2972
vn -0.6592 0.7010 0.2723
vn -0.6818 0.5035 0.5307
vn -0.7593 0.5263 0.3827
vn -0.6078 0.7192 0.3367
vn -0.5206 0.7131 0.4695
vn 0.4452 0.6505 -0.6153
vn 0.5801 0.5914 -0.5601
vn 0.3109 0.6671 -0.6770
vn 0.5464 0.5927 -0.5917
vn -0.5016 0.8492 0.1650
vn -0.4808 0.8664 0.1348
vn -0.1250 0.9751 -0.1830
vn -0.1973 0.9766 -0.0858
vn -0.3317 0.8408 0.4278
vn -0.4507 0.8467 0.2827
vn -0.1492 0.9776 0.1484
vn -0.0450 0.9387 0.3418
vn -0.0442 0.9376 -0.3449
vn -0.3814 0.9126 -0.1475
vn -0.2672 0.8361 -0.4790
vn -0.4284 0.8251 -0.3684
vn 0.3318 0.7731 -0.5406
vn 0.2752 0.8836 -0.3789
vn 0.1340 0.8983 -0.4184
vn 0.1523 0.7707 -0.6187
vn 0.1229 0.9714 0.2034
vn 0.2578 0.9632 -0.0757
vn -0.2403 0.9520 0.1895
vn 0.0504 0.9941 -0.0959
vn -0.3249 0.9150 -0.2393
vn -0.3268 0.8434 -0.4265
vn -0.4014 0.8399 -0.3654
vn -0.3841 0.8954 -0.2254
vn -0.3564 0.9341 -0.0208
vn -0.3931 0.9158 -0.0828
vn -0.4753 0.8691 0.1371
vn -0.4363 0.8992 0.0331
vn -0.9218 0.3876 0.0087
vn -0.6193 0.7350 -0.2760
vn -0.8979 0.3777 -0.2260
vn -0.4494 0.7289 -0.5164
vn -0.6465 0.7600 -0.0668
vn -0.8728 0.3630 0.3262
vn -0.6010 0.7721 0.2067
vn -0.7729 0.3336 0.5398
vn -0.4868 0.7420 0.4610
vn -0.7505 0.3917 0.5322
vn -0.6262 0.7381 0.2513
vn -0.3740 0.8703 0.3204
vn -0.3795 0.9231 0.0622
vn -0.5955 0.8020 0.0467
vn -0.3222 0.9348 -0.1496
vn -0.5269 0.8376 -0.1442
vn -0.7865 0.4440 0.4292
vn -0.4402 0.7096 0.5501
vn -0.5447 0.6499 0.5300
vn -0.8354 0.3998 0.3771
vn -0.8259 0.5151 0.2295
vn -0.8929 0.3294 0.3071
vn -0.3136 0.8168 0.4843
vn -0.6020 0.6814 0.4163
vn -0.5829 0.6185 0.5270
vn -0.3033 0.7579 0.5776
vn -0.6769 0.6247 0.3893
vn -0.8605 0.4808 0.1685
vn -0.7782 0.6262 0.0483
vn -0.5384 0.7298 0.4214
vn -0.3683 0.6897 0.6234
vn -0.5945 0.5421 0.5939
vn -0.6756 0.4569 0.5787
vn -0.5261 0.6135 0.5890
vn -0.7380 0.4407 0.5110
vn -0.8812 0.3174 0.3504
vn -0.8599 0.2339 0.4537
vn -0.7568 0.3346 0.5616
vn -0.9465 0.3128 -0.0792
vn -0.7528 0.6471 -0.1205
vn -0.7215 0.6294 -0.2887
vn -0.9335 0.2901 -0.2106
vn -0.4747 0.8254 -0.3055
vn -0.4784 0.7826 -0.3984
vn -0.7310 0.5785 -0.3619
vn -0.9220 0.2828 -0.2646
vn -0.9362 0.3084 0.1688
vn -0.8037 0.5563 0.2110
vn -0.7889 0.6120 0.0556
vn -0.9456 0.3200 0.0584
vn -0.9357 0.2019 0.2893
vn -0.7970 0.4500 0.4028
vn -0.8019 0.5022 0.3235
vn -0.9263 0.2808 0.2514
vn -0.8342 0.2792 0.4756
vn -0.8023 0.3677 0.4703
vn -0.9527 0.1267 0.2763
vn -0.9634 0.1173 0.2412
vn -0.9900 -0.1315 -0.0510
vn -0.9854 -0.1696 -0.0136
vn -0.8591 -0.4837 0.1674
vn -0.8764 -0.4546 0.1586
vn -0.8494 -0.5057 0.1507
vn -0.9808 -0.1920 0.0347
vn -0.9806 -0.1838 0.0688
vn -0.8533 -0.5095 0.1108
vn -0.8586 -0.5115 0.0355
vn -0.9832 -0.1674 0.0731
vn -0.9824 -0.1668 0.0839
vn -0.8640 -0.5021 -0.0370
vn -0.8559 -0.5005 -0.1302
vn -0.9758 -0.2075 0.0697
vn -0.8458 -0.4579 -0.2739
vn -0.9784 -0.2036 -0.0353
vn -0.7980 -0.2958 -0.5250
vn -0.9714 -0.1051 -0.2131
vn -0.6589 -0.1383 -0.7394
vn -0.9232 0.0845 -0.3750
vn -0.3902 0.0222 -0.9205
vn -0.7733 0.2648 -0.5760
vn -0.9402 0.3334 0.0694
vn -0.9621 0.2144 0.1686
vn -0.4677 0.4488 -0.7614
vn -0.1559 0.6653 -0.7301
vn -0.0591 0.2656 -0.9623
vn 0.1872 0.5494 -0.8143
vn -0.6943 0.6239 -0.3587
vn -0.8728 0.4607 -0.1614
vn 0.2859 0.7422 -0.6062
vn -0.0019 0.8084 -0.5886
vn 0.3173 0.8308 -0.4572
vn 0.0299 0.8721 -0.4884
vn -0.5955 0.6864 -0.4174
vn -0.5924 0.7054 -0.3893
vn 0.3214 0.8829 -0.3424
vn 0.0731 0.9029 -0.4235
vn 0.0629 0.9410 -0.3326
vn 0.2516 0.9436 -0.2153
vn -0.4254 0.7809 -0.4574
vn -0.5339 0.7035 -0.4692
vn -0.1014 0.9772 -0.1863
vn 0.0123 0.9999 0.0026
vn -0.4485 0.8671 0.2169
vn -0.5425 0.8396 0.0277
vn -0.5849 0.7763 -0.2352
vn -0.3628 0.8464 -0.3899
vn -0.8567 0.4947 0.1462
vn -0.8940 0.4374 -0.0973
vn -0.7882 0.5118 0.3416
vn -0.9114 0.0979 0.3998
vn -0.9696 0.1000 0.2235
vn -0.9942 0.1024 0.0339
vn -0.9429 -0.2635 0.2036
vn -0.9829 -0.1835 0.0119
vn -0.8864 -0.2784 0.3699
vn -0.9008 -0.4127 0.1352
vn -0.8088 -0.4978 0.3130
vn -0.9629 -0.2425 -0.1185
vn -0.7936 -0.5448 0.2709
vn -0.9300 -0.3602 0.0734
vn -0.9723 -0.2336 0.0014
vn -0.8416 -0.5055 0.1903
vn -0.9664 0.1242 -0.2249
vn -0.9773 -0.0694 -0.2001
vn -0.9873 -0.1460 -0.0623
vn -0.8753 -0.4615 0.1447
vn -0.9337 0.2309 -0.2736
vn 0.0342 0.0936 -0.9950
vn -0.2725 -0.2118 -0.9386
vn -0.2793 -0.4015 -0.8722
vn 0.2673 0.4619 -0.8457
vn 0.0051 -0.0736 -0.9973
vn 0.2527 0.4080 -0.8773
vn 0.3530 0.7128 -0.6060
vn 0.3608 0.6948 -0.6221
vn 0.3778 0.8061 -0.4554
vn 0.3602 0.8127 -0.4580
vn 0.3448 0.8781 -0.3317
vn 0.3391 0.8792 -0.3347
vn 0.2740 0.9470 -0.1674
vn 0.2333 0.9633 -0.1328
vn 0.0211 0.9970 0.0742
vn -0.0522 0.9904 0.1278
vn -0.3906 0.8109 0.4357
vn -0.3814 0.8492 0.3653
vn -0.6915 0.5126 0.5090
vn -0.6394 0.4617 0.6148
vn -0.7724 0.0651 0.6317
vn -0.8355 0.1121 0.5380
vn -0.8254 -0.2852 0.4873
vn -0.7703 -0.3178 0.5529
vn -0.7048 -0.5505 0.4474
vn -0.7461 -0.5249 0.4097
vn -0.6451 -0.6855 0.3375
vn -0.7208 -0.6294 0.2903
vn -0.7262 -0.6266 0.2827
vn -0.6457 -0.6819 0.3437
vn -0.7144 -0.6366 0.2904
vn -0.6457 -0.6836 0.3402
vn -0.6567 -0.6605 0.3639
vn -0.7057 -0.6224 0.3385
vn -0.0285 0.3740 -0.9270
vn 0.2105 0.6873 -0.6952
vn -0.4237 0.2704 -0.8645
vn -0.1591 0.6486 -0.7443
vn 0.3078 0.8199 -0.4828
vn -0.0765 0.8352 -0.5446
vn -0.1049 0.9339 -0.3419
vn 0.2705 0.9031 -0.3334
vn -0.3557 0.9328 -0.0574
vn 0.0476 0.9956 -0.0811
vn -0.2397 0.9511 0.1946
vn -0.5195 0.8322 0.1939
vn -0.7174 0.5498 0.4278
vn -0.5110 0.7185 0.4719
vn -0.8025 -0.2085 0.5590
vn -0.7630 -0.0627 0.6434
vn -0.6883 0.3419 0.6398
vn -0.7989 0.1915 0.5702
vn -0.7311 -0.4024 0.5509
vn -0.7323 -0.4788 0.4843
vn -0.6733 -0.6230 0.3981
vn -0.6725 -0.5951 0.4400
vn -0.6413 -0.6787 0.3579
vn -0.6346 -0.6791 0.3688
vn -0.6247 -0.6937 0.3584
vn -0.6394 -0.6828 0.3535
vn -0.7447 -0.6518 0.1435
vn -0.7217 -0.6549 0.2240
vn -0.6766 -0.6945 0.2449
vn -0.6977 -0.7017 0.1446
vn -0.7210 -0.6902 0.0621
vn -0.7670 -0.6384 0.0645
vn -0.9914 -0.1276 0.0283
vn -0.7472 -0.6038 0.2779
vn -0.7032 -0.6333 0.3232
vn -0.7614 -0.5734 0.3024
vn -0.9385 0.2494 0.2386
vn -0.8228 0.5550 0.1222
vn -0.8203 0.5667 -0.0766
vn -0.7331 -0.6800 -0.0112
vn -0.7724 -0.6336 -0.0443
vn -0.7183 -0.6846 -0.1243
vn -0.7738 -0.6107 -0.1683
vn -0.7212 0.5488 -0.4227
vn -0.6380 0.5211 -0.5669
vn -0.8806 0.1451 -0.4511
vn -0.5898 0.7417 -0.3195
vn -0.8813 -0.2976 0.3670
vn -0.9151 0.0437 0.4009
vn -0.7850 -0.4816 0.3896
vn -0.6340 -0.6887 0.3519
vn -0.6235 -0.6951 0.3579
vn -0.6383 -0.6996 0.3211
vn -0.6259 -0.7025 0.3387
vn -0.7225 -0.6254 0.2949
vn -0.6984 -0.6434 0.3135
vn -0.8397 -0.5426 -0.0243
vn -0.9220 -0.2077 -0.3268
vn -0.6429 -0.2741 -0.7153
vn -0.6770 -0.6921 -0.2502
vn -0.7186 -0.6371 0.2789
vn -0.6598 -0.6837 0.3119
vn -0.6708 -0.7094 0.2164
vn -0.6955 -0.7150 0.0709
vn -0.6649 -0.7379 0.1158
vn -0.6886 -0.7251 -0.0078
vn -0.6436 -0.7111 0.2831
vn -0.6416 -0.7310 0.2325
vn -0.6678 -0.6737 -0.3165
vn -0.7722 -0.5530 -0.3129
vn -0.6893 -0.4641 -0.5564
vn -0.5922 -0.6535 -0.4715
vn -0.4494 -0.5758 -0.6831
vn -0.5162 -0.3667 -0.7740
vn -0.6505 -0.7591 0.0239
vn -0.6482 -0.7494 -0.1352
vn -0.5813 -0.7627 -0.2835
vn -0.4454 -0.5770 -0.6846
vn -0.4720 -0.7089 -0.5241
vn -0.2685 -0.1791 -0.9465
vn -0.6699 -0.7194 0.1832
vn -0.1506 0.8879 -0.4347
vn -0.2433 0.9167 -0.3169
vn -0.7852 0.4972 -0.3691
vn -0.5220 0.7421 -0.4205
vn -0.8590 0.3782 -0.3451
vn -0.5771 0.6555 -0.4872
vn -0.6486 0.4474 -0.6158
vn -0.9000 0.1795 -0.3973
vn -0.9311 -0.0398 -0.3626
vn -0.7560 0.1740 -0.6310
vn -0.8595 0.0273 -0.5104
vn -0.9711 -0.0701 -0.2283
vn -0.9755 0.1172 -0.1863
vn -0.8850 0.0485 -0.4630
vn -0.8131 0.2785 -0.5112
vn -0.8742 0.4026 -0.2716
vn -0.6458 0.6399 -0.4164
vn -0.7193 0.4792 -0.5029
vn -0.6209 0.2501 -0.7429
vn -0.7292 0.0892 -0.6785
vn -0.8387 -0.0552 -0.5418
vn -0.7920 0.4757 -0.3828
vn -0.6660 0.6066 -0.4342
vn -0.8126 0.4619 -0.3555
vn -0.9329 0.2772 -0.2297
vn -0.9833 0.0931 -0.1566
vn -0.8759 0.3525 -0.3295
vn -0.9090 0.3560 -0.2166
vn -0.9972 0.0739 -0.0067
vn -0.9621 0.1752 0.2091
vn -0.8968 0.4339 -0.0864
vn -0.8950 0.4394 0.0765
vn -0.8677 0.2247 0.4434
vn -0.8598 0.2708 0.4330
vn -0.8641 0.3248 0.3844
vn -0.7603 0.2680 0.5917
vn -0.7566 0.3448 0.5556
vn -0.6517 0.4328 0.6228
vn -0.7009 0.3010 0.6466
vn -0.8094 0.2270 0.5416
vn -0.8886 0.3731 0.2669
vn -0.7381 0.1436 0.6592
vn -0.7868 0.0945 0.6099
vn -0.6730 -0.0757 0.7358
vn -0.6491 -0.0305 0.7601
vn -0.6961 0.1317 0.7057
vn -0.6405 0.0095 0.7679
vn -0.6872 0.1118 0.7179
vn -0.6463 0.0179 0.7629
vn -0.5895 -0.0558 0.8058
vn -0.6346 -0.1008 0.7662
vn -0.6918 0.0314 0.7214
vn -0.6127 -0.0141 0.7902
vn -0.6484 -0.0380 0.7604
vn -0.6121 -0.0468 0.7894
vn -0.6380 -0.0641 0.7674
vn -0.6607 -0.1018 0.7437
vn -0.7296 -0.0162 0.6837
vn -0.7062 0.0529 0.7060
vn -0.8778 -0.0741 0.4732
vn -0.9799 -0.1128 0.1643
vn -0.9800 0.1567 0.1226
vn -0.8044 0.0358 0.5931
vn -0.9996 0.0082 -0.0271
vn -0.9714 0.2005 -0.1273
vn -0.9660 0.2163 -0.1416
vn -0.9672 0.2442 -0.0694
vn -0.9228 0.1517 -0.3541
vn -0.9528 0.2269 -0.2019
vn -0.9896 -0.0475 -0.1360
vn -0.7972 0.1270 -0.5902
vn -0.9774 -0.1788 -0.1131
vn -0.9891 0.0924 -0.1146
vn -0.9622 -0.2660 -0.0584
vn -0.9956 -0.0757 -0.0553
vn -0.9995 0.0320 0.0038
vn -0.9470 0.3105 -0.0828
vn -0.9105 0.4072 0.0722
vn -0.9587 0.2647 0.1044
vn -0.9667 -0.2550 0.0216
vn -0.9774 -0.1970 0.0761
vn -0.6301 0.7256 0.2764
vn -0.7361 0.5159 0.4382
vn -0.4119 0.7082 0.5734
vn -0.6526 0.2947 0.6980
vn -0.9788 -0.1815 0.0945
vn -0.9891 -0.1378 0.0517
vn -0.8813 0.3824 0.2778
vn -0.9329 0.3070 0.1883
vn -0.8395 0.3577 0.4090
vn -0.9979 -0.0645 -0.0016
vn -0.9966 -0.0820 0.0085
vn -0.9855 -0.0465 0.1631
vn -0.1722 0.7281 0.6635
vn -0.2067 0.8561 0.4736
vn 0.3661 0.7125 0.5987
vn 0.0936 0.7655 0.6366
vn -0.4234 0.8381 0.3441
vn -0.1734 0.8252 0.5376
vn 0.1983 0.5859 0.7857
vn 0.5132 0.6130 0.6007
vn 0.5654 0.5316 0.6307
vn 0.6345 0.4256 0.6452
vn -0.4684 0.2346 0.8518
vn -0.8941 -0.0124 0.4477
vn -0.8644 0.2637 0.4282
vn -0.4677 0.4377 0.7679
vn 0.0730 0.3725 0.9251
vn 0.0562 0.1868 0.9808
vn -0.4753 0.1855 0.8601
vn -0.4754 0.3415 0.8108
vn -0.8881 0.3269 0.3231
vn -0.9469 0.2797 0.1586
vn -0.8439 0.0494 0.5342
vn -0.5599 0.1269 0.8188
vn -0.9651 0.0968 0.2432
vn -0.9378 0.3126 0.1511
vn -0.1799 0.6222 0.7619
vn -0.3881 0.4096 0.8256
vn -0.8132 0.4657 0.3492
vn -0.5887 0.6987 0.4064
vn -0.4640 0.7511 0.4696
vn -0.3665 0.5399 0.7578
vn -0.9450 0.3111 0.1006
vn -0.9222 0.3615 0.1372
vn -0.9458 0.3052 0.1108
vn -0.9366 0.3328 0.1098
vn -0.7538 0.6530 0.0738
vn -0.6792 0.7074 0.1957
vn -0.5444 0.8096 0.2196
vn -0.6403 0.7632 0.0871
vn -0.9758 0.1566 0.1524
vn -0.9731 0.1324 0.1888
vn -0.9303 0.3414 0.1341
vn -0.9291 0.3512 0.1161
vn -0.9443 0.3076 0.1166
vn -0.9440 0.3068 0.1211
vn -0.9198 0.3684 0.1347
vn -0.9299 0.3499 0.1131
vn -0.9305 0.3451 0.1229
vn -0.9326 0.3423 0.1146
vn -0.9092 0.3757 0.1793
vn -0.9630 0.1469 0.2261
vn -0.9739 0.1600 0.1611
vn -0.9252 0.3582 0.1257
vn -0.8253 0.5638 0.0307
vn -0.8100 0.5865 0.0059
vn -0.7736 0.6320 0.0462
vn -0.8508 0.4600 0.2540
vn -0.9423 0.1012 0.3192
vn -0.8902 0.3641 0.2738
vn -0.6537 0.1066 0.7492
vn -0.6815 0.1486 0.7165
vn -0.5883 0.4121 0.6958
vn -0.7580 0.4132 0.5047
vn -0.9119 0.3802 0.1544
vn -0.9392 0.3215 0.1206
vn -0.9329 0.3451 0.1034
vn -0.9044 0.4165 0.0927
vn -0.7898 0.2797 0.5459
vn -0.8114 0.5220 0.2630
vn -0.8396 0.4827 0.2492
vn -0.8622 0.4810 0.1589
vn -0.5114 0.5480 0.6620
vn -0.8037 0.4015 0.4392
vn -0.8635 0.4165 0.2843
vn -0.9058 0.3868 0.1729
vn -0.9275 0.3538 0.1209
vn -0.3134 0.5013 -0.8065
vn -0.7303 0.4132 -0.5440
vn -0.5598 0.5614 -0.6095
vn -0.3266 0.6234 -0.7104
vn 0.2640 0.5471 -0.7943
vn 0.0666 0.5553 -0.8290
vn 0.0647 0.6288 -0.7749
vn 0.2671 0.5555 -0.7874
vn -0.0413 0.8716 -0.4885
vn -0.0900 0.8435 -0.5295
vn 0.0158 0.9041 -0.4271
vn 0.0622 0.8665 -0.4953
vn 0.0425 0.7400 -0.6713
vn -0.2663 0.6557 -0.7065
vn -0.4522 0.3718 -0.8108
vn -0.0654 0.5243 -0.8490
vn -0.6052 0.1238 -0.7864
vn -0.6566 0.0224 -0.7539
vn -0.2255 0.2061 -0.9522
vn -0.7179 -0.0705 -0.6926
vn -0.0784 0.7413 -0.6666
vn -0.2802 0.7836 -0.5545
vn 0.2671 0.7285 -0.6308
vn 0.0978 0.8251 -0.5564
vn 0.4066 0.5490 -0.7303
vn 0.2567 0.6529 -0.7126
vn 0.4572 0.5903 -0.6652
vn 0.5192 0.4968 -0.6954
vn 0.3130 0.7173 -0.6225
vn 0.5905 0.5573 -0.5838
vn 0.3803 0.5995 -0.7043
vn 0.4876 0.6218 -0.6128
vn 0.3061 0.3702 -0.8771
vn 0.6311 0.4484 -0.6330
vn 0.4155 0.4873 -0.7680
vn 0.4092 0.4610 -0.7874
vn 0.4764 0.4293 -0.7673
vn 0.4959 0.4436 -0.7465
vn 0.4465 0.4319 -0.7836
vn 0.4863 0.3771 -0.7882
vn 0.5555 0.4334 -0.7096
vn 0.5049 0.4444 -0.7400
vn 0.6499 0.2606 -0.7139
vn 0.5526 0.3026 -0.7766
vn 0.6470 0.3999 -0.6492
vn 0.7132 0.3504 -0.6071
vn 0.8257 0.2441 -0.5086
vn 0.8149 0.2557 -0.5201
vn 0.8440 0.2852 -0.4543
vn 0.8283 0.2489 -0.5019
vn 0.8364 0.3000 -0.4587
vn 0.7980 0.2515 -0.5477
vn 0.7695 0.1844 -0.6115
vn 0.8180 0.2238 -0.5300
vn 0.6026 0.0864 -0.7934
vn 0.7449 0.1763 -0.6434
vn 0.5129 0.1227 -0.8496
vn 0.3420 0.0347 -0.9391
vn 0.7095 0.2677 -0.6519
vn 0.3445 0.0014 -0.9388
vn 0.4377 0.0071 -0.8991
vn 0.6547 0.0918 -0.7503
vn 0.5546 0.0670 -0.8294
vn 0.2015 0.0138 -0.9794
vn 0.2293 0.0018 -0.9734
vn 0.5156 0.1508 -0.8435
vn 0.4322 0.2104 -0.8769
vn 0.2778 0.1001 -0.9554
vn 0.3227 0.0525 -0.9451
vn 0.1945 0.0337 -0.9803
vn 0.1677 0.0530 -0.9844
vn 0.1646 0.1620 -0.9730
vn -0.3710 0.0137 -0.9285
vn -0.2520 -0.1835 -0.9502
vn 0.1225 0.0611 -0.9906
vn 0.7392 0.2318 -0.6323
vn 0.7083 0.2460 -0.6617
vn 0.7459 0.3128 -0.5880
vn 0.7783 0.2978 -0.5528
vn 0.7685 0.2323 -0.5962
vn 0.8124 0.2987 -0.5008
vn 0.7971 0.3568 -0.4872
vn 0.8176 0.3941 -0.4199
vn 0.7281 0.4327 -0.5317
vn 0.6786 0.4718 -0.5630
vn 0.5779 0.4722 -0.6656
vn 0.7772 0.3953 -0.4896
vn 0.7459 0.3986 -0.5336
vn 0.8076 0.4011 -0.4324
vn 0.4802 0.3867 -0.7873
vn 0.5267 0.4053 -0.7472
vn 0.5518 0.3695 -0.7476
vn 0.6080 0.4411 -0.6601
vn 0.5699 0.4651 -0.6774
vn 0.5696 0.5287 -0.6293
vn 0.6236 0.5016 -0.5996
vn 0.6683 0.4521 -0.5907
vn 0.6409 0.4274 -0.6377
vn 0.6085 0.3873 -0.6926
vn 0.5024 0.4328 -0.7485
vn -0.3946 -0.5139 0.7617
vn -0.4543 -0.5907 0.6668
vn -0.6956 -0.4086 0.5909
vn -0.6748 -0.3339 0.6581
vn -0.7386 -0.3974 0.5446
vn -0.4462 -0.5914 0.6717
vn -0.7425 -0.3475 0.5726
vn -0.4348 -0.5606 0.7048
vn -0.4295 -0.5387 0.7248
vn -0.7217 -0.3166 0.6155
vn -0.6805 -0.3244 0.6571
vn -0.4331 -0.5383 0.7230
vn -0.4527 -0.5346 0.7136
vn -0.6611 -0.3369 0.6704
vn -0.6828 -0.3854 0.6207
vn -0.4853 -0.5898 0.6455
vn -0.6679 -0.4647 0.5814
vn -0.5295 -0.6370 0.5602
vn -0.3482 -0.3648 0.8635
vn -0.6951 -0.3101 0.6486
vn -0.0174 -0.6901 0.7235
vn 0.0266 -0.5160 0.8562
vn 0.2151 -0.6119 0.7611
vn 0.2495 -0.7360 0.6293
vn 0.2565 -0.7320 0.6312
vn -0.0405 -0.7231 0.6896
vn 0.0018 -0.7144 0.6998
vn 0.1800 -0.7524 0.6336
vn -0.0051 -0.7385 0.6742
vn -0.0696 -0.6937 0.7169
vn -0.0240 -0.6966 0.7171
vn 0.0909 -0.7425 0.6636
vn -0.2048 -0.7591 0.6179
vn -0.2029 -0.7219 0.6615
vn -0.1341 -0.7082 0.6931
vn -0.1153 -0.7346 0.6686
vn -0.4924 -0.7189 0.4906
vn -0.3132 -0.7341 0.6025
vn -0.3619 -0.7381 0.5694
vn -0.5570 -0.6972 0.4512
vn 0.0216 -0.7025 0.7114
vn -0.1787 -0.7303 0.6593
vn -0.5559 -0.5737 0.6015
vn -0.2413 -0.7208 0.6498
vn -0.1883 -0.7272 0.6601
vn -0.5670 -0.5610 0.6032
vn -0.6990 -0.4543 0.5522
vn -0.6981 -0.4555 0.5524
vn -0.6257 -0.5484 0.5547
vn -0.4130 -0.6804 0.6053
vn -0.3076 -0.7030 0.6412
vn -0.5603 -0.5772 0.5940
vn -0.7535 -0.4306 0.4969
vn -0.7131 -0.4391 0.5466
vn -0.7080 -0.5011 0.4976
vn -0.5452 -0.6393 0.5423
vn -0.6723 -0.5727 0.4690
vn -0.7552 -0.4527 0.4740
vn -0.7744 -0.3951 0.4942
vn -0.7948 -0.4036 0.4532
vn -0.6882 -0.4218 0.5903
vn -0.6374 -0.4643 0.6149
vn -0.6532 -0.4922 0.5753
vn -0.6989 -0.4621 0.5459
vn -0.6273 -0.5449 0.5564
vn -0.6758 -0.5387 0.5031
vn -0.6224 -0.6147 0.4846
vn -0.5969 -0.5864 0.5476
vn -0.6095 -0.5102 0.6068
vn -0.5955 -0.5463 0.5891
vn -0.5732 -0.6127 0.5441
vn -0.5921 -0.6322 0.4997
vn -0.5833 -0.6234 0.5207
vn -0.5889 -0.6554 0.4730
vn -0.6510 -0.5147 0.5580
vn -0.6949 -0.5424 0.4722
vn -0.6042 -0.5852 0.5408
vn -0.6347 -0.6429 0.4287
vn -0.7671 -0.5581 0.3163
vn -0.6414 -0.6982 0.3180
vn -0.6979 -0.6835 0.2139
vn -0.8534 -0.4876 0.1841
vn -0.7117 -0.6872 0.1454
vn -0.6796 -0.6836 0.2661
vn -0.9013 -0.4125 0.1323
vn -0.7267 -0.6682 0.1592
vn -0.7606 -0.6484 -0.0327
vn -0.9477 -0.3175 -0.0334
vn -0.8322 -0.1828 -0.5235
vn -0.6565 -0.5158 -0.5504
vn -0.7586 -0.6355 -0.1437
vn -0.7421 -0.6651 0.0838
vn 0.0788 0.0313 -0.9964
vn -0.1680 -0.1371 -0.9762
vn -0.5778 -0.4658 -0.6703
vn -0.3955 0.5466 0.7381
vn -0.4860 0.8616 0.1462
vn -0.1585 0.9821 0.1020
vn -0.0988 0.8854 0.4541
vn -0.0057 0.7891 0.6142
vn -0.1690 0.9781 0.1215
vn -0.4931 0.8144 -0.3059
vn -0.3968 0.8973 -0.1935
vn -0.5130 0.8403 -0.1754
vn -0.5880 0.7832 -0.2023
vn -0.4385 0.8753 -0.2040
vn -0.4713 0.8338 -0.2876
vn -0.5553 0.8138 -0.1715
vn -0.5401 0.8305 -0.1361
vn -0.4718 0.8815 -0.0189
vn -0.4560 0.8828 -0.1129
vn -0.5333 0.8413 -0.0881
vn -0.5203 0.8539 -0.0125
vn -0.4102 -0.2633 0.8732
vn -0.0034 -0.3744 0.9273
vn 0.3634 -0.5553 0.7481
vn 0.0313 -0.4469 0.8940
vn 0.3975 -0.4728 0.7864
vn 0.5607 -0.6090 0.5610
vn 0.7241 -0.5674 0.3920
vn 0.7066 -0.4551 0.5419
vn 0.0926 0.5549 0.8267
vn -0.1131 0.9801 0.1634
vn 0.1175 0.9826 0.1437
vn 0.3102 0.1927 0.9309
vn -0.5875 0.7944 -0.1543
vn -0.6450 0.7547 -0.1198
vn -0.6165 0.7649 -0.1868
vn -0.5703 0.7784 -0.2624
vn -0.6051 0.7892 -0.1047
vn -0.5924 0.8015 -0.0812
vn -0.5758 0.8050 -0.1427
vn -0.5636 0.8154 -0.1323
vn -0.5339 0.8450 -0.0309
vn -0.5678 0.8216 -0.0506
vn -0.4517 0.8881 -0.0847
vn -0.4942 0.8626 -0.1080
vn -0.1664 0.8424 -0.5125
vn -0.0829 0.8814 -0.4650
vn -0.2480 0.8993 -0.3602
vn -0.2629 0.9066 -0.3300
vn -0.3575 0.8730 -0.3317
vn -0.1379 0.8803 -0.4540
vn -0.2560 0.8506 -0.4594
vn -0.4356 0.8443 -0.3121
vn -0.4953 0.7847 -0.3728
vn -0.3628 0.7801 -0.5098
vn 0.9759 -0.1769 -0.1275
vn 0.8983 0.2486 -0.3623
vn 0.8918 0.2521 -0.3757
vn 0.9823 -0.1739 -0.0695
vn 0.8777 -0.4504 0.1639
vn 0.9141 -0.3765 0.1507
vn 0.8139 0.4313 -0.3892
vn 0.9861 0.0888 -0.1403
vn 0.8176 -0.4779 0.3212
vn 0.8012 -0.2812 0.5282
vn 0.6861 0.7105 -0.1564
vn 0.9829 -0.1171 0.1424
vn 0.6007 -0.0982 0.7935
vn 0.4017 0.9100 0.1029
vn -0.3210 0.8045 -0.4998
vn -0.4863 0.7840 -0.3859
vn 0.9229 0.3778 -0.0744
vn 0.9962 0.0876 -0.0010
vn 0.9707 0.2388 -0.0273
vn 0.9780 0.2066 -0.0303
vn 0.2265 -0.0920 0.9697
vn -0.1116 0.1724 0.9787
vn 0.4357 0.5029 0.7465
vn 0.7695 0.0131 0.6385
vn 0.8700 0.4607 0.1758
vn 0.9750 0.1207 0.1867
vn 0.6455 -0.3448 0.6815
vn 0.8533 -0.4993 0.1504
vn 0.8391 -0.3894 0.3799
vn 0.8673 -0.4976 -0.0116
vn 0.8046 -0.4653 -0.3690
vn 0.8270 -0.4548 -0.3305
vn 0.6018 -0.1476 -0.7849
vn 0.6302 -0.2065 -0.7484
vn 0.3268 0.1672 -0.9302
vn 0.3782 0.0756 -0.9226
vn 0.4260 0.1374 -0.8942
vn 0.5670 -0.0228 -0.8234
vn 0.4469 0.2018 -0.8715
vn 0.5527 0.0893 -0.8286
vn 0.5716 0.1879 -0.7987
vn 0.4232 0.3146 -0.8497
vn 0.4573 0.2606 -0.8503
vn 0.5657 0.1531 -0.8103
vn 0.3601 0.3777 -0.8530
vn 0.5751 0.2365 -0.7831
vn 0.5817 0.3177 -0.7488
vn 0.2962 0.4739 -0.8292
vn 0.5760 0.4131 -0.7054
vn 0.2621 0.5730 -0.7765
vn 0.2818 0.6682 -0.6885
vn 0.5573 0.4961 -0.6658
vn 0.5530 0.5207 -0.6504
vn 0.3284 0.7129 -0.6196
vn 0.4077 0.6761 -0.6137
vn 0.5622 0.4784 -0.6746
vn 0.5747 0.3685 -0.7307
vn 0.5239 0.5585 -0.6432
vn 0.6600 0.2126 -0.7205
vn 0.6853 0.3926 -0.6134
vn 0.0876 0.8270 -0.5554
vn 0.8009 0.5173 -0.3017
vn 0.7320 0.5836 -0.3515
vn 0.2437 0.8037 -0.5429
vn -0.3832 0.7055 -0.5962
vn -0.3220 0.7129 -0.6230
vn -0.2229 0.7378 -0.6372
vn -0.3107 0.7483 -0.5860
vn -0.2852 0.8787 -0.3828
vn -0.3197 0.7992 -0.5089
vn -0.2057 0.8546 -0.4768
vn -0.1228 0.8995 -0.4193
vn -0.3638 0.8797 -0.3063
vn -0.3163 0.8979 -0.3061
vn -0.1668 0.8885 -0.4275
vn -0.2681 0.8545 -0.4448
vn 0.5685 0.7608 -0.3130
vn 0.8404 0.5050 -0.1965
vn 0.9881 -0.0617 0.1410
vn 0.9686 0.2484 0.0116
vn 0.9485 -0.3092 0.0693
vn 0.9136 -0.3852 -0.1301
vn 0.9397 0.3059 -0.1526
vn 0.9524 0.1704 -0.2529
vn 0.8801 0.1153 -0.4606
vn 0.8563 -0.3736 -0.3566
vn 0.7806 -0.3135 -0.5408
vn 0.7794 0.0787 -0.6216
vn 0.7289 0.0617 -0.6818
vn 0.7402 -0.2149 -0.6372
vn 0.7137 -0.1258 -0.6890
vn 0.6943 0.0455 -0.7183
vn 0.6916 0.0752 -0.7183
vn 0.7009 -0.0858 -0.7081
vn 0.7106 -0.0025 -0.7036
vn 0.7372 0.1764 -0.6523
vn 0.7162 0.3936 -0.5763
vn 0.7240 0.2204 -0.6537
vn 0.7072 0.1036 -0.6994
vn 0.7401 0.2817 -0.6106
vn 0.6747 0.4962 -0.5464
vn 0.7213 0.4058 -0.5613
vn 0.7362 0.3297 -0.5910
vn 0.6804 0.4799 -0.5538
vn 0.6284 0.4369 -0.6437
vn 0.6392 0.4113 -0.6498
vn 0.6754 0.4290 -0.5998
vn 0.6623 0.4691 -0.5842
vn 0.4961 0.3128 -0.8100
vn 0.4674 0.2575 -0.8457
vn 0.5550 0.3601 -0.7499
vn 0.5901 0.3864 -0.7089
vn 0.5653 0.3872 -0.7284
vn 0.4489 0.2744 -0.8504
vn 0.6063 0.4603 -0.6484
vn 0.3859 0.7426 -0.5473
vn 0.4776 0.6477 -0.5936
vn 0.4678 0.6763 -0.5690
vn 0.4954 0.6642 -0.5598
vn 0.5294 0.5882 -0.6114
vn 0.6098 0.5182 -0.5997
vn 0.4112 0.6404 -0.6488
vn 0.4173 0.7079 -0.5699
vn 0.5081 0.6191 -0.5988
vn 0.4846 0.5427 -0.6860
vn 0.5652 0.6016 -0.5645
vn 0.5729 0.5458 -0.6114
vn 0.3795 0.4888 -0.7855
vn 0.3792 0.5460 -0.7470
vn 0.4356 0.4513 -0.7789
vn 0.4254 0.4223 -0.8004
vn 0.5279 0.4469 -0.7222
vn 0.4781 0.3858 -0.7891
vn 0.4203 0.5664 -0.7089
vn 0.3991 0.5083 -0.7631
vn 0.4527 0.4781 -0.7527
vn 0.4876 0.5677 -0.6633
vn 0.4391 0.4683 -0.7668
vn 0.4460 0.4007 -0.8003
vn 0.5430 0.6866 -0.4835
vn 0.5382 0.8035 -0.2544
vn 0.3784 0.8113 -0.4456
vn 0.4399 0.6725 -0.5952
vn 0.3703 0.6597 -0.6540
vn 0.4321 0.5598 -0.7070
vn 0.0384 0.9496 -0.3111
vn 0.2333 0.9079 -0.3482
vn 0.4193 0.8901 -0.1787
vn 0.2208 0.9523 -0.2106
vn 0.1709 0.7916 -0.5867
vn 0.2798 0.7424 -0.6087
vn -0.2572 0.8795 -0.4005
vn -0.1202 0.9454 -0.3028
vn -0.0123 0.9534 -0.3016
vn -0.2406 0.8603 -0.4495
vn 0.0987 0.8412 -0.5316
vn 0.0163 0.8050 -0.5930
vn -0.4091 0.7219 -0.5581
vn -0.4067 0.6922 -0.5961
vn -0.2649 0.6989 -0.6643
vn -0.3343 0.7641 -0.5518
vn -0.0183 0.6888 -0.7247
vn 0.0330 0.5756 -0.8171
vn -0.3389 0.7260 -0.5984
vn -0.3249 0.7580 -0.5655
vn -0.1309 0.6393 -0.7578
vn -0.1629 0.6814 -0.7136
vn 0.1088 0.5342 -0.8383
vn 0.1274 0.4772 -0.8695
vn -0.2863 0.8154 -0.5032
vn -0.2480 0.8600 -0.4459
vn 0.0117 0.7293 -0.6841
vn -0.0487 0.6657 -0.7446
vn 0.1586 0.4437 -0.8820
vn 0.2074 0.5033 -0.8388
vn -0.4090 0.2316 0.8827
vn -0.5007 0.3199 0.8043
vn -0.5463 0.6438 0.5358
vn -0.4752 0.5984 0.6450
vn -0.5032 0.6057 0.6164
vn -0.3909 0.3656 0.8447
vn -0.3362 0.2305 0.9132
vn -0.4966 0.4958 0.7125
vn -0.4638 0.4388 0.7696
vn -0.5242 0.6534 0.5461
vn -0.5161 0.4642 0.7199
vn -0.4341 0.2784 0.8568
vn -0.4148 0.2513 0.8745
vn -0.4570 0.4437 0.7709
vn -0.4176 0.2441 0.8752
vn -0.4188 0.2189 0.8813
vn -0.2107 0.3271 0.9212
vn -0.1904 0.2867 0.9389
vn -0.1935 0.3979 0.8968
vn -0.5379 0.6740 0.5063
vn -0.4857 0.4081 0.7730
vn -0.5447 0.7522 0.3708
vn -0.5189 0.7517 0.4070
vn -0.5407 0.7306 0.4170
vn -0.5516 0.7194 0.4222
vn -0.5430 0.7346 0.4070
vn -0.4587 0.7334 0.5017
vn -0.5485 0.6981 0.4602
vn -0.5714 0.6451 0.5073
vn -0.5654 0.7106 0.4187
vn -0.6019 0.6746 0.4274
vn -0.5188 0.6566 0.5476
vn -0.3724 0.6339 0.6778
vn -0.5561 0.6471 0.5215
vn -0.4557 0.2805 0.8448
vn -0.4247 0.1426 0.8940
vn -0.5327 0.5312 0.6588
vn -0.6152 0.4157 0.6699
vn -0.5261 0.1608 0.8351
vn -0.4933 0.1029 0.8638
vn -0.5620 0.6787 0.4728
vn -0.6254 0.6142 0.4813
vn -0.4847 0.7896 0.3763
vn -0.4004 0.8335 0.3806
vn -0.4540 0.8811 0.1322
vn -0.4986 0.8509 0.1653
vn -0.5056 0.8014 0.3196
vn -0.5028 0.8588 0.0984
vn 0.2479 0.3898 0.8869
vn 0.1910 0.1876 0.9635
vn 0.4998 -0.0013 0.8662
vn 0.6407 0.3638 0.6761
vn 0.1379 0.0550 0.9889
vn 0.3051 -0.2480 0.9195
vn -0.2459 0.9414 0.2309
vn -0.5404 0.8132 0.2160
vn -0.1933 0.9498 -0.2460
vn 0.1012 0.9807 -0.1673
vn -0.4404 0.6943 0.5692
vn -0.6870 0.4920 0.5348
vn 0.5086 0.5954 -0.6220
vn 0.1828 0.8317 -0.5243
vn 0.3203 0.8138 -0.4849
vn 0.5622 0.6163 -0.5515
vn 0.5913 0.5481 -0.5916
vn 0.6162 0.5845 -0.5279
vn 0.5348 0.7605 -0.3683
vn 0.6919 0.5781 -0.4325
vn 0.7729 0.5384 -0.3357
vn 0.6558 0.6992 -0.2846
vn 0.7048 0.6064 -0.3682
vn 0.6432 0.6209 -0.4481
vn 0.4912 0.7499 -0.4432
vn 0.5703 0.7361 -0.3644
vn 0.5979 0.7434 -0.2999
vn 0.4489 0.8425 -0.2979
vn 0.7443 0.6419 -0.1845
vn 0.6301 0.7628 -0.1455
vn 0.7127 0.7014 -0.0090
vn 0.8294 0.5586 -0.0060
vn 0.5192 0.8356 0.1797
vn 0.4283 0.9023 0.0488
vn 0.7691 0.2793 0.5749
vn 0.7793 0.5795 0.2384
vn 0.8629 0.4184 0.2836
vn 0.7467 0.1058 0.6567
vn 0.5966 0.7064 0.3809
vn 0.5443 -0.1311 0.8286
vn 0.2359 -0.3845 0.8925
vn 0.4481 -0.2672 0.8531
vn 0.2177 -0.5097 0.8323
vn 0.1476 -0.6756 0.7224
vn 0.2125 -0.9292 0.3022
vn 0.3649 -0.8107 0.4579
vn 0.5231 -0.8243 0.2165
vn 0.2667 -0.9492 0.1673
vn 0.5299 -0.5703 0.6277
vn 0.7246 -0.2242 0.6516
vn 0.8086 -0.4623 0.3640
vn 0.7031 -0.6586 0.2681
vn -0.5922 0.7047 0.3908
vn -0.5782 0.7232 0.3776
vn -0.5455 0.8013 0.2456
vn -0.5174 0.7990 0.3064
vn -0.4697 0.6544 0.5926
vn -0.3894 0.7102 0.5865
vn -0.4416 0.5177 0.7328
vn -0.4839 0.4132 0.7714
vn -0.5248 0.5591 0.6418
vn -0.4786 0.7102 0.5163
vn -0.5400 0.3338 0.7727
vn -0.4649 0.2665 0.8443
vn -0.4579 0.2234 0.8605
vn -0.6136 0.5628 0.5539
vn -0.5774 0.4959 0.6486
vn -0.5876 0.6281 0.5101
vn -0.6072 0.6309 0.4830
vn -0.5271 0.3320 0.7823
vn -0.4576 0.2610 0.8500
vn -0.2948 0.4263 0.8552
vn -0.4298 0.4939 0.7559
vn 0.0030 0.7972 0.6038
vn 0.0160 0.8792 0.4762
vn -0.3329 0.6417 0.6910
vn 0.1665 0.6731 0.7206
vn -0.6179 0.5060 0.6018
vn -0.4200 0.6953 0.5832
vn -0.4295 0.6076 0.6681
vn -0.3341 0.6774 0.6554
vn -0.2212 0.7792 0.5865
vn -0.2215 0.8217 0.5251
vn -0.0492 0.9025 0.4278
vn -0.2566 0.8236 0.5058
vn -0.2129 0.9133 0.3471
vn -0.4836 0.7635 0.4279
vn -0.4203 0.7109 0.5639
vn -0.2759 0.7357 0.6186
vn -0.3348 0.6826 0.6496
vn -0.4720 0.6405 0.6058
vn -0.5739 0.6481 0.5006
vn -0.5977 0.5673 0.5665
vn -0.5766 0.4511 0.6812
vn -0.5020 0.5291 0.6842
vn -0.3882 0.6211 0.6808
vn -0.8473 0.4947 0.1935
vn -0.6247 0.7781 0.0666
vn -0.6257 0.7783 0.0523
vn -0.8234 0.5452 0.1574
vn -0.8574 -0.4513 0.2472
vn -0.9625 0.0401 0.2683
vn -0.9722 0.1376 0.1894
vn -0.9218 -0.3604 0.1427
vn -0.3314 -0.9413 0.0638
vn -0.5995 -0.7950 0.0926
vn -0.4817 -0.8539 0.1972
vn -0.3195 -0.9325 0.1681
vn 0.0075 -0.9797 0.2004
vn -0.2868 -0.9527 0.1003
vn -0.3287 -0.9254 0.1889
vn -0.0154 -0.9704 0.2410
vn 0.9608 0.2631 0.0880
vn 0.9900 -0.0840 0.1136
vn 0.9251 -0.2967 0.2369
vn 0.9100 0.1002 0.4023
vn 0.7841 0.5890 -0.1956
vn 0.9675 0.2494 -0.0419
vn 0.8715 0.4637 -0.1596
vn 0.6875 0.6699 -0.2805
vn 0.8117 -0.5508 0.1943
vn 0.4666 -0.8460 0.2581
vn 0.3912 -0.8760 0.2821
vn 0.6881 -0.6762 0.2633
vn 0.9380 -0.3121 0.1506
vn 0.8416 -0.4904 0.2263
vn 0.7593 -0.5787 0.2976
vn 0.4635 -0.8393 0.2841
vn 0.4691 -0.8449 0.2573
vn 0.7830 -0.5834 0.2156
vn 0.7136 0.6264 -0.3136
vn 0.6010 0.7356 -0.3126
vn 0.6385 0.7223 -0.2658
vn 0.7314 0.6203 -0.2833
vn 0.8897 0.4370 -0.1323
vn 0.9997 -0.0086 0.0210
vn 0.9733 -0.2138 0.0836
vn 0.9550 0.2915 -0.0545
vn 0.9632 0.2657 0.0400
vn 0.9508 -0.2691 0.1537
vn 0.9375 0.3111 0.1557
vn 0.9319 -0.2477 0.2651
vn 0.8247 0.4857 -0.2899
vn 0.8215 0.5030 -0.2686
vn 0.6954 0.6871 -0.2104
vn 0.7545 0.6176 -0.2219
vn 0.7491 0.6454 -0.1492
vn 0.7822 0.6020 -0.1603
vn 0.7774 0.6256 -0.0655
vn 0.7782 0.6257 0.0537
vn 0.8296 0.5538 -0.0704
vn 0.8388 0.5384 0.0806
vn 0.1770 0.9757 -0.1288
vn 0.2185 0.9555 -0.1981
vn -0.0315 0.9951 -0.0941
vn 0.0045 0.9986 -0.0519
vn -0.2728 0.9617 -0.0253
vn -0.1745 0.9847 -0.0024
vn 0.3639 0.8867 -0.2853
vn 0.3790 0.8958 -0.2320
vn 0.6650 0.7167 -0.2100
vn 0.8350 0.5084 -0.2107
vn 0.8508 0.5048 -0.1458
vn 0.6646 0.7366 -0.1258
vn 0.6326 0.7742 0.0193
vn 0.8533 0.5204 -0.0323
vn 0.8004 0.5806 0.1490
vn 0.5709 0.7922 0.2157
vn -0.8183 0.5671 0.0939
vn -0.5936 0.8024 0.0610
vn -0.3708 0.9254 0.0781
vn -0.5813 0.8013 0.1418
vn 0.1088 0.9929 -0.0483
vn 0.3719 0.9150 -0.1563
vn 0.3422 0.9381 -0.0538
vn 0.0490 0.9968 0.0628
vn -0.0299 0.9984 0.0482
vn -0.1046 0.9802 0.1683
vn 0.0154 0.9817 0.1896
vn 0.3052 0.9466 0.1037
vn 0.2794 0.9222 0.2673
vn 0.0169 0.9620 0.2724
vn -0.4527 0.8676 0.2059
vn -0.1290 0.9633 0.2356
vn -0.1145 0.9647 0.2371
vn -0.3806 0.9112 0.1579
vn -0.9626 -0.2709 -0.0095
vn -0.9754 0.2159 0.0442
vn -0.9326 0.3595 0.0328
vn -0.9839 -0.1788 -0.0048
vn -0.7178 -0.6963 -0.0027
vn -0.3762 -0.9262 0.0233
vn -0.4494 -0.8916 0.0550
vn -0.7785 -0.6274 0.0192
vn -0.9960 -0.0805 0.0397
vn -0.8648 0.4970 0.0712
vn -0.8221 0.5659 0.0626
vn -0.9972 -0.0115 0.0741
vn -0.2283 -0.9716 0.0623
vn 0.0501 -0.9806 0.1894
vn 0.1031 -0.9683 0.2276
vn -0.2099 -0.9726 0.1003
vn -0.8270 -0.5578 0.0705
vn -0.8603 -0.4971 0.1133
vn -0.5140 -0.8514 0.1042
vn -0.5669 -0.8095 0.1531
vn 0.4661 -0.8207 0.3305
vn 0.7397 -0.5460 0.3933
vn 0.7345 -0.4965 0.4626
vn 0.4919 -0.7830 0.3808
vn 0.2108 -0.9136 0.3478
vn -0.2118 -0.9518 0.2220
vn -0.2084 -0.9663 0.1511
vn 0.1556 -0.9467 0.2821
vn 0.8236 0.3798 0.4212
vn 0.8564 -0.1411 0.4966
vn 0.8879 -0.2237 0.4020
vn 0.8921 0.3372 0.3009
vn 0.6661 0.6942 0.2728
vn 0.6565 0.7041 0.2706
vn 0.7328 0.6575 0.1752
vn 0.7628 0.6077 0.2209
vn 0.7751 -0.3746 0.5087
vn 0.5542 -0.6979 0.4536
vn 0.5247 -0.7405 0.4201
vn 0.7443 -0.4395 0.5029
vn 0.4772 0.8135 0.3325
vn 0.6670 0.6860 0.2906
vn 0.5420 0.7801 0.3126
vn 0.4174 0.8512 0.3182
vn 0.8395 0.0304 0.5425
vn 0.7116 0.5435 0.4453
vn 0.5756 0.7407 0.3464
vn 0.8463 0.2158 0.4871
vn 0.4345 0.8572 0.2764
vn 0.5377 0.7897 0.2952
vn 0.0680 0.9583 0.2775
vn 0.2667 0.9049 0.3316
vn 0.2882 0.9120 0.2918
vn 0.1577 0.9575 0.2414
vn -0.2710 0.9536 0.1311
vn -0.0331 0.9792 0.2002
vn 0.0875 0.9795 0.1817
vn -0.0888 0.9844 0.1522
vn 0.2980 0.9256 0.2335
vn 0.3408 0.9062 0.2504
vn 0.1473 0.9725 0.1802
vn 0.2484 0.9487 0.1957
vn 0.5341 0.7911 0.2981
vn 0.4654 0.8388 0.2826
vn 0.8205 0.3117 0.4791
vn 0.7866 0.3629 0.4995
vn 0.7723 -0.2396 0.5883
vn 0.7815 -0.2991 0.5475
vn 0.3842 0.8712 0.3057
vn 0.7110 0.4212 0.5631
vn 0.0914 0.8676 0.4888
vn 0.3410 0.4305 0.8357
vn 0.5717 -0.1590 0.8049
vn 0.7315 -0.2013 0.6515
vn 0.5745 -0.6424 0.5072
vn 0.5751 -0.5849 0.5720
vn 0.2637 -0.8634 0.4302
vn 0.2662 -0.8137 0.5168
vn -0.1818 -0.8965 0.4040
vn -0.1870 -0.9330 0.3075
vn -0.5749 -0.7953 0.1924
vn -0.5517 -0.7949 0.2523
vn -0.1587 0.9634 0.2160
vn -0.5287 0.8205 0.2176
vn -0.9085 0.2811 0.3093
vn -0.5709 0.7207 0.3934
vn -0.9833 0.0978 0.1536
vn -0.7341 0.6701 0.1102
vn -0.8444 -0.4555 0.2820
vn -0.8817 -0.4424 0.1640
vn -0.4430 -0.7484 0.4935
vn 0.1481 -0.7683 0.6227
vn -0.1290 -0.6502 0.7487
vn -0.7586 -0.2559 0.5992
vn -0.4455 0.1693 0.8791
vn 0.2257 -0.4191 0.8794
vn 0.5055 -0.5603 0.6561
vn -0.7158 -0.2235 0.6616
vn -0.7357 0.2042 0.6458
vn -0.6007 0.1815 0.7786
vn -0.5861 -0.2490 0.7710
vn -0.6753 0.5086 0.5341
vn -0.7089 0.5237 0.4725
vn -0.6095 0.6127 0.5032
vn -0.6139 0.5885 0.5261
vn -0.5317 0.4367 0.7257
vn -0.5652 0.3879 0.7281
vn -0.4276 -0.4927 0.7579
vn -0.5142 -0.3384 0.7881
vn -0.4492 -0.4055 0.7961
vn -0.4125 -0.5268 0.7432
vn -0.4094 -0.2491 0.8777
vn -0.2946 -0.1629 0.9416
vn -0.1917 -0.2487 0.9494
vn -0.3002 -0.3200 0.8986
vn -0.3231 -0.0386 0.9456
vn -0.3494 -0.0057 0.9370
vn -0.4377 -0.5720 0.6937
vn -0.4149 -0.5158 0.7496
vn -0.3524 -0.6239 0.6975
vn -0.4671 -0.6065 0.6434
vn -0.5921 0.5950 0.5435
vn -0.5690 0.5819 0.5811
vn -0.5477 0.3560 0.7571
vn -0.5764 0.3523 0.7374
vn -0.2299 -0.4523 0.8617
vn -0.1718 -0.3496 0.9210
vn -0.1220 -0.4177 0.9004
vn -0.1168 -0.5792 0.8068
vn -0.3125 -0.1099 0.9435
vn -0.3356 -0.0935 0.9373
vn -0.2296 -0.7254 0.6489
vn -0.4862 -0.6289 0.6067
vn 0.0379 -0.7689 0.6383
vn -0.3776 -0.6631 0.6464
vn -0.5846 0.5837 0.5635
vn -0.6261 0.5854 0.5151
vn -0.6113 0.4228 0.6690
vn -0.5518 0.3931 0.7355
vn -0.0443 -0.4496 0.8921
vn 0.0425 -0.6901 0.7225
vn 0.1752 -0.7150 0.6768
vn -0.0671 -0.4668 0.8818
vn -0.2999 -0.0727 0.9512
vn -0.4001 -0.0318 0.9159
vn -0.1814 -0.7168 0.6733
vn -0.0492 -0.7602 0.6478
vn 0.1291 -0.8350 0.5349
vn 0.0386 -0.8828 0.4681
vn -0.2568 -0.4976 0.8285
vn 0.0564 -0.7844 0.6177
vn -0.1520 -0.8081 0.5691
vn -0.4348 -0.4838 0.7595
vn -0.2344 -0.6473 0.7253
vn 0.0324 -0.4339 0.9004
vn 0.0352 -0.5416 0.8399
vn 0.0010 -0.6864 0.7273
vn -0.1119 -0.8532 0.5094
vn 0.0136 -0.7682 0.6401
vn -0.5314 -0.4179 0.7369
vn -0.3475 -0.7259 0.5936
vn -0.4631 -0.5384 0.7040
vn -0.5459 -0.3520 0.7603
vn -0.6481 0.5821 0.4910
vn -0.6022 0.5877 0.5402
vn -0.6633 0.4071 0.6279
vn -0.6712 0.4214 0.6099
vn -0.5656 -0.0182 0.8245
vn -0.6556 -0.0078 0.7551
vn 0.0409 -0.0830 0.9957
vn -0.2177 -0.1872 0.9579
vn -0.1956 0.2749 0.9414
vn -0.1043 0.3312 0.9378
vn -0.3392 0.7093 0.6179
vn -0.4336 0.7412 0.5124
vn -0.3605 0.7096 0.6054
vn -0.3142 0.6651 0.6775
vn -0.4667 -0.1271 0.8752
vn -0.5534 -0.0040 0.8329
vn -0.4313 0.3827 0.8170
vn -0.3753 0.2546 0.8912
vn -0.2429 0.6069 0.7568
vn -0.2654 0.5565 0.7873
vn -0.3499 0.5841 0.7324
vn -0.3158 0.4909 0.8120
vn -0.3850 0.6675 0.6373
vn -0.4755 0.5836 0.6583
vn -0.5699 0.3918 0.7222
vn -0.3701 0.6551 0.6587
vn -0.6443 0.0106 0.7647
vn -0.2214 0.6761 -0.7028
vn -0.1671 0.4263 -0.8890
vn 0.3962 0.4953 -0.7731
vn 0.3195 0.6365 -0.7020
vn 0.0153 0.7964 -0.6046
vn 0.3072 0.7945 -0.5239
vn 0.6498 0.6263 -0.4307
vn 0.4988 0.6890 -0.5258
vn 0.6445 0.5490 -0.5322
vn 0.7733 0.5124 -0.3735
vn 0.4866 0.7523 -0.4442
vn 0.5042 0.7479 -0.4317
vn 0.7330 0.5534 -0.3954
vn 0.6532 0.5439 -0.5267
vn 0.2494 0.7063 -0.6625
vn 0.5377 0.4863 -0.6888
vn 0.8442 0.2586 -0.4695
vn 0.7266 0.3309 -0.6021
vn 0.7236 0.4251 -0.5438
vn 0.8215 0.2582 -0.5084
vn 0.7679 0.1826 -0.6140
vn 0.4845 0.2429 -0.8404
vn 0.8055 0.4553 -0.3793
vn 0.6354 -0.6804 -0.3652
vn 0.6436 -0.7320 -0.2235
vn 0.6852 -0.6859 -0.2449
vn 0.6723 -0.6443 -0.3645
vn 0.6292 -0.7645 -0.1400
vn 0.6383 -0.7559 -0.1454
vn 0.5172 -0.8545 -0.0485
vn 0.5014 -0.8600 -0.0946
vn 0.7100 -0.4461 -0.5448
vn 0.6781 -0.5374 -0.5013
vn 0.6920 -0.4447 -0.5686
vn 0.6732 -0.5395 -0.5056
vn 0.7396 -0.4845 -0.4672
vn 0.7391 -0.4696 -0.4829
vn 0.6829 -0.5261 -0.5068
vn 0.7064 -0.5086 -0.4922
vn 0.6781 -0.2409 -0.6944
vn 0.4482 0.1898 -0.8735
vn 0.3329 0.0679 -0.9405
vn 0.6266 -0.3247 -0.7085
vn 0.5278 -0.8360 0.1502
vn 0.4376 -0.8223 0.3638
vn 0.6940 -0.7146 0.0876
vn 0.5466 -0.7614 0.3486
vn 0.0132 -0.5391 0.8421
vn -0.0427 -0.3935 0.9183
vn -0.0845 -0.3455 0.9346
vn -0.0437 -0.4758 0.8785
vn -0.1737 -0.1642 0.9710
vn -0.1611 -0.1613 0.9737
vn 0.3272 -0.8244 0.4618
vn 0.3082 -0.8025 0.5109
vn 0.0933 -0.7231 0.6844
vn 0.0542 -0.7726 0.6326
vn -0.0775 -0.6445 0.7607
vn -0.0455 -0.6194 0.7838
vn -0.0378 -0.6889 0.7239
vn -0.0222 -0.6835 0.7296
vn 0.0336 -0.7665 0.6413
vn 0.0354 -0.7690 0.6383
vn 0.0883 -0.8143 0.5736
vn 0.0827 -0.8241 0.5603
vn 0.0925 -0.8268 0.5548
vn 0.0985 -0.8074 0.5817
vn 0.0582 -0.7352 0.6754
vn 0.0681 -0.7744 0.6290
vn 0.0499 -0.6768 0.7345
vn -0.0012 -0.6081 0.7939
vn -0.5420 0.8403 0.0151
vn -0.5638 0.8157 0.1294
vn -0.5504 0.8349 -0.0037
vn -0.5033 0.8608 -0.0763
vn -0.3544 0.7658 -0.5366
vn -0.3429 0.7454 -0.5717
vn -0.4048 0.8592 -0.3128
vn -0.4723 0.8414 -0.2625
vn -0.3331 0.7880 -0.5178
vn -0.3517 0.8010 -0.4845
vn -0.3550 0.8601 -0.3664
vn -0.3791 0.8616 -0.3377
vn -0.2397 0.8737 -0.4233
vn -0.2421 0.8683 -0.4329
vn -0.0981 0.7143 -0.6929
vn -0.0163 0.7282 -0.6851
vn 0.2031 0.5375 -0.8184
vn 0.0828 0.4956 -0.8646
vn -0.5733 0.7804 0.2497
vn -0.5669 0.8035 0.1817
vn -0.5929 0.7154 0.3696
vn -0.6052 0.7222 0.3349
vn -0.3247 0.0940 0.9411
vn -0.3346 0.1313 0.9332
vn -0.4937 0.4115 0.7661
vn -0.4757 0.3751 0.7956
vn -0.6039 0.5471 0.5796
vn -0.6083 0.6334 0.4783
vn -0.6091 0.5488 0.5726
vn -0.6315 0.6225 0.4623
vn -0.5124 0.1538 0.8449
vn -0.5747 0.3875 0.7208
vn -0.4716 0.2330 0.8505
vn -0.5573 0.4288 0.7110
vn -0.6078 0.3479 0.7138
vn -0.5159 0.1245 0.8475
vn -0.5155 0.3441 0.7847
vn -0.4360 0.1533 0.8868
vn -0.6455 0.5476 0.5325
vn -0.6261 0.6196 0.4733
vn -0.5948 0.6124 0.5208
vn -0.5854 0.5513 0.5945
vn -0.5634 0.5601 0.6073
vn -0.5844 0.5793 0.5683
vn 0.4903 -0.7652 -0.4172
vn 0.5087 -0.8235 -0.2511
vn 0.4073 -0.8072 -0.4273
vn 0.4125 -0.8698 -0.2708
vn 0.4245 -0.8963 -0.1286
vn 0.5479 -0.8233 -0.1481
vn 0.5806 -0.5070 -0.6370
vn 0.5196 -0.6160 -0.5921
vn 0.4750 -0.5347 -0.6989
vn 0.4120 -0.6463 -0.6423
vn 0.4945 -0.6861 -0.5336
vn 0.5236 -0.6286 -0.5752
vn 0.6145 -0.5775 -0.5374
vn 0.5749 -0.6189 -0.5353
vn 0.1188 -0.0672 -0.9906
vn 0.4551 -0.4624 -0.7610
vn 0.3770 -0.5393 -0.7530
vn 0.1362 -0.0382 -0.9899
vn 0.4485 -0.8915 0.0646
vn 0.6263 -0.7732 0.1000
vn 0.4793 -0.8356 0.2683
vn 0.3952 -0.8907 0.2247
vn -0.0614 -0.4112 0.9095
vn -0.1031 -0.2861 0.9526
vn -0.1039 -0.2190 0.9702
vn -0.0457 -0.3575 0.9328
vn -0.1658 -0.0652 0.9840
vn -0.1722 -0.1306 0.9764
vn 0.3235 -0.8768 0.3558
vn 0.3328 -0.8533 0.4014
vn 0.1636 -0.7869 0.5950
vn 0.1035 -0.7770 0.6209
vn -0.0532 -0.6424 0.7645
vn -0.0050 -0.6621 0.7494
vn -0.0347 -0.6766 0.7356
vn -0.0399 -0.6798 0.7323
vn 0.0024 -0.7289 0.6846
vn 0.0257 -0.7525 0.6581
vn 0.0605 -0.7626 0.6440
vn 0.0868 -0.7957 0.5995
vn 0.1059 -0.7805 0.6161
vn 0.0974 -0.7409 0.6645
vn 0.0883 -0.6532 0.7520
vn 0.0688 -0.6951 0.7156
vn -0.0044 -0.5513 0.8343
vn 0.0296 -0.5108 0.8592
vn -0.5161 0.8562 -0.0225
vn -0.3894 0.8815 -0.2671
vn -0.4411 0.8934 -0.0853
vn -0.3055 0.8876 -0.3447
vn -0.2307 0.8418 -0.4880
vn -0.2277 0.8342 -0.5022
vn -0.2760 0.8300 -0.4847
vn -0.3236 0.8391 -0.4372
vn -0.3434 0.8645 -0.3669
vn -0.3996 0.8456 -0.3539
vn -0.4000 0.7771 -0.4859
vn -0.3167 0.8297 -0.4596
vn -0.2105 0.6686 -0.7132
vn -0.2717 0.6035 -0.7496
vn -0.1167 0.4005 -0.9088
vn -0.0639 0.4392 -0.8961
vn -0.5884 0.7492 0.3042
vn -0.5495 0.8227 0.1459
vn -0.5545 0.7938 0.2499
vn -0.5077 0.8557 0.1001
vn -0.2910 0.1816 0.9393
vn -0.3039 0.1206 0.9450
vn -0.4447 0.4003 0.8013
vn -0.4252 0.4625 0.7780
vn -0.5650 0.6035 0.5626
vn -0.5792 0.7032 0.4123
vn -0.6000 0.6595 0.4528
vn -0.5814 0.5698 0.5807
vn -0.3865 0.3498 0.8534
vn -0.4993 0.4966 0.7100
vn -0.5198 0.4643 0.7171
vn -0.4158 0.2958 0.8600
vn -0.4160 0.3268 0.8486
vn -0.3543 0.1913 0.9153
vn -0.3498 0.2740 0.8959
vn -0.3103 0.2326 0.9217
vn -0.4925 0.6756 0.5486
vn -0.4510 0.5129 0.7304
vn -0.5049 0.5698 0.6484
vn -0.5387 0.6478 0.5387
vn -0.4893 0.6447 0.5873
vn -0.5244 0.5850 0.6188
vn 0.4039 -0.8119 -0.4215
vn 0.3930 -0.8781 -0.2730
vn 0.4010 -0.8644 -0.3035
vn 0.4386 -0.7730 -0.4584
vn 0.3748 -0.9140 -0.1550
vn 0.3803 -0.9177 -0.1145
vn 0.4728 -0.4914 -0.7315
vn 0.4217 -0.6321 -0.6501
vn 0.4697 -0.5561 -0.6856
vn 0.5204 -0.3995 -0.7547
vn 0.6571 -0.5620 -0.5024
vn 0.6087 -0.5251 -0.5947
vn 0.5384 -0.6051 -0.5865
vn 0.5636 -0.6526 -0.5064
vn 0.2971 -0.0040 -0.9548
vn 0.5104 -0.4863 -0.7092
vn 0.5465 -0.0943 -0.8322
vn 0.6893 -0.4352 -0.5793
vn 0.3466 -0.9380 0.0091
vn 0.3717 -0.9271 0.0489
vn 0.3089 -0.9412 0.1366
vn 0.3399 -0.9206 0.1921
vn 0.0045 -0.3103 0.9506
vn -0.0688 -0.1550 0.9855
vn -0.0284 -0.0735 0.9969
vn 0.0214 -0.2331 0.9722
vn -0.1486 0.0169 0.9888
vn -0.1128 0.1108 0.9874
vn 0.2904 -0.9045 0.3123
vn 0.2610 -0.9314 0.2539
vn 0.2215 -0.8823 0.4153
vn 0.2041 -0.8291 0.5205
vn 0.0723 -0.7104 0.7001
vn 0.1632 -0.7706 0.6161
vn 0.1163 -0.7048 0.6998
vn 0.0110 -0.6860 0.7276
vn 0.0881 -0.6820 0.7260
vn 0.0011 -0.6977 0.7164
vn 0.0757 -0.6614 0.7462
vn 0.0265 -0.7091 0.7046
vn 0.0765 -0.6176 0.7827
vn 0.0622 -0.6837 0.7271
vn 0.0735 -0.5292 0.8453
vn 0.0791 -0.5996 0.7964
vn 0.0592 -0.4669 0.8823
vn 0.0578 -0.3973 0.9159
vn -0.4122 0.8104 -0.4163
vn -0.4307 0.7793 -0.4551
vn -0.3055 0.8423 -0.4441
vn -0.3951 0.8847 -0.2473
vn -0.3489 0.8049 -0.4801
vn -0.5016 0.7553 -0.4218
vn -0.5156 0.7673 -0.3814
vn -0.4249 0.8182 -0.3874
vn -0.4448 0.8263 -0.3456
vn -0.4648 0.7895 -0.4009
vn -0.3651 0.6990 -0.6149
vn -0.4065 0.7435 -0.5309
vn -0.2542 0.5551 -0.7920
vn -0.1445 0.4889 -0.8603
vn 0.1787 0.2833 -0.9422
vn -0.0439 0.3675 -0.9290
vn -0.5589 0.8161 0.1471
vn -0.5069 0.8620 0.0011
vn -0.5873 0.8089 0.0266
vn -0.5166 0.8331 -0.1978
vn -0.2815 0.4194 0.8631
vn -0.2827 0.2768 0.9184
vn -0.4223 0.5677 0.7067
vn -0.4288 0.6527 0.6246
vn -0.5982 0.7010 0.3881
vn -0.6130 0.7679 0.1857
vn -0.5896 0.7385 0.3271
vn -0.5762 0.6428 0.5047
vn -0.4443 0.4672 0.7644
vn -0.5488 0.5994 0.5827
vn -0.5066 0.5328 0.6779
vn -0.3937 0.4044 0.8255
vn -0.3007 0.2613 0.9172
vn -0.3015 0.2893 0.9085
vn -0.2803 0.2878 0.9157
vn -0.3361 0.3523 0.8735
vn -0.3874 0.4160 0.8227
vn -0.3044 0.3101 0.9007
vn -0.3922 0.3732 0.8408
vn -0.4694 0.5918 0.6553
vn -0.4733 0.6885 0.5495
vn -0.4518 0.5965 0.6634
vn -0.5825 0.8077 -0.0914
vn -0.5311 0.6955 -0.4840
vn -0.3917 0.6986 -0.5988
vn -0.5727 0.7997 0.1801
vn -0.4857 0.8397 -0.2430
vn -0.5285 0.8398 0.1243
vn -0.5627 0.7793 0.2757
vn -0.6156 0.7872 0.0377
vn -0.6049 0.7083 -0.3640
vn -0.5288 0.7517 0.3941
vn -0.5514 0.8026 0.2277
vn -0.6255 0.7522 0.2074
vn -0.5859 0.7018 0.4052
vn -0.6431 0.7567 0.1179
vn -0.5559 0.8177 0.1496
vn -0.6562 0.7447 0.1220
vn -0.6392 0.7160 0.2808
vn -0.5893 0.6586 0.4679
vn -0.5184 0.8190 0.2460
vn -0.5497 0.7735 0.3154
vn -0.4944 0.7172 0.4911
vn -0.4880 0.7876 0.3763
vn -0.4904 0.7470 0.4489
vn -0.4152 0.6646 0.6212
vn -0.4960 0.8352 0.2375
vn -0.4931 0.8586 0.1400
vn -0.4862 0.7909 0.3717
vn -0.3140 0.3425 0.8855
vn -0.4436 0.5777 0.6852
vn -0.4506 0.5745 0.6833
vn -0.2655 0.3949 0.8795
vn -0.4560 0.5377 0.7092
vn -0.2639 0.3558 0.8965
vn -0.4337 0.6642 0.6089
vn -0.4043 0.6187 0.6736
vn -0.3546 0.4530 0.8179
vn -0.3248 0.4801 0.8149
vn -0.3613 0.5714 0.7368
vn -0.3383 0.4931 0.8015
vn -0.4449 0.6381 0.6284
vn -0.3695 0.4009 0.8383
vn -0.2535 0.1761 0.9512
vn -0.2384 0.1963 0.9511
vn -0.0945 0.1758 0.9799
vn -0.0642 0.1963 0.9784
vn -0.0874 0.2406 0.9667
vn -0.1200 0.3066 0.9442
vn -0.2973 0.2576 0.9194
vn -0.2972 0.2962 0.9077
vn -0.2862 0.3544 0.8902
vn -0.3037 0.3069 0.9020
vn -0.3607 0.4353 0.8249
vn -0.4346 0.4085 0.8026
vn -0.3233 0.2402 0.9153
vn -0.3258 0.1893 0.9263
vn -0.3881 0.5081 0.7689
vn -0.3489 0.3829 0.8554
vn -0.2388 0.4493 0.8609
vn -0.2960 0.4908 0.8194
vn -0.2425 0.4216 0.8738
vn -0.2902 0.4718 0.8326
vn -0.3894 0.4018 0.8288
vn -0.4751 0.4297 0.7679
vn -0.3804 0.3442 0.8584
vn -0.3303 0.2949 0.8966
vn -0.5241 0.4189 0.7415
vn -0.5629 0.4187 0.7126
vn -0.3628 0.2753 0.8903
vn -0.4076 0.4296 0.8058
vn -0.3826 0.4753 0.7923
vn -0.2953 0.4533 0.8410
vn -0.2541 0.3700 0.8936
vn -0.3377 0.3397 0.8778
vn -0.2818 0.5311 0.7991
vn -0.1834 0.4134 0.8919
vn -0.4157 0.3961 0.8187
vn -0.4880 0.3697 0.7907
vn -0.5013 0.4477 0.7405
vn -0.4260 0.4626 0.7775
vn -0.5849 0.4256 0.6905
vn -0.5997 0.3657 0.7118
vn -0.4233 0.4761 0.7708
vn -0.3862 0.3663 0.8466
vn -0.0115 -0.0928 0.9956
vn -0.1311 -0.0247 0.9911
vn -0.1867 0.1855 0.9647
vn -0.0796 0.1365 0.9874
vn -0.2818 0.1736 0.9436
vn -0.2122 -0.0206 0.9770
vn -0.2010 -0.0436 0.9786
vn -0.2488 -0.1205 0.9610
vn -0.4124 0.1604 0.8968
vn -0.3495 0.2210 0.9105
vn -0.4724 0.1158 0.8737
vn -0.2643 -0.1810 0.9473
vn -0.2344 -0.0269 0.9718
vn -0.3329 0.1978 0.9220
vn 0.0711 -0.4789 0.8750
vn 0.0458 -0.4834 0.8742
vn -0.0559 -0.2581 0.9645
vn 0.0292 -0.2980 0.9541
vn -0.0847 -0.2830 0.9554
vn 0.0809 -0.5370 0.8397
vn 0.1811 -0.6048 0.7755
vn 0.1372 -0.6150 0.7765
vn -0.0574 -0.3884 0.9197
vn 0.0023 -0.3546 0.9350
vn 0.1251 -0.6547 0.7455
vn -0.0663 -0.4425 0.8943
vn 0.1316 -0.5943 0.7934
vn -0.0514 -0.3374 0.9400
vn 0.1845 -0.7048 0.6850
vn 0.2839 -0.7780 0.5605
vn 0.1705 -0.6731 0.7196
vn 0.1221 -0.6201 0.7750
vn 0.2204 -0.7079 0.6710
vn 0.3080 -0.7972 0.5192
vn 0.3061 -0.8213 0.4815
vn 0.2574 -0.7503 0.6089
vn 0.3036 -0.7503 0.5873
vn 0.3474 -0.7901 0.5051
vn 0.2464 -0.8158 0.5233
vn 0.2104 -0.7432 0.6351
vn 0.3176 -0.7990 0.5106
vn 0.2602 -0.7432 0.6165
vn 0.2755 -0.8245 0.4943
vn 0.2765 -0.7913 0.5453
vn 0.2792 -0.7363 0.6163
vn 0.2510 -0.7513 0.6104
vn 0.2655 -0.7331 0.6261
vn 0.2453 -0.7334 0.6340
vn 0.2079 -0.6345 0.7444
vn 0.1737 -0.6266 0.7597
vn 0.2666 -0.7592 0.5938
vn 0.2980 -0.7223 0.6241
vn 0.1920 -0.7004 0.6874
vn 0.2545 -0.8362 0.4858
vn 0.2285 -0.6792 0.6975
vn 0.2715 -0.7286 0.6288
vn 0.3087 -0.9444 0.1131
vn 0.3431 -0.9378 0.0525
vn 0.3289 -0.9156 0.2314
vn 0.2808 -0.9204 0.2722
vn 0.3088 -0.8921 0.3297
vn 0.3359 -0.9401 0.0578
vn 0.3583 -0.8830 0.3032
vn 0.2731 -0.7486 0.6041
vn 0.2959 -0.8056 0.5132
vn 0.3726 -0.9167 0.1447
vn 0.3232 -0.8455 0.4251
vn 0.2433 -0.7194 0.6506
vn 0.3569 -0.9311 0.0760
vn 0.2907 -0.8486 0.4420
vn 0.3646 -0.9270 -0.0884
vn 0.3724 -0.9136 -0.1633
vn 0.3597 -0.9314 -0.0550
vn 0.3362 -0.9416 0.0185
vn 0.3460 -0.9359 -0.0668
vn 0.3538 -0.9163 -0.1875
vn 0.3526 -0.9186 -0.1787
vn 0.3462 -0.9297 0.1254
vn 0.3553 -0.9347 -0.0073
vn 0.3612 -0.9056 -0.2222
vn 0.3820 -0.9179 -0.1073
vn 0.3465 -0.9088 0.2324
vn 0.3579 -0.9098 -0.2103
vn 0.3589 -0.9312 -0.0631
vn 0.3862 -0.8491 -0.3604
vn 0.3703 -0.8186 -0.4391
vn 0.3771 -0.8813 -0.2847
vn 0.3831 -0.8965 -0.2226
vn 0.3582 -0.8825 -0.3047
vn 0.3500 -0.8329 -0.4287
vn 0.3633 -0.7336 -0.5744
vn 0.3527 -0.8271 -0.4377
vn 0.3799 -0.8359 -0.3962
vn 0.4003 -0.7657 -0.5034
vn 0.3546 -0.7070 -0.6119
vn 0.3746 -0.8220 -0.4289
vn 0.3683 -0.8141 -0.4491
vn 0.3632 -0.8665 -0.3425
vn 0.3510 -0.5290 -0.7726
vn 0.2188 -0.3656 -0.9047
vn 0.3309 -0.6833 -0.6509
vn 0.3790 -0.7524 -0.5388
vn 0.3002 -0.6981 -0.6500
vn 0.1564 -0.3583 -0.9204
vn 0.2667 -0.3845 -0.8837
vn 0.3699 -0.6267 -0.6859
vn 0.3821 -0.6464 -0.6604
vn 0.2336 -0.3712 -0.8987
vn 0.2443 -0.4022 -0.8824
vn 0.3412 -0.6040 -0.7203
vn 0.1770 -0.3554 -0.9178
vn 0.3286 -0.6752 -0.6604
vn 0.4179 -0.2059 -0.8849
vn 0.2301 -0.1776 -0.9568
vn 0.1031 -0.0607 -0.9928
vn 0.2984 -0.1667 -0.9398
vn -0.0022 -0.0233 -0.9997
vn 0.1160 -0.0827 -0.9898
vn -0.0282 0.0237 -0.9993
vn -0.0038 0.0081 -1.0000
vn -0.0069 0.0316 -0.9995
vn -0.0070 0.0223 -0.9997
vn -0.0285 -0.0369 -0.9989
vn -0.0340 -0.0521 -0.9981
vn -0.0392 0.0386 -0.9985
vn 0.0399 0.0063 -0.9992
vn 0.6148 -0.4848 -0.6221
vn 0.5104 -0.4466 -0.7349
vn 0.4260 -0.3903 -0.8162
vn 0.5495 -0.4387 -0.7110
vn 0.3500 -0.3480 -0.8697
vn 0.4035 -0.3671 -0.8381
vn 0.3268 -0.3760 -0.8671
vn 0.3233 -0.4316 -0.8422
vn 0.2618 -0.3332 -0.9058
vn 0.2763 -0.3057 -0.9112
vn 0.2110 -0.3927 -0.8951
vn 0.3055 -0.5301 -0.7910
vn 0.3505 -0.3500 -0.8687
vn 0.3152 -0.3316 -0.8892
vn 0.6255 -0.4059 -0.6663
vn 0.5582 -0.5957 -0.5776
vn 0.5787 -0.5087 -0.6374
vn 0.6600 -0.4820 -0.5762
vn 0.5144 -0.5066 -0.6919
vn 0.5498 -0.7001 -0.4555
vn 0.5752 -0.7408 -0.3471
vn 0.5379 -0.7846 -0.3084
vn 0.4401 -0.6393 -0.6306
vn 0.4607 -0.5692 -0.6810
vn 0.4281 -0.7200 -0.5462
vn 0.5088 -0.8031 -0.3101
vn 0.5669 -0.7422 -0.3574
vn 0.4792 -0.5588 -0.6768
vn 0.4361 -0.6799 -0.5895
vn 0.3835 -0.7334 -0.5613
vn 0.4690 -0.6581 -0.5890
vn 0.1557 -0.2003 -0.9673
vn 0.1068 -0.2780 -0.9546
vn 0.0372 -0.3627 -0.9312
vn -0.4944 0.6577 -0.5683
vn -0.5289 0.7052 -0.4723
vn -0.2602 0.1742 -0.9497
vn -0.1774 0.1883 -0.9660
vn -0.3607 0.2052 -0.9098
vn -0.5822 0.7156 -0.3861
vn 0.4782 -0.6320 -0.6099
vn 0.4339 -0.6364 -0.6377
vn 0.1614 -0.2253 -0.9608
vn 0.1830 -0.1732 -0.9677
vn 0.3703 -0.2323 -0.8994
vn -0.1308 0.1949 -0.9721
vn 0.1074 -0.2330 -0.9665
vn 0.4281 -0.5427 -0.7226
vn -0.4247 0.8725 -0.2415
vn -0.2791 0.7192 -0.6363
vn -0.2665 0.6927 -0.6702
vn -0.4914 0.8479 -0.1990
vn -0.4871 0.5993 -0.6352
vn -0.1477 0.2478 -0.9575
vn -0.2746 0.1979 -0.9410
vn -0.6017 0.5595 -0.5700
vn -0.5013 0.3973 -0.7687
vn -0.6593 0.6064 -0.4445
vn -0.6125 0.7887 -0.0528
vn -0.5993 0.7973 -0.0714
vn -0.6357 0.7719 -0.0072
vn -0.6155 0.7879 0.0171
vn -0.6281 0.7763 -0.0533
vn -0.6007 0.7933 -0.0990
vn -0.6255 0.6997 -0.3451
vn -0.5834 0.7144 -0.3864
vn -0.5142 0.7614 -0.3947
vn -0.6551 0.7482 -0.1048
vn -0.4759 0.5932 -0.6493
vn -0.6512 0.6485 -0.3941
vn -0.6785 0.7340 -0.0291
vn -0.6099 0.7799 -0.1406
vn -0.6454 0.7522 -0.1331
vn -0.6565 0.7347 -0.1712
vn -0.5781 0.7704 -0.2689
vn -0.6274 0.7384 -0.2474
vn -0.5500 0.7492 -0.3690
vn -0.1441 0.2432 -0.9592
vn -0.4860 0.6317 -0.6039
vn -0.6178 0.7822 -0.0808
vn -0.5732 0.8180 -0.0477
vn -0.3928 0.7354 -0.5522
vn -0.4107 0.7944 -0.4476
vn -0.4140 0.6336 -0.6536
vn -0.5284 0.6067 -0.5939
vn -0.4671 0.2583 -0.8456
vn -0.4439 0.2362 -0.8644
vn -0.6615 0.6749 -0.3270
vn -0.6960 0.6425 -0.3206
vn 0.0029 -0.3279 -0.9447
vn -0.0118 -0.3587 -0.9334
vn 0.3517 -0.7536 -0.5554
vn 0.3838 -0.7096 -0.5910
vn 0.4890 -0.8178 -0.3036
vn 0.4804 -0.8294 -0.2853
vn 0.3951 -0.7861 -0.4753
vn 0.4033 -0.7668 -0.4994
vn 0.2633 -0.6564 -0.7069
vn 0.2598 -0.6228 -0.7380
vn 0.1069 -0.4350 -0.8940
vn 0.0332 -0.4277 -0.9033
vn -0.2082 -0.2288 -0.9509
vn -0.1067 -0.1629 -0.9809
vn 0.0025 -0.2334 -0.9724
vn -0.0387 -0.0984 -0.9944
vn 0.2995 -0.4248 -0.8543
vn 0.2586 -0.4122 -0.8736
vn 0.3457 -0.5827 -0.7355
vn 0.3288 -0.5493 -0.7683
vn 0.3517 -0.6908 -0.6317
vn 0.3730 -0.6918 -0.6183
vn 0.4035 -0.8243 -0.3972
vn 0.4152 -0.8112 -0.4117
vn 0.4284 -0.9008 -0.0710
vn 0.4293 -0.9013 -0.0586
vn -0.1741 -0.6234 -0.7623
vn 0.2805 -0.7738 -0.5680
vn -0.0325 -0.4766 -0.8785
vn 0.6537 -0.6551 -0.3788
vn 0.5335 -0.7687 -0.3529
vn 0.4500 -0.6188 -0.6439
vn 0.5199 -0.6124 -0.5955
vn 0.0615 -0.3247 -0.9438
vn 0.6517 -0.6813 -0.3333
vn 0.5423 -0.6905 -0.4786
vn 0.4429 -0.7987 -0.4074
vn 0.6970 -0.6442 -0.3149
vn 0.6861 -0.6452 -0.3362
vn 0.1479 -0.8771 -0.4569
vn 0.3941 -0.8023 -0.4483
vn 0.4625 -0.7501 -0.4726
vn 0.5989 -0.6524 -0.4644
vn 0.3421 -0.5189 -0.7834
vn 0.3119 -0.6099 -0.7285
vn 0.6528 -0.5657 -0.5038
vn 0.5931 -0.6042 -0.5322
vn 0.4728 -0.4078 -0.7811
vn 0.4113 -0.4143 -0.8119
vn 0.4895 -0.6645 -0.5646
vn 0.3487 -0.4454 -0.8246
vn 0.0621 -0.2212 -0.9732
vn 0.0203 -0.3117 -0.9500
vn -0.1121 -0.1725 -0.9786
vn 0.1625 -0.0918 -0.9824
vn 0.3824 -0.1888 -0.9045
vn 0.2535 -0.2103 -0.9442
vn 0.3039 -0.1287 -0.9440
vn 0.3642 -0.0053 -0.9313
vn -0.1880 -0.4671 -0.8640
vn 0.0468 -0.3722 -0.9270
vn 0.2415 -0.3114 -0.9191
vn 0.3203 -0.2386 -0.9168
vn 0.0640 -0.3265 -0.9430
vn 0.2551 -0.3952 -0.8824
vn 0.2216 -0.2386 -0.9455
vn -0.0086 -0.0712 -0.9974
vn 0.0094 -0.1509 -0.9885
vn 0.2939 -0.1541 -0.9433
vn -0.2056 -0.4715 -0.8576
vn -0.1350 -0.5995 -0.7889
vn -0.0126 -0.5304 -0.8476
vn 0.1788 -0.5349 -0.8258
vn 0.2129 -0.7286 -0.6510
vn 0.0556 -0.7579 -0.6500
vn -0.0903 -0.3706 -0.9244
vn -0.1463 -0.2173 -0.9651
vn -0.0731 -0.3657 -0.9279
vn -0.0182 -0.5799 -0.8145
vn -0.3344 -0.3854 -0.8600
vn -0.1903 -0.5469 -0.8153
vn 0.1133 -0.6522 -0.7495
vn 0.1167 -0.8134 -0.5699
vn 0.0919 -0.5002 -0.8610
vn -0.0168 -0.6292 -0.7771
vn -0.5591 0.5172 0.6480
vn -0.4976 0.5458 0.6742
vn -0.4283 0.5492 0.7176
vn -0.4390 0.5032 0.7444
vn -0.4503 0.6052 0.6565
vn -0.4901 0.5904 0.6413
vn -0.5124 0.6340 0.5792
vn -0.5101 0.6697 0.5397
vn -0.5931 0.7207 0.3590
vn -0.6385 0.6505 0.4112
vn -0.7462 0.6653 0.0216
vn -0.6550 0.7529 0.0641
vn -0.6343 0.6971 -0.3343
vn -0.6664 0.6400 -0.3825
vn -0.6743 0.7370 -0.0464
vn -0.6766 0.7363 -0.0087
vn -0.6479 0.7580 -0.0751
vn -0.6160 0.7842 -0.0742
vn -0.7002 0.6639 -0.2626
vn -0.6233 0.7197 -0.3058
vn -0.6483 0.6830 -0.3364
vn -0.4658 0.2696 -0.8428
vn -0.5660 0.2307 -0.7915
vn -0.6707 0.6777 -0.3014
vn -0.7824 0.4999 -0.3715
vn -0.6990 0.7043 -0.1241
vn -0.6313 0.7756 -0.0005
vn -0.7007 0.6989 -0.1430
vn 0.2329 -0.9674 0.0999
vn 0.3281 -0.9433 -0.0508
vn 0.2734 -0.8836 -0.3801
vn 0.1487 -0.9276 -0.3426
vn -0.5809 0.4608 0.6709
vn -0.4994 0.4827 0.7195
vn -0.6488 0.4941 0.5788
vn -0.7255 0.4654 0.5069
vn -0.7199 0.3764 0.5832
vn -0.6412 0.4258 0.6384
vn -0.6373 0.3849 0.6676
vn -0.6496 0.2985 0.6992
vn -0.5496 0.3479 0.7595
vn -0.6375 0.4170 0.6479
vn -0.5666 0.3281 0.7559
vn -0.3683 0.2861 0.8846
vn -0.1395 0.1277 0.9820
vn -0.3245 0.1079 0.9397
vn -0.1521 -0.1151 0.9816
vn 0.0354 -0.0347 0.9988
vn 0.2510 -0.7562 0.6042
vn 0.3041 -0.8224 0.4808
vn 0.3691 -0.7158 0.5928
vn 0.4074 -0.7406 0.5344
vn 0.2783 -0.7495 0.6006
vn 0.4061 -0.5909 0.6971
vn 0.3340 -0.7992 0.4997
vn 0.2740 -0.7044 0.6548
vn 0.3184 -0.6853 0.6550
vn 0.3388 -0.7760 0.5320
vn 0.3981 -0.8721 0.2846
vn 0.3809 -0.8825 0.2759
vn 0.3185 -0.7219 0.6144
vn 0.3484 -0.7753 0.5268
vn 0.3528 -0.8926 0.2808
vn 0.2814 -0.8837 0.3740
vn -0.7426 0.5316 -0.4074
vn -0.6975 0.2995 -0.6510
vn -0.4959 -0.2255 -0.8386
vn -0.7974 0.4043 -0.4480
vn -0.7821 0.1393 -0.6074
vn -0.8251 0.3328 -0.4565
vn -0.8102 -0.0391 -0.5848
vn -0.9224 0.0538 -0.3826
vn -0.8294 0.4286 -0.3584
vn -0.7630 0.5523 -0.3359
vn -0.7515 0.5462 -0.3699
vn -0.9639 -0.1537 -0.2175
vn -0.8943 0.3686 -0.2537
vn -0.8542 0.5148 -0.0728
vn -0.8906 0.3595 0.2786
vn -0.8422 0.2318 0.4868
vn -0.6892 0.3861 0.6131
vn -0.8353 -0.4223 0.3522
vn -0.8947 -0.4466 0.0023
vn -0.6521 0.5145 0.5569
vn -0.6076 0.5186 0.6015
vn -0.7729 -0.0073 0.6345
vn -0.7444 0.4021 0.5331
vn 0.2723 -0.2853 0.9189
vn 0.0561 -0.3984 0.9155
vn 0.2460 -0.6000 0.7612
vn 0.4493 -0.4380 0.7787
vn 0.4276 -0.4871 0.7615
vn 0.2702 -0.6801 0.6815
vn 0.1824 -0.9517 -0.2468
vn 0.2795 -0.9325 0.2286
vn 0.2946 -0.7952 0.5300
vn 0.2735 -0.8393 0.4699
vn 0.3237 -0.7594 0.5644
vn 0.2969 -0.8249 0.4811
vn -0.7825 0.4417 0.4388
vn -0.7375 0.5027 0.4510
vn -0.7823 0.4836 0.3925
vn -0.7967 0.4497 0.4039
vn -0.6530 0.1900 0.7332
vn -0.7396 0.2988 0.6030
vn -0.7324 0.3060 0.6082
vn -0.6242 0.1530 0.7661
vn -0.2852 -0.1734 0.9426
vn -0.5167 0.0584 0.8542
vn -0.5419 0.1161 0.8324
vn -0.3139 0.0191 0.9493
vn -0.1586 -0.1052 0.9817
vn -0.3962 0.1599 0.9041
vn -0.2819 0.2361 0.9299
vn -0.0479 -0.0566 0.9972
vn -0.4374 0.3579 0.8250
vn -0.5305 0.2555 0.8083
vn -0.0334 0.0052 0.9994
vn 0.1641 -0.0535 0.9850
vn 0.2624 -0.1502 0.9532
vn 0.0293 -0.2567 0.9660
vn 0.0889 -0.3365 0.9375
vn 0.3315 -0.2562 0.9080
vn 0.1589 -0.3245 0.9324
vn 0.4118 -0.2940 0.8625
vn 0.4254 -0.3970 0.8133
vn 0.4840 -0.3354 0.8082
vn 0.4595 -0.2228 0.8598
vn 0.4620 -0.2203 0.8591
vn 0.5494 -0.3666 0.7508
vn 0.5588 -0.3396 0.7566
vn 0.5048 -0.2688 0.8203
vn 0.5307 -0.2336 0.8148
vn 0.4298 -0.2375 0.8711
vn 0.5100 -0.3007 0.8059
vn 0.5151 -0.1754 0.8390
vn 0.5598 -0.1327 0.8179
vn 0.3240 -0.6418 0.6951
vn 0.3950 -0.5481 0.7372
vn 0.4041 -0.5507 0.7304
vn 0.3729 -0.6382 0.6736
vn 0.4741 -0.5105 0.7174
vn 0.4522 -0.6158 0.6452
vn -0.8593 0.3657 -0.3577
vn -0.8883 0.0070 -0.4591
vn -0.8012 0.0493 -0.5964
vn -0.5971 -0.3122 -0.7390
vn -0.6489 -0.7585 0.0598
vn -0.7220 -0.6620 -0.2011
vn -0.5594 -0.8269 -0.0579
vn -0.6197 -0.7473 -0.2398
vn -0.6222 -0.5921 -0.5121
vn -0.6846 -0.5260 -0.5046
vn -0.8849 0.1867 -0.4268
vn -0.7749 -0.1444 -0.6153
vn 0.6572 -0.1536 0.7379
vn 0.5897 -0.2745 0.7596
vn 0.5960 -0.2804 0.7524
vn 0.6368 -0.1363 0.7589
vn 0.5622 -0.3474 0.7505
vn 0.5514 -0.3344 0.7643
vn 0.5401 -0.3539 0.7636
vn 0.4097 -0.2479 0.8779
vn 0.4798 -0.2634 0.8369
vn 0.5318 -0.2639 0.8047
vn 0.5943 -0.2338 0.7695
vn 0.5605 -0.3568 0.7474
vn 0.6102 -0.3704 0.7003
vn 0.5779 -0.3917 0.7159
vn 0.5940 -0.3880 0.7047
vn 0.5388 -0.3639 0.7598
vn 0.3163 -0.7826 0.5362
vn 0.2861 -0.6977 0.6568
vn 0.3813 -0.5347 0.7541
vn 0.3427 -0.6226 0.7035
vn 0.3976 -0.4147 0.8185
vn 0.2447 -0.4582 0.8545
vn -0.5090 0.6113 0.6061
vn -0.6247 0.4551 0.6345
vn -0.7236 0.5703 0.3887
vn -0.7148 0.5688 0.4069
vn -0.8223 0.3353 0.4597
vn -0.5947 -0.6135 0.5195
vn -0.2692 -0.9310 0.2466
vn -0.7507 -0.2905 0.5933
vn -0.4249 -0.9011 0.0868
vn -0.5773 -0.7425 0.3397
vn 0.3648 0.0749 -0.9281
vn 0.0003 0.4219 -0.9067
vn 0.6338 -0.2613 -0.7280
vn 0.6991 -0.4484 -0.5570
vn 0.6852 -0.5029 -0.5269
vn 0.6206 -0.4455 -0.6453
vn 0.5161 -0.2886 -0.8065
vn 0.4418 -0.4306 -0.7870
vn 0.4285 -0.6918 -0.5812
vn 0.4056 -0.8190 -0.4059
vn 0.3828 -0.8904 -0.2463
vn 0.3593 -0.9300 -0.0774
vn 0.3325 -0.9415 0.0542
vn 0.2945 -0.9415 0.1638
vn 0.2608 -0.9136 0.3120
vn 0.2357 -0.8205 0.5208
vn 0.2075 -0.7257 0.6560
vn 0.1758 -0.6936 0.6985
vn 0.1470 -0.6600 0.7368
vn 0.1203 -0.5929 0.7962
vn 0.0993 -0.4909 0.8655
vn 0.0680 -0.3459 0.9358
vn 0.0148 -0.1572 0.9875
vn -0.0308 0.0386 0.9988
vn -0.1144 0.2721 0.9554
vn -0.2999 0.5630 0.7702
vn -0.3821 0.5786 0.7206
vn -0.3370 0.4489 0.8276
vn -0.2653 0.3538 0.8969
vn -0.2203 0.2855 0.9327
vn -0.2801 0.3119 0.9079
vn -0.4007 0.4143 0.8172
vn -0.5330 0.5666 0.6283
vn -0.6087 0.6782 0.4117
vn -0.6339 0.7378 0.2320
vn -0.6473 0.7610 0.0442
vn -0.6297 0.7624 -0.1493
vn -0.5329 0.7267 -0.4335
vn -0.4850 0.7545 -0.4422
vn -0.5485 0.7456 -0.3785
vn -0.6150 0.6873 -0.3865
vn -0.5730 0.6574 -0.4893
vn -0.3683 0.6782 -0.6360
vn -0.1833 0.6628 -0.7260
# 6683 vertex normals

vt 0.0000 0.0000 0.0000
# 1 texture coords

o Cabeza1
g Cabeza1
usemtl 08___Default
s 1
f 1/1/1 2/1/2 3/1/3 4/1/4 
f 5/1/5 6/1/6 3/1/3 2/1/2 
f 7/1/7 8/1/8 3/1/3 6/1/6 
f 4/1/4 3/1/3 8/1/8 9/1/9 
f 10/1/10 11/1/11 12/1/12 13/1/13 
f 8/1/8 12/1/12 11/1/11 9/1/9 
f 14/1/14 12/1/12 8/1/8 7/1/7 
f 14/1/14 15/1/15 13/1/13 
f 9/1/9 16/1/16 17/1/17 4/1/4 
f 18/1/18 19/1/19 17/1/17 16/1/16 
f 20/1/20 21/1/21 17/1/17 19/1/19 
f 4/1/4 17/1/17 21/1/21 1/1/1 
f 18/1/18 16/1/16 22/1/22 23/1/23 
f 9/1/9 11/1/11 22/1/22 16/1/16 
f 10/1/10 24/1/24 22/1/22 11/1/11 
f 23/1/23 22/1/22 24/1/24 25/1/25 
f 25/1/25 24/1/24 26/1/26 27/1/27 
f 13/1/13 26/1/26 24/1/24 10/1/10 
f 15/1/15 28/1/28 26/1/26 13/1/13 
f 27/1/27 26/1/26 28/1/28 29/1/29 
f 5/1/5 30/1/30 31/1/31 32/1/32 
f 33/1/33 31/1/31 30/1/30 34/1/34 
f 35/1/35 36/1/36 31/1/31 33/1/33 
f 32/1/32 31/1/31 36/1/36 37/1/37 
f 7/1/7 6/1/6 38/1/38 39/1/39 
f 32/1/32 38/1/38 6/1/6 5/1/5 
f 37/1/37 40/1/40 38/1/38 32/1/32 
f 39/1/39 38/1/38 40/1/40 41/1/41 
f 42/1/42 14/1/14 7/1/7 
f 43/1/43 42/1/42 39/1/39 41/1/41 
f 44/1/44 45/1/45 42/1/42 43/1/43 
f 14/1/14 42/1/42 45/1/45 15/1/15 
f 46/1/46 47/1/47 45/1/45 44/1/44 
f 48/1/48 47/1/47 46/1/46 49/1/49 
f 47/1/47 48/1/48 29/1/29 
f 28/1/28 15/1/15 45/1/45 
f 50/1/50 51/1/51 52/1/52 53/1/53 
f 23/1/23 52/1/52 51/1/51 18/1/18 
f 25/1/25 54/1/54 52/1/52 23/1/23 
f 53/1/53 52/1/52 54/1/54 55/1/55 
f 56/1/56 57/1/57 55/1/55 
f 27/1/27 56/1/56 54/1/54 25/1/25 
f 29/1/29 58/1/58 56/1/56 27/1/27 
f 58/1/58 59/1/59 57/1/57 
f 58/1/58 60/1/60 61/1/61 59/1/59 
f 58/1/58 29/1/29 48/1/48 
f 48/1/48 49/1/49 62/1/62 
f 60/1/60 62/1/62 63/1/63 
f 63/1/63 62/1/62 64/1/64 65/1/65 
f 62/1/62 49/1/49 66/1/66 
f 67/1/67 64/1/64 66/1/66 68/1/68 
f 65/1/65 64/1/64 67/1/67 69/1/69 
f 69/1/69 67/1/67 70/1/70 71/1/71 
f 68/1/68 72/1/72 70/1/70 67/1/67 
f 73/1/73 74/1/74 70/1/70 72/1/72 
f 75/1/75 71/1/71 70/1/70 74/1/74 
f 76/1/76 77/1/77 78/1/78 79/1/79 
f 74/1/74 78/1/78 77/1/77 75/1/75 
f 80/1/80 78/1/78 74/1/74 73/1/73 
f 79/1/79 78/1/78 80/1/80 81/1/81 
f 82/1/82 83/1/83 84/1/84 85/1/85 
f 86/1/86 87/1/87 84/1/84 83/1/83 
f 88/1/88 84/1/84 87/1/87 89/1/89 
f 85/1/85 84/1/84 88/1/88 35/1/35 
f 37/1/37 36/1/36 90/1/90 91/1/91 
f 88/1/88 90/1/90 36/1/36 35/1/35 
f 89/1/89 92/1/92 90/1/90 88/1/88 
f 91/1/91 90/1/90 92/1/92 93/1/93 
f 94/1/94 95/1/95 41/1/41 
f 91/1/91 94/1/94 40/1/40 37/1/37 
f 93/1/93 96/1/96 94/1/94 91/1/91 
f 95/1/95 94/1/94 96/1/96 97/1/97 
f 41/1/41 95/1/95 98/1/98 43/1/43 
f 99/1/99 98/1/98 95/1/95 97/1/97 
f 100/1/100 101/1/101 98/1/98 99/1/99 
f 43/1/43 98/1/98 101/1/101 44/1/44 
f 44/1/44 101/1/101 102/1/102 46/1/46 
f 103/1/103 102/1/102 101/1/101 100/1/100 
f 104/1/104 105/1/105 102/1/102 103/1/103 
f 46/1/46 102/1/102 105/1/105 49/1/49 
f 68/1/68 66/1/66 106/1/106 107/1/107 
f 105/1/105 106/1/106 66/1/66 49/1/49 
f 104/1/104 108/1/108 106/1/106 105/1/105 
f 107/1/107 106/1/106 108/1/108 109/1/109 
f 72/1/72 110/1/110 111/1/111 73/1/73 
f 107/1/107 110/1/110 72/1/72 68/1/68 
f 109/1/109 112/1/112 110/1/110 107/1/107 
f 111/1/111 110/1/110 112/1/112 113/1/113 
f 73/1/73 111/1/111 114/1/114 80/1/80 
f 113/1/113 115/1/115 114/1/114 111/1/111 
f 116/1/116 114/1/114 115/1/115 117/1/117 
f 81/1/81 80/1/80 114/1/114 116/1/116 
f 86/1/86 118/1/118 119/1/119 87/1/87 
f 120/1/120 119/1/119 118/1/118 121/1/121 
f 122/1/122 123/1/123 119/1/119 120/1/120 
f 87/1/87 119/1/119 123/1/123 89/1/89 
f 123/1/123 124/1/124 92/1/92 89/1/89 
f 125/1/125 124/1/124 123/1/123 122/1/122 
f 126/1/126 127/1/127 124/1/124 125/1/125 
f 93/1/93 92/1/92 124/1/124 127/1/127 
f 128/1/128 129/1/129 130/1/130 131/1/131 
f 97/1/97 96/1/96 130/1/130 129/1/129 
f 127/1/127 130/1/130 96/1/96 93/1/93 
f 131/1/131 130/1/130 127/1/127 126/1/126 
f 131/1/131 132/1/132 133/1/133 128/1/128 
f 134/1/134 132/1/132 131/1/131 126/1/126 
f 132/1/132 134/1/134 135/1/135 
f 97/1/97 129/1/129 136/1/136 99/1/99 
f 137/1/137 136/1/136 129/1/129 128/1/128 
f 138/1/138 139/1/139 136/1/136 137/1/137 
f 99/1/99 136/1/136 139/1/139 100/1/100 
f 104/1/104 103/1/103 140/1/140 141/1/141 
f 139/1/139 140/1/140 103/1/103 100/1/100 
f 142/1/142 140/1/140 139/1/139 138/1/138 
f 143/1/143 141/1/141 140/1/140 142/1/142 
f 109/1/109 108/1/108 144/1/144 145/1/145 
f 141/1/141 144/1/144 108/1/108 104/1/104 
f 143/1/143 146/1/146 144/1/144 141/1/141 
f 147/1/147 145/1/145 144/1/144 146/1/146 
f 148/1/148 149/1/149 150/1/150 151/1/151 
f 113/1/113 112/1/112 150/1/150 149/1/149 
f 145/1/145 150/1/150 112/1/112 109/1/109 
f 151/1/151 150/1/150 145/1/145 147/1/147 
f 152/1/152 153/1/153 154/1/154 155/1/155 
f 153/1/153 55/1/55 57/1/57 
f 59/1/59 156/1/156 154/1/154 57/1/57 
f 155/1/155 154/1/154 156/1/156 157/1/157 
f 158/1/158 159/1/159 160/1/160 161/1/161 
f 155/1/155 160/1/160 159/1/159 152/1/152 
f 157/1/157 162/1/162 160/1/160 155/1/155 
f 161/1/161 160/1/160 162/1/162 163/1/163 
f 157/1/157 156/1/156 164/1/164 165/1/165 
f 61/1/61 164/1/164 156/1/156 59/1/59 
f 63/1/63 166/1/166 164/1/164 61/1/61 
f 165/1/165 164/1/164 166/1/166 167/1/167 
f 163/1/163 162/1/162 168/1/168 169/1/169 
f 165/1/165 168/1/168 162/1/162 157/1/157 
f 167/1/167 170/1/170 168/1/168 165/1/165 
f 169/1/169 168/1/168 170/1/170 171/1/171 
f 172/1/172 173/1/173 174/1/174 175/1/175 
f 169/1/169 174/1/174 173/1/173 163/1/163 
f 171/1/171 176/1/176 174/1/174 169/1/169 
f 175/1/175 174/1/174 176/1/176 177/1/177 
f 167/1/167 166/1/166 178/1/178 179/1/179 
f 65/1/65 178/1/178 166/1/166 63/1/63 
f 69/1/69 180/1/180 178/1/178 65/1/65 
f 179/1/179 178/1/178 180/1/180 181/1/181 
f 182/1/182 183/1/183 184/1/184 185/1/185 
f 186/1/186 184/1/184 183/1/183 187/1/187 
f 177/1/177 176/1/176 184/1/184 186/1/186 
f 185/1/185 184/1/184 176/1/176 171/1/171 
f 171/1/171 170/1/170 188/1/188 185/1/185 
f 179/1/179 188/1/188 170/1/170 167/1/167 
f 181/1/181 189/1/189 188/1/188 179/1/179 
f 185/1/185 188/1/188 189/1/189 182/1/182 
f 190/1/190 191/1/191 181/1/181 
f 71/1/71 190/1/190 180/1/180 69/1/69 
f 75/1/75 192/1/192 190/1/190 71/1/71 
f 192/1/192 193/1/193 191/1/191 
f 194/1/194 195/1/195 193/1/193 
f 77/1/77 194/1/194 192/1/192 75/1/75 
f 76/1/76 196/1/196 194/1/194 77/1/77 
f 195/1/195 194/1/194 196/1/196 197/1/197 
f 182/1/182 189/1/189 198/1/198 199/1/199 
f 191/1/191 198/1/198 189/1/189 181/1/181 
f 193/1/193 200/1/200 198/1/198 191/1/191 
f 199/1/199 198/1/198 200/1/200 201/1/201 
f 187/1/187 183/1/183 202/1/202 203/1/203 
f 199/1/199 202/1/202 183/1/183 182/1/182 
f 201/1/201 204/1/204 202/1/202 199/1/199 
f 203/1/203 202/1/202 204/1/204 205/1/205 
f 201/1/201 200/1/200 206/1/206 207/1/207 
f 195/1/195 206/1/206 200/1/200 193/1/193 
f 197/1/197 208/1/208 206/1/206 195/1/195 
f 207/1/207 206/1/206 208/1/208 209/1/209 
f 205/1/205 204/1/204 210/1/210 211/1/211 
f 207/1/207 210/1/210 204/1/204 201/1/201 
f 209/1/209 212/1/212 210/1/210 207/1/207 
f 211/1/211 210/1/210 212/1/212 213/1/213 
f 209/1/209 208/1/208 214/1/214 215/1/215 
f 216/1/216 214/1/214 208/1/208 197/1/197 
f 217/1/217 218/1/218 214/1/214 216/1/216 
f 215/1/215 214/1/214 218/1/218 219/1/219 
f 213/1/213 212/1/212 220/1/220 221/1/221 
f 215/1/215 220/1/220 212/1/212 209/1/209 
f 219/1/219 222/1/222 220/1/220 215/1/215 
f 221/1/221 220/1/220 222/1/222 223/1/223 
f 223/1/223 222/1/222 224/1/224 225/1/225 
f 226/1/226 224/1/224 222/1/222 219/1/219 
f 227/1/227 228/1/228 224/1/224 226/1/226 
f 225/1/225 224/1/224 228/1/228 229/1/229 
f 230/1/230 231/1/231 232/1/232 233/1/233 
f 234/1/234 232/1/232 231/1/231 235/1/235 
f 229/1/229 228/1/228 232/1/232 234/1/234 
f 233/1/233 232/1/232 228/1/228 227/1/227 
f 235/1/235 231/1/231 236/1/236 237/1/237 
f 238/1/238 236/1/236 231/1/231 230/1/230 
f 239/1/239 240/1/240 236/1/236 238/1/238 
f 237/1/237 236/1/236 240/1/240 241/1/241 
f 135/1/135 242/1/242 243/1/243 133/1/133 
f 244/1/244 243/1/243 242/1/242 245/1/245 
f 246/1/246 247/1/247 243/1/243 244/1/244 
f 133/1/133 243/1/243 247/1/247 128/1/128 
f 247/1/247 248/1/248 137/1/137 128/1/128 
f 249/1/249 248/1/248 247/1/247 246/1/246 
f 250/1/250 251/1/251 248/1/248 249/1/249 
f 137/1/137 248/1/248 251/1/251 138/1/138 
f 138/1/138 251/1/251 252/1/252 142/1/142 
f 253/1/253 252/1/252 251/1/251 250/1/250 
f 254/1/254 255/1/255 252/1/252 253/1/253 
f 142/1/142 252/1/252 255/1/255 143/1/143 
f 143/1/143 255/1/255 256/1/256 146/1/146 
f 257/1/257 256/1/256 255/1/255 254/1/254 
f 258/1/258 259/1/259 256/1/256 257/1/257 
f 146/1/146 256/1/256 259/1/259 147/1/147 
f 254/1/254 260/1/260 261/1/261 257/1/257 
f 262/1/262 261/1/261 260/1/260 263/1/263 
f 264/1/264 265/1/265 261/1/261 262/1/262 
f 257/1/257 261/1/261 265/1/265 258/1/258 
f 266/1/266 267/1/267 268/1/268 269/1/269 
f 175/1/175 268/1/268 267/1/267 172/1/172 
f 177/1/177 270/1/270 268/1/268 175/1/175 
f 269/1/269 268/1/268 270/1/270 271/1/271 
f 271/1/271 270/1/270 272/1/272 273/1/273 
f 186/1/186 272/1/272 270/1/270 177/1/177 
f 187/1/187 274/1/274 272/1/272 186/1/186 
f 273/1/273 272/1/272 274/1/274 275/1/275 
f 275/1/275 274/1/274 276/1/276 277/1/277 
f 203/1/203 276/1/276 274/1/274 187/1/187 
f 205/1/205 278/1/278 276/1/276 203/1/203 
f 277/1/277 276/1/276 278/1/278 279/1/279 
f 279/1/279 278/1/278 280/1/280 281/1/281 
f 211/1/211 280/1/280 278/1/278 205/1/205 
f 213/1/213 282/1/282 280/1/280 211/1/211 
f 281/1/281 280/1/280 282/1/282 283/1/283 
f 283/1/283 282/1/282 284/1/284 285/1/285 
f 221/1/221 284/1/284 282/1/282 213/1/213 
f 223/1/223 286/1/286 284/1/284 221/1/221 
f 285/1/285 284/1/284 286/1/286 287/1/287 
f 287/1/287 286/1/286 288/1/288 289/1/289 
f 225/1/225 288/1/288 286/1/286 223/1/223 
f 229/1/229 290/1/290 288/1/288 225/1/225 
f 289/1/289 288/1/288 290/1/290 291/1/291 
f 291/1/291 290/1/290 292/1/292 293/1/293 
f 234/1/234 292/1/292 290/1/290 229/1/229 
f 235/1/235 294/1/294 292/1/292 234/1/234 
f 293/1/293 292/1/292 294/1/294 295/1/295 
f 295/1/295 294/1/294 296/1/296 297/1/297 
f 237/1/237 296/1/296 294/1/294 235/1/235 
f 241/1/241 298/1/298 296/1/296 237/1/237 
f 297/1/297 296/1/296 298/1/298 299/1/299 
f 300/1/300 301/1/301 302/1/302 303/1/303 
f 304/1/304 302/1/302 301/1/301 305/1/305 
f 266/1/266 306/1/306 302/1/302 304/1/304 
f 303/1/303 302/1/302 306/1/306 307/1/307 
f 307/1/307 306/1/306 308/1/308 309/1/309 
f 269/1/269 308/1/308 306/1/306 266/1/266 
f 271/1/271 310/1/310 308/1/308 269/1/269 
f 309/1/309 308/1/308 310/1/310 311/1/311 
f 311/1/311 310/1/310 312/1/312 313/1/313 
f 273/1/273 312/1/312 310/1/310 271/1/271 
f 275/1/275 314/1/314 312/1/312 273/1/273 
f 313/1/313 312/1/312 314/1/314 315/1/315 
f 315/1/315 314/1/314 316/1/316 317/1/317 
f 277/1/277 316/1/316 314/1/314 275/1/275 
f 279/1/279 318/1/318 316/1/316 277/1/277 
f 317/1/317 316/1/316 318/1/318 319/1/319 
f 319/1/319 318/1/318 320/1/320 321/1/321 
f 281/1/281 320/1/320 318/1/318 279/1/279 
f 283/1/283 322/1/322 320/1/320 281/1/281 
f 321/1/321 320/1/320 322/1/322 323/1/323 
f 323/1/323 322/1/322 324/1/324 325/1/325 
f 285/1/285 324/1/324 322/1/322 283/1/283 
f 287/1/287 326/1/326 324/1/324 285/1/285 
f 325/1/325 324/1/324 326/1/326 327/1/327 
f 327/1/327 326/1/326 328/1/328 329/1/329 
f 289/1/289 328/1/328 326/1/326 287/1/287 
f 291/1/291 330/1/330 328/1/328 289/1/289 
f 329/1/329 328/1/328 330/1/330 331/1/331 
f 331/1/331 330/1/330 332/1/332 333/1/333 
f 293/1/293 332/1/332 330/1/330 291/1/291 
f 295/1/295 334/1/334 332/1/332 293/1/293 
f 333/1/333 332/1/332 334/1/334 335/1/335 
f 336/1/336 337/1/337 338/1/338 339/1/339 
f 340/1/340 338/1/338 337/1/337 341/1/341 
f 300/1/300 342/1/342 338/1/338 340/1/340 
f 339/1/339 338/1/338 342/1/342 343/1/343 
f 343/1/343 342/1/342 344/1/344 345/1/345 
f 303/1/303 344/1/344 342/1/342 300/1/300 
f 307/1/307 346/1/346 344/1/344 303/1/303 
f 345/1/345 344/1/344 346/1/346 347/1/347 
f 347/1/347 346/1/346 348/1/348 349/1/349 
f 309/1/309 348/1/348 346/1/346 307/1/307 
f 311/1/311 350/1/350 348/1/348 309/1/309 
f 349/1/349 348/1/348 350/1/350 351/1/351 
f 351/1/351 350/1/350 352/1/352 353/1/353 
f 313/1/313 352/1/352 350/1/350 311/1/311 
f 315/1/315 354/1/354 352/1/352 313/1/313 
f 353/1/353 352/1/352 354/1/354 355/1/355 
f 355/1/355 354/1/354 356/1/356 357/1/357 
f 317/1/317 356/1/356 354/1/354 315/1/315 
f 319/1/319 358/1/358 356/1/356 317/1/317 
f 357/1/357 356/1/356 358/1/358 359/1/359 
f 359/1/359 358/1/358 360/1/360 361/1/361 
f 321/1/321 360/1/360 358/1/358 319/1/319 
f 323/1/323 362/1/362 360/1/360 321/1/321 
f 361/1/361 360/1/360 362/1/362 363/1/363 
f 363/1/363 362/1/362 364/1/364 365/1/365 
f 325/1/325 364/1/364 362/1/362 323/1/323 
f 327/1/327 366/1/366 364/1/364 325/1/325 
f 365/1/365 364/1/364 366/1/366 367/1/367 
f 367/1/367 366/1/366 368/1/368 369/1/369 
f 329/1/329 368/1/368 366/1/366 327/1/327 
f 331/1/331 370/1/370 368/1/368 329/1/329 
f 369/1/369 368/1/368 370/1/370 371/1/371 
f 371/1/371 370/1/370 372/1/372 373/1/373 
f 333/1/333 372/1/372 370/1/370 331/1/331 
f 335/1/335 374/1/374 372/1/372 333/1/333 
f 373/1/373 372/1/372 374/1/374 375/1/375 
f 376/1/376 377/1/377 378/1/378 379/1/379 
f 85/1/85 377/1/377 376/1/376 82/1/82 
f 35/1/35 380/1/380 377/1/377 85/1/85 
f 378/1/378 377/1/377 380/1/380 381/1/381 
f 382/1/382 383/1/383 34/1/34 
f 30/1/30 5/1/5 2/1/2 
f 1/1/1 384/1/384 382/1/382 2/1/2 
f 383/1/383 382/1/382 384/1/384 385/1/385 
f 1/1/1 21/1/21 386/1/386 384/1/384 
f 387/1/387 386/1/386 21/1/21 20/1/20 
f 388/1/388 389/1/389 386/1/386 387/1/387 
f 384/1/384 386/1/386 389/1/389 385/1/385 
f 388/1/388 390/1/390 391/1/391 389/1/389 
f 392/1/392 391/1/391 390/1/390 393/1/393 
f 394/1/394 395/1/395 391/1/391 392/1/392 
f 395/1/395 385/1/385 389/1/389 
f 381/1/381 380/1/380 396/1/396 397/1/397 
f 33/1/33 396/1/396 380/1/380 35/1/35 
f 34/1/34 383/1/383 396/1/396 33/1/33 
f 397/1/397 396/1/396 383/1/383 385/1/385 
f 394/1/394 398/1/398 399/1/399 395/1/395 
f 398/1/398 381/1/381 397/1/397 
f 397/1/397 385/1/385 395/1/395 
f 400/1/400 401/1/401 402/1/402 403/1/403 
f 404/1/404 402/1/402 401/1/401 405/1/405 
f 406/1/406 407/1/407 402/1/402 404/1/404 
f 403/1/403 402/1/402 407/1/407 408/1/408 
f 408/1/408 407/1/407 409/1/409 410/1/410 
f 411/1/411 409/1/409 407/1/407 406/1/406 
f 412/1/412 413/1/413 409/1/409 411/1/411 
f 410/1/410 409/1/409 413/1/413 414/1/414 
f 414/1/414 413/1/413 415/1/415 416/1/416 
f 417/1/417 415/1/415 413/1/413 412/1/412 
f 418/1/418 419/1/419 415/1/415 417/1/417 
f 416/1/416 415/1/415 419/1/419 420/1/420 
f 420/1/420 419/1/419 421/1/421 422/1/422 
f 423/1/423 421/1/421 419/1/419 418/1/418 
f 424/1/424 425/1/425 421/1/421 423/1/423 
f 422/1/422 421/1/421 425/1/425 426/1/426 
f 427/1/427 428/1/428 429/1/429 430/1/430 
f 431/1/431 429/1/429 428/1/428 426/1/426 
f 432/1/432 433/1/433 429/1/429 431/1/431 
f 430/1/430 429/1/429 433/1/433 434/1/434 
f 435/1/435 436/1/436 437/1/437 438/1/438 
f 436/1/436 432/1/432 431/1/431 
f 426/1/426 425/1/425 437/1/437 431/1/431 
f 438/1/438 437/1/437 425/1/425 424/1/424 
f 439/1/439 440/1/440 441/1/441 442/1/442 
f 376/1/376 441/1/441 440/1/440 82/1/82 
f 379/1/379 443/1/443 441/1/441 376/1/376 
f 442/1/442 441/1/441 443/1/443 444/1/444 
f 445/1/445 446/1/446 447/1/447 448/1/448 
f 83/1/83 447/1/447 446/1/446 86/1/86 
f 82/1/82 440/1/440 447/1/447 83/1/83 
f 448/1/448 447/1/447 440/1/440 439/1/439 
f 121/1/121 449/1/449 450/1/450 120/1/120 
f 451/1/451 450/1/450 449/1/449 452/1/452 
f 453/1/453 454/1/454 450/1/450 451/1/451 
f 120/1/120 450/1/450 454/1/454 122/1/122 
f 122/1/122 454/1/454 455/1/455 125/1/125 
f 456/1/456 455/1/455 454/1/454 453/1/453 
f 457/1/457 455/1/455 456/1/456 458/1/458 
f 125/1/125 455/1/455 457/1/457 126/1/126 
f 245/1/245 242/1/242 459/1/459 460/1/460 
f 134/1/134 459/1/459 242/1/242 135/1/135 
f 126/1/126 457/1/457 459/1/459 134/1/134 
f 460/1/460 459/1/459 457/1/457 458/1/458 
f 121/1/121 118/1/118 461/1/461 462/1/462 
f 446/1/446 461/1/461 118/1/118 86/1/86 
f 445/1/445 463/1/463 461/1/461 446/1/446 
f 463/1/463 464/1/464 462/1/462 
f 465/1/465 466/1/466 467/1/467 
f 442/1/442 465/1/465 468/1/468 439/1/439 
f 444/1/444 469/1/469 465/1/465 442/1/442 
f 466/1/466 465/1/465 469/1/469 470/1/470 
f 464/1/464 463/1/463 471/1/471 472/1/472 
f 448/1/448 471/1/471 463/1/463 445/1/445 
f 439/1/439 468/1/468 471/1/471 448/1/448 
f 468/1/468 467/1/467 472/1/472 
f 452/1/452 449/1/449 473/1/473 474/1/474 
f 462/1/462 473/1/473 449/1/449 121/1/121 
f 462/1/462 464/1/464 474/1/474 
f 452/1/452 475/1/475 476/1/476 451/1/451 
f 477/1/477 476/1/476 475/1/475 478/1/478 
f 479/1/479 480/1/480 476/1/476 477/1/477 
f 451/1/451 476/1/476 480/1/480 453/1/453 
f 464/1/464 481/1/481 482/1/482 474/1/474 
f 483/1/483 482/1/482 481/1/481 484/1/484 
f 478/1/478 475/1/475 482/1/482 483/1/483 
f 474/1/474 482/1/482 475/1/475 452/1/452 
f 485/1/485 486/1/486 484/1/484 
f 481/1/481 464/1/464 472/1/472 
f 485/1/485 472/1/472 467/1/467 
f 487/1/487 488/1/488 486/1/486 
f 489/1/489 490/1/490 488/1/488 
f 467/1/467 491/1/491 489/1/489 487/1/487 
f 490/1/490 489/1/489 491/1/491 492/1/492 
f 493/1/493 494/1/494 492/1/492 
f 466/1/466 493/1/493 491/1/491 467/1/467 
f 470/1/470 495/1/495 493/1/493 466/1/466 
f 495/1/495 496/1/496 494/1/494 
f 497/1/497 498/1/498 499/1/499 500/1/500 
f 490/1/490 499/1/499 498/1/498 488/1/488 
f 492/1/492 501/1/501 499/1/499 490/1/490 
f 501/1/501 502/1/502 500/1/500 
f 503/1/503 504/1/504 505/1/505 506/1/506 
f 486/1/486 505/1/505 504/1/504 484/1/484 
f 488/1/488 498/1/498 505/1/505 486/1/486 
f 506/1/506 505/1/505 498/1/498 497/1/497 
f 507/1/507 508/1/508 509/1/509 510/1/510 
f 483/1/483 509/1/509 508/1/508 478/1/478 
f 484/1/484 504/1/504 509/1/509 483/1/483 
f 510/1/510 509/1/509 504/1/504 503/1/503 
f 511/1/511 512/1/512 513/1/513 514/1/514 
f 479/1/479 477/1/477 512/1/512 511/1/511 
f 478/1/478 508/1/508 512/1/512 477/1/477 
f 513/1/513 512/1/512 508/1/508 507/1/507 
f 515/1/515 516/1/516 517/1/517 518/1/518 
f 495/1/495 517/1/517 516/1/516 496/1/496 
f 519/1/519 517/1/517 495/1/495 470/1/470 
f 518/1/518 517/1/517 519/1/519 520/1/520 
f 405/1/405 521/1/521 522/1/522 404/1/404 
f 523/1/523 522/1/522 521/1/521 524/1/524 
f 525/1/525 526/1/526 522/1/522 523/1/523 
f 404/1/404 522/1/522 526/1/526 406/1/406 
f 527/1/527 528/1/528 529/1/529 530/1/530 
f 518/1/518 529/1/529 528/1/528 515/1/515 
f 520/1/520 531/1/531 529/1/529 518/1/518 
f 530/1/530 529/1/529 531/1/531 532/1/532 
f 524/1/524 533/1/533 534/1/534 523/1/523 
f 530/1/530 534/1/534 533/1/533 527/1/527 
f 532/1/532 535/1/535 534/1/534 530/1/530 
f 523/1/523 534/1/534 535/1/535 525/1/525 
f 470/1/470 469/1/469 536/1/536 519/1/519 
f 537/1/537 536/1/536 469/1/469 444/1/444 
f 538/1/538 539/1/539 536/1/536 537/1/537 
f 519/1/519 536/1/536 539/1/539 520/1/520 
f 406/1/406 526/1/526 540/1/540 411/1/411 
f 541/1/541 540/1/540 526/1/526 525/1/525 
f 542/1/542 543/1/543 540/1/540 541/1/541 
f 411/1/411 540/1/540 543/1/543 412/1/412 
f 520/1/520 539/1/539 544/1/544 531/1/531 
f 545/1/545 544/1/544 539/1/539 538/1/538 
f 546/1/546 547/1/547 544/1/544 545/1/545 
f 531/1/531 544/1/544 547/1/547 532/1/532 
f 542/1/542 541/1/541 548/1/548 549/1/549 
f 535/1/535 548/1/548 541/1/541 525/1/525 
f 532/1/532 547/1/547 548/1/548 535/1/535 
f 549/1/549 548/1/548 547/1/547 546/1/546 
f 444/1/444 443/1/443 550/1/550 537/1/537 
f 551/1/551 550/1/550 443/1/443 379/1/379 
f 550/1/550 551/1/551 552/1/552 
f 553/1/553 538/1/538 537/1/537 
f 412/1/412 543/1/543 554/1/554 417/1/417 
f 555/1/555 554/1/554 543/1/543 542/1/542 
f 556/1/556 557/1/557 554/1/554 555/1/555 
f 417/1/417 554/1/554 557/1/557 418/1/418 
f 558/1/558 545/1/545 538/1/538 
f 553/1/553 552/1/552 559/1/559 
f 560/1/560 561/1/561 558/1/558 559/1/559 
f 545/1/545 558/1/558 561/1/561 546/1/546 
f 556/1/556 555/1/555 562/1/562 563/1/563 
f 549/1/549 562/1/562 555/1/555 542/1/542 
f 546/1/546 561/1/561 562/1/562 549/1/549 
f 563/1/563 562/1/562 561/1/561 560/1/560 
f 556/1/556 564/1/564 565/1/565 557/1/557 
f 566/1/566 565/1/565 564/1/564 567/1/567 
f 423/1/423 565/1/565 566/1/566 424/1/424 
f 418/1/418 557/1/557 565/1/565 423/1/423 
f 379/1/379 378/1/378 568/1/568 551/1/551 
f 569/1/569 568/1/568 378/1/378 381/1/381 
f 568/1/568 569/1/569 570/1/570 
f 571/1/571 552/1/552 551/1/551 
f 552/1/552 571/1/571 572/1/572 559/1/559 
f 573/1/573 572/1/572 571/1/571 570/1/570 
f 574/1/574 575/1/575 572/1/572 573/1/573 
f 559/1/559 572/1/572 575/1/575 560/1/560 
f 567/1/567 564/1/564 576/1/576 577/1/577 
f 563/1/563 576/1/576 564/1/564 556/1/556 
f 560/1/560 575/1/575 576/1/576 563/1/563 
f 577/1/577 576/1/576 575/1/575 574/1/574 
f 438/1/438 578/1/578 579/1/579 435/1/435 
f 424/1/424 566/1/566 578/1/578 438/1/438 
f 567/1/567 580/1/580 578/1/578 566/1/566 
f 580/1/580 581/1/581 579/1/579 
f 582/1/582 583/1/583 584/1/584 
f 569/1/569 582/1/582 585/1/585 570/1/570 
f 582/1/582 569/1/569 381/1/381 
f 583/1/583 582/1/582 398/1/398 394/1/394 
f 581/1/581 580/1/580 586/1/586 587/1/587 
f 577/1/577 586/1/586 580/1/580 567/1/567 
f 586/1/586 577/1/577 574/1/574 
f 587/1/587 586/1/586 588/1/588 589/1/589 
f 589/1/589 588/1/588 590/1/590 591/1/591 
f 573/1/573 590/1/590 588/1/588 574/1/574 
f 570/1/570 585/1/585 590/1/590 573/1/573 
f 591/1/591 590/1/590 585/1/585 584/1/584 
f 305/1/305 301/1/301 592/1/592 593/1/593 
f 340/1/340 592/1/592 301/1/301 300/1/300 
f 341/1/341 594/1/594 592/1/592 340/1/340 
f 593/1/593 592/1/592 594/1/594 595/1/595 
f 596/1/596 597/1/597 598/1/598 
f 53/1/53 596/1/596 599/1/599 50/1/50 
f 596/1/596 53/1/53 55/1/55 
f 597/1/597 596/1/596 153/1/153 152/1/152 
f 593/1/593 600/1/600 601/1/601 305/1/305 
f 595/1/595 602/1/602 600/1/600 593/1/593 
f 603/1/603 600/1/600 602/1/602 604/1/604 
f 605/1/605 601/1/601 600/1/600 603/1/603 
f 606/1/606 607/1/607 173/1/173 172/1/172 
f 608/1/608 607/1/607 606/1/606 605/1/605 
f 158/1/158 161/1/161 607/1/607 608/1/608 
f 163/1/163 173/1/173 607/1/607 161/1/161 
f 605/1/605 609/1/609 610/1/610 608/1/608 
f 597/1/597 610/1/610 609/1/609 598/1/598 
f 152/1/152 159/1/159 610/1/610 597/1/597 
f 608/1/608 610/1/610 159/1/159 158/1/158 
f 604/1/604 611/1/611 612/1/612 603/1/603 
f 598/1/598 609/1/609 612/1/612 611/1/611 
f 603/1/603 612/1/612 609/1/609 605/1/605 
f 172/1/172 267/1/267 613/1/613 606/1/606 
f 304/1/304 613/1/613 267/1/267 266/1/266 
f 305/1/305 601/1/601 613/1/613 304/1/304 
f 606/1/606 613/1/613 601/1/601 605/1/605 
f 453/1/453 480/1/480 614/1/614 456/1/456 
f 480/1/480 479/1/479 615/1/615 
f 616/1/616 617/1/617 614/1/614 615/1/615 
f 456/1/456 614/1/614 617/1/617 458/1/458 
f 615/1/615 618/1/618 619/1/619 616/1/616 
f 511/1/511 618/1/618 615/1/615 479/1/479 
f 514/1/514 620/1/620 618/1/618 511/1/511 
f 621/1/621 619/1/619 618/1/618 620/1/620 
f 622/1/622 621/1/621 620/1/620 
f 623/1/623 624/1/624 620/1/620 514/1/514 
f 625/1/625 622/1/622 624/1/624 
f 507/1/507 626/1/626 627/1/627 513/1/513 
f 626/1/626 628/1/628 629/1/629 
f 627/1/627 629/1/629 625/1/625 
f 514/1/514 513/1/513 627/1/627 623/1/623 
f 503/1/503 630/1/630 631/1/631 510/1/510 
f 632/1/632 631/1/631 630/1/630 633/1/633 
f 628/1/628 626/1/626 631/1/631 632/1/632 
f 510/1/510 631/1/631 626/1/626 507/1/507 
f 633/1/633 630/1/630 634/1/634 635/1/635 
f 506/1/506 634/1/634 630/1/630 503/1/503 
f 497/1/497 636/1/636 634/1/634 506/1/506 
f 635/1/635 634/1/634 636/1/636 637/1/637 
f 637/1/637 636/1/636 638/1/638 639/1/639 
f 500/1/500 638/1/638 636/1/636 497/1/497 
f 502/1/502 640/1/640 638/1/638 500/1/500 
f 639/1/639 638/1/638 640/1/640 641/1/641 
f 642/1/642 643/1/643 644/1/644 645/1/645 
f 639/1/639 643/1/643 642/1/642 637/1/637 
f 641/1/641 644/1/644 643/1/643 639/1/639 
f 646/1/646 647/1/647 648/1/648 649/1/649 
f 635/1/635 648/1/648 647/1/647 633/1/633 
f 637/1/637 642/1/642 648/1/648 635/1/635 
f 649/1/649 648/1/648 642/1/642 645/1/645 
f 650/1/650 651/1/651 652/1/652 653/1/653 
f 632/1/632 652/1/652 651/1/651 628/1/628 
f 633/1/633 647/1/647 652/1/652 632/1/632 
f 653/1/653 652/1/652 647/1/647 646/1/646 
f 629/1/629 654/1/654 655/1/655 625/1/625 
f 628/1/628 651/1/651 654/1/654 629/1/629 
f 650/1/650 656/1/656 654/1/654 651/1/651 
f 655/1/655 654/1/654 656/1/656 657/1/657 
f 658/1/658 659/1/659 660/1/660 
f 621/1/621 622/1/622 661/1/661 660/1/660 
f 625/1/625 655/1/655 661/1/661 622/1/622 
f 657/1/657 658/1/658 661/1/661 655/1/655 
f 616/1/616 619/1/619 662/1/662 663/1/663 
f 660/1/660 662/1/662 619/1/619 621/1/621 
f 662/1/662 660/1/660 659/1/659 
f 664/1/664 665/1/665 663/1/663 
f 663/1/663 666/1/666 617/1/617 616/1/616 
f 665/1/665 667/1/667 666/1/666 663/1/663 
f 666/1/666 667/1/667 668/1/668 
f 617/1/617 666/1/666 669/1/669 458/1/458 
f 670/1/670 460/1/460 458/1/458 
f 669/1/669 668/1/668 671/1/671 
f 672/1/672 673/1/673 670/1/670 671/1/671 
f 673/1/673 245/1/245 460/1/460 
f 245/1/245 673/1/673 674/1/674 244/1/244 
f 675/1/675 674/1/674 673/1/673 672/1/672 
f 676/1/676 677/1/677 674/1/674 675/1/675 
f 244/1/244 674/1/674 677/1/677 246/1/246 
f 246/1/246 677/1/677 678/1/678 249/1/249 
f 679/1/679 678/1/678 677/1/677 676/1/676 
f 678/1/678 679/1/679 680/1/680 
f 249/1/249 678/1/678 681/1/681 250/1/250 
f 263/1/263 260/1/260 682/1/682 683/1/683 
f 253/1/253 682/1/682 260/1/260 254/1/254 
f 250/1/250 681/1/681 682/1/682 253/1/253 
f 683/1/683 682/1/682 681/1/681 680/1/680 
f 684/1/684 685/1/685 686/1/686 
f 687/1/687 688/1/688 686/1/686 689/1/689 
f 690/1/690 684/1/684 688/1/688 687/1/687 
f 680/1/680 691/1/691 692/1/692 683/1/683 
f 693/1/693 692/1/692 691/1/691 685/1/685 
f 694/1/694 695/1/695 692/1/692 693/1/693 
f 683/1/683 692/1/692 695/1/695 263/1/263 
f 263/1/263 695/1/695 696/1/696 262/1/262 
f 697/1/697 696/1/696 695/1/695 694/1/694 
f 698/1/698 699/1/699 696/1/696 697/1/697 
f 262/1/262 696/1/696 699/1/699 264/1/264 
f 264/1/264 699/1/699 700/1/700 701/1/701 
f 702/1/702 700/1/700 699/1/699 698/1/698 
f 703/1/703 704/1/704 700/1/700 702/1/702 
f 701/1/701 700/1/700 704/1/704 705/1/705 
f 706/1/706 707/1/707 705/1/705 
f 706/1/706 704/1/704 703/1/703 
f 708/1/708 706/1/706 709/1/709 710/1/710 
f 706/1/706 708/1/708 711/1/711 707/1/707 
f 147/1/147 259/1/259 712/1/712 151/1/151 
f 713/1/713 712/1/712 259/1/259 258/1/258 
f 714/1/714 715/1/715 712/1/712 713/1/713 
f 151/1/151 712/1/712 715/1/715 148/1/148 
f 258/1/258 265/1/265 716/1/716 713/1/713 
f 265/1/265 264/1/264 701/1/701 
f 716/1/716 701/1/701 705/1/705 
f 713/1/713 716/1/716 717/1/717 714/1/714 
f 714/1/714 717/1/717 718/1/718 719/1/719 
f 707/1/707 718/1/718 717/1/717 705/1/705 
f 711/1/711 720/1/720 718/1/718 707/1/707 
f 719/1/719 718/1/718 720/1/720 721/1/721 
f 722/1/722 115/1/115 113/1/113 149/1/149 
f 723/1/723 722/1/722 149/1/149 148/1/148 
f 724/1/724 725/1/725 722/1/722 723/1/723 
f 117/1/117 115/1/115 722/1/722 725/1/725 
f 148/1/148 715/1/715 726/1/726 723/1/723 
f 719/1/719 726/1/726 715/1/715 714/1/714 
f 721/1/721 727/1/727 726/1/726 719/1/719 
f 723/1/723 726/1/726 727/1/727 724/1/724 
f 721/1/721 728/1/728 729/1/729 727/1/727 
f 730/1/730 731/1/731 729/1/729 728/1/728 
f 724/1/724 727/1/727 729/1/729 731/1/731 
f 711/1/711 732/1/732 733/1/733 720/1/720 
f 734/1/734 733/1/733 732/1/732 735/1/735 
f 730/1/730 728/1/728 733/1/733 734/1/734 
f 720/1/720 733/1/733 728/1/728 721/1/721 
f 736/1/736 693/1/693 685/1/685 
f 684/1/684 690/1/690 737/1/737 
f 738/1/738 739/1/739 736/1/736 737/1/737 
f 693/1/693 736/1/736 739/1/739 694/1/694 
f 740/1/740 741/1/741 742/1/742 743/1/743 
f 744/1/744 742/1/742 741/1/741 745/1/745 
f 746/1/746 747/1/747 742/1/742 744/1/744 
f 743/1/743 742/1/742 747/1/747 690/1/690 
f 738/1/738 737/1/737 748/1/748 749/1/749 
f 737/1/737 690/1/690 747/1/747 
f 749/1/749 748/1/748 747/1/747 746/1/746 
f 694/1/694 739/1/739 750/1/750 697/1/697 
f 751/1/751 750/1/750 739/1/739 738/1/738 
f 752/1/752 753/1/753 750/1/750 751/1/751 
f 697/1/697 750/1/750 753/1/753 698/1/698 
f 752/1/752 751/1/751 754/1/754 755/1/755 
f 738/1/738 749/1/749 754/1/754 751/1/751 
f 746/1/746 756/1/756 754/1/754 749/1/749 
f 755/1/755 754/1/754 756/1/756 757/1/757 
f 757/1/757 756/1/756 758/1/758 759/1/759 
f 744/1/744 758/1/758 756/1/756 746/1/746 
f 745/1/745 760/1/760 758/1/758 744/1/744 
f 759/1/759 758/1/758 760/1/760 761/1/761 
f 762/1/762 702/1/702 698/1/698 
f 763/1/763 762/1/762 753/1/753 752/1/752 
f 764/1/764 762/1/762 763/1/763 765/1/765 
f 703/1/703 702/1/702 762/1/762 764/1/764 
f 765/1/765 763/1/763 766/1/766 767/1/767 
f 755/1/755 766/1/766 763/1/763 752/1/752 
f 757/1/757 768/1/768 766/1/766 755/1/755 
f 767/1/767 766/1/766 768/1/768 769/1/769 
f 769/1/769 768/1/768 770/1/770 771/1/771 
f 759/1/759 770/1/770 768/1/768 757/1/757 
f 761/1/761 772/1/772 770/1/770 759/1/759 
f 771/1/771 770/1/770 772/1/772 773/1/773 
f 740/1/740 774/1/774 775/1/775 741/1/741 
f 776/1/776 775/1/775 774/1/774 777/1/777 
f 778/1/778 779/1/779 775/1/775 776/1/776 
f 745/1/745 741/1/741 775/1/775 779/1/779 
f 779/1/779 780/1/780 760/1/760 745/1/745 
f 781/1/781 780/1/780 779/1/779 778/1/778 
f 782/1/782 783/1/783 780/1/780 781/1/781 
f 760/1/760 780/1/780 783/1/783 761/1/761 
f 761/1/761 783/1/783 784/1/784 772/1/772 
f 785/1/785 784/1/784 783/1/783 782/1/782 
f 786/1/786 787/1/787 784/1/784 785/1/785 
f 772/1/772 784/1/784 787/1/787 773/1/773 
f 773/1/773 787/1/787 788/1/788 789/1/789 
f 790/1/790 788/1/788 787/1/787 786/1/786 
f 791/1/791 792/1/792 788/1/788 790/1/790 
f 789/1/789 788/1/788 792/1/792 793/1/793 
f 786/1/786 794/1/794 795/1/795 790/1/790 
f 796/1/796 795/1/795 794/1/794 797/1/797 
f 798/1/798 799/1/799 795/1/795 796/1/796 
f 790/1/790 795/1/795 799/1/799 791/1/791 
f 800/1/800 689/1/689 801/1/801 
f 801/1/801 802/1/802 803/1/803 
f 804/1/804 800/1/800 805/1/805 803/1/803 
f 689/1/689 800/1/800 806/1/806 687/1/687 
f 807/1/807 806/1/806 800/1/800 804/1/804 
f 808/1/808 809/1/809 806/1/806 807/1/807 
f 687/1/687 806/1/806 809/1/809 690/1/690 
f 777/1/777 774/1/774 810/1/810 811/1/811 
f 743/1/743 810/1/810 774/1/774 740/1/740 
f 690/1/690 809/1/809 810/1/810 743/1/743 
f 811/1/811 810/1/810 809/1/809 808/1/808 
f 811/1/811 812/1/812 813/1/813 777/1/777 
f 814/1/814 812/1/812 811/1/811 808/1/808 
f 815/1/815 813/1/813 812/1/812 814/1/814 
f 777/1/777 813/1/813 816/1/816 776/1/776 
f 817/1/817 816/1/816 813/1/813 815/1/815 
f 818/1/818 819/1/819 816/1/816 817/1/817 
f 776/1/776 816/1/816 819/1/819 778/1/778 
f 778/1/778 819/1/819 820/1/820 781/1/781 
f 821/1/821 820/1/820 819/1/819 818/1/818 
f 822/1/822 823/1/823 820/1/820 821/1/821 
f 781/1/781 820/1/820 823/1/823 782/1/782 
f 797/1/797 794/1/794 824/1/824 825/1/825 
f 785/1/785 824/1/824 794/1/794 786/1/786 
f 782/1/782 823/1/823 824/1/824 785/1/785 
f 825/1/825 824/1/824 823/1/823 822/1/822 
f 802/1/802 826/1/826 827/1/827 803/1/803 
f 828/1/828 827/1/827 826/1/826 829/1/829 
f 830/1/830 831/1/831 827/1/827 828/1/828 
f 803/1/803 827/1/827 831/1/831 804/1/804 
f 804/1/804 831/1/831 832/1/832 807/1/807 
f 833/1/833 832/1/832 831/1/831 830/1/830 
f 834/1/834 835/1/835 832/1/832 833/1/833 
f 807/1/807 832/1/832 835/1/835 808/1/808 
f 836/1/836 837/1/837 838/1/838 839/1/839 
f 840/1/840 838/1/838 837/1/837 841/1/841 
f 840/1/840 834/1/834 833/1/833 
f 830/1/830 839/1/839 838/1/838 833/1/833 
f 808/1/808 835/1/835 842/1/842 814/1/814 
f 843/1/843 842/1/842 835/1/835 834/1/834 
f 844/1/844 845/1/845 842/1/842 843/1/843 
f 814/1/814 842/1/842 845/1/845 815/1/815 
f 843/1/843 846/1/846 847/1/847 844/1/844 
f 834/1/834 840/1/840 846/1/846 843/1/843 
f 841/1/841 848/1/848 846/1/846 840/1/840 
f 847/1/847 846/1/846 848/1/848 849/1/849 
f 815/1/815 845/1/845 850/1/850 817/1/817 
f 851/1/851 850/1/850 845/1/845 844/1/844 
f 852/1/852 853/1/853 850/1/850 851/1/851 
f 817/1/817 850/1/850 853/1/853 818/1/818 
f 854/1/854 855/1/855 856/1/856 857/1/857 
f 851/1/851 856/1/856 855/1/855 852/1/852 
f 844/1/844 847/1/847 856/1/856 851/1/851 
f 857/1/857 856/1/856 847/1/847 849/1/849 
f 818/1/818 853/1/853 858/1/858 821/1/821 
f 859/1/859 858/1/858 853/1/853 852/1/852 
f 858/1/858 859/1/859 860/1/860 861/1/861 
f 821/1/821 858/1/858 861/1/861 822/1/822 
f 862/1/862 863/1/863 864/1/864 865/1/865 
f 859/1/859 864/1/864 863/1/863 860/1/860 
f 852/1/852 855/1/855 864/1/864 859/1/859 
f 855/1/855 854/1/854 865/1/865 
f 866/1/866 867/1/867 868/1/868 869/1/869 
f 870/1/870 868/1/868 867/1/867 871/1/871 
f 872/1/872 873/1/873 868/1/868 870/1/870 
f 869/1/869 868/1/868 873/1/873 874/1/874 
f 875/1/875 876/1/876 877/1/877 878/1/878 
f 879/1/879 877/1/877 876/1/876 880/1/880 
f 881/1/881 882/1/882 877/1/877 879/1/879 
f 878/1/878 877/1/877 882/1/882 883/1/883 
f 884/1/884 885/1/885 886/1/886 887/1/887 
f 878/1/878 886/1/886 885/1/885 875/1/875 
f 883/1/883 888/1/888 886/1/886 878/1/878 
f 887/1/887 886/1/886 888/1/888 889/1/889 
f 889/1/889 890/1/890 891/1/891 887/1/887 
f 869/1/869 891/1/891 890/1/890 866/1/866 
f 874/1/874 892/1/892 891/1/891 869/1/869 
f 887/1/887 891/1/891 892/1/892 884/1/884 
f 880/1/880 876/1/876 893/1/893 894/1/894 
f 895/1/895 893/1/893 876/1/876 875/1/875 
f 896/1/896 897/1/897 893/1/893 895/1/895 
f 894/1/894 893/1/893 897/1/897 898/1/898 
f 899/1/899 900/1/900 901/1/901 902/1/902 
f 895/1/895 901/1/901 900/1/900 896/1/896 
f 875/1/875 885/1/885 901/1/901 895/1/895 
f 902/1/902 901/1/901 885/1/885 884/1/884 
f 884/1/884 892/1/892 903/1/903 902/1/902 
f 892/1/892 874/1/874 904/1/904 
f 905/1/905 906/1/906 903/1/903 904/1/904 
f 902/1/902 903/1/903 906/1/906 899/1/899 
f 898/1/898 897/1/897 907/1/907 908/1/908 
f 909/1/909 907/1/907 897/1/897 896/1/896 
f 910/1/910 911/1/911 907/1/907 909/1/909 
f 908/1/908 907/1/907 911/1/911 912/1/912 
f 829/1/829 826/1/826 913/1/913 914/1/914 
f 915/1/915 913/1/913 826/1/826 802/1/802 
f 916/1/916 917/1/917 913/1/913 915/1/915 
f 914/1/914 913/1/913 917/1/917 918/1/918 
f 912/1/912 911/1/911 919/1/919 920/1/920 
f 921/1/921 919/1/919 911/1/911 910/1/910 
f 922/1/922 923/1/923 919/1/919 921/1/921 
f 920/1/920 919/1/919 923/1/923 924/1/924 
f 925/1/925 926/1/926 927/1/927 928/1/928 
f 909/1/909 927/1/927 926/1/926 910/1/910 
f 896/1/896 900/1/900 927/1/927 909/1/909 
f 928/1/928 927/1/927 900/1/900 899/1/899 
f 922/1/922 921/1/921 929/1/929 930/1/930 
f 910/1/910 926/1/926 929/1/929 921/1/921 
f 929/1/929 926/1/926 925/1/925 
f 899/1/899 906/1/906 931/1/931 928/1/928 
f 932/1/932 931/1/931 906/1/906 905/1/905 
f 931/1/931 932/1/932 933/1/933 
f 928/1/928 931/1/931 934/1/934 925/1/925 
f 935/1/935 930/1/930 925/1/925 
f 934/1/934 933/1/933 936/1/936 
f 935/1/935 936/1/936 937/1/937 
f 938/1/938 922/1/922 930/1/930 
f 918/1/918 917/1/917 939/1/939 940/1/940 
f 941/1/941 939/1/939 917/1/917 916/1/916 
f 924/1/924 923/1/923 939/1/939 941/1/941 
f 940/1/940 939/1/939 923/1/923 922/1/922 
f 874/1/874 873/1/873 942/1/942 904/1/904 
f 943/1/943 942/1/942 873/1/873 872/1/872 
f 944/1/944 945/1/945 942/1/942 943/1/943 
f 904/1/904 942/1/942 945/1/945 905/1/905 
f 905/1/905 945/1/945 946/1/946 932/1/932 
f 947/1/947 946/1/946 945/1/945 944/1/944 
f 948/1/948 949/1/949 946/1/946 947/1/947 
f 932/1/932 946/1/946 949/1/949 933/1/933 
f 948/1/948 947/1/947 950/1/950 951/1/951 
f 947/1/947 944/1/944 952/1/952 
f 953/1/953 954/1/954 950/1/950 952/1/952 
f 951/1/951 950/1/950 954/1/954 955/1/955 
f 956/1/956 957/1/957 958/1/958 959/1/959 
f 940/1/940 958/1/958 957/1/957 918/1/918 
f 922/1/922 938/1/938 958/1/958 940/1/940 
f 959/1/959 958/1/958 938/1/938 937/1/937 
f 937/1/937 936/1/936 960/1/960 959/1/959 
f 949/1/949 960/1/960 936/1/936 933/1/933 
f 948/1/948 961/1/961 960/1/960 949/1/949 
f 959/1/959 960/1/960 961/1/961 956/1/956 
f 829/1/829 962/1/962 963/1/963 828/1/828 
f 964/1/964 963/1/963 962/1/962 965/1/965 
f 836/1/836 839/1/839 963/1/963 964/1/964 
f 828/1/828 963/1/963 839/1/839 830/1/830 
f 966/1/966 967/1/967 968/1/968 969/1/969 
f 967/1/967 956/1/956 961/1/961 
f 951/1/951 968/1/968 961/1/961 948/1/948 
f 951/1/951 955/1/955 969/1/969 
f 965/1/965 962/1/962 970/1/970 971/1/971 
f 962/1/962 829/1/829 914/1/914 
f 970/1/970 914/1/914 918/1/918 
f 971/1/971 970/1/970 957/1/957 956/1/956 
f 971/1/971 972/1/972 973/1/973 965/1/965 
f 956/1/956 967/1/967 972/1/972 971/1/971 
f 966/1/966 973/1/973 972/1/972 967/1/967 
f 974/1/974 975/1/975 976/1/976 977/1/977 
f 339/1/339 976/1/976 975/1/975 336/1/336 
f 343/1/343 978/1/978 976/1/976 339/1/339 
f 977/1/977 976/1/976 978/1/978 979/1/979 
f 979/1/979 978/1/978 980/1/980 981/1/981 
f 345/1/345 980/1/980 978/1/978 343/1/343 
f 347/1/347 982/1/982 980/1/980 345/1/345 
f 981/1/981 980/1/980 982/1/982 983/1/983 
f 984/1/984 985/1/985 986/1/986 987/1/987 
f 982/1/982 986/1/986 985/1/985 983/1/983 
f 349/1/349 986/1/986 982/1/982 347/1/347 
f 351/1/351 987/1/987 986/1/986 349/1/349 
f 984/1/984 987/1/987 988/1/988 989/1/989 
f 353/1/353 988/1/988 987/1/987 351/1/351 
f 355/1/355 990/1/990 988/1/988 353/1/353 
f 989/1/989 988/1/988 990/1/990 991/1/991 
f 991/1/991 990/1/990 992/1/992 993/1/993 
f 357/1/357 992/1/992 990/1/990 355/1/355 
f 359/1/359 994/1/994 992/1/992 357/1/357 
f 993/1/993 992/1/992 994/1/994 995/1/995 
f 995/1/995 994/1/994 996/1/996 997/1/997 
f 361/1/361 996/1/996 994/1/994 359/1/359 
f 363/1/363 998/1/998 996/1/996 361/1/361 
f 997/1/997 996/1/996 998/1/998 999/1/999 
f 999/1/999 998/1/998 1000/1/1000 1001/1/1001 
f 365/1/365 1000/1/1000 998/1/998 363/1/363 
f 367/1/367 1002/1/1002 1000/1/1000 365/1/365 
f 1001/1/1001 1000/1/1000 1002/1/1002 1003/1/1003 
f 1003/1/1003 1002/1/1002 1004/1/1004 1005/1/1005 
f 369/1/369 1004/1/1004 1002/1/1002 367/1/367 
f 371/1/371 1006/1/1006 1004/1/1004 369/1/369 
f 1005/1/1005 1004/1/1004 1006/1/1006 1007/1/1007 
f 1008/1/1008 1009/1/1009 1010/1/1010 1011/1/1011 
f 1006/1/1006 1010/1/1010 1009/1/1009 1007/1/1007 
f 373/1/373 1010/1/1010 1006/1/1006 371/1/371 
f 375/1/375 1011/1/1011 1010/1/1010 373/1/373 
f 1012/1/1012 1013/1/1013 1014/1/1014 1015/1/1015 
f 1009/1/1009 1013/1/1013 1012/1/1012 1007/1/1007 
f 1016/1/1016 1013/1/1013 1009/1/1009 1008/1/1008 
f 1017/1/1017 1014/1/1014 1013/1/1013 1016/1/1016 
f 1018/1/1018 1019/1/1019 1020/1/1020 1021/1/1021 
f 1022/1/1022 1020/1/1020 1019/1/1019 1023/1/1023 
f 974/1/974 977/1/977 1020/1/1020 1022/1/1022 
f 1021/1/1021 1020/1/1020 977/1/977 979/1/979 
f 1024/1/1024 1025/1/1025 1026/1/1026 1027/1/1027 
f 1021/1/1021 1026/1/1026 1025/1/1025 1018/1/1018 
f 979/1/979 981/1/981 1026/1/1026 1021/1/1021 
f 1027/1/1027 1026/1/1026 981/1/981 983/1/983 
f 1028/1/1028 1029/1/1029 1030/1/1030 1031/1/1031 
f 1027/1/1027 1030/1/1030 1029/1/1029 1024/1/1024 
f 983/1/983 985/1/985 1030/1/1030 1027/1/1027 
f 1031/1/1031 1030/1/1030 985/1/985 984/1/984 
f 1032/1/1032 1033/1/1033 1034/1/1034 1035/1/1035 
f 1031/1/1031 1034/1/1034 1033/1/1033 1028/1/1028 
f 984/1/984 989/1/989 1034/1/1034 1031/1/1031 
f 991/1/991 1035/1/1035 1034/1/1034 989/1/989 
f 1036/1/1036 1037/1/1037 1038/1/1038 1039/1/1039 
f 1035/1/1035 1038/1/1038 1037/1/1037 1032/1/1032 
f 993/1/993 1038/1/1038 1035/1/1035 991/1/991 
f 995/1/995 1039/1/1039 1038/1/1038 993/1/993 
f 1040/1/1040 1041/1/1041 1042/1/1042 1043/1/1043 
f 1039/1/1039 1042/1/1042 1041/1/1041 1036/1/1036 
f 997/1/997 1042/1/1042 1039/1/1039 995/1/995 
f 999/1/999 1043/1/1043 1042/1/1042 997/1/997 
f 1040/1/1040 1043/1/1043 1044/1/1044 1045/1/1045 
f 1001/1/1001 1044/1/1044 1043/1/1043 999/1/999 
f 1003/1/1003 1046/1/1046 1044/1/1044 1001/1/1001 
f 1045/1/1045 1044/1/1044 1046/1/1046 1047/1/1047 
f 1048/1/1048 1049/1/1049 1050/1/1050 
f 1047/1/1047 1046/1/1046 1051/1/1051 1050/1/1050 
f 1005/1/1005 1051/1/1051 1046/1/1046 1003/1/1003 
f 1048/1/1048 1051/1/1051 1005/1/1005 1007/1/1007 
f 1049/1/1049 1048/1/1048 1052/1/1052 1053/1/1053 
f 1012/1/1012 1052/1/1052 1048/1/1048 1007/1/1007 
f 1015/1/1015 1054/1/1054 1052/1/1052 1012/1/1012 
f 1053/1/1053 1052/1/1052 1054/1/1054 1055/1/1055 
f 1023/1/1023 1019/1/1019 1056/1/1056 1057/1/1057 
f 1058/1/1058 1056/1/1056 1019/1/1019 1018/1/1018 
f 1059/1/1059 1060/1/1060 1056/1/1056 1058/1/1058 
f 1057/1/1057 1056/1/1056 1060/1/1060 1061/1/1061 
f 1018/1/1018 1025/1/1025 1062/1/1062 1058/1/1058 
f 1063/1/1063 1062/1/1062 1025/1/1025 1024/1/1024 
f 1064/1/1064 1065/1/1065 1062/1/1062 1063/1/1063 
f 1058/1/1058 1062/1/1062 1065/1/1065 1059/1/1059 
f 1024/1/1024 1029/1/1029 1066/1/1066 1063/1/1063 
f 1067/1/1067 1066/1/1066 1029/1/1029 1028/1/1028 
f 1068/1/1068 1069/1/1069 1066/1/1066 1067/1/1067 
f 1063/1/1063 1066/1/1066 1069/1/1069 1064/1/1064 
f 1028/1/1028 1033/1/1033 1070/1/1070 1067/1/1067 
f 1071/1/1071 1070/1/1070 1033/1/1033 1032/1/1032 
f 1072/1/1072 1073/1/1073 1070/1/1070 1071/1/1071 
f 1067/1/1067 1070/1/1070 1073/1/1073 1068/1/1068 
f 1074/1/1074 1075/1/1075 1076/1/1076 1077/1/1077 
f 1078/1/1078 1076/1/1076 1075/1/1075 1079/1/1079 
f 1061/1/1061 1060/1/1060 1076/1/1076 1078/1/1078 
f 1077/1/1077 1076/1/1076 1060/1/1060 1059/1/1059 
f 1080/1/1080 1081/1/1081 1082/1/1082 1083/1/1083 
f 1077/1/1077 1081/1/1081 1080/1/1080 1074/1/1074 
f 1059/1/1059 1065/1/1065 1081/1/1081 1077/1/1077 
f 1082/1/1082 1081/1/1081 1065/1/1065 1064/1/1064 
f 1084/1/1084 1085/1/1085 1086/1/1086 1087/1/1087 
f 1083/1/1083 1082/1/1082 1085/1/1085 1084/1/1084 
f 1064/1/1064 1069/1/1069 1085/1/1085 1082/1/1082 
f 1086/1/1086 1085/1/1085 1069/1/1069 1068/1/1068 
f 1088/1/1088 1089/1/1089 1090/1/1090 1091/1/1091 
f 1092/1/1092 1093/1/1093 1090/1/1090 1089/1/1089 
f 1094/1/1094 1090/1/1090 1093/1/1093 1095/1/1095 
f 1091/1/1091 1090/1/1090 1094/1/1094 1096/1/1096 
f 1096/1/1096 1094/1/1094 1097/1/1097 1098/1/1098 
f 1099/1/1099 1097/1/1097 1094/1/1094 1095/1/1095 
f 1100/1/1100 1101/1/1101 1097/1/1097 1099/1/1099 
f 1098/1/1098 1097/1/1097 1101/1/1101 1102/1/1102 
f 1102/1/1102 1101/1/1101 1103/1/1103 1104/1/1104 
f 1105/1/1105 1103/1/1103 1101/1/1101 1100/1/1100 
f 1106/1/1106 1107/1/1107 1103/1/1103 1105/1/1105 
f 1104/1/1104 1103/1/1103 1107/1/1107 1108/1/1108 
f 1108/1/1108 1107/1/1107 1109/1/1109 1110/1/1110 
f 1111/1/1111 1109/1/1109 1107/1/1107 1106/1/1106 
f 1112/1/1112 1113/1/1113 1109/1/1109 1111/1/1111 
f 1110/1/1110 1109/1/1109 1113/1/1113 1114/1/1114 
f 1114/1/1114 1113/1/1113 1115/1/1115 1116/1/1116 
f 1117/1/1117 1115/1/1115 1113/1/1113 1112/1/1112 
f 1118/1/1118 1119/1/1119 1115/1/1115 1117/1/1117 
f 1116/1/1116 1115/1/1115 1119/1/1119 1120/1/1120 
f 1120/1/1120 1119/1/1119 1121/1/1121 1122/1/1122 
f 1123/1/1123 1121/1/1121 1119/1/1119 1118/1/1118 
f 1124/1/1124 1125/1/1125 1121/1/1121 1123/1/1123 
f 1126/1/1126 1122/1/1122 1121/1/1121 1125/1/1125 
f 1127/1/1127 1128/1/1128 1129/1/1129 1130/1/1130 
f 1126/1/1126 1125/1/1125 1128/1/1128 1127/1/1127 
f 1131/1/1131 1128/1/1128 1125/1/1125 1124/1/1124 
f 1132/1/1132 1129/1/1129 1128/1/1128 1131/1/1131 
f 1130/1/1130 1129/1/1129 1133/1/1133 1134/1/1134 
f 1135/1/1135 1133/1/1133 1129/1/1129 1132/1/1132 
f 1136/1/1136 1137/1/1137 1133/1/1133 1135/1/1135 
f 1134/1/1134 1133/1/1133 1137/1/1137 1138/1/1138 
f 1139/1/1139 1140/1/1140 1141/1/1141 1142/1/1142 
f 1137/1/1137 1141/1/1141 1140/1/1140 1138/1/1138 
f 1143/1/1143 1141/1/1141 1137/1/1137 1136/1/1136 
f 1144/1/1144 1142/1/1142 1141/1/1141 1143/1/1143 
f 1139/1/1139 1142/1/1142 1145/1/1145 1146/1/1146 
f 1147/1/1147 1145/1/1145 1142/1/1142 1144/1/1144 
f 1148/1/1148 1149/1/1149 1145/1/1145 1147/1/1147 
f 1146/1/1146 1145/1/1145 1149/1/1149 1150/1/1150 
f 1151/1/1151 1152/1/1152 1153/1/1153 1154/1/1154 
f 1155/1/1155 1156/1/1156 1153/1/1153 1152/1/1152 
f 1099/1/1099 1153/1/1153 1156/1/1156 1100/1/1100 
f 1154/1/1154 1153/1/1153 1099/1/1099 1095/1/1095 
f 1155/1/1155 1157/1/1157 1158/1/1158 1159/1/1159 
f 1080/1/1080 1158/1/1158 1157/1/1157 1074/1/1074 
f 1083/1/1083 1160/1/1160 1158/1/1158 1080/1/1080 
f 1159/1/1159 1158/1/1158 1160/1/1160 1161/1/1161 
f 1161/1/1161 1162/1/1162 1163/1/1163 1159/1/1159 
f 1105/1/1105 1163/1/1163 1162/1/1162 1106/1/1106 
f 1100/1/1100 1156/1/1156 1163/1/1163 1105/1/1105 
f 1159/1/1159 1163/1/1163 1156/1/1156 1155/1/1155 
f 1161/1/1161 1160/1/1160 1164/1/1164 1165/1/1165 
f 1084/1/1084 1164/1/1164 1160/1/1160 1083/1/1083 
f 1087/1/1087 1166/1/1166 1164/1/1164 1084/1/1084 
f 1165/1/1165 1164/1/1164 1166/1/1166 1167/1/1167 
f 1167/1/1167 1168/1/1168 1169/1/1169 1165/1/1165 
f 1111/1/1111 1169/1/1169 1168/1/1168 1112/1/1112 
f 1106/1/1106 1162/1/1162 1169/1/1169 1111/1/1111 
f 1165/1/1165 1169/1/1169 1162/1/1162 1161/1/1161 
f 1170/1/1170 1171/1/1171 1172/1/1172 1173/1/1173 
f 1117/1/1117 1172/1/1172 1171/1/1171 1118/1/1118 
f 1112/1/1112 1168/1/1168 1172/1/1172 1117/1/1117 
f 1173/1/1173 1172/1/1172 1168/1/1168 1167/1/1167 
f 1123/1/1123 1174/1/1174 1175/1/1175 1124/1/1124 
f 1118/1/1118 1171/1/1171 1174/1/1174 1123/1/1123 
f 1176/1/1176 1174/1/1174 1171/1/1171 1170/1/1170 
f 1177/1/1177 1175/1/1175 1174/1/1174 1176/1/1176 
f 1178/1/1178 1179/1/1179 1180/1/1180 1181/1/1181 
f 1131/1/1131 1180/1/1180 1179/1/1179 1132/1/1132 
f 1124/1/1124 1175/1/1175 1180/1/1180 1131/1/1131 
f 1181/1/1181 1180/1/1180 1175/1/1175 1177/1/1177 
f 1182/1/1182 1183/1/1183 1184/1/1184 1185/1/1185 
f 1135/1/1135 1184/1/1184 1183/1/1183 1136/1/1136 
f 1132/1/1132 1179/1/1179 1184/1/1184 1135/1/1135 
f 1185/1/1185 1184/1/1184 1179/1/1179 1178/1/1178 
f 1186/1/1186 1187/1/1187 1188/1/1188 1189/1/1189 
f 1143/1/1143 1188/1/1188 1187/1/1187 1144/1/1144 
f 1136/1/1136 1183/1/1183 1188/1/1188 1143/1/1143 
f 1189/1/1189 1188/1/1188 1183/1/1183 1182/1/1182 
f 1190/1/1190 1191/1/1191 1192/1/1192 
f 1193/1/1193 1190/1/1190 1194/1/1194 1079/1/1079 
f 1151/1/1151 1195/1/1195 1190/1/1190 1193/1/1193 
f 1191/1/1191 1190/1/1190 1195/1/1195 1196/1/1196 
f 1095/1/1095 1093/1/1093 1197/1/1197 1154/1/1154 
f 1198/1/1198 1197/1/1197 1093/1/1093 1092/1/1092 
f 1196/1/1196 1195/1/1195 1197/1/1197 1198/1/1198 
f 1154/1/1154 1197/1/1197 1195/1/1195 1151/1/1151 
f 1079/1/1079 1075/1/1075 1199/1/1199 1193/1/1193 
f 1157/1/1157 1199/1/1199 1075/1/1075 1074/1/1074 
f 1155/1/1155 1152/1/1152 1199/1/1199 1157/1/1157 
f 1193/1/1193 1199/1/1199 1152/1/1152 1151/1/1151 
f 393/1/393 390/1/390 1200/1/1200 1201/1/1201 
f 387/1/387 1200/1/1200 390/1/390 388/1/388 
f 20/1/20 1202/1/1202 1200/1/1200 387/1/387 
f 1201/1/1201 1200/1/1200 1202/1/1202 1203/1/1203 
f 1202/1/1202 1204/1/1204 1205/1/1205 1203/1/1203 
f 19/1/19 1204/1/1204 1202/1/1202 20/1/20 
f 18/1/18 51/1/51 1204/1/1204 19/1/19 
f 1205/1/1205 1204/1/1204 51/1/51 50/1/50 
f 1206/1/1206 584/1/584 583/1/583 
f 392/1/392 1207/1/1207 583/1/583 394/1/394 
f 393/1/393 1208/1/1208 1207/1/1207 392/1/392 
f 1209/1/1209 1206/1/1206 1207/1/1207 1208/1/1208 
f 1210/1/1210 1211/1/1211 1212/1/1212 
f 1212/1/1212 1203/1/1203 1205/1/1205 
f 50/1/50 599/1/599 1213/1/1213 1205/1/1205 
f 599/1/599 598/1/598 1210/1/1210 
f 1214/1/1214 1215/1/1215 1216/1/1216 1217/1/1217 
f 1215/1/1215 1209/1/1209 1208/1/1208 
f 393/1/393 1201/1/1201 1216/1/1216 1208/1/1208 
f 1217/1/1217 1216/1/1216 1201/1/1201 1203/1/1203 
f 1217/1/1217 1218/1/1218 1219/1/1219 1214/1/1214 
f 1203/1/1203 1212/1/1212 1218/1/1218 1217/1/1217 
f 1211/1/1211 1219/1/1219 1218/1/1218 1212/1/1212 
f 584/1/584 1206/1/1206 1220/1/1220 591/1/591 
f 1206/1/1206 1209/1/1209 1221/1/1221 
f 1222/1/1222 1223/1/1223 1220/1/1220 1221/1/1221 
f 591/1/591 1220/1/1220 1223/1/1223 589/1/589 
f 1211/1/1211 1210/1/1210 1224/1/1224 1225/1/1225 
f 611/1/611 1224/1/1224 1210/1/1210 598/1/598 
f 604/1/604 1226/1/1226 1224/1/1224 611/1/611 
f 1225/1/1225 1224/1/1224 1226/1/1226 1227/1/1227 
f 1228/1/1228 1229/1/1229 1230/1/1230 1231/1/1231 
f 1221/1/1221 1230/1/1230 1229/1/1229 1222/1/1222 
f 1209/1/1209 1215/1/1215 1230/1/1230 1221/1/1221 
f 1231/1/1231 1230/1/1230 1215/1/1215 1214/1/1214 
f 1214/1/1214 1219/1/1219 1232/1/1232 1231/1/1231 
f 1225/1/1225 1232/1/1232 1219/1/1219 1211/1/1211 
f 1227/1/1227 1233/1/1233 1232/1/1232 1225/1/1225 
f 1231/1/1231 1232/1/1232 1233/1/1233 1228/1/1228 
f 604/1/604 602/1/602 1234/1/1234 1226/1/1226 
f 1235/1/1235 1234/1/1234 602/1/602 595/1/595 
f 1236/1/1236 1234/1/1234 1235/1/1235 1237/1/1237 
f 1227/1/1227 1226/1/1226 1234/1/1234 1236/1/1236 
f 1238/1/1238 1239/1/1239 1240/1/1240 1241/1/1241 
f 587/1/587 1240/1/1240 1239/1/1239 581/1/581 
f 589/1/589 1223/1/1223 1240/1/1240 587/1/587 
f 1241/1/1241 1240/1/1240 1223/1/1223 1222/1/1222 
f 1222/1/1222 1229/1/1229 1242/1/1242 1241/1/1241 
f 1243/1/1243 1242/1/1242 1229/1/1229 1228/1/1228 
f 1244/1/1244 1245/1/1245 1242/1/1242 1243/1/1243 
f 1241/1/1241 1242/1/1242 1245/1/1245 1238/1/1238 
f 1228/1/1228 1233/1/1233 1246/1/1246 1243/1/1243 
f 1236/1/1236 1246/1/1246 1233/1/1233 1227/1/1227 
f 1237/1/1237 1247/1/1247 1246/1/1246 1236/1/1236 
f 1243/1/1243 1246/1/1246 1247/1/1247 1244/1/1244 
f 435/1/435 579/1/579 1248/1/1248 1249/1/1249 
f 579/1/579 581/1/581 1239/1/1239 
f 1238/1/1238 1250/1/1250 1248/1/1248 1239/1/1239 
f 1249/1/1249 1248/1/1248 1250/1/1250 1251/1/1251 
f 1251/1/1251 1252/1/1252 1253/1/1253 1249/1/1249 
f 432/1/432 436/1/436 1253/1/1253 1252/1/1252 
f 1249/1/1249 1253/1/1253 436/1/436 435/1/435 
f 1237/1/1237 1235/1/1235 1254/1/1254 1255/1/1255 
f 1254/1/1254 1235/1/1235 595/1/595 
f 1256/1/1256 1254/1/1254 594/1/594 341/1/341 
f 1255/1/1255 1254/1/1254 1256/1/1256 1257/1/1257 
f 1258/1/1258 1259/1/1259 1260/1/1260 1261/1/1261 
f 1250/1/1250 1260/1/1260 1259/1/1259 1251/1/1251 
f 1238/1/1238 1245/1/1245 1260/1/1260 1250/1/1250 
f 1261/1/1261 1260/1/1260 1245/1/1245 1244/1/1244 
f 1244/1/1244 1247/1/1247 1262/1/1262 1261/1/1261 
f 1255/1/1255 1262/1/1262 1247/1/1247 1237/1/1237 
f 1257/1/1257 1263/1/1263 1262/1/1262 1255/1/1255 
f 1263/1/1263 1258/1/1258 1261/1/1261 
f 432/1/432 1252/1/1252 1264/1/1264 433/1/433 
f 1265/1/1265 1264/1/1264 1252/1/1252 1251/1/1251 
f 1266/1/1266 1267/1/1267 1264/1/1264 1265/1/1265 
f 433/1/433 1264/1/1264 1267/1/1267 434/1/434 
f 1268/1/1268 1269/1/1269 1270/1/1270 1271/1/1271 
f 1256/1/1256 1270/1/1270 1269/1/1269 1257/1/1257 
f 341/1/341 337/1/337 1270/1/1270 1256/1/1256 
f 1271/1/1271 1270/1/1270 337/1/337 336/1/336 
f 1266/1/1266 1265/1/1265 1272/1/1272 1273/1/1273 
f 1259/1/1259 1272/1/1272 1265/1/1265 1251/1/1251 
f 1258/1/1258 1274/1/1274 1272/1/1272 1259/1/1259 
f 1273/1/1273 1272/1/1272 1274/1/1274 1275/1/1275 
f 1258/1/1258 1263/1/1263 1276/1/1276 1274/1/1274 
f 1257/1/1257 1269/1/1269 1276/1/1276 1263/1/1263 
f 1277/1/1277 1276/1/1276 1269/1/1269 1268/1/1268 
f 1274/1/1274 1276/1/1276 1277/1/1277 1275/1/1275 
f 1278/1/1278 1279/1/1279 1280/1/1280 1281/1/1281 
f 430/1/430 1279/1/1279 1278/1/1278 427/1/427 
f 434/1/434 1282/1/1282 1279/1/1279 430/1/430 
f 1283/1/1283 1280/1/1280 1279/1/1279 1282/1/1282 
f 1284/1/1284 1285/1/1285 1286/1/1286 1287/1/1287 
f 1271/1/1271 1286/1/1286 1285/1/1285 1268/1/1268 
f 336/1/336 975/1/975 1286/1/1286 1271/1/1271 
f 1287/1/1287 1286/1/1286 975/1/975 974/1/974 
f 434/1/434 1267/1/1267 1288/1/1288 1282/1/1282 
f 1266/1/1266 1289/1/1289 1288/1/1288 1267/1/1267 
f 1282/1/1282 1288/1/1288 1289/1/1289 1283/1/1283 
f 1290/1/1290 1291/1/1291 1281/1/1281 
f 1292/1/1292 1290/1/1290 1280/1/1280 1283/1/1283 
f 1293/1/1293 1294/1/1294 1290/1/1290 1292/1/1292 
f 1291/1/1291 1290/1/1290 1294/1/1294 1192/1/1192 
f 1196/1/1196 1295/1/1295 1296/1/1296 1191/1/1191 
f 1295/1/1295 1281/1/1281 1291/1/1291 
f 1192/1/1192 1191/1/1191 1296/1/1296 1291/1/1291 
f 1287/1/1287 1297/1/1297 1298/1/1298 1284/1/1284 
f 974/1/974 1022/1/1022 1297/1/1297 1287/1/1287 
f 1023/1/1023 1299/1/1299 1297/1/1297 1022/1/1022 
f 1298/1/1298 1297/1/1297 1299/1/1299 1192/1/1192 
f 1300/1/1300 1301/1/1301 1294/1/1294 1293/1/1293 
f 1284/1/1284 1298/1/1298 1301/1/1301 1300/1/1300 
f 1294/1/1294 1301/1/1301 1298/1/1298 1192/1/1192 
f 1023/1/1023 1057/1/1057 1302/1/1302 1299/1/1299 
f 1078/1/1078 1302/1/1302 1057/1/1057 1061/1/1061 
f 1079/1/1079 1194/1/1194 1302/1/1302 1078/1/1078 
f 1194/1/1194 1192/1/1192 1299/1/1299 
f 1268/1/1268 1285/1/1285 1303/1/1303 1277/1/1277 
f 1300/1/1300 1303/1/1303 1285/1/1285 1284/1/1284 
f 1293/1/1293 1304/1/1304 1303/1/1303 1300/1/1300 
f 1277/1/1277 1303/1/1303 1304/1/1304 1275/1/1275 
f 1283/1/1283 1289/1/1289 1305/1/1305 1292/1/1292 
f 1273/1/1273 1305/1/1305 1289/1/1289 1266/1/1266 
f 1275/1/1275 1304/1/1304 1305/1/1305 1273/1/1273 
f 1292/1/1292 1305/1/1305 1304/1/1304 1293/1/1293 
f 1306/1/1306 1307/1/1307 1281/1/1281 
f 1198/1/1198 1306/1/1306 1295/1/1295 1196/1/1196 
f 1092/1/1092 1308/1/1308 1306/1/1306 1198/1/1198 
f 1307/1/1307 1306/1/1306 1308/1/1308 1309/1/1309 
f 1089/1/1089 1310/1/1310 1308/1/1308 1092/1/1092 
f 1311/1/1311 1310/1/1310 1089/1/1089 1088/1/1088 
f 1312/1/1312 1313/1/1313 1310/1/1310 1311/1/1311 
f 1308/1/1308 1310/1/1310 1313/1/1313 1309/1/1309 
f 1314/1/1314 1315/1/1315 1316/1/1316 1317/1/1317 
f 400/1/400 403/1/403 1315/1/1315 1314/1/1314 
f 408/1/408 1318/1/1318 1315/1/1315 403/1/403 
f 1316/1/1316 1315/1/1315 1318/1/1318 1319/1/1319 
f 1319/1/1319 1318/1/1318 1320/1/1320 1321/1/1321 
f 410/1/410 1320/1/1320 1318/1/1318 408/1/408 
f 414/1/414 1322/1/1322 1320/1/1320 410/1/410 
f 1321/1/1321 1320/1/1320 1322/1/1322 1323/1/1323 
f 420/1/420 1324/1/1324 1325/1/1325 416/1/416 
f 1326/1/1326 1325/1/1325 1324/1/1324 1327/1/1327 
f 1323/1/1323 1322/1/1322 1325/1/1325 1326/1/1326 
f 416/1/416 1325/1/1325 1322/1/1322 414/1/414 
f 426/1/426 428/1/428 1328/1/1328 422/1/422 
f 1329/1/1329 1328/1/1328 428/1/428 427/1/427 
f 1327/1/1327 1324/1/1324 1328/1/1328 1329/1/1329 
f 422/1/422 1328/1/1328 1324/1/1324 420/1/420 
f 427/1/427 1278/1/1278 1330/1/1330 1329/1/1329 
f 1307/1/1307 1330/1/1330 1278/1/1278 1281/1/1281 
f 1309/1/1309 1331/1/1331 1330/1/1330 1307/1/1307 
f 1329/1/1329 1330/1/1330 1331/1/1331 1327/1/1327 
f 1332/1/1332 1333/1/1333 1334/1/1334 1335/1/1335 
f 1326/1/1326 1334/1/1334 1333/1/1333 1323/1/1323 
f 1334/1/1334 1326/1/1326 1327/1/1327 
f 1335/1/1335 1334/1/1334 1336/1/1336 1337/1/1337 
f 1331/1/1331 1338/1/1338 1336/1/1336 1327/1/1327 
f 1339/1/1339 1338/1/1338 1331/1/1331 1309/1/1309 
f 1337/1/1337 1336/1/1336 1338/1/1338 1339/1/1339 
f 1340/1/1340 1341/1/1341 1342/1/1342 1343/1/1343 
f 1339/1/1339 1342/1/1342 1341/1/1341 1337/1/1337 
f 1342/1/1342 1339/1/1339 1309/1/1309 
f 1313/1/1313 1312/1/1312 1343/1/1343 
f 1337/1/1337 1341/1/1341 1344/1/1344 1335/1/1335 
f 1341/1/1341 1340/1/1340 1345/1/1345 
f 1346/1/1346 1347/1/1347 1344/1/1344 1345/1/1345 
f 1335/1/1335 1344/1/1344 1347/1/1347 1332/1/1332 
f 1348/1/1348 1349/1/1349 1350/1/1350 1351/1/1351 
f 870/1/870 1350/1/1350 1349/1/1349 872/1/872 
f 871/1/871 1352/1/1352 1350/1/1350 870/1/870 
f 1351/1/1351 1350/1/1350 1352/1/1352 1353/1/1353 
f 1354/1/1354 1355/1/1355 1356/1/1356 1357/1/1357 
f 943/1/943 1356/1/1356 1355/1/1355 944/1/944 
f 872/1/872 1349/1/1349 1356/1/1356 943/1/943 
f 1357/1/1357 1356/1/1356 1349/1/1349 1348/1/1348 
f 944/1/944 1355/1/1355 1358/1/1358 952/1/952 
f 1359/1/1359 1358/1/1358 1355/1/1355 1354/1/1354 
f 1360/1/1360 1361/1/1361 1358/1/1358 1359/1/1359 
f 952/1/952 1358/1/1358 1361/1/1361 953/1/953 
f 953/1/953 1361/1/1361 1362/1/1362 954/1/954 
f 1361/1/1361 1360/1/1360 1363/1/1363 
f 1364/1/1364 1365/1/1365 1362/1/1362 1363/1/1363 
f 954/1/954 1362/1/1362 1365/1/1365 955/1/955 
f 955/1/955 1365/1/1365 1366/1/1366 969/1/969 
f 1367/1/1367 1366/1/1366 1365/1/1365 1364/1/1364 
f 1368/1/1368 1369/1/1369 1366/1/1366 1367/1/1367 
f 969/1/969 1366/1/1366 1369/1/1369 966/1/966 
f 1370/1/1370 1371/1/1371 1372/1/1372 
f 973/1/973 1370/1/1370 1373/1/1373 965/1/965 
f 966/1/966 1369/1/1369 1370/1/1370 973/1/973 
f 1371/1/1371 1370/1/1370 1369/1/1369 1368/1/1368 
f 1373/1/1373 1374/1/1374 964/1/964 965/1/965 
f 1375/1/1375 1374/1/1374 1373/1/1373 1372/1/1372 
f 1376/1/1376 1377/1/1377 1374/1/1374 1375/1/1375 
f 836/1/836 964/1/964 1374/1/1374 1377/1/1377 
f 1376/1/1376 1378/1/1378 1379/1/1379 1377/1/1377 
f 1380/1/1380 1379/1/1379 1378/1/1378 1381/1/1381 
f 841/1/841 837/1/837 1379/1/1379 1380/1/1380 
f 1377/1/1377 1379/1/1379 837/1/837 836/1/836 
f 849/1/849 848/1/848 1382/1/1382 1383/1/1383 
f 1380/1/1380 1382/1/1382 848/1/848 841/1/841 
f 1381/1/1381 1384/1/1384 1382/1/1382 1380/1/1380 
f 1383/1/1383 1382/1/1382 1384/1/1384 1385/1/1385 
f 849/1/849 1383/1/1383 1386/1/1386 857/1/857 
f 1385/1/1385 1387/1/1387 1386/1/1386 1383/1/1383 
f 1388/1/1388 1386/1/1386 1387/1/1387 1389/1/1389 
f 857/1/857 1386/1/1386 1388/1/1388 854/1/854 
f 862/1/862 865/1/865 1390/1/1390 1391/1/1391 
f 854/1/854 1388/1/1388 1390/1/1390 865/1/865 
f 1389/1/1389 1392/1/1392 1390/1/1390 1388/1/1388 
f 1391/1/1391 1390/1/1390 1392/1/1392 1393/1/1393 
f 1364/1/1364 1394/1/1394 1395/1/1395 1367/1/1367 
f 1396/1/1396 1395/1/1395 1394/1/1394 1397/1/1397 
f 1398/1/1398 1399/1/1399 1395/1/1395 1396/1/1396 
f 1367/1/1367 1395/1/1395 1399/1/1399 1368/1/1368 
f 1368/1/1368 1399/1/1399 1400/1/1400 1371/1/1371 
f 1401/1/1401 1400/1/1400 1399/1/1399 1398/1/1398 
f 1402/1/1402 1403/1/1403 1400/1/1400 1401/1/1401 
f 1371/1/1371 1400/1/1400 1403/1/1403 1372/1/1372 
f 1372/1/1372 1403/1/1403 1404/1/1404 1375/1/1375 
f 1405/1/1405 1404/1/1404 1403/1/1403 1402/1/1402 
f 1406/1/1406 1407/1/1407 1404/1/1404 1405/1/1405 
f 1375/1/1375 1404/1/1404 1407/1/1407 1376/1/1376 
f 1376/1/1376 1407/1/1407 1408/1/1408 1378/1/1378 
f 1409/1/1409 1408/1/1408 1407/1/1407 1406/1/1406 
f 1410/1/1410 1408/1/1408 1409/1/1409 1411/1/1411 
f 1381/1/1381 1378/1/1378 1408/1/1408 1410/1/1410 
f 1385/1/1385 1384/1/1384 1412/1/1412 1413/1/1413 
f 1410/1/1410 1412/1/1412 1384/1/1384 1381/1/1381 
f 1411/1/1411 1414/1/1414 1412/1/1412 1410/1/1410 
f 1413/1/1413 1412/1/1412 1414/1/1414 1415/1/1415 
f 1389/1/1389 1387/1/1387 1416/1/1416 1417/1/1417 
f 1413/1/1413 1416/1/1416 1387/1/1387 1385/1/1385 
f 1415/1/1415 1418/1/1418 1416/1/1416 1413/1/1413 
f 1418/1/1418 1419/1/1419 1417/1/1417 
f 1393/1/1393 1392/1/1392 1420/1/1420 1421/1/1421 
f 1417/1/1417 1420/1/1420 1392/1/1392 1389/1/1389 
f 1419/1/1419 1422/1/1422 1420/1/1420 1417/1/1417 
f 1421/1/1421 1420/1/1420 1422/1/1422 1423/1/1423 
f 773/1/773 789/1/789 1424/1/1424 771/1/771 
f 1425/1/1425 1424/1/1424 789/1/789 793/1/793 
f 1426/1/1426 1427/1/1427 1424/1/1424 1425/1/1425 
f 771/1/771 1424/1/1424 1427/1/1427 769/1/769 
f 791/1/791 799/1/799 1428/1/1428 1429/1/1429 
f 1430/1/1430 1428/1/1428 799/1/799 798/1/798 
f 1431/1/1431 1432/1/1432 1428/1/1428 1430/1/1430 
f 1429/1/1429 1428/1/1428 1432/1/1432 1433/1/1433 
f 1434/1/1434 1435/1/1435 1436/1/1436 1437/1/1437 
f 792/1/792 1436/1/1436 1435/1/1435 793/1/793 
f 1429/1/1429 1436/1/1436 792/1/792 791/1/791 
f 1433/1/1433 1437/1/1437 1436/1/1436 1429/1/1429 
f 1438/1/1438 765/1/765 767/1/767 
f 769/1/769 1427/1/1427 1439/1/1439 767/1/767 
f 1440/1/1440 1439/1/1439 1427/1/1427 1426/1/1426 
f 1439/1/1439 1440/1/1440 1441/1/1441 
f 1442/1/1442 1443/1/1443 1444/1/1444 1445/1/1445 
f 1425/1/1425 1444/1/1444 1443/1/1443 1426/1/1426 
f 793/1/793 1435/1/1435 1444/1/1444 1425/1/1425 
f 1434/1/1434 1445/1/1445 1444/1/1444 1435/1/1435 
f 1446/1/1446 1447/1/1447 1448/1/1448 1449/1/1449 
f 1445/1/1445 1448/1/1448 1447/1/1447 1442/1/1442 
f 1437/1/1437 1448/1/1448 1445/1/1445 1434/1/1434 
f 1433/1/1433 1449/1/1449 1448/1/1448 1437/1/1437 
f 1433/1/1433 1432/1/1432 1450/1/1450 1449/1/1449 
f 1432/1/1432 1431/1/1431 1451/1/1451 
f 1452/1/1452 1450/1/1450 1451/1/1451 1453/1/1453 
f 1446/1/1446 1449/1/1449 1450/1/1450 1452/1/1452 
f 797/1/797 825/1/825 1454/1/1454 1455/1/1455 
f 825/1/825 822/1/822 1456/1/1456 
f 1454/1/1454 1456/1/1456 1457/1/1457 
f 1455/1/1455 1454/1/1454 1458/1/1458 1459/1/1459 
f 1460/1/1460 1461/1/1461 1457/1/1457 
f 1456/1/1456 822/1/822 861/1/861 
f 860/1/860 1462/1/1462 1460/1/1460 861/1/861 
f 1462/1/1462 1463/1/1463 1461/1/1461 
f 1464/1/1464 1465/1/1465 1463/1/1463 
f 863/1/863 1464/1/1464 1462/1/1462 860/1/860 
f 862/1/862 1466/1/1466 1464/1/1464 863/1/863 
f 1465/1/1465 1464/1/1464 1466/1/1466 1467/1/1467 
f 1467/1/1467 1466/1/1466 1468/1/1468 1469/1/1469 
f 1391/1/1391 1468/1/1468 1466/1/1466 862/1/862 
f 1393/1/1393 1470/1/1470 1468/1/1468 1391/1/1391 
f 1469/1/1469 1468/1/1468 1470/1/1470 1471/1/1471 
f 1470/1/1470 1393/1/1393 1421/1/1421 
f 1472/1/1472 1473/1/1473 1421/1/1421 1423/1/1423 
f 1474/1/1474 1475/1/1475 1473/1/1473 1472/1/1472 
f 1471/1/1471 1470/1/1470 1473/1/1473 1475/1/1475 
f 1471/1/1471 1475/1/1475 1476/1/1476 1477/1/1477 
f 1478/1/1478 1476/1/1476 1475/1/1475 1474/1/1474 
f 1479/1/1479 1480/1/1480 1476/1/1476 1478/1/1478 
f 1476/1/1476 1480/1/1480 1481/1/1481 
f 1482/1/1482 1477/1/1477 1481/1/1481 
f 1483/1/1483 1482/1/1482 1484/1/1484 1485/1/1485 
f 1469/1/1469 1482/1/1482 1483/1/1483 1467/1/1467 
f 1471/1/1471 1477/1/1477 1482/1/1482 1469/1/1469 
f 1485/1/1485 1484/1/1484 1486/1/1486 1487/1/1487 
f 1480/1/1480 1486/1/1486 1484/1/1484 1481/1/1481 
f 1479/1/1479 1488/1/1488 1486/1/1486 1480/1/1480 
f 1487/1/1487 1486/1/1486 1488/1/1488 1489/1/1489 
f 1467/1/1467 1483/1/1483 1490/1/1490 1465/1/1465 
f 1491/1/1491 1490/1/1490 1483/1/1483 1485/1/1485 
f 1492/1/1492 1493/1/1493 1490/1/1490 1491/1/1491 
f 1465/1/1465 1490/1/1490 1493/1/1493 1463/1/1463 
f 1479/1/1479 1478/1/1478 1494/1/1494 1495/1/1495 
f 1474/1/1474 1496/1/1496 1494/1/1494 1478/1/1478 
f 1495/1/1495 1494/1/1494 1496/1/1496 1497/1/1497 
f 1492/1/1492 1491/1/1491 1498/1/1498 1499/1/1499 
f 1487/1/1487 1498/1/1498 1491/1/1491 1485/1/1485 
f 1489/1/1489 1500/1/1500 1498/1/1498 1487/1/1487 
f 1499/1/1499 1498/1/1498 1500/1/1500 1501/1/1501 
f 1489/1/1489 1488/1/1488 1502/1/1502 1500/1/1500 
f 1495/1/1495 1502/1/1502 1488/1/1488 1479/1/1479 
f 1497/1/1497 1503/1/1503 1502/1/1502 1495/1/1495 
f 1501/1/1501 1500/1/1500 1502/1/1502 1503/1/1503 
f 197/1/197 196/1/196 1504/1/1504 216/1/216 
f 1505/1/1505 1504/1/1504 196/1/196 76/1/76 
f 1506/1/1506 1507/1/1507 1504/1/1504 1505/1/1505 
f 216/1/216 1504/1/1504 1507/1/1507 217/1/217 
f 219/1/219 218/1/218 1508/1/1508 226/1/226 
f 1509/1/1509 1508/1/1508 218/1/218 217/1/217 
f 1510/1/1510 1511/1/1511 1508/1/1508 1509/1/1509 
f 226/1/226 1508/1/1508 1511/1/1511 227/1/227 
f 1512/1/1512 1513/1/1513 1514/1/1514 1515/1/1515 
f 233/1/233 1514/1/1514 1513/1/1513 230/1/230 
f 227/1/227 1511/1/1511 1514/1/1514 233/1/233 
f 1515/1/1515 1514/1/1514 1511/1/1511 1510/1/1510 
f 81/1/81 1516/1/1516 1517/1/1517 79/1/79 
f 1518/1/1518 1517/1/1517 1516/1/1516 1519/1/1519 
f 1505/1/1505 1517/1/1517 1518/1/1518 1506/1/1506 
f 76/1/76 79/1/79 1517/1/1517 1505/1/1505 
f 217/1/217 1507/1/1507 1520/1/1520 1509/1/1509 
f 1521/1/1521 1520/1/1520 1507/1/1507 1506/1/1506 
f 1522/1/1522 1523/1/1523 1520/1/1520 1521/1/1521 
f 1509/1/1509 1520/1/1520 1523/1/1523 1510/1/1510 
f 1510/1/1510 1523/1/1523 1524/1/1524 1515/1/1515 
f 1525/1/1525 1524/1/1524 1523/1/1523 1522/1/1522 
f 1526/1/1526 1527/1/1527 1524/1/1524 1525/1/1525 
f 1515/1/1515 1524/1/1524 1527/1/1527 1512/1/1512 
f 1519/1/1519 1528/1/1528 1529/1/1529 1518/1/1518 
f 1530/1/1530 1529/1/1529 1528/1/1528 1531/1/1531 
f 1529/1/1529 1530/1/1530 1522/1/1522 
f 1518/1/1518 1529/1/1529 1521/1/1521 1506/1/1506 
f 1519/1/1519 1516/1/1516 1532/1/1532 1533/1/1533 
f 116/1/116 1532/1/1532 1516/1/1516 81/1/81 
f 117/1/117 1534/1/1534 1532/1/1532 116/1/116 
f 1533/1/1533 1532/1/1532 1534/1/1534 1535/1/1535 
f 1526/1/1526 1525/1/1525 1536/1/1536 1537/1/1537 
f 1530/1/1530 1536/1/1536 1525/1/1525 1522/1/1522 
f 1531/1/1531 1538/1/1538 1536/1/1536 1530/1/1530 
f 1537/1/1537 1536/1/1536 1538/1/1538 1539/1/1539 
f 1540/1/1540 1541/1/1541 725/1/725 724/1/724 
f 1542/1/1542 1541/1/1541 1540/1/1540 1543/1/1543 
f 1535/1/1535 1534/1/1534 1541/1/1541 1542/1/1542 
f 725/1/725 1541/1/1541 1534/1/1534 117/1/117 
f 1531/1/1531 1528/1/1528 1544/1/1544 1545/1/1545 
f 1528/1/1528 1519/1/1519 1533/1/1533 
f 1535/1/1535 1546/1/1546 1544/1/1544 1533/1/1533 
f 1545/1/1545 1544/1/1544 1546/1/1546 1547/1/1547 
f 1539/1/1539 1538/1/1538 1548/1/1548 1549/1/1549 
f 1545/1/1545 1548/1/1548 1538/1/1538 1531/1/1531 
f 1547/1/1547 1550/1/1550 1548/1/1548 1545/1/1545 
f 1549/1/1549 1548/1/1548 1550/1/1550 1551/1/1551 
f 730/1/730 1552/1/1552 1553/1/1553 731/1/731 
f 1554/1/1554 1553/1/1553 1552/1/1552 1555/1/1555 
f 1543/1/1543 1540/1/1540 1553/1/1553 1554/1/1554 
f 731/1/731 1553/1/1553 1540/1/1540 724/1/724 
f 1547/1/1547 1546/1/1546 1556/1/1556 1557/1/1557 
f 1542/1/1542 1556/1/1556 1546/1/1546 1535/1/1535 
f 1543/1/1543 1558/1/1558 1556/1/1556 1542/1/1542 
f 1557/1/1557 1556/1/1556 1558/1/1558 1559/1/1559 
f 1559/1/1559 1560/1/1560 1561/1/1561 1557/1/1557 
f 1562/1/1562 1561/1/1561 1560/1/1560 1563/1/1563 
f 1551/1/1551 1550/1/1550 1561/1/1561 1562/1/1562 
f 1557/1/1557 1561/1/1561 1550/1/1550 1547/1/1547 
f 1564/1/1564 1565/1/1565 1555/1/1555 
f 734/1/734 1564/1/1564 1552/1/1552 730/1/730 
f 735/1/735 1566/1/1566 1564/1/1564 734/1/734 
f 1565/1/1565 1564/1/1564 1566/1/1566 1567/1/1567 
f 1568/1/1568 1558/1/1558 1543/1/1543 
f 1569/1/1569 1568/1/1568 1554/1/1554 1555/1/1555 
f 1570/1/1570 1571/1/1571 1568/1/1568 1569/1/1569 
f 1559/1/1559 1558/1/1558 1568/1/1568 1571/1/1571 
f 1563/1/1563 1560/1/1560 1572/1/1572 1573/1/1573 
f 1571/1/1571 1572/1/1572 1560/1/1560 1559/1/1559 
f 1572/1/1572 1571/1/1571 1570/1/1570 
f 1574/1/1574 1575/1/1575 1573/1/1573 
f 1570/1/1570 1569/1/1569 1576/1/1576 1577/1/1577 
f 1565/1/1565 1576/1/1576 1569/1/1569 1555/1/1555 
f 1567/1/1567 1578/1/1578 1576/1/1576 1565/1/1565 
f 1577/1/1577 1576/1/1576 1578/1/1578 1579/1/1579 
f 1580/1/1580 1581/1/1581 1575/1/1575 
f 1577/1/1577 1580/1/1580 1574/1/1574 1570/1/1570 
f 1579/1/1579 1582/1/1582 1580/1/1580 1577/1/1577 
f 1581/1/1581 1580/1/1580 1582/1/1582 1583/1/1583 
f 1584/1/1584 1585/1/1585 502/1/502 
f 501/1/501 492/1/492 1586/1/1586 
f 1587/1/1587 1588/1/1588 1584/1/1584 1586/1/1586 
f 1585/1/1585 1584/1/1584 1588/1/1588 1589/1/1589 
f 1590/1/1590 1587/1/1587 1586/1/1586 
f 494/1/494 1591/1/1591 1586/1/1586 492/1/492 
f 496/1/496 1592/1/1592 1591/1/1591 494/1/494 
f 1591/1/1591 1592/1/1592 1593/1/1593 
f 1587/1/1587 1590/1/1590 1594/1/1594 1595/1/1595 
f 1596/1/1596 1594/1/1594 1590/1/1590 1593/1/1593 
f 1597/1/1597 1598/1/1598 1594/1/1594 1596/1/1596 
f 1595/1/1595 1594/1/1594 1598/1/1598 1599/1/1599 
f 496/1/496 516/1/516 1600/1/1600 1592/1/1592 
f 1601/1/1601 1600/1/1600 516/1/516 515/1/515 
f 1602/1/1602 1603/1/1603 1600/1/1600 1601/1/1601 
f 1592/1/1592 1600/1/1600 1603/1/1603 1593/1/1593 
f 1602/1/1602 1601/1/1601 1604/1/1604 1605/1/1605 
f 515/1/515 528/1/528 1604/1/1604 1601/1/1601 
f 528/1/528 527/1/527 1605/1/1605 1604/1/1604 
f 1593/1/1593 1603/1/1603 1606/1/1606 1596/1/1596 
f 1607/1/1607 1606/1/1606 1603/1/1603 1602/1/1602 
f 1608/1/1608 1609/1/1609 1606/1/1606 1607/1/1607 
f 1596/1/1596 1606/1/1606 1609/1/1609 1597/1/1597 
f 1610/1/1610 1611/1/1611 1612/1/1612 1613/1/1613 
f 1605/1/1605 1612/1/1612 1611/1/1611 1602/1/1602 
f 527/1/527 533/1/533 1612/1/1612 1605/1/1605 
f 1613/1/1613 1612/1/1612 533/1/533 524/1/524 
f 1602/1/1602 1611/1/1611 1614/1/1614 1607/1/1607 
f 1611/1/1611 1610/1/1610 1615/1/1615 
f 1616/1/1616 1617/1/1617 1614/1/1614 1615/1/1615 
f 1607/1/1607 1614/1/1614 1617/1/1617 1608/1/1608 
f 1610/1/1610 1613/1/1613 1618/1/1618 1619/1/1619 
f 524/1/524 521/1/521 1618/1/1618 1613/1/1613 
f 405/1/405 1620/1/1620 1618/1/1618 521/1/521 
f 1619/1/1619 1618/1/1618 1620/1/1620 1621/1/1621 
f 1622/1/1622 1623/1/1623 1624/1/1624 1625/1/1625 
f 1626/1/1626 1624/1/1624 1623/1/1623 1627/1/1627 
f 1628/1/1628 1629/1/1629 1624/1/1624 1626/1/1626 
f 1625/1/1625 1624/1/1624 1629/1/1629 1599/1/1599 
f 1630/1/1630 1631/1/1631 1632/1/1632 1633/1/1633 
f 1625/1/1625 1632/1/1632 1631/1/1631 1622/1/1622 
f 1599/1/1599 1598/1/1598 1632/1/1632 1625/1/1625 
f 1633/1/1633 1632/1/1632 1598/1/1598 1597/1/1597 
f 1634/1/1634 1635/1/1635 1636/1/1636 1637/1/1637 
f 1633/1/1633 1636/1/1636 1635/1/1635 1630/1/1630 
f 1597/1/1597 1609/1/1609 1636/1/1636 1633/1/1633 
f 1637/1/1637 1636/1/1636 1609/1/1609 1608/1/1608 
f 1638/1/1638 1639/1/1639 1640/1/1640 1641/1/1641 
f 1639/1/1639 1638/1/1638 1634/1/1634 1637/1/1637 
f 1608/1/1608 1617/1/1617 1639/1/1639 1637/1/1637 
f 1616/1/1616 1640/1/1640 1639/1/1639 1617/1/1617 
f 1627/1/1627 1623/1/1623 1642/1/1642 1643/1/1643 
f 1644/1/1644 1642/1/1642 1623/1/1623 1622/1/1622 
f 1645/1/1645 1646/1/1646 1642/1/1642 1644/1/1644 
f 1643/1/1643 1642/1/1642 1646/1/1646 1647/1/1647 
f 1622/1/1622 1631/1/1631 1648/1/1648 1644/1/1644 
f 1649/1/1649 1648/1/1648 1631/1/1631 1630/1/1630 
f 1650/1/1650 1651/1/1651 1648/1/1648 1649/1/1649 
f 1644/1/1644 1648/1/1648 1651/1/1651 1645/1/1645 
f 1630/1/1630 1635/1/1635 1652/1/1652 1649/1/1649 
f 1634/1/1634 1653/1/1653 1652/1/1652 1635/1/1635 
f 1654/1/1654 1655/1/1655 1652/1/1652 1653/1/1653 
f 1650/1/1650 1649/1/1649 1652/1/1652 1655/1/1655 
f 1641/1/1641 1656/1/1656 1657/1/1657 1638/1/1638 
f 1658/1/1658 1657/1/1657 1656/1/1656 1659/1/1659 
f 1654/1/1654 1653/1/1653 1657/1/1657 1658/1/1658 
f 1653/1/1653 1634/1/1634 1638/1/1638 1657/1/1657 
f 1659/1/1659 1656/1/1656 1660/1/1660 1661/1/1661 
f 1662/1/1662 1660/1/1660 1656/1/1656 1641/1/1641 
f 1663/1/1663 1664/1/1664 1660/1/1660 1662/1/1662 
f 1664/1/1664 1665/1/1665 1661/1/1661 
f 1666/1/1666 1667/1/1667 1665/1/1665 
f 1664/1/1664 1663/1/1663 1668/1/1668 
f 1666/1/1666 1668/1/1668 1669/1/1669 
f 1667/1/1667 1666/1/1666 1670/1/1670 1671/1/1671 
f 1672/1/1672 1673/1/1673 1674/1/1674 1675/1/1675 
f 1676/1/1676 1677/1/1677 1674/1/1674 1673/1/1673 
f 1671/1/1671 1670/1/1670 1674/1/1674 1677/1/1677 
f 1675/1/1675 1674/1/1674 1670/1/1670 1669/1/1669 
f 1676/1/1676 1673/1/1673 1678/1/1678 1679/1/1679 
f 1680/1/1680 1678/1/1678 1673/1/1673 1672/1/1672 
f 1681/1/1681 1682/1/1682 1678/1/1678 1680/1/1680 
f 1679/1/1679 1678/1/1678 1682/1/1682 1683/1/1683 
f 1684/1/1684 1685/1/1685 1686/1/1686 
f 1683/1/1683 1682/1/1682 1684/1/1684 1687/1/1687 
f 1688/1/1688 1684/1/1684 1682/1/1682 1681/1/1681 
f 1689/1/1689 1685/1/1685 1684/1/1684 1688/1/1688 
f 1690/1/1690 1685/1/1685 1689/1/1689 
f 1691/1/1691 1690/1/1690 1692/1/1692 1693/1/1693 
f 1694/1/1694 1695/1/1695 1690/1/1690 1691/1/1691 
f 1695/1/1695 1686/1/1686 1685/1/1685 
f 1696/1/1696 1697/1/1697 1691/1/1691 1693/1/1693 
f 1698/1/1698 1699/1/1699 1697/1/1697 1696/1/1696 
f 1700/1/1700 1697/1/1697 1699/1/1699 1701/1/1701 
f 1691/1/1691 1697/1/1697 1700/1/1700 1694/1/1694 
f 1701/1/1701 1699/1/1699 1702/1/1702 1703/1/1703 
f 1704/1/1704 1702/1/1702 1699/1/1699 1698/1/1698 
f 1705/1/1705 1706/1/1706 1702/1/1702 1704/1/1704 
f 1703/1/1703 1702/1/1702 1706/1/1706 1707/1/1707 
f 1708/1/1708 1709/1/1709 1706/1/1706 1705/1/1705 
f 1643/1/1643 1709/1/1709 1708/1/1708 1627/1/1627 
f 1647/1/1647 1710/1/1710 1709/1/1709 1643/1/1643 
f 1707/1/1707 1706/1/1706 1709/1/1709 1710/1/1710 
f 1711/1/1711 1712/1/1712 1713/1/1713 
f 1714/1/1714 1665/1/1665 1667/1/1667 
f 1671/1/1671 1715/1/1715 1711/1/1711 1667/1/1667 
f 1716/1/1716 1712/1/1712 1711/1/1711 1715/1/1715 
f 1671/1/1671 1677/1/1677 1717/1/1717 1715/1/1715 
f 1718/1/1718 1717/1/1717 1677/1/1677 1676/1/1676 
f 1719/1/1719 1720/1/1720 1717/1/1717 1718/1/1718 
f 1715/1/1715 1717/1/1717 1720/1/1720 1716/1/1716 
f 1719/1/1719 1718/1/1718 1721/1/1721 1722/1/1722 
f 1679/1/1679 1721/1/1721 1718/1/1718 1676/1/1676 
f 1683/1/1683 1723/1/1723 1721/1/1721 1679/1/1679 
f 1724/1/1724 1722/1/1722 1721/1/1721 1723/1/1723 
f 1683/1/1683 1687/1/1687 1725/1/1725 1723/1/1723 
f 1726/1/1726 1725/1/1725 1687/1/1687 1686/1/1686 
f 1727/1/1727 1728/1/1728 1725/1/1725 1726/1/1726 
f 1723/1/1723 1725/1/1725 1728/1/1728 1724/1/1724 
f 1686/1/1686 1695/1/1695 1729/1/1729 1726/1/1726 
f 1730/1/1730 1729/1/1729 1695/1/1695 1694/1/1694 
f 1731/1/1731 1732/1/1732 1729/1/1729 1730/1/1730 
f 1726/1/1726 1729/1/1729 1732/1/1732 1727/1/1727 
f 1694/1/1694 1700/1/1700 1733/1/1733 1730/1/1730 
f 1734/1/1734 1733/1/1733 1700/1/1700 1701/1/1701 
f 1735/1/1735 1736/1/1736 1733/1/1733 1734/1/1734 
f 1730/1/1730 1733/1/1733 1736/1/1736 1731/1/1731 
f 1710/1/1710 1737/1/1737 1738/1/1738 1707/1/1707 
f 1739/1/1739 1737/1/1737 1710/1/1710 1647/1/1647 
f 1740/1/1740 1741/1/1741 1737/1/1737 1739/1/1739 
f 1742/1/1742 1738/1/1738 1737/1/1737 1741/1/1741 
f 1735/1/1735 1734/1/1734 1743/1/1743 1744/1/1744 
f 1703/1/1703 1743/1/1743 1734/1/1734 1701/1/1701 
f 1707/1/1707 1738/1/1738 1743/1/1743 1703/1/1703 
f 1744/1/1744 1743/1/1743 1738/1/1738 1742/1/1742 
f 1716/1/1716 1720/1/1720 1745/1/1745 1746/1/1746 
f 1747/1/1747 1745/1/1745 1720/1/1720 1719/1/1719 
f 1748/1/1748 1745/1/1745 1747/1/1747 1749/1/1749 
f 1745/1/1745 1748/1/1748 1750/1/1750 
f 1749/1/1749 1747/1/1747 1751/1/1751 1752/1/1752 
f 1722/1/1722 1751/1/1751 1747/1/1747 1719/1/1719 
f 1724/1/1724 1753/1/1753 1751/1/1751 1722/1/1722 
f 1753/1/1753 1754/1/1754 1752/1/1752 
f 1724/1/1724 1728/1/1728 1755/1/1755 1753/1/1753 
f 1756/1/1756 1755/1/1755 1728/1/1728 1727/1/1727 
f 1757/1/1757 1758/1/1758 1755/1/1755 1756/1/1756 
f 1753/1/1753 1755/1/1755 1758/1/1758 1754/1/1754 
f 1727/1/1727 1732/1/1732 1759/1/1759 1756/1/1756 
f 1760/1/1760 1759/1/1759 1732/1/1732 1731/1/1731 
f 1761/1/1761 1762/1/1762 1759/1/1759 1760/1/1760 
f 1756/1/1756 1759/1/1759 1762/1/1762 1757/1/1757 
f 1731/1/1731 1736/1/1736 1763/1/1763 1760/1/1760 
f 1764/1/1764 1763/1/1763 1736/1/1736 1735/1/1735 
f 1765/1/1765 1766/1/1766 1763/1/1763 1764/1/1764 
f 1760/1/1760 1763/1/1763 1766/1/1766 1761/1/1761 
f 1765/1/1765 1764/1/1764 1767/1/1767 1768/1/1768 
f 1744/1/1744 1767/1/1767 1764/1/1764 1735/1/1735 
f 1742/1/1742 1769/1/1769 1767/1/1767 1744/1/1744 
f 1768/1/1768 1767/1/1767 1769/1/1769 1770/1/1770 
f 1771/1/1771 1645/1/1645 1651/1/1651 1772/1/1772 
f 1650/1/1650 1773/1/1773 1772/1/1772 1651/1/1651 
f 1774/1/1774 1775/1/1775 1772/1/1772 1773/1/1773 
f 1776/1/1776 1771/1/1771 1772/1/1772 1775/1/1775 
f 1777/1/1777 1778/1/1778 1779/1/1779 1780/1/1780 
f 1765/1/1765 1768/1/1768 1779/1/1779 1778/1/1778 
f 1770/1/1770 1780/1/1780 1779/1/1779 1768/1/1768 
f 1777/1/1777 1781/1/1781 1782/1/1782 1783/1/1783 
f 1754/1/1754 1758/1/1758 1782/1/1782 1781/1/1781 
f 1757/1/1757 1783/1/1783 1782/1/1782 1758/1/1758 
f 1774/1/1774 1773/1/1773 1784/1/1784 1785/1/1785 
f 1650/1/1650 1655/1/1655 1784/1/1784 1773/1/1773 
f 1654/1/1654 1786/1/1786 1784/1/1784 1655/1/1655 
f 1787/1/1787 1785/1/1785 1784/1/1784 1786/1/1786 
f 1788/1/1788 1789/1/1789 1790/1/1790 1777/1/1777 
f 1750/1/1750 1748/1/1748 1789/1/1789 1788/1/1788 
f 1749/1/1749 1790/1/1790 1789/1/1789 1748/1/1748 
f 1781/1/1781 1777/1/1777 1790/1/1790 
f 1749/1/1749 1752/1/1752 1791/1/1791 1790/1/1790 
f 1754/1/1754 1781/1/1781 1791/1/1791 1752/1/1752 
f 1777/1/1777 1783/1/1783 1792/1/1792 1793/1/1793 
f 1757/1/1757 1762/1/1762 1792/1/1792 1783/1/1783 
f 1761/1/1761 1793/1/1793 1792/1/1792 1762/1/1762 
f 1777/1/1777 1793/1/1793 1794/1/1794 1778/1/1778 
f 1761/1/1761 1766/1/1766 1794/1/1794 1793/1/1793 
f 1765/1/1765 1778/1/1778 1794/1/1794 1766/1/1766 
f 1769/1/1769 1795/1/1795 1796/1/1796 1770/1/1770 
f 1741/1/1741 1795/1/1795 1769/1/1769 1742/1/1742 
f 1797/1/1797 1795/1/1795 1741/1/1741 1740/1/1740 
f 1798/1/1798 1796/1/1796 1795/1/1795 1797/1/1797 
f 1777/1/1777 1780/1/1780 1799/1/1799 1800/1/1800 
f 1770/1/1770 1796/1/1796 1799/1/1799 1780/1/1780 
f 1798/1/1798 1800/1/1800 1799/1/1799 1796/1/1796 
f 1801/1/1801 1802/1/1802 1803/1/1803 1804/1/1804 
f 1750/1/1750 1788/1/1788 1802/1/1802 1801/1/1801 
f 1788/1/1788 1777/1/1777 1803/1/1803 
f 1647/1/1647 1646/1/1646 1805/1/1805 1739/1/1739 
f 1771/1/1771 1805/1/1805 1646/1/1646 1645/1/1645 
f 1776/1/1776 1806/1/1806 1805/1/1805 1771/1/1771 
f 1739/1/1739 1805/1/1805 1806/1/1806 1740/1/1740 
f 1807/1/1807 1808/1/1808 1776/1/1776 1775/1/1775 
f 1774/1/1774 1785/1/1785 1807/1/1807 1775/1/1775 
f 1787/1/1787 1809/1/1809 1807/1/1807 1785/1/1785 
f 1810/1/1810 1808/1/1808 1807/1/1807 1809/1/1809 
f 1810/1/1810 1811/1/1811 1812/1/1812 1808/1/1808 
f 1797/1/1797 1812/1/1812 1811/1/1811 1798/1/1798 
f 1740/1/1740 1806/1/1806 1812/1/1812 1797/1/1797 
f 1808/1/1808 1812/1/1812 1806/1/1806 1776/1/1776 
f 1787/1/1787 1786/1/1786 1813/1/1813 1814/1/1814 
f 1654/1/1654 1658/1/1658 1813/1/1813 1786/1/1786 
f 1813/1/1813 1658/1/1658 1659/1/1659 1815/1/1815 
f 1814/1/1814 1813/1/1813 1815/1/1815 1816/1/1816 
f 1817/1/1817 1816/1/1816 1815/1/1815 
f 1661/1/1661 1818/1/1818 1815/1/1815 1659/1/1659 
f 1818/1/1818 1661/1/1661 1665/1/1665 
f 1817/1/1817 1818/1/1818 1714/1/1714 1713/1/1713 
f 1810/1/1810 1809/1/1809 1819/1/1819 1820/1/1820 
f 1814/1/1814 1819/1/1819 1809/1/1809 1787/1/1787 
f 1816/1/1816 1821/1/1821 1819/1/1819 1814/1/1814 
f 1820/1/1820 1819/1/1819 1821/1/1821 1804/1/1804 
f 1821/1/1821 1816/1/1816 1817/1/1817 1822/1/1822 
f 1713/1/1713 1823/1/1823 1822/1/1822 1817/1/1817 
f 1804/1/1804 1821/1/1821 1822/1/1822 1823/1/1823 
f 1801/1/1801 1804/1/1804 1823/1/1823 
f 1823/1/1823 1713/1/1713 1712/1/1712 
f 1746/1/1746 1824/1/1824 1712/1/1712 1716/1/1716 
f 1801/1/1801 1824/1/1824 1746/1/1746 1750/1/1750 
f 1804/1/1804 1803/1/1803 1825/1/1825 1820/1/1820 
f 1800/1/1800 1825/1/1825 1803/1/1803 1777/1/1777 
f 1798/1/1798 1811/1/1811 1825/1/1825 1800/1/1800 
f 1820/1/1820 1825/1/1825 1811/1/1811 1810/1/1810 
f 1589/1/1589 1588/1/1588 1826/1/1826 1827/1/1827 
f 1595/1/1595 1826/1/1826 1588/1/1588 1587/1/1587 
f 1599/1/1599 1629/1/1629 1826/1/1826 1595/1/1595 
f 1827/1/1827 1826/1/1826 1629/1/1629 1628/1/1628 
f 1627/1/1627 1708/1/1708 1828/1/1828 1626/1/1626 
f 1705/1/1705 1829/1/1829 1828/1/1828 1708/1/1708 
f 1830/1/1830 1828/1/1828 1829/1/1829 1831/1/1831 
f 1626/1/1626 1828/1/1828 1830/1/1830 1628/1/1628 
f 1831/1/1831 1829/1/1829 1832/1/1832 1833/1/1833 
f 1704/1/1704 1832/1/1832 1829/1/1829 1705/1/1705 
f 1698/1/1698 1834/1/1834 1832/1/1832 1704/1/1704 
f 1833/1/1833 1832/1/1832 1834/1/1834 1835/1/1835 
f 1835/1/1835 1834/1/1834 1836/1/1836 1837/1/1837 
f 1696/1/1696 1836/1/1836 1834/1/1834 1698/1/1698 
f 1693/1/1693 1838/1/1838 1836/1/1836 1696/1/1696 
f 1837/1/1837 1836/1/1836 1838/1/1838 1839/1/1839 
f 1838/1/1838 1840/1/1840 1841/1/1841 1839/1/1839 
f 1692/1/1692 1840/1/1840 1838/1/1838 1693/1/1693 
f 1840/1/1840 1692/1/1692 1689/1/1689 
f 1841/1/1841 1840/1/1840 1842/1/1842 1843/1/1843 
f 1844/1/1844 1845/1/1845 1846/1/1846 1847/1/1847 
f 1848/1/1848 1845/1/1845 1844/1/1844 1849/1/1849 
f 1841/1/1841 1845/1/1845 1848/1/1848 1839/1/1839 
f 1846/1/1846 1845/1/1845 1841/1/1841 1843/1/1843 
f 1688/1/1688 1850/1/1850 1842/1/1842 1689/1/1689 
f 1681/1/1681 1851/1/1851 1850/1/1850 1688/1/1688 
f 1852/1/1852 1850/1/1850 1851/1/1851 1853/1/1853 
f 1842/1/1842 1850/1/1850 1852/1/1852 1843/1/1843 
f 1853/1/1853 1851/1/1851 1854/1/1854 1855/1/1855 
f 1680/1/1680 1854/1/1854 1851/1/1851 1681/1/1681 
f 1672/1/1672 1856/1/1856 1854/1/1854 1680/1/1680 
f 1855/1/1855 1854/1/1854 1856/1/1856 1857/1/1857 
f 1857/1/1857 1856/1/1856 1858/1/1858 1859/1/1859 
f 1675/1/1675 1858/1/1858 1856/1/1856 1672/1/1672 
f 1669/1/1669 1860/1/1860 1858/1/1858 1675/1/1675 
f 1859/1/1859 1858/1/1858 1860/1/1860 1861/1/1861 
f 1641/1/1641 1640/1/1640 1862/1/1862 1662/1/1662 
f 1863/1/1863 1862/1/1862 1640/1/1640 1616/1/1616 
f 1864/1/1864 1865/1/1865 1862/1/1862 1863/1/1863 
f 1662/1/1662 1862/1/1862 1865/1/1865 1663/1/1663 
f 1621/1/1621 1866/1/1866 1867/1/1867 1619/1/1619 
f 1863/1/1863 1867/1/1867 1866/1/1866 1864/1/1864 
f 1616/1/1616 1615/1/1615 1867/1/1867 1863/1/1863 
f 1619/1/1619 1867/1/1867 1615/1/1615 1610/1/1610 
f 1861/1/1861 1860/1/1860 1868/1/1868 1869/1/1869 
f 1668/1/1668 1868/1/1868 1860/1/1860 1669/1/1669 
f 1663/1/1663 1865/1/1865 1868/1/1868 1668/1/1668 
f 1869/1/1869 1868/1/1868 1865/1/1865 1864/1/1864 
f 400/1/400 1870/1/1870 1871/1/1871 401/1/401 
f 1872/1/1872 1871/1/1871 1870/1/1870 1873/1/1873 
f 1621/1/1621 1620/1/1620 1871/1/1871 1872/1/1872 
f 401/1/401 1871/1/1871 1620/1/1620 405/1/405 
f 1864/1/1864 1866/1/1866 1874/1/1874 1875/1/1875 
f 1872/1/1872 1874/1/1874 1866/1/1866 1621/1/1621 
f 1873/1/1873 1876/1/1876 1874/1/1874 1872/1/1872 
f 1875/1/1875 1874/1/1874 1876/1/1876 1877/1/1877 
f 1873/1/1873 1870/1/1870 1878/1/1878 1879/1/1879 
f 1314/1/1314 1878/1/1878 1870/1/1870 400/1/400 
f 1317/1/1317 1880/1/1880 1878/1/1878 1314/1/1314 
f 1879/1/1879 1878/1/1878 1880/1/1880 1881/1/1881 
f 1877/1/1877 1876/1/1876 1882/1/1882 1883/1/1883 
f 1879/1/1879 1882/1/1882 1876/1/1876 1873/1/1873 
f 1881/1/1881 1884/1/1884 1882/1/1882 1879/1/1879 
f 1883/1/1883 1882/1/1882 1884/1/1884 1885/1/1885 
f 1861/1/1861 1869/1/1869 1886/1/1886 1887/1/1887 
f 1875/1/1875 1886/1/1886 1869/1/1869 1864/1/1864 
f 1877/1/1877 1883/1/1883 1886/1/1886 1875/1/1875 
f 1887/1/1887 1886/1/1886 1883/1/1883 1885/1/1885 
f 1861/1/1861 1887/1/1887 1888/1/1888 1859/1/1859 
f 1889/1/1889 1888/1/1888 1887/1/1887 1885/1/1885 
f 1888/1/1888 1889/1/1889 1890/1/1890 
f 1859/1/1859 1888/1/1888 1891/1/1891 1857/1/1857 
f 1892/1/1892 1893/1/1893 1894/1/1894 
f 1895/1/1895 1853/1/1853 1855/1/1855 
f 1857/1/1857 1891/1/1891 1892/1/1892 1855/1/1855 
f 1891/1/1891 1890/1/1890 1893/1/1893 
f 1852/1/1852 1896/1/1896 1897/1/1897 1843/1/1843 
f 1896/1/1896 1852/1/1852 1853/1/1853 
f 1898/1/1898 1896/1/1896 1895/1/1895 1894/1/1894 
f 1897/1/1897 1896/1/1896 1898/1/1898 1899/1/1899 
f 1900/1/1900 1901/1/1901 1897/1/1897 1899/1/1899 
f 1847/1/1847 1846/1/1846 1901/1/1901 1900/1/1900 
f 1843/1/1843 1897/1/1897 1901/1/1901 1846/1/1846 
f 1894/1/1894 1902/1/1902 1903/1/1903 1898/1/1898 
f 1904/1/1904 1903/1/1903 1902/1/1902 1905/1/1905 
f 1906/1/1906 1907/1/1907 1903/1/1903 1904/1/1904 
f 1898/1/1898 1903/1/1903 1907/1/1907 1899/1/1899 
f 1905/1/1905 1902/1/1902 1908/1/1908 1909/1/1909 
f 1893/1/1893 1908/1/1908 1902/1/1902 1894/1/1894 
f 1890/1/1890 1910/1/1910 1908/1/1908 1893/1/1893 
f 1909/1/1909 1908/1/1908 1910/1/1910 1911/1/1911 
f 1905/1/1905 1909/1/1909 1912/1/1912 1904/1/1904 
f 1913/1/1913 1912/1/1912 1909/1/1909 1911/1/1911 
f 1914/1/1914 1915/1/1915 1912/1/1912 1913/1/1913 
f 1904/1/1904 1912/1/1912 1915/1/1915 1906/1/1906 
f 1910/1/1910 1890/1/1890 1889/1/1889 
f 1889/1/1889 1885/1/1885 1916/1/1916 
f 1916/1/1916 1917/1/1917 1918/1/1918 
f 1911/1/1911 1910/1/1910 1919/1/1919 1918/1/1918 
f 1914/1/1914 1913/1/1913 1920/1/1920 1921/1/1921 
f 1922/1/1922 1920/1/1920 1913/1/1913 1911/1/1911 
f 1923/1/1923 1924/1/1924 1920/1/1920 1922/1/1922 
f 1921/1/1921 1920/1/1920 1924/1/1924 1925/1/1925 
f 1926/1/1926 1927/1/1927 1924/1/1924 1923/1/1923 
f 1927/1/1927 1926/1/1926 1928/1/1928 
f 1929/1/1929 1930/1/1930 1927/1/1927 1931/1/1931 
f 1925/1/1925 1924/1/1924 1927/1/1927 1930/1/1930 
f 1923/1/1923 1932/1/1932 1933/1/1933 1926/1/1926 
f 1934/1/1934 1933/1/1933 1932/1/1932 1935/1/1935 
f 1936/1/1936 1937/1/1937 1933/1/1933 1934/1/1934 
f 1926/1/1926 1933/1/1933 1937/1/1937 1928/1/1928 
f 1923/1/1923 1922/1/1922 1938/1/1938 1932/1/1932 
f 1918/1/1918 1938/1/1938 1922/1/1922 1911/1/1911 
f 1938/1/1938 1918/1/1918 1917/1/1917 
f 1939/1/1939 1935/1/1935 1932/1/1932 
f 1940/1/1940 1941/1/1941 1934/1/1934 1935/1/1935 
f 1941/1/1941 1940/1/1940 1942/1/1942 1943/1/1943 
f 1944/1/1944 1945/1/1945 1941/1/1941 1943/1/1943 
f 1934/1/1934 1941/1/1941 1945/1/1945 
f 1940/1/1940 1946/1/1946 1947/1/1947 1942/1/1942 
f 1948/1/1948 1946/1/1946 1940/1/1940 1935/1/1935 
f 1949/1/1949 1950/1/1950 1946/1/1946 1948/1/1948 
f 1947/1/1947 1946/1/1946 1950/1/1950 1951/1/1951 
f 1952/1/1952 1953/1/1953 1954/1/1954 1955/1/1955 
f 1332/1/1332 1347/1/1347 1954/1/1954 1953/1/1953 
f 1346/1/1346 1956/1/1956 1954/1/1954 1347/1/1347 
f 1955/1/1955 1954/1/1954 1956/1/1956 1957/1/1957 
f 1958/1/1958 1959/1/1959 1960/1/1960 1961/1/1961 
f 1960/1/1960 1959/1/1959 1957/1/1957 
f 1962/1/1962 1963/1/1963 1960/1/1960 1964/1/1964 
f 1961/1/1961 1960/1/1960 1963/1/1963 1965/1/1965 
f 1952/1/1952 1955/1/1955 1966/1/1966 1967/1/1967 
f 1959/1/1959 1966/1/1966 1955/1/1955 1957/1/1957 
f 1958/1/1958 1968/1/1968 1966/1/1966 1959/1/1959 
f 1967/1/1967 1966/1/1966 1968/1/1968 1969/1/1969 
f 1952/1/1952 1967/1/1967 1970/1/1970 1953/1/1953 
f 1969/1/1969 1971/1/1971 1970/1/1970 1967/1/1967 
f 1333/1/1333 1970/1/1970 1971/1/1971 1323/1/1323 
f 1333/1/1333 1332/1/1332 1953/1/1953 
f 1972/1/1972 1968/1/1968 1958/1/1958 1961/1/1961 
f 1965/1/1965 1973/1/1973 1972/1/1972 1961/1/1961 
f 1974/1/1974 1975/1/1975 1972/1/1972 1973/1/1973 
f 1968/1/1968 1972/1/1972 1975/1/1975 1969/1/1969 
f 1976/1/1976 1977/1/1977 1978/1/1978 1979/1/1979 
f 1321/1/1321 1978/1/1978 1977/1/1977 1319/1/1319 
f 1323/1/1323 1971/1/1971 1978/1/1978 1321/1/1321 
f 1979/1/1979 1978/1/1978 1971/1/1971 1969/1/1969 
f 1980/1/1980 1981/1/1981 1982/1/1982 1983/1/1983 
f 1965/1/1965 1963/1/1963 1981/1/1981 1980/1/1980 
f 1984/1/1984 1981/1/1981 1963/1/1963 1962/1/1962 
f 1982/1/1982 1981/1/1981 1984/1/1984 1985/1/1985 
f 1986/1/1986 1987/1/1987 1988/1/1988 1989/1/1989 
f 1979/1/1979 1988/1/1988 1987/1/1987 1976/1/1976 
f 1969/1/1969 1975/1/1975 1988/1/1988 1979/1/1979 
f 1989/1/1989 1988/1/1988 1975/1/1975 1974/1/1974 
f 1974/1/1974 1973/1/1973 1990/1/1990 1989/1/1989 
f 1980/1/1980 1990/1/1990 1973/1/1973 1965/1/1965 
f 1983/1/1983 1991/1/1991 1990/1/1990 1980/1/1980 
f 1989/1/1989 1990/1/1990 1991/1/1991 1986/1/1986 
f 1992/1/1992 1993/1/1993 1994/1/1994 1995/1/1995 
f 1982/1/1982 1994/1/1994 1993/1/1993 1983/1/1983 
f 1985/1/1985 1996/1/1996 1994/1/1994 1982/1/1982 
f 1995/1/1995 1994/1/1994 1996/1/1996 1997/1/1997 
f 1998/1/1998 1999/1/1999 2000/1/2000 2001/1/2001 
f 1999/1/1999 1317/1/1317 1316/1/1316 
f 1319/1/1319 1977/1/1977 2000/1/2000 1316/1/1316 
f 2001/1/2001 2000/1/2000 1977/1/1977 1976/1/1976 
f 1997/1/1997 2002/1/2002 2003/1/2003 1995/1/1995 
f 1950/1/1950 2003/1/2003 2002/1/2002 1951/1/1951 
f 1949/1/1949 2004/1/2004 2003/1/2003 1950/1/1950 
f 1995/1/1995 2003/1/2003 2004/1/2004 1992/1/1992 
f 2005/1/2005 2006/1/2006 1917/1/1917 
f 1885/1/1885 1884/1/1884 2005/1/2005 1916/1/1916 
f 2007/1/2007 2005/1/2005 1884/1/1884 1881/1/1881 
f 2006/1/2006 2005/1/2005 2007/1/2007 2008/1/2008 
f 2009/1/2009 2010/1/2010 2011/1/2011 2012/1/2012 
f 2001/1/2001 2011/1/2011 2010/1/2010 1998/1/1998 
f 1976/1/1976 1987/1/1987 2011/1/2011 2001/1/2001 
f 2012/1/2012 2011/1/2011 1987/1/1987 1986/1/1986 
f 1880/1/1880 1317/1/1317 1999/1/1999 
f 1999/1/1999 1998/1/1998 2013/1/2013 
f 2014/1/2014 2013/1/2013 2008/1/2008 
f 1881/1/1881 1880/1/1880 2014/1/2014 2007/1/2007 
f 2013/1/2013 2015/1/2015 2016/1/2016 2008/1/2008 
f 1998/1/1998 2010/1/2010 2015/1/2015 2013/1/2013 
f 2009/1/2009 2016/1/2016 2015/1/2015 2010/1/2010 
f 2017/1/2017 1948/1/1948 1935/1/1935 
f 1939/1/1939 1917/1/1917 2006/1/2006 
f 2008/1/2008 2018/1/2018 2017/1/2017 2006/1/2006 
f 1948/1/1948 2017/1/2017 2018/1/2018 1949/1/1949 
f 2019/1/2019 2020/1/2020 2016/1/2016 2009/1/2009 
f 2004/1/2004 2020/1/2020 2019/1/2019 1992/1/1992 
f 1949/1/1949 2018/1/2018 2020/1/2020 2004/1/2004 
f 2008/1/2008 2016/1/2016 2020/1/2020 2018/1/2018 
f 1986/1/1986 1991/1/1991 2021/1/2021 2012/1/2012 
f 1993/1/1993 2021/1/2021 1991/1/1991 1983/1/1983 
f 1992/1/1992 2019/1/2019 2021/1/2021 1993/1/1993 
f 2012/1/2012 2021/1/2021 2019/1/2019 2009/1/2009 
f 641/1/641 640/1/640 2022/1/2022 2023/1/2023 
f 1585/1/1585 2022/1/2022 640/1/640 502/1/502 
f 2022/1/2022 1585/1/1585 1589/1/1589 
f 2023/1/2023 2022/1/2022 2024/1/2024 2025/1/2025 
f 645/1/645 644/1/644 2026/1/2026 2027/1/2027 
f 2023/1/2023 2026/1/2026 644/1/644 641/1/641 
f 2025/1/2025 2028/1/2028 2026/1/2026 2023/1/2023 
f 2027/1/2027 2026/1/2026 2028/1/2028 2029/1/2029 
f 2030/1/2030 1589/1/1589 1827/1/1827 
f 1628/1/1628 1830/1/1830 2031/1/2031 1827/1/1827 
f 1831/1/1831 2032/1/2032 2031/1/2031 1830/1/1830 
f 2030/1/2030 2031/1/2031 2032/1/2032 2033/1/2033 
f 2033/1/2033 2032/1/2032 2034/1/2034 2035/1/2035 
f 1833/1/1833 2034/1/2034 2032/1/2032 1831/1/1831 
f 1835/1/1835 2036/1/2036 2034/1/2034 1833/1/1833 
f 2035/1/2035 2034/1/2034 2036/1/2036 2037/1/2037 
f 2037/1/2037 2036/1/2036 2038/1/2038 2039/1/2039 
f 1837/1/1837 2038/1/2038 2036/1/2036 1835/1/1835 
f 1839/1/1839 2040/1/2040 2038/1/2038 1837/1/1837 
f 2039/1/2039 2038/1/2038 2040/1/2040 2041/1/2041 
f 2040/1/2040 2042/1/2042 2043/1/2043 2041/1/2041 
f 1848/1/1848 2042/1/2042 2040/1/2040 1839/1/1839 
f 1849/1/1849 2043/1/2043 2042/1/2042 1848/1/1848 
f 2025/1/2025 2024/1/2024 2044/1/2044 2045/1/2045 
f 2030/1/2030 2044/1/2044 2024/1/2024 1589/1/1589 
f 2044/1/2044 2030/1/2030 2033/1/2033 
f 2046/1/2046 2047/1/2047 2045/1/2045 
f 2028/1/2028 2048/1/2048 2049/1/2049 2029/1/2029 
f 2045/1/2045 2048/1/2048 2028/1/2028 2025/1/2025 
f 2048/1/2048 2045/1/2045 2047/1/2047 
f 2049/1/2049 2048/1/2048 2050/1/2050 2051/1/2051 
f 2052/1/2052 2053/1/2053 2047/1/2047 
f 2035/1/2035 2052/1/2052 2046/1/2046 2033/1/2033 
f 2037/1/2037 2054/1/2054 2052/1/2052 2035/1/2035 
f 2055/1/2055 2053/1/2053 2052/1/2052 2054/1/2054 
f 2056/1/2056 2057/1/2057 2058/1/2058 2059/1/2059 
f 2054/1/2054 2058/1/2058 2057/1/2057 2055/1/2055 
f 2058/1/2058 2054/1/2054 2037/1/2037 
f 2059/1/2059 2058/1/2058 2039/1/2039 2041/1/2041 
f 2029/1/2029 2049/1/2049 2060/1/2060 2027/1/2027 
f 2061/1/2061 2060/1/2060 2049/1/2049 2051/1/2051 
f 2062/1/2062 2063/1/2063 2060/1/2060 2061/1/2061 
f 2027/1/2027 2060/1/2060 2063/1/2063 645/1/645 
f 645/1/645 2063/1/2063 2064/1/2064 649/1/649 
f 2065/1/2065 2064/1/2064 2063/1/2063 2062/1/2062 
f 2066/1/2066 2067/1/2067 2064/1/2064 2065/1/2065 
f 649/1/649 2064/1/2064 2067/1/2067 646/1/646 
f 650/1/650 653/1/653 2068/1/2068 2069/1/2069 
f 646/1/646 2067/1/2067 2068/1/2068 653/1/653 
f 2066/1/2066 2070/1/2070 2068/1/2068 2067/1/2067 
f 2069/1/2069 2068/1/2068 2070/1/2070 2071/1/2071 
f 665/1/665 664/1/664 2072/1/2072 2073/1/2073 
f 2074/1/2074 2072/1/2072 664/1/664 659/1/659 
f 2075/1/2075 2076/1/2076 2072/1/2072 2074/1/2074 
f 2073/1/2073 2072/1/2072 2076/1/2076 2077/1/2077 
f 668/1/668 667/1/667 2078/1/2078 2079/1/2079 
f 2073/1/2073 2078/1/2078 667/1/667 665/1/665 
f 2077/1/2077 2080/1/2080 2078/1/2078 2073/1/2073 
f 2081/1/2081 2079/1/2079 2078/1/2078 2080/1/2080 
f 2082/1/2082 2083/1/2083 2084/1/2084 2085/1/2085 
f 2083/1/2083 2081/1/2081 2080/1/2080 
f 2086/1/2086 2084/1/2084 2080/1/2080 2077/1/2077 
f 2087/1/2087 2085/1/2085 2084/1/2084 2086/1/2086 
f 668/1/668 2079/1/2079 2088/1/2088 671/1/671 
f 2079/1/2079 2081/1/2081 2089/1/2089 
f 2090/1/2090 2091/1/2091 2088/1/2088 2089/1/2089 
f 671/1/671 2088/1/2088 2091/1/2091 672/1/672 
f 2089/1/2089 2092/1/2092 2093/1/2093 2090/1/2090 
f 2081/1/2081 2083/1/2083 2092/1/2092 2089/1/2089 
f 2082/1/2082 2094/1/2094 2092/1/2092 2083/1/2083 
f 2095/1/2095 2093/1/2093 2092/1/2092 2094/1/2094 
f 672/1/672 2091/1/2091 2096/1/2096 675/1/675 
f 2097/1/2097 2096/1/2096 2091/1/2091 2090/1/2090 
f 2098/1/2098 2099/1/2099 2096/1/2096 2097/1/2097 
f 675/1/675 2096/1/2096 2099/1/2099 676/1/676 
f 2090/1/2090 2093/1/2093 2100/1/2100 2097/1/2097 
f 2101/1/2101 2100/1/2100 2093/1/2093 2095/1/2095 
f 2102/1/2102 2103/1/2103 2100/1/2100 2101/1/2101 
f 2097/1/2097 2100/1/2100 2103/1/2103 2098/1/2098 
f 2104/1/2104 679/1/679 676/1/676 
f 2105/1/2105 2104/1/2104 2099/1/2099 2098/1/2098 
f 2106/1/2106 2107/1/2107 2104/1/2104 2105/1/2105 
f 2107/1/2107 680/1/680 679/1/679 
f 657/1/657 656/1/656 2108/1/2108 2109/1/2109 
f 2069/1/2069 2108/1/2108 656/1/656 650/1/650 
f 2071/1/2071 2110/1/2110 2108/1/2108 2069/1/2069 
f 2109/1/2109 2108/1/2108 2110/1/2110 2111/1/2111 
f 659/1/659 658/1/658 2112/1/2112 2074/1/2074 
f 2109/1/2109 2112/1/2112 658/1/658 657/1/657 
f 2111/1/2111 2113/1/2113 2112/1/2112 2109/1/2109 
f 2074/1/2074 2112/1/2112 2113/1/2113 2075/1/2075 
f 2077/1/2077 2076/1/2076 2114/1/2114 2086/1/2086 
f 2115/1/2115 2114/1/2114 2076/1/2076 2075/1/2075 
f 2116/1/2116 2117/1/2117 2114/1/2114 2115/1/2115 
f 2086/1/2086 2114/1/2114 2117/1/2117 2087/1/2087 
f 2118/1/2118 2119/1/2119 2120/1/2120 2121/1/2121 
f 2122/1/2122 2120/1/2120 2119/1/2119 2123/1/2123 
f 2071/1/2071 2070/1/2070 2120/1/2120 2122/1/2122 
f 2121/1/2121 2120/1/2120 2070/1/2070 2066/1/2066 
f 2111/1/2111 2110/1/2110 2124/1/2124 2125/1/2125 
f 2122/1/2122 2124/1/2124 2110/1/2110 2071/1/2071 
f 2123/1/2123 2126/1/2126 2124/1/2124 2122/1/2122 
f 2125/1/2125 2124/1/2124 2126/1/2126 2127/1/2127 
f 2075/1/2075 2113/1/2113 2128/1/2128 2115/1/2115 
f 2125/1/2125 2128/1/2128 2113/1/2113 2111/1/2111 
f 2127/1/2127 2129/1/2129 2128/1/2128 2125/1/2125 
f 2115/1/2115 2128/1/2128 2129/1/2129 2116/1/2116 
f 2062/1/2062 2061/1/2061 2130/1/2130 2131/1/2131 
f 2132/1/2132 2130/1/2130 2061/1/2061 2051/1/2051 
f 2133/1/2133 2134/1/2134 2130/1/2130 2132/1/2132 
f 2131/1/2131 2130/1/2130 2134/1/2134 2135/1/2135 
f 2051/1/2051 2050/1/2050 2136/1/2136 2132/1/2132 
f 2053/1/2053 2136/1/2136 2050/1/2050 2047/1/2047 
f 2137/1/2137 2136/1/2136 2053/1/2053 2055/1/2055 
f 2132/1/2132 2136/1/2136 2137/1/2137 2133/1/2133 
f 2055/1/2055 2057/1/2057 2138/1/2138 2137/1/2137 
f 2139/1/2139 2138/1/2138 2057/1/2057 2056/1/2056 
f 2140/1/2140 2141/1/2141 2138/1/2138 2139/1/2139 
f 2137/1/2137 2138/1/2138 2141/1/2141 2133/1/2133 
f 2133/1/2133 2141/1/2141 2142/1/2142 2134/1/2134 
f 2140/1/2140 2143/1/2143 2142/1/2142 2141/1/2141 
f 2134/1/2134 2142/1/2142 2143/1/2143 2135/1/2135 
f 2062/1/2062 2131/1/2131 2144/1/2144 2065/1/2065 
f 2145/1/2145 2144/1/2144 2131/1/2131 2135/1/2135 
f 2121/1/2121 2144/1/2144 2145/1/2145 2118/1/2118 
f 2065/1/2065 2144/1/2144 2121/1/2121 2066/1/2066 
f 2146/1/2146 2147/1/2147 2148/1/2148 2149/1/2149 
f 894/1/894 2148/1/2148 2147/1/2147 880/1/880 
f 898/1/898 2150/1/2150 2148/1/2148 894/1/894 
f 2149/1/2149 2148/1/2148 2150/1/2150 2151/1/2151 
f 908/1/908 2152/1/2152 2150/1/2150 898/1/898 
f 2153/1/2153 2152/1/2152 908/1/908 912/1/912 
f 2154/1/2154 2155/1/2155 2152/1/2152 2153/1/2153 
f 2151/1/2151 2150/1/2150 2152/1/2152 2155/1/2155 
f 912/1/912 920/1/920 2156/1/2156 2153/1/2153 
f 2157/1/2157 2156/1/2156 920/1/920 924/1/924 
f 2158/1/2158 2159/1/2159 2156/1/2156 2157/1/2157 
f 2153/1/2153 2156/1/2156 2159/1/2159 2154/1/2154 
f 924/1/924 941/1/941 2160/1/2160 2157/1/2157 
f 916/1/916 2161/1/2161 2160/1/2160 941/1/941 
f 2162/1/2162 2160/1/2160 2161/1/2161 2163/1/2163 
f 2157/1/2157 2160/1/2160 2162/1/2162 2158/1/2158 
f 2164/1/2164 2165/1/2165 2166/1/2166 2167/1/2167 
f 879/1/879 2166/1/2166 2165/1/2165 881/1/881 
f 880/1/880 2147/1/2147 2166/1/2166 879/1/879 
f 2167/1/2167 2166/1/2166 2147/1/2147 2146/1/2146 
f 2168/1/2168 2164/1/2164 2167/1/2167 
f 2169/1/2169 2167/1/2167 2146/1/2146 
f 2170/1/2170 2169/1/2169 2171/1/2171 2172/1/2172 
f 2168/1/2168 2169/1/2169 2170/1/2170 2173/1/2173 
f 2172/1/2172 2171/1/2171 2174/1/2174 2175/1/2175 
f 2149/1/2149 2174/1/2174 2171/1/2171 2146/1/2146 
f 2151/1/2151 2176/1/2176 2174/1/2174 2149/1/2149 
f 2175/1/2175 2174/1/2174 2176/1/2176 2177/1/2177 
f 2178/1/2178 2179/1/2179 2180/1/2180 2181/1/2181 
f 2177/1/2177 2176/1/2176 2180/1/2180 2179/1/2179 
f 2155/1/2155 2180/1/2180 2176/1/2176 2151/1/2151 
f 2181/1/2181 2180/1/2180 2155/1/2155 2154/1/2154 
f 2182/1/2182 2183/1/2183 2184/1/2184 2185/1/2185 
f 2181/1/2181 2184/1/2184 2183/1/2183 2178/1/2178 
f 2154/1/2154 2159/1/2159 2184/1/2184 2181/1/2181 
f 2185/1/2185 2184/1/2184 2159/1/2159 2158/1/2158 
f 2186/1/2186 2187/1/2187 2188/1/2188 2189/1/2189 
f 2185/1/2185 2187/1/2187 2186/1/2186 2182/1/2182 
f 2158/1/2158 2162/1/2162 2187/1/2187 2185/1/2185 
f 2163/1/2163 2188/1/2188 2187/1/2187 2162/1/2162 
f 2173/1/2173 2170/1/2170 2190/1/2190 2191/1/2191 
f 2175/1/2175 2190/1/2190 2170/1/2170 2172/1/2172 
f 2177/1/2177 2192/1/2192 2190/1/2190 2175/1/2175 
f 2191/1/2191 2190/1/2190 2192/1/2192 2193/1/2193 
f 2194/1/2194 2195/1/2195 2196/1/2196 2197/1/2197 
f 2192/1/2192 2196/1/2196 2195/1/2195 2193/1/2193 
f 2177/1/2177 2179/1/2179 2196/1/2196 2192/1/2192 
f 2197/1/2197 2196/1/2196 2179/1/2179 2178/1/2178 
f 2198/1/2198 2199/1/2199 2200/1/2200 2201/1/2201 
f 2195/1/2195 2200/1/2200 2199/1/2199 2193/1/2193 
f 2194/1/2194 2201/1/2201 2200/1/2200 2195/1/2195 
f 2202/1/2202 2203/1/2203 2204/1/2204 2205/1/2205 
f 2197/1/2197 2204/1/2204 2203/1/2203 2194/1/2194 
f 2178/1/2178 2183/1/2183 2204/1/2204 2197/1/2197 
f 2205/1/2205 2204/1/2204 2183/1/2183 2182/1/2182 
f 2206/1/2206 2207/1/2207 2208/1/2208 2209/1/2209 
f 2201/1/2201 2208/1/2208 2207/1/2207 2198/1/2198 
f 2194/1/2194 2203/1/2203 2208/1/2208 2201/1/2201 
f 2209/1/2209 2208/1/2208 2203/1/2203 2202/1/2202 
f 2205/1/2205 2210/1/2210 2211/1/2211 2202/1/2202 
f 2182/1/2182 2186/1/2186 2210/1/2210 2205/1/2205 
f 2189/1/2189 2212/1/2212 2210/1/2210 2186/1/2186 
f 2211/1/2211 2210/1/2210 2212/1/2212 2213/1/2213 
f 2214/1/2214 2215/1/2215 2216/1/2216 2217/1/2217 
f 2209/1/2209 2215/1/2215 2214/1/2214 2206/1/2206 
f 2202/1/2202 2211/1/2211 2215/1/2215 2209/1/2209 
f 2213/1/2213 2216/1/2216 2215/1/2215 2211/1/2211 
f 2217/1/2217 2216/1/2216 2218/1/2218 2219/1/2219 
f 2220/1/2220 2218/1/2218 2216/1/2216 2213/1/2213 
f 2221/1/2221 2222/1/2222 2218/1/2218 2220/1/2220 
f 2219/1/2219 2218/1/2218 2222/1/2222 2223/1/2223 
f 2224/1/2224 2225/1/2225 2212/1/2212 2189/1/2189 
f 2226/1/2226 2225/1/2225 2224/1/2224 2227/1/2227 
f 2221/1/2221 2220/1/2220 2225/1/2225 2226/1/2226 
f 2213/1/2213 2212/1/2212 2225/1/2225 2220/1/2220 
f 2223/1/2223 2222/1/2222 2228/1/2228 2229/1/2229 
f 2226/1/2226 2228/1/2228 2222/1/2222 2221/1/2221 
f 2227/1/2227 2230/1/2230 2228/1/2228 2226/1/2226 
f 2229/1/2229 2228/1/2228 2230/1/2230 2231/1/2231 
f 2227/1/2227 2224/1/2224 2232/1/2232 2233/1/2233 
f 2188/1/2188 2232/1/2232 2224/1/2224 2189/1/2189 
f 2234/1/2234 2232/1/2232 2188/1/2188 2163/1/2163 
f 2233/1/2233 2232/1/2232 2234/1/2234 2235/1/2235 
f 2163/1/2163 2161/1/2161 2236/1/2236 2234/1/2234 
f 915/1/915 2236/1/2236 2161/1/2161 916/1/916 
f 802/1/802 2237/1/2237 2236/1/2236 915/1/915 
f 2234/1/2234 2236/1/2236 2237/1/2237 2235/1/2235 
f 2231/1/2231 2230/1/2230 2238/1/2238 2239/1/2239 
f 2233/1/2233 2238/1/2238 2230/1/2230 2227/1/2227 
f 2235/1/2235 2240/1/2240 2238/1/2238 2233/1/2233 
f 2239/1/2239 2238/1/2238 2240/1/2240 2241/1/2241 
f 802/1/802 801/1/801 2242/1/2242 2237/1/2237 
f 2243/1/2243 2242/1/2242 801/1/801 689/1/689 
f 2244/1/2244 2245/1/2245 2242/1/2242 2243/1/2243 
f 2237/1/2237 2242/1/2242 2245/1/2245 2235/1/2235 
f 2246/1/2246 2247/1/2247 2248/1/2248 2249/1/2249 
f 2241/1/2241 2240/1/2240 2248/1/2248 2247/1/2247 
f 2245/1/2245 2248/1/2248 2240/1/2240 2235/1/2235 
f 2249/1/2249 2248/1/2248 2245/1/2245 2244/1/2244 
f 689/1/689 686/1/686 2250/1/2250 2243/1/2243 
f 2251/1/2251 2250/1/2250 686/1/686 685/1/685 
f 2252/1/2252 2253/1/2253 2250/1/2250 2251/1/2251 
f 2243/1/2243 2250/1/2250 2253/1/2253 2244/1/2244 
f 685/1/685 691/1/691 2254/1/2254 2251/1/2251 
f 2107/1/2107 2254/1/2254 691/1/691 680/1/680 
f 2106/1/2106 2255/1/2255 2254/1/2254 2107/1/2107 
f 2251/1/2251 2254/1/2254 2255/1/2255 2252/1/2252 
f 2244/1/2244 2253/1/2253 2256/1/2256 2249/1/2249 
f 2257/1/2257 2256/1/2256 2253/1/2253 2252/1/2252 
f 2258/1/2258 2259/1/2259 2256/1/2256 2257/1/2257 
f 2249/1/2249 2256/1/2256 2259/1/2259 2246/1/2246 
f 2098/1/2098 2103/1/2103 2260/1/2260 2105/1/2105 
f 2261/1/2261 2260/1/2260 2103/1/2103 2102/1/2102 
f 2262/1/2262 2263/1/2263 2260/1/2260 2261/1/2261 
f 2105/1/2105 2260/1/2260 2263/1/2263 2106/1/2106 
f 2252/1/2252 2255/1/2255 2264/1/2264 2257/1/2257 
f 2263/1/2263 2264/1/2264 2255/1/2255 2106/1/2106 
f 2262/1/2262 2265/1/2265 2264/1/2264 2263/1/2263 
f 2257/1/2257 2264/1/2264 2265/1/2265 2258/1/2258 
f 710/1/710 709/1/709 2266/1/2266 2267/1/2267 
f 764/1/764 2266/1/2266 709/1/709 703/1/703 
f 765/1/765 1438/1/1438 2266/1/2266 764/1/764 
f 1438/1/1438 1441/1/1441 2267/1/2267 
f 735/1/735 732/1/732 2268/1/2268 2269/1/2269 
f 732/1/732 711/1/711 708/1/708 
f 2268/1/2268 708/1/708 710/1/710 
f 2269/1/2269 2268/1/2268 2270/1/2270 2271/1/2271 
f 1567/1/1567 1566/1/1566 2272/1/2272 2273/1/2273 
f 2269/1/2269 2272/1/2272 1566/1/1566 735/1/735 
f 2271/1/2271 2274/1/2274 2272/1/2272 2269/1/2269 
f 2273/1/2273 2272/1/2272 2274/1/2274 2275/1/2275 
f 1579/1/1579 1578/1/1578 2276/1/2276 2277/1/2277 
f 2273/1/2273 2276/1/2276 1578/1/1578 1567/1/1567 
f 2275/1/2275 2278/1/2278 2276/1/2276 2273/1/2273 
f 2277/1/2277 2276/1/2276 2278/1/2278 2279/1/2279 
f 1583/1/1583 1582/1/1582 2280/1/2280 2281/1/2281 
f 2277/1/2277 2280/1/2280 1582/1/1582 1579/1/1579 
f 2279/1/2279 2282/1/2282 2280/1/2280 2277/1/2277 
f 2281/1/2281 2280/1/2280 2282/1/2282 2283/1/2283 
f 2284/1/2284 2285/1/2285 2286/1/2286 
f 2287/1/2287 1441/1/1441 1440/1/1440 
f 2284/1/2284 1440/1/1440 1426/1/1426 
f 1443/1/1443 1442/1/1442 2285/1/2285 
f 1442/1/1442 1447/1/1447 2288/1/2288 2285/1/2285 
f 2289/1/2289 2288/1/2288 1447/1/1447 1446/1/1446 
f 2290/1/2290 2291/1/2291 2288/1/2288 2289/1/2289 
f 2285/1/2285 2288/1/2288 2291/1/2291 2286/1/2286 
f 2292/1/2292 2293/1/2293 2271/1/2271 
f 2270/1/2270 710/1/710 2267/1/2267 
f 2292/1/2292 2267/1/2267 1441/1/1441 
f 2294/1/2294 2295/1/2295 2293/1/2293 
f 2293/1/2293 2296/1/2296 2274/1/2274 2271/1/2271 
f 2297/1/2297 2296/1/2296 2293/1/2293 2295/1/2295 
f 2298/1/2298 2299/1/2299 2296/1/2296 2297/1/2297 
f 2275/1/2275 2274/1/2274 2296/1/2296 2299/1/2299 
f 2299/1/2299 2300/1/2300 2278/1/2278 2275/1/2275 
f 2301/1/2301 2300/1/2300 2299/1/2299 2298/1/2298 
f 2302/1/2302 2300/1/2300 2301/1/2301 2303/1/2303 
f 2279/1/2279 2278/1/2278 2300/1/2300 2302/1/2302 
f 2283/1/2283 2282/1/2282 2304/1/2304 2305/1/2305 
f 2302/1/2302 2304/1/2304 2282/1/2282 2279/1/2279 
f 2303/1/2303 2306/1/2306 2304/1/2304 2302/1/2302 
f 2307/1/2307 2305/1/2305 2304/1/2304 2306/1/2306 
f 2308/1/2308 2309/1/2309 2310/1/2310 2311/1/2311 
f 2306/1/2306 2310/1/2310 2309/1/2309 2307/1/2307 
f 2303/1/2303 2312/1/2312 2310/1/2310 2306/1/2306 
f 2311/1/2311 2310/1/2310 2312/1/2312 2313/1/2313 
f 2298/1/2298 2314/1/2314 2315/1/2315 2301/1/2301 
f 2316/1/2316 2315/1/2315 2314/1/2314 2317/1/2317 
f 2313/1/2313 2312/1/2312 2315/1/2315 2316/1/2316 
f 2301/1/2301 2315/1/2315 2312/1/2312 2303/1/2303 
f 1453/1/1453 1451/1/1451 2318/1/2318 2319/1/2319 
f 1430/1/1430 2318/1/2318 1451/1/1451 1431/1/1431 
f 798/1/798 2320/1/2320 2318/1/2318 1430/1/1430 
f 2319/1/2319 2318/1/2318 2320/1/2320 2321/1/2321 
f 2290/1/2290 2289/1/2289 2322/1/2322 2323/1/2323 
f 1452/1/1452 2322/1/2322 2289/1/2289 1446/1/1446 
f 1453/1/1453 2319/1/2319 2322/1/2322 1452/1/1452 
f 2323/1/2323 2322/1/2322 2319/1/2319 2321/1/2321 
f 2321/1/2321 2320/1/2320 2324/1/2324 
f 796/1/796 2324/1/2324 2320/1/2320 798/1/798 
f 1455/1/1455 2324/1/2324 796/1/796 797/1/797 
f 2324/1/2324 1455/1/1455 1459/1/1459 
f 2325/1/2325 2326/1/2326 2286/1/2286 
f 2291/1/2291 2290/1/2290 2323/1/2323 
f 2325/1/2325 2323/1/2323 2321/1/2321 
f 2327/1/2327 2328/1/2328 2326/1/2326 
f 2329/1/2329 2330/1/2330 2295/1/2295 
f 2294/1/2294 1441/1/1441 2287/1/2287 
f 2329/1/2329 2287/1/2287 2286/1/2286 
f 2326/1/2326 2328/1/2328 2330/1/2330 
f 2317/1/2317 2314/1/2314 2331/1/2331 2332/1/2332 
f 2297/1/2297 2331/1/2331 2314/1/2314 2298/1/2298 
f 2295/1/2295 2330/1/2330 2331/1/2331 2297/1/2297 
f 2332/1/2332 2331/1/2331 2330/1/2330 2328/1/2328 
f 2328/1/2328 2327/1/2327 2333/1/2333 2334/1/2334 
f 2327/1/2327 2321/1/2321 2335/1/2335 
f 2333/1/2333 2335/1/2335 1459/1/1459 
f 2334/1/2334 2333/1/2333 2336/1/2336 2337/1/2337 
f 2338/1/2338 2339/1/2339 2340/1/2340 2341/1/2341 
f 2338/1/2338 1457/1/1457 1461/1/1461 
f 2339/1/2339 1461/1/1461 1463/1/1463 
f 2340/1/2340 2339/1/2339 1493/1/1493 1492/1/1492 
f 2342/1/2342 2336/1/2336 1459/1/1459 
f 1458/1/1458 1457/1/1457 2338/1/2338 
f 2341/1/2341 2343/1/2343 2342/1/2342 2338/1/2338 
f 2336/1/2336 2342/1/2342 2343/1/2343 2337/1/2337 
f 2344/1/2344 2345/1/2345 2341/1/2341 
f 1499/1/1499 2344/1/2344 2340/1/2340 1492/1/1492 
f 1501/1/1501 2346/1/2346 2344/1/2344 1499/1/1499 
f 2345/1/2345 2344/1/2344 2346/1/2346 2347/1/2347 
f 2347/1/2347 2346/1/2346 2348/1/2348 2349/1/2349 
f 1503/1/1503 2348/1/2348 2346/1/2346 1501/1/1501 
f 1497/1/1497 2350/1/2350 2348/1/2348 1503/1/1503 
f 2349/1/2349 2348/1/2348 2350/1/2350 2351/1/2351 
f 1497/1/1497 1496/1/1496 2352/1/2352 2350/1/2350 
f 1472/1/1472 2352/1/2352 1496/1/1496 1474/1/1474 
f 1423/1/1423 2353/1/2353 2352/1/2352 1472/1/1472 
f 2350/1/2350 2352/1/2352 2353/1/2353 2351/1/2351 
f 1422/1/1422 2354/1/2354 2353/1/2353 1423/1/1423 
f 2355/1/2355 2354/1/2354 1422/1/1422 1419/1/1419 
f 2356/1/2356 2354/1/2354 2355/1/2355 2357/1/2357 
f 2351/1/2351 2353/1/2353 2354/1/2354 2356/1/2356 
f 1419/1/1419 1418/1/1418 2358/1/2358 2355/1/2355 
f 2359/1/2359 2358/1/2358 1418/1/1418 1415/1/1415 
f 2360/1/2360 2361/1/2361 2358/1/2358 2359/1/2359 
f 2357/1/2357 2355/1/2355 2358/1/2358 2361/1/2361 
f 1415/1/1415 1414/1/1414 2362/1/2362 2359/1/2359 
f 1414/1/1414 1411/1/1411 2363/1/2363 
f 2364/1/2364 2365/1/2365 2362/1/2362 2363/1/2363 
f 2359/1/2359 2362/1/2362 2365/1/2365 2360/1/2360 
f 2363/1/2363 2366/1/2366 2367/1/2367 2364/1/2364 
f 1411/1/1411 1409/1/1409 2366/1/2366 2363/1/2363 
f 1406/1/1406 2368/1/2368 2366/1/2366 1409/1/1409 
f 2367/1/2367 2366/1/2366 2368/1/2368 2369/1/2369 
f 2369/1/2369 2368/1/2368 2370/1/2370 2371/1/2371 
f 1405/1/1405 2370/1/2370 2368/1/2368 1406/1/1406 
f 1402/1/1402 2372/1/2372 2370/1/2370 1405/1/1405 
f 2371/1/2371 2370/1/2370 2372/1/2372 2373/1/2373 
f 2373/1/2373 2372/1/2372 2374/1/2374 2375/1/2375 
f 1401/1/1401 2374/1/2374 2372/1/2372 1402/1/1402 
f 2374/1/2374 1401/1/1401 1398/1/1398 
f 2376/1/2376 2377/1/2377 2375/1/2375 
f 2378/1/2378 2379/1/2379 2380/1/2380 2381/1/2381 
f 2379/1/2379 2328/1/2328 2334/1/2334 
f 2337/1/2337 2381/1/2381 2380/1/2380 2334/1/2334 
f 2382/1/2382 2383/1/2383 2384/1/2384 2385/1/2385 
f 2332/1/2332 2384/1/2384 2383/1/2383 2317/1/2317 
f 2328/1/2328 2379/1/2379 2384/1/2384 2332/1/2332 
f 2385/1/2385 2384/1/2384 2379/1/2379 2378/1/2378 
f 2386/1/2386 2387/1/2387 2388/1/2388 2389/1/2389 
f 2316/1/2316 2388/1/2388 2387/1/2387 2313/1/2313 
f 2317/1/2317 2383/1/2383 2388/1/2388 2316/1/2316 
f 2389/1/2389 2388/1/2388 2383/1/2383 2382/1/2382 
f 2390/1/2390 2391/1/2391 2392/1/2392 2393/1/2393 
f 2311/1/2311 2392/1/2392 2391/1/2391 2308/1/2308 
f 2313/1/2313 2387/1/2387 2392/1/2392 2311/1/2311 
f 2393/1/2393 2392/1/2392 2387/1/2387 2386/1/2386 
f 2337/1/2337 2343/1/2343 2394/1/2394 2381/1/2381 
f 2343/1/2343 2341/1/2341 2395/1/2395 
f 2395/1/2395 2396/1/2396 2397/1/2397 
f 2397/1/2397 2378/1/2378 2381/1/2381 
f 2398/1/2398 2399/1/2399 2396/1/2396 
f 2395/1/2395 2341/1/2341 2345/1/2345 
f 2347/1/2347 2400/1/2400 2398/1/2398 2345/1/2345 
f 2399/1/2399 2398/1/2398 2400/1/2400 2401/1/2401 
f 2401/1/2401 2400/1/2400 2402/1/2402 2403/1/2403 
f 2349/1/2349 2402/1/2402 2400/1/2400 2347/1/2347 
f 2351/1/2351 2404/1/2404 2402/1/2402 2349/1/2349 
f 2403/1/2403 2402/1/2402 2404/1/2404 2405/1/2405 
f 2405/1/2405 2404/1/2404 2406/1/2406 2407/1/2407 
f 2356/1/2356 2406/1/2406 2404/1/2404 2351/1/2351 
f 2357/1/2357 2408/1/2408 2406/1/2406 2356/1/2356 
f 2407/1/2407 2406/1/2406 2408/1/2408 2409/1/2409 
f 2409/1/2409 2408/1/2408 2410/1/2410 2411/1/2411 
f 2361/1/2361 2410/1/2410 2408/1/2408 2357/1/2357 
f 2412/1/2412 2410/1/2410 2361/1/2361 2360/1/2360 
f 2413/1/2413 2411/1/2411 2410/1/2410 2412/1/2412 
f 2414/1/2414 2415/1/2415 2416/1/2416 2417/1/2417 
f 2412/1/2412 2416/1/2416 2415/1/2415 2413/1/2413 
f 2360/1/2360 2365/1/2365 2416/1/2416 2412/1/2412 
f 2417/1/2417 2416/1/2416 2365/1/2365 2364/1/2364 
f 2418/1/2418 2419/1/2419 2420/1/2420 2421/1/2421 
f 2417/1/2417 2420/1/2420 2419/1/2419 2414/1/2414 
f 2364/1/2364 2367/1/2367 2420/1/2420 2417/1/2417 
f 2421/1/2421 2420/1/2420 2367/1/2367 2369/1/2369 
f 2422/1/2422 2423/1/2423 2424/1/2424 2425/1/2425 
f 2421/1/2421 2424/1/2424 2423/1/2423 2418/1/2418 
f 2369/1/2369 2371/1/2371 2424/1/2424 2421/1/2421 
f 2425/1/2425 2424/1/2424 2371/1/2371 2373/1/2373 
f 2426/1/2426 2427/1/2427 2428/1/2428 2429/1/2429 
f 2425/1/2425 2428/1/2428 2427/1/2427 2422/1/2422 
f 2373/1/2373 2375/1/2375 2428/1/2428 2425/1/2425 
f 2429/1/2429 2428/1/2428 2375/1/2375 2377/1/2377 
f 2430/1/2430 2431/1/2431 2432/1/2432 2433/1/2433 
f 2422/1/2422 2427/1/2427 2431/1/2431 2430/1/2430 
f 2426/1/2426 2434/1/2434 2431/1/2431 2427/1/2427 
f 2432/1/2432 2431/1/2431 2434/1/2434 2435/1/2435 
f 2436/1/2436 2437/1/2437 2438/1/2438 2439/1/2439 
f 2419/1/2419 2438/1/2438 2437/1/2437 2414/1/2414 
f 2440/1/2440 2438/1/2438 2419/1/2419 2418/1/2418 
f 2439/1/2439 2438/1/2438 2440/1/2440 2441/1/2441 
f 2418/1/2418 2423/1/2423 2442/1/2442 2440/1/2440 
f 2430/1/2430 2442/1/2442 2423/1/2423 2422/1/2422 
f 2433/1/2433 2443/1/2443 2442/1/2442 2430/1/2430 
f 2440/1/2440 2442/1/2442 2443/1/2443 2441/1/2441 
f 2444/1/2444 2445/1/2445 2446/1/2446 2447/1/2447 
f 2415/1/2415 2446/1/2446 2445/1/2445 2413/1/2413 
f 2414/1/2414 2437/1/2437 2446/1/2446 2415/1/2415 
f 2447/1/2447 2446/1/2446 2437/1/2437 2436/1/2436 
f 2436/1/2436 2439/1/2439 2448/1/2448 2447/1/2447 
f 2449/1/2449 2448/1/2448 2439/1/2439 2441/1/2441 
f 2450/1/2450 2451/1/2451 2448/1/2448 2449/1/2449 
f 2447/1/2447 2448/1/2448 2451/1/2451 2444/1/2444 
f 2452/1/2452 2453/1/2453 2454/1/2454 2455/1/2455 
f 2411/1/2411 2454/1/2454 2453/1/2453 2409/1/2409 
f 2413/1/2413 2445/1/2445 2454/1/2454 2411/1/2411 
f 2455/1/2455 2454/1/2454 2445/1/2445 2444/1/2444 
f 2444/1/2444 2451/1/2451 2456/1/2456 2455/1/2455 
f 2457/1/2457 2456/1/2456 2451/1/2451 2450/1/2450 
f 2458/1/2458 2459/1/2459 2456/1/2456 2457/1/2457 
f 2455/1/2455 2456/1/2456 2459/1/2459 2452/1/2452 
f 2460/1/2460 2461/1/2461 2462/1/2462 2463/1/2463 
f 2407/1/2407 2462/1/2462 2461/1/2461 2405/1/2405 
f 2409/1/2409 2453/1/2453 2462/1/2462 2407/1/2407 
f 2463/1/2463 2462/1/2462 2453/1/2453 2452/1/2452 
f 2460/1/2460 2463/1/2463 2464/1/2464 2465/1/2465 
f 2459/1/2459 2464/1/2464 2463/1/2463 2452/1/2452 
f 2458/1/2458 2466/1/2466 2464/1/2464 2459/1/2459 
f 2465/1/2465 2464/1/2464 2466/1/2466 2467/1/2467 
f 2405/1/2405 2461/1/2461 2468/1/2468 2403/1/2403 
f 2469/1/2469 2468/1/2468 2461/1/2461 2460/1/2460 
f 2470/1/2470 2471/1/2471 2468/1/2468 2469/1/2469 
f 2403/1/2403 2468/1/2468 2471/1/2471 2401/1/2401 
f 2470/1/2470 2469/1/2469 2472/1/2472 2473/1/2473 
f 2465/1/2465 2472/1/2472 2469/1/2469 2460/1/2460 
f 2467/1/2467 2474/1/2474 2472/1/2472 2465/1/2465 
f 2473/1/2473 2472/1/2472 2474/1/2474 2475/1/2475 
f 2476/1/2476 2477/1/2477 2478/1/2478 
f 2399/1/2399 2476/1/2476 2479/1/2479 2396/1/2396 
f 2401/1/2401 2471/1/2471 2476/1/2476 2399/1/2399 
f 2471/1/2471 2470/1/2470 2477/1/2477 
f 2478/1/2478 2477/1/2477 2480/1/2480 
f 2477/1/2477 2470/1/2470 2473/1/2473 
f 2475/1/2475 2481/1/2481 2480/1/2480 2473/1/2473 
f 2482/1/2482 2480/1/2480 2481/1/2481 2483/1/2483 
f 2484/1/2484 2485/1/2485 2486/1/2486 2487/1/2487 
f 2397/1/2397 2486/1/2486 2485/1/2485 2378/1/2378 
f 2396/1/2396 2479/1/2479 2486/1/2486 2397/1/2397 
f 2487/1/2487 2486/1/2486 2479/1/2479 2478/1/2478 
f 2478/1/2478 2482/1/2482 2488/1/2488 2487/1/2487 
f 2489/1/2489 2488/1/2488 2482/1/2482 2483/1/2483 
f 2490/1/2490 2491/1/2491 2488/1/2488 2489/1/2489 
f 2487/1/2487 2488/1/2488 2491/1/2491 2484/1/2484 
f 2378/1/2378 2485/1/2485 2492/1/2492 2385/1/2385 
f 2493/1/2493 2492/1/2492 2485/1/2485 2484/1/2484 
f 2494/1/2494 2495/1/2495 2492/1/2492 2493/1/2493 
f 2385/1/2385 2492/1/2492 2495/1/2495 2382/1/2382 
f 2484/1/2484 2491/1/2491 2496/1/2496 2493/1/2493 
f 2497/1/2497 2496/1/2496 2491/1/2491 2490/1/2490 
f 2498/1/2498 2499/1/2499 2496/1/2496 2497/1/2497 
f 2493/1/2493 2496/1/2496 2499/1/2499 2494/1/2494 
f 2382/1/2382 2495/1/2495 2500/1/2500 2389/1/2389 
f 2501/1/2501 2500/1/2500 2495/1/2495 2494/1/2494 
f 2502/1/2502 2503/1/2503 2500/1/2500 2501/1/2501 
f 2389/1/2389 2500/1/2500 2503/1/2503 2386/1/2386 
f 2494/1/2494 2499/1/2499 2504/1/2504 2501/1/2501 
f 2505/1/2505 2504/1/2504 2499/1/2499 2498/1/2498 
f 2506/1/2506 2507/1/2507 2504/1/2504 2505/1/2505 
f 2501/1/2501 2504/1/2504 2507/1/2507 2502/1/2502 
f 2386/1/2386 2503/1/2503 2508/1/2508 2393/1/2393 
f 2509/1/2509 2508/1/2508 2503/1/2503 2502/1/2502 
f 2510/1/2510 2511/1/2511 2508/1/2508 2509/1/2509 
f 2393/1/2393 2508/1/2508 2511/1/2511 2390/1/2390 
f 2502/1/2502 2507/1/2507 2512/1/2512 2509/1/2509 
f 2513/1/2513 2512/1/2512 2507/1/2507 2506/1/2506 
f 2514/1/2514 2515/1/2515 2512/1/2512 2513/1/2513 
f 2509/1/2509 2512/1/2512 2515/1/2515 2510/1/2510 
f 1150/1/1150 1149/1/1149 2516/1/2516 2517/1/2517 
f 2518/1/2518 2516/1/2516 1149/1/1149 1148/1/1148 
f 2519/1/2519 2520/1/2520 2516/1/2516 2518/1/2518 
f 2517/1/2517 2516/1/2516 2520/1/2520 2521/1/2521 
f 2522/1/2522 2523/1/2523 2524/1/2524 2525/1/2525 
f 2526/1/2526 2524/1/2524 2523/1/2523 2527/1/2527 
f 2528/1/2528 2529/1/2529 2524/1/2524 2526/1/2526 
f 2525/1/2525 2524/1/2524 2529/1/2529 2530/1/2530 
f 2531/1/2531 2532/1/2532 2533/1/2533 2534/1/2534 
f 2535/1/2535 2533/1/2533 2532/1/2532 2536/1/2536 
f 2537/1/2537 2538/1/2538 2533/1/2533 2535/1/2535 
f 2534/1/2534 2533/1/2533 2538/1/2538 2539/1/2539 
f 2521/1/2521 2520/1/2520 2540/1/2540 2541/1/2541 
f 2542/1/2542 2540/1/2540 2520/1/2520 2519/1/2519 
f 2530/1/2530 2529/1/2529 2540/1/2540 2542/1/2542 
f 2541/1/2541 2540/1/2540 2529/1/2529 2528/1/2528 
f 2519/1/2519 2543/1/2543 2544/1/2544 2542/1/2542 
f 2545/1/2545 2544/1/2544 2543/1/2543 2546/1/2546 
f 2547/1/2547 2548/1/2548 2544/1/2544 2545/1/2545 
f 2542/1/2542 2544/1/2544 2548/1/2548 2530/1/2530 
f 2530/1/2530 2548/1/2548 2549/1/2549 2525/1/2525 
f 2550/1/2550 2549/1/2549 2548/1/2548 2547/1/2547 
f 2551/1/2551 2552/1/2552 2549/1/2549 2550/1/2550 
f 2525/1/2525 2549/1/2549 2552/1/2552 2522/1/2522 
f 2546/1/2546 2553/1/2553 2554/1/2554 2545/1/2545 
f 2532/1/2532 2554/1/2554 2553/1/2553 2536/1/2536 
f 2531/1/2531 2555/1/2555 2554/1/2554 2532/1/2532 
f 2545/1/2545 2554/1/2554 2555/1/2555 2547/1/2547 
f 2539/1/2539 2556/1/2556 2557/1/2557 2534/1/2534 
f 2558/1/2558 2557/1/2557 2556/1/2556 2559/1/2559 
f 2560/1/2560 2561/1/2561 2557/1/2557 2558/1/2558 
f 2534/1/2534 2557/1/2557 2561/1/2561 2531/1/2531 
f 2562/1/2562 2563/1/2563 2561/1/2561 2560/1/2560 
f 2550/1/2550 2563/1/2563 2562/1/2562 2551/1/2551 
f 2547/1/2547 2555/1/2555 2563/1/2563 2550/1/2550 
f 2531/1/2531 2561/1/2561 2563/1/2563 2555/1/2555 
f 2564/1/2564 2565/1/2565 2566/1/2566 2567/1/2567 
f 2281/1/2281 2566/1/2566 2565/1/2565 1583/1/1583 
f 2283/1/2283 2568/1/2568 2566/1/2566 2281/1/2281 
f 2567/1/2567 2566/1/2566 2568/1/2568 2569/1/2569 
f 2537/1/2537 2535/1/2535 2570/1/2570 2571/1/2571 
f 2536/1/2536 2572/1/2572 2570/1/2570 2535/1/2535 
f 2573/1/2573 2570/1/2570 2572/1/2572 2574/1/2574 
f 2571/1/2571 2570/1/2570 2573/1/2573 2575/1/2575 
f 2576/1/2576 2577/1/2577 2578/1/2578 2579/1/2579 
f 2576/1/2576 1526/1/1526 1537/1/1537 
f 1539/1/1539 2580/1/2580 2577/1/2577 1537/1/1537 
f 2580/1/2580 2581/1/2581 2578/1/2578 
f 1512/1/1512 1527/1/1527 2582/1/2582 2583/1/2583 
f 2576/1/2576 2582/1/2582 1527/1/1527 1526/1/1526 
f 2584/1/2584 2582/1/2582 2576/1/2576 2579/1/2579 
f 2583/1/2583 2582/1/2582 2584/1/2584 2585/1/2585 
f 230/1/230 1513/1/1513 2586/1/2586 238/1/238 
f 2583/1/2583 2586/1/2586 1513/1/1513 1512/1/1512 
f 2585/1/2585 2587/1/2587 2586/1/2586 2583/1/2583 
f 238/1/238 2586/1/2586 2587/1/2587 239/1/239 
f 239/1/239 2587/1/2587 2588/1/2588 2589/1/2589 
f 2590/1/2590 2588/1/2588 2587/1/2587 2585/1/2585 
f 2591/1/2591 2592/1/2592 2588/1/2588 2590/1/2590 
f 2589/1/2589 2588/1/2588 2592/1/2592 2593/1/2593 
f 2585/1/2585 2584/1/2584 2594/1/2594 2590/1/2590 
f 2584/1/2584 2579/1/2579 2595/1/2595 
f 2596/1/2596 2597/1/2597 2594/1/2594 2595/1/2595 
f 2590/1/2590 2594/1/2594 2597/1/2597 2591/1/2591 
f 2596/1/2596 2595/1/2595 2598/1/2598 2599/1/2599 
f 2600/1/2600 2598/1/2598 2595/1/2595 2579/1/2579 
f 2601/1/2601 2602/1/2602 2598/1/2598 2600/1/2600 
f 2599/1/2599 2598/1/2598 2602/1/2602 2603/1/2603 
f 2604/1/2604 2605/1/2605 2602/1/2602 2601/1/2601 
f 2606/1/2606 2605/1/2605 2604/1/2604 2575/1/2575 
f 2607/1/2607 2605/1/2605 2606/1/2606 2608/1/2608 
f 2603/1/2603 2602/1/2602 2605/1/2605 2607/1/2607 
f 2574/1/2574 2609/1/2609 2610/1/2610 2573/1/2573 
f 2611/1/2611 2610/1/2610 2609/1/2609 2612/1/2612 
f 2608/1/2608 2606/1/2606 2610/1/2610 2611/1/2611 
f 2573/1/2573 2610/1/2610 2606/1/2606 2575/1/2575 
f 1055/1/1055 1054/1/1054 2613/1/2613 2614/1/2614 
f 2615/1/2615 2613/1/2613 1054/1/1054 1015/1/1015 
f 2616/1/2616 2617/1/2617 2613/1/2613 2615/1/2615 
f 2614/1/2614 2613/1/2613 2617/1/2617 2612/1/2612 
f 2618/1/2618 2619/1/2619 2620/1/2620 
f 2611/1/2611 2618/1/2618 2621/1/2621 2608/1/2608 
f 2612/1/2612 2617/1/2617 2618/1/2618 2611/1/2611 
f 2617/1/2617 2616/1/2616 2619/1/2619 
f 2622/1/2622 2623/1/2623 2624/1/2624 2625/1/2625 
f 1581/1/1581 2624/1/2624 2623/1/2623 1575/1/1575 
f 1583/1/1583 2565/1/2565 2624/1/2624 1581/1/1581 
f 2625/1/2625 2624/1/2624 2565/1/2565 2564/1/2564 
f 2626/1/2626 2627/1/2627 2628/1/2628 2629/1/2629 
f 2627/1/2627 2630/1/2630 2631/1/2631 
f 2567/1/2567 2628/1/2628 2631/1/2631 2564/1/2564 
f 2567/1/2567 2569/1/2569 2629/1/2629 
f 2559/1/2559 2556/1/2556 2632/1/2632 2633/1/2633 
f 2634/1/2634 2632/1/2632 2556/1/2556 2539/1/2539 
f 2630/1/2630 2627/1/2627 2632/1/2632 2634/1/2634 
f 2633/1/2633 2632/1/2632 2627/1/2627 2626/1/2626 
f 2635/1/2635 2636/1/2636 2637/1/2637 2638/1/2638 
f 2625/1/2625 2637/1/2637 2636/1/2636 2622/1/2622 
f 2564/1/2564 2631/1/2631 2637/1/2637 2625/1/2625 
f 2638/1/2638 2637/1/2637 2631/1/2631 2630/1/2630 
f 2537/1/2537 2639/1/2639 2640/1/2640 2538/1/2538 
f 2641/1/2641 2640/1/2640 2639/1/2639 2642/1/2642 
f 2634/1/2634 2640/1/2640 2641/1/2641 2630/1/2630 
f 2539/1/2539 2538/1/2538 2640/1/2640 2634/1/2634 
f 2601/1/2601 2600/1/2600 2643/1/2643 2644/1/2644 
f 2579/1/2579 2578/1/2578 2643/1/2643 2600/1/2600 
f 2581/1/2581 2645/1/2645 2643/1/2643 2578/1/2578 
f 2644/1/2644 2643/1/2643 2645/1/2645 2642/1/2642 
f 2575/1/2575 2604/1/2604 2646/1/2646 2571/1/2571 
f 2644/1/2644 2646/1/2646 2604/1/2604 2601/1/2601 
f 2642/1/2642 2639/1/2639 2646/1/2646 2644/1/2644 
f 2571/1/2571 2646/1/2646 2639/1/2639 2537/1/2537 
f 2647/1/2647 2648/1/2648 2581/1/2581 
f 1549/1/1549 2647/1/2647 2580/1/2580 1539/1/1539 
f 1551/1/1551 2649/1/2649 2647/1/2647 1549/1/1549 
f 2648/1/2648 2647/1/2647 2649/1/2649 2650/1/2650 
f 2650/1/2650 2649/1/2649 2651/1/2651 2652/1/2652 
f 1562/1/1562 2651/1/2651 2649/1/2649 1551/1/1551 
f 1563/1/1563 2653/1/2653 2651/1/2651 1562/1/1562 
f 2652/1/2652 2651/1/2651 2653/1/2653 2654/1/2654 
f 2655/1/2655 2656/1/2656 2654/1/2654 
f 1573/1/1573 2655/1/2655 2653/1/2653 1563/1/1563 
f 2655/1/2655 1573/1/1573 1575/1/1575 
f 2656/1/2656 2655/1/2655 2623/1/2623 2622/1/2622 
f 2657/1/2657 2658/1/2658 2659/1/2659 2660/1/2660 
f 2650/1/2650 2652/1/2652 2658/1/2658 2657/1/2657 
f 2654/1/2654 2659/1/2659 2658/1/2658 2652/1/2652 
f 2622/1/2622 2636/1/2636 2661/1/2661 2656/1/2656 
f 2662/1/2662 2661/1/2661 2636/1/2636 2635/1/2635 
f 2660/1/2660 2659/1/2659 2661/1/2661 2662/1/2662 
f 2656/1/2656 2661/1/2661 2659/1/2659 2654/1/2654 
f 2635/1/2635 2638/1/2638 2663/1/2663 2662/1/2662 
f 2641/1/2641 2663/1/2663 2638/1/2638 2630/1/2630 
f 2642/1/2642 2664/1/2664 2663/1/2663 2641/1/2641 
f 2662/1/2662 2663/1/2663 2664/1/2664 2660/1/2660 
f 2660/1/2660 2664/1/2664 2665/1/2665 2657/1/2657 
f 2645/1/2645 2665/1/2665 2664/1/2664 2642/1/2642 
f 2648/1/2648 2665/1/2665 2645/1/2645 2581/1/2581 
f 2657/1/2657 2665/1/2665 2648/1/2648 2650/1/2650 
f 335/1/335 334/1/334 2666/1/2666 2667/1/2667 
f 297/1/297 2666/1/2666 334/1/334 295/1/295 
f 299/1/299 2668/1/2668 2666/1/2666 297/1/297 
f 2667/1/2667 2666/1/2666 2668/1/2668 2669/1/2669 
f 375/1/375 374/1/374 2670/1/2670 2671/1/2671 
f 2667/1/2667 2670/1/2670 374/1/374 335/1/335 
f 2669/1/2669 2672/1/2672 2670/1/2670 2667/1/2667 
f 2671/1/2671 2670/1/2670 2672/1/2672 2673/1/2673 
f 2674/1/2674 2675/1/2675 2676/1/2676 2677/1/2677 
f 1011/1/1011 2676/1/2676 2675/1/2675 1008/1/1008 
f 375/1/375 2671/1/2671 2676/1/2676 1011/1/1011 
f 2677/1/2677 2676/1/2676 2671/1/2671 2673/1/2673 
f 2678/1/2678 2679/1/2679 2680/1/2680 2681/1/2681 
f 1016/1/1016 2680/1/2680 2679/1/2679 1017/1/1017 
f 1008/1/1008 2675/1/2675 2680/1/2680 1016/1/1016 
f 2681/1/2681 2680/1/2680 2675/1/2675 2674/1/2674 
f 2682/1/2682 2683/1/2683 2684/1/2684 
f 2684/1/2684 2603/1/2603 2607/1/2607 
f 2685/1/2685 2607/1/2607 2608/1/2608 
f 2620/1/2620 2682/1/2682 2685/1/2685 2621/1/2621 
f 2686/1/2686 2687/1/2687 2688/1/2688 2689/1/2689 
f 2599/1/2599 2688/1/2688 2687/1/2687 2596/1/2596 
f 2688/1/2688 2599/1/2599 2603/1/2603 
f 2684/1/2684 2683/1/2683 2689/1/2689 
f 2690/1/2690 2691/1/2691 2692/1/2692 2693/1/2693 
f 2615/1/2615 2692/1/2692 2691/1/2691 2616/1/2616 
f 1015/1/1015 1014/1/1014 2692/1/2692 2615/1/2615 
f 2693/1/2693 2692/1/2692 1014/1/1014 1017/1/1017 
f 2683/1/2683 2682/1/2682 2694/1/2694 2695/1/2695 
f 2619/1/2619 2694/1/2694 2682/1/2682 2620/1/2620 
f 2616/1/2616 2691/1/2691 2694/1/2694 2619/1/2619 
f 2695/1/2695 2694/1/2694 2691/1/2691 2690/1/2690 
f 2696/1/2696 2697/1/2697 2698/1/2698 2699/1/2699 
f 2693/1/2693 2698/1/2698 2697/1/2697 2690/1/2690 
f 1017/1/1017 2679/1/2679 2698/1/2698 2693/1/2693 
f 2699/1/2699 2698/1/2698 2679/1/2679 2678/1/2678 
f 2591/1/2591 2597/1/2597 2700/1/2700 2701/1/2701 
f 2687/1/2687 2700/1/2700 2597/1/2597 2596/1/2596 
f 2686/1/2686 2702/1/2702 2700/1/2700 2687/1/2687 
f 2701/1/2701 2700/1/2700 2702/1/2702 2703/1/2703 
f 2704/1/2704 2705/1/2705 2686/1/2686 
f 2689/1/2689 2683/1/2683 2695/1/2695 
f 2690/1/2690 2706/1/2706 2704/1/2704 2695/1/2695 
f 2705/1/2705 2704/1/2704 2706/1/2706 2707/1/2707 
f 2707/1/2707 2706/1/2706 2708/1/2708 2709/1/2709 
f 2697/1/2697 2708/1/2708 2706/1/2706 2690/1/2690 
f 2710/1/2710 2708/1/2708 2697/1/2697 2696/1/2696 
f 2711/1/2711 2709/1/2709 2708/1/2708 2710/1/2710 
f 2701/1/2701 2712/1/2712 2592/1/2592 2591/1/2591 
f 2703/1/2703 2713/1/2713 2712/1/2712 2701/1/2701 
f 2592/1/2592 2712/1/2712 2713/1/2713 2593/1/2593 
f 2705/1/2705 2714/1/2714 2702/1/2702 2686/1/2686 
f 2707/1/2707 2715/1/2715 2714/1/2714 2705/1/2705 
f 2716/1/2716 2714/1/2714 2715/1/2715 2717/1/2717 
f 2703/1/2703 2702/1/2702 2714/1/2714 2716/1/2716 
f 2717/1/2717 2715/1/2715 2718/1/2718 2719/1/2719 
f 2709/1/2709 2718/1/2718 2715/1/2715 2707/1/2707 
f 2720/1/2720 2718/1/2718 2709/1/2709 2711/1/2711 
f 2719/1/2719 2718/1/2718 2720/1/2720 2721/1/2721 
f 2722/1/2722 2723/1/2723 2724/1/2724 2725/1/2725 
f 2726/1/2726 2724/1/2724 2723/1/2723 2727/1/2727 
f 299/1/299 298/1/298 2724/1/2724 2726/1/2726 
f 2725/1/2725 2724/1/2724 298/1/298 241/1/241 
f 241/1/241 240/1/240 2728/1/2728 2725/1/2725 
f 2589/1/2589 2728/1/2728 240/1/240 239/1/239 
f 2593/1/2593 2729/1/2729 2728/1/2728 2589/1/2589 
f 2725/1/2725 2728/1/2728 2729/1/2729 2722/1/2722 
f 2593/1/2593 2713/1/2713 2730/1/2730 2731/1/2731 
f 2716/1/2716 2730/1/2730 2713/1/2713 2703/1/2703 
f 2717/1/2717 2732/1/2732 2730/1/2730 2716/1/2716 
f 2731/1/2731 2730/1/2730 2732/1/2732 2733/1/2733 
f 2733/1/2733 2732/1/2732 2734/1/2734 2735/1/2735 
f 2719/1/2719 2734/1/2734 2732/1/2732 2717/1/2717 
f 2721/1/2721 2736/1/2736 2734/1/2734 2719/1/2719 
f 2735/1/2735 2734/1/2734 2736/1/2736 2737/1/2737 
f 2669/1/2669 2668/1/2668 2738/1/2738 2739/1/2739 
f 2726/1/2726 2738/1/2738 2668/1/2668 299/1/299 
f 2727/1/2727 2740/1/2740 2738/1/2738 2726/1/2726 
f 2739/1/2739 2738/1/2738 2740/1/2740 2741/1/2741 
f 2722/1/2722 2729/1/2729 2742/1/2742 2743/1/2743 
f 2731/1/2731 2742/1/2742 2729/1/2729 2593/1/2593 
f 2733/1/2733 2744/1/2744 2742/1/2742 2731/1/2731 
f 2743/1/2743 2742/1/2742 2744/1/2744 2745/1/2745 
f 2727/1/2727 2723/1/2723 2746/1/2746 2740/1/2740 
f 2743/1/2743 2746/1/2746 2723/1/2723 2722/1/2722 
f 2745/1/2745 2747/1/2747 2746/1/2746 2743/1/2743 
f 2740/1/2740 2746/1/2746 2747/1/2747 2741/1/2741 
f 2745/1/2745 2744/1/2744 2748/1/2748 2749/1/2749 
f 2735/1/2735 2748/1/2748 2744/1/2744 2733/1/2733 
f 2737/1/2737 2750/1/2750 2748/1/2748 2735/1/2735 
f 2749/1/2749 2748/1/2748 2750/1/2750 2751/1/2751 
f 2741/1/2741 2747/1/2747 2752/1/2752 2753/1/2753 
f 2749/1/2749 2752/1/2752 2747/1/2747 2745/1/2745 
f 2751/1/2751 2754/1/2754 2752/1/2752 2749/1/2749 
f 2753/1/2753 2752/1/2752 2754/1/2754 2755/1/2755 
f 2673/1/2673 2672/1/2672 2756/1/2756 2757/1/2757 
f 2739/1/2739 2756/1/2756 2672/1/2672 2669/1/2669 
f 2741/1/2741 2758/1/2758 2756/1/2756 2739/1/2739 
f 2757/1/2757 2756/1/2756 2758/1/2758 2759/1/2759 
f 2757/1/2757 2760/1/2760 2677/1/2677 2673/1/2673 
f 2759/1/2759 2761/1/2761 2760/1/2760 2757/1/2757 
f 2762/1/2762 2763/1/2763 2760/1/2760 2761/1/2761 
f 2677/1/2677 2760/1/2760 2763/1/2763 2674/1/2674 
f 2759/1/2759 2758/1/2758 2764/1/2764 2765/1/2765 
f 2753/1/2753 2764/1/2764 2758/1/2758 2741/1/2741 
f 2755/1/2755 2766/1/2766 2764/1/2764 2753/1/2753 
f 2765/1/2765 2764/1/2764 2766/1/2766 2767/1/2767 
f 2674/1/2674 2763/1/2763 2768/1/2768 2681/1/2681 
f 2769/1/2769 2768/1/2768 2763/1/2763 2762/1/2762 
f 2770/1/2770 2771/1/2771 2768/1/2768 2769/1/2769 
f 2681/1/2681 2768/1/2768 2771/1/2771 2678/1/2678 
f 2761/1/2761 2772/1/2772 2773/1/2773 2762/1/2762 
f 2765/1/2765 2772/1/2772 2761/1/2761 2759/1/2759 
f 2767/1/2767 2774/1/2774 2772/1/2772 2765/1/2765 
f 2775/1/2775 2773/1/2773 2772/1/2772 2774/1/2774 
f 2678/1/2678 2771/1/2771 2776/1/2776 2699/1/2699 
f 2777/1/2777 2776/1/2776 2771/1/2771 2770/1/2770 
f 2778/1/2778 2779/1/2779 2776/1/2776 2777/1/2777 
f 2699/1/2699 2776/1/2776 2779/1/2779 2696/1/2696 
f 2780/1/2780 2781/1/2781 2782/1/2782 2783/1/2783 
f 2769/1/2769 2782/1/2782 2781/1/2781 2770/1/2770 
f 2762/1/2762 2773/1/2773 2782/1/2782 2769/1/2769 
f 2783/1/2783 2782/1/2782 2773/1/2773 2775/1/2775 
f 2784/1/2784 2785/1/2785 2786/1/2786 2787/1/2787 
f 2710/1/2710 2786/1/2786 2785/1/2785 2711/1/2711 
f 2696/1/2696 2779/1/2779 2786/1/2786 2710/1/2710 
f 2787/1/2787 2786/1/2786 2779/1/2779 2778/1/2778 
f 2788/1/2788 2789/1/2789 2790/1/2790 2791/1/2791 
f 2721/1/2721 2720/1/2720 2790/1/2790 2789/1/2789 
f 2711/1/2711 2785/1/2785 2790/1/2790 2720/1/2720 
f 2791/1/2791 2790/1/2790 2785/1/2785 2784/1/2784 
f 2770/1/2770 2781/1/2781 2792/1/2792 2777/1/2777 
f 2793/1/2793 2792/1/2792 2781/1/2781 2780/1/2780 
f 2794/1/2794 2795/1/2795 2792/1/2792 2793/1/2793 
f 2777/1/2777 2792/1/2792 2795/1/2795 2778/1/2778 
f 2737/1/2737 2736/1/2736 2796/1/2796 2797/1/2797 
f 2789/1/2789 2796/1/2796 2736/1/2736 2721/1/2721 
f 2788/1/2788 2798/1/2798 2796/1/2796 2789/1/2789 
f 2797/1/2797 2796/1/2796 2798/1/2798 2799/1/2799 
f 2800/1/2800 2801/1/2801 2802/1/2802 
f 2787/1/2787 2800/1/2800 2803/1/2803 2784/1/2784 
f 2778/1/2778 2795/1/2795 2800/1/2800 2787/1/2787 
f 2801/1/2801 2800/1/2800 2795/1/2795 2794/1/2794 
f 2799/1/2799 2798/1/2798 2804/1/2804 2805/1/2805 
f 2791/1/2791 2804/1/2804 2798/1/2798 2788/1/2788 
f 2784/1/2784 2803/1/2803 2804/1/2804 2791/1/2791 
f 2805/1/2805 2804/1/2804 2803/1/2803 2802/1/2802 
f 2751/1/2751 2750/1/2750 2806/1/2806 2807/1/2807 
f 2797/1/2797 2806/1/2806 2750/1/2750 2737/1/2737 
f 2799/1/2799 2808/1/2808 2806/1/2806 2797/1/2797 
f 2807/1/2807 2806/1/2806 2808/1/2808 2809/1/2809 
f 2755/1/2755 2754/1/2754 2810/1/2810 2811/1/2811 
f 2807/1/2807 2810/1/2810 2754/1/2754 2751/1/2751 
f 2809/1/2809 2812/1/2812 2810/1/2810 2807/1/2807 
f 2811/1/2811 2810/1/2810 2812/1/2812 2813/1/2813 
f 2809/1/2809 2808/1/2808 2814/1/2814 2815/1/2815 
f 2805/1/2805 2814/1/2814 2808/1/2808 2799/1/2799 
f 2815/1/2815 2814/1/2814 2805/1/2805 2802/1/2802 
f 2813/1/2813 2812/1/2812 2816/1/2816 2817/1/2817 
f 2815/1/2815 2816/1/2816 2812/1/2812 2809/1/2809 
f 2802/1/2802 2818/1/2818 2816/1/2816 2815/1/2815 
f 2817/1/2817 2816/1/2816 2818/1/2818 2819/1/2819 
f 2801/1/2801 2820/1/2820 2818/1/2818 2802/1/2802 
f 2821/1/2821 2820/1/2820 2801/1/2801 2794/1/2794 
f 2822/1/2822 2823/1/2823 2820/1/2820 2821/1/2821 
f 2819/1/2819 2818/1/2818 2820/1/2820 2823/1/2823 
f 2823/1/2823 2824/1/2824 2825/1/2825 2819/1/2819 
f 2826/1/2826 2824/1/2824 2823/1/2823 2822/1/2822 
f 2827/1/2827 2828/1/2828 2824/1/2824 2826/1/2826 
f 2829/1/2829 2825/1/2825 2824/1/2824 2828/1/2828 
f 2794/1/2794 2793/1/2793 2830/1/2830 2821/1/2821 
f 2780/1/2780 2831/1/2831 2830/1/2830 2793/1/2793 
f 2832/1/2832 2830/1/2830 2831/1/2831 2833/1/2833 
f 2821/1/2821 2830/1/2830 2832/1/2832 2822/1/2822 
f 2833/1/2833 2831/1/2831 2834/1/2834 2835/1/2835 
f 2783/1/2783 2834/1/2834 2831/1/2831 2780/1/2780 
f 2775/1/2775 2836/1/2836 2834/1/2834 2783/1/2783 
f 2835/1/2835 2834/1/2834 2836/1/2836 2837/1/2837 
f 2838/1/2838 2839/1/2839 2840/1/2840 
f 2817/1/2817 2838/1/2838 2841/1/2841 2813/1/2813 
f 2819/1/2819 2825/1/2825 2838/1/2838 2817/1/2817 
f 2829/1/2829 2839/1/2839 2838/1/2838 
f 2767/1/2767 2766/1/2766 2842/1/2842 2843/1/2843 
f 2811/1/2811 2842/1/2842 2766/1/2766 2755/1/2755 
f 2813/1/2813 2841/1/2841 2842/1/2842 2811/1/2811 
f 2843/1/2843 2842/1/2842 2841/1/2841 2840/1/2840 
f 2837/1/2837 2836/1/2836 2844/1/2844 2845/1/2845 
f 2774/1/2774 2844/1/2844 2836/1/2836 2775/1/2775 
f 2843/1/2843 2844/1/2844 2774/1/2774 2767/1/2767 
f 2840/1/2840 2845/1/2845 2844/1/2844 2843/1/2843 
f 2846/1/2846 2847/1/2847 2848/1/2848 
f 2835/1/2835 2846/1/2846 2849/1/2849 2833/1/2833 
f 2846/1/2846 2835/1/2835 2837/1/2837 
f 2845/1/2845 2840/1/2840 2847/1/2847 
f 2829/1/2829 2828/1/2828 2850/1/2850 2839/1/2839 
f 2851/1/2851 2850/1/2850 2828/1/2828 2827/1/2827 
f 2847/1/2847 2850/1/2850 2851/1/2851 2848/1/2848 
f 2839/1/2839 2850/1/2850 2847/1/2847 2840/1/2840 
f 2827/1/2827 2826/1/2826 2852/1/2852 2851/1/2851 
f 2832/1/2832 2852/1/2852 2826/1/2826 2822/1/2822 
f 2833/1/2833 2849/1/2849 2852/1/2852 2832/1/2832 
f 2848/1/2848 2851/1/2851 2852/1/2852 2849/1/2849 
f 2853/1/2853 2854/1/2854 2855/1/2855 
f 1086/1/1086 2853/1/2853 2856/1/2856 1087/1/1087 
f 1068/1/1068 1073/1/1073 2853/1/2853 1086/1/1086 
f 2854/1/2854 2853/1/2853 1073/1/1073 1072/1/1072 
f 1170/1/1170 1173/1/1173 2857/1/2857 2858/1/2858 
f 1167/1/1167 1166/1/1166 2857/1/2857 1173/1/1173 
f 2856/1/2856 2857/1/2857 1166/1/1166 1087/1/1087 
f 2858/1/2858 2857/1/2857 2856/1/2856 2855/1/2855 
f 1177/1/1177 1176/1/1176 2859/1/2859 2860/1/2860 
f 2858/1/2858 2859/1/2859 1176/1/1176 1170/1/1170 
f 2858/1/2858 2855/1/2855 2861/1/2861 
f 2860/1/2860 2859/1/2859 2861/1/2861 2862/1/2862 
f 1032/1/1032 1037/1/1037 2863/1/2863 1071/1/1071 
f 2864/1/2864 2863/1/2863 1037/1/1037 1036/1/1036 
f 2865/1/2865 2866/1/2866 2863/1/2863 2864/1/2864 
f 1071/1/1071 2863/1/2863 2866/1/2866 1072/1/1072 
f 1072/1/1072 2866/1/2866 2867/1/2867 2854/1/2854 
f 2868/1/2868 2867/1/2867 2866/1/2866 2865/1/2865 
f 2869/1/2869 2870/1/2870 2867/1/2867 2868/1/2868 
f 2854/1/2854 2867/1/2867 2870/1/2870 2855/1/2855 
f 2862/1/2862 2861/1/2861 2871/1/2871 2872/1/2872 
f 2871/1/2871 2861/1/2861 2855/1/2855 
f 2872/1/2872 2871/1/2871 2870/1/2870 2869/1/2869 
f 1036/1/1036 1041/1/1041 2873/1/2873 2864/1/2864 
f 2874/1/2874 2873/1/2873 1041/1/1041 1040/1/1040 
f 2875/1/2875 2876/1/2876 2873/1/2873 2874/1/2874 
f 2864/1/2864 2873/1/2873 2876/1/2876 2865/1/2865 
f 1177/1/1177 2860/1/2860 2877/1/2877 1181/1/1181 
f 2862/1/2862 2878/1/2878 2877/1/2877 2860/1/2860 
f 2879/1/2879 2880/1/2880 2877/1/2877 2878/1/2878 
f 1181/1/1181 2877/1/2877 2880/1/2880 1178/1/1178 
f 2865/1/2865 2876/1/2876 2881/1/2881 2868/1/2868 
f 2876/1/2876 2875/1/2875 2882/1/2882 
f 2883/1/2883 2884/1/2884 2881/1/2881 2882/1/2882 
f 2868/1/2868 2881/1/2881 2884/1/2884 2869/1/2869 
f 2879/1/2879 2878/1/2878 2885/1/2885 2886/1/2886 
f 2872/1/2872 2885/1/2885 2878/1/2878 2862/1/2862 
f 2869/1/2869 2884/1/2884 2885/1/2885 2872/1/2872 
f 2886/1/2886 2885/1/2885 2884/1/2884 2883/1/2883 
f 2874/1/2874 2887/1/2887 2888/1/2888 2875/1/2875 
f 1040/1/1040 1045/1/1045 2887/1/2887 2874/1/2874 
f 1047/1/1047 2889/1/2889 2887/1/2887 1045/1/1045 
f 2889/1/2889 2890/1/2890 2888/1/2888 
f 1178/1/1178 2880/1/2880 2891/1/2891 1185/1/1185 
f 2892/1/2892 2891/1/2891 2880/1/2880 2879/1/2879 
f 2893/1/2893 2894/1/2894 2891/1/2891 2892/1/2892 
f 1185/1/1185 2891/1/2891 2894/1/2894 1182/1/1182 
f 2882/1/2882 2895/1/2895 2896/1/2896 2883/1/2883 
f 2895/1/2895 2882/1/2882 2875/1/2875 
f 2895/1/2895 2888/1/2888 2890/1/2890 
f 2896/1/2896 2895/1/2895 2897/1/2897 2898/1/2898 
f 2879/1/2879 2886/1/2886 2899/1/2899 2892/1/2892 
f 2883/1/2883 2896/1/2896 2899/1/2899 2886/1/2886 
f 2898/1/2898 2900/1/2900 2899/1/2899 2896/1/2896 
f 2892/1/2892 2899/1/2899 2900/1/2900 2893/1/2893 
f 2901/1/2901 2902/1/2902 2890/1/2890 
f 1050/1/1050 2901/1/2901 2889/1/2889 1047/1/1047 
f 1049/1/1049 2903/1/2903 2901/1/2901 1050/1/1050 
f 2902/1/2902 2901/1/2901 2903/1/2903 2904/1/2904 
f 2898/1/2898 2897/1/2897 2905/1/2905 2906/1/2906 
f 2902/1/2902 2905/1/2905 2897/1/2897 2890/1/2890 
f 2904/1/2904 2907/1/2907 2905/1/2905 2902/1/2902 
f 2906/1/2906 2905/1/2905 2907/1/2907 2908/1/2908 
f 2909/1/2909 2910/1/2910 2911/1/2911 2912/1/2912 
f 2614/1/2614 2911/1/2911 2910/1/2910 1055/1/1055 
f 2612/1/2612 2609/1/2609 2911/1/2911 2614/1/2614 
f 2912/1/2912 2911/1/2911 2609/1/2609 2574/1/2574 
f 2904/1/2904 2903/1/2903 2913/1/2913 2914/1/2914 
f 1053/1/1053 2913/1/2913 2903/1/2903 1049/1/1049 
f 1055/1/1055 2910/1/2910 2913/1/2913 1053/1/1053 
f 2910/1/2910 2909/1/2909 2914/1/2914 
f 2908/1/2908 2907/1/2907 2915/1/2915 2916/1/2916 
f 2914/1/2914 2915/1/2915 2907/1/2907 2904/1/2904 
f 2915/1/2915 2914/1/2914 2909/1/2909 
f 2916/1/2916 2915/1/2915 2917/1/2917 2918/1/2918 
f 1182/1/1182 2894/1/2894 2919/1/2919 1189/1/1189 
f 2920/1/2920 2919/1/2919 2894/1/2894 2893/1/2893 
f 2921/1/2921 2922/1/2922 2919/1/2919 2920/1/2920 
f 1189/1/1189 2919/1/2919 2922/1/2922 1186/1/1186 
f 2893/1/2893 2900/1/2900 2923/1/2923 2920/1/2920 
f 2906/1/2906 2923/1/2923 2900/1/2900 2898/1/2898 
f 2908/1/2908 2924/1/2924 2923/1/2923 2906/1/2906 
f 2920/1/2920 2923/1/2923 2924/1/2924 2921/1/2921 
f 2574/1/2574 2572/1/2572 2925/1/2925 2912/1/2912 
f 2926/1/2926 2925/1/2925 2572/1/2572 2536/1/2536 
f 2927/1/2927 2928/1/2928 2925/1/2925 2926/1/2926 
f 2912/1/2912 2925/1/2925 2928/1/2928 2909/1/2909 
f 2546/1/2546 2543/1/2543 2929/1/2929 2930/1/2930 
f 2518/1/2518 2929/1/2929 2543/1/2543 2519/1/2519 
f 1148/1/1148 2931/1/2931 2929/1/2929 2518/1/2518 
f 2930/1/2930 2929/1/2929 2931/1/2931 2932/1/2932 
f 2933/1/2933 2934/1/2934 2918/1/2918 
f 2917/1/2917 2909/1/2909 2928/1/2928 
f 2928/1/2928 2927/1/2927 2935/1/2935 
f 2935/1/2935 2936/1/2936 2934/1/2934 
f 2937/1/2937 2938/1/2938 2930/1/2930 2932/1/2932 
f 2926/1/2926 2938/1/2938 2937/1/2937 2927/1/2927 
f 2536/1/2536 2553/1/2553 2938/1/2938 2926/1/2926 
f 2930/1/2930 2938/1/2938 2553/1/2553 2546/1/2546 
f 2936/1/2936 2935/1/2935 2939/1/2939 2940/1/2940 
f 2927/1/2927 2937/1/2937 2939/1/2939 2935/1/2935 
f 2940/1/2940 2939/1/2939 2937/1/2937 2932/1/2932 
f 1186/1/1186 2922/1/2922 2941/1/2941 2942/1/2942 
f 2943/1/2943 2941/1/2941 2922/1/2922 2921/1/2921 
f 2936/1/2936 2940/1/2940 2941/1/2941 2943/1/2943 
f 2942/1/2942 2941/1/2941 2940/1/2940 2932/1/2932 
f 1144/1/1144 1187/1/1187 2944/1/2944 1147/1/1147 
f 2942/1/2942 2944/1/2944 1187/1/1187 1186/1/1186 
f 2932/1/2932 2931/1/2931 2944/1/2944 2942/1/2942 
f 1147/1/1147 2944/1/2944 2931/1/2931 1148/1/1148 
f 2921/1/2921 2924/1/2924 2945/1/2945 2943/1/2943 
f 2916/1/2916 2945/1/2945 2924/1/2924 2908/1/2908 
f 2918/1/2918 2934/1/2934 2945/1/2945 2916/1/2916 
f 2943/1/2943 2945/1/2945 2934/1/2934 2936/1/2936 
f 1351/1/1351 2946/1/2946 2947/1/2947 1348/1/1348 
f 2948/1/2948 2946/1/2946 1351/1/1351 1353/1/1353 
f 2949/1/2949 2950/1/2950 2946/1/2946 2948/1/2948 
f 2947/1/2947 2946/1/2946 2950/1/2950 2951/1/2951 
f 2952/1/2952 1357/1/1357 1348/1/1348 
f 2951/1/2951 2953/1/2953 2952/1/2952 2947/1/2947 
f 2954/1/2954 2955/1/2955 2952/1/2952 2953/1/2953 
f 2955/1/2955 1354/1/1354 1357/1/1357 
f 2951/1/2951 2950/1/2950 2956/1/2956 2953/1/2953 
f 2957/1/2957 2956/1/2956 2950/1/2950 2949/1/2949 
f 2958/1/2958 2959/1/2959 2956/1/2956 2957/1/2957 
f 2953/1/2953 2956/1/2956 2959/1/2959 2954/1/2954 
f 1359/1/1359 2960/1/2960 2961/1/2961 1360/1/1360 
f 2960/1/2960 1359/1/1359 1354/1/1354 
f 2962/1/2962 2960/1/2960 2955/1/2955 2954/1/2954 
f 2961/1/2961 2960/1/2960 2962/1/2962 2963/1/2963 
f 1364/1/1364 1363/1/1363 2964/1/2964 1394/1/1394 
f 1363/1/1363 1360/1/1360 2961/1/2961 
f 2963/1/2963 2965/1/2965 2964/1/2964 2961/1/2961 
f 1394/1/1394 2964/1/2964 2965/1/2965 1397/1/1397 
f 1397/1/1397 2965/1/2965 2966/1/2966 2967/1/2967 
f 2968/1/2968 2966/1/2966 2965/1/2965 2963/1/2963 
f 2969/1/2969 2970/1/2970 2966/1/2966 2968/1/2968 
f 2970/1/2970 2971/1/2971 2967/1/2967 
f 2972/1/2972 2973/1/2973 2377/1/2377 
f 1396/1/1396 2972/1/2972 2376/1/2376 1398/1/1398 
f 1397/1/1397 2967/1/2967 2972/1/2972 1396/1/1396 
f 2973/1/2973 2972/1/2972 2967/1/2967 2971/1/2971 
f 2435/1/2435 2434/1/2434 2974/1/2974 2975/1/2975 
f 2429/1/2429 2974/1/2974 2434/1/2434 2426/1/2426 
f 2377/1/2377 2973/1/2973 2974/1/2974 2429/1/2429 
f 2975/1/2975 2974/1/2974 2973/1/2973 2971/1/2971 
f 2954/1/2954 2959/1/2959 2976/1/2976 2962/1/2962 
f 2977/1/2977 2976/1/2976 2959/1/2959 2958/1/2958 
f 2969/1/2969 2968/1/2968 2976/1/2976 2977/1/2977 
f 2963/1/2963 2962/1/2962 2976/1/2976 2968/1/2968 
f 2978/1/2978 2979/1/2979 2980/1/2980 2981/1/2981 
f 2982/1/2982 2980/1/2980 2979/1/2979 2983/1/2983 
f 2984/1/2984 2985/1/2985 2980/1/2980 2982/1/2982 
f 2986/1/2986 2981/1/2981 2980/1/2980 2985/1/2985 
f 2987/1/2987 2988/1/2988 2989/1/2989 2990/1/2990 
f 2988/1/2988 2991/1/2991 2992/1/2992 
f 2982/1/2982 2989/1/2989 2992/1/2992 2984/1/2984 
f 2983/1/2983 2990/1/2990 2989/1/2989 2982/1/2982 
f 2993/1/2993 2994/1/2994 2995/1/2995 2996/1/2996 
f 2997/1/2997 2998/1/2998 2995/1/2995 2994/1/2994 
f 2983/1/2983 2979/1/2979 2995/1/2995 2998/1/2998 
f 2996/1/2996 2995/1/2995 2979/1/2979 2978/1/2978 
f 2987/1/2987 2990/1/2990 2999/1/2999 3000/1/3000 
f 2983/1/2983 2998/1/2998 2999/1/2999 2990/1/2990 
f 2997/1/2997 3001/1/3001 2999/1/2999 2998/1/2998 
f 3000/1/3000 2999/1/2999 3001/1/3001 3002/1/3002 
f 3002/1/3002 3003/1/3003 3004/1/3004 3000/1/3000 
f 3005/1/3005 3004/1/3004 3003/1/3003 3006/1/3006 
f 2991/1/2991 2988/1/2988 3004/1/3004 3005/1/3005 
f 3000/1/3000 3004/1/3004 2988/1/2988 2987/1/2987 
f 2986/1/2986 3007/1/3007 3008/1/3008 3009/1/3009 
f 3010/1/3010 3008/1/3008 3007/1/3007 3011/1/3011 
f 3012/1/3012 3013/1/3013 3008/1/3008 3010/1/3010 
f 3009/1/3009 3008/1/3008 3013/1/3013 3014/1/3014 
f 2984/1/2984 3015/1/3015 3016/1/3016 2985/1/2985 
f 3017/1/3017 3016/1/3016 3015/1/3015 3018/1/3018 
f 3011/1/3011 3007/1/3007 3016/1/3016 3017/1/3017 
f 2985/1/2985 3016/1/3016 3007/1/3007 2986/1/2986 
f 3019/1/3019 3015/1/3015 2984/1/2984 
f 3020/1/3020 3019/1/3019 2992/1/2992 2991/1/2991 
f 3021/1/3021 3022/1/3022 3019/1/3019 3020/1/3020 
f 3015/1/3015 3019/1/3019 3022/1/3022 3018/1/3018 
f 3023/1/3023 3005/1/3005 3006/1/3006 
f 3024/1/3024 3025/1/3025 3026/1/3026 
f 3020/1/3020 3023/1/3023 3026/1/3026 3021/1/3021 
f 3020/1/3020 2991/1/2991 3005/1/3005 
f 3027/1/3027 3028/1/3028 3029/1/3029 3030/1/3030 
f 3031/1/3031 3029/1/3029 3028/1/3028 3032/1/3032 
f 3002/1/3002 3001/1/3001 3029/1/3029 3031/1/3031 
f 3030/1/3030 3029/1/3029 3001/1/3001 2997/1/2997 
f 3006/1/3006 3003/1/3003 3033/1/3033 3034/1/3034 
f 3031/1/3031 3033/1/3033 3003/1/3003 3002/1/3002 
f 3033/1/3033 3031/1/3031 3032/1/3032 
f 3035/1/3035 3036/1/3036 3034/1/3034 
f 3037/1/3037 3025/1/3025 3024/1/3024 
f 3024/1/3024 3006/1/3006 3034/1/3034 
f 3038/1/3038 3039/1/3039 3034/1/3034 3036/1/3036 
f 3040/1/3040 3037/1/3037 3039/1/3039 3038/1/3038 
f 3040/1/3040 3041/1/3041 3042/1/3042 3037/1/3037 
f 3041/1/3041 3043/1/3043 3044/1/3044 
f 3045/1/3045 3042/1/3042 3044/1/3044 3046/1/3046 
f 3045/1/3045 3025/1/3025 3037/1/3037 
f 3043/1/3043 3047/1/3047 3048/1/3048 3044/1/3044 
f 3049/1/3049 3050/1/3050 3048/1/3048 3047/1/3047 
f 3051/1/3051 3052/1/3052 3048/1/3048 3050/1/3050 
f 3044/1/3044 3048/1/3048 3052/1/3052 3046/1/3046 
f 3053/1/3053 3054/1/3054 3055/1/3055 3056/1/3056 
f 3057/1/3057 3055/1/3055 3054/1/3054 3058/1/3058 
f 3050/1/3050 3055/1/3055 3057/1/3057 3051/1/3051 
f 3056/1/3056 3055/1/3055 3050/1/3050 3049/1/3049 
f 3059/1/3059 3060/1/3060 3061/1/3061 3062/1/3062 
f 3063/1/3063 3061/1/3061 3060/1/3060 3012/1/3012 
f 3064/1/3064 3061/1/3061 3063/1/3063 3065/1/3065 
f 3066/1/3066 3062/1/3062 3061/1/3061 3064/1/3064 
f 3011/1/3011 3067/1/3067 3068/1/3068 3010/1/3010 
f 3069/1/3069 3068/1/3068 3067/1/3067 3070/1/3070 
f 3065/1/3065 3063/1/3063 3068/1/3068 3069/1/3069 
f 3010/1/3010 3068/1/3068 3063/1/3063 3012/1/3012 
f 3071/1/3071 3017/1/3017 3018/1/3018 
f 3072/1/3072 3071/1/3071 3073/1/3073 3074/1/3074 
f 3070/1/3070 3067/1/3067 3071/1/3071 3072/1/3072 
f 3017/1/3017 3071/1/3071 3067/1/3067 3011/1/3011 
f 3018/1/3018 3022/1/3022 3075/1/3075 3073/1/3073 
f 3076/1/3076 3075/1/3075 3022/1/3022 3021/1/3021 
f 3077/1/3077 3078/1/3078 3075/1/3075 3076/1/3076 
f 3073/1/3073 3075/1/3075 3078/1/3078 3074/1/3074 
f 3021/1/3021 3026/1/3026 3079/1/3079 3076/1/3076 
f 3080/1/3080 3079/1/3079 3026/1/3026 3025/1/3025 
f 3081/1/3081 3082/1/3082 3079/1/3079 3080/1/3080 
f 3076/1/3076 3079/1/3079 3082/1/3082 3077/1/3077 
f 3046/1/3046 3083/1/3083 3084/1/3084 3045/1/3045 
f 3085/1/3085 3084/1/3084 3083/1/3083 3086/1/3086 
f 3081/1/3081 3080/1/3080 3084/1/3084 3085/1/3085 
f 3045/1/3045 3084/1/3084 3080/1/3080 3025/1/3025 
f 3087/1/3087 3088/1/3088 3052/1/3052 3051/1/3051 
f 3089/1/3089 3088/1/3088 3087/1/3087 3090/1/3090 
f 3086/1/3086 3083/1/3083 3088/1/3088 3089/1/3089 
f 3052/1/3052 3088/1/3088 3083/1/3083 3046/1/3046 
f 3051/1/3051 3057/1/3057 3091/1/3091 3087/1/3087 
f 3058/1/3058 3092/1/3092 3091/1/3091 3057/1/3057 
f 3093/1/3093 3091/1/3091 3092/1/3092 3094/1/3094 
f 3090/1/3090 3087/1/3087 3091/1/3091 3093/1/3093 
f 3066/1/3066 3064/1/3064 3095/1/3095 3096/1/3096 
f 3097/1/3097 3095/1/3095 3064/1/3064 3065/1/3065 
f 3098/1/3098 3099/1/3099 3095/1/3095 3097/1/3097 
f 3096/1/3096 3095/1/3095 3099/1/3099 3100/1/3100 
f 3069/1/3069 3101/1/3101 3097/1/3097 3065/1/3065 
f 3070/1/3070 3102/1/3102 3101/1/3101 3069/1/3069 
f 3103/1/3103 3104/1/3104 3101/1/3101 3102/1/3102 
f 3097/1/3097 3101/1/3101 3104/1/3104 3098/1/3098 
f 3105/1/3105 3106/1/3106 3107/1/3107 3108/1/3108 
f 3102/1/3102 3107/1/3107 3106/1/3106 3103/1/3103 
f 3072/1/3072 3107/1/3107 3102/1/3102 3070/1/3070 
f 3074/1/3074 3108/1/3108 3107/1/3107 3072/1/3072 
f 3109/1/3109 3110/1/3110 3106/1/3106 3105/1/3105 
f 3110/1/3110 3109/1/3109 3111/1/3111 
f 3106/1/3106 3110/1/3110 3112/1/3112 3103/1/3103 
f 3113/1/3113 3114/1/3114 3115/1/3115 3116/1/3116 
f 3108/1/3108 3115/1/3115 3114/1/3114 3105/1/3105 
f 3074/1/3074 3078/1/3078 3115/1/3115 3108/1/3108 
f 3116/1/3116 3115/1/3115 3078/1/3078 3077/1/3077 
f 3081/1/3081 3117/1/3117 3118/1/3118 3082/1/3082 
f 3119/1/3119 3120/1/3120 3118/1/3118 3117/1/3117 
f 3116/1/3116 3118/1/3118 3120/1/3120 3113/1/3113 
f 3077/1/3077 3082/1/3082 3118/1/3118 3116/1/3116 
f 3086/1/3086 3121/1/3121 3122/1/3122 3085/1/3085 
f 3123/1/3123 3124/1/3124 3122/1/3122 3121/1/3121 
f 3119/1/3119 3117/1/3117 3122/1/3122 3124/1/3124 
f 3085/1/3085 3122/1/3122 3117/1/3117 3081/1/3081 
f 3125/1/3125 3126/1/3126 3127/1/3127 3128/1/3128 
f 3121/1/3121 3127/1/3127 3126/1/3126 3123/1/3123 
f 3089/1/3089 3127/1/3127 3121/1/3121 3086/1/3086 
f 3090/1/3090 3128/1/3128 3127/1/3127 3089/1/3089 
f 3129/1/3129 3130/1/3130 3131/1/3131 3132/1/3132 
f 3133/1/3133 3131/1/3131 3130/1/3130 3134/1/3134 
f 3036/1/3036 3035/1/3035 3131/1/3131 3133/1/3133 
f 3035/1/3035 3032/1/3032 3132/1/3132 
f 3135/1/3135 3136/1/3136 3137/1/3137 3138/1/3138 
f 3139/1/3139 3137/1/3137 3136/1/3136 3140/1/3140 
f 3134/1/3134 3130/1/3130 3137/1/3137 3139/1/3139 
f 3138/1/3138 3137/1/3137 3130/1/3130 3129/1/3129 
f 3134/1/3134 3141/1/3141 3142/1/3142 3133/1/3133 
f 3143/1/3143 3142/1/3142 3141/1/3141 3144/1/3144 
f 3040/1/3040 3038/1/3038 3142/1/3142 3143/1/3143 
f 3133/1/3133 3142/1/3142 3038/1/3038 3036/1/3036 
f 3140/1/3140 3145/1/3145 3146/1/3146 3139/1/3139 
f 3147/1/3147 3146/1/3146 3145/1/3145 3148/1/3148 
f 3144/1/3144 3141/1/3141 3146/1/3146 3147/1/3147 
f 3139/1/3139 3146/1/3146 3141/1/3141 3134/1/3134 
f 3149/1/3149 3150/1/3150 3151/1/3151 3152/1/3152 
f 3153/1/3153 3151/1/3151 3150/1/3150 3154/1/3154 
f 3148/1/3148 3145/1/3145 3151/1/3151 3153/1/3153 
f 3152/1/3152 3151/1/3151 3145/1/3145 3140/1/3140 
f 3144/1/3144 3155/1/3155 3156/1/3156 3143/1/3143 
f 3157/1/3157 3156/1/3156 3155/1/3155 3158/1/3158 
f 3043/1/3043 3041/1/3041 3156/1/3156 3157/1/3157 
f 3143/1/3143 3156/1/3156 3041/1/3041 3040/1/3040 
f 3159/1/3159 3160/1/3160 3161/1/3161 3162/1/3162 
f 3153/1/3153 3161/1/3161 3160/1/3160 3148/1/3148 
f 3154/1/3154 3163/1/3163 3161/1/3161 3153/1/3153 
f 3162/1/3162 3161/1/3161 3163/1/3163 3164/1/3164 
f 3148/1/3148 3160/1/3160 3165/1/3165 3147/1/3147 
f 3166/1/3166 3165/1/3165 3160/1/3160 3159/1/3159 
f 3158/1/3158 3155/1/3155 3165/1/3165 3166/1/3166 
f 3147/1/3147 3165/1/3165 3155/1/3155 3144/1/3144 
f 3158/1/3158 3167/1/3167 3168/1/3168 3157/1/3157 
f 3167/1/3167 3169/1/3169 3170/1/3170 
f 3049/1/3049 3047/1/3047 3168/1/3168 3170/1/3170 
f 3157/1/3157 3168/1/3168 3047/1/3047 3043/1/3043 
f 3171/1/3171 3170/1/3170 3169/1/3169 
f 3172/1/3172 3171/1/3171 3173/1/3173 3174/1/3174 
f 3053/1/3053 3056/1/3056 3171/1/3171 3172/1/3172 
f 3170/1/3170 3171/1/3171 3056/1/3056 3049/1/3049 
f 3159/1/3159 3175/1/3175 3176/1/3176 3166/1/3166 
f 3177/1/3177 3176/1/3176 3175/1/3175 3178/1/3178 
f 3169/1/3169 3167/1/3167 3176/1/3176 3177/1/3177 
f 3166/1/3166 3176/1/3176 3167/1/3167 3158/1/3158 
f 3164/1/3164 3179/1/3179 3180/1/3180 3162/1/3162 
f 3181/1/3181 3180/1/3180 3179/1/3179 3182/1/3182 
f 3178/1/3178 3175/1/3175 3180/1/3180 3181/1/3181 
f 3162/1/3162 3180/1/3180 3175/1/3175 3159/1/3159 
f 3178/1/3178 3183/1/3183 3184/1/3184 3177/1/3177 
f 3185/1/3185 3184/1/3184 3183/1/3183 3186/1/3186 
f 3174/1/3174 3173/1/3173 3184/1/3184 3185/1/3185 
f 3177/1/3177 3184/1/3184 3173/1/3173 3169/1/3169 
f 3182/1/3182 3187/1/3187 3188/1/3188 3181/1/3181 
f 3189/1/3189 3188/1/3188 3187/1/3187 3190/1/3190 
f 3186/1/3186 3183/1/3183 3188/1/3188 3189/1/3189 
f 3181/1/3181 3188/1/3188 3183/1/3183 3178/1/3178 
f 3186/1/3186 3191/1/3191 3192/1/3192 3185/1/3185 
f 3193/1/3193 3192/1/3192 3191/1/3191 3194/1/3194 
f 3195/1/3195 3196/1/3196 3192/1/3192 3193/1/3193 
f 3185/1/3185 3192/1/3192 3196/1/3196 3174/1/3174 
f 3190/1/3190 3197/1/3197 3198/1/3198 3189/1/3189 
f 3199/1/3199 3198/1/3198 3197/1/3197 3200/1/3200 
f 3194/1/3194 3191/1/3191 3198/1/3198 3199/1/3199 
f 3189/1/3189 3198/1/3198 3191/1/3191 3186/1/3186 
f 3200/1/3200 3201/1/3201 3202/1/3202 3199/1/3199 
f 3203/1/3203 3202/1/3202 3201/1/3201 3204/1/3204 
f 3205/1/3205 3206/1/3206 3202/1/3202 3203/1/3203 
f 3199/1/3199 3202/1/3202 3206/1/3206 3194/1/3194 
f 3207/1/3207 3208/1/3208 3209/1/3209 3210/1/3210 
f 3203/1/3203 3209/1/3209 3208/1/3208 3205/1/3205 
f 3204/1/3204 3211/1/3211 3209/1/3209 3203/1/3203 
f 3210/1/3210 3209/1/3209 3211/1/3211 3212/1/3212 
f 3212/1/3212 3213/1/3213 3214/1/3214 3210/1/3210 
f 3215/1/3215 3214/1/3214 3213/1/3213 3216/1/3216 
f 3217/1/3217 3218/1/3218 3214/1/3214 3215/1/3215 
f 3210/1/3210 3214/1/3214 3218/1/3218 3207/1/3207 
f 3111/1/3111 3109/1/3109 3219/1/3219 3220/1/3220 
f 3221/1/3221 3219/1/3219 3109/1/3109 3105/1/3105 
f 3222/1/3222 3223/1/3223 3219/1/3219 3221/1/3221 
f 3220/1/3220 3219/1/3219 3223/1/3223 3224/1/3224 
f 3114/1/3114 3225/1/3225 3221/1/3221 3105/1/3105 
f 3226/1/3226 3225/1/3225 3114/1/3114 3113/1/3113 
f 3227/1/3227 3228/1/3228 3225/1/3225 3226/1/3226 
f 3221/1/3221 3225/1/3225 3228/1/3228 3222/1/3222 
f 3113/1/3113 3120/1/3120 3229/1/3229 3226/1/3226 
f 3230/1/3230 3229/1/3229 3120/1/3120 3119/1/3119 
f 3231/1/3231 3232/1/3232 3229/1/3229 3230/1/3230 
f 3226/1/3226 3229/1/3229 3232/1/3232 3227/1/3227 
f 3119/1/3119 3124/1/3124 3233/1/3233 3230/1/3230 
f 3234/1/3234 3233/1/3233 3124/1/3124 3123/1/3123 
f 3235/1/3235 3236/1/3236 3233/1/3233 3234/1/3234 
f 3230/1/3230 3233/1/3233 3236/1/3236 3231/1/3231 
f 3231/1/3231 3236/1/3236 3237/1/3237 3238/1/3238 
f 3239/1/3239 3237/1/3237 3236/1/3236 3235/1/3235 
f 3240/1/3240 3241/1/3241 3237/1/3237 3239/1/3239 
f 3238/1/3238 3237/1/3237 3241/1/3241 3242/1/3242 
f 3243/1/3243 3244/1/3244 3245/1/3245 3246/1/3246 
f 3247/1/3247 3245/1/3245 3244/1/3244 3248/1/3248 
f 3154/1/3154 3150/1/3150 3245/1/3245 3247/1/3247 
f 3246/1/3246 3245/1/3245 3150/1/3150 3149/1/3149 
f 3248/1/3248 3249/1/3249 3250/1/3250 3247/1/3247 
f 3251/1/3251 3250/1/3250 3249/1/3249 3252/1/3252 
f 3164/1/3164 3163/1/3163 3250/1/3250 3251/1/3251 
f 3247/1/3247 3250/1/3250 3163/1/3163 3154/1/3154 
f 3252/1/3252 3253/1/3253 3254/1/3254 3251/1/3251 
f 3255/1/3255 3254/1/3254 3253/1/3253 3256/1/3256 
f 3182/1/3182 3179/1/3179 3254/1/3254 3255/1/3255 
f 3251/1/3251 3254/1/3254 3179/1/3179 3164/1/3164 
f 3256/1/3256 3257/1/3257 3258/1/3258 3255/1/3255 
f 3259/1/3259 3258/1/3258 3257/1/3257 3260/1/3260 
f 3190/1/3190 3187/1/3187 3258/1/3258 3259/1/3259 
f 3255/1/3255 3258/1/3258 3187/1/3187 3182/1/3182 
f 3260/1/3260 3261/1/3261 3262/1/3262 3259/1/3259 
f 3263/1/3263 3262/1/3262 3261/1/3261 3264/1/3264 
f 3200/1/3200 3197/1/3197 3262/1/3262 3263/1/3263 
f 3259/1/3259 3262/1/3262 3197/1/3197 3190/1/3190 
f 3264/1/3264 3265/1/3265 3266/1/3266 3263/1/3263 
f 3267/1/3267 3266/1/3266 3265/1/3265 3268/1/3268 
f 3204/1/3204 3201/1/3201 3266/1/3266 3267/1/3267 
f 3263/1/3263 3266/1/3266 3201/1/3201 3200/1/3200 
f 3268/1/3268 3269/1/3269 3270/1/3270 3267/1/3267 
f 3271/1/3271 3270/1/3270 3269/1/3269 3272/1/3272 
f 3212/1/3212 3211/1/3211 3270/1/3270 3271/1/3271 
f 3267/1/3267 3270/1/3270 3211/1/3211 3204/1/3204 
f 3272/1/3272 3273/1/3273 3274/1/3274 3271/1/3271 
f 3275/1/3275 3274/1/3274 3273/1/3273 3276/1/3276 
f 3216/1/3216 3213/1/3213 3274/1/3274 3275/1/3275 
f 3271/1/3271 3274/1/3274 3213/1/3213 3212/1/3212 
f 3277/1/3277 3278/1/3278 3279/1/3279 3280/1/3280 
f 3281/1/3281 3279/1/3279 3278/1/3278 3282/1/3282 
f 3243/1/3243 3283/1/3283 3279/1/3279 3281/1/3281 
f 3280/1/3280 3279/1/3279 3283/1/3283 3284/1/3284 
f 3282/1/3282 3285/1/3285 3286/1/3286 3281/1/3281 
f 3287/1/3287 3286/1/3286 3285/1/3285 3288/1/3288 
f 3248/1/3248 3244/1/3244 3286/1/3286 3287/1/3287 
f 3281/1/3281 3286/1/3286 3244/1/3244 3243/1/3243 
f 3288/1/3288 3289/1/3289 3290/1/3290 3287/1/3287 
f 3291/1/3291 3290/1/3290 3289/1/3289 3292/1/3292 
f 3252/1/3252 3249/1/3249 3290/1/3290 3291/1/3291 
f 3287/1/3287 3290/1/3290 3249/1/3249 3248/1/3248 
f 3292/1/3292 3293/1/3293 3294/1/3294 3291/1/3291 
f 3295/1/3295 3294/1/3294 3293/1/3293 3296/1/3296 
f 3256/1/3256 3253/1/3253 3294/1/3294 3295/1/3295 
f 3291/1/3291 3294/1/3294 3253/1/3253 3252/1/3252 
f 3296/1/3296 3297/1/3297 3298/1/3298 3295/1/3295 
f 3299/1/3299 3298/1/3298 3297/1/3297 3300/1/3300 
f 3260/1/3260 3257/1/3257 3298/1/3298 3299/1/3299 
f 3295/1/3295 3298/1/3298 3257/1/3257 3256/1/3256 
f 3300/1/3300 3301/1/3301 3302/1/3302 3299/1/3299 
f 3303/1/3303 3302/1/3302 3301/1/3301 3304/1/3304 
f 3264/1/3264 3261/1/3261 3302/1/3302 3303/1/3303 
f 3299/1/3299 3302/1/3302 3261/1/3261 3260/1/3260 
f 3304/1/3304 3305/1/3305 3306/1/3306 3303/1/3303 
f 3307/1/3307 3306/1/3306 3305/1/3305 3308/1/3308 
f 3268/1/3268 3265/1/3265 3306/1/3306 3307/1/3307 
f 3303/1/3303 3306/1/3306 3265/1/3265 3264/1/3264 
f 3308/1/3308 3309/1/3309 3310/1/3310 3307/1/3307 
f 3311/1/3311 3310/1/3310 3309/1/3309 3312/1/3312 
f 3272/1/3272 3269/1/3269 3310/1/3310 3311/1/3311 
f 3307/1/3307 3310/1/3310 3269/1/3269 3268/1/3268 
f 3313/1/3313 3314/1/3314 3315/1/3315 3316/1/3316 
f 3317/1/3317 3315/1/3315 3314/1/3314 3318/1/3318 
f 3277/1/3277 3319/1/3319 3315/1/3315 3317/1/3317 
f 3316/1/3316 3315/1/3315 3319/1/3319 3320/1/3320 
f 3318/1/3318 3321/1/3321 3322/1/3322 3317/1/3317 
f 3323/1/3323 3322/1/3322 3321/1/3321 3324/1/3324 
f 3282/1/3282 3278/1/3278 3322/1/3322 3323/1/3323 
f 3317/1/3317 3322/1/3322 3278/1/3278 3277/1/3277 
f 3324/1/3324 3325/1/3325 3326/1/3326 3323/1/3323 
f 3327/1/3327 3326/1/3326 3325/1/3325 3328/1/3328 
f 3288/1/3288 3285/1/3285 3326/1/3326 3327/1/3327 
f 3323/1/3323 3326/1/3326 3285/1/3285 3282/1/3282 
f 3328/1/3328 3329/1/3329 3330/1/3330 3327/1/3327 
f 3331/1/3331 3330/1/3330 3329/1/3329 3332/1/3332 
f 3292/1/3292 3289/1/3289 3330/1/3330 3331/1/3331 
f 3327/1/3327 3330/1/3330 3289/1/3289 3288/1/3288 
f 3332/1/3332 3333/1/3333 3334/1/3334 3331/1/3331 
f 3335/1/3335 3334/1/3334 3333/1/3333 3336/1/3336 
f 3296/1/3296 3293/1/3293 3334/1/3334 3335/1/3335 
f 3331/1/3331 3334/1/3334 3293/1/3293 3292/1/3292 
f 3336/1/3336 3337/1/3337 3338/1/3338 3335/1/3335 
f 3339/1/3339 3338/1/3338 3337/1/3337 3340/1/3340 
f 3300/1/3300 3297/1/3297 3338/1/3338 3339/1/3339 
f 3335/1/3335 3338/1/3338 3297/1/3297 3296/1/3296 
f 3340/1/3340 3341/1/3341 3342/1/3342 3339/1/3339 
f 3343/1/3343 3342/1/3342 3341/1/3341 3344/1/3344 
f 3304/1/3304 3301/1/3301 3342/1/3342 3343/1/3343 
f 3339/1/3339 3342/1/3342 3301/1/3301 3300/1/3300 
f 3344/1/3344 3345/1/3345 3346/1/3346 3343/1/3343 
f 3347/1/3347 3346/1/3346 3345/1/3345 3348/1/3348 
f 3308/1/3308 3305/1/3305 3346/1/3346 3347/1/3347 
f 3343/1/3343 3346/1/3346 3305/1/3305 3304/1/3304 
f 3348/1/3348 3349/1/3349 3350/1/3350 3347/1/3347 
f 3351/1/3351 3350/1/3350 3349/1/3349 3352/1/3352 
f 3312/1/3312 3309/1/3309 3350/1/3350 3351/1/3351 
f 3347/1/3347 3350/1/3350 3309/1/3309 3308/1/3308 
f 3353/1/3353 3354/1/3354 3355/1/3355 3356/1/3356 
f 3357/1/3357 3354/1/3354 3353/1/3353 3358/1/3358 
f 3012/1/3012 3060/1/3060 3354/1/3354 3357/1/3357 
f 3355/1/3355 3354/1/3354 3060/1/3060 3059/1/3059 
f 3359/1/3359 3009/1/3009 3014/1/3014 
f 3360/1/3360 3359/1/3359 3361/1/3361 3362/1/3362 
f 2978/1/2978 2981/1/2981 3359/1/3359 3360/1/3360 
f 2981/1/2981 2986/1/2986 3009/1/3009 
f 2978/1/2978 3360/1/3360 3363/1/3363 2996/1/2996 
f 3364/1/3364 3363/1/3363 3360/1/3360 3362/1/3362 
f 3365/1/3365 3366/1/3366 3363/1/3363 3364/1/3364 
f 2996/1/2996 3363/1/3363 3366/1/3366 2993/1/2993 
f 3365/1/3365 3364/1/3364 3367/1/3367 3368/1/3368 
f 3364/1/3364 3362/1/3362 3369/1/3369 
f 3370/1/3370 3371/1/3371 3367/1/3367 3369/1/3369 
f 3368/1/3368 3367/1/3367 3371/1/3371 3372/1/3372 
f 3358/1/3358 3373/1/3373 3374/1/3374 3357/1/3357 
f 3361/1/3361 3374/1/3374 3373/1/3373 3362/1/3362 
f 3014/1/3014 3013/1/3013 3374/1/3374 3361/1/3361 
f 3357/1/3357 3374/1/3374 3013/1/3013 3012/1/3012 
f 3375/1/3375 3376/1/3376 3370/1/3370 
f 3369/1/3369 3362/1/3362 3373/1/3373 
f 3373/1/3373 3358/1/3358 3376/1/3376 
f 3377/1/3377 3378/1/3378 3379/1/3379 3380/1/3380 
f 3381/1/3381 3379/1/3379 3378/1/3378 3382/1/3382 
f 3383/1/3383 3384/1/3384 3379/1/3379 3381/1/3381 
f 3380/1/3380 3379/1/3379 3384/1/3384 3385/1/3385 
f 3382/1/3382 3386/1/3386 3387/1/3387 3381/1/3381 
f 3388/1/3388 3387/1/3387 3386/1/3386 3389/1/3389 
f 3390/1/3390 3391/1/3391 3387/1/3387 3388/1/3388 
f 3381/1/3381 3387/1/3387 3391/1/3391 3383/1/3383 
f 3392/1/3392 3393/1/3393 3394/1/3394 3395/1/3395 
f 3388/1/3388 3394/1/3394 3393/1/3393 3390/1/3390 
f 3389/1/3389 3396/1/3396 3394/1/3394 3388/1/3388 
f 3395/1/3395 3394/1/3394 3396/1/3396 3397/1/3397 
f 3397/1/3397 3398/1/3398 3399/1/3399 3395/1/3395 
f 3400/1/3400 3399/1/3399 3398/1/3398 3401/1/3401 
f 3402/1/3402 3403/1/3403 3399/1/3399 3400/1/3400 
f 3395/1/3395 3399/1/3399 3403/1/3403 3392/1/3392 
f 3404/1/3404 3405/1/3405 3406/1/3406 3407/1/3407 
f 3408/1/3408 3406/1/3406 3405/1/3405 3409/1/3409 
f 3410/1/3410 3411/1/3411 3406/1/3406 3408/1/3408 
f 3407/1/3407 3406/1/3406 3411/1/3411 3401/1/3401 
f 3412/1/3412 3413/1/3413 3414/1/3414 3415/1/3415 
f 3400/1/3400 3414/1/3414 3413/1/3413 3402/1/3402 
f 3401/1/3401 3411/1/3411 3414/1/3414 3400/1/3400 
f 3411/1/3411 3410/1/3410 3415/1/3415 
f 3416/1/3416 3417/1/3417 3418/1/3418 3419/1/3419 
f 3420/1/3420 3418/1/3418 3417/1/3417 3421/1/3421 
f 3356/1/3356 3355/1/3355 3418/1/3418 3420/1/3420 
f 3419/1/3419 3418/1/3418 3355/1/3355 3059/1/3059 
f 3422/1/3422 3423/1/3423 3424/1/3424 3425/1/3425 
f 3419/1/3419 3424/1/3424 3423/1/3423 3416/1/3416 
f 3059/1/3059 3062/1/3062 3424/1/3424 3419/1/3419 
f 3425/1/3425 3424/1/3424 3062/1/3062 3066/1/3066 
f 3100/1/3100 3099/1/3099 3426/1/3426 3427/1/3427 
f 3428/1/3428 3426/1/3426 3099/1/3099 3098/1/3098 
f 3429/1/3429 3430/1/3430 3426/1/3426 3428/1/3428 
f 3427/1/3427 3426/1/3426 3430/1/3430 3431/1/3431 
f 3098/1/3098 3104/1/3104 3432/1/3432 3428/1/3428 
f 3433/1/3433 3432/1/3432 3104/1/3104 3103/1/3103 
f 3434/1/3434 3432/1/3432 3433/1/3433 3435/1/3435 
f 3428/1/3428 3432/1/3432 3434/1/3434 3429/1/3429 
f 3224/1/3224 3436/1/3436 3437/1/3437 3220/1/3220 
f 3433/1/3433 3437/1/3437 3436/1/3436 3435/1/3435 
f 3103/1/3103 3112/1/3112 3437/1/3437 3433/1/3433 
f 3220/1/3220 3437/1/3437 3112/1/3112 3111/1/3111 
f 3100/1/3100 3438/1/3438 3439/1/3439 3096/1/3096 
f 3438/1/3438 3440/1/3440 3441/1/3441 
f 3422/1/3422 3425/1/3425 3439/1/3439 3441/1/3441 
f 3096/1/3096 3439/1/3439 3425/1/3425 3066/1/3066 
f 3442/1/3442 3443/1/3443 3444/1/3444 
f 3445/1/3445 3442/1/3442 3446/1/3446 3447/1/3447 
f 3421/1/3421 3417/1/3417 3442/1/3442 3445/1/3445 
f 3443/1/3443 3442/1/3442 3417/1/3417 3416/1/3416 
f 3440/1/3440 3448/1/3448 3449/1/3449 3441/1/3441 
f 3448/1/3448 3444/1/3444 3443/1/3443 
f 3416/1/3416 3423/1/3423 3449/1/3449 3443/1/3443 
f 3441/1/3441 3449/1/3449 3423/1/3423 3422/1/3422 
f 3431/1/3431 3450/1/3450 3451/1/3451 3427/1/3427 
f 3450/1/3450 3440/1/3440 3438/1/3438 
f 3427/1/3427 3451/1/3451 3438/1/3438 3100/1/3100 
f 3452/1/3452 3453/1/3453 3454/1/3454 3455/1/3455 
f 3456/1/3456 3454/1/3454 3453/1/3453 3457/1/3457 
f 3431/1/3431 3430/1/3430 3454/1/3454 3456/1/3456 
f 3455/1/3455 3454/1/3454 3430/1/3430 3429/1/3429 
f 3457/1/3457 3458/1/3458 3459/1/3459 3456/1/3456 
f 3460/1/3460 3459/1/3459 3458/1/3458 3461/1/3461 
f 3440/1/3440 3450/1/3450 3459/1/3459 3460/1/3460 
f 3456/1/3456 3459/1/3459 3450/1/3450 3431/1/3431 
f 3462/1/3462 3460/1/3460 3461/1/3461 
f 3463/1/3463 3464/1/3464 3465/1/3465 
f 3462/1/3462 3465/1/3465 3444/1/3444 
f 3448/1/3448 3440/1/3440 3460/1/3460 
f 3466/1/3466 3465/1/3465 3464/1/3464 
f 3467/1/3467 3466/1/3466 3468/1/3468 3469/1/3469 
f 3444/1/3444 3465/1/3465 3466/1/3466 3467/1/3467 
f 3470/1/3470 3467/1/3467 3469/1/3469 
f 3471/1/3471 3472/1/3472 3473/1/3473 
f 3447/1/3447 3446/1/3446 3470/1/3470 3473/1/3473 
f 3467/1/3467 3470/1/3470 3446/1/3446 3444/1/3444 
f 3474/1/3474 3475/1/3475 3476/1/3476 3477/1/3477 
f 3475/1/3475 3478/1/3478 3479/1/3479 
f 3476/1/3476 3479/1/3479 3469/1/3469 
f 3477/1/3477 3476/1/3476 3468/1/3468 3464/1/3464 
f 3480/1/3480 3481/1/3481 3482/1/3482 3483/1/3483 
f 3477/1/3477 3482/1/3482 3481/1/3481 3474/1/3474 
f 3464/1/3464 3463/1/3463 3482/1/3482 3477/1/3477 
f 3483/1/3483 3482/1/3482 3463/1/3463 3461/1/3461 
f 3484/1/3484 3485/1/3485 3486/1/3486 3487/1/3487 
f 3483/1/3483 3486/1/3486 3485/1/3485 3480/1/3480 
f 3461/1/3461 3458/1/3458 3486/1/3486 3483/1/3483 
f 3487/1/3487 3486/1/3486 3458/1/3458 3457/1/3457 
f 3488/1/3488 3489/1/3489 3490/1/3490 3491/1/3491 
f 3487/1/3487 3489/1/3489 3488/1/3488 3484/1/3484 
f 3457/1/3457 3453/1/3453 3489/1/3489 3487/1/3487 
f 3452/1/3452 3490/1/3490 3489/1/3489 3453/1/3453 
f 3492/1/3492 3493/1/3493 3494/1/3494 3495/1/3495 
f 3496/1/3496 3494/1/3494 3493/1/3493 3497/1/3497 
f 3473/1/3473 3494/1/3494 3496/1/3496 3447/1/3447 
f 3495/1/3495 3494/1/3494 3473/1/3473 3472/1/3472 
f 3385/1/3385 3384/1/3384 3498/1/3498 3499/1/3499 
f 3500/1/3500 3498/1/3498 3384/1/3384 3383/1/3383 
f 3501/1/3501 3502/1/3502 3498/1/3498 3500/1/3500 
f 3499/1/3499 3498/1/3498 3502/1/3502 3503/1/3503 
f 3504/1/3504 3505/1/3505 3506/1/3506 3507/1/3507 
f 3508/1/3508 3506/1/3506 3505/1/3505 3509/1/3509 
f 3497/1/3497 3493/1/3493 3506/1/3506 3508/1/3508 
f 3507/1/3507 3506/1/3506 3493/1/3493 3492/1/3492 
f 3503/1/3503 3502/1/3502 3510/1/3510 3511/1/3511 
f 3512/1/3512 3510/1/3510 3502/1/3502 3501/1/3501 
f 3509/1/3509 3505/1/3505 3510/1/3510 3512/1/3512 
f 3511/1/3511 3510/1/3510 3505/1/3505 3504/1/3504 
f 3447/1/3447 3496/1/3496 3513/1/3513 3445/1/3445 
f 3514/1/3514 3513/1/3513 3496/1/3496 3497/1/3497 
f 3515/1/3515 3516/1/3516 3513/1/3513 3514/1/3514 
f 3445/1/3445 3513/1/3513 3516/1/3516 3421/1/3421 
f 3517/1/3517 3518/1/3518 3519/1/3519 3520/1/3520 
f 3500/1/3500 3519/1/3519 3518/1/3518 3501/1/3501 
f 3383/1/3383 3391/1/3391 3519/1/3519 3500/1/3500 
f 3520/1/3520 3519/1/3519 3391/1/3391 3390/1/3390 
f 3497/1/3497 3508/1/3508 3521/1/3521 3514/1/3514 
f 3522/1/3522 3521/1/3521 3508/1/3508 3509/1/3509 
f 3523/1/3523 3524/1/3524 3521/1/3521 3522/1/3522 
f 3514/1/3514 3521/1/3521 3524/1/3524 3515/1/3515 
f 3517/1/3517 3525/1/3525 3526/1/3526 3518/1/3518 
f 3522/1/3522 3526/1/3526 3525/1/3525 3523/1/3523 
f 3509/1/3509 3512/1/3512 3526/1/3526 3522/1/3522 
f 3518/1/3518 3526/1/3526 3512/1/3512 3501/1/3501 
f 3421/1/3421 3516/1/3516 3527/1/3527 3420/1/3420 
f 3516/1/3516 3515/1/3515 3528/1/3528 
f 3527/1/3527 3528/1/3528 3529/1/3529 
f 3420/1/3420 3527/1/3527 3530/1/3530 3356/1/3356 
f 3390/1/3390 3393/1/3393 3531/1/3531 3520/1/3520 
f 3532/1/3532 3531/1/3531 3393/1/3393 3392/1/3392 
f 3533/1/3533 3534/1/3534 3531/1/3531 3532/1/3532 
f 3520/1/3520 3531/1/3531 3534/1/3534 3517/1/3517 
f 3535/1/3535 3528/1/3528 3515/1/3515 
f 3536/1/3536 3535/1/3535 3524/1/3524 3523/1/3523 
f 3537/1/3537 3538/1/3538 3535/1/3535 3536/1/3536 
f 3538/1/3538 3529/1/3529 3528/1/3528 
f 3533/1/3533 3539/1/3539 3540/1/3540 3534/1/3534 
f 3536/1/3536 3540/1/3540 3539/1/3539 3537/1/3537 
f 3523/1/3523 3525/1/3525 3540/1/3540 3536/1/3536 
f 3534/1/3534 3540/1/3540 3525/1/3525 3517/1/3517 
f 3541/1/3541 3542/1/3542 3403/1/3403 3402/1/3402 
f 3543/1/3543 3542/1/3542 3541/1/3541 3544/1/3544 
f 3533/1/3533 3532/1/3532 3542/1/3542 3543/1/3543 
f 3392/1/3392 3403/1/3403 3542/1/3542 3532/1/3532 
f 3356/1/3356 3530/1/3530 3545/1/3545 3353/1/3353 
f 3530/1/3530 3529/1/3529 3546/1/3546 
f 3545/1/3545 3546/1/3546 3547/1/3547 
f 3353/1/3353 3545/1/3545 3548/1/3548 3358/1/3358 
f 3529/1/3529 3538/1/3538 3549/1/3549 3546/1/3546 
f 3550/1/3550 3549/1/3549 3538/1/3538 3537/1/3537 
f 3551/1/3551 3552/1/3552 3549/1/3549 3550/1/3550 
f 3546/1/3546 3549/1/3549 3552/1/3552 3547/1/3547 
f 3544/1/3544 3553/1/3553 3554/1/3554 3543/1/3543 
f 3550/1/3550 3554/1/3554 3553/1/3553 3551/1/3551 
f 3537/1/3537 3539/1/3539 3554/1/3554 3550/1/3550 
f 3543/1/3543 3554/1/3554 3539/1/3539 3533/1/3533 
f 3555/1/3555 3556/1/3556 3413/1/3413 3412/1/3412 
f 3557/1/3557 3556/1/3556 3555/1/3555 3558/1/3558 
f 3544/1/3544 3541/1/3541 3556/1/3556 3557/1/3557 
f 3402/1/3402 3413/1/3413 3556/1/3556 3541/1/3541 
f 3559/1/3559 3560/1/3560 3561/1/3561 
f 3376/1/3376 3559/1/3559 3562/1/3562 3370/1/3370 
f 3559/1/3559 3376/1/3376 3358/1/3358 
f 3560/1/3560 3559/1/3559 3548/1/3548 3547/1/3547 
f 3558/1/3558 3563/1/3563 3564/1/3564 3557/1/3557 
f 3565/1/3565 3564/1/3564 3563/1/3563 3566/1/3566 
f 3564/1/3564 3565/1/3565 3551/1/3551 
f 3557/1/3557 3564/1/3564 3553/1/3553 3544/1/3544 
f 3566/1/3566 3567/1/3567 3568/1/3568 3565/1/3565 
f 3560/1/3560 3568/1/3568 3567/1/3567 3561/1/3561 
f 3547/1/3547 3552/1/3552 3568/1/3568 3560/1/3560 
f 3565/1/3565 3568/1/3568 3552/1/3552 3551/1/3551 
f 3284/1/3284 3569/1/3569 3570/1/3570 3280/1/3280 
f 3571/1/3571 3570/1/3570 3569/1/3569 3572/1/3572 
f 3320/1/3320 3319/1/3319 3570/1/3570 3571/1/3571 
f 3280/1/3280 3570/1/3570 3319/1/3319 3277/1/3277 
f 3573/1/3573 3574/1/3574 3575/1/3575 
f 3132/1/3132 3573/1/3573 3576/1/3576 3129/1/3129 
f 3573/1/3573 3132/1/3132 3032/1/3032 
f 3574/1/3574 3573/1/3573 3028/1/3028 3027/1/3027 
f 3577/1/3577 3578/1/3578 3569/1/3569 3284/1/3284 
f 3579/1/3579 3580/1/3580 3578/1/3578 3577/1/3577 
f 3581/1/3581 3578/1/3578 3580/1/3580 3582/1/3582 
f 3572/1/3572 3569/1/3569 3578/1/3578 3581/1/3581 
f 3135/1/3135 3583/1/3583 3584/1/3584 3136/1/3136 
f 3585/1/3585 3584/1/3584 3583/1/3583 3579/1/3579 
f 3152/1/3152 3584/1/3584 3585/1/3585 3149/1/3149 
f 3140/1/3140 3136/1/3136 3584/1/3584 3152/1/3152 
f 3579/1/3579 3583/1/3583 3586/1/3586 3587/1/3587 
f 3138/1/3138 3586/1/3586 3583/1/3583 3135/1/3135 
f 3129/1/3129 3576/1/3576 3586/1/3586 3138/1/3138 
f 3587/1/3587 3586/1/3586 3576/1/3576 3575/1/3575 
f 3582/1/3582 3580/1/3580 3588/1/3588 3589/1/3589 
f 3587/1/3587 3588/1/3588 3580/1/3580 3579/1/3579 
f 3575/1/3575 3589/1/3589 3588/1/3588 3587/1/3587 
f 3149/1/3149 3585/1/3585 3590/1/3590 3246/1/3246 
f 3577/1/3577 3590/1/3590 3585/1/3585 3579/1/3579 
f 3284/1/3284 3283/1/3283 3590/1/3590 3577/1/3577 
f 3246/1/3246 3590/1/3590 3283/1/3283 3243/1/3243 
f 3429/1/3429 3434/1/3434 3591/1/3591 3455/1/3455 
f 3592/1/3592 3591/1/3591 3434/1/3434 3435/1/3435 
f 3593/1/3593 3594/1/3594 3591/1/3591 3592/1/3592 
f 3594/1/3594 3452/1/3452 3455/1/3455 
f 3595/1/3595 3596/1/3596 3594/1/3594 3593/1/3593 
f 3597/1/3597 3598/1/3598 3596/1/3596 3595/1/3595 
f 3491/1/3491 3490/1/3490 3596/1/3596 3598/1/3598 
f 3594/1/3594 3596/1/3596 3490/1/3490 3452/1/3452 
f 3598/1/3598 3597/1/3597 3599/1/3599 
f 3600/1/3600 3599/1/3599 3601/1/3601 
f 3598/1/3598 3600/1/3600 3602/1/3602 3491/1/3491 
f 3603/1/3603 3602/1/3602 3601/1/3601 
f 3604/1/3604 3605/1/3605 3606/1/3606 
f 3484/1/3484 3488/1/3488 3603/1/3603 3606/1/3606 
f 3491/1/3491 3602/1/3602 3603/1/3603 3488/1/3488 
f 3605/1/3605 3607/1/3607 3608/1/3608 3606/1/3606 
f 3609/1/3609 3608/1/3608 3607/1/3607 3610/1/3610 
f 3480/1/3480 3485/1/3485 3608/1/3608 3609/1/3609 
f 3606/1/3606 3608/1/3608 3485/1/3485 3484/1/3484 
f 3610/1/3610 3611/1/3611 3612/1/3612 3609/1/3609 
f 3613/1/3613 3612/1/3612 3611/1/3611 3614/1/3614 
f 3474/1/3474 3481/1/3481 3612/1/3612 3613/1/3613 
f 3609/1/3609 3612/1/3612 3481/1/3481 3480/1/3480 
f 3614/1/3614 3615/1/3615 3616/1/3616 3613/1/3613 
f 3617/1/3617 3616/1/3616 3615/1/3615 3618/1/3618 
f 3478/1/3478 3475/1/3475 3616/1/3616 3617/1/3617 
f 3613/1/3613 3616/1/3616 3475/1/3475 3474/1/3474 
f 3619/1/3619 3620/1/3620 3621/1/3621 3622/1/3622 
f 3618/1/3618 3615/1/3615 3620/1/3620 3619/1/3619 
f 3621/1/3621 3620/1/3620 3615/1/3615 3614/1/3614 
f 3623/1/3623 3624/1/3624 3625/1/3625 3626/1/3626 
f 3621/1/3621 3625/1/3625 3624/1/3624 3622/1/3622 
f 3614/1/3614 3611/1/3611 3625/1/3625 3621/1/3621 
f 3626/1/3626 3625/1/3625 3611/1/3611 3610/1/3610 
f 3627/1/3627 3628/1/3628 3629/1/3629 3630/1/3630 
f 3626/1/3626 3629/1/3629 3628/1/3628 3623/1/3623 
f 3610/1/3610 3607/1/3607 3629/1/3629 3626/1/3626 
f 3630/1/3630 3629/1/3629 3607/1/3607 3605/1/3605 
f 3631/1/3631 3632/1/3632 3604/1/3604 3601/1/3601 
f 3633/1/3633 3632/1/3632 3631/1/3631 3634/1/3634 
f 3627/1/3627 3630/1/3630 3632/1/3632 3633/1/3633 
f 3605/1/3605 3604/1/3604 3632/1/3632 3630/1/3630 
f 3635/1/3635 3636/1/3636 3637/1/3637 
f 3637/1/3637 3634/1/3634 3631/1/3631 3638/1/3638 
f 3601/1/3601 3599/1/3599 3638/1/3638 3631/1/3631 
f 3597/1/3597 3635/1/3635 3638/1/3638 3599/1/3599 
f 3593/1/3593 3639/1/3639 3640/1/3640 3595/1/3595 
f 3639/1/3639 3641/1/3641 3642/1/3642 
f 3640/1/3640 3642/1/3642 3636/1/3636 
f 3595/1/3595 3640/1/3640 3635/1/3635 3597/1/3597 
f 3643/1/3643 3644/1/3644 3645/1/3645 
f 3641/1/3641 3639/1/3639 3643/1/3643 3646/1/3646 
f 3592/1/3592 3643/1/3643 3639/1/3639 3593/1/3593 
f 3644/1/3644 3643/1/3643 3592/1/3592 3435/1/3435 
f 3647/1/3647 3644/1/3644 3435/1/3435 
f 3436/1/3436 3224/1/3224 3648/1/3648 
f 3649/1/3649 3650/1/3650 3647/1/3647 3648/1/3648 
f 3650/1/3650 3645/1/3645 3644/1/3644 
f 3224/1/3224 3223/1/3223 3651/1/3651 3648/1/3648 
f 3652/1/3652 3651/1/3651 3223/1/3223 3222/1/3222 
f 3653/1/3653 3654/1/3654 3651/1/3651 3652/1/3652 
f 3648/1/3648 3651/1/3651 3654/1/3654 3649/1/3649 
f 3222/1/3222 3228/1/3228 3655/1/3655 3652/1/3652 
f 3656/1/3656 3655/1/3655 3228/1/3228 3227/1/3227 
f 3655/1/3655 3656/1/3656 3657/1/3657 
f 3652/1/3652 3655/1/3655 3658/1/3658 3653/1/3653 
f 3242/1/3242 3659/1/3659 3660/1/3660 3238/1/3238 
f 3656/1/3656 3660/1/3660 3659/1/3659 3657/1/3657 
f 3227/1/3227 3232/1/3232 3660/1/3660 3656/1/3656 
f 3238/1/3238 3660/1/3660 3232/1/3232 3231/1/3231 
f 3661/1/3661 3662/1/3662 3663/1/3663 
f 3664/1/3664 3665/1/3665 3666/1/3666 3663/1/3663 
f 3661/1/3661 3666/1/3666 3665/1/3665 3667/1/3667 
f 3657/1/3657 3659/1/3659 3668/1/3668 3669/1/3669 
f 3670/1/3670 3668/1/3668 3659/1/3659 3242/1/3242 
f 3671/1/3671 3672/1/3672 3668/1/3668 3670/1/3670 
f 3669/1/3669 3668/1/3668 3672/1/3672 3662/1/3662 
f 3242/1/3242 3241/1/3241 3673/1/3673 3670/1/3670 
f 3674/1/3674 3673/1/3673 3241/1/3241 3240/1/3240 
f 3675/1/3675 3676/1/3676 3673/1/3673 3674/1/3674 
f 3670/1/3670 3673/1/3673 3676/1/3676 3671/1/3671 
f 3240/1/3240 3677/1/3677 3678/1/3678 3674/1/3674 
f 3679/1/3679 3678/1/3678 3677/1/3677 3680/1/3680 
f 3681/1/3681 3682/1/3682 3678/1/3678 3679/1/3679 
f 3674/1/3674 3678/1/3678 3682/1/3682 3675/1/3675 
f 3683/1/3683 3679/1/3679 3680/1/3680 
f 3684/1/3684 3685/1/3685 3683/1/3683 3686/1/3686 
f 3687/1/3687 3683/1/3683 3685/1/3685 3688/1/3688 
f 3683/1/3683 3687/1/3687 3681/1/3681 
f 3689/1/3689 3690/1/3690 3691/1/3691 3692/1/3692 
f 3234/1/3234 3691/1/3691 3690/1/3690 3235/1/3235 
f 3123/1/3123 3126/1/3126 3691/1/3691 3234/1/3234 
f 3692/1/3692 3691/1/3691 3126/1/3126 3125/1/3125 
f 3235/1/3235 3690/1/3690 3693/1/3693 3239/1/3239 
f 3694/1/3694 3693/1/3693 3690/1/3690 3689/1/3689 
f 3693/1/3693 3694/1/3694 3680/1/3680 
f 3677/1/3677 3240/1/3240 3239/1/3239 
f 3689/1/3689 3695/1/3695 3696/1/3696 3694/1/3694 
f 3697/1/3697 3696/1/3696 3695/1/3695 3698/1/3698 
f 3684/1/3684 3686/1/3686 3696/1/3696 3697/1/3697 
f 3694/1/3694 3696/1/3696 3686/1/3686 3680/1/3680 
f 3090/1/3090 3093/1/3093 3699/1/3699 3128/1/3128 
f 3094/1/3094 3700/1/3700 3699/1/3699 3093/1/3093 
f 3701/1/3701 3702/1/3702 3699/1/3699 3700/1/3700 
f 3128/1/3128 3699/1/3699 3702/1/3702 3125/1/3125 
f 3125/1/3125 3702/1/3702 3703/1/3703 3692/1/3692 
f 3704/1/3704 3703/1/3703 3702/1/3702 3701/1/3701 
f 3698/1/3698 3695/1/3695 3703/1/3703 3704/1/3704 
f 3692/1/3692 3703/1/3703 3695/1/3695 3689/1/3689 
f 3698/1/3698 3704/1/3704 3705/1/3705 3706/1/3706 
f 3701/1/3701 3707/1/3707 3705/1/3705 3704/1/3704 
f 3708/1/3708 3706/1/3706 3705/1/3705 3707/1/3707 
f 3684/1/3684 3697/1/3697 3709/1/3709 3710/1/3710 
f 3706/1/3706 3709/1/3709 3697/1/3697 3698/1/3698 
f 3708/1/3708 3711/1/3711 3709/1/3709 3706/1/3706 
f 3710/1/3710 3709/1/3709 3711/1/3711 3712/1/3712 
f 3713/1/3713 3663/1/3663 3662/1/3662 
f 3714/1/3714 3713/1/3713 3672/1/3672 3671/1/3671 
f 3715/1/3715 3716/1/3716 3713/1/3713 3714/1/3714 
f 3716/1/3716 3664/1/3664 3663/1/3663 
f 3717/1/3717 3718/1/3718 3719/1/3719 3720/1/3720 
f 3721/1/3721 3719/1/3719 3718/1/3718 3664/1/3664 
f 3722/1/3722 3723/1/3723 3719/1/3719 3721/1/3721 
f 3720/1/3720 3719/1/3719 3723/1/3723 3724/1/3724 
f 3715/1/3715 3725/1/3725 3726/1/3726 3716/1/3716 
f 3721/1/3721 3726/1/3726 3725/1/3725 3722/1/3722 
f 3721/1/3721 3664/1/3664 3716/1/3716 
f 3671/1/3671 3676/1/3676 3727/1/3727 3714/1/3714 
f 3728/1/3728 3727/1/3727 3676/1/3676 3675/1/3675 
f 3729/1/3729 3730/1/3730 3727/1/3727 3728/1/3728 
f 3714/1/3714 3727/1/3727 3730/1/3730 3715/1/3715 
f 3729/1/3729 3731/1/3731 3732/1/3732 3730/1/3730 
f 3733/1/3733 3732/1/3732 3731/1/3731 3734/1/3734 
f 3722/1/3722 3725/1/3725 3732/1/3732 3733/1/3733 
f 3730/1/3730 3732/1/3732 3725/1/3725 3715/1/3715 
f 3734/1/3734 3735/1/3735 3736/1/3736 3733/1/3733 
f 3737/1/3737 3736/1/3736 3735/1/3735 3738/1/3738 
f 3724/1/3724 3723/1/3723 3736/1/3736 3737/1/3737 
f 3733/1/3733 3736/1/3736 3723/1/3723 3722/1/3722 
f 3739/1/3739 3728/1/3728 3675/1/3675 
f 3681/1/3681 3740/1/3740 3739/1/3739 3682/1/3682 
f 3741/1/3741 3739/1/3739 3740/1/3740 3742/1/3742 
f 3728/1/3728 3739/1/3739 3741/1/3741 3729/1/3729 
f 3742/1/3742 3743/1/3743 3744/1/3744 3741/1/3741 
f 3745/1/3745 3744/1/3744 3743/1/3743 3746/1/3746 
f 3734/1/3734 3731/1/3731 3744/1/3744 3745/1/3745 
f 3741/1/3741 3744/1/3744 3731/1/3731 3729/1/3729 
f 3746/1/3746 3747/1/3747 3748/1/3748 3745/1/3745 
f 3749/1/3749 3748/1/3748 3747/1/3747 3750/1/3750 
f 3738/1/3738 3735/1/3735 3748/1/3748 3749/1/3749 
f 3745/1/3745 3748/1/3748 3735/1/3735 3734/1/3734 
f 3717/1/3717 3720/1/3720 3751/1/3751 3752/1/3752 
f 3724/1/3724 3753/1/3753 3751/1/3751 3720/1/3720 
f 3754/1/3754 3755/1/3755 3751/1/3751 3753/1/3753 
f 3752/1/3752 3751/1/3751 3755/1/3755 3756/1/3756 
f 3737/1/3737 3757/1/3757 3753/1/3753 3724/1/3724 
f 3758/1/3758 3757/1/3757 3737/1/3737 3738/1/3738 
f 3759/1/3759 3760/1/3760 3757/1/3757 3758/1/3758 
f 3753/1/3753 3757/1/3757 3760/1/3760 3754/1/3754 
f 3738/1/3738 3749/1/3749 3761/1/3761 3758/1/3758 
f 3762/1/3762 3761/1/3761 3749/1/3749 3750/1/3750 
f 3763/1/3763 3764/1/3764 3761/1/3761 3762/1/3762 
f 3758/1/3758 3761/1/3761 3764/1/3764 3759/1/3759 
f 3750/1/3750 3765/1/3765 3766/1/3766 3762/1/3762 
f 3767/1/3767 3766/1/3766 3765/1/3765 3768/1/3768 
f 3769/1/3769 3770/1/3770 3766/1/3766 3767/1/3767 
f 3762/1/3762 3766/1/3766 3770/1/3770 3763/1/3763 
f 3763/1/3763 3770/1/3770 3771/1/3771 3772/1/3772 
f 3773/1/3773 3771/1/3771 3770/1/3770 3769/1/3769 
f 3774/1/3774 3775/1/3775 3771/1/3771 3773/1/3773 
f 3772/1/3772 3771/1/3771 3775/1/3775 3776/1/3776 
f 3777/1/3777 3667/1/3667 3778/1/3778 
f 3779/1/3779 3780/1/3780 3781/1/3781 3778/1/3778 
f 3780/1/3780 3782/1/3782 3777/1/3777 
f 3667/1/3667 3665/1/3665 3783/1/3783 3778/1/3778 
f 3784/1/3784 3783/1/3783 3665/1/3665 3664/1/3664 
f 3785/1/3785 3786/1/3786 3783/1/3783 3784/1/3784 
f 3778/1/3778 3783/1/3783 3786/1/3786 3779/1/3779 
f 3756/1/3756 3787/1/3787 3788/1/3788 3752/1/3752 
f 3784/1/3784 3788/1/3788 3787/1/3787 3785/1/3785 
f 3664/1/3664 3718/1/3718 3788/1/3788 3784/1/3784 
f 3752/1/3752 3788/1/3788 3718/1/3718 3717/1/3717 
f 3789/1/3789 3790/1/3790 3787/1/3787 3756/1/3756 
f 3791/1/3791 3792/1/3792 3790/1/3790 3789/1/3789 
f 3787/1/3787 3790/1/3790 3792/1/3792 3785/1/3785 
f 3756/1/3756 3755/1/3755 3793/1/3793 3789/1/3789 
f 3794/1/3794 3793/1/3793 3755/1/3755 3754/1/3754 
f 3795/1/3795 3796/1/3796 3793/1/3793 3794/1/3794 
f 3789/1/3789 3793/1/3793 3796/1/3796 3791/1/3791 
f 3754/1/3754 3760/1/3760 3797/1/3797 3794/1/3794 
f 3798/1/3798 3797/1/3797 3760/1/3760 3759/1/3759 
f 3799/1/3799 3800/1/3800 3797/1/3797 3798/1/3798 
f 3794/1/3794 3797/1/3797 3800/1/3800 3795/1/3795 
f 3776/1/3776 3801/1/3801 3802/1/3802 3772/1/3772 
f 3798/1/3798 3802/1/3802 3801/1/3801 3799/1/3799 
f 3759/1/3759 3764/1/3764 3802/1/3802 3798/1/3798 
f 3772/1/3772 3802/1/3802 3764/1/3764 3763/1/3763 
f 3782/1/3782 3780/1/3780 3803/1/3803 3804/1/3804 
f 3805/1/3805 3803/1/3803 3780/1/3780 3779/1/3779 
f 3806/1/3806 3807/1/3807 3803/1/3803 3805/1/3805 
f 3804/1/3804 3803/1/3803 3807/1/3807 3808/1/3808 
f 3779/1/3779 3786/1/3786 3809/1/3809 3805/1/3805 
f 3810/1/3810 3809/1/3809 3786/1/3786 3785/1/3785 
f 3811/1/3811 3812/1/3812 3809/1/3809 3810/1/3810 
f 3805/1/3805 3809/1/3809 3812/1/3812 3806/1/3806 
f 3813/1/3813 3814/1/3814 3815/1/3815 3816/1/3816 
f 3806/1/3806 3812/1/3812 3815/1/3815 3814/1/3814 
f 3812/1/3812 3811/1/3811 3817/1/3817 
f 3816/1/3816 3815/1/3815 3817/1/3817 3818/1/3818 
f 3785/1/3785 3792/1/3792 3819/1/3819 3810/1/3810 
f 3820/1/3820 3819/1/3819 3792/1/3792 3791/1/3791 
f 3821/1/3821 3822/1/3822 3819/1/3819 3820/1/3820 
f 3810/1/3810 3819/1/3819 3822/1/3822 3811/1/3811 
f 3823/1/3823 3824/1/3824 3822/1/3822 3821/1/3821 
f 3825/1/3825 3824/1/3824 3823/1/3823 3826/1/3826 
f 3818/1/3818 3817/1/3817 3824/1/3824 3825/1/3825 
f 3811/1/3811 3822/1/3822 3824/1/3824 3817/1/3817 
f 3791/1/3791 3796/1/3796 3827/1/3827 3820/1/3820 
f 3828/1/3828 3827/1/3827 3796/1/3796 3795/1/3795 
f 3829/1/3829 3830/1/3830 3827/1/3827 3828/1/3828 
f 3820/1/3820 3827/1/3827 3830/1/3830 3821/1/3821 
f 3831/1/3831 3832/1/3832 3833/1/3833 3834/1/3834 
f 3823/1/3823 3833/1/3833 3832/1/3832 3826/1/3826 
f 3821/1/3821 3830/1/3830 3833/1/3833 3823/1/3823 
f 3834/1/3834 3833/1/3833 3830/1/3830 3829/1/3829 
f 3795/1/3795 3800/1/3800 3835/1/3835 3828/1/3828 
f 3836/1/3836 3835/1/3835 3800/1/3800 3799/1/3799 
f 3837/1/3837 3838/1/3838 3835/1/3835 3836/1/3836 
f 3828/1/3828 3835/1/3835 3838/1/3838 3829/1/3829 
f 3839/1/3839 3840/1/3840 3841/1/3841 3842/1/3842 
f 3840/1/3840 3831/1/3831 3834/1/3834 
f 3829/1/3829 3838/1/3838 3841/1/3841 3834/1/3834 
f 3842/1/3842 3841/1/3841 3838/1/3838 3837/1/3837 
f 866/1/866 3843/1/3843 3844/1/3844 867/1/867 
f 3845/1/3845 3844/1/3844 3843/1/3843 3846/1/3846 
f 3847/1/3847 3848/1/3848 3844/1/3844 3845/1/3845 
f 867/1/867 3844/1/3844 3848/1/3848 871/1/871 
f 3849/1/3849 3850/1/3850 3851/1/3851 3852/1/3852 
f 882/1/882 3851/1/3851 3850/1/3850 883/1/883 
f 881/1/881 3853/1/3853 3851/1/3851 882/1/882 
f 3852/1/3852 3851/1/3851 3853/1/3853 3854/1/3854 
f 3855/1/3855 3856/1/3856 3857/1/3857 3858/1/3858 
f 888/1/888 3857/1/3857 3856/1/3856 889/1/889 
f 883/1/883 3850/1/3850 3857/1/3857 888/1/888 
f 3858/1/3858 3857/1/3857 3850/1/3850 3849/1/3849 
f 889/1/889 3856/1/3856 3859/1/3859 890/1/890 
f 3860/1/3860 3859/1/3859 3856/1/3856 3855/1/3855 
f 3846/1/3846 3843/1/3843 3859/1/3859 3860/1/3860 
f 890/1/890 3859/1/3859 3843/1/3843 866/1/866 
f 3854/1/3854 3861/1/3861 3862/1/3862 3852/1/3852 
f 3863/1/3863 3862/1/3862 3861/1/3861 3864/1/3864 
f 3865/1/3865 3866/1/3866 3862/1/3862 3863/1/3863 
f 3852/1/3852 3862/1/3862 3866/1/3866 3849/1/3849 
f 3867/1/3867 3868/1/3868 3869/1/3869 3870/1/3870 
f 3858/1/3858 3869/1/3869 3868/1/3868 3855/1/3855 
f 3849/1/3849 3866/1/3866 3869/1/3869 3858/1/3858 
f 3870/1/3870 3869/1/3869 3866/1/3866 3865/1/3865 
f 3855/1/3855 3868/1/3868 3871/1/3871 3860/1/3860 
f 3872/1/3872 3871/1/3871 3868/1/3868 3867/1/3867 
f 3873/1/3873 3874/1/3874 3871/1/3871 3872/1/3872 
f 3874/1/3874 3846/1/3846 3860/1/3860 
f 3864/1/3864 3875/1/3875 3876/1/3876 3863/1/3863 
f 3877/1/3877 3876/1/3876 3875/1/3875 3878/1/3878 
f 3879/1/3879 3880/1/3880 3876/1/3876 3877/1/3877 
f 3863/1/3863 3876/1/3876 3880/1/3880 3865/1/3865 
f 3808/1/3808 3881/1/3881 3882/1/3882 3804/1/3804 
f 3883/1/3883 3882/1/3882 3881/1/3881 3884/1/3884 
f 3885/1/3885 3886/1/3886 3882/1/3882 3883/1/3883 
f 3804/1/3804 3882/1/3882 3886/1/3886 3782/1/3782 
f 3878/1/3878 3887/1/3887 3888/1/3888 3877/1/3877 
f 3889/1/3889 3888/1/3888 3887/1/3887 3890/1/3890 
f 3891/1/3891 3892/1/3892 3888/1/3888 3889/1/3889 
f 3877/1/3877 3888/1/3888 3892/1/3892 3879/1/3879 
f 3893/1/3893 3894/1/3894 3895/1/3895 3896/1/3896 
f 3870/1/3870 3895/1/3895 3894/1/3894 3867/1/3867 
f 3865/1/3865 3880/1/3880 3895/1/3895 3870/1/3870 
f 3896/1/3896 3895/1/3895 3880/1/3880 3879/1/3879 
f 3891/1/3891 3897/1/3897 3898/1/3898 3892/1/3892 
f 3898/1/3898 3897/1/3897 3893/1/3893 
f 3879/1/3879 3892/1/3892 3898/1/3898 3896/1/3896 
f 3867/1/3867 3894/1/3894 3899/1/3899 3872/1/3872 
f 3900/1/3900 3899/1/3899 3894/1/3894 3893/1/3893 
f 3899/1/3899 3900/1/3900 3901/1/3901 
f 3872/1/3872 3899/1/3899 3902/1/3902 3873/1/3873 
f 3903/1/3903 3900/1/3900 3893/1/3893 
f 3897/1/3897 3891/1/3891 3904/1/3904 
f 3905/1/3905 3906/1/3906 3903/1/3903 3904/1/3904 
f 3906/1/3906 3901/1/3901 3900/1/3900 
f 3884/1/3884 3907/1/3907 3908/1/3908 3883/1/3883 
f 3889/1/3889 3908/1/3908 3907/1/3907 3891/1/3891 
f 3890/1/3890 3909/1/3909 3908/1/3908 3889/1/3889 
f 3883/1/3883 3908/1/3908 3909/1/3909 3885/1/3885 
f 3846/1/3846 3874/1/3874 3910/1/3910 3845/1/3845 
f 3911/1/3911 3910/1/3910 3874/1/3874 3873/1/3873 
f 3912/1/3912 3913/1/3913 3910/1/3910 3911/1/3911 
f 3845/1/3845 3910/1/3910 3913/1/3913 3847/1/3847 
f 3873/1/3873 3902/1/3902 3914/1/3914 3911/1/3911 
f 3915/1/3915 3914/1/3914 3902/1/3902 3901/1/3901 
f 3916/1/3916 3917/1/3917 3914/1/3914 3915/1/3915 
f 3917/1/3917 3912/1/3912 3911/1/3911 
f 3916/1/3916 3918/1/3918 3919/1/3919 3917/1/3917 
f 3920/1/3920 3919/1/3919 3918/1/3918 3921/1/3921 
f 3922/1/3922 3923/1/3923 3919/1/3919 3920/1/3920 
f 3923/1/3923 3912/1/3912 3917/1/3917 
f 3924/1/3924 3925/1/3925 3926/1/3926 3927/1/3927 
f 3904/1/3904 3926/1/3926 3925/1/3925 3905/1/3905 
f 3891/1/3891 3907/1/3907 3926/1/3926 3904/1/3904 
f 3927/1/3927 3926/1/3926 3907/1/3907 3884/1/3884 
f 3905/1/3905 3925/1/3925 3928/1/3928 3906/1/3906 
f 3929/1/3929 3928/1/3928 3925/1/3925 3924/1/3924 
f 3916/1/3916 3915/1/3915 3928/1/3928 3929/1/3929 
f 3906/1/3906 3928/1/3928 3915/1/3915 3901/1/3901 
f 3813/1/3813 3930/1/3930 3931/1/3931 3814/1/3814 
f 3932/1/3932 3931/1/3931 3930/1/3930 3933/1/3933 
f 3808/1/3808 3807/1/3807 3931/1/3931 3932/1/3932 
f 3814/1/3814 3931/1/3931 3807/1/3807 3806/1/3806 
f 3934/1/3934 3935/1/3935 3936/1/3936 3937/1/3937 
f 3935/1/3935 3921/1/3921 3918/1/3918 
f 3918/1/3918 3916/1/3916 3929/1/3929 
f 3929/1/3929 3924/1/3924 3937/1/3937 
f 3933/1/3933 3938/1/3938 3939/1/3939 3932/1/3932 
f 3927/1/3927 3939/1/3939 3938/1/3938 3924/1/3924 
f 3884/1/3884 3881/1/3881 3939/1/3939 3927/1/3927 
f 3881/1/3881 3808/1/3808 3932/1/3932 
f 3940/1/3940 3941/1/3941 3938/1/3938 3933/1/3933 
f 3934/1/3934 3937/1/3937 3941/1/3941 3940/1/3940 
f 3924/1/3924 3938/1/3938 3941/1/3941 3937/1/3937 
f 3942/1/3942 3943/1/3943 3944/1/3944 3945/1/3945 
f 3946/1/3946 3944/1/3944 3943/1/3943 3947/1/3947 
f 3318/1/3318 3314/1/3314 3944/1/3944 3946/1/3946 
f 3945/1/3945 3944/1/3944 3314/1/3314 3313/1/3313 
f 3947/1/3947 3948/1/3948 3949/1/3949 3946/1/3946 
f 3950/1/3950 3949/1/3949 3948/1/3948 3951/1/3951 
f 3324/1/3324 3321/1/3321 3949/1/3949 3950/1/3950 
f 3946/1/3946 3949/1/3949 3321/1/3321 3318/1/3318 
f 3952/1/3952 3953/1/3953 3954/1/3954 3955/1/3955 
f 3328/1/3328 3325/1/3325 3955/1/3955 3954/1/3954 
f 3950/1/3950 3955/1/3955 3325/1/3325 3324/1/3324 
f 3952/1/3952 3955/1/3955 3950/1/3950 3951/1/3951 
f 3953/1/3953 3956/1/3956 3957/1/3957 3954/1/3954 
f 3958/1/3958 3957/1/3957 3956/1/3956 3959/1/3959 
f 3332/1/3332 3329/1/3329 3957/1/3957 3958/1/3958 
f 3954/1/3954 3957/1/3957 3329/1/3329 3328/1/3328 
f 3959/1/3959 3960/1/3960 3961/1/3961 3958/1/3958 
f 3962/1/3962 3961/1/3961 3960/1/3960 3963/1/3963 
f 3336/1/3336 3333/1/3333 3961/1/3961 3962/1/3962 
f 3958/1/3958 3961/1/3961 3333/1/3333 3332/1/3332 
f 3963/1/3963 3964/1/3964 3965/1/3965 3962/1/3962 
f 3966/1/3966 3965/1/3965 3964/1/3964 3967/1/3967 
f 3340/1/3340 3337/1/3337 3965/1/3965 3966/1/3966 
f 3962/1/3962 3965/1/3965 3337/1/3337 3336/1/3336 
f 3967/1/3967 3968/1/3968 3969/1/3969 3966/1/3966 
f 3970/1/3970 3969/1/3969 3968/1/3968 3971/1/3971 
f 3344/1/3344 3341/1/3341 3969/1/3969 3970/1/3970 
f 3966/1/3966 3969/1/3969 3341/1/3341 3340/1/3340 
f 3971/1/3971 3972/1/3972 3973/1/3973 3970/1/3970 
f 3974/1/3974 3973/1/3973 3972/1/3972 3975/1/3975 
f 3348/1/3348 3345/1/3345 3973/1/3973 3974/1/3974 
f 3970/1/3970 3973/1/3973 3345/1/3345 3344/1/3344 
f 3976/1/3976 3977/1/3977 3978/1/3978 3979/1/3979 
f 3352/1/3352 3349/1/3349 3978/1/3978 3977/1/3977 
f 3974/1/3974 3978/1/3978 3349/1/3349 3348/1/3348 
f 3979/1/3979 3978/1/3978 3974/1/3974 3975/1/3975 
f 3980/1/3980 3981/1/3981 3982/1/3982 3983/1/3983 
f 3984/1/3984 3985/1/3985 3981/1/3981 3980/1/3980 
f 3979/1/3979 3981/1/3981 3985/1/3985 3976/1/3976 
f 3982/1/3982 3981/1/3981 3979/1/3979 3975/1/3975 
f 3986/1/3986 3987/1/3987 3988/1/3988 3989/1/3989 
f 3943/1/3943 3988/1/3988 3987/1/3987 3947/1/3947 
f 3942/1/3942 3990/1/3990 3988/1/3988 3943/1/3943 
f 3989/1/3989 3988/1/3988 3990/1/3990 3991/1/3991 
f 3992/1/3992 3993/1/3993 3994/1/3994 3995/1/3995 
f 3948/1/3948 3994/1/3994 3993/1/3993 3951/1/3951 
f 3947/1/3947 3987/1/3987 3994/1/3994 3948/1/3948 
f 3995/1/3995 3994/1/3994 3987/1/3987 3986/1/3986 
f 3996/1/3996 3997/1/3997 3998/1/3998 3999/1/3999 
f 3952/1/3952 3998/1/3998 3997/1/3997 3953/1/3953 
f 3951/1/3951 3993/1/3993 3998/1/3998 3952/1/3952 
f 3999/1/3999 3998/1/3998 3993/1/3993 3992/1/3992 
f 4000/1/4000 4001/1/4001 4002/1/4002 4003/1/4003 
f 3959/1/3959 3956/1/3956 4002/1/4002 4001/1/4001 
f 3953/1/3953 3997/1/3997 4002/1/4002 3956/1/3956 
f 4003/1/4003 4002/1/4002 3997/1/3997 3996/1/3996 
f 4004/1/4004 4005/1/4005 4006/1/4006 4007/1/4007 
f 3963/1/3963 3960/1/3960 4006/1/4006 4005/1/4005 
f 4001/1/4001 4006/1/4006 3960/1/3960 3959/1/3959 
f 4007/1/4007 4006/1/4006 4001/1/4001 4000/1/4000 
f 4008/1/4008 4009/1/4009 4010/1/4010 4011/1/4011 
f 3967/1/3967 3964/1/3964 4010/1/4010 4009/1/4009 
f 4005/1/4005 4010/1/4010 3964/1/3964 3963/1/3963 
f 4011/1/4011 4010/1/4010 4005/1/4005 4004/1/4004 
f 4008/1/4008 4012/1/4012 4013/1/4013 4009/1/4009 
f 4014/1/4014 4013/1/4013 4012/1/4012 4015/1/4015 
f 3971/1/3971 3968/1/3968 4013/1/4013 4014/1/4014 
f 4009/1/4009 4013/1/4013 3968/1/3968 3967/1/3967 
f 4016/1/4016 4017/1/4017 4018/1/4018 
f 3972/1/3972 4019/1/4019 4018/1/4018 3975/1/3975 
f 4014/1/4014 4019/1/4019 3972/1/3972 3971/1/3971 
f 4015/1/4015 4016/1/4016 4019/1/4019 4014/1/4014 
f 4017/1/4017 4020/1/4020 4021/1/4021 4018/1/4018 
f 4022/1/4022 4021/1/4021 4020/1/4020 4023/1/4023 
f 3983/1/3983 3982/1/3982 4021/1/4021 4022/1/4022 
f 4018/1/4018 4021/1/4021 3982/1/3982 3975/1/3975 
f 3991/1/3991 4024/1/4024 4025/1/4025 3989/1/3989 
f 4026/1/4026 4025/1/4025 4024/1/4024 4027/1/4027 
f 4028/1/4028 4029/1/4029 4025/1/4025 4026/1/4026 
f 3989/1/3989 4025/1/4025 4029/1/4029 3986/1/3986 
f 3986/1/3986 4029/1/4029 4030/1/4030 3995/1/3995 
f 4031/1/4031 4030/1/4030 4029/1/4029 4028/1/4028 
f 4032/1/4032 4033/1/4033 4030/1/4030 4031/1/4031 
f 3995/1/3995 4030/1/4030 4033/1/4033 3992/1/3992 
f 3992/1/3992 4033/1/4033 4034/1/4034 3999/1/3999 
f 4035/1/4035 4034/1/4034 4033/1/4033 4032/1/4032 
f 4036/1/4036 4037/1/4037 4034/1/4034 4035/1/4035 
f 3999/1/3999 4034/1/4034 4037/1/4037 3996/1/3996 
f 3996/1/3996 4037/1/4037 4038/1/4038 4003/1/4003 
f 4039/1/4039 4038/1/4038 4037/1/4037 4036/1/4036 
f 4040/1/4040 4041/1/4041 4038/1/4038 4039/1/4039 
f 4003/1/4003 4038/1/4038 4041/1/4041 4000/1/4000 
f 4042/1/4042 4043/1/4043 4044/1/4044 4045/1/4045 
f 4026/1/4026 4044/1/4044 4043/1/4043 4028/1/4028 
f 4027/1/4027 4046/1/4046 4044/1/4044 4026/1/4026 
f 4045/1/4045 4044/1/4044 4046/1/4046 4047/1/4047 
f 4048/1/4048 4049/1/4049 4050/1/4050 4051/1/4051 
f 4031/1/4031 4049/1/4049 4048/1/4048 4032/1/4032 
f 4028/1/4028 4043/1/4043 4049/1/4049 4031/1/4031 
f 4050/1/4050 4049/1/4049 4043/1/4043 4042/1/4042 
f 4052/1/4052 4053/1/4053 4054/1/4054 4055/1/4055 
f 4035/1/4035 4053/1/4053 4052/1/4052 4036/1/4036 
f 4032/1/4032 4048/1/4048 4053/1/4053 4035/1/4035 
f 4051/1/4051 4054/1/4054 4053/1/4053 4048/1/4048 
f 1088/1/1088 1091/1/1091 4056/1/4056 4057/1/4057 
f 4058/1/4058 4056/1/4056 1091/1/1091 1096/1/1096 
f 4059/1/4059 4056/1/4056 4058/1/4058 4060/1/4060 
f 4061/1/4061 4057/1/4057 4056/1/4056 4059/1/4059 
f 1096/1/1096 1098/1/1098 4062/1/4062 4058/1/4058 
f 4063/1/4063 4062/1/4062 1098/1/1098 1102/1/1102 
f 4064/1/4064 4065/1/4065 4062/1/4062 4063/1/4063 
f 4058/1/4058 4062/1/4062 4065/1/4065 4060/1/4060 
f 1102/1/1102 1104/1/1104 4066/1/4066 4063/1/4063 
f 4067/1/4067 4066/1/4066 1104/1/1104 1108/1/1108 
f 4068/1/4068 4069/1/4069 4066/1/4066 4067/1/4067 
f 4063/1/4063 4066/1/4066 4069/1/4069 4064/1/4064 
f 1108/1/1108 1110/1/1110 4070/1/4070 4067/1/4067 
f 4071/1/4071 4070/1/4070 1110/1/1110 1114/1/1114 
f 4072/1/4072 4073/1/4073 4070/1/4070 4071/1/4071 
f 4067/1/4067 4070/1/4070 4073/1/4073 4068/1/4068 
f 1114/1/1114 1116/1/1116 4074/1/4074 4071/1/4071 
f 4075/1/4075 4074/1/4074 1116/1/1116 1120/1/1120 
f 4076/1/4076 4077/1/4077 4074/1/4074 4075/1/4075 
f 4071/1/4071 4074/1/4074 4077/1/4077 4072/1/4072 
f 1120/1/1120 1122/1/1122 4078/1/4078 4075/1/4075 
f 1126/1/1126 4079/1/4079 4078/1/4078 1122/1/1122 
f 4080/1/4080 4081/1/4081 4078/1/4078 4079/1/4079 
f 4075/1/4075 4078/1/4078 4081/1/4081 4076/1/4076 
f 1130/1/1130 4082/1/4082 4083/1/4083 1127/1/1127 
f 4084/1/4084 4085/1/4085 4083/1/4083 4082/1/4082 
f 4079/1/4079 4083/1/4083 4085/1/4085 4080/1/4080 
f 1126/1/1126 1127/1/1127 4083/1/4083 4079/1/4079 
f 4086/1/4086 4087/1/4087 4088/1/4088 4089/1/4089 
f 4082/1/4082 4088/1/4088 4087/1/4087 4084/1/4084 
f 1130/1/1130 1134/1/1134 4088/1/4088 4082/1/4082 
f 4089/1/4089 4088/1/4088 1134/1/1134 1138/1/1138 
f 1139/1/1139 4090/1/4090 4091/1/4091 1140/1/1140 
f 4092/1/4092 4093/1/4093 4091/1/4091 4090/1/4090 
f 4089/1/4089 4091/1/4091 4093/1/4093 4086/1/4086 
f 1140/1/1140 4091/1/4091 4089/1/4089 1138/1/1138 
f 1139/1/1139 1146/1/1146 4094/1/4094 4090/1/4090 
f 4095/1/4095 4094/1/4094 1146/1/1146 1150/1/1150 
f 4096/1/4096 4097/1/4097 4094/1/4094 4095/1/4095 
f 4090/1/4090 4094/1/4094 4097/1/4097 4092/1/4092 
f 4098/1/4098 4099/1/4099 4100/1/4100 4101/1/4101 
f 4065/1/4065 4100/1/4100 4099/1/4099 4060/1/4060 
f 4102/1/4102 4100/1/4100 4065/1/4065 4064/1/4064 
f 4103/1/4103 4101/1/4101 4100/1/4100 4102/1/4102 
f 4103/1/4103 4104/1/4104 4105/1/4105 4106/1/4106 
f 4107/1/4107 4105/1/4105 4104/1/4104 4108/1/4108 
f 4051/1/4051 4050/1/4050 4105/1/4105 4107/1/4107 
f 4106/1/4106 4105/1/4105 4050/1/4050 4042/1/4042 
f 4108/1/4108 4104/1/4104 4109/1/4109 4110/1/4110 
f 4102/1/4102 4109/1/4109 4104/1/4104 4103/1/4103 
f 4064/1/4064 4069/1/4069 4109/1/4109 4102/1/4102 
f 4110/1/4110 4109/1/4109 4069/1/4069 4068/1/4068 
f 4108/1/4108 4111/1/4111 4112/1/4112 4107/1/4107 
f 4113/1/4113 4112/1/4112 4111/1/4111 4114/1/4114 
f 4055/1/4055 4054/1/4054 4112/1/4112 4113/1/4113 
f 4107/1/4107 4112/1/4112 4054/1/4054 4051/1/4051 
f 4114/1/4114 4111/1/4111 4115/1/4115 4116/1/4116 
f 4110/1/4110 4115/1/4115 4111/1/4111 4108/1/4108 
f 4068/1/4068 4073/1/4073 4115/1/4115 4110/1/4110 
f 4116/1/4116 4115/1/4115 4073/1/4073 4072/1/4072 
f 4072/1/4072 4077/1/4077 4117/1/4117 4116/1/4116 
f 4118/1/4118 4117/1/4117 4077/1/4077 4076/1/4076 
f 4119/1/4119 4120/1/4120 4117/1/4117 4118/1/4118 
f 4116/1/4116 4117/1/4117 4120/1/4120 4114/1/4114 
f 4121/1/4121 4122/1/4122 4081/1/4081 4080/1/4080 
f 4123/1/4123 4124/1/4124 4122/1/4122 4121/1/4121 
f 4118/1/4118 4122/1/4122 4124/1/4124 4119/1/4119 
f 4076/1/4076 4081/1/4081 4122/1/4122 4118/1/4118 
f 4125/1/4125 4126/1/4126 4127/1/4127 4128/1/4128 
f 4121/1/4121 4127/1/4127 4126/1/4126 4123/1/4123 
f 4080/1/4080 4085/1/4085 4127/1/4127 4121/1/4121 
f 4128/1/4128 4127/1/4127 4085/1/4085 4084/1/4084 
f 4129/1/4129 4130/1/4130 4131/1/4131 4132/1/4132 
f 4128/1/4128 4131/1/4131 4130/1/4130 4125/1/4125 
f 4084/1/4084 4087/1/4087 4131/1/4131 4128/1/4128 
f 4132/1/4132 4131/1/4131 4087/1/4087 4086/1/4086 
f 4133/1/4133 4134/1/4134 4135/1/4135 4136/1/4136 
f 4132/1/4132 4135/1/4135 4134/1/4134 4129/1/4129 
f 4086/1/4086 4093/1/4093 4135/1/4135 4132/1/4132 
f 4136/1/4136 4135/1/4135 4093/1/4093 4092/1/4092 
f 4137/1/4137 4138/1/4138 4139/1/4139 
f 4140/1/4140 4137/1/4137 4141/1/4141 4142/1/4142 
f 4098/1/4098 4143/1/4143 4137/1/4137 4140/1/4140 
f 4138/1/4138 4137/1/4137 4143/1/4143 4047/1/4047 
f 4060/1/4060 4099/1/4099 4144/1/4144 4059/1/4059 
f 4140/1/4140 4144/1/4144 4099/1/4099 4098/1/4098 
f 4142/1/4142 4145/1/4145 4144/1/4144 4140/1/4140 
f 4059/1/4059 4144/1/4144 4145/1/4145 4061/1/4061 
f 4047/1/4047 4143/1/4143 4146/1/4146 4045/1/4045 
f 4101/1/4101 4146/1/4146 4143/1/4143 4098/1/4098 
f 4103/1/4103 4106/1/4106 4146/1/4146 4101/1/4101 
f 4045/1/4045 4146/1/4146 4106/1/4106 4042/1/4042 
f 3372/1/3372 4147/1/4147 4148/1/4148 3368/1/3368 
f 4149/1/4149 4148/1/4148 4147/1/4147 4150/1/4150 
f 2993/1/2993 3366/1/3366 4148/1/4148 4149/1/4149 
f 3368/1/3368 4148/1/4148 3366/1/3366 3365/1/3365 
f 4151/1/4151 4152/1/4152 4149/1/4149 4150/1/4150 
f 3030/1/3030 4152/1/4152 4151/1/4151 3027/1/3027 
f 2997/1/2997 2994/1/2994 4152/1/4152 3030/1/3030 
f 4149/1/4149 4152/1/4152 2994/1/2994 2993/1/2993 
f 3562/1/3562 3561/1/3561 4153/1/4153 
f 4154/1/4154 4155/1/4155 4156/1/4156 4153/1/4153 
f 3372/1/3372 3371/1/3371 4156/1/4156 4155/1/4155 
f 3562/1/3562 4156/1/4156 3371/1/3371 3370/1/3370 
f 4157/1/4157 4158/1/4158 4159/1/4159 
f 4159/1/4159 3575/1/3575 3574/1/3574 
f 3027/1/3027 4151/1/4151 4160/1/4160 3574/1/3574 
f 4151/1/4151 4150/1/4150 4157/1/4157 
f 4161/1/4161 4162/1/4162 4163/1/4163 4164/1/4164 
f 4147/1/4147 4163/1/4163 4162/1/4162 4150/1/4150 
f 3372/1/3372 4155/1/4155 4163/1/4163 4147/1/4147 
f 4155/1/4155 4154/1/4154 4164/1/4164 
f 4165/1/4165 4166/1/4166 4162/1/4162 4161/1/4161 
f 4158/1/4158 4157/1/4157 4166/1/4166 4165/1/4165 
f 4150/1/4150 4162/1/4162 4166/1/4166 4157/1/4157 
f 3561/1/3561 3567/1/3567 4167/1/4167 4153/1/4153 
f 4168/1/4168 4167/1/4167 3567/1/3567 3566/1/3566 
f 4169/1/4169 4170/1/4170 4167/1/4167 4168/1/4168 
f 4170/1/4170 4154/1/4154 4153/1/4153 
f 4158/1/4158 4171/1/4171 4172/1/4172 4159/1/4159 
f 4173/1/4173 4172/1/4172 4171/1/4171 4174/1/4174 
f 3582/1/3582 3589/1/3589 4172/1/4172 4173/1/4173 
f 4159/1/4159 4172/1/4172 3589/1/3589 3575/1/3575 
f 4175/1/4175 4176/1/4176 4177/1/4177 4178/1/4178 
f 4164/1/4164 4177/1/4177 4176/1/4176 4161/1/4161 
f 4154/1/4154 4170/1/4170 4177/1/4177 4164/1/4164 
f 4178/1/4178 4177/1/4177 4170/1/4170 4169/1/4169 
f 4161/1/4161 4176/1/4176 4179/1/4179 4165/1/4165 
f 4180/1/4180 4179/1/4179 4176/1/4176 4175/1/4175 
f 4174/1/4174 4171/1/4171 4179/1/4179 4180/1/4180 
f 4165/1/4165 4179/1/4179 4171/1/4171 4158/1/4158 
f 3582/1/3582 4173/1/4173 4181/1/4181 3581/1/3581 
f 4174/1/4174 4182/1/4182 4181/1/4181 4173/1/4173 
f 4183/1/4183 4181/1/4181 4182/1/4182 4184/1/4184 
f 3581/1/3581 4181/1/4181 4183/1/4183 3572/1/3572 
f 4185/1/4185 4186/1/4186 4187/1/4187 4188/1/4188 
f 4168/1/4168 4187/1/4187 4186/1/4186 4169/1/4169 
f 3566/1/3566 3563/1/3563 4187/1/4187 4168/1/4168 
f 4188/1/4188 4187/1/4187 3563/1/3563 3558/1/3558 
f 4189/1/4189 4190/1/4190 4191/1/4191 4192/1/4192 
f 4178/1/4178 4191/1/4191 4190/1/4190 4175/1/4175 
f 4169/1/4169 4186/1/4186 4191/1/4191 4178/1/4178 
f 4192/1/4192 4191/1/4191 4186/1/4186 4185/1/4185 
f 4184/1/4184 4182/1/4182 4193/1/4193 4194/1/4194 
f 4180/1/4180 4193/1/4193 4182/1/4182 4174/1/4174 
f 4175/1/4175 4190/1/4190 4193/1/4193 4180/1/4180 
f 4194/1/4194 4193/1/4193 4190/1/4190 4189/1/4189 
f 3412/1/3412 4195/1/4195 4196/1/4196 3555/1/3555 
f 4197/1/4197 4196/1/4196 4195/1/4195 4198/1/4198 
f 4185/1/4185 4188/1/4188 4196/1/4196 4197/1/4197 
f 4188/1/4188 3558/1/3558 3555/1/3555 
f 4198/1/4198 4195/1/4195 4199/1/4199 4200/1/4200 
f 3415/1/3415 4199/1/4199 4195/1/4195 3412/1/3412 
f 3410/1/3410 4200/1/4200 4199/1/4199 3415/1/3415 
f 4184/1/4184 4201/1/4201 4202/1/4202 4183/1/4183 
f 4203/1/4203 4202/1/4202 4201/1/4201 4204/1/4204 
f 3571/1/3571 4202/1/4202 4203/1/4203 3320/1/3320 
f 4202/1/4202 3571/1/3571 3572/1/3572 
f 4205/1/4205 4206/1/4206 4207/1/4207 4208/1/4208 
f 4192/1/4192 4207/1/4207 4206/1/4206 4189/1/4189 
f 4185/1/4185 4197/1/4197 4207/1/4207 4192/1/4192 
f 4208/1/4208 4207/1/4207 4197/1/4197 4198/1/4198 
f 4189/1/4189 4206/1/4206 4209/1/4209 4194/1/4194 
f 4206/1/4206 4205/1/4205 4210/1/4210 
f 4204/1/4204 4201/1/4201 4209/1/4209 4210/1/4210 
f 4194/1/4194 4209/1/4209 4201/1/4201 4184/1/4184 
f 3410/1/3410 3408/1/3408 4211/1/4211 4200/1/4200 
f 4212/1/4212 4211/1/4211 3408/1/3408 3409/1/3409 
f 4213/1/4213 4214/1/4214 4211/1/4211 4212/1/4212 
f 4200/1/4200 4211/1/4211 4214/1/4214 4198/1/4198 
f 4215/1/4215 4216/1/4216 4217/1/4217 4218/1/4218 
f 3316/1/3316 4217/1/4217 4216/1/4216 3313/1/3313 
f 3320/1/3320 4203/1/4203 4217/1/4217 3316/1/3316 
f 4218/1/4218 4217/1/4217 4203/1/4203 4204/1/4204 
f 4213/1/4213 4219/1/4219 4220/1/4220 4214/1/4214 
f 4221/1/4221 4220/1/4220 4219/1/4219 4222/1/4222 
f 4208/1/4208 4220/1/4220 4221/1/4221 4205/1/4205 
f 4214/1/4214 4220/1/4220 4208/1/4208 4198/1/4198 
f 4205/1/4205 4221/1/4221 4223/1/4223 4210/1/4210 
f 4224/1/4224 4223/1/4223 4221/1/4221 4222/1/4222 
f 4218/1/4218 4223/1/4223 4224/1/4224 4215/1/4215 
f 4204/1/4204 4210/1/4210 4223/1/4223 4218/1/4218 
f 4225/1/4225 4226/1/4226 4227/1/4227 4228/1/4228 
f 4229/1/4229 4230/1/4230 4226/1/4226 4225/1/4225 
f 3409/1/3409 3405/1/3405 4226/1/4226 4230/1/4230 
f 4227/1/4227 4226/1/4226 3405/1/3405 3404/1/3404 
f 4231/1/4231 4232/1/4232 4233/1/4233 4234/1/4234 
f 3945/1/3945 4233/1/4233 4232/1/4232 3942/1/3942 
f 3313/1/3313 4216/1/4216 4233/1/4233 3945/1/3945 
f 4234/1/4234 4233/1/4233 4216/1/4216 4215/1/4215 
f 3409/1/3409 4230/1/4230 4235/1/4235 4212/1/4212 
f 4236/1/4236 4235/1/4235 4230/1/4230 4229/1/4229 
f 4213/1/4213 4212/1/4212 4235/1/4235 4236/1/4236 
f 4237/1/4237 4225/1/4225 4228/1/4228 
f 4238/1/4238 4237/1/4237 4239/1/4239 4139/1/4139 
f 4240/1/4240 4241/1/4241 4237/1/4237 4238/1/4238 
f 4225/1/4225 4237/1/4237 4241/1/4241 4229/1/4229 
f 4142/1/4142 4141/1/4141 4242/1/4242 4243/1/4243 
f 4139/1/4139 4239/1/4239 4242/1/4242 4141/1/4141 
f 4239/1/4239 4228/1/4228 4243/1/4243 
f 4244/1/4244 4245/1/4245 4232/1/4232 4231/1/4231 
f 4246/1/4246 4245/1/4245 4244/1/4244 4139/1/4139 
f 3991/1/3991 3990/1/3990 4245/1/4245 4246/1/4246 
f 3942/1/3942 4232/1/4232 4245/1/4245 3990/1/3990 
f 4238/1/4238 4247/1/4247 4248/1/4248 4240/1/4240 
f 4244/1/4244 4247/1/4247 4238/1/4238 4139/1/4139 
f 4231/1/4231 4248/1/4248 4247/1/4247 4244/1/4244 
f 3991/1/3991 4246/1/4246 4249/1/4249 4024/1/4024 
f 4246/1/4246 4139/1/4139 4138/1/4138 
f 4047/1/4047 4046/1/4046 4249/1/4249 4138/1/4138 
f 4024/1/4024 4249/1/4249 4046/1/4046 4027/1/4027 
f 4215/1/4215 4224/1/4224 4250/1/4250 4234/1/4234 
f 4251/1/4251 4250/1/4250 4224/1/4224 4222/1/4222 
f 4240/1/4240 4248/1/4248 4250/1/4250 4251/1/4251 
f 4234/1/4234 4250/1/4250 4248/1/4248 4231/1/4231 
f 4229/1/4229 4241/1/4241 4252/1/4252 4236/1/4236 
f 4251/1/4251 4252/1/4252 4241/1/4241 4240/1/4240 
f 4222/1/4222 4219/1/4219 4252/1/4252 4251/1/4251 
f 4236/1/4236 4252/1/4252 4219/1/4219 4213/1/4213 
f 4253/1/4253 4243/1/4243 4228/1/4228 
f 4254/1/4254 4253/1/4253 4255/1/4255 4256/1/4256 
f 4061/1/4061 4145/1/4145 4253/1/4253 4254/1/4254 
f 4243/1/4243 4253/1/4253 4145/1/4145 4142/1/4142 
f 1312/1/1312 1311/1/1311 4257/1/4257 4258/1/4258 
f 4057/1/4057 4257/1/4257 1311/1/1311 1088/1/1088 
f 4254/1/4254 4257/1/4257 4057/1/4057 4061/1/4061 
f 4258/1/4258 4257/1/4257 4254/1/4254 4256/1/4256 
f 4259/1/4259 4260/1/4260 4261/1/4261 4262/1/4262 
f 4263/1/4263 4260/1/4260 4259/1/4259 4264/1/4264 
f 3382/1/3382 3378/1/3378 4260/1/4260 4263/1/4263 
f 3377/1/3377 4261/1/4261 4260/1/4260 3378/1/3378 
f 4264/1/4264 4265/1/4265 4266/1/4266 4263/1/4263 
f 4267/1/4267 4266/1/4266 4265/1/4265 4268/1/4268 
f 3389/1/3389 3386/1/3386 4266/1/4266 4267/1/4267 
f 4263/1/4263 4266/1/4266 3386/1/3386 3382/1/3382 
f 4268/1/4268 4269/1/4269 4270/1/4270 4267/1/4267 
f 4271/1/4271 4270/1/4270 4269/1/4269 4272/1/4272 
f 3397/1/3397 3396/1/3396 4270/1/4270 4271/1/4271 
f 4267/1/4267 4270/1/4270 3396/1/3396 3389/1/3389 
f 4272/1/4272 4273/1/4273 4274/1/4274 4271/1/4271 
f 3407/1/3407 4274/1/4274 4273/1/4273 3404/1/3404 
f 3401/1/3401 3398/1/3398 4274/1/4274 3407/1/3407 
f 4271/1/4271 4274/1/4274 3398/1/3398 3397/1/3397 
f 3404/1/3404 4273/1/4273 4275/1/4275 4227/1/4227 
f 4276/1/4276 4275/1/4275 4273/1/4273 4272/1/4272 
f 4256/1/4256 4255/1/4255 4275/1/4275 4276/1/4276 
f 4227/1/4227 4275/1/4275 4255/1/4255 4228/1/4228 
f 4277/1/4277 4278/1/4278 4279/1/4279 4280/1/4280 
f 4281/1/4281 4279/1/4279 4278/1/4278 4282/1/4282 
f 4279/1/4279 4281/1/4281 4272/1/4272 
f 4280/1/4280 4279/1/4279 4269/1/4269 4268/1/4268 
f 4281/1/4281 4283/1/4283 4276/1/4276 4272/1/4272 
f 4282/1/4282 4284/1/4284 4283/1/4283 4281/1/4281 
f 4276/1/4276 4283/1/4283 4284/1/4284 4256/1/4256 
f 4285/1/4285 4258/1/4258 4256/1/4256 
f 4286/1/4286 4285/1/4285 4284/1/4284 4282/1/4282 
f 1340/1/1340 1343/1/1343 4285/1/4285 4286/1/4286 
f 1343/1/1343 1312/1/1312 4258/1/4258 
f 4282/1/4282 4278/1/4278 4287/1/4287 4286/1/4286 
f 4288/1/4288 4287/1/4287 4278/1/4278 4277/1/4277 
f 1346/1/1346 1345/1/1345 4287/1/4287 4288/1/4288 
f 1345/1/1345 1340/1/1340 4286/1/4286 
f 4289/1/4289 4290/1/4290 4291/1/4291 4292/1/4292 
f 1352/1/1352 4291/1/4291 4290/1/4290 1353/1/1353 
f 871/1/871 3848/1/3848 4291/1/4291 1352/1/1352 
f 4292/1/4292 4291/1/4291 3848/1/3848 3847/1/3847 
f 4293/1/4293 4294/1/4294 4295/1/4295 4296/1/4296 
f 4292/1/4292 4295/1/4295 4294/1/4294 4289/1/4289 
f 3847/1/3847 3913/1/3913 4295/1/4295 4292/1/4292 
f 4296/1/4296 4295/1/4295 3913/1/3913 3912/1/3912 
f 3912/1/3912 3923/1/3923 4297/1/4297 4296/1/4296 
f 4298/1/4298 4297/1/4297 3923/1/3923 3922/1/3922 
f 4299/1/4299 4300/1/4300 4297/1/4297 4298/1/4298 
f 4296/1/4296 4297/1/4297 4300/1/4300 4293/1/4293 
f 3922/1/3922 3920/1/3920 4301/1/4301 4298/1/4298 
f 4302/1/4302 4301/1/4301 3920/1/3920 3921/1/3921 
f 4303/1/4303 4304/1/4304 4301/1/4301 4302/1/4302 
f 4304/1/4304 4299/1/4299 4298/1/4298 
f 3921/1/3921 3935/1/3935 4305/1/4305 4302/1/4302 
f 4306/1/4306 4305/1/4305 3935/1/3935 3934/1/3934 
f 4307/1/4307 4308/1/4308 4305/1/4305 4306/1/4306 
f 4302/1/4302 4305/1/4305 4308/1/4308 4303/1/4303 
f 4309/1/4309 4310/1/4310 4311/1/4311 
f 4306/1/4306 4309/1/4309 4312/1/4312 4307/1/4307 
f 3934/1/3934 3940/1/3940 4309/1/4309 4306/1/4306 
f 4310/1/4310 4309/1/4309 3940/1/3940 3933/1/3933 
f 3930/1/3930 4313/1/4313 4310/1/4310 3933/1/3933 
f 3813/1/3813 4314/1/4314 4313/1/4313 3930/1/3930 
f 4315/1/4315 4316/1/4316 4313/1/4313 4314/1/4314 
f 4310/1/4310 4313/1/4313 4316/1/4316 4311/1/4311 
f 3818/1/3818 4317/1/4317 4318/1/4318 3816/1/3816 
f 4319/1/4319 4318/1/4318 4317/1/4317 4320/1/4320 
f 4315/1/4315 4314/1/4314 4318/1/4318 4319/1/4319 
f 3816/1/3816 4318/1/4318 4314/1/4314 3813/1/3813 
f 3826/1/3826 4321/1/4321 4322/1/4322 3825/1/3825 
f 4323/1/4323 4322/1/4322 4321/1/4321 4324/1/4324 
f 4320/1/4320 4317/1/4317 4322/1/4322 4323/1/4323 
f 3825/1/3825 4322/1/4322 4317/1/4317 3818/1/3818 
f 3826/1/3826 3832/1/3832 4325/1/4325 4321/1/4321 
f 4326/1/4326 4325/1/4325 3832/1/3832 3831/1/3831 
f 4327/1/4327 4325/1/4325 4326/1/4326 4328/1/4328 
f 4324/1/4324 4321/1/4321 4325/1/4325 4327/1/4327 
f 3839/1/3839 4329/1/4329 4330/1/4330 3840/1/3840 
f 4331/1/4331 4330/1/4330 4329/1/4329 4332/1/4332 
f 4328/1/4328 4326/1/4326 4330/1/4330 4331/1/4331 
f 3831/1/3831 3840/1/3840 4330/1/4330 4326/1/4326 
f 4303/1/4303 4308/1/4308 4333/1/4333 4334/1/4334 
f 4335/1/4335 4333/1/4333 4308/1/4308 4307/1/4307 
f 4336/1/4336 4337/1/4337 4333/1/4333 4335/1/4335 
f 4334/1/4334 4333/1/4333 4337/1/4337 4338/1/4338 
f 4307/1/4307 4312/1/4312 4339/1/4339 4335/1/4335 
f 4340/1/4340 4339/1/4339 4312/1/4312 4311/1/4311 
f 4341/1/4341 4342/1/4342 4339/1/4339 4340/1/4340 
f 4335/1/4335 4339/1/4339 4342/1/4342 4336/1/4336 
f 4311/1/4311 4316/1/4316 4343/1/4343 4340/1/4340 
f 4344/1/4344 4343/1/4343 4316/1/4316 4315/1/4315 
f 4345/1/4345 4346/1/4346 4343/1/4343 4344/1/4344 
f 4340/1/4340 4343/1/4343 4346/1/4346 4341/1/4341 
f 4344/1/4344 4347/1/4347 4348/1/4348 4345/1/4345 
f 4315/1/4315 4319/1/4319 4347/1/4347 4344/1/4344 
f 4320/1/4320 4349/1/4349 4347/1/4347 4319/1/4319 
f 4348/1/4348 4347/1/4347 4349/1/4349 4350/1/4350 
f 4324/1/4324 4351/1/4351 4352/1/4352 4323/1/4323 
f 4353/1/4353 4352/1/4352 4351/1/4351 4354/1/4354 
f 4350/1/4350 4349/1/4349 4352/1/4352 4353/1/4353 
f 4323/1/4323 4352/1/4352 4349/1/4349 4320/1/4320 
f 4328/1/4328 4355/1/4355 4356/1/4356 4327/1/4327 
f 4355/1/4355 4357/1/4357 4358/1/4358 
f 4354/1/4354 4351/1/4351 4356/1/4356 4358/1/4358 
f 4327/1/4327 4356/1/4356 4351/1/4351 4324/1/4324 
f 4332/1/4332 4359/1/4359 4360/1/4360 4331/1/4331 
f 4361/1/4361 4360/1/4360 4359/1/4359 4362/1/4362 
f 4357/1/4357 4355/1/4355 4360/1/4360 4361/1/4361 
f 4331/1/4331 4360/1/4360 4355/1/4355 4328/1/4328 
f 3750/1/3750 3747/1/3747 4363/1/4363 3765/1/3765 
f 4364/1/4364 4363/1/4363 3747/1/3747 3746/1/3746 
f 4365/1/4365 4366/1/4366 4363/1/4363 4364/1/4364 
f 3765/1/3765 4363/1/4363 4366/1/4366 3768/1/3768 
f 3769/1/3769 4367/1/4367 4368/1/4368 3773/1/3773 
f 4369/1/4369 4368/1/4368 4367/1/4367 4370/1/4370 
f 4371/1/4371 4372/1/4372 4368/1/4368 4369/1/4369 
f 3773/1/3773 4368/1/4368 4372/1/4372 3774/1/3774 
f 4373/1/4373 4374/1/4374 4375/1/4375 4376/1/4376 
f 4370/1/4370 4367/1/4367 4375/1/4375 4374/1/4374 
f 3767/1/3767 4375/1/4375 4367/1/4367 3769/1/3769 
f 4376/1/4376 4375/1/4375 3767/1/3767 3768/1/3768 
f 3743/1/3743 3742/1/3742 4377/1/4377 
f 4378/1/4378 4379/1/4379 4380/1/4380 
f 4364/1/4364 4380/1/4380 4379/1/4379 4365/1/4365 
f 3746/1/3746 3743/1/3743 4380/1/4380 4364/1/4364 
f 4381/1/4381 4382/1/4382 4383/1/4383 4384/1/4384 
f 4373/1/4373 4376/1/4376 4383/1/4383 4382/1/4382 
f 3768/1/3768 4366/1/4366 4383/1/4383 4376/1/4376 
f 4384/1/4384 4383/1/4383 4366/1/4366 4365/1/4365 
f 4385/1/4385 4386/1/4386 4387/1/4387 4388/1/4388 
f 4370/1/4370 4374/1/4374 4387/1/4387 4386/1/4386 
f 4382/1/4382 4387/1/4387 4374/1/4374 4373/1/4373 
f 4388/1/4388 4387/1/4387 4382/1/4382 4381/1/4381 
f 4389/1/4389 4390/1/4390 4391/1/4391 4392/1/4392 
f 4389/1/4389 4371/1/4371 4369/1/4369 
f 4370/1/4370 4386/1/4386 4390/1/4390 4369/1/4369 
f 4385/1/4385 4391/1/4391 4390/1/4390 4386/1/4386 
f 3776/1/3776 4393/1/4393 4394/1/4394 3801/1/3801 
f 4395/1/4395 4394/1/4394 4393/1/4393 4396/1/4396 
f 4394/1/4394 4395/1/4395 4397/1/4397 
f 4398/1/4398 3799/1/3799 3801/1/3801 
f 4399/1/4399 4398/1/4398 4397/1/4397 
f 4400/1/4400 4401/1/4401 4402/1/4402 
f 3837/1/3837 3836/1/3836 4399/1/4399 4402/1/4402 
f 3836/1/3836 3799/1/3799 4398/1/4398 
f 3839/1/3839 3842/1/3842 4403/1/4403 4404/1/4404 
f 4402/1/4402 4403/1/4403 3842/1/3842 3837/1/3837 
f 4403/1/4403 4402/1/4402 4401/1/4401 
f 4404/1/4404 4403/1/4403 4405/1/4405 4406/1/4406 
f 4406/1/4406 4407/1/4407 4408/1/4408 4404/1/4404 
f 4409/1/4409 4408/1/4408 4407/1/4407 4410/1/4410 
f 4332/1/4332 4329/1/4329 4408/1/4408 4409/1/4409 
f 4404/1/4404 4408/1/4408 4329/1/4329 3839/1/3839 
f 4359/1/4359 4332/1/4332 4409/1/4409 
f 4410/1/4410 4411/1/4411 4412/1/4412 4409/1/4409 
f 4413/1/4413 4414/1/4414 4412/1/4412 4411/1/4411 
f 4359/1/4359 4412/1/4412 4414/1/4414 4362/1/4362 
f 4415/1/4415 4416/1/4416 4417/1/4417 4418/1/4418 
f 4411/1/4411 4417/1/4417 4416/1/4416 4413/1/4413 
f 4410/1/4410 4419/1/4419 4417/1/4417 4411/1/4411 
f 4417/1/4417 4419/1/4419 4420/1/4420 
f 4420/1/4420 4419/1/4419 4421/1/4421 4422/1/4422 
f 4410/1/4410 4407/1/4407 4421/1/4421 4419/1/4419 
f 4423/1/4423 4421/1/4421 4407/1/4407 4406/1/4406 
f 4424/1/4424 4422/1/4422 4421/1/4421 4423/1/4423 
f 4424/1/4424 4425/1/4425 4426/1/4426 4422/1/4422 
f 4427/1/4427 4426/1/4426 4425/1/4425 4428/1/4428 
f 4415/1/4415 4418/1/4418 4426/1/4426 4427/1/4427 
f 4422/1/4422 4426/1/4426 4418/1/4418 4420/1/4420 
f 4429/1/4429 4430/1/4430 4431/1/4431 4432/1/4432 
f 4423/1/4423 4431/1/4431 4430/1/4430 4424/1/4424 
f 4406/1/4406 4405/1/4405 4431/1/4431 4423/1/4423 
f 4432/1/4432 4431/1/4431 4405/1/4405 4401/1/4401 
f 4415/1/4415 4433/1/4433 4434/1/4434 4416/1/4416 
f 4435/1/4435 4434/1/4434 4433/1/4433 4436/1/4436 
f 4413/1/4413 4416/1/4416 4434/1/4434 4435/1/4435 
f 4429/1/4429 4437/1/4437 4438/1/4438 4430/1/4430 
f 4439/1/4439 4438/1/4438 4437/1/4437 4440/1/4440 
f 4428/1/4428 4425/1/4425 4438/1/4438 4439/1/4439 
f 4430/1/4430 4438/1/4438 4425/1/4425 4424/1/4424 
f 4428/1/4428 4439/1/4439 4441/1/4441 4427/1/4427 
f 4440/1/4440 4442/1/4442 4441/1/4441 4439/1/4439 
f 4436/1/4436 4433/1/4433 4441/1/4441 4442/1/4442 
f 4427/1/4427 4441/1/4441 4433/1/4433 4415/1/4415 
f 3174/1/3174 3196/1/3196 4443/1/4443 3172/1/3172 
f 4444/1/4444 4443/1/4443 3196/1/3196 3195/1/3195 
f 4445/1/4445 4446/1/4446 4443/1/4443 4444/1/4444 
f 3172/1/3172 4443/1/4443 4446/1/4446 3053/1/3053 
f 3194/1/3194 3206/1/3206 4447/1/4447 3193/1/3193 
f 4448/1/4448 4447/1/4447 3206/1/3206 3205/1/3205 
f 4449/1/4449 4450/1/4450 4447/1/4447 4448/1/4448 
f 3193/1/3193 4447/1/4447 4450/1/4450 3195/1/3195 
f 4451/1/4451 4452/1/4452 4453/1/4453 4454/1/4454 
f 4448/1/4448 4453/1/4453 4452/1/4452 4449/1/4449 
f 3205/1/3205 3208/1/3208 4453/1/4453 4448/1/4448 
f 4454/1/4454 4453/1/4453 3208/1/3208 3207/1/3207 
f 4455/1/4455 4456/1/4456 4446/1/4446 4445/1/4445 
f 4457/1/4457 4456/1/4456 4455/1/4455 4458/1/4458 
f 3058/1/3058 3054/1/3054 4456/1/4456 4457/1/4457 
f 3053/1/3053 4446/1/4446 4456/1/4456 3054/1/3054 
f 3195/1/3195 4450/1/4450 4459/1/4459 4444/1/4444 
f 4460/1/4460 4459/1/4459 4450/1/4450 4449/1/4449 
f 4461/1/4461 4462/1/4462 4459/1/4459 4460/1/4460 
f 4444/1/4444 4459/1/4459 4462/1/4462 4445/1/4445 
f 4449/1/4449 4452/1/4452 4463/1/4463 4460/1/4460 
f 4464/1/4464 4463/1/4463 4452/1/4452 4451/1/4451 
f 4465/1/4465 4466/1/4466 4463/1/4463 4464/1/4464 
f 4460/1/4460 4463/1/4463 4466/1/4466 4461/1/4461 
f 4467/1/4467 4462/1/4462 4461/1/4461 
f 4468/1/4468 4467/1/4467 4469/1/4469 4470/1/4470 
f 4458/1/4458 4455/1/4455 4467/1/4467 4468/1/4468 
f 4462/1/4462 4467/1/4467 4455/1/4455 4445/1/4445 
f 4458/1/4458 4471/1/4471 4472/1/4472 4457/1/4457 
f 4473/1/4473 4472/1/4472 4471/1/4471 4474/1/4474 
f 3094/1/3094 3092/1/3092 4472/1/4472 4473/1/4473 
f 4457/1/4457 4472/1/4472 3092/1/3092 3058/1/3058 
f 4465/1/4465 4475/1/4475 4476/1/4476 4466/1/4466 
f 4477/1/4477 4476/1/4476 4475/1/4475 4478/1/4478 
f 4470/1/4470 4469/1/4469 4476/1/4476 4477/1/4477 
f 4466/1/4466 4476/1/4476 4469/1/4469 4461/1/4461 
f 4474/1/4474 4479/1/4479 4480/1/4480 4473/1/4473 
f 4481/1/4481 4480/1/4480 4479/1/4479 4482/1/4482 
f 3700/1/3700 4480/1/4480 4481/1/4481 3701/1/3701 
f 4473/1/4473 4480/1/4480 3700/1/3700 3094/1/3094 
f 4470/1/4470 4483/1/4483 4484/1/4484 4468/1/4468 
f 4485/1/4485 4484/1/4484 4483/1/4483 4486/1/4486 
f 4474/1/4474 4471/1/4471 4484/1/4484 4485/1/4485 
f 4471/1/4471 4458/1/4458 4468/1/4468 
f 4478/1/4478 4487/1/4487 4488/1/4488 4477/1/4477 
f 4489/1/4489 4488/1/4488 4487/1/4487 4490/1/4490 
f 4486/1/4486 4483/1/4483 4488/1/4488 4489/1/4489 
f 4477/1/4477 4488/1/4488 4483/1/4483 4470/1/4470 
f 4482/1/4482 4491/1/4491 4492/1/4492 4481/1/4481 
f 4493/1/4493 4494/1/4494 4492/1/4492 4491/1/4491 
f 3708/1/3708 3707/1/3707 4492/1/4492 4494/1/4494 
f 4481/1/4481 4492/1/4492 3707/1/3707 3701/1/3701 
f 4486/1/4486 4495/1/4495 4496/1/4496 4485/1/4485 
f 4497/1/4497 4496/1/4496 4495/1/4495 4498/1/4498 
f 4482/1/4482 4479/1/4479 4496/1/4496 4497/1/4497 
f 4485/1/4485 4496/1/4496 4479/1/4479 4474/1/4474 
f 4490/1/4490 4499/1/4499 4500/1/4500 4489/1/4489 
f 4501/1/4501 4500/1/4500 4499/1/4499 4502/1/4502 
f 4498/1/4498 4495/1/4495 4500/1/4500 4501/1/4501 
f 4489/1/4489 4500/1/4500 4495/1/4495 4486/1/4486 
f 4503/1/4503 4494/1/4494 4493/1/4493 
f 4504/1/4504 4503/1/4503 4505/1/4505 4506/1/4506 
f 3712/1/3712 3711/1/3711 4503/1/4503 4504/1/4504 
f 4494/1/4494 4503/1/4503 3711/1/3711 3708/1/3708 
f 4507/1/4507 4491/1/4491 4482/1/4482 
f 4498/1/4498 4508/1/4508 4507/1/4507 4497/1/4497 
f 4509/1/4509 4510/1/4510 4507/1/4507 4508/1/4508 
f 4491/1/4491 4507/1/4507 4510/1/4510 4493/1/4493 
f 4502/1/4502 4511/1/4511 4512/1/4512 4501/1/4501 
f 4511/1/4511 4513/1/4513 4514/1/4514 
f 4509/1/4509 4508/1/4508 4512/1/4512 4514/1/4514 
f 4501/1/4501 4512/1/4512 4508/1/4508 4498/1/4498 
f 4509/1/4509 4515/1/4515 4516/1/4516 4510/1/4510 
f 4517/1/4517 4516/1/4516 4515/1/4515 4518/1/4518 
f 4506/1/4506 4505/1/4505 4516/1/4516 4517/1/4517 
f 4510/1/4510 4516/1/4516 4505/1/4505 4493/1/4493 
f 4519/1/4519 4514/1/4514 4513/1/4513 
f 4520/1/4520 4519/1/4519 4521/1/4521 4522/1/4522 
f 4518/1/4518 4515/1/4515 4519/1/4519 4520/1/4520 
f 4514/1/4514 4519/1/4519 4515/1/4515 4509/1/4509 
f 4523/1/4523 3479/1/3479 3478/1/3478 
f 4524/1/4524 4523/1/4523 4525/1/4525 4526/1/4526 
f 4523/1/4523 4524/1/4524 4527/1/4527 
f 4528/1/4528 3469/1/3469 3479/1/3479 
f 4528/1/4528 4527/1/4527 4529/1/4529 
f 4530/1/4530 4529/1/4529 4531/1/4531 
f 3472/1/3472 3471/1/3471 4530/1/4530 4532/1/4532 
f 4528/1/4528 4530/1/4530 3471/1/3471 3469/1/3469 
f 4533/1/4533 4534/1/4534 4535/1/4535 4536/1/4536 
f 4529/1/4529 4535/1/4535 4534/1/4534 4531/1/4531 
f 4527/1/4527 4537/1/4537 4535/1/4535 4529/1/4529 
f 4536/1/4536 4535/1/4535 4537/1/4537 4538/1/4538 
f 3472/1/3472 4532/1/4532 4539/1/4539 3495/1/3495 
f 4540/1/4540 4539/1/4539 4532/1/4532 4531/1/4531 
f 4541/1/4541 4542/1/4542 4539/1/4539 4540/1/4540 
f 3495/1/3495 4539/1/4539 4542/1/4542 3492/1/3492 
f 4541/1/4541 4543/1/4543 4544/1/4544 4542/1/4542 
f 4544/1/4544 4543/1/4543 3504/1/3504 3507/1/3507 
f 3492/1/3492 4542/1/4542 4544/1/4544 3507/1/3507 
f 4531/1/4531 4534/1/4534 4545/1/4545 4540/1/4540 
f 4546/1/4546 4545/1/4545 4534/1/4534 4533/1/4533 
f 4547/1/4547 4548/1/4548 4545/1/4545 4546/1/4546 
f 4540/1/4540 4545/1/4545 4548/1/4548 4541/1/4541 
f 4549/1/4549 4550/1/4550 4551/1/4551 4552/1/4552 
f 3511/1/3511 4551/1/4551 4550/1/4550 3503/1/3503 
f 3504/1/3504 4543/1/4543 4551/1/4551 3511/1/3511 
f 4552/1/4552 4551/1/4551 4543/1/4543 4541/1/4541 
f 4541/1/4541 4548/1/4548 4553/1/4553 4552/1/4552 
f 4554/1/4554 4553/1/4553 4548/1/4548 4547/1/4547 
f 4555/1/4555 4556/1/4556 4553/1/4553 4554/1/4554 
f 4556/1/4556 4549/1/4549 4552/1/4552 
f 4549/1/4549 4557/1/4557 4558/1/4558 4550/1/4550 
f 4559/1/4559 4558/1/4558 4557/1/4557 4560/1/4560 
f 3385/1/3385 3499/1/3499 4558/1/4558 4559/1/4559 
f 3503/1/3503 4550/1/4550 4558/1/4558 3499/1/3499 
f 4561/1/4561 4562/1/4562 4563/1/4563 4564/1/4564 
f 4565/1/4565 4563/1/4563 4562/1/4562 4538/1/4538 
f 4566/1/4566 4567/1/4567 4563/1/4563 4565/1/4565 
f 4564/1/4564 4563/1/4563 4567/1/4567 4568/1/4568 
f 4569/1/4569 4570/1/4570 4571/1/4571 4572/1/4572 
f 4536/1/4536 4571/1/4571 4570/1/4570 4533/1/4533 
f 4538/1/4538 4562/1/4562 4571/1/4571 4536/1/4536 
f 4572/1/4572 4571/1/4571 4562/1/4562 4561/1/4561 
f 4573/1/4573 4574/1/4574 4575/1/4575 4576/1/4576 
f 4546/1/4546 4575/1/4575 4574/1/4574 4547/1/4547 
f 4533/1/4533 4570/1/4570 4575/1/4575 4546/1/4546 
f 4576/1/4576 4575/1/4575 4570/1/4570 4569/1/4569 
f 4577/1/4577 4578/1/4578 4579/1/4579 4580/1/4580 
f 4555/1/4555 4554/1/4554 4578/1/4578 4577/1/4577 
f 4547/1/4547 4574/1/4574 4578/1/4578 4554/1/4554 
f 4573/1/4573 4579/1/4579 4578/1/4578 4574/1/4574 
f 4568/1/4568 4581/1/4581 4582/1/4582 4564/1/4564 
f 4583/1/4583 4582/1/4582 4581/1/4581 4584/1/4584 
f 4585/1/4585 4586/1/4586 4582/1/4582 4583/1/4583 
f 4564/1/4564 4582/1/4582 4586/1/4586 4561/1/4561 
f 4561/1/4561 4586/1/4586 4587/1/4587 4572/1/4572 
f 4588/1/4588 4587/1/4587 4586/1/4586 4585/1/4585 
f 4589/1/4589 4590/1/4590 4587/1/4587 4588/1/4588 
f 4572/1/4572 4587/1/4587 4590/1/4590 4569/1/4569 
f 4569/1/4569 4590/1/4590 4591/1/4591 4576/1/4576 
f 4589/1/4589 4592/1/4592 4591/1/4591 4590/1/4590 
f 4593/1/4593 4594/1/4594 4591/1/4591 4592/1/4592 
f 4573/1/4573 4576/1/4576 4591/1/4591 4594/1/4594 
f 4593/1/4593 4595/1/4595 4596/1/4596 4594/1/4594 
f 4597/1/4597 4598/1/4598 4596/1/4596 4595/1/4595 
f 4580/1/4580 4579/1/4579 4596/1/4596 4598/1/4598 
f 4596/1/4596 4579/1/4579 4573/1/4573 4594/1/4594 
f 4597/1/4597 4599/1/4599 4600/1/4600 4598/1/4598 
f 4599/1/4599 4601/1/4601 4602/1/4602 
f 4603/1/4603 4604/1/4604 4600/1/4600 4602/1/4602 
f 4598/1/4598 4600/1/4600 4604/1/4604 4580/1/4580 
f 4605/1/4605 4602/1/4602 4601/1/4601 
f 4606/1/4606 4605/1/4605 4607/1/4607 4608/1/4608 
f 4605/1/4605 4606/1/4606 4609/1/4609 
f 4610/1/4610 4603/1/4603 4602/1/4602 
f 4608/1/4608 4611/1/4611 4612/1/4612 4606/1/4606 
f 4613/1/4613 4614/1/4614 4612/1/4612 4611/1/4611 
f 4615/1/4615 4616/1/4616 4612/1/4612 4614/1/4614 
f 4606/1/4606 4612/1/4612 4616/1/4616 4609/1/4609 
f 4613/1/4613 4617/1/4617 4618/1/4618 4614/1/4614 
f 4619/1/4619 4618/1/4618 4617/1/4617 4620/1/4620 
f 4621/1/4621 4622/1/4622 4618/1/4618 4619/1/4619 
f 4614/1/4614 4618/1/4618 4622/1/4622 4615/1/4615 
f 4623/1/4623 4624/1/4624 4625/1/4625 
f 4623/1/4623 4626/1/4626 4627/1/4627 
f 4619/1/4619 4623/1/4623 4628/1/4628 4621/1/4621 
f 4620/1/4620 4624/1/4624 4623/1/4623 4619/1/4619 
f 4629/1/4629 4630/1/4630 4627/1/4627 
f 4626/1/4626 4625/1/4625 4631/1/4631 
f 4632/1/4632 4633/1/4633 4629/1/4629 4631/1/4631 
f 4630/1/4630 4629/1/4629 4633/1/4633 4634/1/4634 
f 4633/1/4633 4635/1/4635 4636/1/4636 4634/1/4634 
f 4637/1/4637 4635/1/4635 4633/1/4633 4632/1/4632 
f 4638/1/4638 4635/1/4635 4637/1/4637 4639/1/4639 
f 4640/1/4640 4636/1/4636 4635/1/4635 4638/1/4638 
f 4639/1/4639 4641/1/4641 4642/1/4642 4638/1/4638 
f 4643/1/4643 4642/1/4642 4641/1/4641 4644/1/4644 
f 4645/1/4645 4646/1/4646 4642/1/4642 4643/1/4643 
f 4638/1/4638 4642/1/4642 4646/1/4646 4640/1/4640 
f 4584/1/4584 4581/1/4581 4647/1/4647 4648/1/4648 
f 4649/1/4649 4647/1/4647 4581/1/4581 4568/1/4568 
f 4643/1/4643 4647/1/4647 4649/1/4649 4645/1/4645 
f 4644/1/4644 4648/1/4648 4647/1/4647 4643/1/4643 
f 4650/1/4650 4651/1/4651 4652/1/4652 
f 4653/1/4653 4650/1/4650 4654/1/4654 4655/1/4655 
f 4608/1/4608 4607/1/4607 4650/1/4650 4653/1/4653 
f 4607/1/4607 4601/1/4601 4651/1/4651 
f 4608/1/4608 4653/1/4653 4656/1/4656 4611/1/4611 
f 4657/1/4657 4656/1/4656 4653/1/4653 4655/1/4655 
f 4658/1/4658 4659/1/4659 4656/1/4656 4657/1/4657 
f 4611/1/4611 4656/1/4656 4659/1/4659 4613/1/4613 
f 4658/1/4658 4660/1/4660 4661/1/4661 4659/1/4659 
f 4662/1/4662 4661/1/4661 4660/1/4660 4663/1/4663 
f 4620/1/4620 4617/1/4617 4661/1/4661 4662/1/4662 
f 4659/1/4659 4661/1/4661 4617/1/4617 4613/1/4613 
f 4620/1/4620 4662/1/4662 4664/1/4664 4624/1/4624 
f 4665/1/4665 4664/1/4664 4662/1/4662 4663/1/4663 
f 4666/1/4666 4667/1/4667 4664/1/4664 4665/1/4665 
f 4624/1/4624 4664/1/4664 4667/1/4667 4625/1/4625 
f 4625/1/4625 4667/1/4667 4668/1/4668 4631/1/4631 
f 4669/1/4669 4668/1/4668 4667/1/4667 4666/1/4666 
f 4670/1/4670 4671/1/4671 4668/1/4668 4669/1/4669 
f 4631/1/4631 4668/1/4668 4671/1/4671 4632/1/4632 
f 4632/1/4632 4671/1/4671 4672/1/4672 4637/1/4637 
f 4673/1/4673 4672/1/4672 4671/1/4671 4670/1/4670 
f 4674/1/4674 4675/1/4675 4672/1/4672 4673/1/4673 
f 4637/1/4637 4672/1/4672 4675/1/4675 4639/1/4639 
f 4676/1/4676 4677/1/4677 4678/1/4678 4679/1/4679 
f 4648/1/4648 4678/1/4678 4677/1/4677 4584/1/4584 
f 4680/1/4680 4678/1/4678 4648/1/4648 4644/1/4644 
f 4681/1/4681 4679/1/4679 4678/1/4678 4680/1/4680 
f 4674/1/4674 4682/1/4682 4683/1/4683 4675/1/4675 
f 4680/1/4680 4683/1/4683 4682/1/4682 4681/1/4681 
f 4644/1/4644 4641/1/4641 4683/1/4683 4680/1/4680 
f 4675/1/4675 4683/1/4683 4641/1/4641 4639/1/4639 
f 4655/1/4655 4684/1/4684 4685/1/4685 4657/1/4657 
f 4686/1/4686 4687/1/4687 4685/1/4685 
f 4688/1/4688 4685/1/4685 4687/1/4687 4689/1/4689 
f 4657/1/4657 4685/1/4685 4688/1/4688 4658/1/4658 
f 4689/1/4689 4690/1/4690 4691/1/4691 4688/1/4688 
f 4690/1/4690 4692/1/4692 4693/1/4693 
f 4663/1/4663 4660/1/4660 4691/1/4691 4693/1/4693 
f 4688/1/4688 4691/1/4691 4660/1/4660 4658/1/4658 
f 4663/1/4663 4693/1/4693 4694/1/4694 4665/1/4665 
f 4695/1/4695 4694/1/4694 4693/1/4693 4692/1/4692 
f 4696/1/4696 4697/1/4697 4694/1/4694 4695/1/4695 
f 4665/1/4665 4694/1/4694 4697/1/4697 4666/1/4666 
f 4698/1/4698 4699/1/4699 4700/1/4700 4701/1/4701 
f 4669/1/4669 4700/1/4700 4699/1/4699 4670/1/4670 
f 4666/1/4666 4697/1/4697 4700/1/4700 4669/1/4669 
f 4701/1/4701 4700/1/4700 4697/1/4697 4696/1/4696 
f 4670/1/4670 4699/1/4699 4702/1/4702 4673/1/4673 
f 4703/1/4703 4702/1/4702 4699/1/4699 4698/1/4698 
f 4704/1/4704 4705/1/4705 4702/1/4702 4703/1/4703 
f 4673/1/4673 4702/1/4702 4705/1/4705 4674/1/4674 
f 4704/1/4704 4706/1/4706 4707/1/4707 4705/1/4705 
f 4708/1/4708 4707/1/4707 4706/1/4706 4709/1/4709 
f 4681/1/4681 4682/1/4682 4707/1/4707 4708/1/4708 
f 4705/1/4705 4707/1/4707 4682/1/4682 4674/1/4674 
f 4710/1/4710 4588/1/4588 4585/1/4585 4711/1/4711 
f 4710/1/4710 4711/1/4711 4712/1/4712 4713/1/4713 
f 4714/1/4714 4715/1/4715 4710/1/4710 4713/1/4713 
f 4589/1/4589 4588/1/4588 4710/1/4710 4715/1/4715 
f 4716/1/4716 4717/1/4717 4718/1/4718 4719/1/4719 
f 4709/1/4709 4706/1/4706 4718/1/4718 4717/1/4717 
f 4704/1/4704 4719/1/4719 4718/1/4718 4706/1/4706 
f 4716/1/4716 4720/1/4720 4721/1/4721 4722/1/4722 
f 4696/1/4696 4695/1/4695 4721/1/4721 4720/1/4720 
f 4692/1/4692 4722/1/4722 4721/1/4721 4695/1/4695 
f 4714/1/4714 4723/1/4723 4724/1/4724 4715/1/4715 
f 4725/1/4725 4726/1/4726 4724/1/4724 4723/1/4723 
f 4593/1/4593 4592/1/4592 4724/1/4724 4726/1/4726 
f 4589/1/4589 4715/1/4715 4724/1/4724 4592/1/4592 
f 4727/1/4727 4728/1/4728 4729/1/4729 4716/1/4716 
f 4689/1/4689 4687/1/4687 4728/1/4728 4727/1/4727 
f 4686/1/4686 4729/1/4729 4728/1/4728 4687/1/4687 
f 4722/1/4722 4730/1/4730 4727/1/4727 4716/1/4716 
f 4692/1/4692 4690/1/4690 4730/1/4730 4722/1/4722 
f 4689/1/4689 4727/1/4727 4730/1/4730 4690/1/4690 
f 4716/1/4716 4731/1/4731 4732/1/4732 4720/1/4720 
f 4698/1/4698 4701/1/4701 4732/1/4732 4731/1/4731 
f 4696/1/4696 4720/1/4720 4732/1/4732 4701/1/4701 
f 4716/1/4716 4719/1/4719 4733/1/4733 4731/1/4731 
f 4704/1/4704 4703/1/4703 4733/1/4733 4719/1/4719 
f 4698/1/4698 4731/1/4731 4733/1/4733 4703/1/4703 
f 4734/1/4734 4735/1/4735 4708/1/4708 4709/1/4709 
f 4736/1/4736 4737/1/4737 4735/1/4735 4734/1/4734 
f 4679/1/4679 4735/1/4735 4737/1/4737 4676/1/4676 
f 4708/1/4708 4735/1/4735 4679/1/4679 4681/1/4681 
f 4716/1/4716 4738/1/4738 4739/1/4739 4717/1/4717 
f 4736/1/4736 4734/1/4734 4739/1/4739 4738/1/4738 
f 4709/1/4709 4717/1/4717 4739/1/4739 4734/1/4734 
f 4740/1/4740 4741/1/4741 4742/1/4742 4743/1/4743 
f 4740/1/4740 4716/1/4716 4729/1/4729 
f 4686/1/4686 4742/1/4742 4741/1/4741 4729/1/4729 
f 4584/1/4584 4677/1/4677 4744/1/4744 4583/1/4583 
f 4745/1/4745 4744/1/4744 4677/1/4677 4676/1/4676 
f 4712/1/4712 4711/1/4711 4744/1/4744 4745/1/4745 
f 4583/1/4583 4744/1/4744 4711/1/4711 4585/1/4585 
f 4713/1/4713 4712/1/4712 4746/1/4746 4747/1/4747 
f 4748/1/4748 4749/1/4749 4747/1/4747 4746/1/4746 
f 4725/1/4725 4723/1/4723 4747/1/4747 4749/1/4749 
f 4714/1/4714 4713/1/4713 4747/1/4747 4723/1/4723 
f 4748/1/4748 4746/1/4746 4750/1/4750 4751/1/4751 
f 4745/1/4745 4750/1/4750 4746/1/4746 4712/1/4712 
f 4676/1/4676 4737/1/4737 4750/1/4750 4745/1/4745 
f 4751/1/4751 4750/1/4750 4737/1/4737 4736/1/4736 
f 4725/1/4725 4752/1/4752 4753/1/4753 4726/1/4726 
f 4754/1/4754 4753/1/4753 4752/1/4752 4755/1/4755 
f 4754/1/4754 4597/1/4597 4595/1/4595 4753/1/4753 
f 4593/1/4593 4726/1/4726 4753/1/4753 4595/1/4595 
f 4756/1/4756 4757/1/4757 4754/1/4754 4755/1/4755 
f 4756/1/4756 4652/1/4652 4651/1/4651 
f 4757/1/4757 4651/1/4651 4601/1/4601 
f 4754/1/4754 4757/1/4757 4599/1/4599 4597/1/4597 
f 4748/1/4748 4758/1/4758 4759/1/4759 4749/1/4749 
f 4760/1/4760 4759/1/4759 4758/1/4758 4743/1/4743 
f 4755/1/4755 4752/1/4752 4759/1/4759 4760/1/4760 
f 4725/1/4725 4749/1/4749 4759/1/4759 4752/1/4752 
f 4756/1/4756 4755/1/4755 4760/1/4760 
f 4743/1/4743 4761/1/4761 4762/1/4762 4760/1/4760 
f 4652/1/4652 4756/1/4756 4762/1/4762 4761/1/4761 
f 4761/1/4761 4743/1/4743 4742/1/4742 
f 4742/1/4742 4686/1/4686 4684/1/4684 
f 4654/1/4654 4763/1/4763 4684/1/4684 4655/1/4655 
f 4654/1/4654 4652/1/4652 4761/1/4761 
f 4743/1/4743 4758/1/4758 4764/1/4764 4740/1/4740 
f 4751/1/4751 4764/1/4764 4758/1/4758 4748/1/4748 
f 4736/1/4736 4738/1/4738 4764/1/4764 4751/1/4751 
f 4740/1/4740 4764/1/4764 4738/1/4738 4716/1/4716 
f 4526/1/4526 4765/1/4765 4766/1/4766 4524/1/4524 
f 4565/1/4565 4766/1/4766 4765/1/4765 4566/1/4566 
f 4538/1/4538 4537/1/4537 4766/1/4766 4565/1/4565 
f 4524/1/4524 4766/1/4766 4537/1/4537 4527/1/4527 
f 4568/1/4568 4567/1/4567 4767/1/4767 4649/1/4649 
f 4768/1/4768 4767/1/4767 4567/1/4567 4566/1/4566 
f 4769/1/4769 4767/1/4767 4768/1/4768 4770/1/4770 
f 4645/1/4645 4649/1/4649 4767/1/4767 4769/1/4769 
f 4770/1/4770 4771/1/4771 4772/1/4772 4769/1/4769 
f 4773/1/4773 4772/1/4772 4771/1/4771 4774/1/4774 
f 4640/1/4640 4646/1/4646 4772/1/4772 4773/1/4773 
f 4769/1/4769 4772/1/4772 4646/1/4646 4645/1/4645 
f 4774/1/4774 4775/1/4775 4776/1/4776 4773/1/4773 
f 4777/1/4777 4776/1/4776 4775/1/4775 4778/1/4778 
f 4634/1/4634 4636/1/4636 4776/1/4776 4777/1/4777 
f 4773/1/4773 4776/1/4776 4636/1/4636 4640/1/4640 
f 4779/1/4779 4780/1/4780 4777/1/4777 4778/1/4778 
f 4781/1/4781 4780/1/4780 4779/1/4779 4782/1/4782 
f 4780/1/4780 4781/1/4781 4627/1/4627 
f 4777/1/4777 4780/1/4780 4630/1/4630 4634/1/4634 
f 1847/1/1847 4783/1/4783 4784/1/4784 1844/1/1844 
f 4779/1/4779 4784/1/4784 4783/1/4783 4782/1/4782 
f 4785/1/4785 4784/1/4784 4779/1/4779 4778/1/4778 
f 1844/1/1844 4784/1/4784 4785/1/4785 1849/1/1849 
f 4786/1/4786 4787/1/4787 4788/1/4788 4789/1/4789 
f 4621/1/4621 4628/1/4628 4787/1/4787 4786/1/4786 
f 4781/1/4781 4787/1/4787 4628/1/4628 4627/1/4627 
f 4788/1/4788 4787/1/4787 4781/1/4781 4782/1/4782 
f 4789/1/4789 4790/1/4790 4791/1/4791 4786/1/4786 
f 4792/1/4792 4791/1/4791 4790/1/4790 4793/1/4793 
f 4615/1/4615 4622/1/4622 4791/1/4791 4792/1/4792 
f 4786/1/4786 4791/1/4791 4622/1/4622 4621/1/4621 
f 4793/1/4793 4794/1/4794 4795/1/4795 4792/1/4792 
f 4796/1/4796 4795/1/4795 4794/1/4794 4797/1/4797 
f 4609/1/4609 4616/1/4616 4795/1/4795 4796/1/4796 
f 4792/1/4792 4795/1/4795 4616/1/4616 4615/1/4615 
f 4580/1/4580 4604/1/4604 4798/1/4798 4577/1/4577 
f 4799/1/4799 4798/1/4798 4604/1/4604 4603/1/4603 
f 4800/1/4800 4801/1/4801 4798/1/4798 4799/1/4799 
f 4577/1/4577 4798/1/4798 4801/1/4801 4555/1/4555 
f 4555/1/4555 4801/1/4801 4802/1/4802 4556/1/4556 
f 4803/1/4803 4802/1/4802 4801/1/4801 4800/1/4800 
f 4560/1/4560 4557/1/4557 4802/1/4802 4803/1/4803 
f 4556/1/4556 4802/1/4802 4557/1/4557 4549/1/4549 
f 4797/1/4797 4804/1/4804 4805/1/4805 4796/1/4796 
f 4799/1/4799 4805/1/4805 4804/1/4804 4800/1/4800 
f 4603/1/4603 4610/1/4610 4805/1/4805 4799/1/4799 
f 4796/1/4796 4805/1/4805 4610/1/4610 4609/1/4609 
f 4560/1/4560 4806/1/4806 4807/1/4807 4559/1/4559 
f 4808/1/4808 4807/1/4807 4806/1/4806 4809/1/4809 
f 3377/1/3377 3380/1/3380 4807/1/4807 4808/1/4808 
f 4559/1/4559 4807/1/4807 3380/1/3380 3385/1/3385 
f 4809/1/4809 4806/1/4806 4810/1/4810 4811/1/4811 
f 4803/1/4803 4810/1/4810 4806/1/4806 4560/1/4560 
f 4800/1/4800 4812/1/4812 4810/1/4810 4803/1/4803 
f 4811/1/4811 4810/1/4810 4812/1/4812 4813/1/4813 
f 4809/1/4809 4814/1/4814 4815/1/4815 4808/1/4808 
f 4816/1/4816 4815/1/4815 4814/1/4814 4817/1/4817 
f 4262/1/4262 4261/1/4261 4815/1/4815 4816/1/4816 
f 4808/1/4808 4815/1/4815 4261/1/4261 3377/1/3377 
f 4813/1/4813 4818/1/4818 4819/1/4819 4811/1/4811 
f 4820/1/4820 4819/1/4819 4818/1/4818 4821/1/4821 
f 4817/1/4817 4814/1/4814 4819/1/4819 4820/1/4820 
f 4811/1/4811 4819/1/4819 4814/1/4814 4809/1/4809 
f 4797/1/4797 4822/1/4822 4823/1/4823 4804/1/4804 
f 4818/1/4818 4823/1/4823 4822/1/4822 4821/1/4821 
f 4813/1/4813 4812/1/4812 4823/1/4823 4818/1/4818 
f 4804/1/4804 4823/1/4823 4812/1/4812 4800/1/4800 
f 4824/1/4824 4825/1/4825 4826/1/4826 
f 4822/1/4822 4824/1/4824 4827/1/4827 4821/1/4821 
f 4797/1/4797 4794/1/4794 4824/1/4824 4822/1/4822 
f 4825/1/4825 4824/1/4824 4794/1/4794 4793/1/4793 
f 4828/1/4828 4829/1/4829 4830/1/4830 
f 4831/1/4831 4826/1/4826 4825/1/4825 
f 4793/1/4793 4790/1/4790 4828/1/4828 4825/1/4825 
f 4790/1/4790 4789/1/4789 4829/1/4829 
f 4832/1/4832 4833/1/4833 4788/1/4788 4782/1/4782 
f 4834/1/4834 4833/1/4833 4832/1/4832 1899/1/1899 
f 4829/1/4829 4833/1/4833 4834/1/4834 4830/1/4830 
f 4833/1/4833 4829/1/4829 4789/1/4789 
f 4832/1/4832 4835/1/4835 1900/1/1900 1899/1/1899 
f 4782/1/4782 4783/1/4783 4835/1/4835 4832/1/4832 
f 1847/1/1847 1900/1/1900 4835/1/4835 4783/1/4783 
f 4830/1/4830 4834/1/4834 4836/1/4836 4837/1/4837 
f 1907/1/1907 4836/1/4836 4834/1/4834 1899/1/1899 
f 1906/1/1906 4838/1/4838 4836/1/4836 1907/1/1907 
f 4837/1/4837 4836/1/4836 4838/1/4838 4839/1/4839 
f 4839/1/4839 4840/1/4840 4841/1/4841 4837/1/4837 
f 4842/1/4842 4841/1/4841 4840/1/4840 4843/1/4843 
f 4826/1/4826 4831/1/4831 4841/1/4841 4842/1/4842 
f 4837/1/4837 4841/1/4841 4831/1/4831 4830/1/4830 
f 4844/1/4844 1915/1/1915 1914/1/1914 4845/1/4845 
f 4840/1/4840 4844/1/4844 4845/1/4845 4843/1/4843 
f 4839/1/4839 4838/1/4838 4844/1/4844 4840/1/4840 
f 1915/1/1915 4844/1/4844 4838/1/4838 1906/1/1906 
f 4827/1/4827 4826/1/4826 4842/1/4842 
f 4843/1/4843 4846/1/4846 4847/1/4847 4842/1/4842 
f 4846/1/4846 4848/1/4848 4849/1/4849 
f 4849/1/4849 4821/1/4821 4827/1/4827 
f 1914/1/1914 1921/1/1921 4850/1/4850 4845/1/4845 
f 4851/1/4851 4850/1/4850 1921/1/1921 1925/1/1925 
f 4852/1/4852 4853/1/4853 4850/1/4850 4851/1/4851 
f 4845/1/4845 4850/1/4850 4853/1/4853 4843/1/4843 
f 4854/1/4854 4855/1/4855 4856/1/4856 1928/1/1928 
f 4851/1/4851 4855/1/4855 4854/1/4854 4852/1/4852 
f 1925/1/1925 4856/1/4856 4855/1/4855 4851/1/4851 
f 4857/1/4857 4856/1/4856 1925/1/1925 
f 1929/1/1929 1931/1/1931 4857/1/4857 1930/1/1930 
f 1931/1/1931 1928/1/1928 4856/1/4856 
f 4852/1/4852 4854/1/4854 4858/1/4858 4859/1/4859 
f 1937/1/1937 4858/1/4858 4854/1/4854 1928/1/1928 
f 1936/1/1936 4860/1/4860 4858/1/4858 1937/1/1937 
f 4859/1/4859 4858/1/4858 4860/1/4860 4861/1/4861 
f 4852/1/4852 4859/1/4859 4862/1/4862 4853/1/4853 
f 4859/1/4859 4861/1/4861 4863/1/4863 
f 4862/1/4862 4863/1/4863 4848/1/4848 
f 4853/1/4853 4862/1/4862 4846/1/4846 4843/1/4843 
f 1942/1/1942 4864/1/4864 4865/1/4865 4866/1/4866 
f 4861/1/4861 4860/1/4860 4865/1/4865 4864/1/4864 
f 4866/1/4866 4865/1/4865 4860/1/4860 1936/1/1936 
f 1936/1/1936 1945/1/1945 4867/1/4867 4866/1/4866 
f 1944/1/1944 1943/1/1943 4867/1/4867 1945/1/1945 
f 4867/1/4867 1943/1/1943 1942/1/1942 
f 1947/1/1947 4868/1/4868 4864/1/4864 1942/1/1942 
f 4869/1/4869 4868/1/4868 1947/1/1947 1951/1/1951 
f 4870/1/4870 4871/1/4871 4868/1/4868 4869/1/4869 
f 4864/1/4864 4868/1/4868 4871/1/4871 4861/1/4861 
f 4872/1/4872 4873/1/4873 4874/1/4874 4875/1/4875 
f 1956/1/1956 4874/1/4874 4873/1/4873 1957/1/1957 
f 4874/1/4874 1956/1/1956 1346/1/1346 
f 4277/1/4277 4875/1/4875 4874/1/4874 4288/1/4288 
f 4876/1/4876 4877/1/4877 4878/1/4878 4879/1/4879 
f 4880/1/4880 4878/1/4878 4877/1/4877 4881/1/4881 
f 1962/1/1962 1964/1/1964 4878/1/4878 4880/1/4880 
f 4878/1/4878 1964/1/1964 1957/1/1957 
f 4872/1/4872 4882/1/4882 4883/1/4883 4873/1/4873 
f 4884/1/4884 4883/1/4883 4882/1/4882 4885/1/4885 
f 4876/1/4876 4879/1/4879 4883/1/4883 4884/1/4884 
f 4873/1/4873 4883/1/4883 4879/1/4879 1957/1/1957 
f 4886/1/4886 4887/1/4887 4280/1/4280 4268/1/4268 
f 4885/1/4885 4882/1/4882 4887/1/4887 4886/1/4886 
f 4872/1/4872 4875/1/4875 4887/1/4887 4882/1/4882 
f 4875/1/4875 4277/1/4277 4280/1/4280 
f 4876/1/4876 4884/1/4884 4888/1/4888 4877/1/4877 
f 4889/1/4889 4888/1/4888 4884/1/4884 4885/1/4885 
f 4890/1/4890 4891/1/4891 4888/1/4888 4889/1/4889 
f 4881/1/4881 4877/1/4877 4888/1/4888 4891/1/4891 
f 4892/1/4892 4893/1/4893 4894/1/4894 4895/1/4895 
f 4886/1/4886 4894/1/4894 4893/1/4893 4885/1/4885 
f 4268/1/4268 4265/1/4265 4894/1/4894 4886/1/4886 
f 4895/1/4895 4894/1/4894 4265/1/4265 4264/1/4264 
f 4896/1/4896 4897/1/4897 4898/1/4898 4899/1/4899 
f 1984/1/1984 4897/1/4897 4896/1/4896 1985/1/1985 
f 4880/1/4880 4897/1/4897 1984/1/1984 1962/1/1962 
f 4881/1/4881 4898/1/4898 4897/1/4897 4880/1/4880 
f 4900/1/4900 4901/1/4901 4902/1/4902 4903/1/4903 
f 4889/1/4889 4902/1/4902 4901/1/4901 4890/1/4890 
f 4885/1/4885 4893/1/4893 4902/1/4902 4889/1/4889 
f 4903/1/4903 4902/1/4902 4893/1/4893 4892/1/4892 
f 4890/1/4890 4901/1/4901 4904/1/4904 4891/1/4891 
f 4905/1/4905 4904/1/4904 4901/1/4901 4900/1/4900 
f 4899/1/4899 4898/1/4898 4904/1/4904 4905/1/4905 
f 4891/1/4891 4904/1/4904 4898/1/4898 4881/1/4881 
f 4906/1/4906 4907/1/4907 4908/1/4908 4909/1/4909 
f 1996/1/1996 4908/1/4908 4907/1/4907 1997/1/1997 
f 1985/1/1985 4896/1/4896 4908/1/4908 1996/1/1996 
f 4909/1/4909 4908/1/4908 4896/1/4896 4899/1/4899 
f 4910/1/4910 4911/1/4911 4912/1/4912 4913/1/4913 
f 4895/1/4895 4912/1/4912 4911/1/4911 4892/1/4892 
f 4264/1/4264 4259/1/4259 4912/1/4912 4895/1/4895 
f 4259/1/4259 4262/1/4262 4913/1/4913 
f 1997/1/1997 4907/1/4907 4914/1/4914 2002/1/2002 
f 4915/1/4915 4914/1/4914 4907/1/4907 4906/1/4906 
f 4870/1/4870 4869/1/4869 4914/1/4914 4915/1/4915 
f 2002/1/2002 4914/1/4914 4869/1/4869 1951/1/1951 
f 4916/1/4916 4849/1/4849 4848/1/4848 
f 4917/1/4917 4916/1/4916 4918/1/4918 4919/1/4919 
f 4820/1/4820 4916/1/4916 4917/1/4917 4817/1/4817 
f 4821/1/4821 4849/1/4849 4916/1/4916 4820/1/4820 
f 4920/1/4920 4921/1/4921 4922/1/4922 4923/1/4923 
f 4903/1/4903 4922/1/4922 4921/1/4921 4900/1/4900 
f 4892/1/4892 4911/1/4911 4922/1/4922 4903/1/4903 
f 4923/1/4923 4922/1/4922 4911/1/4911 4910/1/4910 
f 4913/1/4913 4262/1/4262 4816/1/4816 
f 4817/1/4817 4917/1/4917 4924/1/4924 4816/1/4816 
f 4924/1/4924 4917/1/4917 4919/1/4919 
f 4925/1/4925 4910/1/4910 4913/1/4913 
f 4926/1/4926 4927/1/4927 4925/1/4925 4919/1/4919 
f 4920/1/4920 4923/1/4923 4927/1/4927 4926/1/4926 
f 4910/1/4910 4925/1/4925 4927/1/4927 4923/1/4923 
f 4928/1/4928 4863/1/4863 4861/1/4861 
f 4929/1/4929 4928/1/4928 4871/1/4871 4870/1/4870 
f 4919/1/4919 4918/1/4918 4928/1/4928 4929/1/4929 
f 4918/1/4918 4848/1/4848 4863/1/4863 
f 4926/1/4926 4930/1/4930 4931/1/4931 4920/1/4920 
f 4919/1/4919 4929/1/4929 4930/1/4930 4926/1/4926 
f 4870/1/4870 4915/1/4915 4930/1/4930 4929/1/4929 
f 4931/1/4931 4930/1/4930 4915/1/4915 4906/1/4906 
f 4900/1/4900 4921/1/4921 4932/1/4932 4905/1/4905 
f 4931/1/4931 4932/1/4932 4921/1/4921 4920/1/4920 
f 4906/1/4906 4909/1/4909 4932/1/4932 4931/1/4931 
f 4905/1/4905 4932/1/4932 4909/1/4909 4899/1/4899 
f 3618/1/3618 4933/1/4933 4934/1/4934 3617/1/3617 
f 4935/1/4935 4934/1/4934 4933/1/4933 4936/1/4936 
f 4934/1/4934 4935/1/4935 4526/1/4526 
f 3617/1/3617 4934/1/4934 4525/1/4525 3478/1/3478 
f 3622/1/3622 4937/1/4937 4938/1/4938 3619/1/3619 
f 4939/1/4939 4938/1/4938 4937/1/4937 4940/1/4940 
f 4936/1/4936 4933/1/4933 4938/1/4938 4939/1/4939 
f 3619/1/3619 4938/1/4938 4933/1/4933 3618/1/3618 
f 4765/1/4765 4526/1/4526 4941/1/4941 
f 4942/1/4942 4943/1/4943 4941/1/4941 4944/1/4944 
f 4770/1/4770 4768/1/4768 4943/1/4943 4942/1/4942 
f 4566/1/4566 4765/1/4765 4943/1/4943 4768/1/4768 
f 4944/1/4944 4945/1/4945 4946/1/4946 4942/1/4942 
f 4947/1/4947 4946/1/4946 4945/1/4945 4948/1/4948 
f 4774/1/4774 4771/1/4771 4946/1/4946 4947/1/4947 
f 4942/1/4942 4946/1/4946 4771/1/4771 4770/1/4770 
f 4778/1/4778 4775/1/4775 4949/1/4949 4950/1/4950 
f 4947/1/4947 4949/1/4949 4775/1/4775 4774/1/4774 
f 4948/1/4948 4951/1/4951 4949/1/4949 4947/1/4947 
f 4950/1/4950 4949/1/4949 4951/1/4951 2041/1/2041 
f 2043/1/2043 4952/1/4952 4950/1/4950 2041/1/2041 
f 1849/1/1849 4785/1/4785 4952/1/4952 2043/1/2043 
f 4950/1/4950 4952/1/4952 4785/1/4785 4778/1/4778 
f 4936/1/4936 4953/1/4953 4954/1/4954 4935/1/4935 
f 4953/1/4953 4955/1/4955 4956/1/4956 
f 4954/1/4954 4956/1/4956 4944/1/4944 
f 4935/1/4935 4954/1/4954 4941/1/4941 4526/1/4526 
f 4957/1/4957 4958/1/4958 4939/1/4939 4940/1/4940 
f 4959/1/4959 4958/1/4958 4957/1/4957 4960/1/4960 
f 4958/1/4958 4959/1/4959 4955/1/4955 
f 4939/1/4939 4958/1/4958 4953/1/4953 4936/1/4936 
f 4961/1/4961 4956/1/4956 4955/1/4955 
f 4962/1/4962 4963/1/4963 4961/1/4961 4964/1/4964 
f 4948/1/4948 4945/1/4945 4961/1/4961 4963/1/4963 
f 4956/1/4956 4961/1/4961 4945/1/4945 4944/1/4944 
f 2056/1/2056 2059/1/2059 4965/1/4965 4966/1/4966 
f 4951/1/4951 4965/1/4965 2059/1/2059 2041/1/2041 
f 4965/1/4965 4951/1/4951 4948/1/4948 
f 4966/1/4966 4965/1/4965 4963/1/4963 4962/1/4962 
f 4940/1/4940 4937/1/4937 4967/1/4967 4957/1/4957 
f 4968/1/4968 4967/1/4967 4937/1/4937 3622/1/3622 
f 4969/1/4969 4970/1/4970 4967/1/4967 4968/1/4968 
f 4957/1/4957 4967/1/4967 4970/1/4970 4960/1/4960 
f 3622/1/3622 3624/1/3624 4971/1/4971 4968/1/4968 
f 4972/1/4972 4971/1/4971 3624/1/3624 3623/1/3623 
f 4973/1/4973 4974/1/4974 4971/1/4971 4972/1/4972 
f 4968/1/4968 4971/1/4971 4974/1/4974 4969/1/4969 
f 3627/1/3627 4975/1/4975 4976/1/4976 3628/1/3628 
f 4977/1/4977 4976/1/4976 4975/1/4975 4978/1/4978 
f 4973/1/4973 4972/1/4972 4976/1/4976 4977/1/4977 
f 3623/1/3623 3628/1/3628 4976/1/4976 4972/1/4972 
f 3641/1/3641 4979/1/4979 4980/1/4980 3642/1/3642 
f 4981/1/4981 4980/1/4980 4979/1/4979 4982/1/4982 
f 4983/1/4983 4984/1/4984 4980/1/4980 4981/1/4981 
f 3642/1/3642 4980/1/4980 4984/1/4984 3636/1/3636 
f 3645/1/3645 4985/1/4985 4986/1/4986 3646/1/3646 
f 4987/1/4987 4988/1/4988 4986/1/4986 4985/1/4985 
f 4982/1/4982 4979/1/4979 4986/1/4986 4988/1/4988 
f 3646/1/3646 4986/1/4986 4979/1/4979 3641/1/3641 
f 2082/1/2082 2085/1/2085 4989/1/4989 4990/1/4990 
f 2087/1/2087 4991/1/4991 4989/1/4989 2085/1/2085 
f 4988/1/4988 4989/1/4989 4991/1/4991 4982/1/4982 
f 4988/1/4988 4987/1/4987 4990/1/4990 
f 4992/1/4992 4993/1/4993 4994/1/4994 4995/1/4995 
f 4993/1/4993 4987/1/4987 4985/1/4985 
f 3645/1/3645 3650/1/3650 4994/1/4994 4985/1/4985 
f 4995/1/4995 4994/1/4994 3650/1/3650 3649/1/3649 
f 4996/1/4996 4997/1/4997 4993/1/4993 4992/1/4992 
f 2095/1/2095 2094/1/2094 4997/1/4997 4996/1/4996 
f 2082/1/2082 4990/1/4990 4997/1/4997 2094/1/2094 
f 4987/1/4987 4993/1/4993 4997/1/4997 4990/1/4990 
f 3649/1/3649 3654/1/3654 4998/1/4998 4995/1/4995 
f 4999/1/4999 4998/1/4998 3654/1/3654 3653/1/3653 
f 5000/1/5000 5001/1/5001 4998/1/4998 4999/1/4999 
f 4995/1/4995 4998/1/4998 5001/1/5001 4992/1/4992 
f 4992/1/4992 5001/1/5001 5002/1/5002 4996/1/4996 
f 5003/1/5003 5002/1/5002 5001/1/5001 5000/1/5000 
f 2102/1/2102 2101/1/2101 5002/1/5002 5003/1/5003 
f 4996/1/4996 5002/1/5002 2101/1/2101 2095/1/2095 
f 5004/1/5004 4999/1/4999 3653/1/3653 
f 3658/1/3658 3657/1/3657 5005/1/5005 
f 5006/1/5006 5007/1/5007 5004/1/5004 5005/1/5005 
f 4999/1/4999 5004/1/5004 5007/1/5007 5000/1/5000 
f 3634/1/3634 5008/1/5008 5009/1/5009 3633/1/3633 
f 5010/1/5010 5009/1/5009 5008/1/5008 5011/1/5011 
f 4978/1/4978 4975/1/4975 5009/1/5009 5010/1/5010 
f 3633/1/3633 5009/1/5009 4975/1/4975 3627/1/3627 
f 3636/1/3636 4984/1/4984 5012/1/5012 3637/1/3637 
f 5013/1/5013 5012/1/5012 4984/1/4984 4983/1/4983 
f 5011/1/5011 5008/1/5008 5012/1/5012 5013/1/5013 
f 3637/1/3637 5012/1/5012 5008/1/5008 3634/1/3634 
f 4982/1/4982 4991/1/4991 5014/1/5014 4981/1/4981 
f 2117/1/2117 5014/1/5014 4991/1/4991 2087/1/2087 
f 2116/1/2116 5015/1/5015 5014/1/5014 2117/1/2117 
f 4981/1/4981 5014/1/5014 5015/1/5015 4983/1/4983 
f 4978/1/4978 5016/1/5016 5017/1/5017 4977/1/4977 
f 2119/1/2119 5017/1/5017 5016/1/5016 2123/1/2123 
f 2118/1/2118 5018/1/5018 5017/1/5017 2119/1/2119 
f 4977/1/4977 5017/1/5017 5018/1/5018 4973/1/4973 
f 5011/1/5011 5019/1/5019 5020/1/5020 5010/1/5010 
f 2126/1/2126 5020/1/5020 5019/1/5019 2127/1/2127 
f 2123/1/2123 5016/1/5016 5020/1/5020 2126/1/2126 
f 5010/1/5010 5020/1/5020 5016/1/5016 4978/1/4978 
f 4983/1/4983 5015/1/5015 5021/1/5021 5013/1/5013 
f 2129/1/2129 5021/1/5021 5015/1/5015 2116/1/2116 
f 2127/1/2127 5019/1/5019 5021/1/5021 2129/1/2129 
f 5013/1/5013 5021/1/5021 5019/1/5019 5011/1/5011 
f 4969/1/4969 5022/1/5022 5023/1/5023 4970/1/4970 
f 5024/1/5024 5023/1/5023 5022/1/5022 2135/1/2135 
f 5025/1/5025 5026/1/5026 5023/1/5023 5024/1/5024 
f 4970/1/4970 5023/1/5023 5026/1/5026 4960/1/4960 
f 4960/1/4960 5026/1/5026 5027/1/5027 4959/1/4959 
f 5028/1/5028 5027/1/5027 5026/1/5026 5025/1/5025 
f 4964/1/4964 5027/1/5027 5028/1/5028 4962/1/4962 
f 4959/1/4959 5027/1/5027 4964/1/4964 4955/1/4955 
f 4962/1/4962 5028/1/5028 5029/1/5029 4966/1/4966 
f 5030/1/5030 5029/1/5029 5028/1/5028 5025/1/5025 
f 2140/1/2140 2139/1/2139 5029/1/5029 5030/1/5030 
f 4966/1/4966 5029/1/5029 2139/1/2139 2056/1/2056 
f 5025/1/5025 5024/1/5024 5031/1/5031 5030/1/5030 
f 2143/1/2143 5031/1/5031 5024/1/5024 2135/1/2135 
f 2140/1/2140 5030/1/5030 5031/1/5031 2143/1/2143 
f 2118/1/2118 2145/1/2145 5032/1/5032 5018/1/5018 
f 5022/1/5022 5032/1/5032 2145/1/2145 2135/1/2135 
f 4969/1/4969 4974/1/4974 5032/1/5032 5022/1/5022 
f 5018/1/5018 5032/1/5032 4974/1/4974 4973/1/4973 
f 5033/1/5033 5034/1/5034 5035/1/5035 5036/1/5036 
f 5037/1/5037 5035/1/5035 5034/1/5034 5038/1/5038 
f 3864/1/3864 3861/1/3861 5035/1/5035 5037/1/5037 
f 5036/1/5036 5035/1/5035 3861/1/3861 3854/1/3854 
f 5037/1/5037 5039/1/5039 3875/1/3875 3864/1/3864 
f 5039/1/5039 5037/1/5037 5038/1/5038 5040/1/5040 
f 5041/1/5041 5042/1/5042 5039/1/5039 5040/1/5040 
f 3875/1/3875 5039/1/5039 5042/1/5042 3878/1/3878 
f 3878/1/3878 5042/1/5042 5043/1/5043 3887/1/3887 
f 5044/1/5044 5043/1/5043 5042/1/5042 5041/1/5041 
f 5045/1/5045 5046/1/5046 5043/1/5043 5044/1/5044 
f 3887/1/3887 5043/1/5043 5046/1/5046 3890/1/3890 
f 3890/1/3890 5046/1/5046 5047/1/5047 3909/1/3909 
f 5048/1/5048 5047/1/5047 5046/1/5046 5045/1/5045 
f 5049/1/5049 5047/1/5047 5048/1/5048 5050/1/5050 
f 3885/1/3885 3909/1/3909 5047/1/5047 5049/1/5049 
f 2164/1/2164 5051/1/5051 5052/1/5052 2165/1/2165 
f 5036/1/5036 5052/1/5052 5051/1/5051 5033/1/5033 
f 3854/1/3854 3853/1/3853 5052/1/5052 5036/1/5036 
f 2165/1/2165 5052/1/5052 3853/1/3853 881/1/881 
f 5053/1/5053 5054/1/5054 5055/1/5055 5056/1/5056 
f 5054/1/5054 5053/1/5053 5033/1/5033 
f 5051/1/5051 2164/1/2164 2168/1/2168 
f 5055/1/5055 5054/1/5054 2168/1/2168 2173/1/2173 
f 5056/1/5056 5057/1/5057 5058/1/5058 5053/1/5053 
f 5059/1/5059 5058/1/5058 5057/1/5057 5060/1/5060 
f 5038/1/5038 5034/1/5034 5058/1/5058 5059/1/5059 
f 5053/1/5053 5058/1/5058 5034/1/5034 5033/1/5033 
f 5061/1/5061 5062/1/5062 5063/1/5063 5064/1/5064 
f 5040/1/5040 5063/1/5063 5062/1/5062 5041/1/5041 
f 5059/1/5059 5063/1/5063 5040/1/5040 5038/1/5038 
f 5060/1/5060 5064/1/5064 5063/1/5063 5059/1/5059 
f 5065/1/5065 5066/1/5066 5067/1/5067 5068/1/5068 
f 5044/1/5044 5067/1/5067 5066/1/5066 5045/1/5045 
f 5041/1/5041 5062/1/5062 5067/1/5067 5044/1/5044 
f 5068/1/5068 5067/1/5067 5062/1/5062 5061/1/5061 
f 5069/1/5069 5070/1/5070 5071/1/5071 5072/1/5072 
f 5050/1/5050 5048/1/5048 5070/1/5070 5069/1/5069 
f 5045/1/5045 5066/1/5066 5070/1/5070 5048/1/5048 
f 5071/1/5071 5070/1/5070 5066/1/5066 5065/1/5065 
f 2173/1/2173 2191/1/2191 5073/1/5073 5055/1/5055 
f 5074/1/5074 5073/1/5073 2191/1/2191 2193/1/2193 
f 5060/1/5060 5057/1/5057 5073/1/5073 5074/1/5074 
f 5055/1/5055 5073/1/5073 5057/1/5057 5056/1/5056 
f 5075/1/5075 5076/1/5076 5077/1/5077 5078/1/5078 
f 5064/1/5064 5077/1/5077 5076/1/5076 5061/1/5061 
f 5060/1/5060 5074/1/5074 5077/1/5077 5064/1/5064 
f 5078/1/5078 5077/1/5077 5074/1/5074 2193/1/2193 
f 2198/1/2198 5079/1/5079 5080/1/5080 2199/1/2199 
f 5075/1/5075 5078/1/5078 5080/1/5080 5079/1/5079 
f 2199/1/2199 5080/1/5080 5078/1/5078 2193/1/2193 
f 5081/1/5081 5082/1/5082 5083/1/5083 5084/1/5084 
f 5068/1/5068 5083/1/5083 5082/1/5082 5065/1/5065 
f 5061/1/5061 5076/1/5076 5083/1/5083 5068/1/5068 
f 5084/1/5084 5083/1/5083 5076/1/5076 5075/1/5075 
f 2206/1/2206 5085/1/5085 5086/1/5086 2207/1/2207 
f 5084/1/5084 5086/1/5086 5085/1/5085 5081/1/5081 
f 5075/1/5075 5079/1/5079 5086/1/5086 5084/1/5084 
f 2207/1/2207 5086/1/5086 5079/1/5079 2198/1/2198 
f 5087/1/5087 5088/1/5088 5082/1/5082 5081/1/5081 
f 5089/1/5089 5088/1/5088 5087/1/5087 5090/1/5090 
f 5072/1/5072 5071/1/5071 5088/1/5088 5089/1/5089 
f 5065/1/5065 5082/1/5082 5088/1/5088 5071/1/5071 
f 5091/1/5091 5092/1/5092 2214/1/2214 2217/1/2217 
f 5090/1/5090 5087/1/5087 5092/1/5092 5091/1/5091 
f 5081/1/5081 5085/1/5085 5092/1/5092 5087/1/5087 
f 2214/1/2214 5092/1/5092 5085/1/5085 2206/1/2206 
f 2217/1/2217 2219/1/2219 5093/1/5093 5091/1/5091 
f 5094/1/5094 5093/1/5093 2219/1/2219 2223/1/2223 
f 5095/1/5095 5096/1/5096 5093/1/5093 5094/1/5094 
f 5091/1/5091 5093/1/5093 5096/1/5096 5090/1/5090 
f 5095/1/5095 5097/1/5097 5098/1/5098 5096/1/5096 
f 5099/1/5099 5098/1/5098 5097/1/5097 5100/1/5100 
f 5089/1/5089 5098/1/5098 5099/1/5099 5072/1/5072 
f 5090/1/5090 5096/1/5096 5098/1/5098 5089/1/5089 
f 2223/1/2223 2229/1/2229 5101/1/5101 5094/1/5094 
f 5102/1/5102 5101/1/5101 2229/1/2229 2231/1/2231 
f 5100/1/5100 5097/1/5097 5101/1/5101 5102/1/5102 
f 5094/1/5094 5101/1/5101 5097/1/5097 5095/1/5095 
f 5100/1/5100 5103/1/5103 5104/1/5104 5099/1/5099 
f 5105/1/5105 5104/1/5104 5103/1/5103 5106/1/5106 
f 5069/1/5069 5104/1/5104 5105/1/5105 5050/1/5050 
f 5099/1/5099 5104/1/5104 5069/1/5069 5072/1/5072 
f 5050/1/5050 5105/1/5105 5107/1/5107 5049/1/5049 
f 5108/1/5108 5107/1/5107 5105/1/5105 5106/1/5106 
f 3782/1/3782 3886/1/3886 5107/1/5107 5108/1/5108 
f 5049/1/5049 5107/1/5107 3886/1/3886 3885/1/3885 
f 2231/1/2231 2239/1/2239 5109/1/5109 5102/1/5102 
f 5110/1/5110 5109/1/5109 2239/1/2239 2241/1/2241 
f 5106/1/5106 5103/1/5103 5109/1/5109 5110/1/5110 
f 5102/1/5102 5109/1/5109 5103/1/5103 5100/1/5100 
f 3782/1/3782 5108/1/5108 5111/1/5111 3777/1/3777 
f 5112/1/5112 5111/1/5111 5108/1/5108 5106/1/5106 
f 5113/1/5113 5114/1/5114 5111/1/5111 5112/1/5112 
f 3777/1/3777 5111/1/5111 5114/1/5114 3667/1/3667 
f 2246/1/2246 5115/1/5115 5116/1/5116 2247/1/2247 
f 5112/1/5112 5116/1/5116 5115/1/5115 5113/1/5113 
f 5110/1/5110 5116/1/5116 5112/1/5112 5106/1/5106 
f 2241/1/2241 2247/1/2247 5116/1/5116 5110/1/5110 
f 3667/1/3667 5114/1/5114 5117/1/5117 3661/1/3661 
f 5118/1/5118 5117/1/5117 5114/1/5114 5113/1/5113 
f 5119/1/5119 5120/1/5120 5117/1/5117 5118/1/5118 
f 3661/1/3661 5117/1/5117 5120/1/5120 3662/1/3662 
f 3662/1/3662 5120/1/5120 5121/1/5121 3669/1/3669 
f 5122/1/5122 5121/1/5121 5120/1/5120 5119/1/5119 
f 5006/1/5006 5005/1/5005 5121/1/5121 5122/1/5122 
f 3669/1/3669 5121/1/5121 5005/1/5005 3657/1/3657 
f 2258/1/2258 5123/1/5123 5124/1/5124 2259/1/2259 
f 5118/1/5118 5124/1/5124 5123/1/5123 5119/1/5119 
f 5113/1/5113 5115/1/5115 5124/1/5124 5118/1/5118 
f 2259/1/2259 5124/1/5124 5115/1/5115 2246/1/2246 
f 2262/1/2262 2261/1/2261 5125/1/5125 5126/1/5126 
f 5003/1/5003 5125/1/5125 2261/1/2261 2102/1/2102 
f 5000/1/5000 5007/1/5007 5125/1/5125 5003/1/5003 
f 5126/1/5126 5125/1/5125 5007/1/5007 5006/1/5006 
f 5119/1/5119 5123/1/5123 5127/1/5127 5122/1/5122 
f 2265/1/2265 5127/1/5127 5123/1/5123 2258/1/2258 
f 2262/1/2262 5126/1/5126 5127/1/5127 2265/1/2265 
f 5122/1/5122 5127/1/5127 5126/1/5126 5006/1/5006 
f 3688/1/3688 5128/1/5128 5129/1/5129 3687/1/3687 
f 5128/1/5128 4378/1/4378 4377/1/4377 
f 3742/1/3742 3740/1/3740 5129/1/5129 4377/1/4377 
f 3687/1/3687 5129/1/5129 3740/1/3740 3681/1/3681 
f 3712/1/3712 5130/1/5130 5131/1/5131 3710/1/3710 
f 5132/1/5132 5131/1/5131 5130/1/5130 5133/1/5133 
f 5131/1/5131 5132/1/5132 3688/1/3688 
f 3685/1/3685 3684/1/3684 3710/1/3710 
f 4506/1/4506 5134/1/5134 5135/1/5135 4504/1/4504 
f 5136/1/5136 5135/1/5135 5134/1/5134 5137/1/5137 
f 5133/1/5133 5130/1/5130 5135/1/5135 5136/1/5136 
f 4504/1/4504 5135/1/5135 5130/1/5130 3712/1/3712 
f 4518/1/4518 5138/1/5138 5139/1/5139 4517/1/4517 
f 5140/1/5140 5139/1/5139 5138/1/5138 5141/1/5141 
f 5137/1/5137 5134/1/5134 5139/1/5139 5140/1/5140 
f 4517/1/4517 5139/1/5139 5134/1/5134 4506/1/4506 
f 4522/1/4522 5142/1/5142 5143/1/5143 4520/1/4520 
f 5144/1/5144 5143/1/5143 5142/1/5142 5145/1/5145 
f 5141/1/5141 5138/1/5138 5143/1/5143 5144/1/5144 
f 4520/1/4520 5143/1/5143 5138/1/5138 4518/1/4518 
f 5146/1/5146 5147/1/5147 5148/1/5148 
f 5149/1/5149 4381/1/4381 4384/1/4384 
f 5146/1/5146 4384/1/4384 4365/1/4365 
f 4379/1/4379 4378/1/4378 5147/1/5147 
f 4381/1/4381 5149/1/5149 5150/1/5150 4388/1/4388 
f 5151/1/5151 5150/1/5150 5149/1/5149 5148/1/5148 
f 5152/1/5152 5153/1/5153 5150/1/5150 5151/1/5151 
f 4388/1/4388 5150/1/5150 5153/1/5153 4385/1/4385 
f 5154/1/5154 5132/1/5132 5133/1/5133 
f 5155/1/5155 5156/1/5156 5157/1/5157 
f 5154/1/5154 5157/1/5157 4378/1/4378 
f 5128/1/5128 3688/1/3688 5132/1/5132 
f 5136/1/5136 5158/1/5158 5155/1/5155 5133/1/5133 
f 5137/1/5137 5159/1/5159 5158/1/5158 5136/1/5136 
f 5160/1/5160 5161/1/5161 5158/1/5158 5159/1/5159 
f 5155/1/5155 5158/1/5158 5161/1/5161 5156/1/5156 
f 5140/1/5140 5162/1/5162 5159/1/5159 5137/1/5137 
f 5141/1/5141 5163/1/5163 5162/1/5162 5140/1/5140 
f 5164/1/5164 5162/1/5162 5163/1/5163 5165/1/5165 
f 5159/1/5159 5162/1/5162 5164/1/5164 5160/1/5160 
f 5145/1/5145 5166/1/5166 5167/1/5167 5144/1/5144 
f 5168/1/5168 5169/1/5169 5167/1/5167 5166/1/5166 
f 5165/1/5165 5163/1/5163 5167/1/5167 5169/1/5169 
f 5144/1/5144 5167/1/5167 5163/1/5163 5141/1/5141 
f 5170/1/5170 5171/1/5171 5172/1/5172 5173/1/5173 
f 5174/1/5174 5172/1/5172 5171/1/5171 5175/1/5175 
f 5169/1/5169 5172/1/5172 5174/1/5174 5165/1/5165 
f 5173/1/5173 5172/1/5172 5169/1/5169 5168/1/5168 
f 5175/1/5175 5176/1/5176 5177/1/5177 5174/1/5174 
f 5178/1/5178 5177/1/5177 5176/1/5176 5179/1/5179 
f 5160/1/5160 5164/1/5164 5177/1/5177 5178/1/5178 
f 5174/1/5174 5177/1/5177 5164/1/5164 5165/1/5165 
f 4392/1/4392 5180/1/5180 5181/1/5181 4389/1/4389 
f 5182/1/5182 5181/1/5181 5180/1/5180 5183/1/5183 
f 3774/1/3774 4372/1/4372 5181/1/5181 5182/1/5182 
f 4389/1/4389 5181/1/5181 4372/1/4372 4371/1/4371 
f 5152/1/5152 5184/1/5184 5185/1/5185 5153/1/5153 
f 5180/1/5180 5185/1/5185 5184/1/5184 5183/1/5183 
f 4392/1/4392 4391/1/4391 5185/1/5185 5180/1/5180 
f 5153/1/5153 5185/1/5185 4391/1/4391 4385/1/4385 
f 5186/1/5186 5182/1/5182 5183/1/5183 
f 5186/1/5186 5187/1/5187 4396/1/4396 
f 3776/1/3776 3775/1/3775 5186/1/5186 4393/1/4393 
f 5182/1/5182 5186/1/5186 3775/1/3775 3774/1/3774 
f 5188/1/5188 5151/1/5151 5148/1/5148 
f 5189/1/5189 5190/1/5190 5191/1/5191 
f 5188/1/5188 5191/1/5191 5183/1/5183 
f 5184/1/5184 5152/1/5152 5151/1/5151 
f 5192/1/5192 5157/1/5157 5156/1/5156 
f 5193/1/5193 5190/1/5190 5189/1/5189 
f 5192/1/5192 5189/1/5189 5148/1/5148 
f 5147/1/5147 4378/1/4378 5157/1/5157 
f 5179/1/5179 5194/1/5194 5195/1/5195 5178/1/5178 
f 5193/1/5193 5195/1/5195 5194/1/5194 5190/1/5190 
f 5156/1/5156 5161/1/5161 5195/1/5195 5193/1/5193 
f 5178/1/5178 5195/1/5195 5161/1/5161 5160/1/5160 
f 5190/1/5190 5196/1/5196 5197/1/5197 5191/1/5191 
f 5198/1/5198 5197/1/5197 5196/1/5196 5199/1/5199 
f 5197/1/5197 5198/1/5198 4396/1/4396 
f 5187/1/5187 5183/1/5183 5191/1/5191 
f 5200/1/5200 5201/1/5201 5202/1/5202 5203/1/5203 
f 4432/1/4432 5201/1/5201 5200/1/5200 4429/1/4429 
f 5201/1/5201 4432/1/4432 4401/1/4401 
f 4400/1/4400 4397/1/4397 5202/1/5202 
f 5204/1/5204 4395/1/4395 4396/1/4396 
f 5205/1/5205 5204/1/5204 5198/1/5198 5199/1/5199 
f 5203/1/5203 5202/1/5202 5204/1/5204 5205/1/5205 
f 5202/1/5202 4397/1/4397 4395/1/4395 
f 5206/1/5206 5200/1/5200 5203/1/5203 
f 5207/1/5207 5206/1/5206 5208/1/5208 5209/1/5209 
f 4440/1/4440 4437/1/4437 5206/1/5206 5207/1/5207 
f 5200/1/5200 5206/1/5206 4437/1/4437 4429/1/4429 
f 5209/1/5209 5210/1/5210 5211/1/5211 5207/1/5207 
f 5212/1/5212 5211/1/5211 5210/1/5210 5213/1/5213 
f 4436/1/4436 4442/1/4442 5211/1/5211 5212/1/5212 
f 5207/1/5207 5211/1/5211 4442/1/4442 4440/1/4440 
f 4436/1/4436 5212/1/5212 5214/1/5214 4435/1/4435 
f 5215/1/5215 5214/1/5214 5212/1/5212 5213/1/5213 
f 4362/1/4362 4414/1/4414 5214/1/5214 5215/1/5215 
f 4435/1/4435 5214/1/5214 4414/1/4414 4413/1/4413 
f 5215/1/5215 5216/1/5216 4361/1/4361 4362/1/4362 
f 5213/1/5213 5217/1/5217 5216/1/5216 5215/1/5215 
f 5218/1/5218 5216/1/5216 5217/1/5217 5219/1/5219 
f 4361/1/4361 5216/1/5216 5218/1/5218 4357/1/4357 
f 5220/1/5220 5221/1/5221 5222/1/5222 5223/1/5223 
f 4358/1/4358 5222/1/5222 5221/1/5221 4354/1/4354 
f 4357/1/4357 5218/1/5218 5222/1/5222 4358/1/4358 
f 5218/1/5218 5219/1/5219 5223/1/5223 5222/1/5222 
f 4354/1/4354 5221/1/5221 5224/1/5224 4353/1/4353 
f 5225/1/5225 5224/1/5224 5221/1/5221 5220/1/5220 
f 5226/1/5226 5227/1/5227 5224/1/5224 5225/1/5225 
f 4353/1/4353 5224/1/5224 5227/1/5227 4350/1/4350 
f 5228/1/5228 5229/1/5229 5227/1/5227 5226/1/5226 
f 5230/1/5230 5229/1/5229 5228/1/5228 5231/1/5231 
f 4345/1/4345 4348/1/4348 5229/1/5229 5230/1/5230 
f 4350/1/4350 5227/1/5227 5229/1/5229 4348/1/4348 
f 5231/1/5231 5232/1/5232 5233/1/5233 5230/1/5230 
f 5234/1/5234 5233/1/5233 5232/1/5232 5235/1/5235 
f 4341/1/4341 4346/1/4346 5233/1/5233 5234/1/5234 
f 5230/1/5230 5233/1/5233 4346/1/4346 4345/1/4345 
f 5235/1/5235 5236/1/5236 5237/1/5237 5234/1/5234 
f 5236/1/5236 5238/1/5238 5239/1/5239 
f 5237/1/5237 5239/1/5239 4336/1/4336 
f 5234/1/5234 5237/1/5237 4342/1/4342 4341/1/4341 
f 5240/1/5240 5241/1/5241 5242/1/5242 5243/1/5243 
f 5199/1/5199 5196/1/5196 5242/1/5242 5241/1/5241 
f 5196/1/5196 5190/1/5190 5243/1/5243 
f 5244/1/5244 5245/1/5245 5246/1/5246 5247/1/5247 
f 5243/1/5243 5246/1/5246 5245/1/5245 5240/1/5240 
f 5190/1/5190 5194/1/5194 5246/1/5246 5243/1/5243 
f 5247/1/5247 5246/1/5246 5194/1/5194 5179/1/5179 
f 5248/1/5248 5249/1/5249 5250/1/5250 5251/1/5251 
f 5247/1/5247 5250/1/5250 5249/1/5249 5244/1/5244 
f 5179/1/5179 5176/1/5176 5250/1/5250 5247/1/5247 
f 5251/1/5251 5250/1/5250 5176/1/5176 5175/1/5175 
f 5252/1/5252 5253/1/5253 5254/1/5254 5255/1/5255 
f 5251/1/5251 5254/1/5254 5253/1/5253 5248/1/5248 
f 5175/1/5175 5171/1/5171 5254/1/5254 5251/1/5251 
f 5255/1/5255 5254/1/5254 5171/1/5171 5170/1/5170 
f 5256/1/5256 5257/1/5257 5258/1/5258 
f 5258/1/5258 5203/1/5203 5205/1/5205 
f 5259/1/5259 5205/1/5205 5199/1/5199 
f 5241/1/5241 5240/1/5240 5256/1/5256 
f 5260/1/5260 5258/1/5258 5257/1/5257 
f 5261/1/5261 5260/1/5260 5262/1/5262 5263/1/5263 
f 5209/1/5209 5208/1/5208 5260/1/5260 5261/1/5261 
f 5208/1/5208 5203/1/5203 5258/1/5258 
f 5263/1/5263 5264/1/5264 5265/1/5265 5261/1/5261 
f 5266/1/5266 5265/1/5265 5264/1/5264 5267/1/5267 
f 5213/1/5213 5210/1/5210 5265/1/5265 5266/1/5266 
f 5261/1/5261 5265/1/5265 5210/1/5210 5209/1/5209 
f 5267/1/5267 5268/1/5268 5269/1/5269 5266/1/5266 
f 5270/1/5270 5269/1/5269 5268/1/5268 5271/1/5271 
f 5219/1/5219 5217/1/5217 5269/1/5269 5270/1/5270 
f 5266/1/5266 5269/1/5269 5217/1/5217 5213/1/5213 
f 5271/1/5271 5272/1/5272 5273/1/5273 5270/1/5270 
f 5274/1/5274 5273/1/5273 5272/1/5272 5275/1/5275 
f 5223/1/5223 5273/1/5273 5274/1/5274 5220/1/5220 
f 5270/1/5270 5273/1/5273 5223/1/5223 5219/1/5219 
f 5276/1/5276 5277/1/5277 5278/1/5278 5279/1/5279 
f 5225/1/5225 5278/1/5278 5277/1/5277 5226/1/5226 
f 5220/1/5220 5274/1/5274 5278/1/5278 5225/1/5225 
f 5279/1/5279 5278/1/5278 5274/1/5274 5275/1/5275 
f 5280/1/5280 5281/1/5281 5282/1/5282 5283/1/5283 
f 5228/1/5228 5282/1/5282 5281/1/5281 5231/1/5231 
f 5226/1/5226 5277/1/5277 5282/1/5282 5228/1/5228 
f 5283/1/5283 5282/1/5282 5277/1/5277 5276/1/5276 
f 5284/1/5284 5285/1/5285 5286/1/5286 5287/1/5287 
f 5232/1/5232 5286/1/5286 5285/1/5285 5235/1/5235 
f 5231/1/5231 5281/1/5281 5286/1/5286 5232/1/5232 
f 5287/1/5287 5286/1/5286 5281/1/5281 5280/1/5280 
f 5288/1/5288 5289/1/5289 5290/1/5290 5291/1/5291 
f 5236/1/5236 5290/1/5290 5289/1/5289 5238/1/5238 
f 5235/1/5235 5285/1/5285 5290/1/5290 5236/1/5236 
f 5291/1/5291 5290/1/5290 5285/1/5285 5284/1/5284 
f 5288/1/5288 5291/1/5291 5292/1/5292 5293/1/5293 
f 5284/1/5284 5294/1/5294 5292/1/5292 5291/1/5291 
f 2432/1/2432 5292/1/5292 5294/1/5294 2433/1/2433 
f 5293/1/5293 5292/1/5292 2432/1/2432 2435/1/2435 
f 5295/1/5295 5296/1/5296 5297/1/5297 5298/1/5298 
f 5299/1/5299 5297/1/5297 5296/1/5296 2441/1/2441 
f 5283/1/5283 5297/1/5297 5299/1/5299 5280/1/5280 
f 5298/1/5298 5297/1/5297 5283/1/5283 5276/1/5276 
f 5280/1/5280 5299/1/5299 5300/1/5300 5287/1/5287 
f 2443/1/2443 5300/1/5300 5299/1/5299 2441/1/2441 
f 2433/1/2433 5294/1/5294 5300/1/5300 2443/1/2443 
f 5287/1/5287 5300/1/5300 5294/1/5294 5284/1/5284 
f 5301/1/5301 5302/1/5302 5303/1/5303 5304/1/5304 
f 5298/1/5298 5303/1/5303 5302/1/5302 5295/1/5295 
f 5276/1/5276 5279/1/5279 5303/1/5303 5298/1/5298 
f 5304/1/5304 5303/1/5303 5279/1/5279 5275/1/5275 
f 5295/1/5295 5302/1/5302 5305/1/5305 5296/1/5296 
f 5306/1/5306 5305/1/5305 5302/1/5302 5301/1/5301 
f 2450/1/2450 2449/1/2449 5305/1/5305 5306/1/5306 
f 5296/1/5296 5305/1/5305 2449/1/2449 2441/1/2441 
f 5307/1/5307 5308/1/5308 5309/1/5309 5310/1/5310 
f 5304/1/5304 5309/1/5309 5308/1/5308 5301/1/5301 
f 5275/1/5275 5272/1/5272 5309/1/5309 5304/1/5304 
f 5310/1/5310 5309/1/5309 5272/1/5272 5271/1/5271 
f 2458/1/2458 2457/1/2457 5311/1/5311 5312/1/5312 
f 5306/1/5306 5311/1/5311 2457/1/2457 2450/1/2450 
f 5301/1/5301 5308/1/5308 5311/1/5311 5306/1/5306 
f 5312/1/5312 5311/1/5311 5308/1/5308 5307/1/5307 
f 5313/1/5313 5314/1/5314 5315/1/5315 5316/1/5316 
f 5310/1/5310 5315/1/5315 5314/1/5314 5307/1/5307 
f 5271/1/5271 5268/1/5268 5315/1/5315 5310/1/5310 
f 5316/1/5316 5315/1/5315 5268/1/5268 5267/1/5267 
f 5313/1/5313 5317/1/5317 5318/1/5318 5314/1/5314 
f 2466/1/2466 5318/1/5318 5317/1/5317 2467/1/2467 
f 2458/1/2458 5312/1/5312 5318/1/5318 2466/1/2466 
f 5314/1/5314 5318/1/5318 5312/1/5312 5307/1/5307 
f 5319/1/5319 5320/1/5320 5321/1/5321 
f 5316/1/5316 5319/1/5319 5322/1/5322 5313/1/5313 
f 5267/1/5267 5264/1/5264 5319/1/5319 5316/1/5316 
f 5320/1/5320 5319/1/5319 5264/1/5264 5263/1/5263 
f 5321/1/5321 5323/1/5323 5324/1/5324 5322/1/5322 
f 2474/1/2474 5324/1/5324 5323/1/5323 2475/1/2475 
f 2467/1/2467 5317/1/5317 5324/1/5324 2474/1/2474 
f 5322/1/5322 5324/1/5324 5317/1/5317 5313/1/5313 
f 5325/1/5325 5326/1/5326 5327/1/5327 5328/1/5328 
f 5326/1/5326 5321/1/5321 5320/1/5320 
f 5263/1/5263 5262/1/5262 5327/1/5327 5320/1/5320 
f 5262/1/5262 5257/1/5257 5328/1/5328 
f 5325/1/5325 5329/1/5329 5330/1/5330 5326/1/5326 
f 2481/1/2481 5330/1/5330 5329/1/5329 2483/1/2483 
f 2475/1/2475 5323/1/5323 5330/1/5330 2481/1/2481 
f 5323/1/5323 5321/1/5321 5326/1/5326 
f 5331/1/5331 5332/1/5332 5333/1/5333 5334/1/5334 
f 5328/1/5328 5333/1/5333 5332/1/5332 5325/1/5325 
f 5257/1/5257 5256/1/5256 5333/1/5333 5328/1/5328 
f 5334/1/5334 5333/1/5333 5256/1/5256 5240/1/5240 
f 5325/1/5325 5332/1/5332 5335/1/5335 5329/1/5329 
f 5336/1/5336 5335/1/5335 5332/1/5332 5331/1/5331 
f 2490/1/2490 2489/1/2489 5335/1/5335 5336/1/5336 
f 5329/1/5329 5335/1/5335 2489/1/2489 2483/1/2483 
f 5240/1/5240 5245/1/5245 5337/1/5337 5334/1/5334 
f 5338/1/5338 5337/1/5337 5245/1/5245 5244/1/5244 
f 5339/1/5339 5340/1/5340 5337/1/5337 5338/1/5338 
f 5334/1/5334 5337/1/5337 5340/1/5340 5331/1/5331 
f 5331/1/5331 5340/1/5340 5341/1/5341 5336/1/5336 
f 5342/1/5342 5341/1/5341 5340/1/5340 5339/1/5339 
f 2498/1/2498 2497/1/2497 5341/1/5341 5342/1/5342 
f 5336/1/5336 5341/1/5341 2497/1/2497 2490/1/2490 
f 5244/1/5244 5249/1/5249 5343/1/5343 5338/1/5338 
f 5344/1/5344 5343/1/5343 5249/1/5249 5248/1/5248 
f 5345/1/5345 5346/1/5346 5343/1/5343 5344/1/5344 
f 5338/1/5338 5343/1/5343 5346/1/5346 5339/1/5339 
f 5339/1/5339 5346/1/5346 5347/1/5347 5342/1/5342 
f 5348/1/5348 5347/1/5347 5346/1/5346 5345/1/5345 
f 2506/1/2506 2505/1/2505 5347/1/5347 5348/1/5348 
f 5342/1/5342 5347/1/5347 2505/1/2505 2498/1/2498 
f 5248/1/5248 5253/1/5253 5349/1/5349 5344/1/5344 
f 5350/1/5350 5349/1/5349 5253/1/5253 5252/1/5252 
f 5351/1/5351 5352/1/5352 5349/1/5349 5350/1/5350 
f 5344/1/5344 5349/1/5349 5352/1/5352 5345/1/5345 
f 5345/1/5345 5352/1/5352 5353/1/5353 5348/1/5348 
f 5354/1/5354 5353/1/5353 5352/1/5352 5351/1/5351 
f 2514/1/2514 2513/1/2513 5353/1/5353 5354/1/5354 
f 5348/1/5348 5353/1/5353 2513/1/2513 2506/1/2506 
f 1150/1/1150 2517/1/2517 5355/1/5355 4095/1/4095 
f 5356/1/5356 5355/1/5355 2517/1/2517 2521/1/2521 
f 5357/1/5357 5358/1/5358 5355/1/5355 5356/1/5356 
f 4095/1/4095 5355/1/5355 5358/1/5358 4096/1/4096 
f 5359/1/5359 5360/1/5360 5361/1/5361 5362/1/5362 
f 5363/1/5363 5360/1/5360 5359/1/5359 5364/1/5364 
f 2526/1/2526 5360/1/5360 5363/1/5363 2528/1/2528 
f 2527/1/2527 5361/1/5361 5360/1/5360 2526/1/2526 
f 5365/1/5365 5366/1/5366 5367/1/5367 5368/1/5368 
f 5369/1/5369 5367/1/5367 5366/1/5366 5370/1/5370 
f 5371/1/5371 5372/1/5372 5367/1/5367 5369/1/5369 
f 5368/1/5368 5367/1/5367 5372/1/5372 5373/1/5373 
f 5364/1/5364 5374/1/5374 5375/1/5375 5363/1/5363 
f 5356/1/5356 5375/1/5375 5374/1/5374 5357/1/5357 
f 2521/1/2521 2541/1/2541 5375/1/5375 5356/1/5356 
f 5363/1/5363 5375/1/5375 2541/1/2541 2528/1/2528 
f 5357/1/5357 5374/1/5374 5376/1/5376 5377/1/5377 
f 5378/1/5378 5376/1/5376 5374/1/5374 5364/1/5364 
f 5379/1/5379 5380/1/5380 5376/1/5376 5378/1/5378 
f 5377/1/5377 5376/1/5376 5380/1/5380 5381/1/5381 
f 5364/1/5364 5359/1/5359 5382/1/5382 5378/1/5378 
f 5362/1/5362 5383/1/5383 5382/1/5382 5359/1/5359 
f 5384/1/5384 5382/1/5382 5383/1/5383 5385/1/5385 
f 5378/1/5378 5382/1/5382 5384/1/5384 5379/1/5379 
f 5381/1/5381 5380/1/5380 5386/1/5386 5387/1/5387 
f 5388/1/5388 5386/1/5386 5380/1/5380 5379/1/5379 
f 5365/1/5365 5368/1/5368 5386/1/5386 5388/1/5388 
f 5387/1/5387 5386/1/5386 5368/1/5368 5373/1/5373 
f 5370/1/5370 5366/1/5366 5389/1/5389 5390/1/5390 
f 5391/1/5391 5389/1/5389 5366/1/5366 5365/1/5365 
f 5392/1/5392 5393/1/5393 5389/1/5389 5391/1/5391 
f 5390/1/5390 5389/1/5389 5393/1/5393 5394/1/5394 
f 5391/1/5391 5395/1/5395 5396/1/5396 5392/1/5392 
f 5365/1/5365 5388/1/5388 5395/1/5395 5391/1/5391 
f 5379/1/5379 5384/1/5384 5395/1/5395 5388/1/5388 
f 5385/1/5385 5396/1/5396 5395/1/5395 5384/1/5384 
f 5397/1/5397 5398/1/5398 5399/1/5399 5400/1/5400 
f 5401/1/5401 5402/1/5402 5399/1/5399 5398/1/5398 
f 5142/1/5142 5399/1/5399 5402/1/5402 5145/1/5145 
f 5400/1/5400 5399/1/5399 5142/1/5142 4522/1/4522 
f 5371/1/5371 5403/1/5403 5404/1/5404 5372/1/5372 
f 5405/1/5405 5404/1/5404 5403/1/5403 5406/1/5406 
f 5407/1/5407 5404/1/5404 5405/1/5405 5408/1/5408 
f 5373/1/5373 5372/1/5372 5404/1/5404 5407/1/5407 
f 5409/1/5409 5410/1/5410 5411/1/5411 5412/1/5412 
f 5409/1/5409 5413/1/5413 5414/1/5414 
f 4478/1/4478 4475/1/4475 5410/1/5410 5414/1/5414 
f 4475/1/4475 4465/1/4465 5411/1/5411 
f 4451/1/4451 5415/1/5415 5416/1/5416 4464/1/4464 
f 5417/1/5417 5416/1/5416 5415/1/5415 5418/1/5418 
f 5411/1/5411 5416/1/5416 5417/1/5417 5412/1/5412 
f 4464/1/4464 5416/1/5416 5411/1/5411 4465/1/4465 
f 3207/1/3207 3218/1/3218 5419/1/5419 4454/1/4454 
f 5420/1/5420 5419/1/5419 3218/1/3218 3217/1/3217 
f 5418/1/5418 5415/1/5415 5419/1/5419 5420/1/5420 
f 4454/1/4454 5419/1/5419 5415/1/5415 4451/1/4451 
f 3217/1/3217 5421/1/5421 5422/1/5422 5420/1/5420 
f 5423/1/5423 5422/1/5422 5421/1/5421 5424/1/5424 
f 5425/1/5425 5426/1/5426 5422/1/5422 5423/1/5423 
f 5420/1/5420 5422/1/5422 5426/1/5426 5418/1/5418 
f 5418/1/5418 5426/1/5426 5427/1/5427 5417/1/5417 
f 5428/1/5428 5427/1/5427 5426/1/5426 5425/1/5425 
f 5429/1/5429 5430/1/5430 5427/1/5427 5428/1/5428 
f 5430/1/5430 5412/1/5412 5417/1/5417 
f 5429/1/5429 5431/1/5431 5432/1/5432 5430/1/5430 
f 5433/1/5433 5432/1/5432 5431/1/5431 5434/1/5434 
f 5435/1/5435 5436/1/5436 5432/1/5432 5433/1/5433 
f 5430/1/5430 5432/1/5432 5436/1/5436 5412/1/5412 
f 5437/1/5437 5438/1/5438 5439/1/5439 5440/1/5440 
f 5441/1/5441 5438/1/5438 5437/1/5437 5406/1/5406 
f 5433/1/5433 5438/1/5438 5441/1/5441 5435/1/5435 
f 5434/1/5434 5439/1/5439 5438/1/5438 5433/1/5433 
f 5408/1/5408 5405/1/5405 5442/1/5442 5443/1/5443 
f 5437/1/5437 5442/1/5442 5405/1/5405 5406/1/5406 
f 5440/1/5440 5444/1/5444 5442/1/5442 5437/1/5437 
f 5443/1/5443 5442/1/5442 5444/1/5444 5445/1/5445 
f 4023/1/4023 5446/1/5446 5447/1/5447 4022/1/4022 
f 5448/1/5448 5447/1/5447 5446/1/5446 5445/1/5445 
f 5449/1/5449 5450/1/5450 5447/1/5447 5448/1/5448 
f 4022/1/4022 5447/1/5447 5450/1/5450 3983/1/3983 
f 5451/1/5451 5452/1/5452 5453/1/5453 
f 5454/1/5454 5449/1/5449 5448/1/5448 
f 5445/1/5445 5444/1/5444 5451/1/5451 5448/1/5448 
f 5452/1/5452 5451/1/5451 5444/1/5444 5440/1/5440 
f 5455/1/5455 5456/1/5456 5457/1/5457 5458/1/5458 
f 5400/1/5400 5457/1/5457 5456/1/5456 5397/1/5397 
f 4522/1/4522 4521/1/4521 5457/1/5457 5400/1/5400 
f 5458/1/5458 5457/1/5457 4521/1/4521 4513/1/4513 
f 5459/1/5459 5460/1/5460 5398/1/5398 5397/1/5397 
f 5461/1/5461 5460/1/5460 5459/1/5459 5462/1/5462 
f 5463/1/5463 5464/1/5464 5460/1/5460 5461/1/5461 
f 5398/1/5398 5460/1/5460 5464/1/5464 5401/1/5401 
f 5394/1/5394 5465/1/5465 5466/1/5466 5390/1/5390 
f 5461/1/5461 5466/1/5466 5465/1/5465 5463/1/5463 
f 5462/1/5462 5467/1/5467 5466/1/5466 5461/1/5461 
f 5390/1/5390 5466/1/5466 5467/1/5467 5370/1/5370 
f 5468/1/5468 5469/1/5469 5470/1/5470 5471/1/5471 
f 5459/1/5459 5470/1/5470 5469/1/5469 5462/1/5462 
f 5397/1/5397 5456/1/5456 5470/1/5470 5459/1/5459 
f 5471/1/5471 5470/1/5470 5456/1/5456 5455/1/5455 
f 5472/1/5472 5473/1/5473 5467/1/5467 5462/1/5462 
f 5474/1/5474 5473/1/5473 5472/1/5472 5475/1/5475 
f 5371/1/5371 5369/1/5369 5473/1/5473 5474/1/5474 
f 5370/1/5370 5467/1/5467 5473/1/5473 5369/1/5369 
f 5435/1/5435 5476/1/5476 5477/1/5477 5436/1/5436 
f 5478/1/5478 5477/1/5477 5476/1/5476 5475/1/5475 
f 5413/1/5413 5409/1/5409 5477/1/5477 5478/1/5478 
f 5412/1/5412 5436/1/5436 5477/1/5477 5409/1/5409 
f 5406/1/5406 5403/1/5403 5479/1/5479 5441/1/5441 
f 5474/1/5474 5479/1/5479 5403/1/5403 5371/1/5371 
f 5475/1/5475 5476/1/5476 5479/1/5479 5474/1/5474 
f 5441/1/5441 5479/1/5479 5476/1/5476 5435/1/5435 
f 5480/1/5480 5414/1/5414 5413/1/5413 
f 5481/1/5481 5480/1/5480 5482/1/5482 5483/1/5483 
f 4490/1/4490 4487/1/4487 5480/1/5480 5481/1/5481 
f 5414/1/5414 5480/1/5480 4487/1/4487 4478/1/4478 
f 5483/1/5483 5484/1/5484 5485/1/5485 5481/1/5481 
f 5486/1/5486 5485/1/5485 5484/1/5484 5487/1/5487 
f 4502/1/4502 4499/1/4499 5485/1/5485 5486/1/5486 
f 5481/1/5481 5485/1/5485 4499/1/4499 4490/1/4490 
f 5488/1/5488 5486/1/5486 5487/1/5487 
f 5458/1/5458 5488/1/5488 5489/1/5489 5455/1/5455 
f 5488/1/5488 5458/1/5458 4513/1/4513 
f 5486/1/5486 5488/1/5488 4511/1/4511 4502/1/4502 
f 5490/1/5490 5491/1/5491 5492/1/5492 5493/1/5493 
f 5487/1/5487 5484/1/5484 5491/1/5491 5490/1/5490 
f 5483/1/5483 5492/1/5492 5491/1/5491 5484/1/5484 
f 5455/1/5455 5489/1/5489 5494/1/5494 5471/1/5471 
f 5490/1/5490 5494/1/5494 5489/1/5489 5487/1/5487 
f 5493/1/5493 5495/1/5495 5494/1/5494 5490/1/5490 
f 5471/1/5471 5494/1/5494 5495/1/5495 5468/1/5468 
f 5468/1/5468 5495/1/5495 5496/1/5496 5469/1/5469 
f 5497/1/5497 5496/1/5496 5495/1/5495 5493/1/5493 
f 5475/1/5475 5472/1/5472 5496/1/5496 5497/1/5497 
f 5469/1/5469 5496/1/5496 5472/1/5472 5462/1/5462 
f 5493/1/5493 5492/1/5492 5498/1/5498 5497/1/5497 
f 5482/1/5482 5498/1/5498 5492/1/5492 5483/1/5483 
f 5478/1/5478 5498/1/5498 5482/1/5482 5413/1/5413 
f 5497/1/5497 5498/1/5498 5478/1/5478 5475/1/5475 
f 3312/1/3312 5499/1/5499 5500/1/5500 3311/1/3311 
f 5501/1/5501 5500/1/5500 5499/1/5499 5502/1/5502 
f 3276/1/3276 3273/1/3273 5500/1/5500 5501/1/5501 
f 3311/1/3311 5500/1/5500 3273/1/3273 3272/1/3272 
f 3352/1/3352 5503/1/5503 5504/1/5504 3351/1/3351 
f 5505/1/5505 5504/1/5504 5503/1/5503 5506/1/5506 
f 5502/1/5502 5499/1/5499 5504/1/5504 5505/1/5505 
f 3351/1/3351 5504/1/5504 5499/1/5499 3312/1/3312 
f 5507/1/5507 5508/1/5508 5509/1/5509 5510/1/5510 
f 5503/1/5503 5509/1/5509 5508/1/5508 5506/1/5506 
f 3352/1/3352 3977/1/3977 5509/1/5509 5503/1/5503 
f 5510/1/5510 5509/1/5509 3977/1/3977 3976/1/3976 
f 5511/1/5511 5512/1/5512 5513/1/5513 5514/1/5514 
f 5510/1/5510 5513/1/5513 5512/1/5512 5507/1/5507 
f 3976/1/3976 3985/1/3985 5513/1/5513 5510/1/5510 
f 5514/1/5514 5513/1/5513 3985/1/3985 3984/1/3984 
f 5515/1/5515 5516/1/5516 5517/1/5517 
f 5518/1/5518 5517/1/5517 5453/1/5453 
f 5518/1/5518 5452/1/5452 5440/1/5440 
f 5439/1/5439 5434/1/5434 5515/1/5515 
f 5519/1/5519 5520/1/5520 5521/1/5521 5522/1/5522 
f 5520/1/5520 5516/1/5516 5515/1/5515 
f 5521/1/5521 5515/1/5515 5434/1/5434 
f 5522/1/5522 5521/1/5521 5431/1/5431 5429/1/5429 
f 5523/1/5523 5524/1/5524 5525/1/5525 5526/1/5526 
f 3980/1/3980 5525/1/5525 5524/1/5524 3984/1/3984 
f 3983/1/3983 5450/1/5450 5525/1/5525 3980/1/3980 
f 5526/1/5526 5525/1/5525 5450/1/5450 5449/1/5449 
f 5516/1/5516 5527/1/5527 5528/1/5528 5517/1/5517 
f 5526/1/5526 5528/1/5528 5527/1/5527 5523/1/5523 
f 5449/1/5449 5454/1/5454 5528/1/5528 5526/1/5526 
f 5517/1/5517 5528/1/5528 5454/1/5454 5453/1/5453 
f 5529/1/5529 5530/1/5530 5531/1/5531 5532/1/5532 
f 5514/1/5514 5531/1/5531 5530/1/5530 5511/1/5511 
f 3984/1/3984 5524/1/5524 5531/1/5531 5514/1/5514 
f 5532/1/5532 5531/1/5531 5524/1/5524 5523/1/5523 
f 5425/1/5425 5533/1/5533 5534/1/5534 5428/1/5428 
f 5535/1/5535 5534/1/5534 5533/1/5533 5536/1/5536 
f 5519/1/5519 5522/1/5522 5534/1/5534 5535/1/5535 
f 5428/1/5428 5534/1/5534 5522/1/5522 5429/1/5429 
f 5519/1/5519 5537/1/5537 5538/1/5538 5520/1/5520 
f 5539/1/5539 5538/1/5538 5537/1/5537 5540/1/5540 
f 5523/1/5523 5527/1/5527 5538/1/5538 5539/1/5539 
f 5527/1/5527 5516/1/5516 5520/1/5520 
f 5540/1/5540 5541/1/5541 5542/1/5542 5539/1/5539 
f 5543/1/5543 5544/1/5544 5542/1/5542 5541/1/5541 
f 5532/1/5532 5542/1/5542 5544/1/5544 5529/1/5529 
f 5539/1/5539 5542/1/5542 5532/1/5532 5523/1/5523 
f 5423/1/5423 5545/1/5545 5533/1/5533 5425/1/5425 
f 5546/1/5546 5545/1/5545 5423/1/5423 5424/1/5424 
f 5536/1/5536 5533/1/5533 5545/1/5545 5546/1/5546 
f 5535/1/5535 5547/1/5547 5537/1/5537 5519/1/5519 
f 5536/1/5536 5548/1/5548 5547/1/5547 5535/1/5535 
f 5549/1/5549 5547/1/5547 5548/1/5548 5550/1/5550 
f 5540/1/5540 5537/1/5537 5547/1/5547 5549/1/5549 
f 5541/1/5541 5551/1/5551 5552/1/5552 5543/1/5543 
f 5549/1/5549 5551/1/5551 5541/1/5541 5540/1/5540 
f 5550/1/5550 5553/1/5553 5551/1/5551 5549/1/5549 
f 5552/1/5552 5551/1/5551 5553/1/5553 5554/1/5554 
f 5555/1/5555 5556/1/5556 5557/1/5557 5558/1/5558 
f 3275/1/3275 5557/1/5557 5556/1/5556 3216/1/3216 
f 3276/1/3276 5559/1/5559 5557/1/5557 3275/1/3275 
f 5558/1/5558 5557/1/5557 5559/1/5559 5560/1/5560 
f 3216/1/3216 5556/1/5556 5561/1/5561 3215/1/3215 
f 5562/1/5562 5561/1/5561 5556/1/5556 5555/1/5555 
f 5424/1/5424 5421/1/5421 5561/1/5561 5562/1/5562 
f 3215/1/3215 5561/1/5561 5421/1/5421 3217/1/3217 
f 5424/1/5424 5563/1/5563 5564/1/5564 5546/1/5546 
f 5565/1/5565 5564/1/5564 5563/1/5563 5566/1/5566 
f 5550/1/5550 5548/1/5548 5564/1/5564 5565/1/5565 
f 5546/1/5546 5564/1/5564 5548/1/5548 5536/1/5536 
f 5566/1/5566 5567/1/5567 5568/1/5568 5565/1/5565 
f 5569/1/5569 5568/1/5568 5567/1/5567 5570/1/5570 
f 5554/1/5554 5553/1/5553 5568/1/5568 5569/1/5569 
f 5565/1/5565 5568/1/5568 5553/1/5553 5550/1/5550 
f 5502/1/5502 5571/1/5571 5572/1/5572 5501/1/5501 
f 5573/1/5573 5572/1/5572 5571/1/5571 5574/1/5574 
f 5560/1/5560 5559/1/5559 5572/1/5572 5573/1/5573 
f 5501/1/5501 5572/1/5572 5559/1/5559 3276/1/3276 
f 5555/1/5555 5575/1/5575 5576/1/5576 5562/1/5562 
f 5577/1/5577 5576/1/5576 5575/1/5575 5578/1/5578 
f 5566/1/5566 5563/1/5563 5576/1/5576 5577/1/5577 
f 5562/1/5562 5576/1/5576 5563/1/5563 5424/1/5424 
f 5560/1/5560 5573/1/5573 5579/1/5579 5558/1/5558 
f 5580/1/5580 5579/1/5579 5573/1/5573 5574/1/5574 
f 5578/1/5578 5575/1/5575 5579/1/5579 5580/1/5580 
f 5558/1/5558 5579/1/5579 5575/1/5575 5555/1/5555 
f 5578/1/5578 5581/1/5581 5582/1/5582 5577/1/5577 
f 5583/1/5583 5582/1/5582 5581/1/5581 5584/1/5584 
f 5570/1/5570 5567/1/5567 5582/1/5582 5583/1/5583 
f 5577/1/5577 5582/1/5582 5567/1/5567 5566/1/5566 
f 5574/1/5574 5585/1/5585 5586/1/5586 5580/1/5580 
f 5587/1/5587 5586/1/5586 5585/1/5585 5588/1/5588 
f 5584/1/5584 5581/1/5581 5586/1/5586 5587/1/5587 
f 5580/1/5580 5586/1/5586 5581/1/5581 5578/1/5578 
f 5506/1/5506 5589/1/5589 5590/1/5590 5505/1/5505 
f 5591/1/5591 5590/1/5590 5589/1/5589 5592/1/5592 
f 5574/1/5574 5571/1/5571 5590/1/5590 5591/1/5591 
f 5505/1/5505 5590/1/5590 5571/1/5571 5502/1/5502 
f 5508/1/5508 5593/1/5593 5589/1/5589 5506/1/5506 
f 5594/1/5594 5593/1/5593 5508/1/5508 5507/1/5507 
f 5595/1/5595 5596/1/5596 5593/1/5593 5594/1/5594 
f 5592/1/5592 5589/1/5589 5593/1/5593 5596/1/5596 
f 5592/1/5592 5597/1/5597 5598/1/5598 5591/1/5591 
f 5599/1/5599 5598/1/5598 5597/1/5597 5600/1/5600 
f 5588/1/5588 5585/1/5585 5598/1/5598 5599/1/5599 
f 5591/1/5591 5598/1/5598 5585/1/5585 5574/1/5574 
f 5507/1/5507 5512/1/5512 5601/1/5601 5594/1/5594 
f 5602/1/5602 5601/1/5601 5512/1/5512 5511/1/5511 
f 5603/1/5603 5604/1/5604 5601/1/5601 5602/1/5602 
f 5594/1/5594 5601/1/5601 5604/1/5604 5595/1/5595 
f 5600/1/5600 5597/1/5597 5605/1/5605 5606/1/5606 
f 5596/1/5596 5605/1/5605 5597/1/5597 5592/1/5592 
f 5607/1/5607 5605/1/5605 5596/1/5596 5595/1/5595 
f 5608/1/5608 5606/1/5606 5605/1/5605 5607/1/5607 
f 5511/1/5511 5530/1/5530 5609/1/5609 5602/1/5602 
f 5610/1/5610 5609/1/5609 5530/1/5530 5529/1/5529 
f 5611/1/5611 5612/1/5612 5609/1/5609 5610/1/5610 
f 5602/1/5602 5609/1/5609 5612/1/5612 5603/1/5603 
f 5613/1/5613 5614/1/5614 5615/1/5615 5616/1/5616 
f 5607/1/5607 5615/1/5615 5614/1/5614 5608/1/5608 
f 5595/1/5595 5604/1/5604 5615/1/5615 5607/1/5607 
f 5616/1/5616 5615/1/5615 5604/1/5604 5603/1/5603 
f 5617/1/5617 5618/1/5618 5619/1/5619 5620/1/5620 
f 5610/1/5610 5619/1/5619 5618/1/5618 5611/1/5611 
f 5529/1/5529 5544/1/5544 5619/1/5619 5610/1/5610 
f 5620/1/5620 5619/1/5619 5544/1/5544 5543/1/5543 
f 5621/1/5621 5622/1/5622 5623/1/5623 5624/1/5624 
f 5620/1/5620 5623/1/5623 5622/1/5622 5617/1/5617 
f 5543/1/5543 5552/1/5552 5623/1/5623 5620/1/5620 
f 5554/1/5554 5624/1/5624 5623/1/5623 5552/1/5552 
f 5625/1/5625 5626/1/5626 5627/1/5627 5628/1/5628 
f 5616/1/5616 5627/1/5627 5626/1/5626 5613/1/5613 
f 5603/1/5603 5612/1/5612 5627/1/5627 5616/1/5616 
f 5628/1/5628 5627/1/5627 5612/1/5612 5611/1/5611 
f 5570/1/5570 5629/1/5629 5630/1/5630 5569/1/5569 
f 5631/1/5631 5630/1/5630 5629/1/5629 5632/1/5632 
f 5621/1/5621 5624/1/5624 5630/1/5630 5631/1/5631 
f 5569/1/5569 5630/1/5630 5624/1/5624 5554/1/5554 
f 5633/1/5633 5634/1/5634 5635/1/5635 
f 5628/1/5628 5633/1/5633 5636/1/5636 5625/1/5625 
f 5611/1/5611 5618/1/5618 5633/1/5633 5628/1/5628 
f 5634/1/5634 5633/1/5633 5618/1/5618 5617/1/5617 
f 5632/1/5632 5637/1/5637 5638/1/5638 5631/1/5631 
f 5634/1/5634 5638/1/5638 5637/1/5637 5635/1/5635 
f 5617/1/5617 5622/1/5622 5638/1/5638 5634/1/5634 
f 5631/1/5631 5638/1/5638 5622/1/5622 5621/1/5621 
f 5584/1/5584 5639/1/5639 5640/1/5640 5583/1/5583 
f 5641/1/5641 5640/1/5640 5639/1/5639 5642/1/5642 
f 5632/1/5632 5629/1/5629 5640/1/5640 5641/1/5641 
f 5583/1/5583 5640/1/5640 5629/1/5629 5570/1/5570 
f 5588/1/5588 5643/1/5643 5644/1/5644 5587/1/5587 
f 5645/1/5645 5644/1/5644 5643/1/5643 5646/1/5646 
f 5642/1/5642 5639/1/5639 5644/1/5644 5645/1/5645 
f 5587/1/5587 5644/1/5644 5639/1/5639 5584/1/5584 
f 5642/1/5642 5647/1/5647 5648/1/5648 5641/1/5641 
f 5637/1/5637 5648/1/5648 5647/1/5647 5635/1/5635 
f 5641/1/5641 5648/1/5648 5637/1/5637 5632/1/5632 
f 5646/1/5646 5649/1/5649 5650/1/5650 5645/1/5645 
f 5651/1/5651 5650/1/5650 5649/1/5649 5652/1/5652 
f 5635/1/5635 5647/1/5647 5650/1/5650 5651/1/5651 
f 5645/1/5645 5650/1/5650 5647/1/5647 5642/1/5642 
f 5651/1/5651 5653/1/5653 5636/1/5636 5635/1/5635 
f 5652/1/5652 5654/1/5654 5653/1/5653 5651/1/5651 
f 5655/1/5655 5656/1/5656 5653/1/5653 5654/1/5654 
f 5636/1/5636 5653/1/5653 5656/1/5656 5625/1/5625 
f 5657/1/5657 5658/1/5658 5654/1/5654 5652/1/5652 
f 5659/1/5659 5660/1/5660 5658/1/5658 5657/1/5657 
f 5661/1/5661 5662/1/5662 5658/1/5658 5660/1/5660 
f 5654/1/5654 5658/1/5658 5662/1/5662 5655/1/5655 
f 5625/1/5625 5656/1/5656 5663/1/5663 5626/1/5626 
f 5664/1/5664 5663/1/5663 5656/1/5656 5655/1/5655 
f 5665/1/5665 5663/1/5663 5664/1/5664 5666/1/5666 
f 5613/1/5613 5626/1/5626 5663/1/5663 5665/1/5665 
f 5666/1/5666 5667/1/5667 5668/1/5668 5665/1/5665 
f 5669/1/5669 5668/1/5668 5667/1/5667 5670/1/5670 
f 5608/1/5608 5614/1/5614 5668/1/5668 5669/1/5669 
f 5665/1/5665 5668/1/5668 5614/1/5614 5613/1/5613 
f 5671/1/5671 5672/1/5672 5673/1/5673 
f 5671/1/5671 5674/1/5674 5659/1/5659 
f 5652/1/5652 5649/1/5649 5671/1/5671 5657/1/5657 
f 5672/1/5672 5671/1/5671 5649/1/5649 5646/1/5646 
f 5600/1/5600 5675/1/5675 5676/1/5676 5599/1/5599 
f 5672/1/5672 5676/1/5676 5675/1/5675 5673/1/5673 
f 5646/1/5646 5643/1/5643 5676/1/5676 5672/1/5672 
f 5599/1/5599 5676/1/5676 5643/1/5643 5588/1/5588 
f 5670/1/5670 5677/1/5677 5678/1/5678 5669/1/5669 
f 5673/1/5673 5675/1/5675 5678/1/5678 5677/1/5677 
f 5606/1/5606 5678/1/5678 5675/1/5675 5600/1/5600 
f 5669/1/5669 5678/1/5678 5606/1/5606 5608/1/5608 
f 5679/1/5679 5680/1/5680 5681/1/5681 
f 5682/1/5682 5673/1/5673 5677/1/5677 
f 5670/1/5670 5667/1/5667 5679/1/5679 5677/1/5677 
f 5680/1/5680 5679/1/5679 5667/1/5667 5666/1/5666 
f 5659/1/5659 5674/1/5674 5683/1/5683 5660/1/5660 
f 5682/1/5682 5683/1/5683 5674/1/5674 5673/1/5673 
f 5683/1/5683 5682/1/5682 5681/1/5681 
f 5660/1/5660 5683/1/5683 5684/1/5684 5661/1/5661 
f 5661/1/5661 5684/1/5684 5685/1/5685 5662/1/5662 
f 5681/1/5681 5680/1/5680 5685/1/5685 5684/1/5684 
f 5666/1/5666 5664/1/5664 5685/1/5685 5680/1/5680 
f 5662/1/5662 5685/1/5685 5664/1/5664 5655/1/5655 
f 5686/1/5686 5687/1/5687 5688/1/5688 
f 4039/1/4039 5686/1/5686 5689/1/5689 4040/1/4040 
f 4036/1/4036 4052/1/4052 5686/1/5686 4039/1/4039 
f 5687/1/5687 5686/1/5686 4052/1/4052 4055/1/4055 
f 4120/1/4120 4119/1/4119 5690/1/5690 5691/1/5691 
f 5687/1/5687 5691/1/5691 5690/1/5690 5688/1/5688 
f 4113/1/4113 5691/1/5691 5687/1/5687 4055/1/4055 
f 4114/1/4114 4120/1/4120 5691/1/5691 4113/1/4113 
f 5692/1/5692 5693/1/5693 4124/1/4124 4123/1/4123 
f 5694/1/5694 5693/1/5693 5692/1/5692 5695/1/5695 
f 5688/1/5688 5690/1/5690 5693/1/5693 
f 4124/1/4124 5693/1/5693 5690/1/5690 4119/1/4119 
f 4000/1/4000 4041/1/4041 5696/1/5696 4007/1/4007 
f 5697/1/5697 5696/1/5696 4041/1/4041 4040/1/4040 
f 5698/1/5698 5699/1/5699 5696/1/5696 5697/1/5697 
f 4007/1/4007 5696/1/5696 5699/1/5699 4004/1/4004 
f 4040/1/4040 5689/1/5689 5700/1/5700 5697/1/5697 
f 5701/1/5701 5700/1/5700 5689/1/5689 5688/1/5688 
f 5702/1/5702 5703/1/5703 5700/1/5700 5701/1/5701 
f 5697/1/5697 5700/1/5700 5703/1/5703 5698/1/5698 
f 5695/1/5695 5704/1/5704 5705/1/5705 5694/1/5694 
f 5701/1/5701 5705/1/5705 5704/1/5704 5702/1/5702 
f 5705/1/5705 5701/1/5701 5688/1/5688 
f 4004/1/4004 5699/1/5699 5706/1/5706 4011/1/4011 
f 5707/1/5707 5706/1/5706 5699/1/5699 5698/1/5698 
f 5708/1/5708 5709/1/5709 5706/1/5706 5707/1/5707 
f 4011/1/4011 5706/1/5706 5709/1/5709 4008/1/4008 
f 4123/1/4123 4126/1/4126 5710/1/5710 5692/1/5692 
f 5711/1/5711 5710/1/5710 4126/1/4126 4125/1/4125 
f 5712/1/5712 5713/1/5713 5710/1/5710 5711/1/5711 
f 5710/1/5710 5713/1/5713 5695/1/5695 5692/1/5692 
f 5698/1/5698 5703/1/5703 5714/1/5714 5707/1/5707 
f 5715/1/5715 5714/1/5714 5703/1/5703 5702/1/5702 
f 5716/1/5716 5717/1/5717 5714/1/5714 5715/1/5715 
f 5717/1/5717 5708/1/5708 5707/1/5707 
f 5712/1/5712 5718/1/5718 5719/1/5719 5713/1/5713 
f 5715/1/5715 5719/1/5719 5718/1/5718 5716/1/5716 
f 5702/1/5702 5704/1/5704 5719/1/5719 5715/1/5715 
f 5713/1/5713 5719/1/5719 5704/1/5704 5695/1/5695 
f 5720/1/5720 5721/1/5721 5709/1/5709 5708/1/5708 
f 5720/1/5720 5722/1/5722 5723/1/5723 
f 4015/1/4015 4012/1/4012 5721/1/5721 5723/1/5723 
f 4008/1/4008 5709/1/5709 5721/1/5721 4012/1/4012 
f 4125/1/4125 4130/1/4130 5724/1/5724 5711/1/5711 
f 5725/1/5725 5724/1/5724 4130/1/4130 4129/1/4129 
f 5726/1/5726 5727/1/5727 5724/1/5724 5725/1/5725 
f 5711/1/5711 5724/1/5724 5727/1/5727 5712/1/5712 
f 5728/1/5728 5729/1/5729 5717/1/5717 5716/1/5716 
f 5730/1/5730 5729/1/5729 5728/1/5728 5731/1/5731 
f 5729/1/5729 5730/1/5730 5722/1/5722 
f 5729/1/5729 5720/1/5720 5708/1/5708 
f 5712/1/5712 5727/1/5727 5732/1/5732 5718/1/5718 
f 5733/1/5733 5732/1/5732 5727/1/5727 5726/1/5726 
f 5731/1/5731 5728/1/5728 5732/1/5732 5733/1/5733 
f 5716/1/5716 5718/1/5718 5732/1/5732 5728/1/5728 
f 5734/1/5734 5723/1/5723 5722/1/5722 
f 5735/1/5735 5734/1/5734 5736/1/5736 5737/1/5737 
f 4017/1/4017 4016/1/4016 5734/1/5734 5735/1/5735 
f 5723/1/5723 5734/1/5734 4016/1/4016 4015/1/4015 
f 5731/1/5731 5738/1/5738 5739/1/5739 5730/1/5730 
f 5740/1/5740 5739/1/5739 5738/1/5738 5741/1/5741 
f 5737/1/5737 5736/1/5736 5739/1/5739 5740/1/5740 
f 5730/1/5730 5739/1/5739 5736/1/5736 5722/1/5722 
f 5742/1/5742 5743/1/5743 5744/1/5744 5745/1/5745 
f 5443/1/5443 5744/1/5744 5743/1/5743 5408/1/5408 
f 5445/1/5445 5446/1/5446 5744/1/5744 5443/1/5443 
f 5745/1/5745 5744/1/5744 5446/1/5446 4023/1/4023 
f 5737/1/5737 5746/1/5746 5747/1/5747 5735/1/5735 
f 5746/1/5746 5742/1/5742 5745/1/5745 
f 4023/1/4023 4020/1/4020 5747/1/5747 5745/1/5745 
f 5735/1/5735 5747/1/5747 4020/1/4020 4017/1/4017 
f 5741/1/5741 5748/1/5748 5749/1/5749 5740/1/5740 
f 5750/1/5750 5749/1/5749 5748/1/5748 5751/1/5751 
f 5749/1/5749 5750/1/5750 5742/1/5742 
f 5740/1/5740 5749/1/5749 5746/1/5746 5737/1/5737 
f 4129/1/4129 4134/1/4134 5752/1/5752 5725/1/5725 
f 5753/1/5753 5752/1/5752 4134/1/4134 4133/1/4133 
f 5754/1/5754 5755/1/5755 5752/1/5752 5753/1/5753 
f 5725/1/5725 5752/1/5752 5755/1/5755 5726/1/5726 
f 5726/1/5726 5755/1/5755 5756/1/5756 5733/1/5733 
f 5757/1/5757 5756/1/5756 5755/1/5755 5754/1/5754 
f 5741/1/5741 5738/1/5738 5756/1/5756 5757/1/5757 
f 5733/1/5733 5756/1/5756 5738/1/5738 5731/1/5731 
f 5408/1/5408 5743/1/5743 5758/1/5758 5407/1/5407 
f 5759/1/5759 5758/1/5758 5743/1/5743 5742/1/5742 
f 5760/1/5760 5761/1/5761 5758/1/5758 5759/1/5759 
f 5407/1/5407 5758/1/5758 5761/1/5761 5373/1/5373 
f 5381/1/5381 5762/1/5762 5763/1/5763 5377/1/5377 
f 5764/1/5764 5763/1/5763 5762/1/5762 5765/1/5765 
f 4096/1/4096 5358/1/5358 5763/1/5763 5764/1/5764 
f 5377/1/5377 5763/1/5763 5358/1/5358 5357/1/5357 
f 5766/1/5766 5750/1/5750 5751/1/5751 
f 5767/1/5767 5768/1/5768 5769/1/5769 
f 5769/1/5769 5760/1/5760 5759/1/5759 
f 5759/1/5759 5742/1/5742 5750/1/5750 
f 5762/1/5762 5770/1/5770 5771/1/5771 5765/1/5765 
f 5387/1/5387 5770/1/5770 5762/1/5762 5381/1/5381 
f 5373/1/5373 5761/1/5761 5770/1/5770 5387/1/5387 
f 5771/1/5771 5770/1/5770 5761/1/5761 5760/1/5760 
f 5768/1/5768 5772/1/5772 5773/1/5773 5769/1/5769 
f 5771/1/5771 5773/1/5773 5772/1/5772 5765/1/5765 
f 5760/1/5760 5769/1/5769 5773/1/5773 5771/1/5771 
f 4133/1/4133 5774/1/5774 5775/1/5775 5753/1/5753 
f 5772/1/5772 5775/1/5775 5774/1/5774 5765/1/5765 
f 5768/1/5768 5776/1/5776 5775/1/5775 5772/1/5772 
f 5753/1/5753 5775/1/5775 5776/1/5776 5754/1/5754 
f 4092/1/4092 4097/1/4097 5777/1/5777 4136/1/4136 
f 5764/1/5764 5777/1/5777 4097/1/4097 4096/1/4096 
f 5765/1/5765 5774/1/5774 5777/1/5777 5764/1/5764 
f 4136/1/4136 5777/1/5777 5774/1/5774 4133/1/4133 
f 5754/1/5754 5776/1/5776 5778/1/5778 5757/1/5757 
f 5767/1/5767 5778/1/5778 5776/1/5776 5768/1/5768 
f 5751/1/5751 5748/1/5748 5778/1/5778 5767/1/5767 
f 5757/1/5757 5778/1/5778 5748/1/5748 5741/1/5741 
f 5779/1/5779 5780/1/5780 4290/1/4290 4289/1/4289 
f 5781/1/5781 5780/1/5780 5779/1/5779 5782/1/5782 
f 2949/1/2949 2948/1/2948 5780/1/5780 5781/1/5781 
f 4290/1/4290 5780/1/5780 2948/1/2948 1353/1/1353 
f 5783/1/5783 5779/1/5779 4289/1/4289 
f 4294/1/4294 4293/1/4293 5784/1/5784 
f 5785/1/5785 5786/1/5786 5783/1/5783 5784/1/5784 
f 5782/1/5782 5779/1/5779 5783/1/5783 5786/1/5786 
f 5782/1/5782 5786/1/5786 5787/1/5787 5781/1/5781 
f 5788/1/5788 5787/1/5787 5786/1/5786 5785/1/5785 
f 2958/1/2958 2957/1/2957 5787/1/5787 5788/1/5788 
f 5781/1/5781 5787/1/5787 2957/1/2957 2949/1/2949 
f 5789/1/5789 5790/1/5790 4300/1/4300 4299/1/4299 
f 5791/1/5791 5790/1/5790 5789/1/5789 5792/1/5792 
f 5784/1/5784 5790/1/5790 5791/1/5791 5785/1/5785 
f 4293/1/4293 4300/1/4300 5790/1/5790 5784/1/5784 
f 4304/1/4304 4303/1/4303 4334/1/4334 5793/1/5793 
f 5794/1/5794 5793/1/5793 4334/1/4334 4338/1/4338 
f 5792/1/5792 5789/1/5789 5793/1/5793 5794/1/5794 
f 5789/1/5789 4299/1/4299 4304/1/4304 
f 4338/1/4338 5795/1/5795 5796/1/5796 5794/1/5794 
f 5795/1/5795 2971/1/2971 2970/1/2970 
f 2969/1/2969 5797/1/5797 5796/1/5796 2970/1/2970 
f 5794/1/5794 5796/1/5796 5797/1/5797 5792/1/5792 
f 5798/1/5798 5239/1/5239 5238/1/5238 
f 5795/1/5795 5798/1/5798 5799/1/5799 2971/1/2971 
f 4338/1/4338 4337/1/4337 5798/1/5798 5795/1/5795 
f 5239/1/5239 5798/1/5798 4337/1/4337 4336/1/4336 
f 2435/1/2435 2975/1/2975 5800/1/5800 5293/1/5293 
f 5799/1/5799 5800/1/5800 2975/1/2975 2971/1/2971 
f 5238/1/5238 5289/1/5289 5800/1/5800 5799/1/5799 
f 5293/1/5293 5800/1/5800 5289/1/5289 5288/1/5288 
f 5785/1/5785 5791/1/5791 5801/1/5801 5788/1/5788 
f 5792/1/5792 5797/1/5797 5801/1/5801 5791/1/5791 
f 2969/1/2969 2977/1/2977 5801/1/5801 5797/1/5797 
f 5788/1/5788 5801/1/5801 2977/1/2977 2958/1/2958 
f 5802/1/5802 5803/1/5803 5804/1/5804 5805/1/5805 
f 5806/1/5806 5804/1/5804 5803/1/5803 5807/1/5807 
f 2307/1/2307 2309/1/2309 5804/1/5804 5806/1/5806 
f 5805/1/5805 5804/1/5804 2309/1/2309 2308/1/2308 
f 5807/1/5807 5808/1/5808 5809/1/5809 5806/1/5806 
f 2568/1/2568 5809/1/5809 5808/1/5808 2569/1/2569 
f 2283/1/2283 2305/1/2305 5809/1/5809 2568/1/2568 
f 5806/1/5806 5809/1/5809 2305/1/2305 2307/1/2307 
f 5810/1/5810 5811/1/5811 2391/1/2391 2390/1/2390 
f 5812/1/5812 5813/1/5813 5811/1/5811 5810/1/5810 
f 5805/1/5805 5811/1/5811 5813/1/5813 5802/1/5802 
f 2308/1/2308 2391/1/2391 5811/1/5811 5805/1/5805 
f 2390/1/2390 2511/1/2511 5814/1/5814 5810/1/5810 
f 5815/1/5815 5814/1/5814 2511/1/2511 2510/1/2510 
f 5816/1/5816 5817/1/5817 5814/1/5814 5815/1/5815 
f 5810/1/5810 5814/1/5814 5817/1/5817 5812/1/5812 
f 2510/1/2510 2515/1/2515 5818/1/5818 5815/1/5815 
f 5819/1/5819 5818/1/5818 2515/1/2515 2514/1/2514 
f 5820/1/5820 5821/1/5821 5818/1/5818 5819/1/5819 
f 5815/1/5815 5818/1/5818 5821/1/5821 5816/1/5816 
f 2569/1/2569 5808/1/5808 5822/1/5822 5823/1/5823 
f 5824/1/5824 5822/1/5822 5808/1/5808 5807/1/5807 
f 5825/1/5825 5823/1/5823 5822/1/5822 5824/1/5824 
f 2522/1/2522 5826/1/5826 5827/1/5827 2523/1/2523 
f 5828/1/5828 5827/1/5827 5826/1/5826 5829/1/5829 
f 5830/1/5830 5831/1/5831 5827/1/5827 5828/1/5828 
f 2523/1/2523 5827/1/5827 5831/1/5831 2527/1/2527 
f 5825/1/5825 5832/1/5832 5833/1/5833 5823/1/5823 
f 5834/1/5834 5833/1/5833 5832/1/5832 5835/1/5835 
f 2626/1/2626 2629/1/2629 5833/1/5833 5834/1/5834 
f 5823/1/5823 5833/1/5833 2629/1/2629 2569/1/2569 
f 5836/1/5836 5837/1/5837 5834/1/5834 5835/1/5835 
f 5838/1/5838 5839/1/5839 5837/1/5837 5836/1/5836 
f 2633/1/2633 5837/1/5837 5839/1/5839 2559/1/2559 
f 2626/1/2626 5834/1/5834 5837/1/5837 2633/1/2633 
f 5840/1/5840 5841/1/5841 5839/1/5839 5838/1/5838 
f 5842/1/5842 5843/1/5843 5841/1/5841 5840/1/5840 
f 2558/1/2558 5841/1/5841 5843/1/5843 2560/1/2560 
f 2559/1/2559 5839/1/5839 5841/1/5841 2558/1/2558 
f 2560/1/2560 5843/1/5843 5844/1/5844 2562/1/2562 
f 5845/1/5845 5844/1/5844 5843/1/5843 5842/1/5842 
f 5846/1/5846 5847/1/5847 5844/1/5844 5845/1/5845 
f 2562/1/2562 5844/1/5844 5847/1/5847 2551/1/2551 
f 2551/1/2551 5847/1/5847 5848/1/5848 2552/1/2552 
f 5849/1/5849 5848/1/5848 5847/1/5847 5846/1/5846 
f 5829/1/5829 5826/1/5826 5848/1/5848 5849/1/5849 
f 2522/1/2522 2552/1/2552 5848/1/5848 5826/1/5826 
f 5145/1/5145 5402/1/5402 5850/1/5850 5166/1/5166 
f 5851/1/5851 5850/1/5850 5402/1/5402 5401/1/5401 
f 5852/1/5852 5853/1/5853 5850/1/5850 5851/1/5851 
f 5166/1/5166 5850/1/5850 5853/1/5853 5168/1/5168 
f 5854/1/5854 5855/1/5855 5856/1/5856 5857/1/5857 
f 5173/1/5173 5856/1/5856 5855/1/5855 5170/1/5170 
f 5168/1/5168 5853/1/5853 5856/1/5856 5173/1/5173 
f 5857/1/5857 5856/1/5856 5853/1/5853 5852/1/5852 
f 5858/1/5858 5859/1/5859 5855/1/5855 5854/1/5854 
f 5860/1/5860 5861/1/5861 5859/1/5859 5858/1/5858 
f 5255/1/5255 5859/1/5859 5861/1/5861 5252/1/5252 
f 5170/1/5170 5855/1/5855 5859/1/5859 5255/1/5255 
f 5252/1/5252 5861/1/5861 5862/1/5862 5350/1/5350 
f 5863/1/5863 5862/1/5862 5861/1/5861 5860/1/5860 
f 5864/1/5864 5865/1/5865 5862/1/5862 5863/1/5863 
f 5350/1/5350 5862/1/5862 5865/1/5865 5351/1/5351 
f 5351/1/5351 5865/1/5865 5866/1/5866 5354/1/5354 
f 5867/1/5867 5866/1/5866 5865/1/5865 5864/1/5864 
f 5820/1/5820 5819/1/5819 5866/1/5866 5867/1/5867 
f 5354/1/5354 5866/1/5866 5819/1/5819 2514/1/2514 
f 5851/1/5851 5868/1/5868 5869/1/5869 5852/1/5852 
f 5401/1/5401 5870/1/5870 5868/1/5868 5851/1/5851 
f 5871/1/5871 5869/1/5869 5868/1/5868 5870/1/5870 
f 5830/1/5830 5872/1/5872 5873/1/5873 5831/1/5831 
f 5874/1/5874 5873/1/5873 5872/1/5872 5875/1/5875 
f 5362/1/5362 5361/1/5361 5873/1/5873 5874/1/5874 
f 5831/1/5831 5873/1/5873 5361/1/5361 2527/1/2527 
f 5876/1/5876 5877/1/5877 5464/1/5464 5463/1/5463 
f 5878/1/5878 5879/1/5879 5877/1/5877 5876/1/5876 
f 5870/1/5870 5877/1/5877 5879/1/5879 5871/1/5871 
f 5464/1/5464 5877/1/5877 5870/1/5870 5401/1/5401 
f 5880/1/5880 5881/1/5881 5465/1/5465 5394/1/5394 
f 5882/1/5882 5883/1/5883 5881/1/5881 5880/1/5880 
f 5876/1/5876 5881/1/5881 5883/1/5883 5878/1/5878 
f 5463/1/5463 5465/1/5465 5881/1/5881 5876/1/5876 
f 5884/1/5884 5885/1/5885 5393/1/5393 5392/1/5392 
f 5886/1/5886 5887/1/5887 5885/1/5885 5884/1/5884 
f 5880/1/5880 5885/1/5885 5887/1/5887 5882/1/5882 
f 5394/1/5394 5393/1/5393 5885/1/5885 5880/1/5880 
f 5392/1/5392 5396/1/5396 5888/1/5888 5884/1/5884 
f 5889/1/5889 5888/1/5888 5396/1/5396 5385/1/5385 
f 5890/1/5890 5891/1/5891 5888/1/5888 5889/1/5889 
f 5884/1/5884 5888/1/5888 5891/1/5891 5886/1/5886 
f 5875/1/5875 5892/1/5892 5893/1/5893 5874/1/5874 
f 5889/1/5889 5893/1/5893 5892/1/5892 5890/1/5890 
f 5385/1/5385 5383/1/5383 5893/1/5893 5889/1/5889 
f 5874/1/5874 5893/1/5893 5383/1/5383 5362/1/5362 
f 5894/1/5894 5895/1/5895 5803/1/5803 5802/1/5802 
f 5896/1/5896 5897/1/5897 5895/1/5895 5894/1/5894 
f 5898/1/5898 5899/1/5899 5895/1/5895 5897/1/5897 
f 5803/1/5803 5895/1/5895 5899/1/5899 5807/1/5807 
f 5900/1/5900 5901/1/5901 5813/1/5813 5812/1/5812 
f 5902/1/5902 5903/1/5903 5901/1/5901 5900/1/5900 
f 5894/1/5894 5901/1/5901 5903/1/5903 5896/1/5896 
f 5802/1/5802 5813/1/5813 5901/1/5901 5894/1/5894 
f 5904/1/5904 5905/1/5905 5906/1/5906 5907/1/5907 
f 5900/1/5900 5906/1/5906 5905/1/5905 5902/1/5902 
f 5812/1/5812 5817/1/5817 5906/1/5906 5900/1/5900 
f 5907/1/5907 5906/1/5906 5817/1/5817 5816/1/5816 
f 5820/1/5820 5908/1/5908 5909/1/5909 5821/1/5821 
f 5910/1/5910 5909/1/5909 5908/1/5908 5911/1/5911 
f 5907/1/5907 5909/1/5909 5910/1/5910 5904/1/5904 
f 5816/1/5816 5821/1/5821 5909/1/5909 5907/1/5907 
f 5898/1/5898 5912/1/5912 5913/1/5913 5899/1/5899 
f 5914/1/5914 5913/1/5913 5912/1/5912 5915/1/5915 
f 5825/1/5825 5824/1/5824 5913/1/5913 5914/1/5914 
f 5899/1/5899 5913/1/5913 5824/1/5824 5807/1/5807 
f 5829/1/5829 5916/1/5916 5917/1/5917 5828/1/5828 
f 5918/1/5918 5917/1/5917 5916/1/5916 5919/1/5919 
f 5920/1/5920 5921/1/5921 5917/1/5917 5918/1/5918 
f 5828/1/5828 5917/1/5917 5921/1/5921 5830/1/5830 
f 5922/1/5922 5923/1/5923 5914/1/5914 5915/1/5915 
f 5924/1/5924 5925/1/5925 5923/1/5923 5922/1/5922 
f 5835/1/5835 5832/1/5832 5923/1/5923 5925/1/5925 
f 5914/1/5914 5923/1/5923 5832/1/5832 5825/1/5825 
f 5835/1/5835 5925/1/5925 5926/1/5926 5836/1/5836 
f 5927/1/5927 5926/1/5926 5925/1/5925 5924/1/5924 
f 5928/1/5928 5929/1/5929 5926/1/5926 5927/1/5927 
f 5836/1/5836 5926/1/5926 5929/1/5929 5838/1/5838 
f 5930/1/5930 5931/1/5931 5929/1/5929 5928/1/5928 
f 5932/1/5932 5933/1/5933 5931/1/5931 5930/1/5930 
f 5840/1/5840 5931/1/5931 5933/1/5933 5842/1/5842 
f 5838/1/5838 5929/1/5929 5931/1/5931 5840/1/5840 
f 5842/1/5842 5933/1/5933 5934/1/5934 5845/1/5845 
f 5935/1/5935 5934/1/5934 5933/1/5933 5932/1/5932 
f 5936/1/5936 5937/1/5937 5934/1/5934 5935/1/5935 
f 5845/1/5845 5934/1/5934 5937/1/5937 5846/1/5846 
f 5846/1/5846 5937/1/5937 5938/1/5938 5849/1/5849 
f 5939/1/5939 5938/1/5938 5937/1/5937 5936/1/5936 
f 5919/1/5919 5916/1/5916 5938/1/5938 5939/1/5939 
f 5849/1/5849 5938/1/5938 5916/1/5916 5829/1/5829 
f 5940/1/5940 5941/1/5941 5857/1/5857 5852/1/5852 
f 5942/1/5942 5943/1/5943 5941/1/5941 5940/1/5940 
f 5944/1/5944 5941/1/5941 5943/1/5943 5945/1/5945 
f 5854/1/5854 5857/1/5857 5941/1/5941 5944/1/5944 
f 5944/1/5944 5946/1/5946 5858/1/5858 5854/1/5854 
f 5945/1/5945 5947/1/5947 5946/1/5946 5944/1/5944 
f 5948/1/5948 5946/1/5946 5947/1/5947 5949/1/5949 
f 5860/1/5860 5858/1/5858 5946/1/5946 5948/1/5948 
f 5949/1/5949 5950/1/5950 5951/1/5951 5948/1/5948 
f 5952/1/5952 5951/1/5951 5950/1/5950 5953/1/5953 
f 5864/1/5864 5863/1/5863 5951/1/5951 5952/1/5952 
f 5948/1/5948 5951/1/5951 5863/1/5863 5860/1/5860 
f 5953/1/5953 5954/1/5954 5955/1/5955 5952/1/5952 
f 5908/1/5908 5955/1/5955 5954/1/5954 5911/1/5911 
f 5867/1/5867 5955/1/5955 5908/1/5908 5820/1/5820 
f 5864/1/5864 5952/1/5952 5955/1/5955 5867/1/5867 
f 5956/1/5956 5957/1/5957 5869/1/5869 5871/1/5871 
f 5958/1/5958 5959/1/5959 5957/1/5957 5956/1/5956 
f 5940/1/5940 5957/1/5957 5959/1/5959 5942/1/5942 
f 5852/1/5852 5869/1/5869 5957/1/5957 5940/1/5940 
f 5920/1/5920 5960/1/5960 5961/1/5961 5921/1/5921 
f 5962/1/5962 5961/1/5961 5960/1/5960 5963/1/5963 
f 5875/1/5875 5872/1/5872 5961/1/5961 5962/1/5962 
f 5830/1/5830 5921/1/5921 5961/1/5961 5872/1/5872 
f 5964/1/5964 5965/1/5965 5966/1/5966 5967/1/5967 
f 5956/1/5956 5966/1/5966 5965/1/5965 5958/1/5958 
f 5871/1/5871 5879/1/5879 5966/1/5966 5956/1/5956 
f 5967/1/5967 5966/1/5966 5879/1/5879 5878/1/5878 
f 5968/1/5968 5969/1/5969 5970/1/5970 5971/1/5971 
f 5967/1/5967 5970/1/5970 5969/1/5969 5964/1/5964 
f 5878/1/5878 5883/1/5883 5970/1/5970 5967/1/5967 
f 5971/1/5971 5970/1/5970 5883/1/5883 5882/1/5882 
f 5972/1/5972 5973/1/5973 5887/1/5887 5886/1/5886 
f 5974/1/5974 5975/1/5975 5973/1/5973 5972/1/5972 
f 5971/1/5971 5973/1/5973 5975/1/5975 5968/1/5968 
f 5882/1/5882 5887/1/5887 5973/1/5973 5971/1/5971 
f 5976/1/5976 5977/1/5977 5978/1/5978 5979/1/5979 
f 5972/1/5972 5978/1/5978 5977/1/5977 5974/1/5974 
f 5886/1/5886 5891/1/5891 5978/1/5978 5972/1/5972 
f 5979/1/5979 5978/1/5978 5891/1/5891 5890/1/5890 
f 5963/1/5963 5980/1/5980 5981/1/5981 5962/1/5962 
f 5979/1/5979 5981/1/5981 5980/1/5980 5976/1/5976 
f 5890/1/5890 5892/1/5892 5981/1/5981 5979/1/5979 
f 5962/1/5962 5981/1/5981 5892/1/5892 5875/1/5875 
f 5896/1/5896 5982/1/5982 5983/1/5983 5897/1/5897 
f 5984/1/5984 5983/1/5983 5982/1/5982 5985/1/5985 
f 5986/1/5986 5987/1/5987 5983/1/5983 5984/1/5984 
f 5897/1/5897 5983/1/5983 5987/1/5987 5898/1/5898 
f 5988/1/5988 5989/1/5989 5903/1/5903 5902/1/5902 
f 5990/1/5990 5989/1/5989 5988/1/5988 5991/1/5991 
f 5985/1/5985 5982/1/5982 5989/1/5989 5990/1/5990 
f 5903/1/5903 5989/1/5989 5982/1/5982 5896/1/5896 
f 5992/1/5992 5993/1/5993 5994/1/5994 5995/1/5995 
f 5988/1/5988 5994/1/5994 5993/1/5993 5991/1/5991 
f 5902/1/5902 5905/1/5905 5994/1/5994 5988/1/5988 
f 5995/1/5995 5994/1/5994 5905/1/5905 5904/1/5904 
f 5996/1/5996 5997/1/5997 5910/1/5910 5911/1/5911 
f 5998/1/5998 5999/1/5999 5997/1/5997 5996/1/5996 
f 5995/1/5995 5997/1/5997 5999/1/5999 5992/1/5992 
f 5904/1/5904 5910/1/5910 5997/1/5997 5995/1/5995 
f 6000/1/6000 6001/1/6001 5987/1/5987 5986/1/5986 
f 6002/1/6002 6003/1/6003 6001/1/6001 6000/1/6000 
f 5912/1/5912 6001/1/6001 6003/1/6003 5915/1/5915 
f 5898/1/5898 5987/1/5987 6001/1/6001 5912/1/5912 
f 5919/1/5919 6004/1/6004 6005/1/6005 5918/1/5918 
f 6006/1/6006 6005/1/6005 6004/1/6004 6007/1/6007 
f 6008/1/6008 6005/1/6005 6006/1/6006 6009/1/6009 
f 5918/1/5918 6005/1/6005 6008/1/6008 5920/1/5920 
f 5915/1/5915 6003/1/6003 6010/1/6010 5922/1/5922 
f 6011/1/6011 6010/1/6010 6003/1/6003 6002/1/6002 
f 6012/1/6012 6013/1/6013 6010/1/6010 6011/1/6011 
f 5922/1/5922 6010/1/6010 6013/1/6013 5924/1/5924 
f 5924/1/5924 6013/1/6013 6014/1/6014 5927/1/5927 
f 6015/1/6015 6014/1/6014 6013/1/6013 6012/1/6012 
f 6016/1/6016 6017/1/6017 6014/1/6014 6015/1/6015 
f 5927/1/5927 6014/1/6014 6017/1/6017 5928/1/5928 
f 6018/1/6018 6019/1/6019 6017/1/6017 6016/1/6016 
f 6020/1/6020 6021/1/6021 6019/1/6019 6018/1/6018 
f 5930/1/5930 6019/1/6019 6021/1/6021 5932/1/5932 
f 5928/1/5928 6017/1/6017 6019/1/6019 5930/1/5930 
f 6022/1/6022 6023/1/6023 6021/1/6021 6020/1/6020 
f 6024/1/6024 6025/1/6025 6023/1/6023 6022/1/6022 
f 5935/1/5935 6023/1/6023 6025/1/6025 5936/1/5936 
f 5932/1/5932 6021/1/6021 6023/1/6023 5935/1/5935 
f 5936/1/5936 6025/1/6025 6026/1/6026 5939/1/5939 
f 6027/1/6027 6026/1/6026 6025/1/6025 6024/1/6024 
f 6007/1/6007 6004/1/6004 6026/1/6026 6027/1/6027 
f 5939/1/5939 6026/1/6026 6004/1/6004 5919/1/5919 
f 6028/1/6028 6029/1/6029 6030/1/6030 6031/1/6031 
f 6032/1/6032 6030/1/6030 6029/1/6029 6033/1/6033 
f 5945/1/5945 5943/1/5943 6030/1/6030 6032/1/6032 
f 6031/1/6031 6030/1/6030 5943/1/5943 5942/1/5942 
f 6033/1/6033 6034/1/6034 6035/1/6035 6032/1/6032 
f 6036/1/6036 6035/1/6035 6034/1/6034 6037/1/6037 
f 5949/1/5949 5947/1/5947 6035/1/6035 6036/1/6036 
f 6032/1/6032 6035/1/6035 5947/1/5947 5945/1/5945 
f 6037/1/6037 6038/1/6038 6039/1/6039 6036/1/6036 
f 6040/1/6040 6039/1/6039 6038/1/6038 6041/1/6041 
f 5953/1/5953 5950/1/5950 6039/1/6039 6040/1/6040 
f 6036/1/6036 6039/1/6039 5950/1/5950 5949/1/5949 
f 6041/1/6041 6042/1/6042 6043/1/6043 6040/1/6040 
f 6042/1/6042 5998/1/5998 5996/1/5996 
f 5954/1/5954 6043/1/6043 5996/1/5996 5911/1/5911 
f 6040/1/6040 6043/1/6043 5954/1/5954 5953/1/5953 
f 6044/1/6044 6045/1/6045 5959/1/5959 5958/1/5958 
f 6046/1/6046 6047/1/6047 6045/1/6045 6044/1/6044 
f 6047/1/6047 6028/1/6028 6031/1/6031 
f 5942/1/5942 5959/1/5959 6045/1/6045 6031/1/6031 
f 6009/1/6009 6048/1/6048 6049/1/6049 6008/1/6008 
f 6050/1/6050 6049/1/6049 6048/1/6048 6051/1/6051 
f 5963/1/5963 5960/1/5960 6049/1/6049 6050/1/6050 
f 6008/1/6008 6049/1/6049 5960/1/5960 5920/1/5920 
f 6052/1/6052 6053/1/6053 6054/1/6054 6055/1/6055 
f 6044/1/6044 6054/1/6054 6053/1/6053 6046/1/6046 
f 5958/1/5958 5965/1/5965 6054/1/6054 6044/1/6044 
f 6055/1/6055 6054/1/6054 5965/1/5965 5964/1/5964 
f 6056/1/6056 6057/1/6057 6058/1/6058 6059/1/6059 
f 6055/1/6055 6058/1/6058 6057/1/6057 6052/1/6052 
f 5964/1/5964 5969/1/5969 6058/1/6058 6055/1/6055 
f 6059/1/6059 6058/1/6058 5969/1/5969 5968/1/5968 
f 6060/1/6060 6061/1/6061 5975/1/5975 5974/1/5974 
f 6062/1/6062 6063/1/6063 6061/1/6061 6060/1/6060 
f 6059/1/6059 6061/1/6061 6063/1/6063 6056/1/6056 
f 5968/1/5968 5975/1/5975 6061/1/6061 6059/1/6059 
f 6064/1/6064 6065/1/6065 6066/1/6066 6067/1/6067 
f 6060/1/6060 6066/1/6066 6065/1/6065 6062/1/6062 
f 5974/1/5974 5977/1/5977 6066/1/6066 6060/1/6060 
f 5977/1/5977 5976/1/5976 6067/1/6067 
f 6050/1/6050 6068/1/6068 5980/1/5980 5963/1/5963 
f 6051/1/6051 6069/1/6069 6068/1/6068 6050/1/6050 
f 6069/1/6069 6064/1/6064 6067/1/6067 
f 5976/1/5976 5980/1/5980 6068/1/6068 6067/1/6067 
f 6070/1/6070 6071/1/6071 6072/1/6072 
f 6073/1/6073 6070/1/6070 6074/1/6074 6075/1/6075 
f 6076/1/6076 6077/1/6077 6070/1/6070 6073/1/6073 
f 6071/1/6071 6070/1/6070 6077/1/6077 6078/1/6078 
f 6079/1/6079 6080/1/6080 6081/1/6081 6082/1/6082 
f 6083/1/6083 6081/1/6081 6080/1/6080 6084/1/6084 
f 6085/1/6085 6086/1/6086 6081/1/6081 6083/1/6083 
f 6082/1/6082 6081/1/6081 6086/1/6086 6087/1/6087 
f 6075/1/6075 6088/1/6088 6089/1/6089 6073/1/6073 
f 6090/1/6090 6089/1/6089 6088/1/6088 6091/1/6091 
f 6092/1/6092 6089/1/6089 6090/1/6090 6093/1/6093 
f 6076/1/6076 6073/1/6073 6089/1/6089 6092/1/6092 
f 6084/1/6084 6080/1/6080 6094/1/6094 6095/1/6095 
f 6096/1/6096 6094/1/6094 6080/1/6080 6079/1/6079 
f 6091/1/6091 6088/1/6088 6094/1/6094 6096/1/6096 
f 6095/1/6095 6094/1/6094 6088/1/6088 6075/1/6075 
f 6097/1/6097 6098/1/6098 6099/1/6099 6100/1/6100 
f 6082/1/6082 6099/1/6099 6098/1/6098 6079/1/6079 
f 6087/1/6087 6101/1/6101 6099/1/6099 6082/1/6082 
f 6100/1/6100 6099/1/6099 6101/1/6101 6102/1/6102 
f 6091/1/6091 6103/1/6103 6104/1/6104 6090/1/6090 
f 6105/1/6105 6106/1/6106 6104/1/6104 6103/1/6103 
f 6107/1/6107 6104/1/6104 6106/1/6106 6108/1/6108 
f 6093/1/6093 6090/1/6090 6104/1/6104 6107/1/6107 
f 6079/1/6079 6098/1/6098 6109/1/6109 6096/1/6096 
f 6110/1/6110 6109/1/6109 6098/1/6098 6097/1/6097 
f 6105/1/6105 6103/1/6103 6109/1/6109 6110/1/6110 
f 6096/1/6096 6109/1/6109 6103/1/6103 6091/1/6091 
f 6111/1/6111 6112/1/6112 6113/1/6113 6114/1/6114 
f 6100/1/6100 6113/1/6113 6112/1/6112 6097/1/6097 
f 6102/1/6102 6115/1/6115 6113/1/6113 6100/1/6100 
f 6114/1/6114 6113/1/6113 6115/1/6115 6116/1/6116 
f 6117/1/6117 6118/1/6118 6119/1/6119 6120/1/6120 
f 6121/1/6121 6119/1/6119 6118/1/6118 6122/1/6122 
f 6108/1/6108 6106/1/6106 6119/1/6119 6121/1/6121 
f 6120/1/6120 6119/1/6119 6106/1/6106 6105/1/6105 
f 6097/1/6097 6112/1/6112 6123/1/6123 6110/1/6110 
f 6124/1/6124 6123/1/6123 6112/1/6112 6111/1/6111 
f 6117/1/6117 6120/1/6120 6123/1/6123 6124/1/6124 
f 6110/1/6110 6123/1/6123 6120/1/6120 6105/1/6105 
f 6125/1/6125 6126/1/6126 6127/1/6127 6128/1/6128 
f 6114/1/6114 6127/1/6127 6126/1/6126 6111/1/6111 
f 6116/1/6116 6129/1/6129 6127/1/6127 6114/1/6114 
f 6128/1/6128 6127/1/6127 6129/1/6129 6130/1/6130 
f 6131/1/6131 6132/1/6132 6133/1/6133 6134/1/6134 
f 6135/1/6135 6133/1/6133 6132/1/6132 6136/1/6136 
f 6122/1/6122 6118/1/6118 6133/1/6133 6135/1/6135 
f 6134/1/6134 6133/1/6133 6118/1/6118 6117/1/6117 
f 6111/1/6111 6126/1/6126 6137/1/6137 6124/1/6124 
f 6125/1/6125 6138/1/6138 6137/1/6137 6126/1/6126 
f 6131/1/6131 6134/1/6134 6137/1/6137 6138/1/6138 
f 6124/1/6124 6137/1/6137 6134/1/6134 6117/1/6117 
f 6139/1/6139 6140/1/6140 6141/1/6141 6142/1/6142 
f 6125/1/6125 6128/1/6128 6140/1/6140 6139/1/6139 
f 6130/1/6130 6143/1/6143 6140/1/6140 6128/1/6128 
f 6141/1/6141 6140/1/6140 6143/1/6143 6144/1/6144 
f 6145/1/6145 6146/1/6146 6147/1/6147 6148/1/6148 
f 6149/1/6149 6147/1/6147 6146/1/6146 6150/1/6150 
f 6136/1/6136 6132/1/6132 6147/1/6147 6149/1/6149 
f 6148/1/6148 6147/1/6147 6132/1/6132 6131/1/6131 
f 6139/1/6139 6151/1/6151 6138/1/6138 6125/1/6125 
f 6142/1/6142 6152/1/6152 6151/1/6151 6139/1/6139 
f 6148/1/6148 6151/1/6151 6152/1/6152 6145/1/6145 
f 6131/1/6131 6138/1/6138 6151/1/6151 6148/1/6148 
f 6153/1/6153 6154/1/6154 6155/1/6155 6156/1/6156 
f 6157/1/6157 6155/1/6155 6154/1/6154 6158/1/6158 
f 6142/1/6142 6141/1/6141 6155/1/6155 6157/1/6157 
f 6156/1/6156 6155/1/6155 6141/1/6141 6144/1/6144 
f 6159/1/6159 6160/1/6160 6161/1/6161 6162/1/6162 
f 6163/1/6163 6161/1/6161 6160/1/6160 6164/1/6164 
f 6150/1/6150 6146/1/6146 6161/1/6161 6163/1/6163 
f 6162/1/6162 6161/1/6161 6146/1/6146 6145/1/6145 
f 6158/1/6158 6165/1/6165 6166/1/6166 6157/1/6157 
f 6162/1/6162 6166/1/6166 6165/1/6165 6159/1/6159 
f 6145/1/6145 6152/1/6152 6166/1/6166 6162/1/6162 
f 6157/1/6157 6166/1/6166 6152/1/6152 6142/1/6142 
f 6167/1/6167 6168/1/6168 6169/1/6169 6170/1/6170 
f 6171/1/6171 6169/1/6169 6168/1/6168 6172/1/6172 
f 6158/1/6158 6154/1/6154 6169/1/6169 6171/1/6171 
f 6170/1/6170 6169/1/6169 6154/1/6154 6153/1/6153 
f 6173/1/6173 6174/1/6174 6175/1/6175 6176/1/6176 
f 6177/1/6177 6178/1/6178 6175/1/6175 6174/1/6174 
f 6164/1/6164 6160/1/6160 6175/1/6175 6178/1/6178 
f 6176/1/6176 6175/1/6175 6160/1/6160 6159/1/6159 
f 6172/1/6172 6179/1/6179 6180/1/6180 6171/1/6171 
f 6176/1/6176 6180/1/6180 6179/1/6179 6173/1/6173 
f 6159/1/6159 6165/1/6165 6180/1/6180 6176/1/6176 
f 6171/1/6171 6180/1/6180 6165/1/6165 6158/1/6158 
f 6181/1/6181 6182/1/6182 6183/1/6183 6184/1/6184 
f 6185/1/6185 6183/1/6183 6182/1/6182 6186/1/6186 
f 6172/1/6172 6168/1/6168 6183/1/6183 6185/1/6185 
f 6184/1/6184 6183/1/6183 6168/1/6168 6167/1/6167 
f 6187/1/6187 6188/1/6188 6189/1/6189 6190/1/6190 
f 6191/1/6191 6192/1/6192 6188/1/6188 6187/1/6187 
f 6174/1/6174 6188/1/6188 6192/1/6192 6177/1/6177 
f 6173/1/6173 6189/1/6189 6188/1/6188 6174/1/6174 
f 6186/1/6186 6193/1/6193 6194/1/6194 6185/1/6185 
f 6189/1/6189 6194/1/6194 6193/1/6193 6190/1/6190 
f 6173/1/6173 6179/1/6179 6194/1/6194 6189/1/6189 
f 6185/1/6185 6194/1/6194 6179/1/6179 6172/1/6172 
f 6195/1/6195 6196/1/6196 6197/1/6197 6198/1/6198 
f 6199/1/6199 6197/1/6197 6196/1/6196 6200/1/6200 
f 6186/1/6186 6182/1/6182 6197/1/6197 6199/1/6199 
f 6198/1/6198 6197/1/6197 6182/1/6182 6181/1/6181 
f 6201/1/6201 6202/1/6202 6203/1/6203 6204/1/6204 
f 6205/1/6205 6206/1/6206 6203/1/6203 6202/1/6202 
f 6187/1/6187 6203/1/6203 6206/1/6206 6191/1/6191 
f 6190/1/6190 6204/1/6204 6203/1/6203 6187/1/6187 
f 6200/1/6200 6207/1/6207 6208/1/6208 6199/1/6199 
f 6204/1/6204 6208/1/6208 6207/1/6207 6201/1/6201 
f 6190/1/6190 6193/1/6193 6208/1/6208 6204/1/6204 
f 6199/1/6199 6208/1/6208 6193/1/6193 6186/1/6186 
f 6209/1/6209 6210/1/6210 6211/1/6211 6212/1/6212 
f 6213/1/6213 6211/1/6211 6210/1/6210 6214/1/6214 
f 6200/1/6200 6196/1/6196 6211/1/6211 6213/1/6213 
f 6212/1/6212 6211/1/6211 6196/1/6196 6195/1/6195 
f 6215/1/6215 6216/1/6216 6217/1/6217 6218/1/6218 
f 6219/1/6219 6220/1/6220 6216/1/6216 6215/1/6215 
f 6202/1/6202 6216/1/6216 6220/1/6220 6205/1/6205 
f 6201/1/6201 6217/1/6217 6216/1/6216 6202/1/6202 
f 6214/1/6214 6221/1/6221 6222/1/6222 6213/1/6213 
f 6217/1/6217 6222/1/6222 6221/1/6221 6218/1/6218 
f 6201/1/6201 6207/1/6207 6222/1/6222 6217/1/6217 
f 6213/1/6213 6222/1/6222 6207/1/6207 6200/1/6200 
f 6223/1/6223 6224/1/6224 6225/1/6225 6226/1/6226 
f 6227/1/6227 6225/1/6225 6224/1/6224 6228/1/6228 
f 6214/1/6214 6210/1/6210 6225/1/6225 6227/1/6227 
f 6226/1/6226 6225/1/6225 6210/1/6210 6209/1/6209 
f 6229/1/6229 6230/1/6230 6231/1/6231 6232/1/6232 
f 6233/1/6233 6234/1/6234 6230/1/6230 6229/1/6229 
f 6215/1/6215 6230/1/6230 6234/1/6234 6219/1/6219 
f 6218/1/6218 6231/1/6231 6230/1/6230 6215/1/6215 
f 6228/1/6228 6235/1/6235 6236/1/6236 6227/1/6227 
f 6231/1/6231 6236/1/6236 6235/1/6235 6232/1/6232 
f 6218/1/6218 6221/1/6221 6236/1/6236 6231/1/6231 
f 6227/1/6227 6236/1/6236 6221/1/6221 6214/1/6214 
f 6237/1/6237 6238/1/6238 6239/1/6239 6240/1/6240 
f 6241/1/6241 6239/1/6239 6238/1/6238 6242/1/6242 
f 6228/1/6228 6224/1/6224 6239/1/6239 6241/1/6241 
f 6240/1/6240 6239/1/6239 6224/1/6224 6223/1/6223 
f 6243/1/6243 6244/1/6244 6245/1/6245 6246/1/6246 
f 6247/1/6247 6248/1/6248 6244/1/6244 6243/1/6243 
f 6229/1/6229 6244/1/6244 6248/1/6248 6233/1/6233 
f 6232/1/6232 6245/1/6245 6244/1/6244 6229/1/6229 
f 6242/1/6242 6249/1/6249 6250/1/6250 6241/1/6241 
f 6245/1/6245 6250/1/6250 6249/1/6249 6246/1/6246 
f 6232/1/6232 6235/1/6235 6250/1/6250 6245/1/6245 
f 6241/1/6241 6250/1/6250 6235/1/6235 6228/1/6228 
f 6251/1/6251 6252/1/6252 6253/1/6253 6254/1/6254 
f 6255/1/6255 6253/1/6253 6252/1/6252 6256/1/6256 
f 6242/1/6242 6238/1/6238 6253/1/6253 6255/1/6255 
f 6254/1/6254 6253/1/6253 6238/1/6238 6237/1/6237 
f 6257/1/6257 6258/1/6258 6259/1/6259 6260/1/6260 
f 6261/1/6261 6262/1/6262 6258/1/6258 6257/1/6257 
f 6243/1/6243 6258/1/6258 6262/1/6262 6247/1/6247 
f 6246/1/6246 6259/1/6259 6258/1/6258 6243/1/6243 
f 6256/1/6256 6263/1/6263 6264/1/6264 6255/1/6255 
f 6260/1/6260 6259/1/6259 6264/1/6264 6263/1/6263 
f 6246/1/6246 6249/1/6249 6264/1/6264 6259/1/6259 
f 6255/1/6255 6264/1/6264 6249/1/6249 6242/1/6242 
f 6265/1/6265 6266/1/6266 6267/1/6267 6268/1/6268 
f 6269/1/6269 6267/1/6267 6266/1/6266 6270/1/6270 
f 6256/1/6256 6252/1/6252 6267/1/6267 6269/1/6269 
f 6252/1/6252 6251/1/6251 6268/1/6268 
f 6260/1/6260 6271/1/6271 6272/1/6272 6257/1/6257 
f 6273/1/6273 6274/1/6274 6272/1/6272 6271/1/6271 
f 6275/1/6275 6272/1/6272 6274/1/6274 6276/1/6276 
f 6261/1/6261 6257/1/6257 6272/1/6272 6275/1/6275 
f 6269/1/6269 6277/1/6277 6263/1/6263 6256/1/6256 
f 6270/1/6270 6278/1/6278 6277/1/6277 6269/1/6269 
f 6271/1/6271 6277/1/6277 6278/1/6278 6273/1/6273 
f 6260/1/6260 6263/1/6263 6277/1/6277 6271/1/6271 
f 6279/1/6279 6280/1/6280 6281/1/6281 6282/1/6282 
f 6283/1/6283 6281/1/6281 6280/1/6280 6284/1/6284 
f 6270/1/6270 6266/1/6266 6281/1/6281 6283/1/6283 
f 6282/1/6282 6281/1/6281 6266/1/6266 6265/1/6265 
f 6285/1/6285 6286/1/6286 6287/1/6287 6288/1/6288 
f 6289/1/6289 6287/1/6287 6286/1/6286 6290/1/6290 
f 6276/1/6276 6274/1/6274 6287/1/6287 6289/1/6289 
f 6288/1/6288 6287/1/6287 6274/1/6274 6273/1/6273 
f 6284/1/6284 6291/1/6291 6292/1/6292 6283/1/6283 
f 6288/1/6288 6292/1/6292 6291/1/6291 6285/1/6285 
f 6273/1/6273 6278/1/6278 6292/1/6292 6288/1/6288 
f 6283/1/6283 6292/1/6292 6278/1/6278 6270/1/6270 
f 6293/1/6293 6294/1/6294 6295/1/6295 6296/1/6296 
f 6297/1/6297 6295/1/6295 6294/1/6294 6298/1/6298 
f 6284/1/6284 6280/1/6280 6295/1/6295 6297/1/6297 
f 6296/1/6296 6295/1/6295 6280/1/6280 6279/1/6279 
f 6299/1/6299 6300/1/6300 6301/1/6301 6302/1/6302 
f 6303/1/6303 6301/1/6301 6300/1/6300 6304/1/6304 
f 6290/1/6290 6286/1/6286 6301/1/6301 6303/1/6303 
f 6302/1/6302 6301/1/6301 6286/1/6286 6285/1/6285 
f 6298/1/6298 6305/1/6305 6306/1/6306 6297/1/6297 
f 6302/1/6302 6306/1/6306 6305/1/6305 6299/1/6299 
f 6285/1/6285 6291/1/6291 6306/1/6306 6302/1/6302 
f 6297/1/6297 6306/1/6306 6291/1/6291 6284/1/6284 
f 6304/1/6304 6300/1/6300 6307/1/6307 6308/1/6308 
f 6309/1/6309 6307/1/6307 6300/1/6300 6299/1/6299 
f 6310/1/6310 6311/1/6311 6307/1/6307 6309/1/6309 
f 6308/1/6308 6307/1/6307 6311/1/6311 6312/1/6312 
f 6313/1/6313 6314/1/6314 6315/1/6315 6316/1/6316 
f 6317/1/6317 6315/1/6315 6314/1/6314 6318/1/6318 
f 6312/1/6312 6311/1/6311 6315/1/6315 6317/1/6317 
f 6316/1/6316 6315/1/6315 6311/1/6311 6310/1/6310 
f 6299/1/6299 6305/1/6305 6319/1/6319 6309/1/6309 
f 6320/1/6320 6319/1/6319 6305/1/6305 6298/1/6298 
f 6321/1/6321 6322/1/6322 6319/1/6319 6320/1/6320 
f 6309/1/6309 6319/1/6319 6322/1/6322 6310/1/6310 
f 6323/1/6323 6324/1/6324 6325/1/6325 
f 6320/1/6320 6326/1/6326 6325/1/6325 6321/1/6321 
f 6298/1/6298 6294/1/6294 6326/1/6326 6320/1/6320 
f 6294/1/6294 6293/1/6293 6323/1/6323 
f 6075/1/6075 6074/1/6074 6327/1/6327 6095/1/6095 
f 6328/1/6328 6327/1/6327 6074/1/6074 6072/1/6072 
f 6329/1/6329 6330/1/6330 6327/1/6327 6328/1/6328 
f 6095/1/6095 6327/1/6327 6330/1/6330 6084/1/6084 
f 6331/1/6331 6332/1/6332 6333/1/6333 6334/1/6334 
f 6321/1/6321 6325/1/6325 6333/1/6333 6332/1/6332 
f 6324/1/6324 6335/1/6335 6333/1/6333 
f 6334/1/6334 6333/1/6333 6335/1/6335 6336/1/6336 
f 6313/1/6313 6337/1/6337 6338/1/6338 6314/1/6314 
f 6339/1/6339 6338/1/6338 6337/1/6337 6340/1/6340 
f 6341/1/6341 6342/1/6342 6338/1/6338 6339/1/6339 
f 6314/1/6314 6338/1/6338 6342/1/6342 6318/1/6318 
f 6078/1/6078 6343/1/6343 6344/1/6344 6071/1/6071 
f 6339/1/6339 6344/1/6344 6343/1/6343 6341/1/6341 
f 6340/1/6340 6345/1/6345 6344/1/6344 6339/1/6339 
f 6071/1/6071 6344/1/6344 6345/1/6345 6072/1/6072 
f 6084/1/6084 6330/1/6330 6346/1/6346 6083/1/6083 
f 6330/1/6330 6329/1/6329 6347/1/6347 
f 6348/1/6348 6349/1/6349 6346/1/6346 6347/1/6347 
f 6083/1/6083 6346/1/6346 6349/1/6349 6085/1/6085 
f 6350/1/6350 6351/1/6351 6352/1/6352 6353/1/6353 
f 6334/1/6334 6352/1/6352 6351/1/6351 6331/1/6331 
f 6336/1/6336 6354/1/6354 6352/1/6352 6334/1/6334 
f 6353/1/6353 6352/1/6352 6354/1/6354 6355/1/6355 
f 6332/1/6332 6356/1/6356 6322/1/6322 6321/1/6321 
f 6331/1/6331 6357/1/6357 6356/1/6356 6332/1/6332 
f 6316/1/6316 6356/1/6356 6357/1/6357 6313/1/6313 
f 6310/1/6310 6322/1/6322 6356/1/6356 6316/1/6316 
f 6331/1/6331 6351/1/6351 6358/1/6358 6357/1/6357 
f 6350/1/6350 6359/1/6359 6358/1/6358 6351/1/6351 
f 6340/1/6340 6337/1/6337 6358/1/6358 6359/1/6359 
f 6357/1/6357 6358/1/6358 6337/1/6337 6313/1/6313 
f 6360/1/6360 6361/1/6361 6359/1/6359 6350/1/6350 
f 6328/1/6328 6361/1/6361 6360/1/6360 6329/1/6329 
f 6072/1/6072 6345/1/6345 6361/1/6361 6328/1/6328 
f 6359/1/6359 6361/1/6361 6345/1/6345 6340/1/6340 
f 6329/1/6329 6360/1/6360 6362/1/6362 6347/1/6347 
f 6353/1/6353 6362/1/6362 6360/1/6360 6350/1/6350 
f 6355/1/6355 6363/1/6363 6362/1/6362 6353/1/6353 
f 6363/1/6363 6348/1/6348 6347/1/6347 
f 6364/1/6364 6365/1/6365 6366/1/6366 6367/1/6367 
f 6368/1/6368 6369/1/6369 6365/1/6365 6364/1/6364 
f 6317/1/6317 6365/1/6365 6369/1/6369 6312/1/6312 
f 6318/1/6318 6366/1/6366 6365/1/6365 6317/1/6317 
f 6312/1/6312 6369/1/6369 6370/1/6370 6308/1/6308 
f 6371/1/6371 6370/1/6370 6369/1/6369 6368/1/6368 
f 6372/1/6372 6373/1/6373 6370/1/6370 6371/1/6371 
f 6308/1/6308 6370/1/6370 6373/1/6373 6304/1/6304 
f 6304/1/6304 6373/1/6373 6374/1/6374 6303/1/6303 
f 6375/1/6375 6374/1/6374 6373/1/6373 6372/1/6372 
f 6376/1/6376 6377/1/6377 6374/1/6374 6375/1/6375 
f 6303/1/6303 6374/1/6374 6377/1/6377 6290/1/6290 
f 6290/1/6290 6377/1/6377 6378/1/6378 6289/1/6289 
f 6379/1/6379 6378/1/6378 6377/1/6377 6376/1/6376 
f 6380/1/6380 6381/1/6381 6378/1/6378 6379/1/6379 
f 6289/1/6289 6378/1/6378 6381/1/6381 6276/1/6276 
f 6382/1/6382 6383/1/6383 6381/1/6381 6380/1/6380 
f 6384/1/6384 6385/1/6385 6383/1/6383 6382/1/6382 
f 6275/1/6275 6383/1/6383 6385/1/6385 6261/1/6261 
f 6276/1/6276 6381/1/6381 6383/1/6383 6275/1/6275 
f 6386/1/6386 6262/1/6262 6261/1/6261 6385/1/6385 
f 6384/1/6384 6387/1/6387 6386/1/6386 6385/1/6385 
f 6388/1/6388 6389/1/6389 6386/1/6386 6387/1/6387 
f 6247/1/6247 6262/1/6262 6386/1/6386 6389/1/6389 
f 6388/1/6388 6390/1/6390 6391/1/6391 6389/1/6389 
f 6392/1/6392 6391/1/6391 6390/1/6390 6393/1/6393 
f 6233/1/6233 6248/1/6248 6391/1/6391 6392/1/6392 
f 6389/1/6389 6391/1/6391 6248/1/6248 6247/1/6247 
f 6394/1/6394 6395/1/6395 6396/1/6396 
f 6397/1/6397 6398/1/6398 6399/1/6399 6400/1/6400 
f 6371/1/6371 6399/1/6399 6398/1/6398 6372/1/6372 
f 6368/1/6368 6401/1/6401 6399/1/6399 6371/1/6371 
f 6400/1/6400 6399/1/6399 6401/1/6401 6396/1/6396 
f 6402/1/6402 6403/1/6403 6395/1/6395 6404/1/6404 
f 6405/1/6405 6406/1/6406 6403/1/6403 6402/1/6402 
f 6400/1/6400 6403/1/6403 6406/1/6406 6397/1/6397 
f 6403/1/6403 6400/1/6400 6396/1/6396 
f 6402/1/6402 6407/1/6407 6408/1/6408 6405/1/6405 
f 6407/1/6407 6402/1/6402 6404/1/6404 
f 6372/1/6372 6398/1/6398 6409/1/6409 6375/1/6375 
f 6410/1/6410 6409/1/6409 6398/1/6398 6397/1/6397 
f 6411/1/6411 6412/1/6412 6409/1/6409 6410/1/6410 
f 6375/1/6375 6409/1/6409 6412/1/6412 6376/1/6376 
f 6397/1/6397 6406/1/6406 6413/1/6413 6410/1/6410 
f 6414/1/6414 6413/1/6413 6406/1/6406 6405/1/6405 
f 6415/1/6415 6416/1/6416 6413/1/6413 6414/1/6414 
f 6410/1/6410 6413/1/6413 6416/1/6416 6411/1/6411 
f 6414/1/6414 6417/1/6417 6418/1/6418 6415/1/6415 
f 6405/1/6405 6408/1/6408 6417/1/6417 6414/1/6414 
f 6419/1/6419 6420/1/6420 6412/1/6412 6411/1/6411 
f 6421/1/6421 6420/1/6420 6419/1/6419 6422/1/6422 
f 6421/1/6421 6380/1/6380 6379/1/6379 
f 6376/1/6376 6412/1/6412 6420/1/6420 6379/1/6379 
f 6423/1/6423 6424/1/6424 6416/1/6416 6415/1/6415 
f 6424/1/6424 6423/1/6423 6425/1/6425 
f 6426/1/6426 6422/1/6422 6419/1/6419 
f 6411/1/6411 6416/1/6416 6424/1/6424 6419/1/6419 
f 6427/1/6427 6425/1/6425 6423/1/6423 
f 6415/1/6415 6418/1/6418 6428/1/6428 6423/1/6423 
f 6429/1/6429 6421/1/6421 6422/1/6422 
f 6430/1/6430 6431/1/6431 6432/1/6432 
f 6384/1/6384 6382/1/6382 6429/1/6429 6432/1/6432 
f 6382/1/6382 6380/1/6380 6421/1/6421 
f 6426/1/6426 6425/1/6425 6433/1/6433 
f 6434/1/6434 6435/1/6435 6436/1/6436 6433/1/6433 
f 6435/1/6435 6431/1/6431 6430/1/6430 
f 6422/1/6422 6426/1/6426 6436/1/6436 6430/1/6430 
f 6437/1/6437 6434/1/6434 6433/1/6433 
f 6425/1/6425 6427/1/6427 6438/1/6438 6433/1/6433 
f 6431/1/6431 6439/1/6439 6440/1/6440 6432/1/6432 
f 6441/1/6441 6440/1/6440 6439/1/6439 6442/1/6442 
f 6388/1/6388 6387/1/6387 6440/1/6440 6441/1/6441 
f 6432/1/6432 6440/1/6440 6387/1/6387 6384/1/6384 
f 6443/1/6443 6439/1/6439 6431/1/6431 
f 6444/1/6444 6443/1/6443 6435/1/6435 6434/1/6434 
f 6445/1/6445 6446/1/6446 6443/1/6443 6444/1/6444 
f 6446/1/6446 6442/1/6442 6439/1/6439 
f 6444/1/6444 6447/1/6447 6448/1/6448 6445/1/6445 
f 6434/1/6434 6437/1/6437 6447/1/6447 6444/1/6444 
f 6442/1/6442 6446/1/6446 6449/1/6449 6450/1/6450 
f 6451/1/6451 6449/1/6449 6446/1/6446 6445/1/6445 
f 6445/1/6445 6448/1/6448 6452/1/6452 6451/1/6451 
f 6453/1/6453 6454/1/6454 6455/1/6455 6456/1/6456 
f 6457/1/6457 6455/1/6455 6454/1/6454 6458/1/6458 
f 6093/1/6093 6107/1/6107 6455/1/6455 6457/1/6457 
f 6456/1/6456 6455/1/6455 6107/1/6107 6108/1/6108 
f 6458/1/6458 6459/1/6459 6460/1/6460 6457/1/6457 
f 6461/1/6461 6460/1/6460 6459/1/6459 6462/1/6462 
f 6076/1/6076 6092/1/6092 6460/1/6460 6461/1/6461 
f 6457/1/6457 6460/1/6460 6092/1/6092 6093/1/6093 
f 6462/1/6462 6463/1/6463 6464/1/6464 6461/1/6461 
f 6465/1/6465 6464/1/6464 6463/1/6463 6466/1/6466 
f 6078/1/6078 6077/1/6077 6464/1/6464 6465/1/6465 
f 6461/1/6461 6464/1/6464 6077/1/6077 6076/1/6076 
f 6467/1/6467 6468/1/6468 6469/1/6469 6470/1/6470 
f 6366/1/6366 6469/1/6469 6468/1/6468 6367/1/6367 
f 6318/1/6318 6342/1/6342 6469/1/6469 6366/1/6366 
f 6470/1/6470 6469/1/6469 6342/1/6342 6341/1/6341 
f 6466/1/6466 6471/1/6471 6472/1/6472 6465/1/6465 
f 6470/1/6470 6472/1/6472 6471/1/6471 6467/1/6467 
f 6341/1/6341 6343/1/6343 6472/1/6472 6470/1/6470 
f 6465/1/6465 6472/1/6472 6343/1/6343 6078/1/6078 
f 6367/1/6367 6473/1/6473 6474/1/6474 6364/1/6364 
f 6475/1/6475 6474/1/6474 6473/1/6473 6476/1/6476 
f 6396/1/6396 6401/1/6401 6474/1/6474 6475/1/6475 
f 6364/1/6364 6474/1/6474 6401/1/6401 6368/1/6368 
f 6477/1/6477 6478/1/6478 6479/1/6479 6480/1/6480 
f 6473/1/6473 6479/1/6479 6478/1/6478 6476/1/6476 
f 6367/1/6367 6468/1/6468 6479/1/6479 6473/1/6473 
f 6480/1/6480 6479/1/6479 6468/1/6468 6467/1/6467 
f 6481/1/6481 6482/1/6482 6483/1/6483 6484/1/6484 
f 6390/1/6390 6483/1/6483 6482/1/6482 6393/1/6393 
f 6441/1/6441 6483/1/6483 6390/1/6390 6388/1/6388 
f 6484/1/6484 6483/1/6483 6441/1/6441 6442/1/6442 
f 6122/1/6122 6485/1/6485 6486/1/6486 6121/1/6121 
f 6487/1/6487 6486/1/6486 6485/1/6485 6488/1/6488 
f 6453/1/6453 6456/1/6456 6486/1/6486 6487/1/6487 
f 6121/1/6121 6486/1/6486 6456/1/6456 6108/1/6108 
f 6489/1/6489 6490/1/6490 6491/1/6491 6492/1/6492 
f 6488/1/6488 6485/1/6485 6490/1/6490 6489/1/6489 
f 6135/1/6135 6490/1/6490 6485/1/6485 6122/1/6122 
f 6136/1/6136 6491/1/6491 6490/1/6490 6135/1/6135 
f 6150/1/6150 6493/1/6493 6494/1/6494 6149/1/6149 
f 6495/1/6495 6494/1/6494 6493/1/6493 6496/1/6496 
f 6492/1/6492 6491/1/6491 6494/1/6494 6495/1/6495 
f 6149/1/6149 6494/1/6494 6491/1/6491 6136/1/6136 
f 6497/1/6497 6498/1/6498 6499/1/6499 6500/1/6500 
f 6496/1/6496 6493/1/6493 6498/1/6498 6497/1/6497 
f 6163/1/6163 6498/1/6498 6493/1/6493 6150/1/6150 
f 6164/1/6164 6499/1/6499 6498/1/6498 6163/1/6163 
f 6501/1/6501 6502/1/6502 6206/1/6206 6205/1/6205 
f 6503/1/6503 6504/1/6504 6502/1/6502 6501/1/6501 
f 6505/1/6505 6502/1/6502 6504/1/6504 6506/1/6506 
f 6191/1/6191 6206/1/6206 6502/1/6502 6505/1/6505 
f 6507/1/6507 6508/1/6508 6220/1/6220 6219/1/6219 
f 6509/1/6509 6508/1/6508 6507/1/6507 6510/1/6510 
f 6503/1/6503 6501/1/6501 6508/1/6508 6509/1/6509 
f 6205/1/6205 6220/1/6220 6508/1/6508 6501/1/6501 
f 6393/1/6393 6511/1/6511 6512/1/6512 6392/1/6392 
f 6510/1/6510 6507/1/6507 6512/1/6512 6511/1/6511 
f 6219/1/6219 6234/1/6234 6512/1/6512 6507/1/6507 
f 6392/1/6392 6512/1/6512 6234/1/6234 6233/1/6233 
f 6513/1/6513 6514/1/6514 6515/1/6515 6516/1/6516 
f 6511/1/6511 6515/1/6515 6514/1/6514 6510/1/6510 
f 6393/1/6393 6482/1/6482 6515/1/6515 6511/1/6511 
f 6516/1/6516 6515/1/6515 6482/1/6482 6481/1/6481 
f 6517/1/6517 6518/1/6518 6475/1/6475 6476/1/6476 
f 6475/1/6475 6518/1/6518 6519/1/6519 6396/1/6396 
f 6476/1/6476 6478/1/6478 6520/1/6520 6517/1/6517 
f 6478/1/6478 6477/1/6477 6521/1/6521 
f 6477/1/6477 6522/1/6522 6523/1/6523 6521/1/6521 
f 6524/1/6524 6523/1/6523 6522/1/6522 6525/1/6525 
f 6525/1/6525 6522/1/6522 6526/1/6526 6527/1/6527 
f 6480/1/6480 6526/1/6526 6522/1/6522 6477/1/6477 
f 6526/1/6526 6480/1/6480 6467/1/6467 
f 6527/1/6527 6526/1/6526 6471/1/6471 6466/1/6466 
f 6528/1/6528 6529/1/6529 6530/1/6530 6531/1/6531 
f 6527/1/6527 6530/1/6530 6529/1/6529 6525/1/6525 
f 6466/1/6466 6463/1/6463 6530/1/6530 6527/1/6527 
f 6531/1/6531 6530/1/6530 6463/1/6463 6462/1/6462 
f 6532/1/6532 6533/1/6533 6534/1/6534 
f 6535/1/6535 6528/1/6528 6531/1/6531 
f 6462/1/6462 6459/1/6459 6532/1/6532 6531/1/6531 
f 6533/1/6533 6532/1/6532 6459/1/6459 6458/1/6458 
f 6453/1/6453 6536/1/6536 6537/1/6537 6454/1/6454 
f 6538/1/6538 6537/1/6537 6536/1/6536 6539/1/6539 
f 6538/1/6538 6534/1/6534 6533/1/6533 
f 6458/1/6458 6454/1/6454 6537/1/6537 6533/1/6533 
f 6540/1/6540 6541/1/6541 6542/1/6542 6543/1/6543 
f 6500/1/6500 6499/1/6499 6541/1/6541 6540/1/6540 
f 6178/1/6178 6541/1/6541 6499/1/6499 6164/1/6164 
f 6542/1/6542 6541/1/6541 6178/1/6178 6177/1/6177 
f 6506/1/6506 6544/1/6544 6545/1/6545 6505/1/6505 
f 6542/1/6542 6545/1/6545 6544/1/6544 6543/1/6543 
f 6177/1/6177 6192/1/6192 6545/1/6545 6542/1/6542 
f 6505/1/6505 6545/1/6545 6192/1/6192 6191/1/6191 
f 6484/1/6484 6546/1/6546 6547/1/6547 6481/1/6481 
f 6450/1/6450 6546/1/6546 6484/1/6484 6442/1/6442 
f 6548/1/6548 6549/1/6549 6550/1/6550 6551/1/6551 
f 6547/1/6547 6550/1/6550 6549/1/6549 6481/1/6481 
f 6488/1/6488 6552/1/6552 6553/1/6553 6487/1/6487 
f 6554/1/6554 6553/1/6553 6552/1/6552 6555/1/6555 
f 6539/1/6539 6536/1/6536 6553/1/6553 6554/1/6554 
f 6487/1/6487 6553/1/6553 6536/1/6536 6453/1/6453 
f 6492/1/6492 6556/1/6556 6557/1/6557 6489/1/6489 
f 6558/1/6558 6557/1/6557 6556/1/6556 6559/1/6559 
f 6555/1/6555 6552/1/6552 6557/1/6557 6558/1/6558 
f 6489/1/6489 6557/1/6557 6552/1/6552 6488/1/6488 
f 6560/1/6560 6561/1/6561 6562/1/6562 6563/1/6563 
f 6559/1/6559 6556/1/6556 6562/1/6562 6561/1/6561 
f 6495/1/6495 6562/1/6562 6556/1/6556 6492/1/6492 
f 6495/1/6495 6496/1/6496 6563/1/6563 
f 6564/1/6564 6565/1/6565 6561/1/6561 6560/1/6560 
f 6566/1/6566 6565/1/6565 6564/1/6564 6567/1/6567 
f 6568/1/6568 6569/1/6569 6565/1/6565 6566/1/6566 
f 6561/1/6561 6565/1/6565 6569/1/6569 6559/1/6559 
f 6570/1/6570 6571/1/6571 6572/1/6572 
f 6573/1/6573 6560/1/6560 6563/1/6563 
f 6570/1/6570 6563/1/6563 6496/1/6496 
f 6571/1/6571 6570/1/6570 6497/1/6497 6500/1/6500 
f 6560/1/6560 6573/1/6573 6574/1/6574 6564/1/6564 
f 6573/1/6573 6572/1/6572 6575/1/6575 
f 6576/1/6576 6574/1/6574 6575/1/6575 6577/1/6577 
f 6567/1/6567 6564/1/6564 6574/1/6574 6576/1/6576 
f 6506/1/6506 6578/1/6578 6579/1/6579 6544/1/6544 
f 6580/1/6580 6581/1/6581 6579/1/6579 6578/1/6578 
f 6582/1/6582 6579/1/6579 6581/1/6581 6583/1/6583 
f 6543/1/6543 6544/1/6544 6579/1/6579 6582/1/6582 
f 6584/1/6584 6583/1/6583 6581/1/6581 
f 6585/1/6585 6586/1/6586 6581/1/6581 6580/1/6580 
f 6587/1/6587 6588/1/6588 6586/1/6586 6585/1/6585 
f 6589/1/6589 6584/1/6584 6586/1/6586 6588/1/6588 
f 6510/1/6510 6514/1/6514 6590/1/6590 6509/1/6509 
f 6591/1/6591 6590/1/6590 6514/1/6514 6513/1/6513 
f 6592/1/6592 6593/1/6593 6590/1/6590 6591/1/6591 
f 6509/1/6509 6590/1/6590 6593/1/6593 6503/1/6503 
f 6594/1/6594 6595/1/6595 6593/1/6593 6592/1/6592 
f 6578/1/6578 6595/1/6595 6594/1/6594 6580/1/6580 
f 6506/1/6506 6504/1/6504 6595/1/6595 6578/1/6578 
f 6503/1/6503 6593/1/6593 6595/1/6595 6504/1/6504 
f 6525/1/6525 6596/1/6596 6597/1/6597 6524/1/6524 
f 6596/1/6596 6598/1/6598 6599/1/6599 
f 6600/1/6600 6601/1/6601 6535/1/6535 6534/1/6534 
f 6602/1/6602 6603/1/6603 6601/1/6601 6600/1/6600 
f 6604/1/6604 6605/1/6605 6601/1/6601 6603/1/6603 
f 6535/1/6535 6601/1/6601 6605/1/6605 6528/1/6528 
f 6606/1/6606 6529/1/6529 6528/1/6528 
f 6605/1/6605 6604/1/6604 6607/1/6607 
f 6598/1/6598 6596/1/6596 6606/1/6606 6607/1/6607 
f 6529/1/6529 6606/1/6606 6596/1/6596 6525/1/6525 
f 6608/1/6608 6609/1/6609 6610/1/6610 6611/1/6611 
f 6612/1/6612 6610/1/6610 6609/1/6609 6613/1/6613 
f 6583/1/6583 6584/1/6584 6610/1/6610 6612/1/6612 
f 6611/1/6611 6610/1/6610 6584/1/6584 6589/1/6589 
f 6543/1/6543 6614/1/6614 6615/1/6615 6540/1/6540 
f 6616/1/6616 6615/1/6615 6614/1/6614 6613/1/6613 
f 6572/1/6572 6571/1/6571 6615/1/6615 6616/1/6616 
f 6500/1/6500 6540/1/6540 6615/1/6615 6571/1/6571 
f 6613/1/6613 6609/1/6609 6617/1/6617 6616/1/6616 
f 6618/1/6618 6617/1/6617 6609/1/6609 6608/1/6608 
f 6577/1/6577 6575/1/6575 6617/1/6617 6618/1/6618 
f 6616/1/6616 6617/1/6617 6575/1/6575 6572/1/6572 
f 6582/1/6582 6619/1/6619 6614/1/6614 6543/1/6543 
f 6583/1/6583 6612/1/6612 6619/1/6619 6582/1/6582 
f 6613/1/6613 6614/1/6614 6619/1/6619 6612/1/6612 
f 6580/1/6580 6594/1/6594 6620/1/6620 6585/1/6585 
f 6592/1/6592 6621/1/6621 6620/1/6620 6594/1/6594 
f 6622/1/6622 6620/1/6620 6621/1/6621 6623/1/6623 
f 6585/1/6585 6620/1/6620 6622/1/6622 6587/1/6587 
f 6481/1/6481 6549/1/6549 6624/1/6624 6516/1/6516 
f 6625/1/6625 6624/1/6624 6549/1/6549 6548/1/6548 
f 6626/1/6626 6627/1/6627 6624/1/6624 6625/1/6625 
f 6516/1/6516 6624/1/6624 6627/1/6627 6513/1/6513 
f 6628/1/6628 6591/1/6591 6513/1/6513 
f 6629/1/6629 6628/1/6628 6627/1/6627 6626/1/6626 
f 6628/1/6628 6629/1/6629 6623/1/6623 
f 6591/1/6591 6628/1/6628 6621/1/6621 6592/1/6592 
f 6568/1/6568 6630/1/6630 6631/1/6631 6569/1/6569 
f 6632/1/6632 6631/1/6631 6630/1/6630 6633/1/6633 
f 6558/1/6558 6631/1/6631 6632/1/6632 6555/1/6555 
f 6569/1/6569 6631/1/6631 6558/1/6558 6559/1/6559 
f 6555/1/6555 6632/1/6632 6634/1/6634 6554/1/6554 
f 6634/1/6634 6632/1/6632 6633/1/6633 
f 6635/1/6635 6636/1/6636 6637/1/6637 
f 6554/1/6554 6634/1/6634 6637/1/6637 6539/1/6539 
f 6636/1/6636 6638/1/6638 6639/1/6639 6637/1/6637 
f 6600/1/6600 6639/1/6639 6638/1/6638 6602/1/6602 
f 6639/1/6639 6600/1/6600 6534/1/6534 
f 6538/1/6538 6539/1/6539 6637/1/6637 
f 6324/1/6324 6323/1/6323 6640/1/6640 6641/1/6641 
f 6323/1/6323 6293/1/6293 6642/1/6642 
f 6640/1/6640 6642/1/6642 5998/1/5998 
f 6042/1/6042 6041/1/6041 6641/1/6641 
f 6293/1/6293 6296/1/6296 6643/1/6643 6642/1/6642 
f 6644/1/6644 6643/1/6643 6296/1/6296 6279/1/6279 
f 5992/1/5992 5999/1/5999 6643/1/6643 6644/1/6644 
f 6642/1/6642 6643/1/6643 5999/1/5999 5998/1/5998 
f 6279/1/6279 6282/1/6282 6645/1/6645 6644/1/6644 
f 6646/1/6646 6645/1/6645 6282/1/6282 6265/1/6265 
f 5991/1/5991 5993/1/5993 6645/1/6645 6646/1/6646 
f 6644/1/6644 6645/1/6645 5993/1/5993 5992/1/5992 
f 6646/1/6646 6265/1/6265 6268/1/6268 
f 6647/1/6647 6268/1/6268 6251/1/6251 
f 5990/1/5990 6647/1/6647 6648/1/6648 5985/1/5985 
f 5991/1/5991 6646/1/6646 6647/1/6647 5990/1/5990 
f 6254/1/6254 6649/1/6649 6648/1/6648 6251/1/6251 
f 6237/1/6237 6650/1/6650 6649/1/6649 6254/1/6254 
f 5984/1/5984 6649/1/6649 6650/1/6650 5986/1/5986 
f 5985/1/5985 6648/1/6648 6649/1/6649 5984/1/5984 
f 6240/1/6240 6651/1/6651 6650/1/6650 6237/1/6237 
f 6223/1/6223 6652/1/6652 6651/1/6651 6240/1/6240 
f 6000/1/6000 6651/1/6651 6652/1/6652 6002/1/6002 
f 5986/1/5986 6650/1/6650 6651/1/6651 6000/1/6000 
f 6226/1/6226 6653/1/6653 6652/1/6652 6223/1/6223 
f 6209/1/6209 6654/1/6654 6653/1/6653 6226/1/6226 
f 6011/1/6011 6653/1/6653 6654/1/6654 6012/1/6012 
f 6002/1/6002 6652/1/6652 6653/1/6653 6011/1/6011 
f 6212/1/6212 6655/1/6655 6654/1/6654 6209/1/6209 
f 6655/1/6655 6212/1/6212 6195/1/6195 
f 6015/1/6015 6655/1/6655 6656/1/6656 6016/1/6016 
f 6012/1/6012 6654/1/6654 6655/1/6655 6015/1/6015 
f 6198/1/6198 6657/1/6657 6656/1/6656 6195/1/6195 
f 6181/1/6181 6658/1/6658 6657/1/6657 6198/1/6198 
f 6018/1/6018 6657/1/6657 6658/1/6658 6020/1/6020 
f 6016/1/6016 6656/1/6656 6657/1/6657 6018/1/6018 
f 6184/1/6184 6659/1/6659 6658/1/6658 6181/1/6181 
f 6167/1/6167 6660/1/6660 6659/1/6659 6184/1/6184 
f 6022/1/6022 6659/1/6659 6660/1/6660 6024/1/6024 
f 6020/1/6020 6658/1/6658 6659/1/6659 6022/1/6022 
f 6170/1/6170 6661/1/6661 6660/1/6660 6167/1/6167 
f 6153/1/6153 6662/1/6662 6661/1/6661 6170/1/6170 
f 6027/1/6027 6661/1/6661 6662/1/6662 6007/1/6007 
f 6024/1/6024 6660/1/6660 6661/1/6661 6027/1/6027 
f 6156/1/6156 6663/1/6663 6662/1/6662 6153/1/6153 
f 6144/1/6144 6664/1/6664 6663/1/6663 6156/1/6156 
f 6009/1/6009 6006/1/6006 6663/1/6663 6664/1/6664 
f 6007/1/6007 6662/1/6662 6663/1/6663 6006/1/6006 
f 6144/1/6144 6143/1/6143 6665/1/6665 6664/1/6664 
f 6143/1/6143 6130/1/6130 6666/1/6666 
f 6051/1/6051 6048/1/6048 6665/1/6665 6666/1/6666 
f 6664/1/6664 6665/1/6665 6048/1/6048 6009/1/6009 
f 6130/1/6130 6129/1/6129 6667/1/6667 6666/1/6666 
f 6668/1/6668 6667/1/6667 6129/1/6129 6116/1/6116 
f 6064/1/6064 6069/1/6069 6667/1/6667 6668/1/6668 
f 6069/1/6069 6051/1/6051 6666/1/6666 
f 6116/1/6116 6115/1/6115 6669/1/6669 6668/1/6668 
f 6670/1/6670 6669/1/6669 6115/1/6115 6102/1/6102 
f 6062/1/6062 6065/1/6065 6669/1/6669 6670/1/6670 
f 6668/1/6668 6669/1/6669 6065/1/6065 6064/1/6064 
f 6102/1/6102 6101/1/6101 6671/1/6671 6670/1/6670 
f 6672/1/6672 6671/1/6671 6101/1/6101 6087/1/6087 
f 6056/1/6056 6063/1/6063 6671/1/6671 6672/1/6672 
f 6670/1/6670 6671/1/6671 6063/1/6063 6062/1/6062 
f 6087/1/6087 6086/1/6086 6673/1/6673 6672/1/6672 
f 6674/1/6674 6673/1/6673 6086/1/6086 6085/1/6085 
f 6052/1/6052 6057/1/6057 6673/1/6673 6674/1/6674 
f 6672/1/6672 6673/1/6673 6057/1/6057 6056/1/6056 
f 6085/1/6085 6349/1/6349 6675/1/6675 6674/1/6674 
f 6676/1/6676 6675/1/6675 6349/1/6349 6348/1/6348 
f 6046/1/6046 6053/1/6053 6675/1/6675 6676/1/6676 
f 6674/1/6674 6675/1/6675 6053/1/6053 6052/1/6052 
f 6677/1/6677 6676/1/6676 6348/1/6348 
f 6678/1/6678 6677/1/6677 6363/1/6363 6355/1/6355 
f 6028/1/6028 6047/1/6047 6677/1/6677 6678/1/6678 
f 6047/1/6047 6046/1/6046 6676/1/6676 
f 6355/1/6355 6354/1/6354 6679/1/6679 6678/1/6678 
f 6680/1/6680 6679/1/6679 6354/1/6354 6336/1/6336 
f 6033/1/6033 6029/1/6029 6679/1/6679 6680/1/6680 
f 6678/1/6678 6679/1/6679 6029/1/6029 6028/1/6028 
f 6681/1/6681 6680/1/6680 6336/1/6336 
f 6335/1/6335 6324/1/6324 6682/1/6682 
f 6037/1/6037 6034/1/6034 6681/1/6681 6682/1/6682 
f 6680/1/6680 6681/1/6681 6034/1/6034 6033/1/6033 
f 6682/1/6682 6324/1/6324 6641/1/6641 
f 6041/1/6041 6038/1/6038 6683/1/6683 6641/1/6641 
f 6682/1/6682 6683/1/6683 6038/1/6038 6037/1/6037 
f 13/1/13 12/1/12 14/1/14 
f 7/1/7 39/1/39 42/1/42 
f 29/1/29 28/1/28 47/1/47 
f 45/1/45 47/1/47 28/1/28 
f 55/1/55 54/1/54 56/1/56 
f 57/1/57 56/1/56 58/1/58 
f 48/1/48 60/1/60 58/1/58 
f 62/1/62 60/1/60 48/1/48 
f 63/1/63 61/1/61 60/1/60 
f 66/1/66 64/1/64 62/1/62 
f 41/1/41 40/1/40 94/1/94 
f 135/1/135 133/1/133 132/1/132 
f 57/1/57 154/1/154 153/1/153 
f 181/1/181 180/1/180 190/1/190 
f 191/1/191 190/1/190 192/1/192 
f 193/1/193 192/1/192 194/1/194 
f 34/1/34 30/1/30 382/1/382 
f 2/1/2 382/1/382 30/1/30 
f 389/1/389 391/1/391 395/1/395 
f 397/1/397 399/1/399 398/1/398 
f 395/1/395 399/1/399 397/1/397 
f 431/1/431 437/1/437 436/1/436 
f 462/1/462 461/1/461 463/1/463 
f 467/1/467 468/1/468 465/1/465 
f 472/1/472 471/1/471 468/1/468 
f 474/1/474 473/1/473 462/1/462 
f 484/1/484 481/1/481 485/1/485 
f 472/1/472 485/1/485 481/1/481 
f 467/1/467 487/1/487 485/1/485 
f 486/1/486 485/1/485 487/1/487 
f 488/1/488 487/1/487 489/1/489 
f 492/1/492 491/1/491 493/1/493 
f 494/1/494 493/1/493 495/1/495 
f 500/1/500 499/1/499 501/1/501 
f 552/1/552 553/1/553 550/1/550 
f 537/1/537 550/1/550 553/1/553 
f 538/1/538 553/1/553 558/1/558 
f 559/1/559 558/1/558 553/1/553 
f 570/1/570 571/1/571 568/1/568 
f 551/1/551 568/1/568 571/1/571 
f 579/1/579 578/1/578 580/1/580 
f 584/1/584 585/1/585 582/1/582 
f 381/1/381 398/1/398 582/1/582 
f 574/1/574 588/1/588 586/1/586 
f 598/1/598 599/1/599 596/1/596 
f 55/1/55 153/1/153 596/1/596 
f 615/1/615 614/1/614 480/1/480 
f 620/1/620 624/1/624 622/1/622 
f 624/1/624 623/1/623 625/1/625 
f 629/1/629 627/1/627 626/1/626 
f 625/1/625 623/1/623 627/1/627 
f 660/1/660 661/1/661 658/1/658 
f 659/1/659 664/1/664 662/1/662 
f 663/1/663 662/1/662 664/1/664 
f 668/1/668 669/1/669 666/1/666 
f 458/1/458 669/1/669 670/1/670 
f 671/1/671 670/1/670 669/1/669 
f 460/1/460 670/1/670 673/1/673 
f 680/1/680 681/1/681 678/1/678 
f 686/1/686 688/1/688 684/1/684 
f 705/1/705 704/1/704 706/1/706 
f 703/1/703 709/1/709 706/1/706 
f 701/1/701 716/1/716 265/1/265 
f 705/1/705 717/1/717 716/1/716 
f 685/1/685 684/1/684 736/1/736 
f 737/1/737 736/1/736 684/1/684 
f 747/1/747 748/1/748 737/1/737 
f 698/1/698 753/1/753 762/1/762 
f 801/1/801 805/1/805 800/1/800 
f 803/1/803 805/1/805 801/1/801 
f 833/1/833 838/1/838 840/1/840 
f 865/1/865 864/1/864 855/1/855 
f 904/1/904 903/1/903 892/1/892 
f 925/1/925 930/1/930 929/1/929 
f 933/1/933 934/1/934 931/1/931 
f 925/1/925 934/1/934 935/1/935 
f 936/1/936 935/1/935 934/1/934 
f 937/1/937 938/1/938 935/1/935 
f 930/1/930 935/1/935 938/1/938 
f 952/1/952 950/1/950 947/1/947 
f 961/1/961 968/1/968 967/1/967 
f 969/1/969 968/1/968 951/1/951 
f 914/1/914 970/1/970 962/1/962 
f 918/1/918 957/1/957 970/1/970 
f 1050/1/1050 1051/1/1051 1048/1/1048 
f 1192/1/1192 1194/1/1194 1190/1/1190 
f 583/1/583 1207/1/1207 1206/1/1206 
f 1212/1/1212 1213/1/1213 1210/1/1210 
f 1205/1/1205 1213/1/1213 1212/1/1212 
f 1210/1/1210 1213/1/1213 599/1/599 
f 1208/1/1208 1216/1/1216 1215/1/1215 
f 1221/1/1221 1220/1/1220 1206/1/1206 
f 1239/1/1239 1248/1/1248 579/1/579 
f 595/1/595 594/1/594 1254/1/1254 
f 1261/1/1261 1262/1/1262 1263/1/1263 
f 1281/1/1281 1280/1/1280 1290/1/1290 
f 1291/1/1291 1296/1/1296 1295/1/1295 
f 1299/1/1299 1302/1/1302 1194/1/1194 
f 1281/1/1281 1295/1/1295 1306/1/1306 
f 1327/1/1327 1336/1/1336 1334/1/1334 
f 1309/1/1309 1313/1/1313 1342/1/1342 
f 1343/1/1343 1342/1/1342 1313/1/1313 
f 1345/1/1345 1344/1/1344 1341/1/1341 
f 1363/1/1363 1362/1/1362 1361/1/1361 
f 1372/1/1372 1373/1/1373 1370/1/1370 
f 1417/1/1417 1416/1/1416 1418/1/1418 
f 767/1/767 1439/1/1439 1438/1/1438 
f 1441/1/1441 1438/1/1438 1439/1/1439 
f 1451/1/1451 1450/1/1450 1432/1/1432 
f 1456/1/1456 1454/1/1454 825/1/825 
f 1457/1/1457 1458/1/1458 1454/1/1454 
f 1457/1/1457 1456/1/1456 1460/1/1460 
f 861/1/861 1460/1/1460 1456/1/1456 
f 1461/1/1461 1460/1/1460 1462/1/1462 
f 1463/1/1463 1462/1/1462 1464/1/1464 
f 1421/1/1421 1473/1/1473 1470/1/1470 
f 1481/1/1481 1477/1/1477 1476/1/1476 
f 1481/1/1481 1484/1/1484 1482/1/1482 
f 1522/1/1522 1521/1/1521 1529/1/1529 
f 1533/1/1533 1544/1/1544 1528/1/1528 
f 1555/1/1555 1552/1/1552 1564/1/1564 
f 1543/1/1543 1554/1/1554 1568/1/1568 
f 1570/1/1570 1574/1/1574 1572/1/1572 
f 1573/1/1573 1572/1/1572 1574/1/1574 
f 1575/1/1575 1574/1/1574 1580/1/1580 
f 502/1/502 501/1/501 1584/1/1584 
f 1586/1/1586 1584/1/1584 501/1/501 
f 1586/1/1586 1591/1/1591 1590/1/1590 
f 1593/1/1593 1590/1/1590 1591/1/1591 
f 1615/1/1615 1614/1/1614 1611/1/1611 
f 1661/1/1661 1660/1/1660 1664/1/1664 
f 1665/1/1665 1664/1/1664 1666/1/1666 
f 1668/1/1668 1666/1/1666 1664/1/1664 
f 1669/1/1669 1670/1/1670 1666/1/1666 
f 1686/1/1686 1687/1/1687 1684/1/1684 
f 1689/1/1689 1692/1/1692 1690/1/1690 
f 1685/1/1685 1690/1/1690 1695/1/1695 
f 1713/1/1713 1714/1/1714 1711/1/1711 
f 1667/1/1667 1711/1/1711 1714/1/1714 
f 1750/1/1750 1746/1/1746 1745/1/1745 
f 1752/1/1752 1751/1/1751 1753/1/1753 
f 1790/1/1790 1791/1/1791 1781/1/1781 
f 1803/1/1803 1802/1/1802 1788/1/1788 
f 1815/1/1815 1818/1/1818 1817/1/1817 
f 1665/1/1665 1714/1/1714 1818/1/1818 
f 1823/1/1823 1824/1/1824 1801/1/1801 
f 1712/1/1712 1824/1/1824 1823/1/1823 
f 1689/1/1689 1842/1/1842 1840/1/1840 
f 1890/1/1890 1891/1/1891 1888/1/1888 
f 1894/1/1894 1895/1/1895 1892/1/1892 
f 1855/1/1855 1892/1/1892 1895/1/1895 
f 1893/1/1893 1892/1/1892 1891/1/1891 
f 1853/1/1853 1895/1/1895 1896/1/1896 
f 1889/1/1889 1919/1/1919 1910/1/1910 
f 1916/1/1916 1919/1/1919 1889/1/1889 
f 1918/1/1918 1919/1/1919 1916/1/1916 
f 1928/1/1928 1931/1/1931 1927/1/1927 
f 1917/1/1917 1939/1/1939 1938/1/1938 
f 1932/1/1932 1938/1/1938 1939/1/1939 
f 1945/1/1945 1936/1/1936 1934/1/1934 
f 1957/1/1957 1964/1/1964 1960/1/1960 
f 1953/1/1953 1970/1/1970 1333/1/1333 
f 1316/1/1316 2000/1/2000 1999/1/1999 
f 1917/1/1917 1916/1/1916 2005/1/2005 
f 1999/1/1999 2014/1/2014 1880/1/1880 
f 2013/1/2013 2014/1/2014 1999/1/1999 
f 2008/1/2008 2007/1/2007 2014/1/2014 
f 1935/1/1935 1939/1/1939 2017/1/2017 
f 2006/1/2006 2017/1/2017 1939/1/1939 
f 1589/1/1589 2024/1/2024 2022/1/2022 
f 1827/1/1827 2031/1/2031 2030/1/2030 
f 2033/1/2033 2046/1/2046 2044/1/2044 
f 2045/1/2045 2044/1/2044 2046/1/2046 
f 2047/1/2047 2050/1/2050 2048/1/2048 
f 2047/1/2047 2046/1/2046 2052/1/2052 
f 2037/1/2037 2039/1/2039 2058/1/2058 
f 2080/1/2080 2084/1/2084 2083/1/2083 
f 2089/1/2089 2088/1/2088 2079/1/2079 
f 676/1/676 2099/1/2099 2104/1/2104 
f 679/1/679 2104/1/2104 2107/1/2107 
f 2167/1/2167 2169/1/2169 2168/1/2168 
f 2146/1/2146 2171/1/2171 2169/1/2169 
f 2267/1/2267 2266/1/2266 1438/1/1438 
f 708/1/708 2268/1/2268 732/1/732 
f 710/1/710 2270/1/2270 2268/1/2268 
f 2286/1/2286 2287/1/2287 2284/1/2284 
f 1440/1/1440 2284/1/2284 2287/1/2287 
f 1426/1/1426 1443/1/1443 2284/1/2284 
f 2285/1/2285 2284/1/2284 1443/1/1443 
f 2271/1/2271 2270/1/2270 2292/1/2292 
f 2267/1/2267 2292/1/2292 2270/1/2270 
f 1441/1/1441 2294/1/2294 2292/1/2292 
f 2293/1/2293 2292/1/2292 2294/1/2294 
f 2324/1/2324 2335/1/2335 2321/1/2321 
f 1459/1/1459 2335/1/2335 2324/1/2324 
f 2286/1/2286 2291/1/2291 2325/1/2325 
f 2323/1/2323 2325/1/2325 2291/1/2291 
f 2321/1/2321 2327/1/2327 2325/1/2325 
f 2326/1/2326 2325/1/2325 2327/1/2327 
f 2295/1/2295 2294/1/2294 2329/1/2329 
f 2287/1/2287 2329/1/2329 2294/1/2294 
f 2286/1/2286 2326/1/2326 2329/1/2329 
f 2330/1/2330 2329/1/2329 2326/1/2326 
f 2335/1/2335 2333/1/2333 2327/1/2327 
f 1459/1/1459 2336/1/2336 2333/1/2333 
f 1461/1/1461 2339/1/2339 2338/1/2338 
f 1463/1/1463 1493/1/1493 2339/1/2339 
f 1459/1/1459 1458/1/1458 2342/1/2342 
f 2338/1/2338 2342/1/2342 1458/1/1458 
f 2341/1/2341 2340/1/2340 2344/1/2344 
f 2363/1/2363 2362/1/2362 1414/1/1414 
f 1398/1/1398 2376/1/2376 2374/1/2374 
f 2375/1/2375 2374/1/2374 2376/1/2376 
f 2334/1/2334 2380/1/2380 2379/1/2379 
f 2395/1/2395 2394/1/2394 2343/1/2343 
f 2397/1/2397 2394/1/2394 2395/1/2395 
f 2381/1/2381 2394/1/2394 2397/1/2397 
f 2396/1/2396 2395/1/2395 2398/1/2398 
f 2345/1/2345 2398/1/2398 2395/1/2395 
f 2478/1/2478 2479/1/2479 2476/1/2476 
f 2477/1/2477 2476/1/2476 2471/1/2471 
f 2480/1/2480 2482/1/2482 2478/1/2478 
f 2473/1/2473 2480/1/2480 2477/1/2477 
f 1537/1/1537 2577/1/2577 2576/1/2576 
f 2578/1/2578 2577/1/2577 2580/1/2580 
f 2595/1/2595 2594/1/2594 2584/1/2584 
f 2620/1/2620 2621/1/2621 2618/1/2618 
f 2619/1/2619 2618/1/2618 2617/1/2617 
f 2631/1/2631 2628/1/2628 2627/1/2627 
f 2629/1/2629 2628/1/2628 2567/1/2567 
f 2581/1/2581 2580/1/2580 2647/1/2647 
f 2654/1/2654 2653/1/2653 2655/1/2655 
f 1575/1/1575 2623/1/2623 2655/1/2655 
f 2684/1/2684 2685/1/2685 2682/1/2682 
f 2607/1/2607 2685/1/2685 2684/1/2684 
f 2608/1/2608 2621/1/2621 2685/1/2685 
f 2603/1/2603 2684/1/2684 2688/1/2688 
f 2689/1/2689 2688/1/2688 2684/1/2684 
f 2686/1/2686 2689/1/2689 2704/1/2704 
f 2695/1/2695 2704/1/2704 2689/1/2689 
f 2802/1/2802 2803/1/2803 2800/1/2800 
f 2840/1/2840 2841/1/2841 2838/1/2838 
f 2838/1/2838 2825/1/2825 2829/1/2829 
f 2848/1/2848 2849/1/2849 2846/1/2846 
f 2837/1/2837 2845/1/2845 2846/1/2846 
f 2847/1/2847 2846/1/2846 2845/1/2845 
f 2855/1/2855 2856/1/2856 2853/1/2853 
f 2861/1/2861 2859/1/2859 2858/1/2858 
f 2855/1/2855 2870/1/2870 2871/1/2871 
f 2882/1/2882 2881/1/2881 2876/1/2876 
f 2888/1/2888 2887/1/2887 2889/1/2889 
f 2875/1/2875 2888/1/2888 2895/1/2895 
f 2890/1/2890 2897/1/2897 2895/1/2895 
f 2890/1/2890 2889/1/2889 2901/1/2901 
f 2914/1/2914 2913/1/2913 2910/1/2910 
f 2909/1/2909 2917/1/2917 2915/1/2915 
f 2918/1/2918 2917/1/2917 2933/1/2933 
f 2928/1/2928 2933/1/2933 2917/1/2917 
f 2935/1/2935 2933/1/2933 2928/1/2928 
f 2934/1/2934 2933/1/2933 2935/1/2935 
f 1348/1/1348 2947/1/2947 2952/1/2952 
f 1357/1/1357 2952/1/2952 2955/1/2955 
f 1354/1/1354 2955/1/2955 2960/1/2960 
f 2961/1/2961 2964/1/2964 1363/1/1363 
f 2967/1/2967 2966/1/2966 2970/1/2970 
f 2377/1/2377 2376/1/2376 2972/1/2972 
f 2992/1/2992 2989/1/2989 2988/1/2988 
f 2984/1/2984 2992/1/2992 3019/1/3019 
f 3006/1/3006 3024/1/3024 3023/1/3023 
f 3026/1/3026 3023/1/3023 3024/1/3024 
f 3005/1/3005 3023/1/3023 3020/1/3020 
f 3032/1/3032 3035/1/3035 3033/1/3033 
f 3034/1/3034 3033/1/3033 3035/1/3035 
f 3024/1/3024 3039/1/3039 3037/1/3037 
f 3034/1/3034 3039/1/3039 3024/1/3024 
f 3044/1/3044 3042/1/3042 3041/1/3041 
f 3037/1/3037 3042/1/3042 3045/1/3045 
f 3018/1/3018 3073/1/3073 3071/1/3071 
f 3111/1/3111 3112/1/3112 3110/1/3110 
f 3132/1/3132 3131/1/3131 3035/1/3035 
f 3170/1/3170 3168/1/3168 3167/1/3167 
f 3169/1/3169 3173/1/3173 3171/1/3171 
f 3014/1/3014 3361/1/3361 3359/1/3359 
f 3009/1/3009 3359/1/3359 2981/1/2981 
f 3369/1/3369 3367/1/3367 3364/1/3364 
f 3370/1/3370 3369/1/3369 3375/1/3375 
f 3373/1/3373 3375/1/3375 3369/1/3369 
f 3376/1/3376 3375/1/3375 3373/1/3373 
f 3415/1/3415 3414/1/3414 3411/1/3411 
f 3441/1/3441 3439/1/3439 3438/1/3438 
f 3444/1/3444 3446/1/3446 3442/1/3442 
f 3443/1/3443 3449/1/3449 3448/1/3448 
f 3438/1/3438 3451/1/3451 3450/1/3450 
f 3461/1/3461 3463/1/3463 3462/1/3462 
f 3465/1/3465 3462/1/3462 3463/1/3463 
f 3444/1/3444 3448/1/3448 3462/1/3462 
f 3460/1/3460 3462/1/3462 3448/1/3448 
f 3464/1/3464 3468/1/3468 3466/1/3466 
f 3469/1/3469 3471/1/3471 3470/1/3470 
f 3473/1/3473 3470/1/3470 3471/1/3471 
f 3479/1/3479 3476/1/3476 3475/1/3475 
f 3469/1/3469 3468/1/3468 3476/1/3476 
f 3528/1/3528 3527/1/3527 3516/1/3516 
f 3529/1/3529 3530/1/3530 3527/1/3527 
f 3515/1/3515 3524/1/3524 3535/1/3535 
f 3528/1/3528 3535/1/3535 3538/1/3538 
f 3546/1/3546 3545/1/3545 3530/1/3530 
f 3547/1/3547 3548/1/3548 3545/1/3545 
f 3561/1/3561 3562/1/3562 3559/1/3559 
f 3358/1/3358 3548/1/3548 3559/1/3559 
f 3551/1/3551 3553/1/3553 3564/1/3564 
f 3575/1/3575 3576/1/3576 3573/1/3573 
f 3032/1/3032 3028/1/3028 3573/1/3573 
f 3455/1/3455 3591/1/3591 3594/1/3594 
f 3599/1/3599 3600/1/3600 3598/1/3598 
f 3601/1/3601 3602/1/3602 3600/1/3600 
f 3601/1/3601 3604/1/3604 3603/1/3603 
f 3606/1/3606 3603/1/3603 3604/1/3604 
f 3637/1/3637 3638/1/3638 3635/1/3635 
f 3642/1/3642 3640/1/3640 3639/1/3639 
f 3636/1/3636 3635/1/3635 3640/1/3640 
f 3645/1/3645 3646/1/3646 3643/1/3643 
f 3435/1/3435 3436/1/3436 3647/1/3647 
f 3648/1/3648 3647/1/3647 3436/1/3436 
f 3644/1/3644 3647/1/3647 3650/1/3650 
f 3657/1/3657 3658/1/3658 3655/1/3655 
f 3663/1/3663 3666/1/3666 3661/1/3661 
f 3680/1/3680 3686/1/3686 3683/1/3683 
f 3681/1/3681 3679/1/3679 3683/1/3683 
f 3680/1/3680 3677/1/3677 3693/1/3693 
f 3239/1/3239 3693/1/3693 3677/1/3677 
f 3662/1/3662 3672/1/3672 3713/1/3713 
f 3663/1/3663 3713/1/3713 3716/1/3716 
f 3716/1/3716 3726/1/3726 3721/1/3721 
f 3675/1/3675 3682/1/3682 3739/1/3739 
f 3778/1/3778 3781/1/3781 3777/1/3777 
f 3777/1/3777 3781/1/3781 3780/1/3780 
f 3817/1/3817 3815/1/3815 3812/1/3812 
f 3834/1/3834 3841/1/3841 3840/1/3840 
f 3860/1/3860 3871/1/3871 3874/1/3874 
f 3893/1/3893 3896/1/3896 3898/1/3898 
f 3901/1/3901 3902/1/3902 3899/1/3899 
f 3893/1/3893 3897/1/3897 3903/1/3903 
f 3904/1/3904 3903/1/3903 3897/1/3897 
f 3900/1/3900 3903/1/3903 3906/1/3906 
f 3911/1/3911 3914/1/3914 3917/1/3917 
f 3917/1/3917 3919/1/3919 3923/1/3923 
f 3918/1/3918 3936/1/3936 3935/1/3935 
f 3929/1/3929 3936/1/3936 3918/1/3918 
f 3937/1/3937 3936/1/3936 3929/1/3929 
f 3932/1/3932 3939/1/3939 3881/1/3881 
f 4018/1/4018 4019/1/4019 4016/1/4016 
f 4139/1/4139 4141/1/4141 4137/1/4137 
f 4153/1/4153 4156/1/4156 3562/1/3562 
f 4159/1/4159 4160/1/4160 4157/1/4157 
f 3574/1/3574 4160/1/4160 4159/1/4159 
f 4157/1/4157 4160/1/4160 4151/1/4151 
f 4164/1/4164 4163/1/4163 4155/1/4155 
f 4153/1/4153 4167/1/4167 4170/1/4170 
f 3555/1/3555 4196/1/4196 4188/1/4188 
f 3572/1/3572 4183/1/4183 4202/1/4202 
f 4210/1/4210 4209/1/4209 4206/1/4206 
f 4228/1/4228 4239/1/4239 4237/1/4237 
f 4243/1/4243 4242/1/4242 4239/1/4239 
f 4138/1/4138 4249/1/4249 4246/1/4246 
f 4228/1/4228 4255/1/4255 4253/1/4253 
f 4272/1/4272 4269/1/4269 4279/1/4279 
f 4256/1/4256 4284/1/4284 4285/1/4285 
f 4258/1/4258 4285/1/4285 1343/1/1343 
f 4286/1/4286 4287/1/4287 1345/1/1345 
f 4298/1/4298 4301/1/4301 4304/1/4304 
f 4311/1/4311 4312/1/4312 4309/1/4309 
f 4358/1/4358 4356/1/4356 4355/1/4355 
f 4377/1/4377 4380/1/4380 3743/1/3743 
f 4380/1/4380 4377/1/4377 4378/1/4378 
f 4369/1/4369 4390/1/4390 4389/1/4389 
f 4397/1/4397 4398/1/4398 4394/1/4394 
f 3801/1/3801 4394/1/4394 4398/1/4398 
f 4397/1/4397 4400/1/4400 4399/1/4399 
f 4402/1/4402 4399/1/4399 4400/1/4400 
f 4398/1/4398 4399/1/4399 3836/1/3836 
f 4401/1/4401 4405/1/4405 4403/1/4403 
f 4409/1/4409 4412/1/4412 4359/1/4359 
f 4420/1/4420 4418/1/4418 4417/1/4417 
f 4461/1/4461 4469/1/4469 4467/1/4467 
f 4468/1/4468 4484/1/4484 4471/1/4471 
f 4493/1/4493 4505/1/4505 4503/1/4503 
f 4482/1/4482 4497/1/4497 4507/1/4507 
f 4514/1/4514 4512/1/4512 4511/1/4511 
f 4513/1/4513 4521/1/4521 4519/1/4519 
f 3478/1/3478 4525/1/4525 4523/1/4523 
f 4527/1/4527 4528/1/4528 4523/1/4523 
f 3479/1/3479 4523/1/4523 4528/1/4528 
f 4529/1/4529 4530/1/4530 4528/1/4528 
f 4531/1/4531 4532/1/4532 4530/1/4530 
f 4552/1/4552 4553/1/4553 4556/1/4556 
f 4602/1/4602 4600/1/4600 4599/1/4599 
f 4601/1/4601 4607/1/4607 4605/1/4605 
f 4609/1/4609 4610/1/4610 4605/1/4605 
f 4602/1/4602 4605/1/4605 4610/1/4610 
f 4625/1/4625 4626/1/4626 4623/1/4623 
f 4627/1/4627 4628/1/4628 4623/1/4623 
f 4627/1/4627 4626/1/4626 4629/1/4629 
f 4631/1/4631 4629/1/4629 4626/1/4626 
f 4652/1/4652 4654/1/4654 4650/1/4650 
f 4651/1/4651 4650/1/4650 4607/1/4607 
f 4685/1/4685 4684/1/4684 4686/1/4686 
f 4693/1/4693 4691/1/4691 4690/1/4690 
f 4729/1/4729 4741/1/4741 4740/1/4740 
f 4651/1/4651 4757/1/4757 4756/1/4756 
f 4601/1/4601 4599/1/4599 4757/1/4757 
f 4760/1/4760 4762/1/4762 4756/1/4756 
f 4742/1/4742 4763/1/4763 4761/1/4761 
f 4684/1/4684 4763/1/4763 4742/1/4742 
f 4761/1/4761 4763/1/4763 4654/1/4654 
f 4627/1/4627 4630/1/4630 4780/1/4780 
f 4826/1/4826 4827/1/4827 4824/1/4824 
f 4830/1/4830 4831/1/4831 4828/1/4828 
f 4825/1/4825 4828/1/4828 4831/1/4831 
f 4829/1/4829 4828/1/4828 4790/1/4790 
f 4789/1/4789 4788/1/4788 4833/1/4833 
f 4842/1/4842 4847/1/4847 4827/1/4827 
f 4849/1/4849 4847/1/4847 4846/1/4846 
f 4827/1/4827 4847/1/4847 4849/1/4849 
f 1925/1/1925 1930/1/1930 4857/1/4857 
f 4856/1/4856 4857/1/4857 1931/1/1931 
f 4863/1/4863 4862/1/4862 4859/1/4859 
f 4848/1/4848 4846/1/4846 4862/1/4862 
f 1942/1/1942 4866/1/4866 4867/1/4867 
f 1346/1/1346 4288/1/4288 4874/1/4874 
f 1957/1/1957 4879/1/4879 4878/1/4878 
f 4280/1/4280 4887/1/4887 4875/1/4875 
f 4913/1/4913 4912/1/4912 4259/1/4259 
f 4848/1/4848 4918/1/4918 4916/1/4916 
f 4816/1/4816 4924/1/4924 4913/1/4913 
f 4919/1/4919 4925/1/4925 4924/1/4924 
f 4913/1/4913 4924/1/4924 4925/1/4925 
f 4861/1/4861 4871/1/4871 4928/1/4928 
f 4863/1/4863 4928/1/4928 4918/1/4918 
f 4526/1/4526 4525/1/4525 4934/1/4934 
f 4941/1/4941 4943/1/4943 4765/1/4765 
f 4956/1/4956 4954/1/4954 4953/1/4953 
f 4944/1/4944 4941/1/4941 4954/1/4954 
f 4955/1/4955 4953/1/4953 4958/1/4958 
f 4955/1/4955 4964/1/4964 4961/1/4961 
f 4948/1/4948 4963/1/4963 4965/1/4965 
f 4990/1/4990 4989/1/4989 4988/1/4988 
f 4985/1/4985 4994/1/4994 4993/1/4993 
f 3653/1/3653 3658/1/3658 5004/1/5004 
f 5005/1/5005 5004/1/5004 3658/1/3658 
f 5033/1/5033 5051/1/5051 5054/1/5054 
f 2168/1/2168 5054/1/5054 5051/1/5051 
f 4377/1/4377 5129/1/5129 5128/1/5128 
f 3688/1/3688 3685/1/3685 5131/1/5131 
f 3710/1/3710 5131/1/5131 3685/1/3685 
f 5148/1/5148 5149/1/5149 5146/1/5146 
f 4384/1/4384 5146/1/5146 5149/1/5149 
f 4365/1/4365 4379/1/4379 5146/1/5146 
f 5147/1/5147 5146/1/5146 4379/1/4379 
f 5133/1/5133 5155/1/5155 5154/1/5154 
f 5157/1/5157 5154/1/5154 5155/1/5155 
f 4378/1/4378 5128/1/5128 5154/1/5154 
f 5132/1/5132 5154/1/5154 5128/1/5128 
f 5183/1/5183 5187/1/5187 5186/1/5186 
f 4396/1/4396 4393/1/4393 5186/1/5186 
f 5148/1/5148 5189/1/5189 5188/1/5188 
f 5191/1/5191 5188/1/5188 5189/1/5189 
f 5183/1/5183 5184/1/5184 5188/1/5188 
f 5151/1/5151 5188/1/5188 5184/1/5184 
f 5156/1/5156 5193/1/5193 5192/1/5192 
f 5189/1/5189 5192/1/5192 5193/1/5193 
f 5148/1/5148 5147/1/5147 5192/1/5192 
f 5157/1/5157 5192/1/5192 5147/1/5147 
f 4396/1/4396 5187/1/5187 5197/1/5197 
f 5191/1/5191 5197/1/5197 5187/1/5187 
f 4401/1/4401 4400/1/4400 5201/1/5201 
f 5202/1/5202 5201/1/5201 4400/1/4400 
f 4396/1/4396 5198/1/5198 5204/1/5204 
f 4395/1/4395 5204/1/5204 5202/1/5202 
f 5203/1/5203 5208/1/5208 5206/1/5206 
f 5239/1/5239 5237/1/5237 5236/1/5236 
f 4336/1/4336 4342/1/4342 5237/1/5237 
f 5243/1/5243 5242/1/5242 5196/1/5196 
f 5258/1/5258 5259/1/5259 5256/1/5256 
f 5205/1/5205 5259/1/5259 5258/1/5258 
f 5199/1/5199 5241/1/5241 5259/1/5259 
f 5256/1/5256 5259/1/5259 5241/1/5241 
f 5257/1/5257 5262/1/5262 5260/1/5260 
f 5258/1/5258 5260/1/5260 5208/1/5208 
f 5321/1/5321 5322/1/5322 5319/1/5319 
f 5320/1/5320 5327/1/5327 5326/1/5326 
f 5328/1/5328 5327/1/5327 5262/1/5262 
f 5326/1/5326 5330/1/5330 5323/1/5323 
f 5414/1/5414 5410/1/5410 5409/1/5409 
f 5411/1/5411 5410/1/5410 4475/1/4475 
f 5417/1/5417 5427/1/5427 5430/1/5430 
f 5453/1/5453 5454/1/5454 5451/1/5451 
f 5448/1/5448 5451/1/5451 5454/1/5454 
f 5413/1/5413 5482/1/5482 5480/1/5480 
f 5487/1/5487 5489/1/5489 5488/1/5488 
f 4513/1/4513 4511/1/4511 5488/1/5488 
f 5517/1/5517 5518/1/5518 5515/1/5515 
f 5453/1/5453 5452/1/5452 5518/1/5518 
f 5440/1/5440 5439/1/5439 5518/1/5518 
f 5515/1/5515 5518/1/5518 5439/1/5439 
f 5515/1/5515 5521/1/5521 5520/1/5520 
f 5434/1/5434 5431/1/5431 5521/1/5521 
f 5520/1/5520 5538/1/5538 5527/1/5527 
f 5635/1/5635 5636/1/5636 5633/1/5633 
f 5673/1/5673 5674/1/5674 5671/1/5671 
f 5659/1/5659 5657/1/5657 5671/1/5671 
f 5681/1/5681 5682/1/5682 5679/1/5679 
f 5677/1/5677 5679/1/5679 5682/1/5682 
f 5681/1/5681 5684/1/5684 5683/1/5683 
f 5688/1/5688 5689/1/5689 5686/1/5686 
f 5693/1/5693 5694/1/5694 5688/1/5688 
f 5688/1/5688 5694/1/5694 5705/1/5705 
f 5707/1/5707 5714/1/5714 5717/1/5717 
f 5723/1/5723 5721/1/5721 5720/1/5720 
f 5722/1/5722 5720/1/5720 5729/1/5729 
f 5708/1/5708 5717/1/5717 5729/1/5729 
f 5722/1/5722 5736/1/5736 5734/1/5734 
f 5745/1/5745 5747/1/5747 5746/1/5746 
f 5742/1/5742 5746/1/5746 5749/1/5749 
f 5751/1/5751 5767/1/5767 5766/1/5766 
f 5769/1/5769 5766/1/5766 5767/1/5767 
f 5759/1/5759 5766/1/5766 5769/1/5769 
f 5750/1/5750 5766/1/5766 5759/1/5759 
f 4289/1/4289 4294/1/4294 5783/1/5783 
f 5784/1/5784 5783/1/5783 4294/1/4294 
f 4304/1/4304 5793/1/5793 5789/1/5789 
f 2970/1/2970 5796/1/5796 5795/1/5795 
f 5238/1/5238 5799/1/5799 5798/1/5798 
f 5996/1/5996 6043/1/6043 6042/1/6042 
f 6031/1/6031 6045/1/6045 6047/1/6047 
f 6067/1/6067 6066/1/6066 5977/1/5977 
f 6067/1/6067 6068/1/6068 6069/1/6069 
f 6072/1/6072 6074/1/6074 6070/1/6070 
f 6268/1/6268 6267/1/6267 6252/1/6252 
f 6325/1/6325 6326/1/6326 6323/1/6323 
f 6323/1/6323 6326/1/6326 6294/1/6294 
f 6333/1/6333 6325/1/6325 6324/1/6324 
f 6347/1/6347 6346/1/6346 6330/1/6330 
f 6347/1/6347 6362/1/6362 6363/1/6363 
f 6404/1/6404 6395/1/6395 6394/1/6394 
f 6396/1/6396 6519/1/6519 6394/1/6394 
f 6396/1/6396 6395/1/6395 6403/1/6403 
f 6379/1/6379 6420/1/6420 6421/1/6421 
f 6425/1/6425 6426/1/6426 6424/1/6424 
f 6419/1/6419 6424/1/6424 6426/1/6426 
f 6423/1/6423 6428/1/6428 6427/1/6427 
f 6422/1/6422 6430/1/6430 6429/1/6429 
f 6432/1/6432 6429/1/6429 6430/1/6430 
f 6421/1/6421 6429/1/6429 6382/1/6382 
f 6433/1/6433 6436/1/6436 6426/1/6426 
f 6430/1/6430 6436/1/6436 6435/1/6435 
f 6433/1/6433 6438/1/6438 6437/1/6437 
f 6431/1/6431 6435/1/6435 6443/1/6443 
f 6439/1/6439 6443/1/6443 6446/1/6446 
f 6521/1/6521 6520/1/6520 6478/1/6478 
f 6467/1/6467 6471/1/6471 6526/1/6526 
f 6534/1/6534 6535/1/6535 6532/1/6532 
f 6531/1/6531 6532/1/6532 6535/1/6535 
f 6533/1/6533 6537/1/6537 6538/1/6538 
f 6563/1/6563 6562/1/6562 6495/1/6495 
f 6572/1/6572 6573/1/6573 6570/1/6570 
f 6563/1/6563 6570/1/6570 6573/1/6573 
f 6496/1/6496 6497/1/6497 6570/1/6570 
f 6575/1/6575 6574/1/6574 6573/1/6573 
f 6581/1/6581 6586/1/6586 6584/1/6584 
f 6599/1/6599 6597/1/6597 6596/1/6596 
f 6528/1/6528 6605/1/6605 6606/1/6606 
f 6607/1/6607 6606/1/6606 6605/1/6605 
f 6513/1/6513 6627/1/6627 6628/1/6628 
f 6623/1/6623 6621/1/6621 6628/1/6628 
f 6633/1/6633 6635/1/6635 6634/1/6634 
f 6637/1/6637 6634/1/6634 6635/1/6635 
f 6534/1/6534 6538/1/6538 6639/1/6639 
f 6637/1/6637 6639/1/6639 6538/1/6538 
f 6642/1/6642 6640/1/6640 6323/1/6323 
f 5998/1/5998 6042/1/6042 6640/1/6640 
f 6641/1/6641 6640/1/6640 6042/1/6042 
f 6268/1/6268 6647/1/6647 6646/1/6646 
f 6251/1/6251 6648/1/6648 6647/1/6647 
f 6195/1/6195 6656/1/6656 6655/1/6655 
f 6666/1/6666 6665/1/6665 6143/1/6143 
f 6666/1/6666 6667/1/6667 6069/1/6069 
f 6348/1/6348 6363/1/6363 6677/1/6677 
f 6676/1/6676 6677/1/6677 6047/1/6047 
f 6336/1/6336 6335/1/6335 6681/1/6681 
f 6682/1/6682 6681/1/6681 6335/1/6335 
f 6641/1/6641 6683/1/6683 6682/1/6682 
# 6062 polygons - 1184 triangles

