# 3ds Max Wavefront OBJ Exporter v0.99 - (c)2007 guruware
# File Created: 23.04.2025 23:37:13

mtllib Cabeza5.mtl

#
# object Cabeza5
#

v  -4.2373 0.2483 -5.2424
v  -4.2143 0.2533 -5.2437
v  -4.2166 0.2592 -5.2618
v  -4.2404 0.2570 -5.2598
v  -4.1929 0.2565 -5.2628
v  -4.1923 0.2518 -5.2455
v  -4.1924 0.2609 -5.2809
v  -4.2176 0.2642 -5.2825
v  -4.2415 0.2654 -5.2795
v  -4.1571 0.2411 -5.2494
v  -4.1511 0.2387 -5.2601
v  -4.1704 0.2499 -5.2627
v  -4.1719 0.2465 -5.2476
v  -4.1453 0.2347 -5.2756
v  -4.1671 0.2522 -5.2776
v  -4.2117 0.2512 -5.2243
v  -4.1909 0.2495 -5.2274
v  -4.2325 0.2469 -5.2222
v  -4.2292 0.2556 -5.2047
v  -4.2087 0.2572 -5.2072
v  -4.1873 0.2529 -5.2114
v  -4.1641 0.2434 -5.2183
v  -4.1695 0.2439 -5.2323
v  -4.1497 0.2364 -5.2401
v  -4.1415 0.2313 -5.2283
v  -4.1217 0.2188 -5.2422
v  -4.1348 0.2276 -5.2520
v  -4.1257 0.2159 -5.2678
v  -4.1070 0.2036 -5.2560
v  -4.2404 0.2890 -5.2855
v  -4.2658 0.2850 -5.2798
v  -4.2637 0.2624 -5.2759
v  -4.2667 0.3127 -5.2828
v  -4.2373 0.3188 -5.2899
v  -4.3003 0.3005 -5.2781
v  -4.2872 0.2740 -5.2728
v  -4.2790 0.2599 -5.2702
v  -4.1857 0.2813 -5.2904
v  -4.2136 0.2879 -5.2900
v  -4.2073 0.3171 -5.2974
v  -4.1762 0.3081 -5.3011
v  -4.1583 0.2667 -5.2898
v  -4.1336 0.2446 -5.2889
v  -4.1178 0.2629 -5.3034
v  -4.1454 0.2896 -5.3025
v  -4.1125 0.2179 -5.2835
v  -4.0931 0.2333 -5.2984
v  -4.0948 0.1949 -5.2723
v  -4.0700 0.1990 -5.2898
v  -4.1726 0.2791 -5.1944
v  -4.1452 0.2644 -5.2022
v  -4.1554 0.2504 -5.2060
v  -4.1806 0.2639 -5.2000
v  -4.1313 0.2341 -5.2169
v  -4.1191 0.2458 -5.2131
v  -4.1097 0.2179 -5.2320
v  -4.0957 0.2261 -5.2251
v  -4.0786 0.2055 -5.2350
v  -4.0919 0.2021 -5.2459
v  -4.0670 0.1908 -5.2434
v  -4.0799 0.1890 -5.2582
v  -4.0553 0.1781 -5.2509
v  -4.0669 0.1781 -5.2701
v  -4.0397 0.1620 -5.2578
v  -4.0481 0.1637 -5.2789
v  -4.0214 0.1422 -5.2629
v  -4.0238 0.1456 -5.2835
v  -4.0378 0.1799 -5.2989
v  -4.0096 0.1598 -5.3020
v  -4.0052 0.1155 -5.2656
v  -4.0041 0.1174 -5.2859
v  -3.9943 0.0831 -5.2643
v  -3.9900 0.0820 -5.2864
v  -3.9671 0.0938 -5.3039
v  -3.9864 0.1297 -5.3037
v  -3.9601 0.0234 -5.2422
v  -3.9532 0.0141 -5.2685
v  -3.9755 0.0451 -5.2806
v  -3.9819 0.0507 -5.2557
v  -3.9486 0.0561 -5.2988
v  -3.9253 0.0256 -5.2867
v  -4.3594 0.3370 -5.2726
v  -4.3305 0.3198 -5.2754
v  -4.3218 0.3485 -5.2776
v  -4.3519 0.3563 -5.2765
v  -4.2932 0.3429 -5.2838
v  -4.3197 0.3737 -5.2854
v  -4.2907 0.3753 -5.2914
v  -4.3497 0.3720 -5.2849
v  -4.2320 0.3543 -5.2989
v  -4.2632 0.3480 -5.2905
v  -4.2615 0.3814 -5.3014
v  -4.2308 0.3849 -5.3158
v  -4.2003 0.3502 -5.3123
v  -4.1974 0.3779 -5.3332
v  -4.1677 0.3360 -5.3238
v  -4.1616 0.3605 -5.3485
v  -4.1342 0.3117 -5.3302
v  -4.1009 0.2835 -5.3308
v  -4.0876 0.3005 -5.3613
v  -4.1249 0.3313 -5.3580
v  -4.0697 0.2572 -5.3250
v  -4.0403 0.2320 -5.3206
v  -4.0199 0.2528 -5.3576
v  -4.0532 0.2751 -5.3599
v  -3.9776 0.1869 -5.3254
v  -4.0097 0.2095 -5.3235
v  -3.9851 0.2320 -5.3583
v  -3.9489 0.2100 -5.3583
v  -3.9228 0.1221 -5.3238
v  -3.9483 0.1571 -5.3252
v  -3.9135 0.1817 -5.3560
v  -3.8813 0.1484 -5.3526
v  -3.8985 0.0864 -5.3157
v  -3.8722 0.0572 -5.3019
v  -3.8518 0.1135 -5.3452
v  -3.8214 0.0815 -5.3346
v  -4.3247 0.3871 -5.2987
v  -4.3529 0.3822 -5.2934
v  -4.2974 0.3915 -5.3075
v  -4.3110 0.3897 -5.3247
v  -4.3351 0.3876 -5.3128
v  -4.3598 0.3834 -5.3039
v  -4.2703 0.3966 -5.3208
v  -4.2398 0.3997 -5.3377
v  -4.2573 0.3927 -5.3609
v  -4.2870 0.3905 -5.3398
v  -4.1801 0.3700 -5.3998
v  -4.2149 0.3916 -5.3771
v  -4.2028 0.3939 -5.3571
v  -4.1626 0.3748 -5.3744
v  -4.2159 0.3771 -5.4041
v  -4.2241 0.3877 -5.3881
v  -4.2397 0.3783 -5.4032
v  -4.2489 0.3833 -5.3859
v  -4.1219 0.3423 -5.3846
v  -4.0827 0.3074 -5.3889
v  -4.0896 0.3012 -5.4108
v  -4.1318 0.3350 -5.4072
v  -4.0135 0.2566 -5.3881
v  -4.0482 0.2788 -5.3891
v  -4.0180 0.2489 -5.4100
v  -4.0535 0.2718 -5.4102
v  -3.9372 0.2186 -5.3874
v  -3.9765 0.2378 -5.3882
v  -3.9413 0.2110 -5.4115
v  -3.9806 0.2300 -5.4107
v  -3.8655 0.1542 -5.4048
v  -3.9016 0.1858 -5.4099
v  -3.8973 0.1936 -5.3840
v  -3.8617 0.1610 -5.3792
v  -4.1012 0.2415 -5.1864
v  -4.0803 0.2180 -5.1945
v  -4.0874 0.2225 -5.2095
v  -4.1090 0.2474 -5.2008
v  -4.0723 0.1988 -5.2167
v  -4.0653 0.1947 -5.1981
v  -4.0682 0.2434 -5.1766
v  -4.0511 0.2330 -5.1801
v  -4.0658 0.2227 -5.1863
v  -4.0841 0.2414 -5.1788
v  -4.0487 0.2053 -5.1899
v  -4.0316 0.2201 -5.1823
v  -4.0548 0.1763 -5.1990
v  -4.0615 0.1819 -5.2219
v  -4.0500 0.1685 -5.2269
v  -4.0431 0.1619 -5.2016
v  -4.0146 0.2099 -5.1847
v  -4.0347 0.1913 -5.1914
v  -4.0210 0.1794 -5.1929
v  -3.9978 0.2013 -5.1881
v  -4.0050 0.2477 -5.1527
v  -3.9807 0.2390 -5.1526
v  -3.9978 0.2245 -5.1704
v  -4.0182 0.2336 -5.1691
v  -3.9789 0.2162 -5.1716
v  -3.9600 0.2296 -5.1505
v  -4.0278 0.1498 -5.2076
v  -4.0349 0.1545 -5.2333
v  -4.0186 0.1375 -5.2388
v  -4.0116 0.1372 -5.2132
v  -3.9598 0.1821 -5.1911
v  -3.9795 0.1920 -5.1906
v  -3.9585 0.2079 -5.1721
v  -3.9366 0.1997 -5.1713
v  -3.9383 0.2212 -5.1484
v  -3.9155 0.2132 -5.1455
v  -4.0051 0.1677 -5.1956
v  -3.9879 0.1565 -5.1989
v  -4.0043 0.1150 -5.2409
v  -3.9961 0.1212 -5.2150
v  -3.9802 0.1036 -5.2109
v  -3.9930 0.0887 -5.2369
v  -3.9785 0.0642 -5.2260
v  -3.9554 0.0436 -5.2120
v  -3.9593 0.0898 -5.2045
v  -3.9333 0.0764 -5.1945
v  -3.9385 0.1723 -5.1897
v  -3.9697 0.1447 -5.2012
v  -3.9503 0.1327 -5.1995
v  -3.9170 0.1633 -5.1863
v  -3.8909 0.2055 -5.1415
v  -3.9131 0.1920 -5.1686
v  -3.8898 0.1846 -5.1643
v  -3.8664 0.1986 -5.1368
v  -3.8950 0.1562 -5.1841
v  -3.9284 0.1234 -5.1963
v  -3.9028 0.1132 -5.1899
v  -3.8709 0.1480 -5.1805
v  -3.8432 0.1931 -5.1325
v  -3.8675 0.1782 -5.1603
v  -3.8440 0.1707 -5.1561
v  -3.8194 0.1864 -5.1280
v  -3.8432 0.1361 -5.1741
v  -3.8727 0.0992 -5.1789
v  -3.8363 0.0833 -5.1697
v  -3.8087 0.1216 -5.1691
v  -3.8619 0.0428 -5.1692
v  -3.9009 0.0597 -5.1800
v  -3.7925 0.1761 -5.1236
v  -3.8171 0.1604 -5.1520
v  -3.7826 0.1478 -5.1503
v  -3.7575 0.1639 -5.1222
v  -3.7113 0.1484 -5.1230
v  -3.7376 0.1318 -5.1508
v  -3.6897 0.1113 -5.1467
v  -3.6628 0.1264 -5.1175
v  -3.7175 0.0875 -5.1676
v  -3.7643 0.1054 -5.1694
v  -3.6314 0.0532 -5.1561
v  -3.6754 0.0707 -5.1633
v  -3.6447 0.0930 -5.1405
v  -3.5975 0.0740 -5.1305
v  -3.6150 0.1083 -5.1108
v  -3.5653 0.0890 -5.0990
v  -3.5062 0.0711 -5.0862
v  -3.5421 0.0535 -5.1170
v  -3.4859 0.0290 -5.0982
v  -3.4492 0.0466 -5.0657
v  -3.5243 0.0083 -5.1294
v  -3.5791 0.0325 -5.1443
v  -4.2234 0.3579 -5.4183
v  -4.2543 0.3640 -5.4153
v  -4.1874 0.3438 -5.4143
v  -4.2008 0.3209 -5.4232
v  -4.2383 0.3325 -5.4295
v  -4.2730 0.3370 -5.4280
v  -4.1460 0.3176 -5.4153
v  -4.1026 0.2891 -5.4218
v  -4.1185 0.2746 -5.4269
v  -4.1604 0.2987 -5.4198
v  -4.0641 0.2627 -5.4228
v  -4.0276 0.2392 -5.4226
v  -4.0408 0.2283 -5.4310
v  -4.0789 0.2512 -5.4303
v  -3.9904 0.2183 -5.4232
v  -3.9528 0.1962 -5.4238
v  -3.9670 0.1811 -5.4305
v  -4.0036 0.2057 -5.4308
v  -4.0193 0.1924 -5.4337
v  -4.0572 0.2150 -5.4342
v  -3.9823 0.1674 -5.4335
v  -3.9932 0.1608 -5.4506
v  -4.0337 0.1825 -5.4471
v  -4.0737 0.2026 -5.4444
v  -3.9688 0.2797 -5.1046
v  -3.9346 0.2760 -5.1018
v  -3.9590 0.2591 -5.1339
v  -3.9882 0.2660 -5.1347
v  -3.9366 0.2473 -5.1279
v  -3.9104 0.2613 -5.0946
v  -3.8863 0.2537 -5.0918
v  -3.9141 0.2386 -5.1242
v  -3.8906 0.2314 -5.1215
v  -3.8620 0.2480 -5.0905
v  -3.8399 0.2342 -5.0849
v  -3.8667 0.2215 -5.1160
v  -3.8420 0.2139 -5.1115
v  -3.8159 0.2259 -5.0811
v  -3.7921 0.2236 -5.0782
v  -3.8184 0.2101 -5.1083
v  -3.7942 0.2033 -5.1036
v  -3.7671 0.2163 -5.0737
v  -3.7392 0.2000 -5.0665
v  -3.7668 0.1912 -5.0975
v  -3.7304 0.1780 -5.0944
v  -3.7003 0.1869 -5.0619
v  -3.6528 0.1670 -5.0557
v  -3.6830 0.1612 -5.0924
v  -3.6321 0.1403 -5.0869
v  -3.5994 0.1484 -5.0488
v  -3.5496 0.1263 -5.0372
v  -3.5817 0.1227 -5.0795
v  -3.5323 0.0994 -5.0644
v  -3.5005 0.1006 -5.0215
v  -3.4473 0.0736 -5.0036
v  -3.4745 0.0782 -5.0481
v  -3.4190 0.0544 -5.0284
v  -3.3958 0.0502 -4.9846
v  -4.0220 0.3128 -5.0139
v  -3.9711 0.2876 -5.0077
v  -3.9857 0.3029 -5.0623
v  -4.0316 0.3259 -5.0687
v  -3.9465 0.2828 -5.0558
v  -3.9289 0.2636 -5.0035
v  -4.0054 0.2943 -5.1103
v  -4.0472 0.3128 -5.1157
v  -3.8914 0.2552 -4.9945
v  -3.9093 0.2798 -5.0489
v  -3.8823 0.2651 -5.0442
v  -3.8605 0.2443 -4.9925
v  -3.8326 0.2391 -4.9913
v  -3.8565 0.2571 -5.0425
v  -3.8310 0.2532 -5.0418
v  -3.8061 0.2377 -4.9890
v  -3.7844 0.2245 -4.9910
v  -3.8106 0.2366 -5.0400
v  -3.7883 0.2266 -5.0370
v  -3.7641 0.2129 -4.9898
v  -3.7416 0.2053 -4.9853
v  -3.7648 0.2230 -5.0325
v  -3.7378 0.2168 -5.0276
v  -3.7137 0.1983 -4.9785
v  -3.6839 0.1766 -4.9769
v  -3.7093 0.1961 -5.0223
v  -3.6688 0.1827 -5.0154
v  -3.6453 0.1583 -4.9682
v  -3.5997 0.1344 -4.9585
v  -3.6222 0.1596 -5.0071
v  -3.5687 0.1417 -4.9959
v  -3.5492 0.1120 -4.9445
v  -3.5004 0.0841 -4.9327
v  -3.5205 0.1137 -4.9832
v  -3.4698 0.0922 -4.9677
v  -3.4509 0.0648 -4.9153
v  -4.1378 0.2398 -4.9567
v  -4.0766 0.2234 -4.9527
v  -4.0783 0.2923 -4.9709
v  -4.1421 0.3077 -4.9808
v  -4.0183 0.2648 -4.9722
v  -4.0172 0.2013 -4.9571
v  -4.0791 0.3439 -5.0170
v  -4.1425 0.3575 -5.0269
v  -3.9642 0.1795 -4.9561
v  -3.9650 0.2405 -4.9674
v  -3.9207 0.2179 -4.9667
v  -3.9184 0.1617 -4.9562
v  -3.8805 0.1526 -4.9495
v  -3.8831 0.2079 -4.9584
v  -3.8505 0.2007 -4.9554
v  -3.8478 0.1472 -4.9448
v  -3.8193 0.1410 -4.9406
v  -3.8216 0.1960 -4.9528
v  -3.7952 0.1922 -4.9484
v  -3.7938 0.1342 -4.9376
v  -3.7705 0.1263 -4.9375
v  -3.7718 0.1836 -4.9485
v  -3.7513 0.1726 -4.9498
v  -3.7482 0.1180 -4.9374
v  -3.7246 0.1095 -4.9347
v  -3.7290 0.1634 -4.9482
v  -3.7021 0.1534 -4.9437
v  -3.6980 0.0990 -4.9327
v  -3.6676 0.0847 -4.9308
v  -3.6711 0.1356 -4.9433
v  -3.6346 0.1159 -4.9352
v  -3.6329 0.0660 -4.9218
v  -3.5916 0.0420 -4.9093
v  -3.5905 0.0929 -4.9227
v  -3.5426 0.0693 -4.9069
v  -3.5464 0.0172 -4.8938
v  -3.4996 -0.0043 -4.8758
v  -3.4939 0.0456 -4.8925
v  -3.4472 0.0262 -4.8741
v  -3.4541 -0.0220 -4.8557
v  -4.3588 0.2829 -5.2535
v  -4.3435 0.2955 -5.2670
v  -4.3712 0.3181 -5.2689
v  -4.3844 0.3070 -5.2597
v  -4.3197 0.2729 -5.2635
v  -4.3325 0.2558 -5.2423
v  -4.2628 0.2475 -5.2593
v  -4.2601 0.2348 -5.2413
v  -4.2841 0.2438 -5.2596
v  -4.2879 0.2274 -5.2381
v  -4.2536 0.2343 -5.2200
v  -4.2739 0.2284 -5.2143
v  -4.2657 0.2428 -5.2044
v  -4.2500 0.2483 -5.2038
v  -4.2863 0.2434 -5.2091
v  -4.2713 0.2545 -5.1993
v  -4.2987 0.2359 -5.2214
v  -4.3062 0.2533 -5.2124
v  -4.2926 0.2614 -5.2035
v  -4.2776 0.2698 -5.1935
v  -4.3086 0.2404 -5.2430
v  -4.3014 0.2554 -5.2597
v  -4.3098 0.2384 -5.2303
v  -4.3204 0.2509 -5.2230
v  -4.5746 0.2940 -5.1881
v  -4.5511 0.2834 -5.1879
v  -4.5459 0.3044 -5.1924
v  -4.5676 0.3117 -5.1938
v  -4.5248 0.2979 -5.1872
v  -4.5286 0.2737 -5.1828
v  -4.5232 0.3154 -5.1953
v  -4.5441 0.3197 -5.2003
v  -4.5653 0.3247 -5.2029
v  -4.5073 0.2661 -5.1763
v  -4.5044 0.2935 -5.1812
v  -4.4836 0.2909 -5.1754
v  -4.4854 0.2617 -5.1689
v  -4.4816 0.3100 -5.1842
v  -4.5025 0.3122 -5.1899
v  -4.4621 0.2619 -5.1591
v  -4.4622 0.2912 -5.1679
v  -4.4423 0.2936 -5.1577
v  -4.4408 0.2657 -5.1469
v  -4.4402 0.3099 -5.1678
v  -4.4603 0.3093 -5.1767
v  -4.4224 0.2697 -5.1354
v  -4.4246 0.2955 -5.1477
v  -4.4065 0.2941 -5.1416
v  -4.4041 0.2703 -5.1284
v  -4.4046 0.3083 -5.1525
v  -4.4224 0.3106 -5.1590
v  -4.3823 0.1832 -5.0835
v  -4.3634 0.1830 -5.0773
v  -4.3790 0.2295 -5.1004
v  -4.3969 0.2306 -5.1088
v  -4.3697 0.2322 -5.0858
v  -4.3530 0.1858 -5.0640
v  -4.3752 0.2722 -5.1108
v  -4.3867 0.2686 -5.1221
v  -4.3713 0.3009 -5.1377
v  -4.3866 0.3036 -5.1465
v  -4.3886 0.2904 -5.1365
v  -4.3745 0.2902 -5.1281
v  -4.4254 0.3524 -5.2779
v  -4.4345 0.3454 -5.2730
v  -4.4023 0.3342 -5.2716
v  -4.3923 0.3466 -5.2753
v  -4.4118 0.3281 -5.2618
v  -4.4416 0.3425 -5.2638
v  -4.4021 0.3679 -5.2831
v  -4.4140 0.3612 -5.2804
v  -4.3843 0.3591 -5.2790
v  -4.3803 0.3694 -5.2845
v  -4.3487 0.3712 -5.3245
v  -4.3679 0.3725 -5.3143
v  -4.3288 0.3682 -5.3373
v  -4.3488 0.3476 -5.3496
v  -4.3637 0.3531 -5.3359
v  -4.3801 0.3573 -5.3229
v  -4.3105 0.3647 -5.3536
v  -4.2932 0.3628 -5.3735
v  -4.3367 0.3412 -5.3657
v  -4.3283 0.3312 -5.3889
v  -4.3022 0.3362 -5.4116
v  -4.2759 0.3634 -5.3958
v  -4.3855 0.3767 -5.2979
v  -4.3825 0.3770 -5.2901
v  -4.4167 0.3678 -5.2969
v  -4.4113 0.3726 -5.2865
v  -4.4665 0.3522 -5.2749
v  -4.4556 0.3571 -5.2801
v  -4.4879 0.3573 -5.2868
v  -4.4729 0.3496 -5.2667
v  -4.4991 0.3558 -5.2786
v  -4.5049 0.3544 -5.2698
v  -4.4521 0.3614 -5.2917
v  -4.4365 0.3649 -5.2829
v  -4.3975 0.3607 -5.3093
v  -4.3848 0.3715 -5.3056
v  -4.3758 0.3388 -5.3444
v  -4.3908 0.3416 -5.3311
v  -4.3643 0.3348 -5.3575
v  -4.3778 0.3368 -5.3669
v  -4.3876 0.3389 -5.3554
v  -4.4024 0.3397 -5.3444
v  -4.4094 0.3455 -5.3181
v  -4.4334 0.3515 -5.3085
v  -4.4217 0.3407 -5.3340
v  -4.4447 0.3457 -5.3246
v  -4.4631 0.3541 -5.3020
v  -4.4704 0.3541 -5.3161
v  -4.4980 0.3630 -5.3083
v  -4.4930 0.3559 -5.2975
v  -4.5178 0.3604 -5.2949
v  -4.5258 0.3617 -5.2893
v  -4.5251 0.3736 -5.3005
v  -4.5536 0.3833 -5.2903
v  -4.5327 0.3618 -5.2836
v  -4.5629 0.3760 -5.2824
v  -4.5672 0.3712 -5.2746
v  -4.5374 0.3614 -5.2733
v  -4.4987 0.4081 -5.3270
v  -4.5296 0.4128 -5.3195
v  -4.5269 0.3931 -5.3067
v  -4.4980 0.3840 -5.3162
v  -4.5668 0.4131 -5.3155
v  -4.5604 0.4011 -5.2996
v  -4.4523 0.3929 -5.3482
v  -4.4731 0.4008 -5.3370
v  -4.4722 0.3751 -5.3265
v  -4.4494 0.3670 -5.3370
v  -4.4190 0.3806 -5.3699
v  -4.4348 0.3856 -5.3595
v  -4.4290 0.3617 -5.3470
v  -4.4112 0.3588 -5.3567
v  -4.4046 0.3775 -5.3792
v  -4.3976 0.3560 -5.3676
v  -4.3878 0.3542 -5.3789
v  -4.3921 0.3759 -5.3887
v  -4.5655 0.3595 -5.2568
v  -4.5397 0.3532 -5.2539
v  -4.5393 0.3584 -5.2625
v  -4.5673 0.3659 -5.2647
v  -4.5087 0.3514 -5.2596
v  -4.5114 0.3461 -5.2509
v  -4.5423 0.3311 -5.2139
v  -4.5636 0.3369 -5.2157
v  -4.5205 0.3261 -5.2098
v  -4.5177 0.3341 -5.2227
v  -4.5407 0.3400 -5.2264
v  -4.5626 0.3472 -5.2284
v  -4.5634 0.3533 -5.2457
v  -4.5396 0.3467 -5.2419
v  -4.5397 0.3492 -5.2477
v  -4.5632 0.3555 -5.2510
v  -4.5130 0.3420 -5.2444
v  -4.5141 0.3403 -5.2379
v  -4.5398 0.3446 -5.2352
v  -4.5629 0.3517 -5.2383
v  -4.5155 0.3385 -5.2312
v  -4.4784 0.3467 -5.2568
v  -4.4832 0.3422 -5.2475
v  -4.4555 0.3379 -5.2435
v  -4.4487 0.3406 -5.2538
v  -4.4989 0.3227 -5.2050
v  -4.4773 0.3202 -5.1992
v  -4.4729 0.3272 -5.2121
v  -4.4951 0.3301 -5.2181
v  -4.4866 0.3380 -5.2402
v  -4.4894 0.3352 -5.2338
v  -4.4652 0.3307 -5.2283
v  -4.4608 0.3346 -5.2352
v  -4.4690 0.3294 -5.2212
v  -4.4921 0.3337 -5.2270
v  -4.4201 0.3296 -5.2502
v  -4.4284 0.3315 -5.2381
v  -4.4029 0.3227 -5.2316
v  -4.3942 0.3129 -5.2451
v  -4.4555 0.3187 -5.1913
v  -4.4350 0.3187 -5.1821
v  -4.4294 0.3249 -5.1943
v  -4.4506 0.3251 -5.2037
v  -4.4352 0.3320 -5.2279
v  -4.4412 0.3285 -5.2200
v  -4.4181 0.3264 -5.2111
v  -4.4105 0.3289 -5.2202
v  -4.4240 0.3260 -5.2032
v  -4.4460 0.3270 -5.2127
v  -4.4168 0.3199 -5.1731
v  -4.4104 0.3258 -5.1856
v  -4.3991 0.3190 -5.1652
v  -4.3918 0.3250 -5.1776
v  -4.3700 0.2950 -5.2366
v  -4.3792 0.3137 -5.2236
v  -4.3574 0.3057 -5.2149
v  -4.3493 0.2799 -5.2252
v  -4.3880 0.3239 -5.2126
v  -4.3972 0.3234 -5.2028
v  -4.3775 0.3192 -5.1947
v  -4.3671 0.3179 -5.2041
v  -4.3850 0.3230 -5.1869
v  -4.4041 0.3249 -5.1948
v  -4.3649 0.3106 -5.1507
v  -4.3807 0.3150 -5.1580
v  -4.3564 0.3131 -5.1641
v  -4.3727 0.3208 -5.1703
v  -4.3309 0.2736 -5.2134
v  -4.3397 0.2972 -5.2048
v  -4.3242 0.2911 -5.1950
v  -4.3143 0.2742 -5.2044
v  -4.3499 0.3076 -5.1721
v  -4.3661 0.3166 -5.1795
v  -4.3598 0.3091 -5.1863
v  -4.3437 0.2993 -5.1778
v  -4.3348 0.2962 -5.1857
v  -4.3504 0.3059 -5.1948
v  -4.0924 0.3404 -5.1228
v  -4.0831 0.3559 -5.0751
v  -4.1403 0.3743 -5.0813
v  -4.1414 0.3609 -5.1279
v  -4.1350 0.2711 -5.1919
v  -4.1649 0.2886 -5.1843
v  -4.1533 0.2943 -5.1697
v  -4.1241 0.2666 -5.1778
v  -4.0617 0.2943 -5.1414
v  -4.1040 0.3194 -5.1461
v  -4.0769 0.2752 -5.1579
v  -4.1155 0.3041 -5.1563
v  -4.1470 0.3421 -5.1503
v  -4.1527 0.3257 -5.1606
v  -4.0428 0.2451 -5.1690
v  -4.0354 0.2593 -5.1546
v  -4.0707 0.2553 -5.1693
v  -4.1002 0.2618 -5.1704
v  -4.1147 0.2819 -5.1638
v  -4.1284 0.2989 -5.1616
v  -4.1573 0.3127 -5.1657
v  -4.0226 0.2775 -5.1379
v  -4.3569 0.3310 -5.3712
v  -4.3549 0.3238 -5.3855
v  -4.3710 0.3307 -5.3883
v  -4.3719 0.3369 -5.3777
v  -4.3783 0.3481 -5.3993
v  -4.3800 0.3552 -5.3893
v  -4.3807 0.3652 -5.4123
v  -4.3820 0.3753 -5.4004
v  -4.3927 0.3727 -5.4173
v  -4.3882 0.3850 -5.4088
v  -4.4070 0.3765 -5.4148
v  -4.3981 0.3876 -5.4016
v  -4.4117 0.3885 -5.3945
v  -4.4278 0.3911 -5.3866
v  -4.4222 0.3823 -5.4103
v  -4.4391 0.3894 -5.4039
v  -4.4443 0.3964 -5.3775
v  -4.4623 0.4035 -5.3676
v  -4.4568 0.3968 -5.3958
v  -4.4761 0.4046 -5.3868
v  -4.4976 0.4124 -5.3772
v  -4.4829 0.4111 -5.3575
v  -4.5074 0.4176 -5.3480
v  -4.5211 0.4190 -5.3682
v  -4.5467 0.4217 -5.3606
v  -4.5374 0.4216 -5.3406
v  -4.5750 0.4199 -5.3363
v  -4.5810 0.4156 -5.3572
v  -4.5816 0.3979 -5.3682
v  -4.5548 0.4086 -5.3697
v  -4.5403 0.4004 -5.3767
v  -4.5760 0.3715 -5.3799
v  -4.5207 0.3463 -5.3983
v  -4.5462 0.3569 -5.3887
v  -4.5193 0.3911 -5.3843
v  -4.4964 0.3823 -5.3941
v  -4.4749 0.3251 -5.4142
v  -4.4970 0.3359 -5.4079
v  -4.4754 0.3738 -5.4040
v  -4.4559 0.3648 -5.4120
v  -4.4208 0.3473 -5.4208
v  -4.4378 0.3554 -5.4178
v  -4.4549 0.3137 -5.4169
v  -4.4365 0.3036 -5.4172
v  -4.4194 0.2967 -5.4171
v  -4.4045 0.3426 -5.4212
v  -4.3914 0.3365 -5.4156
v  -4.4042 0.2905 -5.4152
v  -4.3762 0.3115 -5.3979
v  -4.3858 0.3247 -5.4052
v  -4.3824 0.2752 -5.4088
v  -4.3931 0.2828 -5.4114
v  -4.3608 0.3045 -5.3980
v  -4.3417 0.3025 -5.4047
v  -4.3518 0.2655 -5.4065
v  -4.3693 0.2695 -5.4071
v  -4.3178 0.3030 -5.4169
v  -4.2865 0.3026 -5.4252
v  -4.2985 0.2614 -5.4135
v  -4.3275 0.2628 -5.4085
v  -4.2521 0.3006 -5.4272
v  -4.2149 0.2937 -5.4247
v  -4.2312 0.2582 -5.4201
v  -4.2661 0.2612 -5.4171
v  -4.1754 0.2775 -5.4213
v  -4.1359 0.2578 -5.4292
v  -4.1595 0.2362 -5.4422
v  -4.1946 0.2472 -5.4235
v  -4.1131 0.2241 -5.4449
v  -4.0963 0.2370 -5.4333
v  -4.2330 0.2281 -5.5272
v  -4.1839 0.2210 -5.5052
v  -4.1853 0.2199 -5.5357
v  -4.1870 0.2262 -5.5689
v  -4.2361 0.2360 -5.5645
v  -4.2171 0.2307 -5.5425
v  -4.2806 0.2396 -5.5552
v  -4.1255 0.2186 -5.4716
v  -4.1668 0.2224 -5.4712
v  -4.0852 0.1983 -5.4713
v  -4.1009 0.1857 -5.4973
v  -4.1383 0.2094 -5.5012
v  -4.0447 0.1777 -5.4725
v  -4.0021 0.1563 -5.4753
v  -4.0128 0.1465 -5.5004
v  -4.0595 0.1639 -5.4967
v  -3.9514 0.1358 -5.4537
v  -3.9580 0.1317 -5.4771
v  -3.9161 0.1071 -5.4768
v  -3.9135 0.1096 -5.4539
v  -3.9179 0.1023 -5.5015
v  -3.9647 0.1248 -5.5023
v  -3.8813 0.0830 -5.4708
v  -3.8688 0.0541 -5.4420
v  -3.8607 0.0509 -5.4643
v  -3.8858 0.0832 -5.4490
v  -3.8751 0.0802 -5.4949
v  -3.8496 0.0455 -5.4897
v  -3.9157 0.1684 -5.4222
v  -3.8820 0.1373 -5.4179
v  -3.9004 0.1203 -5.4247
v  -3.9316 0.1514 -5.4287
v  -3.9461 0.1379 -5.4333
v  -3.9138 0.1087 -5.4329
v  -3.8759 0.0924 -5.4195
v  -3.8904 0.0824 -5.4288
v  -3.8744 0.0565 -5.4216
v  -3.8582 0.0671 -5.4134
v  -3.8309 0.1244 -5.3726
v  -3.8004 0.0885 -5.3646
v  -3.8045 0.0790 -5.3922
v  -3.8354 0.1185 -5.3974
v  -3.8539 0.1059 -5.4122
v  -3.8356 0.0777 -5.4074
v  -3.8312 0.0566 -5.4053
v  -3.8468 0.0440 -5.4073
v  -3.8112 0.0458 -5.3995
v  -3.8277 0.0228 -5.4007
v  -3.8575 0.0319 -5.4160
v  -3.8533 0.0256 -5.4365
v  -3.8360 0.0055 -5.4103
v  -3.8321 -0.0033 -5.4326
v  -4.1526 0.2006 -5.5280
v  -4.1181 0.1738 -5.5201
v  -4.1271 0.1680 -5.5436
v  -4.1579 0.1975 -5.5499
v  -4.1226 0.2381 -5.6172
v  -4.1493 0.2358 -5.5980
v  -4.1155 0.2239 -5.5885
v  -4.0902 0.2331 -5.6164
v  -4.1416 0.2106 -5.5687
v  -4.1040 0.1898 -5.5687
v  -4.0763 0.2043 -5.5894
v  -4.0513 0.2161 -5.6164
v  -4.1178 0.1778 -5.5561
v  -4.1459 0.1985 -5.5577
v  -4.0770 0.1451 -5.5152
v  -4.0245 0.1329 -5.5200
v  -4.0291 0.1280 -5.5400
v  -4.0865 0.1355 -5.5427
v  -4.0209 0.1413 -5.5493
v  -4.0752 0.1558 -5.5561
v  -4.0583 0.1705 -5.5670
v  -4.0058 0.1568 -5.5593
v  -3.9828 0.1765 -5.5776
v  -4.0317 0.1885 -5.5859
v  -4.0096 0.2000 -5.6130
v  -3.9644 0.1877 -5.6063
v  -3.9702 0.1164 -5.5230
v  -3.9169 0.0960 -5.5221
v  -3.9709 0.1139 -5.5385
v  -3.9143 0.0907 -5.5379
v  -3.9065 0.0999 -5.5480
v  -3.9638 0.1232 -5.5468
v  -3.9504 0.1408 -5.5540
v  -3.8952 0.1173 -5.5538
v  -3.8814 0.1365 -5.5674
v  -3.9321 0.1618 -5.5702
v  -3.9184 0.1735 -5.5987
v  -3.8728 0.1455 -5.5935
v  -4.0885 0.2300 -5.6463
v  -4.1304 0.2339 -5.6383
v  -4.0486 0.2121 -5.6463
v  -4.0574 0.2064 -5.6753
v  -4.0994 0.2262 -5.6742
v  -4.1430 0.2270 -5.6623
v  -4.0076 0.1949 -5.6418
v  -3.9628 0.1832 -5.6365
v  -3.9722 0.1704 -5.6663
v  -4.0171 0.1847 -5.6695
v  -3.9179 0.1689 -5.6308
v  -3.8727 0.1432 -5.6228
v  -3.8765 0.1362 -5.6539
v  -3.9253 0.1573 -5.6627
v  -3.8234 0.1088 -5.5882
v  -3.8221 0.1089 -5.6135
v  -3.7733 0.0771 -5.6054
v  -3.7762 0.0761 -5.5830
v  -3.7745 0.0742 -5.6297
v  -3.8242 0.1047 -5.6409
v  -3.8348 0.0882 -5.6663
v  -3.8897 0.1140 -5.6812
v  -3.7837 0.0621 -5.6524
v  -3.7966 0.0431 -5.6686
v  -3.8488 0.0629 -5.6834
v  -3.9041 0.0831 -5.6992
v  -4.3383 0.2354 -5.5755
v  -4.2935 0.2413 -5.5871
v  -4.3096 0.2406 -5.6120
v  -4.3476 0.2483 -5.6033
v  -4.3281 0.2439 -5.5866
v  -4.3885 0.2492 -5.5947
v  -4.2549 0.2310 -5.5947
v  -4.2138 0.2228 -5.6072
v  -4.2294 0.2144 -5.6431
v  -4.2716 0.2288 -5.6243
v  -4.1834 0.2193 -5.6492
v  -4.1721 0.2276 -5.6235
v  -4.1549 0.2165 -5.6773
v  -4.1845 0.2139 -5.6651
v  -4.1703 0.2104 -5.6862
v  -4.2037 0.2110 -5.6693
v  -4.1151 0.2137 -5.6916
v  -4.0724 0.1954 -5.6986
v  -4.0872 0.1871 -5.7151
v  -4.1287 0.2065 -5.7020
v  -4.0328 0.1697 -5.6975
v  -3.9900 0.1475 -5.6949
v  -4.0093 0.1166 -5.7246
v  -4.0516 0.1542 -5.7209
v  -3.9550 0.1001 -5.7125
v  -3.9419 0.1318 -5.6903
v  -4.3570 0.2663 -5.6190
v  -4.3972 0.2796 -5.6123
v  -4.3182 0.2566 -5.6298
v  -4.3242 0.2718 -5.6460
v  -4.3611 0.2854 -5.6352
v  -4.4003 0.3016 -5.6273
v  -4.2819 0.2436 -5.6442
v  -4.2494 0.2290 -5.6623
v  -4.2565 0.2465 -5.6751
v  -4.2895 0.2584 -5.6593
v  -4.3311 0.2846 -5.6778
v  -4.3284 0.2803 -5.6613
v  -4.2941 0.2663 -5.6729
v  -4.2969 0.2716 -5.6870
v  -4.2597 0.2580 -5.6851
v  -4.2627 0.2644 -5.6979
v  -4.2163 0.2248 -5.6800
v  -4.1794 0.2234 -5.6958
v  -4.1830 0.2422 -5.7023
v  -4.2219 0.2435 -5.6890
v  -4.1857 0.2549 -5.7107
v  -4.2246 0.2565 -5.6969
v  -4.2283 0.2623 -5.7101
v  -4.1908 0.2591 -5.7251
v  -4.1358 0.2155 -5.7121
v  -4.0932 0.1957 -5.7305
v  -4.0930 0.2125 -5.7418
v  -4.1375 0.2332 -5.7194
v  -4.1019 0.2294 -5.7675
v  -4.1470 0.2494 -5.7441
v  -4.1402 0.2458 -5.7294
v  -4.0952 0.2242 -5.7535
v  -4.0600 0.1595 -5.7487
v  -4.0241 0.1239 -5.7640
v  -4.0191 0.1393 -5.7931
v  -4.0572 0.1778 -5.7685
v  -4.0144 0.1627 -5.8232
v  -4.0595 0.1994 -5.7947
v  -4.0564 0.1909 -5.7817
v  -4.0156 0.1525 -5.8100
v  -4.8734 0.3102 -5.6954
v  -4.8616 0.3221 -5.6959
v  -4.8728 0.3281 -5.7309
v  -4.8888 0.3177 -5.7301
v  -4.8468 0.3397 -5.7274
v  -4.8381 0.3351 -5.6941
v  -4.8544 0.3424 -5.7696
v  -4.8814 0.3309 -5.7756
v  -4.8979 0.3216 -5.7754
v  -4.8075 0.3107 -5.6633
v  -4.8298 0.3025 -5.6629
v  -4.8258 0.3028 -5.6508
v  -4.8037 0.3125 -5.6506
v  -4.8376 0.2903 -5.6503
v  -4.8409 0.2920 -5.6622
v  -4.8284 0.2854 -5.6380
v  -4.8169 0.2983 -5.6383
v  -4.7959 0.3075 -5.6382
v  -4.8173 0.3162 -5.6755
v  -4.8397 0.3071 -5.6740
v  -4.8336 0.3033 -5.6698
v  -4.8113 0.3110 -5.6712
v  -4.8436 0.2933 -5.6693
v  -4.8495 0.2967 -5.6738
v  -4.8495 0.3140 -5.6797
v  -4.8596 0.3025 -5.6797
v  -4.8269 0.3249 -5.6797
v  -4.7622 0.3133 -5.6370
v  -4.7668 0.3202 -5.6492
v  -4.7214 0.3275 -5.6458
v  -4.7200 0.3188 -5.6328
v  -4.7220 0.3302 -5.6593
v  -4.7688 0.3196 -5.6628
v  -4.7261 0.3384 -5.6747
v  -4.7758 0.3266 -5.6785
v  -4.7710 0.3200 -5.6729
v  -4.7233 0.3325 -5.6686
v  -4.7835 0.3368 -5.6815
v  -4.7313 0.3481 -5.6793
v  -4.7379 0.3619 -5.6874
v  -4.7933 0.3507 -5.6913
v  -4.6728 0.3231 -5.6280
v  -4.6732 0.3329 -5.6403
v  -4.6270 0.3353 -5.6346
v  -4.6263 0.3245 -5.6244
v  -4.6298 0.3381 -5.6467
v  -4.6741 0.3349 -5.6538
v  -4.4443 0.3167 -5.6275
v  -4.4400 0.2999 -5.6121
v  -4.4821 0.3171 -5.6180
v  -4.4866 0.3297 -5.6308
v  -4.4829 0.2963 -5.6135
v  -4.4415 0.2731 -5.6036
v  -4.5867 0.3222 -5.6223
v  -4.5875 0.3346 -5.6304
v  -4.5521 0.3308 -5.6275
v  -4.5516 0.3166 -5.6216
v  -4.5604 0.3395 -5.6391
v  -4.5932 0.3395 -5.6408
v  -4.6335 0.3449 -5.6599
v  -4.6777 0.3435 -5.6686
v  -4.6754 0.3375 -5.6630
v  -4.6339 0.3403 -5.6553
v  -4.5959 0.3427 -5.6510
v  -4.6039 0.3413 -5.6488
v  -4.6809 0.3524 -5.6729
v  -4.6342 0.3512 -5.6648
v  -4.6342 0.3563 -5.6731
v  -4.6839 0.3625 -5.6810
v  -4.5940 0.3453 -5.6565
v  -4.5590 0.3404 -5.6491
v  -4.5642 0.3407 -5.6575
v  -4.5917 0.3464 -5.6641
v  -4.5222 0.3376 -5.6335
v  -4.5183 0.3256 -5.6243
v  -4.5183 0.3091 -5.6203
v  -4.8006 0.3572 -5.7201
v  -4.7430 0.3687 -5.7106
v  -4.7454 0.3704 -5.7448
v  -4.8085 0.3589 -5.7588
v  -4.6858 0.3678 -5.6991
v  -4.6321 0.3562 -5.6863
v  -4.6295 0.3497 -5.7006
v  -4.6837 0.3632 -5.7190
v  -4.6276 0.3362 -5.7137
v  -4.6756 0.3492 -5.7322
v  -4.6691 0.3333 -5.7477
v  -4.6262 0.3232 -5.7328
v  -4.6928 0.3503 -5.7634
v  -4.7108 0.3640 -5.7576
v  -4.5145 0.3255 -5.6666
v  -4.5451 0.3355 -5.6603
v  -4.5280 0.3367 -5.6473
v  -4.4948 0.3280 -5.6475
v  -4.5829 0.3427 -5.6728
v  -4.5742 0.3339 -5.6829
v  -4.3638 0.2978 -5.6516
v  -4.4045 0.3123 -5.6463
v  -4.3664 0.3021 -5.6718
v  -4.4133 0.3179 -5.6699
v  -4.5109 0.3192 -5.7045
v  -4.5696 0.3201 -5.7188
v  -4.5707 0.3249 -5.6967
v  -4.5154 0.3214 -5.6846
v  -4.4604 0.3208 -5.6630
v  -4.4512 0.3201 -5.6464
v  -4.4603 0.3199 -5.6895
v  -4.4741 0.3206 -5.6763
v  -4.1221 0.1134 -4.9872
v  -4.0706 0.1073 -4.9898
v  -4.0723 0.1581 -4.9626
v  -4.1288 0.1703 -4.9617
v  -4.0158 0.1439 -4.9676
v  -4.0169 0.1006 -4.9929
v  -3.9680 0.0912 -4.9880
v  -3.9648 0.1290 -4.9669
v  -3.9199 0.1163 -4.9634
v  -3.9242 0.0822 -4.9815
v  -3.8531 0.0686 -4.9712
v  -3.8495 0.1024 -4.9518
v  -3.8821 0.1081 -4.9568
v  -3.8861 0.0747 -4.9751
v  -3.8254 0.0620 -4.9687
v  -3.8214 0.0957 -4.9483
v  -3.7963 0.0884 -4.9461
v  -3.8009 0.0550 -4.9671
v  -3.7776 0.0476 -4.9660
v  -3.7729 0.0811 -4.9455
v  -3.7498 0.0731 -4.9448
v  -3.7540 0.0399 -4.9657
v  -3.7292 0.0309 -4.9646
v  -3.7257 0.0641 -4.9426
v  -3.6991 0.0533 -4.9410
v  -3.7026 0.0195 -4.9632
v  -3.6741 0.0037 -4.9607
v  -3.6700 0.0385 -4.9371
v  -3.6370 0.0184 -4.9310
v  -3.6422 -0.0165 -4.9596
v  -3.6071 -0.0435 -4.9578
v  -3.5986 -0.0078 -4.9236
v  -3.5558 -0.0337 -4.9125
v  -3.5661 -0.0809 -4.9555
v  -3.4697 -0.1109 -4.8977
v  -3.4649 -0.0699 -4.8676
v  -3.5100 -0.0542 -4.8926
v  -3.5150 -0.0968 -4.9262
v  -3.5176 -0.1726 -4.9634
v  -3.5179 -0.1372 -4.9451
v  -3.5578 -0.1292 -4.9709
v  -3.5537 -0.1642 -4.9883
v  -3.4754 -0.1825 -4.9368
v  -3.4740 -0.1489 -4.9168
v  -4.0366 0.0548 -5.0278
v  -4.0241 0.0770 -5.0170
v  -4.0764 0.0792 -5.0155
v  -4.0856 0.0586 -5.0323
v  -4.1250 0.0791 -5.0123
v  -4.1304 0.0578 -5.0329
v  -3.9418 0.0379 -5.0143
v  -3.9297 0.0618 -5.0038
v  -3.9747 0.0700 -5.0114
v  -3.9878 0.0472 -5.0213
v  -3.8676 0.0198 -5.0014
v  -3.8569 0.0468 -4.9925
v  -3.8906 0.0538 -4.9965
v  -3.9016 0.0285 -5.0068
v  -3.8185 0.0041 -4.9969
v  -3.8067 0.0319 -4.9872
v  -3.8300 0.0394 -4.9896
v  -3.8412 0.0115 -4.9982
v  -3.7717 -0.0090 -4.9972
v  -3.7598 0.0174 -4.9858
v  -3.7836 0.0248 -4.9860
v  -3.7955 -0.0023 -4.9966
v  -3.7211 -0.0289 -4.9970
v  -3.7079 -0.0028 -4.9852
v  -3.7344 0.0087 -4.9856
v  -3.7465 -0.0175 -4.9975
v  -3.6966 -0.0446 -4.9960
v  -3.6803 -0.0179 -4.9858
v  -3.6517 -0.0367 -4.9881
v  -3.6729 -0.0645 -4.9949
v  -3.6490 -0.0878 -4.9981
v  -3.6284 -0.1133 -5.0076
v  -3.5992 -0.0936 -4.9908
v  -3.6223 -0.0622 -4.9889
v  -3.6147 -0.1412 -5.0233
v  -3.5865 -0.1274 -5.0013
v  -3.5780 -0.1567 -5.0206
v  -3.6043 -0.1661 -5.0451
v  -4.1312 0.0389 -5.0403
v  -4.0933 0.0379 -5.0400
v  -4.1024 0.0192 -5.0438
v  -4.1269 0.0257 -5.0428
v  -4.0639 0.0076 -5.0418
v  -4.0498 0.0314 -5.0364
v  -4.0037 0.0205 -5.0298
v  -4.0210 -0.0081 -5.0355
v  -3.9781 -0.0251 -5.0260
v  -3.9588 0.0076 -5.0219
v  -3.9188 -0.0047 -5.0148
v  -3.9392 -0.0411 -5.0180
v  -3.9062 -0.0550 -5.0135
v  -3.8850 -0.0157 -5.0103
v  -3.8592 -0.0249 -5.0085
v  -3.8811 -0.0657 -5.0106
v  -3.8592 -0.0731 -5.0099
v  -3.8373 -0.0322 -5.0088
v  -4.0944 -0.0351 -5.0295
v  -4.0799 -0.0164 -5.0409
v  -4.1163 0.0015 -5.0422
v  -4.1305 -0.0123 -5.0318
v  -4.1444 0.0179 -5.0402
v  -4.1611 0.0080 -5.0319
v  -3.9983 -0.0566 -5.0201
v  -4.0392 -0.0366 -5.0327
v  -4.0551 -0.0589 -5.0197
v  -4.0151 -0.0809 -5.0056
v  -3.9276 -0.0923 -5.0058
v  -3.9603 -0.0755 -5.0103
v  -3.9772 -0.1019 -4.9945
v  -3.9446 -0.1221 -4.9909
v  -4.2970 -0.0100 -4.9867
v  -4.2612 -0.0315 -4.9825
v  -4.2563 -0.0235 -4.9839
v  -4.2910 -0.0012 -4.9889
v  -4.2209 -0.0441 -4.9785
v  -4.2253 -0.0530 -4.9781
v  -4.2487 -0.0148 -4.9884
v  -4.2142 -0.0334 -4.9817
v  -4.2819 0.0070 -4.9950
v  -4.1843 -0.0776 -4.9671
v  -4.1790 -0.0662 -4.9676
v  -4.1344 -0.0894 -4.9496
v  -4.1407 -0.1033 -4.9486
v  -4.1278 -0.0747 -4.9570
v  -4.1726 -0.0533 -4.9717
v  -4.0961 -0.1294 -4.9244
v  -4.0900 -0.1140 -4.9264
v  -4.0470 -0.1381 -4.9024
v  -4.0537 -0.1538 -4.8978
v  -4.0417 -0.1230 -4.9170
v  -4.0842 -0.0980 -4.9365
v  -4.0128 -0.1782 -4.8832
v  -4.0058 -0.1634 -4.8894
v  -3.9691 -0.1893 -4.8891
v  -3.9748 -0.2014 -4.8834
v  -3.9651 -0.1772 -4.9021
v  -4.0009 -0.1496 -4.9042
v  -3.9421 -0.2217 -4.8930
v  -3.9376 -0.2114 -4.8973
v  -3.9098 -0.2298 -4.9095
v  -3.9139 -0.2395 -4.9063
v  -3.9074 -0.2175 -4.9189
v  -3.9348 -0.1998 -4.9086
v  -3.8896 -0.2549 -4.9208
v  -3.8851 -0.2454 -4.9229
v  -3.8671 -0.2691 -4.9333
v  -3.8620 -0.2591 -4.9353
v  -3.8581 -0.2452 -4.9422
v  -3.8820 -0.2323 -4.9305
v  -3.8241 -0.2963 -4.9515
v  -3.8184 -0.2852 -4.9548
v  -3.8398 -0.2721 -4.9458
v  -3.8454 -0.2828 -4.9434
v  -3.8144 -0.2705 -4.9630
v  -3.8357 -0.2576 -4.9532
v  -3.8027 -0.3096 -4.9584
v  -3.7972 -0.2989 -4.9620
v  -3.7800 -0.3239 -4.9656
v  -3.7744 -0.3133 -4.9692
v  -3.7700 -0.2991 -4.9772
v  -3.7933 -0.2849 -4.9704
v  -3.7302 -0.3562 -4.9922
v  -3.7243 -0.3438 -4.9960
v  -3.7490 -0.3283 -4.9798
v  -3.7550 -0.3399 -4.9761
v  -3.7441 -0.3136 -4.9875
v  -3.7201 -0.3290 -5.0038
v  -3.7078 -0.3713 -5.0147
v  -3.7028 -0.3589 -5.0179
v  -3.6829 -0.3739 -5.0423
v  -3.6876 -0.3854 -5.0406
v  -3.6812 -0.3590 -5.0478
v  -3.7001 -0.3442 -5.0246
v  -4.1876 -0.0094 -5.0060
v  -4.2019 -0.0210 -4.9921
v  -4.1621 -0.0406 -4.9851
v  -4.1507 -0.0294 -5.0018
v  -4.1194 -0.0623 -4.9740
v  -4.1106 -0.0517 -4.9938
v  -4.0695 -0.0743 -4.9785
v  -4.0630 -0.0662 -4.9984
v  -4.1028 -0.0429 -5.0111
v  -4.0227 -0.0891 -4.9834
v  -4.0282 -0.0971 -4.9617
v  -4.0768 -0.0849 -4.9562
v  -4.0350 -0.1089 -4.9380
v  -3.9883 -0.1214 -4.9495
v  -3.9845 -0.1135 -4.9730
v  -3.9518 -0.1375 -4.9697
v  -3.9545 -0.1472 -4.9458
v  -3.9945 -0.1345 -4.9252
v  -3.9598 -0.1621 -4.9223
v  -3.9026 -0.1804 -4.9569
v  -3.9273 -0.1664 -4.9495
v  -3.9312 -0.1837 -4.9273
v  -3.9050 -0.1996 -4.9361
v  -3.8563 -0.2250 -4.9581
v  -3.8797 -0.2128 -4.9464
v  -3.8568 -0.2043 -4.9783
v  -3.8790 -0.1925 -4.9669
v  -3.8162 -0.2299 -5.0008
v  -3.8364 -0.2166 -4.9902
v  -3.8350 -0.2374 -4.9699
v  -3.8139 -0.2503 -4.9798
v  -3.7717 -0.2609 -5.0152
v  -3.7950 -0.2451 -5.0085
v  -3.7919 -0.2642 -4.9864
v  -3.7681 -0.2787 -4.9927
v  -3.7216 -0.2919 -5.0348
v  -3.7458 -0.2766 -5.0232
v  -3.7422 -0.2936 -5.0021
v  -3.7188 -0.3099 -5.0173
v  -4.2022 0.0167 -5.0219
v  -4.1836 0.0258 -5.0329
v  -4.2084 0.0508 -5.0301
v  -4.2188 0.0065 -5.0098
v  -4.2281 0.0320 -5.0253
v  -4.2486 0.0236 -5.0156
v  -4.1744 0.0001 -5.0190
v  -4.2352 -0.0043 -4.9978
v  -4.2672 0.0151 -5.0048
v  -4.1404 -0.0199 -5.0165
v  -4.2566 0.2779 -5.1862
v  -4.2512 0.2635 -5.1944
v  -4.2285 0.2694 -5.1939
v  -4.2306 0.2883 -5.1854
v  -4.2006 0.2860 -5.1900
v  -4.2050 0.2701 -5.1962
v  -4.3098 0.2890 -5.1859
v  -4.2938 0.2937 -5.1805
v  -4.2854 0.2838 -5.1885
v  -4.3001 0.2784 -5.1966
v  -4.2220 0.3048 -5.1805
v  -4.2204 0.3191 -5.1795
v  -4.1917 0.3107 -5.1744
v  -4.1958 0.2983 -5.1811
v  -4.2570 0.3166 -5.1843
v  -4.2476 0.3032 -5.1839
v  -4.2656 0.2928 -5.1837
v  -4.2756 0.3053 -5.1827
v  -4.2406 0.3221 -5.1829
v  -4.2373 0.3109 -5.1829
v  -4.3189 0.2932 -5.1769
v  -4.3271 0.2987 -5.1702
v  -4.3098 0.3080 -5.1698
v  -4.3018 0.3006 -5.1746
v  -4.2200 0.3314 -5.1767
v  -4.1896 0.3242 -5.1713
v  -4.1886 0.3383 -5.1660
v  -4.2208 0.3431 -5.1705
v  -4.2693 0.3358 -5.1750
v  -4.2638 0.3268 -5.1810
v  -4.2837 0.3142 -5.1785
v  -4.2910 0.3226 -5.1739
v  -4.2435 0.3321 -5.1796
v  -4.2466 0.3421 -5.1731
v  -4.1871 0.3534 -5.1554
v  -4.2225 0.3558 -5.1596
v  -4.1880 0.3672 -5.1324
v  -4.2276 0.3657 -5.1368
v  -4.3280 0.3273 -5.1524
v  -4.3173 0.3175 -5.1637
v  -4.3340 0.3079 -5.1654
v  -4.3423 0.3159 -5.1572
v  -4.2980 0.3325 -5.1653
v  -4.3084 0.3420 -5.1492
v  -4.2841 0.3539 -5.1457
v  -4.2749 0.3452 -5.1646
v  -4.2506 0.3526 -5.1624
v  -4.2579 0.3613 -5.1413
v  -4.3653 0.3081 -5.1221
v  -4.3556 0.3177 -5.1391
v  -4.3451 0.3313 -5.1264
v  -4.3594 0.3092 -5.0934
v  -4.3701 0.2977 -5.1165
v  -4.3713 0.2850 -5.0976
v  -4.2387 0.3687 -5.0955
v  -4.1945 0.3706 -5.0888
v  -4.2002 0.3524 -5.0407
v  -4.2486 0.3523 -5.0469
v  -4.3038 0.3270 -5.0689
v  -4.2988 0.3553 -5.1092
v  -4.3245 0.3457 -5.1161
v  -4.3343 0.3224 -5.0744
v  -4.2713 0.3627 -5.1024
v  -4.2801 0.3401 -5.0579
v  -4.3676 0.2447 -5.0684
v  -4.3517 0.1980 -5.0463
v  -4.3432 0.2099 -5.0248
v  -4.3570 0.2632 -5.0489
v  -4.2406 0.2450 -4.9748
v  -4.1936 0.2459 -4.9671
v  -4.2005 0.3091 -4.9956
v  -4.2502 0.3076 -5.0022
v  -4.3211 0.2202 -5.0089
v  -4.3334 0.2768 -5.0350
v  -4.3008 0.2814 -5.0341
v  -4.2917 0.2272 -5.0058
v  -4.2802 0.2952 -5.0184
v  -4.2694 0.2368 -4.9921
v  -4.3083 0.1074 -5.0367
v  -4.3381 0.1404 -5.0579
v  -4.3528 0.1322 -5.0663
v  -4.3126 0.0833 -5.0384
v  -4.3123 0.1296 -5.0268
v  -4.3330 0.1503 -5.0470
v  -4.2003 0.1190 -4.9836
v  -4.1650 0.1159 -4.9823
v  -4.1787 0.1762 -4.9612
v  -4.2204 0.1773 -4.9672
v  -4.3358 0.1665 -5.0367
v  -4.3255 0.1638 -5.0190
v  -4.2701 0.0888 -5.0219
v  -4.2352 0.0837 -5.0119
v  -4.2620 0.0660 -5.0324
v  -4.2537 0.1186 -4.9942
v  -4.2844 0.1197 -5.0068
v  -4.2570 0.0478 -5.0298
v  -4.2814 0.0475 -5.0242
v  -4.1955 0.0816 -5.0079
v  -4.1648 0.0788 -5.0103
v  -4.1670 0.0545 -5.0328
v  -4.2164 0.0903 -5.0034
v  -4.2279 0.1215 -4.9875
v  -4.1607 0.0342 -5.0393
v  -4.2500 0.1746 -4.9796
v  -4.2752 0.1699 -4.9897
v  -4.3038 0.1654 -4.9998
v  -4.3034 0.0420 -5.0166
v  -4.3204 0.0339 -5.0089
v  -4.3406 0.0753 -5.0403
v  -4.3662 0.0641 -5.0381
v  -4.3304 0.0246 -5.0024
v  -4.3681 0.0457 -5.0247
v  -4.3733 0.0350 -5.0217
v  -4.3370 0.0136 -4.9998
v  -4.5764 0.2323 -5.1656
v  -4.5636 0.2556 -5.1795
v  -4.5898 0.2692 -5.1809
v  -4.6048 0.2465 -5.1710
v  -4.5390 0.2427 -5.1731
v  -4.5510 0.2176 -5.1570
v  -4.5290 0.2012 -5.1454
v  -4.5162 0.2305 -5.1643
v  -4.4922 0.2214 -5.1538
v  -4.5057 0.1811 -5.1266
v  -4.4643 0.2194 -5.1401
v  -4.4380 0.2221 -5.1264
v  -4.4689 0.1777 -5.1119
v  -4.4315 0.1680 -5.0903
v  -4.4164 0.2275 -5.1157
v  -4.4040 0.1784 -5.0872
v  -4.3749 0.1220 -5.0701
v  -4.3960 0.1118 -5.0712
v  -4.4998 0.1361 -5.0816
v  -4.4687 0.1240 -5.0650
v  -4.4690 0.1446 -5.0886
v  -4.5004 0.1541 -5.0996
v  -4.4352 0.1267 -5.0781
v  -4.4339 0.1015 -5.0542
v  -4.4102 0.1039 -5.0686
v  -4.4031 0.0795 -5.0479
v  -4.4432 0.0774 -5.0183
v  -4.4080 0.0558 -5.0220
v  -4.4027 0.0661 -5.0306
v  -4.4352 0.0894 -5.0316
v  -4.4711 0.1103 -5.0491
v  -4.5033 0.1233 -5.0706
v  -4.5082 0.1150 -5.0673
v  -4.4779 0.0979 -5.0420
v  -4.8711 0.3589 -5.8483
v  -4.9034 0.3517 -5.8525
v  -4.8929 0.3391 -5.8181
v  -4.8633 0.3491 -5.8125
v  -4.9134 0.3291 -5.8180
v  -4.9278 0.3365 -5.8540
v  -4.7880 0.3671 -5.8373
v  -4.8320 0.3659 -5.8432
v  -4.8208 0.3632 -5.8028
v  -4.7736 0.3741 -5.7949
v  -4.7321 0.3700 -5.7930
v  -4.6991 0.3500 -5.7870
v  -4.7079 0.3356 -5.8122
v  -4.7452 0.3559 -5.8280
v  -4.6687 0.3274 -5.7739
v  -4.6261 0.3191 -5.7624
v  -4.6265 0.3136 -5.7925
v  -4.6717 0.3182 -5.7990
v  -4.5696 0.3186 -5.7501
v  -4.5095 0.3189 -5.7356
v  -4.5096 0.3225 -5.7699
v  -4.5698 0.3174 -5.7827
v  -4.4552 0.3213 -5.7182
v  -4.4069 0.3170 -5.7040
v  -4.4091 0.3056 -5.7345
v  -4.4549 0.3187 -5.7524
v  -4.3686 0.2996 -5.6976
v  -4.3339 0.2852 -5.6989
v  -4.3373 0.2804 -5.7215
v  -4.3717 0.2901 -5.7233
v  -4.3002 0.2771 -5.7055
v  -4.3050 0.2765 -5.7268
v  -4.2673 0.2720 -5.7155
v  -4.2735 0.2734 -5.7362
v  -4.1973 0.2639 -5.7434
v  -4.2338 0.2688 -5.7279
v  -4.2412 0.2696 -5.7487
v  -4.2058 0.2638 -5.7646
v  -4.1551 0.2537 -5.7625
v  -4.1097 0.2353 -5.7852
v  -4.1651 0.2539 -5.7838
v  -4.1194 0.2386 -5.8071
v  -4.0143 0.1709 -5.8381
v  -4.0636 0.2075 -5.8112
v  -4.0697 0.2143 -5.8331
v  -4.0155 0.1775 -5.8553
v  -4.5695 0.3004 -5.8088
v  -4.6257 0.2949 -5.8152
v  -4.5113 0.3033 -5.7941
v  -4.5162 0.2714 -5.8046
v  -4.5711 0.2660 -5.8178
v  -4.6255 0.2611 -5.8242
v  -4.4599 0.2967 -5.7745
v  -4.4154 0.2856 -5.7565
v  -4.4234 0.2584 -5.7748
v  -4.4672 0.2673 -5.7889
v  -4.3769 0.2740 -5.7450
v  -4.3423 0.2656 -5.7420
v  -4.3491 0.2409 -5.7616
v  -4.3843 0.2487 -5.7650
v  -4.3108 0.2608 -5.7451
v  -4.2806 0.2569 -5.7536
v  -4.3178 0.2355 -5.7637
v  -4.2888 0.2307 -5.7710
v  -4.2168 0.2450 -5.7833
v  -4.2501 0.2524 -5.7670
v  -4.2606 0.2247 -5.7840
v  -4.2295 0.2150 -5.7974
v  -4.1355 0.2187 -5.8251
v  -4.1787 0.2348 -5.8025
v  -4.1506 0.1824 -5.8247
v  -4.1932 0.2014 -5.8106
v  -4.0297 0.1643 -5.8749
v  -4.0867 0.1947 -5.8510
v  -4.1015 0.1575 -5.8448
v  -4.0447 0.1303 -5.8695
v  -3.8307 0.1011 -5.5666
v  -3.8423 0.0857 -5.5545
v  -3.7941 0.0576 -5.5519
v  -3.7836 0.0693 -5.5642
v  -3.7367 0.0502 -5.6220
v  -3.7450 0.0406 -5.6415
v  -3.7196 0.0223 -5.6342
v  -3.7118 0.0298 -5.6156
v  -3.7344 0.0174 -5.6467
v  -3.7565 0.0268 -5.6549
v  -3.7234 0.0409 -5.5811
v  -3.7137 0.0358 -5.5954
v  -3.7365 0.0546 -5.6006
v  -3.7413 0.0535 -5.5807
v  -3.8581 0.0675 -5.5322
v  -3.8512 0.0715 -5.5472
v  -3.8104 0.0323 -5.5302
v  -3.8029 0.0465 -5.5426
v  -3.7306 0.0163 -5.5595
v  -3.7221 0.0299 -5.5703
v  -3.7474 0.0469 -5.5635
v  -3.7561 0.0364 -5.5502
v  -3.7099 -0.0095 -5.6016
v  -3.6979 0.0084 -5.6085
v  -3.7048 0.0180 -5.5859
v  -3.7138 0.0008 -5.5780
v  -3.7086 0.0014 -5.6305
v  -3.7232 -0.0125 -5.6241
v  -3.7337 0.0021 -5.6444
v  -3.7420 -0.0085 -5.6380
v  -3.9122 0.0502 -5.7045
v  -3.9551 0.0667 -5.7229
v  -3.9573 0.0350 -5.7241
v  -3.9211 0.0189 -5.7018
v  -3.9731 0.0489 -5.7557
v  -3.9868 0.0780 -5.7434
v  -3.9845 0.0918 -5.7790
v  -3.9573 0.0599 -5.7939
v  -3.9285 0.0721 -5.8238
v  -3.9705 0.1047 -5.8106
v  -3.9620 0.1167 -5.8315
v  -3.9585 0.1248 -5.8483
v  -3.9091 0.0858 -5.8427
v  -3.8996 0.0964 -5.8611
v  -3.8967 0.1024 -5.8814
v  -3.9566 0.1302 -5.8635
v  -3.9558 0.1338 -5.8766
v  -3.8976 0.1061 -5.9002
v  -3.9075 0.1017 -5.9194
v  -3.9645 0.1302 -5.8961
v  -3.9234 0.0827 -5.9228
v  -3.9795 0.1047 -5.8975
v  -3.8563 0.0851 -5.9152
v  -3.8719 0.0771 -5.9335
v  -3.8419 0.0645 -5.9207
v  -3.8825 0.0412 -5.9337
v  -3.8923 0.0626 -5.9355
v  -3.8568 0.0514 -5.9303
v  -3.8531 0.0798 -5.8901
v  -3.8396 0.0508 -5.9022
v  -3.8582 0.0694 -5.8659
v  -3.8478 0.0373 -5.8795
v  -3.8641 0.0205 -5.8962
v  -3.8558 0.0331 -5.9146
v  -3.8806 0.0244 -5.9207
v  -3.8811 0.0155 -5.9062
v  -3.8729 0.0568 -5.8465
v  -3.9007 0.0438 -5.8287
v  -3.8970 0.0200 -5.8411
v  -3.8644 0.0260 -5.8598
v  -3.9113 0.0352 -5.9308
v  -3.9108 0.0523 -5.9329
v  -3.9414 0.0610 -5.9225
v  -3.9522 0.0349 -5.9209
v  -3.9105 0.0038 -5.8594
v  -3.8810 0.0109 -5.8799
v  -3.8997 0.0087 -5.8987
v  -3.9315 0.0014 -5.8818
v  -3.9085 0.0177 -5.9177
v  -3.9471 0.0119 -5.9047
v  -3.9220 0.0243 -5.1966
v  -3.8817 0.0083 -5.1854
v  -3.8883 -0.0104 -5.2162
v  -3.9277 0.0028 -5.2276
v  -3.7927 0.0672 -5.1676
v  -3.7489 0.0519 -5.1691
v  -3.7770 0.0166 -5.1711
v  -3.8181 0.0289 -5.1694
v  -3.7076 -0.0074 -5.1685
v  -3.7436 0.0051 -5.1702
v  -3.7117 0.0379 -5.1666
v  -3.6723 0.0229 -5.1620
v  -3.9223 -0.0083 -5.2542
v  -3.8945 0.0059 -5.2735
v  -3.8838 -0.0190 -5.2409
v  -3.8582 -0.0038 -5.2603
v  -3.8367 0.0000 -5.1863
v  -3.7961 -0.0088 -5.1865
v  -3.8047 -0.0236 -5.2074
v  -3.8451 -0.0162 -5.2110
v  -3.7632 -0.0187 -5.1859
v  -3.7285 -0.0323 -5.1838
v  -3.7359 -0.0471 -5.2049
v  -3.7715 -0.0341 -5.2055
v  -3.8417 -0.0207 -5.2320
v  -3.8192 -0.0067 -5.2509
v  -3.8010 -0.0231 -5.2269
v  -3.7805 -0.0128 -5.2459
v  -3.8047 0.0224 -5.2783
v  -3.8396 0.0362 -5.2883
v  -3.7865 0.0541 -5.3234
v  -3.7521 0.0313 -5.3144
v  -3.7309 -0.0483 -5.2258
v  -3.7653 -0.0309 -5.2253
v  -3.7443 -0.0209 -5.2433
v  -3.7115 -0.0408 -5.2443
v  -3.7657 0.0561 -5.3555
v  -3.7648 0.0467 -5.3805
v  -3.7316 0.0283 -5.3470
v  -3.7288 0.0199 -5.3729
v  -3.7379 -0.0037 -5.2715
v  -3.7702 0.0102 -5.2735
v  -3.7230 0.0116 -5.3094
v  -3.6974 -0.0062 -5.3054
v  -3.6802 -0.0395 -5.2664
v  -3.7078 -0.0184 -5.2690
v  -3.6735 -0.0240 -5.3000
v  -3.6521 -0.0461 -5.2932
v  -3.7792 0.0225 -5.3924
v  -3.7961 -0.0042 -5.3936
v  -3.7414 -0.0022 -5.3880
v  -3.7562 -0.0270 -5.3922
v  -3.6785 -0.0117 -5.3362
v  -3.7032 0.0066 -5.3415
v  -3.6982 -0.0006 -5.3675
v  -3.6706 -0.0178 -5.3623
v  -3.6560 -0.0307 -5.3282
v  -3.6468 -0.0378 -5.3521
v  -3.6376 -0.0542 -5.3181
v  -3.6300 -0.0634 -5.3382
v  -3.8024 -0.0247 -5.4058
v  -3.7961 -0.0342 -5.4314
v  -3.7569 -0.0423 -5.4093
v  -3.7491 -0.0531 -5.4353
v  -3.7060 -0.0183 -5.3862
v  -3.6731 -0.0325 -5.3818
v  -3.6808 -0.0524 -5.3897
v  -3.7166 -0.0399 -5.3933
v  -3.6289 -0.0776 -5.3523
v  -3.6466 -0.0518 -5.3694
v  -3.6259 -0.0925 -5.3667
v  -3.6502 -0.0688 -5.3806
v  -3.6755 -0.0647 -5.4099
v  -3.7135 -0.0516 -5.4124
v  -3.7050 -0.0643 -5.4393
v  -3.6653 -0.0770 -5.4394
v  -3.6426 -0.0812 -5.4017
v  -3.6304 -0.0941 -5.4334
v  -3.6110 -0.1018 -5.3893
v  -3.5947 -0.1152 -5.4221
v  -4.5992 0.4039 -5.2978
v  -4.6319 0.4027 -5.2974
v  -4.6103 0.4092 -5.3146
v  -4.6573 0.4013 -5.3171
v  -4.6186 0.3996 -5.2849
v  -4.5909 0.3963 -5.2859
v  -4.6120 0.3958 -5.2757
v  -4.5903 0.3878 -5.2789
v  -4.6087 0.3906 -5.2683
v  -4.5918 0.3805 -5.2730
v  -4.6312 0.4096 -5.2819
v  -4.6217 0.4063 -5.2717
v  -4.6306 0.4126 -5.2663
v  -4.6406 0.4168 -5.2765
v  -4.6242 0.4074 -5.2580
v  -4.6158 0.4012 -5.2632
v  -4.5896 0.3730 -5.2645
v  -4.6049 0.3819 -5.2611
v  -4.6008 0.3691 -5.2540
v  -4.5855 0.3651 -5.2576
v  -4.5837 0.3581 -5.2499
v  -4.5796 0.3596 -5.2533
v  -4.6114 0.3930 -5.2558
v  -4.6199 0.4008 -5.2505
v  -4.6174 0.3931 -5.2424
v  -4.6086 0.3837 -5.2477
v  -4.5992 0.3565 -5.2295
v  -4.5825 0.3524 -5.2294
v  -4.5836 0.3563 -5.2418
v  -4.6001 0.3632 -5.2426
v  -4.6076 0.3751 -5.2377
v  -4.6172 0.3842 -5.2329
v  -4.6197 0.3741 -5.2209
v  -4.6089 0.3657 -5.2248
v  -4.6019 0.3456 -5.2135
v  -4.5840 0.3417 -5.2149
v  -4.5869 0.3287 -5.2017
v  -4.6064 0.3333 -5.1988
v  -4.6673 0.4199 -5.2630
v  -4.6541 0.4200 -5.2695
v  -4.6700 0.4224 -5.2815
v  -4.6828 0.4217 -5.2739
v  -4.6565 0.4193 -5.2893
v  -4.6794 0.4197 -5.3044
v  -4.6911 0.4216 -5.2952
v  -4.7018 0.4203 -5.2862
v  -4.6503 0.4115 -5.2474
v  -4.6372 0.4104 -5.2524
v  -4.6437 0.4156 -5.2601
v  -4.6569 0.4163 -5.2542
v  -4.6451 0.4010 -5.2354
v  -4.6312 0.3986 -5.2383
v  -4.6332 0.4049 -5.2457
v  -4.6465 0.4066 -5.2416
v  -4.6346 0.3811 -5.2191
v  -4.6312 0.3907 -5.2294
v  -4.6456 0.3940 -5.2279
v  -4.6493 0.3856 -5.2196
v  -4.7083 0.4141 -5.2793
v  -4.6908 0.4149 -5.2686
v  -4.6955 0.4056 -5.2660
v  -4.7117 0.4048 -5.2748
v  -4.6823 0.4051 -5.2580
v  -4.6763 0.4137 -5.2591
v  -4.6667 0.4113 -5.2512
v  -4.6738 0.4033 -5.2514
v  -4.6687 0.4007 -5.2463
v  -4.6609 0.4078 -5.2450
v  -4.6576 0.4039 -5.2403
v  -4.6660 0.3974 -5.2425
v  -4.6650 0.3929 -5.2391
v  -4.6565 0.3991 -5.2356
v  -4.6568 0.3925 -5.2301
v  -4.6598 0.3848 -5.2236
v  -4.6650 0.3867 -5.2348
v  -4.6671 0.3795 -5.2294
v  -4.6725 0.3720 -5.2227
v  -4.6669 0.3771 -5.2157
v  -4.6809 0.3646 -5.2157
v  -4.6778 0.3709 -5.2085
v  -4.6698 0.3705 -5.2012
v  -4.6572 0.3767 -5.2102
v  -4.6922 0.3665 -5.2032
v  -4.7102 0.3640 -5.2010
v  -4.6934 0.3589 -5.2094
v  -4.7101 0.3556 -5.2063
v  -4.7090 0.3684 -5.1932
v  -4.6876 0.3684 -5.1951
v  -4.7552 0.3714 -5.2053
v  -4.7321 0.3700 -5.1965
v  -4.7313 0.3640 -5.2042
v  -4.7524 0.3647 -5.2134
v  -4.7300 0.3547 -5.2089
v  -4.7502 0.3543 -5.2172
v  -4.7682 0.3518 -5.2303
v  -4.7717 0.3626 -5.2273
v  -4.7892 0.3571 -5.2424
v  -4.7844 0.3476 -5.2448
v  -4.7955 0.3640 -5.2367
v  -4.7766 0.3692 -5.2195
v  -4.8032 0.3514 -5.2592
v  -4.7975 0.3436 -5.2608
v  -4.8037 0.3443 -5.2783
v  -4.8214 0.3545 -5.2742
v  -4.8110 0.3584 -5.2550
v  -4.8114 0.3498 -5.2774
v  -4.8128 0.3546 -5.2940
v  -4.8242 0.3562 -5.2946
v  -4.8037 0.3505 -5.2926
v  -4.7998 0.3593 -5.3030
v  -4.8088 0.3636 -5.3067
v  -4.8197 0.3658 -5.3109
v  -4.8005 0.3754 -5.3136
v  -4.8097 0.3789 -5.3202
v  -4.7928 0.3698 -5.3084
v  -4.7883 0.3883 -5.3128
v  -4.7819 0.3807 -5.3075
v  -4.7949 0.3945 -5.3213
v  -4.7658 0.3900 -5.3015
v  -4.7700 0.3992 -5.3069
v  -4.7486 0.4072 -5.2986
v  -4.7474 0.3977 -5.2926
v  -4.7480 0.4143 -5.3086
v  -4.7734 0.4068 -5.3166
v  -4.7275 0.4115 -5.2897
v  -4.7237 0.4176 -5.2983
v  -4.7290 0.4023 -5.2839
v  -4.6928 0.3484 -5.2153
v  -4.6824 0.3556 -5.2233
v  -4.6826 0.3451 -5.2315
v  -4.7067 0.3309 -5.2163
v  -4.7087 0.3441 -5.2110
v  -4.6909 0.3362 -5.2218
v  -4.7278 0.3429 -5.2131
v  -4.7253 0.3293 -5.2176
v  -4.7440 0.3287 -5.2242
v  -4.7474 0.3422 -5.2204
v  -4.7603 0.3262 -5.2351
v  -4.7645 0.3395 -5.2325
v  -4.7744 0.3235 -5.2481
v  -4.7795 0.3362 -5.2464
v  -4.7915 0.3339 -5.2615
v  -4.7847 0.3227 -5.2625
v  -4.7880 0.3262 -5.2775
v  -4.7959 0.3363 -5.2778
v  -4.7948 0.3429 -5.2903
v  -4.7859 0.3329 -5.2891
v  -4.7806 0.3416 -5.2967
v  -4.7904 0.3515 -5.2992
v  -4.7840 0.3612 -5.3038
v  -4.7744 0.3512 -5.3000
v  -4.7659 0.3602 -5.2990
v  -4.7745 0.3709 -5.3030
v  -4.7444 0.3857 -5.2889
v  -4.7285 0.3901 -5.2806
v  -4.7402 0.3725 -5.2863
v  -4.7264 0.3762 -5.2790
v  -4.7131 0.3792 -5.2725
v  -4.7131 0.3928 -5.2728
v  -4.7538 0.3672 -5.2939
v  -4.7604 0.3792 -5.2975
v  -4.7042 0.3166 -5.2224
v  -4.7226 0.3146 -5.2225
v  -4.7041 0.3038 -5.2337
v  -4.7207 0.3007 -5.2304
v  -4.7405 0.3141 -5.2284
v  -4.7370 0.2998 -5.2352
v  -4.7506 0.2991 -5.2438
v  -4.7559 0.3121 -5.2384
v  -4.7599 0.2989 -5.2567
v  -4.7688 0.3101 -5.2510
v  -4.7768 0.3112 -5.2655
v  -4.7664 0.3015 -5.2694
v  -4.7665 0.3066 -5.2810
v  -4.7787 0.3160 -5.2791
v  -4.7758 0.3228 -5.2893
v  -4.7642 0.3135 -5.2891
v  -4.7581 0.3209 -5.2929
v  -4.7700 0.3314 -5.2952
v  -4.7638 0.3409 -5.2969
v  -4.7532 0.3301 -5.2936
v  -4.7463 0.3366 -5.2911
v  -4.7562 0.3494 -5.2952
v  -4.7389 0.3418 -5.2872
v  -4.7461 0.3550 -5.2904
v  -4.7348 0.3588 -5.2841
v  -4.7298 0.3433 -5.2827
v  -4.6801 0.3949 -5.2537
v  -4.6876 0.3955 -5.2593
v  -4.6914 0.3847 -5.2611
v  -4.6846 0.3858 -5.2560
v  -4.6802 0.3867 -5.2523
v  -4.6755 0.3928 -5.2494
v  -4.7268 0.2993 -5.2761
v  -4.7270 0.3242 -5.2815
v  -4.7334 0.3269 -5.2848
v  -4.7372 0.3203 -5.2862
v  -4.7503 0.2995 -5.2809
v  -4.7537 0.2956 -5.2730
v  -4.7465 0.2922 -5.2653
v  -4.6801 0.3814 -5.2513
v  -4.6733 0.3892 -5.2465
v  -4.6796 0.3747 -5.2493
v  -4.6725 0.3842 -5.2439
v  -4.7318 0.2916 -5.2514
v  -4.7212 0.2939 -5.2452
v  -4.7112 0.2966 -5.2521
v  -4.7426 0.2918 -5.2539
v  -4.7448 0.3101 -5.2874
v  -4.7516 0.3062 -5.2866
v  -4.7436 0.3187 -5.2889
v  -4.7211 0.3464 -5.2782
v  -4.7234 0.3618 -5.2783
v  -4.7122 0.3477 -5.2737
v  -4.7122 0.3646 -5.2728
v  -4.7148 0.3266 -5.2755
v  -4.7212 0.3298 -5.2790
v  -4.7014 0.3144 -5.2669
v  -4.6997 0.3042 -5.2561
v  -4.6906 0.3128 -5.2429
v  -4.6879 0.3305 -5.2540
v  -4.6990 0.3947 -5.2659
v  -4.7012 0.3822 -5.2666
v  -4.6931 0.3722 -5.2617
v  -4.6862 0.3762 -5.2564
v  -4.6930 0.3587 -5.2613
v  -4.6858 0.3662 -5.2552
v  -4.7019 0.3682 -5.2673
v  -4.7021 0.3521 -5.2679
v  -4.6790 0.3673 -5.2462
v  -4.6723 0.3780 -5.2403
v  -4.6736 0.3710 -5.2357
v  -4.6790 0.3600 -5.2422
v  -4.6798 0.3537 -5.2373
v  -4.6769 0.3635 -5.2301
v  -4.6917 0.3443 -5.2596
v  -4.6846 0.3559 -5.2524
v  -4.6832 0.3481 -5.2485
v  -4.6819 0.3452 -5.2436
v  -4.6831 0.3356 -5.2409
v  -4.6881 0.3233 -5.2303
v  -4.7028 0.3329 -5.2688
v  -4.6703 0.4128 -5.3120
v  -4.6467 0.4122 -5.2949
v  -4.7171 0.4199 -5.3101
v  -4.7099 0.4194 -5.3227
v  -4.7462 0.4180 -5.3236
v  -4.7437 0.4190 -5.3409
v  -4.7778 0.4121 -5.3526
v  -4.7760 0.4114 -5.3330
v  -4.8024 0.3983 -5.3363
v  -4.8091 0.3984 -5.3553
v  -4.8353 0.3794 -5.3472
v  -4.8223 0.3808 -5.3313
v  -4.8356 0.3660 -5.3175
v  -4.8574 0.3602 -5.3294
v  -4.8575 0.3513 -5.2945
v  -4.8405 0.3557 -5.2946
v  -4.8367 0.3583 -5.2680
v  -4.8585 0.3584 -5.2582
v  -4.8785 0.3501 -5.2666
v  -4.8721 0.3439 -5.2954
v  -4.8835 0.3331 -5.2959
v  -4.8917 0.3395 -5.2673
v  -4.8762 0.3468 -5.3251
v  -4.8882 0.3350 -5.3257
v  -4.8235 0.3621 -5.2455
v  -4.8371 0.3616 -5.2326
v  -4.8043 0.3645 -5.2251
v  -4.8132 0.3609 -5.2119
v  -4.7881 0.3619 -5.1926
v  -4.7825 0.3670 -5.2063
v  -4.7585 0.3691 -5.1914
v  -4.7618 0.3631 -5.1771
v  -4.7338 0.3618 -5.1693
v  -4.7328 0.3683 -5.1834
v  -4.7063 0.3656 -5.1821
v  -4.7043 0.3575 -5.1704
v  -4.6426 0.3702 -5.2074
v  -4.6567 0.3629 -5.1955
v  -4.6400 0.3499 -5.1892
v  -4.6267 0.3620 -5.2062
v  -4.6139 0.3539 -5.2086
v  -4.6210 0.3408 -5.1943
v  -4.6729 0.3528 -5.1778
v  -4.6794 0.3627 -5.1865
v  -4.5902 0.3172 -5.1917
v  -4.5988 0.3025 -5.1848
v  -4.6109 0.3224 -5.1881
v  -4.6211 0.3103 -5.1807
v  -4.6461 0.3357 -5.1801
v  -4.6274 0.3291 -5.1851
v  -4.6389 0.3191 -5.1775
v  -4.6522 0.3268 -5.1750
v  -4.6415 0.2962 -5.1723
v  -4.6169 0.2824 -5.1782
v  -4.6348 0.2632 -5.1695
v  -4.6619 0.2821 -5.1633
v  -4.6733 0.3253 -5.1677
v  -4.6613 0.3107 -5.1683
v  -4.6844 0.3017 -5.1602
v  -4.7071 0.3236 -5.1591
v  -4.7058 0.3434 -5.1632
v  -4.6742 0.3396 -5.1717
v  -4.7357 0.3492 -5.1600
v  -4.7646 0.3519 -5.1684
v  -4.7671 0.3406 -5.1608
v  -4.7386 0.3351 -5.1554
v  -4.7923 0.3516 -5.1835
v  -4.8205 0.3530 -5.2003
v  -4.8256 0.3475 -5.1874
v  -4.7960 0.3435 -5.1734
v  -4.8720 0.3555 -5.2353
v  -4.8494 0.3571 -5.2179
v  -4.8546 0.3468 -5.2023
v  -4.8844 0.3371 -5.2196
v  -4.8845 0.3522 -5.2476
v  -4.8959 0.3433 -5.2448
v  -4.8491 0.3370 -5.1850
v  -4.8257 0.3415 -5.1738
v  -4.8645 0.3261 -5.1893
v  -4.8465 0.3164 -5.1649
v  -4.8347 0.3282 -5.1647
v  -4.8213 0.3352 -5.1619
v  -4.8017 0.3327 -5.1478
v  -4.7978 0.3400 -5.1595
v  -4.7689 0.3351 -5.1474
v  -4.7690 0.3259 -5.1268
v  -4.8118 0.3196 -5.1410
v  -4.8240 0.3039 -5.1378
v  -4.7989 0.2895 -5.1110
v  -4.7854 0.3084 -5.1163
v  -4.7404 0.3170 -5.1288
v  -4.7430 0.3244 -5.1458
v  -4.7237 0.2965 -5.1384
v  -4.7210 0.3076 -5.1526
v  -4.7739 0.2753 -5.0860
v  -4.7612 0.2930 -5.0916
v  -4.7430 0.2768 -5.0686
v  -4.7505 0.2618 -5.0608
v  -4.7307 0.2878 -5.0751
v  -4.7465 0.3068 -5.0992
v  -4.7343 0.2640 -5.0485
v  -4.7235 0.2692 -5.0511
v  -4.7384 0.2586 -5.0455
v  -4.7327 0.2558 -5.0368
v  -4.7300 0.2486 -5.0344
v  -4.7100 0.2641 -5.0635
v  -4.7155 0.2828 -5.0890
v  -4.7149 0.2405 -5.0463
v  -4.7134 0.2387 -5.0605
v  -4.7099 0.2552 -5.0764
v  -4.7139 0.2628 -5.1064
v  -4.7276 0.3027 -5.1106
v  -4.7188 0.2818 -5.1230
v  -4.7117 0.2462 -5.0808
v  -4.7137 0.2479 -5.1031
v  -4.7119 0.2411 -5.0648
v  -4.7134 0.2414 -5.0785
v  -4.7167 0.2400 -5.0997
v  -4.7102 0.2358 -5.1154
v  -4.7080 0.2419 -5.1171
v  -4.6902 0.2321 -5.1147
v  -4.6944 0.2260 -5.1124
v  -4.6860 0.2388 -5.1208
v  -4.7062 0.2506 -5.1220
v  -4.5298 0.1579 -5.0696
v  -4.5389 0.1529 -5.0563
v  -4.5318 0.1362 -5.0734
v  -4.5240 0.1460 -5.0830
v  -4.5372 0.1332 -5.0697
v  -4.5561 0.1452 -5.0387
v  -4.5501 0.1731 -5.0481
v  -4.5570 0.1736 -5.0486
v  -4.5627 0.1647 -5.0367
v  -4.5513 0.1639 -5.0388
v  -4.5735 0.1697 -5.0420
v  -4.5658 0.1770 -5.0529
v  -4.5811 0.1604 -5.0365
v  -4.5692 0.1535 -5.0311
v  -4.5265 0.1724 -5.0727
v  -4.5367 0.1695 -5.0520
v  -4.5420 0.1798 -5.0597
v  -4.5328 0.1903 -5.0822
v  -4.5197 0.1644 -5.0925
v  -4.5239 0.1833 -5.1054
v  -4.5494 0.1823 -5.0636
v  -4.5459 0.1918 -5.0798
v  -4.5540 0.1913 -5.0784
v  -4.5582 0.1846 -5.0670
v  -4.5613 0.2165 -5.1196
v  -4.5441 0.2044 -5.1034
v  -4.5372 0.2000 -5.1210
v  -4.5570 0.2149 -5.1360
v  -4.6033 0.1862 -5.0630
v  -4.5871 0.1773 -5.0509
v  -4.5775 0.1832 -5.0613
v  -4.5924 0.1912 -5.0728
v  -4.5957 0.1690 -5.0458
v  -4.6126 0.1787 -5.0585
v  -4.5731 0.2058 -5.1005
v  -4.5599 0.1976 -5.0882
v  -4.5523 0.2018 -5.0953
v  -4.5669 0.2116 -5.1098
v  -4.5685 0.1904 -5.0754
v  -4.5821 0.1980 -5.0868
v  -4.6331 0.2105 -5.0996
v  -4.6427 0.2063 -5.0918
v  -4.6216 0.1956 -5.0772
v  -4.6107 0.1999 -5.0859
v  -4.6305 0.1889 -5.0734
v  -4.6506 0.2005 -5.0883
v  -4.6119 0.2323 -5.1449
v  -4.5842 0.2258 -5.1339
v  -4.5818 0.2263 -5.1484
v  -4.6113 0.2355 -5.1578
v  -4.6674 0.2197 -5.1050
v  -4.6736 0.2139 -5.1020
v  -4.6602 0.2242 -5.1124
v  -4.6978 0.2896 -5.1539
v  -4.6729 0.2689 -5.1563
v  -4.7038 0.2762 -5.1447
v  -4.6744 0.2547 -5.1454
v  -4.6173 0.2231 -5.1248
v  -4.5927 0.2139 -5.1129
v  -4.5877 0.2203 -5.1233
v  -4.6115 0.2279 -5.1345
v  -4.6437 0.2492 -5.1607
v  -4.6428 0.2417 -5.1499
v  -4.6459 0.2356 -5.1351
v  -4.6351 0.2357 -5.1412
v  -4.7051 0.2632 -5.1319
v  -4.6820 0.2475 -5.1312
v  -4.6537 0.2306 -5.1240
v  -4.6246 0.2165 -5.1120
v  -4.6007 0.2064 -5.0992
v  -4.6257 0.4008 -5.3559
v  -4.6204 0.4099 -5.3358
v  -4.6655 0.3938 -5.3407
v  -4.6706 0.3861 -5.3603
v  -4.6275 0.3624 -5.3802
v  -4.6240 0.3849 -5.3684
v  -4.6678 0.3724 -5.3742
v  -4.6591 0.3590 -5.3812
v  -4.7028 0.3952 -5.3408
v  -4.7407 0.4095 -5.3562
v  -4.7038 0.4115 -5.3338
v  -4.7388 0.3943 -5.3668
v  -4.7730 0.3879 -5.3854
v  -4.7765 0.4025 -5.3711
v  -4.8115 0.3908 -5.3765
v  -4.8080 0.3766 -5.3949
v  -4.8455 0.3581 -5.3909
v  -4.8453 0.3724 -5.3687
v  -4.8698 0.3540 -5.3556
v  -4.8831 0.3296 -5.3753
v  -4.8899 0.3350 -5.3490
v  -4.8813 0.3452 -5.3456
v  -4.7039 0.3758 -5.3724
v  -4.7039 0.3863 -5.3562
v  -4.7308 0.3644 -5.3856
v  -4.7365 0.3804 -5.3769
v  -4.6799 0.3412 -5.3872
v  -4.6973 0.3589 -5.3832
v  -4.7194 0.3428 -5.3901
v  -4.7006 0.3187 -5.3916
v  -4.7669 0.3704 -5.3932
v  -4.7820 0.3342 -5.4038
v  -4.7979 0.3572 -5.4046
v  -4.7566 0.3503 -5.3963
v  -4.8294 0.2956 -5.4083
v  -4.8598 0.3138 -5.4057
v  -4.8325 0.3397 -5.4084
v  -4.8085 0.3170 -5.4082
v  -4.6475 0.3300 -5.3894
v  -4.6102 0.3205 -5.3931
v  -4.6404 0.2748 -5.3977
v  -4.6729 0.2957 -5.3938
v  -4.5776 0.3080 -5.3976
v  -4.5479 0.2942 -5.4010
v  -4.5736 0.2403 -5.4017
v  -4.6070 0.2565 -5.4009
v  -4.4935 0.2700 -5.4069
v  -4.5195 0.2819 -5.4045
v  -4.5412 0.2257 -5.4002
v  -4.5114 0.2126 -5.3966
v  -4.3912 0.2182 -5.3946
v  -4.4039 0.2226 -5.3972
v  -4.4143 0.1598 -5.3732
v  -4.4002 0.1568 -5.3700
v  -4.4283 0.1658 -5.3777
v  -4.4169 0.2287 -5.4001
v  -4.3581 0.2126 -5.3904
v  -4.3763 0.2149 -5.3921
v  -4.3649 0.1525 -5.3708
v  -4.3833 0.1547 -5.3684
v  -4.4012 0.0375 -5.3616
v  -4.4138 0.0456 -5.3526
v  -4.3938 0.0970 -5.3576
v  -4.3783 0.0925 -5.3648
v  -4.4273 0.0539 -5.3491
v  -4.4096 0.1015 -5.3556
v  -4.3362 0.2100 -5.3922
v  -4.3117 0.2083 -5.4000
v  -4.3277 0.1472 -5.3897
v  -4.3470 0.1492 -5.3783
v  -4.3487 0.0833 -5.3868
v  -4.3643 0.0878 -5.3748
v  -4.3763 0.0214 -5.3833
v  -4.3895 0.0299 -5.3720
v  -4.2832 0.2096 -5.4095
v  -4.2522 0.2095 -5.4174
v  -4.2782 0.1486 -5.4164
v  -4.3039 0.1483 -5.4032
v  -4.3289 0.0800 -5.4007
v  -4.3077 0.0760 -5.4154
v  -4.3442 0.0007 -5.4125
v  -4.3604 0.0112 -5.3968
v  -4.2225 0.2037 -5.4284
v  -4.2054 0.1985 -5.4475
v  -4.2383 0.1396 -5.4476
v  -4.2546 0.1448 -5.4303
v  -4.4504 0.2474 -5.4050
v  -4.4706 0.2585 -5.4066
v  -4.4855 0.2007 -5.3931
v  -4.4633 0.1890 -5.3890
v  -4.4325 0.2373 -5.4030
v  -4.4444 0.1764 -5.3836
v  -4.4233 0.1060 -5.3582
v  -4.4398 0.0613 -5.3518
v  -4.4537 0.0695 -5.3578
v  -4.4377 0.1128 -5.3637
v  -4.6131 0.1641 -5.4097
v  -4.5940 0.1988 -5.4071
v  -4.5591 0.1808 -5.4015
v  -4.5780 0.1431 -5.4026
v  -4.5272 0.1646 -5.3926
v  -4.5461 0.1241 -5.3913
v  -4.4761 0.1376 -5.3799
v  -4.4998 0.1507 -5.3864
v  -4.5188 0.1079 -5.3832
v  -4.4946 0.0936 -5.3757
v  -4.4553 0.1242 -5.3718
v  -4.4724 0.0804 -5.3664
v  -4.6629 0.2403 -5.4009
v  -4.6923 0.2684 -5.3955
v  -4.7088 0.2511 -5.3956
v  -4.6905 0.2116 -5.4002
v  -4.7336 0.2812 -5.3957
v  -4.7180 0.2982 -5.3940
v  -4.7399 0.3259 -5.3953
v  -4.7595 0.3090 -5.3989
v  -4.7790 0.2929 -5.4016
v  -4.7490 0.2687 -5.3969
v  -4.7589 0.2533 -5.3967
v  -4.7950 0.2750 -5.4020
v  -4.7253 0.2473 -5.3953
v  -4.7265 0.2337 -5.3951
v  -4.6294 0.2180 -5.4062
v  -4.6487 0.1858 -5.4084
v  -4.7690 0.2793 -5.6348
v  -4.7454 0.2824 -5.6321
v  -4.7543 0.2986 -5.6328
v  -4.7830 0.2940 -5.6344
v  -4.7173 0.3020 -5.6269
v  -4.7137 0.2837 -5.6264
v  -4.6734 0.3055 -5.6221
v  -4.6743 0.2860 -5.6214
v  -4.6334 0.2869 -5.6189
v  -4.6291 0.3066 -5.6195
v  -4.5911 0.3036 -5.6183
v  -4.5976 0.2836 -5.6181
v  -4.5657 0.2765 -5.6179
v  -4.5574 0.2971 -5.6180
v  -4.5258 0.2882 -5.6165
v  -4.5362 0.2665 -5.6176
v  -4.4920 0.2709 -5.6111
v  -4.5044 0.2462 -5.6149
v  -4.7924 0.2634 -5.6343
v  -4.7839 0.2726 -5.6347
v  -4.8011 0.2863 -5.6327
v  -4.8113 0.2753 -5.6313
v  -4.7775 0.2539 -5.6475
v  -4.7542 0.2546 -5.6572
v  -4.7698 0.2620 -5.6445
v  -4.7628 0.2443 -5.6656
v  -4.7570 0.2675 -5.6399
v  -4.7481 0.2604 -5.6481
v  -4.7317 0.2592 -5.6487
v  -4.7371 0.2691 -5.6365
v  -4.7095 0.2689 -5.6331
v  -4.7061 0.2574 -5.6479
v  -4.6393 0.2569 -5.6411
v  -4.6365 0.2712 -5.6278
v  -4.6740 0.2706 -5.6299
v  -4.6738 0.2571 -5.6443
v  -4.5785 0.2467 -5.6373
v  -4.5725 0.2606 -5.6256
v  -4.6029 0.2679 -5.6267
v  -4.6077 0.2532 -5.6383
v  -4.5154 0.2293 -5.6227
v  -4.5444 0.2505 -5.6259
v  -4.5521 0.2357 -5.6352
v  -4.5264 0.2151 -5.6303
v  -4.7402 0.2299 -5.6752
v  -4.7321 0.2479 -5.6662
v  -4.7056 0.2413 -5.6660
v  -4.7071 0.2100 -5.6726
v  -4.6469 0.2183 -5.6608
v  -4.6424 0.2391 -5.6548
v  -4.6745 0.2398 -5.6613
v  -4.6750 0.2182 -5.6669
v  -4.6631 0.1838 -5.6607
v  -4.6527 0.2001 -5.6614
v  -4.6720 0.2042 -5.6654
v  -4.6820 0.1951 -5.6659
v  -4.5948 0.2088 -5.6517
v  -4.5851 0.2294 -5.6468
v  -4.6127 0.2357 -5.6493
v  -4.6200 0.2154 -5.6562
v  -4.6254 0.1613 -5.6498
v  -4.6092 0.1858 -5.6521
v  -4.6313 0.1942 -5.6574
v  -4.6446 0.1727 -5.6554
v  -4.5723 0.1975 -5.6453
v  -4.5607 0.2181 -5.6422
v  -4.5381 0.1992 -5.6351
v  -4.5513 0.1808 -5.6366
v  -4.5664 0.1593 -5.6350
v  -4.5880 0.1743 -5.6444
v  -4.6050 0.1493 -5.6415
v  -4.5818 0.1355 -5.6330
v  -4.5540 0.1189 -5.6282
v  -4.5420 0.1393 -5.6289
v  -4.5171 0.1206 -5.6255
v  -4.5259 0.1020 -5.6255
v  -4.5139 0.1380 -5.6252
v  -4.5294 0.1571 -5.6287
v  -4.5149 0.1698 -5.6262
v  -4.4989 0.1801 -5.6216
v  -4.4973 0.1375 -5.6220
v  -4.4770 0.1401 -5.6170
v  -4.5014 0.0871 -5.6232
v  -4.4936 0.1099 -5.6223
v  -4.4702 0.1037 -5.6185
v  -4.4785 0.0734 -5.6202
v  -4.4545 0.1443 -5.6106
v  -4.4819 0.1907 -5.6150
v  -4.4657 0.2080 -5.6080
v  -4.4201 0.1567 -5.5993
v  -4.4514 0.2389 -5.6022
v  -4.4044 0.2100 -5.5905
v  -4.4552 0.0594 -5.6159
v  -4.4451 0.0990 -5.6135
v  -4.4139 0.0942 -5.6040
v  -4.4282 0.0433 -5.6069
v  -4.3519 0.2016 -5.5711
v  -4.3648 0.1503 -5.5742
v  -4.3190 0.1495 -5.5446
v  -4.3020 0.2021 -5.5426
v  -4.3641 0.0063 -5.5596
v  -4.3338 0.0795 -5.5565
v  -4.3731 0.0876 -5.5845
v  -4.3956 0.0243 -5.5870
v  -4.2589 0.1992 -5.5131
v  -4.2803 0.1444 -5.5179
v  -4.2512 0.1387 -5.4945
v  -4.2249 0.1945 -5.4912
v  -4.2068 0.1950 -5.4695
v  -4.2356 0.1363 -5.4706
v  -4.3018 0.0704 -5.5283
v  -4.3372 -0.0088 -5.5310
v  -4.3140 -0.0218 -5.5057
v  -4.2756 0.0615 -5.5033
v  -4.2881 0.0698 -5.4305
v  -4.2711 0.0624 -5.4485
v  -4.3155 -0.0183 -5.4487
v  -4.3292 -0.0092 -5.4296
v  -4.2626 0.0574 -5.4747
v  -4.3056 -0.0257 -5.4753
v  -3.8339 0.0398 -5.5110
v  -3.8653 0.0750 -5.5151
v  -3.8287 -0.0185 -5.4621
v  -3.8489 0.0150 -5.4620
v  -3.8468 0.0031 -5.4919
v  -3.8289 -0.0342 -5.4950
v  -3.7386 -0.0684 -5.4714
v  -3.7888 -0.0500 -5.4647
v  -3.7830 -0.0604 -5.5025
v  -3.7298 -0.0766 -5.5117
v  -3.6554 -0.0946 -5.4791
v  -3.6946 -0.0808 -5.4769
v  -3.6857 -0.0908 -5.5188
v  -3.6461 -0.1064 -5.5234
v  -3.5774 -0.1311 -5.4671
v  -3.6183 -0.1110 -5.4768
v  -3.6063 -0.1234 -5.5251
v  -3.5613 -0.1434 -5.5185
v  -3.7699 0.0225 -5.5441
v  -3.7918 0.0047 -5.5488
v  -3.7816 -0.0102 -5.5677
v  -3.7507 0.0025 -5.5586
v  -3.7372 -0.0101 -5.5783
v  -3.7693 -0.0178 -5.5867
v  -3.7626 -0.0204 -5.6017
v  -3.7355 -0.0175 -5.6000
v  -3.8409 -0.0029 -5.5200
v  -3.8324 -0.0418 -5.5263
v  -3.8428 -0.0466 -5.5546
v  -3.8317 -0.0088 -5.5433
v  -3.7864 -0.0630 -5.5365
v  -3.7316 -0.0777 -5.5468
v  -3.7391 -0.0736 -5.5798
v  -3.7964 -0.0624 -5.5682
v  -3.6849 -0.0933 -5.5561
v  -3.6418 -0.1102 -5.5644
v  -3.6892 -0.0919 -5.5913
v  -3.6416 -0.1099 -5.6031
v  -3.5511 -0.1491 -5.5687
v  -3.5978 -0.1282 -5.5710
v  -3.5939 -0.1291 -5.6139
v  -3.5511 -0.1547 -5.6154
v  -3.6212 -0.1589 -5.6920
v  -3.6011 -0.1389 -5.6520
v  -3.5620 -0.1660 -5.6607
v  -3.5825 -0.1840 -5.7077
v  -3.6639 -0.1314 -5.6793
v  -3.6467 -0.1148 -5.6401
v  -3.6970 -0.0952 -5.6263
v  -3.7508 -0.0771 -5.6130
v  -3.7136 -0.1074 -5.6667
v  -3.7699 -0.0890 -5.6510
v  -3.7706 -0.0080 -5.6425
v  -3.7681 0.0076 -5.6558
v  -3.8105 0.0169 -5.6708
v  -3.8234 -0.0078 -5.6494
v  -3.7865 -0.0194 -5.6201
v  -3.7531 -0.0171 -5.6236
v  -3.8602 0.0322 -5.6896
v  -3.8775 0.0038 -5.6775
v  -3.8116 -0.0224 -5.6068
v  -3.8270 -0.0238 -5.5881
v  -3.8836 -0.0473 -5.6173
v  -3.8581 -0.0227 -5.6333
v  -3.8287 -0.0196 -5.5662
v  -3.8572 -0.0484 -5.5811
v  -3.8330 -0.0752 -5.6330
v  -3.8112 -0.0658 -5.5991
v  -3.9243 -0.0402 -5.6577
v  -3.9005 -0.0192 -5.6647
v  -3.9375 -0.0066 -5.6952
v  -3.9585 -0.0301 -5.6862
v  -3.9468 0.0189 -5.8146
v  -3.9474 0.0345 -5.8059
v  -3.9754 0.0261 -5.7637
v  -3.9890 -0.0017 -5.7670
v  -3.9660 0.0105 -5.7252
v  -3.9842 -0.0150 -5.7205
v  -3.9566 -0.0007 -5.8289
v  -3.9793 -0.0036 -5.8526
v  -4.0090 -0.0119 -5.7955
v  -4.0325 -0.0075 -5.8181
v  -4.0575 0.0110 -5.8389
v  -4.0014 0.0107 -5.8767
v  -4.0122 0.0384 -5.8960
v  -4.0861 0.0454 -5.8548
v  -3.9984 0.0738 -5.8974
v  -4.0629 0.0920 -5.8652
v  -4.1192 0.1171 -5.8397
v  -4.1443 0.0765 -5.8352
v  -4.1679 0.1423 -5.8215
v  -4.1888 0.1012 -5.8193
v  -4.2090 0.1613 -5.8099
v  -4.2267 0.1192 -5.8098
v  -4.2583 0.1326 -5.8039
v  -4.2434 0.1753 -5.8015
v  -4.2722 0.1861 -5.7945
v  -4.2843 0.1430 -5.7991
v  -4.3089 0.1512 -5.7962
v  -4.2987 0.1943 -5.7884
v  -4.3364 0.1580 -5.7955
v  -4.3266 0.2006 -5.7850
v  -4.3577 0.2067 -5.7846
v  -4.3677 0.1648 -5.7966
v  -4.4034 0.1726 -5.7995
v  -4.3930 0.2142 -5.7882
v  -4.4325 0.2224 -5.7954
v  -4.4427 0.1806 -5.8029
v  -4.4842 0.1879 -5.8030
v  -4.4757 0.2290 -5.8011
v  -4.5280 0.1897 -5.7969
v  -4.5233 0.2303 -5.8055
v  -3.9738 -0.1052 -5.6890
v  -3.9786 -0.0601 -5.6773
v  -3.9442 -0.0625 -5.6618
v  -3.9206 -0.0804 -5.6575
v  -3.8387 -0.1425 -5.7491
v  -3.9039 -0.1305 -5.7168
v  -3.8661 -0.1002 -5.6728
v  -3.8006 -0.1136 -5.6983
v  -3.7388 -0.1846 -5.7867
v  -3.7841 -0.1598 -5.7722
v  -3.7445 -0.1338 -5.7159
v  -3.6970 -0.1618 -5.7266
v  -3.6573 -0.2320 -5.8162
v  -3.6970 -0.2085 -5.8014
v  -3.6528 -0.1850 -5.7422
v  -3.6125 -0.2029 -5.7640
v  -4.0113 -0.0426 -5.7047
v  -4.0389 -0.0800 -5.7010
v  -4.0787 -0.0552 -5.7242
v  -4.0382 -0.0297 -5.7388
v  -4.0603 -0.0234 -5.7649
v  -4.0811 -0.0140 -5.7851
v  -4.1020 -0.0395 -5.7467
v  -4.1196 -0.0262 -5.7640
v  -4.1407 -0.0103 -5.7759
v  -4.1050 0.0029 -5.8018
v  -4.1337 0.0246 -5.8103
v  -4.1654 0.0078 -5.7802
v  -4.1934 0.0234 -5.7815
v  -4.1703 0.0457 -5.8089
v  -4.2083 0.0645 -5.8034
v  -4.2226 0.0369 -5.7794
v  -4.2508 0.0475 -5.7746
v  -4.2409 0.0791 -5.7966
v  -4.2693 0.0906 -5.7908
v  -4.2781 0.0559 -5.7727
v  -4.3283 0.0705 -5.7770
v  -4.3189 0.1086 -5.7852
v  -4.2941 0.1003 -5.7867
v  -4.3032 0.0634 -5.7738
v  -4.3852 0.0861 -5.7892
v  -4.3774 0.1243 -5.7925
v  -4.3466 0.1163 -5.7873
v  -4.3554 0.0776 -5.7823
v  -4.4559 0.1113 -5.8012
v  -4.4497 0.1434 -5.8036
v  -4.4122 0.1335 -5.7992
v  -4.4193 0.0978 -5.7970
v  -4.5181 0.1363 -5.8016
v  -4.5254 0.1574 -5.7976
v  -4.4882 0.1536 -5.8043
v  -4.4924 0.1255 -5.8037
v  -4.5126 0.0859 -5.8048
v  -4.5014 0.1041 -5.8046
v  -4.4632 0.0847 -5.8032
v  -4.4735 0.0623 -5.8042
v  -4.5349 0.1253 -5.7994
v  -4.5498 0.1090 -5.7979
v  -4.3386 0.0269 -5.7871
v  -4.3565 0.0213 -5.7946
v  -4.3611 0.0455 -5.7859
v  -4.3358 0.0424 -5.7798
v  -4.3902 0.0513 -5.7920
v  -4.3893 0.0113 -5.8004
v  -4.4252 0.0658 -5.7977
v  -4.4347 0.0388 -5.8013
v  -4.2982 0.0089 -5.7826
v  -4.3219 0.0183 -5.7854
v  -4.3120 0.0365 -5.7752
v  -4.2881 0.0286 -5.7714
v  -4.3371 0.0037 -5.7925
v  -4.3106 -0.0099 -5.7869
v  -4.3230 -0.0284 -5.7877
v  -4.3513 -0.0115 -5.7945
v  -4.2487 -0.0109 -5.7852
v  -4.2736 -0.0009 -5.7822
v  -4.2624 0.0205 -5.7720
v  -4.2366 0.0116 -5.7769
v  -4.2851 -0.0226 -5.7851
v  -4.2605 -0.0350 -5.7877
v  -4.2733 -0.0587 -5.7880
v  -4.2973 -0.0440 -5.7852
v  -4.1993 -0.0344 -5.7924
v  -4.2242 -0.0218 -5.7893
v  -4.2111 0.0006 -5.7810
v  -4.1857 -0.0128 -5.7832
v  -4.2124 -0.0607 -5.7980
v  -4.2366 -0.0474 -5.7929
v  -4.2501 -0.0731 -5.7943
v  -4.2267 -0.0877 -5.8011
v  -4.1603 -0.0285 -5.7819
v  -4.1369 -0.0452 -5.7755
v  -4.1486 -0.0658 -5.7918
v  -4.1733 -0.0495 -5.7936
v  -4.1627 -0.0913 -5.8042
v  -4.1872 -0.0757 -5.8017
v  -4.2022 -0.1029 -5.8066
v  -4.1781 -0.1178 -5.8115
v  -4.1185 -0.0610 -5.7640
v  -4.0957 -0.0812 -5.7495
v  -4.1030 -0.0992 -5.7848
v  -4.1274 -0.0812 -5.7888
v  -4.1405 -0.1056 -5.8076
v  -4.1559 -0.1318 -5.8174
v  -4.1156 -0.1212 -5.8114
v  -4.1314 -0.1472 -5.8243
v  -4.0220 -0.1457 -5.7881
v  -4.0670 -0.1217 -5.7821
v  -4.0553 -0.1080 -5.7381
v  -4.0006 -0.1343 -5.7404
v  -4.0826 -0.1403 -5.8161
v  -4.0441 -0.1626 -5.8245
v  -4.0648 -0.1880 -5.8409
v  -4.1009 -0.1660 -5.8324
v  -3.9398 -0.1530 -5.7652
v  -3.8803 -0.1646 -5.8001
v  -3.9202 -0.1854 -5.8425
v  -3.9716 -0.1681 -5.8100
v  -3.9998 -0.1863 -5.8432
v  -3.9535 -0.2103 -5.8685
v  -3.9789 -0.2418 -5.8755
v  -4.0228 -0.2141 -5.8543
v  -3.8288 -0.1806 -5.8279
v  -3.7832 -0.2030 -5.8472
v  -3.8277 -0.2278 -5.8969
v  -3.8734 -0.2074 -5.8692
v  -3.9088 -0.2356 -5.8925
v  -3.8638 -0.2614 -5.9172
v  -3.8908 -0.2972 -5.9223
v  -3.9355 -0.2693 -5.8983
v  -3.7399 -0.2301 -5.8599
v  -3.6984 -0.2576 -5.8704
v  -3.7340 -0.2814 -5.9229
v  -3.7794 -0.2532 -5.9128
v  -3.8162 -0.2874 -5.9435
v  -3.7668 -0.3131 -5.9615
v  -3.7965 -0.3557 -5.9740
v  -3.8440 -0.3264 -5.9488
v  -3.6658 -0.4004 -5.0624
v  -3.6611 -0.3888 -5.0643
v  -3.6351 -0.4043 -5.0842
v  -3.6401 -0.4175 -5.0801
v  -3.6367 -0.3903 -5.0956
v  -3.6611 -0.3745 -5.0717
v  -3.5406 -0.4536 -5.1756
v  -3.5409 -0.4683 -5.1650
v  -3.5158 -0.4853 -5.1917
v  -3.5121 -0.4709 -5.1999
v  -3.5753 -0.4309 -5.1484
v  -3.5751 -0.4446 -5.1355
v  -3.5795 -0.4588 -5.1279
v  -3.5441 -0.4826 -5.1591
v  -3.5218 -0.4986 -5.1879
v  -3.5830 -0.3756 -5.2154
v  -3.5733 -0.3583 -5.2303
v  -3.6140 -0.3342 -5.2024
v  -3.6269 -0.3504 -5.1892
v  -3.5972 -0.3123 -5.2178
v  -3.5590 -0.3349 -5.2461
v  -3.6214 -0.2893 -5.1946
v  -3.6375 -0.3076 -5.1779
v  -3.6568 -0.3172 -5.1560
v  -3.6113 -0.4370 -5.1014
v  -3.6062 -0.4223 -5.1075
v  -3.6077 -0.4082 -5.1209
v  -3.6155 -0.3948 -5.1382
v  -3.6449 -0.3752 -5.1123
v  -3.5794 -0.4177 -5.1642
v  -3.5837 -0.4042 -5.1813
v  -3.6238 -0.3807 -5.1562
v  -3.6535 -0.3586 -5.1297
v  -3.5415 -0.4389 -5.1889
v  -3.5097 -0.4560 -5.2110
v  -3.5424 -0.4246 -5.2043
v  -3.5076 -0.4412 -5.2247
v  -3.6284 -0.3656 -5.1728
v  -3.6575 -0.3410 -5.1442
v  -3.5854 -0.3902 -5.1984
v  -3.5310 -0.3778 -5.2571
v  -3.5183 -0.3551 -5.2748
v  -3.5388 -0.3954 -5.2394
v  -3.5016 -0.4114 -5.2597
v  -3.4946 -0.3938 -5.2789
v  -3.4829 -0.3717 -5.2982
v  -3.5420 -0.4103 -5.2214
v  -3.5054 -0.4267 -5.2412
v  -3.5209 -0.1749 -5.3766
v  -3.4878 -0.1929 -5.4113
v  -3.5287 -0.1592 -5.4462
v  -3.5541 -0.1430 -5.4047
v  -3.5079 -0.1709 -5.4968
v  -3.4515 -0.2103 -5.4590
v  -3.6252 -0.2667 -5.1744
v  -3.6381 -0.2788 -5.1585
v  -3.6214 -0.2538 -5.1402
v  -3.6121 -0.2471 -5.1566
v  -3.6497 -0.2787 -5.1408
v  -3.6300 -0.2506 -5.1226
v  -3.6510 -0.1030 -5.2219
v  -3.6932 -0.0751 -5.2248
v  -3.6923 -0.0687 -5.2027
v  -3.6424 -0.0988 -5.1994
v  -3.6459 -0.1043 -5.2402
v  -3.6798 -0.0710 -5.2450
v  -3.6591 -0.0238 -5.1649
v  -3.6835 -0.0529 -5.1777
v  -3.6355 -0.0718 -5.1701
v  -3.6085 -0.0423 -5.1569
v  -3.6220 0.0048 -5.1554
v  -3.5688 -0.0162 -5.1461
v  -3.4732 -0.0197 -5.1117
v  -3.5216 -0.0400 -5.1317
v  -3.4898 -0.0622 -5.1158
v  -3.4283 -0.0529 -5.0898
v  -3.5314 -0.0789 -5.1279
v  -3.5659 -0.0610 -5.1432
v  -3.5928 -0.0868 -5.1581
v  -3.5555 -0.1022 -5.1416
v  -3.5656 -0.1286 -5.1528
v  -3.6019 -0.1153 -5.1737
v  -3.5688 -0.1560 -5.1530
v  -3.5997 -0.1497 -5.1757
v  -3.5941 -0.1837 -5.1676
v  -3.5694 -0.1812 -5.1455
v  -3.6136 -0.1897 -5.1881
v  -3.6227 -0.1475 -5.1972
v  -3.5918 -0.2116 -5.1546
v  -3.6084 -0.2244 -5.1743
v  -3.5715 -0.2019 -5.1338
v  -3.5938 -0.2299 -5.1380
v  -3.5759 -0.2144 -5.1188
v  -3.6008 -0.2344 -5.1209
v  -3.6095 -0.2282 -5.1027
v  -3.5828 -0.2149 -5.1034
v  -3.5899 -0.2048 -5.0874
v  -3.5965 -0.1869 -5.0678
v  -3.5711 -0.1774 -5.0451
v  -3.5666 -0.1916 -5.0693
v  -3.5413 -0.1989 -5.0477
v  -3.5466 -0.1879 -5.0169
v  -3.5649 -0.1992 -5.0867
v  -3.5609 -0.2024 -5.1004
v  -3.5467 -0.1995 -5.0877
v  -3.5430 -0.2002 -5.0717
v  -3.5758 -0.1440 -5.3366
v  -3.5507 -0.1582 -5.3530
v  -3.5780 -0.1289 -5.3744
v  -3.5999 -0.1189 -5.3535
v  -3.4428 -0.3059 -5.3400
v  -3.4382 -0.2592 -5.3892
v  -3.4801 -0.2427 -5.3663
v  -3.4782 -0.2825 -5.3136
v  -3.5097 -0.2121 -5.3342
v  -3.5249 -0.2520 -5.2860
v  -3.4656 -0.3432 -5.3179
v  -3.5002 -0.3247 -5.2931
v  -3.5413 -0.3009 -5.2625
v  -3.5598 -0.1870 -5.2948
v  -3.5450 -0.2099 -5.2899
v  -3.5388 -0.1892 -5.3209
v  -3.5629 -0.1697 -5.3134
v  -3.5805 -0.2764 -5.2369
v  -3.6084 -0.2558 -5.2136
v  -3.5687 -0.2372 -5.2548
v  -3.6047 -0.2077 -5.2340
v  -3.6201 -0.1988 -5.2088
v  -3.6303 -0.1508 -5.2174
v  -3.6246 -0.1516 -5.2370
v  -3.6161 -0.2384 -5.1925
v  -3.6549 -0.0690 -5.2627
v  -3.6341 -0.0751 -5.2848
v  -3.6328 -0.1050 -5.2586
v  -3.6202 -0.1076 -5.2777
v  -3.6118 -0.1115 -5.2950
v  -3.6226 -0.0833 -5.3062
v  -3.6175 -0.0941 -5.3245
v  -3.6048 -0.1219 -5.3098
v  -3.6134 -0.1079 -5.3384
v  -3.5940 -0.1330 -5.3232
v  -3.5972 -0.1449 -5.2940
v  -3.6058 -0.1327 -5.2872
v  -3.6090 -0.1383 -5.2734
v  -3.5954 -0.1629 -5.2763
v  -3.5828 -0.1561 -5.3037
v  -3.5754 -0.1796 -5.2843
v  -3.5685 -0.2056 -5.2691
v  -3.5963 -0.1820 -5.2576
v  -3.6153 -0.1454 -5.2553
v  -3.4050 0.0411 -4.9020
v  -3.4216 0.0630 -4.9525
v  -3.3744 0.0405 -4.9351
v  -3.3610 0.0230 -4.8843
v  -3.4120 -0.0358 -4.8345
v  -3.4034 0.0081 -4.8579
v  -3.3625 -0.0069 -4.8373
v  -3.3729 -0.0471 -4.8082
v  -3.3885 -0.1302 -4.8265
v  -3.3859 -0.0902 -4.8063
v  -3.4241 -0.0817 -4.8393
v  -3.4272 -0.1221 -4.8657
v  -3.3845 -0.1961 -4.8614
v  -3.3879 -0.1648 -4.8439
v  -3.4299 -0.1582 -4.8838
v  -3.4297 -0.1908 -4.9028
v  -3.5448 -0.1842 -5.1237
v  -3.5191 -0.1911 -5.0993
v  -3.5345 -0.1975 -5.0920
v  -3.5531 -0.1968 -5.1133
v  -3.4948 -0.1583 -5.1119
v  -3.5056 -0.1782 -5.1082
v  -3.5376 -0.1659 -5.1324
v  -3.5305 -0.1429 -5.1338
v  -3.4581 -0.2091 -5.0216
v  -3.4677 -0.2058 -4.9727
v  -3.5110 -0.1973 -4.9964
v  -3.5069 -0.2046 -5.0345
v  -3.4915 -0.1994 -5.0677
v  -3.5170 -0.2016 -5.0660
v  -3.3474 -0.2240 -4.9186
v  -3.3689 -0.2185 -4.8887
v  -3.4183 -0.2138 -4.9355
v  -3.3996 -0.2184 -4.9702
v  -3.5057 -0.0948 -5.1141
v  -3.5217 -0.1177 -5.1245
v  -3.4870 -0.1337 -5.1053
v  -3.4737 -0.1083 -5.0967
v  -3.4711 -0.1914 -5.0765
v  -3.4307 -0.2035 -5.0376
v  -3.4562 -0.1748 -5.0835
v  -3.4134 -0.1894 -5.0482
v  -3.3648 -0.1992 -5.0061
v  -3.3810 -0.2130 -4.9926
v  -3.3143 -0.2049 -4.9578
v  -3.3289 -0.2192 -4.9414
v  -3.4805 -0.0788 -5.1067
v  -3.4484 -0.0843 -5.0914
v  -3.4477 -0.1513 -5.0801
v  -3.4354 -0.1254 -5.0727
v  -3.4045 -0.1668 -5.0480
v  -3.3928 -0.1414 -5.0421
v  -3.3472 -0.1518 -5.0058
v  -3.3575 -0.1766 -5.0087
v  -3.3104 -0.1816 -4.9629
v  -3.3027 -0.1582 -4.9630
v  -3.3565 -0.0062 -5.0124
v  -3.4005 0.0182 -5.0402
v  -3.3765 0.0264 -5.0039
v  -3.3404 0.0040 -4.9745
v  -3.3553 0.0280 -4.9644
v  -3.3318 0.0131 -4.9499
v  -3.4336 0.0011 -5.0770
v  -3.3861 -0.0254 -5.0517
v  -3.3744 -0.0709 -5.0557
v  -3.4091 -0.0983 -5.0671
v  -3.3662 -0.1143 -5.0360
v  -3.3326 -0.0866 -5.0225
v  -3.2948 -0.0986 -4.9846
v  -3.3223 -0.1261 -5.0015
v  -3.2827 -0.1347 -4.9580
v  -3.2640 -0.1091 -4.9385
v  -3.3218 -0.0003 -4.8648
v  -3.3356 0.0182 -4.9156
v  -3.3082 0.0045 -4.9109
v  -3.2817 -0.0136 -4.8469
v  -3.3191 -0.0235 -4.9797
v  -3.3437 -0.0446 -5.0220
v  -3.3060 -0.0593 -4.9880
v  -3.2884 -0.0380 -4.9425
v  -3.3075 -0.0107 -4.9365
v  -3.2811 -0.0250 -4.8945
v  -3.2638 -0.0535 -4.9025
v  -3.2735 -0.0725 -4.9494
v  -3.2499 -0.0862 -4.9043
v  -3.2442 -0.0700 -4.8614
v  -3.2574 -0.0405 -4.8084
v  -3.2609 -0.0434 -4.8558
v  -3.2420 -0.0625 -4.8196
v  -3.2364 -0.0594 -4.7772
v  -3.3339 -0.0584 -4.7760
v  -3.3225 -0.0248 -4.8133
v  -3.2876 -0.0357 -4.7822
v  -3.2992 -0.0675 -4.7413
v  -3.3476 -0.0967 -4.7666
v  -3.3526 -0.1348 -4.7789
v  -3.3164 -0.1372 -4.7353
v  -3.3106 -0.1027 -4.7286
v  -3.2692 -0.0773 -4.7144
v  -3.2603 -0.0508 -4.7554
v  -3.2354 -0.0656 -4.7286
v  -3.2410 -0.0884 -4.6910
v  -3.3498 -0.1674 -4.7959
v  -3.3440 -0.1969 -4.8130
v  -3.3080 -0.1949 -4.7664
v  -3.3145 -0.1676 -4.7502
v  -3.2844 -0.1404 -4.7025
v  -3.2788 -0.1088 -4.6993
v  -3.2565 -0.1441 -4.6778
v  -3.2501 -0.1159 -4.6759
v  -3.3251 -0.2177 -4.8363
v  -3.3014 -0.2226 -4.8618
v  -3.2635 -0.2151 -4.8084
v  -3.2876 -0.2119 -4.7868
v  -3.2500 -0.1887 -4.7010
v  -3.2574 -0.1695 -4.6866
v  -3.2843 -0.1685 -4.7142
v  -3.2774 -0.1924 -4.7296
v  -3.2332 -0.1956 -4.8460
v  -3.2445 -0.2095 -4.8280
v  -3.2824 -0.2178 -4.8836
v  -3.2686 -0.2045 -4.9015
v  -3.2425 -0.1630 -4.8746
v  -3.2363 -0.1770 -4.8594
v  -3.2690 -0.1823 -4.9096
v  -3.2649 -0.1619 -4.9122
v  -3.2577 -0.2051 -4.7483
v  -3.2352 -0.2068 -4.7669
v  -3.2124 -0.1990 -4.7341
v  -3.2328 -0.1984 -4.7176
v  -3.2406 -0.1199 -4.8836
v  -3.2515 -0.1412 -4.9042
v  -3.2301 -0.1498 -4.8544
v  -3.2219 -0.1322 -4.8333
v  -3.2157 -0.1993 -4.7848
v  -3.2077 -0.1815 -4.8030
v  -3.1892 -0.1610 -4.7661
v  -3.1934 -0.1885 -4.7502
v  -3.2061 -0.1470 -4.7994
v  -3.2158 -0.1637 -4.8227
v  -3.2274 -0.0877 -4.8208
v  -3.2322 -0.1014 -4.8552
v  -3.2167 -0.1163 -4.8139
v  -3.2100 -0.1067 -4.7882
v  -3.2125 -0.0776 -4.7462
v  -3.2222 -0.0809 -4.7845
v  -3.2019 -0.1014 -4.7563
v  -3.1895 -0.0988 -4.7211
v  -3.1952 -0.1309 -4.7689
v  -3.2044 -0.1315 -4.7901
v  -3.1700 -0.1251 -4.7079
v  -3.1833 -0.1280 -4.7401
v  -3.1725 -0.1557 -4.7301
v  -3.1585 -0.1513 -4.7007
v  -3.1750 -0.1799 -4.7201
v  -3.1600 -0.1727 -4.6933
v  -3.1739 -0.1833 -4.6828
v  -3.1917 -0.1912 -4.7067
v  -3.1476 -0.1468 -4.6733
v  -3.1484 -0.1647 -4.6686
v  -3.1431 -0.1430 -4.6560
v  -3.1423 -0.1567 -4.6474
v  -3.1524 -0.1677 -4.6467
v  -3.1597 -0.1746 -4.6608
v  -3.2094 -0.1918 -4.6923
v  -3.1889 -0.1846 -4.6707
v  -3.2247 -0.1847 -4.6778
v  -3.2024 -0.1790 -4.6585
v  -3.2108 -0.1654 -4.6496
v  -3.2324 -0.1691 -4.6661
v  -3.2317 -0.1483 -4.6588
v  -3.2152 -0.1509 -4.6473
v  -3.1582 -0.1239 -4.6752
v  -3.1789 -0.0999 -4.6816
v  -3.1787 -0.1186 -4.6433
v  -3.1522 -0.1297 -4.6470
v  -3.2111 -0.1010 -4.6673
v  -3.2067 -0.0807 -4.7013
v  -3.2014 -0.1368 -4.6396
v  -3.2227 -0.1246 -4.6554
v  -3.1912 -0.1546 -4.6346
v  -3.1831 -0.1698 -4.6413
v  -3.1712 -0.1611 -4.6310
v  -3.1714 -0.1444 -4.6275
v  -3.1514 -0.1468 -4.6299
v  -3.1593 -0.1650 -4.6359
v  -3.1718 -0.1756 -4.6512
v  -3.9021 -0.1041 -5.0035
v  -3.9189 -0.1360 -4.9924
v  -3.8941 -0.1472 -4.9989
v  -3.8786 -0.1106 -5.0034
v  -3.9012 -0.1650 -4.9777
v  -3.9248 -0.1531 -4.9716
v  -3.8580 -0.1875 -4.9967
v  -3.8793 -0.1767 -4.9866
v  -3.8784 -0.1649 -5.0047
v  -3.8599 -0.1740 -5.0151
v  -3.8145 -0.0377 -5.0100
v  -3.8358 -0.0769 -5.0119
v  -3.8115 -0.0803 -5.0148
v  -3.7907 -0.0435 -5.0114
v  -3.8531 -0.1102 -5.0088
v  -3.8654 -0.1355 -5.0101
v  -3.8408 -0.1307 -5.0209
v  -3.8275 -0.1084 -5.0165
v  -3.8513 -0.1531 -5.0228
v  -3.8680 -0.1518 -5.0124
v  -3.7656 -0.0513 -5.0119
v  -3.7868 -0.0866 -5.0167
v  -3.7623 -0.0966 -5.0168
v  -3.7409 -0.0622 -5.0106
v  -3.8377 -0.1988 -5.0078
v  -3.8177 -0.2117 -5.0186
v  -3.8188 -0.1942 -5.0366
v  -3.8399 -0.1832 -5.0259
v  -3.8026 -0.1112 -5.0237
v  -3.8165 -0.1321 -5.0306
v  -3.7926 -0.1384 -5.0405
v  -3.7782 -0.1184 -5.0300
v  -3.8090 -0.1659 -5.0458
v  -3.8311 -0.1577 -5.0340
v  -3.7386 -0.1102 -5.0179
v  -3.7172 -0.0771 -5.0086
v  -3.7146 -0.1247 -5.0256
v  -3.6944 -0.0961 -5.0073
v  -3.7969 -0.2274 -5.0275
v  -3.7742 -0.2443 -5.0349
v  -3.7747 -0.2256 -5.0557
v  -3.7974 -0.2086 -5.0465
v  -3.7693 -0.1477 -5.0531
v  -3.7543 -0.1283 -5.0389
v  -3.7299 -0.1394 -5.0525
v  -3.7459 -0.1601 -5.0692
v  -3.7874 -0.1778 -5.0592
v  -3.7653 -0.1936 -5.0743
v  -3.6711 -0.1179 -5.0120
v  -3.6512 -0.1404 -5.0250
v  -3.6895 -0.1404 -5.0386
v  -3.6683 -0.1604 -5.0531
v  -3.7217 -0.1776 -5.0830
v  -3.7048 -0.1543 -5.0673
v  -3.6836 -0.1758 -5.0785
v  -3.7008 -0.1984 -5.0899
v  -3.6507 -0.2188 -5.0887
v  -3.6385 -0.2387 -5.1030
v  -3.6188 -0.2116 -5.0847
v  -3.6276 -0.1896 -5.0657
v  -3.6554 -0.1850 -5.0698
v  -3.6372 -0.1653 -5.0442
v  -3.6880 -0.2180 -5.0925
v  -3.6718 -0.2001 -5.0871
v  -3.6701 -0.2265 -5.0930
v  -3.6826 -0.2322 -5.0938
v  -3.7489 -0.2613 -5.0420
v  -3.7251 -0.2763 -5.0507
v  -3.7258 -0.2581 -5.0674
v  -3.7493 -0.2432 -5.0622
v  -3.7408 -0.2124 -5.0844
v  -3.7186 -0.2298 -5.0880
v  -3.6595 -0.2686 -5.1195
v  -3.6694 -0.2573 -5.1037
v  -3.6821 -0.2867 -5.1025
v  -3.6723 -0.2995 -5.1234
v  -3.6738 -0.3388 -5.1027
v  -3.6680 -0.3579 -5.0867
v  -3.6855 -0.3412 -5.0617
v  -3.6898 -0.3178 -5.0772
v  -3.6800 -0.2545 -5.0972
v  -3.6912 -0.2524 -5.0925
v  -3.6973 -0.2762 -5.0832
v  -3.6897 -0.2796 -5.0915
v  -3.6752 -0.3209 -5.1158
v  -3.6856 -0.3060 -5.0945
v  -3.6963 -0.2951 -5.0766
v  -3.6912 -0.2955 -5.0859
v  -3.7043 -0.3060 -5.0526
v  -3.7073 -0.2880 -5.0632
v  -3.7087 -0.2690 -5.0746
v  -3.7013 -0.3256 -5.0381
v  -3.7025 -0.2436 -5.0895
v  -4.8699 0.3512 -5.8731
v  -4.8975 0.3440 -5.8762
v  -4.8801 0.3281 -5.8849
v  -4.8640 0.3367 -5.8815
v  -4.8939 0.3145 -5.8852
v  -4.9157 0.3282 -5.8767
v  -4.8359 0.3504 -5.8683
v  -4.7967 0.3427 -5.8598
v  -4.8055 0.3158 -5.8666
v  -4.8412 0.3288 -5.8782
v  -4.8527 0.3123 -5.8827
v  -4.8178 0.2951 -5.8684
v  -4.8303 0.2765 -5.8682
v  -4.8649 0.2968 -5.8841
v  -4.7134 0.3106 -5.8251
v  -4.7548 0.3277 -5.8438
v  -4.7639 0.2985 -5.8473
v  -4.7191 0.2812 -5.8288
v  -4.6724 0.2980 -5.8157
v  -4.6739 0.2675 -5.8242
v  -4.6277 0.2164 -5.8154
v  -4.6787 0.2293 -5.8226
v  -4.6318 0.1595 -5.7835
v  -4.6914 0.1947 -5.8144
v  -4.7427 0.2251 -5.8253
v  -4.7288 0.2525 -5.8277
v  -4.5755 0.2219 -5.8085
v  -4.5739 0.1813 -5.7876
v  -4.5833 0.1298 -5.7849
v  -4.5591 0.1493 -5.7882
v  -4.7763 0.2749 -5.8463
v  -4.7902 0.2532 -5.8440
v  -4.5086 -0.1971 -5.2230
v  -4.5185 -0.1994 -5.2399
v  -4.5093 -0.2216 -5.2409
v  -4.5022 -0.2197 -5.2232
v  -4.5268 -0.2034 -5.2589
v  -4.5149 -0.2242 -5.2612
v  -4.5003 -0.2449 -5.2588
v  -4.4959 -0.2414 -5.2412
v  -4.4907 -0.2386 -5.2241
v  -4.4652 -0.2651 -5.2272
v  -4.4768 -0.2544 -5.2257
v  -4.4796 -0.2582 -5.2408
v  -4.4606 -0.2700 -5.2380
v  -4.4807 -0.2631 -5.2553
v  -4.4551 -0.2743 -5.2535
v  -4.5095 -0.2051 -5.1847
v  -4.5040 -0.1994 -5.2027
v  -4.4982 -0.2198 -5.2038
v  -4.5016 -0.2242 -5.1863
v  -4.4873 -0.2377 -5.2063
v  -4.4881 -0.2414 -5.1899
v  -4.4573 -0.2690 -5.2181
v  -4.4726 -0.2544 -5.2106
v  -4.4693 -0.2581 -5.1964
v  -4.4485 -0.2733 -5.2065
v  -4.4430 -0.2788 -5.2303
v  -4.4287 -0.2858 -5.2203
v  -4.4290 -0.2825 -5.2463
v  -4.4089 -0.2924 -5.2349
v  -4.5341 -0.1822 -5.2563
v  -4.5554 -0.1908 -5.2591
v  -4.5476 -0.2156 -5.2631
v  -4.5553 -0.1665 -5.2535
v  -4.5387 -0.1670 -5.2516
v  -4.5849 -0.1671 -5.2578
v  -4.5804 -0.2027 -5.2603
v  -4.5725 -0.2322 -5.2658
v  -4.5344 -0.2392 -5.2667
v  -4.5157 -0.2609 -5.2664
v  -4.5576 -0.2585 -5.2723
v  -4.5355 -0.2821 -5.2753
v  -4.4900 -0.2781 -5.2664
v  -4.5048 -0.3010 -5.2771
v  -4.4684 -0.3131 -5.2787
v  -4.4590 -0.2900 -5.2658
v  -4.4253 -0.2963 -5.2611
v  -4.3967 -0.3007 -5.2513
v  -4.4307 -0.3214 -5.2742
v  -4.3892 -0.3253 -5.2671
v  -4.5040 -0.2654 -5.1707
v  -4.4944 -0.2518 -5.1776
v  -4.4710 -0.2682 -5.1833
v  -4.4786 -0.2835 -5.1785
v  -4.4458 -0.2828 -5.1944
v  -4.4504 -0.2985 -5.1893
v  -4.4002 -0.3045 -5.2239
v  -4.4220 -0.2953 -5.2096
v  -4.3969 -0.3173 -5.2124
v  -4.4224 -0.3105 -5.2017
v  -4.3689 -0.3171 -5.2486
v  -4.3839 -0.3098 -5.2368
v  -4.3625 -0.3265 -5.2290
v  -4.3789 -0.3216 -5.2212
v  -4.3471 -0.3279 -5.2581
v  -4.3411 -0.3334 -5.2364
v  -4.3579 -0.3460 -5.2762
v  -4.3204 -0.3408 -5.2627
v  -4.3271 -0.3617 -5.2794
v  -4.3155 -0.3407 -5.2421
v  -4.2863 -0.3446 -5.2668
v  -4.2845 -0.3423 -5.2460
v  -4.2898 -0.3682 -5.2829
v  -4.2489 -0.3677 -5.2867
v  -4.2485 -0.3392 -5.2705
v  -4.2507 -0.3365 -5.2461
v  -4.1804 -0.3384 -5.2257
v  -4.2157 -0.3317 -5.2384
v  -4.2077 -0.3327 -5.2675
v  -4.1674 -0.3368 -5.2556
v  -4.2062 -0.3663 -5.2844
v  -4.1669 -0.3726 -5.2732
v  -4.6440 -0.1309 -5.2529
v  -4.6580 -0.1467 -5.2547
v  -4.6373 -0.1700 -5.2550
v  -4.6157 -0.1489 -5.2552
v  -4.6713 -0.1565 -5.2619
v  -4.6589 -0.1838 -5.2610
v  -4.6194 -0.1933 -5.2609
v  -4.6470 -0.2108 -5.2662
v  -4.6106 -0.2223 -5.2664
v  -4.6019 -0.2534 -5.2732
v  -4.6396 -0.2398 -5.2747
v  -4.6291 -0.2694 -5.2877
v  -4.5842 -0.2808 -5.2850
v  -4.5571 -0.3038 -5.2960
v  -4.6083 -0.2974 -5.3041
v  -4.5771 -0.3219 -5.3190
v  -4.5203 -0.3228 -5.3026
v  -4.5345 -0.3418 -5.3287
v  -4.4902 -0.3609 -5.3326
v  -4.4800 -0.3394 -5.3037
v  -4.4420 -0.3545 -5.2983
v  -4.4516 -0.3796 -5.3315
v  -4.4165 -0.3987 -5.3294
v  -4.4060 -0.3687 -5.2946
v  -4.3720 -0.3860 -5.2976
v  -4.3375 -0.4045 -5.2995
v  -4.3820 -0.4202 -5.3300
v  -4.3459 -0.4423 -5.3299
v  -4.2974 -0.4165 -5.3001
v  -4.2543 -0.4227 -5.3009
v  -4.3045 -0.4606 -5.3282
v  -4.2597 -0.4736 -5.3258
v  -4.2114 -0.4274 -5.2952
v  -4.2152 -0.4834 -5.3196
v  -4.1722 -0.4371 -5.2815
v  -4.1721 -0.4953 -5.3098
v  -4.6822 -0.1589 -5.2700
v  -4.6737 -0.1864 -5.2739
v  -4.6794 -0.1783 -5.2883
v  -4.6868 -0.1540 -5.2806
v  -4.6705 -0.2013 -5.2992
v  -4.6653 -0.2132 -5.2814
v  -4.6577 -0.2406 -5.2930
v  -4.6609 -0.2239 -5.3133
v  -4.6500 -0.2525 -5.3329
v  -4.6469 -0.2699 -5.3077
v  -4.5957 -0.3132 -5.3701
v  -4.5912 -0.3292 -5.3441
v  -4.6256 -0.3010 -5.3263
v  -4.6304 -0.2905 -5.3473
v  -4.6313 -0.2814 -5.3591
v  -4.6186 -0.2851 -5.3751
v  -4.6387 -0.2574 -5.3582
v  -4.6304 -0.2645 -5.3754
v  -4.4935 -0.3625 -5.3822
v  -4.4951 -0.3701 -5.3595
v  -4.5438 -0.3511 -5.3547
v  -4.5427 -0.3405 -5.3781
v  -4.4538 -0.3876 -5.3603
v  -4.4182 -0.4082 -5.3594
v  -4.4508 -0.3810 -5.3820
v  -4.4141 -0.4019 -5.3817
v  -4.3844 -0.4324 -5.3592
v  -4.3494 -0.4585 -5.3584
v  -4.3802 -0.4266 -5.3821
v  -4.3453 -0.4529 -5.3825
v  -4.2598 -0.4935 -5.3766
v  -4.2630 -0.4986 -5.3509
v  -4.3086 -0.4822 -5.3552
v  -4.3046 -0.4766 -5.3811
v  -4.4377 -0.3115 -5.1629
v  -4.4468 -0.3077 -5.1769
v  -4.4152 -0.3158 -5.1864
v  -4.4073 -0.3191 -5.1712
v  -4.3875 -0.3190 -5.1945
v  -4.3802 -0.3227 -5.1760
v  -4.4237 -0.3407 -5.1513
v  -4.4293 -0.3259 -5.1544
v  -4.4045 -0.3339 -5.1618
v  -4.4068 -0.3514 -5.1547
v  -4.3815 -0.3416 -5.1662
v  -4.3866 -0.3630 -5.1573
v  -4.3676 -0.3212 -5.2004
v  -4.3591 -0.3239 -5.1777
v  -4.3507 -0.3256 -5.2057
v  -4.3408 -0.3274 -5.1807
v  -4.3628 -0.3477 -5.1684
v  -4.3698 -0.3736 -5.1599
v  -4.3459 -0.3545 -5.1703
v  -4.3544 -0.3845 -5.1628
v  -4.3975 -0.3971 -5.1247
v  -4.3918 -0.3802 -5.1428
v  -4.3742 -0.3940 -5.1437
v  -4.3785 -0.4147 -5.1241
v  -4.3581 -0.4070 -5.1446
v  -4.3606 -0.4287 -5.1220
v  -4.3315 -0.3329 -5.2125
v  -4.3232 -0.3361 -5.1873
v  -4.3092 -0.3401 -5.2184
v  -4.3052 -0.3453 -5.1932
v  -4.3195 -0.4092 -5.1649
v  -4.3239 -0.4365 -5.1433
v  -4.3412 -0.4209 -5.1444
v  -4.3372 -0.3960 -5.1640
v  -4.3431 -0.4439 -5.1196
v  -4.3255 -0.4604 -5.1166
v  -4.3281 -0.3634 -5.1728
v  -4.3106 -0.3737 -5.1762
v  -4.2826 -0.3421 -5.2211
v  -4.2836 -0.3516 -5.1952
v  -4.2539 -0.3396 -5.2181
v  -4.2604 -0.3566 -5.1912
v  -4.2252 -0.3409 -5.2081
v  -4.2381 -0.3682 -5.1847
v  -4.1951 -0.3518 -5.1948
v  -4.2137 -0.3845 -5.1744
v  -4.2918 -0.3848 -5.1793
v  -4.3012 -0.4236 -5.1636
v  -4.2720 -0.3962 -5.1778
v  -4.2833 -0.4385 -5.1605
v  -4.3061 -0.4537 -5.1404
v  -4.3070 -0.4782 -5.1118
v  -4.2887 -0.4709 -5.1359
v  -4.2893 -0.4964 -5.1067
v  -4.2533 -0.4108 -5.1738
v  -4.2669 -0.4548 -5.1582
v  -4.2322 -0.4282 -5.1666
v  -4.2482 -0.4719 -5.1537
v  -4.2727 -0.4877 -5.1316
v  -4.2738 -0.5143 -5.1019
v  -4.2551 -0.5049 -5.1271
v  -4.2568 -0.5322 -5.0971
v  -4.2055 -0.4477 -5.1552
v  -4.2246 -0.4907 -5.1470
v  -4.1836 -0.4047 -5.1597
v  -4.1501 -0.4307 -5.1483
v  -4.1743 -0.4721 -5.1459
v  -4.1958 -0.5142 -5.1416
v  -4.2334 -0.5238 -5.1226
v  -4.2351 -0.5511 -5.0924
v  -4.2063 -0.5482 -5.1202
v  -4.2080 -0.5762 -5.0902
v  -4.1711 -0.5808 -5.1199
v  -4.1729 -0.6101 -5.0900
v  -4.1608 -0.5463 -5.1413
v  -4.1236 -0.5797 -5.1394
v  -4.1308 -0.6136 -5.1154
v  -4.1308 -0.6425 -5.0841
v  -4.0528 -0.6394 -5.1263
v  -4.0549 -0.6775 -5.0980
v  -4.0936 -0.6448 -5.1087
v  -4.0890 -0.6090 -5.1343
v  -4.0927 -0.6764 -5.0769
v  -4.0523 -0.7109 -5.0644
v  -4.0107 -0.7163 -5.0839
v  -4.0086 -0.7542 -5.0502
v  -4.0099 -0.6755 -5.1139
v  -3.9627 -0.7122 -5.0985
v  -3.9623 -0.7537 -5.0645
v  -3.9596 -0.7921 -5.0292
v  -4.6251 -0.2456 -5.3889
v  -4.6056 -0.2703 -5.3907
v  -4.5904 -0.2461 -5.4043
v  -4.6112 -0.2171 -5.4042
v  -4.5627 -0.2736 -5.3974
v  -4.5766 -0.2956 -5.3867
v  -4.5345 -0.3207 -5.3883
v  -4.5245 -0.2995 -5.3945
v  -4.4839 -0.3257 -5.4011
v  -4.4893 -0.3463 -5.3945
v  -4.4482 -0.3682 -5.3956
v  -4.4451 -0.3504 -5.4042
v  -4.4072 -0.3737 -5.4049
v  -4.4104 -0.3898 -5.3953
v  -4.3747 -0.4132 -5.3957
v  -4.3700 -0.3963 -5.4046
v  -4.3313 -0.4174 -5.4046
v  -4.3379 -0.4366 -5.3963
v  -4.4032 -0.3533 -5.4096
v  -4.3655 -0.3765 -5.4091
v  -4.3638 -0.3599 -5.4236
v  -4.4002 -0.3336 -5.4214
v  -4.3258 -0.3857 -5.4266
v  -4.3262 -0.3979 -5.4093
v  -4.4073 -0.4410 -5.0733
v  -4.4053 -0.4194 -5.1050
v  -4.3858 -0.4419 -5.1034
v  -4.3884 -0.4691 -5.0693
v  -4.3647 -0.4562 -5.0974
v  -4.3637 -0.4837 -5.0625
v  -4.3463 -0.4717 -5.0933
v  -4.3458 -0.5013 -5.0591
v  -4.3291 -0.4890 -5.0901
v  -4.3296 -0.5199 -5.0571
v  -4.3091 -0.5054 -5.0845
v  -4.3069 -0.5332 -5.0517
v  -4.2908 -0.5236 -5.0796
v  -4.2882 -0.5502 -5.0475
v  -4.2764 -0.5424 -5.0757
v  -4.2753 -0.5702 -5.0437
v  -4.2590 -0.5604 -5.0704
v  -4.2572 -0.5888 -5.0387
v  -4.2355 -0.5788 -5.0641
v  -4.2296 -0.6056 -5.0316
v  -4.2069 -0.6049 -5.0605
v  -4.1998 -0.6337 -5.0264
v  -4.1701 -0.6390 -5.0576
v  -4.1599 -0.6662 -5.0196
v  -4.1280 -0.6743 -5.0516
v  -4.1186 -0.7046 -5.0119
v  -4.0891 -0.7111 -5.0437
v  -4.0757 -0.7382 -4.9999
v  -4.0451 -0.7432 -5.0282
v  -4.0297 -0.7689 -4.9840
v  -3.9987 -0.7829 -5.0107
v  -3.9804 -0.8023 -4.9657
v  -3.9513 -0.8203 -4.9905
v  -3.9351 -0.8362 -4.9463
v  -4.4576 -0.4029 -4.9827
v  -4.4762 -0.4042 -5.0370
v  -4.4339 -0.4339 -5.0303
v  -4.4116 -0.4364 -4.9764
v  -4.4374 -0.4156 -5.0795
v  -4.4734 -0.3872 -5.0854
v  -4.3977 -0.4591 -5.0238
v  -4.3708 -0.4626 -4.9723
v  -4.3777 -0.4895 -5.0154
v  -4.3462 -0.4915 -4.9618
v  -4.3521 -0.5073 -5.0109
v  -4.3221 -0.5137 -4.9592
v  -4.3333 -0.5263 -5.0086
v  -4.3043 -0.5361 -4.9575
v  -4.3182 -0.5469 -5.0072
v  -4.2904 -0.5586 -4.9546
v  -4.2938 -0.5575 -5.0057
v  -4.2685 -0.5716 -4.9570
v  -4.2745 -0.5723 -5.0025
v  -4.2491 -0.5840 -4.9555
v  -4.2603 -0.5911 -4.9972
v  -4.2320 -0.6005 -4.9504
v  -4.2423 -0.6120 -4.9915
v  -4.2127 -0.6219 -4.9430
v  -4.2105 -0.6273 -4.9866
v  -4.1798 -0.6383 -4.9416
v  -4.1796 -0.6568 -4.9790
v  -4.1454 -0.6635 -4.9327
v  -4.1375 -0.6868 -4.9703
v  -4.1028 -0.6923 -4.9227
v  -4.0964 -0.7255 -4.9582
v  -4.0593 -0.7261 -4.9082
v  -4.0489 -0.7544 -4.9453
v  -4.0118 -0.7559 -4.8961
v  -4.0061 -0.7887 -4.9293
v  -3.9714 -0.7900 -4.8778
v  -4.4441 -0.2636 -4.9348
v  -4.5074 -0.2925 -4.9549
v  -4.4639 -0.3413 -4.9437
v  -4.4013 -0.3100 -4.9296
v  -4.5115 -0.3668 -4.9858
v  -4.5532 -0.3174 -4.9973
v  -4.4117 -0.3819 -4.9444
v  -4.3544 -0.3531 -4.9331
v  -4.3655 -0.4175 -4.9387
v  -4.3108 -0.3898 -4.9315
v  -4.3250 -0.4467 -4.9376
v  -4.2738 -0.4222 -4.9308
v  -4.2987 -0.4748 -4.9286
v  -4.2480 -0.4513 -4.9233
v  -4.2772 -0.5002 -4.9251
v  -4.2279 -0.4774 -4.9178
v  -4.2593 -0.5235 -4.9218
v  -4.2091 -0.4996 -4.9130
v  -4.2435 -0.5451 -4.9169
v  -4.1911 -0.5189 -4.9095
v  -4.2250 -0.5615 -4.9168
v  -4.1735 -0.5358 -4.9089
v  -4.2063 -0.5743 -4.9174
v  -4.1559 -0.5516 -4.9084
v  -4.1876 -0.5901 -4.9158
v  -4.1374 -0.5687 -4.9055
v  -4.1661 -0.6096 -4.9108
v  -4.1157 -0.5874 -4.9031
v  -4.1361 -0.6285 -4.9105
v  -4.0888 -0.6076 -4.9009
v  -4.1017 -0.6515 -4.9019
v  -4.0559 -0.6291 -4.8918
v  -4.0605 -0.6792 -4.8892
v  -4.0152 -0.6539 -4.8792
v  -4.0168 -0.7100 -4.8729
v  -3.9716 -0.6819 -4.8634
v  -3.9730 -0.7413 -4.8582
v  -3.9306 -0.7122 -4.8450
v  -3.9336 -0.7728 -4.8389
v  -3.8932 -0.7433 -4.8240
v  -4.6329 -0.1118 -5.2504
v  -4.5998 -0.1260 -5.2489
v  -4.5954 -0.1058 -5.2362
v  -4.6288 -0.0943 -5.2420
v  -4.5687 -0.1363 -5.2460
v  -4.5587 -0.1162 -5.2263
v  -4.5200 -0.1751 -5.2410
v  -4.5268 -0.1547 -5.2422
v  -4.5072 -0.1707 -5.2243
v  -4.5130 -0.1420 -5.2219
v  -4.5025 -0.1751 -5.2020
v  -4.5125 -0.1832 -5.1847
v  -4.5151 -0.1671 -5.1862
v  -4.5068 -0.1533 -5.1975
v  -4.5277 -0.1670 -5.1809
v  -4.5254 -0.1491 -5.1921
v  -4.5440 -0.1516 -5.1856
v  -4.5441 -0.1681 -5.1745
v  -4.5432 -0.1362 -5.1954
v  -4.5251 -0.1355 -5.2048
v  -4.5446 -0.1444 -5.2426
v  -4.5340 -0.1306 -5.2269
v  -4.5481 -0.1231 -5.2074
v  -4.5322 -0.1275 -5.2143
v  -4.7024 0.0840 -5.1790
v  -4.7150 0.0694 -5.1833
v  -4.6985 0.0536 -5.1814
v  -4.6821 0.0681 -5.1785
v  -4.7115 0.0446 -5.1883
v  -4.7258 0.0609 -5.1914
v  -4.6978 0.0284 -5.1828
v  -4.6828 0.0383 -5.1759
v  -4.6629 0.0530 -5.1732
v  -4.6692 0.0226 -5.1696
v  -4.6461 0.0379 -5.1665
v  -4.6853 0.0118 -5.1769
v  -4.6735 -0.0053 -5.1705
v  -4.6571 0.0057 -5.1631
v  -4.6318 0.0211 -5.1585
v  -4.6537 -0.0408 -5.1525
v  -4.6399 -0.0309 -5.1435
v  -4.6473 -0.0129 -5.1546
v  -4.6628 -0.0233 -5.1622
v  -4.6210 0.0010 -5.1478
v  -4.6139 -0.0188 -5.1346
v  -4.6331 -0.0469 -5.1328
v  -4.6085 -0.0362 -5.1221
v  -4.6458 -0.0564 -5.1430
v  -4.6354 -0.0707 -5.1359
v  -4.6233 -0.0619 -5.1260
v  -4.6004 -0.0523 -5.1144
v  -4.5114 -0.0287 -5.0741
v  -4.5611 -0.0392 -5.0970
v  -4.5517 -0.0541 -5.0879
v  -4.5021 -0.0453 -5.0676
v  -4.5908 -0.0666 -5.1073
v  -4.5882 -0.0777 -5.0956
v  -4.5491 -0.0627 -5.0728
v  -4.4991 -0.0552 -5.0542
v  -4.6138 -0.0960 -5.1200
v  -4.6054 -0.0876 -5.1112
v  -4.6121 -0.0757 -5.1199
v  -4.6231 -0.0842 -5.1293
v  -4.6886 -0.0801 -5.2591
v  -4.6681 -0.1065 -5.2555
v  -4.6615 -0.0919 -5.2529
v  -4.6864 -0.0686 -5.2551
v  -4.6602 -0.0801 -5.2441
v  -4.6869 -0.0604 -5.2466
v  -4.6917 -0.1081 -5.2625
v  -4.6831 -0.1282 -5.2629
v  -4.6757 -0.1196 -5.2583
v  -4.6912 -0.0944 -5.2607
v  -4.6813 -0.1425 -5.2919
v  -4.6716 -0.1595 -5.3015
v  -4.6631 -0.1388 -5.3146
v  -4.6739 -0.1254 -5.3020
v  -4.6519 -0.1503 -5.3280
v  -4.6603 -0.1765 -5.3136
v  -4.6494 -0.1922 -5.3295
v  -4.6413 -0.1592 -5.3440
v  -4.6406 -0.2080 -5.3487
v  -4.6291 -0.1633 -5.3672
v  -4.6337 -0.2249 -5.3704
v  -4.6225 -0.1904 -5.3886
v  -4.6910 -0.1300 -5.2681
v  -4.6923 -0.1278 -5.2760
v  -4.7002 -0.1021 -5.2659
v  -4.6988 -0.0959 -5.2768
v  -4.7073 -0.0434 -5.2578
v  -4.7256 -0.0165 -5.2626
v  -4.7221 -0.0274 -5.2701
v  -4.7069 -0.0557 -5.2623
v  -4.7077 -0.0362 -5.2500
v  -4.7268 -0.0102 -5.2539
v  -4.7053 -0.0764 -5.2644
v  -4.7092 -0.0613 -5.2734
v  -4.6878 -0.1266 -5.2840
v  -4.6843 -0.1106 -5.2888
v  -4.6574 -0.1218 -5.3471
v  -4.6484 -0.1314 -5.3374
v  -4.6565 -0.1221 -5.3245
v  -4.6626 -0.1126 -5.3360
v  -4.6652 -0.1091 -5.3118
v  -4.6695 -0.0990 -5.3257
v  -4.6768 -0.0935 -5.2991
v  -4.6790 -0.0815 -5.3158
v  -4.6923 -0.0745 -5.2902
v  -4.6932 -0.0632 -5.3068
v  -4.7084 -0.0489 -5.2846
v  -4.7121 -0.0434 -5.2985
v  -4.7236 -0.0229 -5.2810
v  -4.7323 -0.0221 -5.2915
v  -4.7390 -0.0034 -5.2795
v  -4.7542 -0.0031 -5.2840
v  -4.7438 0.0039 -5.2743
v  -4.7759 0.0183 -5.2742
v  -4.7468 0.0102 -5.2684
v  -4.7735 0.0304 -5.2673
v  -4.7482 0.0152 -5.2582
v  -4.7706 0.0371 -5.2599
v  -4.7735 -0.0439 -5.3073
v  -4.7515 -0.0328 -5.2979
v  -4.7728 -0.0107 -5.2889
v  -4.7918 -0.0181 -5.3005
v  -4.7951 0.0157 -5.2830
v  -4.8090 0.0150 -5.2981
v  -4.7397 -0.0793 -5.3277
v  -4.7150 -0.0694 -5.3180
v  -4.7320 -0.0521 -5.3079
v  -4.7560 -0.0637 -5.3167
v  -4.7145 -0.1046 -5.3489
v  -4.6909 -0.1007 -5.3370
v  -4.7012 -0.0855 -5.3277
v  -4.7258 -0.0925 -5.3386
v  -4.6774 -0.1217 -5.3581
v  -4.6828 -0.1124 -5.3474
v  -4.7054 -0.1166 -5.3579
v  -4.6987 -0.1276 -5.3668
v  -4.7587 0.0420 -5.2430
v  -4.7654 0.0402 -5.2506
v  -4.7459 0.0189 -5.2478
v  -4.7413 0.0222 -5.2394
v  -4.7256 -0.0048 -5.2440
v  -4.7220 0.0004 -5.2357
v  -4.7364 0.0530 -5.2034
v  -4.7213 0.0369 -5.2010
v  -4.7289 0.0307 -5.2130
v  -4.7454 0.0468 -5.2154
v  -4.7129 0.0132 -5.2087
v  -4.7067 0.0201 -5.1964
v  -4.7517 0.0439 -5.2324
v  -4.7538 0.0422 -5.2374
v  -4.7377 0.0242 -5.2334
v  -4.7352 0.0256 -5.2278
v  -4.7193 0.0038 -5.2292
v  -4.7178 0.0060 -5.2231
v  -4.7498 0.0444 -5.2251
v  -4.7329 0.0274 -5.2214
v  -4.7163 0.0087 -5.2168
v  -4.7073 -0.0293 -5.2404
v  -4.6880 -0.0526 -5.2366
v  -4.6883 -0.0447 -5.2269
v  -4.7052 -0.0225 -5.2316
v  -4.6858 -0.0227 -5.1969
v  -4.6812 -0.0148 -5.1846
v  -4.6936 0.0028 -5.1911
v  -4.6990 -0.0047 -5.2034
v  -4.7032 -0.0173 -5.2247
v  -4.6880 -0.0384 -5.2188
v  -4.6867 -0.0325 -5.2122
v  -4.7017 -0.0134 -5.2184
v  -4.7011 -0.0097 -5.2118
v  -4.6865 -0.0278 -5.2056
v  -4.6650 -0.0726 -5.2326
v  -4.6380 -0.0877 -5.2277
v  -4.6502 -0.0837 -5.2139
v  -4.6701 -0.0655 -5.2208
v  -4.6694 -0.0328 -5.1760
v  -4.6733 -0.0409 -5.1878
v  -4.6630 -0.0589 -5.1775
v  -4.6596 -0.0504 -5.1660
v  -4.6734 -0.0593 -5.2109
v  -4.6587 -0.0791 -5.2026
v  -4.6596 -0.0705 -5.1938
v  -4.6726 -0.0518 -5.2034
v  -4.6729 -0.0462 -5.1965
v  -4.6616 -0.0646 -5.1862
v  -4.6520 -0.0664 -5.1563
v  -4.6428 -0.0812 -5.1477
v  -4.6547 -0.0756 -5.1680
v  -4.6453 -0.0912 -5.1593
v  -4.6106 -0.1005 -5.2193
v  -4.5872 -0.1112 -5.2078
v  -4.6134 -0.1149 -5.1966
v  -4.6308 -0.0999 -5.2055
v  -4.6437 -0.0964 -5.1944
v  -4.6285 -0.1114 -5.1856
v  -4.6341 -0.1023 -5.1765
v  -4.6472 -0.0873 -5.1849
v  -4.6514 -0.0813 -5.1771
v  -4.6406 -0.0968 -5.1686
v  -4.6306 -0.0951 -5.1403
v  -4.6191 -0.1070 -5.1326
v  -4.6324 -0.1055 -5.1518
v  -4.6181 -0.1164 -5.1454
v  -4.5728 -0.1234 -5.1963
v  -4.5652 -0.1382 -5.1865
v  -4.5843 -0.1364 -5.1762
v  -4.5972 -0.1260 -5.1862
v  -4.6259 -0.1101 -5.1610
v  -4.6104 -0.1201 -5.1534
v  -4.6167 -0.1128 -5.1680
v  -4.6003 -0.1221 -5.1595
v  -4.6097 -0.1201 -5.1763
v  -4.5936 -0.1290 -5.1673
v  -4.5263 -0.3728 -5.0437
v  -4.5186 -0.3602 -5.0923
v  -4.5693 -0.3307 -5.0510
v  -4.5597 -0.3264 -5.0980
v  -4.4795 -0.2948 -5.1675
v  -4.4701 -0.3020 -5.1534
v  -4.5077 -0.2880 -5.1445
v  -4.5083 -0.2759 -5.1596
v  -4.5064 -0.3418 -5.1172
v  -4.4646 -0.3677 -5.1128
v  -4.5465 -0.3143 -5.1219
v  -4.4985 -0.3254 -5.1291
v  -4.5350 -0.3023 -5.1334
v  -4.4553 -0.3466 -5.1313
v  -4.4132 -0.3634 -5.1428
v  -4.4351 -0.3435 -5.1435
v  -4.4220 -0.3759 -5.1273
v  -4.4788 -0.3163 -5.1381
v  -4.4545 -0.3204 -5.1454
v  -4.5258 -0.2927 -5.1396
v  -4.5001 -0.3118 -5.1353
v  -4.4315 -0.3945 -5.1088
v  -4.6421 -0.1372 -5.3511
v  -4.6548 -0.1281 -5.3577
v  -4.6487 -0.1253 -5.3682
v  -4.6347 -0.1362 -5.3653
v  -4.6747 -0.1294 -5.3682
v  -4.6678 -0.1272 -5.3782
v  -4.6937 -0.1364 -5.3777
v  -4.6843 -0.1335 -5.3899
v  -4.6960 -0.1272 -5.3950
v  -4.7116 -0.1275 -5.3796
v  -4.7044 -0.1361 -5.3854
v  -4.7063 -0.1156 -5.3932
v  -4.7186 -0.1159 -5.3728
v  -4.7185 -0.1047 -5.3890
v  -4.7283 -0.1027 -5.3652
v  -4.7324 -0.0929 -5.3829
v  -4.7404 -0.0900 -5.3563
v  -4.7472 -0.0801 -5.3751
v  -4.7545 -0.0766 -5.3468
v  -4.7626 -0.0661 -5.3664
v  -4.7703 -0.0611 -5.3370
v  -4.7791 -0.0501 -5.3572
v  -4.7871 -0.0418 -5.3282
v  -4.7952 -0.0315 -5.3485
v  -4.8041 -0.0164 -5.3216
v  -4.8092 -0.0094 -5.3415
v  -4.8197 0.0178 -5.3189
v  -4.8197 0.0238 -5.3400
v  -4.7880 -0.0066 -5.3588
v  -4.8017 0.0031 -5.3519
v  -4.8046 0.0317 -5.3523
v  -4.7788 0.0382 -5.3654
v  -4.7317 -0.0005 -5.3832
v  -4.7523 -0.0383 -5.3758
v  -4.7704 -0.0214 -5.3666
v  -4.7526 0.0178 -5.3741
v  -4.6922 -0.0322 -5.3980
v  -4.7186 -0.0673 -5.3928
v  -4.7354 -0.0536 -5.3853
v  -4.7119 -0.0173 -5.3924
v  -4.7023 -0.0792 -5.3986
v  -4.6874 -0.0906 -5.4012
v  -4.6730 -0.0449 -5.4004
v  -4.6557 -0.0564 -5.4007
v  -4.6416 -0.0685 -5.4007
v  -4.6293 -0.0787 -5.3987
v  -4.6641 -0.1109 -5.3950
v  -4.6753 -0.1029 -5.4013
v  -4.6507 -0.1100 -5.3851
v  -4.6345 -0.1118 -5.3790
v  -4.6171 -0.0851 -5.3949
v  -4.6051 -0.0911 -5.3925
v  -4.6206 -0.1229 -5.3791
v  -4.5941 -0.0997 -5.3909
v  -4.5822 -0.1134 -5.3900
v  -4.6104 -0.1393 -5.3853
v  -4.6004 -0.1616 -5.3965
v  -4.5688 -0.1340 -5.3912
v  -4.5545 -0.1592 -5.3952
v  -4.5865 -0.1893 -5.4041
v  -4.5685 -0.2193 -5.4051
v  -4.5395 -0.1881 -5.3977
v  -4.5210 -0.2178 -5.3997
v  -4.5452 -0.2488 -5.4012
v  -4.5124 -0.2759 -5.3979
v  -4.4949 -0.2452 -5.4024
v  -4.4694 -0.2728 -5.4203
v  -4.4771 -0.3025 -5.4052
v  -4.4406 -0.3285 -5.4087
v  -4.4374 -0.3084 -5.4218
v  -4.4705 -0.2483 -5.5156
v  -4.4694 -0.2479 -5.4846
v  -4.4997 -0.2089 -5.5088
v  -4.5086 -0.2124 -5.5453
v  -4.4946 -0.2255 -5.5228
v  -4.5320 -0.1739 -5.5375
v  -4.4779 -0.2518 -5.5481
v  -4.4615 -0.2617 -5.4507
v  -4.4388 -0.2965 -5.4499
v  -4.4378 -0.2833 -5.4797
v  -4.3995 -0.3049 -5.4761
v  -4.4025 -0.3229 -5.4490
v  -4.3656 -0.3496 -5.4499
v  -4.3612 -0.3318 -5.4754
v  -4.3243 -0.3655 -5.4784
v  -4.3270 -0.3776 -5.4522
v  -4.2845 -0.4049 -5.4537
v  -4.2840 -0.4106 -5.4292
v  -4.2827 -0.3980 -5.4796
v  -4.2408 -0.4283 -5.4786
v  -4.2431 -0.4297 -5.4533
v  -4.2430 -0.4304 -5.4295
v  -4.2055 -0.4474 -5.4482
v  -4.2069 -0.4407 -5.4257
v  -4.1674 -0.4503 -5.4437
v  -4.2011 -0.4545 -5.4725
v  -4.1586 -0.4610 -5.4688
v  -4.1735 -0.4417 -5.4201
v  -4.2465 -0.4484 -5.4001
v  -4.2529 -0.4721 -5.3915
v  -4.2961 -0.4566 -5.3950
v  -4.2885 -0.4351 -5.4032
v  -4.2833 -0.4163 -5.4096
v  -4.2424 -0.4297 -5.4084
v  -4.2081 -0.4375 -5.4049
v  -4.2104 -0.4571 -5.3958
v  -4.1778 -0.4413 -5.3996
v  -4.1795 -0.4611 -5.3907
v  -4.2163 -0.5088 -5.3456
v  -4.2141 -0.5036 -5.3705
v  -4.1647 -0.5132 -5.3672
v  -4.1701 -0.5191 -5.3388
v  -4.2120 -0.4824 -5.3867
v  -4.1783 -0.4858 -5.3831
v  -4.1535 -0.4603 -5.3858
v  -4.1572 -0.4796 -5.3821
v  -4.1256 -0.4668 -5.3793
v  -4.1384 -0.4920 -5.3763
v  -4.1409 -0.4434 -5.4158
v  -4.1480 -0.4439 -5.3945
v  -4.1137 -0.4496 -5.3891
v  -4.1045 -0.4504 -5.4131
v  -4.4379 -0.2678 -5.5077
v  -4.4386 -0.2634 -5.5298
v  -4.3979 -0.2767 -5.5229
v  -4.3977 -0.2859 -5.5004
v  -4.4606 -0.3171 -5.5931
v  -4.4413 -0.3438 -5.5911
v  -4.4442 -0.3155 -5.5651
v  -4.4702 -0.2911 -5.5758
v  -4.4080 -0.3409 -5.5659
v  -4.4081 -0.3703 -5.5909
v  -4.4068 -0.3080 -5.5475
v  -4.4434 -0.2847 -5.5468
v  -4.4339 -0.2747 -5.5367
v  -4.4023 -0.2898 -5.5358
v  -4.3540 -0.3093 -5.4959
v  -4.3508 -0.2983 -5.5214
v  -4.3170 -0.3451 -5.5191
v  -4.3187 -0.3506 -5.4992
v  -4.3629 -0.3173 -5.5355
v  -4.3253 -0.3588 -5.5277
v  -4.3687 -0.3397 -5.5455
v  -4.3322 -0.3797 -5.5363
v  -4.3732 -0.3729 -5.5618
v  -4.3399 -0.4104 -5.5525
v  -4.3745 -0.3997 -5.5871
v  -4.3426 -0.4337 -5.5794
v  -4.2788 -0.3908 -5.5010
v  -4.2771 -0.3897 -5.5170
v  -4.2358 -0.4283 -5.4995
v  -4.2307 -0.4295 -5.5157
v  -4.2829 -0.4011 -5.5245
v  -4.2358 -0.4414 -5.5249
v  -4.2924 -0.4212 -5.5300
v  -4.2462 -0.4596 -5.5292
v  -4.3032 -0.4480 -5.5440
v  -4.2573 -0.4813 -5.5410
v  -4.3085 -0.4676 -5.5713
v  -4.2625 -0.4949 -5.5660
v  -4.4389 -0.3458 -5.6212
v  -4.4614 -0.3099 -5.6146
v  -4.4416 -0.3362 -5.6497
v  -4.4621 -0.2971 -5.6393
v  -4.4046 -0.3644 -5.6506
v  -4.4047 -0.3730 -5.6210
v  -4.3702 -0.4010 -5.6160
v  -4.3667 -0.3897 -5.6447
v  -4.3332 -0.4227 -5.6406
v  -4.3392 -0.4350 -5.6097
v  -4.3055 -0.4680 -5.6032
v  -4.2999 -0.4583 -5.6360
v  -4.2584 -0.4913 -5.6267
v  -4.2616 -0.4958 -5.5951
v  -4.2075 -0.5243 -5.5861
v  -4.2070 -0.5216 -5.5610
v  -4.2059 -0.5224 -5.6138
v  -4.1554 -0.5518 -5.6027
v  -4.1566 -0.5526 -5.5783
v  -4.1560 -0.5481 -5.5562
v  -4.2457 -0.4710 -5.6562
v  -4.1969 -0.5070 -5.6408
v  -4.1818 -0.4843 -5.6597
v  -4.2259 -0.4454 -5.6763
v  -4.1397 -0.5206 -5.6443
v  -4.1499 -0.5396 -5.6266
v  -4.5409 -0.1654 -5.5693
v  -4.5563 -0.1221 -5.5596
v  -4.5919 -0.0851 -5.5801
v  -4.5730 -0.1219 -5.5870
v  -4.5488 -0.1524 -5.5949
v  -4.5597 -0.1360 -5.5700
v  -4.5143 -0.1952 -5.5762
v  -4.5215 -0.1816 -5.6063
v  -4.4903 -0.2142 -5.6243
v  -4.4887 -0.2289 -5.5874
v  -4.4743 -0.2691 -5.6018
v  -4.4734 -0.2571 -5.6284
v  -4.4698 -0.2548 -5.6446
v  -4.4591 -0.2830 -5.6555
v  -4.4759 -0.2368 -5.6498
v  -4.4612 -0.2671 -5.6653
v  -4.4385 -0.3176 -5.6685
v  -4.4388 -0.3029 -5.6796
v  -4.4026 -0.3312 -5.6926
v  -4.4025 -0.3472 -5.6751
v  -4.3616 -0.3705 -5.6742
v  -4.3576 -0.3485 -5.6992
v  -4.3047 -0.3689 -5.7038
v  -4.3221 -0.3983 -5.6713
v  -4.2855 -0.4333 -5.6661
v  -4.2649 -0.4091 -5.6902
v  -4.6239 -0.0928 -5.5955
v  -4.5939 -0.1229 -5.6018
v  -4.6137 -0.1293 -5.6168
v  -4.6457 -0.1014 -5.6097
v  -4.5847 -0.1561 -5.6273
v  -4.5678 -0.1534 -5.6118
v  -4.5400 -0.1803 -5.6257
v  -4.5571 -0.1814 -5.6403
v  -4.5319 -0.2060 -5.6555
v  -4.5127 -0.2039 -5.6436
v  -4.6002 -0.1576 -5.6586
v  -4.5732 -0.1826 -5.6672
v  -4.5668 -0.1818 -5.6535
v  -4.5945 -0.1570 -5.6423
v  -4.5441 -0.2092 -5.6648
v  -4.5516 -0.2103 -5.6773
v  -4.4945 -0.2323 -5.6604
v  -4.5139 -0.2362 -5.6683
v  -4.4954 -0.2712 -5.6798
v  -4.4772 -0.2655 -5.6744
v  -4.5271 -0.2404 -5.6754
v  -4.5084 -0.2751 -5.6879
v  -4.5344 -0.2406 -5.6883
v  -4.5150 -0.2733 -5.7020
v  -4.4505 -0.3013 -5.6895
v  -4.4673 -0.3086 -5.6957
v  -4.4293 -0.3399 -5.7179
v  -4.4138 -0.3309 -5.7077
v  -4.4492 -0.3413 -5.7426
v  -4.4409 -0.3440 -5.7285
v  -4.4799 -0.3125 -5.7050
v  -4.4868 -0.3089 -5.7199
v  -4.3673 -0.3453 -5.7267
v  -4.3829 -0.3574 -5.7451
v  -4.3320 -0.3750 -5.7707
v  -4.3190 -0.3620 -5.7430
v  -4.3521 -0.3918 -5.7993
v  -4.3430 -0.3853 -5.7867
v  -4.3945 -0.3648 -5.7575
v  -4.4041 -0.3669 -5.7702
v  -4.8903 0.2991 -5.7297
v  -4.8783 0.2942 -5.6947
v  -4.8984 0.3028 -5.7743
v  -4.8960 0.2741 -5.7667
v  -4.8885 0.2711 -5.7246
v  -4.8787 0.2676 -5.6912
v  -4.8425 0.2537 -5.6605
v  -4.8415 0.2503 -5.6477
v  -4.8432 0.2742 -5.6495
v  -4.8453 0.2772 -5.6617
v  -4.8345 0.2692 -5.6369
v  -4.8331 0.2465 -5.6355
v  -4.8520 0.2591 -5.6729
v  -4.8449 0.2563 -5.6683
v  -4.8480 0.2798 -5.6686
v  -4.8542 0.2832 -5.6730
v  -4.8649 0.2884 -5.6787
v  -4.8640 0.2633 -5.6772
v  -4.8312 0.2141 -5.6446
v  -4.8226 0.2140 -5.6328
v  -4.8329 0.2153 -5.6579
v  -4.8199 0.1692 -5.6523
v  -4.8167 0.1707 -5.6390
v  -4.8079 0.1743 -5.6267
v  -4.8298 0.1682 -5.6672
v  -4.8229 0.1687 -5.6613
v  -4.8349 0.2163 -5.6674
v  -4.8424 0.2172 -5.6732
v  -4.8549 0.2192 -5.6765
v  -4.8722 0.2208 -5.6857
v  -4.8567 0.1669 -5.6787
v  -4.8411 0.1679 -5.6714
v  -4.7992 0.1259 -5.6314
v  -4.7899 0.1307 -5.6197
v  -4.8015 0.1250 -5.6450
v  -4.7839 0.0847 -5.6359
v  -4.7798 0.0842 -5.6236
v  -4.7695 0.0892 -5.6143
v  -4.6611 -0.0632 -5.5961
v  -4.6789 -0.0688 -5.6109
v  -4.6377 -0.0493 -5.5899
v  -4.6778 -0.0240 -5.5998
v  -4.6956 -0.0343 -5.6035
v  -4.7092 -0.0366 -5.6156
v  -4.7608 0.0498 -5.6179
v  -4.7492 0.0553 -5.6107
v  -4.7684 0.0519 -5.6282
v  -4.7525 0.0233 -5.6256
v  -4.7408 0.0205 -5.6143
v  -4.7279 0.0269 -5.6090
v  -4.7923 0.0839 -5.6486
v  -4.7882 0.0867 -5.6444
v  -4.8046 0.1244 -5.6542
v  -4.8117 0.1233 -5.6592
v  -4.7752 0.0600 -5.6365
v  -4.7727 0.0522 -5.6385
v  -4.8212 0.1218 -5.6630
v  -4.8322 0.1191 -5.6704
v  -4.8033 0.0785 -5.6611
v  -4.7984 0.0814 -5.6531
v  -4.7741 0.0491 -5.6438
v  -4.7744 0.0460 -5.6512
v  -4.7564 0.0247 -5.6439
v  -4.7532 0.0208 -5.6355
v  -4.7202 -0.0067 -5.6104
v  -4.7322 -0.0089 -5.6190
v  -4.7057 0.0009 -5.6069
v  -4.8825 0.2226 -5.7145
v  -4.8890 0.2265 -5.7530
v  -4.8695 0.1661 -5.7357
v  -4.8658 0.1666 -5.7021
v  -4.8381 0.1173 -5.6885
v  -4.8338 0.1165 -5.7081
v  -4.7963 0.0757 -5.6887
v  -4.8028 0.0759 -5.6740
v  -4.8180 0.1151 -5.7220
v  -4.7839 0.0792 -5.7025
v  -4.8485 0.1377 -5.7472
v  -4.8282 0.1276 -5.7538
v  -4.8020 0.1152 -5.7380
v  -4.7725 0.0826 -5.7222
v  -4.7205 -0.0131 -5.6520
v  -4.7128 -0.0303 -5.6323
v  -4.7355 -0.0048 -5.6328
v  -4.7431 0.0099 -5.6462
v  -4.7674 0.0395 -5.6598
v  -4.7563 0.0351 -5.6698
v  -4.6262 -0.1331 -5.6328
v  -4.6317 -0.1340 -5.6529
v  -4.6574 -0.1034 -5.6282
v  -4.6672 -0.0994 -5.6516
v  -4.7147 -0.0157 -5.6901
v  -4.7181 -0.0116 -5.6701
v  -4.7472 0.0351 -5.6841
v  -4.7432 0.0348 -5.7065
v  -4.6858 -0.0655 -5.6297
v  -4.6913 -0.0587 -5.6465
v  -4.6979 -0.0472 -5.6603
v  -4.6914 -0.0599 -5.6730
v  -4.3259 -0.2216 -4.9726
v  -4.3784 -0.2401 -4.9437
v  -4.3416 -0.2843 -4.9433
v  -4.2969 -0.2645 -4.9736
v  -4.3031 -0.3286 -4.9469
v  -4.2663 -0.3093 -4.9753
v  -4.2665 -0.3668 -4.9454
v  -4.2353 -0.3480 -4.9692
v  -4.2344 -0.4006 -4.9410
v  -4.2068 -0.3823 -4.9615
v  -4.1893 -0.4559 -4.9278
v  -4.1616 -0.4385 -4.9493
v  -4.1824 -0.4122 -4.9539
v  -4.2095 -0.4300 -4.9334
v  -4.1702 -0.4775 -4.9236
v  -4.1430 -0.4599 -4.9464
v  -4.1522 -0.4963 -4.9211
v  -4.1254 -0.4783 -4.9444
v  -4.1348 -0.5136 -4.9199
v  -4.1082 -0.4955 -4.9428
v  -4.1171 -0.5303 -4.9185
v  -4.0903 -0.5126 -4.9416
v  -4.0978 -0.5474 -4.9159
v  -4.0708 -0.5304 -4.9400
v  -4.0760 -0.5659 -4.9141
v  -4.0484 -0.5489 -4.9389
v  -4.0493 -0.5848 -4.9103
v  -4.0213 -0.5668 -4.9362
v  -4.0161 -0.6044 -4.9042
v  -3.9884 -0.5853 -4.9343
v  -3.9749 -0.6260 -4.8969
v  -3.9485 -0.6043 -4.9334
v  -3.9315 -0.6515 -4.8855
v  -3.8963 -0.6232 -4.9317
v  -3.8230 -0.6924 -4.8735
v  -3.8576 -0.6602 -4.9024
v  -3.8917 -0.6815 -4.8654
v  -3.8561 -0.7128 -4.8396
v  -3.8501 -0.6095 -4.9498
v  -3.8237 -0.6398 -4.9234
v  -3.7926 -0.6249 -4.9439
v  -3.8178 -0.5983 -4.9696
v  -3.7921 -0.6718 -4.8945
v  -3.7637 -0.6565 -4.9166
v  -4.2361 -0.2731 -5.0138
v  -4.2622 -0.2317 -5.0196
v  -4.2755 -0.2481 -5.0013
v  -4.2498 -0.2938 -5.0013
v  -4.2978 -0.2048 -5.0001
v  -4.2822 -0.1915 -5.0219
v  -4.1769 -0.3484 -4.9978
v  -4.2066 -0.3123 -5.0059
v  -4.2207 -0.3340 -4.9942
v  -4.1924 -0.3696 -4.9855
v  -4.1262 -0.4051 -4.9832
v  -4.1498 -0.3795 -4.9896
v  -4.1669 -0.4003 -4.9774
v  -4.1452 -0.4268 -4.9730
v  -4.0895 -0.4411 -4.9777
v  -4.1066 -0.4244 -4.9793
v  -4.1259 -0.4467 -4.9688
v  -4.1084 -0.4640 -4.9665
v  -4.0562 -0.4765 -4.9770
v  -4.0732 -0.4585 -4.9771
v  -4.0915 -0.4810 -4.9647
v  -4.0737 -0.4984 -4.9633
v  -4.0153 -0.5124 -4.9763
v  -4.0372 -0.4950 -4.9768
v  -4.0543 -0.5169 -4.9627
v  -4.0321 -0.5355 -4.9628
v  -4.0058 -0.5527 -4.9626
v  -3.9901 -0.5269 -4.9751
v  -3.9756 -0.5694 -4.9643
v  -3.9614 -0.5386 -4.9744
v  -3.9015 -0.5906 -4.9695
v  -3.8982 -0.5569 -4.9885
v  -3.9300 -0.5496 -4.9783
v  -3.9404 -0.5843 -4.9665
v  -3.8660 -0.5868 -4.9812
v  -3.8678 -0.5572 -5.0052
v  -3.8374 -0.5824 -5.0020
v  -3.8418 -0.5564 -5.0282
v  -4.2475 -0.2158 -5.0290
v  -4.2660 -0.1826 -5.0305
v  -4.2217 -0.2511 -5.0242
v  -4.2074 -0.2280 -5.0316
v  -4.2354 -0.1994 -5.0344
v  -4.2522 -0.1805 -5.0337
v  -4.1905 -0.2865 -5.0166
v  -4.1581 -0.3199 -5.0078
v  -4.1381 -0.2880 -5.0146
v  -4.1733 -0.2585 -5.0246
v  -4.1285 -0.3493 -4.9999
v  -4.1030 -0.3739 -4.9948
v  -4.0780 -0.3373 -5.0012
v  -4.1058 -0.3147 -5.0062
v  -4.0828 -0.3924 -4.9926
v  -4.0662 -0.4086 -4.9924
v  -4.0402 -0.3704 -4.9971
v  -4.0569 -0.3545 -4.9980
v  -4.1829 -0.1804 -5.0233
v  -4.2199 -0.1591 -5.0255
v  -4.2261 -0.1788 -5.0344
v  -4.1934 -0.2028 -5.0328
v  -4.2534 -0.1613 -5.0326
v  -4.2519 -0.1414 -5.0255
v  -4.1050 -0.2285 -4.9990
v  -4.1433 -0.2038 -5.0135
v  -4.1563 -0.2291 -5.0244
v  -4.1192 -0.2555 -5.0115
v  -4.0683 -0.2517 -4.9878
v  -4.0846 -0.2798 -5.0015
v  -4.0544 -0.3009 -4.9968
v  -4.0352 -0.2712 -4.9843
v  -4.2661 -0.0395 -4.9831
v  -4.3023 -0.0195 -4.9879
v  -4.3054 -0.0315 -4.9933
v  -4.2705 -0.0506 -4.9868
v  -4.2312 -0.0612 -4.9778
v  -4.2378 -0.0721 -4.9800
v  -4.1919 -0.0874 -4.9667
v  -4.2006 -0.0993 -4.9696
v  -4.1605 -0.1284 -4.9547
v  -4.1502 -0.1154 -4.9487
v  -4.1070 -0.1419 -4.9252
v  -4.1189 -0.1552 -4.9341
v  -4.0764 -0.1800 -4.9145
v  -4.0648 -0.1675 -4.9015
v  -4.0228 -0.1916 -4.8883
v  -4.0335 -0.2033 -4.9019
v  -3.9925 -0.2223 -4.9000
v  -3.9831 -0.2123 -4.8879
v  -3.9493 -0.2308 -4.8961
v  -3.9589 -0.2397 -4.9061
v  -3.9309 -0.2563 -4.9166
v  -3.9207 -0.2477 -4.9086
v  -3.8961 -0.2629 -4.9227
v  -3.9065 -0.2724 -4.9289
v  -3.8845 -0.2885 -4.9407
v  -3.8738 -0.2781 -4.9351
v  -3.8525 -0.2927 -4.9452
v  -3.8314 -0.3065 -4.9540
v  -3.8637 -0.3036 -4.9513
v  -3.8428 -0.3171 -4.9610
v  -3.7978 -0.3447 -4.9755
v  -3.7871 -0.3339 -4.9686
v  -3.8098 -0.3195 -4.9613
v  -3.8207 -0.3299 -4.9686
v  -3.7627 -0.3505 -4.9793
v  -3.7387 -0.3669 -4.9956
v  -3.7738 -0.3618 -4.9861
v  -3.7499 -0.3778 -5.0022
v  -3.7166 -0.3816 -5.0170
v  -3.7285 -0.3915 -5.0224
v  -3.7080 -0.4036 -5.0458
v  -3.6957 -0.3951 -5.0414
v  -4.2477 -0.1082 -5.0018
v  -4.2129 -0.1316 -4.9973
v  -4.2075 -0.1152 -4.9819
v  -4.2435 -0.0894 -4.9890
v  -4.1743 -0.1563 -4.9892
v  -4.1681 -0.1425 -4.9705
v  -4.1792 -0.1685 -5.0057
v  -4.1396 -0.1921 -4.9931
v  -4.1347 -0.1815 -4.9738
v  -4.1003 -0.2165 -4.9778
v  -4.0948 -0.2065 -4.9570
v  -4.0867 -0.1937 -4.9343
v  -4.1279 -0.1688 -4.9525
v  -4.0604 -0.2384 -4.9676
v  -4.0544 -0.2301 -4.9448
v  -4.0241 -0.2564 -4.9644
v  -4.0159 -0.2480 -4.9414
v  -4.0042 -0.2350 -4.9190
v  -4.0447 -0.2171 -4.9216
v  -3.9721 -0.2509 -4.9242
v  -3.9864 -0.2637 -4.9452
v  -3.9629 -0.2796 -4.9527
v  -3.9462 -0.2674 -4.9329
v  -3.9233 -0.2845 -4.9433
v  -3.9022 -0.3004 -4.9549
v  -3.9416 -0.2955 -4.9624
v  -3.9214 -0.3105 -4.9737
v  -3.8810 -0.3365 -4.9961
v  -3.8611 -0.3279 -4.9765
v  -3.8818 -0.3144 -4.9666
v  -3.9016 -0.3239 -4.9856
v  -3.8339 -0.3631 -5.0109
v  -3.8157 -0.3568 -4.9893
v  -3.8389 -0.3416 -4.9831
v  -3.8582 -0.3490 -5.0040
v  -3.7846 -0.3955 -5.0304
v  -3.7667 -0.3889 -5.0140
v  -3.7910 -0.3739 -4.9988
v  -3.8085 -0.3798 -5.0188
v  -4.2783 -0.1084 -5.0165
v  -4.3040 -0.0926 -5.0198
v  -4.3117 -0.1190 -5.0229
v  -4.2507 -0.1252 -5.0136
v  -4.2784 -0.1297 -5.0263
v  -4.2764 -0.0882 -5.0057
v  -4.3055 -0.0699 -5.0115
v  -4.2739 -0.0679 -4.9950
v  -4.3061 -0.0490 -5.0021
v  -4.2171 -0.1459 -5.0109
v  -4.5259 -0.1883 -5.1742
v  -4.5413 -0.1896 -5.1649
v  -4.5209 -0.2114 -5.1729
v  -4.5382 -0.2175 -5.1629
v  -4.5109 -0.2327 -5.1743
v  -4.5227 -0.2433 -5.1667
v  -4.5756 -0.1479 -5.1667
v  -4.5622 -0.1521 -5.1779
v  -4.5600 -0.1674 -5.1690
v  -4.5721 -0.1638 -5.1604
v  -4.5399 -0.2615 -5.1488
v  -4.5608 -0.2403 -5.1547
v  -4.5486 -0.2324 -5.1567
v  -4.5304 -0.2521 -5.1555
v  -4.5756 -0.2070 -5.1613
v  -4.5743 -0.1854 -5.1613
v  -4.5584 -0.1886 -5.1626
v  -4.5594 -0.2092 -5.1611
v  -4.5613 -0.2217 -5.1594
v  -4.5729 -0.2240 -5.1589
v  -4.5832 -0.1412 -5.1581
v  -4.5817 -0.1595 -5.1542
v  -4.5917 -0.1555 -5.1495
v  -4.5916 -0.1360 -5.1514
v  -4.5511 -0.2697 -5.1456
v  -4.5716 -0.2463 -5.1514
v  -4.5629 -0.2767 -5.1396
v  -4.5821 -0.2506 -5.1447
v  -4.5981 -0.2045 -5.1515
v  -4.5963 -0.1791 -5.1518
v  -4.5855 -0.1820 -5.1568
v  -4.5877 -0.2056 -5.1578
v  -4.5831 -0.2259 -5.1551
v  -4.5932 -0.2273 -5.1483
v  -4.5752 -0.2843 -5.1278
v  -4.5871 -0.2884 -5.1038
v  -4.5935 -0.2541 -5.1330
v  -4.6040 -0.2528 -5.1099
v  -4.6164 -0.1472 -5.1319
v  -4.6133 -0.1297 -5.1377
v  -4.6029 -0.1338 -5.1461
v  -4.6035 -0.1529 -5.1432
v  -4.6198 -0.1984 -5.1219
v  -4.6203 -0.1710 -5.1272
v  -4.6079 -0.1769 -5.1431
v  -4.6087 -0.2033 -5.1409
v  -4.6143 -0.2242 -5.1161
v  -4.6038 -0.2279 -5.1371
v  -4.6207 -0.1184 -5.1197
v  -4.6162 -0.1038 -5.1037
v  -4.6274 -0.1329 -5.1062
v  -4.6129 -0.1074 -5.0755
v  -4.5968 -0.0858 -5.0815
v  -4.6091 -0.0941 -5.0991
v  -4.5913 -0.2814 -5.0606
v  -4.6104 -0.2416 -5.0692
v  -4.5757 -0.2650 -5.0140
v  -4.5983 -0.2222 -5.0220
v  -4.6019 -0.1635 -5.0475
v  -4.6128 -0.1348 -5.0550
v  -4.6301 -0.1559 -5.0945
v  -4.6262 -0.1840 -5.0853
v  -4.6203 -0.2105 -5.0777
v  -4.6027 -0.1897 -5.0348
v  -4.5585 -0.0689 -5.0553
v  -4.5696 -0.0852 -5.0346
v  -4.5147 -0.0720 -5.0124
v  -4.5088 -0.0605 -5.0350
v  -4.4965 -0.1759 -4.9563
v  -4.5580 -0.1977 -4.9803
v  -4.5359 -0.2422 -4.9718
v  -4.4755 -0.2175 -4.9471
v  -4.5700 -0.1127 -5.0183
v  -4.5133 -0.0954 -4.9952
v  -4.5589 -0.1431 -5.0160
v  -4.5056 -0.1242 -4.9907
v  -4.5614 -0.1666 -4.9983
v  -4.5032 -0.1477 -4.9753
v  -4.4515 -0.0295 -5.0596
v  -4.4519 -0.0469 -5.0502
v  -4.4081 -0.0573 -5.0303
v  -4.3888 -0.0420 -5.0332
v  -4.4577 -0.0555 -5.0385
v  -4.4291 -0.0627 -5.0189
v  -4.3667 -0.1545 -4.9716
v  -4.4272 -0.1628 -4.9523
v  -4.4067 -0.1983 -4.9450
v  -4.3478 -0.1841 -4.9692
v  -4.4732 -0.0598 -5.0273
v  -4.4653 -0.0664 -5.0090
v  -4.3736 -0.0812 -5.0143
v  -4.3498 -0.0785 -5.0260
v  -4.4066 -0.0814 -4.9981
v  -4.3912 -0.1075 -4.9844
v  -4.3526 -0.1092 -5.0035
v  -4.3422 -0.0524 -5.0198
v  -4.3315 -0.0748 -5.0244
v  -4.3158 -0.1693 -4.9996
v  -4.3323 -0.1431 -4.9984
v  -4.2964 -0.1578 -5.0235
v  -4.3818 -0.1316 -4.9764
v  -4.3495 -0.1283 -4.9940
v  -4.2756 -0.1545 -5.0313
v  -4.4387 -0.1359 -4.9659
v  -4.4466 -0.1112 -4.9777
v  -4.4561 -0.0849 -4.9889
v  -4.3472 -0.0299 -5.0134
v  -4.3949 -0.0136 -5.0366
v  -4.3475 -0.0103 -5.0067
v  -4.3966 0.0142 -5.0360
v  -4.3806 0.0252 -5.0237
v  -4.3438 0.0027 -5.0014
v  -4.6872 0.1092 -5.1740
v  -4.6629 0.0924 -5.1726
v  -4.6476 0.1155 -5.1602
v  -4.6734 0.1339 -5.1658
v  -4.6399 0.0768 -5.1658
v  -4.6226 0.1001 -5.1513
v  -4.6182 0.0632 -5.1571
v  -4.5977 0.0891 -5.1402
v  -4.5985 0.0467 -5.1461
v  -4.5681 0.0784 -5.1221
v  -4.5832 0.0239 -5.1315
v  -4.5476 0.0484 -5.1064
v  -4.5731 -0.0002 -5.1166
v  -4.5208 0.0213 -5.0840
v  -4.5676 -0.0209 -5.1049
v  -4.5172 -0.0077 -5.0790
v  -4.4529 -0.0064 -5.0645
v  -4.4538 0.0168 -5.0670
v  -4.5236 0.0969 -5.0799
v  -4.5406 0.0877 -5.0966
v  -4.5173 0.0653 -5.0852
v  -4.4979 0.0757 -5.0633
v  -4.4855 0.0446 -5.0747
v  -4.4613 0.0563 -5.0526
v  -4.4530 0.0337 -5.0654
v  -4.4275 0.0392 -5.0466
v  -4.4148 0.0461 -5.0298
v  -4.4506 0.0644 -5.0309
v  -4.4861 0.0856 -5.0481
v  -4.5135 0.1066 -5.0698
v  -4.9214 0.2761 -5.8446
v  -4.9078 0.2761 -5.8093
v  -4.9128 0.3065 -5.8167
v  -4.9305 0.3080 -5.8507
v  -4.8901 0.1996 -5.8299
v  -4.8879 0.1863 -5.7872
v  -4.9003 0.2326 -5.7972
v  -4.9095 0.2388 -5.8374
v  -4.8646 0.1512 -5.7844
v  -4.8597 0.1671 -5.8198
v  -4.8245 0.1445 -5.8040
v  -4.8321 0.1318 -5.7776
v  -4.7974 0.1161 -5.7648
v  -4.7917 0.1211 -5.7905
v  -4.7664 0.0836 -5.7824
v  -4.7699 0.0827 -5.7521
v  -4.7429 0.0336 -5.7378
v  -4.7435 0.0322 -5.7704
v  -4.7197 -0.0229 -5.7552
v  -4.7151 -0.0189 -5.7210
v  -4.6911 -0.0667 -5.7014
v  -4.6902 -0.0683 -5.7359
v  -4.6571 -0.1018 -5.7170
v  -4.6651 -0.1069 -5.6857
v  -4.6315 -0.1325 -5.6789
v  -4.6256 -0.1271 -5.7052
v  -4.6011 -0.1530 -5.7027
v  -4.6030 -0.1568 -5.6797
v  -4.5804 -0.1832 -5.6854
v  -4.5610 -0.2108 -5.6945
v  -4.5825 -0.1800 -5.7066
v  -4.5657 -0.2071 -5.7152
v  -4.5433 -0.2398 -5.7058
v  -4.5229 -0.2710 -5.7202
v  -4.5482 -0.2349 -5.7268
v  -4.5275 -0.2648 -5.7417
v  -4.4951 -0.3049 -5.7384
v  -4.5008 -0.2976 -5.7598
v  -4.4589 -0.3381 -5.7604
v  -4.4670 -0.3326 -5.7819
v  -4.4139 -0.3680 -5.7863
v  -4.3597 -0.3967 -5.8135
v  -4.4234 -0.3675 -5.8075
v  -4.3668 -0.3996 -5.8303
v  -4.7503 0.0899 -5.8065
v  -4.7292 0.0380 -5.7975
v  -4.6993 0.0546 -5.8087
v  -4.7209 0.1049 -5.8174
v  -4.6785 0.0046 -5.7930
v  -4.7047 -0.0140 -5.7802
v  -4.6743 -0.0552 -5.7591
v  -4.6518 -0.0361 -5.7759
v  -4.6232 -0.0699 -5.7605
v  -4.6430 -0.0885 -5.7401
v  -4.6145 -0.1164 -5.7280
v  -4.5963 -0.0995 -5.7497
v  -4.5729 -0.1269 -5.7456
v  -4.5910 -0.1432 -5.7242
v  -4.5539 -0.1523 -5.7468
v  -4.5722 -0.1689 -5.7265
v  -4.5552 -0.1945 -5.7341
v  -4.5365 -0.1762 -5.7533
v  -4.5378 -0.2202 -5.7467
v  -4.5165 -0.2475 -5.7618
v  -4.5188 -0.1994 -5.7655
v  -4.4963 -0.2233 -5.7783
v  -4.4907 -0.2778 -5.7802
v  -4.4574 -0.3101 -5.8021
v  -4.4681 -0.2502 -5.7911
v  -4.4322 -0.2801 -5.8048
v  -4.4143 -0.3441 -5.8275
v  -4.3620 -0.3816 -5.8506
v  -4.3881 -0.3136 -5.8244
v  -4.3388 -0.3529 -5.8484
v  -4.2026 -0.5101 -5.5404
v  -4.1529 -0.5374 -5.5381
v  -4.1468 -0.5219 -5.5268
v  -4.1939 -0.4922 -5.5297
v  -4.1125 -0.5633 -5.6156
v  -4.1165 -0.5739 -5.5951
v  -4.1060 -0.5478 -5.6303
v  -4.0869 -0.5626 -5.6220
v  -4.0842 -0.5772 -5.6085
v  -4.0867 -0.5863 -5.5890
v  -4.1005 -0.5787 -5.5544
v  -4.1199 -0.5686 -5.5539
v  -4.1195 -0.5746 -5.5734
v  -4.0921 -0.5860 -5.5685
v  -4.1839 -0.4684 -5.5093
v  -4.1851 -0.4772 -5.5233
v  -4.1409 -0.5091 -5.5184
v  -4.1314 -0.4948 -5.5075
v  -4.0805 -0.5596 -5.5348
v  -4.1099 -0.5456 -5.5247
v  -4.1164 -0.5594 -5.5377
v  -4.0897 -0.5744 -5.5444
v  -4.0505 -0.5688 -5.5770
v  -4.0604 -0.5685 -5.5537
v  -4.0719 -0.5850 -5.5597
v  -4.0617 -0.5887 -5.5823
v  -4.0546 -0.5576 -5.6007
v  -4.0614 -0.5778 -5.6057
v  -4.0733 -0.5560 -5.6206
v  -4.0678 -0.5433 -5.6154
v  -4.2354 -0.3940 -5.7028
v  -4.2003 -0.4233 -5.6842
v  -4.2613 -0.3729 -5.7244
v  -4.2292 -0.3722 -5.7378
v  -4.2086 -0.3777 -5.7066
v  -4.1766 -0.4010 -5.6839
v  -4.2735 -0.3830 -5.7584
v  -4.2332 -0.3932 -5.7741
v  -4.2799 -0.4033 -5.7887
v  -4.2320 -0.4262 -5.8023
v  -4.2937 -0.4257 -5.8246
v  -4.2872 -0.4175 -5.8084
v  -4.2360 -0.4507 -5.8200
v  -4.2417 -0.4651 -5.8370
v  -4.2982 -0.4307 -5.8394
v  -4.2466 -0.4722 -5.8565
v  -4.3013 -0.4339 -5.8517
v  -4.2510 -0.4744 -5.8752
v  -4.2873 -0.4010 -5.8755
v  -4.3026 -0.4256 -5.8718
v  -4.2429 -0.4423 -5.9001
v  -4.2522 -0.4650 -5.8950
v  -4.1879 -0.4603 -5.9120
v  -4.1846 -0.4875 -5.9068
v  -4.2150 -0.4855 -5.9091
v  -4.2118 -0.4614 -5.9126
v  -4.1890 -0.5063 -5.8953
v  -4.2142 -0.5022 -5.8899
v  -4.2071 -0.5010 -5.8654
v  -4.1987 -0.4903 -5.8418
v  -4.1754 -0.5008 -5.8780
v  -4.1660 -0.4855 -5.8566
v  -4.1674 -0.4791 -5.8920
v  -4.1594 -0.4647 -5.8750
v  -4.1713 -0.4533 -5.8998
v  -4.1632 -0.4478 -5.8859
v  -4.1718 -0.4315 -5.8216
v  -4.1942 -0.4385 -5.8074
v  -4.1934 -0.4704 -5.8237
v  -4.1629 -0.4646 -5.8385
v  -4.2105 -0.4402 -5.9114
v  -4.1954 -0.4320 -5.9105
v  -4.2318 -0.4162 -5.9017
v  -4.2135 -0.3947 -5.9023
v  -4.1579 -0.4444 -5.8600
v  -4.1644 -0.4135 -5.8413
v  -4.1654 -0.4278 -5.8798
v  -4.1728 -0.3951 -5.8648
v  -4.1781 -0.4254 -5.8983
v  -4.1902 -0.3876 -5.8874
v  -4.1628 -0.3711 -5.1800
v  -4.1472 -0.3574 -5.2115
v  -4.1169 -0.3860 -5.1996
v  -4.1294 -0.3987 -5.1683
v  -4.1401 -0.5035 -5.1434
v  -4.1178 -0.4634 -5.1485
v  -4.0879 -0.4945 -5.1492
v  -4.1064 -0.5356 -5.1440
v  -4.0347 -0.5449 -5.1455
v  -4.0451 -0.5896 -5.1356
v  -4.0768 -0.5619 -5.1409
v  -4.0625 -0.5189 -5.1477
v  -4.1329 -0.3555 -5.2397
v  -4.1059 -0.3860 -5.2248
v  -4.1343 -0.3905 -5.2588
v  -4.1088 -0.4177 -5.2436
v  -4.1014 -0.4348 -5.1676
v  -4.0919 -0.4217 -5.1932
v  -4.0665 -0.4538 -5.1886
v  -4.0747 -0.4669 -5.1667
v  -4.0510 -0.4916 -5.1655
v  -4.0418 -0.4787 -5.1863
v  -4.0142 -0.5044 -5.1856
v  -4.0231 -0.5164 -5.1630
v  -4.0856 -0.4229 -5.2145
v  -4.0656 -0.4584 -5.2082
v  -4.0886 -0.4507 -5.2321
v  -4.0661 -0.4825 -5.2258
v  -4.1394 -0.4559 -5.2677
v  -4.1095 -0.4800 -5.2565
v  -4.1317 -0.5131 -5.2993
v  -4.0949 -0.5327 -5.2903
v  -4.0424 -0.4866 -5.2059
v  -4.0117 -0.5097 -5.2062
v  -4.0422 -0.5108 -5.2224
v  -4.0098 -0.5314 -5.2235
v  -4.1250 -0.5344 -5.3302
v  -4.0844 -0.5515 -5.3223
v  -4.1172 -0.5325 -5.3559
v  -4.0767 -0.5519 -5.3488
v  -4.0832 -0.5045 -5.2517
v  -4.0562 -0.5267 -5.2494
v  -4.0642 -0.5494 -5.2859
v  -4.0367 -0.5639 -5.2821
v  -4.0288 -0.5466 -5.2466
v  -3.9975 -0.5615 -5.2445
v  -4.0095 -0.5767 -5.2768
v  -3.9800 -0.5853 -5.2707
v  -4.1029 -0.5096 -5.3696
v  -4.0637 -0.5321 -5.3660
v  -4.0871 -0.4824 -5.3727
v  -4.0487 -0.5082 -5.3724
v  -4.0518 -0.5665 -5.3173
v  -4.0240 -0.5800 -5.3123
v  -4.0442 -0.5697 -5.3437
v  -4.0160 -0.5865 -5.3388
v  -3.9966 -0.5911 -5.3047
v  -3.9670 -0.5963 -5.2954
v  -3.9869 -0.5980 -5.3292
v  -3.9560 -0.6004 -5.3165
v  -4.0709 -0.4661 -5.3855
v  -4.0356 -0.5012 -5.3900
v  -4.0610 -0.4702 -5.4131
v  -4.0237 -0.5052 -5.4170
v  -4.0330 -0.5564 -5.3637
v  -4.0192 -0.5381 -5.3731
v  -3.9916 -0.5643 -5.3692
v  -4.0051 -0.5791 -5.3591
v  -3.9754 -0.5936 -5.3472
v  -3.9437 -0.5962 -5.3314
v  -3.9626 -0.5835 -5.3600
v  -3.9297 -0.5934 -5.3469
v  -4.0081 -0.5368 -5.3931
v  -3.9793 -0.5654 -5.3904
v  -3.9940 -0.5405 -5.4204
v  -3.9644 -0.5703 -5.4202
v  -3.9488 -0.5864 -5.3821
v  -3.9156 -0.6046 -5.3700
v  -3.9329 -0.5937 -5.4144
v  -3.8974 -0.6157 -5.4034
v  -4.8152 0.0490 -5.2824
v  -4.8257 0.0553 -5.2991
v  -4.8044 0.0458 -5.2706
v  -4.8202 0.0686 -5.2704
v  -4.8295 0.0783 -5.2831
v  -4.8406 0.1003 -5.3041
v  -4.8135 0.0650 -5.2611
v  -4.7963 0.0495 -5.2640
v  -4.7901 0.0546 -5.2586
v  -4.8067 0.0652 -5.2541
v  -4.8282 0.0723 -5.2434
v  -4.8361 0.0749 -5.2515
v  -4.8266 0.0697 -5.2571
v  -4.8191 0.0674 -5.2487
v  -4.8344 0.0757 -5.2673
v  -4.8448 0.0813 -5.2618
v  -4.7822 0.0566 -5.2509
v  -4.7730 0.0570 -5.2442
v  -4.7836 0.0687 -5.2407
v  -4.7970 0.0664 -5.2475
v  -4.7651 0.0547 -5.2401
v  -4.7655 0.0594 -5.2369
v  -4.8096 0.0676 -5.2415
v  -4.8000 0.0693 -5.2339
v  -4.8121 0.0735 -5.2286
v  -4.8202 0.0719 -5.2362
v  -4.7708 0.0744 -5.2168
v  -4.7775 0.0717 -5.2298
v  -4.7635 0.0606 -5.2291
v  -4.7590 0.0619 -5.2170
v  -4.7914 0.0733 -5.2245
v  -4.7832 0.0794 -5.2121
v  -4.7952 0.0856 -5.2085
v  -4.8036 0.0778 -5.2196
v  -4.7498 0.0689 -5.2033
v  -4.7618 0.0829 -5.2018
v  -4.7393 0.0782 -5.1908
v  -4.7522 0.0936 -5.1882
v  -4.8596 0.1043 -5.2490
v  -4.8684 0.1165 -5.2606
v  -4.8636 0.1044 -5.2676
v  -4.8536 0.0922 -5.2552
v  -4.8732 0.1225 -5.2821
v  -4.8767 0.1332 -5.2737
v  -4.8664 0.1124 -5.2910
v  -4.8550 0.0933 -5.2750
v  -4.8436 0.0940 -5.2335
v  -4.8510 0.0972 -5.2404
v  -4.8446 0.0856 -5.2457
v  -4.8367 0.0826 -5.2381
v  -4.8316 0.0947 -5.2220
v  -4.8373 0.0931 -5.2278
v  -4.8297 0.0820 -5.2316
v  -4.8230 0.0834 -5.2245
v  -4.8251 0.0989 -5.2151
v  -4.8157 0.0875 -5.2161
v  -4.8083 0.0955 -5.2068
v  -4.8189 0.1066 -5.2077
v  -4.8661 0.1269 -5.2561
v  -4.8739 0.1421 -5.2675
v  -4.8581 0.1152 -5.2459
v  -4.8531 0.1246 -5.2457
v  -4.8600 0.1355 -5.2542
v  -4.8670 0.1496 -5.2637
v  -4.8509 0.1083 -5.2382
v  -4.8449 0.1051 -5.2320
v  -4.8421 0.1151 -5.2343
v  -4.8471 0.1181 -5.2393
v  -4.8400 0.1042 -5.2272
v  -4.8350 0.1056 -5.2229
v  -4.8335 0.1158 -5.2272
v  -4.8380 0.1144 -5.2305
v  -4.8290 0.1093 -5.2179
v  -4.8280 0.1189 -5.2232
v  -4.8234 0.1159 -5.2120
v  -4.8225 0.1243 -5.2183
v  -4.8197 0.1260 -5.2049
v  -4.8182 0.1329 -5.2123
v  -4.8145 0.1180 -5.1991
v  -4.8147 0.1325 -5.1909
v  -4.8196 0.1389 -5.1984
v  -4.8154 0.1442 -5.2062
v  -4.8216 0.1541 -5.1941
v  -4.8155 0.1582 -5.2005
v  -4.8208 0.1497 -5.1857
v  -4.8305 0.1688 -5.1845
v  -4.8276 0.1712 -5.1927
v  -4.8201 0.1746 -5.1984
v  -4.8376 0.1894 -5.1970
v  -4.8288 0.1922 -5.2021
v  -4.8430 0.1880 -5.1886
v  -4.8548 0.2076 -5.1982
v  -4.8481 0.2076 -5.2067
v  -4.8381 0.2099 -5.2112
v  -4.8546 0.2261 -5.2205
v  -4.8441 0.2276 -5.2240
v  -4.8627 0.2272 -5.2132
v  -4.8679 0.2451 -5.2314
v  -4.8589 0.2426 -5.2372
v  -4.8484 0.2428 -5.2398
v  -4.8612 0.2562 -5.2550
v  -4.8643 0.2628 -5.2736
v  -4.8561 0.2583 -5.2745
v  -4.8517 0.2549 -5.2568
v  -4.8710 0.2599 -5.2507
v  -4.8728 0.2698 -5.2706
v  -4.8698 0.2607 -5.2900
v  -4.8763 0.2523 -5.3019
v  -4.8765 0.2701 -5.2909
v  -4.8834 0.2609 -5.3064
v  -4.8684 0.2466 -5.2983
v  -4.8621 0.2545 -5.2883
v  -4.8907 0.2455 -5.3145
v  -4.8831 0.2394 -5.3077
v  -4.8976 0.2252 -5.3140
v  -4.8889 0.2225 -5.3058
v  -4.8746 0.2352 -5.3026
v  -4.8791 0.2207 -5.3007
v  -4.8904 0.2018 -5.2982
v  -4.8799 0.2025 -5.2934
v  -4.8988 0.2007 -5.3077
v  -4.8934 0.1753 -5.2982
v  -4.8869 0.1795 -5.2888
v  -4.8776 0.1832 -5.2836
v  -4.8730 0.1654 -5.2737
v  -4.8808 0.1596 -5.2788
v  -4.8849 0.1529 -5.2868
v  -4.8059 0.1620 -5.2067
v  -4.7942 0.1654 -5.2140
v  -4.7989 0.1537 -5.2231
v  -4.8081 0.1490 -5.2143
v  -4.8093 0.1782 -5.2035
v  -4.7964 0.1822 -5.2090
v  -4.8174 0.1955 -5.2068
v  -4.8262 0.2125 -5.2153
v  -4.8127 0.2155 -5.2197
v  -4.8041 0.1993 -5.2117
v  -4.8319 0.2294 -5.2273
v  -4.8183 0.2311 -5.2310
v  -4.8362 0.2435 -5.2419
v  -4.8226 0.2444 -5.2443
v  -4.8403 0.2537 -5.2578
v  -4.8454 0.2549 -5.2740
v  -4.8329 0.2524 -5.2741
v  -4.8275 0.2523 -5.2594
v  -4.8513 0.2500 -5.2860
v  -4.8571 0.2420 -5.2946
v  -4.8437 0.2380 -5.2923
v  -4.8383 0.2467 -5.2851
v  -4.8629 0.2316 -5.2982
v  -4.8670 0.2187 -5.2965
v  -4.8534 0.2162 -5.2930
v  -4.8494 0.2278 -5.2948
v  -4.8447 0.1624 -5.2635
v  -4.8484 0.1750 -5.2710
v  -4.8617 0.1706 -5.2715
v  -4.8569 0.1563 -5.2629
v  -4.8517 0.1885 -5.2788
v  -4.8656 0.1861 -5.2807
v  -4.8675 0.2028 -5.2900
v  -4.8538 0.2026 -5.2870
v  -4.7898 0.2037 -5.2174
v  -4.7827 0.1862 -5.2162
v  -4.7981 0.2193 -5.2243
v  -4.7770 0.2082 -5.2264
v  -4.7838 0.2227 -5.2317
v  -4.7718 0.1920 -5.2289
v  -4.8037 0.2335 -5.2351
v  -4.7899 0.2346 -5.2410
v  -4.8083 0.2452 -5.2481
v  -4.7947 0.2422 -5.2543
v  -4.8137 0.2504 -5.2628
v  -4.8196 0.2487 -5.2762
v  -4.8059 0.2421 -5.2781
v  -4.8008 0.2452 -5.2671
v  -4.8150 0.2276 -5.2885
v  -4.8112 0.2364 -5.2855
v  -4.8247 0.2424 -5.2856
v  -4.8298 0.2332 -5.2909
v  -4.8353 0.2233 -5.2921
v  -4.8392 0.2127 -5.2895
v  -4.8233 0.2100 -5.2858
v  -4.8208 0.2190 -5.2888
v  -4.8393 0.2015 -5.2841
v  -4.8242 0.2012 -5.2815
v  -4.8372 0.1901 -5.2774
v  -4.8212 0.1929 -5.2765
v  -4.8470 0.1335 -5.2480
v  -4.8426 0.1273 -5.2424
v  -4.8384 0.1243 -5.2382
v  -4.8353 0.1310 -5.2416
v  -4.8368 0.1352 -5.2455
v  -4.8391 0.1416 -5.2508
v  -4.7807 0.2109 -5.2721
v  -4.8044 0.2098 -5.2814
v  -4.8084 0.2034 -5.2795
v  -4.8030 0.1992 -5.2761
v  -4.7834 0.2322 -5.2628
v  -4.7904 0.2359 -5.2702
v  -4.7928 0.2306 -5.2771
v  -4.8342 0.1243 -5.2354
v  -4.8307 0.1334 -5.2409
v  -4.8294 0.1260 -5.2329
v  -4.8245 0.1363 -5.2391
v  -4.7701 0.1996 -5.2479
v  -4.7722 0.2104 -5.2414
v  -4.7754 0.2204 -5.2483
v  -4.7805 0.2299 -5.2514
v  -4.7991 0.2287 -5.2824
v  -4.7992 0.2211 -5.2829
v  -4.8061 0.2160 -5.2842
v  -4.8342 0.1790 -5.2709
v  -4.8197 0.1840 -5.2715
v  -4.8315 0.1682 -5.2646
v  -4.8165 0.1759 -5.2665
v  -4.8051 0.1918 -5.2729
v  -4.7993 0.1878 -5.2692
v  -4.7740 0.1753 -5.2368
v  -4.7719 0.1855 -5.2507
v  -4.7823 0.1819 -5.2607
v  -4.7895 0.1638 -5.2466
v  -4.8518 0.1435 -5.2551
v  -4.8417 0.1510 -5.2568
v  -4.8290 0.1486 -5.2523
v  -4.8291 0.1410 -5.2466
v  -4.8201 0.1454 -5.2457
v  -4.8170 0.1549 -5.2524
v  -4.8156 0.1655 -5.2599
v  -4.8297 0.1579 -5.2584
v  -4.8239 0.1290 -5.2295
v  -4.8179 0.1396 -5.2363
v  -4.8182 0.1337 -5.2253
v  -4.8113 0.1431 -5.2328
v  -4.8058 0.1469 -5.2284
v  -4.8129 0.1403 -5.2204
v  -4.8105 0.1493 -5.2434
v  -4.8037 0.1605 -5.2516
v  -4.8027 0.1517 -5.2400
v  -4.7909 0.1578 -5.2331
v  -4.7993 0.1520 -5.2353
v  -4.7819 0.1685 -5.2233
v  -4.7990 0.1748 -5.2619
v  -4.8444 0.0875 -5.2808
v  -4.8566 0.1070 -5.2984
v  -4.8842 0.1453 -5.2982
v  -4.8964 0.1711 -5.3128
v  -4.8808 0.1385 -5.3105
v  -4.8969 0.1675 -5.3299
v  -4.9046 0.2001 -5.3238
v  -4.9068 0.2000 -5.3433
v  -4.9051 0.2292 -5.3288
v  -4.9088 0.2339 -5.3481
v  -4.8987 0.2552 -5.3258
v  -4.9040 0.2663 -5.3423
v  -4.8910 0.2747 -5.3136
v  -4.8965 0.2959 -5.3267
v  -4.8835 0.2849 -5.2917
v  -4.8875 0.3019 -5.2926
v  -4.8831 0.2820 -5.2647
v  -4.8930 0.3020 -5.2557
v  -4.8875 0.3186 -5.2944
v  -4.8954 0.3229 -5.2654
v  -4.8932 0.3189 -5.3240
v  -4.8849 0.2831 -5.2292
v  -4.8795 0.2700 -5.2415
v  -4.8720 0.2532 -5.2203
v  -4.8724 0.2636 -5.2077
v  -4.8634 0.2338 -5.2006
v  -4.8609 0.2420 -5.1875
v  -4.8537 0.2125 -5.1847
v  -4.8493 0.2191 -5.1709
v  -4.8410 0.1906 -5.1758
v  -4.8350 0.1954 -5.1622
v  -4.8262 0.1684 -5.1735
v  -4.8176 0.1711 -5.1625
v  -4.8019 0.1083 -5.1961
v  -4.7873 0.0980 -5.1949
v  -4.7820 0.1165 -5.1792
v  -4.8017 0.1248 -5.1851
v  -4.7744 0.0903 -5.1972
v  -4.7654 0.1035 -5.1841
v  -4.8114 0.1457 -5.1771
v  -4.7995 0.1449 -5.1688
v  -4.7302 0.0871 -5.1817
v  -4.7443 0.1033 -5.1785
v  -4.7209 0.1017 -5.1760
v  -4.7380 0.1183 -5.1723
v  -4.7538 0.1302 -5.1692
v  -4.7577 0.1150 -5.1757
v  -4.7719 0.1288 -5.1709
v  -4.7667 0.1386 -5.1666
v  -4.7112 0.1275 -5.1715
v  -4.7346 0.1433 -5.1656
v  -4.7018 0.1529 -5.1648
v  -4.7310 0.1685 -5.1582
v  -4.7564 0.1545 -5.1614
v  -4.7749 0.1584 -5.1603
v  -4.7586 0.1796 -5.1547
v  -4.7884 0.1898 -5.1532
v  -4.7881 0.1524 -5.1633
v  -4.8057 0.1792 -5.1561
v  -4.8245 0.2034 -5.1539
v  -4.8130 0.2128 -5.1499
v  -4.8313 0.2351 -5.1563
v  -4.8404 0.2272 -5.1630
v  -4.8536 0.2510 -5.1792
v  -4.8478 0.2586 -5.1695
v  -4.8656 0.2821 -5.1845
v  -4.8684 0.2742 -5.1969
v  -4.8862 0.2970 -5.2150
v  -4.8960 0.3170 -5.2333
v  -4.8789 0.3070 -5.2006
v  -4.8993 0.3288 -5.2465
v  -4.8598 0.2857 -5.1713
v  -4.8669 0.3079 -5.1837
v  -4.8517 0.3004 -5.1634
v  -4.8516 0.2855 -5.1596
v  -4.8450 0.2627 -5.1560
v  -4.8398 0.2702 -5.1450
v  -4.8270 0.2402 -5.1430
v  -4.8181 0.2456 -5.1233
v  -4.8326 0.2855 -5.1395
v  -4.8097 0.2684 -5.1146
v  -4.7807 0.2100 -5.1482
v  -4.7713 0.2181 -5.1349
v  -4.7968 0.2240 -5.1249
v  -4.8053 0.2219 -5.1411
v  -4.7841 0.2554 -5.0901
v  -4.7900 0.2358 -5.0961
v  -4.7652 0.2315 -5.0736
v  -4.7614 0.2475 -5.0689
v  -4.7407 0.2522 -5.0447
v  -4.7475 0.2456 -5.0531
v  -4.7452 0.2356 -5.0520
v  -4.7367 0.2545 -5.0401
v  -4.7541 0.2200 -5.0876
v  -4.7342 0.2251 -5.0614
v  -4.7250 0.2292 -5.0778
v  -4.7360 0.2266 -5.1056
v  -4.7777 0.2204 -5.1070
v  -4.7555 0.2212 -5.1206
v  -4.7158 0.2378 -5.0792
v  -4.7211 0.2335 -5.0889
v  -4.7229 0.2334 -5.1047
v  -4.7133 0.2396 -5.0710
v  -4.7145 0.2304 -5.1169
v  -4.7218 0.2244 -5.1212
v  -4.7023 0.2121 -5.1195
v  -4.6980 0.2193 -5.1139
v  -4.5563 0.1139 -5.0672
v  -4.5440 0.1133 -5.0813
v  -4.5379 0.1260 -5.0726
v  -4.5556 0.1253 -5.0548
v  -4.5782 0.1267 -5.0461
v  -4.5702 0.1326 -5.0377
v  -4.5765 0.1425 -5.0359
v  -4.5820 0.1325 -5.0468
v  -4.5860 0.1492 -5.0412
v  -4.5893 0.1385 -5.0512
v  -4.5692 0.1166 -5.0497
v  -4.5680 0.1039 -5.0693
v  -4.5812 0.1158 -5.0569
v  -4.5874 0.1010 -5.0780
v  -4.5585 0.1003 -5.0892
v  -4.5777 0.0949 -5.1012
v  -4.5868 0.1208 -5.0609
v  -4.5931 0.1272 -5.0645
v  -4.5974 0.1197 -5.0753
v  -4.5943 0.1121 -5.0762
v  -4.6246 0.1123 -5.1151
v  -4.6218 0.1082 -5.1312
v  -4.5994 0.0978 -5.1161
v  -4.6056 0.1032 -5.0988
v  -4.6005 0.1454 -5.0597
v  -4.5992 0.1573 -5.0501
v  -4.6151 0.1668 -5.0623
v  -4.6149 0.1542 -5.0713
v  -4.6201 0.1286 -5.0971
v  -4.6227 0.1199 -5.1058
v  -4.6067 0.1123 -5.0913
v  -4.6062 0.1215 -5.0848
v  -4.6033 0.1332 -5.0729
v  -4.6168 0.1409 -5.0844
v  -4.6519 0.1796 -5.0981
v  -4.6316 0.1655 -5.0844
v  -4.6324 0.1777 -5.0764
v  -4.6525 0.1904 -5.0907
v  -4.6631 0.1481 -5.1413
v  -4.6660 0.1453 -5.1541
v  -4.6438 0.1243 -5.1439
v  -4.6440 0.1274 -5.1295
v  -4.6761 0.2054 -5.1042
v  -4.6771 0.1965 -5.1111
v  -4.7538 0.1973 -5.1496
v  -4.7443 0.2091 -5.1416
v  -4.7244 0.1845 -5.1523
v  -4.7119 0.1932 -5.1428
v  -4.6567 0.1583 -5.1220
v  -4.6587 0.1504 -5.1311
v  -4.6405 0.1335 -5.1196
v  -4.6368 0.1414 -5.1097
v  -4.6860 0.1706 -5.1469
v  -4.6936 0.1672 -5.1572
v  -4.6766 0.1674 -5.1380
v  -4.6813 0.1773 -5.1325
v  -4.7328 0.2170 -5.1300
v  -4.7084 0.2040 -5.1293
v  -4.6537 0.1686 -5.1098
v  -4.6802 0.1871 -5.1220
v  -4.6333 0.1529 -5.0969
v  -4.8319 0.0627 -5.3210
v  -4.8271 0.0702 -5.3415
v  -4.8385 0.1096 -5.3283
v  -4.8348 0.1164 -5.3485
v  -4.8125 0.0752 -5.3550
v  -4.7945 0.0879 -5.3680
v  -4.8217 0.1193 -5.3632
v  -4.8061 0.1173 -5.3705
v  -4.8573 0.1422 -5.3296
v  -4.8717 0.1360 -5.3216
v  -4.8877 0.1683 -5.3455
v  -4.8734 0.1729 -5.3571
v  -4.8985 0.2021 -5.3623
v  -4.8842 0.2047 -5.3775
v  -4.9042 0.2381 -5.3698
v  -4.8909 0.2406 -5.3892
v  -4.8979 0.3078 -5.3538
v  -4.9033 0.2770 -5.3646
v  -4.8916 0.2824 -5.3876
v  -4.8950 0.3229 -5.3448
v  -4.8501 0.1461 -5.3458
v  -4.8414 0.1499 -5.3626
v  -4.8607 0.1764 -5.3679
v  -4.8442 0.1782 -5.3773
v  -4.8235 0.1513 -5.3742
v  -4.8002 0.1436 -5.3786
v  -4.8198 0.1776 -5.3829
v  -4.7900 0.1719 -5.3852
v  -4.8665 0.2068 -5.3860
v  -4.8439 0.2066 -5.3900
v  -4.8695 0.2401 -5.3997
v  -4.8415 0.2364 -5.3995
v  -4.8386 0.2672 -5.4059
v  -4.8700 0.2783 -5.4056
v  -4.7753 0.1199 -5.3801
v  -4.7569 0.1577 -5.3878
v  -4.7234 0.1383 -5.3918
v  -4.7499 0.0908 -5.3830
v  -4.7240 0.0675 -5.3872
v  -4.6920 0.1168 -5.3949
v  -4.6621 0.0947 -5.3953
v  -4.6981 0.0472 -5.3902
v  -4.6742 0.0276 -5.3934
v  -4.6518 0.0099 -5.3954
v  -4.6342 0.0727 -5.3936
v  -4.6087 0.0526 -5.3897
v  -4.5680 -0.0472 -5.3853
v  -4.5582 -0.0562 -5.3825
v  -4.5796 -0.0386 -5.3884
v  -4.5282 0.0016 -5.3706
v  -4.5163 -0.0078 -5.3658
v  -4.5070 -0.0187 -5.3623
v  -4.5484 -0.0678 -5.3796
v  -4.5378 -0.0828 -5.3773
v  -4.4973 -0.0326 -5.3603
v  -4.4868 -0.0480 -5.3619
v  -4.4397 -0.0082 -5.3603
v  -4.4505 0.0038 -5.3536
v  -4.4616 0.0158 -5.3520
v  -4.4657 -0.0797 -5.3796
v  -4.5129 -0.1225 -5.3855
v  -4.5255 -0.1011 -5.3783
v  -4.4760 -0.0629 -5.3687
v  -4.4293 -0.0191 -5.3702
v  -4.4186 -0.0318 -5.3817
v  -4.5013 -0.1488 -5.3939
v  -4.4562 -0.1021 -5.3922
v  -4.4452 -0.1258 -5.4044
v  -4.4873 -0.1767 -5.4008
v  -4.4070 -0.0486 -5.3950
v  -4.3943 -0.0664 -5.4092
v  -4.4691 -0.2012 -5.4111
v  -4.4315 -0.1459 -5.4176
v  -4.4200 -0.1589 -5.4344
v  -4.4570 -0.2152 -5.4298
v  -4.6309 -0.0050 -5.3949
v  -4.6118 -0.0179 -5.3932
v  -4.5862 0.0353 -5.3860
v  -4.5654 0.0212 -5.3818
v  -4.5944 -0.0289 -5.3912
v  -4.5453 0.0106 -5.3764
v  -4.4722 0.0259 -5.3548
v  -4.4850 0.0350 -5.3604
v  -4.6027 0.1092 -5.3985
v  -4.5734 0.0887 -5.3895
v  -4.6350 0.1313 -5.4042
v  -4.5482 0.0712 -5.3830
v  -4.5254 0.0566 -5.3764
v  -4.5035 0.0449 -5.3684
v  -4.7416 0.1874 -5.3919
v  -4.7034 0.1739 -5.3980
v  -4.7799 0.1965 -5.3896
v  -4.7720 0.2181 -5.3930
v  -4.7339 0.2098 -5.3938
v  -4.8145 0.2032 -5.3899
v  -4.8087 0.2282 -5.3955
v  -4.8035 0.2527 -5.3999
v  -4.7680 0.2375 -5.3956
v  -4.7381 0.2263 -5.3944
v  -4.6683 0.1541 -5.4035
v  -4.7956 0.2356 -5.6329
v  -4.8150 0.2413 -5.6322
v  -4.8057 0.2139 -5.6292
v  -4.7873 0.2134 -5.6291
v  -4.7915 0.1799 -5.6216
v  -4.7736 0.1852 -5.6221
v  -4.7741 0.1398 -5.6150
v  -4.7547 0.1002 -5.6105
v  -4.7392 0.1130 -5.6112
v  -4.7573 0.1495 -5.6156
v  -4.7344 0.0680 -5.6081
v  -4.7131 0.0411 -5.6069
v  -4.6988 0.0578 -5.6087
v  -4.7197 0.0829 -5.6093
v  -4.6906 0.0173 -5.6048
v  -4.6595 -0.0044 -5.5991
v  -4.6764 0.0363 -5.6078
v  -4.6435 0.0177 -5.6050
v  -4.8164 0.2611 -5.6316
v  -4.7966 0.2520 -5.6337
v  -4.7679 0.2323 -5.6563
v  -4.7810 0.2436 -5.6436
v  -4.7798 0.2301 -5.6382
v  -4.7697 0.2248 -5.6466
v  -4.7718 0.2118 -5.6340
v  -4.7611 0.2108 -5.6465
v  -4.7589 0.1877 -5.6296
v  -4.7477 0.1890 -5.6450
v  -4.7162 0.1305 -5.6356
v  -4.7324 0.1607 -5.6401
v  -4.7438 0.1558 -5.6249
v  -4.7271 0.1224 -5.6212
v  -4.6790 0.0816 -5.6301
v  -4.6983 0.1042 -5.6320
v  -4.7086 0.0941 -5.6193
v  -4.6881 0.0706 -5.6175
v  -4.6570 0.0632 -5.6278
v  -4.6662 0.0504 -5.6173
v  -4.6339 0.0346 -5.6143
v  -4.6267 0.0502 -5.6231
v  -4.7518 0.2153 -5.6648
v  -4.7335 0.1946 -5.6643
v  -4.6863 0.1537 -5.6581
v  -4.6993 0.1781 -5.6650
v  -4.7178 0.1682 -5.6583
v  -4.7026 0.1403 -5.6507
v  -4.6855 0.1821 -5.6643
v  -4.6727 0.1671 -5.6599
v  -4.6536 0.1123 -5.6475
v  -4.6712 0.1313 -5.6526
v  -4.6855 0.1160 -5.6442
v  -4.6671 0.0947 -5.6408
v  -4.6575 0.1510 -5.6556
v  -4.6397 0.1356 -5.6500
v  -4.6457 0.0786 -5.6362
v  -4.6330 0.0979 -5.6410
v  -4.6181 0.0676 -5.6294
v  -4.6080 0.0876 -5.6324
v  -4.6195 0.1226 -5.6422
v  -4.5958 0.1109 -5.6328
v  -4.5666 0.0989 -5.6270
v  -4.5766 0.0796 -5.6252
v  -4.5524 0.0748 -5.6222
v  -4.5385 0.0856 -5.6237
v  -4.5811 0.0611 -5.6214
v  -4.5442 0.0607 -5.6183
v  -4.5827 0.0425 -5.6155
v  -4.5369 0.0419 -5.6123
v  -4.5179 0.0700 -5.6204
v  -4.5015 0.0522 -5.6162
v  -4.5839 0.0231 -5.6077
v  -4.5300 0.0204 -5.6049
v  -4.5915 0.0011 -5.5992
v  -4.5246 -0.0151 -5.5920
v  -4.6121 -0.0252 -5.5908
v  -4.5642 -0.0529 -5.5792
v  -4.4855 0.0325 -5.6106
v  -4.4664 0.0077 -5.6004
v  -4.5319 -0.0941 -5.5581
v  -4.5085 -0.1368 -5.5279
v  -4.4698 -0.0979 -5.5336
v  -4.4925 -0.0597 -5.5652
v  -4.4410 -0.0241 -5.5798
v  -4.4149 -0.0536 -5.5506
v  -4.4853 -0.1719 -5.4970
v  -4.4650 -0.1986 -5.4744
v  -4.4270 -0.1500 -5.4819
v  -4.4464 -0.1283 -5.5059
v  -4.4554 -0.2136 -5.4517
v  -4.4168 -0.1614 -5.4578
v  -4.3908 -0.0761 -5.5218
v  -4.3701 -0.0935 -5.4966
v  -4.3670 -0.0944 -5.4412
v  -4.3803 -0.0819 -5.4238
v  -4.3594 -0.1015 -5.4683
v  -4.1929 -0.4633 -5.4923
v  -4.1466 -0.4751 -5.4897
v  -4.1308 -0.4461 -5.4427
v  -4.0912 -0.4502 -5.4438
v  -4.1206 -0.4469 -5.4735
v  -4.0785 -0.4462 -5.4780
v  -4.0454 -0.4725 -5.4472
v  -4.0069 -0.5102 -5.4537
v  -4.0354 -0.4760 -5.4857
v  -3.9970 -0.5169 -5.4943
v  -3.9758 -0.5446 -5.4588
v  -3.9456 -0.5739 -5.4608
v  -3.9643 -0.5507 -5.5011
v  -3.9324 -0.5796 -5.5057
v  -3.9139 -0.5999 -5.4587
v  -3.8769 -0.6273 -5.4494
v  -3.9000 -0.6095 -5.5077
v  -3.8601 -0.6394 -5.5015
v  -4.0815 -0.5033 -5.5468
v  -4.0992 -0.4998 -5.5269
v  -4.1044 -0.5276 -5.5203
v  -4.0779 -0.5359 -5.5357
v  -4.0615 -0.5433 -5.5556
v  -4.0551 -0.5425 -5.5776
v  -4.0698 -0.5118 -5.5655
v  -4.0649 -0.5177 -5.5812
v  -4.1133 -0.4520 -5.5005
v  -4.0744 -0.4426 -5.5094
v  -4.1049 -0.4585 -5.5246
v  -4.0756 -0.4331 -5.5388
v  -4.0360 -0.4741 -5.5199
v  -4.0423 -0.4677 -5.5521
v  -4.0064 -0.5147 -5.5626
v  -3.9981 -0.5173 -5.5295
v  -3.9631 -0.5528 -5.5387
v  -3.9675 -0.5519 -5.5741
v  -3.9284 -0.5846 -5.5470
v  -3.9297 -0.5873 -5.5858
v  -3.8921 -0.6165 -5.5539
v  -3.8529 -0.6481 -5.5512
v  -3.8907 -0.6223 -5.5969
v  -3.8501 -0.6507 -5.5997
v  -3.8449 -0.6448 -5.6468
v  -3.8868 -0.6155 -5.6359
v  -3.8781 -0.5893 -5.6757
v  -3.8353 -0.6131 -5.6907
v  -3.9289 -0.5828 -5.6233
v  -3.9235 -0.5621 -5.6641
v  -3.9693 -0.5457 -5.6097
v  -3.9676 -0.5278 -5.6511
v  -4.0099 -0.5048 -5.5964
v  -4.0095 -0.4847 -5.6359
v  -4.0941 -0.5285 -5.6324
v  -4.0812 -0.5184 -5.6205
v  -4.1227 -0.4959 -5.6488
v  -4.1059 -0.4723 -5.6298
v  -4.0643 -0.5284 -5.6012
v  -4.0776 -0.4981 -5.5998
v  -4.1595 -0.4602 -5.6686
v  -4.1422 -0.4313 -5.6589
v  -4.0859 -0.4734 -5.5875
v  -4.0911 -0.4581 -5.5697
v  -4.1082 -0.4337 -5.6159
v  -4.0978 -0.3993 -5.6027
v  -4.0948 -0.4576 -5.5478
v  -4.0801 -0.4220 -5.5654
v  -4.0473 -0.4548 -5.5836
v  -4.0504 -0.4334 -5.6185
v  -4.1321 -0.3997 -5.6485
v  -4.1240 -0.3685 -5.6437
v  -4.1614 -0.3745 -5.6796
v  -4.1503 -0.3451 -5.6731
v  -4.2095 -0.3592 -5.7471
v  -4.2068 -0.3914 -5.7870
v  -4.1932 -0.3855 -5.7966
v  -4.1925 -0.3357 -5.7527
v  -4.1903 -0.3583 -5.7096
v  -4.1765 -0.3323 -5.7068
v  -4.1806 -0.3686 -5.8130
v  -4.1936 -0.3150 -5.7821
v  -4.1893 -0.3485 -5.8379
v  -4.2091 -0.2973 -5.8056
v  -4.2128 -0.3370 -5.8615
v  -4.2375 -0.2852 -5.8258
v  -4.2434 -0.3415 -5.8794
v  -4.2821 -0.2765 -5.8407
v  -4.2684 -0.3700 -5.8782
v  -4.3131 -0.3190 -5.8473
v  -4.3603 -0.2790 -5.8225
v  -4.4044 -0.2463 -5.8046
v  -4.3357 -0.2382 -5.8210
v  -4.3774 -0.2087 -5.8058
v  -4.4367 -0.1603 -5.7911
v  -4.4105 -0.1827 -5.7966
v  -4.4397 -0.2177 -5.7935
v  -4.4676 -0.1931 -5.7856
v  -4.4902 -0.1720 -5.7789
v  -4.5095 -0.1520 -5.7734
v  -4.4761 -0.1237 -5.7842
v  -4.4577 -0.1418 -5.7868
v  -4.5279 -0.1298 -5.7707
v  -4.4950 -0.1024 -5.7841
v  -4.5473 -0.1052 -5.7711
v  -4.5154 -0.0779 -5.7861
v  -4.5706 -0.0773 -5.7756
v  -4.5390 -0.0500 -5.7900
v  -4.5961 -0.0469 -5.7838
v  -4.5643 -0.0193 -5.7944
v  -4.6222 -0.0116 -5.7907
v  -4.5901 0.0143 -5.7956
v  -4.6456 0.0296 -5.7967
v  -4.6113 0.0528 -5.7912
v  -4.0904 -0.2972 -5.6819
v  -4.0872 -0.3544 -5.6460
v  -4.1139 -0.3415 -5.6501
v  -4.1320 -0.3114 -5.6673
v  -3.9975 -0.4050 -5.7392
v  -4.0036 -0.4491 -5.6855
v  -4.0449 -0.3951 -5.6610
v  -4.0372 -0.3503 -5.7082
v  -3.9167 -0.4819 -5.7791
v  -3.9130 -0.5209 -5.7139
v  -3.9604 -0.4911 -5.7028
v  -3.9581 -0.4479 -5.7620
v  -3.8276 -0.5735 -5.7470
v  -3.8680 -0.5466 -5.7287
v  -3.8732 -0.5110 -5.7952
v  -3.8325 -0.5393 -5.8131
v  -4.1889 -0.2779 -5.7284
v  -4.1840 -0.2293 -5.7174
v  -4.1418 -0.2506 -5.6955
v  -4.1629 -0.2928 -5.6935
v  -4.2056 -0.2623 -5.7545
v  -4.2099 -0.2172 -5.7388
v  -4.2244 -0.2492 -5.7744
v  -4.2309 -0.2084 -5.7546
v  -4.2511 -0.2369 -5.7908
v  -4.2550 -0.1975 -5.7672
v  -4.2840 -0.2220 -5.7993
v  -4.2822 -0.1843 -5.7715
v  -4.3194 -0.1992 -5.7979
v  -4.3091 -0.1668 -5.7724
v  -4.3531 -0.1737 -5.7923
v  -4.3345 -0.1469 -5.7706
v  -4.3809 -0.1510 -5.7862
v  -4.3566 -0.1263 -5.7667
v  -4.4040 -0.1307 -5.7808
v  -4.3765 -0.1058 -5.7652
v  -4.4129 -0.0683 -5.7709
v  -4.3948 -0.0871 -5.7669
v  -4.4239 -0.1129 -5.7772
v  -4.4426 -0.0947 -5.7764
v  -4.4534 -0.0259 -5.7846
v  -4.4318 -0.0480 -5.7768
v  -4.4623 -0.0738 -5.7785
v  -4.4838 -0.0505 -5.7850
v  -4.5087 0.0246 -5.7976
v  -4.4797 -0.0015 -5.7930
v  -4.5083 -0.0242 -5.7922
v  -4.5345 0.0041 -5.7975
v  -4.5595 0.0682 -5.7990
v  -4.5382 0.0502 -5.8008
v  -4.5612 0.0336 -5.7993
v  -4.5816 0.0652 -5.7942
v  -4.5575 0.0882 -5.7979
v  -4.5235 0.0678 -5.8033
v  -4.4886 0.0429 -5.8016
v  -4.3792 -0.0397 -5.7833
v  -4.3915 -0.0489 -5.7752
v  -4.4060 -0.0285 -5.7831
v  -4.3829 -0.0220 -5.7924
v  -4.4248 -0.0058 -5.7896
v  -4.4541 0.0183 -5.7958
v  -4.3443 -0.0669 -5.7775
v  -4.3570 -0.0845 -5.7660
v  -4.3750 -0.0670 -5.7696
v  -4.3638 -0.0504 -5.7811
v  -4.3582 -0.0310 -5.7904
v  -4.3337 -0.0479 -5.7846
v  -4.3043 -0.1022 -5.7814
v  -4.3183 -0.1227 -5.7713
v  -4.3380 -0.1036 -5.7666
v  -4.3245 -0.0844 -5.7780
v  -4.2884 -0.0809 -5.7855
v  -4.3106 -0.0645 -5.7830
v  -4.2610 -0.1357 -5.7875
v  -4.2736 -0.1571 -5.7764
v  -4.2970 -0.1405 -5.7747
v  -4.2835 -0.1192 -5.7849
v  -4.2666 -0.0967 -5.7904
v  -4.2438 -0.1124 -5.7951
v  -4.2479 -0.1720 -5.7740
v  -4.2357 -0.1520 -5.7885
v  -4.2098 -0.1657 -5.7860
v  -4.2227 -0.1828 -5.7648
v  -4.2190 -0.1280 -5.7986
v  -4.1942 -0.1428 -5.8014
v  -4.1589 -0.1910 -5.7806
v  -4.1704 -0.2037 -5.7441
v  -4.1993 -0.1907 -5.7546
v  -4.1861 -0.1770 -5.7832
v  -4.1713 -0.1561 -5.8047
v  -4.1460 -0.1715 -5.8085
v  -4.0805 -0.2422 -5.7837
v  -4.0799 -0.2638 -5.7342
v  -4.1282 -0.2279 -5.7331
v  -4.1221 -0.2127 -5.7779
v  -4.1142 -0.1923 -5.8131
v  -4.0770 -0.2173 -5.8218
v  -4.0356 -0.3112 -5.7588
v  -4.0385 -0.2786 -5.8057
v  -4.0006 -0.3183 -5.8373
v  -3.9991 -0.3609 -5.7926
v  -4.0364 -0.2469 -5.8403
v  -3.9950 -0.2788 -5.8657
v  -3.9619 -0.4011 -5.8200
v  -3.9603 -0.3515 -5.8638
v  -3.9220 -0.3843 -5.8914
v  -3.9256 -0.4374 -5.8444
v  -3.9527 -0.3084 -5.8899
v  -3.9099 -0.3378 -5.9147
v  -3.8880 -0.4732 -5.8672
v  -3.8822 -0.4180 -5.9189
v  -3.8392 -0.4533 -5.9335
v  -3.8473 -0.5063 -5.8837
v  -3.8654 -0.3689 -5.9413
v  -3.8210 -0.4018 -5.9645
v  -3.6738 -0.4099 -5.0634
v  -3.6867 -0.4171 -5.0697
v  -3.6631 -0.4345 -5.0935
v  -3.6497 -0.4286 -5.0832
v  -3.5296 -0.5103 -5.1902
v  -3.5523 -0.4935 -5.1635
v  -3.5624 -0.5015 -5.1743
v  -3.5378 -0.5202 -5.1982
v  -3.5900 -0.4694 -5.1346
v  -3.6024 -0.4762 -5.1468
v  -3.6557 -0.4949 -5.2124
v  -3.6973 -0.4677 -5.1843
v  -3.7059 -0.4875 -5.1961
v  -3.6661 -0.5125 -5.2239
v  -3.7383 -0.4762 -5.1704
v  -3.7377 -0.4529 -5.1497
v  -3.7473 -0.4994 -5.1854
v  -3.7177 -0.5129 -5.2098
v  -3.6802 -0.5370 -5.2370
v  -3.6220 -0.4488 -5.1065
v  -3.6357 -0.4548 -5.1193
v  -3.6807 -0.4351 -5.1096
v  -3.6519 -0.4557 -5.1354
v  -3.6686 -0.4554 -5.1531
v  -3.6999 -0.4359 -5.1264
v  -3.6305 -0.4813 -5.1795
v  -3.6164 -0.4793 -5.1622
v  -3.5734 -0.5073 -5.1898
v  -3.5848 -0.5119 -5.2092
v  -3.5471 -0.5280 -5.2123
v  -3.5567 -0.5343 -5.2317
v  -3.7173 -0.4410 -5.1397
v  -3.6842 -0.4586 -5.1689
v  -3.6438 -0.4861 -5.1961
v  -3.6427 -0.5661 -5.2706
v  -3.6217 -0.5406 -5.2610
v  -3.5991 -0.5687 -5.2846
v  -3.6249 -0.5953 -5.2924
v  -3.5801 -0.5519 -5.2719
v  -3.6079 -0.5254 -5.2478
v  -3.5669 -0.5418 -5.2530
v  -3.5965 -0.5177 -5.2290
v  -3.8089 -0.6523 -5.3598
v  -3.8535 -0.6386 -5.3868
v  -3.8287 -0.6571 -5.4291
v  -3.7828 -0.6671 -5.3959
v  -3.8159 -0.6665 -5.4789
v  -3.7644 -0.6835 -5.4456
v  -3.7620 -0.4861 -5.1493
v  -3.7670 -0.5043 -5.1641
v  -3.7668 -0.4745 -5.1318
v  -3.7750 -0.5098 -5.1291
v  -3.7814 -0.5021 -5.1115
v  -3.7771 -0.5223 -5.1449
v  -3.9747 -0.5334 -5.1834
v  -3.9705 -0.5316 -5.2058
v  -3.9264 -0.5564 -5.2029
v  -3.9249 -0.5636 -5.1798
v  -3.9686 -0.5460 -5.2252
v  -3.9235 -0.5614 -5.2211
v  -3.9839 -0.5469 -5.1562
v  -3.9976 -0.5802 -5.1410
v  -3.9451 -0.5801 -5.1478
v  -3.9576 -0.6162 -5.1322
v  -4.0055 -0.6256 -5.1281
v  -3.9621 -0.6625 -5.1178
v  -3.9188 -0.6928 -5.1038
v  -3.9138 -0.7436 -5.0803
v  -3.9209 -0.6447 -5.1184
v  -3.8886 -0.6661 -5.1028
v  -3.8838 -0.7097 -5.0878
v  -3.8628 -0.7668 -5.0588
v  -3.9113 -0.6102 -5.1358
v  -3.8905 -0.5902 -5.1536
v  -3.8613 -0.6147 -5.1320
v  -3.8795 -0.6352 -5.1191
v  -3.8591 -0.5769 -5.1577
v  -3.8387 -0.5992 -5.1336
v  -3.8726 -0.5595 -5.1802
v  -3.8305 -0.5481 -5.1733
v  -3.8258 -0.5663 -5.1519
v  -3.8158 -0.5873 -5.1284
v  -3.7975 -0.5756 -5.1181
v  -3.7991 -0.5550 -5.1404
v  -3.7829 -0.5441 -5.1249
v  -3.7875 -0.5649 -5.1039
v  -3.7967 -0.5367 -5.1611
v  -3.7911 -0.5284 -5.0896
v  -3.7818 -0.5348 -5.1080
v  -3.7900 -0.5577 -5.0888
v  -3.8020 -0.5548 -5.0723
v  -3.8162 -0.5808 -5.0279
v  -3.8203 -0.5557 -5.0520
v  -3.7946 -0.5956 -4.9991
v  -3.7836 -0.5975 -5.0305
v  -3.8027 -0.5797 -5.0524
v  -3.7871 -0.5953 -5.0709
v  -3.7915 -0.5824 -5.0844
v  -3.7960 -0.5788 -5.0702
v  -3.7845 -0.5970 -5.0546
v  -3.8600 -0.6130 -5.3184
v  -3.8939 -0.6041 -5.3347
v  -3.8759 -0.6209 -5.3558
v  -3.8366 -0.6309 -5.3353
v  -3.7398 -0.6574 -5.3500
v  -3.7694 -0.6432 -5.3193
v  -3.7181 -0.6708 -5.3837
v  -3.6842 -0.6490 -5.3396
v  -3.7065 -0.6298 -5.3105
v  -3.7400 -0.6087 -5.2732
v  -3.6741 -0.5995 -5.2826
v  -3.6541 -0.6244 -5.3072
v  -3.7040 -0.5714 -5.2523
v  -3.8133 -0.6055 -5.2787
v  -3.8306 -0.6117 -5.2964
v  -3.8026 -0.6256 -5.3048
v  -3.7862 -0.6087 -5.2748
v  -3.7421 -0.5446 -5.2264
v  -3.7718 -0.5733 -5.2418
v  -3.7716 -0.5270 -5.2023
v  -3.8131 -0.5522 -5.2201
v  -3.8742 -0.5531 -5.2007
v  -3.8268 -0.5403 -5.1949
v  -3.8718 -0.5595 -5.2202
v  -3.7889 -0.5258 -5.1805
v  -3.9596 -0.5704 -5.2418
v  -3.9177 -0.5739 -5.2392
v  -3.9456 -0.5878 -5.2636
v  -3.9103 -0.5851 -5.2581
v  -3.9339 -0.5958 -5.2849
v  -3.9036 -0.5919 -5.2754
v  -3.9228 -0.5975 -5.3040
v  -3.8917 -0.5944 -5.2908
v  -3.9093 -0.5960 -5.3189
v  -3.8776 -0.6006 -5.3046
v  -3.8779 -0.5811 -5.2555
v  -3.8819 -0.5871 -5.2688
v  -3.8674 -0.5898 -5.2763
v  -3.8501 -0.5825 -5.2596
v  -3.8513 -0.5988 -5.2864
v  -3.8266 -0.5939 -5.2681
v  -3.8000 -0.5878 -5.2542
v  -3.8330 -0.5724 -5.2421
v  -3.8738 -0.5714 -5.2380
v  -3.9573 -0.8171 -4.9143
v  -3.9283 -0.8187 -4.8646
v  -3.9148 -0.8476 -4.8966
v  -3.8910 -0.8481 -4.8467
v  -3.8967 -0.8020 -4.8226
v  -3.8607 -0.7730 -4.8025
v  -3.8637 -0.8300 -4.8014
v  -3.8319 -0.8008 -4.7751
v  -3.7657 -0.7507 -4.8002
v  -3.7924 -0.7230 -4.8405
v  -3.8260 -0.7421 -4.8110
v  -3.7996 -0.7700 -4.7769
v  -3.7070 -0.7260 -4.8386
v  -3.7341 -0.6910 -4.8813
v  -3.7622 -0.7045 -4.8605
v  -3.7355 -0.7363 -4.8196
v  -3.7837 -0.6070 -5.0743
v  -3.7828 -0.6238 -5.0805
v  -3.8017 -0.6059 -5.1054
v  -3.7934 -0.5924 -5.0963
v  -3.8014 -0.6610 -5.0894
v  -3.8320 -0.6379 -5.1121
v  -3.8151 -0.6208 -5.1120
v  -3.7885 -0.6420 -5.0875
v  -3.7357 -0.6648 -5.0018
v  -3.7625 -0.6246 -5.0166
v  -3.7693 -0.6216 -4.9778
v  -3.7407 -0.6550 -4.9531
v  -3.7709 -0.6189 -5.0480
v  -3.7613 -0.6425 -5.0485
v  -3.6667 -0.7492 -4.8959
v  -3.6980 -0.7088 -4.9487
v  -3.7097 -0.6924 -4.9149
v  -3.6808 -0.7312 -4.8666
v  -3.8496 -0.6569 -5.1017
v  -3.8621 -0.6807 -5.0890
v  -3.8188 -0.6789 -5.0817
v  -3.8349 -0.7015 -5.0708
v  -3.7595 -0.6644 -5.0555
v  -3.7680 -0.6858 -5.0606
v  -3.7290 -0.6924 -5.0160
v  -3.7338 -0.7148 -5.0251
v  -3.6951 -0.7292 -4.9702
v  -3.7000 -0.7510 -4.9825
v  -3.6631 -0.7695 -4.9178
v  -3.6700 -0.7901 -4.9326
v  -3.8646 -0.7097 -5.0791
v  -3.8444 -0.7346 -5.0629
v  -3.7843 -0.7038 -5.0559
v  -3.7493 -0.7331 -5.0234
v  -3.8015 -0.7260 -5.0460
v  -3.7666 -0.7545 -5.0149
v  -3.6892 -0.8046 -4.9361
v  -3.7172 -0.7679 -4.9831
v  -3.7347 -0.7883 -4.9780
v  -3.7065 -0.8225 -4.9346
v  -3.8683 -0.8468 -4.9760
v  -3.8684 -0.8636 -4.9369
v  -3.9060 -0.8435 -4.9662
v  -3.9111 -0.8207 -5.0038
v  -3.8961 -0.8606 -4.9259
v  -3.8715 -0.8737 -4.9116
v  -3.9125 -0.7857 -5.0426
v  -3.8663 -0.8139 -5.0171
v  -3.8131 -0.7614 -5.0378
v  -3.8208 -0.8039 -5.0235
v  -3.7778 -0.7902 -5.0064
v  -3.7866 -0.8321 -4.9902
v  -3.7453 -0.8220 -4.9717
v  -3.7566 -0.8583 -4.9521
v  -3.7175 -0.8513 -4.9278
v  -3.7308 -0.8783 -4.9058
v  -3.8764 -0.8704 -4.8771
v  -3.8517 -0.8711 -4.8270
v  -3.8515 -0.8882 -4.8722
v  -3.8207 -0.8996 -4.8085
v  -3.8285 -0.8410 -4.9873
v  -3.8344 -0.8702 -4.9429
v  -3.7969 -0.8663 -4.9533
v  -3.8059 -0.8885 -4.9057
v  -3.8387 -0.8835 -4.8986
v  -3.8122 -0.8979 -4.8567
v  -3.7691 -0.8871 -4.9145
v  -3.7793 -0.9008 -4.8659
v  -3.7438 -0.8992 -4.8695
v  -3.7539 -0.9080 -4.8252
v  -3.7852 -0.9049 -4.8184
v  -3.7842 -0.9062 -4.7710
v  -3.7582 -0.9106 -4.7829
v  -3.7566 -0.9141 -4.7403
v  -3.8286 -0.8560 -4.7770
v  -3.8027 -0.8282 -4.7423
v  -3.8018 -0.8802 -4.7454
v  -3.7772 -0.8525 -4.7072
v  -3.7746 -0.7985 -4.7364
v  -3.7507 -0.8258 -4.6974
v  -3.7228 -0.8054 -4.7067
v  -3.7432 -0.7776 -4.7516
v  -3.7744 -0.8958 -4.7188
v  -3.7535 -0.8732 -4.6798
v  -3.7488 -0.9094 -4.6923
v  -3.7299 -0.8915 -4.6564
v  -3.7139 -0.7661 -4.7704
v  -3.6959 -0.7943 -4.7233
v  -3.6696 -0.7891 -4.7411
v  -3.6859 -0.7588 -4.7889
v  -3.7091 -0.8700 -4.6433
v  -3.7294 -0.8494 -4.6672
v  -3.6869 -0.8518 -4.6475
v  -3.7040 -0.8304 -4.6731
v  -3.6597 -0.7673 -4.8126
v  -3.6461 -0.8004 -4.7617
v  -3.6323 -0.8212 -4.7823
v  -3.6448 -0.7873 -4.8373
v  -3.6458 -0.8388 -4.6733
v  -3.6566 -0.8155 -4.7034
v  -3.6799 -0.8189 -4.6868
v  -3.6657 -0.8401 -4.6580
v  -3.6361 -0.8594 -4.8175
v  -3.6471 -0.8272 -4.8747
v  -3.6409 -0.8079 -4.8582
v  -3.6293 -0.8417 -4.8007
v  -3.6705 -0.8688 -4.8447
v  -3.6834 -0.8517 -4.8830
v  -3.6670 -0.8380 -4.8817
v  -3.6545 -0.8668 -4.8302
v  -3.6205 -0.8691 -4.7050
v  -3.6252 -0.8475 -4.7391
v  -3.6369 -0.8273 -4.7215
v  -3.6298 -0.8504 -4.6894
v  -3.6953 -0.8724 -4.8733
v  -3.7084 -0.8907 -4.8509
v  -3.6761 -0.8844 -4.8230
v  -3.6871 -0.8983 -4.8006
v  -3.6236 -0.8692 -4.7555
v  -3.6215 -0.8915 -4.7194
v  -3.6444 -0.9091 -4.7337
v  -3.6356 -0.8860 -4.7726
v  -3.6560 -0.8884 -4.7918
v  -3.6656 -0.9032 -4.7669
v  -3.7204 -0.9047 -4.8208
v  -3.7291 -0.9123 -4.7852
v  -3.6983 -0.9089 -4.7798
v  -3.7029 -0.9170 -4.7532
v  -3.7313 -0.9175 -4.7483
v  -3.7285 -0.9250 -4.7095
v  -3.7028 -0.9247 -4.7206
v  -3.6980 -0.9342 -4.6851
v  -3.6783 -0.9112 -4.7566
v  -3.6740 -0.9183 -4.7350
v  -3.6700 -0.9281 -4.7055
v  -3.6653 -0.9387 -4.6728
v  -3.6401 -0.9240 -4.6968
v  -3.6367 -0.9363 -4.6666
v  -3.6198 -0.9096 -4.6884
v  -3.6168 -0.8892 -4.6766
v  -3.6149 -0.9071 -4.6516
v  -3.6183 -0.9246 -4.6606
v  -3.6186 -0.9371 -4.6349
v  -3.6343 -0.9467 -4.6385
v  -3.6152 -0.9224 -4.6285
v  -3.6169 -0.9319 -4.6141
v  -3.6221 -0.9458 -4.6132
v  -3.6348 -0.9517 -4.6202
v  -3.6238 -0.8723 -4.6629
v  -3.6367 -0.8614 -4.6489
v  -3.6199 -0.8926 -4.6402
v  -3.6305 -0.8826 -4.6281
v  -3.6536 -0.8604 -4.6359
v  -3.6459 -0.8802 -4.6177
v  -3.6714 -0.8704 -4.6272
v  -3.6615 -0.8828 -4.6147
v  -3.6592 -0.9477 -4.6401
v  -3.6505 -0.9493 -4.6118
v  -3.6726 -0.9295 -4.6089
v  -3.6903 -0.9407 -4.6457
v  -3.7213 -0.9259 -4.6650
v  -3.7041 -0.9103 -4.6322
v  -3.6881 -0.8888 -4.6217
v  -3.6676 -0.9005 -4.6057
v  -3.6459 -0.9010 -4.6013
v  -3.6459 -0.9233 -4.5935
v  -3.6307 -0.9153 -4.5984
v  -3.6289 -0.9024 -4.6094
v  -3.6342 -0.9432 -4.5958
v  -3.6218 -0.9257 -4.6029
v  -3.6194 -0.9104 -4.6193
v  -4.0322 -0.3178 -4.9942
v  -4.0157 -0.3357 -4.9935
v  -3.9901 -0.3049 -4.9920
v  -4.0111 -0.2876 -4.9858
v  -3.9979 -0.2733 -4.9663
v  -3.9766 -0.2892 -4.9724
v  -3.9566 -0.3039 -4.9812
v  -3.9376 -0.3183 -4.9911
v  -3.9675 -0.3111 -4.9984
v  -3.9512 -0.3240 -5.0086
v  -4.0509 -0.4262 -4.9931
v  -4.0349 -0.4448 -4.9940
v  -4.0121 -0.4098 -5.0006
v  -4.0262 -0.3895 -4.9984
v  -4.0045 -0.3587 -4.9979
v  -3.9945 -0.3829 -5.0046
v  -3.9810 -0.3612 -5.0109
v  -3.9877 -0.3365 -5.0013
v  -3.9745 -0.3269 -5.0047
v  -3.9661 -0.3417 -5.0145
v  -4.0165 -0.4634 -4.9941
v  -3.9952 -0.4804 -4.9925
v  -3.9750 -0.4461 -5.0016
v  -3.9951 -0.4290 -5.0018
v  -3.9187 -0.3319 -5.0020
v  -3.9343 -0.3384 -5.0193
v  -3.9154 -0.3527 -5.0297
v  -3.8985 -0.3446 -5.0128
v  -3.9809 -0.4041 -5.0110
v  -3.9635 -0.4229 -5.0168
v  -3.9528 -0.4015 -5.0291
v  -3.9690 -0.3827 -5.0198
v  -3.9531 -0.3583 -5.0253
v  -3.9363 -0.3749 -5.0367
v  -3.9712 -0.4944 -4.9905
v  -3.9520 -0.4609 -5.0026
v  -3.9438 -0.5060 -4.9896
v  -3.9284 -0.4762 -5.0103
v  -3.8755 -0.3566 -5.0218
v  -3.8930 -0.3658 -5.0400
v  -3.8679 -0.3788 -5.0492
v  -3.8505 -0.3697 -5.0296
v  -3.9440 -0.4402 -5.0253
v  -3.9341 -0.4188 -5.0416
v  -3.9237 -0.4577 -5.0385
v  -3.9132 -0.4347 -5.0574
v  -3.9162 -0.3896 -5.0503
v  -3.8928 -0.4029 -5.0652
v  -3.9140 -0.5169 -4.9947
v  -3.9036 -0.4923 -5.0234
v  -3.8851 -0.5253 -5.0084
v  -3.8766 -0.5028 -5.0383
v  -3.8992 -0.4745 -5.0534
v  -3.8871 -0.4496 -5.0715
v  -3.8713 -0.4841 -5.0652
v  -3.8595 -0.4595 -5.0787
v  -3.8185 -0.4948 -5.0769
v  -3.8326 -0.5268 -5.0512
v  -3.8096 -0.5262 -5.0712
v  -3.7955 -0.4981 -5.0918
v  -3.8579 -0.5274 -5.0284
v  -3.8496 -0.5043 -5.0564
v  -3.8443 -0.4839 -5.0751
v  -3.8363 -0.4623 -5.0821
v  -3.8208 -0.4742 -5.0825
v  -3.8211 -0.4612 -5.0841
v  -3.8241 -0.3849 -5.0369
v  -3.8411 -0.3939 -5.0559
v  -3.8172 -0.4085 -5.0614
v  -3.8003 -0.4001 -5.0455
v  -3.8653 -0.4167 -5.0756
v  -3.8395 -0.4291 -5.0795
v  -3.7795 -0.4682 -5.1109
v  -3.7587 -0.4439 -5.1167
v  -3.7736 -0.4383 -5.0957
v  -3.7942 -0.4622 -5.0946
v  -3.7050 -0.4193 -5.0840
v  -3.7250 -0.4238 -5.0990
v  -3.7262 -0.4085 -5.0588
v  -3.7492 -0.4160 -5.0729
v  -3.8008 -0.4532 -5.0885
v  -3.8071 -0.4440 -5.0844
v  -3.7827 -0.4334 -5.0851
v  -3.7889 -0.4272 -5.0769
v  -3.7582 -0.4264 -5.0891
v  -3.7415 -0.4315 -5.1107
v  -3.7695 -0.4248 -5.0803
v  -3.7719 -0.4196 -5.0713
v  -3.7824 -0.4118 -5.0580
v  -3.7650 -0.4060 -5.0484
v  -3.8003 -0.4194 -5.0683
v  -3.7459 -0.3993 -5.0349
v  -3.8205 -0.4369 -5.0811
v  -4.9214 0.3049 -5.8745
v  -4.9148 0.2770 -5.8696
v  -4.8995 0.2960 -5.8831
v  -4.8992 0.2781 -5.8784
v  -4.8988 0.2476 -5.8636
v  -4.8819 0.2617 -5.8748
v  -4.8535 0.2368 -5.8630
v  -4.8735 0.2169 -5.8543
v  -4.8729 0.2789 -5.8813
v  -4.8409 0.2568 -5.8668
v  -4.8399 0.1877 -5.8374
v  -4.8052 0.1598 -5.8187
v  -4.8185 0.2090 -5.8431
v  -4.7818 0.1783 -5.8242
v  -4.7748 0.1298 -5.8087
v  -4.7488 0.1445 -5.8189
v  -4.7169 0.1664 -5.8197
v  -4.6821 0.1284 -5.8115
v  -4.7608 0.2001 -5.8253
v  -4.6621 0.0792 -5.8025
v  -4.6245 0.0981 -5.7841
v  -4.5897 0.0993 -5.7861
v  -4.8032 0.2312 -5.8436
v  -3.5449 -0.2065 -5.7227
v  -3.5232 -0.1913 -5.6673
v  -3.4880 -0.2171 -5.6723
v  -3.5121 -0.2310 -5.7347
v  -3.5070 -0.1813 -5.6103
v  -3.4616 -0.2120 -5.5965
v  -3.5014 -0.1737 -5.5540
v  -3.4542 -0.1982 -5.5333
v  -3.5751 -0.2248 -5.7805
v  -3.6193 -0.2569 -5.8290
v  -3.5417 -0.2500 -5.7927
v  -3.5828 -0.2825 -5.8409
v  -3.6588 -0.2850 -5.8806
v  -3.6206 -0.3119 -5.8916
v  -3.6528 -0.3359 -5.9441
v  -3.6920 -0.3094 -5.9327
v  -3.7218 -0.3392 -5.9763
v  -3.6824 -0.3646 -5.9888
v  -3.7519 -0.3835 -5.9935
v  -3.7132 -0.4083 -6.0102
v  -3.4193 -0.2375 -5.4647
v  -3.4269 -0.2168 -5.5145
v  -3.4058 -0.2553 -5.4797
v  -3.4202 -0.2255 -5.5389
v  -3.4928 -0.5004 -5.2144
v  -3.4867 -0.4856 -5.2211
v  -3.5002 -0.5142 -5.2112
v  -3.4792 -0.5296 -5.2310
v  -3.4707 -0.5148 -5.2342
v  -3.4630 -0.4993 -5.2398
v  -3.4156 -0.2776 -5.4073
v  -3.3994 -0.2912 -5.4210
v  -3.4213 -0.3204 -5.3605
v  -3.4026 -0.3295 -5.3723
v  -3.4391 -0.3564 -5.3365
v  -3.4171 -0.3657 -5.3503
v  -3.4540 -0.3847 -5.3165
v  -3.4296 -0.3951 -5.3314
v  -3.4643 -0.4071 -5.2969
v  -3.4384 -0.4182 -5.3123
v  -3.4705 -0.4251 -5.2772
v  -3.4438 -0.4367 -5.2928
v  -3.4744 -0.4405 -5.2586
v  -3.4778 -0.4553 -5.2428
v  -3.4514 -0.4677 -5.2592
v  -3.4476 -0.4525 -5.2746
v  -3.4818 -0.4704 -5.2304
v  -3.4565 -0.4833 -5.2478
v  -3.8158 -0.6732 -5.5360
v  -3.8143 -0.6759 -5.5950
v  -3.7735 -0.7075 -5.5877
v  -3.7783 -0.6971 -5.5169
v  -3.7840 -0.6955 -5.6677
v  -3.8131 -0.6674 -5.6551
v  -3.8022 -0.6403 -5.7095
v  -3.7770 -0.6682 -5.7305
v  -3.7931 -0.6006 -5.7672
v  -3.7630 -0.6245 -5.7887
v  -3.7957 -0.5666 -5.8318
v  -3.7620 -0.5893 -5.8513
v  -3.8059 -0.5348 -5.8984
v  -3.7988 -0.4854 -5.9480
v  -3.7612 -0.5119 -5.9651
v  -3.7679 -0.5578 -5.9153
v  -3.7792 -0.4332 -5.9814
v  -3.7417 -0.4598 -5.9980
v  -3.7369 -0.7228 -5.5319
v  -3.7487 -0.7091 -5.5006
v  -3.7056 -0.7203 -5.4769
v  -3.7280 -0.7020 -5.4556
v  -3.5084 -0.5267 -5.2125
v  -3.4886 -0.5430 -5.2319
v  -3.5172 -0.5375 -5.2192
v  -3.4983 -0.5547 -5.2381
v  -3.6942 -0.6881 -5.4040
v  -3.6640 -0.6691 -5.3619
v  -3.6730 -0.7080 -5.4230
v  -3.6441 -0.6903 -5.3830
v  -3.6358 -0.6471 -5.3287
v  -3.6086 -0.6209 -5.3102
v  -3.6172 -0.6691 -5.3498
v  -3.5921 -0.6438 -5.3290
v  -3.5832 -0.5943 -5.3013
v  -3.5633 -0.5751 -5.2891
v  -3.5690 -0.6170 -5.3182
v  -3.5492 -0.5955 -5.3074
v  -3.5485 -0.5629 -5.2710
v  -3.5332 -0.5822 -5.2897
v  -3.5201 -0.5729 -5.2692
v  -3.5368 -0.5543 -5.2504
v  -3.5266 -0.5464 -5.2320
v  -3.5087 -0.5644 -5.2509
v  -3.4580 -0.2370 -5.6881
v  -3.4805 -0.2489 -5.7503
v  -3.4361 -0.2349 -5.6212
v  -3.4076 -0.2506 -5.6419
v  -3.4254 -0.2529 -5.7072
v  -3.4446 -0.2639 -5.7693
v  -3.5078 -0.2699 -5.8078
v  -3.5450 -0.3056 -5.8554
v  -3.4682 -0.2854 -5.8275
v  -3.5022 -0.3257 -5.8739
v  -3.6139 -0.3594 -5.9605
v  -3.5816 -0.3369 -5.9058
v  -3.5383 -0.3593 -5.9241
v  -3.5716 -0.3804 -5.9818
v  -3.6458 -0.3855 -6.0088
v  -3.6804 -0.4276 -6.0363
v  -3.6069 -0.4046 -6.0344
v  -3.6460 -0.4459 -6.0660
v  -3.4099 -0.2449 -5.5580
v  -3.3864 -0.2618 -5.5789
v  -3.3916 -0.2708 -5.4962
v  -3.3697 -0.2855 -5.5170
v  -3.4488 -0.5292 -5.2525
v  -3.4399 -0.5125 -5.2574
v  -3.4586 -0.5451 -5.2501
v  -3.4370 -0.5618 -5.2700
v  -3.4260 -0.5443 -5.2715
v  -3.4157 -0.5260 -5.2757
v  -3.3836 -0.3035 -5.4363
v  -3.3621 -0.3158 -5.4562
v  -3.3849 -0.3387 -5.3849
v  -3.3633 -0.3489 -5.4014
v  -3.3959 -0.3740 -5.3635
v  -3.4063 -0.4037 -5.3453
v  -3.3799 -0.4105 -5.3611
v  -3.3714 -0.3821 -5.3790
v  -3.4140 -0.4273 -5.3271
v  -3.3868 -0.4339 -5.3441
v  -3.4190 -0.4464 -5.3084
v  -3.3919 -0.4538 -5.3267
v  -3.4226 -0.4631 -5.2906
v  -3.4266 -0.4790 -5.2755
v  -3.4007 -0.4895 -5.2944
v  -3.3962 -0.4719 -5.3094
v  -3.4323 -0.4955 -5.2647
v  -3.4071 -0.5075 -5.2830
v  -3.7473 -0.7175 -5.6951
v  -3.7373 -0.7344 -5.6294
v  -3.7412 -0.6856 -5.7558
v  -3.7039 -0.7334 -5.7333
v  -3.6950 -0.6936 -5.7933
v  -3.6981 -0.7554 -5.6727
v  -3.7288 -0.6410 -5.8145
v  -3.7272 -0.6061 -5.8759
v  -3.6873 -0.6525 -5.8527
v  -3.6885 -0.6215 -5.9127
v  -3.7307 -0.5750 -5.9370
v  -3.6924 -0.5933 -5.9702
v  -3.7242 -0.5331 -5.9875
v  -3.6837 -0.5524 -6.0174
v  -3.7061 -0.4814 -6.0208
v  -3.6669 -0.5018 -6.0494
v  -3.7120 -0.7439 -5.5675
v  -3.6826 -0.7421 -5.5054
v  -3.6787 -0.7652 -5.6109
v  -3.6551 -0.7665 -5.5443
v  -3.4691 -0.5598 -5.2512
v  -3.4489 -0.5781 -5.2724
v  -3.4802 -0.5724 -5.2584
v  -3.4616 -0.5911 -5.2808
v  -3.6002 -0.7394 -5.4377
v  -3.6232 -0.7130 -5.4073
v  -3.6513 -0.7302 -5.4473
v  -3.6267 -0.7557 -5.4827
v  -3.5557 -0.6942 -5.3802
v  -3.5746 -0.6667 -5.3515
v  -3.5977 -0.6921 -5.3738
v  -3.5768 -0.7191 -5.4041
v  -3.5538 -0.6391 -5.3391
v  -3.5353 -0.6146 -5.3285
v  -3.5370 -0.6659 -5.3650
v  -3.5202 -0.6377 -5.3528
v  -3.4896 -0.6075 -5.3169
v  -3.5048 -0.5905 -5.2909
v  -3.5190 -0.5993 -5.3118
v  -3.5045 -0.6168 -5.3373
v  -3.4919 -0.5824 -5.2718
v  -3.4752 -0.6004 -5.2963
v  -3.3860 -0.2688 -5.7303
v  -3.4017 -0.2802 -5.7919
v  -3.3708 -0.2664 -5.6662
v  -3.3209 -0.2891 -5.7060
v  -3.3335 -0.2937 -5.7666
v  -3.3475 -0.3069 -5.8244
v  -3.4216 -0.3021 -5.8494
v  -3.4527 -0.3456 -5.8939
v  -3.3659 -0.3318 -5.8758
v  -3.3955 -0.3744 -5.9130
v  -3.4598 -0.4348 -6.0163
v  -3.5223 -0.4026 -6.0038
v  -3.4884 -0.3816 -5.9441
v  -3.4292 -0.4115 -5.9597
v  -3.5599 -0.4255 -6.0630
v  -3.5944 -0.4705 -6.0923
v  -3.4904 -0.4622 -6.0688
v  -3.5241 -0.4991 -6.1078
v  -3.3518 -0.2789 -5.6071
v  -3.3064 -0.2963 -5.6471
v  -3.3375 -0.2999 -5.5459
v  -3.2939 -0.3130 -5.5879
v  -3.4009 -0.5611 -5.2919
v  -3.3884 -0.5407 -5.2966
v  -3.4136 -0.5808 -5.2917
v  -3.3708 -0.5816 -5.3183
v  -3.3868 -0.6044 -5.3192
v  -3.3547 -0.5574 -5.3224
v  -3.3311 -0.3273 -5.4842
v  -3.3324 -0.3582 -5.4268
v  -3.2897 -0.3632 -5.4678
v  -3.2884 -0.3361 -5.5255
v  -3.3386 -0.3879 -5.4000
v  -3.3457 -0.4140 -5.3808
v  -3.2994 -0.4114 -5.4131
v  -3.2949 -0.3892 -5.4327
v  -3.3520 -0.4367 -5.3646
v  -3.3047 -0.4339 -5.3955
v  -3.3577 -0.4576 -5.3488
v  -3.3107 -0.4571 -5.3783
v  -3.3633 -0.4780 -5.3327
v  -3.3186 -0.4813 -5.3608
v  -3.3698 -0.4985 -5.3175
v  -3.3289 -0.5063 -5.3443
v  -3.3779 -0.5196 -5.3051
v  -3.3407 -0.5319 -5.3314
v  -3.5891 -0.7828 -5.7909
v  -3.6505 -0.7712 -5.7258
v  -3.6482 -0.7401 -5.7865
v  -3.5813 -0.7480 -5.8556
v  -3.6389 -0.6985 -5.8476
v  -3.5778 -0.7135 -5.9175
v  -3.6375 -0.6645 -5.9064
v  -3.5811 -0.6832 -5.9729
v  -3.6424 -0.6375 -5.9619
v  -3.5892 -0.6561 -6.0194
v  -3.6471 -0.6115 -6.0123
v  -3.5959 -0.6295 -6.0563
v  -3.6357 -0.5726 -6.0531
v  -3.5783 -0.5951 -6.0893
v  -3.6172 -0.5240 -6.0810
v  -3.5530 -0.5491 -6.1096
v  -3.6394 -0.7879 -5.6640
v  -3.6211 -0.7929 -5.5977
v  -3.5926 -0.8126 -5.7273
v  -3.5792 -0.8234 -5.6643
v  -3.4273 -0.5987 -5.2958
v  -3.4038 -0.6240 -5.3253
v  -3.4424 -0.6116 -5.3075
v  -3.4223 -0.6357 -5.3437
v  -3.5477 -0.8144 -5.5360
v  -3.5753 -0.7720 -5.4769
v  -3.5993 -0.7870 -5.5295
v  -3.5665 -0.8252 -5.5954
v  -3.5095 -0.7782 -5.4636
v  -3.5347 -0.7305 -5.4171
v  -3.5539 -0.7538 -5.4424
v  -3.5275 -0.7985 -5.4918
v  -3.5177 -0.7028 -5.3988
v  -3.5026 -0.6735 -5.3842
v  -3.4935 -0.7525 -5.4421
v  -3.4791 -0.7237 -5.4252
v  -3.4544 -0.6665 -5.3904
v  -3.4743 -0.6267 -5.3490
v  -3.4887 -0.6455 -5.3683
v  -3.4663 -0.6941 -5.4088
v  -3.4585 -0.6194 -5.3272
v  -3.4414 -0.6439 -5.3677
v  -2.9058 -1.1993 -5.9266
v  -2.9197 -1.2215 -5.8727
v  -3.0346 -1.1601 -5.8838
v  -3.0159 -1.1298 -5.9298
v  -2.8036 -1.2628 -5.9233
v  -2.8143 -1.2775 -5.8570
v  -2.9204 -1.2237 -5.8148
v  -2.8150 -1.2766 -5.7921
v  -3.0373 -1.1656 -5.8275
v  -3.2777 -1.0380 -5.6892
v  -3.3676 -0.9699 -5.6432
v  -3.3721 -0.9789 -5.6917
v  -3.2834 -1.0441 -5.7371
v  -3.4424 -0.9144 -5.6292
v  -3.4324 -0.9009 -5.5830
v  -3.4519 -0.9216 -5.6859
v  -3.3785 -0.9835 -5.7509
v  -3.2864 -1.0488 -5.7936
v  -2.9186 -1.2211 -5.7630
v  -3.0362 -1.1640 -5.7752
v  -2.8118 -1.2710 -5.7392
v  -2.9131 -1.2125 -5.7157
v  -2.8043 -1.2592 -5.6956
v  -3.0327 -1.1601 -5.7247
v  -3.1604 -1.1066 -5.8183
v  -3.1586 -1.1036 -5.7644
v  -3.1543 -1.0993 -5.7149
v  -3.2467 -0.9929 -5.6222
v  -3.3443 -0.9252 -5.5793
v  -3.3560 -0.9515 -5.6055
v  -3.2651 -1.0225 -5.6487
v  -3.4209 -0.8812 -5.5466
v  -3.4058 -0.8543 -5.5222
v  -2.9028 -1.1960 -5.6742
v  -3.0235 -1.1476 -5.6769
v  -2.7932 -1.2405 -5.6604
v  -2.8875 -1.1711 -5.6411
v  -2.7790 -1.2173 -5.6311
v  -3.0066 -1.1209 -5.6406
v  -3.1437 -1.0861 -5.6698
v  -3.1258 -1.0588 -5.6367
v  -3.2018 -0.9149 -5.5919
v  -3.3243 -0.8522 -5.5572
v  -3.3324 -0.8921 -5.5632
v  -3.2251 -0.9564 -5.6053
v  -3.3913 -0.8219 -5.5073
v  -3.3782 -0.7875 -5.4942
v  -2.9620 -1.0496 -5.5965
v  -2.9849 -1.0863 -5.6161
v  -2.8681 -1.1406 -5.6151
v  -2.8464 -1.1070 -5.5938
v  -2.7616 -1.1910 -5.6046
v  -2.7426 -1.1626 -5.5781
v  -3.1039 -1.0235 -5.6147
v  -3.0805 -0.9848 -5.5973
v  -3.1559 -0.8417 -5.5370
v  -3.2772 -0.7822 -5.5012
v  -3.3003 -0.8138 -5.5332
v  -3.1783 -0.8729 -5.5725
v  -3.3628 -0.7548 -5.4740
v  -3.3494 -0.7248 -5.4492
v  -2.9182 -0.9789 -5.5533
v  -2.9398 -1.0137 -5.5774
v  -2.8249 -1.0732 -5.5722
v  -2.8045 -1.0405 -5.5445
v  -2.7247 -1.1343 -5.5478
v  -2.7080 -1.1057 -5.5130
v  -3.0575 -0.9454 -5.5794
v  -3.0354 -0.9097 -5.5533
v  -3.1110 -0.7785 -5.4749
v  -3.2309 -0.7165 -5.4479
v  -3.2547 -0.7495 -5.4734
v  -3.1342 -0.8119 -5.5033
v  -3.3418 -0.6954 -5.4242
v  -3.3128 -0.6713 -5.3975
v  -2.8757 -0.9104 -5.4857
v  -2.8973 -0.9452 -5.5211
v  -2.7854 -1.0084 -5.5087
v  -2.7649 -0.9734 -5.4733
v  -2.6887 -1.0728 -5.4772
v  -2.6713 -1.0395 -5.4348
v  -3.0147 -0.8791 -5.5182
v  -2.9920 -0.8448 -5.4861
v  -3.2530 -0.6043 -5.3875
v  -3.2830 -0.6390 -5.3867
v  -3.1992 -0.6806 -5.4303
v  -3.1680 -0.6433 -5.4231
v  -3.0851 -0.7381 -5.4551
v  -3.0572 -0.6960 -5.4431
v  -2.8187 -0.8201 -5.4411
v  -2.8490 -0.8677 -5.4565
v  -2.7395 -0.9307 -5.4430
v  -2.7099 -0.8836 -5.4312
v  -2.6465 -0.9953 -5.3984
v  -2.6132 -0.9438 -5.3867
v  -2.9651 -0.8029 -5.4616
v  -2.9356 -0.7575 -5.4467
v  -3.2022 -0.5371 -5.4130
v  -3.2238 -0.5717 -5.3971
v  -3.1405 -0.6040 -5.4259
v  -3.1175 -0.5634 -5.4404
v  -3.0281 -0.6541 -5.4445
v  -3.0011 -0.6143 -5.4624
v  -2.7573 -0.7285 -5.4734
v  -2.7866 -0.7716 -5.4462
v  -2.6789 -0.8374 -5.4366
v  -2.6492 -0.7950 -5.4611
v  -2.5786 -0.8940 -5.3966
v  -2.5465 -0.8501 -5.4241
v  -2.9046 -0.7114 -5.4493
v  -2.8770 -0.6701 -5.4745
v  -3.1773 -0.4659 -5.4653
v  -3.1872 -0.5012 -5.4358
v  -3.1004 -0.5222 -5.4683
v  -3.0824 -0.4910 -5.5083
v  -2.9785 -0.5792 -5.4951
v  -2.9608 -0.5503 -5.5380
v  -2.7339 -0.6950 -5.5148
v  -2.6247 -0.7613 -5.5009
v  -2.6045 -0.7350 -5.5494
v  -2.7154 -0.6696 -5.5646
v  -2.5221 -0.8179 -5.4691
v  -2.4982 -0.7851 -5.5122
v  -2.8534 -0.6348 -5.5109
v  -2.8360 -0.6085 -5.5583
v  -3.1641 -0.3997 -5.5377
v  -3.1768 -0.4256 -5.4996
v  -3.0700 -0.4675 -5.5542
v  -3.0493 -0.4327 -5.5897
v  -2.9470 -0.5267 -5.5847
v  -2.9235 -0.4903 -5.6188
v  -2.6970 -0.6437 -5.6109
v  -2.5862 -0.7112 -5.5975
v  -2.5617 -0.6760 -5.6350
v  -2.6737 -0.6097 -5.6486
v  -2.4807 -0.7642 -5.5624
v  -2.4585 -0.7340 -5.6055
v  -2.8195 -0.5831 -5.6046
v  -2.7963 -0.5484 -5.6409
v  -3.1528 -0.3662 -5.6316
v  -3.1559 -0.3793 -5.5820
v  -3.0400 -0.4136 -5.6379
v  -3.0365 -0.4042 -5.6895
v  -2.9084 -0.4643 -5.6648
v  -2.9029 -0.4544 -5.7184
v  -2.6462 -0.5671 -5.6848
v  -2.5325 -0.6313 -5.6693
v  -2.5171 -0.6106 -5.7252
v  -2.6366 -0.5545 -5.7429
v  -2.4300 -0.6907 -5.6421
v  -2.4095 -0.6610 -5.6960
v  -2.7733 -0.5115 -5.6812
v  -2.7662 -0.5006 -5.7378
v  -3.1563 -0.3525 -5.7358
v  -3.1532 -0.3580 -5.6836
v  -3.0363 -0.4002 -5.7406
v  -3.0390 -0.3998 -5.7910
v  -2.9012 -0.4505 -5.7716
v  -2.9032 -0.4514 -5.8245
v  -2.6302 -0.5458 -5.8009
v  -2.5051 -0.5916 -5.7846
v  -2.5012 -0.5854 -5.8482
v  -2.6299 -0.5460 -5.8596
v  -2.3929 -0.6330 -5.7574
v  -2.3857 -0.6201 -5.8259
v  -2.7632 -0.4963 -5.7941
v  -2.7645 -0.4980 -5.8499
v  -3.1680 -0.3615 -5.8314
v  -3.1597 -0.3548 -5.7831
v  -3.0450 -0.4040 -5.8404
v  -3.0546 -0.4132 -5.8875
v  -2.9090 -0.4572 -5.8760
v  -2.9184 -0.4668 -5.9255
v  -2.6362 -0.5571 -5.9154
v  -2.5075 -0.5984 -5.9085
v  -2.5199 -0.6207 -5.9640
v  -2.6471 -0.5740 -5.9682
v  -2.3910 -0.6309 -5.8926
v  -2.4050 -0.6568 -5.9527
v  -2.7705 -0.5062 -5.9038
v  -2.7805 -0.5189 -5.9553
v  -3.1963 -0.3967 -5.9148
v  -3.1800 -0.3752 -5.8776
v  -3.0691 -0.4302 -5.9302
v  -3.0871 -0.4562 -5.9611
v  -2.9327 -0.4828 -5.9724
v  -2.9540 -0.5128 -6.0062
v  -2.6619 -0.5948 -6.0185
v  -2.5366 -0.6479 -6.0153
v  -2.5647 -0.6860 -6.0642
v  -2.6879 -0.6297 -6.0612
v  -2.4245 -0.6906 -6.0061
v  -2.4555 -0.7345 -6.0587
v  -2.7951 -0.5361 -6.0054
v  -2.8198 -0.5705 -6.0425
v  -3.2165 -0.4276 -5.9349
v  -3.1059 -0.4910 -5.9699
v  -3.1292 -0.5315 -5.9733
v  -3.2436 -0.4685 -5.9398
v  -2.9792 -0.5552 -6.0154
v  -3.0056 -0.6034 -6.0086
v  -2.6132 -0.7519 -6.0884
v  -2.7296 -0.6875 -6.0801
v  -2.5094 -0.8066 -6.0904
v  -2.5570 -0.8846 -6.0649
v  -2.6568 -0.8220 -6.0664
v  -2.7671 -0.7508 -6.0578
v  -2.8534 -0.6208 -6.0553
v  -2.8839 -0.6783 -6.0349
v  -3.2703 -0.4981 -5.9778
v  -3.1592 -0.5671 -6.0003
v  -3.1865 -0.5962 -6.0344
v  -3.2950 -0.5289 -6.0178
v  -3.0363 -0.6415 -6.0335
v  -3.0641 -0.6730 -6.0647
v  -2.8004 -0.7950 -6.0715
v  -2.6886 -0.8667 -6.0812
v  -2.7095 -0.8935 -6.1125
v  -2.8244 -0.8227 -6.1041
v  -2.5866 -0.9281 -6.0874
v  -2.6051 -0.9555 -6.1166
v  -2.9168 -0.7197 -6.0550
v  -2.9433 -0.7494 -6.0875
v  -3.3406 -0.5903 -6.1108
v  -3.3150 -0.5593 -6.0629
v  -3.2072 -0.6286 -6.0699
v  -3.2282 -0.6551 -6.1268
v  -3.0893 -0.7079 -6.0859
v  -3.1063 -0.7241 -6.1466
v  -2.8560 -0.8674 -6.1812
v  -2.8454 -0.8573 -6.1249
v  -2.7285 -0.9230 -6.1387
v  -2.7390 -0.9319 -6.1925
v  -2.6211 -0.9761 -6.1509
v  -2.6319 -0.9811 -6.2039
v  -2.9669 -0.7855 -6.1064
v  -2.9791 -0.7946 -6.1659
v  -2.6436 -0.9766 -6.2859
v  -2.7527 -0.9352 -6.2748
v  -2.6809 -1.0323 -6.3319
v  -2.7896 -0.9913 -6.3216
v  -2.8739 -0.8811 -6.2611
v  -2.9118 -0.9354 -6.3133
v  -2.9499 -1.0035 -6.3083
v  -2.8341 -1.0663 -6.3269
v  -2.8701 -1.1339 -6.2640
v  -2.9911 -1.0720 -6.2645
v  -2.7333 -1.1183 -6.3403
v  -2.7615 -1.1831 -6.2555
v  -2.9997 -0.8150 -6.2447
v  -3.0379 -0.8690 -6.3001
v  -3.1662 -0.7991 -6.2724
v  -3.1307 -0.7509 -6.2154
v  -3.2967 -0.7311 -6.2224
v  -3.4329 -0.6793 -6.1470
v  -3.3776 -0.6316 -6.1477
v  -3.2583 -0.6880 -6.1820
v  -3.1584 -1.1034 -5.8804
v  -3.2881 -1.0513 -5.8663
v  -3.2679 -1.0164 -5.9252
v  -3.1390 -1.0707 -5.9299
v  -3.2399 -0.9195 -6.2266
v  -3.3532 -0.8400 -6.1738
v  -3.3250 -0.7815 -6.2204
v  -3.2005 -0.8598 -6.2616
v  -3.4344 -0.7395 -6.1315
v  -3.4432 -0.7857 -6.0864
v  -2.8791 -1.1546 -6.1494
v  -2.9999 -1.0928 -6.1474
v  -2.7680 -1.2052 -6.1489
v  -2.7726 -1.2173 -6.0480
v  -2.8777 -1.1554 -6.0392
v  -2.9950 -1.0887 -6.0341
v  -2.8811 -1.1643 -5.9677
v  -2.7761 -1.2263 -5.9738
v  -2.9952 -1.0954 -5.9651
v  -3.3901 -0.9813 -5.8242
v  -3.4598 -0.9196 -5.7513
v  -3.4666 -0.9047 -5.8184
v  -3.3854 -0.9536 -5.9012
v  -3.2333 -0.9534 -6.0261
v  -3.3386 -0.8862 -5.9968
v  -3.3452 -0.8682 -6.0814
v  -3.2423 -0.9462 -6.1223
v  -3.4336 -0.8110 -6.0118
v  -3.4320 -0.8347 -5.9378
v  -3.0741 -0.9351 -6.2887
v  -3.1160 -1.0006 -6.2505
v  -3.1209 -1.0209 -6.1371
v  -3.1168 -1.0230 -6.0288
v  -3.1188 -1.0342 -5.9633
v  -3.2396 -0.9720 -5.9599
v  -3.3504 -0.9123 -5.9352
v  -3.4440 -0.8655 -5.8737
v  -2.5959 -1.2612 -6.2577
v  -2.6772 -1.2206 -6.2508
v  -2.6529 -1.1531 -6.3456
v  -2.5719 -1.1896 -6.3552
v  -2.5938 -1.0594 -6.3411
v  -2.5079 -1.0915 -6.3554
v  -2.5540 -1.0099 -6.2921
v  -2.5414 -1.0175 -6.2133
v  -2.4668 -1.0416 -6.3048
v  -2.4552 -1.0462 -6.2253
v  -2.5303 -1.0149 -6.1617
v  -2.5170 -1.0013 -6.1223
v  -2.4464 -1.0431 -6.1729
v  -2.4354 -1.0308 -6.1327
v  -2.4996 -0.9728 -6.0936
v  -2.4711 -0.9291 -6.0686
v  -2.4189 -1.0062 -6.1027
v  -2.3893 -0.9609 -6.0850
v  -2.4220 -0.8460 -6.0900
v  -2.3362 -0.8817 -6.0903
v  -2.3651 -0.7716 -6.0522
v  -2.2759 -0.8116 -6.0421
v  -2.3318 -0.7249 -5.9952
v  -2.3101 -0.6882 -5.9391
v  -2.2348 -0.7638 -5.9846
v  -2.2062 -0.7273 -5.9266
v  -2.2952 -0.6621 -5.8751
v  -2.1898 -0.7036 -5.8589
v  -2.2906 -0.6547 -5.8042
v  -2.1877 -0.6983 -5.7862
v  -2.2842 -1.1207 -6.2446
v  -2.2855 -1.1496 -6.3218
v  -2.3690 -1.0915 -6.3232
v  -2.3620 -1.0804 -6.2403
v  -2.2798 -1.2170 -6.4051
v  -2.4058 -1.1480 -6.3748
v  -2.2347 -1.1487 -6.2334
v  -2.2273 -1.1691 -6.3132
v  -2.3619 -1.0748 -6.1799
v  -2.3543 -1.0607 -6.1374
v  -2.2861 -1.0877 -6.1356
v  -2.2907 -1.1066 -6.1801
v  -2.2469 -1.1328 -6.1685
v  -2.3356 -1.0396 -6.1081
v  -2.2645 -1.0629 -6.1157
v  -2.2998 -0.9908 -6.1123
v  -2.2217 -1.0216 -6.1222
v  -2.2194 -1.0752 -6.1164
v  -2.2403 -1.1023 -6.1317
v  -2.2389 -0.9283 -6.0860
v  -2.1584 -0.9747 -6.0742
v  -2.1704 -0.8687 -6.0296
v  -2.0788 -0.9149 -6.0378
v  -2.1186 -0.9979 -6.0628
v  -2.1802 -1.0437 -6.1019
v  -2.1071 -0.8158 -5.9832
v  -1.9946 -0.8563 -6.0087
v  -2.0602 -0.7788 -5.9246
v  -1.8851 -0.8150 -5.9532
v  -2.0365 -0.9432 -6.0405
v  -1.9489 -0.8875 -6.0344
v  -1.7257 -0.8170 -5.9365
v  -1.7263 -0.8442 -5.9957
v  -1.8484 -0.8505 -6.0160
v  -2.6872 -1.2596 -5.6145
v  -2.6991 -1.2778 -5.6450
v  -2.6297 -1.3162 -5.6251
v  -2.6158 -1.3029 -5.5909
v  -2.7097 -1.2940 -5.6777
v  -2.6416 -1.3282 -5.6591
v  -2.7191 -1.3077 -5.7181
v  -2.6523 -1.3392 -5.6979
v  -2.7252 -1.3192 -5.7717
v  -2.6610 -1.3537 -5.7517
v  -2.7236 -1.3252 -5.8479
v  -2.6566 -1.3652 -5.8378
v  -2.7079 -1.3088 -5.9276
v  -2.6271 -1.3458 -5.9295
v  -2.5867 -1.2927 -6.0830
v  -2.6776 -1.2572 -6.0632
v  -2.6755 -1.2402 -6.1525
v  -2.5919 -1.2835 -6.1670
v  -2.6816 -1.2718 -5.9892
v  -2.5911 -1.3057 -6.0023
v  -2.4663 -1.2440 -6.3710
v  -2.4914 -1.3162 -6.2796
v  -2.3394 -1.3140 -6.4053
v  -2.3571 -1.3803 -6.3250
v  -2.3824 -1.3916 -6.1414
v  -2.4858 -1.3359 -6.1034
v  -2.4899 -1.3371 -6.1921
v  -2.3597 -1.3899 -6.2359
v  -1.8711 -0.7962 -5.7658
v  -1.8701 -0.7871 -5.8578
v  -2.0397 -0.7586 -5.8517
v  -2.0454 -0.7561 -5.7759
v  -2.6724 -1.2387 -5.5839
v  -2.6573 -1.2161 -5.5513
v  -2.6006 -1.2891 -5.5526
v  -2.5869 -1.2747 -5.5113
v  -2.6286 -1.1650 -5.4775
v  -2.6440 -1.1930 -5.5142
v  -2.5779 -1.2566 -5.4692
v  -2.5587 -1.2283 -5.4341
v  -2.6096 -1.1325 -5.4386
v  -2.5935 -1.0982 -5.3901
v  -2.5367 -1.1937 -5.3981
v  -2.5133 -1.1537 -5.3606
v  -2.5267 -0.9961 -5.3521
v  -2.5628 -1.0493 -5.3612
v  -2.4809 -1.1025 -5.3410
v  -2.4444 -1.0494 -5.3343
v  -2.3869 -0.8055 -5.5271
v  -2.3679 -0.7814 -5.5762
v  -2.4064 -0.8311 -5.4802
v  -2.3000 -0.8496 -5.5062
v  -2.3164 -0.8790 -5.4607
v  -2.2828 -0.8228 -5.5558
v  -2.3407 -0.7404 -5.6169
v  -2.3173 -0.7038 -5.6689
v  -2.2552 -0.7853 -5.6021
v  -2.2254 -0.7458 -5.6527
v  -2.2990 -0.6715 -5.7325
v  -2.2013 -0.7148 -5.7157
v  -2.0233 -0.8231 -5.6573
v  -1.9613 -0.8054 -5.7091
v  -2.0757 -0.7676 -5.7122
v  -2.1182 -0.7899 -5.6538
v  -2.5131 -1.4254 -5.9061
v  -2.5681 -1.3834 -5.9168
v  -2.5204 -1.3604 -6.0124
v  -2.4493 -1.4147 -6.0378
v  -2.6207 -1.3718 -5.7285
v  -2.6160 -1.3934 -5.8168
v  -2.5951 -1.4086 -5.7910
v  -2.6088 -1.3868 -5.7023
v  -2.6086 -1.3819 -5.6554
v  -2.5894 -1.3818 -5.6283
v  -2.5982 -1.3534 -5.6495
v  -2.6058 -1.3574 -5.6828
v  -2.5843 -1.3485 -5.6113
v  -2.5640 -1.3439 -5.5686
v  -2.5570 -1.3788 -5.6007
v  -2.5275 -1.3783 -5.5530
v  -2.4560 -0.9020 -5.3928
v  -2.4888 -0.9440 -5.3586
v  -2.4050 -1.0009 -5.3436
v  -2.3582 -0.9688 -5.3822
v  -2.4308 -0.8660 -5.4374
v  -2.3401 -0.9190 -5.4236
v  -1.7232 -0.8053 -5.8562
v  -1.7199 -0.8241 -5.7819
v  -1.8236 -0.8347 -5.7324
v  -1.7124 -0.8626 -5.7521
v  -2.5400 -1.3414 -5.5170
v  -2.5220 -1.3392 -5.4630
v  -2.4956 -1.3880 -5.4901
v  -2.4751 -1.3990 -5.4231
v  -2.5085 -1.3254 -5.4198
v  -2.4867 -1.3001 -5.3877
v  -2.4570 -1.3896 -5.3757
v  -2.4326 -1.3638 -5.3447
v  -2.3714 -1.2826 -5.3013
v  -2.4315 -1.2226 -5.3377
v  -2.4605 -1.2654 -5.3585
v  -2.4028 -1.3291 -5.3187
v  -2.3735 -1.3585 -5.2997
v  -2.3399 -1.3094 -5.2823
v  -2.4032 -1.3961 -5.3242
v  -2.3884 -1.4110 -5.3155
v  -2.3561 -1.3716 -5.2907
v  -2.3248 -1.3200 -5.2759
v  -2.4010 -1.1673 -5.3340
v  -2.3366 -1.2233 -5.3211
v  -2.3001 -1.1642 -5.3377
v  -2.3639 -1.1114 -5.3334
v  -2.3037 -1.2478 -5.3087
v  -2.2854 -1.2590 -5.3032
v  -2.2472 -1.2036 -5.3376
v  -2.2653 -1.1907 -5.3376
v  -2.2467 -0.9851 -5.4486
v  -2.2263 -0.9415 -5.4732
v  -2.2554 -1.0222 -5.4219
v  -2.1650 -1.0386 -5.4767
v  -2.1784 -1.0728 -5.4509
v  -2.1464 -0.9907 -5.4887
v  -2.1370 -1.1021 -5.4668
v  -2.1128 -1.1190 -5.4728
v  -2.0921 -1.0804 -5.4926
v  -2.1161 -1.0656 -5.4854
v  -2.0825 -1.0333 -5.5139
v  -2.1050 -1.0195 -5.5044
v  -2.1615 -0.8228 -5.5989
v  -2.1995 -0.8655 -5.5550
v  -2.1287 -0.8978 -5.5600
v  -2.0827 -0.8545 -5.6043
v  -2.2137 -0.9002 -5.5077
v  -2.1395 -0.9404 -5.5150
v  -2.6290 -1.3905 -5.6542
v  -2.5940 -1.4091 -5.7394
v  -2.6076 -1.4135 -5.7185
v  -2.6402 -1.3934 -5.6306
v  -2.5142 -1.4502 -5.8181
v  -2.5367 -1.4648 -5.7961
v  -2.6165 -1.3883 -5.6294
v  -2.5951 -1.3923 -5.6007
v  -2.6198 -1.3909 -5.6788
v  -2.5924 -1.4094 -5.7669
v  -2.5130 -1.4405 -5.8519
v  -2.1798 -1.1609 -5.4069
v  -2.1439 -1.1438 -5.4418
v  -2.1647 -1.1235 -5.4339
v  -2.1986 -1.1399 -5.3999
v  -2.1975 -1.0961 -5.4244
v  -2.2328 -1.1066 -5.3925
v  -2.3271 -1.0688 -5.3506
v  -2.2923 -1.0494 -5.3813
v  -2.2654 -1.1270 -5.3619
v  -2.2308 -1.1582 -5.3672
v  -2.2124 -1.1758 -5.3713
v  -2.2493 -1.0551 -5.4085
v  -2.0984 -0.9656 -5.5258
v  -2.0778 -0.9808 -5.5392
v  -2.0875 -0.9192 -5.5669
v  -2.0660 -0.9366 -5.5819
v  -1.9077 -0.8336 -5.7004
v  -1.9739 -0.8461 -5.6547
v  -2.0415 -0.8800 -5.6140
v  -2.4293 -1.4257 -5.3598
v  -2.4181 -1.4431 -5.3566
v  -2.4480 -1.4347 -5.4140
v  -2.4345 -1.4566 -5.4179
v  -2.4720 -1.4195 -5.4825
v  -2.5113 -1.4050 -5.5427
v  -2.5214 -1.4193 -5.5210
v  -2.4703 -1.4458 -5.4790
v  -2.5595 -1.3970 -5.5742
v  -2.5660 -1.4060 -5.5499
v  -3.5117 -0.6252 -6.1193
v  -3.4727 -0.5832 -6.1278
v  -3.4385 -0.5378 -6.1080
v  -3.4084 -0.5058 -6.0659
v  -3.3842 -0.4772 -6.0176
v  -3.3581 -0.4490 -5.9689
v  -3.3268 -0.4132 -5.9299
v  -3.2987 -0.3729 -5.9053
v  -3.2802 -0.3466 -5.8675
v  -3.2670 -0.3278 -5.8187
v  -3.2588 -0.3153 -5.7616
v  -3.2481 -0.3153 -5.7063
v  -3.2371 -0.3261 -5.6498
v  -3.2319 -0.3406 -5.5883
v  -3.2327 -0.3611 -5.5305
v  -3.2404 -0.3852 -5.4828
v  -3.2408 -0.4063 -5.4634
v  -3.2455 -0.4302 -5.4424
v  -3.2506 -0.4586 -5.4198
v  -3.2593 -0.4882 -5.3980
v  -3.2724 -0.5183 -5.3787
v  -3.2904 -0.5477 -5.3628
v  -3.3114 -0.5776 -5.3526
v  -3.3328 -0.6075 -5.3505
v  -3.3544 -0.6354 -5.3544
v  -3.3781 -0.6556 -5.3679
v  -3.4001 -0.6691 -5.3936
v  -3.4090 -0.6967 -5.4190
v  -3.4213 -0.7243 -5.4401
v  -3.4338 -0.7546 -5.4564
v  -3.4472 -0.7850 -5.4724
v  -3.4618 -0.8128 -5.4919
v  -3.4775 -0.8363 -5.5179
v  -3.4932 -0.8534 -5.5591
v  -3.5087 -0.8652 -5.6104
v  -3.5187 -0.8681 -5.6738
v  -3.5281 -0.8604 -5.7382
v  -3.5282 -0.8358 -5.7989
v  -3.5156 -0.8015 -5.8647
v  -3.5106 -0.7719 -5.9327
v  -3.5120 -0.7410 -5.9970
v  -3.5162 -0.7084 -6.0482
v  -3.5268 -0.6736 -6.0812
v  -3.5489 -0.6444 -6.0899
# 6643 vertices

vn -0.3070 0.8980 0.3153
vn -0.0504 0.9762 0.2108
vn 0.0316 0.9514 0.3062
vn -0.1529 0.8713 0.4663
vn 0.1937 0.9497 0.2459
vn 0.1788 0.9672 0.1807
vn 0.1610 0.7394 0.6537
vn 0.0947 0.7008 0.7071
vn 0.0738 0.6392 0.7655
vn 0.4311 0.8950 0.1144
vn 0.5424 0.8380 0.0604
vn 0.3539 0.9102 0.2152
vn 0.3070 0.9355 0.1751
vn 0.5225 0.7414 0.4211
vn 0.3471 0.7652 0.5422
vn -0.0494 0.9921 -0.1156
vn 0.1522 0.9859 -0.0692
vn -0.3474 0.9252 -0.1529
vn -0.2041 0.7593 -0.6179
vn -0.0360 0.8127 -0.5816
vn 0.1101 0.8495 -0.5160
vn 0.2850 0.8822 -0.3749
vn 0.3136 0.9495 -0.0127
vn 0.4719 0.8805 0.0454
vn 0.3960 0.8829 -0.2523
vn 0.4956 0.8258 -0.2691
vn 0.6018 0.7972 -0.0471
vn 0.5769 0.7879 0.2152
vn 0.4914 0.8575 -0.1527
vn 0.1775 0.1800 0.9675
vn 0.1697 0.1747 0.9699
vn 0.0778 0.5321 0.8431
vn 0.1575 0.1417 0.9773
vn 0.2167 0.1759 0.9603
vn 0.1697 0.2062 0.9637
vn 0.2446 0.3111 0.9184
vn 0.2084 0.4844 0.8497
vn 0.1573 0.3391 0.9275
vn 0.1246 0.2483 0.9606
vn 0.2350 0.2728 0.9329
vn 0.3155 0.4048 0.8582
vn 0.2586 0.4227 0.8686
vn 0.3591 0.4838 0.7981
vn 0.3930 0.4626 0.7947
vn 0.3740 0.4735 0.7974
vn 0.4121 0.6170 0.6704
vn 0.3486 0.4736 0.8088
vn 0.5369 0.7871 0.3036
vn 0.4343 0.5218 0.7343
vn 0.0425 0.5284 -0.8479
vn 0.0585 0.5501 -0.8330
vn 0.0552 0.5856 -0.8087
vn 0.0268 0.5380 -0.8425
vn 0.0668 0.6809 -0.7293
vn 0.1773 0.6547 -0.7348
vn 0.1956 0.7463 -0.6362
vn 0.4222 0.7187 -0.5524
vn 0.6219 0.6773 -0.3930
vn 0.3672 0.7798 -0.5070
vn 0.6434 0.7186 -0.2637
vn 0.4924 0.8082 -0.3229
vn 0.6520 0.7477 -0.1256
vn 0.5517 0.8209 0.1472
vn 0.6934 0.7196 -0.0375
vn 0.6522 0.7004 0.2898
vn 0.7925 0.6092 0.0290
vn 0.6856 0.6016 0.4099
vn 0.4594 0.4472 0.7675
vn 0.4378 0.3862 0.8119
vn 0.9061 0.4214 0.0368
vn 0.7782 0.3921 0.4905
vn 0.9328 0.3587 0.0338
vn 0.7560 0.3486 0.5540
vn 0.3765 0.2568 0.8901
vn 0.4487 0.2861 0.8466
vn 0.7145 0.6525 -0.2524
vn 0.5491 0.7470 0.3749
vn 0.6862 0.5216 0.5070
vn 0.8717 0.4848 -0.0716
vn 0.2585 0.3836 0.8866
vn 0.1209 0.5542 0.8235
vn 0.0518 0.1620 0.9854
vn 0.1686 0.1322 0.9768
vn 0.1628 0.1764 0.9708
vn 0.0427 0.3362 0.9408
vn 0.1788 0.1656 0.9698
vn 0.0869 0.5003 0.8615
vn 0.1593 0.4853 0.8597
vn 0.0101 0.5438 0.8392
vn 0.3083 0.3283 0.8928
vn 0.2009 0.2338 0.9513
vn 0.2105 0.5929 0.7773
vn 0.3488 0.6813 0.6436
vn 0.4226 0.4330 0.7962
vn 0.4823 0.6714 0.5626
vn 0.5077 0.5022 0.7001
vn 0.5791 0.6376 0.5081
vn 0.5076 0.5800 0.6372
vn 0.4760 0.6136 0.6300
vn 0.5564 0.7047 0.4403
vn 0.6014 0.6412 0.4766
vn 0.4154 0.6109 0.6740
vn 0.4284 0.5287 0.7328
vn 0.4910 0.7560 0.4329
vn 0.5200 0.7548 0.3999
vn 0.3919 0.4413 0.8073
vn 0.4018 0.4932 0.7716
vn 0.4484 0.7406 0.5005
vn 0.4493 0.6768 0.5831
vn 0.3137 0.3462 0.8842
vn 0.3784 0.3626 0.8516
vn 0.4504 0.5697 0.6874
vn 0.4253 0.5115 0.7467
vn 0.1783 0.4283 0.8859
vn 0.0740 0.5391 0.8390
vn 0.3859 0.5559 0.7362
vn 0.3691 0.6533 0.6610
vn -0.0313 0.9015 0.4317
vn -0.0679 0.8555 0.5134
vn -0.0174 0.9356 0.3527
vn -0.2561 0.9112 -0.3227
vn -0.2368 0.9341 -0.2671
vn -0.2414 0.9484 -0.2055
vn -0.0243 0.9729 0.2301
vn 0.0999 0.9849 0.1413
vn -0.2590 0.9061 -0.3345
vn -0.3143 0.8844 -0.3451
vn 0.2942 0.7000 -0.6507
vn 0.1232 0.9392 -0.3206
vn 0.3476 0.9342 0.0803
vn 0.5256 0.8495 -0.0458
vn 0.1500 0.7097 -0.6884
vn -0.0239 0.9243 -0.3808
vn -0.1559 0.7896 -0.5935
vn -0.2995 0.8625 -0.4079
vn 0.6293 0.7741 -0.0684
vn 0.6354 0.7696 -0.0631
vn 0.4604 0.6092 -0.6457
vn 0.3513 0.5809 -0.7342
vn 0.5044 0.8599 -0.0785
vn 0.5877 0.8029 -0.0997
vn 0.4112 0.7106 -0.5709
vn 0.4830 0.6589 -0.5767
vn 0.5001 0.8644 0.0516
vn 0.4556 0.8898 -0.0265
vn 0.3960 0.6740 -0.6236
vn 0.3577 0.7220 -0.5922
vn 0.6163 0.4936 -0.6137
vn 0.4975 0.5848 -0.6407
vn 0.5980 0.7895 0.1383
vn 0.6924 0.6941 0.1972
vn 0.5719 0.6732 -0.4687
vn 0.5967 0.5977 -0.5355
vn 0.7424 0.6463 -0.1765
vn 0.6176 0.7324 -0.2866
vn 0.8156 0.5669 -0.1158
vn 0.6373 0.4769 -0.6053
vn 0.1164 0.5017 -0.8572
vn 0.1752 0.4748 -0.8625
vn 0.2006 0.4253 -0.8825
vn 0.2140 0.5233 -0.8249
vn 0.1862 0.3104 -0.9322
vn 0.1752 0.4350 -0.8832
vn 0.5998 0.5126 -0.6143
vn 0.8014 0.5973 -0.0321
vn 0.7328 0.6798 0.0299
vn 0.4771 0.6562 -0.5846
vn 0.1002 0.4331 -0.8958
vn 0.1323 0.2705 -0.9536
vn 0.0714 0.3020 -0.9506
vn 0.0776 0.4302 -0.8994
vn 0.2457 0.5912 -0.7682
vn 0.2537 0.5823 -0.7724
vn 0.2125 0.6084 -0.7646
vn 0.2437 0.5856 -0.7731
vn 0.2439 0.6249 -0.7417
vn 0.3278 0.5812 -0.7448
vn 0.4083 0.7222 -0.5583
vn 0.7005 0.7135 0.0154
vn 0.7734 0.6303 -0.0678
vn 0.4708 0.6321 -0.6154
vn 0.1913 0.3878 -0.9017
vn 0.1275 0.4107 -0.9028
vn 0.2646 0.6373 -0.7238
vn 0.2849 0.6264 -0.7256
vn 0.3147 0.6414 -0.6997
vn 0.3105 0.6560 -0.6879
vn 0.0585 0.3411 -0.9382
vn 0.0920 0.3281 -0.9402
vn 0.8716 0.4562 -0.1795
vn 0.5530 0.4261 -0.7160
vn 0.5111 0.2545 -0.8210
vn 0.8794 0.3497 -0.3231
vn 0.7664 0.3604 -0.5317
vn 0.6162 0.3833 -0.6881
vn 0.4065 0.1293 -0.9045
vn 0.3872 0.0239 -0.9217
vn 0.2498 0.3469 -0.9040
vn 0.1659 0.2365 -0.9574
vn 0.2089 0.1422 -0.9675
vn 0.2475 0.3355 -0.9089
vn 0.3289 0.6526 -0.6826
vn 0.3114 0.6041 -0.7335
vn 0.3106 0.6075 -0.7311
vn 0.3051 0.6813 -0.6654
vn 0.2385 0.3282 -0.9140
vn 0.2278 0.0668 -0.9714
vn 0.2726 -0.0423 -0.9612
vn 0.2854 0.2583 -0.9229
vn 0.2928 0.6740 -0.6783
vn 0.3095 0.6093 -0.7300
vn 0.3320 0.5719 -0.7501
vn 0.3319 0.6246 -0.7070
vn 0.2680 0.2012 -0.9422
vn 0.2449 -0.0970 -0.9647
vn 0.1092 -0.0503 -0.9927
vn 0.1444 0.2082 -0.9674
vn 0.1637 0.1354 -0.9772
vn 0.3391 0.0213 -0.9405
vn 0.3221 0.6488 -0.6895
vn 0.3050 0.5619 -0.7689
vn 0.2268 0.5925 -0.7730
vn 0.2628 0.7152 -0.6476
vn 0.3074 0.6996 -0.6450
vn 0.2387 0.5766 -0.7813
vn 0.3172 0.5481 -0.7740
vn 0.3559 0.6609 -0.6607
vn 0.1613 0.2229 -0.9614
vn 0.0851 0.2223 -0.9713
vn 0.2640 0.2278 -0.9372
vn 0.2139 0.2190 -0.9520
vn 0.3429 0.5409 -0.7680
vn 0.3776 0.5200 -0.7661
vn 0.3667 0.6335 -0.6814
vn 0.4008 0.6207 -0.6738
vn 0.4293 0.6220 -0.6548
vn 0.3946 0.4811 -0.7828
vn 0.4750 0.3919 -0.7879
vn 0.5295 0.5273 -0.6645
vn 0.3896 0.2312 -0.8915
vn 0.3132 0.2507 -0.9160
vn 0.1392 0.4478 -0.8832
vn -0.2414 0.6445 -0.7255
vn 0.1961 0.3396 -0.9199
vn 0.1730 0.1299 -0.9763
vn 0.0700 0.1607 -0.9845
vn -0.2673 0.3256 -0.9069
vn 0.0872 0.2726 -0.9582
vn 0.1722 0.3648 -0.9150
vn 0.0089 0.2223 -0.9749
vn 0.0238 0.1569 -0.9873
vn 0.3002 0.4446 -0.8439
vn 0.2994 0.4896 -0.8189
vn 0.1624 0.2602 -0.9518
vn 0.1127 0.2427 -0.9635
vn 0.2530 0.4584 -0.8520
vn 0.2473 0.3637 -0.8981
vn 0.1518 0.1884 -0.9703
vn 0.1487 0.2366 -0.9602
vn 0.2127 0.3749 -0.9023
vn 0.1513 0.3084 -0.9392
vn 0.3021 0.4562 -0.8370
vn 0.4329 0.7796 -0.4525
vn 0.3598 0.7332 -0.5770
vn 0.3429 0.6866 -0.6411
vn 0.2867 0.8687 -0.4040
vn 0.3452 0.8365 -0.4256
vn 0.3041 0.6346 -0.7105
vn 0.2546 0.6723 -0.6951
vn 0.4140 0.5703 -0.7094
vn 0.4411 0.7642 -0.4706
vn 0.2792 0.8590 -0.4292
vn 0.3206 0.6627 -0.6768
vn 0.3278 0.6443 -0.6909
vn 0.3748 0.7905 -0.4844
vn 0.4563 0.7292 -0.5099
vn 0.3774 0.6216 -0.6864
vn 0.2798 0.7206 -0.6344
vn 0.2585 0.8844 -0.3885
vn 0.2315 0.9045 -0.3582
vn 0.2560 0.7274 -0.6366
vn 0.3578 0.6405 -0.6795
vn 0.4113 0.8002 -0.4364
vn 0.4472 0.7849 -0.4288
vn 0.3762 0.6634 -0.6469
vn 0.3014 0.7661 -0.5677
vn 0.3525 0.8760 -0.3292
vn 0.3936 0.8669 -0.3059
vn 0.3547 0.7567 -0.5492
vn 0.3524 0.7460 -0.5651
vn 0.3786 0.8826 -0.2787
vn 0.4876 0.8320 -0.2646
vn 0.4198 0.7121 -0.5628
vn 0.4458 0.7522 -0.4852
vn 0.4644 0.8618 -0.2041
vn 0.4753 0.8685 -0.1409
vn 0.4705 0.7904 -0.3924
vn 0.5637 0.7236 -0.3983
vn 0.5176 0.8424 -0.1500
vn 0.3846 0.8095 0.4437
vn 0.3709 0.8097 0.4548
vn 0.4508 0.8881 -0.0897
vn 0.4773 0.8704 -0.1206
vn 0.2792 0.9601 0.0188
vn 0.2077 0.8117 0.5458
vn 0.3926 0.7802 -0.4871
vn 0.4445 0.7224 -0.5297
vn 0.1577 0.8066 0.5696
vn 0.2965 0.9546 0.0293
vn 0.3763 0.9265 -0.0062
vn 0.1822 0.8234 0.5375
vn 0.0649 0.8450 0.5309
vn 0.2182 0.9756 0.0254
vn 0.3935 0.9135 -0.1033
vn 0.2897 0.8649 0.4098
vn 0.4758 0.8283 0.2957
vn 0.5186 0.8320 -0.1970
vn 0.2889 0.9565 -0.0412
vn 0.3221 0.8596 0.3967
vn 0.1464 0.8521 0.5026
vn 0.1955 0.9796 0.0465
vn 0.4080 0.9119 -0.0449
vn 0.3344 0.8272 0.4515
vn 0.3838 0.8012 0.4591
vn 0.4659 0.8827 -0.0622
vn 0.3754 0.9256 0.0490
vn 0.2856 0.7972 0.5319
vn 0.2207 0.7945 0.5658
vn 0.3666 0.9251 0.0990
vn 0.3784 0.9155 0.1364
vn 0.2553 0.7876 0.5608
vn 0.2104 0.8090 0.5489
vn 0.4243 0.8943 0.1419
vn 0.3996 0.9067 0.1352
vn 0.2260 0.8310 0.5083
vn -0.0882 0.1463 0.9853
vn 0.0339 0.0688 0.9971
vn 0.1232 0.4875 0.8644
vn -0.0925 0.5281 0.8441
vn 0.1877 0.4614 0.8671
vn 0.0355 0.0272 0.9990
vn 0.2655 0.8428 0.4683
vn -0.0195 0.8622 0.5061
vn -0.0068 -0.0078 0.9999
vn 0.1714 0.4392 0.8819
vn 0.0372 0.4095 0.9115
vn -0.1076 -0.0037 0.9942
vn -0.1519 0.0056 0.9884
vn -0.0320 0.4069 0.9129
vn -0.0031 0.4352 0.9003
vn -0.1351 0.0291 0.9904
vn -0.1278 0.0258 0.9915
vn -0.0504 0.4525 0.8903
vn 0.0822 0.4857 0.8702
vn -0.0508 0.0127 0.9986
vn 0.0084 0.0196 0.9998
vn 0.2514 0.4919 0.8335
vn 0.2000 0.4752 0.8568
vn -0.0462 0.0371 0.9982
vn -0.0870 0.0334 0.9956
vn 0.0541 0.4584 0.8871
vn 0.1583 0.4590 0.8742
vn -0.0443 0.0295 0.9986
vn -0.1361 0.0584 0.9890
vn 0.1344 0.4562 0.8797
vn 0.0250 0.4625 0.8863
vn -0.2305 0.0622 0.9711
vn -0.2826 0.0325 0.9587
vn -0.0295 0.4771 0.8784
vn -0.0141 0.4922 0.8704
vn -0.3161 0.0189 0.9485
vn -0.3581 0.0688 0.9312
vn -0.0650 0.5394 0.8395
vn -0.0555 0.5834 0.8103
vn -0.3849 0.1675 0.9076
vn 0.5767 0.7057 0.4116
vn 0.2557 0.3727 0.8920
vn 0.1492 0.3327 0.9312
vn 0.4680 0.7143 0.5203
vn 0.2980 0.4729 0.8292
vn 0.6211 0.7587 0.1967
vn -0.2037 0.7443 0.6360
vn -0.3211 0.8741 0.3644
vn 0.1093 0.6697 0.7345
vn 0.1754 0.9563 0.2339
vn -0.4125 0.8848 -0.2166
vn -0.0108 0.8795 -0.4758
vn -0.0645 0.5543 -0.8298
vn -0.2420 0.6505 -0.7200
vn 0.3180 0.4784 -0.8185
vn 0.1350 0.4256 -0.8948
vn 0.4664 0.7599 -0.4528
vn 0.4071 0.5029 -0.7625
vn 0.3072 0.4277 -0.8501
vn 0.1973 0.4228 -0.8845
vn 0.4867 0.7828 0.3878
vn 0.3443 0.5177 0.7832
vn 0.5157 0.8512 -0.0974
vn 0.5915 0.6580 -0.4660
vn 0.1269 0.2339 0.9639
vn -0.0174 0.2459 0.9691
vn -0.0317 0.3486 0.9367
vn 0.1039 0.4204 0.9014
vn -0.1627 0.3211 0.9330
vn -0.1520 0.2682 0.9513
vn -0.0656 0.6409 0.7648
vn 0.0284 0.6412 0.7669
vn 0.1221 0.6443 0.7550
vn -0.2185 0.2848 0.9334
vn -0.2107 0.3135 0.9259
vn -0.2701 0.3222 0.9073
vn -0.3074 0.3116 0.8991
vn -0.1776 0.6587 0.7312
vn -0.1150 0.6494 0.7517
vn -0.4390 0.3282 0.8364
vn -0.3832 0.3545 0.8529
vn -0.4644 0.4100 0.7850
vn -0.5214 0.3239 0.7894
vn -0.3351 0.7037 0.6265
vn -0.2702 0.6743 0.6873
vn -0.4377 0.3601 0.8239
vn -0.3704 0.4797 0.7954
vn -0.1933 0.5293 0.8261
vn -0.2925 0.4246 0.8568
vn -0.1258 0.6965 0.7064
vn -0.2696 0.7227 0.6364
vn -0.2650 0.2791 0.9230
vn -0.5752 0.0834 0.8138
vn -0.6263 0.2563 0.7362
vn -0.3542 0.3790 0.8549
vn -0.9263 -0.0332 0.3752
vn -0.8646 -0.2035 0.4593
vn -0.8897 0.2437 0.3861
vn -0.4783 0.4293 0.7661
vn -0.5846 0.7113 0.3902
vn -0.1393 0.6890 0.7113
vn -0.2646 0.5607 0.7846
vn -0.7379 0.4979 0.4557
vn 0.0175 0.3990 0.9168
vn 0.1678 0.6943 0.6998
vn 0.1546 0.4662 0.8711
vn -0.0022 0.2789 0.9603
vn 0.4093 0.7879 0.4601
vn 0.2525 0.8855 0.3901
vn -0.0123 0.5005 0.8656
vn -0.0319 0.3838 0.9229
vn -0.0103 0.3707 0.9287
vn -0.0074 0.5373 0.8433
vn -0.3122 0.7041 -0.6378
vn -0.3225 0.7184 -0.6164
vn -0.3612 0.7000 -0.6161
vn -0.3376 0.7372 -0.5852
vn -0.3408 0.6877 -0.6410
vn -0.3812 0.6512 -0.6562
vn -0.4359 0.7218 -0.5375
vn -0.4895 0.7490 -0.4466
vn -0.3609 0.7785 -0.5136
vn -0.4341 0.6825 -0.5880
vn -0.4981 0.5318 -0.6849
vn -0.4783 0.7455 -0.4641
vn -0.2781 0.9132 -0.2978
vn -0.1058 0.8712 0.4794
vn -0.2491 0.8240 -0.5089
vn -0.1987 0.9068 0.3719
vn 0.0461 0.8699 0.4911
vn -0.0599 0.7973 0.6006
vn 0.0471 0.9960 0.0757
vn 0.1223 0.9287 0.3501
vn 0.1064 0.9582 0.2655
vn 0.1371 0.9507 0.2781
vn -0.1838 0.9651 -0.1866
vn -0.1620 0.8257 0.5403
vn -0.3089 0.6536 -0.6910
vn -0.3883 0.7171 -0.5787
vn -0.1617 0.9017 -0.4010
vn -0.2006 0.8737 -0.4431
vn -0.1013 0.9373 -0.3336
vn 0.3986 0.8976 0.1884
vn 0.3254 0.9243 0.1994
vn 0.2431 0.9396 0.2411
vn -0.1232 0.8363 -0.5343
vn -0.0662 0.8376 -0.5423
vn 0.2505 0.9451 0.2098
vn 0.3070 0.9235 0.2300
vn 0.0111 0.9515 -0.3073
vn 0.3560 0.8286 0.4320
vn 0.3753 0.6140 0.6944
vn 0.1909 0.9782 0.0819
vn 0.3350 0.8629 0.3784
vn 0.3439 0.8412 0.4173
vn 0.4302 0.4484 0.7835
vn 0.3175 0.5164 0.7953
vn 0.3431 0.8658 0.3642
vn 0.3024 0.6479 0.6991
vn 0.2906 0.7765 0.5592
vn 0.2643 0.9246 0.2743
vn 0.3649 0.7116 0.6004
vn 0.2017 0.7952 0.5718
vn 0.3484 0.4368 0.8293
vn 0.4147 0.3467 0.8413
vn 0.0150 0.8959 0.4439
vn 0.1946 0.6821 0.7049
vn 0.5507 0.6482 0.5259
vn 0.4839 0.6622 0.5722
vn 0.4667 0.3813 0.7980
vn 0.4930 0.4600 0.7385
vn 0.4892 0.7094 0.5075
vn 0.5448 0.6724 0.5010
vn 0.4759 0.5416 0.6929
vn 0.5084 0.5836 0.6332
vn 0.5171 0.6750 0.5262
vn 0.6099 0.5882 0.5311
vn 0.6566 0.5491 0.5171
vn 0.5692 0.6026 0.5594
vn 0.1594 0.8092 0.5655
vn 0.1477 0.8366 0.5275
vn 0.1786 0.8924 0.4144
vn 0.2275 0.8205 0.5245
vn 0.1248 0.8939 0.4305
vn 0.1004 0.8341 0.5424
vn 0.1101 0.7814 0.6142
vn 0.1785 0.7375 0.6513
vn 0.0392 0.8228 0.5670
vn 0.0851 0.8575 0.5074
vn 0.1668 0.8308 0.5309
vn 0.2071 0.8326 0.5136
vn 0.1858 0.9388 0.2901
vn 0.2059 0.9203 0.3326
vn 0.1715 0.8696 0.4630
vn 0.1518 0.8745 0.4607
vn 0.1319 0.8948 0.4265
vn 0.1682 0.9446 0.2817
vn 0.2031 0.9025 0.3798
vn 0.2106 0.9332 0.2912
vn 0.1370 0.9159 0.3774
vn 0.1094 0.9115 0.3965
vn 0.0598 0.8713 0.4870
vn 0.1023 0.9303 0.3523
vn 0.2028 0.9247 0.3221
vn -0.0154 0.8475 0.5305
vn -0.0759 0.8625 0.5003
vn -0.0009 0.9314 0.3641
vn 0.0346 0.8941 0.4466
vn 0.0505 0.8800 0.4723
vn 0.1048 0.9355 0.3373
vn 0.0230 0.9360 0.3512
vn 0.0038 0.9019 0.4319
vn 0.0688 0.9699 0.2337
vn 0.1063 0.9422 0.3177
vn 0.4077 0.9044 0.1259
vn 0.2556 0.9648 0.0620
vn 0.4197 0.8703 -0.2579
vn 0.5715 0.8127 -0.1137
vn -0.1544 0.8776 0.4539
vn -0.2239 0.8850 0.4083
vn -0.1235 0.9631 0.2393
vn -0.0767 0.9479 0.3092
vn 0.0621 0.9709 0.2314
vn -0.0207 0.9584 0.2846
vn 0.0392 0.9834 0.1773
vn 0.1873 0.9821 0.0185
vn 0.0053 0.9965 0.0839
vn -0.0121 0.9816 0.1905
vn -0.1948 0.8892 0.4139
vn -0.0571 0.9843 0.1668
vn -0.0835 0.8616 0.5006
vn 0.0620 0.9820 0.1784
vn 0.6470 0.6950 -0.3135
vn 0.4850 0.7448 -0.4583
vn 0.5805 0.6586 -0.4789
vn 0.6500 0.6060 -0.4585
vn 0.2966 0.9473 -0.1212
vn 0.1467 0.9874 0.0587
vn 0.3236 0.9461 0.0103
vn 0.4541 0.8866 -0.0876
vn 0.2510 0.9611 -0.1151
vn 0.1057 0.9931 -0.0502
vn -0.2493 0.9305 0.2682
vn -0.0226 0.8286 0.5593
vn 0.1977 0.9778 -0.0696
vn 0.2488 0.9543 0.1658
vn 0.5359 0.5586 -0.6331
vn 0.5845 0.6922 -0.4235
vn 0.4379 0.7891 -0.4308
vn 0.3517 0.5670 -0.7448
vn 0.4103 0.7944 -0.4478
vn 0.4893 0.8491 -0.1990
vn 0.5353 0.8431 -0.0521
vn 0.4043 0.8689 -0.2857
vn 0.3582 0.9271 -0.1104
vn 0.5270 0.8498 0.0049
vn 0.4217 0.7332 -0.5335
vn 0.3983 0.9134 -0.0839
vn 0.1232 0.9923 0.0088
vn 0.2569 0.8515 -0.4571
vn 0.4414 0.7556 -0.4840
vn 0.2431 0.7013 -0.6701
vn 0.3300 0.5269 -0.7832
vn 0.5069 0.6752 -0.5358
vn 0.3542 0.5465 -0.7589
vn 0.3395 0.4994 -0.7971
vn 0.2482 0.4750 -0.8443
vn 0.2606 0.3497 -0.8999
vn 0.2994 0.5873 -0.7519
vn 0.2803 0.3665 -0.8872
vn 0.2466 0.5860 -0.7719
vn 0.2705 0.5650 -0.7795
vn 0.1824 0.5322 -0.8267
vn 0.2625 0.5133 -0.8171
vn 0.2586 0.4177 -0.8710
vn 0.2533 0.2950 -0.9213
vn 0.2475 0.2592 -0.9336
vn 0.3081 0.6135 -0.7271
vn 0.0115 0.9194 -0.3932
vn 0.0085 0.7160 -0.6981
vn 0.7041 0.4064 -0.5823
vn 0.6472 0.7622 -0.0104
vn 0.9489 0.0489 -0.3117
vn 0.8742 0.3897 0.2896
vn 0.8086 0.1794 -0.5604
vn 0.8630 0.4892 0.1258
vn 0.2844 0.3173 -0.9047
vn 0.5455 0.7571 -0.3595
vn -0.0831 0.5258 -0.8466
vn 0.1552 0.9878 -0.0122
vn 0.1966 0.9805 -0.0026
vn 0.2882 0.9572 0.0257
vn 0.0011 0.6746 -0.7382
vn 0.0406 0.7572 -0.6519
vn 0.3714 0.9278 0.0348
vn 0.3794 0.9244 0.0394
vn 0.0558 0.7975 -0.6007
vn 0.0493 0.8153 -0.5769
vn 0.0355 0.8334 -0.5516
vn 0.3304 0.9414 0.0685
vn 0.2353 0.9640 0.1238
vn 0.0090 0.8680 -0.4965
vn -0.0840 0.9031 -0.4211
vn 0.0780 0.9820 0.1718
vn -0.1220 0.9874 0.1005
vn -0.2354 0.8224 -0.5180
vn -0.1911 0.4539 -0.8703
vn -0.1666 0.5300 -0.8315
vn -0.1570 0.4290 -0.8896
vn -0.1232 0.3238 -0.9381
vn -0.2584 0.2129 -0.9423
vn -0.1829 0.2581 -0.9487
vn -0.2000 0.3887 -0.8994
vn -0.2457 0.3810 -0.8913
vn -0.1905 0.0514 -0.9803
vn -0.2631 0.1529 -0.9526
vn -0.2375 0.3489 -0.9066
vn -0.2033 0.2955 -0.9335
vn -0.0576 0.0967 -0.9936
vn -0.1317 0.2052 -0.9698
vn -0.1126 -0.0654 -0.9915
vn -0.0598 -0.1272 -0.9901
vn 0.0200 -0.1455 -0.9892
vn 0.1576 -0.0210 -0.9873
vn 0.5793 -0.1478 -0.8016
vn 0.1982 -0.1204 -0.9727
vn 0.4390 0.2248 -0.8699
vn 0.7278 -0.0675 -0.6824
vn 0.1540 -0.0305 -0.9876
vn 0.2668 -0.0620 -0.9618
vn -0.0213 0.3752 -0.9267
vn -0.3286 0.3135 -0.8909
vn -0.0594 -0.0767 -0.9953
vn 0.0739 -0.0351 -0.9966
vn -0.3852 0.1445 -0.9114
vn -0.2055 -0.0569 -0.9770
vn -0.1696 -0.1809 -0.9688
vn -0.1826 -0.1558 -0.9708
vn -0.0273 -0.1320 -0.9909
vn 0.0579 -0.0549 -0.9968
vn -0.0947 -0.0442 -0.9945
vn -0.1122 -0.1483 -0.9826
vn -0.0337 0.1444 -0.9889
vn 0.0159 0.3259 -0.9453
vn -0.1488 0.6697 -0.7276
vn -0.2084 0.2284 -0.9510
vn 0.2814 0.7122 -0.6430
vn 0.1258 0.3191 -0.9393
vn -0.0905 0.8636 0.4959
vn 0.0173 0.9950 0.0985
vn 0.4194 0.9071 0.0365
vn 0.2138 0.9645 0.1552
vn 0.1184 0.9924 -0.0343
vn 0.1796 0.9577 0.2249
vn -0.1418 0.8987 0.4149
vn 0.2923 0.8677 -0.4020
vn -0.2242 0.9541 -0.1983
vn 0.4070 0.7872 -0.4633
vn 0.4229 0.6554 -0.6258
vn 0.3787 0.8153 -0.4380
vn 0.3639 0.8094 -0.4609
vn 0.4062 0.8284 -0.3857
vn 0.2836 0.7811 -0.5563
vn 0.2529 0.6822 -0.6860
vn 0.5279 0.8051 -0.2703
vn 0.4595 0.8336 -0.3066
vn 0.5493 0.8141 -0.1885
vn 0.6268 0.7772 -0.0561
vn 0.4605 0.8565 -0.2331
vn 0.3956 0.8264 -0.4007
vn 0.7069 0.7033 0.0755
vn 0.8257 0.5358 0.1765
vn 0.8500 0.4821 0.2121
vn 0.7639 0.6247 0.1620
vn 0.6185 0.7831 0.0649
vn 0.8533 0.4044 0.3291
vn 0.2856 0.2581 -0.9229
vn 0.3427 0.1870 -0.9206
vn 0.3195 0.1584 -0.9342
vn 0.2083 0.1635 -0.9643
vn 0.4507 0.5485 -0.7043
vn 0.6312 0.5770 -0.5183
vn 0.3738 0.0830 -0.9238
vn 0.7736 0.4696 -0.4255
vn 0.7960 0.3926 -0.4607
vn 0.3511 -0.0089 -0.9363
vn 0.7248 0.6653 0.1790
vn 0.6848 0.7214 0.1033
vn 0.5958 0.3975 -0.6979
vn 0.6756 0.4348 -0.5954
vn 0.4021 0.1327 -0.9059
vn 0.3705 0.0612 -0.9268
vn 0.2942 -0.0409 -0.9549
vn 0.3755 0.0156 -0.9267
vn 0.2833 0.0355 -0.9584
vn 0.3417 0.0839 -0.9361
vn 0.7674 0.4342 -0.4719
vn 0.8572 0.5150 0.0019
vn 0.6736 0.5148 -0.5303
vn 0.7447 0.6466 -0.1653
vn 0.5409 0.7697 -0.3391
vn 0.5477 0.6517 -0.5247
vn 0.6212 0.7610 0.1871
vn 0.5635 0.7831 0.2633
vn 0.0438 0.9963 0.0743
vn -0.0263 0.9710 0.2377
vn 0.2406 0.7484 0.6180
vn 0.2949 0.9249 0.2399
vn 0.2682 0.6558 0.7057
vn 0.2694 0.5460 0.7933
vn 0.2720 0.6775 0.6834
vn 0.3514 0.9007 0.2555
vn 0.3329 0.5355 0.7761
vn 0.4040 0.5484 0.7322
vn 0.3024 0.7460 -0.5934
vn 0.2066 0.8542 -0.4772
vn 0.1680 0.9237 0.3444
vn 0.3676 0.8909 0.2666
vn 0.0679 0.5280 0.8465
vn 0.1320 0.5057 0.8526
vn 0.1152 0.5798 0.8066
vn 0.0644 0.5659 0.8220
vn 0.1202 0.7661 0.6314
vn 0.1499 0.7451 0.6499
vn 0.2754 0.9422 0.1910
vn 0.2507 0.9531 0.1694
vn 0.3357 0.8906 -0.3068
vn 0.3915 0.8918 -0.2268
vn 0.2875 0.8828 0.3715
vn 0.3552 0.8806 0.3137
vn 0.1807 0.4598 0.8694
vn 0.1366 0.4636 0.8754
vn 0.1047 0.4401 0.8918
vn 0.1754 0.3625 0.9153
vn 0.3656 0.6428 0.6732
vn 0.2108 0.7069 0.6752
vn 0.3763 0.9079 0.1847
vn 0.5300 0.8263 0.1903
vn 0.2682 0.9475 -0.1740
vn -0.0863 0.9786 -0.1870
vn 0.4125 0.8843 -0.2188
vn 0.4244 0.7824 -0.4558
vn 0.1518 0.8889 -0.4323
vn -0.1681 0.9255 -0.3394
vn 0.3358 0.8947 -0.2946
vn 0.2938 0.9114 -0.2881
vn 0.2745 0.7619 -0.5867
vn 0.3820 0.7620 -0.5229
vn 0.4063 0.8798 -0.2468
vn 0.5404 0.8271 -0.1546
vn 0.4858 0.7251 -0.4881
vn 0.3368 0.7425 -0.5791
vn 0.5441 0.8028 0.2438
vn 0.5651 0.8219 -0.0717
vn 0.5489 0.8358 -0.0128
vn 0.5153 0.8075 0.2870
vn 0.5512 0.7570 -0.3510
vn 0.5453 0.7360 -0.4011
vn 0.4496 0.4933 -0.7447
vn 0.3738 0.4808 -0.7932
vn 0.4820 0.5303 -0.6975
vn 0.3632 0.1623 -0.9175
vn 0.3558 0.2037 -0.9121
vn 0.3437 0.2422 -0.9073
vn -0.2373 0.6402 0.7307
vn 0.1138 0.9932 -0.0242
vn 0.2863 0.9362 0.2039
vn 0.1756 0.8551 0.4879
vn 0.0314 0.9315 0.3623
vn -0.0212 0.4396 0.8980
vn 0.1589 0.9675 -0.1967
vn 0.0064 0.9831 -0.1831
vn 0.1799 0.9835 0.0171
vn 0.3503 0.9342 0.0670
vn -0.1859 0.9493 -0.2535
vn -0.2086 0.9680 -0.1396
vn -0.1683 0.8926 -0.4182
vn -0.1331 0.9490 -0.2858
vn 0.1219 0.9752 0.1848
vn 0.1836 0.9655 0.1848
vn 0.0358 0.8047 -0.5927
vn 0.3552 0.6863 -0.6347
vn 0.5318 0.7996 -0.2791
vn 0.2425 0.9673 -0.0742
vn 0.4093 0.6208 -0.6686
vn 0.3090 0.5982 -0.7394
vn 0.5563 0.6353 -0.5357
vn 0.5848 0.6977 -0.4137
vn 0.3667 0.4175 -0.8314
vn 0.2895 0.5372 -0.7922
vn 0.3192 0.6674 0.6729
vn 0.2505 0.5360 0.8062
vn 0.3932 0.7504 0.5313
vn 0.4276 0.7814 0.4544
vn 0.4156 0.6984 0.5827
vn 0.3307 0.7234 0.6061
vn 0.4798 0.7622 0.4346
vn 0.4390 0.7648 0.4715
vn 0.4284 0.6548 0.6226
vn 0.4472 0.7806 0.4366
vn 0.4132 0.9084 0.0640
vn 0.4474 0.8548 0.2628
vn 0.3836 0.8715 0.3055
vn 0.3239 0.9170 0.2328
vn 0.3145 0.8041 0.5045
vn 0.2281 0.9069 0.3543
vn 0.3909 0.6522 0.6494
vn 0.3679 0.5428 0.7550
vn 0.3593 0.4886 0.7951
vn 0.3446 0.5335 0.7724
vn 0.3009 0.8103 0.5029
vn 0.2546 0.7684 0.5872
vn 0.1825 0.9307 0.3170
vn 0.2366 0.9539 0.1848
vn 0.4468 0.6022 0.6616
vn 0.6649 0.6061 0.4364
vn 0.6601 0.5026 0.5583
vn 0.4809 0.5017 0.7190
vn 0.5145 0.8546 0.0708
vn 0.3338 0.9393 0.0799
vn 0.4341 0.8182 0.3770
vn 0.6192 0.7330 0.2816
vn 0.7543 0.6142 0.2321
vn 0.7281 0.6568 0.1962
vn 0.6862 0.5330 0.4951
vn 0.7567 0.4289 0.4934
vn 0.6722 0.6195 0.4054
vn 0.6871 0.6951 0.2114
vn 0.7479 0.5491 0.3729
vn 0.6841 0.5250 0.5064
vn -0.7127 0.4504 0.5378
vn -0.5321 0.6990 0.4778
vn -0.4815 0.8446 0.2341
vn -0.8114 0.4956 0.3099
vn -0.4033 0.8960 0.1859
vn -0.3821 0.7950 0.4712
vn -0.3903 0.9046 0.1711
vn -0.4441 0.8708 0.2110
vn -0.8131 0.5049 0.2898
vn -0.2910 0.9544 0.0671
vn -0.4968 0.8292 0.2563
vn -0.5208 0.7761 0.3555
vn -0.3047 0.9233 0.2338
vn -0.7520 0.4781 0.4538
vn -0.7895 0.5031 0.3514
vn -0.4888 0.3349 0.8055
vn -0.3435 0.5206 0.7816
vn -0.1783 0.6008 0.7793
vn -0.0925 0.4580 0.8841
vn -0.2602 0.4140 0.8723
vn -0.3815 0.6643 0.6428
vn -0.2074 0.8089 0.5501
vn -0.6222 0.4109 0.6664
vn -0.4039 0.2799 0.8709
vn -0.3829 0.4913 0.7823
vn -0.5104 0.3375 0.7909
vn -0.1901 0.5253 0.8294
vn -0.1448 0.5708 0.8082
vn -0.1977 0.9427 0.2687
vn -0.1548 0.9126 0.3785
vn -0.1589 0.5844 0.7957
vn -0.1636 0.9621 0.2183
vn -0.2289 0.9726 0.0396
vn -0.1781 0.5088 0.8423
vn -0.0996 0.4233 0.9005
vn -0.2160 0.8385 0.5003
vn -0.1986 0.8350 0.5131
vn -0.0906 0.3938 0.9147
vn -0.1344 0.4120 0.9012
vn -0.1299 0.7719 0.6224
vn -0.2269 0.7788 0.5848
vn -0.1133 0.5634 0.8184
vn -0.1217 0.9093 0.3979
vn -0.0771 0.8595 0.5052
vn -0.0580 0.4824 0.8740
vn -0.0903 0.9604 0.2635
vn -0.1172 0.9691 0.2171
vn 0.2260 0.8670 0.4441
vn 0.1266 0.4916 0.8616
vn 0.0299 0.5038 0.8633
vn 0.1737 0.9387 0.2979
vn -0.0970 0.1937 0.9763
vn -0.0433 0.2206 0.9744
vn -0.0049 0.3756 0.9268
vn -0.0172 0.7517 0.6592
vn -0.0053 0.6080 0.7939
vn 0.0076 0.2735 0.9618
vn 0.0400 0.9404 0.3376
vn -0.0292 0.9412 0.3365
vn -0.1418 0.6698 0.7288
vn -0.1576 0.5217 0.8384
vn -0.1495 0.8294 0.5383
vn -0.1457 0.8518 0.5031
vn -0.0259 0.9190 0.3934
vn -0.0672 0.9258 0.3720
vn -0.1220 0.5130 0.8497
vn -0.0543 0.7461 0.6636
vn 0.0912 0.9525 0.2905
vn -0.0211 0.8330 0.5529
vn 0.0636 0.9504 0.3044
vn 0.1362 0.9906 -0.0081
vn 0.2069 0.9720 -0.1118
vn 0.2038 0.9780 0.0450
vn 0.1227 0.9277 0.3526
vn 0.0051 0.4657 0.8849
vn -0.0577 0.2155 0.9748
vn -0.2852 0.9419 0.1774
vn -0.0921 0.9830 0.1590
vn -0.0123 0.9985 0.0532
vn -0.2933 0.9451 0.1440
vn 0.1111 0.9934 0.0289
vn 0.2472 0.9557 -0.1601
vn 0.3627 0.7957 -0.4851
vn 0.3031 0.9070 -0.2923
vn 0.3440 0.7527 -0.5613
vn 0.5080 0.7191 -0.4741
vn 0.4850 0.8076 -0.3354
vn 0.2146 0.9173 -0.3354
vn 0.5978 0.7718 -0.2165
vn 0.3692 0.9197 -0.1338
vn 0.1654 0.9454 -0.2809
vn 0.2054 0.9286 -0.3090
vn 0.1721 0.9589 -0.2256
vn 0.1801 0.9584 -0.2213
vn 0.3059 0.9062 -0.2919
vn 0.2862 0.8430 -0.4555
vn 0.4309 0.8452 0.3161
vn 0.2863 0.9229 0.2574
vn 0.4019 0.9154 0.0244
vn 0.1886 0.9804 0.0578
vn 0.0205 0.9984 -0.0521
vn 0.0978 0.9844 -0.1462
vn 0.1936 0.9182 -0.3455
vn 0.1004 0.9794 -0.1753
vn 0.0929 0.9939 -0.0596
vn 0.1745 0.9842 0.0306
vn 0.0249 0.9997 0.0002
vn 0.0440 0.9956 -0.0833
vn 0.0216 -0.5213 0.8531
vn -0.0264 -0.5835 0.8117
vn -0.0168 -0.3067 0.9517
vn -0.0276 -0.2391 0.9706
vn -0.0582 -0.3439 0.9372
vn -0.1096 -0.6014 0.7914
vn -0.2107 -0.5809 0.7862
vn -0.1367 -0.3376 0.9313
vn -0.1986 -0.3046 0.9316
vn -0.2415 -0.5629 0.7905
vn -0.2138 -0.5640 0.7976
vn -0.1948 -0.3091 0.9309
vn -0.2073 -0.3061 0.9292
vn -0.2251 -0.5608 0.7968
vn -0.2123 -0.5651 0.7972
vn -0.1828 -0.3235 0.9284
vn -0.1497 -0.3380 0.9292
vn -0.2158 -0.5550 0.8033
vn -0.2044 -0.5536 0.8073
vn -0.1377 -0.3336 0.9326
vn -0.1779 -0.3317 0.9265
vn -0.2200 -0.5618 0.7975
vn -0.2581 -0.5684 0.7812
vn -0.1985 -0.3415 0.9187
vn -0.2321 -0.3313 0.9145
vn -0.3274 -0.5576 0.7628
vn -0.3885 -0.5702 0.7238
vn -0.3245 -0.3115 0.8931
vn -0.3863 -0.3468 0.8547
vn -0.4460 -0.5899 0.6731
vn -0.5120 -0.5493 0.6604
vn -0.4383 -0.3885 0.8105
vn -0.4812 -0.3844 0.7878
vn -0.5509 -0.4425 0.7076
vn -0.5917 -0.3745 0.7138
vn -0.5729 -0.2663 0.7751
vn -0.5173 -0.3329 0.7884
vn -0.5590 -0.4018 0.7253
vn -0.5238 -0.5918 0.6126
vn -0.5616 -0.3514 0.7491
vn -0.6100 -0.3737 0.6987
vn -0.6212 -0.5678 0.5401
vn -0.5278 -0.6191 0.5815
vn -0.5883 -0.3549 0.7266
vn -0.1201 -0.3468 0.9302
vn -0.1026 -0.5417 0.8343
vn -0.0156 -0.6231 0.7820
vn -0.0506 -0.4878 0.8715
vn 0.0395 -0.6406 0.7668
vn 0.0275 -0.5344 0.8448
vn -0.2101 -0.2142 0.9539
vn -0.2465 -0.4991 0.8307
vn -0.2051 -0.5079 0.8366
vn -0.1819 -0.2483 0.9514
vn -0.1821 -0.2107 0.9604
vn -0.2109 -0.4685 0.8579
vn -0.2325 -0.4873 0.8417
vn -0.2130 -0.2107 0.9541
vn -0.1131 -0.2726 0.9555
vn -0.2028 -0.4488 0.8703
vn -0.2104 -0.4486 0.8686
vn -0.1496 -0.2272 0.9623
vn -0.0939 -0.3430 0.9346
vn -0.1723 -0.4968 0.8506
vn -0.1698 -0.4784 0.8616
vn -0.0847 -0.3204 0.9435
vn -0.1773 -0.2917 0.9399
vn -0.2563 -0.4997 0.8274
vn -0.2097 -0.5018 0.8392
vn -0.1405 -0.3314 0.9330
vn -0.1868 -0.2291 0.9553
vn -0.2801 -0.4987 0.8203
vn -0.3123 -0.4463 0.8386
vn -0.1584 -0.2032 0.9662
vn -0.1224 -0.3094 0.9430
vn -0.1520 -0.4738 0.8674
vn -0.4435 -0.4123 0.7958
vn -0.3886 -0.4020 0.8291
vn -0.1838 -0.6128 0.7685
vn -0.5223 -0.4916 0.6967
vn -0.5332 -0.6540 0.5366
vn -0.1327 -0.7190 0.6822
vn 0.0522 -0.2520 0.9663
vn -0.0621 -0.2547 0.9650
vn -0.0183 -0.0555 0.9983
vn 0.0857 -0.0716 0.9937
vn -0.1110 -0.0173 0.9937
vn -0.1475 -0.2019 0.9682
vn -0.1922 -0.1325 0.9724
vn -0.1652 0.0594 0.9845
vn -0.1569 0.1216 0.9801
vn -0.1922 -0.0737 0.9786
vn -0.1749 -0.0662 0.9824
vn -0.1108 0.1237 0.9861
vn -0.0794 0.1007 0.9917
vn -0.1364 -0.0859 0.9869
vn -0.0746 -0.1145 0.9906
vn -0.0361 0.0822 0.9960
vn 0.0518 0.0318 0.9982
vn -0.0143 -0.1570 0.9875
vn 0.2690 0.6295 0.7290
vn 0.0196 0.2771 0.9606
vn 0.1436 0.2460 0.9586
vn 0.3334 0.5640 0.7554
vn 0.1950 0.1729 0.9654
vn 0.3116 0.4632 0.8297
vn -0.0642 0.3828 0.9216
vn -0.0635 0.3415 0.9377
vn 0.1903 0.7019 0.6864
vn 0.1788 0.7163 0.6745
vn 0.0581 0.2935 0.9542
vn 0.0050 0.3680 0.9298
vn 0.2363 0.6458 0.7260
vn 0.3106 0.5428 0.7803
vn -0.1387 0.1442 0.9798
vn -0.0765 0.0953 0.9925
vn 0.0356 0.2991 0.9536
vn 0.0280 0.3930 0.9191
vn -0.0807 0.2197 0.9722
vn -0.1266 0.1167 0.9851
vn 0.1157 0.4732 0.8733
vn 0.0335 0.4470 0.8939
vn 0.1516 0.5381 0.8291
vn -0.2263 0.1782 0.9576
vn -0.1683 0.2587 0.9512
vn -0.2193 0.3631 0.9056
vn -0.3140 0.2267 0.9220
vn 0.0193 0.6455 0.7635
vn 0.0285 0.5161 0.8561
vn -0.3551 0.2534 0.8998
vn -0.2171 0.4254 0.8786
vn -0.0610 0.5266 0.8479
vn -0.2941 0.2103 0.9324
vn 0.1548 0.7191 0.6774
vn 0.0407 0.6875 0.7251
vn -0.0918 0.0982 0.9909
vn 0.1879 0.5061 0.8418
vn 0.3935 0.4277 0.8137
vn 0.1266 -0.0264 0.9916
vn 0.4912 0.5921 0.6388
vn 0.3387 0.6673 0.6633
vn 0.2840 -0.1142 0.9520
vn 0.5033 0.3420 0.7935
vn 0.5436 0.2460 0.8025
vn 0.3616 -0.1808 0.9146
vn 0.5718 0.4758 0.6684
vn 0.5555 0.5378 0.6341
vn 0.3736 -0.2277 0.8992
vn 0.5354 0.1345 0.8338
vn 0.3364 -0.1958 0.9211
vn 0.4959 0.1065 0.8618
vn 0.5756 0.3684 0.7300
vn 0.5762 0.3997 0.7129
vn 0.2700 -0.1316 0.9538
vn 0.4558 0.1999 0.8673
vn 0.4725 0.1443 0.8695
vn 0.2989 -0.1545 0.9417
vn 0.5463 0.4134 0.7284
vn 0.5701 0.3876 0.7244
vn 0.2377 -0.1128 0.9648
vn 0.4266 0.2319 0.8742
vn 0.2660 -0.1338 0.9546
vn 0.4416 0.2018 0.8742
vn 0.5015 0.4010 0.7666
vn 0.5049 0.4223 0.7528
vn 0.4826 -0.2845 0.8284
vn 0.6603 0.0593 0.7487
vn 0.5258 0.1293 0.8407
vn 0.3537 -0.1971 0.9144
vn 0.5923 0.3330 0.7337
vn 0.7309 0.2647 0.6290
vn 0.5903 -0.3347 0.7345
vn 0.7508 0.0179 0.6603
vn 0.7556 -0.0068 0.6550
vn 0.5928 -0.3306 0.7344
vn 0.8284 0.3126 0.4648
vn 0.8114 0.2613 0.5228
vn 0.2416 0.6318 0.7366
vn 0.1615 0.6075 0.7777
vn 0.2149 0.6803 0.7007
vn 0.2864 0.6909 0.6638
vn 0.2034 0.7834 0.5874
vn 0.2888 0.7828 0.5512
vn 0.2811 0.8409 0.4625
vn 0.3218 0.8403 0.4363
vn 0.3621 0.7713 0.5234
vn 0.3450 0.8364 0.4259
vn 0.3325 0.8333 0.4416
vn 0.2127 0.8154 0.5384
vn 0.2685 0.7943 0.5450
vn 0.4425 0.7850 0.4335
vn 0.4267 0.7819 0.4546
vn 0.4716 0.7296 0.4953
vn 0.5200 0.7138 0.4692
vn 0.3942 0.7230 0.5674
vn 0.5125 0.6382 0.5745
vn 0.5399 0.6325 0.5553
vn 0.5412 0.6577 0.5240
vn 0.5502 0.5918 0.5891
vn 0.5527 0.5634 0.6141
vn 0.6069 0.5148 0.6055
vn 0.5719 0.5326 0.6239
vn 0.6108 0.5824 0.5364
vn 0.5743 0.6091 0.5470
vn 0.6299 0.5798 0.5168
vn 0.6410 0.5587 0.5263
vn 0.6159 0.5329 0.5803
vn 0.5867 0.5712 0.5741
vn 0.5688 0.6740 0.4714
vn 0.5982 0.6293 0.4962
vn 0.5500 0.5956 0.5855
vn 0.5405 0.5981 0.5917
vn 0.7067 0.5579 0.4350
vn 0.5856 0.6729 0.4521
vn 0.6147 0.5460 0.5693
vn 0.7580 0.4237 0.4959
vn 0.2351 0.4780 0.8463
vn 0.2572 0.2443 0.9350
vn 0.0328 -0.1855 0.9821
vn 0.1954 0.5888 0.7843
vn 0.0904 0.4074 0.9088
vn 0.1808 0.5650 0.8051
vn 0.3046 0.6029 0.7374
vn 0.1618 0.5748 0.8021
vn 0.1908 0.5763 0.7947
vn 0.3507 0.6920 0.6310
vn 0.0308 0.3345 -0.9419
vn -0.0606 0.5003 -0.8637
vn -0.1223 0.5119 -0.8503
vn -0.0471 0.2836 -0.9578
vn -0.0243 0.4608 -0.8872
vn -0.0588 0.5199 -0.8522
vn 0.1134 0.8003 -0.5888
vn -0.1603 0.5218 -0.8379
vn 0.0787 0.4704 -0.8790
vn 0.2065 0.6101 -0.7650
vn 0.1202 0.2145 -0.9693
vn 0.1953 0.1319 -0.9718
vn 0.1877 0.3194 -0.9288
vn 0.0784 0.5187 -0.8513
vn -0.0454 0.1353 -0.9898
vn 0.0125 0.0552 -0.9984
vn 0.0387 0.1553 -0.9871
vn -0.1552 0.1837 -0.9707
vn 0.0911 0.1924 -0.9771
vn 0.1208 0.0725 -0.9900
vn 0.0346 0.8417 -0.5389
vn 0.0652 0.7076 -0.7036
vn -0.2677 0.3787 -0.8860
vn -0.2324 0.4484 -0.8631
vn 0.1806 0.3469 -0.9204
vn 0.2376 0.2536 -0.9377
vn 0.2475 0.4473 -0.8595
vn 0.1242 0.5658 -0.8151
vn -0.2347 0.5445 -0.8052
vn -0.1676 0.3583 -0.9184
vn -0.2906 0.2478 -0.9242
vn -0.3435 0.3589 -0.8679
vn 0.0254 0.4347 -0.9002
vn -0.0358 0.6204 -0.7835
vn 0.2244 0.7154 -0.6617
vn 0.0380 0.8053 -0.5917
vn 0.1117 0.9484 -0.2967
vn -0.0544 0.9671 -0.2485
vn -0.3872 0.7067 -0.5921
vn -0.2925 0.4751 -0.8299
vn 0.0483 0.6280 -0.7767
vn -0.2038 0.8327 -0.5148
vn -0.3809 0.5635 -0.7331
vn -0.4055 0.7779 -0.4800
vn -0.2952 0.8887 -0.3507
vn -0.2717 0.7332 -0.6234
vn -0.1112 0.8136 -0.5707
vn -0.1675 0.9474 -0.2729
vn -0.8115 0.5798 0.0724
vn -0.6016 0.7747 -0.1947
vn -0.5991 0.7931 -0.1098
vn -0.7580 0.5640 0.3278
vn -0.9140 0.3808 0.1398
vn -0.9345 0.2510 0.2523
vn -0.1220 0.9866 0.1087
vn -0.0460 0.9927 0.1115
vn -0.1320 0.8488 0.5119
vn -0.2624 0.8180 0.5118
vn -0.4417 0.6784 0.5871
vn -0.3704 0.9190 0.1350
vn -0.4622 0.8854 0.0494
vn -0.4459 0.7119 0.5425
vn -0.2676 0.9565 0.1159
vn -0.5025 0.6947 0.5146
vn -0.9473 -0.0197 0.3197
vn -0.9004 -0.2372 0.3648
vn -0.7506 -0.0535 0.6586
vn -0.7767 0.2474 0.5792
vn -0.3468 0.1943 0.9176
vn -0.1678 0.2204 0.9609
vn -0.1689 0.5587 0.8120
vn -0.3528 0.5181 0.7792
vn -0.3970 0.1739 0.9012
vn -0.3835 0.4655 0.7976
vn -0.4293 0.4400 0.7887
vn -0.3925 0.2413 0.8875
vn -0.6138 0.3855 0.6889
vn -0.5508 0.1598 0.8192
vn -0.5782 -0.2003 0.7909
vn -0.6723 -0.0727 0.7367
vn -0.3836 0.1849 0.9048
vn -0.2450 0.2208 0.9440
vn -0.7024 -0.3811 0.6012
vn -0.8244 -0.2914 0.4852
vn -0.1125 -0.4298 0.8959
vn -0.0015 -0.4757 0.8796
vn -0.0934 -0.1558 0.9834
vn -0.2450 -0.1300 0.9608
vn -0.8542 -0.3382 0.3949
vn -0.7321 -0.2886 0.6170
vn -0.3437 -0.4793 0.8075
vn -0.2087 -0.5522 0.8072
vn -0.0987 -0.1427 0.9848
vn -0.2808 -0.3907 0.8766
vn -0.4669 -0.4166 0.7800
vn 0.1202 0.3344 0.9347
vn 0.1415 0.4671 0.8728
vn -0.0297 -0.5935 0.8043
vn 0.0273 -0.6435 0.7650
vn 0.0958 -0.4403 0.8927
vn -0.1277 -0.5689 0.8125
vn -0.1961 -0.3854 0.9017
vn 0.1806 -0.0569 0.9819
vn -0.3683 -0.1075 0.9235
vn -0.3623 -0.0664 0.9297
vn -0.4754 -0.1456 0.8676
vn 0.0958 0.5540 0.8270
vn 0.0102 0.5864 0.8099
vn -0.1570 0.4628 0.8724
vn -0.0264 0.5697 0.8214
vn -0.1226 0.4743 0.8718
vn -0.0340 0.4786 0.8774
vn -0.2021 0.1717 0.9642
vn -0.2917 0.2208 0.9307
vn 0.1672 0.6880 0.7062
vn 0.0529 0.3769 0.9247
vn 0.1429 0.2719 0.9517
vn 0.2111 0.4999 0.8400
vn -0.0636 0.4379 0.8968
vn 0.2048 0.7610 0.6155
vn 0.2126 0.7788 0.5902
vn -0.1422 0.4712 0.8705
vn -0.2687 0.5008 0.8228
vn 0.1247 0.7306 0.6713
vn -0.3968 0.4782 0.7835
vn -0.4599 0.4170 0.7840
vn -0.2753 0.5645 0.7782
vn -0.2428 0.3851 0.8904
vn -0.4096 0.3829 0.8280
vn -0.2310 0.3162 0.9201
vn -0.2310 0.3000 0.9256
vn -0.1415 0.3957 0.9074
vn 0.0616 0.6840 0.7269
vn 0.0678 0.7385 0.6709
vn -0.0823 0.6187 0.7813
vn 0.1684 0.6404 0.7493
vn 0.0749 0.5036 0.8607
vn 0.3242 0.7413 0.5876
vn 0.0753 0.5773 0.8131
vn 0.2346 0.7029 0.6715
vn -0.1733 0.1348 0.9756
vn -0.0052 0.0364 0.9993
vn 0.2963 0.6360 0.7125
vn 0.2770 0.7327 0.6216
vn -0.0363 0.6842 0.7284
vn -0.0621 0.5655 0.8224
vn -0.2940 0.2246 0.9290
vn -0.4025 0.2844 0.8701
vn -0.1811 0.9834 -0.0084
vn -0.4016 0.9157 -0.0112
vn -0.3713 0.8648 0.3381
vn -0.3383 0.9068 0.2514
vn -0.7635 0.4851 0.4263
vn -0.8486 0.5216 -0.0885
vn 0.1594 0.8603 -0.4842
vn -0.0614 0.9714 -0.2293
vn -0.2641 0.9568 0.1219
vn -0.0391 0.9978 -0.0529
vn 0.3279 0.9067 -0.2652
vn 0.5676 0.7415 -0.3577
vn 0.5191 0.4997 -0.6934
vn 0.3978 0.6371 -0.6602
vn 0.4359 0.8627 -0.2565
vn 0.1283 0.9798 -0.1534
vn 0.0762 0.8904 -0.4488
vn 0.3625 0.7031 -0.6117
vn 0.0035 0.9992 -0.0389
vn -0.0055 0.9996 0.0262
vn 0.1093 0.9450 -0.3084
vn 0.0178 0.9460 -0.3238
vn 0.0823 0.9955 -0.0462
vn 0.2702 0.9475 -0.1712
vn 0.3815 0.7874 -0.4842
vn 0.2628 0.8790 -0.3978
vn 0.3996 0.8901 -0.2193
vn 0.3214 0.9408 -0.1075
vn 0.1991 0.8817 -0.4277
vn 0.3562 0.7991 -0.4843
vn 0.2076 0.9746 0.0844
vn 0.0325 0.9362 -0.3499
vn 0.1667 0.9695 0.1797
vn -0.0079 0.9449 -0.3273
vn 0.2097 0.9766 0.0477
vn 0.1604 0.9777 0.1359
vn -0.0178 0.9386 -0.3446
vn 0.0133 0.9222 -0.3865
vn 0.2952 0.9553 -0.0153
vn 0.4436 0.8962 0.0047
vn 0.0780 0.9114 -0.4040
vn 0.1876 0.8988 -0.3961
vn 0.6385 0.7116 0.2932
vn 0.6071 0.7840 0.1298
vn 0.3363 0.8624 -0.3784
vn 0.4724 0.8449 -0.2508
vn 0.1136 0.5722 -0.8122
vn 0.0476 0.5247 -0.8499
vn 0.2431 0.5572 -0.7940
vn 0.2384 0.1596 -0.9580
vn 0.1449 0.0363 -0.9888
vn 0.0826 0.0276 -0.9962
vn 0.3664 0.5092 -0.7787
vn 0.4014 0.5342 -0.7440
vn 0.3428 0.4232 -0.8387
vn 0.3195 0.3021 -0.8982
vn 0.3187 0.6248 -0.7128
vn 0.1388 0.6923 -0.7082
vn 0.1280 0.5562 -0.8211
vn 0.2724 0.5096 -0.8162
vn -0.0535 0.6922 -0.7197
vn -0.1579 0.6743 -0.7213
vn -0.0457 0.5639 -0.8246
vn -0.1799 0.5363 -0.8247
vn -0.2009 0.6355 -0.7455
vn -0.2060 0.6716 -0.7117
vn -0.2465 0.4656 -0.8500
vn -0.2463 0.3447 -0.9058
vn -0.2166 0.4718 -0.8547
vn -0.2044 0.5738 -0.7931
vn -0.3208 0.0828 -0.9435
vn -0.2626 0.2002 -0.9439
vn -0.0889 0.4489 -0.8892
vn -0.1904 0.3848 -0.9032
vn -0.3730 0.0273 -0.9274
vn -0.3855 0.0618 -0.9206
vn 0.4026 0.6352 0.6591
vn 0.2222 0.4219 0.8790
vn 0.2800 0.4937 0.8233
vn 0.3976 0.6708 0.6260
vn 0.5932 0.7226 -0.3550
vn 0.5174 0.5252 -0.6756
vn 0.6553 0.3560 -0.6662
vn 0.7729 0.5601 -0.2981
vn 0.4952 0.0963 -0.8634
vn 0.3842 0.1407 -0.9125
vn 0.6606 0.6617 0.3547
vn 0.7731 0.6297 0.0760
vn 0.5770 0.8167 -0.0043
vn 0.5201 0.7935 0.3160
vn 0.5454 0.8068 0.2272
vn 0.3196 0.5911 0.7406
vn 0.6124 0.1197 0.7814
vn 0.3308 0.3888 0.8599
vn 0.5011 -0.1189 0.8572
vn 0.6705 0.3670 0.6448
vn 0.4876 0.6151 0.6196
vn 0.3827 0.2879 0.8779
vn 0.6386 -0.7572 0.1376
vn 0.9970 -0.0402 -0.0657
vn 0.9003 0.1619 0.4041
vn 0.6420 -0.4731 0.6033
vn 0.7393 -0.2771 -0.6137
vn 0.3548 -0.8632 -0.3591
vn 0.3846 -0.3724 -0.8447
vn 0.1784 -0.7622 -0.6223
vn 0.3458 -0.0382 -0.9375
vn 0.5616 0.1825 -0.8070
vn 0.6994 -0.1179 -0.7050
vn 0.3858 -0.3622 -0.8485
vn 0.9787 0.1793 -0.0997
vn 0.7580 0.5651 -0.3257
vn 0.7321 0.5390 0.4166
vn 0.7759 0.2165 0.5926
vn 0.5162 0.3489 0.7822
vn 0.6295 0.5292 0.5689
vn 0.5834 0.6161 0.5292
vn 0.5648 0.7193 0.4045
vn 0.4768 0.5297 0.7015
vn 0.5035 0.7240 0.4714
vn 0.4918 0.8366 0.2413
vn 0.5532 0.7795 0.2939
vn 0.4589 0.8869 -0.0525
vn 0.4170 0.8985 -0.1369
vn 0.1023 0.6733 -0.7323
vn 0.0465 0.6647 -0.7457
vn -0.2441 0.2708 -0.9312
vn -0.3130 0.1953 -0.9294
vn 0.5716 0.7655 -0.2954
vn 0.2226 0.4246 -0.8776
vn 0.8745 0.1476 -0.4619
vn 0.1368 -0.3562 -0.9243
vn -0.0775 0.1004 -0.9919
vn 0.4857 -0.2662 -0.8326
vn 0.7453 0.6121 0.2644
vn 0.9879 -0.1549 0.0066
vn 0.7416 0.4026 0.5366
vn 0.8930 -0.3379 0.2973
vn 0.5716 -0.8097 -0.1328
vn 0.6210 -0.6422 -0.4493
vn 0.2589 -0.7152 -0.6492
vn 0.3149 -0.8754 -0.3667
vn 0.6070 0.1693 0.7764
vn 0.5027 -0.0274 0.8640
vn 0.4621 -0.6042 0.6491
vn 0.6622 -0.5287 0.5310
vn -0.1341 -0.3704 -0.9191
vn -0.2234 0.0080 -0.9747
vn -0.3122 0.1368 -0.9401
vn -0.3162 -0.2819 -0.9059
vn 0.2828 -0.9329 0.2230
vn 0.3866 -0.9192 0.0752
vn 0.1377 -0.9481 -0.2866
vn 0.0395 -0.9769 -0.2101
vn -0.0111 -0.7631 -0.6462
vn -0.1840 -0.7835 -0.5936
vn 0.4820 0.4465 -0.7539
vn 0.2725 0.5682 -0.7765
vn 0.2996 0.8563 -0.4208
vn 0.5128 0.7637 -0.3921
vn 0.0021 0.0093 -1.0000
vn 0.0282 0.0169 -0.9995
vn 0.0714 0.2512 -0.9653
vn 0.0603 0.2435 -0.9680
vn 0.1571 0.2057 -0.9659
vn 0.1260 0.2311 -0.9647
vn 0.0924 0.0144 -0.9956
vn 0.1332 0.0370 -0.9904
vn 0.3521 0.9077 0.2284
vn -0.0027 0.6637 0.7480
vn 0.1351 0.9784 0.1562
vn -0.0727 0.7391 0.6697
vn 0.1334 0.6303 -0.7648
vn 0.1681 0.6067 -0.7770
vn 0.2163 0.9206 -0.3251
vn 0.1638 0.9011 -0.4015
vn 0.2249 0.5758 -0.7860
vn 0.2984 0.5544 -0.7769
vn 0.4110 0.8635 -0.2923
vn 0.2949 0.9200 -0.2583
vn 0.0348 0.9788 0.2019
vn -0.0205 0.7775 0.6286
vn 0.1213 0.9364 0.3294
vn 0.1170 0.7896 0.6024
vn 0.1156 0.7178 0.6866
vn 0.0575 0.6355 0.7700
vn 0.3779 0.7495 0.5435
vn 0.4306 0.7884 0.4393
vn 0.4580 0.8031 0.3812
vn 0.2555 0.8631 0.4357
vn 0.2741 0.7328 0.6228
vn 0.4419 0.6085 0.6591
vn 0.6334 0.7713 0.0630
vn 0.5717 0.5123 -0.6409
vn 0.6011 0.7984 0.0338
vn 0.5218 0.6478 -0.5551
vn 0.3159 0.7976 0.5138
vn 0.2283 0.7605 0.6079
vn 0.4788 0.7979 0.3662
vn 0.5050 0.8055 0.3100
vn 0.5249 0.6221 0.5809
vn 0.4233 0.7467 0.5131
vn 0.5753 0.7545 0.3159
vn 0.6839 0.6360 0.3576
vn 0.2487 0.1215 -0.9609
vn 0.2484 0.1898 -0.9499
vn 0.2073 0.2693 -0.9405
vn 0.1661 0.4250 -0.8898
vn 0.5899 0.8037 0.0777
vn 0.5836 0.8110 0.0417
vn 0.5546 0.7149 -0.4259
vn 0.5979 0.7366 -0.3163
vn 0.6787 0.7230 0.1291
vn 0.7660 0.6144 -0.1893
vn 0.8016 0.5759 0.1603
vn 0.8930 0.4376 -0.1050
vn 0.4782 0.6905 -0.5426
vn 0.4850 0.8371 -0.2529
vn 0.2502 0.8479 -0.4674
vn 0.2544 0.9121 -0.3215
vn 0.3014 0.4054 -0.8630
vn 0.4747 0.4510 -0.7558
vn 0.4143 0.5786 -0.7026
vn 0.2040 0.5681 -0.7973
vn 0.8753 0.3804 -0.2985
vn 0.7247 0.3955 -0.5643
vn 0.7501 0.6536 -0.1007
vn 0.6625 0.5853 -0.4675
vn 0.4062 0.8584 -0.3133
vn 0.2496 0.8789 -0.4066
vn 0.2555 0.9096 -0.3278
vn 0.3828 0.8860 -0.2616
vn 0.5541 0.8161 -0.1639
vn 0.4983 0.8493 -0.1744
vn 0.5935 0.8045 0.0243
vn 0.5553 0.8287 -0.0695
vn 0.0232 0.9114 0.4108
vn 0.1882 0.9752 -0.1166
vn -0.1257 0.9658 0.2267
vn 0.0824 0.9185 -0.3867
vn 0.3381 0.9403 0.0385
vn 0.2210 0.7524 0.6205
vn 0.5319 0.8277 0.1788
vn 0.3651 0.6039 0.7086
vn 0.7005 0.6528 0.2884
vn 0.4162 0.6333 0.6524
vn 0.5007 0.8139 -0.2948
vn 0.6097 0.7841 -0.1160
vn 0.4433 0.8937 0.0687
vn 0.3712 0.9206 -0.1210
vn 0.5151 0.8167 0.2603
vn 0.7376 0.6695 0.0885
vn 0.3692 0.7111 0.5984
vn 0.7419 0.5540 0.3777
vn 0.6469 0.6152 0.4505
vn 0.2780 0.7424 0.6096
vn 0.2810 0.8600 0.4259
vn 0.1908 0.7734 0.6046
vn 0.8185 0.5328 0.2150
vn 0.5887 0.7053 0.3948
vn 0.6268 0.6140 0.4797
vn 0.8369 0.4616 0.2943
vn 0.5015 0.7452 0.4395
vn 0.1940 0.8720 0.4495
vn 0.2493 0.9333 0.2585
vn 0.6357 0.6965 0.3327
vn 0.7988 0.4718 0.3733
vn 0.6086 0.5724 0.5495
vn 0.5192 0.5842 0.6239
vn 0.6896 0.5437 0.4784
vn 0.4383 0.6504 0.6203
vn 0.1933 0.7357 0.6492
vn 0.2118 0.6404 0.7383
vn 0.3908 0.5857 0.7101
vn -0.0973 0.9209 0.3775
vn 0.1742 0.9788 0.1073
vn 0.0731 0.9971 -0.0199
vn -0.1818 0.9373 0.2974
vn 0.2733 0.9260 -0.2604
vn 0.1797 0.9367 -0.3006
vn -0.0181 0.9987 -0.0470
vn -0.2236 0.9427 0.2477
vn 0.0811 0.8219 0.5638
vn 0.3073 0.8565 0.4146
vn 0.2605 0.9269 0.2702
vn 0.0060 0.8821 0.4710
vn 0.0717 0.7336 0.6758
vn 0.3534 0.7270 0.5887
vn 0.3389 0.7849 0.5187
vn 0.1066 0.7735 0.6248
vn 0.2753 0.6410 0.7165
vn 0.3434 0.6727 0.6554
vn 0.0121 0.7210 0.6929
vn -0.0339 0.7197 0.6935
vn -0.4005 0.6932 0.5992
vn -0.4080 0.6448 0.6464
vn -0.4819 0.3207 0.8154
vn -0.4645 0.3644 0.8072
vn -0.5142 0.3236 0.7943
vn -0.3939 0.6277 0.6714
vn -0.3704 0.6322 0.6805
vn -0.5525 0.3466 0.7581
vn -0.5761 0.3524 0.7375
vn -0.3249 0.6233 0.7113
vn -0.3177 0.6179 0.7192
vn -0.6006 0.3689 0.7094
vn -0.6720 0.3934 0.6274
vn -0.3659 0.6049 0.7073
vn -0.4419 0.6376 0.6311
vn -0.4969 0.7362 0.4594
vn -0.7429 0.4506 0.4950
vn -0.7762 0.5911 0.2193
vn -0.7596 0.6465 -0.0715
vn -0.4549 0.8550 0.2490
vn -0.6643 0.6203 -0.4171
vn -0.3981 0.9153 -0.0615
vn 0.0085 0.8828 0.4696
vn -0.0188 0.7886 0.6146
vn -0.2729 0.8585 -0.4341
vn -0.0355 0.7322 -0.6802
vn -0.4241 0.5333 -0.7319
vn -0.0831 0.4540 -0.8871
vn 0.0234 0.9947 -0.1003
vn -0.0098 0.9788 0.2044
vn 0.0850 0.9755 -0.2030
vn 0.1014 0.9713 -0.2154
vn 0.2107 0.6466 -0.7332
vn 0.3665 0.6228 -0.6912
vn 0.2187 0.4107 -0.8852
vn 0.4422 0.3619 -0.8206
vn 0.5373 0.3519 -0.7665
vn 0.4039 0.6248 -0.6682
vn 0.4475 0.6210 -0.6435
vn 0.5981 0.4221 -0.6813
vn 0.1175 0.9234 -0.3654
vn 0.0430 0.9691 -0.2430
vn 0.5343 0.7087 -0.4607
vn 0.7137 0.5597 -0.4212
vn 0.6506 0.7569 0.0615
vn 0.2444 0.9623 -0.1190
vn 0.2470 0.8881 -0.3876
vn 0.4807 0.8769 0.0061
vn 0.2170 0.8813 0.4199
vn 0.0058 0.9557 0.2942
vn 0.3806 0.7645 0.5202
vn 0.0727 0.6130 0.7867
vn -0.0579 0.7178 0.6938
vn -0.1797 0.7974 0.5760
vn -0.3249 0.4933 0.8069
vn -0.4001 0.6321 0.6636
vn -0.2133 0.3899 0.8958
vn -0.4584 0.4002 0.7936
vn -0.3818 0.2268 0.8960
vn -0.5188 0.6294 0.5786
vn -0.4567 0.2110 0.8642
vn -0.4716 0.4758 0.7425
vn -0.4433 0.6132 0.6538
vn -0.4848 0.2975 0.8225
vn -0.3223 0.8752 0.3607
vn -0.4425 0.7625 0.4721
vn -0.4111 0.6943 0.5907
vn -0.2623 0.9271 0.2679
vn -0.4765 0.3730 0.7961
vn -0.5521 0.3525 -0.7556
vn -0.8073 0.4106 -0.4238
vn -0.9115 0.2813 -0.3001
vn -0.1879 0.3469 -0.9189
vn -0.1313 0.3474 -0.9285
vn -0.6811 0.2862 -0.6740
vn 0.2012 0.3500 -0.9149
vn 0.1754 0.3391 -0.9243
vn 0.4023 0.3365 -0.8514
vn 0.4253 0.3311 -0.8423
vn 0.5460 0.3340 -0.7683
vn 0.5539 0.3198 -0.7687
vn 0.6789 0.3989 -0.6164
vn 0.6519 0.3708 -0.6615
vn 0.7724 0.5085 -0.3806
vn 0.7769 0.5545 -0.2981
vn 0.7582 0.6186 0.2059
vn 0.7497 0.6495 0.1268
vn 0.5067 0.6386 0.5791
vn 0.5396 0.5463 0.6407
vn 0.2136 0.3992 0.8916
vn 0.1839 0.5110 0.8397
vn -0.1293 0.3077 0.9427
vn -0.1029 0.2223 0.9695
vn -0.3170 0.0765 0.9453
vn -0.3348 0.1354 0.9325
vn -0.4844 0.0885 0.8704
vn -0.4747 0.1218 0.8717
vn -0.4745 -0.0097 0.8802
vn -0.4509 -0.0054 0.8926
vn -0.4450 -0.0078 0.8955
vn -0.4595 0.1127 0.8810
vn -0.4419 0.0005 0.8971
vn -0.4443 0.0718 0.8930
vn -0.3184 0.5186 -0.7935
vn 0.0950 0.4496 -0.8882
vn -0.4725 0.7355 -0.4855
vn -0.0514 0.7156 -0.6967
vn 0.3665 0.4085 -0.8360
vn 0.2472 0.7064 -0.6633
vn 0.4368 0.7155 -0.5452
vn 0.5247 0.4251 -0.7375
vn 0.5420 0.8081 -0.2307
vn 0.6782 0.5508 -0.4865
vn 0.7395 0.6627 -0.1185
vn 0.5975 0.7977 0.0820
vn 0.4928 0.7107 0.5020
vn 0.6766 0.6523 0.3418
vn 0.4565 0.5074 0.7309
vn 0.2922 0.5170 0.8046
vn -0.0226 0.2774 0.9605
vn 0.1376 0.3147 0.9392
vn -0.1519 0.1367 0.9789
vn -0.2482 0.0992 0.9636
vn -0.3953 0.0109 0.9185
vn -0.3424 0.0256 0.9392
vn -0.4501 -0.0309 0.8925
vn -0.4510 -0.0333 0.8919
vn -0.4563 -0.0499 0.8884
vn -0.4399 -0.0382 0.8972
vn -0.6068 0.1732 0.7758
vn -0.5452 0.1236 0.8292
vn -0.5475 0.0452 0.8356
vn -0.6293 0.0896 0.7720
vn -0.6615 0.1272 0.7391
vn -0.6315 0.1983 0.7496
vn -0.3652 0.6625 0.6540
vn -0.4525 0.1239 0.8831
vn -0.4488 0.0531 0.8920
vn -0.4568 0.1278 0.8804
vn 0.0638 0.7774 0.6258
vn 0.2623 0.9160 0.3034
vn 0.1270 0.9777 0.1674
vn -0.6901 0.1413 0.7098
vn -0.6846 0.2162 0.6962
vn -0.7609 0.1550 0.6301
vn -0.7493 0.2620 0.6081
vn -0.0634 0.9932 -0.0980
vn -0.1647 0.9574 -0.2372
vn -0.4329 0.8911 0.1364
vn 0.1969 0.9601 -0.1987
vn -0.2625 0.3441 0.9015
vn 0.0309 0.5593 0.8284
vn -0.3458 0.1567 0.9251
vn -0.4448 -0.0485 0.8943
vn -0.4372 -0.0516 0.8979
vn -0.4673 -0.0349 0.8834
vn -0.4486 -0.0431 0.8927
vn -0.4580 0.0801 0.8853
vn -0.4471 0.0455 0.8933
vn -0.6436 0.3311 0.6900
vn -0.6188 0.6895 0.3765
vn -0.8294 0.5572 -0.0392
vn -0.8543 0.1957 0.4816
vn -0.4802 0.1042 0.8709
vn -0.4734 0.0123 0.8807
vn -0.5702 0.0201 0.8213
vn -0.6703 0.0749 0.7383
vn -0.6377 0.0299 0.7697
vn -0.7154 0.0784 0.6943
vn -0.5019 -0.0188 0.8647
vn -0.5447 -0.0144 0.8385
vn -0.8663 0.2017 0.4571
vn -0.8124 0.3435 0.4711
vn -0.8829 0.4265 0.1963
vn -0.9351 0.2339 0.2662
vn -0.9689 0.2473 0.0026
vn -0.8956 0.4337 -0.0986
vn -0.7114 0.0483 0.7011
vn -0.8076 0.1022 0.5808
vn -0.8979 0.1093 0.4265
vn -0.9754 0.1374 0.1726
vn -0.9736 0.2280 -0.0085
vn -0.7939 0.4025 -0.4558
vn -0.5859 0.0218 0.8101
vn 0.3313 0.7542 -0.5670
vn 0.4025 0.7991 -0.4465
vn -0.0957 0.9952 0.0180
vn 0.1215 0.9550 -0.2705
vn -0.1850 0.9753 0.1206
vn 0.0041 0.9678 -0.2518
vn -0.2444 0.9438 -0.2223
vn -0.3673 0.9111 0.1868
vn -0.5159 0.7974 0.3130
vn -0.4829 0.8734 -0.0627
vn -0.5454 0.8266 0.1389
vn -0.4643 0.7660 0.4446
vn -0.3051 0.8618 0.4052
vn -0.5107 0.8406 0.1802
vn -0.3495 0.9367 0.0193
vn -0.1308 0.9753 0.1781
vn 0.0128 0.9877 -0.1559
vn -0.1780 0.9776 -0.1126
vn -0.4618 0.8496 -0.2549
vn -0.5679 0.8202 -0.0689
vn -0.8527 0.5176 -0.0711
vn -0.8139 0.4993 -0.2971
vn -0.6165 0.7754 0.1366
vn -0.8427 0.5215 0.1338
vn -0.0278 0.9887 -0.1476
vn -0.1251 0.9907 0.0532
vn -0.1323 0.9910 0.0185
vn -0.2098 0.9367 0.2802
vn -0.3082 0.8431 0.4407
vn -0.2044 0.9649 0.1650
vn -0.1257 0.9610 0.2462
vn -0.2284 0.7965 0.5599
vn -0.0101 0.7626 0.6468
vn 0.0092 0.9570 0.2898
vn 0.1139 0.9060 0.4076
vn 0.2038 0.6382 0.7424
vn 0.2257 0.6608 0.7159
vn 0.2303 0.7148 0.6604
vn 0.3502 0.5331 0.7702
vn 0.3922 0.5872 0.7081
vn 0.5414 0.5332 0.6501
vn 0.4379 0.4893 0.7542
vn 0.2837 0.5578 0.7800
vn 0.1962 0.7995 0.5678
vn 0.2323 0.4531 0.8607
vn 0.2211 0.2264 0.9486
vn 0.3154 0.4277 0.8471
vn 0.2775 0.2274 0.9334
vn 0.3355 0.3486 0.8752
vn 0.3451 0.3707 0.8623
vn 0.3107 0.2437 0.9187
vn 0.3109 0.2622 0.9136
vn 0.3025 0.1549 0.9405
vn 0.2360 0.1769 0.9555
vn 0.2808 0.3071 0.9093
vn 0.3132 0.1982 0.9288
vn 0.2732 0.2286 0.9344
vn 0.2920 0.1821 0.9389
vn 0.2601 0.1950 0.9457
vn 0.2136 0.2005 0.9561
vn 0.2209 0.3168 0.9224
vn 0.2898 0.3340 0.8969
vn 0.0006 0.4617 0.8870
vn -0.2543 0.6187 0.7434
vn -0.0868 0.7857 0.6125
vn 0.1755 0.4282 0.8865
vn -0.2955 0.7590 0.5801
vn -0.2135 0.8847 0.4145
vn -0.2044 0.8960 0.3943
vn -0.1423 0.8895 0.4342
vn -0.3694 0.8987 0.2365
vn -0.2360 0.9127 0.3336
vn -0.3956 0.7661 0.5066
vn -0.7185 0.4708 0.5119
vn -0.4929 0.8701 0.0005
vn -0.8354 0.5355 0.1237
vn -0.4702 0.6770 0.5662
vn -0.2789 0.8387 0.4678
vn -0.6697 0.4365 0.6007
vn -0.6250 0.4143 0.6616
vn -0.4947 0.5976 0.6310
vn -0.3641 0.7299 0.5785
vn -0.2517 0.7748 0.5799
vn -0.0934 0.9200 0.3807
vn 0.0862 0.8960 0.4357
vn -0.0084 0.8421 0.5393
vn -0.4374 0.5807 0.6866
vn -0.5828 0.3887 0.7136
vn -0.5509 0.3674 0.7494
vn -0.3670 0.6013 0.7098
vn 0.5197 0.8042 0.2883
vn 0.4422 0.7123 0.5451
vn 0.7632 0.5283 0.3720
vn 0.4737 0.4365 0.7649
vn -0.5527 0.3648 0.7493
vn -0.3471 0.6088 0.7133
vn -0.3626 0.6492 0.6686
vn -0.6358 0.3823 0.6705
vn 0.1901 0.7980 0.5719
vn 0.0712 0.8187 0.5698
vn -0.3650 0.7312 0.5763
vn 0.3257 0.6849 0.6517
vn -0.6168 0.5416 0.5711
vn -0.1740 0.4662 0.8674
vn 0.0514 -0.1566 0.9863
vn 0.9028 0.3187 0.2888
vn 0.8540 0.5024 0.1354
vn 0.6879 -0.4101 0.5988
vn 0.8331 -0.5407 0.1166
vn 0.9989 -0.0207 -0.0415
vn 0.9808 0.1745 0.0868
vn 0.6974 0.6946 0.1764
vn 0.8888 0.4310 0.1560
vn 0.9598 -0.2643 -0.0942
vn 0.9805 -0.1118 0.1616
vn 0.9664 -0.1797 0.1839
vn 0.9105 -0.3979 -0.1123
vn 0.8373 -0.5370 0.1026
vn 0.3759 -0.2004 0.9047
vn 0.6135 0.1823 0.7684
vn 0.0313 0.5223 0.8522
vn -0.2144 0.1892 0.9583
vn 0.2237 0.6569 0.7200
vn 0.6850 0.3620 0.6323
vn 0.8812 -0.1350 0.4531
vn 0.7753 -0.2569 0.5770
vn 0.5471 0.1992 0.8130
vn 0.6198 0.3139 0.7193
vn 0.5128 -0.2422 0.8236
vn 0.5283 -0.2870 0.7991
vn 0.1876 0.7610 0.6210
vn 0.0392 0.8256 0.5629
vn 0.1364 0.4943 0.8585
vn 0.4500 0.2367 0.8611
vn -0.0439 0.7086 0.7042
vn 0.0620 0.8389 0.5408
vn -0.3632 0.2570 0.8956
vn 0.0546 0.0059 0.9985
vn 0.8904 0.2419 0.3855
vn 0.7220 0.2567 0.6425
vn 0.3421 0.7716 0.5363
vn 0.6103 0.7057 0.3600
vn 0.7560 0.3489 0.5538
vn 0.7048 0.6314 0.3233
vn 0.0304 0.8604 0.5087
vn 0.1142 0.8594 0.4985
vn 0.0424 0.8543 0.5181
vn 0.0522 0.8613 0.5054
vn 0.3157 0.9137 0.2561
vn 0.4602 0.8484 0.2614
vn 0.5777 0.7994 0.1648
vn 0.4410 0.8870 0.1371
vn -0.0667 0.7756 0.6276
vn -0.0567 0.7484 0.6608
vn 0.0738 0.8539 0.5152
vn 0.0691 0.8662 0.4948
vn -0.4343 0.2987 0.8498
vn -0.4706 0.3163 0.8237
vn 0.0318 0.8501 0.5257
vn 0.0398 0.8505 0.5244
vn 0.1111 0.8622 0.4942
vn 0.0642 0.8591 0.5078
vn 0.0673 0.8609 0.5044
vn 0.0609 0.8642 0.4994
vn 0.1161 0.8395 0.5309
vn -0.0175 0.7421 0.6700
vn -0.0622 0.7763 0.6273
vn 0.0776 0.8630 0.4992
vn -0.4622 0.3191 0.8274
vn -0.3884 0.3018 0.8707
vn 0.1895 0.9350 0.2997
vn 0.1953 0.9461 0.2583
vn 0.2742 0.9324 0.2355
vn 0.2540 0.8255 0.5040
vn 0.0205 0.6701 0.7420
vn -0.3261 0.2534 0.9107
vn 0.1852 0.7878 0.5875
vn 0.3711 0.3097 0.8754
vn 0.3701 0.3741 0.8503
vn 0.5771 0.4614 0.6739
vn 0.4093 0.6559 0.6343
vn 0.1192 0.8591 0.4978
vn 0.0466 0.8527 0.5204
vn 0.0482 0.8668 0.4963
vn 0.1042 0.8934 0.4370
vn 0.3200 0.5814 0.7481
vn 0.3161 0.8322 0.4556
vn 0.2726 0.8338 0.4801
vn 0.2084 0.8809 0.4250
vn 0.6732 0.4973 0.5473
vn 0.3456 0.6956 0.6298
vn 0.2367 0.7971 0.5555
vn 0.1336 0.8491 0.5111
vn 0.0745 0.8629 0.4999
vn -0.2358 0.7832 -0.5753
vn -0.2510 0.9618 -0.1096
vn -0.1350 0.9404 -0.3120
vn -0.0899 0.8335 -0.5452
vn -0.0334 0.3721 -0.9276
vn -0.1050 0.5382 -0.8363
vn -0.0179 0.5640 -0.8256
vn -0.0256 0.3721 -0.9278
vn 0.3134 0.6821 -0.6607
vn 0.2484 0.7216 -0.6462
vn 0.3883 0.6402 -0.6629
vn 0.3307 0.6064 -0.7231
vn 0.1211 0.6064 -0.7859
vn -0.0459 0.8022 -0.5953
vn -0.3707 0.8097 -0.4550
vn -0.1763 0.6169 -0.7670
vn -0.5163 0.5934 -0.6175
vn -0.5801 0.7763 -0.2467
vn -0.6457 0.7484 -0.1514
vn -0.7603 0.4419 -0.4762
vn -0.8466 0.5126 -0.1434
vn -0.6866 0.7263 -0.0328
vn 0.0931 0.7016 -0.7064
vn 0.1403 0.8379 -0.5275
vn 0.2008 0.4162 -0.8868
vn 0.2720 0.5776 -0.7697
vn 0.0464 0.2398 -0.9697
vn 0.0932 0.4092 -0.9077
vn 0.1311 0.1999 -0.9710
vn 0.0613 0.1124 -0.9918
vn 0.2090 0.3727 -0.9041
vn 0.1988 0.0575 -0.9783
vn 0.0931 0.2813 -0.9551
vn 0.1960 0.1791 -0.9641
vn 0.0193 -0.0581 -0.9981
vn -0.4101 0.2080 -0.8880
vn -0.2023 0.2618 -0.9437
vn 0.1008 -0.0193 -0.9947
vn -0.0177 0.2089 -0.9778
vn -0.0486 0.2040 -0.9778
vn -0.0422 0.1292 -0.9907
vn -0.0146 0.1153 -0.9932
vn -0.0598 0.1604 -0.9852
vn -0.0919 0.0997 -0.9908
vn 0.0187 0.0551 -0.9983
vn -0.0062 0.1090 -0.9940
vn -0.0885 -0.1171 -0.9892
vn -0.1222 0.0030 -0.9925
vn 0.0576 -0.0527 -0.9969
vn 0.0676 -0.1469 -0.9868
vn 0.0839 -0.3233 -0.9426
vn 0.0805 -0.3060 -0.9486
vn 0.1528 -0.3313 -0.9311
vn 0.0936 -0.3253 -0.9410
vn 0.1585 -0.3153 -0.9357
vn 0.0565 -0.2876 -0.9561
vn -0.0443 -0.2784 -0.9594
vn 0.0533 -0.3208 -0.9457
vn -0.2801 -0.1527 -0.9477
vn -0.0763 -0.2577 -0.9632
vn -0.4823 0.2559 -0.8378
vn -0.3460 0.1694 -0.9228
vn -0.3087 -0.0446 -0.9501
vn -0.4779 0.0621 -0.8762
vn -0.0426 -0.0177 -0.9989
vn -0.0225 -0.1736 -0.9846
vn -0.2226 -0.2003 -0.9541
vn -0.3139 -0.1144 -0.9425
vn -0.4929 0.0398 -0.8692
vn -0.4446 -0.0393 -0.8949
vn -0.5550 0.1673 -0.8149
vn -0.5560 0.1382 -0.8196
vn -0.5142 0.2752 -0.8123
vn -0.5209 0.2807 -0.8062
vn -0.2765 -0.0325 -0.9605
vn -0.2783 0.0757 -0.9575
vn -0.4530 0.1548 -0.8780
vn -0.4670 0.0890 -0.8798
vn -0.5398 0.1844 -0.8214
vn -0.5375 0.2182 -0.8145
vn -0.5761 0.3161 -0.7538
vn -0.5344 0.2883 -0.7946
vn -0.4548 0.2844 -0.8439
vn -0.6824 0.5872 -0.4353
vn -0.8040 0.3901 -0.4487
vn -0.5473 0.2616 -0.7950
vn -0.0290 -0.2289 -0.9730
vn -0.0485 -0.1890 -0.9808
vn 0.0597 -0.1986 -0.9783
vn 0.0801 -0.2424 -0.9669
vn 0.0045 -0.2609 -0.9654
vn 0.1237 -0.2843 -0.9507
vn 0.1724 -0.2429 -0.9546
vn 0.2012 -0.1643 -0.9657
vn 0.2875 -0.2159 -0.9331
vn 0.2479 -0.2582 -0.9337
vn 0.0371 -0.0664 -0.9971
vn 0.0811 0.0466 -0.9956
vn 0.1749 -0.0635 -0.9825
vn 0.1722 -0.1467 -0.9741
vn 0.1794 -0.1324 -0.9748
vn 0.2035 -0.1652 -0.9650
vn 0.1922 -0.2045 -0.9598
vn 0.1577 -0.1642 -0.9737
vn 0.1939 -0.1608 -0.9678
vn 0.2355 -0.1856 -0.9540
vn 0.2418 -0.2429 -0.9394
vn 0.2860 -0.2148 -0.9338
vn -0.0839 0.1104 -0.9903
vn -0.0331 0.0730 -0.9968
vn -0.0526 0.0340 -0.9980
vn -0.1381 0.0405 -0.9896
vn 0.0682 0.0053 -0.9977
vn 0.0643 0.0521 -0.9966
vn 0.1395 0.0705 -0.9877
vn 0.1566 0.0062 -0.9876
vn 0.1417 -0.0566 -0.9883
vn 0.0835 -0.0329 -0.9960
vn 0.0547 -0.0774 -0.9955
vn 0.1060 -0.1073 -0.9886
vn 0.0100 -0.0166 -0.9998
vn -0.0511 -0.0135 -0.9986
vn -0.0202 0.1080 -0.9939
vn -0.0947 0.0141 -0.9954
vn -0.0002 -0.2446 0.9696
vn -0.1302 -0.2131 0.9683
vn -0.1161 0.0996 0.9882
vn -0.0169 0.1088 0.9939
vn -0.1473 0.1522 0.9773
vn -0.1283 -0.2169 0.9677
vn -0.0946 0.1815 0.9788
vn -0.0779 -0.2225 0.9718
vn -0.0519 -0.2191 0.9743
vn -0.0430 0.1609 0.9860
vn -0.0088 0.1205 0.9927
vn -0.0563 -0.2095 0.9762
vn -0.0612 -0.1912 0.9796
vn -0.0036 0.0950 0.9955
vn -0.0762 0.0961 0.9925
vn -0.1520 -0.1789 0.9721
vn -0.1550 0.0501 0.9866
vn -0.2538 -0.1410 0.9569
vn 0.3072 -0.1431 0.9408
vn 0.1860 -0.2213 0.9573
vn -0.0086 0.1425 0.9898
vn -0.0678 0.0858 0.9940
vn 0.5220 -0.2777 0.8065
vn 0.1005 -0.7531 0.6502
vn 0.1748 -0.5859 0.7913
vn 0.4936 -0.2688 0.8271
vn -0.0431 -0.6127 0.7891
vn -0.0584 -0.8028 0.5933
vn -0.0584 -0.8123 0.5803
vn -0.0993 -0.6040 0.7908
vn -0.0734 -0.6350 0.7690
vn -0.0927 -0.7666 0.6354
vn -0.1109 -0.6267 0.7714
vn -0.0693 -0.5709 0.8181
vn -0.0539 -0.6130 0.7882
vn -0.0917 -0.7006 0.7076
vn -0.2163 -0.4787 0.8509
vn -0.1620 -0.4739 0.8656
vn -0.1130 -0.5224 0.8452
vn -0.1399 -0.5440 0.8274
vn -0.3470 -0.1976 0.9168
vn -0.2343 -0.3761 0.8965
vn -0.2737 -0.3303 0.9033
vn -0.3707 -0.1250 0.9203
vn 0.1625 -0.0533 0.9853
vn -0.0524 -0.6439 0.7633
vn -0.1620 -0.4924 0.8551
vn -0.0531 0.0732 0.9959
vn -0.1914 -0.1059 0.9758
vn -0.1780 -0.4353 0.8825
vn -0.1607 -0.4837 0.8604
vn -0.1816 -0.0889 0.9793
vn -0.1780 0.1530 0.9721
vn -0.1755 0.0929 0.9801
vn -0.1681 0.0936 0.9813
vn -0.1617 0.1456 0.9760
vn -0.2195 -0.0186 0.9754
vn -0.2225 -0.2714 0.9364
vn -0.1855 -0.3758 0.9079
vn -0.1968 -0.1010 0.9752
vn -0.2263 0.1795 0.9574
vn -0.2071 0.1645 0.9644
vn -0.1708 0.1130 0.9788
vn -0.1810 0.1531 0.9715
vn -0.2449 0.0886 0.9655
vn -0.2720 -0.1275 0.9538
vn -0.3029 0.0273 0.9526
vn -0.2359 0.1572 0.9590
vn -0.1861 0.2014 0.9617
vn -0.2260 0.2233 0.9482
vn -0.2540 0.1967 0.9470
vn -0.1816 0.1547 0.9711
vn -0.0838 0.0985 0.9916
vn -0.1201 0.0907 0.9886
vn -0.1198 0.0257 0.9925
vn -0.0568 0.0853 0.9947
vn -0.1670 0.0271 0.9856
vn -0.1820 0.0878 0.9794
vn -0.2548 0.0398 0.9662
vn -0.3120 -0.0419 0.9492
vn -0.2111 -0.0137 0.9774
vn -0.2474 -0.0584 0.9671
vn -0.0684 0.0906 0.9935
vn -0.1539 -0.0163 0.9880
vn -0.1906 -0.0440 0.9807
vn -0.1010 0.1066 0.9892
vn -0.2670 -0.0927 0.9592
vn -0.3120 -0.0822 0.9465
vn -0.2863 -0.0838 0.9545
vn -0.3418 -0.0825 0.9361
vn -0.2008 0.0206 0.9794
vn -0.2844 0.0670 0.9564
vn -0.1711 0.1470 0.9742
vn -0.2531 -0.0487 0.9662
vn -0.3713 -0.0259 0.9281
vn -0.3006 0.2233 0.9272
vn -0.4118 0.1652 0.8962
vn -0.4783 -0.0152 0.8781
vn -0.5520 0.0691 0.8310
vn -0.4767 0.3044 0.8247
vn -0.5300 0.3579 0.7688
vn -0.6026 0.0997 0.7918
vn -0.5131 0.0364 0.8576
vn -0.4470 0.3094 0.8393
vn -0.4642 0.4005 0.7900
vn -0.5855 0.1173 0.8022
vn -0.7038 0.2166 0.6766
vn -0.5181 0.5459 0.6584
vn -0.6985 0.6905 0.1877
vn -0.9046 0.3781 0.1968
vn -0.6345 0.1555 0.7571
vn -0.5667 0.3780 0.7321
vn -0.7166 0.4599 0.5243
vn -0.7618 0.2574 0.5945
vn -0.5837 0.2766 -0.7634
vn -0.7634 0.3612 -0.5355
vn -0.7305 0.4211 -0.5376
vn -0.6269 0.3499 -0.6962
vn -0.9213 0.3855 0.0505
vn -0.8537 0.5189 -0.0451
vn 0.7812 0.3398 0.5238
vn 0.5910 0.8067 0.0023
vn 0.7365 0.6286 -0.2500
vn 0.9212 0.3888 -0.0173
vn 0.9709 0.2239 0.0850
vn 0.7348 0.6434 -0.2146
vn 0.2561 0.9362 -0.2406
vn 0.4250 0.8655 -0.2650
vn 0.3553 0.9217 -0.1555
vn 0.2717 0.9570 -0.1017
vn 0.3723 0.9022 -0.2178
vn 0.2775 0.9297 -0.2422
vn 0.3213 0.9405 -0.1102
vn 0.3742 0.9217 -0.1025
vn 0.4920 0.8670 -0.0790
vn 0.4424 0.8828 -0.1577
vn 0.4045 0.9118 -0.0708
vn 0.4423 0.8963 -0.0329
vn 0.2127 -0.1457 0.9662
vn 0.2767 -0.5270 0.8036
vn 0.1489 -0.8323 0.5340
vn 0.2274 -0.5734 0.7871
vn 0.2352 -0.8209 0.5203
vn 0.0603 -0.9498 0.3070
vn 0.0387 -0.9967 0.0713
vn 0.1947 -0.9724 0.1288
vn 0.9505 -0.0425 0.3077
vn 0.7805 0.5936 -0.1963
vn 0.8340 0.4315 -0.3440
vn 0.7920 -0.4413 0.4219
vn 0.3135 0.9466 -0.0746
vn 0.2886 0.9574 0.0004
vn 0.2572 0.9636 -0.0735
vn 0.2324 0.9608 -0.1511
vn 0.3430 0.9390 -0.0269
vn 0.3707 0.9286 -0.0189
vn 0.3327 0.9395 -0.0812
vn 0.3483 0.9340 -0.0796
vn 0.4578 0.8872 -0.0581
vn 0.3931 0.9195 -0.0039
vn 0.4260 0.8916 -0.1532
vn 0.5075 0.8354 -0.2112
vn 0.3198 0.7688 -0.5538
vn 0.4004 0.8108 -0.4270
vn 0.4406 0.7973 -0.4125
vn 0.3222 0.8271 -0.4605
vn 0.2616 0.7966 -0.5450
vn 0.3025 0.8912 -0.3379
vn 0.2770 0.9187 -0.2817
vn 0.1829 0.9455 -0.2695
vn 0.2294 0.8460 -0.4814
vn 0.1207 0.8920 -0.4356
vn 0.0751 -0.7919 -0.6060
vn 0.2148 -0.4061 -0.8882
vn 0.2029 -0.3941 -0.8964
vn 0.1205 -0.8072 -0.5778
vn 0.0305 -0.9721 -0.2325
vn 0.0856 -0.9523 -0.2929
vn 0.3017 -0.2245 -0.9266
vn 0.2700 -0.6224 -0.7346
vn 0.0905 -0.9930 -0.0753
vn 0.3571 -0.9338 0.0200
vn 0.6120 -0.0026 -0.7909
vn 0.3082 -0.8324 -0.4606
vn 0.5852 -0.7687 0.2582
vn 0.8295 0.2088 -0.5181
vn 0.1531 0.8741 -0.4609
vn 0.1742 0.9431 -0.2833
vn 0.4987 -0.3882 -0.7750
vn 0.3643 -0.6645 -0.6524
vn 0.4414 -0.5506 -0.7085
vn 0.4152 -0.5689 -0.7099
vn 0.6075 -0.5299 0.5917
vn 0.7074 -0.1405 0.6927
vn 0.9590 -0.2731 0.0758
vn 0.6310 -0.7757 -0.0106
vn 0.6984 -0.4220 -0.5781
vn 0.4897 -0.7085 -0.5082
vn 0.3648 -0.9017 0.2320
vn -0.0270 -0.9769 -0.2120
vn 0.1904 -0.9777 -0.0882
vn -0.1250 -0.9320 -0.3401
vn -0.3425 -0.7507 -0.5649
vn -0.3039 -0.7775 -0.5506
vn -0.4322 -0.2838 -0.8560
vn -0.4435 -0.3467 -0.8265
vn -0.3745 0.1489 -0.9152
vn -0.4209 0.0578 -0.9053
vn -0.3441 0.0521 -0.9375
vn -0.3787 -0.1690 -0.9100
vn -0.2855 0.0618 -0.9564
vn -0.3102 -0.0855 -0.9468
vn -0.2196 0.0745 -0.9727
vn -0.2392 -0.0707 -0.9684
vn -0.2116 -0.0628 -0.9753
vn -0.1927 0.1348 -0.9720
vn -0.1665 0.2174 -0.9618
vn -0.1666 -0.0450 -0.9850
vn -0.0788 -0.0170 -0.9967
vn -0.1003 0.3145 -0.9439
vn 0.0109 0.0313 -0.9995
vn -0.0037 0.3790 -0.9254
vn 0.1258 0.3893 -0.9125
vn 0.0904 0.0765 -0.9930
vn 0.1174 0.0909 -0.9889
vn 0.2127 0.3561 -0.9099
vn 0.2123 0.2737 -0.9381
vn 0.0748 0.0658 -0.9950
vn -0.0372 0.0068 -0.9993
vn 0.1445 0.1293 -0.9810
vn -0.1178 -0.1527 -0.9812
vn 0.0858 -0.0993 -0.9914
vn 0.2409 0.6281 -0.7399
vn 0.3965 -0.1492 -0.9058
vn 0.3885 -0.0264 -0.9211
vn 0.2685 0.5117 -0.8161
vn 0.0163 0.8878 -0.4600
vn 0.0140 0.8596 -0.5108
vn 0.0422 0.8129 -0.5809
vn 0.0625 0.8587 -0.5086
vn 0.2975 0.8072 -0.5098
vn 0.1851 0.8490 -0.4949
vn 0.2268 0.8084 -0.5432
vn 0.2597 0.7796 -0.5699
vn 0.2579 0.7681 -0.5861
vn 0.2832 0.8009 -0.5276
vn 0.2153 0.8180 -0.5334
vn 0.1981 0.8363 -0.5112
vn 0.4570 -0.5641 -0.6877
vn 0.4905 0.1522 -0.8580
vn 0.4797 -0.2430 -0.8431
vn 0.3195 -0.8145 -0.4842
vn 0.0861 -0.9071 -0.4119
vn -0.0978 -0.8590 -0.5025
vn 0.4438 -0.4314 -0.7854
vn 0.2798 -0.4559 -0.8449
vn 0.0258 -0.3726 -0.9276
vn -0.2570 -0.7310 -0.6321
vn -0.3538 -0.5850 -0.7298
vn -0.1287 -0.3175 -0.9395
vn -0.1904 -0.2919 -0.9373
vn -0.3532 -0.4702 -0.8088
vn -0.3283 -0.3779 -0.8657
vn -0.2455 -0.2697 -0.9311
vn -0.2191 -0.2528 -0.9424
vn -0.3204 -0.3425 -0.8832
vn -0.2528 -0.3064 -0.9177
vn -0.0827 -0.2457 -0.9658
vn 0.1169 -0.1170 -0.9862
vn -0.0497 -0.2122 -0.9760
vn -0.1791 -0.2440 -0.9531
vn 0.0193 -0.1899 -0.9816
vn 0.1935 -0.0511 -0.9798
vn 0.1331 -0.1331 -0.9821
vn 0.0695 -0.1791 -0.9814
vn 0.1811 -0.0654 -0.9813
vn 0.0812 -0.0210 -0.9965
vn 0.0594 -0.0388 -0.9975
vn 0.1186 -0.0751 -0.9901
vn 0.1536 -0.0492 -0.9869
vn -0.1462 0.0718 -0.9866
vn -0.2163 0.0653 -0.9741
vn -0.0652 0.0266 -0.9975
vn -0.0065 0.0035 -1.0000
vn -0.0654 0.0005 -0.9979
vn -0.0195 0.0351 -0.9992
vn 0.0935 0.0164 -0.9955
vn 0.0359 -0.0621 -0.9974
vn -0.2096 0.0986 -0.9728
vn -0.2290 0.1002 -0.9683
vn 0.2694 0.3201 -0.9083
vn 0.2099 0.2048 -0.9560
vn 0.2481 0.2245 -0.9424
vn 0.2418 0.2048 -0.9485
vn 0.1849 0.1361 -0.9733
vn 0.0118 -0.0535 -0.9985
vn 0.1659 0.0320 -0.9856
vn 0.0430 -0.0670 -0.9968
vn 0.1773 0.2582 -0.9497
vn 0.2451 0.2701 -0.9311
vn 0.2134 0.1883 -0.9586
vn 0.1165 0.1820 -0.9764
vn 0.2131 0.0788 -0.9738
vn 0.1501 0.0441 -0.9877
vn 0.0915 -0.1178 -0.9888
vn 0.1070 -0.1235 -0.9866
vn -0.0404 0.2565 -0.9657
vn 0.0501 0.2664 -0.9626
vn -0.0395 0.1798 -0.9829
vn -0.1014 0.1738 -0.9795
vn 0.0095 0.0719 -0.9974
vn -0.0992 0.1160 -0.9883
vn -0.1537 0.0449 -0.9871
vn -0.0379 -0.0297 -0.9988
vn 0.0531 0.2576 -0.9648
vn -0.0257 0.2510 -0.9676
vn -0.0290 0.1768 -0.9838
vn 0.0960 0.1918 -0.9767
vn -0.0579 0.1956 -0.9790
vn -0.1185 0.1613 -0.9798
vn -0.2084 0.0752 -0.9751
vn -0.1926 0.0590 -0.9795
vn 0.2678 0.1978 -0.9429
vn 0.5130 0.2135 -0.8314
vn 0.3242 0.3283 -0.8872
vn 0.1811 0.2726 -0.9449
vn 0.1066 0.3185 -0.9419
vn 0.0354 0.2311 -0.9723
vn -0.1603 0.0380 -0.9863
vn -0.1720 0.0489 -0.9839
vn 0.6714 0.2869 -0.6833
vn 0.6388 0.4698 -0.6093
vn 0.4785 0.6291 -0.6126
vn 0.4502 0.4446 -0.7743
vn 0.1639 0.4315 -0.8871
vn -0.1973 0.0600 -0.9785
vn 0.1848 0.5338 -0.8251
vn -0.2002 0.0588 -0.9780
vn 0.2943 0.8440 -0.4484
vn 0.4379 0.7578 -0.4837
vn 0.4777 0.6864 -0.5484
vn 0.2475 0.8382 -0.4859
vn 0.2284 0.6107 -0.7582
vn 0.1627 0.6680 -0.7261
vn -0.2203 0.0836 -0.9718
vn -0.2051 0.0615 -0.9768
vn 0.0436 0.9059 -0.4213
vn -0.0002 0.8985 -0.4390
vn -0.0078 0.8261 -0.5635
vn 0.1010 0.8765 -0.4708
vn -0.0052 0.6667 -0.7453
vn -0.1310 0.5977 -0.7910
vn -0.3737 0.1883 -0.9082
vn -0.3235 0.1514 -0.9340
vn 0.0946 0.8586 -0.5038
vn 0.2597 0.8069 -0.5305
vn 0.0262 0.7239 -0.6894
vn -0.0281 0.7625 -0.6463
vn -0.1560 0.5336 -0.8312
vn -0.2053 0.4914 -0.8464
vn -0.3820 0.1994 -0.9024
vn -0.3729 0.1906 -0.9081
vn 0.3358 0.7665 -0.5475
vn 0.3433 0.7420 -0.5759
vn 0.2948 0.7054 -0.6446
vn 0.2038 0.7042 -0.6801
vn -0.1280 0.4902 -0.8622
vn 0.0162 0.5260 -0.8503
vn -0.2925 0.2068 -0.9336
vn -0.3764 0.2004 -0.9045
vn 0.5120 -0.2652 0.8170
vn 0.7089 0.1071 0.6971
vn 0.6830 0.2610 0.6822
vn 0.4735 -0.2315 0.8498
vn 0.7098 0.5845 0.3931
vn 0.7810 0.4453 0.4379
vn 0.7360 0.4286 0.5241
vn 0.7628 0.2245 0.6064
vn 0.7212 0.0490 0.6910
vn 0.7086 0.2781 0.6485
vn 0.7087 0.5534 0.4376
vn 0.7342 0.3164 0.6007
vn 0.5176 -0.2861 0.8064
vn 0.5995 -0.2621 0.7563
vn 0.6107 -0.2930 0.7357
vn 0.6125 0.4298 0.6634
vn 0.6098 0.2335 0.7574
vn 0.6565 0.0792 0.7501
vn 0.7167 0.2773 0.6399
vn 0.6577 0.0770 0.7493
vn 0.6094 0.1274 0.7826
vn 0.8102 -0.0850 0.5799
vn 0.7777 -0.1440 0.6119
vn 0.8399 -0.0485 0.5406
vn 0.4906 -0.2544 0.8334
vn 0.7206 0.3054 0.6225
vn 0.7044 0.6102 0.3626
vn 0.6537 0.7082 0.2665
vn 0.7122 0.6523 0.2594
vn 0.6566 0.6634 0.3587
vn 0.6283 0.6557 0.4187
vn 0.6713 0.6650 0.3273
vn 0.7808 0.5484 0.2993
vn 0.6656 0.5535 0.5007
vn 0.6577 0.4218 0.6241
vn 0.6024 0.6010 0.5253
vn 0.6094 0.5223 0.5965
vn 0.7124 0.5420 0.4459
vn 0.8460 0.3399 0.4107
vn 0.6121 0.5994 0.5159
vn 0.6016 0.3380 0.7238
vn 0.6099 0.1838 0.7709
vn 0.5839 0.4976 0.6415
vn 0.5814 0.5206 0.6253
vn 0.5967 0.3971 0.6973
vn 0.6052 0.2447 0.7575
vn 0.5786 0.5950 0.5579
vn 0.5811 0.5652 0.5856
vn 0.6739 0.6901 0.2640
vn 0.6478 0.7117 0.2718
vn 0.5562 0.8304 0.0317
vn 0.5948 0.8008 0.0698
vn 0.4949 0.8682 0.0376
vn 0.6069 0.7664 0.2104
vn 0.8967 -0.3717 0.2403
vn 0.7739 -0.4763 0.4174
vn 0.6312 -0.7315 0.2580
vn 0.8166 -0.5704 -0.0887
vn 0.6876 -0.5144 0.5124
vn 0.4544 -0.7375 0.4996
vn 0.7679 0.6363 -0.0739
vn 0.5819 0.7983 0.1550
vn 0.4876 0.7662 -0.4186
vn 0.6256 0.5395 -0.5636
vn 0.7609 0.5221 0.3853
vn 0.5186 0.6144 0.5947
vn 0.1812 0.1672 -0.9691
vn 0.3290 0.4982 -0.8022
vn 0.3672 0.3848 -0.8468
vn 0.2611 0.1082 -0.9592
vn 0.1888 0.0647 -0.9799
vn 0.2675 0.0394 -0.9628
vn 0.4626 0.1495 -0.8739
vn 0.3396 -0.0536 -0.9390
vn 0.3882 -0.1637 -0.9069
vn 0.5045 -0.0016 -0.8634
vn 0.4017 -0.0702 -0.9131
vn 0.3515 0.0094 -0.9361
vn 0.4122 0.2057 -0.8876
vn 0.4673 0.1146 -0.8766
vn 0.5155 0.0875 -0.8524
vn 0.5529 0.2418 -0.7974
vn 0.5469 -0.1414 -0.8251
vn 0.6343 0.0037 -0.7730
vn 0.6967 -0.1570 -0.7000
vn 0.6115 -0.3403 -0.7144
vn 0.8565 -0.0016 -0.5161
vn 0.8002 0.1599 -0.5781
vn 0.7700 -0.3661 -0.5226
vn 0.8928 -0.2332 -0.3855
vn 0.6897 -0.5434 -0.4786
vn 0.7385 -0.6511 -0.1754
vn 0.6501 -0.7586 -0.0427
vn 0.5341 -0.7994 0.2752
vn 0.3200 -0.7334 0.5998
vn 0.4229 -0.8079 0.4104
vn 0.1823 -0.7507 0.6349
vn -0.0051 -0.7440 0.6682
vn -0.4283 -0.7866 0.4447
vn -0.2174 -0.8827 0.4166
vn -0.3224 -0.9320 0.1657
vn -0.5111 -0.7945 0.3280
vn 0.0882 -0.9369 0.3384
vn 0.3968 -0.9129 0.0958
vn 0.0942 -0.9942 -0.0522
vn -0.1249 -0.9917 0.0302
vn 0.6289 0.7092 0.3187
vn 0.6352 0.7110 0.3018
vn 0.6047 0.7800 0.1612
vn 0.6462 0.7401 0.1862
vn 0.6991 0.3109 0.6439
vn 0.6719 0.5668 0.4768
vn 0.6977 0.5550 0.4530
vn 0.6833 0.3177 0.6574
vn 0.7464 0.5258 0.4080
vn 0.6484 0.2969 0.7010
vn 0.6146 0.1315 0.7778
vn 0.6086 0.1109 0.7857
vn 0.6126 0.1204 0.7812
vn 0.6378 0.5700 0.5180
vn 0.6667 0.4506 0.5937
vn 0.6629 0.6061 0.4395
vn 0.6405 0.6385 0.4268
vn 0.6452 0.1192 0.7547
vn 0.8268 0.0647 0.5588
vn 0.6408 0.2477 0.7266
vn 0.7690 0.2925 0.5683
vn 0.9784 0.1977 0.0612
vn 0.9526 0.2985 -0.0594
vn 0.8410 0.3526 0.4104
vn 0.9937 -0.0865 0.0717
vn 0.5951 0.5437 0.5918
vn 0.7723 0.5059 0.3843
vn 0.7585 0.4257 0.4934
vn 0.8256 0.4017 0.3963
vn 0.8878 0.4015 0.2248
vn 0.8829 0.4414 0.1601
vn 0.9225 0.3832 -0.0470
vn 0.8662 0.4768 0.1496
vn 0.8336 0.5524 -0.0033
vn 0.7228 0.6446 0.2491
vn 0.7925 0.4989 0.3506
vn 0.8660 0.3935 0.3086
vn 0.8292 0.3898 0.4006
vn 0.7497 0.4771 0.4586
vn 0.6758 0.6107 0.4127
vn 0.6483 0.5520 0.5244
vn 0.6491 0.4058 0.6435
vn 0.7092 0.4074 0.5754
vn 0.7903 0.3816 0.4794
vn 0.2345 0.8625 0.4484
vn 0.4267 0.8965 0.1193
vn 0.4188 0.9021 0.1043
vn 0.2600 0.8836 0.3895
vn -0.4070 0.3168 0.8567
vn -0.0756 0.6651 0.7429
vn -0.0520 0.7498 0.6596
vn -0.4217 0.4492 0.7877
vn -0.7313 -0.3073 0.6090
vn -0.6802 -0.0178 0.7328
vn -0.6282 -0.1757 0.7579
vn -0.6549 -0.3455 0.6721
vn -0.5798 -0.6316 0.5147
vn -0.7047 -0.3663 0.6077
vn -0.6386 -0.3509 0.6849
vn -0.5516 -0.6230 0.5546
vn 0.4813 -0.6342 -0.6051
vn 0.2702 -0.8453 -0.4610
vn 0.1726 -0.9496 -0.2615
vn 0.5294 -0.7950 -0.2961
vn 0.5257 -0.1786 -0.8317
vn 0.4190 -0.5865 -0.6932
vn 0.4694 -0.3487 -0.8112
vn 0.5045 -0.0183 -0.8632
vn -0.0544 -0.9907 -0.1250
vn -0.3207 -0.9183 0.2323
vn -0.3531 -0.8833 0.3084
vn -0.1413 -0.9891 0.0408
vn 0.1185 -0.9394 -0.3217
vn 0.0122 -0.9893 -0.1456
vn -0.0107 -0.9996 -0.0242
vn -0.2929 -0.9245 0.2439
vn -0.3129 -0.9223 0.2267
vn -0.0615 -0.9946 -0.0839
vn 0.4446 -0.0857 -0.8916
vn 0.5035 0.0798 -0.8603
vn 0.5292 0.0283 -0.8480
vn 0.4653 -0.1100 -0.8783
vn 0.2739 -0.7769 -0.5670
vn 0.1703 -0.8874 -0.4284
vn 0.4823 -0.3780 -0.7903
vn 0.4549 -0.5329 -0.7135
vn 0.4905 -0.5890 -0.6422
vn 0.1785 -0.9199 -0.3491
vn 0.5833 -0.5870 -0.5614
vn 0.2483 -0.9311 -0.2672
vn 0.3920 -0.2456 -0.8866
vn 0.4201 -0.2383 -0.8756
vn 0.5572 -0.0623 -0.8280
vn 0.5101 -0.1521 -0.8466
vn 0.5838 -0.1575 -0.7965
vn 0.5542 -0.2041 -0.8070
vn 0.5949 -0.2874 -0.7506
vn 0.6261 -0.2275 -0.7458
vn 0.7072 -0.2508 -0.6610
vn 0.6868 -0.3385 -0.6432
vn 0.6749 0.4693 -0.5695
vn 0.6263 0.4510 -0.6359
vn 0.6508 0.6246 -0.4317
vn 0.6899 0.5843 -0.4274
vn 0.6032 0.7629 -0.2326
vn 0.6615 0.6935 -0.2855
vn 0.5584 0.3244 -0.7635
vn 0.6063 0.3024 -0.7355
vn 0.5735 -0.0253 -0.8188
vn 0.4689 -0.2658 -0.8423
vn 0.5204 -0.3050 -0.7976
vn 0.6473 -0.0457 -0.7608
vn 0.7548 -0.0493 -0.6541
vn 0.6046 -0.3338 -0.7232
vn 0.7445 -0.3159 -0.5882
vn 0.8694 -0.0553 -0.4910
vn 0.2415 0.9112 0.3338
vn 0.4540 0.8873 0.0814
vn 0.6170 0.7823 -0.0853
vn 0.5056 0.8522 0.1350
vn 0.7201 0.4980 -0.4832
vn 0.6730 0.2897 -0.6806
vn 0.7461 0.2859 -0.6013
vn 0.7785 0.5030 -0.3753
vn 0.7446 0.5761 -0.3373
vn 0.7874 0.5826 -0.2013
vn 0.8394 0.4756 -0.2632
vn 0.8404 0.2606 -0.4751
vn 0.9157 0.2111 -0.3419
vn 0.8773 0.4357 -0.2014
vn 0.6275 0.7749 0.0764
vn 0.8095 0.5714 -0.1349
vn 0.8168 0.5586 -0.1441
vn 0.6510 0.7589 -0.0179
vn -0.4673 0.5818 0.6657
vn -0.0897 0.8441 0.5286
vn 0.0145 0.8995 0.4367
vn -0.4064 0.6469 0.6453
vn -0.7016 0.1580 0.6949
vn -0.7586 -0.2480 0.6025
vn -0.7352 -0.1795 0.6536
vn -0.6555 0.2324 0.7186
vn -0.3129 0.6947 0.6477
vn 0.1550 0.9161 0.3699
vn 0.2136 0.9253 0.3133
vn -0.2421 0.7212 0.6490
vn -0.7277 -0.4030 0.5550
vn -0.5789 -0.6602 0.4786
vn -0.5323 -0.7018 0.4734
vn -0.7038 -0.4200 0.5730
vn -0.6913 -0.1183 0.7128
vn -0.5865 0.2907 0.7560
vn -0.6349 -0.0786 0.7686
vn -0.5191 0.3308 0.7881
vn -0.2490 -0.9323 0.2624
vn 0.0654 -0.9971 0.0386
vn 0.1447 -0.9868 0.0722
vn -0.1792 -0.9459 0.2706
vn -0.3670 -0.7947 0.4835
vn -0.5965 -0.4495 0.6649
vn -0.6626 -0.4288 0.6141
vn -0.4574 -0.7515 0.4755
vn 0.7777 -0.5184 -0.3555
vn 0.4602 -0.8798 -0.1189
vn 0.3409 -0.9261 -0.1614
vn 0.6885 -0.5691 -0.4495
vn 0.8585 -0.1981 -0.4731
vn 0.8624 -0.1698 -0.4768
vn 0.7968 -0.2171 -0.5639
vn 0.7966 -0.2920 -0.5293
vn -0.1052 -0.9592 0.2626
vn 0.2147 -0.9736 0.0769
vn 0.2702 -0.9618 0.0438
vn -0.0479 -0.9636 0.2632
vn 0.9297 -0.0043 -0.3683
vn 0.8650 -0.2059 -0.4575
vn 0.9099 -0.0673 -0.4093
vn 0.9301 0.0667 -0.3611
vn 0.6040 -0.7848 -0.1389
vn 0.8724 -0.3541 -0.3369
vn 0.9119 -0.1112 -0.3950
vn 0.7011 -0.6680 -0.2494
vn 0.9114 0.0762 -0.4044
vn 0.9032 -0.0467 -0.4267
vn 0.8917 0.3917 -0.2269
vn 0.9388 0.1907 -0.2869
vn 0.9233 0.1959 -0.3302
vn 0.8926 0.3349 -0.3020
vn 0.6992 0.7047 -0.1206
vn 0.8288 0.5126 -0.2245
vn 0.8516 0.4219 -0.3111
vn 0.7854 0.5749 -0.2293
vn 0.8978 0.2277 -0.3770
vn 0.9069 0.1759 -0.3829
vn 0.8567 0.3856 -0.3426
vn 0.8747 0.2905 -0.3880
vn 0.9054 -0.0350 -0.4232
vn 0.9153 0.0433 -0.4005
vn 0.7555 -0.5944 -0.2754
vn 0.8015 -0.5426 -0.2512
vn 0.4075 -0.9115 0.0562
vn 0.3397 -0.9396 0.0418
vn 0.9344 0.1169 -0.3365
vn 0.8680 -0.4643 -0.1759
vn 0.9634 0.2663 -0.0296
vn 0.9357 -0.2644 0.2336
vn 0.5666 -0.7621 0.3133
vn 0.4742 -0.8728 0.1158
vn 0.0202 -0.9638 0.2660
vn 0.0963 -0.9518 0.2913
vn -0.2751 -0.8245 0.4945
vn -0.1956 -0.8151 0.5453
vn -0.4403 -0.4771 0.7606
vn -0.5197 -0.4769 0.7089
vn -0.5908 -0.0833 0.8025
vn -0.5462 -0.1138 0.8299
vn 0.7949 0.5942 -0.1225
vn 0.5837 0.7987 0.1465
vn 0.1393 0.7316 0.6673
vn 0.6276 0.6967 0.3474
vn -0.1152 0.7445 0.6576
vn 0.3461 0.9031 0.2543
vn -0.3950 0.2598 0.8812
vn -0.4565 0.3450 0.8201
vn -0.3686 -0.2393 0.8983
vn -0.1391 -0.7240 0.6756
vn -0.0431 -0.5002 0.8649
vn -0.0201 0.2132 0.9768
vn 0.5606 0.1438 0.8155
vn 0.3206 -0.6720 0.6676
vn 0.1458 -0.9054 0.3988
vn 0.0581 0.1988 0.9783
vn 0.3524 0.4644 0.8125
vn 0.4578 0.3053 0.8350
vn 0.1452 0.0503 0.9881
vn 0.5126 0.6277 0.5858
vn 0.4866 0.6762 0.5531
vn 0.5915 0.6462 0.4823
vn 0.5903 0.6262 0.5094
vn 0.6281 0.4194 0.6554
vn 0.5901 0.4122 0.6942
vn 0.0045 -0.2058 0.9786
vn 0.1124 -0.0596 0.9919
vn 0.0879 -0.1500 0.9848
vn -0.0237 -0.2311 0.9726
vn 0.2640 -0.1179 0.9573
vn 0.3981 -0.1787 0.8998
vn 0.3710 -0.3075 0.8763
vn 0.2564 -0.2474 0.9344
vn 0.4852 -0.0876 0.8700
vn 0.4952 -0.0432 0.8677
vn -0.0949 -0.2229 0.9702
vn -0.0094 -0.2258 0.9741
vn -0.1028 -0.3204 0.9417
vn -0.1607 -0.2072 0.9650
vn 0.6186 0.6057 0.5005
vn 0.6420 0.5639 0.5194
vn 0.5929 0.3660 0.7173
vn 0.5687 0.3969 0.7204
vn 0.1606 -0.3661 0.9166
vn 0.2878 -0.3732 0.8820
vn 0.2419 -0.4437 0.8629
vn 0.0670 -0.5078 0.8589
vn 0.4380 -0.1393 0.8881
vn 0.4396 -0.1091 0.8916
vn -0.1723 -0.4565 0.8729
vn -0.2041 -0.1939 0.9596
vn -0.1366 -0.6783 0.7220
vn -0.1739 -0.3088 0.9351
vn 0.6288 0.5802 0.5176
vn 0.5890 0.6274 0.5094
vn 0.5727 0.4720 0.6703
vn 0.6077 0.3903 0.6917
vn 0.2358 -0.5179 0.8223
vn -0.0228 -0.6642 0.7472
vn -0.0336 -0.7620 0.6467
vn 0.2109 -0.5079 0.8352
vn 0.4758 -0.1319 0.8696
vn 0.4575 -0.0243 0.8889
vn -0.1384 -0.4998 0.8550
vn -0.1459 -0.6186 0.7720
vn -0.2217 -0.7512 0.6217
vn -0.3203 -0.6910 0.6480
vn 0.1027 -0.3697 0.9235
vn -0.1533 -0.6955 0.7020
vn -0.2576 -0.5396 0.8015
vn 0.0235 -0.2113 0.9771
vn -0.0542 -0.4700 0.8810
vn 0.2688 -0.6284 0.7300
vn 0.1411 -0.6433 0.7525
vn -0.0338 -0.6453 0.7632
vn -0.3139 -0.5784 0.7529
vn -0.1403 -0.6658 0.7328
vn 0.0386 -0.1025 0.9940
vn -0.2297 -0.3649 0.9023
vn -0.0359 -0.2364 0.9710
vn 0.1131 -0.0836 0.9901
vn 0.5684 0.6453 0.5105
vn 0.6322 0.5777 0.5163
vn 0.5342 0.5026 0.6797
vn 0.5174 0.5359 0.6671
vn 0.3649 0.1346 0.9213
vn 0.3100 0.2252 0.9237
vn 0.6027 -0.5129 0.6113
vn 0.4514 -0.3723 0.8110
vn 0.8139 -0.1123 0.5700
vn 0.8489 -0.1745 0.4989
vn 0.8758 0.3815 0.2956
vn 0.8007 0.5311 0.2770
vn 0.8565 0.4084 0.3156
vn 0.8887 0.2974 0.3489
vn 0.4302 -0.1371 0.8923
vn 0.4328 0.0761 0.8983
vn 0.7433 0.1881 0.6420
vn 0.7656 0.0387 0.6422
vn 0.9148 0.1757 0.3636
vn 0.9018 0.1383 0.4095
vn 0.8550 0.2437 0.4578
vn 0.8585 0.1089 0.5011
vn 0.8333 0.3864 0.3953
vn 0.7580 0.4054 0.5109
vn 0.6278 0.3665 0.6867
vn 0.8445 0.3663 0.3908
vn 0.3499 0.2072 0.9136
vn -0.0213 0.7866 -0.6171
vn -0.3105 0.6565 -0.6874
vn -0.0313 0.2234 -0.9742
vn 0.1020 0.3467 -0.9324
vn -0.1700 0.0515 -0.9841
vn -0.5885 0.3294 -0.7383
vn 0.2016 0.6448 -0.7373
vn 0.3271 0.3933 -0.8593
vn 0.3578 0.0056 -0.9338
vn 0.3080 0.1798 -0.9342
vn 0.2418 -0.0167 -0.9702
vn 0.3420 -0.1757 -0.9231
vn 0.3316 -0.2382 -0.9129
vn 0.1502 -0.1350 -0.9794
vn 0.4025 0.2057 -0.8920
vn 0.4107 0.1872 -0.8924
vn 0.3606 -0.0980 -0.9275
vn 0.2496 -0.0095 -0.9683
vn 0.1831 0.4416 -0.8783
vn 0.0670 0.0986 -0.9929
vn 0.1287 -0.3380 -0.9323
vn 0.0596 -0.1658 -0.9844
vn 0.2113 -0.1717 -0.9622
vn 0.1943 -0.1648 -0.9670
vn 0.1721 -0.1531 -0.9731
vn 0.1712 -0.1334 -0.9762
vn 0.0965 -0.3107 -0.9456
vn -0.0384 -0.2781 -0.9598
vn -0.1467 0.0476 -0.9880
vn -0.2134 0.0450 -0.9759
vn 0.3067 -0.2306 -0.9235
vn 0.3061 -0.2439 -0.9202
vn -0.9222 -0.1197 0.3678
vn -0.8271 -0.2313 0.5123
vn -0.8143 -0.4501 0.3665
vn -0.8751 -0.3955 0.2789
vn -0.5063 -0.3093 0.8050
vn -0.5465 -0.3591 0.7566
vn -0.5496 -0.4428 0.7084
vn -0.7408 -0.5941 0.3135
vn -0.7674 -0.5885 0.2545
vn -0.5883 -0.7870 0.1859
vn -0.6782 -0.6912 0.2496
vn -0.6321 -0.7221 0.2811
vn -0.4893 -0.8619 0.1333
vn -0.4951 -0.6276 0.6008
vn -0.3990 -0.7765 0.4878
vn -0.7984 -0.2012 -0.5675
vn -0.9871 -0.1283 -0.0962
vn -0.9060 -0.4203 -0.0500
vn -0.7602 -0.3769 -0.5292
vn -0.8068 -0.5909 0.0041
vn -0.7232 -0.5172 -0.4577
vn -0.5619 -0.8188 0.1174
vn -0.6985 -0.7128 0.0637
vn -0.6673 -0.6793 -0.3055
vn -0.6060 -0.7761 -0.1746
vn -0.4272 -0.9038 0.0255
vn -0.5082 -0.8387 -0.1958
vn -0.4190 -0.8593 0.2932
vn -0.5414 -0.8384 -0.0630
vn -0.4079 -0.2507 0.8779
vn -0.0442 -0.1630 0.9856
vn -0.0417 -0.1735 0.9840
vn -0.1291 -0.2925 0.9475
vn -0.2980 -0.3425 0.8910
vn -0.0723 -0.1796 0.9811
vn -0.0258 -0.1408 0.9897
vn -0.0350 -0.2178 0.9754
vn -0.1250 -0.1636 0.9786
vn -0.1838 -0.2393 0.9534
vn -0.1074 -0.2753 0.9553
vn -0.1805 -0.4142 0.8921
vn -0.2155 -0.3739 0.9021
vn -0.2080 -0.4998 0.8408
vn -0.2005 -0.5074 0.8380
vn -0.2375 -0.4903 0.8385
vn -0.3283 -0.6011 0.7287
vn -0.4329 -0.8116 0.3923
vn -0.2284 -0.4744 0.8502
vn -0.2336 -0.5772 0.7825
vn -0.5001 -0.3356 -0.7983
vn -0.4983 -0.3229 -0.8047
vn -0.5251 -0.3687 -0.7670
vn -0.4922 -0.3554 -0.7946
vn -0.5996 -0.4264 -0.6773
vn -0.5217 -0.4997 -0.6915
vn -0.5477 -0.7151 -0.4344
vn -0.5930 -0.5637 -0.5750
vn -0.3459 -0.8775 -0.3322
vn -0.4684 -0.7289 -0.4993
vn -0.4679 -0.8564 0.2184
vn -0.5012 -0.8309 -0.2416
vn -0.3667 -0.9284 -0.0599
vn -0.3543 -0.9138 -0.1984
vn -0.2971 -0.8828 0.3640
vn -0.3165 -0.9483 0.0244
vn -0.1481 -0.5572 0.8171
vn -0.1849 -0.8632 0.4698
vn -0.0932 -0.5035 0.8589
vn -0.1654 -0.9837 0.0711
vn 0.0712 -0.8442 0.5313
vn 0.0607 -0.9964 0.0596
vn 0.0241 -0.4541 0.8906
vn 0.0218 -0.3677 0.9297
vn 0.1120 -0.8125 0.5722
vn 0.1382 -0.9900 0.0291
vn -0.2219 -0.9316 -0.2878
vn -0.0052 -0.9950 -0.0996
vn -0.0907 -0.8441 0.5284
vn -0.3969 -0.8318 0.3879
vn -0.1695 -0.3135 0.9343
vn -0.4136 -0.2686 0.8699
vn -0.0771 -0.0587 0.9953
vn -0.2305 -0.1195 0.9657
vn -0.0359 -0.1601 0.9864
vn -0.0040 -0.1451 0.9894
vn -0.4465 -0.2035 0.8714
vn -0.3689 -0.2538 0.8941
vn -0.0253 -0.1786 0.9836
vn -0.3135 -0.3136 0.8963
vn -0.0820 -0.2306 0.9696
vn -0.1220 -0.3619 0.9242
vn -0.3877 -0.4081 0.8265
vn -0.4113 -0.5714 0.7101
vn -0.1652 -0.5161 0.8404
vn -0.1855 -0.6366 0.7486
vn -0.3517 -0.6976 0.6242
vn -0.2802 -0.7738 0.5681
vn -0.2533 -0.6740 0.6940
vn -0.2743 -0.7971 0.5379
vn -0.3499 -0.7889 0.5052
vn -0.2977 -0.6603 0.6895
vn -0.3228 -0.6042 0.7286
vn -0.4129 -0.7814 0.4678
vn -0.4278 -0.7524 0.5008
vn -0.2425 -0.5735 0.7825
vn -0.2260 -0.5281 0.8186
vn -0.1769 -0.4941 0.8512
vn -0.4335 -0.7041 0.5624
vn -0.3717 -0.6728 0.6397
vn -0.0983 -0.4408 0.8922
vn -0.1035 -0.3623 0.9263
vn -0.2664 -0.6196 0.7384
vn -0.2244 -0.5583 0.7987
vn -0.2561 -0.2663 0.9293
vn -0.2889 -0.5403 0.7903
vn -0.4200 -0.2224 0.8798
vn -0.3867 -0.5800 0.7170
vn -0.7723 -0.2999 0.5600
vn -0.7991 -0.3586 0.4826
vn -0.9469 -0.2374 -0.2169
vn -0.9606 -0.2319 -0.1533
vn -0.9386 -0.2080 -0.2753
vn -0.8236 -0.3902 0.4116
vn -0.8602 -0.4122 0.3002
vn -0.9428 -0.1483 -0.2985
vn -0.9363 -0.2092 -0.2822
vn -0.8147 -0.5340 0.2263
vn -0.5154 -0.6215 -0.5900
vn -0.5173 -0.8555 0.0252
vn -0.6614 -0.7326 0.1608
vn -0.7894 -0.5616 -0.2479
vn -0.8425 -0.4257 -0.3302
vn -0.5869 -0.5026 -0.6347
vn -0.9175 -0.1552 -0.3661
vn -0.7883 -0.2686 -0.5536
vn -0.3525 -0.7328 -0.5820
vn -0.3911 -0.9203 0.0115
vn -0.3988 -0.9170 0.0054
vn -0.3852 -0.6317 -0.6728
vn -0.4447 -0.8953 -0.0253
vn -0.5340 -0.8454 -0.0061
vn -0.3835 -0.7690 -0.5115
vn -0.4620 -0.7267 -0.5084
vn -0.5814 -0.8123 0.0467
vn -0.5361 -0.8355 0.1206
vn -0.4996 -0.6837 -0.5318
vn -0.4402 -0.6990 -0.5636
vn -0.1786 -0.8103 -0.5581
vn -0.2905 -0.9195 0.2650
vn -0.4169 -0.8850 0.2074
vn -0.3139 -0.7490 -0.5835
vn -0.3473 -0.8438 -0.4092
vn -0.3806 -0.8916 -0.2455
vn -0.2424 -0.9622 -0.1245
vn -0.2747 -0.8373 -0.4727
vn -0.1457 -0.9875 -0.0601
vn -0.1719 -0.8171 -0.5503
vn -0.4168 -0.3881 -0.8220
vn -0.3870 -0.4917 -0.7800
vn -0.3223 -0.4250 -0.8459
vn -0.3781 -0.4186 -0.8257
vn -0.2406 -0.3647 -0.8995
vn -0.3489 -0.4046 -0.8453
vn -0.1692 -0.9853 0.0215
vn -0.1996 -0.7996 -0.5664
vn -0.2637 -0.9606 0.0883
vn -0.3849 -0.7553 -0.5305
vn -0.2246 -0.2979 -0.9278
vn -0.3696 -0.3549 -0.8587
vn -0.2695 -0.2696 -0.9245
vn -0.3507 -0.3527 -0.8675
vn -0.4379 -0.5452 -0.7148
vn -0.4384 -0.5406 -0.7180
vn -0.4667 -0.5279 -0.7096
vn -0.4306 -0.5411 -0.7224
vn -0.4502 -0.5561 -0.6986
vn -0.3911 -0.6013 -0.6968
vn -0.3145 -0.9463 0.0748
vn -0.4871 -0.7205 -0.4935
vn -0.2053 -0.9784 -0.0241
vn -0.3685 -0.7428 -0.5590
vn -0.3164 -0.4057 -0.8575
vn -0.4506 -0.5773 -0.6810
vn -0.4573 -0.5674 -0.6848
vn -0.3283 -0.3746 -0.8671
vn -0.4485 -0.6120 -0.6513
vn -0.4608 -0.6192 -0.6358
vn -0.3146 -0.2948 -0.9023
vn -0.3129 -0.3059 -0.8992
vn 0.0047 -0.9883 -0.1522
vn -0.1291 -0.7246 -0.6770
vn 0.0955 -0.9503 -0.2962
vn 0.0018 -0.6156 -0.7880
vn 0.0133 -0.8616 -0.5074
vn 0.0486 -0.4744 -0.8790
vn -0.0832 -0.7521 -0.6537
vn 0.1225 -0.4161 -0.9010
vn -0.1901 -0.3206 -0.9279
vn -0.2547 -0.4434 -0.8594
vn -0.0615 -0.3177 -0.9462
vn -0.2414 -0.4322 -0.8689
vn -0.4242 -0.5940 -0.6835
vn -0.4483 -0.6363 -0.6278
vn -0.4361 -0.5973 -0.6731
vn -0.4921 -0.6230 -0.6080
vn 0.0264 -0.3001 -0.9535
vn -0.2184 -0.4260 -0.8780
vn 0.1380 -0.2863 -0.9482
vn -0.1247 -0.4345 -0.8920
vn -0.4317 -0.5991 -0.6743
vn -0.4955 -0.6088 -0.6195
vn -0.3859 -0.6008 -0.7001
vn -0.4358 -0.6260 -0.6467
vn 0.1636 -0.2331 -0.9586
vn -0.0907 -0.3874 -0.9174
vn 0.0983 -0.3762 -0.9213
vn -0.0882 -0.2709 -0.9586
vn 0.0524 -0.1318 -0.9899
vn -0.1565 -0.2871 -0.9450
vn -0.3837 -0.5764 -0.7215
vn -0.4534 -0.6314 -0.6291
vn -0.4453 -0.5252 -0.7252
vn -0.5349 -0.6048 -0.5900
vn -0.4347 -0.5268 -0.7304
vn -0.5023 -0.6350 -0.5869
vn -0.2023 -0.2419 -0.9490
vn -0.1672 -0.3095 -0.9361
vn -0.3749 -0.5871 -0.7175
vn -0.4493 -0.6593 -0.6028
vn -0.1144 -0.3996 -0.9095
vn -0.3181 -0.6213 -0.7161
vn -0.3546 -0.6027 -0.7149
vn -0.1316 -0.3564 -0.9250
vn -0.4215 -0.6540 -0.6282
vn -0.3873 -0.6811 -0.6213
vn -0.2759 -0.6219 -0.7329
vn -0.3757 -0.7110 -0.5945
vn -0.1106 -0.4484 -0.8870
vn -0.0609 -0.5075 -0.8595
vn -0.1589 -0.6554 -0.7384
vn -0.2481 -0.7544 -0.6077
vn -0.7107 -0.1388 -0.6897
vn -0.3684 -0.3862 -0.8457
vn -0.1509 -0.2087 -0.9663
vn -0.4609 0.0296 -0.8870
vn -0.0818 -0.2710 -0.9591
vn -0.2564 -0.3852 -0.8865
vn -0.2461 -0.2716 -0.9304
vn -0.1675 -0.1522 -0.9741
vn -0.2234 -0.1733 -0.9592
vn -0.2763 -0.3842 -0.8809
vn -0.2874 -0.5262 -0.8003
vn -0.1990 -0.2726 -0.9413
vn -0.1934 -0.3280 -0.9247
vn -0.3276 -0.5460 -0.7711
vn -0.3240 -0.4883 -0.8103
vn -0.1819 -0.3059 -0.9345
vn -0.1394 -0.2888 -0.9472
vn -0.2448 -0.4471 -0.8603
vn -0.2414 -0.3396 -0.9091
vn -0.2661 -0.4178 -0.8687
vn -0.5007 -0.6954 -0.5155
vn -0.4761 -0.6588 -0.5825
vn -0.4967 -0.7725 -0.3957
vn -0.2883 -0.5193 -0.8045
vn -0.6535 -0.6793 -0.3339
vn -0.5033 -0.5797 -0.6409
vn -0.4529 -0.6061 -0.6538
vn -0.6049 -0.7152 -0.3502
vn -0.3436 -0.6755 -0.6524
vn -0.4972 -0.7694 -0.4011
vn -0.4640 -0.6348 -0.6178
vn -0.6466 -0.6698 -0.3650
vn -0.4486 -0.6310 -0.6329
vn -0.5505 -0.7224 -0.4184
vn -0.4077 -0.6600 -0.6310
vn -0.4579 -0.7701 -0.4441
vn -0.5318 -0.6197 -0.5772
vn -0.6767 -0.6614 -0.3235
vn -0.5512 -0.6044 -0.5753
vn -0.7120 -0.6395 -0.2900
vn -0.4316 -0.6559 -0.6193
vn -0.5397 -0.7574 -0.3675
vn -0.4412 -0.6787 -0.5872
vn -0.5055 -0.7839 -0.3605
vn -0.5608 -0.6543 -0.5073
vn -0.6255 -0.7363 -0.2581
vn -0.5275 -0.6963 -0.4868
vn -0.5993 -0.7657 -0.2335
vn -0.5259 -0.6861 -0.5026
vn -0.6235 -0.7554 -0.2013
vn -0.4629 -0.7321 -0.4997
vn -0.5267 -0.8303 -0.1824
vn -0.4751 -0.7736 -0.4194
vn -0.5555 -0.8217 -0.1271
vn -0.4943 -0.8068 -0.3235
vn -0.5554 -0.8288 -0.0676
vn -0.3972 -0.8560 -0.3308
vn -0.5140 -0.8545 -0.0755
vn -0.5209 -0.6819 0.5136
vn -0.5556 -0.8304 -0.0422
vn -0.5822 -0.8130 -0.0118
vn -0.5302 -0.6699 0.5197
vn -0.5293 -0.7381 -0.4183
vn -0.4583 -0.7581 -0.4640
vn -0.7200 -0.6878 0.0919
vn -0.6095 -0.5173 0.6008
vn -0.7154 -0.6908 0.1053
vn -0.6260 -0.4689 0.6230
vn -0.6558 -0.7523 0.0633
vn -0.6207 -0.5094 0.5961
vn -0.7642 -0.6382 0.0934
vn -0.6906 -0.4211 0.5880
vn -0.6351 -0.7720 -0.0263
vn -0.6049 -0.6371 0.4777
vn -0.5042 -0.8552 -0.1197
vn -0.4956 -0.7874 0.3665
vn -0.7148 -0.6982 0.0387
vn -0.6043 -0.6425 0.4712
vn -0.7792 -0.6141 0.1255
vn -0.6723 -0.4770 0.5661
vn -0.6244 -0.7803 0.0355
vn -0.5633 -0.6439 0.5178
vn -0.5691 -0.8222 0.0136
vn -0.5146 -0.6771 0.5261
vn -0.6450 -0.7543 0.1223
vn -0.5541 -0.5837 0.5936
vn -0.6471 -0.7425 0.1728
vn -0.5816 -0.5230 0.6230
vn -0.6324 -0.7452 0.2115
vn -0.5612 -0.5506 0.6180
vn -0.5934 -0.7751 0.2168
vn -0.6024 -0.5192 0.6063
vn -0.6148 -0.7615 0.2051
vn -0.6120 -0.5518 0.5666
vn -0.1332 0.0743 0.9883
vn -0.4772 -0.1044 0.8726
vn -0.3402 -0.2777 0.8984
vn -0.0081 0.0008 1.0000
vn -0.6051 -0.5891 0.5355
vn -0.7546 -0.3419 0.5601
vn -0.2898 -0.3210 0.9017
vn 0.0292 0.0200 0.9994
vn -0.2777 -0.2937 0.9147
vn 0.0422 0.0756 0.9962
vn -0.3119 -0.1563 0.9372
vn -0.0052 0.1632 0.9866
vn -0.3343 -0.0990 0.9373
vn -0.0336 0.1944 0.9803
vn -0.3447 -0.1434 0.9277
vn -0.0465 0.1676 0.9848
vn -0.3837 -0.1101 0.9169
vn -0.0424 0.1623 0.9858
vn -0.3551 -0.2510 0.9005
vn 0.0034 0.1021 0.9948
vn -0.2924 -0.3944 0.8712
vn 0.0212 0.0537 0.9983
vn -0.2989 -0.3330 0.8943
vn -0.0142 0.0882 0.9960
vn -0.3443 -0.2023 0.9168
vn -0.0322 0.1215 0.9921
vn -0.2986 -0.2948 0.9077
vn -0.0104 0.0866 0.9962
vn -0.3078 -0.2683 0.9128
vn -0.0758 0.1591 0.9843
vn -0.3660 -0.1739 0.9142
vn -0.1213 0.2428 0.9625
vn -0.4021 -0.1333 0.9058
vn -0.1211 0.3008 0.9460
vn -0.4094 -0.1532 0.8994
vn -0.1263 0.3357 0.9335
vn -0.4764 -0.1286 0.8698
vn -0.1887 0.3509 0.9172
vn -0.5090 -0.1660 0.8446
vn -0.2841 0.3253 0.9019
vn -0.1938 -0.2381 0.9517
vn -0.1800 -0.3507 0.9190
vn -0.3454 -0.8152 0.4649
vn -0.3999 -0.7161 0.5721
vn -0.2502 -0.4302 0.8674
vn -0.3786 -0.8845 0.2727
vn -0.7286 -0.1160 0.6750
vn -0.5188 -0.3578 0.7765
vn -0.9047 -0.0910 0.4163
vn -0.7546 -0.5831 0.3010
vn -0.9846 -0.0590 -0.1645
vn -0.7254 -0.1354 -0.6748
vn -0.5518 -0.2572 -0.7933
vn -0.7983 -0.4333 -0.4184
vn -0.3446 -0.3875 -0.8550
vn -0.3047 -0.5519 -0.7762
vn -0.2718 -0.5198 -0.8099
vn -0.3078 -0.4406 -0.8433
vn -0.2823 -0.6436 -0.7114
vn -0.4719 -0.7902 -0.3910
vn -0.2811 -0.4896 0.8254
vn -0.4587 -0.7604 0.4598
vn -0.3280 -0.8657 -0.3782
vn -0.5427 -0.8399 -0.0046
vn -0.1109 -0.1563 0.9815
vn -0.2915 -0.2238 0.9300
vn -0.2890 -0.0719 0.9546
vn -0.1862 -0.0300 0.9821
vn -0.5256 -0.2702 0.8067
vn -0.4868 -0.3531 0.7990
vn -0.5661 -0.1868 0.8029
vn -0.3202 0.0527 0.9459
vn -0.2682 0.0715 0.9607
vn -0.3362 0.1014 0.9363
vn -0.3167 0.1219 0.9407
vn -0.5973 -0.1454 0.7888
vn -0.6356 -0.0932 0.7664
vn -0.3778 0.1561 0.9126
vn -0.3851 0.1901 0.9031
vn -0.7555 0.0134 0.6550
vn -0.5461 0.2750 0.7913
vn -0.4597 0.2371 0.8559
vn -0.6981 -0.0236 0.7156
vn -0.4586 0.2946 0.8384
vn -0.4942 0.3668 0.7882
vn -0.5654 0.1623 0.8087
vn -0.4864 0.2791 0.8279
vn -0.7432 -0.0512 0.6671
vn -0.6557 -0.1596 0.7379
vn -0.5331 -0.0018 0.8461
vn -0.4741 0.1350 0.8701
vn -0.3298 0.1614 0.9302
vn -0.4668 0.2010 0.8612
vn -0.4856 0.4849 0.7273
vn -0.3022 0.5035 0.8094
vn -0.5593 0.2903 0.7765
vn -0.6019 0.7039 0.3773
vn -0.3778 0.8627 0.3363
vn -0.1952 0.8879 0.4165
vn -0.8953 0.1942 0.4009
vn -0.7541 0.4555 0.4732
vn -0.5939 0.0496 0.8030
vn -0.6720 -0.1481 0.7255
vn -0.3236 -0.1414 0.9356
vn -0.2105 -0.0720 0.9749
vn -0.3054 -0.2917 0.9064
vn -0.5101 -0.4198 0.7507
vn -0.4924 -0.6931 0.5265
vn -0.6545 -0.6067 0.4512
vn -0.4166 -0.1607 0.8948
vn -0.4493 -0.1852 0.8740
vn -0.2948 -0.1047 0.9498
vn -0.3298 -0.0857 0.9402
vn -0.8130 -0.0843 -0.5761
vn -0.7937 -0.0889 -0.6017
vn -0.7952 -0.0604 -0.6034
vn -0.7828 -0.0051 -0.6223
vn -0.8348 -0.0870 -0.5436
vn -0.8120 -0.0425 -0.5821
vn -0.8631 0.0206 -0.5046
vn -0.8729 -0.0771 -0.4818
vn -0.9060 0.0614 -0.4187
vn -0.8244 0.0357 -0.5649
vn -0.9012 0.0513 -0.4303
vn -0.7334 0.1629 -0.6600
vn -0.8070 -0.2728 0.5237
vn -0.9503 -0.1881 -0.2479
vn -0.8789 -0.2168 0.4250
vn -0.8624 -0.1942 -0.4675
vn -0.7329 -0.4110 0.5421
vn -0.7917 -0.5206 0.3198
vn -0.8573 -0.4961 0.1378
vn -0.7182 -0.2776 0.6380
vn -0.7551 -0.5161 0.4042
vn -0.7698 -0.5441 0.3337
vn -0.8122 -0.2095 0.5445
vn -0.9458 -0.2913 -0.1438
vn -0.8436 -0.0233 -0.5364
vn -0.7544 -0.0738 -0.6523
vn -0.5903 -0.7507 0.2968
vn -0.8861 -0.3896 -0.2509
vn -0.8973 -0.2973 -0.3264
vn -0.6728 -0.6746 0.3038
vn -0.8878 -0.2551 -0.3830
vn -0.7090 -0.6274 0.3221
vn -0.8234 -0.3113 -0.4744
vn -0.7115 -0.6411 0.2876
vn -0.7989 -0.3616 -0.4806
vn -0.6675 -0.6802 0.3030
vn -0.8509 -0.4677 -0.2391
vn -0.5632 -0.6623 0.4941
vn -0.7761 -0.6155 0.1376
vn -0.3483 -0.5712 0.7432
vn -0.5893 -0.6636 0.4608
vn -0.1554 -0.5305 0.8333
vn -0.5586 -0.6666 0.4936
vn -0.2810 -0.4682 0.8377
vn -0.5920 -0.6896 0.4171
vn -0.4006 -0.5146 0.7581
vn -0.6859 -0.6398 0.3467
vn -0.5243 -0.5709 0.6318
vn -0.4382 -0.6118 0.6586
vn -0.0777 -0.4718 0.8783
vn -0.1956 -0.4556 0.8684
vn -0.5895 -0.5055 0.6300
vn -0.4968 -0.4399 0.7481
vn -0.7702 -0.3944 0.5012
vn -0.3046 -0.7478 0.5900
vn -0.1508 -0.6018 0.7843
vn -0.0934 -0.5371 0.8383
vn -0.3434 -0.6961 0.6305
vn -0.3791 -0.7323 0.5657
vn -0.2603 -0.6717 0.6936
vn -0.2269 -0.6279 0.7445
vn -0.3240 -0.7595 0.5641
vn -0.1820 -0.7937 0.5805
vn -0.2358 -0.7542 0.6129
vn -0.3577 -0.7287 0.5840
vn -0.2825 -0.7527 0.5946
vn -0.6227 -0.4748 0.6219
vn -0.6000 -0.5451 0.5855
vn -0.6978 -0.5392 0.4716
vn -0.6689 -0.4847 0.5636
vn -0.7224 -0.4987 0.4790
vn -0.6914 -0.4589 0.5580
vn -0.5518 -0.4507 0.7017
vn -0.6184 -0.4161 0.6667
vn -0.6416 -0.4927 0.5878
vn -0.6301 -0.5294 0.5681
vn -0.7008 -0.4296 0.5695
vn -0.6887 -0.3736 0.6214
vn -0.7428 -0.5639 0.3609
vn -0.6855 -0.4912 0.5375
vn -0.6918 -0.5128 0.5084
vn -0.7134 -0.5589 0.4227
vn -0.7248 -0.5068 0.4667
vn -0.7434 -0.5398 0.3949
vn -0.7288 -0.5901 0.3474
vn -0.6901 -0.5520 0.4680
vn -0.7274 -0.4956 0.4746
vn -0.7419 -0.4926 0.4549
vn -0.7136 -0.5843 0.3866
vn -0.7663 -0.5071 0.3945
vn -0.7329 -0.4370 0.5214
vn -0.8086 -0.3976 0.4336
vn -0.7794 -0.2966 0.5519
vn -0.7362 -0.3384 0.5861
vn -0.7553 -0.4076 0.5132
vn -0.7470 -0.4354 0.5023
vn -0.7860 -0.4226 0.4513
vn -0.7951 -0.4296 0.4280
vn -0.7643 -0.4917 0.4173
vn -0.7683 -0.4920 0.4095
vn -0.8107 -0.4730 0.3451
vn -0.6086 -0.7694 0.1941
vn -0.4584 -0.8878 -0.0417
vn -0.5852 -0.7890 -0.1868
vn -0.7329 -0.6688 0.1248
vn -0.8313 -0.2377 0.5024
vn -0.8622 -0.3599 0.3565
vn -0.9032 -0.3228 0.2828
vn -0.8726 -0.1808 0.4537
vn -0.8190 -0.4903 0.2980
vn -0.7829 -0.6155 0.0910
vn -0.8470 -0.4702 0.2481
vn -0.8366 -0.4003 0.3740
vn -0.8594 -0.4365 0.2663
vn -0.8782 -0.4575 0.1398
vn -0.8639 -0.2065 0.4594
vn -0.7834 -0.2875 0.5511
vn -0.8954 -0.3858 0.2222
vn -0.8340 -0.4966 0.2405
vn -0.3301 -0.9123 -0.2422
vn -0.2562 -0.8847 -0.3895
vn -0.3271 -0.8489 -0.4152
vn -0.4469 -0.8039 -0.3926
vn -0.7027 -0.7091 -0.0575
vn -0.5739 -0.8186 -0.0244
vn -0.6886 -0.7200 0.0858
vn -0.8077 -0.5760 0.1263
vn -0.8372 -0.5467 0.0130
vn -0.7382 -0.6731 -0.0441
vn -0.7301 -0.3305 0.5981
vn -0.9332 -0.2034 0.2962
vn -0.7284 -0.6449 0.2315
vn -0.7762 -0.6305 0.0032
vn -0.2828 -0.7734 -0.5673
vn -0.3760 -0.6178 -0.6907
vn -0.5149 -0.7721 -0.3724
vn -0.3550 -0.8618 -0.3623
vn -0.5414 -0.8312 -0.1263
vn -0.5307 -0.7568 -0.3816
vn -0.5041 -0.8635 0.0173
vn -0.5895 -0.7775 -0.2191
vn -0.5047 -0.8610 0.0635
vn -0.6534 -0.7551 -0.0530
vn -0.6307 -0.7759 -0.0102
vn -0.4782 -0.7423 -0.4694
vn -0.8229 -0.5632 0.0756
vn -0.6537 -0.6483 -0.3904
vn -0.4888 -0.7586 -0.4308
vn -0.3917 -0.7844 -0.4809
vn -0.3482 -0.5707 -0.7437
vn -0.5496 -0.5644 -0.6159
vn -0.3234 -0.5850 -0.7437
vn -0.3560 -0.6157 -0.7030
vn -0.4141 -0.5854 -0.6970
vn -0.2316 -0.4547 -0.8600
vn -0.2344 -0.4763 -0.8475
vn -0.3402 -0.4920 -0.8014
vn -0.4380 -0.5312 -0.7253
vn -0.4150 -0.4579 -0.7862
vn -0.4051 -0.5512 -0.7294
vn -0.2888 -0.4752 -0.8311
vn -0.3675 -0.5232 -0.7689
vn -0.1523 -0.3899 -0.9082
vn -0.1835 -0.4183 -0.8896
vn -0.4299 -0.6042 -0.6709
vn -0.7970 -0.4878 -0.3560
vn -0.3298 -0.9439 0.0171
vn -0.0275 -0.8146 -0.5793
vn -0.6413 -0.3761 -0.6688
vn 0.0692 -0.9520 0.2980
vn 0.3936 -0.8605 -0.3234
vn -0.0503 -0.9816 0.1842
vn 0.2075 -0.8292 -0.5191
vn -0.1693 -0.4765 -0.8627
vn -0.8078 -0.5894 -0.0059
vn -0.4191 -0.8707 -0.2574
vn -0.5178 -0.2335 -0.8230
vn -0.7760 -0.6293 0.0430
vn -0.6136 -0.3628 -0.7013
vn -0.7085 -0.7006 0.0851
vn -0.6676 -0.4268 -0.6100
vn -0.6513 -0.7515 0.1047
vn -0.6996 -0.4530 -0.5526
vn -0.6451 -0.7554 0.1150
vn -0.7220 -0.4527 -0.5233
vn -0.6788 -0.7201 0.1441
vn -0.7447 -0.4488 -0.4940
vn -0.7422 -0.6414 0.1941
vn -0.7895 -0.4304 -0.4375
vn -0.8299 -0.5063 0.2345
vn -0.8555 -0.3693 -0.3630
vn -0.9262 -0.3407 0.1616
vn -0.8588 -0.2072 -0.4686
vn -0.4936 -0.1145 -0.8621
vn -0.5804 -0.1561 -0.7992
vn -0.5229 -0.0973 -0.8468
vn -0.3802 -0.0986 -0.9196
vn -0.3411 0.0681 -0.9376
vn -0.4802 -0.0157 -0.8770
vn -0.4738 -0.0578 -0.8787
vn -0.3510 -0.0166 -0.9362
vn -0.1618 0.0743 -0.9840
vn -0.3854 -0.0106 -0.9227
vn -0.4450 -0.0083 -0.8955
vn -0.2856 0.0936 -0.9538
vn -0.2726 -0.0375 -0.9614
vn -0.1439 -0.0585 -0.9879
vn -0.0300 0.0628 -0.9976
vn 0.0375 0.0522 -0.9979
vn 0.0909 -0.0159 -0.9957
vn 0.1516 -0.1910 -0.9698
vn 0.3831 -0.5037 -0.7743
vn 0.0751 -0.2088 -0.9751
vn 0.3603 -0.6514 -0.6677
vn -0.0373 -0.5391 -0.8414
vn 0.1285 -0.2767 -0.9523
vn 0.0471 -0.1818 -0.9822
vn -0.3846 -0.2042 -0.9002
vn 0.0195 -0.1104 -0.9937
vn 0.0021 0.0240 -0.9997
vn -0.4659 0.0929 -0.8799
vn -0.3459 0.2224 -0.9115
vn 0.0151 0.1718 -0.9850
vn 0.0430 0.1743 -0.9838
vn -0.0892 0.1551 -0.9839
vn 0.0650 0.0176 -0.9977
vn 0.0411 0.1090 -0.9932
vn -0.0451 0.0418 -0.9981
vn 0.0331 -0.0922 -0.9952
vn -0.1840 -0.0955 -0.9783
vn -0.3332 0.0204 -0.9426
vn -0.6868 -0.2247 -0.6913
vn -0.3139 -0.2276 -0.9218
vn -0.2623 -0.3184 -0.9109
vn -0.5259 -0.6153 -0.5872
vn -0.6107 -0.7835 0.1148
vn -0.8699 -0.4634 0.1687
vn -0.7944 -0.2858 0.5360
vn -0.8283 -0.5594 0.0316
vn -0.7613 -0.5823 0.2852
vn -0.8446 -0.2648 0.4653
vn -0.7531 -0.6187 0.2236
vn -0.9569 -0.2525 -0.1438
vn -0.6467 -0.6847 -0.3361
vn -0.5655 -0.7381 -0.3680
vn -0.4158 -0.7167 -0.5599
vn -0.5294 -0.7482 -0.4000
vn -0.5666 -0.7250 -0.3916
vn -0.5212 -0.5870 -0.6195
vn -0.5830 -0.6543 -0.4817
vn -0.5559 -0.7733 -0.3049
vn -0.5262 -0.8238 -0.2109
vn -0.4582 -0.8607 -0.2220
vn -0.5588 -0.7676 -0.3138
vn -0.5457 -0.8289 -0.1230
vn -0.4530 -0.8886 -0.0721
vn -0.3639 -0.9314 0.0113
vn -0.2791 -0.9400 0.1963
vn -0.1699 -0.9647 0.2010
vn -0.0487 -0.9468 0.3180
vn -0.4011 -0.8951 0.1945
vn 0.0226 -0.9013 0.4326
vn -0.0900 -0.9821 0.1655
vn -0.0163 -0.3749 -0.9269
vn -0.0463 -0.4517 -0.8910
vn -0.1355 -0.4312 -0.8920
vn -0.0803 -0.3273 -0.9415
vn -0.2738 -0.6852 -0.6750
vn -0.1959 -0.8256 -0.5292
vn -0.0641 -0.8717 -0.4858
vn 0.0610 -0.3853 -0.9208
vn 0.0121 -0.8466 -0.5322
vn 0.1295 -0.3520 -0.9270
vn -0.2537 -0.9351 0.2474
vn -0.1060 -0.8327 -0.5435
vn -0.1060 -0.7525 -0.6500
vn -0.3205 -0.9301 0.1795
vn 0.0267 -0.4762 -0.8789
vn 0.0751 -0.4121 -0.9080
vn 0.1449 -0.3635 -0.9203
vn 0.1385 -0.3006 -0.9436
vn 0.0730 -0.3524 -0.9330
vn 0.0672 -0.3165 -0.9462
vn -0.0889 -0.9951 0.0434
vn -0.0093 -0.8581 -0.5134
vn -0.1551 -0.8374 -0.5241
vn -0.2735 -0.9593 -0.0698
vn -0.4468 -0.8553 -0.2624
vn -0.4282 -0.8361 0.3429
vn -0.3903 -0.8951 0.2157
vn -0.3499 -0.8125 -0.4663
vn -0.8621 -0.4877 0.1378
vn -0.6725 -0.6712 0.3118
vn -0.5294 -0.5156 0.6737
vn -0.8707 -0.3995 0.2869
vn -0.4360 -0.5027 0.7464
vn -0.6230 -0.7061 0.3365
vn -0.3195 -0.4479 0.8350
vn -0.4300 -0.4976 0.7533
vn -0.2781 -0.5684 0.7743
vn -0.3056 -0.5329 0.7891
vn -0.5454 -0.6427 -0.5380
vn -0.6202 -0.7371 0.2682
vn -0.7299 -0.5674 0.3813
vn -0.6734 -0.6098 -0.4179
vn -0.3856 -0.3421 0.8569
vn -0.4154 -0.2613 0.8713
vn -0.4326 -0.3173 0.8439
vn -0.4425 -0.2642 0.8569
vn -0.5622 -0.4248 0.7096
vn -0.5969 -0.4132 0.6877
vn -0.7006 -0.6616 0.2674
vn -0.7227 -0.6459 0.2460
vn -0.6376 -0.7313 -0.2423
vn -0.6336 -0.6413 0.4328
vn -0.6174 -0.7768 -0.1243
vn -0.6009 -0.6927 0.3989
vn -0.3108 -0.2732 0.9104
vn -0.2903 -0.3110 0.9050
vn -0.3071 -0.2367 0.9218
vn -0.2085 -0.2631 0.9420
vn -0.5006 -0.4640 0.7308
vn -0.3751 -0.5723 0.7292
vn -0.6239 -0.7365 0.2616
vn -0.4808 -0.8341 0.2704
vn -0.7231 -0.6835 -0.0999
vn -0.9146 -0.3856 -0.1221
vn -0.7336 -0.5718 -0.3674
vn -0.9124 -0.3010 -0.2773
vn -0.5149 -0.7625 -0.3918
vn -0.6027 -0.7853 -0.1420
vn -0.6492 -0.7278 -0.2211
vn -0.5194 -0.7220 -0.4570
vn -0.5731 -0.6295 -0.5247
vn -0.6858 -0.6952 -0.2154
vn -0.6034 -0.7791 -0.1704
vn -0.5276 -0.6757 -0.5149
vn -0.4391 -0.7949 -0.4187
vn -0.4908 -0.8679 -0.0770
vn -0.4720 -0.8816 0.0059
vn -0.4532 -0.8317 0.3208
vn -0.4184 -0.8469 -0.3283
vn -0.4323 -0.8577 -0.2784
vn -0.4899 -0.8693 0.0658
vn -0.4676 -0.8078 0.3589
vn -0.2858 -0.6021 -0.7455
vn -0.2608 -0.6723 -0.6928
vn -0.0541 -0.4686 -0.8818
vn -0.0947 -0.4733 -0.8758
vn -0.0120 -0.4552 -0.8903
vn -0.2769 -0.7166 -0.6402
vn -0.8250 -0.5626 0.0523
vn -0.6446 -0.0336 0.7638
vn -0.3602 -0.1126 0.9261
vn -0.6583 -0.5119 0.5519
vn -0.6846 -0.6744 0.2765
vn -0.7944 -0.4377 0.4212
vn -0.7935 -0.5975 -0.1159
vn -0.6692 -0.7291 0.1438
vn -0.7902 -0.6068 0.0855
vn -0.8759 -0.4699 -0.1091
vn -0.9600 -0.2679 -0.0811
vn -0.9380 -0.2889 -0.1917
vn -0.9188 -0.3265 -0.2217
vn -0.8851 -0.2931 -0.3615
vn -0.7690 -0.5898 0.2463
vn -0.8013 -0.5427 0.2520
vn -0.7157 -0.4406 -0.5419
vn -0.7452 -0.6667 -0.0157
vn -0.4746 -0.8561 -0.2046
vn -0.4689 -0.6678 -0.5781
vn -0.3893 -0.6907 -0.6094
vn -0.3680 -0.8660 -0.3387
vn -0.3323 -0.8205 -0.4651
vn -0.4180 -0.5959 -0.6857
vn -0.3740 -0.5523 -0.7451
vn -0.2341 -0.5716 -0.7865
vn -0.3264 -0.4012 0.8559
vn -0.4102 -0.5433 0.7325
vn -0.4086 -0.6578 0.6327
vn -0.4797 -0.5827 0.6560
vn -0.4768 -0.7145 0.5120
vn -0.4566 -0.6622 0.5941
vn -0.4402 -0.7474 0.4976
vn -0.4650 -0.7288 0.5026
vn -0.3560 -0.6399 0.6810
vn -0.4706 -0.7077 0.5270
vn -0.6123 -0.7779 0.1412
vn -0.6551 -0.6921 0.3030
vn -0.5842 -0.7198 0.3749
vn -0.5427 -0.7744 0.3252
vn -0.5432 -0.6142 0.5725
vn -0.6874 -0.5945 0.4171
vn -0.3819 -0.6031 0.7003
vn -0.2825 -0.4980 0.8199
vn -0.2454 -0.4885 0.8374
vn -0.2878 -0.5234 0.8020
vn -0.5371 -0.5388 0.6490
vn -0.5662 -0.6040 0.5609
vn -0.7310 -0.5667 0.3802
vn -0.7313 -0.6334 0.2528
vn -0.2993 -0.6336 0.7134
vn -0.1960 -0.6111 0.7669
vn -0.1109 -0.7766 0.6201
vn -0.2076 -0.8368 0.5066
vn -0.5185 -0.8425 0.1459
vn -0.3509 -0.8666 0.3548
vn -0.5147 -0.7352 0.4411
vn -0.6764 -0.7206 0.1525
vn -0.1892 -0.9329 0.3063
vn -0.0141 -0.8351 0.5499
vn -0.1359 -0.8215 0.5538
vn -0.2399 -0.9335 0.2665
vn -0.2219 -0.8531 0.4723
vn -0.1303 -0.8165 0.5624
vn -0.1275 -0.8909 0.4359
vn -0.2897 -0.9141 0.2838
vn -0.9616 0.0465 0.2704
vn -0.8468 0.1730 0.5030
vn -0.9684 0.0053 0.2494
vn -0.9750 -0.0562 0.2152
vn -0.9720 -0.0405 0.2316
vn -0.8595 0.0047 0.5111
vn -0.9757 -0.1647 0.1448
vn -0.9447 -0.1340 0.2994
vn -0.9104 0.1306 0.3926
vn -0.9510 0.0865 0.2969
vn -0.5860 0.1176 0.8018
vn -0.5838 -0.0681 0.8090
vn -0.4563 -0.0670 0.8873
vn -0.8086 -0.1395 0.5716
vn -0.7498 0.0879 0.6558
vn -0.4696 0.0994 0.8773
vn -0.5862 0.1570 0.7948
vn -0.5295 -0.0170 0.8481
vn -0.9065 -0.2386 0.3483
vn -0.5416 -0.0833 0.8365
vn -0.9603 -0.2411 0.1404
vn -0.9149 -0.2887 0.2821
vn -0.8643 -0.2570 0.4323
vn -0.5632 -0.0751 0.8229
vn -0.4979 -0.0306 0.8667
vn -0.8026 -0.1852 0.5670
vn -0.8367 -0.1663 0.5218
vn -0.4436 -0.0564 0.8944
vn -0.3728 -0.0380 0.9271
vn -0.7722 -0.1114 0.6255
vn -0.7216 -0.1974 0.6635
vn -0.3893 -0.0121 0.9210
vn -0.8547 -0.2856 0.4335
vn -0.5218 -0.1037 0.8468
vn -0.9090 -0.3280 0.2573
vn -0.8853 -0.3346 0.3231
vn -0.7799 -0.2905 0.5543
vn -0.4188 -0.1126 0.9011
vn -0.3448 -0.2614 0.9015
vn -0.6565 -0.5520 0.5141
vn -0.1753 0.0098 0.9845
vn -0.1897 0.0526 0.9804
vn -0.4155 -0.2042 0.8864
vn -0.7417 -0.5521 0.3810
vn -0.6405 -0.2934 0.7097
vn -0.2981 -0.1084 0.9484
vn -0.8317 -0.3974 0.3878
vn -0.7937 -0.4569 0.4016
vn -0.5202 -0.2480 0.8172
vn -0.2094 -0.0808 0.9745
vn -0.6259 -0.1258 0.7697
vn -0.7965 -0.2099 0.5671
vn -0.7686 -0.2029 0.6067
vn -0.4777 -0.0349 0.8778
vn -0.8415 -0.3458 0.4151
vn -0.8125 -0.3927 0.4308
vn -0.4666 -0.0678 0.8819
vn -0.7261 -0.3294 0.6036
vn -0.7883 -0.4999 0.3588
vn -0.6587 -0.2498 0.7097
vn -0.7998 -0.4778 0.3633
vn -0.7693 -0.6271 0.1224
vn -0.7724 -0.6348 -0.0217
vn -0.8123 -0.5768 0.0871
vn -0.3967 -0.1863 0.8988
vn -0.7422 -0.5110 0.4336
vn -0.1918 0.0004 0.9814
vn -0.9600 -0.1648 0.2265
vn -0.9674 -0.1639 0.1932
vn -0.8889 -0.4437 0.1139
vn -0.9085 -0.3611 0.2102
vn -0.8278 -0.5552 0.0803
vn -0.6722 -0.7037 -0.2301
vn -0.5583 -0.7160 -0.4190
vn -0.7373 -0.6696 -0.0898
vn -0.4278 -0.8095 -0.4020
vn -0.5358 -0.6841 -0.4949
vn -0.6526 -0.7556 -0.0558
vn -0.4199 -0.8976 -0.1342
vn -0.5119 -0.8190 -0.2593
vn -0.7271 -0.6323 -0.2674
vn -0.7757 -0.5981 -0.2014
vn -0.7844 -0.6094 -0.1154
vn -0.7841 -0.6106 -0.1111
vn -0.7448 -0.6290 -0.2227
vn -0.6749 -0.7054 -0.2166
vn -0.6375 -0.6693 -0.3816
vn -0.5470 -0.7521 0.3677
vn -0.6266 -0.7734 0.0962
vn -0.6833 -0.6591 0.3143
vn -0.7809 -0.6112 0.1290
vn -0.8757 -0.4827 0.0103
vn -0.8275 -0.5509 -0.1085
vn -0.7390 -0.6145 -0.2762
vn -0.8332 -0.5472 -0.0800
vn -0.7955 -0.5959 0.1097
vn -0.8408 -0.5412 0.0099
vn -0.8651 -0.5012 -0.0207
vn -0.8752 -0.4801 0.0588
vn 0.5064 0.2762 0.8168
vn 0.2364 0.1973 0.9514
vn 0.3019 0.2166 0.9284
vn 0.5391 0.3421 0.7696
vn 0.3158 0.2691 0.9099
vn 0.5195 0.4249 0.7413
vn 0.2756 0.3371 0.9002
vn 0.4537 0.5067 0.7331
vn 0.2160 0.3777 0.9004
vn 0.4229 0.5286 0.7360
vn 0.2219 0.3693 0.9024
vn 0.4453 0.5023 0.7412
vn 0.4347 0.5141 0.7394
vn 0.2088 0.3827 0.9000
vn 0.2431 0.3686 0.8972
vn 0.4393 0.4962 0.7489
vn 0.2689 0.3493 0.8976
vn 0.4294 0.4993 0.7525
vn 0.2670 0.3433 0.9005
vn 0.4243 0.4981 0.7562
vn 0.2432 0.3744 0.8948
vn 0.4181 0.5141 0.7489
vn 0.2444 0.3896 0.8880
vn 0.4209 0.5360 0.7318
vn 0.2283 0.4122 0.8820
vn 0.3854 0.5924 0.7075
vn 0.1655 0.4886 0.8567
vn 0.3436 0.6577 0.6704
vn 0.1576 0.5565 0.8158
vn 0.3365 0.7073 0.6217
vn 0.1732 0.6175 0.7673
vn 0.2828 0.7470 0.6017
vn 0.1523 0.6535 0.7415
vn 0.1693 0.7353 0.6563
vn 0.0897 0.7415 0.6649
vn 0.1330 0.7200 0.6811
vn 0.0983 0.6667 0.7388
vn 0.0167 0.6856 0.7278
vn 0.0792 0.7560 0.6498
vn 0.0795 0.6995 0.7102
vn 0.3115 0.7727 0.5531
vn 0.2411 0.8472 0.4734
vn 0.0664 0.7254 0.6851
vn 0.3297 0.7861 0.5228
vn 0.2866 0.3208 0.9028
vn 0.4446 0.3224 0.8357
vn 0.5777 0.3467 0.7389
vn 0.4679 0.3908 0.7927
vn 0.6147 0.3082 0.7260
vn 0.5177 0.2772 0.8094
vn 0.1262 0.3399 0.9320
vn 0.1679 0.3322 0.9281
vn 0.3887 0.4673 0.7941
vn 0.3650 0.5005 0.7851
vn 0.1268 0.3134 0.9411
vn 0.1197 0.3423 0.9319
vn 0.3645 0.4824 0.7965
vn 0.3484 0.4628 0.8151
vn 0.2229 0.2761 0.9349
vn 0.1600 0.2960 0.9417
vn 0.3316 0.4503 0.8290
vn 0.3407 0.4337 0.8342
vn 0.2924 0.3042 0.9066
vn 0.2725 0.2784 0.9210
vn 0.3658 0.4354 0.8225
vn 0.3845 0.4474 0.8075
vn 0.2125 0.3463 0.9137
vn 0.2707 0.3342 0.9028
vn 0.3925 0.4636 0.7944
vn 0.3594 0.5039 0.7854
vn 0.3250 0.5395 0.7767
vn 0.1489 0.3389 0.9290
vn 0.2917 0.5398 0.7896
vn 0.1532 0.3009 0.9413
vn 0.1876 0.6376 0.7472
vn 0.3804 0.4085 0.8297
vn 0.2570 0.3082 0.9160
vn 0.2228 0.5830 0.7814
vn 0.2196 0.7362 0.6401
vn 0.4881 0.4958 0.7183
vn 0.3571 0.8076 0.4694
vn 0.6052 0.4928 0.6252
vn 0.2368 0.2333 0.9431
vn 0.2840 0.1380 0.9488
vn 0.1465 0.2818 0.9482
vn 0.0033 0.1705 0.9854
vn 0.0826 0.1061 0.9909
vn 0.1425 0.0252 0.9895
vn 0.0635 0.2918 0.9544
vn 0.0131 0.2650 0.9642
vn -0.1416 0.1460 0.9791
vn -0.0901 0.1833 0.9789
vn 0.0129 0.2452 0.9694
vn 0.0483 0.2219 0.9739
vn -0.0879 0.0892 0.9921
vn -0.1226 0.1059 0.9868
vn 0.1036 0.1833 0.9776
vn 0.1706 0.1488 0.9740
vn 0.0351 0.0028 0.9994
vn -0.0501 0.0579 0.9971
vn -0.4059 -0.4809 0.7772
vn -0.3169 -0.5071 0.8015
vn -0.1117 -0.1746 0.9783
vn -0.1966 -0.0780 0.9774
vn -0.0247 -0.1852 0.9824
vn -0.2355 -0.4394 0.8669
vn -0.5268 -0.4422 0.7260
vn -0.5107 -0.4422 0.7373
vn -0.2963 -0.0384 0.9543
vn -0.3347 -0.0624 0.9403
vn -0.4316 -0.4572 0.7776
vn -0.2884 -0.1149 0.9506
vn -0.1959 -0.1247 0.9727
vn -0.3075 -0.4734 0.8254
vn -0.2073 -0.1058 0.9725
vn -0.2954 -0.1443 0.9444
vn -0.3763 -0.3391 0.8622
vn -0.3315 -0.2654 0.9054
vn -0.1946 0.0328 0.9803
vn -0.3441 -0.1737 0.9227
vn -0.2675 0.0940 0.9590
vn -0.4100 -0.2049 0.8888
vn -0.5318 -0.2607 0.8058
vn -0.3876 0.0860 0.9178
vn -0.4413 0.0542 0.8957
vn -0.5623 -0.3037 0.7691
vn -0.5371 -0.4178 0.7328
vn -0.4628 -0.1341 0.8762
vn -0.3319 -0.3410 0.8795
vn -0.4116 -0.5595 0.7194
vn -0.2827 -0.6627 0.6935
vn -0.1683 -0.4823 0.8597
vn -0.0210 -0.5315 0.8468
vn -0.1978 -0.6954 0.6909
vn -0.1154 -0.6839 0.7204
vn 0.0876 -0.5365 0.8393
vn 0.1565 -0.4974 0.8533
vn -0.0372 -0.6442 0.7640
vn -0.0284 -0.6216 0.7828
vn 0.1533 -0.4415 0.8841
vn 0.1152 -0.4268 0.8970
vn 0.0622 -0.4413 0.8952
vn -0.0538 -0.6278 0.7765
vn -0.0855 -0.6230 0.7775
vn -0.0906 -0.5763 0.8122
vn 0.0482 -0.4409 0.8963
vn 0.0186 -0.4344 0.9005
vn -0.1120 -0.5894 0.8000
vn 0.1388 -0.4924 0.8592
vn 0.2549 -0.5710 0.7804
vn 0.0048 -0.6246 0.7809
vn 0.1107 -0.7115 0.6939
vn 0.3580 -0.6143 0.7031
vn 0.1439 -0.7831 0.6050
vn 0.1251 -0.8389 0.5297
vn 0.3760 -0.6077 0.6995
vn -0.4191 -0.4548 0.7858
vn -0.4538 -0.5262 0.7192
vn -0.4770 -0.4575 0.7504
vn -0.4334 -0.3720 0.8209
vn -0.5388 -0.5797 0.6112
vn -0.5784 -0.5018 0.6432
vn -0.4962 -0.6440 0.5822
vn -0.5816 -0.6422 0.4993
vn -0.5988 -0.6058 0.5238
vn -0.5642 -0.6589 0.4976
vn -0.5666 -0.6482 0.5087
vn -0.5589 -0.5678 0.6044
vn -0.6037 -0.5278 0.5975
vn -0.4788 -0.7051 0.5231
vn -0.4767 -0.7243 0.4982
vn -0.4113 -0.7186 0.5608
vn -0.3761 -0.7565 0.5351
vn -0.3113 -0.7111 0.6304
vn -0.4384 -0.6454 0.6255
vn -0.2589 -0.7270 0.6359
vn -0.3139 -0.7479 0.5849
vn -0.2902 -0.7337 0.6143
vn -0.2272 -0.7170 0.6590
vn -0.1810 -0.7139 0.6765
vn -0.1526 -0.7325 0.6634
vn -0.2540 -0.7524 0.6077
vn -0.2153 -0.7736 0.5960
vn -0.2085 -0.7884 0.5788
vn -0.2160 -0.7430 0.6335
vn -0.1699 -0.7499 0.6394
vn -0.1854 -0.7885 0.5864
vn -0.3255 -0.7789 0.5361
vn -0.2628 -0.7085 0.6549
vn -0.2561 -0.7181 0.6471
vn -0.2672 -0.7832 0.5614
vn -0.1745 -0.8492 0.4984
vn -0.0174 -0.8232 0.5675
vn -0.1799 -0.7480 0.6388
vn -0.3232 -0.7936 0.5155
vn -0.2823 -0.3740 0.8834
vn -0.2841 -0.2103 0.9354
vn 0.2171 0.1147 0.9694
vn -0.3651 -0.4991 0.7858
vn -0.0608 -0.2812 0.9577
vn -0.4002 -0.3922 0.8283
vn -0.3843 -0.3654 0.8478
vn -0.4036 -0.3552 0.8432
vn -0.3914 -0.3838 0.8364
vn -0.4276 -0.5902 0.6847
vn -0.5148 -0.2375 -0.8238
vn -0.3041 -0.2577 -0.9171
vn -0.5570 -0.1723 -0.8124
vn -0.3186 -0.1430 -0.9370
vn -0.5288 -0.2413 -0.8137
vn -0.4828 -0.2743 -0.8317
vn -0.6812 -0.5025 -0.5324
vn -0.4817 -0.5084 -0.7138
vn -0.4196 -0.3385 -0.8422
vn -0.5822 -0.1439 -0.8002
vn -0.1933 -0.3339 -0.9226
vn -0.0488 -0.2890 -0.9561
vn -0.1676 -0.2758 -0.9465
vn -0.4522 -0.3654 -0.8136
vn -0.1648 -0.0923 -0.9820
vn -0.2734 -0.0118 -0.9618
vn -0.1331 -0.1904 -0.9726
vn -0.0673 -0.0994 -0.9928
vn -0.0408 -0.1992 -0.9791
vn -0.1560 -0.2283 -0.9610
vn -0.7453 -0.4586 -0.4840
vn -0.5360 -0.0596 -0.8421
vn -0.4851 -0.0045 -0.8745
vn -0.6248 -0.4336 -0.6493
vn -0.1319 -0.3681 -0.9204
vn -0.2508 -0.3667 -0.8959
vn -0.3202 -0.4797 -0.8169
vn -0.4812 -0.4174 -0.7709
vn -0.6176 -0.0934 -0.7809
vn -0.5067 0.0891 -0.8575
vn -0.3950 0.0927 -0.9140
vn -0.4220 -0.0783 -0.9032
vn -0.4018 -0.2773 -0.8727
vn -0.5971 -0.3034 -0.7426
vn -0.5617 -0.5681 -0.6015
vn -0.8018 -0.5519 -0.2291
vn -0.7215 -0.4385 -0.5359
vn -0.8904 -0.4120 -0.1933
vn -0.8263 -0.0197 -0.5629
vn -0.8520 -0.2438 -0.4633
vn -0.5695 -0.3834 -0.7271
vn -0.5861 -0.0144 -0.8101
vn -0.9392 -0.1613 -0.3032
vn -0.8944 -0.0248 -0.4466
vn -0.6994 0.0345 -0.7139
vn -0.7964 -0.1352 -0.5894
vn -0.9257 -0.3054 -0.2233
vn -0.7908 -0.3161 -0.5241
vn -0.9726 0.1494 -0.1782
vn -0.8946 0.4374 0.0916
vn -0.9841 0.1538 -0.0892
vn -0.8346 0.4352 0.3376
vn -0.6366 0.7343 0.2356
vn -0.7566 0.6374 0.1456
vn -0.8963 -0.4067 0.1767
vn -0.9264 -0.3369 0.1681
vn -0.7933 -0.2385 0.5601
vn -0.8248 -0.1124 0.5541
vn -0.7876 0.1122 0.6059
vn -0.8253 0.1050 0.5549
vn -0.9965 0.0043 0.0839
vn -0.9805 -0.0778 0.1805
vn -0.9676 -0.1918 0.1644
vn -0.8279 0.1647 0.5362
vn -0.4016 0.8742 0.2730
vn -0.5546 0.6163 0.5590
vn -0.2705 0.7331 0.6240
vn -0.1806 0.9355 0.3036
vn -0.2948 0.2770 0.9145
vn -0.5915 0.1245 0.7966
vn -0.5414 -0.0542 0.8390
vn -0.2353 0.1085 0.9659
vn -0.5493 0.1831 0.8153
vn -0.3041 0.3271 0.8947
vn -0.5441 0.2283 0.8074
vn -0.3620 0.2928 0.8850
vn -0.5967 0.4194 0.6841
vn -0.3641 0.4704 0.8038
vn -0.3050 0.2959 0.9052
vn -0.2211 0.6631 0.7151
vn -0.0637 0.6539 0.7539
vn -0.2814 0.1686 0.9447
vn -0.1104 0.8956 0.4309
vn 0.0435 0.8446 0.5336
vn 0.3659 0.3551 0.8603
vn 0.0399 0.3360 0.9410
vn 0.1323 0.2187 0.9668
vn 0.4568 0.2773 0.8453
vn -0.0769 0.9421 0.3264
vn -0.0570 0.8258 0.5611
vn 0.2956 0.5803 0.7588
vn 0.1186 0.2146 0.9695
vn 0.1860 0.6626 0.7255
vn 0.2536 0.4829 0.8381
vn 0.4274 0.4863 0.7621
vn -0.3165 -0.2831 0.9054
vn -0.2032 -0.1976 0.9590
vn 0.6129 0.3228 0.7212
vn 0.5464 0.3490 0.7614
vn 0.4731 0.1803 0.8623
vn 0.2872 0.4076 0.8668
vn 0.4800 0.4235 0.7683
vn 0.1764 -0.0653 0.9822
vn -0.0370 0.4347 0.8998
vn -0.0719 0.4124 0.9082
vn -0.0574 0.5469 0.8352
vn -0.4157 -0.2867 0.8631
vn -0.4508 -0.0189 0.8924
vn -0.4859 -0.2263 0.8442
vn -0.4877 -0.1838 0.8534
vn -0.4059 -0.1310 0.9045
vn -0.4457 -0.0510 0.8937
vn -0.1376 -0.1939 0.9713
vn -0.2759 -0.1627 0.9473
vn -0.5073 -0.4120 0.7569
vn -0.3136 -0.3554 0.8805
vn -0.3860 -0.0904 0.9180
vn -0.5565 -0.4867 0.6734
vn -0.4519 -0.0410 0.8911
vn -0.5697 -0.5146 0.6408
vn -0.5359 0.0591 0.8422
vn -0.5604 -0.4067 0.7215
vn -0.5755 0.1821 0.7973
vn -0.5963 0.0356 0.8020
vn -0.5501 0.2688 0.7906
vn -0.4181 0.0986 0.9030
vn -0.4959 0.2434 0.8336
vn -0.3512 0.1249 0.9279
vn -0.3340 0.1229 0.9345
vn -0.3781 0.0039 0.9258
vn -0.5410 -0.3256 0.7755
vn -0.4539 -0.4011 0.7957
vn -0.5517 -0.1591 0.8187
vn -0.5916 -0.3591 0.7218
vn -0.3763 -0.2386 0.8953
vn -0.4844 -0.5894 0.6465
vn -0.4453 -0.2778 0.8512
vn -0.4921 -0.4796 0.7265
vn -0.4064 -0.5138 0.7555
vn -0.5051 -0.5455 0.6688
vn -0.5918 -0.2356 0.7709
vn -0.4944 -0.1547 0.8553
vn -0.9552 -0.2921 0.0474
vn -0.9493 -0.0980 0.2987
vn -0.9228 -0.0462 0.3824
vn -0.9977 -0.0626 0.0275
vn -0.7100 -0.5671 -0.4174
vn -0.9035 -0.4286 0.0100
vn -0.9646 -0.1961 0.1764
vn -0.9005 -0.4041 -0.1607
vn -0.6589 -0.7256 -0.1984
vn -0.4061 -0.6835 -0.6066
vn -0.2318 -0.7354 -0.6368
vn -0.4100 -0.8683 -0.2792
vn -0.5743 -0.7981 -0.1820
vn -0.4837 -0.6858 -0.5438
vn -0.7735 -0.5045 -0.3836
vn -0.8158 -0.5722 -0.0847
vn -0.8862 -0.4624 0.0285
vn -0.8451 -0.4679 -0.2584
vn -0.7989 -0.5511 -0.2410
vn -0.8862 -0.4534 0.0957
vn -0.8480 -0.5295 0.0208
vn -0.6731 -0.6640 -0.3255
vn -0.5424 -0.7293 -0.4170
vn -0.7250 -0.6819 -0.0967
vn -0.6133 -0.7766 -0.1442
vn -0.5620 -0.7141 -0.4174
vn -0.7035 -0.6104 -0.3640
vn -0.6902 -0.7228 -0.0334
vn -0.7646 -0.6278 0.1459
vn -0.7793 -0.5788 0.2402
vn -0.8250 -0.4872 -0.2862
vn -0.8571 -0.4435 -0.2621
vn -0.7902 -0.5779 0.2040
vn -0.7681 -0.6288 0.1206
vn -0.8578 -0.4325 -0.2778
vn -0.8274 -0.4578 -0.3254
vn -0.7110 -0.7004 0.0624
vn -0.7881 -0.5134 -0.3396
vn -0.5894 -0.8036 0.0824
vn -0.7256 -0.6051 -0.3276
vn -0.4075 -0.8884 0.2115
vn -0.3233 -0.8735 0.3640
vn -0.6239 -0.7210 -0.3015
vn -0.5405 -0.8178 -0.1976
vn -0.4748 -0.3386 -0.8124
vn -0.4848 -0.4144 -0.7702
vn -0.0021 -0.2098 -0.9777
vn -0.0239 -0.1480 -0.9887
vn -0.0682 -0.3455 -0.9359
vn -0.4121 -0.5210 -0.7475
vn -0.3110 -0.6098 -0.7290
vn -0.1568 -0.4800 -0.8631
vn -0.2503 -0.5538 -0.7941
vn -0.3151 -0.6486 -0.6929
vn -0.4335 -0.6152 -0.6585
vn -0.3588 -0.5284 -0.7695
vn -0.4674 -0.4209 -0.7774
vn -0.5776 -0.4855 -0.6563
vn -0.5547 -0.2715 -0.7865
vn -0.6695 -0.3220 -0.6694
vn -0.7047 -0.2166 -0.6757
vn -0.5910 -0.1397 -0.7945
vn -0.7188 -0.1698 -0.6742
vn -0.6831 -0.1600 -0.7126
vn -0.5583 -0.0500 -0.8281
vn -0.4563 0.0024 -0.8898
vn -0.6343 -0.1330 -0.7615
vn -0.5523 -0.0821 -0.8296
vn -0.3386 0.0798 -0.9375
vn -0.2582 0.1840 -0.9484
vn -0.4619 -0.0668 -0.8844
vn -0.4678 -0.1759 -0.8661
vn -0.2325 0.2554 -0.9385
vn -0.2723 0.2487 -0.9295
vn -0.3547 -0.6021 0.7153
vn -0.3898 -0.6210 0.6800
vn -0.2852 -0.4327 0.8553
vn -0.2454 -0.3399 0.9079
vn -0.2566 -0.7424 -0.6188
vn -0.3835 -0.8790 -0.2832
vn 0.0183 -0.4580 -0.8888
vn 0.1146 -0.5359 -0.8365
vn -0.0489 -0.7861 -0.6162
vn -0.1607 -0.9614 -0.2232
vn -0.2752 -0.8638 0.4220
vn -0.4520 -0.8041 0.3860
vn -0.4591 -0.8851 0.0760
vn -0.1999 -0.9680 0.1515
vn -0.4547 -0.8247 0.3363
vn -0.3539 -0.5036 0.7882
vn -0.1629 -0.4197 0.8929
vn 0.1976 -0.5370 0.8201
vn 0.3847 -0.3305 0.8619
vn -0.0362 -0.4168 0.9083
vn -0.2985 -0.6781 0.6717
vn 0.0079 -0.7197 0.6943
vn 0.9695 -0.2144 0.1190
vn 0.7422 -0.3104 0.5940
vn 0.2897 -0.8394 0.4599
vn 0.4795 -0.8774 -0.0151
vn 0.9164 0.0400 -0.3983
vn 0.5446 -0.5903 -0.5958
vn 0.4789 -0.2204 -0.8498
vn 0.7312 0.1527 -0.6648
vn 0.0664 -0.6378 -0.7673
vn 0.1514 -0.3510 -0.9240
vn -0.1618 -0.9539 -0.2529
vn 0.2975 -0.9535 -0.0480
vn 0.3964 -0.6152 -0.6815
vn 0.4660 -0.2314 -0.8540
vn -0.1227 -0.8716 0.4747
vn 0.1871 -0.7507 0.6336
vn -0.1552 -0.7668 0.6229
vn -0.0491 -0.5729 0.8181
vn -0.3560 -0.8043 0.4758
vn -0.2509 -0.7649 0.5933
vn -0.2263 -0.6193 0.7518
vn -0.3882 -0.7401 0.5492
vn -0.4226 -0.8292 0.3658
vn -0.5033 -0.8010 0.3242
vn -0.5809 -0.8138 0.0188
vn -0.6109 -0.7892 -0.0621
vn -0.3578 0.1255 -0.9253
vn -0.6006 -0.3869 -0.6997
vn -0.3893 0.0347 -0.9205
vn -0.5802 -0.4478 -0.6803
vn 0.3394 -0.0201 -0.9404
vn 0.4273 -0.3671 -0.8262
vn -0.3083 -0.4447 -0.8409
vn -0.1695 -0.0402 -0.9847
vn 0.2515 -0.8793 -0.4044
vn -0.4305 -0.8724 -0.2314
vn -0.2222 -0.9209 0.3202
vn -0.0082 -0.7960 0.6053
vn 0.5919 -0.8058 0.0180
vn 0.7378 -0.5979 0.3133
vn 0.8395 -0.2873 -0.4611
vn 0.9757 -0.1453 -0.1639
vn 0.7286 0.0529 -0.6829
vn 0.9065 0.0962 -0.4111
vn 0.7780 -0.0883 0.6220
vn 0.2879 -0.3816 0.8783
vn 0.1567 -0.5678 0.8081
vn 0.7935 -0.3122 0.5224
vn -0.1473 0.1321 -0.9802
vn 0.2319 0.2262 -0.9461
vn -0.3012 0.1542 -0.9410
vn 0.0692 0.3491 -0.9345
vn 0.9963 0.0800 0.0298
vn 0.9663 0.1901 0.1738
vn 0.8929 0.2901 -0.3445
vn 0.8764 0.3970 -0.2724
vn 0.6466 0.3140 -0.6952
vn 0.5858 0.4814 -0.6520
vn -0.2004 -0.6766 -0.7086
vn -0.4340 -0.8052 -0.4042
vn -0.6186 -0.6740 -0.4038
vn -0.4086 -0.5545 -0.7249
vn -0.0492 -0.0716 -0.9962
vn -0.2267 -0.2204 -0.9487
vn -0.2241 -0.2374 -0.9452
vn -0.0392 -0.0962 -0.9946
vn -0.1490 -0.2991 -0.9425
vn -0.0069 -0.2002 -0.9797
vn -0.0041 -0.1518 -0.9884
vn -0.1845 -0.2783 -0.9426
vn -0.6673 -0.7090 0.2280
vn -0.8156 -0.5560 0.1605
vn -0.5773 -0.2244 0.7851
vn -0.6751 -0.2071 0.7081
vn -0.5269 -0.4570 -0.7166
vn -0.7253 -0.5758 -0.3774
vn -0.7308 -0.6259 -0.2723
vn -0.4907 -0.4740 -0.7311
vn -0.4448 -0.5083 -0.7375
vn -0.6953 -0.6917 -0.1952
vn -0.5971 -0.7727 -0.2154
vn -0.3917 -0.5692 -0.7229
vn -0.8612 -0.4593 0.2177
vn -0.7764 -0.5042 0.3781
vn -0.6875 -0.2766 0.6715
vn -0.6294 -0.4170 0.6558
vn -0.5093 -0.2692 0.8174
vn -0.5491 -0.3765 0.7462
vn -0.4690 -0.6448 0.6035
vn -0.4852 -0.7134 0.5056
vn -0.6385 -0.5923 0.4914
vn -0.4961 -0.7436 0.4483
vn -0.5011 -0.5346 0.6806
vn -0.3169 -0.6282 0.7106
vn -0.3908 -0.9101 0.1381
vn -0.4333 -0.8945 0.1103
vn -0.2165 -0.7802 -0.5869
vn -0.3672 -0.7946 -0.4835
vn -0.5455 -0.5067 0.6676
vn -0.5401 -0.6087 0.5812
vn -0.4767 -0.7654 0.4324
vn -0.4721 -0.7957 0.3795
vn -0.4469 -0.6806 0.5806
vn -0.2899 -0.7109 0.6407
vn -0.3957 -0.8328 0.3871
vn -0.2421 -0.8714 0.4268
vn -0.0381 -0.3275 -0.9441
vn -0.1981 -0.3724 -0.9067
vn -0.0840 -0.3140 -0.9457
vn -0.3431 -0.3641 -0.8659
vn -0.4546 -0.8828 0.1186
vn -0.4464 -0.8808 0.1580
vn -0.4111 -0.8439 -0.3447
vn -0.4036 -0.8843 -0.2346
vn -0.3329 -0.9195 0.2089
vn -0.1446 -0.9611 0.2352
vn -0.2138 -0.9713 -0.1047
vn 0.0057 -0.9996 -0.0294
vn -0.4411 -0.7446 -0.5010
vn -0.6797 -0.6081 -0.4102
vn -0.5659 -0.8103 -0.1524
vn -0.7254 -0.6427 -0.2464
vn -0.2732 -0.5182 -0.8105
vn -0.4572 -0.4870 -0.7442
vn -0.3771 -0.6835 -0.6250
vn -0.2330 -0.6829 -0.6923
vn -0.0569 -0.8689 -0.4917
vn 0.0370 -0.9732 -0.2269
vn -0.2429 -0.8910 -0.3836
vn -0.2542 -0.9670 -0.0152
vn -0.6991 -0.6319 -0.3347
vn -0.5962 -0.7681 -0.2338
vn -0.7121 -0.6506 -0.2638
vn -0.6255 -0.7553 -0.1954
vn -0.4814 -0.8730 -0.0782
vn -0.4520 -0.8851 0.1112
vn -0.5440 -0.8334 -0.0973
vn -0.4961 -0.8682 0.0121
vn -0.7817 -0.4195 0.4616
vn -0.9032 -0.3215 0.2842
vn -0.5477 -0.5111 0.6625
vn -0.6833 -0.7213 0.1136
vn -0.7841 -0.6190 -0.0449
vn -0.7953 -0.5151 -0.3196
vn -0.4858 -0.8307 0.2719
vn -0.3383 -0.5594 0.7567
vn -0.3393 -0.6124 0.7141
vn -0.2416 -0.8896 0.3875
vn -0.4730 -0.8176 0.3284
vn -0.5812 -0.8008 0.1450
vn -0.4290 -0.9031 -0.0206
vn -0.2653 -0.9485 0.1732
vn -0.5147 -0.8321 -0.2067
vn -0.6540 -0.7554 -0.0419
vn -0.4354 -0.6207 0.6520
vn -0.4984 -0.5607 0.6612
vn -0.2259 -0.8328 0.5053
vn -0.1441 -0.8899 0.4329
vn -0.5609 -0.4812 0.6736
vn -0.6000 -0.6223 0.5027
vn -0.1086 -0.9559 0.2729
vn -0.0289 -0.9362 0.3504
vn -0.2532 -0.8057 0.5355
vn -0.3477 -0.8230 0.4492
vn -0.4097 -0.7653 0.4965
vn -0.3050 -0.8656 0.3970
vn -0.6926 -0.6459 0.3211
vn -0.6565 -0.5601 0.5053
vn -0.0375 -0.8940 0.4465
vn -0.1695 -0.8196 0.5472
vn -0.2591 -0.6822 0.6838
vn -0.2040 -0.7603 0.6168
vn -0.5314 -0.4790 0.6986
vn -0.3466 -0.6421 0.6837
vn -0.4386 -0.4378 0.7849
vn -0.3122 -0.5622 0.7658
vn -0.8422 -0.3158 0.4369
vn -0.9053 -0.2498 0.3434
vn -0.8525 -0.5205 0.0478
vn -0.7791 -0.6019 0.1754
vn -0.8938 -0.4481 0.0177
vn -0.9275 -0.2216 0.3009
vn -0.7608 -0.6070 -0.2296
vn -0.7066 -0.6838 -0.1822
vn -0.6873 -0.4012 0.6055
vn -0.7567 -0.3739 0.5363
vn -0.6946 -0.6379 0.3325
vn -0.6001 -0.6449 0.4732
vn -0.5906 -0.3664 0.7190
vn -0.6177 -0.4162 0.6673
vn -0.5212 -0.6363 0.5687
vn -0.4614 -0.6169 0.6376
vn -0.5845 -0.2850 0.7597
vn -0.4078 -0.5663 0.7162
vn -0.4120 -0.4880 0.7695
vn -0.6243 -0.2566 0.7379
vn -0.7410 0.1012 0.6638
vn -0.7755 0.0777 0.6266
vn -0.7020 0.1053 0.7044
vn -0.4668 0.3615 0.8071
vn -0.4717 0.3370 0.8148
vn -0.4961 0.3116 0.8104
vn -0.6828 0.0825 0.7260
vn -0.6992 0.0651 0.7119
vn -0.5474 0.4136 0.7275
vn -0.5008 0.3797 0.7778
vn -0.6786 0.0644 0.7317
vn -0.6830 0.1148 0.7213
vn -0.6475 0.4609 0.6069
vn -0.5946 0.4309 0.6788
vn -0.7361 0.1579 0.6582
vn -0.7389 0.4666 0.4861
vn -0.8624 0.1147 0.4930
vn -0.8743 0.4171 0.2483
vn -0.9567 -0.0002 0.2910
vn -0.9304 0.3608 -0.0648
vn -0.6826 -0.3196 0.6572
vn -0.7485 -0.3925 0.5346
vn -0.9966 -0.0826 -0.0050
vn -0.8605 0.2965 -0.4143
vn -0.9052 -0.1613 -0.3933
vn -0.6778 0.1040 -0.7278
vn -0.8617 -0.4202 0.2845
vn -0.8729 -0.4875 -0.0168
vn -0.6874 -0.3598 -0.6308
vn -0.4519 -0.1996 -0.8694
vn -0.5102 -0.5335 -0.6746
vn -0.2831 -0.4465 -0.8488
vn -0.8290 -0.5459 -0.1211
vn -0.8457 -0.5158 -0.1370
vn -0.4405 -0.6257 -0.6438
vn -0.1864 -0.5819 -0.7916
vn -0.3743 -0.6743 -0.6365
vn -0.1269 -0.6721 -0.7295
vn -0.8328 -0.5076 -0.2208
vn -0.7610 -0.5756 -0.2991
vn -0.3383 -0.7453 -0.5745
vn -0.1141 -0.7789 -0.6166
vn -0.3781 -0.8421 -0.3845
vn -0.5694 -0.8170 0.0909
vn -0.3837 -0.9102 0.1559
vn -0.1781 -0.9279 -0.3276
vn -0.6811 -0.6589 -0.3192
vn -0.7462 -0.6640 -0.0485
vn -0.6738 -0.5615 0.4804
vn -0.6390 -0.2308 0.7337
vn -0.8360 -0.4195 0.3538
vn -0.7704 -0.1669 0.6153
vn -0.4871 -0.2923 0.8230
vn -0.5038 -0.6483 0.5709
vn -0.7182 0.1063 0.6877
vn -0.5602 0.1129 0.8206
vn -0.7708 0.2099 0.6015
vn -0.5380 0.2777 0.7959
vn -0.4124 0.0700 0.9083
vn -0.3439 0.2947 0.8916
vn -0.6104 0.2514 0.7511
vn -0.3484 0.3599 0.8655
vn -0.8673 0.0775 0.4917
vn -0.9085 -0.0919 0.4077
vn -0.7099 0.1562 0.6867
vn -0.4414 0.3494 0.8265
vn -0.5043 0.3216 0.8014
vn -0.7771 0.0978 0.6217
vn -0.9327 -0.1723 0.3170
vn -0.5792 0.2980 -0.7588
vn -0.5939 0.4490 -0.6676
vn -0.6653 0.6778 -0.3130
vn -0.7375 0.5246 -0.4253
vn -0.3724 -0.1110 -0.9214
vn -0.4186 -0.0554 -0.9065
vn -0.2282 -0.4146 -0.8809
vn -0.1499 -0.5616 -0.8137
vn -0.1334 -0.5566 -0.8200
vn -0.2258 -0.3918 -0.8919
vn -0.1057 -0.6709 -0.7339
vn -0.1010 -0.6707 -0.7349
vn -0.0694 -0.7991 -0.5971
vn -0.0818 -0.8299 -0.5519
vn -0.1328 -0.9503 -0.2816
vn -0.2380 -0.9452 0.2237
vn -0.1961 -0.9358 0.2929
vn -0.1554 -0.9683 -0.1958
vn -0.3245 -0.7085 0.6266
vn -0.3448 -0.3536 0.8695
vn -0.2298 -0.3386 0.9124
vn -0.2157 -0.6955 0.6853
vn -0.2937 0.0329 0.9553
vn -0.2341 0.2903 0.9279
vn -0.1736 0.3009 0.9377
vn -0.2025 0.0455 0.9782
vn -0.1648 0.4736 0.8652
vn -0.1616 0.4664 0.8697
vn -0.2718 0.4344 0.8587
vn -0.2630 0.4329 0.8622
vn -0.1667 0.4713 0.8661
vn -0.2582 0.4423 0.8589
vn -0.2237 0.4110 0.8838
vn -0.1640 0.4408 0.8825
vn -0.3845 -0.3684 -0.8464
vn -0.6508 -0.0084 -0.7592
vn -0.2056 -0.5637 -0.8000
vn -0.6891 -0.3405 -0.6397
vn -0.5428 -0.5832 -0.6044
vn -0.9012 0.0309 -0.4323
vn -0.1615 -0.6988 -0.6968
vn -0.4621 -0.7491 -0.4746
vn -0.2019 -0.8901 -0.4087
vn -0.4822 -0.8683 -0.1164
vn -0.2525 -0.9675 -0.0170
vn -0.2496 -0.8703 0.4246
vn -0.4026 -0.7091 0.5789
vn -0.4437 -0.8737 0.1993
vn -0.2442 -0.0613 0.9678
vn -0.3091 -0.4300 0.8483
vn -0.2142 -0.5936 0.7757
vn -0.1958 -0.2258 0.9543
vn -0.1577 0.1262 0.9794
vn -0.1433 0.3486 0.9262
vn -0.1648 0.3911 0.9055
vn -0.1851 0.2214 0.9575
vn -0.1394 0.4590 0.8774
vn -0.1541 0.4598 0.8745
vn -0.1352 0.4766 0.8687
vn -0.1519 0.4650 0.8722
vn -0.2980 0.4829 0.8234
vn -0.3693 0.5050 0.7801
vn -0.4334 0.5217 0.7348
vn -0.3874 0.5724 0.7227
vn -0.3203 0.5576 0.7658
vn -0.2416 0.5167 0.8214
vn -0.7280 0.0484 0.6838
vn -0.2988 0.3800 0.8754
vn -0.2295 0.4242 0.8760
vn -0.2969 0.4095 0.8626
vn -0.7889 -0.5475 0.2792
vn -0.6683 -0.6094 0.4266
vn -0.6299 -0.3739 0.6807
vn -0.5023 0.5579 0.6606
vn -0.4423 0.5899 0.6756
vn -0.5816 0.5831 0.5672
vn -0.4996 0.6383 0.5856
vn -0.9806 -0.0163 0.1955
vn -0.9348 -0.3163 -0.1618
vn -0.9162 -0.4004 -0.0181
vn -0.7886 -0.6081 -0.0914
vn -0.4742 -0.2441 0.8459
vn -0.4068 0.0850 0.9096
vn -0.2815 0.2579 0.9243
vn -0.1347 0.4744 0.8699
vn -0.1470 0.4720 0.8693
vn -0.1472 0.4880 0.8603
vn -0.1663 0.4932 0.8539
vn -0.2320 0.4409 0.8670
vn -0.2629 0.4260 0.8657
vn -0.8814 0.4719 -0.0200
vn -0.8681 0.2742 0.4137
vn -0.5599 0.4659 0.6852
vn -0.5450 0.6939 0.4706
vn -0.2660 0.4475 0.8538
vn -0.1912 0.4805 0.8559
vn -0.2583 0.5408 0.8005
vn -0.3607 0.5992 0.7148
vn -0.3957 0.6343 0.6642
vn -0.3061 0.6018 0.7376
vn -0.2171 0.5564 0.8020
vn -0.1933 0.5153 0.8349
vn -0.6889 0.5913 0.4192
vn -0.5804 0.7025 0.4118
vn -0.7646 0.6172 0.1857
vn -0.6098 0.7326 0.3023
vn -0.6695 0.7428 -0.0118
vn -0.7923 0.5905 -0.1537
vn -0.4390 0.7071 0.5544
vn -0.3437 0.6568 0.6712
vn -0.4768 0.7767 0.4116
vn -0.6494 0.7603 -0.0152
vn -0.5479 0.8222 0.1544
vn -0.7429 0.5012 -0.4437
vn -0.2698 0.5598 0.7835
vn -0.5482 -0.7505 -0.3691
vn -0.5479 -0.6737 -0.4959
vn -0.9246 -0.3740 0.0722
vn -0.9451 -0.2760 0.1747
vn -0.8001 -0.5642 -0.2038
vn -0.8659 -0.4626 -0.1903
vn -0.9705 -0.0738 0.2296
vn -0.9592 -0.2255 -0.1705
vn -0.9322 0.1146 0.3433
vn -0.9993 0.0256 -0.0254
vn -0.8764 0.0909 0.4729
vn -0.9791 0.1115 0.1703
vn -0.8902 -0.0964 0.4453
vn -0.9737 0.0758 0.2149
vn -0.9189 -0.3197 0.2310
vn -0.9910 -0.1181 0.0625
vn -0.8745 -0.4757 -0.0951
vn -0.9512 -0.3030 -0.0580
vn -0.9915 0.1204 -0.0498
vn -0.9763 0.0030 -0.2162
vn -0.9662 0.1995 0.1633
vn -0.9321 -0.3448 0.1107
vn -0.8952 -0.4380 -0.0825
vn -0.9360 -0.3435 0.0773
vn -0.9145 -0.2291 0.3334
vn -0.9445 -0.2554 0.2068
vn -0.8740 -0.0868 0.4780
vn -0.9025 -0.3045 0.3047
vn -0.7910 -0.1266 0.5986
vn -0.8287 -0.4227 0.3669
vn -0.6529 -0.2989 0.6959
vn -0.7297 -0.4879 0.4791
vn -0.4478 -0.4234 0.7875
vn -0.4553 -0.4628 0.7606
vn -0.3133 -0.5730 0.7573
vn -0.2816 -0.5118 0.8117
vn -0.4986 -0.4947 0.7118
vn -0.2095 -0.6718 0.7105
vn -0.2088 -0.5631 0.7996
vn -0.5971 -0.4986 0.6284
vn -0.3454 -0.4592 0.8184
vn -0.2604 -0.3602 0.8958
vn -0.2019 -0.4225 0.8836
vn -0.0621 -0.2412 0.9685
vn -0.0365 -0.2908 0.9561
vn -0.0329 -0.3305 0.9432
vn -0.1384 -0.4266 0.8938
vn -0.1233 -0.4106 0.9034
vn -0.0468 -0.3389 0.9397
vn -0.0101 -0.2275 0.9737
vn 0.0419 -0.2798 0.9591
vn -0.1074 -0.3346 0.9362
vn 0.0056 -0.3164 0.9486
vn 0.0129 -0.2818 0.9594
vn -0.0363 -0.2816 0.9588
vn -0.0188 -0.2623 0.9648
vn -0.0445 -0.2201 0.9745
vn -0.1330 -0.3520 0.9265
vn -0.1536 -0.2817 0.9471
vn -0.3828 -0.1593 0.9100
vn -0.2741 -0.3052 0.9120
vn -0.7150 -0.2505 0.6528
vn -0.6375 -0.0150 0.7703
vn -0.7927 -0.0573 0.6069
vn -0.8384 -0.2602 0.4789
vn -0.8756 -0.2072 0.4363
vn -0.8680 -0.1982 0.4552
vn -0.9025 -0.1934 0.3848
vn -0.9570 -0.0600 0.2837
vn -0.8400 0.0337 0.5416
vn -0.9972 0.0602 0.0451
vn -0.8533 -0.1051 0.5107
vn -0.7930 0.1495 0.5906
vn -0.7302 0.2105 0.6500
vn -0.7887 0.0289 0.6141
vn -0.8432 -0.3126 0.4374
vn -0.7787 -0.0900 0.6209
vn -0.7410 -0.4590 0.4901
vn -0.7303 -0.3400 0.5925
vn -0.6883 0.1676 0.7058
vn -0.6748 0.0978 0.7315
vn -0.1423 -0.5743 0.8062
vn -0.1100 -0.8948 0.4327
vn -0.4576 -0.8141 0.3575
vn -0.4034 -0.6875 0.6038
vn -0.6668 0.0772 0.7412
vn -0.6712 -0.4030 0.6222
vn -0.5914 -0.5083 0.6260
vn -0.7085 0.0514 0.7038
vn -0.7610 0.0952 0.6417
vn -0.7632 0.0001 0.6461
vn -0.4759 -0.5197 0.7096
vn -0.7244 0.1947 0.6613
vn -0.0354 -0.9825 0.1827
vn 0.1164 -0.9227 0.3675
vn 0.5127 -0.8580 -0.0317
vn 0.3100 -0.9395 0.1459
vn -0.2875 -0.9268 0.2415
vn 0.0304 -0.9743 0.2231
vn 0.7300 -0.6790 -0.0779
vn 0.6444 -0.7587 -0.0956
vn 0.5209 -0.8173 0.2464
vn 0.8180 -0.5693 -0.0822
vn 0.1077 -0.5364 0.8371
vn 0.0159 -0.7159 0.6980
vn -0.4616 -0.4528 0.7628
vn -0.4203 -0.1993 0.8852
vn 0.5438 -0.6825 0.4884
vn 0.0655 -0.6441 0.7621
vn 0.1354 -0.4819 0.8657
vn 0.6023 -0.5281 0.5986
vn -0.5437 -0.4816 0.6874
vn 0.0427 -0.4508 0.8916
vn -0.3415 -0.2977 0.8915
vn -0.6818 -0.3836 0.6229
vn -0.6198 -0.2411 0.7468
vn -0.6921 -0.4026 0.5990
vn 0.1229 -0.7047 0.6988
vn 0.1976 -0.8707 0.4503
vn -0.5094 -0.6042 0.6127
vn -0.3462 -0.8322 0.4331
vn 0.0674 -0.8022 0.5932
vn -0.2202 -0.8959 0.3857
vn -0.7280 -0.3839 0.5679
vn -0.7175 -0.4130 0.5608
vn -0.7191 -0.3853 0.5783
vn -0.6982 -0.4414 0.5636
vn -0.6611 -0.6805 0.3160
vn -0.5860 -0.7808 0.2165
vn -0.4429 -0.8652 0.2351
vn -0.5388 -0.7733 0.3342
vn -0.7040 -0.4194 0.5732
vn -0.6651 -0.2485 0.7042
vn -0.6933 -0.2590 0.6725
vn -0.7160 -0.4224 0.5558
vn -0.7185 -0.3854 0.5790
vn -0.7168 -0.4254 0.5524
vn -0.6994 -0.4521 0.5535
vn -0.7145 -0.3886 0.5818
vn -0.7120 -0.4218 0.5614
vn -0.7178 -0.4161 0.5583
vn -0.6677 -0.4657 0.5808
vn -0.7074 -0.4316 0.5597
vn -0.6869 -0.2658 0.6763
vn -0.6367 -0.2754 0.7203
vn -0.7278 -0.5849 0.3581
vn -0.5928 -0.5727 0.5662
vn -0.6906 -0.6527 0.3115
vn -0.7349 -0.5963 0.3230
vn -0.5545 -0.2674 0.7881
vn -0.5910 -0.4913 0.6398
vn -0.0754 -0.4172 0.9057
vn -0.1147 -0.6748 0.7291
vn -0.1213 -0.4447 0.8874
vn -0.3597 -0.6169 0.7001
vn -0.6869 -0.4661 0.5576
vn -0.7250 -0.4756 0.4982
vn -0.7263 -0.4160 0.5472
vn -0.7158 -0.4011 0.5716
vn -0.5678 -0.6307 0.5290
vn -0.3313 -0.5063 0.7962
vn -0.6643 -0.5596 0.4956
vn -0.5925 -0.5935 0.5447
vn -0.1035 -0.7833 0.6130
vn -0.4366 -0.5851 0.6835
vn -0.6718 -0.4773 0.5665
vn -0.5756 -0.5439 0.6106
vn -0.7108 -0.4285 0.5578
vn -0.9725 -0.2255 -0.0589
vn -0.8255 -0.1856 -0.5330
vn -0.9070 -0.3311 -0.2602
vn -0.8010 -0.3360 -0.4955
vn -0.5532 -0.2049 -0.8075
vn -0.3777 -0.1983 -0.9044
vn -0.5355 -0.2946 -0.7915
vn -0.3730 -0.2111 -0.9035
vn -0.4832 -0.6322 -0.6057
vn -0.4160 -0.6808 -0.6029
vn -0.5486 -0.5917 -0.5908
vn -0.4166 -0.6182 -0.6666
vn -0.7567 -0.3625 -0.5441
vn -0.5113 -0.4381 -0.7394
vn -0.9100 -0.0750 -0.4078
vn -0.6620 -0.1763 -0.7285
vn -0.9673 0.2187 -0.1284
vn -0.9660 0.1404 -0.2171
vn -0.7879 0.1474 -0.5979
vn -0.9606 0.2774 -0.0180
vn -0.7001 -0.5386 -0.4687
vn -0.6028 -0.4477 -0.6605
vn -0.4182 -0.5557 -0.7186
vn -0.3105 -0.4272 -0.8492
vn -0.3531 -0.3271 -0.8765
vn -0.2299 -0.2168 -0.9488
vn -0.1587 -0.2728 -0.9489
vn -0.1113 -0.1724 -0.9787
vn -0.2682 -0.4165 -0.8687
vn -0.1091 -0.3206 -0.9409
vn -0.2428 -0.2716 -0.9313
vn 0.0014 -0.2664 -0.9639
vn 0.0230 -0.1448 -0.9892
vn -0.3627 -0.0007 -0.9319
vn -0.2338 -0.1451 -0.9614
vn -0.1477 -0.1057 -0.9834
vn -0.1749 -0.0864 -0.9808
vn -0.2450 -0.1129 -0.9629
vn -0.2086 -0.0844 -0.9744
vn -0.1392 -0.1092 -0.9842
vn -0.0798 -0.1078 -0.9910
vn -0.1685 -0.0296 -0.9853
vn -0.0969 0.0386 -0.9945
vn 0.0225 0.0607 -0.9979
vn 0.0327 -0.0930 -0.9951
vn 0.1196 -0.0589 -0.9911
vn 0.2704 0.0030 -0.9627
vn 0.2876 0.0110 -0.9577
vn 0.2403 0.0167 -0.9706
vn 0.3153 -0.0592 -0.9471
vn 0.3283 -0.0478 -0.9434
vn 0.2912 0.0051 -0.9567
vn 0.2854 0.0369 -0.9577
vn 0.1965 0.1158 -0.9736
vn 0.1504 0.1070 -0.9828
vn -0.0435 0.2488 -0.9676
vn -0.3087 0.3361 -0.8898
vn -0.1375 0.2301 -0.9634
vn 0.1034 0.0365 -0.9940
vn -0.2997 0.3658 -0.8811
vn -0.0830 0.2760 -0.9576
vn 0.0383 0.2288 -0.9727
vn -0.2054 0.3525 -0.9130
vn -0.4105 0.3721 -0.8325
vn -0.4360 0.3597 -0.8249
vn -0.1387 0.2030 -0.9693
vn -0.3298 0.3187 -0.8886
vn -0.3801 0.2762 -0.8827
vn -0.2346 0.1544 -0.9597
vn -0.4466 0.3422 -0.8267
vn -0.4744 0.3249 -0.8182
vn -0.4909 0.2202 -0.8429
vn -0.5134 0.3153 -0.7981
vn -0.7336 0.5047 -0.4551
vn -0.8499 0.3092 -0.4267
vn 0.1029 0.0587 -0.9930
vn 0.1467 0.0633 -0.9872
vn 0.1630 -0.0280 -0.9862
vn 0.2135 -0.0255 -0.9766
vn 0.1899 0.0524 -0.9804
vn 0.2710 -0.0425 -0.9616
vn 0.2554 -0.1030 -0.9613
vn 0.3070 -0.1629 -0.9377
vn 0.0967 -0.1891 -0.9772
vn 0.1626 -0.1618 -0.9733
vn -0.0434 -0.1580 -0.9865
vn 0.1820 -0.1283 -0.9749
vn 0.2320 -0.1388 -0.9628
vn 0.2887 -0.1637 -0.9433
vn -0.1196 -0.0691 -0.9904
vn -0.1770 -0.0404 -0.9834
vn -0.0546 -0.1459 -0.9878
vn -0.0108 -0.1280 -0.9917
vn -0.0939 -0.0356 -0.9949
vn -0.0392 -0.2224 -0.9742
vn 0.0264 -0.2068 -0.9780
vn 0.0759 -0.1623 -0.9838
vn 0.0291 -0.1238 -0.9919
vn -0.0181 -0.0683 -0.9975
vn -0.1439 -0.0961 -0.9849
vn 0.2497 0.1735 0.9527
vn -0.0652 0.0276 0.9975
vn -0.1067 0.1191 0.9871
vn 0.1636 0.2741 0.9477
vn -0.1727 0.1244 0.9771
vn 0.1740 0.2791 0.9444
vn -0.1654 0.0630 0.9842
vn -0.1295 0.0243 0.9913
vn 0.2066 0.2081 0.9560
vn 0.1997 0.2326 0.9518
vn -0.0709 0.0169 0.9973
vn -0.0427 0.0271 0.9987
vn 0.1815 0.2042 0.9620
vn 0.2028 0.2084 0.9568
vn -0.0800 0.0886 0.9929
vn -0.0784 0.1772 0.9810
vn 0.1246 0.2798 0.9519
vn 0.0478 0.3533 0.9343
vn -0.0890 0.0060 0.9960
vn 0.3157 0.0013 0.9489
vn 0.7401 0.2982 0.6028
vn 0.6350 0.1691 0.7538
vn 0.5562 0.3694 0.7444
vn 0.7119 0.4637 0.5275
vn 0.5219 0.4154 0.7451
vn 0.7166 0.4630 0.5217
vn 0.5606 0.4056 0.7219
vn 0.6640 0.4751 0.5773
vn 0.5420 0.4366 0.7180
vn 0.6114 0.4497 0.6511
vn 0.5469 0.3811 0.7454
vn 0.5089 0.3738 0.7754
vn 0.3567 0.4649 0.8103
vn 0.4515 0.4269 0.7835
vn 0.4496 0.3969 0.8002
vn 0.3786 0.4146 0.8275
vn 0.2027 0.4544 0.8674
vn 0.2595 0.4392 0.8601
vn 0.0513 0.4572 0.8879
vn -0.0273 0.4461 0.8946
vn 0.5808 0.3908 0.7142
vn 0.3940 0.4236 0.8157
vn 0.0404 0.2772 0.9600
vn 0.0283 0.2636 0.9642
vn 0.3871 0.4190 0.8214
vn 0.3428 0.4172 0.8417
vn -0.1214 0.1725 0.9775
vn -0.1239 0.1733 0.9770
vn -0.0458 0.2691 0.9620
vn 0.0343 0.2839 0.9582
vn 0.2814 0.3982 0.8731
vn 0.1741 0.3832 0.9071
vn -0.1406 0.1619 0.9767
vn -0.2038 0.1715 0.9639
vn 0.0253 0.3595 0.9328
vn -0.1540 0.2393 0.9587
vn -0.1303 0.3177 0.9392
vn -0.2122 0.2000 0.9565
vn -0.2656 0.1613 0.9505
vn -0.2259 0.1374 0.9644
vn -0.0989 0.1312 0.9864
vn -0.1241 0.1878 0.9743
vn -0.0689 0.2058 0.9762
vn -0.0374 0.1656 0.9855
vn -0.1179 0.2732 0.9547
vn -0.0490 0.2618 0.9639
vn -0.0740 0.3559 0.9316
vn -0.0223 0.3069 0.9515
vn -0.0096 0.2125 0.9771
vn -0.0035 0.2541 0.9672
vn -0.0386 0.3682 0.9289
vn -0.0006 0.3341 0.9425
vn -0.0205 0.3512 0.9361
vn -0.0470 0.3984 0.9160
vn -0.0711 0.2333 0.9698
vn -0.1514 0.2879 0.9456
vn -0.0313 0.3073 0.9511
vn -0.1119 0.4000 0.9097
vn -0.2979 0.3546 0.8863
vn -0.4581 0.3332 0.8241
vn -0.2826 0.5131 0.8105
vn -0.1728 0.4921 0.8532
vn -0.2372 0.4953 0.8357
vn -0.3341 0.5414 0.7715
vn -0.5419 0.2786 0.7929
vn -0.6935 0.2450 0.6776
vn -0.4855 0.5690 0.6637
vn -0.3405 0.5176 0.7849
vn -0.9247 0.3150 0.2138
vn -0.7426 0.6421 0.1903
vn -0.3984 0.5407 0.7409
vn -0.5534 0.5962 0.5816
vn -0.6934 0.4776 -0.5395
vn -0.5451 0.3424 -0.7653
vn -0.7634 0.6445 0.0438
vn -0.4447 -0.8856 0.1339
vn 0.0694 -0.7834 0.6177
vn 0.0321 -0.9943 0.1019
vn -0.2562 -0.9567 -0.1381
vn 0.2269 -0.9550 0.1912
vn -0.2534 -0.9605 -0.1151
vn -0.6045 -0.7771 -0.1753
vn -0.7331 -0.6590 -0.1681
vn -0.6711 -0.7379 -0.0712
vn -0.7337 -0.6789 -0.0280
vn -0.7138 -0.6785 -0.1735
vn -0.6483 -0.7473 -0.1460
vn -0.6982 -0.7150 -0.0369
vn -0.6703 -0.7416 -0.0272
vn -0.6049 -0.7929 -0.0740
vn -0.5539 -0.8326 0.0014
vn -0.6352 -0.7723 -0.0035
vn -0.5778 -0.8153 0.0365
vn 0.8252 0.2873 0.4862
vn 0.6235 0.0514 0.7802
vn 0.2654 -0.0598 0.9623
vn 0.6491 0.1235 0.7506
vn 0.8572 0.1965 0.4761
vn 0.9604 0.2709 0.0652
vn 0.8762 0.4123 0.2494
vn 0.8987 0.4382 -0.0188
vn 0.4725 -0.8083 0.3513
vn -0.1936 -0.9743 -0.1151
vn 0.7660 -0.4918 0.4140
vn -0.0416 -0.9622 -0.2692
vn -0.7040 -0.7102 0.0020
vn -0.7592 -0.6464 -0.0759
vn -0.7434 -0.6689 0.0003
vn -0.7209 -0.6889 0.0756
vn -0.6819 -0.7299 0.0481
vn -0.6883 -0.7253 -0.0092
vn -0.6652 -0.7453 0.0458
vn -0.6758 -0.7370 -0.0110
vn -0.6382 -0.7680 0.0528
vn -0.5926 -0.8044 0.0412
vn -0.6243 -0.7787 -0.0625
vn -0.5740 -0.8145 -0.0841
vn -0.5902 -0.7221 -0.3609
vn -0.6002 -0.7171 -0.3542
vn -0.5392 -0.6202 -0.5698
vn -0.6236 -0.5864 -0.5170
vn -0.6768 -0.6864 -0.2662
vn -0.5965 -0.6193 -0.5105
vn -0.7026 -0.6789 -0.2132
vn -0.6666 -0.6158 -0.4200
vn -0.7691 -0.6069 -0.2006
vn -0.7566 -0.5376 -0.3722
vn 0.4279 -0.0546 -0.9022
vn 0.7149 0.2558 -0.6508
vn 0.4086 -0.0617 -0.9106
vn 0.7495 0.2243 -0.6228
vn 0.8736 0.3403 -0.3478
vn 0.8673 0.4019 -0.2939
vn 0.3021 -0.2253 -0.9263
vn 0.6488 0.0024 -0.7609
vn 0.9197 0.3695 -0.1331
vn 0.9956 0.0858 -0.0387
vn 0.8619 0.0814 -0.5006
vn 0.2457 -0.5861 -0.7721
vn 0.9541 -0.1837 0.2367
vn 0.0911 -0.8740 -0.4774
vn -0.7786 -0.5914 -0.2098
vn -0.7309 -0.5603 -0.3896
vn 0.7311 -0.0598 -0.6796
vn 0.5365 -0.3194 -0.7811
vn 0.6661 -0.1849 -0.7226
vn 0.6682 -0.1566 -0.7274
vn 0.6961 -0.7123 0.0901
vn 0.4708 -0.5205 0.7124
vn 0.7731 -0.2568 0.5799
vn 0.9784 -0.2032 -0.0369
vn 0.6747 -0.4636 -0.5744
vn 0.8298 -0.1499 -0.5376
vn 0.9761 0.1058 0.1897
vn 0.9534 0.2679 -0.1389
vn 0.8461 0.4572 -0.2741
vn 0.7561 0.5161 -0.4024
vn 0.5261 0.5904 -0.6120
vn 0.4830 0.6136 -0.6247
vn 0.0174 0.4589 -0.8883
vn 0.0703 0.5010 -0.8626
vn -0.3405 0.2050 -0.9176
vn -0.2800 0.2889 -0.9155
vn -0.2386 0.2253 -0.9446
vn -0.2200 0.1642 -0.9616
vn -0.0585 0.3557 -0.9328
vn -0.0975 0.2552 -0.9620
vn -0.0748 0.1558 -0.9850
vn -0.0804 0.1857 -0.9793
vn -0.2046 0.0990 -0.9738
vn -0.2482 0.0468 -0.9676
vn -0.3077 -0.0150 -0.9514
vn -0.3606 -0.1169 -0.9254
vn -0.0624 0.0175 -0.9979
vn -0.0745 0.1057 -0.9916
vn -0.3743 -0.2292 -0.8985
vn -0.0582 -0.0884 -0.9944
vn -0.3232 -0.3487 -0.8797
vn -0.0643 -0.1812 -0.9813
vn -0.2536 -0.4130 -0.8747
vn -0.0623 -0.2105 -0.9756
vn -0.1830 -0.3766 -0.9081
vn -0.0624 -0.1621 -0.9848
vn -0.0880 -0.2490 -0.9645
vn -0.0647 -0.0382 -0.9972
vn 0.0871 -0.0974 -0.9914
vn 0.0365 0.1081 -0.9935
vn -0.4852 -0.5453 -0.6836
vn -0.3696 -0.5251 -0.7666
vn 0.1621 -0.3983 -0.9028
vn 0.2618 -0.3540 -0.8979
vn -0.8015 -0.4432 -0.4014
vn -0.7568 -0.4768 -0.4472
vn -0.7284 -0.4432 -0.5225
vn -0.7782 -0.4348 -0.4531
vn -0.6429 -0.6750 -0.3621
vn -0.5591 -0.6708 -0.4873
vn -0.6423 -0.6075 -0.4673
vn -0.7261 -0.5544 -0.4067
vn -0.6661 -0.6282 -0.4021
vn -0.5812 -0.6719 -0.4592
vn -0.6151 -0.7298 -0.2984
vn -0.6421 -0.7163 -0.2732
vn 0.8464 0.0477 -0.5304
vn 0.3862 -0.3577 -0.8502
vn 0.0322 -0.5793 -0.8145
vn 0.6691 -0.2140 -0.7117
vn 0.8253 0.3125 -0.4704
vn 0.5350 -0.1817 -0.8251
vn 0.6905 0.4575 -0.5603
vn 0.5143 -0.0185 -0.8574
vn 0.5069 0.5261 -0.6828
vn 0.3508 0.1087 -0.9301
vn 0.3272 0.5341 -0.7795
vn 0.1923 0.2037 -0.9600
vn 0.2215 0.4778 -0.8501
vn 0.1278 0.2410 -0.9621
vn 0.1561 0.4142 -0.8967
vn 0.0877 0.2663 -0.9599
vn 0.1274 0.3839 -0.9145
vn 0.0826 0.2411 -0.9670
vn 0.1236 0.3064 -0.9439
vn 0.1401 0.1218 -0.9826
vn 0.1310 -0.1098 -0.9853
vn 0.1482 0.0098 -0.9889
vn 0.1052 0.2058 -0.9729
vn 0.1244 0.0806 -0.9890
vn 0.0986 -0.2184 -0.9709
vn 0.1022 -0.2000 -0.9745
vn 0.1509 -0.0441 -0.9876
vn 0.1426 -0.1265 -0.9817
vn 0.0147 -0.1304 -0.9914
vn 0.0716 -0.1798 -0.9811
vn 0.0788 -0.1366 -0.9875
vn 0.0251 -0.1036 -0.9943
vn -0.1627 0.0362 -0.9860
vn -0.0435 -0.0620 -0.9971
vn -0.0904 -0.0245 -0.9956
vn -0.1975 0.1013 -0.9751
vn -0.2178 0.0859 -0.9722
vn -0.0749 -0.0581 -0.9955
vn -0.0092 -0.1517 -0.9884
vn -0.1751 -0.4626 -0.8691
vn -0.0813 -0.3775 -0.9224
vn -0.1099 -0.3923 -0.9133
vn -0.1130 -0.3569 -0.9273
vn -0.0710 -0.2887 -0.9548
vn 0.0124 -0.2226 -0.9748
vn -0.1966 -0.3262 -0.9246
vn -0.1439 -0.2192 -0.9650
vn -0.0880 -0.3208 -0.9430
vn -0.1570 -0.4189 -0.8944
vn -0.0187 -0.3167 -0.9483
vn -0.0327 -0.2453 -0.9689
vn -0.2834 -0.1348 -0.9495
vn -0.2436 -0.0664 -0.9676
vn -0.2228 -0.1010 -0.9696
vn -0.2665 -0.2045 -0.9419
vn -0.1893 -0.0300 -0.9815
vn -0.1191 -0.1107 -0.9867
vn -0.2342 -0.2287 -0.9449
vn -0.1543 -0.2463 -0.9568
vn -0.2090 -0.1346 -0.9686
vn -0.2634 -0.1587 -0.9515
vn -0.2302 -0.0388 -0.9724
vn -0.2351 -0.1114 -0.9656
vn -0.0381 -0.4239 -0.9049
vn -0.1806 -0.3661 -0.9129
vn -0.1667 -0.5853 -0.7935
vn 0.1059 -0.6018 -0.7916
vn -0.2319 -0.2135 -0.9490
vn -0.2834 -0.3214 -0.9036
vn -0.3889 -0.7403 -0.5484
vn -0.1865 -0.7884 -0.5863
vn -0.0199 -0.7066 -0.7073
vn -0.2942 -0.6795 -0.6721
vn -0.3542 -0.4134 -0.8388
vn -0.4251 -0.4696 -0.7738
vn -0.6333 -0.6683 -0.3903
vn -0.6483 -0.6334 -0.4226
vn -0.4115 -0.7707 -0.4866
vn -0.4931 -0.7550 -0.4323
vn -0.4712 -0.5353 -0.7010
vn -0.5515 -0.4951 -0.6714
vn -0.8010 -0.4773 -0.3615
vn -0.7526 -0.5120 -0.4140
vn -0.7582 -0.4041 -0.5117
vn -0.8138 -0.4369 -0.3831
vn -0.6266 -0.3426 -0.7000
vn -0.6228 -0.2020 -0.7559
vn -0.7734 -0.4604 -0.4358
vn -0.7138 -0.3621 -0.5995
vn -0.7024 -0.3064 -0.6425
vn -0.7467 -0.5039 -0.4343
vn -0.5766 -0.1531 -0.8025
vn -0.5609 -0.0891 -0.8231
vn -0.6919 -0.5793 -0.4310
vn -0.6404 -0.3267 -0.6951
vn -0.5784 -0.4007 -0.7106
vn -0.6390 -0.6371 -0.4310
vn -0.5276 -0.0547 -0.8477
vn -0.4802 -0.1211 -0.8688
vn 0.2428 -0.6180 0.7477
vn -0.0366 -0.8538 0.5193
vn -0.1947 -0.8535 0.4833
vn 0.0938 -0.6718 0.7347
vn 0.3267 -0.6041 0.7268
vn 0.1923 -0.6968 0.6910
vn -0.1009 -0.8298 0.5489
vn 0.0093 -0.7734 0.6339
vn 0.0584 -0.7546 0.6536
vn -0.1734 -0.8567 0.4857
vn 0.0044 -0.7311 0.6823
vn 0.1213 -0.7279 0.6748
vn 0.2780 -0.5736 0.7705
vn 0.2078 -0.5904 0.7799
vn 0.5114 -0.5862 0.6284
vn 0.4490 -0.6828 0.5763
vn 0.4694 -0.6492 0.5985
vn 0.2588 -0.5789 0.7732
vn 0.2498 -0.5507 0.7965
vn 0.0704 -0.7346 0.6749
vn -0.2088 -0.8685 0.4495
vn -0.2762 -0.8955 0.3491
vn -0.3304 -0.8783 0.3457
vn -0.2949 -0.8775 0.3783
vn -0.1282 -0.9163 0.3793
vn -0.2968 -0.8620 0.4110
vn -0.2918 -0.8749 0.3864
vn -0.2685 -0.8553 0.4432
vn -0.3121 -0.8531 0.4181
vn -0.2352 -0.8320 0.5024
vn -0.3323 -0.8266 0.4542
vn 0.0893 -0.8810 0.4647
vn -0.1471 -0.8568 0.4942
vn -0.2137 -0.8344 0.5081
vn 0.2569 -0.5200 0.8146
vn 0.1592 -0.6142 0.7729
vn 0.1159 -0.5403 0.8334
vn 0.1900 -0.5040 0.8426
vn -0.1295 -0.6973 0.7050
vn -0.0817 -0.7759 0.6255
vn -0.3074 -0.7944 0.5238
vn -0.2650 -0.8454 0.4638
vn -0.2791 -0.9120 0.3007
vn -0.4462 -0.8823 0.1499
vn -0.4372 -0.8941 0.0967
vn -0.2099 -0.9482 0.2386
vn -0.4917 -0.8642 0.1066
vn -0.3349 -0.9027 0.2700
vn 0.7996 -0.4338 0.4153
vn 0.7530 -0.6087 0.2501
vn 0.7927 -0.3310 0.5119
vn 0.9500 -0.1983 0.2412
vn 0.8778 -0.0203 0.4786
vn 0.8764 -0.4732 -0.0889
vn -0.4789 -0.8128 -0.3316
vn -0.4414 -0.8667 0.2326
vn -0.2246 -0.9743 0.0146
vn -0.2196 -0.8489 -0.4807
vn -0.2912 -0.7060 0.6456
vn -0.1110 -0.8893 0.4436
vn -0.3235 -0.5750 -0.7515
vn -0.1031 -0.3018 -0.9478
vn -0.2084 -0.5550 -0.8053
vn -0.0189 -0.3450 -0.9384
vn -0.0079 -0.2622 -0.9650
vn 0.0458 -0.3170 -0.9473
vn 0.1649 -0.3399 -0.9259
vn 0.0469 -0.5403 -0.8402
vn 0.1085 -0.3799 -0.9186
vn 0.2103 -0.3895 -0.8967
vn 0.2949 -0.3328 -0.8957
vn 0.2042 -0.5056 -0.8383
vn -0.0329 -0.5155 -0.8563
vn 0.0050 -0.6608 -0.7505
vn 0.1407 -0.5539 -0.8206
vn 0.0829 -0.5226 -0.8486
vn 0.2568 -0.6304 -0.7326
vn 0.3469 -0.4922 -0.7984
vn 0.1943 -0.8326 -0.5187
vn 0.3637 -0.8051 -0.4686
vn 0.4204 -0.6092 -0.6724
vn 0.5391 -0.4664 -0.7013
vn 0.7704 -0.4197 -0.4800
vn 0.6498 -0.5620 -0.5118
vn 0.9105 -0.3712 -0.1824
vn 0.9682 -0.2449 -0.0507
vn 0.5867 -0.7255 -0.3598
vn 0.8134 0.1028 0.5725
vn 0.9639 -0.0792 0.2541
vn 0.9215 0.0196 0.3878
vn 0.7710 0.2263 0.5953
vn 0.5179 0.7708 0.3709
vn 0.6816 0.3965 0.6150
vn 0.4839 0.8380 0.2521
vn 0.6878 0.7210 0.0843
vn 0.7019 0.6222 0.3468
vn 0.9268 0.3607 -0.1042
vn 0.9964 0.0572 0.0629
vn 0.8872 0.3619 0.2861
vn 0.8240 0.5651 -0.0421
vn -0.3401 -0.8527 0.3966
vn -0.3590 -0.8950 0.2648
vn -0.4191 -0.8744 0.2445
vn -0.3404 -0.8610 0.3778
vn -0.0145 -0.9146 0.4040
vn -0.0752 -0.8725 0.4829
vn -0.1429 -0.9002 0.4114
vn -0.0521 -0.8195 0.5706
vn 0.0888 -0.8020 0.5906
vn 0.0940 -0.7175 0.6901
vn 0.1883 -0.6237 0.7586
vn 0.0602 -0.6739 0.7363
vn 0.2101 -0.5645 0.7983
vn -0.2097 -0.7897 0.5766
vn -0.2734 -0.8242 0.4959
vn -0.2334 -0.8314 0.5043
vn -0.0915 -0.7601 0.6434
vn 0.2077 -0.5871 0.7824
vn 0.0843 -0.6447 0.7598
vn 0.3278 -0.7389 0.5887
vn 0.0966 -0.7833 0.6141
vn 0.1565 -0.9875 0.0165
vn 0.2544 -0.9585 0.1283
vn 0.0767 -0.8814 0.4661
vn 0.5090 -0.8535 0.1119
vn -0.1928 -0.7369 0.6480
vn -0.0190 -0.8398 0.5426
vn -0.0860 -0.8899 0.4480
vn 0.0350 -0.8926 0.4495
vn 0.0071 -0.9710 0.2388
vn 0.0623 -0.9545 0.2917
vn 0.0673 -0.9970 0.0373
vn -0.0224 -0.9713 0.2369
vn -0.1147 -0.9904 0.0772
vn -0.2386 -0.9108 0.3369
vn 0.0412 -0.8948 0.4446
vn 0.0545 -0.9312 0.3604
vn -0.0809 -0.9056 0.4163
vn -0.0797 -0.8573 0.5086
vn -0.2349 -0.8432 0.4836
vn -0.1910 -0.7920 0.5799
vn -0.0566 -0.7242 0.6872
vn -0.0277 -0.7850 0.6188
vn 0.0325 -0.8536 0.5199
vn -0.5905 -0.7847 0.1884
vn -0.6333 -0.5812 0.5110
vn -0.6011 -0.7788 0.1792
vn -0.6471 -0.6122 0.4543
vn -0.5920 -0.1935 0.7824
vn -0.4304 0.2765 0.8592
vn -0.6660 -0.2549 0.7010
vn -0.5609 0.2261 0.7964
vn -0.0403 0.8300 0.5563
vn 0.0298 0.7834 0.6208
vn -0.0933 0.6902 0.7176
vn -0.2597 0.6654 0.6998
vn 0.3106 0.8354 0.4536
vn 0.3168 0.8107 0.4923
vn 0.0345 0.7685 0.6389
vn 0.0181 0.8295 0.5582
vn 0.9137 0.2537 -0.3176
vn 0.8523 0.1033 -0.5128
vn 0.7513 -0.2114 -0.6251
vn 0.9331 -0.1590 -0.3225
vn 0.3795 -0.4287 -0.8199
vn 0.2379 -0.4852 -0.8414
vn 0.4950 -0.3234 -0.8064
vn 0.6790 -0.1584 -0.7168
vn 0.8489 0.4911 -0.1955
vn 0.8165 0.5765 -0.0321
vn 0.6358 0.7356 0.2337
vn 0.6756 0.7198 0.1595
vn 0.8770 0.4305 -0.2133
vn 0.8748 0.2974 -0.3824
vn 0.8774 0.4727 -0.0824
vn 0.8462 0.5108 -0.1516
vn 0.6769 0.7185 0.1596
vn 0.6881 0.7029 0.1803
vn 0.1394 -0.5355 -0.8329
vn 0.2466 -0.4243 -0.8713
vn 0.1997 -0.5344 -0.8213
vn 0.2793 -0.4305 -0.8583
vn 0.7898 0.0633 -0.6100
vn 0.5282 -0.3036 -0.7930
vn 0.8451 0.2264 -0.4843
vn 0.6525 -0.1918 -0.7331
vn 0.8800 0.2517 -0.4027
vn 0.7211 -0.2010 -0.6630
vn 0.9286 0.1879 -0.3201
vn 0.7632 -0.2869 -0.5790
vn 0.3731 -0.2976 -0.8788
vn 0.3798 -0.3201 -0.8679
vn 0.2839 -0.5184 -0.8066
vn 0.3702 -0.4975 -0.7845
vn 0.3352 -0.4455 -0.8302
vn 0.3962 -0.4523 -0.7990
vn 0.5194 -0.5516 -0.6527
vn 0.4458 -0.5079 -0.7371
vn 0.4966 -0.4364 -0.7503
vn 0.5982 -0.4769 -0.6440
vn -0.1252 -0.8470 -0.5166
vn -0.2178 -0.9067 -0.3612
vn -0.2705 -0.8902 -0.3665
vn -0.1318 -0.8002 -0.5851
vn -0.4088 -0.8989 -0.1574
vn -0.3211 -0.9230 -0.2122
vn -0.0584 -0.6959 -0.7157
vn -0.0159 -0.7228 -0.6909
vn 0.4237 -0.3448 -0.8376
vn 0.2529 -0.5487 -0.7968
vn 0.4756 -0.3649 -0.8004
vn 0.2976 -0.5988 -0.7436
vn 0.5426 -0.4194 -0.7278
vn 0.3532 -0.6883 -0.6336
vn 0.6001 -0.5453 -0.5853
vn 0.4211 -0.7810 -0.4612
vn -0.5758 -0.8022 0.1580
vn -0.6858 -0.6086 0.3990
vn -0.4158 -0.9094 -0.0100
vn -0.5158 -0.8312 0.2074
vn 0.0219 -0.7684 -0.6396
vn -0.1335 -0.8967 -0.4220
vn 0.0552 -0.8293 -0.5561
vn -0.1134 -0.9448 -0.3074
vn -0.1833 -0.9456 -0.2689
vn -0.1644 -0.9775 -0.1322
vn 0.1188 -0.8985 -0.4226
vn -0.0589 -0.9796 -0.1921
vn 0.2031 -0.9369 -0.2845
vn -0.0052 -0.9916 -0.1294
vn -0.1397 -0.9882 -0.0632
vn -0.3907 -0.9081 0.1506
vn -0.1307 -0.9889 -0.0710
vn -0.3730 -0.9261 0.0563
vn -0.7703 -0.2756 0.5750
vn -0.7001 0.1955 0.6868
vn -0.7710 -0.4021 0.4939
vn -0.7319 0.1084 0.6727
vn -0.4264 0.6021 0.6750
vn -0.4741 0.5270 0.7054
vn -0.1470 0.7789 0.6097
vn -0.1034 0.8274 0.5520
vn -0.7221 -0.5398 0.4327
vn -0.7336 -0.0004 0.6796
vn -0.7075 -0.5972 0.3780
vn -0.7258 -0.0749 0.6838
vn 0.0442 0.8646 0.5005
vn 0.0828 0.8524 0.5163
vn 0.4011 0.8204 0.4076
vn 0.3380 0.8432 0.4180
vn -0.5028 0.3686 0.7819
vn -0.4922 0.4422 0.7498
vn -0.1936 0.6602 0.7257
vn -0.1746 0.7203 0.6713
vn 0.7157 0.6677 0.2047
vn 0.7590 0.6158 0.2115
vn 0.9420 0.3346 0.0249
vn 0.9137 0.4063 -0.0119
vn 0.5461 0.7316 0.4081
vn 0.4701 0.7828 0.4077
vn 0.1121 0.8273 0.5505
vn 0.1492 0.7881 0.5972
vn 0.8227 -0.4550 -0.3408
vn 0.8097 -0.3678 -0.4573
vn 0.9725 0.1128 -0.2036
vn 0.9899 0.0001 -0.1415
vn 0.5495 -0.7040 -0.4499
vn 0.6116 -0.5972 -0.5189
vn 0.5511 -0.6284 -0.5491
vn 0.5417 -0.7120 -0.4468
vn 0.9780 0.2087 -0.0061
vn 0.9631 0.2676 0.0285
vn 0.7996 0.5639 0.2064
vn 0.8352 0.5138 0.1963
vn 0.5622 -0.7034 -0.4349
vn 0.4147 -0.8489 -0.3277
vn 0.4607 -0.8067 -0.3702
vn 0.3545 -0.8813 -0.3125
vn 0.9717 -0.1777 -0.1557
vn 0.9092 -0.3269 -0.2579
vn 0.5163 -0.7789 -0.3561
vn 0.7176 -0.6246 -0.3080
vn 0.4476 -0.8075 -0.3843
vn 0.3425 -0.8703 -0.3539
vn 0.2354 -0.9451 -0.2266
vn 0.0380 -0.9871 -0.1554
vn 0.2270 -0.9363 -0.2681
vn 0.0882 -0.9673 -0.2378
vn -0.0910 -0.9839 -0.1537
vn -0.3142 -0.9484 -0.0433
vn -0.0074 -0.9701 -0.2428
vn -0.1627 -0.9745 -0.1544
vn 0.2408 -0.9130 -0.3293
vn 0.1985 -0.9262 -0.3207
vn 0.1324 -0.9366 -0.3244
vn 0.0409 -0.9591 -0.2800
vn 0.4460 -0.8107 -0.3792
vn 0.3752 -0.8526 -0.3637
vn 0.8677 -0.4140 -0.2751
vn 0.9921 0.1249 -0.0070
vn 0.9986 0.0522 0.0099
vn 0.8427 -0.4723 -0.2585
vn 0.8165 -0.5472 -0.1842
vn 0.2944 -0.9161 -0.2723
vn 0.9978 -0.0009 0.0669
vn 0.9566 -0.1377 0.2569
vn 0.6938 -0.6869 0.2164
vn 0.1317 -0.9898 -0.0544
vn 0.8714 0.4451 0.2061
vn 0.6257 0.6586 0.4179
vn 0.9017 0.3660 0.2304
vn 0.6720 0.5808 0.4595
vn 0.2167 0.7395 0.6373
vn 0.2704 0.6708 0.6906
vn -0.1793 0.6296 0.7560
vn -0.1305 0.6072 0.7837
vn -0.1500 -0.9874 -0.0496
vn -0.3462 -0.8665 0.3596
vn -0.5698 -0.4280 0.7016
vn -0.4286 -0.8763 0.2200
vn -0.6295 -0.7052 0.3263
vn -0.6873 -0.2033 0.6973
vn -0.4994 0.2995 0.8129
vn -0.3998 0.2684 0.8764
vn 0.0974 0.4882 0.8673
vn -0.1343 -0.0408 0.9901
vn 0.4790 0.2751 0.8336
vn 0.6354 0.4948 0.5928
vn 0.1560 -0.5333 0.8314
vn 0.7544 0.0665 0.6531
vn 0.8931 0.3075 0.3284
vn -0.1121 -0.0781 0.9906
vn 0.0597 -0.0878 0.9943
vn -0.0280 -0.4906 0.8709
vn -0.2177 -0.4743 0.8530
vn -0.3526 -0.7061 0.6141
vn -0.2966 -0.7035 0.6459
vn -0.2622 -0.7777 0.5713
vn -0.2806 -0.7895 0.5458
vn -0.0530 -0.7057 0.7065
vn -0.0646 -0.6661 0.7431
vn 0.2232 0.1504 0.9631
vn 0.2313 0.1895 0.9543
vn 0.2118 0.0553 0.9757
vn 0.1443 -0.0086 0.9895
vn 0.2630 -0.1198 0.9573
vn 0.3744 -0.0544 0.9257
vn 0.4777 -0.1332 0.8684
vn 0.3758 -0.2151 0.9014
vn 0.3018 -0.3617 0.8821
vn 0.3364 -0.3358 0.8798
vn 0.1913 0.2484 0.9496
vn 0.1457 0.2970 0.9437
vn 0.2732 0.3002 0.9139
vn 0.2333 0.1768 0.9562
vn -0.2354 -0.7915 0.5640
vn -0.0597 -0.6376 0.7680
vn -0.0222 -0.6468 0.7623
vn -0.1901 -0.7928 0.5790
vn 0.4347 0.0850 0.8965
vn 0.5156 0.2298 0.8254
vn 0.5399 0.0426 0.8406
vn 0.4981 -0.0278 0.8667
vn 0.3344 -0.2831 0.8989
vn 0.3630 -0.2668 0.8928
vn 0.1145 0.3301 0.9370
vn 0.3607 0.4191 0.8332
vn 0.2329 0.3539 0.9058
vn 0.5712 0.4769 0.6681
vn -0.2121 -0.7890 0.5766
vn -0.0431 -0.6730 0.7384
vn -0.1348 -0.6806 0.7202
vn -0.2699 -0.7761 0.5699
vn 0.6096 0.3751 0.6984
vn 0.6026 0.0814 0.7939
vn 0.6893 0.4201 0.5902
vn 0.5817 0.0990 0.8073
vn 0.3725 -0.3045 0.8767
vn 0.2667 -0.3362 0.9032
vn 0.4139 0.4055 0.8150
vn 0.5913 0.5815 0.5589
vn 0.5117 0.4633 0.7235
vn 0.4946 0.6458 0.5817
vn 0.5777 0.5018 0.6438
vn 0.4146 0.1382 0.8995
vn 0.3984 0.5292 0.7492
vn 0.2394 0.1406 0.9607
vn 0.4270 0.3227 0.8447
vn 0.5895 0.3820 0.7117
vn 0.6601 0.2280 0.7157
vn 0.7013 0.1072 0.7048
vn 0.5588 0.4816 0.6751
vn 0.4057 0.5928 0.6957
vn 0.2584 0.4241 0.8680
vn 0.1492 0.0758 0.9859
vn 0.2305 0.2006 0.9522
vn 0.1599 0.0054 0.9871
vn -0.3002 -0.7662 0.5682
vn -0.2125 -0.6611 0.7195
vn -0.1837 -0.6573 0.7309
vn -0.2246 -0.7892 0.5716
vn 0.0838 -0.3262 0.9416
vn -0.0215 -0.3150 0.9488
vn 0.7446 -0.2484 0.6196
vn 0.5525 -0.6339 0.5412
vn 0.4673 -0.6283 0.6219
vn 0.5534 -0.1756 0.8142
vn -0.1220 -0.9237 0.3631
vn 0.0534 -0.9174 0.3944
vn 0.0130 -0.9275 0.3735
vn 0.1332 -0.8950 0.4257
vn 0.3438 -0.2587 0.9027
vn 0.1605 -0.3484 0.9235
vn 0.3161 -0.6463 0.6946
vn 0.1806 -0.6989 0.6920
vn 0.2818 -0.8346 0.4733
vn 0.2472 -0.8628 0.4411
vn 0.2334 -0.8042 0.5467
vn 0.1510 -0.8356 0.5281
vn -0.0178 -0.8236 0.5668
vn 0.0283 -0.8879 0.4591
vn -0.0304 -0.6765 0.7358
vn 0.0303 -0.8870 0.4607
vn 0.0036 -0.3433 0.9392
vn -0.7441 -0.0742 -0.6639
vn -0.7214 -0.3823 -0.5774
vn -0.2525 -0.1514 -0.9557
vn -0.2921 -0.3150 -0.9030
vn -0.5108 -0.5163 -0.6874
vn -0.0638 -0.4185 -0.9060
vn 0.1250 -0.3828 -0.9153
vn -0.2331 -0.5259 -0.8180
vn 0.0753 -0.2749 -0.9585
vn 0.2764 -0.2910 -0.9159
vn -0.0114 -0.5036 -0.8639
vn -0.0325 -0.5050 -0.8625
vn 0.2239 -0.3254 -0.9187
vn 0.0868 -0.2712 -0.9586
vn -0.3415 -0.4208 -0.8404
vn -0.0928 -0.1656 -0.9818
vn 0.1344 -0.0423 -0.9900
vn 0.3202 -0.0181 -0.9472
vn 0.1522 -0.1516 -0.9767
vn 0.2806 -0.0034 -0.9598
vn 0.1899 0.1014 -0.9766
vn -0.1765 0.1116 -0.9780
vn 0.3086 -0.2356 -0.9216
vn 0.3959 0.8183 -0.4167
vn 0.4860 0.7960 -0.3609
vn 0.4891 0.8196 -0.2984
vn 0.3851 0.8354 -0.3921
vn 0.5469 0.8083 -0.2180
vn 0.5746 0.7896 -0.2155
vn 0.4938 0.8641 -0.0976
vn 0.5400 0.8386 -0.0719
vn 0.2904 0.7734 -0.5635
vn 0.2664 0.7180 -0.6430
vn 0.2829 0.7748 -0.5654
vn 0.2395 0.7210 -0.6502
vn 0.3378 0.7292 -0.5951
vn 0.3034 0.7461 -0.5927
vn 0.2791 0.7566 -0.5913
vn 0.3194 0.7164 -0.6203
vn 0.0892 0.5636 -0.8212
vn 0.0627 0.6415 -0.7645
vn -0.2491 0.2246 -0.9421
vn -0.3266 0.3026 -0.8954
vn 0.7529 0.6145 0.2357
vn 0.6936 0.7183 0.0549
vn 0.8236 0.5461 0.1532
vn 0.7405 0.6592 -0.1307
vn 0.6591 -0.0439 0.7508
vn 0.6689 0.1462 0.7288
vn 0.5627 -0.2804 0.7776
vn 0.5354 -0.2740 0.7989
vn 0.6109 -0.0959 0.7858
vn 0.6274 0.0553 0.7767
vn 0.7493 0.5183 0.4122
vn 0.7614 0.5400 0.3587
vn 0.6875 0.3369 0.6433
vn 0.6454 0.4003 0.6505
vn 0.6131 0.1921 0.7663
vn 0.5816 0.2470 0.7751
vn 0.5984 0.2884 0.7475
vn 0.5802 0.3142 0.7514
vn 0.5950 0.4242 0.6826
vn 0.5892 0.4345 0.6812
vn 0.5881 0.5249 0.6153
vn 0.5933 0.5188 0.6156
vn 0.5916 0.5372 0.6012
vn 0.6132 0.4536 0.6467
vn 0.6197 0.4002 0.6751
vn 0.6030 0.5120 0.6118
vn 0.6436 0.3092 0.7001
vn 0.6286 0.2251 0.7444
vn -0.5728 -0.8171 0.0651
vn -0.6038 -0.7962 -0.0399
vn -0.5745 -0.8176 0.0376
vn -0.5116 -0.8448 0.1567
vn -0.6796 -0.7010 -0.2164
vn -0.6827 -0.6692 -0.2935
vn -0.7528 -0.5121 -0.4135
vn -0.7219 -0.5458 -0.4254
vn -0.7196 -0.5700 -0.3967
vn -0.6814 -0.5764 -0.4511
vn -0.6606 -0.6908 -0.2939
vn -0.6211 -0.7047 -0.3429
vn -0.6185 -0.6547 -0.4345
vn -0.5847 -0.4097 -0.7002
vn -0.6086 -0.4154 -0.6761
vn -0.5933 -0.6638 -0.4554
vn -0.4756 -0.1554 -0.8658
vn -0.5313 -0.1246 -0.8380
vn -0.4633 -0.8664 0.1865
vn -0.4251 -0.8682 0.2560
vn -0.3803 -0.8582 0.3449
vn -0.3477 -0.8609 0.3714
vn 0.3515 -0.5262 0.7743
vn 0.3516 -0.4961 0.7939
vn 0.0567 -0.7193 0.6924
vn 0.0816 -0.6976 0.7119
vn -0.2701 -0.8325 0.4837
vn -0.1803 -0.7923 0.5829
vn -0.3070 -0.8186 0.4854
vn -0.2065 -0.7875 0.5807
vn -0.0323 -0.7031 0.7103
vn 0.1444 -0.5428 0.8273
vn -0.0479 -0.7261 0.6859
vn 0.1566 -0.5990 0.7853
vn 0.1431 -0.5199 0.8422
vn -0.0779 -0.6632 0.7444
vn 0.2312 -0.5448 0.8061
vn 0.0608 -0.6825 0.7284
vn -0.2824 -0.7590 0.5867
vn -0.1822 -0.7890 0.5867
vn -0.2625 -0.8082 0.5272
vn -0.3207 -0.7962 0.5130
vn -0.2026 -0.7990 0.5661
vn -0.1617 -0.7944 0.5855
vn 0.3808 0.8946 -0.2339
vn 0.2695 0.8969 -0.3506
vn 0.4999 0.8554 -0.1356
vn 0.4081 0.9109 -0.0618
vn 0.3010 0.9343 -0.1909
vn 0.1991 0.9256 -0.3219
vn 0.1562 0.8304 -0.5348
vn 0.1431 0.7586 -0.6356
vn 0.0744 0.8472 -0.5260
vn 0.0649 0.7635 -0.6425
vn 0.2070 0.8249 -0.5260
vn 0.2263 0.7930 -0.5657
vn 0.1730 0.8264 -0.5359
vn 0.1768 0.8626 -0.4740
vn -0.0178 0.7431 -0.6689
vn -0.4382 0.3777 -0.8157
vn -0.0190 0.7918 -0.6105
vn -0.4083 0.3593 -0.8391
vn 0.6831 0.7261 -0.0783
vn 0.5394 0.8403 0.0551
vn 0.7444 0.6468 0.1659
vn 0.6123 0.7619 0.2114
vn 0.5732 -0.1463 0.8062
vn 0.6017 -0.0055 0.7987
vn 0.5108 -0.2967 0.8069
vn 0.4734 -0.3387 0.8131
vn 0.5418 -0.1849 0.8199
vn 0.5871 -0.0471 0.8082
vn 0.7227 0.6051 0.3339
vn 0.6344 0.6918 0.3448
vn 0.6644 0.4386 0.6052
vn 0.6384 0.5108 0.5757
vn 0.5809 0.2731 0.7668
vn 0.5610 0.3300 0.7592
vn 0.5223 0.3623 0.7720
vn 0.5637 0.3360 0.7545
vn 0.5695 0.4350 0.6974
vn 0.5228 0.4361 0.7324
vn 0.5872 0.5045 0.6330
vn 0.5501 0.4829 0.6813
vn 0.6121 0.4842 0.6252
vn 0.6305 0.3568 0.6893
vn 0.6334 0.3235 0.7030
vn 0.5957 0.4505 0.6650
vn 0.6231 0.1658 0.7644
vn 0.6274 0.1331 0.7672
vn -0.5991 -0.7525 -0.2735
vn -0.5461 -0.8376 -0.0144
vn -0.6058 -0.6170 -0.5023
vn -0.5494 -0.7419 -0.3843
vn -0.5685 -0.6328 -0.5257
vn -0.5106 -0.8517 -0.1176
vn -0.6167 -0.6298 -0.4723
vn -0.5959 -0.7178 -0.3601
vn -0.5927 -0.6798 -0.4320
vn -0.5987 -0.7280 -0.3339
vn -0.6225 -0.6477 -0.4393
vn -0.6511 -0.6254 -0.4300
vn -0.6531 -0.3983 -0.6441
vn -0.6630 -0.3683 -0.6518
vn -0.6089 -0.1022 -0.7866
vn -0.6120 -0.1238 -0.7811
vn -0.4693 -0.8717 0.1409
vn -0.3947 -0.8674 0.3030
vn -0.4580 -0.8861 0.0706
vn -0.4074 -0.8840 0.2293
vn 0.3438 -0.5132 0.7864
vn 0.3115 -0.5505 0.7746
vn 0.0878 -0.7147 0.6939
vn 0.0559 -0.7535 0.6550
vn -0.2194 -0.8146 0.5369
vn -0.1973 -0.8007 0.5656
vn -0.3050 -0.8400 0.4487
vn -0.3291 -0.8574 0.3957
vn 0.1589 -0.6539 0.7397
vn 0.1791 -0.6325 0.7535
vn -0.0377 -0.7453 0.6656
vn -0.0583 -0.7566 0.6513
vn 0.2977 -0.5560 0.7760
vn 0.1940 -0.6655 0.7207
vn 0.3000 -0.5581 0.7737
vn 0.2612 -0.5984 0.7574
vn -0.1683 -0.8700 0.4635
vn -0.2059 -0.8454 0.4929
vn -0.0722 -0.8203 0.5673
vn 0.0309 -0.7829 0.6214
vn -0.1342 -0.8163 0.5618
vn -0.1448 -0.8528 0.5018
vn 0.2920 0.9393 -0.1803
vn 0.2137 0.9212 -0.3251
vn 0.3745 0.9266 -0.0351
vn 0.3460 0.9360 -0.0640
vn 0.2902 0.9329 -0.2132
vn 0.2371 0.8923 -0.3843
vn 0.0971 0.8205 -0.5633
vn 0.0723 0.7253 -0.6846
vn 0.1292 0.7547 -0.6432
vn 0.1213 0.6505 -0.7498
vn 0.3480 0.7606 -0.5481
vn 0.2544 0.8373 -0.4840
vn 0.2037 0.8097 -0.5504
vn 0.2740 0.7434 -0.6101
vn 0.1162 0.7330 -0.6702
vn -0.2304 0.3048 -0.9241
vn 0.3151 0.6685 -0.6737
vn 0.0474 0.3807 -0.9235
vn 0.4598 0.8819 0.1041
vn 0.4050 0.9098 0.0905
vn 0.5148 0.8253 0.2320
vn 0.4336 0.8757 0.2125
vn 0.5349 -0.2295 0.8131
vn 0.5863 -0.0754 0.8066
vn 0.4464 -0.3966 0.8021
vn 0.5079 -0.2816 0.8141
vn 0.4115 -0.4537 0.7905
vn 0.5509 -0.1210 0.8257
vn 0.5415 0.7643 0.3502
vn 0.5780 0.6154 0.5360
vn 0.4962 0.7285 0.4723
vn 0.4503 0.8296 0.3301
vn 0.5481 0.4340 0.7150
vn 0.4995 0.4087 0.7639
vn 0.5273 0.4659 0.7105
vn 0.5402 0.5524 0.6349
vn 0.4793 0.4319 0.7640
vn 0.5068 0.4413 0.7406
vn 0.4950 0.4458 0.7458
vn 0.5004 0.4149 0.7599
vn 0.5425 0.4040 0.7365
vn 0.5177 0.3516 0.7800
vn 0.5964 0.2858 0.7501
vn 0.5472 0.2335 0.8038
vn 0.6162 0.1111 0.7797
vn 0.5660 0.0676 0.8216
vn -0.5872 -0.6989 -0.4084
vn -0.5330 -0.7991 -0.2782
vn -0.5556 -0.6893 -0.4649
vn -0.6113 -0.6681 -0.4241
vn -0.5974 -0.6534 -0.4649
vn -0.6458 -0.6706 -0.3651
vn -0.6056 -0.7106 -0.3581
vn -0.6360 -0.7007 -0.3233
vn -0.5987 -0.7366 -0.3147
vn -0.6045 -0.7068 -0.3675
vn -0.6455 -0.6016 -0.4705
vn -0.6056 -0.5634 -0.5620
vn -0.6277 -0.3324 -0.7039
vn -0.5363 -0.2553 -0.8045
vn -0.5113 -0.1130 -0.8519
vn -0.3148 -0.0049 -0.9491
vn -0.4991 -0.8662 -0.0248
vn -0.4705 -0.8719 0.1359
vn -0.5848 -0.7869 -0.1969
vn -0.5516 -0.8335 0.0311
vn 0.2572 -0.6130 0.7470
vn 0.1649 -0.7067 0.6880
vn -0.0277 -0.8137 0.5806
vn -0.1219 -0.8498 0.5129
vn -0.4053 -0.8308 0.3815
vn -0.2942 -0.8223 0.4872
vn -0.4008 -0.8583 0.3205
vn -0.5082 -0.8391 0.1940
vn -0.0650 -0.7055 0.7058
vn 0.0788 -0.6762 0.7325
vn -0.1296 -0.7659 0.6297
vn -0.2677 -0.7877 0.5548
vn 0.2393 -0.5776 0.7804
vn 0.2650 -0.5505 0.7916
vn 0.1167 -0.6112 0.7828
vn 0.2099 -0.5504 0.8081
vn 0.0667 -0.6557 0.7521
vn -0.0865 -0.8160 0.5716
vn 0.1305 -0.6520 0.7469
vn 0.1924 -0.5646 0.8026
vn -0.1791 -0.8724 0.4548
vn -0.1017 -0.8005 0.5906
vn -0.3988 -0.6930 -0.6005
vn -0.4469 -0.8636 -0.2332
vn -0.4194 -0.8296 -0.3685
vn -0.3469 -0.6378 -0.6876
vn -0.4132 -0.7697 -0.4866
vn -0.4470 -0.8853 -0.1283
vn -0.4512 -0.8924 0.0123
vn -0.4506 -0.8902 0.0672
vn -0.4397 -0.8976 -0.0307
vn -0.4343 -0.8530 0.2894
vn -0.4710 -0.8095 0.3506
vn -0.5494 -0.8189 0.1661
vn -0.4765 -0.8695 0.1299
vn -0.5331 -0.8024 0.2682
vn -0.4282 -0.7880 0.4423
vn -0.5909 -0.7973 0.1228
vn -0.5759 -0.8124 0.0914
vn -0.4822 -0.8733 0.0692
vn -0.4409 -0.8879 0.1313
vn -0.4387 -0.8959 0.0703
vn -0.4311 -0.8758 0.2172
vn -0.4101 -0.8564 0.3136
vn -0.4003 -0.8173 0.4145
vn -0.4243 -0.8813 0.2082
vn -0.4159 -0.9094 0.0073
vn -0.4218 -0.9021 0.0909
vn -0.4043 -0.8855 0.2290
vn -0.1052 -0.5200 0.8477
vn -0.0003 -0.5891 0.8080
vn -0.2597 -0.7407 0.6197
vn -0.2917 -0.7384 0.6080
vn -0.2057 -0.7238 0.6586
vn 0.0751 -0.5755 0.8144
vn -0.3550 -0.7567 0.5490
vn -0.3662 -0.7897 0.4923
vn -0.3670 -0.7079 0.6035
vn -0.2955 -0.5995 0.7439
vn -0.3556 -0.5923 0.7230
vn -0.2672 -0.5869 0.7643
vn -0.3324 -0.7814 0.5281
vn -0.2220 -0.5597 0.7984
vn -0.0164 -0.3502 0.9365
vn 0.2602 -0.3835 0.8861
vn 0.2233 -0.3678 0.9027
vn 0.0019 -0.3664 0.9304
vn 0.2958 -0.4589 0.8378
vn 0.2607 -0.5187 0.8142
vn -0.2008 -0.3605 0.9109
vn -0.2050 -0.4201 0.8840
vn -0.2605 -0.4604 0.8486
vn -0.2708 -0.3935 0.8785
vn -0.3796 -0.5020 0.7771
vn -0.4476 -0.4677 0.7622
vn -0.1600 -0.3795 0.9113
vn -0.1621 -0.3271 0.9310
vn -0.2019 -0.6562 0.7271
vn -0.0512 -0.6629 0.7469
vn 0.0338 -0.6284 0.7771
vn -0.1417 -0.5366 0.8319
vn 0.1076 -0.6214 0.7760
vn 0.0499 -0.6542 0.7547
vn -0.2971 -0.4934 0.8175
vn -0.2388 -0.3976 0.8859
vn -0.3404 -0.4178 0.8423
vn -0.4319 -0.4842 0.7609
vn -0.5378 -0.4723 0.6984
vn -0.5769 -0.4518 0.6805
vn -0.2062 -0.4111 0.8880
vn -0.2662 -0.5500 0.7916
vn -0.1179 -0.4895 0.8640
vn 0.0250 -0.5556 0.8311
vn -0.0379 -0.6154 0.7873
vn -0.1787 -0.6152 0.7679
vn 0.0458 -0.7129 0.6997
vn 0.1636 -0.6570 0.7359
vn -0.3239 -0.4784 0.8162
vn -0.3381 -0.5470 0.7658
vn -0.4656 -0.4995 0.7306
vn -0.4523 -0.4167 0.7885
vn -0.5952 -0.4452 0.6689
vn -0.6157 -0.3788 0.6910
vn -0.2830 -0.5854 0.7597
vn -0.2331 -0.4809 0.8452
vn 0.3774 -0.1903 0.9063
vn 0.3242 -0.4031 0.8558
vn 0.1190 -0.3959 0.9105
vn 0.1884 -0.1925 0.9630
vn -0.0453 -0.3333 0.9417
vn 0.0339 -0.1447 0.9889
vn -0.0938 -0.0407 0.9948
vn -0.2457 -0.3018 0.9212
vn -0.3783 -0.2025 0.9033
vn -0.2173 0.0793 0.9729
vn -0.4958 -0.1155 0.8607
vn -0.2923 0.1816 0.9389
vn -0.1659 -0.3171 0.9338
vn -0.0569 -0.0944 0.9939
vn 0.4284 0.2486 0.8687
vn 0.4072 0.0326 0.9127
vn 0.2609 0.0494 0.9641
vn 0.3385 0.2997 0.8920
vn 0.1582 0.1236 0.9796
vn 0.2968 0.3949 0.8695
vn 0.2567 0.5393 0.8020
vn 0.0999 0.2769 0.9557
vn -0.0308 0.3508 0.9359
vn 0.1529 0.5821 0.7986
vn -0.1033 0.4383 0.8929
vn 0.0843 0.6504 0.7549
vn 0.1219 0.2258 0.9665
vn 0.2688 0.4901 0.8292
vn 0.4705 0.5356 0.7013
vn 0.4460 0.4231 0.7887
vn 0.4140 0.5130 0.7519
vn 0.4753 0.6542 0.5883
vn 0.3915 0.5881 0.7077
vn 0.4401 0.7041 0.5573
vn 0.3592 0.7013 0.6157
vn 0.2647 0.7250 0.6359
vn 0.3038 0.7961 0.5235
vn 0.3881 0.7450 0.5425
vn 0.1723 0.7398 0.6503
vn 0.2049 0.8100 0.5495
vn 0.3645 0.6596 0.6573
vn 0.4077 0.7330 0.5446
vn 0.4905 0.6942 0.5267
vn 0.5131 0.5948 0.6189
vn 0.4840 0.6093 0.6281
vn 0.4543 0.6757 0.5806
vn 0.4208 0.6252 0.6573
vn 0.4013 0.6306 0.6643
vn 0.3465 0.6675 0.6590
vn 0.2709 0.7270 0.6310
vn 0.1879 0.5911 0.7844
vn 0.2728 0.5739 0.7721
vn 0.2107 0.8218 0.5294
vn 0.1463 0.6825 0.7161
vn 0.3788 0.6458 0.6630
vn 0.3420 0.5899 0.7315
vn 0.3839 0.9020 0.1977
vn 0.4146 0.8419 0.3453
vn 0.4153 0.8577 0.3031
vn 0.3776 0.9165 0.1324
vn 0.3903 0.8324 0.3935
vn 0.3554 0.9240 0.1413
vn 0.3286 0.7625 0.5574
vn 0.2644 0.7163 0.6457
vn 0.3267 0.8675 0.3752
vn 0.3616 0.9059 0.2205
vn 0.1892 0.7009 0.6877
vn 0.2594 0.8314 0.4914
vn 0.3574 0.7915 0.4958
vn 0.3621 0.9193 0.1541
vn 0.3657 0.9307 0.0004
vn 0.3778 0.9197 0.1071
vn 0.3635 0.9310 0.0330
vn 0.3452 0.9360 -0.0691
vn 0.3382 0.9407 0.0252
vn 0.3201 0.9435 -0.0862
vn 0.3285 0.9405 0.0873
vn 0.3027 0.9270 0.2214
vn 0.3016 0.9509 -0.0699
vn 0.3176 0.9411 -0.1157
vn 0.2758 0.9036 0.3279
vn 0.3157 0.9488 0.0108
vn 0.3418 0.9393 0.0292
vn 0.3188 0.9419 -0.1057
vn 0.2878 0.9212 -0.2619
vn 0.3358 0.9332 -0.1280
vn 0.3160 0.9308 -0.1835
vn 0.2646 0.9040 -0.3358
vn 0.3000 0.9342 -0.1929
vn 0.2658 0.9111 -0.3150
vn 0.3181 0.9018 -0.2927
vn 0.3020 0.8951 -0.3279
vn 0.3145 0.8226 -0.4738
vn 0.3262 0.8558 -0.4015
vn 0.3239 0.8924 -0.3143
vn 0.3191 0.7951 -0.5157
vn 0.3097 0.9208 -0.2370
vn 0.3039 0.8895 -0.3412
vn 0.0870 0.7067 -0.7021
vn 0.2125 0.8710 -0.4430
vn 0.1631 0.8168 -0.5534
vn -0.0282 0.5484 -0.8357
vn 0.1698 0.8180 -0.5495
vn -0.0357 0.5263 -0.8495
vn 0.3011 0.7569 -0.5800
vn 0.3209 0.7247 -0.6097
vn 0.2219 0.4756 -0.8512
vn 0.1526 0.4863 -0.8604
vn 0.3164 0.6937 -0.6471
vn 0.2456 0.4777 -0.8435
vn 0.2272 0.7896 -0.5700
vn 0.0370 0.5006 -0.8649
vn -0.0517 0.3804 -0.9234
vn -0.1738 0.2431 -0.9543
vn -0.0507 0.3785 -0.9242
vn 0.0961 0.4270 -0.8991
vn -0.2299 0.1504 -0.9615
vn -0.0881 0.2624 -0.9609
vn -0.0252 0.0266 -0.9993
vn -0.1063 0.0490 -0.9931
vn 0.0074 0.0309 -0.9995
vn 0.0231 0.0783 -0.9967
vn -0.0239 0.0275 -0.9993
vn -0.1092 0.0397 -0.9932
vn -0.2115 0.0722 -0.9747
vn -0.1311 0.1213 -0.9839
vn 0.2896 0.6446 -0.7075
vn 0.1695 0.6027 -0.7798
vn 0.2633 0.6383 -0.7233
vn 0.3406 0.6752 -0.6543
vn 0.1514 0.5475 -0.8230
vn 0.1750 0.5348 -0.8267
vn 0.1816 0.4557 -0.8714
vn 0.2132 0.4391 -0.8728
vn 0.2758 0.5856 -0.7622
vn 0.2307 0.5190 -0.8230
vn 0.2274 0.4789 -0.8479
vn 0.3194 0.6770 -0.6631
vn 0.1780 0.5019 -0.8464
vn 0.1858 0.5051 -0.8428
vn 0.2928 0.6416 -0.7089
vn 0.3797 0.6694 -0.6385
vn 0.3422 0.6804 -0.6480
vn 0.3645 0.7529 -0.5479
vn 0.3115 0.6688 -0.6750
vn 0.3925 0.8271 -0.4022
vn 0.4424 0.8647 -0.2377
vn 0.3461 0.7147 -0.6078
vn 0.3387 0.7716 -0.5384
vn 0.4221 0.8925 -0.1590
vn 0.3606 0.8418 -0.4017
vn 0.3874 0.9178 -0.0865
vn 0.3205 0.7025 -0.6354
vn 0.4336 0.8536 -0.2888
vn 0.2800 0.8435 -0.4583
vn 0.2949 0.8057 -0.5137
vn 0.0359 0.3562 -0.9337
vn 0.0591 0.3492 -0.9352
vn 0.3186 0.7760 -0.5444
vn 0.0564 0.3195 -0.9459
vn -0.2336 -0.2183 -0.9475
vn -0.2301 -0.2640 -0.9367
vn -0.3702 -0.7628 -0.5301
vn -0.4114 -0.6887 -0.5970
vn -0.2380 -0.3194 -0.9173
vn -0.3698 -0.8157 -0.4449
vn 0.3142 0.7704 -0.5547
vn 0.0053 0.3112 -0.9503
vn -0.0772 0.3792 -0.9221
vn 0.2468 0.7798 -0.5753
vn -0.1585 0.4046 -0.9006
vn -0.4461 0.0006 -0.8950
vn -0.0374 0.4540 -0.8902
vn 0.1919 0.6910 -0.6969
vn -0.3880 -0.8509 -0.3542
vn -0.4826 -0.8331 -0.2703
vn -0.3738 -0.5867 -0.7184
vn -0.3096 -0.6388 -0.7043
vn -0.5516 -0.5742 -0.6050
vn -0.6791 -0.5388 -0.4985
vn -0.4856 -0.0664 -0.8717
vn -0.3395 -0.1305 -0.9315
vn -0.6876 -0.3035 -0.6596
vn -0.7179 -0.5979 -0.3566
vn -0.4440 -0.8889 -0.1125
vn -0.4880 -0.8697 -0.0741
vn -0.3915 -0.9045 -0.1692
vn -0.4512 -0.8845 -0.1188
vn -0.4972 -0.8656 -0.0589
vn -0.4882 -0.8722 -0.0302
vn -0.4620 -0.7672 -0.4449
vn -0.4533 -0.7877 -0.4173
vn -0.4340 -0.7837 -0.4443
vn -0.6375 -0.7621 -0.1129
vn -0.6507 -0.7592 -0.0105
vn -0.7325 -0.5915 -0.3370
vn -0.6138 -0.4885 -0.6201
vn -0.5495 -0.8230 -0.1442
vn -0.5779 -0.7743 -0.2577
vn -0.6139 -0.7771 -0.1387
vn -0.5771 -0.8086 -0.1144
vn -0.6297 -0.7507 -0.2000
vn -0.6130 -0.7145 -0.3372
vn -0.2755 -0.1892 -0.9425
vn -0.4838 -0.6375 -0.5996
vn -0.5204 -0.8496 -0.0862
vn -0.4844 -0.8703 -0.0893
vn -0.4025 -0.7691 -0.4965
vn -0.4516 -0.6794 -0.5783
vn -0.5486 -0.5436 -0.6352
vn -0.6779 -0.5124 -0.5272
vn -0.4673 -0.7909 -0.3950
vn -0.3910 -0.8314 -0.3949
vn -0.2352 -0.3448 -0.9087
vn -0.2912 -0.3282 -0.8986
vn 0.0223 0.3826 -0.9236
vn 0.0196 0.3870 -0.9219
vn 0.2800 0.8733 -0.3987
vn 0.3457 0.9369 -0.0520
vn 0.2842 0.8612 -0.4214
vn 0.3259 0.9440 -0.0518
vn 0.3275 0.9031 -0.2777
vn 0.2714 0.7640 -0.5854
vn 0.3069 0.9223 -0.2351
vn 0.2536 0.8080 -0.5318
vn 0.1690 0.5362 -0.8270
vn -0.0337 0.1403 -0.9895
vn 0.1302 0.5486 -0.8259
vn -0.1165 0.1575 -0.9806
vn 0.0255 0.0994 -0.9947
vn 0.0897 0.2367 -0.9674
vn 0.2739 0.4940 -0.8252
vn 0.3198 0.4967 -0.8068
vn 0.3368 0.6727 -0.6588
vn 0.3485 0.7808 -0.5185
vn 0.3262 0.6460 -0.6901
vn 0.3344 0.7933 -0.5088
vn 0.3680 0.8880 -0.2758
vn 0.3653 0.9017 -0.2314
vn 0.3538 0.9328 0.0681
vn 0.3692 0.9226 0.1115
vn 0.4834 0.8543 -0.1908
vn 0.3822 0.7777 -0.4991
vn 0.3844 0.7529 -0.5343
vn 0.4021 0.9085 -0.1136
vn -0.0877 0.5761 -0.8126
vn 0.0410 0.3758 -0.9258
vn 0.4491 0.8815 -0.1460
vn 0.2949 0.8895 -0.3491
vn 0.3546 0.9075 -0.2252
vn 0.2995 0.8012 -0.5181
vn 0.3036 0.7038 -0.6422
vn 0.4769 0.8422 -0.2517
vn 0.4415 0.8191 -0.3662
vn 0.0575 0.4244 -0.9036
vn 0.0281 0.2468 -0.9687
vn -0.0922 0.1487 -0.9846
vn 0.1954 0.1294 -0.9722
vn 0.2292 0.1876 -0.9551
vn 0.2272 0.5678 -0.7912
vn 0.2493 0.3701 -0.8949
vn 0.3417 0.2922 -0.8932
vn 0.2536 0.4634 -0.8491
vn 0.1165 0.3543 -0.9279
vn 0.2886 0.1620 -0.9437
vn 0.4904 0.0289 -0.8710
vn 0.1796 0.6341 -0.7521
vn 0.0077 0.6125 -0.7904
vn 0.2093 0.8462 -0.4901
vn 0.0379 0.8882 -0.4578
vn 0.1193 0.1587 -0.9801
vn -0.1142 0.5048 -0.8557
vn 0.1400 0.9446 -0.2968
vn 0.1418 0.8556 -0.4978
vn -0.0486 0.7705 -0.6356
vn -0.4895 -0.6198 0.6134
vn -0.4567 -0.7006 0.5483
vn -0.5607 -0.6887 0.4596
vn -0.6191 -0.6194 0.4828
vn -0.4397 -0.7800 0.4452
vn -0.5027 -0.7695 0.3938
vn -0.4464 -0.8395 0.3097
vn -0.4784 -0.8068 0.3466
vn -0.4698 -0.8711 0.1430
vn -0.5107 -0.8360 0.2007
vn -0.4706 -0.8755 -0.1098
vn -0.4971 -0.8580 -0.1289
vn -0.4088 -0.7944 -0.4493
vn -0.3920 -0.7946 -0.4636
vn -0.4455 -0.8802 -0.1634
vn -0.3877 -0.9044 -0.1781
vn -0.4008 -0.9010 -0.1658
vn -0.4673 -0.8764 -0.1161
vn -0.4009 -0.8256 -0.3971
vn -0.4804 -0.8026 -0.3536
vn -0.3519 -0.3062 -0.8845
vn -0.4816 -0.7785 -0.4025
vn -0.4970 -0.2458 -0.8322
vn -0.5603 -0.7390 -0.3742
vn -0.7080 -0.5836 -0.3977
vn -0.5086 -0.8304 -0.2276
vn -0.4580 -0.8840 -0.0942
vn -0.5903 -0.7855 -0.1857
vn 0.2151 0.9149 0.3416
vn 0.1391 0.9869 -0.0814
vn 0.2625 0.9514 -0.1611
vn 0.3004 0.9392 0.1662
vn -0.5443 -0.5479 0.6352
vn -0.6224 -0.5129 0.5912
vn -0.6846 -0.5695 0.4550
vn -0.7448 -0.5295 0.4061
vn -0.6712 -0.3905 0.6301
vn -0.6781 -0.4634 0.5705
vn -0.7523 -0.4135 0.5129
vn -0.6926 -0.2952 0.6581
vn -0.6725 -0.4168 0.6116
vn -0.5934 -0.3371 0.7309
vn -0.6397 -0.3162 0.7005
vn -0.4381 -0.2314 0.8686
vn -0.2187 0.1417 0.9654
vn -0.3801 -0.0793 0.9215
vn -0.2137 -0.0916 0.9726
vn -0.0603 0.0709 0.9957
vn 0.2408 0.8233 0.5141
vn 0.1937 0.7506 0.6317
vn 0.2152 0.7575 0.6164
vn 0.3402 0.7485 0.5692
vn 0.3429 0.6241 0.7021
vn 0.2922 0.7353 0.6115
vn 0.1927 0.6849 0.7027
vn 0.2467 0.7933 0.5566
vn 0.2406 0.6687 0.7035
vn 0.2796 0.7534 0.5951
vn 0.2943 0.8782 0.3771
vn 0.3324 0.8531 0.4021
vn 0.2811 0.6848 0.6723
vn 0.2562 0.8124 0.5238
vn 0.3105 0.8507 0.4242
vn 0.3040 0.7415 0.5981
vn -0.6759 -0.6748 -0.2965
vn -0.4871 -0.7828 -0.3871
vn -0.5836 -0.7180 -0.3792
vn -0.7598 -0.4681 -0.4511
vn -0.6791 -0.7004 0.2194
vn -0.4965 -0.8621 -0.1010
vn -0.5351 -0.8444 -0.0256
vn -0.9928 0.1035 -0.0609
vn -0.7761 0.6092 0.1627
vn -0.6513 0.5694 0.5016
vn -0.8500 -0.3571 0.3872
vn -0.8568 -0.4380 0.2722
vn -0.7270 -0.5035 0.4669
vn -0.7084 -0.5805 0.4015
vn -0.7429 0.1951 0.6403
vn -0.7736 -0.3084 0.5535
vn 0.1784 0.6191 0.7648
vn -0.0184 0.4187 0.9079
vn 0.1957 0.3360 0.9213
vn 0.3974 0.4720 0.7870
vn 0.2073 0.6953 0.6882
vn 0.3628 0.5142 0.7771
vn 0.1880 0.9808 0.0511
vn 0.2477 0.8402 0.4825
vn 0.2479 0.7107 0.6584
vn 0.2751 0.5970 0.7536
vn -0.7531 -0.5728 0.3238
vn -0.7970 -0.5111 0.3218
vn -0.8031 -0.5288 0.2746
vn -0.8190 -0.4957 0.2890
vn -0.7785 -0.3299 0.5339
vn -0.6883 -0.1806 0.7026
vn -0.7719 -0.3126 0.5536
vn -0.6660 -0.1236 0.7356
vn -0.3462 0.2214 0.9117
vn -0.3366 0.0152 0.9415
vn -0.5745 -0.1237 0.8091
vn -0.5652 -0.0116 0.8248
vn -0.5232 -0.0317 0.8516
vn -0.2938 0.2313 0.9275
vn -0.6387 -0.1566 0.7533
vn -0.6568 -0.1232 0.7439
vn -0.5207 -0.0003 0.8537
vn -0.2689 0.2510 0.9299
vn -0.1085 0.0323 0.9936
vn -0.0472 0.3129 0.9486
vn 0.1887 0.2202 0.9570
vn 0.0957 0.0802 0.9922
vn -0.0150 0.4329 0.9013
vn 0.0348 0.4667 0.8837
vn 0.3154 0.3924 0.8640
vn 0.2410 0.3422 0.9082
vn 0.4626 0.3469 0.8159
vn 0.4057 0.4078 0.8180
vn 0.5221 0.4105 0.7476
vn 0.4330 0.2499 0.8661
vn 0.5426 0.3810 0.7486
vn 0.4172 0.2332 0.8784
vn 0.4686 0.3314 0.8189
vn 0.5223 0.2021 0.8284
vn 0.4584 0.2278 0.8591
vn 0.3791 0.2713 0.8847
vn 0.4487 0.3263 0.8320
vn 0.4793 0.2474 0.8421
vn 0.2763 0.6289 0.7267
vn 0.3301 0.6479 0.6864
vn 0.3635 0.5688 0.7378
vn 0.3558 0.5428 0.7607
vn 0.3996 0.6069 0.6870
vn 0.4257 0.4952 0.7573
vn -0.5929 0.7694 -0.2377
vn -0.7706 -0.5590 -0.3062
vn -0.7518 0.3763 -0.5415
vn -0.5057 0.8499 -0.1480
vn -0.8554 -0.2128 -0.4723
vn -0.5505 0.4993 -0.6691
vn -0.2593 0.9571 0.1292
vn -0.1571 0.9455 0.2852
vn -0.8702 0.4195 -0.2585
vn -0.5983 -0.8012 0.0013
vn -0.7245 -0.6553 -0.2136
vn 0.6471 0.2605 0.7165
vn 0.6190 0.2303 0.7509
vn 0.5744 0.3547 0.7377
vn 0.5734 0.3609 0.7355
vn 0.5444 0.3986 0.7380
vn 0.5250 0.3938 0.7545
vn 0.3703 0.2928 0.8816
vn 0.5013 0.3977 0.7685
vn 0.4312 0.3354 0.8376
vn 0.4825 0.3703 0.7938
vn 0.5631 0.3482 0.7494
vn 0.5344 0.4025 0.7433
vn 0.5717 0.3642 0.7352
vn 0.5945 0.3680 0.7150
vn 0.5459 0.4138 0.7285
vn 0.5130 0.3746 0.7723
vn 0.2967 0.6912 0.6590
vn 0.3129 0.5858 0.7476
vn 0.3625 0.4311 0.8263
vn -0.7532 -0.3544 0.5542
vn -0.7798 -0.3465 0.5214
vn -0.8044 -0.4965 0.3261
vn -0.7833 -0.3958 0.4793
vn -0.8561 -0.2232 0.4661
vn -0.6684 0.3440 0.6594
vn -0.1024 0.8830 0.4580
vn -0.5486 0.5999 0.5823
vn -0.3146 0.8342 0.4530
vn -0.0189 0.9384 0.3450
vn -0.4016 -0.1921 -0.8954
vn -0.1014 0.1942 -0.9757
vn 0.2205 0.5072 -0.8332
vn 0.3723 0.6597 -0.6529
vn 0.3841 0.7025 -0.5992
vn 0.2895 0.6702 -0.6834
vn 0.1363 0.5433 -0.8284
vn 0.0948 0.6453 -0.7581
vn 0.1961 0.8370 -0.5108
vn 0.2625 0.9106 -0.3193
vn 0.3156 0.9364 -0.1534
vn 0.3690 0.9293 0.0126
vn 0.4012 0.9055 0.1382
vn 0.4138 0.8762 0.2470
vn 0.4460 0.8083 0.3843
vn 0.5120 0.6624 0.5469
vn 0.5393 0.5333 0.6517
vn 0.5252 0.4906 0.6953
vn 0.5088 0.4474 0.7355
vn 0.5062 0.3564 0.7853
vn 0.5117 0.2209 0.8303
vn 0.5095 0.0392 0.8596
vn 0.4818 -0.1653 0.8606
vn 0.4361 -0.3344 0.8354
vn 0.3034 -0.5671 0.7657
vn 0.0413 -0.7881 0.6142
vn -0.0335 -0.7699 0.6372
vn 0.0609 -0.6578 0.7508
vn 0.1630 -0.5813 0.7972
vn 0.2194 -0.5233 0.8234
vn 0.1348 -0.5546 0.8211
vn -0.0428 -0.6455 0.7626
vn -0.2710 -0.7520 0.6009
vn -0.4361 -0.8038 0.4047
vn -0.5259 -0.8173 0.2354
vn -0.6029 -0.7952 0.0643
vn -0.6521 -0.7482 -0.1222
vn -0.6651 -0.6391 -0.3862
vn -0.6176 -0.6726 -0.4076
vn -0.6369 -0.6977 -0.3279
vn -0.6878 -0.6588 -0.3050
vn -0.6891 -0.6071 -0.3957
vn -0.5942 -0.5468 -0.5899
vn -0.5334 -0.4914 -0.6885
# 6643 vertex normals

vt 0.0000 0.0000 0.0000
# 1 texture coords

o Cabeza5
g Cabeza5
usemtl _17174_Tiamat_v1default
s 1
f 1/1/1 2/1/2 3/1/3 4/1/4 
f 5/1/5 3/1/3 2/1/2 6/1/6 
f 7/1/7 8/1/8 3/1/3 5/1/5 
f 9/1/9 4/1/4 3/1/3 8/1/8 
f 10/1/10 11/1/11 12/1/12 13/1/13 
f 11/1/11 14/1/14 15/1/15 
f 5/1/5 12/1/12 15/1/15 7/1/7 
f 6/1/6 13/1/13 12/1/12 5/1/5 
f 6/1/6 2/1/2 16/1/16 17/1/17 
f 18/1/18 16/1/16 2/1/2 1/1/1 
f 19/1/19 20/1/20 16/1/16 18/1/18 
f 21/1/21 17/1/17 16/1/16 20/1/20 
f 21/1/21 22/1/22 23/1/23 17/1/17 
f 24/1/24 23/1/23 22/1/22 25/1/25 
f 10/1/10 13/1/13 23/1/23 24/1/24 
f 6/1/6 17/1/17 23/1/23 13/1/13 
f 25/1/25 26/1/26 27/1/27 24/1/24 
f 28/1/28 27/1/27 26/1/26 29/1/29 
f 14/1/14 11/1/11 27/1/27 28/1/28 
f 24/1/24 27/1/27 11/1/11 10/1/10 
f 9/1/9 30/1/30 31/1/31 32/1/32 
f 33/1/33 31/1/31 30/1/30 34/1/34 
f 35/1/35 36/1/36 31/1/31 33/1/33 
f 32/1/32 31/1/31 36/1/36 37/1/37 
f 7/1/7 38/1/38 39/1/39 8/1/8 
f 40/1/40 39/1/39 38/1/38 41/1/41 
f 34/1/34 30/1/30 39/1/39 40/1/40 
f 8/1/8 39/1/39 30/1/30 9/1/9 
f 42/1/42 38/1/38 7/1/7 
f 43/1/43 42/1/42 15/1/15 14/1/14 
f 44/1/44 45/1/45 42/1/42 43/1/43 
f 38/1/38 42/1/42 45/1/45 41/1/41 
f 43/1/43 46/1/46 47/1/47 44/1/44 
f 43/1/43 14/1/14 28/1/28 
f 46/1/46 28/1/28 29/1/29 
f 48/1/48 49/1/49 47/1/47 
f 50/1/50 51/1/51 52/1/52 53/1/53 
f 54/1/54 52/1/52 51/1/51 55/1/55 
f 25/1/25 22/1/22 52/1/52 54/1/54 
f 53/1/53 52/1/52 22/1/22 21/1/21 
f 56/1/56 54/1/54 55/1/55 
f 57/1/57 58/1/58 59/1/59 
f 29/1/29 26/1/26 56/1/56 59/1/59 
f 54/1/54 56/1/56 26/1/26 25/1/25 
f 60/1/60 61/1/61 59/1/59 58/1/58 
f 62/1/62 63/1/63 61/1/61 60/1/60 
f 63/1/63 49/1/49 48/1/48 
f 48/1/48 29/1/29 59/1/59 
f 62/1/62 64/1/64 65/1/65 63/1/63 
f 64/1/64 66/1/66 67/1/67 
f 68/1/68 65/1/65 67/1/67 69/1/69 
f 63/1/63 65/1/65 68/1/68 49/1/49 
f 66/1/66 70/1/70 71/1/71 67/1/67 
f 72/1/72 73/1/73 71/1/71 70/1/70 
f 74/1/74 75/1/75 71/1/71 73/1/73 
f 67/1/67 71/1/71 75/1/75 69/1/69 
f 76/1/76 77/1/77 78/1/78 79/1/79 
f 80/1/80 78/1/78 77/1/77 81/1/81 
f 73/1/73 78/1/78 80/1/80 74/1/74 
f 79/1/79 78/1/78 73/1/73 72/1/72 
f 82/1/82 83/1/83 84/1/84 85/1/85 
f 86/1/86 84/1/84 83/1/83 35/1/35 
f 87/1/87 84/1/84 86/1/86 88/1/88 
f 89/1/89 85/1/85 84/1/84 87/1/87 
f 34/1/34 90/1/90 91/1/91 33/1/33 
f 92/1/92 91/1/91 90/1/90 93/1/93 
f 88/1/88 86/1/86 91/1/91 92/1/92 
f 33/1/33 91/1/91 86/1/86 35/1/35 
f 94/1/94 40/1/40 41/1/41 
f 95/1/95 94/1/94 96/1/96 97/1/97 
f 93/1/93 90/1/90 94/1/94 95/1/95 
f 40/1/40 94/1/94 90/1/90 34/1/34 
f 41/1/41 45/1/45 98/1/98 96/1/96 
f 99/1/99 98/1/98 45/1/45 44/1/44 
f 100/1/100 101/1/101 98/1/98 99/1/99 
f 96/1/96 98/1/98 101/1/101 97/1/97 
f 44/1/44 47/1/47 102/1/102 99/1/99 
f 103/1/103 102/1/102 47/1/47 49/1/49 
f 104/1/104 105/1/105 102/1/102 103/1/103 
f 99/1/99 102/1/102 105/1/105 100/1/100 
f 69/1/69 106/1/106 107/1/107 68/1/68 
f 108/1/108 107/1/107 106/1/106 109/1/109 
f 104/1/104 103/1/103 107/1/107 108/1/108 
f 68/1/68 107/1/107 103/1/103 49/1/49 
f 110/1/110 111/1/111 75/1/75 74/1/74 
f 112/1/112 111/1/111 110/1/110 113/1/113 
f 109/1/109 106/1/106 111/1/111 112/1/112 
f 75/1/75 111/1/111 106/1/106 69/1/69 
f 74/1/74 80/1/80 114/1/114 110/1/110 
f 81/1/81 115/1/115 114/1/114 80/1/80 
f 116/1/116 114/1/114 115/1/115 117/1/117 
f 113/1/113 110/1/110 114/1/114 116/1/116 
f 89/1/89 87/1/87 118/1/118 119/1/119 
f 120/1/120 118/1/118 87/1/87 88/1/88 
f 121/1/121 122/1/122 118/1/118 120/1/120 
f 119/1/119 118/1/118 122/1/122 123/1/123 
f 92/1/92 124/1/124 120/1/120 88/1/88 
f 93/1/93 125/1/125 124/1/124 92/1/92 
f 126/1/126 127/1/127 124/1/124 125/1/125 
f 120/1/120 124/1/124 127/1/127 121/1/121 
f 128/1/128 129/1/129 130/1/130 131/1/131 
f 125/1/125 130/1/130 129/1/129 126/1/126 
f 95/1/95 130/1/130 125/1/125 93/1/93 
f 97/1/97 131/1/131 130/1/130 95/1/95 
f 132/1/132 133/1/133 129/1/129 128/1/128 
f 133/1/133 132/1/132 134/1/134 
f 129/1/129 133/1/133 135/1/135 126/1/126 
f 97/1/97 101/1/101 136/1/136 131/1/131 
f 137/1/137 136/1/136 101/1/101 100/1/100 
f 138/1/138 139/1/139 136/1/136 137/1/137 
f 131/1/131 136/1/136 139/1/139 128/1/128 
f 104/1/104 140/1/140 141/1/141 105/1/105 
f 142/1/142 143/1/143 141/1/141 140/1/140 
f 137/1/137 141/1/141 143/1/143 138/1/138 
f 105/1/105 141/1/141 137/1/137 100/1/100 
f 109/1/109 144/1/144 145/1/145 108/1/108 
f 146/1/146 147/1/147 145/1/145 144/1/144 
f 142/1/142 140/1/140 145/1/145 147/1/147 
f 108/1/108 145/1/145 140/1/140 104/1/104 
f 148/1/148 149/1/149 150/1/150 151/1/151 
f 144/1/144 150/1/150 149/1/149 146/1/146 
f 112/1/112 150/1/150 144/1/144 109/1/109 
f 113/1/113 151/1/151 150/1/150 112/1/112 
f 152/1/152 153/1/153 154/1/154 155/1/155 
f 156/1/156 154/1/154 153/1/153 157/1/157 
f 58/1/58 57/1/57 154/1/154 156/1/156 
f 57/1/57 55/1/55 155/1/155 
f 158/1/158 159/1/159 160/1/160 161/1/161 
f 162/1/162 160/1/160 159/1/159 163/1/163 
f 157/1/157 153/1/153 160/1/160 162/1/162 
f 161/1/161 160/1/160 153/1/153 152/1/152 
f 157/1/157 164/1/164 165/1/165 156/1/156 
f 166/1/166 165/1/165 164/1/164 167/1/167 
f 62/1/62 60/1/60 165/1/165 166/1/166 
f 156/1/156 165/1/165 60/1/60 58/1/58 
f 163/1/163 168/1/168 169/1/169 162/1/162 
f 170/1/170 169/1/169 168/1/168 171/1/171 
f 167/1/167 164/1/164 169/1/169 170/1/170 
f 162/1/162 169/1/169 164/1/164 157/1/157 
f 172/1/172 173/1/173 174/1/174 175/1/175 
f 176/1/176 174/1/174 173/1/173 177/1/177 
f 171/1/171 168/1/168 174/1/174 176/1/176 
f 175/1/175 174/1/174 168/1/168 163/1/163 
f 167/1/167 178/1/178 179/1/179 166/1/166 
f 180/1/180 179/1/179 178/1/178 181/1/181 
f 66/1/66 64/1/64 179/1/179 180/1/180 
f 166/1/166 179/1/179 64/1/64 62/1/62 
f 182/1/182 183/1/183 184/1/184 185/1/185 
f 176/1/176 184/1/184 183/1/183 171/1/171 
f 177/1/177 186/1/186 184/1/184 176/1/176 
f 185/1/185 184/1/184 186/1/186 187/1/187 
f 171/1/171 183/1/183 188/1/188 170/1/170 
f 189/1/189 188/1/188 183/1/183 182/1/182 
f 181/1/181 178/1/178 188/1/188 189/1/189 
f 170/1/170 188/1/188 178/1/178 167/1/167 
f 190/1/190 180/1/180 181/1/181 191/1/191 
f 191/1/191 192/1/192 193/1/193 
f 72/1/72 70/1/70 190/1/190 193/1/193 
f 180/1/180 190/1/190 70/1/70 66/1/66 
f 194/1/194 193/1/193 192/1/192 
f 195/1/195 194/1/194 196/1/196 197/1/197 
f 76/1/76 79/1/79 194/1/194 195/1/195 
f 193/1/193 194/1/194 79/1/79 72/1/72 
f 182/1/182 198/1/198 199/1/199 189/1/189 
f 200/1/200 199/1/199 198/1/198 201/1/201 
f 192/1/192 191/1/191 199/1/199 200/1/200 
f 189/1/189 199/1/199 191/1/191 181/1/181 
f 187/1/187 202/1/202 203/1/203 185/1/185 
f 204/1/204 203/1/203 202/1/202 205/1/205 
f 201/1/201 198/1/198 203/1/203 204/1/204 
f 185/1/185 203/1/203 198/1/198 182/1/182 
f 201/1/201 206/1/206 207/1/207 200/1/200 
f 208/1/208 207/1/207 206/1/206 209/1/209 
f 197/1/197 196/1/196 207/1/207 208/1/208 
f 200/1/200 207/1/207 196/1/196 192/1/192 
f 205/1/205 210/1/210 211/1/211 204/1/204 
f 212/1/212 211/1/211 210/1/210 213/1/213 
f 209/1/209 206/1/206 211/1/211 212/1/212 
f 204/1/204 211/1/211 206/1/206 201/1/201 
f 209/1/209 214/1/214 215/1/215 208/1/208 
f 216/1/216 215/1/215 214/1/214 217/1/217 
f 218/1/218 219/1/219 215/1/215 216/1/216 
f 208/1/208 215/1/215 219/1/219 197/1/197 
f 213/1/213 220/1/220 221/1/221 212/1/212 
f 222/1/222 221/1/221 220/1/220 223/1/223 
f 217/1/217 214/1/214 221/1/221 222/1/222 
f 212/1/212 221/1/221 214/1/214 209/1/209 
f 223/1/223 224/1/224 225/1/225 222/1/222 
f 226/1/226 225/1/225 224/1/224 227/1/227 
f 228/1/228 229/1/229 225/1/225 226/1/226 
f 222/1/222 225/1/225 229/1/229 217/1/217 
f 230/1/230 231/1/231 232/1/232 233/1/233 
f 226/1/226 232/1/232 231/1/231 228/1/228 
f 227/1/227 234/1/234 232/1/232 226/1/226 
f 233/1/233 232/1/232 234/1/234 235/1/235 
f 235/1/235 236/1/236 237/1/237 233/1/233 
f 238/1/238 237/1/237 236/1/236 239/1/239 
f 240/1/240 241/1/241 237/1/237 238/1/238 
f 233/1/233 237/1/237 241/1/241 230/1/230 
f 134/1/134 132/1/132 242/1/242 243/1/243 
f 244/1/244 242/1/242 132/1/132 128/1/128 
f 245/1/245 246/1/246 242/1/242 244/1/244 
f 243/1/243 242/1/242 246/1/246 247/1/247 
f 139/1/139 248/1/248 244/1/244 128/1/128 
f 249/1/249 248/1/248 139/1/139 138/1/138 
f 250/1/250 251/1/251 248/1/248 249/1/249 
f 244/1/244 248/1/248 251/1/251 245/1/245 
f 138/1/138 143/1/143 252/1/252 249/1/249 
f 253/1/253 252/1/252 143/1/143 142/1/142 
f 254/1/254 255/1/255 252/1/252 253/1/253 
f 249/1/249 252/1/252 255/1/255 250/1/250 
f 142/1/142 147/1/147 256/1/256 253/1/253 
f 257/1/257 256/1/256 147/1/147 146/1/146 
f 258/1/258 259/1/259 256/1/256 257/1/257 
f 253/1/253 256/1/256 259/1/259 254/1/254 
f 254/1/254 259/1/259 260/1/260 261/1/261 
f 262/1/262 260/1/260 259/1/259 258/1/258 
f 260/1/260 262/1/262 263/1/263 
f 261/1/261 260/1/260 264/1/264 265/1/265 
f 266/1/266 267/1/267 268/1/268 269/1/269 
f 270/1/270 268/1/268 267/1/267 271/1/271 
f 177/1/177 173/1/173 268/1/268 270/1/270 
f 269/1/269 268/1/268 173/1/173 172/1/172 
f 271/1/271 272/1/272 273/1/273 270/1/270 
f 274/1/274 273/1/273 272/1/272 275/1/275 
f 187/1/187 186/1/186 273/1/273 274/1/274 
f 270/1/270 273/1/273 186/1/186 177/1/177 
f 275/1/275 276/1/276 277/1/277 274/1/274 
f 278/1/278 277/1/277 276/1/276 279/1/279 
f 205/1/205 202/1/202 277/1/277 278/1/278 
f 274/1/274 277/1/277 202/1/202 187/1/187 
f 279/1/279 280/1/280 281/1/281 278/1/278 
f 282/1/282 281/1/281 280/1/280 283/1/283 
f 213/1/213 210/1/210 281/1/281 282/1/282 
f 278/1/278 281/1/281 210/1/210 205/1/205 
f 283/1/283 284/1/284 285/1/285 282/1/282 
f 286/1/286 285/1/285 284/1/284 287/1/287 
f 223/1/223 220/1/220 285/1/285 286/1/286 
f 282/1/282 285/1/285 220/1/220 213/1/213 
f 287/1/287 288/1/288 289/1/289 286/1/286 
f 290/1/290 289/1/289 288/1/288 291/1/291 
f 227/1/227 224/1/224 289/1/289 290/1/290 
f 286/1/286 289/1/289 224/1/224 223/1/223 
f 291/1/291 292/1/292 293/1/293 290/1/290 
f 294/1/294 293/1/293 292/1/292 295/1/295 
f 235/1/235 234/1/234 293/1/293 294/1/294 
f 290/1/290 293/1/293 234/1/234 227/1/227 
f 295/1/295 296/1/296 297/1/297 294/1/294 
f 298/1/298 297/1/297 296/1/296 299/1/299 
f 239/1/239 236/1/236 297/1/297 298/1/298 
f 294/1/294 297/1/297 236/1/236 235/1/235 
f 300/1/300 301/1/301 302/1/302 303/1/303 
f 304/1/304 302/1/302 301/1/301 305/1/305 
f 266/1/266 306/1/306 302/1/302 304/1/304 
f 303/1/303 302/1/302 306/1/306 307/1/307 
f 305/1/305 308/1/308 309/1/309 304/1/304 
f 310/1/310 309/1/309 308/1/308 311/1/311 
f 271/1/271 267/1/267 309/1/309 310/1/310 
f 304/1/304 309/1/309 267/1/267 266/1/266 
f 311/1/311 312/1/312 313/1/313 310/1/310 
f 314/1/314 313/1/313 312/1/312 315/1/315 
f 275/1/275 272/1/272 313/1/313 314/1/314 
f 310/1/310 313/1/313 272/1/272 271/1/271 
f 315/1/315 316/1/316 317/1/317 314/1/314 
f 318/1/318 317/1/317 316/1/316 319/1/319 
f 279/1/279 276/1/276 317/1/317 318/1/318 
f 314/1/314 317/1/317 276/1/276 275/1/275 
f 319/1/319 320/1/320 321/1/321 318/1/318 
f 322/1/322 321/1/321 320/1/320 323/1/323 
f 283/1/283 280/1/280 321/1/321 322/1/322 
f 318/1/318 321/1/321 280/1/280 279/1/279 
f 323/1/323 324/1/324 325/1/325 322/1/322 
f 326/1/326 325/1/325 324/1/324 327/1/327 
f 287/1/287 284/1/284 325/1/325 326/1/326 
f 322/1/322 325/1/325 284/1/284 283/1/283 
f 327/1/327 328/1/328 329/1/329 326/1/326 
f 330/1/330 329/1/329 328/1/328 331/1/331 
f 291/1/291 288/1/288 329/1/329 330/1/330 
f 326/1/326 329/1/329 288/1/288 287/1/287 
f 331/1/331 332/1/332 333/1/333 330/1/330 
f 334/1/334 333/1/333 332/1/332 335/1/335 
f 295/1/295 292/1/292 333/1/333 334/1/334 
f 330/1/330 333/1/333 292/1/292 291/1/291 
f 336/1/336 337/1/337 338/1/338 339/1/339 
f 340/1/340 338/1/338 337/1/337 341/1/341 
f 300/1/300 342/1/342 338/1/338 340/1/340 
f 339/1/339 338/1/338 342/1/342 343/1/343 
f 341/1/341 344/1/344 345/1/345 340/1/340 
f 346/1/346 345/1/345 344/1/344 347/1/347 
f 305/1/305 301/1/301 345/1/345 346/1/346 
f 340/1/340 345/1/345 301/1/301 300/1/300 
f 347/1/347 348/1/348 349/1/349 346/1/346 
f 350/1/350 349/1/349 348/1/348 351/1/351 
f 311/1/311 308/1/308 349/1/349 350/1/350 
f 346/1/346 349/1/349 308/1/308 305/1/305 
f 351/1/351 352/1/352 353/1/353 350/1/350 
f 354/1/354 353/1/353 352/1/352 355/1/355 
f 315/1/315 312/1/312 353/1/353 354/1/354 
f 350/1/350 353/1/353 312/1/312 311/1/311 
f 355/1/355 356/1/356 357/1/357 354/1/354 
f 358/1/358 357/1/357 356/1/356 359/1/359 
f 319/1/319 316/1/316 357/1/357 358/1/358 
f 354/1/354 357/1/357 316/1/316 315/1/315 
f 359/1/359 360/1/360 361/1/361 358/1/358 
f 362/1/362 361/1/361 360/1/360 363/1/363 
f 323/1/323 320/1/320 361/1/361 362/1/362 
f 358/1/358 361/1/361 320/1/320 319/1/319 
f 363/1/363 364/1/364 365/1/365 362/1/362 
f 366/1/366 365/1/365 364/1/364 367/1/367 
f 327/1/327 324/1/324 365/1/365 366/1/366 
f 362/1/362 365/1/365 324/1/324 323/1/323 
f 367/1/367 368/1/368 369/1/369 366/1/366 
f 370/1/370 369/1/369 368/1/368 371/1/371 
f 331/1/331 328/1/328 369/1/369 370/1/370 
f 366/1/366 369/1/369 328/1/328 327/1/327 
f 371/1/371 372/1/372 373/1/373 370/1/370 
f 374/1/374 373/1/373 372/1/372 375/1/375 
f 335/1/335 332/1/332 373/1/373 374/1/374 
f 370/1/370 373/1/373 332/1/332 331/1/331 
f 376/1/376 377/1/377 378/1/378 379/1/379 
f 380/1/380 377/1/377 376/1/376 381/1/381 
f 35/1/35 83/1/83 377/1/377 380/1/380 
f 378/1/378 377/1/377 83/1/83 82/1/82 
f 382/1/382 32/1/32 37/1/37 
f 383/1/383 382/1/382 384/1/384 385/1/385 
f 1/1/1 4/1/4 382/1/382 383/1/383 
f 4/1/4 9/1/9 32/1/32 
f 1/1/1 383/1/383 386/1/386 18/1/18 
f 387/1/387 386/1/386 383/1/383 385/1/385 
f 388/1/388 389/1/389 386/1/386 387/1/387 
f 18/1/18 386/1/386 389/1/389 19/1/19 
f 388/1/388 387/1/387 390/1/390 391/1/391 
f 387/1/387 385/1/385 392/1/392 
f 393/1/393 394/1/394 390/1/390 392/1/392 
f 391/1/391 390/1/390 394/1/394 395/1/395 
f 381/1/381 396/1/396 397/1/397 380/1/380 
f 384/1/384 397/1/397 396/1/396 385/1/385 
f 37/1/37 36/1/36 397/1/397 384/1/384 
f 380/1/380 397/1/397 36/1/36 35/1/35 
f 398/1/398 399/1/399 393/1/393 
f 392/1/392 385/1/385 396/1/396 
f 396/1/396 381/1/381 399/1/399 
f 400/1/400 401/1/401 402/1/402 403/1/403 
f 404/1/404 402/1/402 401/1/401 405/1/405 
f 406/1/406 407/1/407 402/1/402 404/1/404 
f 403/1/403 402/1/402 407/1/407 408/1/408 
f 405/1/405 409/1/409 410/1/410 404/1/404 
f 411/1/411 410/1/410 409/1/409 412/1/412 
f 413/1/413 414/1/414 410/1/410 411/1/411 
f 404/1/404 410/1/410 414/1/414 406/1/406 
f 412/1/412 415/1/415 416/1/416 411/1/411 
f 417/1/417 416/1/416 415/1/415 418/1/418 
f 419/1/419 420/1/420 416/1/416 417/1/417 
f 411/1/411 416/1/416 420/1/420 413/1/413 
f 418/1/418 421/1/421 422/1/422 417/1/417 
f 423/1/423 422/1/422 421/1/421 424/1/424 
f 425/1/425 426/1/426 422/1/422 423/1/423 
f 417/1/417 422/1/422 426/1/426 419/1/419 
f 427/1/427 428/1/428 429/1/429 430/1/430 
f 431/1/431 429/1/429 428/1/428 432/1/432 
f 433/1/433 434/1/434 429/1/429 431/1/431 
f 430/1/430 429/1/429 434/1/434 424/1/424 
f 435/1/435 436/1/436 437/1/437 438/1/438 
f 423/1/423 437/1/437 436/1/436 425/1/425 
f 424/1/424 434/1/434 437/1/437 423/1/423 
f 434/1/434 433/1/433 438/1/438 
f 439/1/439 440/1/440 441/1/441 442/1/442 
f 443/1/443 441/1/441 440/1/440 444/1/444 
f 379/1/379 378/1/378 441/1/441 443/1/443 
f 442/1/442 441/1/441 378/1/378 82/1/82 
f 445/1/445 446/1/446 447/1/447 448/1/448 
f 442/1/442 447/1/447 446/1/446 439/1/439 
f 82/1/82 85/1/85 447/1/447 442/1/442 
f 448/1/448 447/1/447 85/1/85 89/1/89 
f 123/1/123 122/1/122 449/1/449 450/1/450 
f 451/1/451 449/1/449 122/1/122 121/1/121 
f 452/1/452 453/1/453 449/1/449 451/1/451 
f 450/1/450 449/1/449 453/1/453 454/1/454 
f 121/1/121 127/1/127 455/1/455 451/1/451 
f 456/1/456 455/1/455 127/1/127 126/1/126 
f 457/1/457 455/1/455 456/1/456 458/1/458 
f 451/1/451 455/1/455 457/1/457 452/1/452 
f 247/1/247 459/1/459 460/1/460 243/1/243 
f 456/1/456 460/1/460 459/1/459 458/1/458 
f 126/1/126 135/1/135 460/1/460 456/1/456 
f 243/1/243 460/1/460 135/1/135 134/1/134 
f 123/1/123 461/1/461 462/1/462 119/1/119 
f 461/1/461 463/1/463 464/1/464 
f 445/1/445 448/1/448 462/1/462 464/1/464 
f 119/1/119 462/1/462 448/1/448 89/1/89 
f 465/1/465 466/1/466 467/1/467 
f 468/1/468 465/1/465 469/1/469 470/1/470 
f 444/1/444 440/1/440 465/1/465 468/1/468 
f 466/1/466 465/1/465 440/1/440 439/1/439 
f 463/1/463 471/1/471 472/1/472 464/1/464 
f 471/1/471 467/1/467 466/1/466 
f 439/1/439 446/1/446 472/1/472 466/1/466 
f 464/1/464 472/1/472 446/1/446 445/1/445 
f 454/1/454 473/1/473 474/1/474 450/1/450 
f 473/1/473 463/1/463 461/1/461 
f 450/1/450 474/1/474 461/1/461 123/1/123 
f 454/1/454 453/1/453 475/1/475 476/1/476 
f 477/1/477 475/1/475 453/1/453 452/1/452 
f 478/1/478 479/1/479 475/1/475 477/1/477 
f 476/1/476 475/1/475 479/1/479 480/1/480 
f 463/1/463 473/1/473 481/1/481 482/1/482 
f 476/1/476 481/1/481 473/1/473 454/1/454 
f 480/1/480 483/1/483 481/1/481 476/1/476 
f 482/1/482 481/1/481 483/1/483 484/1/484 
f 485/1/485 482/1/482 484/1/484 
f 486/1/486 487/1/487 488/1/488 
f 485/1/485 488/1/488 467/1/467 
f 482/1/482 485/1/485 471/1/471 463/1/463 
f 489/1/489 488/1/488 487/1/487 
f 490/1/490 489/1/489 491/1/491 492/1/492 
f 467/1/467 488/1/488 489/1/489 490/1/490 
f 493/1/493 490/1/490 492/1/492 
f 494/1/494 495/1/495 496/1/496 
f 470/1/470 469/1/469 493/1/493 496/1/496 
f 490/1/490 493/1/493 469/1/469 467/1/467 
f 497/1/497 498/1/498 499/1/499 500/1/500 
f 498/1/498 501/1/501 502/1/502 
f 492/1/492 491/1/491 499/1/499 502/1/502 
f 500/1/500 499/1/499 491/1/491 487/1/487 
f 503/1/503 504/1/504 505/1/505 506/1/506 
f 500/1/500 505/1/505 504/1/504 497/1/497 
f 487/1/487 486/1/486 505/1/505 500/1/500 
f 506/1/506 505/1/505 486/1/486 484/1/484 
f 507/1/507 508/1/508 509/1/509 510/1/510 
f 506/1/506 509/1/509 508/1/508 503/1/503 
f 484/1/484 483/1/483 509/1/509 506/1/506 
f 510/1/510 509/1/509 483/1/483 480/1/480 
f 511/1/511 512/1/512 513/1/513 514/1/514 
f 510/1/510 512/1/512 511/1/511 507/1/507 
f 480/1/480 479/1/479 512/1/512 510/1/510 
f 478/1/478 513/1/513 512/1/512 479/1/479 
f 515/1/515 516/1/516 517/1/517 518/1/518 
f 519/1/519 517/1/517 516/1/516 520/1/520 
f 496/1/496 517/1/517 519/1/519 470/1/470 
f 518/1/518 517/1/517 496/1/496 495/1/495 
f 408/1/408 407/1/407 521/1/521 522/1/522 
f 523/1/523 521/1/521 407/1/407 406/1/406 
f 524/1/524 525/1/525 521/1/521 523/1/523 
f 522/1/522 521/1/521 525/1/525 526/1/526 
f 527/1/527 528/1/528 529/1/529 530/1/530 
f 531/1/531 529/1/529 528/1/528 532/1/532 
f 520/1/520 516/1/516 529/1/529 531/1/531 
f 530/1/530 529/1/529 516/1/516 515/1/515 
f 526/1/526 525/1/525 533/1/533 534/1/534 
f 535/1/535 533/1/533 525/1/525 524/1/524 
f 532/1/532 528/1/528 533/1/533 535/1/535 
f 534/1/534 533/1/533 528/1/528 527/1/527 
f 470/1/470 519/1/519 536/1/536 468/1/468 
f 537/1/537 536/1/536 519/1/519 520/1/520 
f 538/1/538 539/1/539 536/1/536 537/1/537 
f 468/1/468 536/1/536 539/1/539 444/1/444 
f 406/1/406 414/1/414 540/1/540 523/1/523 
f 541/1/541 540/1/540 414/1/414 413/1/413 
f 542/1/542 543/1/543 540/1/540 541/1/541 
f 523/1/523 540/1/540 543/1/543 524/1/524 
f 520/1/520 531/1/531 544/1/544 537/1/537 
f 545/1/545 544/1/544 531/1/531 532/1/532 
f 546/1/546 547/1/547 544/1/544 545/1/545 
f 537/1/537 544/1/544 547/1/547 538/1/538 
f 542/1/542 548/1/548 549/1/549 543/1/543 
f 545/1/545 549/1/549 548/1/548 546/1/546 
f 532/1/532 535/1/535 549/1/549 545/1/545 
f 543/1/543 549/1/549 535/1/535 524/1/524 
f 444/1/444 539/1/539 550/1/550 443/1/443 
f 539/1/539 538/1/538 551/1/551 
f 550/1/550 551/1/551 552/1/552 
f 443/1/443 550/1/550 553/1/553 379/1/379 
f 413/1/413 420/1/420 554/1/554 541/1/541 
f 555/1/555 554/1/554 420/1/420 419/1/419 
f 556/1/556 557/1/557 554/1/554 555/1/555 
f 541/1/541 554/1/554 557/1/557 542/1/542 
f 558/1/558 551/1/551 538/1/538 
f 559/1/559 558/1/558 547/1/547 546/1/546 
f 560/1/560 561/1/561 558/1/558 559/1/559 
f 561/1/561 552/1/552 551/1/551 
f 556/1/556 562/1/562 563/1/563 557/1/557 
f 559/1/559 563/1/563 562/1/562 560/1/560 
f 546/1/546 548/1/548 563/1/563 559/1/559 
f 557/1/557 563/1/563 548/1/548 542/1/542 
f 556/1/556 555/1/555 564/1/564 565/1/565 
f 419/1/419 426/1/426 564/1/564 555/1/555 
f 566/1/566 564/1/564 426/1/426 425/1/425 
f 565/1/565 564/1/564 566/1/566 567/1/567 
f 379/1/379 553/1/553 568/1/568 376/1/376 
f 553/1/553 552/1/552 569/1/569 
f 568/1/568 569/1/569 570/1/570 
f 376/1/376 568/1/568 571/1/571 381/1/381 
f 552/1/552 561/1/561 572/1/572 569/1/569 
f 573/1/573 572/1/572 561/1/561 560/1/560 
f 574/1/574 575/1/575 572/1/572 573/1/573 
f 569/1/569 572/1/572 575/1/575 570/1/570 
f 567/1/567 576/1/576 577/1/577 565/1/565 
f 573/1/573 577/1/577 576/1/576 574/1/574 
f 560/1/560 562/1/562 577/1/577 573/1/573 
f 565/1/565 577/1/577 562/1/562 556/1/556 
f 578/1/578 579/1/579 436/1/436 435/1/435 
f 578/1/578 580/1/580 581/1/581 
f 567/1/567 566/1/566 579/1/579 581/1/581 
f 425/1/425 436/1/436 579/1/579 566/1/566 
f 582/1/582 583/1/583 584/1/584 
f 399/1/399 582/1/582 585/1/585 393/1/393 
f 582/1/582 399/1/399 381/1/381 
f 583/1/583 582/1/582 571/1/571 570/1/570 
f 580/1/580 586/1/586 587/1/587 581/1/581 
f 588/1/588 587/1/587 586/1/586 589/1/589 
f 587/1/587 588/1/588 574/1/574 
f 581/1/581 587/1/587 576/1/576 567/1/567 
f 589/1/589 590/1/590 591/1/591 588/1/588 
f 583/1/583 591/1/591 590/1/590 584/1/584 
f 570/1/570 575/1/575 591/1/591 583/1/583 
f 588/1/588 591/1/591 575/1/575 574/1/574 
f 307/1/307 592/1/592 593/1/593 303/1/303 
f 594/1/594 593/1/593 592/1/592 595/1/595 
f 343/1/343 342/1/342 593/1/593 594/1/594 
f 303/1/303 593/1/593 342/1/342 300/1/300 
f 596/1/596 597/1/597 598/1/598 
f 155/1/155 596/1/596 599/1/599 152/1/152 
f 596/1/596 155/1/155 55/1/55 
f 597/1/597 596/1/596 51/1/51 50/1/50 
f 600/1/600 601/1/601 592/1/592 307/1/307 
f 602/1/602 603/1/603 601/1/601 600/1/600 
f 604/1/604 601/1/601 603/1/603 605/1/605 
f 595/1/595 592/1/592 601/1/601 604/1/604 
f 175/1/175 606/1/606 607/1/607 172/1/172 
f 163/1/163 159/1/159 606/1/606 175/1/175 
f 158/1/158 608/1/608 606/1/606 159/1/159 
f 607/1/607 606/1/606 608/1/608 602/1/602 
f 602/1/602 608/1/608 609/1/609 610/1/610 
f 161/1/161 609/1/609 608/1/608 158/1/158 
f 152/1/152 599/1/599 609/1/609 161/1/161 
f 610/1/610 609/1/609 599/1/599 598/1/598 
f 605/1/605 603/1/603 611/1/611 612/1/612 
f 610/1/610 611/1/611 603/1/603 602/1/602 
f 598/1/598 612/1/612 611/1/611 610/1/610 
f 172/1/172 607/1/607 613/1/613 269/1/269 
f 600/1/600 613/1/613 607/1/607 602/1/602 
f 307/1/307 306/1/306 613/1/613 600/1/600 
f 269/1/269 613/1/613 306/1/306 266/1/266 
f 452/1/452 457/1/457 614/1/614 477/1/477 
f 615/1/615 614/1/614 457/1/457 458/1/458 
f 616/1/616 617/1/617 614/1/614 615/1/615 
f 617/1/617 478/1/478 477/1/477 
f 618/1/618 619/1/619 617/1/617 616/1/616 
f 620/1/620 621/1/621 619/1/619 618/1/618 
f 514/1/514 513/1/513 619/1/619 621/1/621 
f 617/1/617 619/1/619 513/1/513 478/1/478 
f 621/1/621 620/1/620 622/1/622 
f 623/1/623 622/1/622 624/1/624 
f 621/1/621 623/1/623 625/1/625 514/1/514 
f 507/1/507 511/1/511 626/1/626 627/1/627 
f 514/1/514 625/1/625 626/1/626 511/1/511 
f 626/1/626 625/1/625 624/1/624 
f 628/1/628 629/1/629 627/1/627 
f 503/1/503 508/1/508 630/1/630 631/1/631 
f 627/1/627 630/1/630 508/1/508 507/1/507 
f 629/1/629 632/1/632 630/1/630 627/1/627 
f 631/1/631 630/1/630 632/1/632 633/1/633 
f 633/1/633 634/1/634 635/1/635 631/1/631 
f 636/1/636 635/1/635 634/1/634 637/1/637 
f 497/1/497 504/1/504 635/1/635 636/1/636 
f 631/1/631 635/1/635 504/1/504 503/1/503 
f 637/1/637 638/1/638 639/1/639 636/1/636 
f 640/1/640 639/1/639 638/1/638 641/1/641 
f 501/1/501 498/1/498 639/1/639 640/1/640 
f 636/1/636 639/1/639 498/1/498 497/1/497 
f 642/1/642 643/1/643 644/1/644 645/1/645 
f 641/1/641 638/1/638 643/1/643 642/1/642 
f 644/1/644 643/1/643 638/1/638 637/1/637 
f 646/1/646 647/1/647 648/1/648 649/1/649 
f 644/1/644 648/1/648 647/1/647 645/1/645 
f 637/1/637 634/1/634 648/1/648 644/1/644 
f 649/1/649 648/1/648 634/1/634 633/1/633 
f 650/1/650 651/1/651 652/1/652 653/1/653 
f 649/1/649 652/1/652 651/1/651 646/1/646 
f 633/1/633 632/1/632 652/1/652 649/1/649 
f 653/1/653 652/1/652 632/1/632 629/1/629 
f 654/1/654 655/1/655 628/1/628 624/1/624 
f 656/1/656 655/1/655 654/1/654 657/1/657 
f 650/1/650 653/1/653 655/1/655 656/1/656 
f 629/1/629 628/1/628 655/1/655 653/1/653 
f 658/1/658 659/1/659 660/1/660 661/1/661 
f 658/1/658 657/1/657 654/1/654 659/1/659 
f 624/1/624 622/1/622 659/1/659 654/1/654 
f 620/1/620 660/1/660 659/1/659 622/1/622 
f 616/1/616 662/1/662 663/1/663 618/1/618 
f 662/1/662 664/1/664 665/1/665 
f 663/1/663 665/1/665 661/1/661 
f 618/1/618 663/1/663 660/1/660 620/1/620 
f 615/1/615 666/1/666 662/1/662 616/1/616 
f 667/1/667 666/1/666 615/1/615 458/1/458 
f 666/1/666 667/1/667 668/1/668 
f 664/1/664 662/1/662 666/1/666 669/1/669 
f 670/1/670 667/1/667 458/1/458 
f 459/1/459 247/1/247 671/1/671 
f 672/1/672 673/1/673 670/1/670 671/1/671 
f 673/1/673 668/1/668 667/1/667 
f 247/1/247 246/1/246 674/1/674 671/1/671 
f 675/1/675 674/1/674 246/1/246 245/1/245 
f 676/1/676 677/1/677 674/1/674 675/1/675 
f 671/1/671 674/1/674 677/1/677 672/1/672 
f 245/1/245 251/1/251 678/1/678 675/1/675 
f 679/1/679 678/1/678 251/1/251 250/1/250 
f 678/1/678 679/1/679 680/1/680 
f 675/1/675 678/1/678 681/1/681 676/1/676 
f 265/1/265 682/1/682 683/1/683 261/1/261 
f 679/1/679 683/1/683 682/1/682 680/1/680 
f 250/1/250 255/1/255 683/1/683 679/1/679 
f 261/1/261 683/1/683 255/1/255 254/1/254 
f 684/1/684 685/1/685 686/1/686 
f 687/1/687 688/1/688 689/1/689 686/1/686 
f 684/1/684 689/1/689 688/1/688 690/1/690 
f 680/1/680 682/1/682 691/1/691 692/1/692 
f 693/1/693 691/1/691 682/1/682 265/1/265 
f 694/1/694 695/1/695 691/1/691 693/1/693 
f 692/1/692 691/1/691 695/1/695 685/1/685 
f 265/1/265 264/1/264 696/1/696 693/1/693 
f 697/1/697 696/1/696 264/1/264 263/1/263 
f 698/1/698 699/1/699 696/1/696 697/1/697 
f 693/1/693 696/1/696 699/1/699 694/1/694 
f 263/1/263 700/1/700 701/1/701 697/1/697 
f 702/1/702 701/1/701 700/1/700 703/1/703 
f 704/1/704 705/1/705 701/1/701 702/1/702 
f 697/1/697 701/1/701 705/1/705 698/1/698 
f 706/1/706 702/1/702 703/1/703 
f 707/1/707 708/1/708 706/1/706 709/1/709 
f 710/1/710 706/1/706 708/1/708 711/1/711 
f 706/1/706 710/1/710 704/1/704 
f 146/1/146 149/1/149 712/1/712 257/1/257 
f 713/1/713 712/1/712 149/1/149 148/1/148 
f 714/1/714 715/1/715 712/1/712 713/1/713 
f 257/1/257 712/1/712 715/1/715 258/1/258 
f 258/1/258 715/1/715 716/1/716 262/1/262 
f 717/1/717 716/1/716 715/1/715 714/1/714 
f 716/1/716 717/1/717 703/1/703 
f 700/1/700 263/1/263 262/1/262 
f 714/1/714 718/1/718 719/1/719 717/1/717 
f 720/1/720 719/1/719 718/1/718 721/1/721 
f 707/1/707 709/1/709 719/1/719 720/1/720 
f 717/1/717 719/1/719 709/1/709 703/1/703 
f 113/1/113 116/1/116 722/1/722 151/1/151 
f 117/1/117 723/1/723 722/1/722 116/1/116 
f 724/1/724 725/1/725 722/1/722 723/1/723 
f 151/1/151 722/1/722 725/1/725 148/1/148 
f 148/1/148 725/1/725 726/1/726 713/1/713 
f 727/1/727 726/1/726 725/1/725 724/1/724 
f 721/1/721 718/1/718 726/1/726 727/1/727 
f 713/1/713 726/1/726 718/1/718 714/1/714 
f 721/1/721 727/1/727 728/1/728 729/1/729 
f 724/1/724 730/1/730 728/1/728 727/1/727 
f 731/1/731 729/1/729 728/1/728 730/1/730 
f 707/1/707 720/1/720 732/1/732 733/1/733 
f 729/1/729 732/1/732 720/1/720 721/1/721 
f 731/1/731 734/1/734 732/1/732 729/1/729 
f 733/1/733 732/1/732 734/1/734 735/1/735 
f 736/1/736 686/1/686 685/1/685 
f 737/1/737 736/1/736 695/1/695 694/1/694 
f 738/1/738 739/1/739 736/1/736 737/1/737 
f 739/1/739 687/1/687 686/1/686 
f 740/1/740 741/1/741 742/1/742 743/1/743 
f 744/1/744 742/1/742 741/1/741 687/1/687 
f 745/1/745 746/1/746 742/1/742 744/1/744 
f 743/1/743 742/1/742 746/1/746 747/1/747 
f 738/1/738 748/1/748 749/1/749 739/1/739 
f 744/1/744 749/1/749 748/1/748 745/1/745 
f 744/1/744 687/1/687 739/1/739 
f 694/1/694 699/1/699 750/1/750 737/1/737 
f 751/1/751 750/1/750 699/1/699 698/1/698 
f 752/1/752 753/1/753 750/1/750 751/1/751 
f 737/1/737 750/1/750 753/1/753 738/1/738 
f 752/1/752 754/1/754 755/1/755 753/1/753 
f 756/1/756 755/1/755 754/1/754 757/1/757 
f 745/1/745 748/1/748 755/1/755 756/1/756 
f 753/1/753 755/1/755 748/1/748 738/1/738 
f 757/1/757 758/1/758 759/1/759 756/1/756 
f 760/1/760 759/1/759 758/1/758 761/1/761 
f 747/1/747 746/1/746 759/1/759 760/1/760 
f 756/1/756 759/1/759 746/1/746 745/1/745 
f 762/1/762 751/1/751 698/1/698 
f 704/1/704 763/1/763 762/1/762 705/1/705 
f 764/1/764 762/1/762 763/1/763 765/1/765 
f 751/1/751 762/1/762 764/1/764 752/1/752 
f 765/1/765 766/1/766 767/1/767 764/1/764 
f 768/1/768 767/1/767 766/1/766 769/1/769 
f 757/1/757 754/1/754 767/1/767 768/1/768 
f 764/1/764 767/1/767 754/1/754 752/1/752 
f 769/1/769 770/1/770 771/1/771 768/1/768 
f 772/1/772 771/1/771 770/1/770 773/1/773 
f 761/1/761 758/1/758 771/1/771 772/1/772 
f 768/1/768 771/1/771 758/1/758 757/1/757 
f 774/1/774 775/1/775 740/1/740 743/1/743 
f 747/1/747 776/1/776 774/1/774 743/1/743 
f 777/1/777 778/1/778 774/1/774 776/1/776 
f 775/1/775 774/1/774 778/1/778 779/1/779 
f 760/1/760 780/1/780 776/1/776 747/1/747 
f 781/1/781 780/1/780 760/1/760 761/1/761 
f 782/1/782 783/1/783 780/1/780 781/1/781 
f 776/1/776 780/1/780 783/1/783 777/1/777 
f 761/1/761 772/1/772 784/1/784 781/1/781 
f 785/1/785 784/1/784 772/1/772 773/1/773 
f 786/1/786 787/1/787 784/1/784 785/1/785 
f 781/1/781 784/1/784 787/1/787 782/1/782 
f 773/1/773 788/1/788 789/1/789 785/1/785 
f 790/1/790 789/1/789 788/1/788 791/1/791 
f 792/1/792 793/1/793 789/1/789 790/1/790 
f 785/1/785 789/1/789 793/1/793 786/1/786 
f 786/1/786 793/1/793 794/1/794 795/1/795 
f 796/1/796 794/1/794 793/1/793 792/1/792 
f 797/1/797 798/1/798 794/1/794 796/1/796 
f 795/1/795 794/1/794 798/1/798 799/1/799 
f 800/1/800 690/1/690 801/1/801 
f 802/1/802 803/1/803 804/1/804 801/1/801 
f 803/1/803 805/1/805 800/1/800 
f 690/1/690 688/1/688 806/1/806 801/1/801 
f 807/1/807 806/1/806 688/1/688 687/1/687 
f 808/1/808 809/1/809 806/1/806 807/1/807 
f 801/1/801 806/1/806 809/1/809 802/1/802 
f 779/1/779 810/1/810 811/1/811 775/1/775 
f 807/1/807 811/1/811 810/1/810 808/1/808 
f 687/1/687 741/1/741 811/1/811 807/1/807 
f 775/1/775 811/1/811 741/1/741 740/1/740 
f 812/1/812 813/1/813 810/1/810 779/1/779 
f 814/1/814 815/1/815 813/1/813 812/1/812 
f 810/1/810 813/1/813 815/1/815 808/1/808 
f 779/1/779 778/1/778 816/1/816 812/1/812 
f 817/1/817 816/1/816 778/1/778 777/1/777 
f 818/1/818 819/1/819 816/1/816 817/1/817 
f 812/1/812 816/1/816 819/1/819 814/1/814 
f 777/1/777 783/1/783 820/1/820 817/1/817 
f 821/1/821 820/1/820 783/1/783 782/1/782 
f 822/1/822 823/1/823 820/1/820 821/1/821 
f 817/1/817 820/1/820 823/1/823 818/1/818 
f 799/1/799 824/1/824 825/1/825 795/1/795 
f 821/1/821 825/1/825 824/1/824 822/1/822 
f 782/1/782 787/1/787 825/1/825 821/1/821 
f 795/1/795 825/1/825 787/1/787 786/1/786 
f 805/1/805 803/1/803 826/1/826 827/1/827 
f 828/1/828 826/1/826 803/1/803 802/1/802 
f 829/1/829 830/1/830 826/1/826 828/1/828 
f 827/1/827 826/1/826 830/1/830 831/1/831 
f 802/1/802 809/1/809 832/1/832 828/1/828 
f 833/1/833 832/1/832 809/1/809 808/1/808 
f 834/1/834 835/1/835 832/1/832 833/1/833 
f 828/1/828 832/1/832 835/1/835 829/1/829 
f 836/1/836 837/1/837 838/1/838 839/1/839 
f 829/1/829 835/1/835 838/1/838 837/1/837 
f 835/1/835 834/1/834 840/1/840 
f 839/1/839 838/1/838 840/1/840 841/1/841 
f 808/1/808 815/1/815 842/1/842 833/1/833 
f 843/1/843 842/1/842 815/1/815 814/1/814 
f 844/1/844 845/1/845 842/1/842 843/1/843 
f 833/1/833 842/1/842 845/1/845 834/1/834 
f 846/1/846 847/1/847 845/1/845 844/1/844 
f 848/1/848 847/1/847 846/1/846 849/1/849 
f 841/1/841 840/1/840 847/1/847 848/1/848 
f 834/1/834 845/1/845 847/1/847 840/1/840 
f 814/1/814 819/1/819 850/1/850 843/1/843 
f 851/1/851 850/1/850 819/1/819 818/1/818 
f 852/1/852 853/1/853 850/1/850 851/1/851 
f 843/1/843 850/1/850 853/1/853 844/1/844 
f 854/1/854 855/1/855 856/1/856 857/1/857 
f 846/1/846 856/1/856 855/1/855 849/1/849 
f 844/1/844 853/1/853 856/1/856 846/1/846 
f 857/1/857 856/1/856 853/1/853 852/1/852 
f 818/1/818 823/1/823 858/1/858 851/1/851 
f 859/1/859 858/1/858 823/1/823 822/1/822 
f 860/1/860 861/1/861 858/1/858 859/1/859 
f 851/1/851 858/1/858 861/1/861 852/1/852 
f 862/1/862 863/1/863 864/1/864 865/1/865 
f 863/1/863 854/1/854 857/1/857 
f 852/1/852 861/1/861 864/1/864 857/1/857 
f 865/1/865 864/1/864 861/1/861 860/1/860 
f 866/1/866 867/1/867 868/1/868 869/1/869 
f 870/1/870 868/1/868 867/1/867 871/1/871 
f 872/1/872 873/1/873 868/1/868 870/1/870 
f 869/1/869 868/1/868 873/1/873 874/1/874 
f 875/1/875 876/1/876 877/1/877 878/1/878 
f 879/1/879 877/1/877 876/1/876 880/1/880 
f 881/1/881 882/1/882 877/1/877 879/1/879 
f 878/1/878 877/1/877 882/1/882 883/1/883 
f 884/1/884 885/1/885 886/1/886 887/1/887 
f 888/1/888 886/1/886 885/1/885 889/1/889 
f 880/1/880 876/1/876 886/1/886 888/1/888 
f 887/1/887 886/1/886 876/1/876 875/1/875 
f 889/1/889 885/1/885 890/1/890 891/1/891 
f 892/1/892 890/1/890 885/1/885 884/1/884 
f 871/1/871 867/1/867 890/1/890 892/1/892 
f 891/1/891 890/1/890 867/1/867 866/1/866 
f 883/1/883 893/1/893 894/1/894 878/1/878 
f 895/1/895 894/1/894 893/1/893 896/1/896 
f 897/1/897 898/1/898 894/1/894 895/1/895 
f 878/1/878 894/1/894 898/1/898 875/1/875 
f 899/1/899 900/1/900 901/1/901 902/1/902 
f 887/1/887 901/1/901 900/1/900 884/1/884 
f 875/1/875 898/1/898 901/1/901 887/1/887 
f 902/1/902 901/1/901 898/1/898 897/1/897 
f 884/1/884 900/1/900 903/1/903 892/1/892 
f 904/1/904 903/1/903 900/1/900 899/1/899 
f 905/1/905 906/1/906 903/1/903 904/1/904 
f 906/1/906 871/1/871 892/1/892 
f 896/1/896 907/1/907 908/1/908 895/1/895 
f 909/1/909 908/1/908 907/1/907 910/1/910 
f 911/1/911 912/1/912 908/1/908 909/1/909 
f 895/1/895 908/1/908 912/1/912 897/1/897 
f 831/1/831 913/1/913 914/1/914 827/1/827 
f 915/1/915 914/1/914 913/1/913 916/1/916 
f 917/1/917 918/1/918 914/1/914 915/1/915 
f 827/1/827 914/1/914 918/1/918 805/1/805 
f 910/1/910 919/1/919 920/1/920 909/1/909 
f 921/1/921 920/1/920 919/1/919 922/1/922 
f 923/1/923 924/1/924 920/1/920 921/1/921 
f 909/1/909 920/1/920 924/1/924 911/1/911 
f 925/1/925 926/1/926 927/1/927 928/1/928 
f 902/1/902 927/1/927 926/1/926 899/1/899 
f 897/1/897 912/1/912 927/1/927 902/1/902 
f 928/1/928 927/1/927 912/1/912 911/1/911 
f 923/1/923 929/1/929 930/1/930 924/1/924 
f 930/1/930 929/1/929 925/1/925 
f 911/1/911 924/1/924 930/1/930 928/1/928 
f 899/1/899 926/1/926 931/1/931 904/1/904 
f 932/1/932 931/1/931 926/1/926 925/1/925 
f 931/1/931 932/1/932 933/1/933 
f 904/1/904 931/1/931 934/1/934 905/1/905 
f 935/1/935 932/1/932 925/1/925 
f 929/1/929 923/1/923 936/1/936 
f 937/1/937 938/1/938 935/1/935 936/1/936 
f 938/1/938 933/1/933 932/1/932 
f 916/1/916 939/1/939 940/1/940 915/1/915 
f 921/1/921 940/1/940 939/1/939 923/1/923 
f 922/1/922 941/1/941 940/1/940 921/1/921 
f 915/1/915 940/1/940 941/1/941 917/1/917 
f 871/1/871 906/1/906 942/1/942 870/1/870 
f 943/1/943 942/1/942 906/1/906 905/1/905 
f 944/1/944 945/1/945 942/1/942 943/1/943 
f 870/1/870 942/1/942 945/1/945 872/1/872 
f 905/1/905 934/1/934 946/1/946 943/1/943 
f 947/1/947 946/1/946 934/1/934 933/1/933 
f 948/1/948 949/1/949 946/1/946 947/1/947 
f 949/1/949 944/1/944 943/1/943 
f 948/1/948 950/1/950 951/1/951 949/1/949 
f 952/1/952 951/1/951 950/1/950 953/1/953 
f 954/1/954 955/1/955 951/1/951 952/1/952 
f 955/1/955 944/1/944 949/1/949 
f 956/1/956 957/1/957 958/1/958 959/1/959 
f 936/1/936 958/1/958 957/1/957 937/1/937 
f 923/1/923 939/1/939 958/1/958 936/1/936 
f 959/1/959 958/1/958 939/1/939 916/1/916 
f 937/1/937 957/1/957 960/1/960 938/1/938 
f 961/1/961 960/1/960 957/1/957 956/1/956 
f 948/1/948 947/1/947 960/1/960 961/1/961 
f 938/1/938 960/1/960 947/1/947 933/1/933 
f 831/1/831 830/1/830 962/1/962 963/1/963 
f 837/1/837 962/1/962 830/1/830 829/1/829 
f 836/1/836 964/1/964 962/1/962 837/1/837 
f 963/1/963 962/1/962 964/1/964 965/1/965 
f 966/1/966 967/1/967 968/1/968 969/1/969 
f 967/1/967 953/1/953 950/1/950 
f 961/1/961 968/1/968 950/1/950 948/1/948 
f 961/1/961 956/1/956 969/1/969 
f 965/1/965 970/1/970 971/1/971 963/1/963 
f 959/1/959 971/1/971 970/1/970 956/1/956 
f 971/1/971 959/1/959 916/1/916 
f 913/1/913 831/1/831 963/1/963 
f 972/1/972 973/1/973 970/1/970 965/1/965 
f 966/1/966 969/1/969 973/1/973 972/1/972 
f 956/1/956 970/1/970 973/1/973 969/1/969 
f 974/1/974 975/1/975 976/1/976 977/1/977 
f 978/1/978 976/1/976 975/1/975 979/1/979 
f 341/1/341 337/1/337 976/1/976 978/1/978 
f 977/1/977 976/1/976 337/1/337 336/1/336 
f 979/1/979 980/1/980 981/1/981 978/1/978 
f 982/1/982 981/1/981 980/1/980 983/1/983 
f 347/1/347 344/1/344 981/1/981 982/1/982 
f 978/1/978 981/1/981 344/1/344 341/1/341 
f 984/1/984 985/1/985 986/1/986 987/1/987 
f 351/1/351 348/1/348 986/1/986 985/1/985 
f 982/1/982 986/1/986 348/1/348 347/1/347 
f 987/1/987 986/1/986 982/1/982 983/1/983 
f 984/1/984 988/1/988 989/1/989 985/1/985 
f 990/1/990 989/1/989 988/1/988 991/1/991 
f 355/1/355 352/1/352 989/1/989 990/1/990 
f 985/1/985 989/1/989 352/1/352 351/1/351 
f 991/1/991 992/1/992 993/1/993 990/1/990 
f 994/1/994 993/1/993 992/1/992 995/1/995 
f 359/1/359 356/1/356 993/1/993 994/1/994 
f 990/1/990 993/1/993 356/1/356 355/1/355 
f 995/1/995 996/1/996 997/1/997 994/1/994 
f 998/1/998 997/1/997 996/1/996 999/1/999 
f 363/1/363 360/1/360 997/1/997 998/1/998 
f 994/1/994 997/1/997 360/1/360 359/1/359 
f 999/1/999 1000/1/1000 1001/1/1001 998/1/998 
f 1002/1/1002 1001/1/1001 1000/1/1000 1003/1/1003 
f 367/1/367 364/1/364 1001/1/1001 1002/1/1002 
f 998/1/998 1001/1/1001 364/1/364 363/1/363 
f 1003/1/1003 1004/1/1004 1005/1/1005 1002/1/1002 
f 1006/1/1006 1005/1/1005 1004/1/1004 1007/1/1007 
f 371/1/371 368/1/368 1005/1/1005 1006/1/1006 
f 1002/1/1002 1005/1/1005 368/1/368 367/1/367 
f 1008/1/1008 1009/1/1009 1010/1/1010 1011/1/1011 
f 375/1/375 372/1/372 1010/1/1010 1009/1/1009 
f 1006/1/1006 1010/1/1010 372/1/372 371/1/371 
f 1011/1/1011 1010/1/1010 1006/1/1006 1007/1/1007 
f 1012/1/1012 1013/1/1013 1014/1/1014 1015/1/1015 
f 1016/1/1016 1017/1/1017 1013/1/1013 1012/1/1012 
f 1011/1/1011 1013/1/1013 1017/1/1017 1008/1/1008 
f 1014/1/1014 1013/1/1013 1011/1/1011 1007/1/1007 
f 1018/1/1018 1019/1/1019 1020/1/1020 1021/1/1021 
f 975/1/975 1020/1/1020 1019/1/1019 979/1/979 
f 974/1/974 1022/1/1022 1020/1/1020 975/1/975 
f 1021/1/1021 1020/1/1020 1022/1/1022 1023/1/1023 
f 1024/1/1024 1025/1/1025 1026/1/1026 1027/1/1027 
f 980/1/980 1026/1/1026 1025/1/1025 983/1/983 
f 979/1/979 1019/1/1019 1026/1/1026 980/1/980 
f 1027/1/1027 1026/1/1026 1019/1/1019 1018/1/1018 
f 1028/1/1028 1029/1/1029 1030/1/1030 1031/1/1031 
f 987/1/987 1030/1/1030 1029/1/1029 984/1/984 
f 983/1/983 1025/1/1025 1030/1/1030 987/1/987 
f 1031/1/1031 1030/1/1030 1025/1/1025 1024/1/1024 
f 1032/1/1032 1033/1/1033 1034/1/1034 1035/1/1035 
f 991/1/991 988/1/988 1034/1/1034 1033/1/1033 
f 984/1/984 1029/1/1029 1034/1/1034 988/1/988 
f 1035/1/1035 1034/1/1034 1029/1/1029 1028/1/1028 
f 1036/1/1036 1037/1/1037 1038/1/1038 1039/1/1039 
f 995/1/995 992/1/992 1038/1/1038 1037/1/1037 
f 1033/1/1033 1038/1/1038 992/1/992 991/1/991 
f 1039/1/1039 1038/1/1038 1033/1/1033 1032/1/1032 
f 1040/1/1040 1041/1/1041 1042/1/1042 1043/1/1043 
f 999/1/999 996/1/996 1042/1/1042 1041/1/1041 
f 1037/1/1037 1042/1/1042 996/1/996 995/1/995 
f 1043/1/1043 1042/1/1042 1037/1/1037 1036/1/1036 
f 1040/1/1040 1044/1/1044 1045/1/1045 1041/1/1041 
f 1046/1/1046 1045/1/1045 1044/1/1044 1047/1/1047 
f 1003/1/1003 1000/1/1000 1045/1/1045 1046/1/1046 
f 1041/1/1041 1045/1/1045 1000/1/1000 999/1/999 
f 1048/1/1048 1049/1/1049 1050/1/1050 
f 1004/1/1004 1051/1/1051 1050/1/1050 1007/1/1007 
f 1046/1/1046 1051/1/1051 1004/1/1004 1003/1/1003 
f 1047/1/1047 1048/1/1048 1051/1/1051 1046/1/1046 
f 1049/1/1049 1052/1/1052 1053/1/1053 1050/1/1050 
f 1054/1/1054 1053/1/1053 1052/1/1052 1055/1/1055 
f 1015/1/1015 1014/1/1014 1053/1/1053 1054/1/1054 
f 1050/1/1050 1053/1/1053 1014/1/1014 1007/1/1007 
f 1023/1/1023 1056/1/1056 1057/1/1057 1021/1/1021 
f 1058/1/1058 1057/1/1057 1056/1/1056 1059/1/1059 
f 1060/1/1060 1061/1/1061 1057/1/1057 1058/1/1058 
f 1021/1/1021 1057/1/1057 1061/1/1061 1018/1/1018 
f 1018/1/1018 1061/1/1061 1062/1/1062 1027/1/1027 
f 1063/1/1063 1062/1/1062 1061/1/1061 1060/1/1060 
f 1064/1/1064 1065/1/1065 1062/1/1062 1063/1/1063 
f 1027/1/1027 1062/1/1062 1065/1/1065 1024/1/1024 
f 1024/1/1024 1065/1/1065 1066/1/1066 1031/1/1031 
f 1067/1/1067 1066/1/1066 1065/1/1065 1064/1/1064 
f 1068/1/1068 1069/1/1069 1066/1/1066 1067/1/1067 
f 1031/1/1031 1066/1/1066 1069/1/1069 1028/1/1028 
f 1028/1/1028 1069/1/1069 1070/1/1070 1035/1/1035 
f 1071/1/1071 1070/1/1070 1069/1/1069 1068/1/1068 
f 1072/1/1072 1073/1/1073 1070/1/1070 1071/1/1071 
f 1035/1/1035 1070/1/1070 1073/1/1073 1032/1/1032 
f 1074/1/1074 1075/1/1075 1076/1/1076 1077/1/1077 
f 1058/1/1058 1076/1/1076 1075/1/1075 1060/1/1060 
f 1059/1/1059 1078/1/1078 1076/1/1076 1058/1/1058 
f 1077/1/1077 1076/1/1076 1078/1/1078 1079/1/1079 
f 1080/1/1080 1081/1/1081 1082/1/1082 1083/1/1083 
f 1063/1/1063 1081/1/1081 1080/1/1080 1064/1/1064 
f 1060/1/1060 1075/1/1075 1081/1/1081 1063/1/1063 
f 1082/1/1082 1081/1/1081 1075/1/1075 1074/1/1074 
f 1084/1/1084 1085/1/1085 1086/1/1086 1087/1/1087 
f 1067/1/1067 1085/1/1085 1084/1/1084 1068/1/1068 
f 1064/1/1064 1080/1/1080 1085/1/1085 1067/1/1067 
f 1083/1/1083 1086/1/1086 1085/1/1085 1080/1/1080 
f 1088/1/1088 1089/1/1089 1090/1/1090 1091/1/1091 
f 1092/1/1092 1090/1/1090 1089/1/1089 1093/1/1093 
f 1094/1/1094 1090/1/1090 1092/1/1092 1095/1/1095 
f 1096/1/1096 1091/1/1091 1090/1/1090 1094/1/1094 
f 1093/1/1093 1097/1/1097 1098/1/1098 1092/1/1092 
f 1099/1/1099 1098/1/1098 1097/1/1097 1100/1/1100 
f 1101/1/1101 1102/1/1102 1098/1/1098 1099/1/1099 
f 1092/1/1092 1098/1/1098 1102/1/1102 1095/1/1095 
f 1100/1/1100 1103/1/1103 1104/1/1104 1099/1/1099 
f 1105/1/1105 1104/1/1104 1103/1/1103 1106/1/1106 
f 1107/1/1107 1108/1/1108 1104/1/1104 1105/1/1105 
f 1099/1/1099 1104/1/1104 1108/1/1108 1101/1/1101 
f 1106/1/1106 1109/1/1109 1110/1/1110 1105/1/1105 
f 1111/1/1111 1110/1/1110 1109/1/1109 1112/1/1112 
f 1113/1/1113 1114/1/1114 1110/1/1110 1111/1/1111 
f 1105/1/1105 1110/1/1110 1114/1/1114 1107/1/1107 
f 1112/1/1112 1115/1/1115 1116/1/1116 1111/1/1111 
f 1117/1/1117 1116/1/1116 1115/1/1115 1118/1/1118 
f 1119/1/1119 1120/1/1120 1116/1/1116 1117/1/1117 
f 1111/1/1111 1116/1/1116 1120/1/1120 1113/1/1113 
f 1118/1/1118 1121/1/1121 1122/1/1122 1117/1/1117 
f 1123/1/1123 1124/1/1124 1122/1/1122 1121/1/1121 
f 1125/1/1125 1126/1/1126 1122/1/1122 1124/1/1124 
f 1117/1/1117 1122/1/1122 1126/1/1126 1119/1/1119 
f 1127/1/1127 1128/1/1128 1129/1/1129 1130/1/1130 
f 1131/1/1131 1132/1/1132 1129/1/1129 1128/1/1128 
f 1124/1/1124 1129/1/1129 1132/1/1132 1125/1/1125 
f 1130/1/1130 1129/1/1129 1124/1/1124 1123/1/1123 
f 1127/1/1127 1133/1/1133 1134/1/1134 1128/1/1128 
f 1135/1/1135 1136/1/1136 1134/1/1134 1133/1/1133 
f 1137/1/1137 1138/1/1138 1134/1/1134 1136/1/1136 
f 1128/1/1128 1134/1/1134 1138/1/1138 1131/1/1131 
f 1139/1/1139 1140/1/1140 1141/1/1141 1142/1/1142 
f 1143/1/1143 1141/1/1141 1140/1/1140 1144/1/1144 
f 1136/1/1136 1141/1/1141 1143/1/1143 1137/1/1137 
f 1142/1/1142 1141/1/1141 1136/1/1136 1135/1/1135 
f 1145/1/1145 1146/1/1146 1140/1/1140 1139/1/1139 
f 1147/1/1147 1146/1/1146 1145/1/1145 1148/1/1148 
f 1149/1/1149 1150/1/1150 1146/1/1146 1147/1/1147 
f 1150/1/1150 1144/1/1144 1140/1/1140 1146/1/1146 
f 1151/1/1151 1152/1/1152 1153/1/1153 1154/1/1154 
f 1102/1/1102 1153/1/1153 1152/1/1152 1095/1/1095 
f 1155/1/1155 1153/1/1153 1102/1/1102 1101/1/1101 
f 1156/1/1156 1154/1/1154 1153/1/1153 1155/1/1155 
f 1156/1/1156 1157/1/1157 1158/1/1158 1159/1/1159 
f 1160/1/1160 1158/1/1158 1157/1/1157 1161/1/1161 
f 1083/1/1083 1082/1/1082 1158/1/1158 1160/1/1160 
f 1159/1/1159 1158/1/1158 1082/1/1082 1074/1/1074 
f 1161/1/1161 1157/1/1157 1162/1/1162 1163/1/1163 
f 1155/1/1155 1162/1/1162 1157/1/1157 1156/1/1156 
f 1101/1/1101 1108/1/1108 1162/1/1162 1155/1/1155 
f 1163/1/1163 1162/1/1162 1108/1/1108 1107/1/1107 
f 1161/1/1161 1164/1/1164 1165/1/1165 1160/1/1160 
f 1166/1/1166 1165/1/1165 1164/1/1164 1167/1/1167 
f 1087/1/1087 1086/1/1086 1165/1/1165 1166/1/1166 
f 1160/1/1160 1165/1/1165 1086/1/1086 1083/1/1083 
f 1167/1/1167 1164/1/1164 1168/1/1168 1169/1/1169 
f 1163/1/1163 1168/1/1168 1164/1/1164 1161/1/1161 
f 1107/1/1107 1114/1/1114 1168/1/1168 1163/1/1163 
f 1169/1/1169 1168/1/1168 1114/1/1114 1113/1/1113 
f 1170/1/1170 1171/1/1171 1172/1/1172 1173/1/1173 
f 1169/1/1169 1172/1/1172 1171/1/1171 1167/1/1167 
f 1113/1/1113 1120/1/1120 1172/1/1172 1169/1/1169 
f 1173/1/1173 1172/1/1172 1120/1/1120 1119/1/1119 
f 1174/1/1174 1175/1/1175 1126/1/1126 1125/1/1125 
f 1176/1/1176 1177/1/1177 1175/1/1175 1174/1/1174 
f 1170/1/1170 1173/1/1173 1175/1/1175 1177/1/1177 
f 1119/1/1119 1126/1/1126 1175/1/1175 1173/1/1173 
f 1178/1/1178 1179/1/1179 1180/1/1180 1181/1/1181 
f 1174/1/1174 1180/1/1180 1179/1/1179 1176/1/1176 
f 1125/1/1125 1132/1/1132 1180/1/1180 1174/1/1174 
f 1181/1/1181 1180/1/1180 1132/1/1132 1131/1/1131 
f 1182/1/1182 1183/1/1183 1184/1/1184 1185/1/1185 
f 1181/1/1181 1184/1/1184 1183/1/1183 1178/1/1178 
f 1131/1/1131 1138/1/1138 1184/1/1184 1181/1/1181 
f 1185/1/1185 1184/1/1184 1138/1/1138 1137/1/1137 
f 1186/1/1186 1187/1/1187 1188/1/1188 1189/1/1189 
f 1185/1/1185 1188/1/1188 1187/1/1187 1182/1/1182 
f 1137/1/1137 1143/1/1143 1188/1/1188 1185/1/1185 
f 1189/1/1189 1188/1/1188 1143/1/1143 1144/1/1144 
f 1190/1/1190 1191/1/1191 1192/1/1192 
f 1193/1/1193 1190/1/1190 1194/1/1194 1195/1/1195 
f 1151/1/1151 1196/1/1196 1190/1/1190 1193/1/1193 
f 1191/1/1191 1190/1/1190 1196/1/1196 1079/1/1079 
f 1095/1/1095 1152/1/1152 1197/1/1197 1094/1/1094 
f 1193/1/1193 1197/1/1197 1152/1/1152 1151/1/1151 
f 1195/1/1195 1198/1/1198 1197/1/1197 1193/1/1193 
f 1094/1/1094 1197/1/1197 1198/1/1198 1096/1/1096 
f 1079/1/1079 1196/1/1196 1199/1/1199 1077/1/1077 
f 1154/1/1154 1199/1/1199 1196/1/1196 1151/1/1151 
f 1156/1/1156 1159/1/1159 1199/1/1199 1154/1/1154 
f 1077/1/1077 1199/1/1199 1159/1/1159 1074/1/1074 
f 395/1/395 1200/1/1200 1201/1/1201 391/1/391 
f 1202/1/1202 1201/1/1201 1200/1/1200 1203/1/1203 
f 19/1/19 389/1/389 1201/1/1201 1202/1/1202 
f 391/1/391 1201/1/1201 389/1/389 388/1/388 
f 1204/1/1204 1205/1/1205 1202/1/1202 1203/1/1203 
f 53/1/53 1205/1/1205 1204/1/1204 50/1/50 
f 21/1/21 20/1/20 1205/1/1205 53/1/53 
f 1202/1/1202 1205/1/1205 20/1/20 19/1/19 
f 585/1/585 584/1/584 1206/1/1206 
f 1207/1/1207 1208/1/1208 1209/1/1209 1206/1/1206 
f 395/1/395 394/1/394 1209/1/1209 1208/1/1208 
f 585/1/585 1209/1/1209 394/1/394 393/1/393 
f 1210/1/1210 1211/1/1211 1212/1/1212 
f 1212/1/1212 598/1/598 597/1/597 
f 50/1/50 1204/1/1204 1213/1/1213 597/1/597 
f 1204/1/1204 1203/1/1203 1210/1/1210 
f 1214/1/1214 1215/1/1215 1216/1/1216 1217/1/1217 
f 1200/1/1200 1216/1/1216 1215/1/1215 1203/1/1203 
f 395/1/395 1208/1/1208 1216/1/1216 1200/1/1200 
f 1208/1/1208 1207/1/1207 1217/1/1217 
f 1218/1/1218 1219/1/1219 1215/1/1215 1214/1/1214 
f 1211/1/1211 1210/1/1210 1219/1/1219 1218/1/1218 
f 1203/1/1203 1215/1/1215 1219/1/1219 1210/1/1210 
f 584/1/584 590/1/590 1220/1/1220 1206/1/1206 
f 1221/1/1221 1220/1/1220 590/1/590 589/1/589 
f 1222/1/1222 1223/1/1223 1220/1/1220 1221/1/1221 
f 1223/1/1223 1207/1/1207 1206/1/1206 
f 1211/1/1211 1224/1/1224 1225/1/1225 1212/1/1212 
f 1226/1/1226 1225/1/1225 1224/1/1224 1227/1/1227 
f 605/1/605 612/1/612 1225/1/1225 1226/1/1226 
f 1212/1/1212 1225/1/1225 612/1/612 598/1/598 
f 1228/1/1228 1229/1/1229 1230/1/1230 1231/1/1231 
f 1217/1/1217 1230/1/1230 1229/1/1229 1214/1/1214 
f 1207/1/1207 1223/1/1223 1230/1/1230 1217/1/1217 
f 1231/1/1231 1230/1/1230 1223/1/1223 1222/1/1222 
f 1214/1/1214 1229/1/1229 1232/1/1232 1218/1/1218 
f 1233/1/1233 1232/1/1232 1229/1/1229 1228/1/1228 
f 1227/1/1227 1224/1/1224 1232/1/1232 1233/1/1233 
f 1218/1/1218 1232/1/1232 1224/1/1224 1211/1/1211 
f 605/1/605 1226/1/1226 1234/1/1234 604/1/604 
f 1227/1/1227 1235/1/1235 1234/1/1234 1226/1/1226 
f 1236/1/1236 1234/1/1234 1235/1/1235 1237/1/1237 
f 604/1/604 1234/1/1234 1236/1/1236 595/1/595 
f 1238/1/1238 1239/1/1239 1240/1/1240 1241/1/1241 
f 1221/1/1221 1240/1/1240 1239/1/1239 1222/1/1222 
f 589/1/589 586/1/586 1240/1/1240 1221/1/1221 
f 1241/1/1241 1240/1/1240 586/1/586 580/1/580 
f 1222/1/1222 1239/1/1239 1242/1/1242 1231/1/1231 
f 1243/1/1243 1242/1/1242 1239/1/1239 1238/1/1238 
f 1244/1/1244 1245/1/1245 1242/1/1242 1243/1/1243 
f 1231/1/1231 1242/1/1242 1245/1/1245 1228/1/1228 
f 1228/1/1228 1245/1/1245 1246/1/1246 1233/1/1233 
f 1247/1/1247 1246/1/1246 1245/1/1245 1244/1/1244 
f 1237/1/1237 1235/1/1235 1246/1/1246 1247/1/1247 
f 1233/1/1233 1246/1/1246 1235/1/1235 1227/1/1227 
f 435/1/435 1248/1/1248 1249/1/1249 578/1/578 
f 1250/1/1250 1249/1/1249 1248/1/1248 1251/1/1251 
f 1238/1/1238 1241/1/1241 1249/1/1249 1250/1/1250 
f 1241/1/1241 580/1/580 578/1/578 
f 1251/1/1251 1248/1/1248 1252/1/1252 1253/1/1253 
f 438/1/438 1252/1/1252 1248/1/1248 435/1/435 
f 433/1/433 1253/1/1253 1252/1/1252 438/1/438 
f 1237/1/1237 1254/1/1254 1255/1/1255 1236/1/1236 
f 1256/1/1256 1255/1/1255 1254/1/1254 1257/1/1257 
f 594/1/594 1255/1/1255 1256/1/1256 343/1/343 
f 1255/1/1255 594/1/594 595/1/595 
f 1258/1/1258 1259/1/1259 1260/1/1260 1261/1/1261 
f 1243/1/1243 1260/1/1260 1259/1/1259 1244/1/1244 
f 1238/1/1238 1250/1/1250 1260/1/1260 1243/1/1243 
f 1261/1/1261 1260/1/1260 1250/1/1250 1251/1/1251 
f 1244/1/1244 1259/1/1259 1262/1/1262 1247/1/1247 
f 1259/1/1259 1258/1/1258 1263/1/1263 
f 1257/1/1257 1254/1/1254 1262/1/1262 1263/1/1263 
f 1247/1/1247 1262/1/1262 1254/1/1254 1237/1/1237 
f 433/1/433 431/1/431 1264/1/1264 1253/1/1253 
f 1265/1/1265 1264/1/1264 431/1/431 432/1/432 
f 1266/1/1266 1267/1/1267 1264/1/1264 1265/1/1265 
f 1253/1/1253 1264/1/1264 1267/1/1267 1251/1/1251 
f 1268/1/1268 1269/1/1269 1270/1/1270 1271/1/1271 
f 339/1/339 1270/1/1270 1269/1/1269 336/1/336 
f 343/1/343 1256/1/1256 1270/1/1270 339/1/339 
f 1271/1/1271 1270/1/1270 1256/1/1256 1257/1/1257 
f 1266/1/1266 1272/1/1272 1273/1/1273 1267/1/1267 
f 1274/1/1274 1273/1/1273 1272/1/1272 1275/1/1275 
f 1261/1/1261 1273/1/1273 1274/1/1274 1258/1/1258 
f 1267/1/1267 1273/1/1273 1261/1/1261 1251/1/1251 
f 1258/1/1258 1274/1/1274 1276/1/1276 1263/1/1263 
f 1277/1/1277 1276/1/1276 1274/1/1274 1275/1/1275 
f 1271/1/1271 1276/1/1276 1277/1/1277 1268/1/1268 
f 1257/1/1257 1263/1/1263 1276/1/1276 1271/1/1271 
f 1278/1/1278 1279/1/1279 1280/1/1280 1281/1/1281 
f 1282/1/1282 1283/1/1283 1279/1/1279 1278/1/1278 
f 432/1/432 428/1/428 1279/1/1279 1283/1/1283 
f 1280/1/1280 1279/1/1279 428/1/428 427/1/427 
f 1284/1/1284 1285/1/1285 1286/1/1286 1287/1/1287 
f 977/1/977 1286/1/1286 1285/1/1285 974/1/974 
f 336/1/336 1269/1/1269 1286/1/1286 977/1/977 
f 1287/1/1287 1286/1/1286 1269/1/1269 1268/1/1268 
f 432/1/432 1283/1/1283 1288/1/1288 1265/1/1265 
f 1289/1/1289 1288/1/1288 1283/1/1283 1282/1/1282 
f 1266/1/1266 1265/1/1265 1288/1/1288 1289/1/1289 
f 1290/1/1290 1278/1/1278 1281/1/1281 
f 1291/1/1291 1290/1/1290 1292/1/1292 1192/1/1192 
f 1293/1/1293 1294/1/1294 1290/1/1290 1291/1/1291 
f 1278/1/1278 1290/1/1290 1294/1/1294 1282/1/1282 
f 1195/1/1195 1194/1/1194 1295/1/1295 1296/1/1296 
f 1192/1/1192 1292/1/1292 1295/1/1295 1194/1/1194 
f 1292/1/1292 1281/1/1281 1296/1/1296 
f 1297/1/1297 1298/1/1298 1285/1/1285 1284/1/1284 
f 1299/1/1299 1298/1/1298 1297/1/1297 1192/1/1192 
f 1023/1/1023 1022/1/1022 1298/1/1298 1299/1/1299 
f 974/1/974 1285/1/1285 1298/1/1298 1022/1/1022 
f 1291/1/1291 1300/1/1300 1301/1/1301 1293/1/1293 
f 1297/1/1297 1300/1/1300 1291/1/1291 1192/1/1192 
f 1284/1/1284 1301/1/1301 1300/1/1300 1297/1/1297 
f 1023/1/1023 1299/1/1299 1302/1/1302 1056/1/1056 
f 1299/1/1299 1192/1/1192 1191/1/1191 
f 1079/1/1079 1078/1/1078 1302/1/1302 1191/1/1191 
f 1056/1/1056 1302/1/1302 1078/1/1078 1059/1/1059 
f 1268/1/1268 1277/1/1277 1303/1/1303 1287/1/1287 
f 1304/1/1304 1303/1/1303 1277/1/1277 1275/1/1275 
f 1293/1/1293 1301/1/1301 1303/1/1303 1304/1/1304 
f 1287/1/1287 1303/1/1303 1301/1/1301 1284/1/1284 
f 1282/1/1282 1294/1/1294 1305/1/1305 1289/1/1289 
f 1304/1/1304 1305/1/1305 1294/1/1294 1293/1/1293 
f 1275/1/1275 1272/1/1272 1305/1/1305 1304/1/1304 
f 1289/1/1289 1305/1/1305 1272/1/1272 1266/1/1266 
f 1306/1/1306 1296/1/1296 1281/1/1281 
f 1307/1/1307 1306/1/1306 1308/1/1308 1309/1/1309 
f 1096/1/1096 1198/1/1198 1306/1/1306 1307/1/1307 
f 1296/1/1296 1306/1/1306 1198/1/1198 1195/1/1195 
f 1307/1/1307 1310/1/1310 1091/1/1091 1096/1/1096 
f 1311/1/1311 1310/1/1310 1307/1/1307 1309/1/1309 
f 1312/1/1312 1313/1/1313 1310/1/1310 1311/1/1311 
f 1091/1/1091 1310/1/1310 1313/1/1313 1088/1/1088 
f 1314/1/1314 1315/1/1315 1316/1/1316 1317/1/1317 
f 1318/1/1318 1315/1/1315 1314/1/1314 1319/1/1319 
f 405/1/405 401/1/401 1315/1/1315 1318/1/1318 
f 400/1/400 1316/1/1316 1315/1/1315 401/1/401 
f 1319/1/1319 1320/1/1320 1321/1/1321 1318/1/1318 
f 1322/1/1322 1321/1/1321 1320/1/1320 1323/1/1323 
f 412/1/412 409/1/409 1321/1/1321 1322/1/1322 
f 1318/1/1318 1321/1/1321 409/1/409 405/1/405 
f 418/1/418 415/1/415 1324/1/1324 1325/1/1325 
f 1322/1/1322 1324/1/1324 415/1/415 412/1/412 
f 1323/1/1323 1326/1/1326 1324/1/1324 1322/1/1322 
f 1325/1/1325 1324/1/1324 1326/1/1326 1327/1/1327 
f 424/1/424 421/1/421 1328/1/1328 430/1/430 
f 1325/1/1325 1328/1/1328 421/1/421 418/1/418 
f 1327/1/1327 1329/1/1329 1328/1/1328 1325/1/1325 
f 430/1/430 1328/1/1328 1329/1/1329 427/1/427 
f 427/1/427 1329/1/1329 1330/1/1330 1280/1/1280 
f 1331/1/1331 1330/1/1330 1329/1/1329 1327/1/1327 
f 1309/1/1309 1308/1/1308 1330/1/1330 1331/1/1331 
f 1280/1/1280 1330/1/1330 1308/1/1308 1281/1/1281 
f 1332/1/1332 1333/1/1333 1334/1/1334 1335/1/1335 
f 1336/1/1336 1334/1/1334 1333/1/1333 1337/1/1337 
f 1334/1/1334 1336/1/1336 1327/1/1327 
f 1335/1/1335 1334/1/1334 1326/1/1326 1323/1/1323 
f 1336/1/1336 1338/1/1338 1331/1/1331 1327/1/1327 
f 1337/1/1337 1339/1/1339 1338/1/1338 1336/1/1336 
f 1331/1/1331 1338/1/1338 1339/1/1339 1309/1/1309 
f 1340/1/1340 1341/1/1341 1342/1/1342 1343/1/1343 
f 1341/1/1341 1312/1/1312 1311/1/1311 
f 1342/1/1342 1311/1/1311 1309/1/1309 
f 1343/1/1343 1342/1/1342 1339/1/1339 1337/1/1337 
f 1337/1/1337 1333/1/1333 1344/1/1344 1343/1/1343 
f 1345/1/1345 1344/1/1344 1333/1/1333 1332/1/1332 
f 1346/1/1346 1347/1/1347 1344/1/1344 1345/1/1345 
f 1347/1/1347 1340/1/1340 1343/1/1343 
f 1348/1/1348 1349/1/1349 1350/1/1350 1351/1/1351 
f 1352/1/1352 1350/1/1350 1349/1/1349 1353/1/1353 
f 874/1/874 873/1/873 1350/1/1350 1352/1/1352 
f 1351/1/1351 1350/1/1350 873/1/873 872/1/872 
f 1354/1/1354 1355/1/1355 1356/1/1356 1357/1/1357 
f 1351/1/1351 1356/1/1356 1355/1/1355 1348/1/1348 
f 872/1/872 945/1/945 1356/1/1356 1351/1/1351 
f 1357/1/1357 1356/1/1356 945/1/945 944/1/944 
f 944/1/944 955/1/955 1358/1/1358 1357/1/1357 
f 1359/1/1359 1358/1/1358 955/1/955 954/1/954 
f 1360/1/1360 1361/1/1361 1358/1/1358 1359/1/1359 
f 1357/1/1357 1358/1/1358 1361/1/1361 1354/1/1354 
f 954/1/954 952/1/952 1362/1/1362 1359/1/1359 
f 1363/1/1363 1362/1/1362 952/1/952 953/1/953 
f 1364/1/1364 1365/1/1365 1362/1/1362 1363/1/1363 
f 1365/1/1365 1360/1/1360 1359/1/1359 
f 953/1/953 967/1/967 1366/1/1366 1363/1/1363 
f 1367/1/1367 1366/1/1366 967/1/967 966/1/966 
f 1368/1/1368 1369/1/1369 1366/1/1366 1367/1/1367 
f 1363/1/1363 1366/1/1366 1369/1/1369 1364/1/1364 
f 1370/1/1370 1371/1/1371 1372/1/1372 
f 1367/1/1367 1370/1/1370 1373/1/1373 1368/1/1368 
f 966/1/966 972/1/972 1370/1/1370 1367/1/1367 
f 1371/1/1371 1370/1/1370 972/1/972 965/1/965 
f 964/1/964 1374/1/1374 1371/1/1371 965/1/965 
f 836/1/836 1375/1/1375 1374/1/1374 964/1/964 
f 1376/1/1376 1377/1/1377 1374/1/1374 1375/1/1375 
f 1371/1/1371 1374/1/1374 1377/1/1377 1372/1/1372 
f 1376/1/1376 1375/1/1375 1378/1/1378 1379/1/1379 
f 1375/1/1375 836/1/836 839/1/839 
f 841/1/841 1380/1/1380 1378/1/1378 839/1/839 
f 1379/1/1379 1378/1/1378 1380/1/1380 1381/1/1381 
f 849/1/849 1382/1/1382 1383/1/1383 848/1/848 
f 1384/1/1384 1383/1/1383 1382/1/1382 1385/1/1385 
f 1381/1/1381 1380/1/1380 1383/1/1383 1384/1/1384 
f 848/1/848 1383/1/1383 1380/1/1380 841/1/841 
f 849/1/849 855/1/855 1386/1/1386 1382/1/1382 
f 1387/1/1387 1386/1/1386 855/1/855 854/1/854 
f 1388/1/1388 1386/1/1386 1387/1/1387 1389/1/1389 
f 1385/1/1385 1382/1/1382 1386/1/1386 1388/1/1388 
f 862/1/862 1390/1/1390 1391/1/1391 863/1/863 
f 1392/1/1392 1391/1/1391 1390/1/1390 1393/1/1393 
f 1389/1/1389 1387/1/1387 1391/1/1391 1392/1/1392 
f 854/1/854 863/1/863 1391/1/1391 1387/1/1387 
f 1364/1/1364 1369/1/1369 1394/1/1394 1395/1/1395 
f 1396/1/1396 1394/1/1394 1369/1/1369 1368/1/1368 
f 1397/1/1397 1398/1/1398 1394/1/1394 1396/1/1396 
f 1395/1/1395 1394/1/1394 1398/1/1398 1399/1/1399 
f 1368/1/1368 1373/1/1373 1400/1/1400 1396/1/1396 
f 1401/1/1401 1400/1/1400 1373/1/1373 1372/1/1372 
f 1402/1/1402 1403/1/1403 1400/1/1400 1401/1/1401 
f 1396/1/1396 1400/1/1400 1403/1/1403 1397/1/1397 
f 1372/1/1372 1377/1/1377 1404/1/1404 1401/1/1401 
f 1405/1/1405 1404/1/1404 1377/1/1377 1376/1/1376 
f 1406/1/1406 1407/1/1407 1404/1/1404 1405/1/1405 
f 1401/1/1401 1404/1/1404 1407/1/1407 1402/1/1402 
f 1376/1/1376 1379/1/1379 1408/1/1408 1405/1/1405 
f 1381/1/1381 1409/1/1409 1408/1/1408 1379/1/1379 
f 1410/1/1410 1408/1/1408 1409/1/1409 1411/1/1411 
f 1405/1/1405 1408/1/1408 1410/1/1410 1406/1/1406 
f 1385/1/1385 1412/1/1412 1413/1/1413 1384/1/1384 
f 1414/1/1414 1413/1/1413 1412/1/1412 1415/1/1415 
f 1411/1/1411 1409/1/1409 1413/1/1413 1414/1/1414 
f 1384/1/1384 1413/1/1413 1409/1/1409 1381/1/1381 
f 1389/1/1389 1416/1/1416 1417/1/1417 1388/1/1388 
f 1416/1/1416 1418/1/1418 1419/1/1419 
f 1415/1/1415 1412/1/1412 1417/1/1417 1419/1/1419 
f 1388/1/1388 1417/1/1417 1412/1/1412 1385/1/1385 
f 1393/1/1393 1420/1/1420 1421/1/1421 1392/1/1392 
f 1422/1/1422 1421/1/1421 1420/1/1420 1423/1/1423 
f 1418/1/1418 1416/1/1416 1421/1/1421 1422/1/1422 
f 1392/1/1392 1421/1/1421 1416/1/1416 1389/1/1389 
f 773/1/773 770/1/770 1424/1/1424 788/1/788 
f 1425/1/1425 1424/1/1424 770/1/770 769/1/769 
f 1426/1/1426 1427/1/1427 1424/1/1424 1425/1/1425 
f 788/1/788 1424/1/1424 1427/1/1427 791/1/791 
f 792/1/792 1428/1/1428 1429/1/1429 796/1/796 
f 1430/1/1430 1429/1/1429 1428/1/1428 1431/1/1431 
f 1432/1/1432 1433/1/1433 1429/1/1429 1430/1/1430 
f 796/1/796 1429/1/1429 1433/1/1433 797/1/797 
f 1434/1/1434 1435/1/1435 1436/1/1436 1437/1/1437 
f 1431/1/1431 1428/1/1428 1436/1/1436 1435/1/1435 
f 790/1/790 1436/1/1436 1428/1/1428 792/1/792 
f 1437/1/1437 1436/1/1436 790/1/790 791/1/791 
f 766/1/766 765/1/765 1438/1/1438 
f 1439/1/1439 1438/1/1438 1440/1/1440 
f 1425/1/1425 1439/1/1439 1441/1/1441 1426/1/1426 
f 769/1/769 766/1/766 1439/1/1439 1425/1/1425 
f 1442/1/1442 1443/1/1443 1444/1/1444 1445/1/1445 
f 1434/1/1434 1437/1/1437 1444/1/1444 1443/1/1443 
f 791/1/791 1427/1/1427 1444/1/1444 1437/1/1437 
f 1445/1/1445 1444/1/1444 1427/1/1427 1426/1/1426 
f 1446/1/1446 1447/1/1447 1448/1/1448 1449/1/1449 
f 1431/1/1431 1435/1/1435 1448/1/1448 1447/1/1447 
f 1443/1/1443 1448/1/1448 1435/1/1435 1434/1/1434 
f 1449/1/1449 1448/1/1448 1443/1/1443 1442/1/1442 
f 1431/1/1431 1447/1/1447 1450/1/1450 1430/1/1430 
f 1446/1/1446 1451/1/1451 1450/1/1450 1447/1/1447 
f 1452/1/1452 1450/1/1450 1451/1/1451 1453/1/1453 
f 1452/1/1452 1432/1/1432 1430/1/1430 
f 799/1/799 1454/1/1454 1455/1/1455 824/1/824 
f 1456/1/1456 1455/1/1455 1454/1/1454 1457/1/1457 
f 1455/1/1455 1456/1/1456 1458/1/1458 
f 1459/1/1459 822/1/822 824/1/824 
f 1460/1/1460 1459/1/1459 1458/1/1458 
f 1461/1/1461 1462/1/1462 1463/1/1463 
f 860/1/860 859/1/859 1460/1/1460 1463/1/1463 
f 859/1/859 822/1/822 1459/1/1459 
f 1464/1/1464 1463/1/1463 1462/1/1462 
f 1465/1/1465 1464/1/1464 1466/1/1466 1467/1/1467 
f 862/1/862 865/1/865 1464/1/1464 1465/1/1465 
f 1463/1/1463 1464/1/1464 865/1/865 860/1/860 
f 1467/1/1467 1468/1/1468 1469/1/1469 1465/1/1465 
f 1470/1/1470 1469/1/1469 1468/1/1468 1471/1/1471 
f 1393/1/1393 1390/1/1390 1469/1/1469 1470/1/1470 
f 1465/1/1465 1469/1/1469 1390/1/1390 862/1/862 
f 1420/1/1420 1393/1/1393 1470/1/1470 
f 1471/1/1471 1472/1/1472 1473/1/1473 1470/1/1470 
f 1474/1/1474 1475/1/1475 1473/1/1473 1472/1/1472 
f 1420/1/1420 1473/1/1473 1475/1/1475 1423/1/1423 
f 1471/1/1471 1476/1/1476 1477/1/1477 1472/1/1472 
f 1477/1/1477 1476/1/1476 1478/1/1478 
f 1479/1/1479 1480/1/1480 1477/1/1477 1481/1/1481 
f 1472/1/1472 1477/1/1477 1480/1/1480 1474/1/1474 
f 1482/1/1482 1483/1/1483 1478/1/1478 
f 1471/1/1471 1468/1/1468 1482/1/1482 1476/1/1476 
f 1484/1/1484 1482/1/1482 1468/1/1468 1467/1/1467 
f 1485/1/1485 1483/1/1483 1482/1/1482 1484/1/1484 
f 1485/1/1485 1486/1/1486 1487/1/1487 1483/1/1483 
f 1488/1/1488 1487/1/1487 1486/1/1486 1489/1/1489 
f 1479/1/1479 1481/1/1481 1487/1/1487 1488/1/1488 
f 1483/1/1483 1487/1/1487 1481/1/1481 1478/1/1478 
f 1467/1/1467 1466/1/1466 1490/1/1490 1484/1/1484 
f 1491/1/1491 1490/1/1490 1466/1/1466 1462/1/1462 
f 1492/1/1492 1493/1/1493 1490/1/1490 1491/1/1491 
f 1484/1/1484 1490/1/1490 1493/1/1493 1485/1/1485 
f 1479/1/1479 1494/1/1494 1495/1/1495 1480/1/1480 
f 1496/1/1496 1495/1/1495 1494/1/1494 1497/1/1497 
f 1474/1/1474 1480/1/1480 1495/1/1495 1496/1/1496 
f 1492/1/1492 1498/1/1498 1499/1/1499 1493/1/1493 
f 1500/1/1500 1499/1/1499 1498/1/1498 1501/1/1501 
f 1489/1/1489 1486/1/1486 1499/1/1499 1500/1/1500 
f 1493/1/1493 1499/1/1499 1486/1/1486 1485/1/1485 
f 1489/1/1489 1500/1/1500 1502/1/1502 1488/1/1488 
f 1501/1/1501 1503/1/1503 1502/1/1502 1500/1/1500 
f 1497/1/1497 1494/1/1494 1502/1/1502 1503/1/1503 
f 1488/1/1488 1502/1/1502 1494/1/1494 1479/1/1479 
f 197/1/197 219/1/219 1504/1/1504 195/1/195 
f 1505/1/1505 1504/1/1504 219/1/219 218/1/218 
f 1506/1/1506 1507/1/1507 1504/1/1504 1505/1/1505 
f 195/1/195 1504/1/1504 1507/1/1507 76/1/76 
f 217/1/217 229/1/229 1508/1/1508 216/1/216 
f 1509/1/1509 1508/1/1508 229/1/229 228/1/228 
f 1510/1/1510 1511/1/1511 1508/1/1508 1509/1/1509 
f 216/1/216 1508/1/1508 1511/1/1511 218/1/218 
f 1512/1/1512 1513/1/1513 1514/1/1514 1515/1/1515 
f 1509/1/1509 1514/1/1514 1513/1/1513 1510/1/1510 
f 228/1/228 231/1/231 1514/1/1514 1509/1/1509 
f 1515/1/1515 1514/1/1514 231/1/231 230/1/230 
f 81/1/81 77/1/77 1516/1/1516 1517/1/1517 
f 1507/1/1507 1516/1/1516 77/1/77 76/1/76 
f 1518/1/1518 1516/1/1516 1507/1/1507 1506/1/1506 
f 1517/1/1517 1516/1/1516 1518/1/1518 1519/1/1519 
f 218/1/218 1511/1/1511 1520/1/1520 1505/1/1505 
f 1521/1/1521 1520/1/1520 1511/1/1511 1510/1/1510 
f 1522/1/1522 1523/1/1523 1520/1/1520 1521/1/1521 
f 1505/1/1505 1520/1/1520 1523/1/1523 1506/1/1506 
f 1510/1/1510 1513/1/1513 1524/1/1524 1521/1/1521 
f 1525/1/1525 1524/1/1524 1513/1/1513 1512/1/1512 
f 1526/1/1526 1527/1/1527 1524/1/1524 1525/1/1525 
f 1521/1/1521 1524/1/1524 1527/1/1527 1522/1/1522 
f 1519/1/1519 1518/1/1518 1528/1/1528 1529/1/1529 
f 1523/1/1523 1528/1/1528 1518/1/1518 1506/1/1506 
f 1522/1/1522 1530/1/1530 1528/1/1528 1523/1/1523 
f 1529/1/1529 1528/1/1528 1530/1/1530 1531/1/1531 
f 1519/1/1519 1532/1/1532 1533/1/1533 1517/1/1517 
f 1534/1/1534 1533/1/1533 1532/1/1532 1535/1/1535 
f 117/1/117 115/1/115 1533/1/1533 1534/1/1534 
f 1517/1/1517 1533/1/1533 115/1/115 81/1/81 
f 1526/1/1526 1536/1/1536 1537/1/1537 1527/1/1527 
f 1538/1/1538 1537/1/1537 1536/1/1536 1539/1/1539 
f 1531/1/1531 1530/1/1530 1537/1/1537 1538/1/1538 
f 1527/1/1527 1537/1/1537 1530/1/1530 1522/1/1522 
f 723/1/723 1540/1/1540 1541/1/1541 724/1/724 
f 1534/1/1534 1540/1/1540 723/1/723 117/1/117 
f 1535/1/1535 1542/1/1542 1540/1/1540 1534/1/1534 
f 1541/1/1541 1540/1/1540 1542/1/1542 1543/1/1543 
f 1531/1/1531 1544/1/1544 1545/1/1545 1529/1/1529 
f 1546/1/1546 1545/1/1545 1544/1/1544 1547/1/1547 
f 1535/1/1535 1532/1/1532 1545/1/1545 1546/1/1546 
f 1529/1/1529 1545/1/1545 1532/1/1532 1519/1/1519 
f 1539/1/1539 1548/1/1548 1549/1/1549 1538/1/1538 
f 1550/1/1550 1549/1/1549 1548/1/1548 1551/1/1551 
f 1547/1/1547 1544/1/1544 1549/1/1549 1550/1/1550 
f 1538/1/1538 1549/1/1549 1544/1/1544 1531/1/1531 
f 731/1/731 730/1/730 1552/1/1552 1553/1/1553 
f 1541/1/1541 1552/1/1552 730/1/730 724/1/724 
f 1543/1/1543 1554/1/1554 1552/1/1552 1541/1/1541 
f 1555/1/1555 1553/1/1553 1552/1/1552 1554/1/1554 
f 1547/1/1547 1556/1/1556 1557/1/1557 1546/1/1546 
f 1558/1/1558 1557/1/1557 1556/1/1556 1559/1/1559 
f 1543/1/1543 1542/1/1542 1557/1/1557 1558/1/1558 
f 1546/1/1546 1557/1/1557 1542/1/1542 1535/1/1535 
f 1559/1/1559 1556/1/1556 1560/1/1560 1561/1/1561 
f 1550/1/1550 1560/1/1560 1556/1/1556 1547/1/1547 
f 1551/1/1551 1562/1/1562 1560/1/1560 1550/1/1550 
f 1561/1/1561 1560/1/1560 1562/1/1562 1563/1/1563 
f 1564/1/1564 1553/1/1553 1555/1/1555 
f 1565/1/1565 1564/1/1564 1566/1/1566 1567/1/1567 
f 735/1/735 734/1/734 1564/1/1564 1565/1/1565 
f 1553/1/1553 1564/1/1564 734/1/734 731/1/731 
f 1568/1/1568 1554/1/1554 1543/1/1543 
f 1559/1/1559 1569/1/1569 1568/1/1568 1558/1/1558 
f 1570/1/1570 1571/1/1571 1568/1/1568 1569/1/1569 
f 1554/1/1554 1568/1/1568 1571/1/1571 1555/1/1555 
f 1563/1/1563 1572/1/1572 1573/1/1573 1561/1/1561 
f 1572/1/1572 1574/1/1574 1575/1/1575 
f 1573/1/1573 1575/1/1575 1570/1/1570 
f 1561/1/1561 1573/1/1573 1569/1/1569 1559/1/1559 
f 1570/1/1570 1576/1/1576 1577/1/1577 1571/1/1571 
f 1578/1/1578 1577/1/1577 1576/1/1576 1579/1/1579 
f 1567/1/1567 1566/1/1566 1577/1/1577 1578/1/1578 
f 1571/1/1571 1577/1/1577 1566/1/1566 1555/1/1555 
f 1580/1/1580 1575/1/1575 1574/1/1574 
f 1581/1/1581 1580/1/1580 1582/1/1582 1583/1/1583 
f 1579/1/1579 1576/1/1576 1580/1/1580 1581/1/1581 
f 1575/1/1575 1580/1/1580 1576/1/1576 1570/1/1570 
f 1584/1/1584 502/1/502 501/1/501 
f 1585/1/1585 1584/1/1584 1586/1/1586 1587/1/1587 
f 1584/1/1584 1585/1/1585 1588/1/1588 
f 1589/1/1589 492/1/492 502/1/502 
f 1589/1/1589 1588/1/1588 1590/1/1590 
f 1591/1/1591 1590/1/1590 1592/1/1592 
f 495/1/495 494/1/494 1591/1/1591 1593/1/1593 
f 1589/1/1589 1591/1/1591 494/1/494 492/1/492 
f 1588/1/1588 1594/1/1594 1595/1/1595 1590/1/1590 
f 1596/1/1596 1595/1/1595 1594/1/1594 1597/1/1597 
f 1598/1/1598 1599/1/1599 1595/1/1595 1596/1/1596 
f 1590/1/1590 1595/1/1595 1599/1/1599 1592/1/1592 
f 495/1/495 1593/1/1593 1600/1/1600 518/1/518 
f 1601/1/1601 1600/1/1600 1593/1/1593 1592/1/1592 
f 1602/1/1602 1603/1/1603 1600/1/1600 1601/1/1601 
f 518/1/518 1600/1/1600 1603/1/1603 515/1/515 
f 1602/1/1602 1604/1/1604 1605/1/1605 1603/1/1603 
f 1604/1/1604 527/1/527 530/1/530 1605/1/1605 
f 515/1/515 1603/1/1603 1605/1/1605 530/1/530 
f 1592/1/1592 1599/1/1599 1606/1/1606 1601/1/1601 
f 1607/1/1607 1606/1/1606 1599/1/1599 1598/1/1598 
f 1608/1/1608 1609/1/1609 1606/1/1606 1607/1/1607 
f 1601/1/1601 1606/1/1606 1609/1/1609 1602/1/1602 
f 1610/1/1610 1611/1/1611 1612/1/1612 1613/1/1613 
f 534/1/534 1612/1/1612 1611/1/1611 526/1/526 
f 527/1/527 1604/1/1604 1612/1/1612 534/1/534 
f 1613/1/1613 1612/1/1612 1604/1/1604 1602/1/1602 
f 1602/1/1602 1609/1/1609 1614/1/1614 1613/1/1613 
f 1615/1/1615 1614/1/1614 1609/1/1609 1608/1/1608 
f 1616/1/1616 1617/1/1617 1614/1/1614 1615/1/1615 
f 1617/1/1617 1610/1/1610 1613/1/1613 
f 1610/1/1610 1618/1/1618 1619/1/1619 1611/1/1611 
f 1620/1/1620 1619/1/1619 1618/1/1618 1621/1/1621 
f 408/1/408 522/1/522 1619/1/1619 1620/1/1620 
f 526/1/526 1611/1/1611 1619/1/1619 522/1/522 
f 1622/1/1622 1623/1/1623 1624/1/1624 1625/1/1625 
f 1626/1/1626 1624/1/1624 1623/1/1623 1597/1/1597 
f 1627/1/1627 1628/1/1628 1624/1/1624 1626/1/1626 
f 1625/1/1625 1624/1/1624 1628/1/1628 1629/1/1629 
f 1630/1/1630 1631/1/1631 1632/1/1632 1633/1/1633 
f 1596/1/1596 1632/1/1632 1631/1/1631 1598/1/1598 
f 1597/1/1597 1623/1/1623 1632/1/1632 1596/1/1596 
f 1633/1/1633 1632/1/1632 1623/1/1623 1622/1/1622 
f 1634/1/1634 1635/1/1635 1636/1/1636 1637/1/1637 
f 1607/1/1607 1636/1/1636 1635/1/1635 1608/1/1608 
f 1598/1/1598 1631/1/1631 1636/1/1636 1607/1/1607 
f 1637/1/1637 1636/1/1636 1631/1/1631 1630/1/1630 
f 1638/1/1638 1639/1/1639 1640/1/1640 1641/1/1641 
f 1616/1/1616 1615/1/1615 1639/1/1639 1638/1/1638 
f 1608/1/1608 1635/1/1635 1639/1/1639 1615/1/1615 
f 1634/1/1634 1640/1/1640 1639/1/1639 1635/1/1635 
f 1629/1/1629 1642/1/1642 1643/1/1643 1625/1/1625 
f 1644/1/1644 1643/1/1643 1642/1/1642 1645/1/1645 
f 1646/1/1646 1647/1/1647 1643/1/1643 1644/1/1644 
f 1625/1/1625 1643/1/1643 1647/1/1647 1622/1/1622 
f 1622/1/1622 1647/1/1647 1648/1/1648 1633/1/1633 
f 1649/1/1649 1648/1/1648 1647/1/1647 1646/1/1646 
f 1650/1/1650 1651/1/1651 1648/1/1648 1649/1/1649 
f 1633/1/1633 1648/1/1648 1651/1/1651 1630/1/1630 
f 1630/1/1630 1651/1/1651 1652/1/1652 1637/1/1637 
f 1650/1/1650 1653/1/1653 1652/1/1652 1651/1/1651 
f 1654/1/1654 1655/1/1655 1652/1/1652 1653/1/1653 
f 1634/1/1634 1637/1/1637 1652/1/1652 1655/1/1655 
f 1641/1/1641 1640/1/1640 1656/1/1656 1657/1/1657 
f 1656/1/1656 1640/1/1640 1634/1/1634 1655/1/1655 
f 1654/1/1654 1658/1/1658 1656/1/1656 1655/1/1655 
f 1659/1/1659 1657/1/1657 1656/1/1656 1658/1/1658 
f 1659/1/1659 1660/1/1660 1661/1/1661 1657/1/1657 
f 1660/1/1660 1662/1/1662 1663/1/1663 
f 1664/1/1664 1665/1/1665 1661/1/1661 1663/1/1663 
f 1657/1/1657 1661/1/1661 1665/1/1665 1641/1/1641 
f 1666/1/1666 1663/1/1663 1662/1/1662 
f 1667/1/1667 1666/1/1666 1668/1/1668 1669/1/1669 
f 1666/1/1666 1667/1/1667 1670/1/1670 
f 1671/1/1671 1664/1/1664 1663/1/1663 
f 1672/1/1672 1673/1/1673 1674/1/1674 1675/1/1675 
f 1667/1/1667 1674/1/1674 1673/1/1673 1670/1/1670 
f 1669/1/1669 1676/1/1676 1674/1/1674 1667/1/1667 
f 1677/1/1677 1675/1/1675 1674/1/1674 1676/1/1676 
f 1677/1/1677 1678/1/1678 1679/1/1679 1675/1/1675 
f 1680/1/1680 1679/1/1679 1678/1/1678 1681/1/1681 
f 1682/1/1682 1683/1/1683 1679/1/1679 1680/1/1680 
f 1675/1/1675 1679/1/1679 1683/1/1683 1672/1/1672 
f 1684/1/1684 1685/1/1685 1686/1/1686 
f 1687/1/1687 1688/1/1688 1684/1/1684 1689/1/1689 
f 1680/1/1680 1684/1/1684 1688/1/1688 1682/1/1682 
f 1681/1/1681 1685/1/1685 1684/1/1684 1680/1/1680 
f 1690/1/1690 1691/1/1691 1687/1/1687 
f 1689/1/1689 1686/1/1686 1692/1/1692 
f 1693/1/1693 1694/1/1694 1690/1/1690 1692/1/1692 
f 1691/1/1691 1690/1/1690 1694/1/1694 1695/1/1695 
f 1694/1/1694 1696/1/1696 1697/1/1697 1695/1/1695 
f 1698/1/1698 1696/1/1696 1694/1/1694 1693/1/1693 
f 1699/1/1699 1696/1/1696 1698/1/1698 1700/1/1700 
f 1701/1/1701 1697/1/1697 1696/1/1696 1699/1/1699 
f 1700/1/1700 1702/1/1702 1703/1/1703 1699/1/1699 
f 1704/1/1704 1703/1/1703 1702/1/1702 1705/1/1705 
f 1706/1/1706 1707/1/1707 1703/1/1703 1704/1/1704 
f 1699/1/1699 1703/1/1703 1707/1/1707 1701/1/1701 
f 1704/1/1704 1708/1/1708 1709/1/1709 1706/1/1706 
f 1705/1/1705 1710/1/1710 1708/1/1708 1704/1/1704 
f 1645/1/1645 1642/1/1642 1708/1/1708 1710/1/1710 
f 1709/1/1709 1708/1/1708 1642/1/1642 1629/1/1629 
f 1711/1/1711 1712/1/1712 1713/1/1713 
f 1714/1/1714 1715/1/1715 1711/1/1711 1716/1/1716 
f 1669/1/1669 1668/1/1668 1711/1/1711 1715/1/1715 
f 1668/1/1668 1662/1/1662 1712/1/1712 
f 1669/1/1669 1715/1/1715 1717/1/1717 1676/1/1676 
f 1718/1/1718 1717/1/1717 1715/1/1715 1714/1/1714 
f 1719/1/1719 1720/1/1720 1717/1/1717 1718/1/1718 
f 1676/1/1676 1717/1/1717 1720/1/1720 1677/1/1677 
f 1719/1/1719 1721/1/1721 1722/1/1722 1720/1/1720 
f 1723/1/1723 1724/1/1724 1722/1/1722 1721/1/1721 
f 1681/1/1681 1678/1/1678 1722/1/1722 1724/1/1724 
f 1720/1/1720 1722/1/1722 1678/1/1678 1677/1/1677 
f 1681/1/1681 1724/1/1724 1725/1/1725 1685/1/1685 
f 1726/1/1726 1725/1/1725 1724/1/1724 1723/1/1723 
f 1727/1/1727 1728/1/1728 1725/1/1725 1726/1/1726 
f 1685/1/1685 1725/1/1725 1728/1/1728 1686/1/1686 
f 1686/1/1686 1728/1/1728 1729/1/1729 1692/1/1692 
f 1730/1/1730 1729/1/1729 1728/1/1728 1727/1/1727 
f 1731/1/1731 1732/1/1732 1729/1/1729 1730/1/1730 
f 1692/1/1692 1729/1/1729 1732/1/1732 1693/1/1693 
f 1693/1/1693 1732/1/1732 1733/1/1733 1698/1/1698 
f 1734/1/1734 1733/1/1733 1732/1/1732 1731/1/1731 
f 1735/1/1735 1736/1/1736 1733/1/1733 1734/1/1734 
f 1698/1/1698 1733/1/1733 1736/1/1736 1700/1/1700 
f 1737/1/1737 1738/1/1738 1710/1/1710 1705/1/1705 
f 1739/1/1739 1740/1/1740 1738/1/1738 1737/1/1737 
f 1741/1/1741 1742/1/1742 1738/1/1738 1740/1/1740 
f 1710/1/1710 1738/1/1738 1742/1/1742 1645/1/1645 
f 1735/1/1735 1743/1/1743 1744/1/1744 1736/1/1736 
f 1737/1/1737 1744/1/1744 1743/1/1743 1739/1/1739 
f 1705/1/1705 1702/1/1702 1744/1/1744 1737/1/1737 
f 1736/1/1736 1744/1/1744 1702/1/1702 1700/1/1700 
f 1714/1/1714 1745/1/1745 1746/1/1746 1718/1/1718 
f 1747/1/1747 1748/1/1748 1746/1/1746 
f 1749/1/1749 1746/1/1746 1748/1/1748 1750/1/1750 
f 1718/1/1718 1746/1/1746 1749/1/1749 1719/1/1719 
f 1750/1/1750 1751/1/1751 1752/1/1752 1749/1/1749 
f 1751/1/1751 1753/1/1753 1754/1/1754 
f 1723/1/1723 1721/1/1721 1752/1/1752 1754/1/1754 
f 1749/1/1749 1752/1/1752 1721/1/1721 1719/1/1719 
f 1723/1/1723 1754/1/1754 1755/1/1755 1726/1/1726 
f 1756/1/1756 1755/1/1755 1754/1/1754 1753/1/1753 
f 1757/1/1757 1758/1/1758 1755/1/1755 1756/1/1756 
f 1726/1/1726 1755/1/1755 1758/1/1758 1727/1/1727 
f 1727/1/1727 1758/1/1758 1759/1/1759 1730/1/1730 
f 1760/1/1760 1759/1/1759 1758/1/1758 1757/1/1757 
f 1761/1/1761 1762/1/1762 1759/1/1759 1760/1/1760 
f 1730/1/1730 1759/1/1759 1762/1/1762 1731/1/1731 
f 1731/1/1731 1762/1/1762 1763/1/1763 1734/1/1734 
f 1764/1/1764 1763/1/1763 1762/1/1762 1761/1/1761 
f 1765/1/1765 1766/1/1766 1763/1/1763 1764/1/1764 
f 1734/1/1734 1763/1/1763 1766/1/1766 1735/1/1735 
f 1765/1/1765 1767/1/1767 1768/1/1768 1766/1/1766 
f 1769/1/1769 1768/1/1768 1767/1/1767 1770/1/1770 
f 1739/1/1739 1743/1/1743 1768/1/1768 1769/1/1769 
f 1766/1/1766 1768/1/1768 1743/1/1743 1735/1/1735 
f 1771/1/1771 1649/1/1649 1646/1/1646 1772/1/1772 
f 1771/1/1771 1772/1/1772 1773/1/1773 1774/1/1774 
f 1775/1/1775 1776/1/1776 1771/1/1771 1774/1/1774 
f 1650/1/1650 1649/1/1649 1771/1/1771 1776/1/1776 
f 1777/1/1777 1778/1/1778 1779/1/1779 1780/1/1780 
f 1770/1/1770 1767/1/1767 1779/1/1779 1778/1/1778 
f 1779/1/1779 1767/1/1767 1765/1/1765 1780/1/1780 
f 1777/1/1777 1781/1/1781 1782/1/1782 1783/1/1783 
f 1757/1/1757 1756/1/1756 1782/1/1782 1781/1/1781 
f 1753/1/1753 1783/1/1783 1782/1/1782 1756/1/1756 
f 1775/1/1775 1784/1/1784 1785/1/1785 1776/1/1776 
f 1786/1/1786 1787/1/1787 1785/1/1785 1784/1/1784 
f 1654/1/1654 1653/1/1653 1785/1/1785 1787/1/1787 
f 1650/1/1650 1776/1/1776 1785/1/1785 1653/1/1653 
f 1788/1/1788 1789/1/1789 1790/1/1790 1777/1/1777 
f 1750/1/1750 1748/1/1748 1789/1/1789 1788/1/1788 
f 1747/1/1747 1790/1/1790 1789/1/1789 1748/1/1748 
f 1788/1/1788 1777/1/1777 1783/1/1783 
f 1753/1/1753 1751/1/1751 1791/1/1791 1783/1/1783 
f 1750/1/1750 1788/1/1788 1791/1/1791 1751/1/1751 
f 1777/1/1777 1792/1/1792 1793/1/1793 1781/1/1781 
f 1761/1/1761 1760/1/1760 1793/1/1793 1792/1/1792 
f 1757/1/1757 1781/1/1781 1793/1/1793 1760/1/1760 
f 1777/1/1777 1780/1/1780 1794/1/1794 1792/1/1792 
f 1765/1/1765 1764/1/1764 1794/1/1794 1780/1/1780 
f 1761/1/1761 1792/1/1792 1794/1/1794 1764/1/1764 
f 1795/1/1795 1796/1/1796 1769/1/1769 1770/1/1770 
f 1797/1/1797 1798/1/1798 1796/1/1796 1795/1/1795 
f 1740/1/1740 1796/1/1796 1798/1/1798 1741/1/1741 
f 1769/1/1769 1796/1/1796 1740/1/1740 1739/1/1739 
f 1777/1/1777 1799/1/1799 1800/1/1800 1778/1/1778 
f 1797/1/1797 1795/1/1795 1800/1/1800 1799/1/1799 
f 1770/1/1770 1778/1/1778 1800/1/1800 1795/1/1795 
f 1801/1/1801 1802/1/1802 1803/1/1803 1804/1/1804 
f 1801/1/1801 1777/1/1777 1790/1/1790 
f 1747/1/1747 1803/1/1803 1802/1/1802 1790/1/1790 
f 1645/1/1645 1742/1/1742 1805/1/1805 1644/1/1644 
f 1806/1/1806 1805/1/1805 1742/1/1742 1741/1/1741 
f 1773/1/1773 1772/1/1772 1805/1/1805 1806/1/1806 
f 1644/1/1644 1805/1/1805 1772/1/1772 1646/1/1646 
f 1774/1/1774 1773/1/1773 1807/1/1807 1808/1/1808 
f 1809/1/1809 1810/1/1810 1808/1/1808 1807/1/1807 
f 1786/1/1786 1784/1/1784 1808/1/1808 1810/1/1810 
f 1775/1/1775 1774/1/1774 1808/1/1808 1784/1/1784 
f 1809/1/1809 1807/1/1807 1811/1/1811 1812/1/1812 
f 1806/1/1806 1811/1/1811 1807/1/1807 1773/1/1773 
f 1741/1/1741 1798/1/1798 1811/1/1811 1806/1/1806 
f 1812/1/1812 1811/1/1811 1798/1/1798 1797/1/1797 
f 1786/1/1786 1813/1/1813 1814/1/1814 1787/1/1787 
f 1815/1/1815 1814/1/1814 1813/1/1813 1816/1/1816 
f 1815/1/1815 1659/1/1659 1658/1/1658 1814/1/1814 
f 1654/1/1654 1787/1/1787 1814/1/1814 1658/1/1658 
f 1817/1/1817 1818/1/1818 1815/1/1815 1816/1/1816 
f 1712/1/1712 1818/1/1818 1817/1/1817 1713/1/1713 
f 1818/1/1818 1712/1/1712 1662/1/1662 
f 1815/1/1815 1818/1/1818 1660/1/1660 1659/1/1659 
f 1809/1/1809 1819/1/1819 1820/1/1820 1810/1/1810 
f 1821/1/1821 1820/1/1820 1819/1/1819 1804/1/1804 
f 1816/1/1816 1813/1/1813 1820/1/1820 1821/1/1821 
f 1786/1/1786 1810/1/1810 1820/1/1820 1813/1/1813 
f 1817/1/1817 1816/1/1816 1821/1/1821 1822/1/1822 
f 1804/1/1804 1823/1/1823 1822/1/1822 1821/1/1821 
f 1713/1/1713 1817/1/1817 1822/1/1822 1823/1/1823 
f 1823/1/1823 1804/1/1804 1803/1/1803 
f 1803/1/1803 1747/1/1747 1745/1/1745 
f 1716/1/1716 1824/1/1824 1745/1/1745 1714/1/1714 
f 1716/1/1716 1713/1/1713 1823/1/1823 
f 1804/1/1804 1819/1/1819 1825/1/1825 1801/1/1801 
f 1812/1/1812 1825/1/1825 1819/1/1819 1809/1/1809 
f 1797/1/1797 1799/1/1799 1825/1/1825 1812/1/1812 
f 1801/1/1801 1825/1/1825 1799/1/1799 1777/1/1777 
f 1587/1/1587 1826/1/1826 1827/1/1827 1585/1/1585 
f 1626/1/1626 1827/1/1827 1826/1/1826 1627/1/1627 
f 1597/1/1597 1594/1/1594 1827/1/1827 1626/1/1626 
f 1585/1/1585 1827/1/1827 1594/1/1594 1588/1/1588 
f 1629/1/1629 1628/1/1628 1828/1/1828 1709/1/1709 
f 1829/1/1829 1828/1/1828 1628/1/1628 1627/1/1627 
f 1830/1/1830 1828/1/1828 1829/1/1829 1831/1/1831 
f 1706/1/1706 1709/1/1709 1828/1/1828 1830/1/1830 
f 1831/1/1831 1832/1/1832 1833/1/1833 1830/1/1830 
f 1834/1/1834 1833/1/1833 1832/1/1832 1835/1/1835 
f 1701/1/1701 1707/1/1707 1833/1/1833 1834/1/1834 
f 1830/1/1830 1833/1/1833 1707/1/1707 1706/1/1706 
f 1835/1/1835 1836/1/1836 1837/1/1837 1834/1/1834 
f 1838/1/1838 1837/1/1837 1836/1/1836 1839/1/1839 
f 1695/1/1695 1697/1/1697 1837/1/1837 1838/1/1838 
f 1834/1/1834 1837/1/1837 1697/1/1697 1701/1/1701 
f 1840/1/1840 1841/1/1841 1838/1/1838 1839/1/1839 
f 1842/1/1842 1841/1/1841 1840/1/1840 1843/1/1843 
f 1841/1/1841 1842/1/1842 1687/1/1687 
f 1838/1/1838 1841/1/1841 1691/1/1691 1695/1/1695 
f 1844/1/1844 1845/1/1845 1846/1/1846 1847/1/1847 
f 1840/1/1840 1845/1/1845 1844/1/1844 1843/1/1843 
f 1848/1/1848 1845/1/1845 1840/1/1840 1839/1/1839 
f 1846/1/1846 1845/1/1845 1848/1/1848 1849/1/1849 
f 1842/1/1842 1850/1/1850 1688/1/1688 1687/1/1687 
f 1851/1/1851 1850/1/1850 1842/1/1842 1843/1/1843 
f 1852/1/1852 1850/1/1850 1851/1/1851 1853/1/1853 
f 1850/1/1850 1852/1/1852 1682/1/1682 
f 1853/1/1853 1854/1/1854 1855/1/1855 1852/1/1852 
f 1856/1/1856 1855/1/1855 1854/1/1854 1857/1/1857 
f 1672/1/1672 1683/1/1683 1855/1/1855 1856/1/1856 
f 1852/1/1852 1855/1/1855 1683/1/1683 1682/1/1682 
f 1857/1/1857 1858/1/1858 1859/1/1859 1856/1/1856 
f 1860/1/1860 1859/1/1859 1858/1/1858 1861/1/1861 
f 1670/1/1670 1673/1/1673 1859/1/1859 1860/1/1860 
f 1856/1/1856 1859/1/1859 1673/1/1673 1672/1/1672 
f 1641/1/1641 1665/1/1665 1862/1/1862 1638/1/1638 
f 1863/1/1863 1862/1/1862 1665/1/1665 1664/1/1664 
f 1864/1/1864 1865/1/1865 1862/1/1862 1863/1/1863 
f 1638/1/1638 1862/1/1862 1865/1/1865 1616/1/1616 
f 1621/1/1621 1618/1/1618 1866/1/1866 1867/1/1867 
f 1617/1/1617 1866/1/1866 1618/1/1618 1610/1/1610 
f 1616/1/1616 1865/1/1865 1866/1/1866 1617/1/1617 
f 1867/1/1867 1866/1/1866 1865/1/1865 1864/1/1864 
f 1861/1/1861 1868/1/1868 1869/1/1869 1860/1/1860 
f 1863/1/1863 1869/1/1869 1868/1/1868 1864/1/1864 
f 1664/1/1664 1671/1/1671 1869/1/1869 1863/1/1863 
f 1860/1/1860 1869/1/1869 1671/1/1671 1670/1/1670 
f 400/1/400 403/1/403 1870/1/1870 1871/1/1871 
f 1620/1/1620 1870/1/1870 403/1/403 408/1/408 
f 1621/1/1621 1872/1/1872 1870/1/1870 1620/1/1620 
f 1871/1/1871 1870/1/1870 1872/1/1872 1873/1/1873 
f 1864/1/1864 1874/1/1874 1875/1/1875 1867/1/1867 
f 1876/1/1876 1875/1/1875 1874/1/1874 1877/1/1877 
f 1873/1/1873 1872/1/1872 1875/1/1875 1876/1/1876 
f 1867/1/1867 1875/1/1875 1872/1/1872 1621/1/1621 
f 1873/1/1873 1878/1/1878 1879/1/1879 1871/1/1871 
f 1880/1/1880 1879/1/1879 1878/1/1878 1881/1/1881 
f 1317/1/1317 1316/1/1316 1879/1/1879 1880/1/1880 
f 1871/1/1871 1879/1/1879 1316/1/1316 400/1/400 
f 1877/1/1877 1882/1/1882 1883/1/1883 1876/1/1876 
f 1884/1/1884 1883/1/1883 1882/1/1882 1885/1/1885 
f 1881/1/1881 1878/1/1878 1883/1/1883 1884/1/1884 
f 1876/1/1876 1883/1/1883 1878/1/1878 1873/1/1873 
f 1861/1/1861 1886/1/1886 1887/1/1887 1868/1/1868 
f 1882/1/1882 1887/1/1887 1886/1/1886 1885/1/1885 
f 1877/1/1877 1874/1/1874 1887/1/1887 1882/1/1882 
f 1868/1/1868 1887/1/1887 1874/1/1874 1864/1/1864 
f 1861/1/1861 1858/1/1858 1888/1/1888 1886/1/1886 
f 1889/1/1889 1888/1/1888 1858/1/1858 1857/1/1857 
f 1888/1/1888 1889/1/1889 1890/1/1890 
f 1886/1/1886 1888/1/1888 1891/1/1891 1885/1/1885 
f 1892/1/1892 1893/1/1893 1894/1/1894 
f 1895/1/1895 1890/1/1890 1889/1/1889 
f 1857/1/1857 1854/1/1854 1892/1/1892 1889/1/1889 
f 1854/1/1854 1853/1/1853 1893/1/1893 
f 1896/1/1896 1897/1/1897 1851/1/1851 1843/1/1843 
f 1898/1/1898 1897/1/1897 1896/1/1896 1899/1/1899 
f 1893/1/1893 1897/1/1897 1898/1/1898 1894/1/1894 
f 1897/1/1897 1893/1/1893 1853/1/1853 
f 1896/1/1896 1900/1/1900 1901/1/1901 1899/1/1899 
f 1843/1/1843 1844/1/1844 1900/1/1900 1896/1/1896 
f 1847/1/1847 1901/1/1901 1900/1/1900 1844/1/1844 
f 1894/1/1894 1898/1/1898 1902/1/1902 1903/1/1903 
f 1904/1/1904 1902/1/1902 1898/1/1898 1899/1/1899 
f 1905/1/1905 1906/1/1906 1902/1/1902 1904/1/1904 
f 1903/1/1903 1902/1/1902 1906/1/1906 1907/1/1907 
f 1907/1/1907 1908/1/1908 1909/1/1909 1903/1/1903 
f 1910/1/1910 1909/1/1909 1908/1/1908 1911/1/1911 
f 1890/1/1890 1895/1/1895 1909/1/1909 1910/1/1910 
f 1903/1/1903 1909/1/1909 1895/1/1895 1894/1/1894 
f 1907/1/1907 1906/1/1906 1912/1/1912 1908/1/1908 
f 1913/1/1913 1912/1/1912 1906/1/1906 1905/1/1905 
f 1914/1/1914 1915/1/1915 1912/1/1912 1913/1/1913 
f 1908/1/1908 1912/1/1912 1915/1/1915 1911/1/1911 
f 1891/1/1891 1890/1/1890 1910/1/1910 
f 1911/1/1911 1916/1/1916 1917/1/1917 1910/1/1910 
f 1916/1/1916 1918/1/1918 1919/1/1919 
f 1919/1/1919 1885/1/1885 1891/1/1891 
f 1914/1/1914 1920/1/1920 1921/1/1921 1915/1/1915 
f 1922/1/1922 1921/1/1921 1920/1/1920 1923/1/1923 
f 1924/1/1924 1925/1/1925 1921/1/1921 1922/1/1922 
f 1915/1/1915 1921/1/1921 1925/1/1925 1911/1/1911 
f 1922/1/1922 1926/1/1926 1927/1/1927 1924/1/1924 
f 1923/1/1923 1928/1/1928 1926/1/1926 1922/1/1922 
f 1929/1/1929 1926/1/1926 1928/1/1928 
f 1929/1/1929 1930/1/1930 1927/1/1927 
f 1924/1/1924 1927/1/1927 1931/1/1931 1932/1/1932 
f 1933/1/1933 1931/1/1931 1927/1/1927 1930/1/1930 
f 1934/1/1934 1935/1/1935 1931/1/1931 1933/1/1933 
f 1932/1/1932 1931/1/1931 1935/1/1935 1936/1/1936 
f 1924/1/1924 1932/1/1932 1937/1/1937 1925/1/1925 
f 1932/1/1932 1936/1/1936 1938/1/1938 
f 1937/1/1937 1938/1/1938 1918/1/1918 
f 1925/1/1925 1937/1/1937 1916/1/1916 1911/1/1911 
f 1935/1/1935 1939/1/1939 1940/1/1940 1936/1/1936 
f 1941/1/1941 1939/1/1939 1935/1/1935 
f 1942/1/1942 1939/1/1939 1941/1/1941 
f 1943/1/1943 1940/1/1940 1939/1/1939 1942/1/1942 
f 1944/1/1944 1945/1/1945 1940/1/1940 1943/1/1943 
f 1946/1/1946 1945/1/1945 1944/1/1944 1947/1/1947 
f 1948/1/1948 1949/1/1949 1945/1/1945 1946/1/1946 
f 1940/1/1940 1945/1/1945 1949/1/1949 1936/1/1936 
f 1950/1/1950 1951/1/1951 1952/1/1952 1953/1/1953 
f 1954/1/1954 1952/1/1952 1951/1/1951 1955/1/1955 
f 1952/1/1952 1954/1/1954 1346/1/1346 
f 1332/1/1332 1953/1/1953 1952/1/1952 1345/1/1345 
f 1956/1/1956 1957/1/1957 1958/1/1958 1959/1/1959 
f 1960/1/1960 1958/1/1958 1957/1/1957 1961/1/1961 
f 1962/1/1962 1963/1/1963 1958/1/1958 1960/1/1960 
f 1958/1/1958 1963/1/1963 1955/1/1955 
f 1950/1/1950 1964/1/1964 1965/1/1965 1951/1/1951 
f 1966/1/1966 1965/1/1965 1964/1/1964 1967/1/1967 
f 1956/1/1956 1959/1/1959 1965/1/1965 1966/1/1966 
f 1951/1/1951 1965/1/1965 1959/1/1959 1955/1/1955 
f 1950/1/1950 1953/1/1953 1968/1/1968 1964/1/1964 
f 1953/1/1953 1332/1/1332 1335/1/1335 
f 1969/1/1969 1968/1/1968 1335/1/1335 1323/1/1323 
f 1967/1/1967 1964/1/1964 1968/1/1968 1969/1/1969 
f 1956/1/1956 1966/1/1966 1970/1/1970 1957/1/1957 
f 1971/1/1971 1970/1/1970 1966/1/1966 1967/1/1967 
f 1972/1/1972 1973/1/1973 1970/1/1970 1971/1/1971 
f 1961/1/1961 1957/1/1957 1970/1/1970 1973/1/1973 
f 1974/1/1974 1975/1/1975 1976/1/1976 1977/1/1977 
f 1969/1/1969 1976/1/1976 1975/1/1975 1967/1/1967 
f 1323/1/1323 1320/1/1320 1976/1/1976 1969/1/1969 
f 1977/1/1977 1976/1/1976 1320/1/1320 1319/1/1319 
f 1978/1/1978 1979/1/1979 1980/1/1980 1981/1/1981 
f 1982/1/1982 1979/1/1979 1978/1/1978 1983/1/1983 
f 1960/1/1960 1979/1/1979 1982/1/1982 1962/1/1962 
f 1961/1/1961 1980/1/1980 1979/1/1979 1960/1/1960 
f 1984/1/1984 1985/1/1985 1986/1/1986 1987/1/1987 
f 1971/1/1971 1986/1/1986 1985/1/1985 1972/1/1972 
f 1967/1/1967 1975/1/1975 1986/1/1986 1971/1/1971 
f 1987/1/1987 1986/1/1986 1975/1/1975 1974/1/1974 
f 1972/1/1972 1985/1/1985 1988/1/1988 1973/1/1973 
f 1989/1/1989 1988/1/1988 1985/1/1985 1984/1/1984 
f 1981/1/1981 1980/1/1980 1988/1/1988 1989/1/1989 
f 1973/1/1973 1988/1/1988 1980/1/1980 1961/1/1961 
f 1990/1/1990 1991/1/1991 1992/1/1992 1993/1/1993 
f 1994/1/1994 1992/1/1992 1991/1/1991 1995/1/1995 
f 1983/1/1983 1978/1/1978 1992/1/1992 1994/1/1994 
f 1993/1/1993 1992/1/1992 1978/1/1978 1981/1/1981 
f 1996/1/1996 1997/1/1997 1998/1/1998 1999/1/1999 
f 1977/1/1977 1998/1/1998 1997/1/1997 1974/1/1974 
f 1319/1/1319 1314/1/1314 1998/1/1998 1977/1/1977 
f 1314/1/1314 1317/1/1317 1999/1/1999 
f 1995/1/1995 1991/1/1991 2000/1/2000 2001/1/2001 
f 2002/1/2002 2000/1/2000 1991/1/1991 1990/1/1990 
f 1948/1/1948 1946/1/1946 2000/1/2000 2002/1/2002 
f 2001/1/2001 2000/1/2000 1946/1/1946 1947/1/1947 
f 2003/1/2003 1919/1/1919 1918/1/1918 
f 2004/1/2004 2003/1/2003 2005/1/2005 2006/1/2006 
f 1884/1/1884 2003/1/2003 2004/1/2004 1881/1/1881 
f 1885/1/1885 1919/1/1919 2003/1/2003 1884/1/1884 
f 2007/1/2007 2008/1/2008 2009/1/2009 2010/1/2010 
f 1987/1/1987 2009/1/2009 2008/1/2008 1984/1/1984 
f 1974/1/1974 1997/1/1997 2009/1/2009 1987/1/1987 
f 2010/1/2010 2009/1/2009 1997/1/1997 1996/1/1996 
f 1999/1/1999 1317/1/1317 1880/1/1880 
f 1881/1/1881 2004/1/2004 2011/1/2011 1880/1/1880 
f 2011/1/2011 2004/1/2004 2006/1/2006 
f 2012/1/2012 1996/1/1996 1999/1/1999 
f 2013/1/2013 2014/1/2014 2012/1/2012 2006/1/2006 
f 2007/1/2007 2010/1/2010 2014/1/2014 2013/1/2013 
f 1996/1/1996 2012/1/2012 2014/1/2014 2010/1/2010 
f 2015/1/2015 1938/1/1938 1936/1/1936 
f 2016/1/2016 2015/1/2015 1949/1/1949 1948/1/1948 
f 2006/1/2006 2005/1/2005 2015/1/2015 2016/1/2016 
f 2005/1/2005 1918/1/1918 1938/1/1938 
f 2013/1/2013 2017/1/2017 2018/1/2018 2007/1/2007 
f 2006/1/2006 2016/1/2016 2017/1/2017 2013/1/2013 
f 1948/1/1948 2002/1/2002 2017/1/2017 2016/1/2016 
f 2018/1/2018 2017/1/2017 2002/1/2002 1990/1/1990 
f 1984/1/1984 2008/1/2008 2019/1/2019 1989/1/1989 
f 2018/1/2018 2019/1/2019 2008/1/2008 2007/1/2007 
f 1990/1/1990 1993/1/1993 2019/1/2019 2018/1/2018 
f 1989/1/1989 2019/1/2019 1993/1/1993 1981/1/1981 
f 641/1/641 2020/1/2020 2021/1/2021 640/1/640 
f 2022/1/2022 2021/1/2021 2020/1/2020 2023/1/2023 
f 2021/1/2021 2022/1/2022 1587/1/1587 
f 640/1/640 2021/1/2021 1586/1/1586 501/1/501 
f 645/1/645 2024/1/2024 2025/1/2025 642/1/642 
f 2026/1/2026 2025/1/2025 2024/1/2024 2027/1/2027 
f 2023/1/2023 2020/1/2020 2025/1/2025 2026/1/2026 
f 642/1/642 2025/1/2025 2020/1/2020 641/1/641 
f 1826/1/1826 1587/1/1587 2028/1/2028 
f 2029/1/2029 2030/1/2030 2028/1/2028 2031/1/2031 
f 1831/1/1831 1829/1/1829 2030/1/2030 2029/1/2029 
f 1627/1/1627 1826/1/1826 2030/1/2030 1829/1/1829 
f 2031/1/2031 2032/1/2032 2033/1/2033 2029/1/2029 
f 2034/1/2034 2033/1/2033 2032/1/2032 2035/1/2035 
f 1835/1/1835 1832/1/1832 2033/1/2033 2034/1/2034 
f 2029/1/2029 2033/1/2033 1832/1/1832 1831/1/1831 
f 2035/1/2035 2036/1/2036 2037/1/2037 2034/1/2034 
f 2038/1/2038 2037/1/2037 2036/1/2036 2039/1/2039 
f 1839/1/1839 1836/1/1836 2037/1/2037 2038/1/2038 
f 2034/1/2034 2037/1/2037 1836/1/1836 1835/1/1835 
f 2040/1/2040 2041/1/2041 2038/1/2038 2039/1/2039 
f 1849/1/1849 1848/1/1848 2041/1/2041 2040/1/2040 
f 2038/1/2038 2041/1/2041 1848/1/1848 1839/1/1839 
f 2023/1/2023 2042/1/2042 2043/1/2043 2022/1/2022 
f 2042/1/2042 2044/1/2044 2045/1/2045 
f 2043/1/2043 2045/1/2045 2031/1/2031 
f 2022/1/2022 2043/1/2043 2028/1/2028 1587/1/1587 
f 2046/1/2046 2047/1/2047 2026/1/2026 2027/1/2027 
f 2048/1/2048 2047/1/2047 2046/1/2046 2049/1/2049 
f 2047/1/2047 2048/1/2048 2044/1/2044 
f 2026/1/2026 2047/1/2047 2042/1/2042 2023/1/2023 
f 2050/1/2050 2045/1/2045 2044/1/2044 
f 2051/1/2051 2052/1/2052 2050/1/2050 2053/1/2053 
f 2035/1/2035 2032/1/2032 2050/1/2050 2052/1/2052 
f 2045/1/2045 2050/1/2050 2032/1/2032 2031/1/2031 
f 2054/1/2054 2055/1/2055 2056/1/2056 2057/1/2057 
f 2036/1/2036 2056/1/2056 2055/1/2055 2039/1/2039 
f 2056/1/2056 2036/1/2036 2035/1/2035 
f 2057/1/2057 2056/1/2056 2052/1/2052 2051/1/2051 
f 2027/1/2027 2024/1/2024 2058/1/2058 2046/1/2046 
f 2059/1/2059 2058/1/2058 2024/1/2024 645/1/645 
f 2060/1/2060 2061/1/2061 2058/1/2058 2059/1/2059 
f 2046/1/2046 2058/1/2058 2061/1/2061 2049/1/2049 
f 645/1/645 647/1/647 2062/1/2062 2059/1/2059 
f 2063/1/2063 2062/1/2062 647/1/647 646/1/646 
f 2064/1/2064 2065/1/2065 2062/1/2062 2063/1/2063 
f 2059/1/2059 2062/1/2062 2065/1/2065 2060/1/2060 
f 650/1/650 2066/1/2066 2067/1/2067 651/1/651 
f 2068/1/2068 2067/1/2067 2066/1/2066 2069/1/2069 
f 2064/1/2064 2063/1/2063 2067/1/2067 2068/1/2068 
f 2067/1/2067 2063/1/2063 646/1/646 
f 664/1/664 2070/1/2070 2071/1/2071 665/1/665 
f 2072/1/2072 2071/1/2071 2070/1/2070 2073/1/2073 
f 2074/1/2074 2075/1/2075 2071/1/2071 2072/1/2072 
f 665/1/665 2071/1/2071 2075/1/2075 661/1/661 
f 668/1/668 2076/1/2076 2077/1/2077 669/1/669 
f 2078/1/2078 2079/1/2079 2077/1/2077 2076/1/2076 
f 2073/1/2073 2070/1/2070 2077/1/2077 2079/1/2079 
f 669/1/669 2077/1/2077 2070/1/2070 664/1/664 
f 2080/1/2080 2081/1/2081 2082/1/2082 2083/1/2083 
f 2084/1/2084 2085/1/2085 2082/1/2082 2081/1/2081 
f 2079/1/2079 2082/1/2082 2085/1/2085 2073/1/2073 
f 2079/1/2079 2078/1/2078 2083/1/2083 
f 668/1/668 673/1/673 2086/1/2086 2076/1/2076 
f 2087/1/2087 2086/1/2086 673/1/673 672/1/672 
f 2088/1/2088 2089/1/2089 2086/1/2086 2087/1/2087 
f 2089/1/2089 2078/1/2078 2076/1/2076 
f 2090/1/2090 2091/1/2091 2089/1/2089 2088/1/2088 
f 2092/1/2092 2093/1/2093 2091/1/2091 2090/1/2090 
f 2080/1/2080 2083/1/2083 2091/1/2091 2093/1/2093 
f 2078/1/2078 2089/1/2089 2091/1/2091 2083/1/2083 
f 672/1/672 677/1/677 2094/1/2094 2087/1/2087 
f 2095/1/2095 2094/1/2094 677/1/677 676/1/676 
f 2096/1/2096 2097/1/2097 2094/1/2094 2095/1/2095 
f 2087/1/2087 2094/1/2094 2097/1/2097 2088/1/2088 
f 2088/1/2088 2097/1/2097 2098/1/2098 2090/1/2090 
f 2099/1/2099 2098/1/2098 2097/1/2097 2096/1/2096 
f 2100/1/2100 2101/1/2101 2098/1/2098 2099/1/2099 
f 2090/1/2090 2098/1/2098 2101/1/2101 2092/1/2092 
f 2102/1/2102 2095/1/2095 676/1/676 
f 681/1/681 680/1/680 2103/1/2103 
f 2104/1/2104 2105/1/2105 2102/1/2102 2103/1/2103 
f 2095/1/2095 2102/1/2102 2105/1/2105 2096/1/2096 
f 657/1/657 2106/1/2106 2107/1/2107 656/1/656 
f 2108/1/2108 2107/1/2107 2106/1/2106 2109/1/2109 
f 2069/1/2069 2066/1/2066 2107/1/2107 2108/1/2108 
f 656/1/656 2107/1/2107 2066/1/2066 650/1/650 
f 661/1/661 2075/1/2075 2110/1/2110 658/1/658 
f 2111/1/2111 2110/1/2110 2075/1/2075 2074/1/2074 
f 2109/1/2109 2106/1/2106 2110/1/2110 2111/1/2111 
f 658/1/658 2110/1/2110 2106/1/2106 657/1/657 
f 2073/1/2073 2085/1/2085 2112/1/2112 2072/1/2072 
f 2113/1/2113 2112/1/2112 2085/1/2085 2084/1/2084 
f 2114/1/2114 2115/1/2115 2112/1/2112 2113/1/2113 
f 2072/1/2072 2112/1/2112 2115/1/2115 2074/1/2074 
f 2116/1/2116 2117/1/2117 2118/1/2118 2119/1/2119 
f 2068/1/2068 2118/1/2118 2117/1/2117 2064/1/2064 
f 2069/1/2069 2120/1/2120 2118/1/2118 2068/1/2068 
f 2119/1/2119 2118/1/2118 2120/1/2120 2121/1/2121 
f 2109/1/2109 2122/1/2122 2123/1/2123 2108/1/2108 
f 2124/1/2124 2123/1/2123 2122/1/2122 2125/1/2125 
f 2121/1/2121 2120/1/2120 2123/1/2123 2124/1/2124 
f 2108/1/2108 2123/1/2123 2120/1/2120 2069/1/2069 
f 2074/1/2074 2115/1/2115 2126/1/2126 2111/1/2111 
f 2127/1/2127 2126/1/2126 2115/1/2115 2114/1/2114 
f 2125/1/2125 2122/1/2122 2126/1/2126 2127/1/2127 
f 2111/1/2111 2126/1/2126 2122/1/2122 2109/1/2109 
f 2060/1/2060 2128/1/2128 2129/1/2129 2061/1/2061 
f 2130/1/2130 2129/1/2129 2128/1/2128 2131/1/2131 
f 2132/1/2132 2133/1/2133 2129/1/2129 2130/1/2130 
f 2061/1/2061 2129/1/2129 2133/1/2133 2049/1/2049 
f 2049/1/2049 2133/1/2133 2134/1/2134 2048/1/2048 
f 2135/1/2135 2134/1/2134 2133/1/2133 2132/1/2132 
f 2053/1/2053 2134/1/2134 2135/1/2135 2051/1/2051 
f 2048/1/2048 2134/1/2134 2053/1/2053 2044/1/2044 
f 2051/1/2051 2135/1/2135 2136/1/2136 2057/1/2057 
f 2137/1/2137 2136/1/2136 2135/1/2135 2132/1/2132 
f 2138/1/2138 2139/1/2139 2136/1/2136 2137/1/2137 
f 2057/1/2057 2136/1/2136 2139/1/2139 2054/1/2054 
f 2132/1/2132 2130/1/2130 2140/1/2140 2137/1/2137 
f 2141/1/2141 2140/1/2140 2130/1/2130 2131/1/2131 
f 2138/1/2138 2137/1/2137 2140/1/2140 2141/1/2141 
f 2060/1/2060 2065/1/2065 2142/1/2142 2128/1/2128 
f 2117/1/2117 2142/1/2142 2065/1/2065 2064/1/2064 
f 2116/1/2116 2143/1/2143 2142/1/2142 2117/1/2117 
f 2128/1/2128 2142/1/2142 2143/1/2143 2131/1/2131 
f 2144/1/2144 2145/1/2145 2146/1/2146 2147/1/2147 
f 2148/1/2148 2146/1/2146 2145/1/2145 2149/1/2149 
f 896/1/896 893/1/893 2146/1/2146 2148/1/2148 
f 2147/1/2147 2146/1/2146 893/1/893 883/1/883 
f 2148/1/2148 2150/1/2150 907/1/907 896/1/896 
f 2149/1/2149 2151/1/2151 2150/1/2150 2148/1/2148 
f 2152/1/2152 2153/1/2153 2150/1/2150 2151/1/2151 
f 907/1/907 2150/1/2150 2153/1/2153 910/1/910 
f 910/1/910 2153/1/2153 2154/1/2154 919/1/919 
f 2155/1/2155 2154/1/2154 2153/1/2153 2152/1/2152 
f 2156/1/2156 2157/1/2157 2154/1/2154 2155/1/2155 
f 919/1/919 2154/1/2154 2157/1/2157 922/1/922 
f 922/1/922 2157/1/2157 2158/1/2158 941/1/941 
f 2159/1/2159 2158/1/2158 2157/1/2157 2156/1/2156 
f 2160/1/2160 2158/1/2158 2159/1/2159 2161/1/2161 
f 917/1/917 941/1/941 2158/1/2158 2160/1/2160 
f 2162/1/2162 2163/1/2163 2164/1/2164 2165/1/2165 
f 2147/1/2147 2164/1/2164 2163/1/2163 2144/1/2144 
f 883/1/883 882/1/882 2164/1/2164 2147/1/2147 
f 2165/1/2165 2164/1/2164 882/1/882 881/1/881 
f 2163/1/2163 2162/1/2162 2166/1/2166 
f 2167/1/2167 2168/1/2168 2166/1/2166 2169/1/2169 
f 2170/1/2170 2168/1/2168 2167/1/2167 2171/1/2171 
f 2168/1/2168 2170/1/2170 2144/1/2144 
f 2171/1/2171 2172/1/2172 2173/1/2173 2170/1/2170 
f 2174/1/2174 2173/1/2173 2172/1/2172 2175/1/2175 
f 2149/1/2149 2145/1/2145 2173/1/2173 2174/1/2174 
f 2170/1/2170 2173/1/2173 2145/1/2145 2144/1/2144 
f 2176/1/2176 2177/1/2177 2178/1/2178 2179/1/2179 
f 2151/1/2151 2178/1/2178 2177/1/2177 2152/1/2152 
f 2174/1/2174 2178/1/2178 2151/1/2151 2149/1/2149 
f 2175/1/2175 2179/1/2179 2178/1/2178 2174/1/2174 
f 2180/1/2180 2181/1/2181 2182/1/2182 2183/1/2183 
f 2155/1/2155 2182/1/2182 2181/1/2181 2156/1/2156 
f 2152/1/2152 2177/1/2177 2182/1/2182 2155/1/2155 
f 2183/1/2183 2182/1/2182 2177/1/2177 2176/1/2176 
f 2184/1/2184 2185/1/2185 2186/1/2186 2187/1/2187 
f 2161/1/2161 2159/1/2159 2185/1/2185 2184/1/2184 
f 2156/1/2156 2181/1/2181 2185/1/2185 2159/1/2159 
f 2186/1/2186 2185/1/2185 2181/1/2181 2180/1/2180 
f 2169/1/2169 2188/1/2188 2189/1/2189 2167/1/2167 
f 2190/1/2190 2189/1/2189 2188/1/2188 2191/1/2191 
f 2175/1/2175 2172/1/2172 2189/1/2189 2190/1/2190 
f 2167/1/2167 2189/1/2189 2172/1/2172 2171/1/2171 
f 2192/1/2192 2193/1/2193 2194/1/2194 2195/1/2195 
f 2179/1/2179 2194/1/2194 2193/1/2193 2176/1/2176 
f 2175/1/2175 2190/1/2190 2194/1/2194 2179/1/2179 
f 2195/1/2195 2194/1/2194 2190/1/2190 2191/1/2191 
f 2196/1/2196 2197/1/2197 2198/1/2198 2199/1/2199 
f 2192/1/2192 2195/1/2195 2198/1/2198 2197/1/2197 
f 2199/1/2199 2198/1/2198 2195/1/2195 2191/1/2191 
f 2200/1/2200 2201/1/2201 2202/1/2202 2203/1/2203 
f 2183/1/2183 2202/1/2202 2201/1/2201 2180/1/2180 
f 2176/1/2176 2193/1/2193 2202/1/2202 2183/1/2183 
f 2203/1/2203 2202/1/2202 2193/1/2193 2192/1/2192 
f 2204/1/2204 2205/1/2205 2206/1/2206 2207/1/2207 
f 2203/1/2203 2206/1/2206 2205/1/2205 2200/1/2200 
f 2192/1/2192 2197/1/2197 2206/1/2206 2203/1/2203 
f 2207/1/2207 2206/1/2206 2197/1/2197 2196/1/2196 
f 2208/1/2208 2209/1/2209 2201/1/2201 2200/1/2200 
f 2210/1/2210 2209/1/2209 2208/1/2208 2211/1/2211 
f 2187/1/2187 2186/1/2186 2209/1/2209 2210/1/2210 
f 2180/1/2180 2201/1/2201 2209/1/2209 2186/1/2186 
f 2212/1/2212 2213/1/2213 2214/1/2214 2215/1/2215 
f 2211/1/2211 2208/1/2208 2213/1/2213 2212/1/2212 
f 2200/1/2200 2205/1/2205 2213/1/2213 2208/1/2208 
f 2214/1/2214 2213/1/2213 2205/1/2205 2204/1/2204 
f 2215/1/2215 2216/1/2216 2217/1/2217 2212/1/2212 
f 2218/1/2218 2217/1/2217 2216/1/2216 2219/1/2219 
f 2220/1/2220 2221/1/2221 2217/1/2217 2218/1/2218 
f 2212/1/2212 2217/1/2217 2221/1/2221 2211/1/2211 
f 2210/1/2210 2222/1/2222 2223/1/2223 2187/1/2187 
f 2211/1/2211 2221/1/2221 2222/1/2222 2210/1/2210 
f 2220/1/2220 2224/1/2224 2222/1/2222 2221/1/2221 
f 2223/1/2223 2222/1/2222 2224/1/2224 2225/1/2225 
f 2219/1/2219 2226/1/2226 2227/1/2227 2218/1/2218 
f 2228/1/2228 2227/1/2227 2226/1/2226 2229/1/2229 
f 2225/1/2225 2224/1/2224 2227/1/2227 2228/1/2228 
f 2218/1/2218 2227/1/2227 2224/1/2224 2220/1/2220 
f 2225/1/2225 2230/1/2230 2231/1/2231 2223/1/2223 
f 2232/1/2232 2231/1/2231 2230/1/2230 2233/1/2233 
f 2184/1/2184 2231/1/2231 2232/1/2232 2161/1/2161 
f 2223/1/2223 2231/1/2231 2184/1/2184 2187/1/2187 
f 2161/1/2161 2232/1/2232 2234/1/2234 2160/1/2160 
f 2235/1/2235 2234/1/2234 2232/1/2232 2233/1/2233 
f 805/1/805 918/1/918 2234/1/2234 2235/1/2235 
f 2160/1/2160 2234/1/2234 918/1/918 917/1/917 
f 2229/1/2229 2236/1/2236 2237/1/2237 2228/1/2228 
f 2238/1/2238 2237/1/2237 2236/1/2236 2239/1/2239 
f 2233/1/2233 2230/1/2230 2237/1/2237 2238/1/2238 
f 2228/1/2228 2237/1/2237 2230/1/2230 2225/1/2225 
f 805/1/805 2235/1/2235 2240/1/2240 800/1/800 
f 2241/1/2241 2240/1/2240 2235/1/2235 2233/1/2233 
f 2242/1/2242 2243/1/2243 2240/1/2240 2241/1/2241 
f 800/1/800 2240/1/2240 2243/1/2243 690/1/690 
f 2244/1/2244 2245/1/2245 2246/1/2246 2247/1/2247 
f 2241/1/2241 2246/1/2246 2245/1/2245 2242/1/2242 
f 2238/1/2238 2246/1/2246 2241/1/2241 2233/1/2233 
f 2239/1/2239 2247/1/2247 2246/1/2246 2238/1/2238 
f 690/1/690 2243/1/2243 2248/1/2248 684/1/684 
f 2249/1/2249 2248/1/2248 2243/1/2243 2242/1/2242 
f 2250/1/2250 2251/1/2251 2248/1/2248 2249/1/2249 
f 684/1/684 2248/1/2248 2251/1/2251 685/1/685 
f 685/1/685 2251/1/2251 2252/1/2252 692/1/692 
f 2253/1/2253 2252/1/2252 2251/1/2251 2250/1/2250 
f 2104/1/2104 2103/1/2103 2252/1/2252 2253/1/2253 
f 692/1/692 2252/1/2252 2103/1/2103 680/1/680 
f 2242/1/2242 2245/1/2245 2254/1/2254 2249/1/2249 
f 2255/1/2255 2254/1/2254 2245/1/2245 2244/1/2244 
f 2256/1/2256 2257/1/2257 2254/1/2254 2255/1/2255 
f 2249/1/2249 2254/1/2254 2257/1/2257 2250/1/2250 
f 2096/1/2096 2105/1/2105 2258/1/2258 2099/1/2099 
f 2259/1/2259 2258/1/2258 2105/1/2105 2104/1/2104 
f 2260/1/2260 2261/1/2261 2258/1/2258 2259/1/2259 
f 2099/1/2099 2258/1/2258 2261/1/2261 2100/1/2100 
f 2250/1/2250 2257/1/2257 2262/1/2262 2253/1/2253 
f 2263/1/2263 2262/1/2262 2257/1/2257 2256/1/2256 
f 2260/1/2260 2259/1/2259 2262/1/2262 2263/1/2263 
f 2253/1/2253 2262/1/2262 2259/1/2259 2104/1/2104 
f 711/1/711 2264/1/2264 2265/1/2265 710/1/710 
f 2264/1/2264 1440/1/1440 1438/1/1438 
f 765/1/765 763/1/763 2265/1/2265 1438/1/1438 
f 710/1/710 2265/1/2265 763/1/763 704/1/704 
f 735/1/735 2266/1/2266 2267/1/2267 733/1/733 
f 2268/1/2268 2267/1/2267 2266/1/2266 2269/1/2269 
f 2267/1/2267 2268/1/2268 711/1/711 
f 708/1/708 707/1/707 733/1/733 
f 1567/1/1567 2270/1/2270 2271/1/2271 1565/1/1565 
f 2272/1/2272 2271/1/2271 2270/1/2270 2273/1/2273 
f 2269/1/2269 2266/1/2266 2271/1/2271 2272/1/2272 
f 1565/1/1565 2271/1/2271 2266/1/2266 735/1/735 
f 1579/1/1579 2274/1/2274 2275/1/2275 1578/1/1578 
f 2276/1/2276 2275/1/2275 2274/1/2274 2277/1/2277 
f 2273/1/2273 2270/1/2270 2275/1/2275 2276/1/2276 
f 1578/1/1578 2275/1/2275 2270/1/2270 1567/1/1567 
f 1583/1/1583 2278/1/2278 2279/1/2279 1581/1/1581 
f 2280/1/2280 2279/1/2279 2278/1/2278 2281/1/2281 
f 2277/1/2277 2274/1/2274 2279/1/2279 2280/1/2280 
f 1581/1/1581 2279/1/2279 2274/1/2274 1579/1/1579 
f 2282/1/2282 2283/1/2283 2284/1/2284 
f 2285/1/2285 1442/1/1442 1445/1/1445 
f 2282/1/2282 1445/1/1445 1426/1/1426 
f 1441/1/1441 1440/1/1440 2283/1/2283 
f 1442/1/1442 2285/1/2285 2286/1/2286 1449/1/1449 
f 2287/1/2287 2286/1/2286 2285/1/2285 2284/1/2284 
f 2288/1/2288 2289/1/2289 2286/1/2286 2287/1/2287 
f 1446/1/1446 1449/1/1449 2286/1/2286 2289/1/2289 
f 2290/1/2290 2268/1/2268 2269/1/2269 
f 2291/1/2291 2292/1/2292 2293/1/2293 
f 2290/1/2290 2293/1/2293 1440/1/1440 
f 2264/1/2264 711/1/711 2268/1/2268 
f 2272/1/2272 2294/1/2294 2291/1/2291 2269/1/2269 
f 2273/1/2273 2295/1/2295 2294/1/2294 2272/1/2272 
f 2296/1/2296 2297/1/2297 2294/1/2294 2295/1/2295 
f 2291/1/2291 2294/1/2294 2297/1/2297 2292/1/2292 
f 2276/1/2276 2298/1/2298 2295/1/2295 2273/1/2273 
f 2277/1/2277 2299/1/2299 2298/1/2298 2276/1/2276 
f 2300/1/2300 2298/1/2298 2299/1/2299 2301/1/2301 
f 2296/1/2296 2295/1/2295 2298/1/2298 2300/1/2300 
f 2281/1/2281 2302/1/2302 2303/1/2303 2280/1/2280 
f 2304/1/2304 2303/1/2303 2302/1/2302 2305/1/2305 
f 2301/1/2301 2299/1/2299 2303/1/2303 2304/1/2304 
f 2280/1/2280 2303/1/2303 2299/1/2299 2277/1/2277 
f 2306/1/2306 2307/1/2307 2308/1/2308 2309/1/2309 
f 2310/1/2310 2311/1/2311 2307/1/2307 2306/1/2306 
f 2304/1/2304 2307/1/2307 2311/1/2311 2301/1/2301 
f 2305/1/2305 2308/1/2308 2307/1/2307 2304/1/2304 
f 2296/1/2296 2300/1/2300 2312/1/2312 2313/1/2313 
f 2301/1/2301 2311/1/2311 2312/1/2312 2300/1/2300 
f 2310/1/2310 2314/1/2314 2312/1/2312 2311/1/2311 
f 2313/1/2313 2312/1/2312 2314/1/2314 2315/1/2315 
f 1453/1/1453 2316/1/2316 2317/1/2317 1452/1/1452 
f 2318/1/2318 2317/1/2317 2316/1/2316 2319/1/2319 
f 797/1/797 1433/1/1433 2317/1/2317 2318/1/2318 
f 1452/1/1452 2317/1/2317 1433/1/1433 1432/1/1432 
f 2288/1/2288 2320/1/2320 2321/1/2321 2289/1/2289 
f 2316/1/2316 2321/1/2321 2320/1/2320 2319/1/2319 
f 1453/1/1453 1451/1/1451 2321/1/2321 2316/1/2316 
f 2289/1/2289 2321/1/2321 1451/1/1451 1446/1/1446 
f 2322/1/2322 2318/1/2318 2319/1/2319 
f 2322/1/2322 2323/1/2323 1457/1/1457 
f 799/1/799 798/1/798 2322/1/2322 1454/1/1454 
f 2318/1/2318 2322/1/2322 798/1/798 797/1/797 
f 2324/1/2324 2287/1/2287 2284/1/2284 
f 2325/1/2325 2326/1/2326 2327/1/2327 
f 2324/1/2324 2327/1/2327 2319/1/2319 
f 2320/1/2320 2288/1/2288 2287/1/2287 
f 2328/1/2328 2293/1/2293 2292/1/2292 
f 2329/1/2329 2326/1/2326 2325/1/2325 
f 2328/1/2328 2325/1/2325 2284/1/2284 
f 2283/1/2283 1440/1/1440 2293/1/2293 
f 2315/1/2315 2330/1/2330 2331/1/2331 2313/1/2313 
f 2329/1/2329 2331/1/2331 2330/1/2330 2326/1/2326 
f 2292/1/2292 2297/1/2297 2331/1/2331 2329/1/2329 
f 2313/1/2313 2331/1/2331 2297/1/2297 2296/1/2296 
f 2326/1/2326 2332/1/2332 2333/1/2333 2327/1/2327 
f 2334/1/2334 2333/1/2333 2332/1/2332 2335/1/2335 
f 2333/1/2333 2334/1/2334 1457/1/1457 
f 2323/1/2323 2319/1/2319 2327/1/2327 
f 2336/1/2336 2337/1/2337 2338/1/2338 2339/1/2339 
f 1491/1/1491 2337/1/2337 2336/1/2336 1492/1/1492 
f 2337/1/2337 1491/1/1491 1462/1/1462 
f 1461/1/1461 1458/1/1458 2338/1/2338 
f 2340/1/2340 1456/1/1456 1457/1/1457 
f 2341/1/2341 2340/1/2340 2334/1/2334 2335/1/2335 
f 2339/1/2339 2338/1/2338 2340/1/2340 2341/1/2341 
f 2338/1/2338 1458/1/1458 1456/1/1456 
f 2342/1/2342 2336/1/2336 2339/1/2339 
f 2343/1/2343 2342/1/2342 2344/1/2344 2345/1/2345 
f 1501/1/1501 1498/1/1498 2342/1/2342 2343/1/2343 
f 2336/1/2336 2342/1/2342 1498/1/1498 1492/1/1492 
f 2345/1/2345 2346/1/2346 2347/1/2347 2343/1/2343 
f 2348/1/2348 2347/1/2347 2346/1/2346 2349/1/2349 
f 1497/1/1497 1503/1/1503 2347/1/2347 2348/1/2348 
f 2343/1/2343 2347/1/2347 1503/1/1503 1501/1/1501 
f 1497/1/1497 2348/1/2348 2350/1/2350 1496/1/1496 
f 2351/1/2351 2350/1/2350 2348/1/2348 2349/1/2349 
f 1423/1/1423 1475/1/1475 2350/1/2350 2351/1/2351 
f 1496/1/1496 2350/1/2350 1475/1/1475 1474/1/1474 
f 2351/1/2351 2352/1/2352 1422/1/1422 1423/1/1423 
f 2349/1/2349 2353/1/2353 2352/1/2352 2351/1/2351 
f 2354/1/2354 2352/1/2352 2353/1/2353 2355/1/2355 
f 1422/1/1422 2352/1/2352 2354/1/2354 1418/1/1418 
f 1418/1/1418 2354/1/2354 2356/1/2356 1419/1/1419 
f 2355/1/2355 2357/1/2357 2356/1/2356 2354/1/2354 
f 2358/1/2358 2359/1/2359 2356/1/2356 2357/1/2357 
f 1419/1/1419 2356/1/2356 2359/1/2359 1415/1/1415 
f 1415/1/1415 2359/1/2359 2360/1/2360 1414/1/1414 
f 2361/1/2361 2360/1/2360 2359/1/2359 2358/1/2358 
f 2362/1/2362 2363/1/2363 2360/1/2360 2361/1/2361 
f 2363/1/2363 1411/1/1411 1414/1/1414 
f 2364/1/2364 2365/1/2365 2363/1/2363 2362/1/2362 
f 2366/1/2366 2365/1/2365 2364/1/2364 2367/1/2367 
f 1406/1/1406 1410/1/1410 2365/1/2365 2366/1/2366 
f 1411/1/1411 2363/1/2363 2365/1/2365 1410/1/1410 
f 2367/1/2367 2368/1/2368 2369/1/2369 2366/1/2366 
f 2370/1/2370 2369/1/2369 2368/1/2368 2371/1/2371 
f 1402/1/1402 1407/1/1407 2369/1/2369 2370/1/2370 
f 2366/1/2366 2369/1/2369 1407/1/1407 1406/1/1406 
f 2371/1/2371 2372/1/2372 2373/1/2373 2370/1/2370 
f 2372/1/2372 2374/1/2374 2375/1/2375 
f 2373/1/2373 2375/1/2375 1397/1/1397 
f 2370/1/2370 2373/1/2373 1403/1/1403 1402/1/1402 
f 2376/1/2376 2377/1/2377 2378/1/2378 2379/1/2379 
f 2335/1/2335 2332/1/2332 2378/1/2378 2377/1/2377 
f 2332/1/2332 2326/1/2326 2379/1/2379 
f 2380/1/2380 2381/1/2381 2382/1/2382 2383/1/2383 
f 2379/1/2379 2382/1/2382 2381/1/2381 2376/1/2376 
f 2326/1/2326 2330/1/2330 2382/1/2382 2379/1/2379 
f 2383/1/2383 2382/1/2382 2330/1/2330 2315/1/2315 
f 2384/1/2384 2385/1/2385 2386/1/2386 2387/1/2387 
f 2383/1/2383 2386/1/2386 2385/1/2385 2380/1/2380 
f 2315/1/2315 2314/1/2314 2386/1/2386 2383/1/2383 
f 2387/1/2387 2386/1/2386 2314/1/2314 2310/1/2310 
f 2388/1/2388 2389/1/2389 2390/1/2390 2391/1/2391 
f 2387/1/2387 2390/1/2390 2389/1/2389 2384/1/2384 
f 2310/1/2310 2306/1/2306 2390/1/2390 2387/1/2387 
f 2309/1/2309 2391/1/2391 2390/1/2390 2306/1/2306 
f 2392/1/2392 2341/1/2341 2335/1/2335 
f 2377/1/2377 2376/1/2376 2393/1/2393 
f 2393/1/2393 2394/1/2394 2395/1/2395 
f 2395/1/2395 2339/1/2339 2341/1/2341 
f 2396/1/2396 2395/1/2395 2394/1/2394 
f 2397/1/2397 2396/1/2396 2398/1/2398 2399/1/2399 
f 2345/1/2345 2344/1/2344 2396/1/2396 2397/1/2397 
f 2344/1/2344 2339/1/2339 2395/1/2395 
f 2399/1/2399 2400/1/2400 2401/1/2401 2397/1/2397 
f 2402/1/2402 2401/1/2401 2400/1/2400 2403/1/2403 
f 2349/1/2349 2346/1/2346 2401/1/2401 2402/1/2402 
f 2397/1/2397 2401/1/2401 2346/1/2346 2345/1/2345 
f 2403/1/2403 2404/1/2404 2405/1/2405 2402/1/2402 
f 2406/1/2406 2405/1/2405 2404/1/2404 2407/1/2407 
f 2355/1/2355 2353/1/2353 2405/1/2405 2406/1/2406 
f 2402/1/2402 2405/1/2405 2353/1/2353 2349/1/2349 
f 2407/1/2407 2408/1/2408 2409/1/2409 2406/1/2406 
f 2410/1/2410 2409/1/2409 2408/1/2408 2411/1/2411 
f 2357/1/2357 2409/1/2409 2410/1/2410 2358/1/2358 
f 2406/1/2406 2409/1/2409 2357/1/2357 2355/1/2355 
f 2412/1/2412 2413/1/2413 2414/1/2414 2415/1/2415 
f 2361/1/2361 2414/1/2414 2413/1/2413 2362/1/2362 
f 2358/1/2358 2410/1/2410 2414/1/2414 2361/1/2361 
f 2415/1/2415 2414/1/2414 2410/1/2410 2411/1/2411 
f 2416/1/2416 2417/1/2417 2418/1/2418 2419/1/2419 
f 2364/1/2364 2418/1/2418 2417/1/2417 2367/1/2367 
f 2362/1/2362 2413/1/2413 2418/1/2418 2364/1/2364 
f 2419/1/2419 2418/1/2418 2413/1/2413 2412/1/2412 
f 2420/1/2420 2421/1/2421 2422/1/2422 2423/1/2423 
f 2368/1/2368 2422/1/2422 2421/1/2421 2371/1/2371 
f 2367/1/2367 2417/1/2417 2422/1/2422 2368/1/2368 
f 2423/1/2423 2422/1/2422 2417/1/2417 2416/1/2416 
f 2424/1/2424 2425/1/2425 2426/1/2426 2427/1/2427 
f 2372/1/2372 2426/1/2426 2425/1/2425 2374/1/2374 
f 2371/1/2371 2421/1/2421 2426/1/2426 2372/1/2372 
f 2427/1/2427 2426/1/2426 2421/1/2421 2420/1/2420 
f 2428/1/2428 2429/1/2429 2430/1/2430 2431/1/2431 
f 2432/1/2432 2429/1/2429 2428/1/2428 2433/1/2433 
f 2424/1/2424 2427/1/2427 2429/1/2429 2432/1/2432 
f 2420/1/2420 2430/1/2430 2429/1/2429 2427/1/2427 
f 2434/1/2434 2435/1/2435 2436/1/2436 2437/1/2437 
f 2438/1/2438 2436/1/2436 2435/1/2435 2439/1/2439 
f 2419/1/2419 2436/1/2436 2438/1/2438 2416/1/2416 
f 2437/1/2437 2436/1/2436 2419/1/2419 2412/1/2412 
f 2416/1/2416 2438/1/2438 2440/1/2440 2423/1/2423 
f 2441/1/2441 2440/1/2440 2438/1/2438 2439/1/2439 
f 2431/1/2431 2430/1/2430 2440/1/2440 2441/1/2441 
f 2423/1/2423 2440/1/2440 2430/1/2430 2420/1/2420 
f 2442/1/2442 2443/1/2443 2444/1/2444 2445/1/2445 
f 2437/1/2437 2444/1/2444 2443/1/2443 2434/1/2434 
f 2412/1/2412 2415/1/2415 2444/1/2444 2437/1/2437 
f 2445/1/2445 2444/1/2444 2415/1/2415 2411/1/2411 
f 2434/1/2434 2443/1/2443 2446/1/2446 2435/1/2435 
f 2447/1/2447 2446/1/2446 2443/1/2443 2442/1/2442 
f 2448/1/2448 2449/1/2449 2446/1/2446 2447/1/2447 
f 2435/1/2435 2446/1/2446 2449/1/2449 2439/1/2439 
f 2450/1/2450 2451/1/2451 2452/1/2452 2453/1/2453 
f 2445/1/2445 2452/1/2452 2451/1/2451 2442/1/2442 
f 2411/1/2411 2408/1/2408 2452/1/2452 2445/1/2445 
f 2453/1/2453 2452/1/2452 2408/1/2408 2407/1/2407 
f 2442/1/2442 2451/1/2451 2454/1/2454 2447/1/2447 
f 2455/1/2455 2454/1/2454 2451/1/2451 2450/1/2450 
f 2456/1/2456 2457/1/2457 2454/1/2454 2455/1/2455 
f 2447/1/2447 2454/1/2454 2457/1/2457 2448/1/2448 
f 2458/1/2458 2459/1/2459 2460/1/2460 2461/1/2461 
f 2453/1/2453 2460/1/2460 2459/1/2459 2450/1/2450 
f 2407/1/2407 2404/1/2404 2460/1/2460 2453/1/2453 
f 2461/1/2461 2460/1/2460 2404/1/2404 2403/1/2403 
f 2458/1/2458 2462/1/2462 2463/1/2463 2459/1/2459 
f 2464/1/2464 2463/1/2463 2462/1/2462 2465/1/2465 
f 2456/1/2456 2455/1/2455 2463/1/2463 2464/1/2464 
f 2459/1/2459 2463/1/2463 2455/1/2455 2450/1/2450 
f 2403/1/2403 2400/1/2400 2466/1/2466 2461/1/2461 
f 2400/1/2400 2399/1/2399 2467/1/2467 
f 2468/1/2468 2469/1/2469 2466/1/2466 2467/1/2467 
f 2461/1/2461 2466/1/2466 2469/1/2469 2458/1/2458 
f 2468/1/2468 2470/1/2470 2471/1/2471 2469/1/2469 
f 2472/1/2472 2471/1/2471 2470/1/2470 2473/1/2473 
f 2465/1/2465 2462/1/2462 2471/1/2471 2472/1/2472 
f 2469/1/2469 2471/1/2471 2462/1/2462 2458/1/2458 
f 2474/1/2474 2475/1/2475 2476/1/2476 
f 2477/1/2477 2468/1/2468 2467/1/2467 
f 2399/1/2399 2398/1/2398 2474/1/2474 2467/1/2467 
f 2475/1/2475 2474/1/2474 2398/1/2398 2394/1/2394 
f 2478/1/2478 2477/1/2477 2476/1/2476 
f 2479/1/2479 2478/1/2478 2480/1/2480 2481/1/2481 
f 2473/1/2473 2470/1/2470 2478/1/2478 2479/1/2479 
f 2470/1/2470 2468/1/2468 2477/1/2477 
f 2482/1/2482 2483/1/2483 2484/1/2484 2485/1/2485 
f 2475/1/2475 2484/1/2484 2483/1/2483 2476/1/2476 
f 2394/1/2394 2393/1/2393 2484/1/2484 2475/1/2475 
f 2485/1/2485 2484/1/2484 2393/1/2393 2376/1/2376 
f 2476/1/2476 2483/1/2483 2486/1/2486 2480/1/2480 
f 2487/1/2487 2486/1/2486 2483/1/2483 2482/1/2482 
f 2488/1/2488 2489/1/2489 2486/1/2486 2487/1/2487 
f 2481/1/2481 2480/1/2480 2486/1/2486 2489/1/2489 
f 2376/1/2376 2381/1/2381 2490/1/2490 2485/1/2485 
f 2491/1/2491 2490/1/2490 2381/1/2381 2380/1/2380 
f 2492/1/2492 2493/1/2493 2490/1/2490 2491/1/2491 
f 2485/1/2485 2490/1/2490 2493/1/2493 2482/1/2482 
f 2482/1/2482 2493/1/2493 2494/1/2494 2487/1/2487 
f 2495/1/2495 2494/1/2494 2493/1/2493 2492/1/2492 
f 2496/1/2496 2497/1/2497 2494/1/2494 2495/1/2495 
f 2487/1/2487 2494/1/2494 2497/1/2497 2488/1/2488 
f 2380/1/2380 2385/1/2385 2498/1/2498 2491/1/2491 
f 2499/1/2499 2498/1/2498 2385/1/2385 2384/1/2384 
f 2500/1/2500 2501/1/2501 2498/1/2498 2499/1/2499 
f 2491/1/2491 2498/1/2498 2501/1/2501 2492/1/2492 
f 2492/1/2492 2501/1/2501 2502/1/2502 2495/1/2495 
f 2503/1/2503 2502/1/2502 2501/1/2501 2500/1/2500 
f 2504/1/2504 2505/1/2505 2502/1/2502 2503/1/2503 
f 2495/1/2495 2502/1/2502 2505/1/2505 2496/1/2496 
f 2384/1/2384 2389/1/2389 2506/1/2506 2499/1/2499 
f 2507/1/2507 2506/1/2506 2389/1/2389 2388/1/2388 
f 2508/1/2508 2509/1/2509 2506/1/2506 2507/1/2507 
f 2499/1/2499 2506/1/2506 2509/1/2509 2500/1/2500 
f 2500/1/2500 2509/1/2509 2510/1/2510 2503/1/2503 
f 2511/1/2511 2510/1/2510 2509/1/2509 2508/1/2508 
f 2512/1/2512 2513/1/2513 2510/1/2510 2511/1/2511 
f 2503/1/2503 2510/1/2510 2513/1/2513 2504/1/2504 
f 1148/1/1148 2514/1/2514 2515/1/2515 1147/1/1147 
f 2516/1/2516 2515/1/2515 2514/1/2514 2517/1/2517 
f 2518/1/2518 2519/1/2519 2515/1/2515 2516/1/2516 
f 1147/1/1147 2515/1/2515 2519/1/2519 1149/1/1149 
f 2520/1/2520 2521/1/2521 2522/1/2522 2523/1/2523 
f 2520/1/2520 2524/1/2524 2525/1/2525 2521/1/2521 
f 2526/1/2526 2527/1/2527 2521/1/2521 2525/1/2525 
f 2528/1/2528 2522/1/2522 2521/1/2521 2527/1/2527 
f 2529/1/2529 2530/1/2530 2531/1/2531 2532/1/2532 
f 2533/1/2533 2531/1/2531 2530/1/2530 2534/1/2534 
f 2535/1/2535 2536/1/2536 2531/1/2531 2533/1/2533 
f 2532/1/2532 2531/1/2531 2536/1/2536 2537/1/2537 
f 2517/1/2517 2538/1/2538 2539/1/2539 2516/1/2516 
f 2526/1/2526 2525/1/2525 2539/1/2539 2538/1/2538 
f 2540/1/2540 2539/1/2539 2525/1/2525 2524/1/2524 
f 2518/1/2518 2516/1/2516 2539/1/2539 2540/1/2540 
f 2518/1/2518 2540/1/2540 2541/1/2541 2542/1/2542 
f 2543/1/2543 2541/1/2541 2540/1/2540 2524/1/2524 
f 2544/1/2544 2545/1/2545 2541/1/2541 2543/1/2543 
f 2542/1/2542 2541/1/2541 2545/1/2545 2546/1/2546 
f 2524/1/2524 2520/1/2520 2547/1/2547 2543/1/2543 
f 2523/1/2523 2548/1/2548 2547/1/2547 2520/1/2520 
f 2549/1/2549 2547/1/2547 2548/1/2548 2550/1/2550 
f 2544/1/2544 2543/1/2543 2547/1/2547 2549/1/2549 
f 2546/1/2546 2545/1/2545 2551/1/2551 2552/1/2552 
f 2553/1/2553 2551/1/2551 2545/1/2545 2544/1/2544 
f 2532/1/2532 2551/1/2551 2553/1/2553 2529/1/2529 
f 2552/1/2552 2551/1/2551 2532/1/2532 2537/1/2537 
f 2534/1/2534 2530/1/2530 2554/1/2554 2555/1/2555 
f 2556/1/2556 2554/1/2554 2530/1/2530 2529/1/2529 
f 2557/1/2557 2558/1/2558 2554/1/2554 2556/1/2556 
f 2555/1/2555 2554/1/2554 2558/1/2558 2559/1/2559 
f 2556/1/2556 2560/1/2560 2561/1/2561 2557/1/2557 
f 2529/1/2529 2553/1/2553 2560/1/2560 2556/1/2556 
f 2549/1/2549 2560/1/2560 2553/1/2553 2544/1/2544 
f 2550/1/2550 2561/1/2561 2560/1/2560 2549/1/2549 
f 2562/1/2562 2563/1/2563 2564/1/2564 2565/1/2565 
f 2566/1/2566 2564/1/2564 2563/1/2563 2567/1/2567 
f 2281/1/2281 2278/1/2278 2564/1/2564 2566/1/2566 
f 2565/1/2565 2564/1/2564 2278/1/2278 1583/1/1583 
f 2535/1/2535 2568/1/2568 2569/1/2569 2536/1/2536 
f 2570/1/2570 2569/1/2569 2568/1/2568 2571/1/2571 
f 2572/1/2572 2569/1/2569 2570/1/2570 2573/1/2573 
f 2537/1/2537 2536/1/2536 2569/1/2569 2572/1/2572 
f 2574/1/2574 2575/1/2575 2576/1/2576 2577/1/2577 
f 2574/1/2574 2578/1/2578 2579/1/2579 
f 1539/1/1539 1536/1/1536 2575/1/2575 2579/1/2579 
f 1536/1/1536 1526/1/1526 2576/1/2576 
f 1512/1/1512 2580/1/2580 2581/1/2581 1525/1/1525 
f 2582/1/2582 2581/1/2581 2580/1/2580 2583/1/2583 
f 2577/1/2577 2576/1/2576 2581/1/2581 2582/1/2582 
f 1525/1/1525 2581/1/2581 2576/1/2576 1526/1/1526 
f 230/1/230 241/1/241 2584/1/2584 1515/1/1515 
f 2585/1/2585 2584/1/2584 241/1/241 240/1/240 
f 2583/1/2583 2580/1/2580 2584/1/2584 2585/1/2585 
f 1515/1/1515 2584/1/2584 2580/1/2580 1512/1/1512 
f 240/1/240 2586/1/2586 2587/1/2587 2585/1/2585 
f 2588/1/2588 2587/1/2587 2586/1/2586 2589/1/2589 
f 2590/1/2590 2591/1/2591 2587/1/2587 2588/1/2588 
f 2585/1/2585 2587/1/2587 2591/1/2591 2583/1/2583 
f 2583/1/2583 2591/1/2591 2592/1/2592 2582/1/2582 
f 2593/1/2593 2592/1/2592 2591/1/2591 2590/1/2590 
f 2594/1/2594 2595/1/2595 2592/1/2592 2593/1/2593 
f 2595/1/2595 2577/1/2577 2582/1/2582 
f 2594/1/2594 2596/1/2596 2597/1/2597 2595/1/2595 
f 2598/1/2598 2597/1/2597 2596/1/2596 2599/1/2599 
f 2600/1/2600 2601/1/2601 2597/1/2597 2598/1/2598 
f 2595/1/2595 2597/1/2597 2601/1/2601 2577/1/2577 
f 2598/1/2598 2602/1/2602 2603/1/2603 2600/1/2600 
f 2599/1/2599 2604/1/2604 2602/1/2602 2598/1/2598 
f 2605/1/2605 2602/1/2602 2604/1/2604 2606/1/2606 
f 2603/1/2603 2602/1/2602 2605/1/2605 2571/1/2571 
f 2573/1/2573 2570/1/2570 2607/1/2607 2608/1/2608 
f 2605/1/2605 2607/1/2607 2570/1/2570 2571/1/2571 
f 2606/1/2606 2609/1/2609 2607/1/2607 2605/1/2605 
f 2608/1/2608 2607/1/2607 2609/1/2609 2610/1/2610 
f 1055/1/1055 2611/1/2611 2612/1/2612 1054/1/1054 
f 2613/1/2613 2612/1/2612 2611/1/2611 2610/1/2610 
f 2614/1/2614 2615/1/2615 2612/1/2612 2613/1/2613 
f 1054/1/1054 2612/1/2612 2615/1/2615 1015/1/1015 
f 2616/1/2616 2617/1/2617 2618/1/2618 
f 2619/1/2619 2614/1/2614 2613/1/2613 
f 2610/1/2610 2609/1/2609 2616/1/2616 2613/1/2613 
f 2617/1/2617 2616/1/2616 2609/1/2609 2606/1/2606 
f 2620/1/2620 2621/1/2621 2622/1/2622 2623/1/2623 
f 2565/1/2565 2622/1/2622 2621/1/2621 2562/1/2562 
f 1583/1/1583 1582/1/1582 2622/1/2622 2565/1/2565 
f 2623/1/2623 2622/1/2622 1582/1/1582 1574/1/1574 
f 2624/1/2624 2625/1/2625 2626/1/2626 2627/1/2627 
f 2625/1/2625 2567/1/2567 2563/1/2563 
f 2562/1/2562 2628/1/2628 2626/1/2626 2563/1/2563 
f 2628/1/2628 2629/1/2629 2627/1/2627 
f 2559/1/2559 2630/1/2630 2631/1/2631 2555/1/2555 
f 2627/1/2627 2631/1/2631 2630/1/2630 2624/1/2624 
f 2629/1/2629 2632/1/2632 2631/1/2631 2627/1/2627 
f 2555/1/2555 2631/1/2631 2632/1/2632 2534/1/2534 
f 2633/1/2633 2634/1/2634 2635/1/2635 2636/1/2636 
f 2628/1/2628 2635/1/2635 2634/1/2634 2629/1/2629 
f 2562/1/2562 2621/1/2621 2635/1/2635 2628/1/2628 
f 2636/1/2636 2635/1/2635 2621/1/2621 2620/1/2620 
f 2533/1/2533 2637/1/2637 2638/1/2638 2535/1/2535 
f 2534/1/2534 2632/1/2632 2637/1/2637 2533/1/2533 
f 2639/1/2639 2637/1/2637 2632/1/2632 2629/1/2629 
f 2638/1/2638 2637/1/2637 2639/1/2639 2640/1/2640 
f 2600/1/2600 2641/1/2641 2642/1/2642 2601/1/2601 
f 2643/1/2643 2642/1/2642 2641/1/2641 2640/1/2640 
f 2578/1/2578 2574/1/2574 2642/1/2642 2643/1/2643 
f 2577/1/2577 2601/1/2601 2642/1/2642 2574/1/2574 
f 2571/1/2571 2568/1/2568 2644/1/2644 2603/1/2603 
f 2638/1/2638 2644/1/2644 2568/1/2568 2535/1/2535 
f 2644/1/2644 2638/1/2638 2640/1/2640 
f 2603/1/2603 2644/1/2644 2641/1/2641 2600/1/2600 
f 2645/1/2645 2579/1/2579 2578/1/2578 
f 2646/1/2646 2645/1/2645 2647/1/2647 2648/1/2648 
f 1551/1/1551 1548/1/1548 2645/1/2645 2646/1/2646 
f 2579/1/2579 2645/1/2645 1548/1/1548 1539/1/1539 
f 2648/1/2648 2649/1/2649 2650/1/2650 2646/1/2646 
f 2651/1/2651 2650/1/2650 2649/1/2649 2652/1/2652 
f 1563/1/1563 1562/1/1562 2650/1/2650 2651/1/2651 
f 2646/1/2646 2650/1/2650 1562/1/1562 1551/1/1551 
f 2653/1/2653 2651/1/2651 2652/1/2652 
f 2623/1/2623 2653/1/2653 2654/1/2654 2620/1/2620 
f 2653/1/2653 2623/1/2623 1574/1/1574 
f 2651/1/2651 2653/1/2653 1572/1/1572 1563/1/1563 
f 2655/1/2655 2656/1/2656 2657/1/2657 2658/1/2658 
f 2652/1/2652 2649/1/2649 2656/1/2656 2655/1/2655 
f 2648/1/2648 2657/1/2657 2656/1/2656 2649/1/2649 
f 2620/1/2620 2654/1/2654 2659/1/2659 2636/1/2636 
f 2655/1/2655 2659/1/2659 2654/1/2654 2652/1/2652 
f 2658/1/2658 2660/1/2660 2659/1/2659 2655/1/2655 
f 2636/1/2636 2659/1/2659 2660/1/2660 2633/1/2633 
f 2633/1/2633 2660/1/2660 2661/1/2661 2634/1/2634 
f 2662/1/2662 2661/1/2661 2660/1/2660 2658/1/2658 
f 2640/1/2640 2639/1/2639 2661/1/2661 2662/1/2662 
f 2634/1/2634 2661/1/2661 2639/1/2639 2629/1/2629 
f 2658/1/2658 2657/1/2657 2663/1/2663 2662/1/2662 
f 2647/1/2647 2663/1/2663 2657/1/2657 2648/1/2648 
f 2643/1/2643 2663/1/2663 2647/1/2647 2578/1/2578 
f 2662/1/2662 2663/1/2663 2643/1/2643 2640/1/2640 
f 335/1/335 2664/1/2664 2665/1/2665 334/1/334 
f 2666/1/2666 2665/1/2665 2664/1/2664 2667/1/2667 
f 299/1/299 296/1/296 2665/1/2665 2666/1/2666 
f 334/1/334 2665/1/2665 296/1/296 295/1/295 
f 375/1/375 2668/1/2668 2669/1/2669 374/1/374 
f 2670/1/2670 2669/1/2669 2668/1/2668 2671/1/2671 
f 2667/1/2667 2664/1/2664 2669/1/2669 2670/1/2670 
f 374/1/374 2669/1/2669 2664/1/2664 335/1/335 
f 2672/1/2672 2673/1/2673 2674/1/2674 2675/1/2675 
f 2668/1/2668 2674/1/2674 2673/1/2673 2671/1/2671 
f 375/1/375 1009/1/1009 2674/1/2674 2668/1/2668 
f 2675/1/2675 2674/1/2674 1009/1/1009 1008/1/1008 
f 2676/1/2676 2677/1/2677 2678/1/2678 2679/1/2679 
f 2675/1/2675 2678/1/2678 2677/1/2677 2672/1/2672 
f 1008/1/1008 1017/1/1017 2678/1/2678 2675/1/2675 
f 2679/1/2679 2678/1/2678 1017/1/1017 1016/1/1016 
f 2680/1/2680 2681/1/2681 2682/1/2682 
f 2618/1/2618 2617/1/2617 2683/1/2683 2682/1/2682 
f 2683/1/2683 2617/1/2617 2606/1/2606 
f 2604/1/2604 2599/1/2599 2680/1/2680 
f 2684/1/2684 2685/1/2685 2686/1/2686 2687/1/2687 
f 2685/1/2685 2681/1/2681 2680/1/2680 
f 2686/1/2686 2680/1/2680 2599/1/2599 
f 2687/1/2687 2686/1/2686 2596/1/2596 2594/1/2594 
f 2688/1/2688 2689/1/2689 2690/1/2690 2691/1/2691 
f 1012/1/1012 2690/1/2690 2689/1/2689 1016/1/1016 
f 1015/1/1015 2615/1/2615 2690/1/2690 1012/1/1012 
f 2691/1/2691 2690/1/2690 2615/1/2615 2614/1/2614 
f 2681/1/2681 2692/1/2692 2693/1/2693 2682/1/2682 
f 2691/1/2691 2693/1/2693 2692/1/2692 2688/1/2688 
f 2614/1/2614 2619/1/2619 2693/1/2693 2691/1/2691 
f 2682/1/2682 2693/1/2693 2619/1/2619 2618/1/2618 
f 2694/1/2694 2695/1/2695 2696/1/2696 2697/1/2697 
f 2679/1/2679 2696/1/2696 2695/1/2695 2676/1/2676 
f 1016/1/1016 2689/1/2689 2696/1/2696 2679/1/2679 
f 2697/1/2697 2696/1/2696 2689/1/2689 2688/1/2688 
f 2590/1/2590 2698/1/2698 2699/1/2699 2593/1/2593 
f 2700/1/2700 2699/1/2699 2698/1/2698 2701/1/2701 
f 2684/1/2684 2687/1/2687 2699/1/2699 2700/1/2700 
f 2593/1/2593 2699/1/2699 2687/1/2687 2594/1/2594 
f 2702/1/2702 2685/1/2685 2684/1/2684 
f 2703/1/2703 2702/1/2702 2704/1/2704 2705/1/2705 
f 2688/1/2688 2692/1/2692 2702/1/2702 2703/1/2703 
f 2692/1/2692 2681/1/2681 2685/1/2685 
f 2705/1/2705 2706/1/2706 2707/1/2707 2703/1/2703 
f 2708/1/2708 2709/1/2709 2707/1/2707 2706/1/2706 
f 2697/1/2697 2707/1/2707 2709/1/2709 2694/1/2694 
f 2703/1/2703 2707/1/2707 2697/1/2697 2688/1/2688 
f 2588/1/2588 2710/1/2710 2698/1/2698 2590/1/2590 
f 2711/1/2711 2710/1/2710 2588/1/2588 2589/1/2589 
f 2701/1/2701 2698/1/2698 2710/1/2710 2711/1/2711 
f 2700/1/2700 2712/1/2712 2704/1/2704 2684/1/2684 
f 2701/1/2701 2713/1/2713 2712/1/2712 2700/1/2700 
f 2714/1/2714 2712/1/2712 2713/1/2713 2715/1/2715 
f 2705/1/2705 2704/1/2704 2712/1/2712 2714/1/2714 
f 2715/1/2715 2716/1/2716 2717/1/2717 2714/1/2714 
f 2718/1/2718 2717/1/2717 2716/1/2716 2719/1/2719 
f 2706/1/2706 2717/1/2717 2718/1/2718 2708/1/2708 
f 2714/1/2714 2717/1/2717 2706/1/2706 2705/1/2705 
f 2720/1/2720 2721/1/2721 2722/1/2722 2723/1/2723 
f 298/1/298 2722/1/2722 2721/1/2721 239/1/239 
f 299/1/299 2724/1/2724 2722/1/2722 298/1/298 
f 2723/1/2723 2722/1/2722 2724/1/2724 2725/1/2725 
f 239/1/239 2721/1/2721 2726/1/2726 238/1/238 
f 2727/1/2727 2726/1/2726 2721/1/2721 2720/1/2720 
f 2589/1/2589 2586/1/2586 2726/1/2726 2727/1/2727 
f 238/1/238 2726/1/2726 2586/1/2586 240/1/240 
f 2589/1/2589 2728/1/2728 2729/1/2729 2711/1/2711 
f 2730/1/2730 2729/1/2729 2728/1/2728 2731/1/2731 
f 2715/1/2715 2713/1/2713 2729/1/2729 2730/1/2730 
f 2711/1/2711 2729/1/2729 2713/1/2713 2701/1/2701 
f 2731/1/2731 2732/1/2732 2733/1/2733 2730/1/2730 
f 2734/1/2734 2733/1/2733 2732/1/2732 2735/1/2735 
f 2719/1/2719 2716/1/2716 2733/1/2733 2734/1/2734 
f 2730/1/2730 2733/1/2733 2716/1/2716 2715/1/2715 
f 2667/1/2667 2736/1/2736 2737/1/2737 2666/1/2666 
f 2738/1/2738 2737/1/2737 2736/1/2736 2739/1/2739 
f 2725/1/2725 2724/1/2724 2737/1/2737 2738/1/2738 
f 2666/1/2666 2737/1/2737 2724/1/2724 299/1/299 
f 2720/1/2720 2740/1/2740 2741/1/2741 2727/1/2727 
f 2742/1/2742 2741/1/2741 2740/1/2740 2743/1/2743 
f 2731/1/2731 2728/1/2728 2741/1/2741 2742/1/2742 
f 2727/1/2727 2741/1/2741 2728/1/2728 2589/1/2589 
f 2725/1/2725 2738/1/2738 2744/1/2744 2723/1/2723 
f 2745/1/2745 2744/1/2744 2738/1/2738 2739/1/2739 
f 2743/1/2743 2740/1/2740 2744/1/2744 2745/1/2745 
f 2723/1/2723 2744/1/2744 2740/1/2740 2720/1/2720 
f 2743/1/2743 2746/1/2746 2747/1/2747 2742/1/2742 
f 2748/1/2748 2747/1/2747 2746/1/2746 2749/1/2749 
f 2735/1/2735 2732/1/2732 2747/1/2747 2748/1/2748 
f 2742/1/2742 2747/1/2747 2732/1/2732 2731/1/2731 
f 2739/1/2739 2750/1/2750 2751/1/2751 2745/1/2745 
f 2752/1/2752 2751/1/2751 2750/1/2750 2753/1/2753 
f 2749/1/2749 2746/1/2746 2751/1/2751 2752/1/2752 
f 2745/1/2745 2751/1/2751 2746/1/2746 2743/1/2743 
f 2671/1/2671 2754/1/2754 2755/1/2755 2670/1/2670 
f 2756/1/2756 2755/1/2755 2754/1/2754 2757/1/2757 
f 2739/1/2739 2736/1/2736 2755/1/2755 2756/1/2756 
f 2670/1/2670 2755/1/2755 2736/1/2736 2667/1/2667 
f 2673/1/2673 2758/1/2758 2754/1/2754 2671/1/2671 
f 2759/1/2759 2758/1/2758 2673/1/2673 2672/1/2672 
f 2760/1/2760 2761/1/2761 2758/1/2758 2759/1/2759 
f 2757/1/2757 2754/1/2754 2758/1/2758 2761/1/2761 
f 2757/1/2757 2762/1/2762 2763/1/2763 2756/1/2756 
f 2764/1/2764 2763/1/2763 2762/1/2762 2765/1/2765 
f 2753/1/2753 2750/1/2750 2763/1/2763 2764/1/2764 
f 2756/1/2756 2763/1/2763 2750/1/2750 2739/1/2739 
f 2672/1/2672 2677/1/2677 2766/1/2766 2759/1/2759 
f 2767/1/2767 2766/1/2766 2677/1/2677 2676/1/2676 
f 2768/1/2768 2769/1/2769 2766/1/2766 2767/1/2767 
f 2759/1/2759 2766/1/2766 2769/1/2769 2760/1/2760 
f 2770/1/2770 2771/1/2771 2761/1/2761 2760/1/2760 
f 2772/1/2772 2773/1/2773 2771/1/2771 2770/1/2770 
f 2765/1/2765 2762/1/2762 2771/1/2771 2773/1/2773 
f 2761/1/2761 2771/1/2771 2762/1/2762 2757/1/2757 
f 2676/1/2676 2695/1/2695 2774/1/2774 2767/1/2767 
f 2775/1/2775 2774/1/2774 2695/1/2695 2694/1/2694 
f 2776/1/2776 2777/1/2777 2774/1/2774 2775/1/2775 
f 2767/1/2767 2774/1/2774 2777/1/2777 2768/1/2768 
f 2778/1/2778 2779/1/2779 2780/1/2780 2781/1/2781 
f 2770/1/2770 2780/1/2780 2779/1/2779 2772/1/2772 
f 2760/1/2760 2769/1/2769 2780/1/2780 2770/1/2770 
f 2781/1/2781 2780/1/2780 2769/1/2769 2768/1/2768 
f 2782/1/2782 2783/1/2783 2784/1/2784 2785/1/2785 
f 2775/1/2775 2784/1/2784 2783/1/2783 2776/1/2776 
f 2694/1/2694 2709/1/2709 2784/1/2784 2775/1/2775 
f 2785/1/2785 2784/1/2784 2709/1/2709 2708/1/2708 
f 2786/1/2786 2787/1/2787 2788/1/2788 2789/1/2789 
f 2785/1/2785 2788/1/2788 2787/1/2787 2782/1/2782 
f 2708/1/2708 2718/1/2718 2788/1/2788 2785/1/2785 
f 2719/1/2719 2789/1/2789 2788/1/2788 2718/1/2718 
f 2768/1/2768 2777/1/2777 2790/1/2790 2781/1/2781 
f 2791/1/2791 2790/1/2790 2777/1/2777 2776/1/2776 
f 2792/1/2792 2793/1/2793 2790/1/2790 2791/1/2791 
f 2781/1/2781 2790/1/2790 2793/1/2793 2778/1/2778 
f 2735/1/2735 2794/1/2794 2795/1/2795 2734/1/2734 
f 2796/1/2796 2795/1/2795 2794/1/2794 2797/1/2797 
f 2786/1/2786 2789/1/2789 2795/1/2795 2796/1/2796 
f 2734/1/2734 2795/1/2795 2789/1/2789 2719/1/2719 
f 2798/1/2798 2799/1/2799 2800/1/2800 
f 2791/1/2791 2798/1/2798 2801/1/2801 2792/1/2792 
f 2776/1/2776 2783/1/2783 2798/1/2798 2791/1/2791 
f 2799/1/2799 2798/1/2798 2783/1/2783 2782/1/2782 
f 2797/1/2797 2802/1/2802 2803/1/2803 2796/1/2796 
f 2799/1/2799 2803/1/2803 2802/1/2802 2800/1/2800 
f 2782/1/2782 2787/1/2787 2803/1/2803 2799/1/2799 
f 2796/1/2796 2803/1/2803 2787/1/2787 2786/1/2786 
f 2749/1/2749 2804/1/2804 2805/1/2805 2748/1/2748 
f 2806/1/2806 2805/1/2805 2804/1/2804 2807/1/2807 
f 2797/1/2797 2794/1/2794 2805/1/2805 2806/1/2806 
f 2748/1/2748 2805/1/2805 2794/1/2794 2735/1/2735 
f 2753/1/2753 2808/1/2808 2809/1/2809 2752/1/2752 
f 2810/1/2810 2809/1/2809 2808/1/2808 2811/1/2811 
f 2807/1/2807 2804/1/2804 2809/1/2809 2810/1/2810 
f 2752/1/2752 2809/1/2809 2804/1/2804 2749/1/2749 
f 2807/1/2807 2812/1/2812 2813/1/2813 2806/1/2806 
f 2802/1/2802 2813/1/2813 2812/1/2812 2800/1/2800 
f 2806/1/2806 2813/1/2813 2802/1/2802 2797/1/2797 
f 2811/1/2811 2814/1/2814 2815/1/2815 2810/1/2810 
f 2816/1/2816 2815/1/2815 2814/1/2814 2817/1/2817 
f 2800/1/2800 2812/1/2812 2815/1/2815 2816/1/2816 
f 2810/1/2810 2815/1/2815 2812/1/2812 2807/1/2807 
f 2816/1/2816 2818/1/2818 2801/1/2801 2800/1/2800 
f 2817/1/2817 2819/1/2819 2818/1/2818 2816/1/2816 
f 2820/1/2820 2821/1/2821 2818/1/2818 2819/1/2819 
f 2801/1/2801 2818/1/2818 2821/1/2821 2792/1/2792 
f 2822/1/2822 2823/1/2823 2819/1/2819 2817/1/2817 
f 2824/1/2824 2825/1/2825 2823/1/2823 2822/1/2822 
f 2826/1/2826 2827/1/2827 2823/1/2823 2825/1/2825 
f 2819/1/2819 2823/1/2823 2827/1/2827 2820/1/2820 
f 2792/1/2792 2821/1/2821 2828/1/2828 2793/1/2793 
f 2829/1/2829 2828/1/2828 2821/1/2821 2820/1/2820 
f 2830/1/2830 2828/1/2828 2829/1/2829 2831/1/2831 
f 2778/1/2778 2793/1/2793 2828/1/2828 2830/1/2830 
f 2831/1/2831 2832/1/2832 2833/1/2833 2830/1/2830 
f 2834/1/2834 2833/1/2833 2832/1/2832 2835/1/2835 
f 2772/1/2772 2779/1/2779 2833/1/2833 2834/1/2834 
f 2830/1/2830 2833/1/2833 2779/1/2779 2778/1/2778 
f 2836/1/2836 2837/1/2837 2838/1/2838 
f 2836/1/2836 2839/1/2839 2824/1/2824 
f 2817/1/2817 2814/1/2814 2836/1/2836 2822/1/2822 
f 2837/1/2837 2836/1/2836 2814/1/2814 2811/1/2811 
f 2765/1/2765 2840/1/2840 2841/1/2841 2764/1/2764 
f 2837/1/2837 2841/1/2841 2840/1/2840 2838/1/2838 
f 2811/1/2811 2808/1/2808 2841/1/2841 2837/1/2837 
f 2764/1/2764 2841/1/2841 2808/1/2808 2753/1/2753 
f 2835/1/2835 2842/1/2842 2843/1/2843 2834/1/2834 
f 2838/1/2838 2840/1/2840 2843/1/2843 2842/1/2842 
f 2773/1/2773 2843/1/2843 2840/1/2840 2765/1/2765 
f 2834/1/2834 2843/1/2843 2773/1/2773 2772/1/2772 
f 2844/1/2844 2845/1/2845 2846/1/2846 
f 2847/1/2847 2838/1/2838 2842/1/2842 
f 2844/1/2844 2842/1/2842 2835/1/2835 
f 2845/1/2845 2844/1/2844 2832/1/2832 2831/1/2831 
f 2824/1/2824 2839/1/2839 2848/1/2848 2825/1/2825 
f 2847/1/2847 2848/1/2848 2839/1/2839 2838/1/2838 
f 2846/1/2846 2849/1/2849 2848/1/2848 2847/1/2847 
f 2825/1/2825 2848/1/2848 2849/1/2849 2826/1/2826 
f 2826/1/2826 2849/1/2849 2850/1/2850 2827/1/2827 
f 2846/1/2846 2845/1/2845 2850/1/2850 2849/1/2849 
f 2831/1/2831 2829/1/2829 2850/1/2850 2845/1/2845 
f 2827/1/2827 2850/1/2850 2829/1/2829 2820/1/2820 
f 2851/1/2851 2852/1/2852 2853/1/2853 
f 1071/1/1071 2851/1/2851 2854/1/2854 1072/1/1072 
f 1068/1/1068 1084/1/1084 2851/1/2851 1071/1/1071 
f 2852/1/2852 2851/1/2851 1084/1/1084 1087/1/1087 
f 1170/1/1170 2855/1/2855 2856/1/2856 1171/1/1171 
f 2852/1/2852 2856/1/2856 2855/1/2855 2853/1/2853 
f 1166/1/1166 2856/1/2856 2852/1/2852 1087/1/1087 
f 1167/1/1167 1171/1/1171 2856/1/2856 1166/1/1166 
f 1176/1/1176 2857/1/2857 2858/1/2858 1177/1/1177 
f 2859/1/2859 2858/1/2858 2857/1/2857 2860/1/2860 
f 2853/1/2853 2855/1/2855 2858/1/2858 
f 1177/1/1177 2858/1/2858 2855/1/2855 1170/1/1170 
f 1032/1/1032 1073/1/1073 2861/1/2861 1039/1/1039 
f 2862/1/2862 2861/1/2861 1073/1/1073 1072/1/1072 
f 2863/1/2863 2864/1/2864 2861/1/2861 2862/1/2862 
f 1039/1/1039 2861/1/2861 2864/1/2864 1036/1/1036 
f 1072/1/1072 2854/1/2854 2865/1/2865 2862/1/2862 
f 2866/1/2866 2865/1/2865 2854/1/2854 2853/1/2853 
f 2867/1/2867 2868/1/2868 2865/1/2865 2866/1/2866 
f 2862/1/2862 2865/1/2865 2868/1/2868 2863/1/2863 
f 2860/1/2860 2869/1/2869 2870/1/2870 2859/1/2859 
f 2866/1/2866 2870/1/2870 2869/1/2869 2867/1/2867 
f 2870/1/2870 2866/1/2866 2853/1/2853 
f 1036/1/1036 2864/1/2864 2871/1/2871 1043/1/1043 
f 2872/1/2872 2871/1/2871 2864/1/2864 2863/1/2863 
f 2873/1/2873 2874/1/2874 2871/1/2871 2872/1/2872 
f 1043/1/1043 2871/1/2871 2874/1/2874 1040/1/1040 
f 1176/1/1176 1179/1/1179 2875/1/2875 2857/1/2857 
f 2876/1/2876 2875/1/2875 1179/1/1179 1178/1/1178 
f 2877/1/2877 2878/1/2878 2875/1/2875 2876/1/2876 
f 2860/1/2860 2857/1/2857 2875/1/2875 2878/1/2878 
f 2863/1/2863 2868/1/2868 2879/1/2879 2872/1/2872 
f 2880/1/2880 2879/1/2879 2868/1/2868 2867/1/2867 
f 2881/1/2881 2882/1/2882 2879/1/2879 2880/1/2880 
f 2882/1/2882 2873/1/2873 2872/1/2872 
f 2877/1/2877 2883/1/2883 2884/1/2884 2878/1/2878 
f 2880/1/2880 2884/1/2884 2883/1/2883 2881/1/2881 
f 2867/1/2867 2869/1/2869 2884/1/2884 2880/1/2880 
f 2878/1/2878 2884/1/2884 2869/1/2869 2860/1/2860 
f 2885/1/2885 2886/1/2886 2874/1/2874 2873/1/2873 
f 2885/1/2885 2887/1/2887 2888/1/2888 
f 1047/1/1047 1044/1/1044 2886/1/2886 2888/1/2888 
f 1040/1/1040 2874/1/2874 2886/1/2886 1044/1/1044 
f 1178/1/1178 1183/1/1183 2889/1/2889 2876/1/2876 
f 2890/1/2890 2889/1/2889 1183/1/1183 1182/1/1182 
f 2891/1/2891 2892/1/2892 2889/1/2889 2890/1/2890 
f 2876/1/2876 2889/1/2889 2892/1/2892 2877/1/2877 
f 2893/1/2893 2894/1/2894 2882/1/2882 2881/1/2881 
f 2895/1/2895 2894/1/2894 2893/1/2893 2896/1/2896 
f 2894/1/2894 2895/1/2895 2887/1/2887 
f 2894/1/2894 2885/1/2885 2873/1/2873 
f 2877/1/2877 2892/1/2892 2897/1/2897 2883/1/2883 
f 2898/1/2898 2897/1/2897 2892/1/2892 2891/1/2891 
f 2896/1/2896 2893/1/2893 2897/1/2897 2898/1/2898 
f 2897/1/2897 2893/1/2893 2881/1/2881 2883/1/2883 
f 2899/1/2899 2888/1/2888 2887/1/2887 
f 2900/1/2900 2899/1/2899 2901/1/2901 2902/1/2902 
f 1049/1/1049 1048/1/1048 2899/1/2899 2900/1/2900 
f 2888/1/2888 2899/1/2899 1048/1/1048 1047/1/1047 
f 2896/1/2896 2903/1/2903 2904/1/2904 2895/1/2895 
f 2905/1/2905 2904/1/2904 2903/1/2903 2906/1/2906 
f 2902/1/2902 2901/1/2901 2904/1/2904 2905/1/2905 
f 2895/1/2895 2904/1/2904 2901/1/2901 2887/1/2887 
f 2907/1/2907 2908/1/2908 2909/1/2909 2910/1/2910 
f 2608/1/2608 2909/1/2909 2908/1/2908 2573/1/2573 
f 2610/1/2610 2611/1/2611 2909/1/2909 2608/1/2608 
f 2910/1/2910 2909/1/2909 2611/1/2611 1055/1/1055 
f 2902/1/2902 2911/1/2911 2912/1/2912 2900/1/2900 
f 2910/1/2910 2912/1/2912 2911/1/2911 2907/1/2907 
f 1055/1/1055 1052/1/1052 2912/1/2912 2910/1/2910 
f 2900/1/2900 2912/1/2912 1052/1/1052 1049/1/1049 
f 2906/1/2906 2913/1/2913 2914/1/2914 2905/1/2905 
f 2915/1/2915 2914/1/2914 2913/1/2913 2916/1/2916 
f 2914/1/2914 2915/1/2915 2907/1/2907 
f 2905/1/2905 2914/1/2914 2911/1/2911 2902/1/2902 
f 1182/1/1182 1187/1/1187 2917/1/2917 2890/1/2890 
f 2918/1/2918 2917/1/2917 1187/1/1187 1186/1/1186 
f 2919/1/2919 2920/1/2920 2917/1/2917 2918/1/2918 
f 2890/1/2890 2917/1/2917 2920/1/2920 2891/1/2891 
f 2891/1/2891 2920/1/2920 2921/1/2921 2898/1/2898 
f 2922/1/2922 2921/1/2921 2920/1/2920 2919/1/2919 
f 2906/1/2906 2903/1/2903 2921/1/2921 2922/1/2922 
f 2898/1/2898 2921/1/2921 2903/1/2903 2896/1/2896 
f 2573/1/2573 2908/1/2908 2923/1/2923 2572/1/2572 
f 2908/1/2908 2907/1/2907 2924/1/2924 
f 2925/1/2925 2926/1/2926 2923/1/2923 2924/1/2924 
f 2572/1/2572 2923/1/2923 2926/1/2926 2537/1/2537 
f 2546/1/2546 2927/1/2927 2928/1/2928 2542/1/2542 
f 2929/1/2929 2928/1/2928 2927/1/2927 2930/1/2930 
f 1149/1/1149 2519/1/2519 2928/1/2928 2929/1/2929 
f 2542/1/2542 2928/1/2928 2519/1/2519 2518/1/2518 
f 2931/1/2931 2915/1/2915 2916/1/2916 
f 2932/1/2932 2933/1/2933 2934/1/2934 
f 2925/1/2925 2924/1/2924 2931/1/2931 
f 2924/1/2924 2907/1/2907 2915/1/2915 
f 2927/1/2927 2935/1/2935 2936/1/2936 2930/1/2930 
f 2552/1/2552 2935/1/2935 2927/1/2927 2546/1/2546 
f 2537/1/2537 2926/1/2926 2935/1/2935 2552/1/2552 
f 2936/1/2936 2935/1/2935 2926/1/2926 2925/1/2925 
f 2933/1/2933 2937/1/2937 2938/1/2938 2934/1/2934 
f 2936/1/2936 2938/1/2938 2937/1/2937 2930/1/2930 
f 2925/1/2925 2934/1/2934 2938/1/2938 2936/1/2936 
f 1186/1/1186 2939/1/2939 2940/1/2940 2918/1/2918 
f 2937/1/2937 2940/1/2940 2939/1/2939 2930/1/2930 
f 2933/1/2933 2941/1/2941 2940/1/2940 2937/1/2937 
f 2918/1/2918 2940/1/2940 2941/1/2941 2919/1/2919 
f 1144/1/1144 1150/1/1150 2942/1/2942 1189/1/1189 
f 2929/1/2929 2942/1/2942 1150/1/1150 1149/1/1149 
f 2939/1/2939 2942/1/2942 2929/1/2929 2930/1/2930 
f 1189/1/1189 2942/1/2942 2939/1/2939 1186/1/1186 
f 2919/1/2919 2941/1/2941 2943/1/2943 2922/1/2922 
f 2941/1/2941 2933/1/2933 2932/1/2932 
f 2916/1/2916 2913/1/2913 2943/1/2943 2932/1/2932 
f 2922/1/2922 2943/1/2943 2913/1/2913 2906/1/2906 
f 2944/1/2944 2945/1/2945 1349/1/1349 1348/1/1348 
f 2946/1/2946 2945/1/2945 2944/1/2944 2947/1/2947 
f 2948/1/2948 2949/1/2949 2945/1/2945 2946/1/2946 
f 1349/1/1349 2945/1/2945 2949/1/2949 1353/1/1353 
f 2950/1/2950 2944/1/2944 1348/1/1348 
f 1355/1/1355 1354/1/1354 2951/1/2951 
f 2952/1/2952 2953/1/2953 2950/1/2950 2951/1/2951 
f 2947/1/2947 2944/1/2944 2950/1/2950 2953/1/2953 
f 2947/1/2947 2953/1/2953 2954/1/2954 2946/1/2946 
f 2955/1/2955 2954/1/2954 2953/1/2953 2952/1/2952 
f 2956/1/2956 2957/1/2957 2954/1/2954 2955/1/2955 
f 2946/1/2946 2954/1/2954 2957/1/2957 2948/1/2948 
f 2958/1/2958 2959/1/2959 1361/1/1361 1360/1/1360 
f 2960/1/2960 2959/1/2959 2958/1/2958 2961/1/2961 
f 2951/1/2951 2959/1/2959 2960/1/2960 2952/1/2952 
f 1354/1/1354 1361/1/1361 2959/1/2959 2951/1/2951 
f 1364/1/1364 1395/1/1395 2962/1/2962 1365/1/1365 
f 2963/1/2963 2962/1/2962 1395/1/1395 1399/1/1399 
f 2961/1/2961 2958/1/2958 2962/1/2962 2963/1/2963 
f 2958/1/2958 1360/1/1360 1365/1/1365 
f 1399/1/1399 2964/1/2964 2965/1/2965 2963/1/2963 
f 2964/1/2964 2966/1/2966 2967/1/2967 
f 2968/1/2968 2969/1/2969 2965/1/2965 2967/1/2967 
f 2963/1/2963 2965/1/2965 2969/1/2969 2961/1/2961 
f 2970/1/2970 2375/1/2375 2374/1/2374 
f 2964/1/2964 2970/1/2970 2971/1/2971 2966/1/2966 
f 1399/1/1399 1398/1/1398 2970/1/2970 2964/1/2964 
f 2375/1/2375 2970/1/2970 1398/1/1398 1397/1/1397 
f 2433/1/2433 2972/1/2972 2973/1/2973 2432/1/2432 
f 2971/1/2971 2973/1/2973 2972/1/2972 2966/1/2966 
f 2374/1/2374 2425/1/2425 2973/1/2973 2971/1/2971 
f 2432/1/2432 2973/1/2973 2425/1/2425 2424/1/2424 
f 2952/1/2952 2960/1/2960 2974/1/2974 2955/1/2955 
f 2961/1/2961 2969/1/2969 2974/1/2974 2960/1/2960 
f 2968/1/2968 2975/1/2975 2974/1/2974 2969/1/2969 
f 2955/1/2955 2974/1/2974 2975/1/2975 2956/1/2956 
f 2976/1/2976 2977/1/2977 2978/1/2978 2979/1/2979 
f 2980/1/2980 2981/1/2981 2978/1/2978 2977/1/2977 
f 2982/1/2982 2983/1/2983 2978/1/2978 2981/1/2981 
f 2979/1/2979 2978/1/2978 2983/1/2983 2984/1/2984 
f 2985/1/2985 2986/1/2986 2987/1/2987 2988/1/2988 
f 2983/1/2983 2987/1/2987 2986/1/2986 2984/1/2984 
f 2989/1/2989 2987/1/2987 2983/1/2983 2982/1/2982 
f 2989/1/2989 2990/1/2990 2988/1/2988 
f 2991/1/2991 2992/1/2992 2993/1/2993 2994/1/2994 
f 2979/1/2979 2993/1/2993 2992/1/2992 2976/1/2976 
f 2984/1/2984 2995/1/2995 2993/1/2993 2979/1/2979 
f 2996/1/2996 2994/1/2994 2993/1/2993 2995/1/2995 
f 2985/1/2985 2997/1/2997 2998/1/2998 2986/1/2986 
f 2999/1/2999 2998/1/2998 2997/1/2997 3000/1/3000 
f 2996/1/2996 2995/1/2995 2998/1/2998 2999/1/2999 
f 2984/1/2984 2986/1/2986 2998/1/2998 2995/1/2995 
f 3000/1/3000 2997/1/2997 3001/1/3001 3002/1/3002 
f 2988/1/2988 3001/1/3001 2997/1/2997 2985/1/2985 
f 2990/1/2990 3003/1/3003 3001/1/3001 2988/1/2988 
f 3002/1/3002 3001/1/3001 3003/1/3003 3004/1/3004 
f 2980/1/2980 3005/1/3005 3006/1/3006 3007/1/3007 
f 3008/1/3008 3006/1/3006 3005/1/3005 3009/1/3009 
f 3010/1/3010 3011/1/3011 3006/1/3006 3008/1/3008 
f 3007/1/3007 3006/1/3006 3011/1/3011 3012/1/3012 
f 2982/1/2982 2981/1/2981 3013/1/3013 3014/1/3014 
f 3007/1/3007 3013/1/3013 2981/1/2981 2980/1/2980 
f 3012/1/3012 3015/1/3015 3013/1/3013 3007/1/3007 
f 3014/1/3014 3013/1/3013 3015/1/3015 3016/1/3016 
f 3017/1/3017 2989/1/2989 2982/1/2982 
f 3018/1/3018 3017/1/3017 3014/1/3014 3016/1/3016 
f 3019/1/3019 3020/1/3020 3017/1/3017 3018/1/3018 
f 2989/1/2989 3017/1/3017 3020/1/3020 2990/1/2990 
f 3021/1/3021 3022/1/3022 3004/1/3004 
f 3003/1/3003 2990/1/2990 3020/1/3020 
f 3023/1/3023 3021/1/3021 3020/1/3020 3019/1/3019 
f 3023/1/3023 3024/1/3024 3022/1/3022 
f 3025/1/3025 3026/1/3026 3027/1/3027 3028/1/3028 
f 2999/1/2999 3027/1/3027 3026/1/3026 2996/1/2996 
f 3000/1/3000 3029/1/3029 3027/1/3027 2999/1/2999 
f 3028/1/3028 3027/1/3027 3029/1/3029 3030/1/3030 
f 3004/1/3004 3031/1/3031 3032/1/3032 3002/1/3002 
f 3031/1/3031 3033/1/3033 3034/1/3034 
f 3032/1/3032 3034/1/3034 3030/1/3030 
f 3002/1/3002 3032/1/3032 3029/1/3029 3000/1/3000 
f 3022/1/3022 3024/1/3024 3035/1/3035 
f 3036/1/3036 3035/1/3035 3037/1/3037 
f 3031/1/3031 3036/1/3036 3038/1/3038 3033/1/3033 
f 3031/1/3031 3004/1/3004 3022/1/3022 
f 3037/1/3037 3035/1/3035 3039/1/3039 3040/1/3040 
f 3035/1/3035 3024/1/3024 3041/1/3041 
f 3042/1/3042 3039/1/3039 3041/1/3041 3043/1/3043 
f 3042/1/3042 3044/1/3044 3040/1/3040 
f 3044/1/3044 3042/1/3042 3045/1/3045 3046/1/3046 
f 3047/1/3047 3045/1/3045 3042/1/3042 3043/1/3043 
f 3048/1/3048 3049/1/3049 3045/1/3045 3047/1/3047 
f 3050/1/3050 3046/1/3046 3045/1/3045 3049/1/3049 
f 3051/1/3051 3052/1/3052 3053/1/3053 3054/1/3054 
f 3049/1/3049 3053/1/3053 3052/1/3052 3050/1/3050 
f 3055/1/3055 3053/1/3053 3049/1/3049 3048/1/3048 
f 3054/1/3054 3053/1/3053 3055/1/3055 3056/1/3056 
f 3057/1/3057 3058/1/3058 3059/1/3059 3060/1/3060 
f 3061/1/3061 3062/1/3062 3059/1/3059 3058/1/3058 
f 3063/1/3063 3059/1/3059 3062/1/3062 3064/1/3064 
f 3060/1/3060 3059/1/3059 3063/1/3063 3010/1/3010 
f 3012/1/3012 3011/1/3011 3065/1/3065 3066/1/3066 
f 3063/1/3063 3065/1/3065 3011/1/3011 3010/1/3010 
f 3064/1/3064 3067/1/3067 3065/1/3065 3063/1/3063 
f 3066/1/3066 3065/1/3065 3067/1/3067 3068/1/3068 
f 3069/1/3069 3070/1/3070 3016/1/3016 
f 3066/1/3066 3069/1/3069 3015/1/3015 3012/1/3012 
f 3068/1/3068 3071/1/3071 3069/1/3069 3066/1/3066 
f 3070/1/3070 3069/1/3069 3071/1/3071 3072/1/3072 
f 3016/1/3016 3070/1/3070 3073/1/3073 3018/1/3018 
f 3074/1/3074 3073/1/3073 3070/1/3070 3072/1/3072 
f 3075/1/3075 3076/1/3076 3073/1/3073 3074/1/3074 
f 3018/1/3018 3073/1/3073 3076/1/3076 3019/1/3019 
f 3019/1/3019 3076/1/3076 3077/1/3077 3023/1/3023 
f 3078/1/3078 3077/1/3077 3076/1/3076 3075/1/3075 
f 3079/1/3079 3080/1/3080 3077/1/3077 3078/1/3078 
f 3023/1/3023 3077/1/3077 3080/1/3080 3024/1/3024 
f 3043/1/3043 3041/1/3041 3081/1/3081 3082/1/3082 
f 3080/1/3080 3081/1/3081 3041/1/3041 3024/1/3024 
f 3079/1/3079 3083/1/3083 3081/1/3081 3080/1/3080 
f 3082/1/3082 3081/1/3081 3083/1/3083 3084/1/3084 
f 3047/1/3047 3085/1/3085 3086/1/3086 3048/1/3048 
f 3082/1/3082 3085/1/3085 3047/1/3047 3043/1/3043 
f 3084/1/3084 3087/1/3087 3085/1/3085 3082/1/3082 
f 3086/1/3086 3085/1/3085 3087/1/3087 3088/1/3088 
f 3048/1/3048 3086/1/3086 3089/1/3089 3055/1/3055 
f 3088/1/3088 3090/1/3090 3089/1/3089 3086/1/3086 
f 3091/1/3091 3089/1/3089 3090/1/3090 3092/1/3092 
f 3056/1/3056 3055/1/3055 3089/1/3089 3091/1/3091 
f 3061/1/3061 3093/1/3093 3094/1/3094 3062/1/3062 
f 3095/1/3095 3094/1/3094 3093/1/3093 3096/1/3096 
f 3097/1/3097 3098/1/3098 3094/1/3094 3095/1/3095 
f 3062/1/3062 3094/1/3094 3098/1/3098 3064/1/3064 
f 3098/1/3098 3099/1/3099 3067/1/3067 3064/1/3064 
f 3100/1/3100 3099/1/3099 3098/1/3098 3097/1/3097 
f 3101/1/3101 3102/1/3102 3099/1/3099 3100/1/3100 
f 3068/1/3068 3067/1/3067 3099/1/3099 3102/1/3102 
f 3103/1/3103 3104/1/3104 3105/1/3105 3106/1/3106 
f 3072/1/3072 3071/1/3071 3105/1/3105 3104/1/3104 
f 3102/1/3102 3105/1/3105 3071/1/3071 3068/1/3068 
f 3106/1/3106 3105/1/3105 3102/1/3102 3101/1/3101 
f 3106/1/3106 3107/1/3107 3108/1/3108 3103/1/3103 
f 3109/1/3109 3107/1/3107 3106/1/3106 3101/1/3101 
f 3107/1/3107 3109/1/3109 3110/1/3110 
f 3111/1/3111 3112/1/3112 3113/1/3113 3114/1/3114 
f 3074/1/3074 3113/1/3113 3112/1/3112 3075/1/3075 
f 3072/1/3072 3104/1/3104 3113/1/3113 3074/1/3074 
f 3114/1/3114 3113/1/3113 3104/1/3104 3103/1/3103 
f 3079/1/3079 3078/1/3078 3115/1/3115 3116/1/3116 
f 3112/1/3112 3115/1/3115 3078/1/3078 3075/1/3075 
f 3117/1/3117 3115/1/3115 3112/1/3112 3111/1/3111 
f 3118/1/3118 3116/1/3116 3115/1/3115 3117/1/3117 
f 3084/1/3084 3083/1/3083 3119/1/3119 3120/1/3120 
f 3116/1/3116 3119/1/3119 3083/1/3083 3079/1/3079 
f 3118/1/3118 3121/1/3121 3119/1/3119 3116/1/3116 
f 3122/1/3122 3120/1/3120 3119/1/3119 3121/1/3121 
f 3123/1/3123 3124/1/3124 3125/1/3125 3126/1/3126 
f 3088/1/3088 3087/1/3087 3125/1/3125 3124/1/3124 
f 3120/1/3120 3125/1/3125 3087/1/3087 3084/1/3084 
f 3126/1/3126 3125/1/3125 3120/1/3120 3122/1/3122 
f 3127/1/3127 3128/1/3128 3129/1/3129 3130/1/3130 
f 3128/1/3128 3030/1/3030 3034/1/3034 
f 3033/1/3033 3131/1/3131 3129/1/3129 3034/1/3034 
f 3130/1/3130 3129/1/3129 3131/1/3131 3132/1/3132 
f 3133/1/3133 3134/1/3134 3135/1/3135 3136/1/3136 
f 3130/1/3130 3135/1/3135 3134/1/3134 3127/1/3127 
f 3132/1/3132 3137/1/3137 3135/1/3135 3130/1/3130 
f 3136/1/3136 3135/1/3135 3137/1/3137 3138/1/3138 
f 3132/1/3132 3131/1/3131 3139/1/3139 3140/1/3140 
f 3038/1/3038 3139/1/3139 3131/1/3131 3033/1/3033 
f 3037/1/3037 3141/1/3141 3139/1/3139 3038/1/3038 
f 3140/1/3140 3139/1/3139 3141/1/3141 3142/1/3142 
f 3138/1/3138 3137/1/3137 3143/1/3143 3144/1/3144 
f 3140/1/3140 3143/1/3143 3137/1/3137 3132/1/3132 
f 3142/1/3142 3145/1/3145 3143/1/3143 3140/1/3140 
f 3144/1/3144 3143/1/3143 3145/1/3145 3146/1/3146 
f 3147/1/3147 3148/1/3148 3149/1/3149 3150/1/3150 
f 3144/1/3144 3149/1/3149 3148/1/3148 3138/1/3138 
f 3146/1/3146 3151/1/3151 3149/1/3149 3144/1/3144 
f 3150/1/3150 3149/1/3149 3151/1/3151 3152/1/3152 
f 3142/1/3142 3141/1/3141 3153/1/3153 3154/1/3154 
f 3040/1/3040 3153/1/3153 3141/1/3141 3037/1/3037 
f 3044/1/3044 3155/1/3155 3153/1/3153 3040/1/3040 
f 3154/1/3154 3153/1/3153 3155/1/3155 3156/1/3156 
f 3157/1/3157 3158/1/3158 3159/1/3159 3160/1/3160 
f 3161/1/3161 3159/1/3159 3158/1/3158 3162/1/3162 
f 3152/1/3152 3151/1/3151 3159/1/3159 3161/1/3161 
f 3160/1/3160 3159/1/3159 3151/1/3151 3146/1/3146 
f 3146/1/3146 3145/1/3145 3163/1/3163 3160/1/3160 
f 3154/1/3154 3163/1/3163 3145/1/3145 3142/1/3142 
f 3156/1/3156 3164/1/3164 3163/1/3163 3154/1/3154 
f 3160/1/3160 3163/1/3163 3164/1/3164 3157/1/3157 
f 3156/1/3156 3155/1/3155 3165/1/3165 3166/1/3166 
f 3046/1/3046 3165/1/3165 3155/1/3155 3044/1/3044 
f 3050/1/3050 3167/1/3167 3165/1/3165 3046/1/3046 
f 3167/1/3167 3168/1/3168 3166/1/3166 
f 3169/1/3169 3170/1/3170 3168/1/3168 
f 3052/1/3052 3169/1/3169 3167/1/3167 3050/1/3050 
f 3051/1/3051 3171/1/3171 3169/1/3169 3052/1/3052 
f 3170/1/3170 3169/1/3169 3171/1/3171 3172/1/3172 
f 3157/1/3157 3164/1/3164 3173/1/3173 3174/1/3174 
f 3166/1/3166 3173/1/3173 3164/1/3164 3156/1/3156 
f 3168/1/3168 3175/1/3175 3173/1/3173 3166/1/3166 
f 3174/1/3174 3173/1/3173 3175/1/3175 3176/1/3176 
f 3162/1/3162 3158/1/3158 3177/1/3177 3178/1/3178 
f 3174/1/3174 3177/1/3177 3158/1/3158 3157/1/3157 
f 3176/1/3176 3179/1/3179 3177/1/3177 3174/1/3174 
f 3178/1/3178 3177/1/3177 3179/1/3179 3180/1/3180 
f 3176/1/3176 3175/1/3175 3181/1/3181 3182/1/3182 
f 3170/1/3170 3181/1/3181 3175/1/3175 3168/1/3168 
f 3172/1/3172 3183/1/3183 3181/1/3181 3170/1/3170 
f 3182/1/3182 3181/1/3181 3183/1/3183 3184/1/3184 
f 3180/1/3180 3179/1/3179 3185/1/3185 3186/1/3186 
f 3182/1/3182 3185/1/3185 3179/1/3179 3176/1/3176 
f 3184/1/3184 3187/1/3187 3185/1/3185 3182/1/3182 
f 3186/1/3186 3185/1/3185 3187/1/3187 3188/1/3188 
f 3184/1/3184 3183/1/3183 3189/1/3189 3190/1/3190 
f 3191/1/3191 3189/1/3189 3183/1/3183 3172/1/3172 
f 3192/1/3192 3193/1/3193 3189/1/3189 3191/1/3191 
f 3190/1/3190 3189/1/3189 3193/1/3193 3194/1/3194 
f 3188/1/3188 3187/1/3187 3195/1/3195 3196/1/3196 
f 3190/1/3190 3195/1/3195 3187/1/3187 3184/1/3184 
f 3194/1/3194 3197/1/3197 3195/1/3195 3190/1/3190 
f 3196/1/3196 3195/1/3195 3197/1/3197 3198/1/3198 
f 3198/1/3198 3197/1/3197 3199/1/3199 3200/1/3200 
f 3201/1/3201 3199/1/3199 3197/1/3197 3194/1/3194 
f 3202/1/3202 3203/1/3203 3199/1/3199 3201/1/3201 
f 3200/1/3200 3199/1/3199 3203/1/3203 3204/1/3204 
f 3205/1/3205 3206/1/3206 3207/1/3207 3208/1/3208 
f 3209/1/3209 3207/1/3207 3206/1/3206 3210/1/3210 
f 3204/1/3204 3203/1/3203 3207/1/3207 3209/1/3209 
f 3208/1/3208 3207/1/3207 3203/1/3203 3202/1/3202 
f 3210/1/3210 3206/1/3206 3211/1/3211 3212/1/3212 
f 3213/1/3213 3211/1/3211 3206/1/3206 3205/1/3205 
f 3214/1/3214 3215/1/3215 3211/1/3211 3213/1/3213 
f 3212/1/3212 3211/1/3211 3215/1/3215 3216/1/3216 
f 3110/1/3110 3217/1/3217 3218/1/3218 3108/1/3108 
f 3219/1/3219 3218/1/3218 3217/1/3217 3220/1/3220 
f 3221/1/3221 3222/1/3222 3218/1/3218 3219/1/3219 
f 3108/1/3108 3218/1/3218 3222/1/3222 3103/1/3103 
f 3222/1/3222 3223/1/3223 3114/1/3114 3103/1/3103 
f 3224/1/3224 3223/1/3223 3222/1/3222 3221/1/3221 
f 3225/1/3225 3226/1/3226 3223/1/3223 3224/1/3224 
f 3114/1/3114 3223/1/3223 3226/1/3226 3111/1/3111 
f 3111/1/3111 3226/1/3226 3227/1/3227 3117/1/3117 
f 3228/1/3228 3227/1/3227 3226/1/3226 3225/1/3225 
f 3229/1/3229 3230/1/3230 3227/1/3227 3228/1/3228 
f 3117/1/3117 3227/1/3227 3230/1/3230 3118/1/3118 
f 3118/1/3118 3230/1/3230 3231/1/3231 3121/1/3121 
f 3232/1/3232 3231/1/3231 3230/1/3230 3229/1/3229 
f 3233/1/3233 3234/1/3234 3231/1/3231 3232/1/3232 
f 3121/1/3121 3231/1/3231 3234/1/3234 3122/1/3122 
f 3229/1/3229 3235/1/3235 3236/1/3236 3232/1/3232 
f 3237/1/3237 3236/1/3236 3235/1/3235 3238/1/3238 
f 3239/1/3239 3240/1/3240 3236/1/3236 3237/1/3237 
f 3232/1/3232 3236/1/3236 3240/1/3240 3233/1/3233 
f 3241/1/3241 3242/1/3242 3243/1/3243 3244/1/3244 
f 3150/1/3150 3243/1/3243 3242/1/3242 3147/1/3147 
f 3152/1/3152 3245/1/3245 3243/1/3243 3150/1/3150 
f 3244/1/3244 3243/1/3243 3245/1/3245 3246/1/3246 
f 3246/1/3246 3245/1/3245 3247/1/3247 3248/1/3248 
f 3161/1/3161 3247/1/3247 3245/1/3245 3152/1/3152 
f 3162/1/3162 3249/1/3249 3247/1/3247 3161/1/3161 
f 3248/1/3248 3247/1/3247 3249/1/3249 3250/1/3250 
f 3250/1/3250 3249/1/3249 3251/1/3251 3252/1/3252 
f 3178/1/3178 3251/1/3251 3249/1/3249 3162/1/3162 
f 3180/1/3180 3253/1/3253 3251/1/3251 3178/1/3178 
f 3252/1/3252 3251/1/3251 3253/1/3253 3254/1/3254 
f 3254/1/3254 3253/1/3253 3255/1/3255 3256/1/3256 
f 3186/1/3186 3255/1/3255 3253/1/3253 3180/1/3180 
f 3188/1/3188 3257/1/3257 3255/1/3255 3186/1/3186 
f 3256/1/3256 3255/1/3255 3257/1/3257 3258/1/3258 
f 3258/1/3258 3257/1/3257 3259/1/3259 3260/1/3260 
f 3196/1/3196 3259/1/3259 3257/1/3257 3188/1/3188 
f 3198/1/3198 3261/1/3261 3259/1/3259 3196/1/3196 
f 3260/1/3260 3259/1/3259 3261/1/3261 3262/1/3262 
f 3262/1/3262 3261/1/3261 3263/1/3263 3264/1/3264 
f 3200/1/3200 3263/1/3263 3261/1/3261 3198/1/3198 
f 3204/1/3204 3265/1/3265 3263/1/3263 3200/1/3200 
f 3264/1/3264 3263/1/3263 3265/1/3265 3266/1/3266 
f 3266/1/3266 3265/1/3265 3267/1/3267 3268/1/3268 
f 3209/1/3209 3267/1/3267 3265/1/3265 3204/1/3204 
f 3210/1/3210 3269/1/3269 3267/1/3267 3209/1/3209 
f 3268/1/3268 3267/1/3267 3269/1/3269 3270/1/3270 
f 3270/1/3270 3269/1/3269 3271/1/3271 3272/1/3272 
f 3212/1/3212 3271/1/3271 3269/1/3269 3210/1/3210 
f 3216/1/3216 3273/1/3273 3271/1/3271 3212/1/3212 
f 3272/1/3272 3271/1/3271 3273/1/3273 3274/1/3274 
f 3275/1/3275 3276/1/3276 3277/1/3277 3278/1/3278 
f 3279/1/3279 3277/1/3277 3276/1/3276 3280/1/3280 
f 3241/1/3241 3281/1/3281 3277/1/3277 3279/1/3279 
f 3278/1/3278 3277/1/3277 3281/1/3281 3282/1/3282 
f 3282/1/3282 3281/1/3281 3283/1/3283 3284/1/3284 
f 3244/1/3244 3283/1/3283 3281/1/3281 3241/1/3241 
f 3246/1/3246 3285/1/3285 3283/1/3283 3244/1/3244 
f 3284/1/3284 3283/1/3283 3285/1/3285 3286/1/3286 
f 3286/1/3286 3285/1/3285 3287/1/3287 3288/1/3288 
f 3248/1/3248 3287/1/3287 3285/1/3285 3246/1/3246 
f 3250/1/3250 3289/1/3289 3287/1/3287 3248/1/3248 
f 3288/1/3288 3287/1/3287 3289/1/3289 3290/1/3290 
f 3290/1/3290 3289/1/3289 3291/1/3291 3292/1/3292 
f 3252/1/3252 3291/1/3291 3289/1/3289 3250/1/3250 
f 3254/1/3254 3293/1/3293 3291/1/3291 3252/1/3252 
f 3292/1/3292 3291/1/3291 3293/1/3293 3294/1/3294 
f 3294/1/3294 3293/1/3293 3295/1/3295 3296/1/3296 
f 3256/1/3256 3295/1/3295 3293/1/3293 3254/1/3254 
f 3258/1/3258 3297/1/3297 3295/1/3295 3256/1/3256 
f 3296/1/3296 3295/1/3295 3297/1/3297 3298/1/3298 
f 3298/1/3298 3297/1/3297 3299/1/3299 3300/1/3300 
f 3260/1/3260 3299/1/3299 3297/1/3297 3258/1/3258 
f 3262/1/3262 3301/1/3301 3299/1/3299 3260/1/3260 
f 3300/1/3300 3299/1/3299 3301/1/3301 3302/1/3302 
f 3302/1/3302 3301/1/3301 3303/1/3303 3304/1/3304 
f 3264/1/3264 3303/1/3303 3301/1/3301 3262/1/3262 
f 3266/1/3266 3305/1/3305 3303/1/3303 3264/1/3264 
f 3304/1/3304 3303/1/3303 3305/1/3305 3306/1/3306 
f 3306/1/3306 3305/1/3305 3307/1/3307 3308/1/3308 
f 3268/1/3268 3307/1/3307 3305/1/3305 3266/1/3266 
f 3270/1/3270 3309/1/3309 3307/1/3307 3268/1/3268 
f 3308/1/3308 3307/1/3307 3309/1/3309 3310/1/3310 
f 3311/1/3311 3312/1/3312 3313/1/3313 3314/1/3314 
f 3315/1/3315 3313/1/3313 3312/1/3312 3316/1/3316 
f 3275/1/3275 3317/1/3317 3313/1/3313 3315/1/3315 
f 3314/1/3314 3313/1/3313 3317/1/3317 3318/1/3318 
f 3318/1/3318 3317/1/3317 3319/1/3319 3320/1/3320 
f 3278/1/3278 3319/1/3319 3317/1/3317 3275/1/3275 
f 3282/1/3282 3321/1/3321 3319/1/3319 3278/1/3278 
f 3320/1/3320 3319/1/3319 3321/1/3321 3322/1/3322 
f 3322/1/3322 3321/1/3321 3323/1/3323 3324/1/3324 
f 3284/1/3284 3323/1/3323 3321/1/3321 3282/1/3282 
f 3286/1/3286 3325/1/3325 3323/1/3323 3284/1/3284 
f 3324/1/3324 3323/1/3323 3325/1/3325 3326/1/3326 
f 3326/1/3326 3325/1/3325 3327/1/3327 3328/1/3328 
f 3288/1/3288 3327/1/3327 3325/1/3325 3286/1/3286 
f 3290/1/3290 3329/1/3329 3327/1/3327 3288/1/3288 
f 3328/1/3328 3327/1/3327 3329/1/3329 3330/1/3330 
f 3330/1/3330 3329/1/3329 3331/1/3331 3332/1/3332 
f 3292/1/3292 3331/1/3331 3329/1/3329 3290/1/3290 
f 3294/1/3294 3333/1/3333 3331/1/3331 3292/1/3292 
f 3332/1/3332 3331/1/3331 3333/1/3333 3334/1/3334 
f 3334/1/3334 3333/1/3333 3335/1/3335 3336/1/3336 
f 3296/1/3296 3335/1/3335 3333/1/3333 3294/1/3294 
f 3298/1/3298 3337/1/3337 3335/1/3335 3296/1/3296 
f 3336/1/3336 3335/1/3335 3337/1/3337 3338/1/3338 
f 3338/1/3338 3337/1/3337 3339/1/3339 3340/1/3340 
f 3300/1/3300 3339/1/3339 3337/1/3337 3298/1/3298 
f 3302/1/3302 3341/1/3341 3339/1/3339 3300/1/3300 
f 3340/1/3340 3339/1/3339 3341/1/3341 3342/1/3342 
f 3342/1/3342 3341/1/3341 3343/1/3343 3344/1/3344 
f 3304/1/3304 3343/1/3343 3341/1/3341 3302/1/3302 
f 3306/1/3306 3345/1/3345 3343/1/3343 3304/1/3304 
f 3344/1/3344 3343/1/3343 3345/1/3345 3346/1/3346 
f 3346/1/3346 3345/1/3345 3347/1/3347 3348/1/3348 
f 3308/1/3308 3347/1/3347 3345/1/3345 3306/1/3306 
f 3310/1/3310 3349/1/3349 3347/1/3347 3308/1/3308 
f 3348/1/3348 3347/1/3347 3349/1/3349 3350/1/3350 
f 3351/1/3351 3352/1/3352 3353/1/3353 3354/1/3354 
f 3060/1/3060 3352/1/3352 3351/1/3351 3057/1/3057 
f 3010/1/3010 3355/1/3355 3352/1/3352 3060/1/3060 
f 3353/1/3353 3352/1/3352 3355/1/3355 3356/1/3356 
f 3357/1/3357 3358/1/3358 3009/1/3009 
f 3005/1/3005 2980/1/2980 2977/1/2977 
f 2976/1/2976 3359/1/3359 3357/1/3357 2977/1/2977 
f 3358/1/3358 3357/1/3357 3359/1/3359 3360/1/3360 
f 2976/1/2976 2992/1/2992 3361/1/3361 3359/1/3359 
f 3362/1/3362 3361/1/3361 2992/1/2992 2991/1/2991 
f 3363/1/3363 3364/1/3364 3361/1/3361 3362/1/3362 
f 3359/1/3359 3361/1/3361 3364/1/3364 3360/1/3360 
f 3363/1/3363 3365/1/3365 3366/1/3366 3364/1/3364 
f 3367/1/3367 3366/1/3366 3365/1/3365 3368/1/3368 
f 3369/1/3369 3370/1/3370 3366/1/3366 3367/1/3367 
f 3370/1/3370 3360/1/3360 3364/1/3364 
f 3356/1/3356 3355/1/3355 3371/1/3371 3372/1/3372 
f 3008/1/3008 3371/1/3371 3355/1/3355 3010/1/3010 
f 3009/1/3009 3358/1/3358 3371/1/3371 3008/1/3008 
f 3372/1/3372 3371/1/3371 3358/1/3358 3360/1/3360 
f 3369/1/3369 3373/1/3373 3374/1/3374 3370/1/3370 
f 3373/1/3373 3356/1/3356 3372/1/3372 
f 3372/1/3372 3360/1/3360 3370/1/3370 
f 3375/1/3375 3376/1/3376 3377/1/3377 3378/1/3378 
f 3379/1/3379 3377/1/3377 3376/1/3376 3380/1/3380 
f 3381/1/3381 3382/1/3382 3377/1/3377 3379/1/3379 
f 3378/1/3378 3377/1/3377 3382/1/3382 3383/1/3383 
f 3383/1/3383 3382/1/3382 3384/1/3384 3385/1/3385 
f 3386/1/3386 3384/1/3384 3382/1/3382 3381/1/3381 
f 3387/1/3387 3388/1/3388 3384/1/3384 3386/1/3386 
f 3385/1/3385 3384/1/3384 3388/1/3388 3389/1/3389 
f 3390/1/3390 3391/1/3391 3392/1/3392 3393/1/3393 
f 3394/1/3394 3392/1/3392 3391/1/3391 3395/1/3395 
f 3389/1/3389 3388/1/3388 3392/1/3392 3394/1/3394 
f 3393/1/3393 3392/1/3392 3388/1/3388 3387/1/3387 
f 3395/1/3395 3391/1/3391 3396/1/3396 3397/1/3397 
f 3398/1/3398 3396/1/3396 3391/1/3391 3390/1/3390 
f 3399/1/3399 3400/1/3400 3396/1/3396 3398/1/3398 
f 3397/1/3397 3396/1/3396 3400/1/3400 3401/1/3401 
f 3402/1/3402 3403/1/3403 3404/1/3404 3405/1/3405 
f 3406/1/3406 3404/1/3404 3403/1/3403 3401/1/3401 
f 3407/1/3407 3408/1/3408 3404/1/3404 3406/1/3406 
f 3405/1/3405 3404/1/3404 3408/1/3408 3409/1/3409 
f 3410/1/3410 3411/1/3411 3412/1/3412 3413/1/3413 
f 3411/1/3411 3407/1/3407 3406/1/3406 
f 3401/1/3401 3400/1/3400 3412/1/3412 3406/1/3406 
f 3413/1/3413 3412/1/3412 3400/1/3400 3399/1/3399 
f 3414/1/3414 3415/1/3415 3416/1/3416 3417/1/3417 
f 3351/1/3351 3416/1/3416 3415/1/3415 3057/1/3057 
f 3354/1/3354 3418/1/3418 3416/1/3416 3351/1/3351 
f 3417/1/3417 3416/1/3416 3418/1/3418 3419/1/3419 
f 3420/1/3420 3421/1/3421 3422/1/3422 3423/1/3423 
f 3058/1/3058 3422/1/3422 3421/1/3421 3061/1/3061 
f 3057/1/3057 3415/1/3415 3422/1/3422 3058/1/3058 
f 3423/1/3423 3422/1/3422 3415/1/3415 3414/1/3414 
f 3096/1/3096 3424/1/3424 3425/1/3425 3095/1/3095 
f 3426/1/3426 3425/1/3425 3424/1/3424 3427/1/3427 
f 3428/1/3428 3429/1/3429 3425/1/3425 3426/1/3426 
f 3095/1/3095 3425/1/3425 3429/1/3429 3097/1/3097 
f 3097/1/3097 3429/1/3429 3430/1/3430 3100/1/3100 
f 3431/1/3431 3430/1/3430 3429/1/3429 3428/1/3428 
f 3432/1/3432 3430/1/3430 3431/1/3431 3433/1/3433 
f 3100/1/3100 3430/1/3430 3432/1/3432 3101/1/3101 
f 3220/1/3220 3217/1/3217 3434/1/3434 3435/1/3435 
f 3109/1/3109 3434/1/3434 3217/1/3217 3110/1/3110 
f 3101/1/3101 3432/1/3432 3434/1/3434 3109/1/3109 
f 3435/1/3435 3434/1/3434 3432/1/3432 3433/1/3433 
f 3096/1/3096 3093/1/3093 3436/1/3436 3437/1/3437 
f 3421/1/3421 3436/1/3436 3093/1/3093 3061/1/3061 
f 3420/1/3420 3438/1/3438 3436/1/3436 3421/1/3421 
f 3438/1/3438 3439/1/3439 3437/1/3437 
f 3440/1/3440 3441/1/3441 3442/1/3442 
f 3417/1/3417 3440/1/3440 3443/1/3443 3414/1/3414 
f 3419/1/3419 3444/1/3444 3440/1/3440 3417/1/3417 
f 3441/1/3441 3440/1/3440 3444/1/3444 3445/1/3445 
f 3439/1/3439 3438/1/3438 3446/1/3446 3447/1/3447 
f 3423/1/3423 3446/1/3446 3438/1/3438 3420/1/3420 
f 3414/1/3414 3443/1/3443 3446/1/3446 3423/1/3423 
f 3443/1/3443 3442/1/3442 3447/1/3447 
f 3427/1/3427 3424/1/3424 3448/1/3448 3449/1/3449 
f 3437/1/3437 3448/1/3448 3424/1/3424 3096/1/3096 
f 3437/1/3437 3439/1/3439 3449/1/3449 
f 3450/1/3450 3451/1/3451 3452/1/3452 3453/1/3453 
f 3426/1/3426 3452/1/3452 3451/1/3451 3428/1/3428 
f 3427/1/3427 3454/1/3454 3452/1/3452 3426/1/3426 
f 3453/1/3453 3452/1/3452 3454/1/3454 3455/1/3455 
f 3455/1/3455 3454/1/3454 3456/1/3456 3457/1/3457 
f 3449/1/3449 3456/1/3456 3454/1/3454 3427/1/3427 
f 3439/1/3439 3458/1/3458 3456/1/3456 3449/1/3449 
f 3457/1/3457 3456/1/3456 3458/1/3458 3459/1/3459 
f 3460/1/3460 3461/1/3461 3459/1/3459 
f 3458/1/3458 3439/1/3439 3447/1/3447 
f 3460/1/3460 3447/1/3447 3442/1/3442 
f 3462/1/3462 3463/1/3463 3461/1/3461 
f 3464/1/3464 3465/1/3465 3463/1/3463 
f 3442/1/3442 3466/1/3466 3464/1/3464 3462/1/3462 
f 3465/1/3465 3464/1/3464 3466/1/3466 3467/1/3467 
f 3468/1/3468 3469/1/3469 3467/1/3467 
f 3441/1/3441 3468/1/3468 3466/1/3466 3442/1/3442 
f 3445/1/3445 3470/1/3470 3468/1/3468 3441/1/3441 
f 3470/1/3470 3471/1/3471 3469/1/3469 
f 3472/1/3472 3473/1/3473 3474/1/3474 3475/1/3475 
f 3465/1/3465 3474/1/3474 3473/1/3473 3463/1/3463 
f 3474/1/3474 3465/1/3465 3467/1/3467 
f 3476/1/3476 3477/1/3477 3475/1/3475 
f 3478/1/3478 3479/1/3479 3480/1/3480 3481/1/3481 
f 3461/1/3461 3480/1/3480 3479/1/3479 3459/1/3459 
f 3463/1/3463 3473/1/3473 3480/1/3480 3461/1/3461 
f 3481/1/3481 3480/1/3480 3473/1/3473 3472/1/3472 
f 3482/1/3482 3483/1/3483 3484/1/3484 3485/1/3485 
f 3457/1/3457 3484/1/3484 3483/1/3483 3455/1/3455 
f 3459/1/3459 3479/1/3479 3484/1/3484 3457/1/3457 
f 3485/1/3485 3484/1/3484 3479/1/3479 3478/1/3478 
f 3486/1/3486 3487/1/3487 3488/1/3488 3489/1/3489 
f 3450/1/3450 3453/1/3453 3487/1/3487 3486/1/3486 
f 3455/1/3455 3483/1/3483 3487/1/3487 3453/1/3453 
f 3488/1/3488 3487/1/3487 3483/1/3483 3482/1/3482 
f 3490/1/3490 3491/1/3491 3492/1/3492 3493/1/3493 
f 3470/1/3470 3492/1/3492 3491/1/3491 3471/1/3471 
f 3494/1/3494 3492/1/3492 3470/1/3470 3445/1/3445 
f 3493/1/3493 3492/1/3492 3494/1/3494 3495/1/3495 
f 3380/1/3380 3496/1/3496 3497/1/3497 3379/1/3379 
f 3498/1/3498 3497/1/3497 3496/1/3496 3499/1/3499 
f 3500/1/3500 3501/1/3501 3497/1/3497 3498/1/3498 
f 3379/1/3379 3497/1/3497 3501/1/3501 3381/1/3381 
f 3502/1/3502 3503/1/3503 3504/1/3504 3505/1/3505 
f 3493/1/3493 3504/1/3504 3503/1/3503 3490/1/3490 
f 3495/1/3495 3506/1/3506 3504/1/3504 3493/1/3493 
f 3505/1/3505 3504/1/3504 3506/1/3506 3507/1/3507 
f 3499/1/3499 3508/1/3508 3509/1/3509 3498/1/3498 
f 3505/1/3505 3509/1/3509 3508/1/3508 3502/1/3502 
f 3507/1/3507 3510/1/3510 3509/1/3509 3505/1/3505 
f 3498/1/3498 3509/1/3509 3510/1/3510 3500/1/3500 
f 3445/1/3445 3444/1/3444 3511/1/3511 3494/1/3494 
f 3512/1/3512 3511/1/3511 3444/1/3444 3419/1/3419 
f 3513/1/3513 3514/1/3514 3511/1/3511 3512/1/3512 
f 3494/1/3494 3511/1/3511 3514/1/3514 3495/1/3495 
f 3515/1/3515 3516/1/3516 3517/1/3517 3518/1/3518 
f 3386/1/3386 3517/1/3517 3516/1/3516 3387/1/3387 
f 3381/1/3381 3501/1/3501 3517/1/3517 3386/1/3386 
f 3518/1/3518 3517/1/3517 3501/1/3501 3500/1/3500 
f 3495/1/3495 3514/1/3514 3519/1/3519 3506/1/3506 
f 3520/1/3520 3519/1/3519 3514/1/3514 3513/1/3513 
f 3521/1/3521 3522/1/3522 3519/1/3519 3520/1/3520 
f 3506/1/3506 3519/1/3519 3522/1/3522 3507/1/3507 
f 3515/1/3515 3518/1/3518 3523/1/3523 3524/1/3524 
f 3510/1/3510 3523/1/3523 3518/1/3518 3500/1/3500 
f 3507/1/3507 3522/1/3522 3523/1/3523 3510/1/3510 
f 3524/1/3524 3523/1/3523 3522/1/3522 3521/1/3521 
f 3419/1/3419 3418/1/3418 3525/1/3525 3512/1/3512 
f 3526/1/3526 3525/1/3525 3418/1/3418 3354/1/3354 
f 3525/1/3525 3526/1/3526 3527/1/3527 
f 3528/1/3528 3513/1/3513 3512/1/3512 
f 3387/1/3387 3516/1/3516 3529/1/3529 3393/1/3393 
f 3530/1/3530 3529/1/3529 3516/1/3516 3515/1/3515 
f 3531/1/3531 3532/1/3532 3529/1/3529 3530/1/3530 
f 3393/1/3393 3529/1/3529 3532/1/3532 3390/1/3390 
f 3533/1/3533 3520/1/3520 3513/1/3513 
f 3528/1/3528 3527/1/3527 3534/1/3534 
f 3535/1/3535 3536/1/3536 3533/1/3533 3534/1/3534 
f 3520/1/3520 3533/1/3533 3536/1/3536 3521/1/3521 
f 3531/1/3531 3530/1/3530 3537/1/3537 3538/1/3538 
f 3524/1/3524 3537/1/3537 3530/1/3530 3515/1/3515 
f 3521/1/3521 3536/1/3536 3537/1/3537 3524/1/3524 
f 3538/1/3538 3537/1/3537 3536/1/3536 3535/1/3535 
f 3398/1/3398 3539/1/3539 3540/1/3540 3399/1/3399 
f 3390/1/3390 3532/1/3532 3539/1/3539 3398/1/3398 
f 3531/1/3531 3541/1/3541 3539/1/3539 3532/1/3532 
f 3540/1/3540 3539/1/3539 3541/1/3541 3542/1/3542 
f 3354/1/3354 3353/1/3353 3543/1/3543 3526/1/3526 
f 3544/1/3544 3543/1/3543 3353/1/3353 3356/1/3356 
f 3543/1/3543 3544/1/3544 3545/1/3545 
f 3546/1/3546 3527/1/3527 3526/1/3526 
f 3527/1/3527 3546/1/3546 3547/1/3547 3534/1/3534 
f 3548/1/3548 3547/1/3547 3546/1/3546 3545/1/3545 
f 3549/1/3549 3550/1/3550 3547/1/3547 3548/1/3548 
f 3534/1/3534 3547/1/3547 3550/1/3550 3535/1/3535 
f 3542/1/3542 3541/1/3541 3551/1/3551 3552/1/3552 
f 3538/1/3538 3551/1/3551 3541/1/3541 3531/1/3531 
f 3535/1/3535 3550/1/3550 3551/1/3551 3538/1/3538 
f 3552/1/3552 3551/1/3551 3550/1/3550 3549/1/3549 
f 3413/1/3413 3553/1/3553 3554/1/3554 3410/1/3410 
f 3399/1/3399 3540/1/3540 3553/1/3553 3413/1/3413 
f 3542/1/3542 3555/1/3555 3553/1/3553 3540/1/3540 
f 3554/1/3554 3553/1/3553 3555/1/3555 3556/1/3556 
f 3557/1/3557 3558/1/3558 3559/1/3559 
f 3544/1/3544 3557/1/3557 3560/1/3560 3545/1/3545 
f 3557/1/3557 3544/1/3544 3356/1/3356 
f 3558/1/3558 3557/1/3557 3373/1/3373 3369/1/3369 
f 3556/1/3556 3555/1/3555 3561/1/3561 3562/1/3562 
f 3552/1/3552 3561/1/3561 3555/1/3555 3542/1/3542 
f 3561/1/3561 3552/1/3552 3549/1/3549 
f 3562/1/3562 3561/1/3561 3563/1/3563 3564/1/3564 
f 3564/1/3564 3563/1/3563 3565/1/3565 3566/1/3566 
f 3548/1/3548 3565/1/3565 3563/1/3563 3549/1/3549 
f 3545/1/3545 3560/1/3560 3565/1/3565 3548/1/3548 
f 3566/1/3566 3565/1/3565 3560/1/3560 3559/1/3559 
f 3280/1/3280 3276/1/3276 3567/1/3567 3568/1/3568 
f 3315/1/3315 3567/1/3567 3276/1/3276 3275/1/3275 
f 3316/1/3316 3569/1/3569 3567/1/3567 3315/1/3315 
f 3568/1/3568 3567/1/3567 3569/1/3569 3570/1/3570 
f 3571/1/3571 3572/1/3572 3573/1/3573 
f 3028/1/3028 3571/1/3571 3574/1/3574 3025/1/3025 
f 3571/1/3571 3028/1/3028 3030/1/3030 
f 3572/1/3572 3571/1/3571 3128/1/3128 3127/1/3127 
f 3568/1/3568 3575/1/3575 3576/1/3576 3280/1/3280 
f 3570/1/3570 3577/1/3577 3575/1/3575 3568/1/3568 
f 3578/1/3578 3575/1/3575 3577/1/3577 3579/1/3579 
f 3580/1/3580 3576/1/3576 3575/1/3575 3578/1/3578 
f 3133/1/3133 3136/1/3136 3581/1/3581 3582/1/3582 
f 3138/1/3138 3148/1/3148 3581/1/3581 3136/1/3136 
f 3583/1/3583 3581/1/3581 3148/1/3148 3147/1/3147 
f 3582/1/3582 3581/1/3581 3583/1/3583 3580/1/3580 
f 3580/1/3580 3584/1/3584 3585/1/3585 3582/1/3582 
f 3572/1/3572 3585/1/3585 3584/1/3584 3573/1/3573 
f 3127/1/3127 3134/1/3134 3585/1/3585 3572/1/3572 
f 3582/1/3582 3585/1/3585 3134/1/3134 3133/1/3133 
f 3579/1/3579 3586/1/3586 3587/1/3587 3578/1/3578 
f 3573/1/3573 3584/1/3584 3587/1/3587 3586/1/3586 
f 3578/1/3578 3587/1/3587 3584/1/3584 3580/1/3580 
f 3147/1/3147 3242/1/3242 3588/1/3588 3583/1/3583 
f 3279/1/3279 3588/1/3588 3242/1/3242 3241/1/3241 
f 3280/1/3280 3576/1/3576 3588/1/3588 3279/1/3279 
f 3583/1/3583 3588/1/3588 3576/1/3576 3580/1/3580 
f 3428/1/3428 3451/1/3451 3589/1/3589 3431/1/3431 
f 3451/1/3451 3450/1/3450 3590/1/3590 
f 3591/1/3591 3592/1/3592 3589/1/3589 3590/1/3590 
f 3431/1/3431 3589/1/3589 3592/1/3592 3433/1/3433 
f 3590/1/3590 3593/1/3593 3594/1/3594 3591/1/3591 
f 3486/1/3486 3593/1/3593 3590/1/3590 3450/1/3450 
f 3489/1/3489 3595/1/3595 3593/1/3593 3486/1/3486 
f 3596/1/3596 3594/1/3594 3593/1/3593 3595/1/3595 
f 3597/1/3597 3596/1/3596 3595/1/3595 
f 3598/1/3598 3599/1/3599 3595/1/3595 3489/1/3489 
f 3600/1/3600 3597/1/3597 3599/1/3599 
f 3601/1/3601 3602/1/3602 3600/1/3600 
f 3489/1/3489 3488/1/3488 3601/1/3601 3598/1/3598 
f 3482/1/3482 3603/1/3603 3601/1/3601 3488/1/3488 
f 3603/1/3603 3604/1/3604 3602/1/3602 
f 3604/1/3604 3603/1/3603 3605/1/3605 3606/1/3606 
f 3485/1/3485 3605/1/3605 3603/1/3603 3482/1/3482 
f 3478/1/3478 3607/1/3607 3605/1/3605 3485/1/3485 
f 3606/1/3606 3605/1/3605 3607/1/3607 3608/1/3608 
f 3608/1/3608 3607/1/3607 3609/1/3609 3610/1/3610 
f 3481/1/3481 3609/1/3609 3607/1/3607 3478/1/3478 
f 3472/1/3472 3611/1/3611 3609/1/3609 3481/1/3481 
f 3610/1/3610 3609/1/3609 3611/1/3611 3612/1/3612 
f 3612/1/3612 3611/1/3611 3613/1/3613 3614/1/3614 
f 3475/1/3475 3613/1/3613 3611/1/3611 3472/1/3472 
f 3477/1/3477 3615/1/3615 3613/1/3613 3475/1/3475 
f 3614/1/3614 3613/1/3613 3615/1/3615 3616/1/3616 
f 3617/1/3617 3618/1/3618 3619/1/3619 3620/1/3620 
f 3614/1/3614 3618/1/3618 3617/1/3617 3612/1/3612 
f 3616/1/3616 3619/1/3619 3618/1/3618 3614/1/3614 
f 3621/1/3621 3622/1/3622 3623/1/3623 3624/1/3624 
f 3610/1/3610 3623/1/3623 3622/1/3622 3608/1/3608 
f 3612/1/3612 3617/1/3617 3623/1/3623 3610/1/3610 
f 3624/1/3624 3623/1/3623 3617/1/3617 3620/1/3620 
f 3625/1/3625 3626/1/3626 3627/1/3627 3628/1/3628 
f 3606/1/3606 3627/1/3627 3626/1/3626 3604/1/3604 
f 3608/1/3608 3622/1/3622 3627/1/3627 3606/1/3606 
f 3628/1/3628 3627/1/3627 3622/1/3622 3621/1/3621 
f 3602/1/3602 3629/1/3629 3630/1/3630 3600/1/3600 
f 3604/1/3604 3626/1/3626 3629/1/3629 3602/1/3602 
f 3625/1/3625 3631/1/3631 3629/1/3629 3626/1/3626 
f 3630/1/3630 3629/1/3629 3631/1/3631 3632/1/3632 
f 3633/1/3633 3634/1/3634 3635/1/3635 
f 3596/1/3596 3597/1/3597 3636/1/3636 3635/1/3635 
f 3600/1/3600 3630/1/3630 3636/1/3636 3597/1/3597 
f 3632/1/3632 3633/1/3633 3636/1/3636 3630/1/3630 
f 3591/1/3591 3594/1/3594 3637/1/3637 3638/1/3638 
f 3635/1/3635 3637/1/3637 3594/1/3594 3596/1/3596 
f 3637/1/3637 3635/1/3635 3634/1/3634 
f 3639/1/3639 3640/1/3640 3638/1/3638 
f 3641/1/3641 3642/1/3642 3643/1/3643 
f 3592/1/3592 3641/1/3641 3644/1/3644 3433/1/3433 
f 3638/1/3638 3641/1/3641 3592/1/3592 3591/1/3591 
f 3640/1/3640 3642/1/3642 3641/1/3641 3638/1/3638 
f 3645/1/3645 3435/1/3435 3433/1/3433 
f 3644/1/3644 3643/1/3643 3646/1/3646 
f 3647/1/3647 3648/1/3648 3645/1/3645 3646/1/3646 
f 3648/1/3648 3220/1/3220 3435/1/3435 
f 3220/1/3220 3648/1/3648 3649/1/3649 3219/1/3219 
f 3650/1/3650 3649/1/3649 3648/1/3648 3647/1/3647 
f 3651/1/3651 3652/1/3652 3649/1/3649 3650/1/3650 
f 3219/1/3219 3649/1/3649 3652/1/3652 3221/1/3221 
f 3221/1/3221 3652/1/3652 3653/1/3653 3224/1/3224 
f 3654/1/3654 3653/1/3653 3652/1/3652 3651/1/3651 
f 3653/1/3653 3654/1/3654 3655/1/3655 
f 3224/1/3224 3653/1/3653 3656/1/3656 3225/1/3225 
f 3238/1/3238 3235/1/3235 3657/1/3657 3658/1/3658 
f 3228/1/3228 3657/1/3657 3235/1/3235 3229/1/3229 
f 3225/1/3225 3656/1/3656 3657/1/3657 3228/1/3228 
f 3658/1/3658 3657/1/3657 3656/1/3656 3655/1/3655 
f 3659/1/3659 3660/1/3660 3661/1/3661 
f 3662/1/3662 3663/1/3663 3661/1/3661 3664/1/3664 
f 3665/1/3665 3659/1/3659 3663/1/3663 3662/1/3662 
f 3655/1/3655 3666/1/3666 3667/1/3667 3658/1/3658 
f 3668/1/3668 3667/1/3667 3666/1/3666 3660/1/3660 
f 3669/1/3669 3670/1/3670 3667/1/3667 3668/1/3668 
f 3658/1/3658 3667/1/3667 3670/1/3670 3238/1/3238 
f 3238/1/3238 3670/1/3670 3671/1/3671 3237/1/3237 
f 3672/1/3672 3671/1/3671 3670/1/3670 3669/1/3669 
f 3673/1/3673 3674/1/3674 3671/1/3671 3672/1/3672 
f 3237/1/3237 3671/1/3671 3674/1/3674 3239/1/3239 
f 3239/1/3239 3674/1/3674 3675/1/3675 3676/1/3676 
f 3677/1/3677 3675/1/3675 3674/1/3674 3673/1/3673 
f 3678/1/3678 3679/1/3679 3675/1/3675 3677/1/3677 
f 3676/1/3676 3675/1/3675 3679/1/3679 3680/1/3680 
f 3681/1/3681 3682/1/3682 3680/1/3680 
f 3681/1/3681 3679/1/3679 3678/1/3678 
f 3683/1/3683 3681/1/3681 3684/1/3684 3685/1/3685 
f 3686/1/3686 3682/1/3682 3681/1/3681 3683/1/3683 
f 3687/1/3687 3688/1/3688 3689/1/3689 3690/1/3690 
f 3126/1/3126 3689/1/3689 3688/1/3688 3123/1/3123 
f 3122/1/3122 3234/1/3234 3689/1/3689 3126/1/3126 
f 3690/1/3690 3689/1/3689 3234/1/3234 3233/1/3233 
f 3233/1/3233 3240/1/3240 3691/1/3691 3690/1/3690 
f 3240/1/3240 3239/1/3239 3676/1/3676 
f 3691/1/3691 3676/1/3676 3680/1/3680 
f 3690/1/3690 3691/1/3691 3692/1/3692 3687/1/3687 
f 3687/1/3687 3692/1/3692 3693/1/3693 3694/1/3694 
f 3682/1/3682 3693/1/3693 3692/1/3692 3680/1/3680 
f 3686/1/3686 3695/1/3695 3693/1/3693 3682/1/3682 
f 3694/1/3694 3693/1/3693 3695/1/3695 3696/1/3696 
f 3088/1/3088 3124/1/3124 3697/1/3697 3090/1/3090 
f 3698/1/3698 3697/1/3697 3124/1/3124 3123/1/3123 
f 3697/1/3697 3698/1/3698 3699/1/3699 3700/1/3700 
f 3092/1/3092 3090/1/3090 3697/1/3697 3700/1/3700 
f 3123/1/3123 3688/1/3688 3701/1/3701 3698/1/3698 
f 3694/1/3694 3701/1/3701 3688/1/3688 3687/1/3687 
f 3696/1/3696 3702/1/3702 3701/1/3701 3694/1/3694 
f 3698/1/3698 3701/1/3701 3702/1/3702 3699/1/3699 
f 3696/1/3696 3703/1/3703 3704/1/3704 3702/1/3702 
f 3705/1/3705 3706/1/3706 3704/1/3704 3703/1/3703 
f 3699/1/3699 3702/1/3702 3704/1/3704 3706/1/3706 
f 3686/1/3686 3707/1/3707 3708/1/3708 3695/1/3695 
f 3709/1/3709 3708/1/3708 3707/1/3707 3710/1/3710 
f 3705/1/3705 3703/1/3703 3708/1/3708 3709/1/3709 
f 3695/1/3695 3708/1/3708 3703/1/3703 3696/1/3696 
f 3711/1/3711 3668/1/3668 3660/1/3660 
f 3659/1/3659 3665/1/3665 3712/1/3712 
f 3713/1/3713 3714/1/3714 3711/1/3711 3712/1/3712 
f 3668/1/3668 3711/1/3711 3714/1/3714 3669/1/3669 
f 3715/1/3715 3716/1/3716 3717/1/3717 3718/1/3718 
f 3719/1/3719 3717/1/3717 3716/1/3716 3720/1/3720 
f 3721/1/3721 3722/1/3722 3717/1/3717 3719/1/3719 
f 3718/1/3718 3717/1/3717 3722/1/3722 3665/1/3665 
f 3713/1/3713 3712/1/3712 3723/1/3723 3724/1/3724 
f 3712/1/3712 3665/1/3665 3722/1/3722 
f 3724/1/3724 3723/1/3723 3722/1/3722 3721/1/3721 
f 3669/1/3669 3714/1/3714 3725/1/3725 3672/1/3672 
f 3726/1/3726 3725/1/3725 3714/1/3714 3713/1/3713 
f 3727/1/3727 3728/1/3728 3725/1/3725 3726/1/3726 
f 3672/1/3672 3725/1/3725 3728/1/3728 3673/1/3673 
f 3727/1/3727 3726/1/3726 3729/1/3729 3730/1/3730 
f 3724/1/3724 3729/1/3729 3726/1/3726 3713/1/3713 
f 3721/1/3721 3731/1/3731 3729/1/3729 3724/1/3724 
f 3730/1/3730 3729/1/3729 3731/1/3731 3732/1/3732 
f 3732/1/3732 3731/1/3731 3733/1/3733 3734/1/3734 
f 3719/1/3719 3733/1/3733 3731/1/3731 3721/1/3721 
f 3720/1/3720 3735/1/3735 3733/1/3733 3719/1/3719 
f 3734/1/3734 3733/1/3733 3735/1/3735 3736/1/3736 
f 3737/1/3737 3677/1/3677 3673/1/3673 
f 3738/1/3738 3737/1/3737 3728/1/3728 3727/1/3727 
f 3739/1/3739 3737/1/3737 3738/1/3738 3740/1/3740 
f 3678/1/3678 3677/1/3677 3737/1/3737 3739/1/3739 
f 3740/1/3740 3738/1/3738 3741/1/3741 3742/1/3742 
f 3730/1/3730 3741/1/3741 3738/1/3738 3727/1/3727 
f 3732/1/3732 3743/1/3743 3741/1/3741 3730/1/3730 
f 3742/1/3742 3741/1/3741 3743/1/3743 3744/1/3744 
f 3744/1/3744 3743/1/3743 3745/1/3745 3746/1/3746 
f 3734/1/3734 3745/1/3745 3743/1/3743 3732/1/3732 
f 3736/1/3736 3747/1/3747 3745/1/3745 3734/1/3734 
f 3746/1/3746 3745/1/3745 3747/1/3747 3748/1/3748 
f 3749/1/3749 3716/1/3716 3715/1/3715 3750/1/3750 
f 3751/1/3751 3749/1/3749 3750/1/3750 3752/1/3752 
f 3753/1/3753 3754/1/3754 3749/1/3749 3751/1/3751 
f 3720/1/3720 3716/1/3716 3749/1/3749 3754/1/3754 
f 3754/1/3754 3755/1/3755 3735/1/3735 3720/1/3720 
f 3756/1/3756 3755/1/3755 3754/1/3754 3753/1/3753 
f 3757/1/3757 3758/1/3758 3755/1/3755 3756/1/3756 
f 3735/1/3735 3755/1/3755 3758/1/3758 3736/1/3736 
f 3736/1/3736 3758/1/3758 3759/1/3759 3747/1/3747 
f 3760/1/3760 3759/1/3759 3758/1/3758 3757/1/3757 
f 3761/1/3761 3762/1/3762 3759/1/3759 3760/1/3760 
f 3747/1/3747 3759/1/3759 3762/1/3762 3748/1/3748 
f 3748/1/3748 3762/1/3762 3763/1/3763 3764/1/3764 
f 3765/1/3765 3763/1/3763 3762/1/3762 3761/1/3761 
f 3766/1/3766 3767/1/3767 3763/1/3763 3765/1/3765 
f 3764/1/3764 3763/1/3763 3767/1/3767 3768/1/3768 
f 3761/1/3761 3769/1/3769 3770/1/3770 3765/1/3765 
f 3771/1/3771 3770/1/3770 3769/1/3769 3772/1/3772 
f 3773/1/3773 3774/1/3774 3770/1/3770 3771/1/3771 
f 3765/1/3765 3770/1/3770 3774/1/3774 3766/1/3766 
f 3775/1/3775 3664/1/3664 3776/1/3776 
f 3776/1/3776 3777/1/3777 3778/1/3778 
f 3779/1/3779 3775/1/3775 3780/1/3780 3778/1/3778 
f 3664/1/3664 3775/1/3775 3781/1/3781 3662/1/3662 
f 3782/1/3782 3781/1/3781 3775/1/3775 3779/1/3779 
f 3783/1/3783 3784/1/3784 3781/1/3781 3782/1/3782 
f 3662/1/3662 3781/1/3781 3784/1/3784 3665/1/3665 
f 3752/1/3752 3750/1/3750 3785/1/3785 3786/1/3786 
f 3718/1/3718 3785/1/3785 3750/1/3750 3715/1/3715 
f 3665/1/3665 3784/1/3784 3785/1/3785 3718/1/3718 
f 3786/1/3786 3785/1/3785 3784/1/3784 3783/1/3783 
f 3786/1/3786 3787/1/3787 3788/1/3788 3752/1/3752 
f 3789/1/3789 3787/1/3787 3786/1/3786 3783/1/3783 
f 3790/1/3790 3788/1/3788 3787/1/3787 3789/1/3789 
f 3752/1/3752 3788/1/3788 3791/1/3791 3751/1/3751 
f 3792/1/3792 3791/1/3791 3788/1/3788 3790/1/3790 
f 3793/1/3793 3794/1/3794 3791/1/3791 3792/1/3792 
f 3751/1/3751 3791/1/3791 3794/1/3794 3753/1/3753 
f 3753/1/3753 3794/1/3794 3795/1/3795 3756/1/3756 
f 3796/1/3796 3795/1/3795 3794/1/3794 3793/1/3793 
f 3797/1/3797 3798/1/3798 3795/1/3795 3796/1/3796 
f 3756/1/3756 3795/1/3795 3798/1/3798 3757/1/3757 
f 3772/1/3772 3769/1/3769 3799/1/3799 3800/1/3800 
f 3760/1/3760 3799/1/3799 3769/1/3769 3761/1/3761 
f 3757/1/3757 3798/1/3798 3799/1/3799 3760/1/3760 
f 3800/1/3800 3799/1/3799 3798/1/3798 3797/1/3797 
f 3777/1/3777 3801/1/3801 3802/1/3802 3778/1/3778 
f 3803/1/3803 3802/1/3802 3801/1/3801 3804/1/3804 
f 3805/1/3805 3806/1/3806 3802/1/3802 3803/1/3803 
f 3778/1/3778 3802/1/3802 3806/1/3806 3779/1/3779 
f 3779/1/3779 3806/1/3806 3807/1/3807 3782/1/3782 
f 3808/1/3808 3807/1/3807 3806/1/3806 3805/1/3805 
f 3809/1/3809 3810/1/3810 3807/1/3807 3808/1/3808 
f 3782/1/3782 3807/1/3807 3810/1/3810 3783/1/3783 
f 3811/1/3811 3812/1/3812 3813/1/3813 3814/1/3814 
f 3815/1/3815 3813/1/3813 3812/1/3812 3816/1/3816 
f 3815/1/3815 3809/1/3809 3808/1/3808 
f 3805/1/3805 3814/1/3814 3813/1/3813 3808/1/3808 
f 3783/1/3783 3810/1/3810 3817/1/3817 3789/1/3789 
f 3818/1/3818 3817/1/3817 3810/1/3810 3809/1/3809 
f 3819/1/3819 3820/1/3820 3817/1/3817 3818/1/3818 
f 3789/1/3789 3817/1/3817 3820/1/3820 3790/1/3790 
f 3818/1/3818 3821/1/3821 3822/1/3822 3819/1/3819 
f 3809/1/3809 3815/1/3815 3821/1/3821 3818/1/3818 
f 3816/1/3816 3823/1/3823 3821/1/3821 3815/1/3815 
f 3822/1/3822 3821/1/3821 3823/1/3823 3824/1/3824 
f 3790/1/3790 3820/1/3820 3825/1/3825 3792/1/3792 
f 3826/1/3826 3825/1/3825 3820/1/3820 3819/1/3819 
f 3827/1/3827 3828/1/3828 3825/1/3825 3826/1/3826 
f 3792/1/3792 3825/1/3825 3828/1/3828 3793/1/3793 
f 3829/1/3829 3830/1/3830 3831/1/3831 3832/1/3832 
f 3826/1/3826 3831/1/3831 3830/1/3830 3827/1/3827 
f 3819/1/3819 3822/1/3822 3831/1/3831 3826/1/3826 
f 3832/1/3832 3831/1/3831 3822/1/3822 3824/1/3824 
f 3793/1/3793 3828/1/3828 3833/1/3833 3796/1/3796 
f 3834/1/3834 3833/1/3833 3828/1/3828 3827/1/3827 
f 3835/1/3835 3836/1/3836 3833/1/3833 3834/1/3834 
f 3796/1/3796 3833/1/3833 3836/1/3836 3797/1/3797 
f 3837/1/3837 3838/1/3838 3839/1/3839 3840/1/3840 
f 3834/1/3834 3839/1/3839 3838/1/3838 3835/1/3835 
f 3827/1/3827 3830/1/3830 3839/1/3839 3834/1/3834 
f 3830/1/3830 3829/1/3829 3840/1/3840 
f 866/1/866 869/1/869 3841/1/3841 3842/1/3842 
f 3843/1/3843 3841/1/3841 869/1/869 874/1/874 
f 3844/1/3844 3845/1/3845 3841/1/3841 3843/1/3843 
f 3842/1/3842 3841/1/3841 3845/1/3845 3846/1/3846 
f 3847/1/3847 3848/1/3848 3849/1/3849 3850/1/3850 
f 3851/1/3851 3849/1/3849 3848/1/3848 3852/1/3852 
f 881/1/881 879/1/879 3849/1/3849 3851/1/3851 
f 3850/1/3850 3849/1/3849 879/1/879 880/1/880 
f 3853/1/3853 3854/1/3854 3855/1/3855 3856/1/3856 
f 3850/1/3850 3855/1/3855 3854/1/3854 3847/1/3847 
f 880/1/880 888/1/888 3855/1/3855 3850/1/3850 
f 3856/1/3856 3855/1/3855 888/1/888 889/1/889 
f 889/1/889 891/1/891 3857/1/3857 3856/1/3856 
f 3842/1/3842 3857/1/3857 891/1/891 866/1/866 
f 3846/1/3846 3858/1/3858 3857/1/3857 3842/1/3842 
f 3856/1/3856 3857/1/3857 3858/1/3858 3853/1/3853 
f 3852/1/3852 3848/1/3848 3859/1/3859 3860/1/3860 
f 3861/1/3861 3859/1/3859 3848/1/3848 3847/1/3847 
f 3862/1/3862 3863/1/3863 3859/1/3859 3861/1/3861 
f 3860/1/3860 3859/1/3859 3863/1/3863 3864/1/3864 
f 3865/1/3865 3866/1/3866 3867/1/3867 3868/1/3868 
f 3861/1/3861 3867/1/3867 3866/1/3866 3862/1/3862 
f 3847/1/3847 3854/1/3854 3867/1/3867 3861/1/3861 
f 3868/1/3868 3867/1/3867 3854/1/3854 3853/1/3853 
f 3853/1/3853 3858/1/3858 3869/1/3869 3868/1/3868 
f 3858/1/3858 3846/1/3846 3870/1/3870 
f 3871/1/3871 3872/1/3872 3869/1/3869 3870/1/3870 
f 3868/1/3868 3869/1/3869 3872/1/3872 3865/1/3865 
f 3864/1/3864 3863/1/3863 3873/1/3873 3874/1/3874 
f 3875/1/3875 3873/1/3873 3863/1/3863 3862/1/3862 
f 3876/1/3876 3877/1/3877 3873/1/3873 3875/1/3875 
f 3874/1/3874 3873/1/3873 3877/1/3877 3878/1/3878 
f 3804/1/3804 3801/1/3801 3879/1/3879 3880/1/3880 
f 3881/1/3881 3879/1/3879 3801/1/3801 3777/1/3777 
f 3882/1/3882 3883/1/3883 3879/1/3879 3881/1/3881 
f 3880/1/3880 3879/1/3879 3883/1/3883 3884/1/3884 
f 3878/1/3878 3877/1/3877 3885/1/3885 3886/1/3886 
f 3887/1/3887 3885/1/3885 3877/1/3877 3876/1/3876 
f 3888/1/3888 3889/1/3889 3885/1/3885 3887/1/3887 
f 3886/1/3886 3885/1/3885 3889/1/3889 3890/1/3890 
f 3891/1/3891 3892/1/3892 3893/1/3893 3894/1/3894 
f 3875/1/3875 3893/1/3893 3892/1/3892 3876/1/3876 
f 3862/1/3862 3866/1/3866 3893/1/3893 3875/1/3875 
f 3894/1/3894 3893/1/3893 3866/1/3866 3865/1/3865 
f 3888/1/3888 3887/1/3887 3895/1/3895 3896/1/3896 
f 3876/1/3876 3892/1/3892 3895/1/3895 3887/1/3887 
f 3895/1/3895 3892/1/3892 3891/1/3891 
f 3865/1/3865 3872/1/3872 3897/1/3897 3894/1/3894 
f 3898/1/3898 3897/1/3897 3872/1/3872 3871/1/3871 
f 3897/1/3897 3898/1/3898 3899/1/3899 
f 3894/1/3894 3897/1/3897 3900/1/3900 3891/1/3891 
f 3901/1/3901 3896/1/3896 3891/1/3891 
f 3900/1/3900 3899/1/3899 3902/1/3902 
f 3903/1/3903 3904/1/3904 3901/1/3901 3902/1/3902 
f 3904/1/3904 3888/1/3888 3896/1/3896 
f 3884/1/3884 3883/1/3883 3905/1/3905 3906/1/3906 
f 3907/1/3907 3905/1/3905 3883/1/3883 3882/1/3882 
f 3890/1/3890 3889/1/3889 3905/1/3905 3907/1/3907 
f 3906/1/3906 3905/1/3905 3889/1/3889 3888/1/3888 
f 3846/1/3846 3845/1/3845 3908/1/3908 3870/1/3870 
f 3909/1/3909 3908/1/3908 3845/1/3845 3844/1/3844 
f 3910/1/3910 3911/1/3911 3908/1/3908 3909/1/3909 
f 3870/1/3870 3908/1/3908 3911/1/3911 3871/1/3871 
f 3871/1/3871 3911/1/3911 3912/1/3912 3898/1/3898 
f 3911/1/3911 3910/1/3910 3913/1/3913 
f 3914/1/3914 3915/1/3915 3912/1/3912 3913/1/3913 
f 3898/1/3898 3912/1/3912 3915/1/3915 3899/1/3899 
f 3914/1/3914 3913/1/3913 3916/1/3916 3917/1/3917 
f 3913/1/3913 3910/1/3910 3918/1/3918 
f 3919/1/3919 3920/1/3920 3916/1/3916 3918/1/3918 
f 3917/1/3917 3916/1/3916 3920/1/3920 3921/1/3921 
f 3922/1/3922 3923/1/3923 3924/1/3924 3925/1/3925 
f 3906/1/3906 3924/1/3924 3923/1/3923 3884/1/3884 
f 3888/1/3888 3904/1/3904 3924/1/3924 3906/1/3906 
f 3925/1/3925 3924/1/3924 3904/1/3904 3903/1/3903 
f 3903/1/3903 3902/1/3902 3926/1/3926 3925/1/3925 
f 3915/1/3915 3926/1/3926 3902/1/3902 3899/1/3899 
f 3914/1/3914 3927/1/3927 3926/1/3926 3915/1/3915 
f 3925/1/3925 3926/1/3926 3927/1/3927 3922/1/3922 
f 3811/1/3811 3814/1/3814 3928/1/3928 3929/1/3929 
f 3803/1/3803 3928/1/3928 3814/1/3814 3805/1/3805 
f 3804/1/3804 3930/1/3930 3928/1/3928 3803/1/3803 
f 3929/1/3929 3928/1/3928 3930/1/3930 3931/1/3931 
f 3932/1/3932 3933/1/3933 3934/1/3934 3935/1/3935 
f 3933/1/3933 3922/1/3922 3927/1/3927 
f 3917/1/3917 3934/1/3934 3927/1/3927 3914/1/3914 
f 3917/1/3917 3921/1/3921 3935/1/3935 
f 3931/1/3931 3930/1/3930 3936/1/3936 3937/1/3937 
f 3930/1/3930 3804/1/3804 3880/1/3880 
f 3884/1/3884 3923/1/3923 3936/1/3936 3880/1/3880 
f 3937/1/3937 3936/1/3936 3923/1/3923 3922/1/3922 
f 3937/1/3937 3938/1/3938 3939/1/3939 3931/1/3931 
f 3922/1/3922 3933/1/3933 3938/1/3938 3937/1/3937 
f 3932/1/3932 3939/1/3939 3938/1/3938 3933/1/3933 
f 3940/1/3940 3941/1/3941 3942/1/3942 3943/1/3943 
f 3314/1/3314 3942/1/3942 3941/1/3941 3311/1/3311 
f 3318/1/3318 3944/1/3944 3942/1/3942 3314/1/3314 
f 3943/1/3943 3942/1/3942 3944/1/3944 3945/1/3945 
f 3945/1/3945 3944/1/3944 3946/1/3946 3947/1/3947 
f 3320/1/3320 3946/1/3946 3944/1/3944 3318/1/3318 
f 3322/1/3322 3948/1/3948 3946/1/3946 3320/1/3320 
f 3947/1/3947 3946/1/3946 3948/1/3948 3949/1/3949 
f 3950/1/3950 3951/1/3951 3952/1/3952 3953/1/3953 
f 3948/1/3948 3953/1/3953 3952/1/3952 3949/1/3949 
f 3324/1/3324 3953/1/3953 3948/1/3948 3322/1/3322 
f 3326/1/3326 3950/1/3950 3953/1/3953 3324/1/3324 
f 3951/1/3951 3950/1/3950 3954/1/3954 3955/1/3955 
f 3328/1/3328 3954/1/3954 3950/1/3950 3326/1/3326 
f 3330/1/3330 3956/1/3956 3954/1/3954 3328/1/3328 
f 3955/1/3955 3954/1/3954 3956/1/3956 3957/1/3957 
f 3957/1/3957 3956/1/3956 3958/1/3958 3959/1/3959 
f 3332/1/3332 3958/1/3958 3956/1/3956 3330/1/3330 
f 3334/1/3334 3960/1/3960 3958/1/3958 3332/1/3332 
f 3959/1/3959 3958/1/3958 3960/1/3960 3961/1/3961 
f 3961/1/3961 3960/1/3960 3962/1/3962 3963/1/3963 
f 3336/1/3336 3962/1/3962 3960/1/3960 3334/1/3334 
f 3338/1/3338 3964/1/3964 3962/1/3962 3336/1/3336 
f 3963/1/3963 3962/1/3962 3964/1/3964 3965/1/3965 
f 3965/1/3965 3964/1/3964 3966/1/3966 3967/1/3967 
f 3340/1/3340 3966/1/3966 3964/1/3964 3338/1/3338 
f 3342/1/3342 3968/1/3968 3966/1/3966 3340/1/3340 
f 3967/1/3967 3966/1/3966 3968/1/3968 3969/1/3969 
f 3969/1/3969 3968/1/3968 3970/1/3970 3971/1/3971 
f 3344/1/3344 3970/1/3970 3968/1/3968 3342/1/3342 
f 3346/1/3346 3972/1/3972 3970/1/3970 3344/1/3344 
f 3971/1/3971 3970/1/3970 3972/1/3972 3973/1/3973 
f 3974/1/3974 3975/1/3975 3976/1/3976 3977/1/3977 
f 3972/1/3972 3976/1/3976 3975/1/3975 3973/1/3973 
f 3348/1/3348 3976/1/3976 3972/1/3972 3346/1/3346 
f 3350/1/3350 3977/1/3977 3976/1/3976 3348/1/3348 
f 3978/1/3978 3979/1/3979 3980/1/3980 3981/1/3981 
f 3975/1/3975 3979/1/3979 3978/1/3978 3973/1/3973 
f 3982/1/3982 3979/1/3979 3975/1/3975 3974/1/3974 
f 3983/1/3983 3980/1/3980 3979/1/3979 3982/1/3982 
f 3984/1/3984 3985/1/3985 3986/1/3986 3987/1/3987 
f 3988/1/3988 3986/1/3986 3985/1/3985 3989/1/3989 
f 3940/1/3940 3943/1/3943 3986/1/3986 3988/1/3988 
f 3987/1/3987 3986/1/3986 3943/1/3943 3945/1/3945 
f 3990/1/3990 3991/1/3991 3992/1/3992 3993/1/3993 
f 3987/1/3987 3992/1/3992 3991/1/3991 3984/1/3984 
f 3945/1/3945 3947/1/3947 3992/1/3992 3987/1/3987 
f 3993/1/3993 3992/1/3992 3947/1/3947 3949/1/3949 
f 3994/1/3994 3995/1/3995 3996/1/3996 3997/1/3997 
f 3993/1/3993 3996/1/3996 3995/1/3995 3990/1/3990 
f 3949/1/3949 3952/1/3952 3996/1/3996 3993/1/3993 
f 3997/1/3997 3996/1/3996 3952/1/3952 3951/1/3951 
f 3998/1/3998 3999/1/3999 4000/1/4000 4001/1/4001 
f 3997/1/3997 4000/1/4000 3999/1/3999 3994/1/3994 
f 3951/1/3951 3955/1/3955 4000/1/4000 3997/1/3997 
f 3957/1/3957 4001/1/4001 4000/1/4000 3955/1/3955 
f 4002/1/4002 4003/1/4003 4004/1/4004 4005/1/4005 
f 4001/1/4001 4004/1/4004 4003/1/4003 3998/1/3998 
f 3959/1/3959 4004/1/4004 4001/1/4001 3957/1/3957 
f 3961/1/3961 4005/1/4005 4004/1/4004 3959/1/3959 
f 4006/1/4006 4007/1/4007 4008/1/4008 4009/1/4009 
f 4005/1/4005 4008/1/4008 4007/1/4007 4002/1/4002 
f 3963/1/3963 4008/1/4008 4005/1/4005 3961/1/3961 
f 3965/1/3965 4009/1/4009 4008/1/4008 3963/1/3963 
f 4006/1/4006 4009/1/4009 4010/1/4010 4011/1/4011 
f 3967/1/3967 4010/1/4010 4009/1/4009 3965/1/3965 
f 3969/1/3969 4012/1/4012 4010/1/4010 3967/1/3967 
f 4011/1/4011 4010/1/4010 4012/1/4012 4013/1/4013 
f 4014/1/4014 4015/1/4015 4016/1/4016 
f 4013/1/4013 4012/1/4012 4017/1/4017 4016/1/4016 
f 3971/1/3971 4017/1/4017 4012/1/4012 3969/1/3969 
f 4014/1/4014 4017/1/4017 3971/1/3971 3973/1/3973 
f 4015/1/4015 4014/1/4014 4018/1/4018 4019/1/4019 
f 3978/1/3978 4018/1/4018 4014/1/4014 3973/1/3973 
f 3981/1/3981 4020/1/4020 4018/1/4018 3978/1/3978 
f 4019/1/4019 4018/1/4018 4020/1/4020 4021/1/4021 
f 3989/1/3989 3985/1/3985 4022/1/4022 4023/1/4023 
f 4024/1/4024 4022/1/4022 3985/1/3985 3984/1/3984 
f 4025/1/4025 4026/1/4026 4022/1/4022 4024/1/4024 
f 4023/1/4023 4022/1/4022 4026/1/4026 4027/1/4027 
f 3984/1/3984 3991/1/3991 4028/1/4028 4024/1/4024 
f 4029/1/4029 4028/1/4028 3991/1/3991 3990/1/3990 
f 4030/1/4030 4031/1/4031 4028/1/4028 4029/1/4029 
f 4024/1/4024 4028/1/4028 4031/1/4031 4025/1/4025 
f 3990/1/3990 3995/1/3995 4032/1/4032 4029/1/4029 
f 4033/1/4033 4032/1/4032 3995/1/3995 3994/1/3994 
f 4034/1/4034 4035/1/4035 4032/1/4032 4033/1/4033 
f 4029/1/4029 4032/1/4032 4035/1/4035 4030/1/4030 
f 3994/1/3994 3999/1/3999 4036/1/4036 4033/1/4033 
f 4037/1/4037 4036/1/4036 3999/1/3999 3998/1/3998 
f 4038/1/4038 4039/1/4039 4036/1/4036 4037/1/4037 
f 4033/1/4033 4036/1/4036 4039/1/4039 4034/1/4034 
f 4040/1/4040 4041/1/4041 4042/1/4042 4043/1/4043 
f 4044/1/4044 4042/1/4042 4041/1/4041 4045/1/4045 
f 4027/1/4027 4026/1/4026 4042/1/4042 4044/1/4044 
f 4043/1/4043 4042/1/4042 4026/1/4026 4025/1/4025 
f 4046/1/4046 4047/1/4047 4048/1/4048 4049/1/4049 
f 4043/1/4043 4048/1/4048 4047/1/4047 4040/1/4040 
f 4025/1/4025 4031/1/4031 4048/1/4048 4043/1/4043 
f 4049/1/4049 4048/1/4048 4031/1/4031 4030/1/4030 
f 4050/1/4050 4051/1/4051 4052/1/4052 4053/1/4053 
f 4046/1/4046 4049/1/4049 4051/1/4051 4050/1/4050 
f 4030/1/4030 4035/1/4035 4051/1/4051 4049/1/4049 
f 4052/1/4052 4051/1/4051 4035/1/4035 4034/1/4034 
f 4054/1/4054 1089/1/1089 1088/1/1088 4055/1/4055 
f 4056/1/4056 4057/1/4057 4054/1/4054 4055/1/4055 
f 4058/1/4058 4054/1/4054 4057/1/4057 4059/1/4059 
f 1089/1/1089 4054/1/4054 4058/1/4058 1093/1/1093 
f 1093/1/1093 4058/1/4058 4060/1/4060 1097/1/1097 
f 4061/1/4061 4060/1/4060 4058/1/4058 4059/1/4059 
f 4062/1/4062 4063/1/4063 4060/1/4060 4061/1/4061 
f 1097/1/1097 4060/1/4060 4063/1/4063 1100/1/1100 
f 1100/1/1100 4063/1/4063 4064/1/4064 1103/1/1103 
f 4065/1/4065 4064/1/4064 4063/1/4063 4062/1/4062 
f 4066/1/4066 4067/1/4067 4064/1/4064 4065/1/4065 
f 1103/1/1103 4064/1/4064 4067/1/4067 1106/1/1106 
f 1106/1/1106 4067/1/4067 4068/1/4068 1109/1/1109 
f 4069/1/4069 4068/1/4068 4067/1/4067 4066/1/4066 
f 4070/1/4070 4071/1/4071 4068/1/4068 4069/1/4069 
f 1109/1/1109 4068/1/4068 4071/1/4071 1112/1/1112 
f 1112/1/1112 4071/1/4071 4072/1/4072 1115/1/1115 
f 4073/1/4073 4072/1/4072 4071/1/4071 4070/1/4070 
f 4074/1/4074 4075/1/4075 4072/1/4072 4073/1/4073 
f 1115/1/1115 4072/1/4072 4075/1/4075 1118/1/1118 
f 1118/1/1118 4075/1/4075 4076/1/4076 1121/1/1121 
f 4077/1/4077 4076/1/4076 4075/1/4075 4074/1/4074 
f 4078/1/4078 4079/1/4079 4076/1/4076 4077/1/4077 
f 1123/1/1123 1121/1/1121 4076/1/4076 4079/1/4079 
f 4080/1/4080 4081/1/4081 1127/1/1127 1130/1/1130 
f 4079/1/4079 4080/1/4080 1130/1/1130 1123/1/1123 
f 4082/1/4082 4080/1/4080 4079/1/4079 4078/1/4078 
f 4083/1/4083 4081/1/4081 4080/1/4080 4082/1/4082 
f 4084/1/4084 4085/1/4085 4086/1/4086 4087/1/4087 
f 1135/1/1135 1133/1/1133 4086/1/4086 4085/1/4085 
f 1127/1/1127 4081/1/4081 4086/1/4086 1133/1/1133 
f 4087/1/4087 4086/1/4086 4081/1/4081 4083/1/4083 
f 1139/1/1139 1142/1/1142 4088/1/4088 4089/1/4089 
f 4085/1/4085 4088/1/4088 1142/1/1142 1135/1/1135 
f 4090/1/4090 4088/1/4088 4085/1/4085 4084/1/4084 
f 4089/1/4089 4088/1/4088 4090/1/4090 4091/1/4091 
f 4089/1/4089 4092/1/4092 1145/1/1145 1139/1/1139 
f 4091/1/4091 4093/1/4093 4092/1/4092 4089/1/4089 
f 4094/1/4094 4095/1/4095 4092/1/4092 4093/1/4093 
f 1148/1/1148 1145/1/1145 4092/1/4092 4095/1/4095 
f 4096/1/4096 4097/1/4097 4098/1/4098 4099/1/4099 
f 4100/1/4100 4101/1/4101 4098/1/4098 4097/1/4097 
f 4061/1/4061 4098/1/4098 4101/1/4101 4062/1/4062 
f 4099/1/4099 4098/1/4098 4061/1/4061 4059/1/4059 
f 4100/1/4100 4102/1/4102 4103/1/4103 4104/1/4104 
f 4047/1/4047 4103/1/4103 4102/1/4102 4040/1/4040 
f 4046/1/4046 4105/1/4105 4103/1/4103 4047/1/4047 
f 4104/1/4104 4103/1/4103 4105/1/4105 4106/1/4106 
f 4106/1/4106 4107/1/4107 4108/1/4108 4104/1/4104 
f 4065/1/4065 4108/1/4108 4107/1/4107 4066/1/4066 
f 4062/1/4062 4101/1/4101 4108/1/4108 4065/1/4065 
f 4104/1/4104 4108/1/4108 4101/1/4101 4100/1/4100 
f 4106/1/4106 4105/1/4105 4109/1/4109 4110/1/4110 
f 4050/1/4050 4109/1/4109 4105/1/4105 4046/1/4046 
f 4053/1/4053 4111/1/4111 4109/1/4109 4050/1/4050 
f 4110/1/4110 4109/1/4109 4111/1/4111 4112/1/4112 
f 4112/1/4112 4113/1/4113 4114/1/4114 4110/1/4110 
f 4069/1/4069 4114/1/4114 4113/1/4113 4070/1/4070 
f 4066/1/4066 4107/1/4107 4114/1/4114 4069/1/4069 
f 4110/1/4110 4114/1/4114 4107/1/4107 4106/1/4106 
f 4070/1/4070 4113/1/4113 4115/1/4115 4073/1/4073 
f 4116/1/4116 4115/1/4115 4113/1/4113 4112/1/4112 
f 4117/1/4117 4118/1/4118 4115/1/4115 4116/1/4116 
f 4073/1/4073 4115/1/4115 4118/1/4118 4074/1/4074 
f 4077/1/4077 4119/1/4119 4120/1/4120 4078/1/4078 
f 4074/1/4074 4118/1/4118 4119/1/4119 4077/1/4077 
f 4117/1/4117 4121/1/4121 4119/1/4119 4118/1/4118 
f 4122/1/4122 4120/1/4120 4119/1/4119 4121/1/4121 
f 4123/1/4123 4124/1/4124 4125/1/4125 4126/1/4126 
f 4082/1/4082 4125/1/4125 4124/1/4124 4083/1/4083 
f 4078/1/4078 4120/1/4120 4125/1/4125 4082/1/4082 
f 4126/1/4126 4125/1/4125 4120/1/4120 4122/1/4122 
f 4127/1/4127 4128/1/4128 4129/1/4129 4130/1/4130 
f 4087/1/4087 4129/1/4129 4128/1/4128 4084/1/4084 
f 4083/1/4083 4124/1/4124 4129/1/4129 4087/1/4087 
f 4130/1/4130 4129/1/4129 4124/1/4124 4123/1/4123 
f 4131/1/4131 4132/1/4132 4133/1/4133 4134/1/4134 
f 4090/1/4090 4133/1/4133 4132/1/4132 4091/1/4091 
f 4084/1/4084 4128/1/4128 4133/1/4133 4090/1/4090 
f 4134/1/4134 4133/1/4133 4128/1/4128 4127/1/4127 
f 4135/1/4135 4136/1/4136 4137/1/4137 
f 4138/1/4138 4135/1/4135 4139/1/4139 4045/1/4045 
f 4096/1/4096 4140/1/4140 4135/1/4135 4138/1/4138 
f 4136/1/4136 4135/1/4135 4140/1/4140 4141/1/4141 
f 4059/1/4059 4057/1/4057 4142/1/4142 4099/1/4099 
f 4143/1/4143 4142/1/4142 4057/1/4057 4056/1/4056 
f 4141/1/4141 4140/1/4140 4142/1/4142 4143/1/4143 
f 4099/1/4099 4142/1/4142 4140/1/4140 4096/1/4096 
f 4045/1/4045 4041/1/4041 4144/1/4144 4138/1/4138 
f 4102/1/4102 4144/1/4144 4041/1/4041 4040/1/4040 
f 4100/1/4100 4097/1/4097 4144/1/4144 4102/1/4102 
f 4138/1/4138 4144/1/4144 4097/1/4097 4096/1/4096 
f 3368/1/3368 3365/1/3365 4145/1/4145 4146/1/4146 
f 3362/1/3362 4145/1/4145 3365/1/3365 3363/1/3363 
f 2991/1/2991 4147/1/4147 4145/1/4145 3362/1/3362 
f 4146/1/4146 4145/1/4145 4147/1/4147 4148/1/4148 
f 4147/1/4147 4149/1/4149 4150/1/4150 4148/1/4148 
f 2994/1/2994 4149/1/4149 4147/1/4147 2991/1/2991 
f 2996/1/2996 3026/1/3026 4149/1/4149 2994/1/2994 
f 4150/1/4150 4149/1/4149 3026/1/3026 3025/1/3025 
f 4151/1/4151 3559/1/3559 3558/1/3558 
f 3367/1/3367 4152/1/4152 3558/1/3558 3369/1/3369 
f 3368/1/3368 4153/1/4153 4152/1/4152 3367/1/3367 
f 4154/1/4154 4151/1/4151 4152/1/4152 4153/1/4153 
f 4155/1/4155 4156/1/4156 4157/1/4157 
f 4157/1/4157 4148/1/4148 4150/1/4150 
f 3025/1/3025 3574/1/3574 4158/1/4158 4150/1/4150 
f 3574/1/3574 3573/1/3573 4155/1/4155 
f 4159/1/4159 4160/1/4160 4161/1/4161 4162/1/4162 
f 4160/1/4160 4154/1/4154 4153/1/4153 
f 3368/1/3368 4146/1/4146 4161/1/4161 4153/1/4153 
f 4162/1/4162 4161/1/4161 4146/1/4146 4148/1/4148 
f 4162/1/4162 4163/1/4163 4164/1/4164 4159/1/4159 
f 4148/1/4148 4157/1/4157 4163/1/4163 4162/1/4162 
f 4156/1/4156 4164/1/4164 4163/1/4163 4157/1/4157 
f 3559/1/3559 4151/1/4151 4165/1/4165 3566/1/3566 
f 4151/1/4151 4154/1/4154 4166/1/4166 
f 4167/1/4167 4168/1/4168 4165/1/4165 4166/1/4166 
f 3566/1/3566 4165/1/4165 4168/1/4168 3564/1/3564 
f 4156/1/4156 4155/1/4155 4169/1/4169 4170/1/4170 
f 3586/1/3586 4169/1/4169 4155/1/4155 3573/1/3573 
f 3579/1/3579 4171/1/4171 4169/1/4169 3586/1/3586 
f 4170/1/4170 4169/1/4169 4171/1/4171 4172/1/4172 
f 4173/1/4173 4174/1/4174 4175/1/4175 4176/1/4176 
f 4166/1/4166 4175/1/4175 4174/1/4174 4167/1/4167 
f 4154/1/4154 4160/1/4160 4175/1/4175 4166/1/4166 
f 4176/1/4176 4175/1/4175 4160/1/4160 4159/1/4159 
f 4159/1/4159 4164/1/4164 4177/1/4177 4176/1/4176 
f 4170/1/4170 4177/1/4177 4164/1/4164 4156/1/4156 
f 4172/1/4172 4178/1/4178 4177/1/4177 4170/1/4170 
f 4176/1/4176 4177/1/4177 4178/1/4178 4173/1/4173 
f 3579/1/3579 3577/1/3577 4179/1/4179 4171/1/4171 
f 4180/1/4180 4179/1/4179 3577/1/3577 3570/1/3570 
f 4181/1/4181 4179/1/4179 4180/1/4180 4182/1/4182 
f 4172/1/4172 4171/1/4171 4179/1/4179 4181/1/4181 
f 4183/1/4183 4184/1/4184 4185/1/4185 4186/1/4186 
f 3562/1/3562 4185/1/4185 4184/1/4184 3556/1/3556 
f 3564/1/3564 4168/1/4168 4185/1/4185 3562/1/3562 
f 4186/1/4186 4185/1/4185 4168/1/4168 4167/1/4167 
f 4187/1/4187 4188/1/4188 4189/1/4189 4190/1/4190 
f 4186/1/4186 4189/1/4189 4188/1/4188 4183/1/4183 
f 4167/1/4167 4174/1/4174 4189/1/4189 4186/1/4186 
f 4190/1/4190 4189/1/4189 4174/1/4174 4173/1/4173 
f 4182/1/4182 4191/1/4191 4192/1/4192 4181/1/4181 
f 4190/1/4190 4192/1/4192 4191/1/4191 4187/1/4187 
f 4173/1/4173 4178/1/4178 4192/1/4192 4190/1/4190 
f 4181/1/4181 4192/1/4192 4178/1/4178 4172/1/4172 
f 3410/1/3410 3554/1/3554 4193/1/4193 4194/1/4194 
f 3554/1/3554 3556/1/3556 4184/1/4184 
f 4183/1/4183 4195/1/4195 4193/1/4193 4184/1/4184 
f 4194/1/4194 4193/1/4193 4195/1/4195 4196/1/4196 
f 4196/1/4196 4197/1/4197 4198/1/4198 4194/1/4194 
f 3407/1/3407 3411/1/3411 4198/1/4198 4197/1/4197 
f 4194/1/4194 4198/1/4198 3411/1/3411 3410/1/3410 
f 4182/1/4182 4180/1/4180 4199/1/4199 4200/1/4200 
f 4199/1/4199 4180/1/4180 3570/1/3570 
f 4201/1/4201 4199/1/4199 3569/1/3569 3316/1/3316 
f 4200/1/4200 4199/1/4199 4201/1/4201 4202/1/4202 
f 4203/1/4203 4204/1/4204 4205/1/4205 4206/1/4206 
f 4195/1/4195 4205/1/4205 4204/1/4204 4196/1/4196 
f 4183/1/4183 4188/1/4188 4205/1/4205 4195/1/4195 
f 4206/1/4206 4205/1/4205 4188/1/4188 4187/1/4187 
f 4187/1/4187 4191/1/4191 4207/1/4207 4206/1/4206 
f 4200/1/4200 4207/1/4207 4191/1/4191 4182/1/4182 
f 4202/1/4202 4208/1/4208 4207/1/4207 4200/1/4200 
f 4208/1/4208 4203/1/4203 4206/1/4206 
f 3407/1/3407 4197/1/4197 4209/1/4209 3408/1/3408 
f 4210/1/4210 4209/1/4209 4197/1/4197 4196/1/4196 
f 4211/1/4211 4212/1/4212 4209/1/4209 4210/1/4210 
f 3408/1/3408 4209/1/4209 4212/1/4212 3409/1/3409 
f 4213/1/4213 4214/1/4214 4215/1/4215 4216/1/4216 
f 4201/1/4201 4215/1/4215 4214/1/4214 4202/1/4202 
f 3316/1/3316 3312/1/3312 4215/1/4215 4201/1/4201 
f 4216/1/4216 4215/1/4215 3312/1/3312 3311/1/3311 
f 4211/1/4211 4210/1/4210 4217/1/4217 4218/1/4218 
f 4204/1/4204 4217/1/4217 4210/1/4210 4196/1/4196 
f 4203/1/4203 4219/1/4219 4217/1/4217 4204/1/4204 
f 4218/1/4218 4217/1/4217 4219/1/4219 4220/1/4220 
f 4203/1/4203 4208/1/4208 4221/1/4221 4219/1/4219 
f 4202/1/4202 4214/1/4214 4221/1/4221 4208/1/4208 
f 4222/1/4222 4221/1/4221 4214/1/4214 4213/1/4213 
f 4219/1/4219 4221/1/4221 4222/1/4222 4220/1/4220 
f 4223/1/4223 4224/1/4224 4225/1/4225 4226/1/4226 
f 3405/1/3405 4224/1/4224 4223/1/4223 3402/1/3402 
f 3409/1/3409 4227/1/4227 4224/1/4224 3405/1/3405 
f 4228/1/4228 4225/1/4225 4224/1/4224 4227/1/4227 
f 4229/1/4229 4230/1/4230 4231/1/4231 4232/1/4232 
f 4216/1/4216 4231/1/4231 4230/1/4230 4213/1/4213 
f 3311/1/3311 3941/1/3941 4231/1/4231 4216/1/4216 
f 4232/1/4232 4231/1/4231 3941/1/3941 3940/1/3940 
f 3409/1/3409 4212/1/4212 4233/1/4233 4227/1/4227 
f 4211/1/4211 4234/1/4234 4233/1/4233 4212/1/4212 
f 4227/1/4227 4233/1/4233 4234/1/4234 4228/1/4228 
f 4235/1/4235 4236/1/4236 4226/1/4226 
f 4237/1/4237 4235/1/4235 4225/1/4225 4228/1/4228 
f 4238/1/4238 4239/1/4239 4235/1/4235 4237/1/4237 
f 4236/1/4236 4235/1/4235 4239/1/4239 4137/1/4137 
f 4141/1/4141 4240/1/4240 4241/1/4241 4136/1/4136 
f 4240/1/4240 4226/1/4226 4236/1/4236 
f 4137/1/4137 4136/1/4136 4241/1/4241 4236/1/4236 
f 4232/1/4232 4242/1/4242 4243/1/4243 4229/1/4229 
f 3940/1/3940 3988/1/3988 4242/1/4242 4232/1/4232 
f 3989/1/3989 4244/1/4244 4242/1/4242 3988/1/3988 
f 4243/1/4243 4242/1/4242 4244/1/4244 4137/1/4137 
f 4245/1/4245 4246/1/4246 4239/1/4239 4238/1/4238 
f 4229/1/4229 4243/1/4243 4246/1/4246 4245/1/4245 
f 4239/1/4239 4246/1/4246 4243/1/4243 4137/1/4137 
f 3989/1/3989 4023/1/4023 4247/1/4247 4244/1/4244 
f 4044/1/4044 4247/1/4247 4023/1/4023 4027/1/4027 
f 4045/1/4045 4139/1/4139 4247/1/4247 4044/1/4044 
f 4139/1/4139 4137/1/4137 4244/1/4244 
f 4213/1/4213 4230/1/4230 4248/1/4248 4222/1/4222 
f 4245/1/4245 4248/1/4248 4230/1/4230 4229/1/4229 
f 4238/1/4238 4249/1/4249 4248/1/4248 4245/1/4245 
f 4222/1/4222 4248/1/4248 4249/1/4249 4220/1/4220 
f 4228/1/4228 4234/1/4234 4250/1/4250 4237/1/4237 
f 4218/1/4218 4250/1/4250 4234/1/4234 4211/1/4211 
f 4220/1/4220 4249/1/4249 4250/1/4250 4218/1/4218 
f 4237/1/4237 4250/1/4250 4249/1/4249 4238/1/4238 
f 4251/1/4251 4252/1/4252 4226/1/4226 
f 4143/1/4143 4251/1/4251 4240/1/4240 4141/1/4141 
f 4056/1/4056 4253/1/4253 4251/1/4251 4143/1/4143 
f 4252/1/4252 4251/1/4251 4253/1/4253 4254/1/4254 
f 1312/1/1312 4255/1/4255 4256/1/4256 1313/1/1313 
f 4253/1/4253 4256/1/4256 4255/1/4255 4254/1/4254 
f 4055/1/4055 4256/1/4256 4253/1/4253 4056/1/4056 
f 1313/1/1313 4256/1/4256 4055/1/4055 1088/1/1088 
f 4257/1/4257 4258/1/4258 4259/1/4259 4260/1/4260 
f 3375/1/3375 3378/1/3378 4258/1/4258 4257/1/4257 
f 3383/1/3383 4261/1/4261 4258/1/4258 3378/1/3378 
f 4259/1/4259 4258/1/4258 4261/1/4261 4262/1/4262 
f 4262/1/4262 4261/1/4261 4263/1/4263 4264/1/4264 
f 3385/1/3385 4263/1/4263 4261/1/4261 3383/1/3383 
f 3389/1/3389 4265/1/4265 4263/1/4263 3385/1/3385 
f 4264/1/4264 4263/1/4263 4265/1/4265 4266/1/4266 
f 4266/1/4266 4265/1/4265 4267/1/4267 4268/1/4268 
f 3394/1/3394 4267/1/4267 4265/1/4265 3389/1/3389 
f 3395/1/3395 4269/1/4269 4267/1/4267 3394/1/3394 
f 4268/1/4268 4267/1/4267 4269/1/4269 4270/1/4270 
f 4270/1/4270 4269/1/4269 4271/1/4271 4272/1/4272 
f 3397/1/3397 4271/1/4271 4269/1/4269 3395/1/3395 
f 3401/1/3401 3403/1/3403 4271/1/4271 3397/1/3397 
f 4272/1/4272 4271/1/4271 3403/1/3403 3402/1/3402 
f 3402/1/3402 4223/1/4223 4273/1/4273 4272/1/4272 
f 4252/1/4252 4273/1/4273 4223/1/4223 4226/1/4226 
f 4254/1/4254 4274/1/4274 4273/1/4273 4252/1/4252 
f 4272/1/4272 4273/1/4273 4274/1/4274 4270/1/4270 
f 4275/1/4275 4276/1/4276 4277/1/4277 4278/1/4278 
f 4268/1/4268 4277/1/4277 4276/1/4276 4266/1/4266 
f 4277/1/4277 4268/1/4268 4270/1/4270 
f 4278/1/4278 4277/1/4277 4279/1/4279 4280/1/4280 
f 4274/1/4274 4281/1/4281 4279/1/4279 4270/1/4270 
f 4282/1/4282 4281/1/4281 4274/1/4274 4254/1/4254 
f 4280/1/4280 4279/1/4279 4281/1/4281 4282/1/4282 
f 4283/1/4283 4282/1/4282 4254/1/4254 
f 4255/1/4255 1312/1/1312 1341/1/1341 
f 1340/1/1340 4284/1/4284 4283/1/4283 1341/1/1341 
f 4282/1/4282 4283/1/4283 4284/1/4284 4280/1/4280 
f 4280/1/4280 4284/1/4284 4285/1/4285 4278/1/4278 
f 4284/1/4284 1340/1/1340 1347/1/1347 
f 1346/1/1346 4286/1/4286 4285/1/4285 1347/1/1347 
f 4278/1/4278 4285/1/4285 4286/1/4286 4275/1/4275 
f 4287/1/4287 4288/1/4288 4289/1/4289 4290/1/4290 
f 3843/1/3843 4289/1/4289 4288/1/4288 3844/1/3844 
f 874/1/874 1352/1/1352 4289/1/4289 3843/1/3843 
f 4290/1/4290 4289/1/4289 1352/1/1352 1353/1/1353 
f 4291/1/4291 4292/1/4292 4293/1/4293 4294/1/4294 
f 3909/1/3909 4293/1/4293 4292/1/4292 3910/1/3910 
f 3844/1/3844 4288/1/4288 4293/1/4293 3909/1/3909 
f 4294/1/4294 4293/1/4293 4288/1/4288 4287/1/4287 
f 3910/1/3910 4292/1/4292 4295/1/4295 3918/1/3918 
f 4296/1/4296 4295/1/4295 4292/1/4292 4291/1/4291 
f 4297/1/4297 4298/1/4298 4295/1/4295 4296/1/4296 
f 3918/1/3918 4295/1/4295 4298/1/4298 3919/1/3919 
f 3919/1/3919 4298/1/4298 4299/1/4299 3920/1/3920 
f 4298/1/4298 4297/1/4297 4300/1/4300 
f 4301/1/4301 4302/1/4302 4299/1/4299 4300/1/4300 
f 3920/1/3920 4299/1/4299 4302/1/4302 3921/1/3921 
f 3921/1/3921 4302/1/4302 4303/1/4303 3935/1/3935 
f 4304/1/4304 4303/1/4303 4302/1/4302 4301/1/4301 
f 4305/1/4305 4306/1/4306 4303/1/4303 4304/1/4304 
f 3935/1/3935 4303/1/4303 4306/1/4306 3932/1/3932 
f 4307/1/4307 4308/1/4308 4309/1/4309 
f 3939/1/3939 4307/1/4307 4310/1/4310 3931/1/3931 
f 3932/1/3932 4306/1/4306 4307/1/4307 3939/1/3939 
f 4308/1/4308 4307/1/4307 4306/1/4306 4305/1/4305 
f 4310/1/4310 4311/1/4311 3929/1/3929 3931/1/3931 
f 4312/1/4312 4311/1/4311 4310/1/4310 4309/1/4309 
f 4313/1/4313 4314/1/4314 4311/1/4311 4312/1/4312 
f 3811/1/3811 3929/1/3929 4311/1/4311 4314/1/4314 
f 3816/1/3816 3812/1/3812 4315/1/4315 4316/1/4316 
f 4314/1/4314 4315/1/4315 3812/1/3812 3811/1/3811 
f 4313/1/4313 4317/1/4317 4315/1/4315 4314/1/4314 
f 4316/1/4316 4315/1/4315 4317/1/4317 4318/1/4318 
f 3824/1/3824 3823/1/3823 4319/1/4319 4320/1/4320 
f 4316/1/4316 4319/1/4319 3823/1/3823 3816/1/3816 
f 4318/1/4318 4321/1/4321 4319/1/4319 4316/1/4316 
f 4320/1/4320 4319/1/4319 4321/1/4321 4322/1/4322 
f 3824/1/3824 4320/1/4320 4323/1/4323 3832/1/3832 
f 4322/1/4322 4324/1/4324 4323/1/4323 4320/1/4320 
f 4325/1/4325 4323/1/4323 4324/1/4324 4326/1/4326 
f 3832/1/3832 4323/1/4323 4325/1/4325 3829/1/3829 
f 3837/1/3837 3840/1/3840 4327/1/4327 4328/1/4328 
f 3829/1/3829 4325/1/4325 4327/1/4327 3840/1/3840 
f 4326/1/4326 4329/1/4329 4327/1/4327 4325/1/4325 
f 4328/1/4328 4327/1/4327 4329/1/4329 4330/1/4330 
f 4301/1/4301 4331/1/4331 4332/1/4332 4304/1/4304 
f 4333/1/4333 4332/1/4332 4331/1/4331 4334/1/4334 
f 4335/1/4335 4336/1/4336 4332/1/4332 4333/1/4333 
f 4304/1/4304 4332/1/4332 4336/1/4336 4305/1/4305 
f 4305/1/4305 4336/1/4336 4337/1/4337 4308/1/4308 
f 4338/1/4338 4337/1/4337 4336/1/4336 4335/1/4335 
f 4339/1/4339 4340/1/4340 4337/1/4337 4338/1/4338 
f 4308/1/4308 4337/1/4337 4340/1/4340 4309/1/4309 
f 4309/1/4309 4340/1/4340 4341/1/4341 4312/1/4312 
f 4342/1/4342 4341/1/4341 4340/1/4340 4339/1/4339 
f 4343/1/4343 4344/1/4344 4341/1/4341 4342/1/4342 
f 4312/1/4312 4341/1/4341 4344/1/4344 4313/1/4313 
f 4345/1/4345 4346/1/4346 4344/1/4344 4343/1/4343 
f 4347/1/4347 4346/1/4346 4345/1/4345 4348/1/4348 
f 4318/1/4318 4317/1/4317 4346/1/4346 4347/1/4347 
f 4313/1/4313 4344/1/4344 4346/1/4346 4317/1/4317 
f 4322/1/4322 4321/1/4321 4349/1/4349 4350/1/4350 
f 4347/1/4347 4349/1/4349 4321/1/4321 4318/1/4318 
f 4348/1/4348 4351/1/4351 4349/1/4349 4347/1/4347 
f 4350/1/4350 4349/1/4349 4351/1/4351 4352/1/4352 
f 4326/1/4326 4324/1/4324 4353/1/4353 4354/1/4354 
f 4350/1/4350 4353/1/4353 4324/1/4324 4322/1/4322 
f 4352/1/4352 4355/1/4355 4353/1/4353 4350/1/4350 
f 4355/1/4355 4356/1/4356 4354/1/4354 
f 4330/1/4330 4329/1/4329 4357/1/4357 4358/1/4358 
f 4354/1/4354 4357/1/4357 4329/1/4329 4326/1/4326 
f 4356/1/4356 4359/1/4359 4357/1/4357 4354/1/4354 
f 4358/1/4358 4357/1/4357 4359/1/4359 4360/1/4360 
f 3748/1/3748 3764/1/3764 4361/1/4361 3746/1/3746 
f 4362/1/4362 4361/1/4361 3764/1/3764 3768/1/3768 
f 4363/1/4363 4364/1/4364 4361/1/4361 4362/1/4362 
f 3746/1/3746 4361/1/4361 4364/1/4364 3744/1/3744 
f 3766/1/3766 3774/1/3774 4365/1/4365 4366/1/4366 
f 4367/1/4367 4365/1/4365 3774/1/3774 3773/1/3773 
f 4368/1/4368 4369/1/4369 4365/1/4365 4367/1/4367 
f 4366/1/4366 4365/1/4365 4369/1/4369 4370/1/4370 
f 4371/1/4371 4372/1/4372 4373/1/4373 4374/1/4374 
f 3767/1/3767 4373/1/4373 4372/1/4372 3768/1/3768 
f 4366/1/4366 4373/1/4373 3767/1/3767 3766/1/3766 
f 4370/1/4370 4374/1/4374 4373/1/4373 4366/1/4366 
f 4375/1/4375 3740/1/3740 3742/1/3742 
f 3744/1/3744 4364/1/4364 4376/1/4376 3742/1/3742 
f 4377/1/4377 4376/1/4376 4364/1/4364 4363/1/4363 
f 4376/1/4376 4377/1/4377 4378/1/4378 
f 4379/1/4379 4380/1/4380 4381/1/4381 4382/1/4382 
f 4362/1/4362 4381/1/4381 4380/1/4380 4363/1/4363 
f 3768/1/3768 4372/1/4372 4381/1/4381 4362/1/4362 
f 4371/1/4371 4382/1/4382 4381/1/4381 4372/1/4372 
f 4383/1/4383 4384/1/4384 4385/1/4385 4386/1/4386 
f 4382/1/4382 4385/1/4385 4384/1/4384 4379/1/4379 
f 4374/1/4374 4385/1/4385 4382/1/4382 4371/1/4371 
f 4370/1/4370 4386/1/4386 4385/1/4385 4374/1/4374 
f 4387/1/4387 4388/1/4388 4389/1/4389 4390/1/4390 
f 4383/1/4383 4386/1/4386 4388/1/4388 4387/1/4387 
f 4370/1/4370 4369/1/4369 4388/1/4388 4386/1/4386 
f 4369/1/4369 4368/1/4368 4389/1/4389 
f 3772/1/3772 3800/1/3800 4391/1/4391 4392/1/4392 
f 3800/1/3800 3797/1/3797 4393/1/4393 
f 4391/1/4391 4393/1/4393 4394/1/4394 
f 4392/1/4392 4391/1/4391 4395/1/4395 4396/1/4396 
f 4397/1/4397 4398/1/4398 4394/1/4394 
f 4393/1/4393 3797/1/3797 3836/1/3836 
f 3835/1/3835 4399/1/4399 4397/1/4397 3836/1/3836 
f 4399/1/4399 4400/1/4400 4398/1/4398 
f 3837/1/3837 4401/1/4401 4402/1/4402 3838/1/3838 
f 4403/1/4403 4402/1/4402 4401/1/4401 4404/1/4404 
f 4402/1/4402 4403/1/4403 4400/1/4400 
f 3838/1/3838 4402/1/4402 4399/1/4399 3835/1/3835 
f 4404/1/4404 4401/1/4401 4405/1/4405 4406/1/4406 
f 4328/1/4328 4405/1/4405 4401/1/4401 3837/1/3837 
f 4330/1/4330 4407/1/4407 4405/1/4405 4328/1/4328 
f 4406/1/4406 4405/1/4405 4407/1/4407 4408/1/4408 
f 4407/1/4407 4330/1/4330 4358/1/4358 
f 4409/1/4409 4410/1/4410 4358/1/4358 4360/1/4360 
f 4411/1/4411 4412/1/4412 4410/1/4410 4409/1/4409 
f 4408/1/4408 4407/1/4407 4410/1/4410 4412/1/4412 
f 4413/1/4413 4414/1/4414 4415/1/4415 4416/1/4416 
f 4415/1/4415 4414/1/4414 4417/1/4417 
f 4408/1/4408 4412/1/4412 4415/1/4415 4418/1/4418 
f 4416/1/4416 4415/1/4415 4412/1/4412 4411/1/4411 
f 4419/1/4419 4418/1/4418 4417/1/4417 
f 4420/1/4420 4419/1/4419 4421/1/4421 4422/1/4422 
f 4406/1/4406 4419/1/4419 4420/1/4420 4404/1/4404 
f 4408/1/4408 4418/1/4418 4419/1/4419 4406/1/4406 
f 4422/1/4422 4421/1/4421 4423/1/4423 4424/1/4424 
f 4414/1/4414 4423/1/4423 4421/1/4421 4417/1/4417 
f 4413/1/4413 4425/1/4425 4423/1/4423 4414/1/4414 
f 4424/1/4424 4423/1/4423 4425/1/4425 4426/1/4426 
f 4427/1/4427 4428/1/4428 4429/1/4429 4430/1/4430 
f 4403/1/4403 4429/1/4429 4428/1/4428 4400/1/4400 
f 4404/1/4404 4420/1/4420 4429/1/4429 4403/1/4403 
f 4430/1/4430 4429/1/4429 4420/1/4420 4422/1/4422 
f 4413/1/4413 4416/1/4416 4431/1/4431 4432/1/4432 
f 4411/1/4411 4433/1/4433 4431/1/4431 4416/1/4416 
f 4432/1/4432 4431/1/4431 4433/1/4433 4434/1/4434 
f 4427/1/4427 4430/1/4430 4435/1/4435 4436/1/4436 
f 4424/1/4424 4435/1/4435 4430/1/4430 4422/1/4422 
f 4426/1/4426 4437/1/4437 4435/1/4435 4424/1/4424 
f 4436/1/4436 4435/1/4435 4437/1/4437 4438/1/4438 
f 4426/1/4426 4425/1/4425 4439/1/4439 4437/1/4437 
f 4432/1/4432 4439/1/4439 4425/1/4425 4413/1/4413 
f 4434/1/4434 4440/1/4440 4439/1/4439 4432/1/4432 
f 4438/1/4438 4437/1/4437 4439/1/4439 4440/1/4440 
f 3172/1/3172 3171/1/3171 4441/1/4441 3191/1/3191 
f 4442/1/4442 4441/1/4441 3171/1/3171 3051/1/3051 
f 4443/1/4443 4444/1/4444 4441/1/4441 4442/1/4442 
f 3191/1/3191 4441/1/4441 4444/1/4444 3192/1/3192 
f 3194/1/3194 3193/1/3193 4445/1/4445 3201/1/3201 
f 4446/1/4446 4445/1/4445 3193/1/3193 3192/1/3192 
f 4447/1/4447 4448/1/4448 4445/1/4445 4446/1/4446 
f 3201/1/3201 4445/1/4445 4448/1/4448 3202/1/3202 
f 4449/1/4449 4450/1/4450 4451/1/4451 4452/1/4452 
f 3208/1/3208 4451/1/4451 4450/1/4450 3205/1/3205 
f 3202/1/3202 4448/1/4448 4451/1/4451 3208/1/3208 
f 4452/1/4452 4451/1/4451 4448/1/4448 4447/1/4447 
f 4442/1/4442 4453/1/4453 4454/1/4454 4443/1/4443 
f 3051/1/3051 3054/1/3054 4453/1/4453 4442/1/4442 
f 3056/1/3056 4455/1/4455 4453/1/4453 3054/1/3054 
f 4454/1/4454 4453/1/4453 4455/1/4455 4456/1/4456 
f 3192/1/3192 4444/1/4444 4457/1/4457 4446/1/4446 
f 4458/1/4458 4457/1/4457 4444/1/4444 4443/1/4443 
f 4459/1/4459 4460/1/4460 4457/1/4457 4458/1/4458 
f 4446/1/4446 4457/1/4457 4460/1/4460 4447/1/4447 
f 4447/1/4447 4460/1/4460 4461/1/4461 4452/1/4452 
f 4462/1/4462 4461/1/4461 4460/1/4460 4459/1/4459 
f 4463/1/4463 4464/1/4464 4461/1/4461 4462/1/4462 
f 4452/1/4452 4461/1/4461 4464/1/4464 4449/1/4449 
f 4465/1/4465 4466/1/4466 4459/1/4459 
f 4454/1/4454 4465/1/4465 4458/1/4458 4443/1/4443 
f 4456/1/4456 4467/1/4467 4465/1/4465 4454/1/4454 
f 4466/1/4466 4465/1/4465 4467/1/4467 4468/1/4468 
f 4456/1/4456 4455/1/4455 4469/1/4469 4470/1/4470 
f 3091/1/3091 4469/1/4469 4455/1/4455 3056/1/3056 
f 3092/1/3092 4471/1/4471 4469/1/4469 3091/1/3091 
f 4470/1/4470 4469/1/4469 4471/1/4471 4472/1/4472 
f 4463/1/4463 4462/1/4462 4473/1/4473 4474/1/4474 
f 4466/1/4466 4473/1/4473 4462/1/4462 4459/1/4459 
f 4468/1/4468 4475/1/4475 4473/1/4473 4466/1/4466 
f 4474/1/4474 4473/1/4473 4475/1/4475 4476/1/4476 
f 4472/1/4472 4471/1/4471 4477/1/4477 4478/1/4478 
f 3700/1/3700 4477/1/4477 4471/1/4471 3092/1/3092 
f 4479/1/4479 4477/1/4477 3700/1/3700 3699/1/3699 
f 4478/1/4478 4477/1/4477 4479/1/4479 4480/1/4480 
f 4468/1/4468 4467/1/4467 4481/1/4481 4482/1/4482 
f 4467/1/4467 4456/1/4456 4470/1/4470 
f 4472/1/4472 4483/1/4483 4481/1/4481 4470/1/4470 
f 4482/1/4482 4481/1/4481 4483/1/4483 4484/1/4484 
f 4476/1/4476 4475/1/4475 4485/1/4485 4486/1/4486 
f 4482/1/4482 4485/1/4485 4475/1/4475 4468/1/4468 
f 4484/1/4484 4487/1/4487 4485/1/4485 4482/1/4482 
f 4486/1/4486 4485/1/4485 4487/1/4487 4488/1/4488 
f 4480/1/4480 4479/1/4479 4489/1/4489 4490/1/4490 
f 3706/1/3706 4489/1/4489 4479/1/4479 3699/1/3699 
f 3705/1/3705 4491/1/4491 4489/1/4489 3706/1/3706 
f 4492/1/4492 4490/1/4490 4489/1/4489 4491/1/4491 
f 4484/1/4484 4483/1/4483 4493/1/4493 4494/1/4494 
f 4478/1/4478 4493/1/4493 4483/1/4483 4472/1/4472 
f 4480/1/4480 4495/1/4495 4493/1/4493 4478/1/4478 
f 4494/1/4494 4493/1/4493 4495/1/4495 4496/1/4496 
f 4488/1/4488 4487/1/4487 4497/1/4497 4498/1/4498 
f 4494/1/4494 4497/1/4497 4487/1/4487 4484/1/4484 
f 4496/1/4496 4499/1/4499 4497/1/4497 4494/1/4494 
f 4498/1/4498 4497/1/4497 4499/1/4499 4500/1/4500 
f 4501/1/4501 4502/1/4502 4492/1/4492 
f 3709/1/3709 4501/1/4501 4491/1/4491 3705/1/3705 
f 3710/1/3710 4503/1/4503 4501/1/4501 3709/1/3709 
f 4502/1/4502 4501/1/4501 4503/1/4503 4504/1/4504 
f 4505/1/4505 4495/1/4495 4480/1/4480 
f 4506/1/4506 4505/1/4505 4490/1/4490 4492/1/4492 
f 4507/1/4507 4508/1/4508 4505/1/4505 4506/1/4506 
f 4496/1/4496 4495/1/4495 4505/1/4505 4508/1/4508 
f 4500/1/4500 4499/1/4499 4509/1/4509 4510/1/4510 
f 4508/1/4508 4509/1/4509 4499/1/4499 4496/1/4496 
f 4509/1/4509 4508/1/4508 4507/1/4507 
f 4511/1/4511 4512/1/4512 4510/1/4510 
f 4507/1/4507 4506/1/4506 4513/1/4513 4514/1/4514 
f 4502/1/4502 4513/1/4513 4506/1/4506 4492/1/4492 
f 4504/1/4504 4515/1/4515 4513/1/4513 4502/1/4502 
f 4514/1/4514 4513/1/4513 4515/1/4515 4516/1/4516 
f 4517/1/4517 4518/1/4518 4512/1/4512 
f 4514/1/4514 4517/1/4517 4511/1/4511 4507/1/4507 
f 4516/1/4516 4519/1/4519 4517/1/4517 4514/1/4514 
f 4518/1/4518 4517/1/4517 4519/1/4519 4520/1/4520 
f 4521/1/4521 4522/1/4522 3477/1/3477 
f 3476/1/3476 3467/1/3467 4523/1/4523 
f 4521/1/4521 4523/1/4523 4524/1/4524 
f 4522/1/4522 4521/1/4521 4525/1/4525 4526/1/4526 
f 4527/1/4527 4524/1/4524 4523/1/4523 
f 3469/1/3469 4528/1/4528 4523/1/4523 3467/1/3467 
f 3471/1/3471 4529/1/4529 4528/1/4528 3469/1/3469 
f 4528/1/4528 4529/1/4529 4530/1/4530 
f 4531/1/4531 4532/1/4532 4533/1/4533 4534/1/4534 
f 4535/1/4535 4533/1/4533 4532/1/4532 4536/1/4536 
f 4524/1/4524 4527/1/4527 4533/1/4533 4535/1/4535 
f 4534/1/4534 4533/1/4533 4527/1/4527 4530/1/4530 
f 3471/1/3471 3491/1/3491 4537/1/4537 4529/1/4529 
f 4538/1/4538 4537/1/4537 3491/1/3491 3490/1/3490 
f 4539/1/4539 4540/1/4540 4537/1/4537 4538/1/4538 
f 4529/1/4529 4537/1/4537 4540/1/4540 4530/1/4530 
f 4539/1/4539 4538/1/4538 4541/1/4541 4542/1/4542 
f 3490/1/3490 3503/1/3503 4541/1/4541 4538/1/4538 
f 3503/1/3503 3502/1/3502 4542/1/4542 4541/1/4541 
f 4530/1/4530 4540/1/4540 4543/1/4543 4534/1/4534 
f 4544/1/4544 4543/1/4543 4540/1/4540 4539/1/4539 
f 4545/1/4545 4546/1/4546 4543/1/4543 4544/1/4544 
f 4534/1/4534 4543/1/4543 4546/1/4546 4531/1/4531 
f 4547/1/4547 4548/1/4548 4549/1/4549 4550/1/4550 
f 4542/1/4542 4549/1/4549 4548/1/4548 4539/1/4539 
f 3502/1/3502 3508/1/3508 4549/1/4549 4542/1/4542 
f 4550/1/4550 4549/1/4549 3508/1/3508 3499/1/3499 
f 4539/1/4539 4548/1/4548 4551/1/4551 4544/1/4544 
f 4548/1/4548 4547/1/4547 4552/1/4552 
f 4553/1/4553 4554/1/4554 4551/1/4551 4552/1/4552 
f 4544/1/4544 4551/1/4551 4554/1/4554 4545/1/4545 
f 4547/1/4547 4550/1/4550 4555/1/4555 4556/1/4556 
f 3499/1/3499 3496/1/3496 4555/1/4555 4550/1/4550 
f 3380/1/3380 4557/1/4557 4555/1/4555 3496/1/3496 
f 4556/1/4556 4555/1/4555 4557/1/4557 4558/1/4558 
f 4559/1/4559 4560/1/4560 4561/1/4561 4562/1/4562 
f 4563/1/4563 4561/1/4561 4560/1/4560 4564/1/4564 
f 4565/1/4565 4566/1/4566 4561/1/4561 4563/1/4563 
f 4562/1/4562 4561/1/4561 4566/1/4566 4536/1/4536 
f 4567/1/4567 4568/1/4568 4569/1/4569 4570/1/4570 
f 4562/1/4562 4569/1/4569 4568/1/4568 4559/1/4559 
f 4536/1/4536 4532/1/4532 4569/1/4569 4562/1/4562 
f 4570/1/4570 4569/1/4569 4532/1/4532 4531/1/4531 
f 4571/1/4571 4572/1/4572 4573/1/4573 4574/1/4574 
f 4570/1/4570 4573/1/4573 4572/1/4572 4567/1/4567 
f 4531/1/4531 4546/1/4546 4573/1/4573 4570/1/4570 
f 4574/1/4574 4573/1/4573 4546/1/4546 4545/1/4545 
f 4575/1/4575 4576/1/4576 4577/1/4577 4578/1/4578 
f 4571/1/4571 4574/1/4574 4576/1/4576 4575/1/4575 
f 4545/1/4545 4554/1/4554 4576/1/4576 4574/1/4574 
f 4553/1/4553 4577/1/4577 4576/1/4576 4554/1/4554 
f 4564/1/4564 4560/1/4560 4579/1/4579 4580/1/4580 
f 4581/1/4581 4579/1/4579 4560/1/4560 4559/1/4559 
f 4582/1/4582 4583/1/4583 4579/1/4579 4581/1/4581 
f 4580/1/4580 4579/1/4579 4583/1/4583 4584/1/4584 
f 4559/1/4559 4568/1/4568 4585/1/4585 4581/1/4581 
f 4586/1/4586 4585/1/4585 4568/1/4568 4567/1/4567 
f 4587/1/4587 4588/1/4588 4585/1/4585 4586/1/4586 
f 4581/1/4581 4585/1/4585 4588/1/4588 4582/1/4582 
f 4567/1/4567 4572/1/4572 4589/1/4589 4586/1/4586 
f 4571/1/4571 4590/1/4590 4589/1/4589 4572/1/4572 
f 4591/1/4591 4592/1/4592 4589/1/4589 4590/1/4590 
f 4587/1/4587 4586/1/4586 4589/1/4589 4592/1/4592 
f 4591/1/4591 4590/1/4590 4593/1/4593 4594/1/4594 
f 4590/1/4590 4571/1/4571 4575/1/4575 4593/1/4593 
f 4578/1/4578 4595/1/4595 4593/1/4593 4575/1/4575 
f 4594/1/4594 4593/1/4593 4595/1/4595 4596/1/4596 
f 4596/1/4596 4595/1/4595 4597/1/4597 4598/1/4598 
f 4599/1/4599 4597/1/4597 4595/1/4595 4578/1/4578 
f 4600/1/4600 4601/1/4601 4597/1/4597 4599/1/4599 
f 4601/1/4601 4602/1/4602 4598/1/4598 
f 4603/1/4603 4604/1/4604 4602/1/4602 
f 4601/1/4601 4600/1/4600 4605/1/4605 
f 4603/1/4603 4605/1/4605 4606/1/4606 
f 4604/1/4604 4603/1/4603 4607/1/4607 4608/1/4608 
f 4608/1/4608 4607/1/4607 4609/1/4609 4610/1/4610 
f 4611/1/4611 4609/1/4609 4607/1/4607 4606/1/4606 
f 4612/1/4612 4613/1/4613 4609/1/4609 4611/1/4611 
f 4609/1/4609 4613/1/4613 4614/1/4614 4610/1/4610 
f 4614/1/4614 4613/1/4613 4615/1/4615 4616/1/4616 
f 4617/1/4617 4615/1/4615 4613/1/4613 4612/1/4612 
f 4618/1/4618 4619/1/4619 4615/1/4615 4617/1/4617 
f 4616/1/4616 4615/1/4615 4619/1/4619 4620/1/4620 
f 4621/1/4621 4622/1/4622 4623/1/4623 
f 4620/1/4620 4619/1/4619 4621/1/4621 4624/1/4624 
f 4625/1/4625 4621/1/4621 4619/1/4619 4618/1/4618 
f 4621/1/4621 4625/1/4625 4626/1/4626 
f 4627/1/4627 4622/1/4622 4626/1/4626 
f 4628/1/4628 4627/1/4627 4629/1/4629 4630/1/4630 
f 4631/1/4631 4632/1/4632 4627/1/4627 4628/1/4628 
f 4632/1/4632 4623/1/4623 4622/1/4622 
f 4633/1/4633 4634/1/4634 4628/1/4628 4630/1/4630 
f 4635/1/4635 4636/1/4636 4634/1/4634 4633/1/4633 
f 4637/1/4637 4634/1/4634 4636/1/4636 4638/1/4638 
f 4628/1/4628 4634/1/4634 4637/1/4637 4631/1/4631 
f 4638/1/4638 4636/1/4636 4639/1/4639 4640/1/4640 
f 4641/1/4641 4639/1/4639 4636/1/4636 4635/1/4635 
f 4642/1/4642 4643/1/4643 4639/1/4639 4641/1/4641 
f 4640/1/4640 4639/1/4639 4643/1/4643 4644/1/4644 
f 4584/1/4584 4645/1/4645 4646/1/4646 4580/1/4580 
f 4644/1/4644 4643/1/4643 4646/1/4646 4645/1/4645 
f 4647/1/4647 4646/1/4646 4643/1/4643 4642/1/4642 
f 4580/1/4580 4646/1/4646 4647/1/4647 4564/1/4564 
f 4648/1/4648 4649/1/4649 4650/1/4650 
f 4651/1/4651 4602/1/4602 4604/1/4604 
f 4608/1/4608 4652/1/4652 4648/1/4648 4604/1/4604 
f 4653/1/4653 4649/1/4649 4648/1/4648 4652/1/4652 
f 4608/1/4608 4610/1/4610 4654/1/4654 4652/1/4652 
f 4655/1/4655 4654/1/4654 4610/1/4610 4614/1/4614 
f 4656/1/4656 4657/1/4657 4654/1/4654 4655/1/4655 
f 4652/1/4652 4654/1/4654 4657/1/4657 4653/1/4653 
f 4656/1/4656 4655/1/4655 4658/1/4658 4659/1/4659 
f 4616/1/4616 4658/1/4658 4655/1/4655 4614/1/4614 
f 4620/1/4620 4660/1/4660 4658/1/4658 4616/1/4616 
f 4659/1/4659 4658/1/4658 4660/1/4660 4661/1/4661 
f 4620/1/4620 4624/1/4624 4662/1/4662 4660/1/4660 
f 4663/1/4663 4662/1/4662 4624/1/4624 4623/1/4623 
f 4664/1/4664 4665/1/4665 4662/1/4662 4663/1/4663 
f 4660/1/4660 4662/1/4662 4665/1/4665 4661/1/4661 
f 4623/1/4623 4632/1/4632 4666/1/4666 4663/1/4663 
f 4667/1/4667 4666/1/4666 4632/1/4632 4631/1/4631 
f 4668/1/4668 4669/1/4669 4666/1/4666 4667/1/4667 
f 4663/1/4663 4666/1/4666 4669/1/4669 4664/1/4664 
f 4631/1/4631 4637/1/4637 4670/1/4670 4667/1/4667 
f 4671/1/4671 4670/1/4670 4637/1/4637 4638/1/4638 
f 4672/1/4672 4673/1/4673 4670/1/4670 4671/1/4671 
f 4667/1/4667 4670/1/4670 4673/1/4673 4668/1/4668 
f 4674/1/4674 4675/1/4675 4676/1/4676 4677/1/4677 
f 4678/1/4678 4679/1/4679 4676/1/4676 4675/1/4675 
f 4645/1/4645 4676/1/4676 4679/1/4679 4644/1/4644 
f 4677/1/4677 4676/1/4676 4645/1/4645 4584/1/4584 
f 4672/1/4672 4671/1/4671 4680/1/4680 4681/1/4681 
f 4640/1/4640 4680/1/4680 4671/1/4671 4638/1/4638 
f 4644/1/4644 4679/1/4679 4680/1/4680 4640/1/4640 
f 4681/1/4681 4680/1/4680 4679/1/4679 4678/1/4678 
f 4653/1/4653 4657/1/4657 4682/1/4682 4683/1/4683 
f 4684/1/4684 4682/1/4682 4657/1/4657 4656/1/4656 
f 4685/1/4685 4682/1/4682 4684/1/4684 4686/1/4686 
f 4682/1/4682 4685/1/4685 4687/1/4687 
f 4686/1/4686 4684/1/4684 4688/1/4688 4689/1/4689 
f 4659/1/4659 4688/1/4688 4684/1/4684 4656/1/4656 
f 4661/1/4661 4690/1/4690 4688/1/4688 4659/1/4659 
f 4690/1/4690 4691/1/4691 4689/1/4689 
f 4661/1/4661 4665/1/4665 4692/1/4692 4690/1/4690 
f 4693/1/4693 4692/1/4692 4665/1/4665 4664/1/4664 
f 4694/1/4694 4695/1/4695 4692/1/4692 4693/1/4693 
f 4690/1/4690 4692/1/4692 4695/1/4695 4691/1/4691 
f 4696/1/4696 4697/1/4697 4698/1/4698 4699/1/4699 
f 4693/1/4693 4698/1/4698 4697/1/4697 4694/1/4694 
f 4664/1/4664 4669/1/4669 4698/1/4698 4693/1/4693 
f 4699/1/4699 4698/1/4698 4669/1/4669 4668/1/4668 
f 4668/1/4668 4673/1/4673 4700/1/4700 4699/1/4699 
f 4701/1/4701 4700/1/4700 4673/1/4673 4672/1/4672 
f 4702/1/4702 4703/1/4703 4700/1/4700 4701/1/4701 
f 4699/1/4699 4700/1/4700 4703/1/4703 4696/1/4696 
f 4702/1/4702 4701/1/4701 4704/1/4704 4705/1/4705 
f 4681/1/4681 4704/1/4704 4701/1/4701 4672/1/4672 
f 4678/1/4678 4706/1/4706 4704/1/4704 4681/1/4681 
f 4705/1/4705 4704/1/4704 4706/1/4706 4707/1/4707 
f 4708/1/4708 4582/1/4582 4588/1/4588 4709/1/4709 
f 4587/1/4587 4710/1/4710 4709/1/4709 4588/1/4588 
f 4711/1/4711 4712/1/4712 4709/1/4709 4710/1/4710 
f 4713/1/4713 4708/1/4708 4709/1/4709 4712/1/4712 
f 4714/1/4714 4715/1/4715 4716/1/4716 4717/1/4717 
f 4702/1/4702 4705/1/4705 4716/1/4716 4715/1/4715 
f 4707/1/4707 4717/1/4717 4716/1/4716 4705/1/4705 
f 4714/1/4714 4718/1/4718 4719/1/4719 4720/1/4720 
f 4691/1/4691 4695/1/4695 4719/1/4719 4718/1/4718 
f 4694/1/4694 4720/1/4720 4719/1/4719 4695/1/4695 
f 4711/1/4711 4710/1/4710 4721/1/4721 4722/1/4722 
f 4587/1/4587 4592/1/4592 4721/1/4721 4710/1/4710 
f 4591/1/4591 4723/1/4723 4721/1/4721 4592/1/4592 
f 4724/1/4724 4722/1/4722 4721/1/4721 4723/1/4723 
f 4725/1/4725 4726/1/4726 4727/1/4727 4714/1/4714 
f 4687/1/4687 4685/1/4685 4726/1/4726 4725/1/4725 
f 4686/1/4686 4727/1/4727 4726/1/4726 4685/1/4685 
f 4727/1/4727 4728/1/4728 4718/1/4718 4714/1/4714 
f 4686/1/4686 4689/1/4689 4728/1/4728 4727/1/4727 
f 4691/1/4691 4718/1/4718 4728/1/4728 4689/1/4689 
f 4714/1/4714 4720/1/4720 4729/1/4729 4730/1/4730 
f 4694/1/4694 4697/1/4697 4729/1/4729 4720/1/4720 
f 4696/1/4696 4730/1/4730 4729/1/4729 4697/1/4697 
f 4714/1/4714 4730/1/4730 4731/1/4731 4715/1/4715 
f 4731/1/4731 4730/1/4730 4696/1/4696 4703/1/4703 
f 4702/1/4702 4715/1/4715 4731/1/4731 4703/1/4703 
f 4706/1/4706 4732/1/4732 4733/1/4733 4707/1/4707 
f 4675/1/4675 4732/1/4732 4706/1/4706 4678/1/4678 
f 4734/1/4734 4732/1/4732 4675/1/4675 4674/1/4674 
f 4735/1/4735 4733/1/4733 4732/1/4732 4734/1/4734 
f 4714/1/4714 4717/1/4717 4736/1/4736 4737/1/4737 
f 4707/1/4707 4733/1/4733 4736/1/4736 4717/1/4717 
f 4735/1/4735 4737/1/4737 4736/1/4736 4733/1/4733 
f 4738/1/4738 4739/1/4739 4740/1/4740 4741/1/4741 
f 4687/1/4687 4725/1/4725 4739/1/4739 4738/1/4738 
f 4725/1/4725 4714/1/4714 4740/1/4740 
f 4584/1/4584 4583/1/4583 4742/1/4742 4677/1/4677 
f 4708/1/4708 4742/1/4742 4583/1/4583 4582/1/4582 
f 4713/1/4713 4743/1/4743 4742/1/4742 4708/1/4708 
f 4677/1/4677 4742/1/4742 4743/1/4743 4674/1/4674 
f 4744/1/4744 4713/1/4713 4712/1/4712 4745/1/4745 
f 4711/1/4711 4722/1/4722 4745/1/4745 4712/1/4712 
f 4724/1/4724 4746/1/4746 4745/1/4745 4722/1/4722 
f 4747/1/4747 4744/1/4744 4745/1/4745 4746/1/4746 
f 4747/1/4747 4748/1/4748 4749/1/4749 4744/1/4744 
f 4734/1/4734 4749/1/4749 4748/1/4748 4735/1/4735 
f 4674/1/4674 4743/1/4743 4749/1/4749 4734/1/4734 
f 4744/1/4744 4749/1/4749 4743/1/4743 4713/1/4713 
f 4724/1/4724 4723/1/4723 4750/1/4750 4751/1/4751 
f 4591/1/4591 4594/1/4594 4750/1/4750 4723/1/4723 
f 4750/1/4750 4594/1/4594 4596/1/4596 4752/1/4752 
f 4751/1/4751 4750/1/4750 4752/1/4752 4753/1/4753 
f 4754/1/4754 4753/1/4753 4752/1/4752 
f 4598/1/4598 4755/1/4755 4752/1/4752 4596/1/4596 
f 4755/1/4755 4598/1/4598 4602/1/4602 
f 4651/1/4651 4650/1/4650 4754/1/4754 
f 4747/1/4747 4746/1/4746 4756/1/4756 4757/1/4757 
f 4751/1/4751 4756/1/4756 4746/1/4746 4724/1/4724 
f 4753/1/4753 4758/1/4758 4756/1/4756 4751/1/4751 
f 4757/1/4757 4756/1/4756 4758/1/4758 4741/1/4741 
f 4758/1/4758 4753/1/4753 4754/1/4754 
f 4650/1/4650 4759/1/4759 4760/1/4760 4754/1/4754 
f 4741/1/4741 4758/1/4758 4760/1/4760 4759/1/4759 
f 4738/1/4738 4741/1/4741 4759/1/4759 
f 4759/1/4759 4650/1/4650 4649/1/4649 
f 4683/1/4683 4761/1/4761 4649/1/4649 4653/1/4653 
f 4738/1/4738 4761/1/4761 4683/1/4683 4687/1/4687 
f 4741/1/4741 4740/1/4740 4762/1/4762 4757/1/4757 
f 4737/1/4737 4762/1/4762 4740/1/4740 4714/1/4714 
f 4735/1/4735 4748/1/4748 4762/1/4762 4737/1/4737 
f 4757/1/4757 4762/1/4762 4748/1/4748 4747/1/4747 
f 4526/1/4526 4525/1/4525 4763/1/4763 4764/1/4764 
f 4535/1/4535 4763/1/4763 4525/1/4525 4524/1/4524 
f 4536/1/4536 4566/1/4566 4763/1/4763 4535/1/4535 
f 4764/1/4764 4763/1/4763 4566/1/4566 4565/1/4565 
f 4564/1/4564 4647/1/4647 4765/1/4765 4563/1/4563 
f 4642/1/4642 4766/1/4766 4765/1/4765 4647/1/4647 
f 4767/1/4767 4765/1/4765 4766/1/4766 4768/1/4768 
f 4563/1/4563 4765/1/4765 4767/1/4767 4565/1/4565 
f 4768/1/4768 4766/1/4766 4769/1/4769 4770/1/4770 
f 4641/1/4641 4769/1/4769 4766/1/4766 4642/1/4642 
f 4635/1/4635 4771/1/4771 4769/1/4769 4641/1/4641 
f 4770/1/4770 4769/1/4769 4771/1/4771 4772/1/4772 
f 4772/1/4772 4771/1/4771 4773/1/4773 4774/1/4774 
f 4633/1/4633 4773/1/4773 4771/1/4771 4635/1/4635 
f 4630/1/4630 4775/1/4775 4773/1/4773 4633/1/4633 
f 4774/1/4774 4773/1/4773 4775/1/4775 4776/1/4776 
f 4775/1/4775 4777/1/4777 4778/1/4778 4776/1/4776 
f 4629/1/4629 4777/1/4777 4775/1/4775 4630/1/4630 
f 4777/1/4777 4629/1/4629 4626/1/4626 
f 4778/1/4778 4777/1/4777 4779/1/4779 4780/1/4780 
f 1847/1/1847 1846/1/1846 4781/1/4781 4782/1/4782 
f 4783/1/4783 4781/1/4781 1846/1/1846 1849/1/1849 
f 4778/1/4778 4781/1/4781 4783/1/4783 4776/1/4776 
f 4782/1/4782 4781/1/4781 4778/1/4778 4780/1/4780 
f 4784/1/4784 4785/1/4785 4786/1/4786 4787/1/4787 
f 4779/1/4779 4785/1/4785 4784/1/4784 4780/1/4780 
f 4625/1/4625 4785/1/4785 4779/1/4779 4626/1/4626 
f 4618/1/4618 4786/1/4786 4785/1/4785 4625/1/4625 
f 4787/1/4787 4786/1/4786 4788/1/4788 4789/1/4789 
f 4617/1/4617 4788/1/4788 4786/1/4786 4618/1/4618 
f 4612/1/4612 4790/1/4790 4788/1/4788 4617/1/4617 
f 4789/1/4789 4788/1/4788 4790/1/4790 4791/1/4791 
f 4791/1/4791 4790/1/4790 4792/1/4792 4793/1/4793 
f 4611/1/4611 4792/1/4792 4790/1/4790 4612/1/4612 
f 4606/1/4606 4794/1/4794 4792/1/4792 4611/1/4611 
f 4793/1/4793 4792/1/4792 4794/1/4794 4795/1/4795 
f 4578/1/4578 4577/1/4577 4796/1/4796 4599/1/4599 
f 4797/1/4797 4796/1/4796 4577/1/4577 4553/1/4553 
f 4798/1/4798 4799/1/4799 4796/1/4796 4797/1/4797 
f 4599/1/4599 4796/1/4796 4799/1/4799 4600/1/4600 
f 4553/1/4553 4552/1/4552 4800/1/4800 4797/1/4797 
f 4556/1/4556 4800/1/4800 4552/1/4552 4547/1/4547 
f 4558/1/4558 4801/1/4801 4800/1/4800 4556/1/4556 
f 4797/1/4797 4800/1/4800 4801/1/4801 4798/1/4798 
f 4795/1/4795 4794/1/4794 4802/1/4802 4803/1/4803 
f 4605/1/4605 4802/1/4802 4794/1/4794 4606/1/4606 
f 4600/1/4600 4799/1/4799 4802/1/4802 4605/1/4605 
f 4803/1/4803 4802/1/4802 4799/1/4799 4798/1/4798 
f 4558/1/4558 4557/1/4557 4804/1/4804 4805/1/4805 
f 3376/1/3376 4804/1/4804 4557/1/4557 3380/1/3380 
f 3375/1/3375 4806/1/4806 4804/1/4804 3376/1/3376 
f 4805/1/4805 4804/1/4804 4806/1/4806 4807/1/4807 
f 4807/1/4807 4808/1/4808 4809/1/4809 4805/1/4805 
f 4810/1/4810 4809/1/4809 4808/1/4808 4811/1/4811 
f 4798/1/4798 4801/1/4801 4809/1/4809 4810/1/4810 
f 4805/1/4805 4809/1/4809 4801/1/4801 4558/1/4558 
f 4807/1/4807 4806/1/4806 4812/1/4812 4813/1/4813 
f 4257/1/4257 4812/1/4812 4806/1/4806 3375/1/3375 
f 4260/1/4260 4814/1/4814 4812/1/4812 4257/1/4257 
f 4813/1/4813 4812/1/4812 4814/1/4814 4815/1/4815 
f 4811/1/4811 4808/1/4808 4816/1/4816 4817/1/4817 
f 4813/1/4813 4816/1/4816 4808/1/4808 4807/1/4807 
f 4815/1/4815 4818/1/4818 4816/1/4816 4813/1/4813 
f 4817/1/4817 4816/1/4816 4818/1/4818 4819/1/4819 
f 4795/1/4795 4803/1/4803 4820/1/4820 4821/1/4821 
f 4810/1/4810 4820/1/4820 4803/1/4803 4798/1/4798 
f 4811/1/4811 4817/1/4817 4820/1/4820 4810/1/4810 
f 4821/1/4821 4820/1/4820 4817/1/4817 4819/1/4819 
f 4822/1/4822 4823/1/4823 4824/1/4824 
f 4793/1/4793 4822/1/4822 4825/1/4825 4791/1/4791 
f 4795/1/4795 4821/1/4821 4822/1/4822 4793/1/4793 
f 4823/1/4823 4822/1/4822 4821/1/4821 4819/1/4819 
f 4826/1/4826 4827/1/4827 4828/1/4828 
f 4829/1/4829 4787/1/4787 4789/1/4789 
f 4791/1/4791 4825/1/4825 4826/1/4826 4789/1/4789 
f 4825/1/4825 4824/1/4824 4827/1/4827 
f 4784/1/4784 4830/1/4830 4831/1/4831 4780/1/4780 
f 4830/1/4830 4784/1/4784 4787/1/4787 
f 4832/1/4832 4830/1/4830 4829/1/4829 4828/1/4828 
f 4831/1/4831 4830/1/4830 4832/1/4832 1899/1/1899 
f 1901/1/1901 4833/1/4833 4831/1/4831 1899/1/1899 
f 1847/1/1847 4782/1/4782 4833/1/4833 1901/1/1901 
f 4780/1/4780 4831/1/4831 4833/1/4833 4782/1/4782 
f 4828/1/4828 4834/1/4834 4835/1/4835 4832/1/4832 
f 4836/1/4836 4835/1/4835 4834/1/4834 4837/1/4837 
f 1905/1/1905 1904/1/1904 4835/1/4835 4836/1/4836 
f 4832/1/4832 4835/1/4835 1904/1/1904 1899/1/1899 
f 4837/1/4837 4834/1/4834 4838/1/4838 4839/1/4839 
f 4827/1/4827 4838/1/4838 4834/1/4834 4828/1/4828 
f 4824/1/4824 4840/1/4840 4838/1/4838 4827/1/4827 
f 4839/1/4839 4838/1/4838 4840/1/4840 4841/1/4841 
f 4842/1/4842 4843/1/4843 1914/1/1914 1913/1/1913 
f 4836/1/4836 4842/1/4842 1913/1/1913 1905/1/1905 
f 4837/1/4837 4839/1/4839 4842/1/4842 4836/1/4836 
f 4843/1/4843 4842/1/4842 4839/1/4839 4841/1/4841 
f 4840/1/4840 4824/1/4824 4823/1/4823 
f 4823/1/4823 4819/1/4819 4844/1/4844 
f 4844/1/4844 4845/1/4845 4846/1/4846 
f 4841/1/4841 4840/1/4840 4847/1/4847 4846/1/4846 
f 1914/1/1914 4843/1/4843 4848/1/4848 1920/1/1920 
f 4849/1/4849 4848/1/4848 4843/1/4843 4841/1/4841 
f 4850/1/4850 4851/1/4851 4848/1/4848 4849/1/4849 
f 1920/1/1920 4848/1/4848 4851/1/4851 1923/1/1923 
f 4852/1/4852 4853/1/4853 4854/1/4854 1930/1/1930 
f 1923/1/1923 4851/1/4851 4853/1/4853 4852/1/4852 
f 4854/1/4854 4853/1/4853 4851/1/4851 4850/1/4850 
f 1928/1/1928 1923/1/1923 4852/1/4852 4855/1/4855 
f 1930/1/1930 1929/1/1929 4855/1/4855 4852/1/4852 
f 1928/1/1928 4855/1/4855 1929/1/1929 
f 4850/1/4850 4856/1/4856 4857/1/4857 4854/1/4854 
f 4858/1/4858 4857/1/4857 4856/1/4856 4859/1/4859 
f 1934/1/1934 1933/1/1933 4857/1/4857 4858/1/4858 
f 4854/1/4854 4857/1/4857 1933/1/1933 1930/1/1930 
f 4850/1/4850 4849/1/4849 4860/1/4860 4856/1/4856 
f 4846/1/4846 4860/1/4860 4849/1/4849 4841/1/4841 
f 4860/1/4860 4846/1/4846 4845/1/4845 
f 4861/1/4861 4859/1/4859 4856/1/4856 
f 1943/1/1943 4862/1/4862 4863/1/4863 4864/1/4864 
f 4858/1/4858 4863/1/4863 4862/1/4862 1934/1/1934 
f 4859/1/4859 4864/1/4864 4863/1/4863 4858/1/4858 
f 1934/1/1934 4862/1/4862 4865/1/4865 1941/1/1941 
f 1943/1/1943 1942/1/1942 4865/1/4865 4862/1/4862 
f 1941/1/1941 4865/1/4865 1942/1/1942 
f 4864/1/4864 4866/1/4866 1944/1/1944 1943/1/1943 
f 4867/1/4867 4866/1/4866 4864/1/4864 4859/1/4859 
f 4868/1/4868 4869/1/4869 4866/1/4866 4867/1/4867 
f 1944/1/1944 4866/1/4866 4869/1/4869 1947/1/1947 
f 4870/1/4870 4871/1/4871 4872/1/4872 4873/1/4873 
f 4275/1/4275 4286/1/4286 4872/1/4872 4871/1/4871 
f 1346/1/1346 1954/1/1954 4872/1/4872 4286/1/4286 
f 4873/1/4873 4872/1/4872 1954/1/1954 1955/1/1955 
f 4874/1/4874 4875/1/4875 4876/1/4876 4877/1/4877 
f 4876/1/4876 4875/1/4875 1955/1/1955 
f 1962/1/1962 4878/1/4878 4876/1/4876 1963/1/1963 
f 4877/1/4877 4876/1/4876 4878/1/4878 4879/1/4879 
f 4870/1/4870 4873/1/4873 4880/1/4880 4881/1/4881 
f 4875/1/4875 4880/1/4880 4873/1/4873 1955/1/1955 
f 4874/1/4874 4882/1/4882 4880/1/4880 4875/1/4875 
f 4881/1/4881 4880/1/4880 4882/1/4882 4883/1/4883 
f 4276/1/4276 4884/1/4884 4885/1/4885 4266/1/4266 
f 4276/1/4276 4275/1/4275 4871/1/4871 
f 4870/1/4870 4881/1/4881 4884/1/4884 4871/1/4871 
f 4883/1/4883 4885/1/4885 4884/1/4884 4881/1/4881 
f 4874/1/4874 4877/1/4877 4886/1/4886 4882/1/4882 
f 4879/1/4879 4887/1/4887 4886/1/4886 4877/1/4877 
f 4888/1/4888 4889/1/4889 4886/1/4886 4887/1/4887 
f 4882/1/4882 4886/1/4886 4889/1/4889 4883/1/4883 
f 4890/1/4890 4891/1/4891 4892/1/4892 4893/1/4893 
f 4264/1/4264 4892/1/4892 4891/1/4891 4262/1/4262 
f 4266/1/4266 4885/1/4885 4892/1/4892 4264/1/4264 
f 4893/1/4893 4892/1/4892 4885/1/4885 4883/1/4883 
f 4894/1/4894 4895/1/4895 4896/1/4896 4897/1/4897 
f 4879/1/4879 4878/1/4878 4895/1/4895 4894/1/4894 
f 1982/1/1982 4895/1/4895 4878/1/4878 1962/1/1962 
f 4896/1/4896 4895/1/4895 1982/1/1982 1983/1/1983 
f 4898/1/4898 4899/1/4899 4900/1/4900 4901/1/4901 
f 4893/1/4893 4900/1/4900 4899/1/4899 4890/1/4890 
f 4883/1/4883 4889/1/4889 4900/1/4900 4893/1/4893 
f 4901/1/4901 4900/1/4900 4889/1/4889 4888/1/4888 
f 4888/1/4888 4887/1/4887 4902/1/4902 4901/1/4901 
f 4894/1/4894 4902/1/4902 4887/1/4887 4879/1/4879 
f 4897/1/4897 4903/1/4903 4902/1/4902 4894/1/4894 
f 4901/1/4901 4902/1/4902 4903/1/4903 4898/1/4898 
f 4904/1/4904 4905/1/4905 4906/1/4906 4907/1/4907 
f 4896/1/4896 4906/1/4906 4905/1/4905 4897/1/4897 
f 1983/1/1983 1994/1/1994 4906/1/4906 4896/1/4896 
f 4907/1/4907 4906/1/4906 1994/1/1994 1995/1/1995 
f 4908/1/4908 4909/1/4909 4910/1/4910 4911/1/4911 
f 4909/1/4909 4260/1/4260 4259/1/4259 
f 4262/1/4262 4891/1/4891 4910/1/4910 4259/1/4259 
f 4911/1/4911 4910/1/4910 4891/1/4891 4890/1/4890 
f 1995/1/1995 2001/1/2001 4912/1/4912 4907/1/4907 
f 4869/1/4869 4912/1/4912 2001/1/2001 1947/1/1947 
f 4868/1/4868 4913/1/4913 4912/1/4912 4869/1/4869 
f 4907/1/4907 4912/1/4912 4913/1/4913 4904/1/4904 
f 4914/1/4914 4915/1/4915 4845/1/4845 
f 4819/1/4819 4818/1/4818 4914/1/4914 4844/1/4844 
f 4916/1/4916 4914/1/4914 4818/1/4818 4815/1/4815 
f 4915/1/4915 4914/1/4914 4916/1/4916 4917/1/4917 
f 4918/1/4918 4919/1/4919 4920/1/4920 4921/1/4921 
f 4911/1/4911 4920/1/4920 4919/1/4919 4908/1/4908 
f 4890/1/4890 4899/1/4899 4920/1/4920 4911/1/4911 
f 4921/1/4921 4920/1/4920 4899/1/4899 4898/1/4898 
f 4814/1/4814 4260/1/4260 4909/1/4909 
f 4909/1/4909 4908/1/4908 4922/1/4922 
f 4923/1/4923 4922/1/4922 4917/1/4917 
f 4815/1/4815 4814/1/4814 4923/1/4923 4916/1/4916 
f 4922/1/4922 4924/1/4924 4925/1/4925 4917/1/4917 
f 4908/1/4908 4919/1/4919 4924/1/4924 4922/1/4922 
f 4918/1/4918 4925/1/4925 4924/1/4924 4919/1/4919 
f 4926/1/4926 4867/1/4867 4859/1/4859 
f 4861/1/4861 4845/1/4845 4915/1/4915 
f 4917/1/4917 4927/1/4927 4926/1/4926 4915/1/4915 
f 4867/1/4867 4926/1/4926 4927/1/4927 4868/1/4868 
f 4928/1/4928 4929/1/4929 4925/1/4925 4918/1/4918 
f 4913/1/4913 4929/1/4929 4928/1/4928 4904/1/4904 
f 4868/1/4868 4927/1/4927 4929/1/4929 4913/1/4913 
f 4925/1/4925 4929/1/4929 4927/1/4927 4917/1/4917 
f 4898/1/4898 4903/1/4903 4930/1/4930 4921/1/4921 
f 4905/1/4905 4930/1/4930 4903/1/4903 4897/1/4897 
f 4904/1/4904 4928/1/4928 4930/1/4930 4905/1/4905 
f 4921/1/4921 4930/1/4930 4928/1/4928 4918/1/4918 
f 3616/1/3616 3615/1/3615 4931/1/4931 4932/1/4932 
f 4522/1/4522 4931/1/4931 3615/1/3615 3477/1/3477 
f 4931/1/4931 4522/1/4522 4526/1/4526 
f 4932/1/4932 4931/1/4931 4933/1/4933 4934/1/4934 
f 3620/1/3620 3619/1/3619 4935/1/4935 4936/1/4936 
f 4932/1/4932 4935/1/4935 3619/1/3619 3616/1/3616 
f 4934/1/4934 4937/1/4937 4935/1/4935 4932/1/4932 
f 4936/1/4936 4935/1/4935 4937/1/4937 4938/1/4938 
f 4939/1/4939 4526/1/4526 4764/1/4764 
f 4565/1/4565 4767/1/4767 4940/1/4940 4764/1/4764 
f 4768/1/4768 4941/1/4941 4940/1/4940 4767/1/4767 
f 4939/1/4939 4940/1/4940 4941/1/4941 4942/1/4942 
f 4942/1/4942 4941/1/4941 4943/1/4943 4944/1/4944 
f 4770/1/4770 4943/1/4943 4941/1/4941 4768/1/4768 
f 4772/1/4772 4945/1/4945 4943/1/4943 4770/1/4770 
f 4944/1/4944 4943/1/4943 4945/1/4945 4946/1/4946 
f 4776/1/4776 4947/1/4947 4948/1/4948 4774/1/4774 
f 4949/1/4949 4948/1/4948 4947/1/4947 2039/1/2039 
f 4946/1/4946 4945/1/4945 4948/1/4948 4949/1/4949 
f 4774/1/4774 4948/1/4948 4945/1/4945 4772/1/4772 
f 4947/1/4947 4950/1/4950 2040/1/2040 2039/1/2039 
f 4783/1/4783 4950/1/4950 4947/1/4947 4776/1/4776 
f 1849/1/1849 2040/1/2040 4950/1/4950 4783/1/4783 
f 4934/1/4934 4933/1/4933 4951/1/4951 4952/1/4952 
f 4939/1/4939 4951/1/4951 4933/1/4933 4526/1/4526 
f 4951/1/4951 4939/1/4939 4942/1/4942 
f 4953/1/4953 4954/1/4954 4952/1/4952 
f 4937/1/4937 4955/1/4955 4956/1/4956 4938/1/4938 
f 4952/1/4952 4955/1/4955 4937/1/4937 4934/1/4934 
f 4955/1/4955 4952/1/4952 4954/1/4954 
f 4956/1/4956 4955/1/4955 4957/1/4957 4958/1/4958 
f 4959/1/4959 4960/1/4960 4954/1/4954 
f 4944/1/4944 4959/1/4959 4953/1/4953 4942/1/4942 
f 4946/1/4946 4961/1/4961 4959/1/4959 4944/1/4944 
f 4962/1/4962 4960/1/4960 4959/1/4959 4961/1/4961 
f 2054/1/2054 4963/1/4963 4964/1/4964 2055/1/2055 
f 4961/1/4961 4964/1/4964 4963/1/4963 4962/1/4962 
f 4964/1/4964 4961/1/4961 4946/1/4946 
f 2055/1/2055 4964/1/4964 4949/1/4949 2039/1/2039 
f 4938/1/4938 4956/1/4956 4965/1/4965 4936/1/4936 
f 4966/1/4966 4965/1/4965 4956/1/4956 4958/1/4958 
f 4967/1/4967 4968/1/4968 4965/1/4965 4966/1/4966 
f 4936/1/4936 4965/1/4965 4968/1/4968 3620/1/3620 
f 3620/1/3620 4968/1/4968 4969/1/4969 3624/1/3624 
f 4970/1/4970 4969/1/4969 4968/1/4968 4967/1/4967 
f 4971/1/4971 4972/1/4972 4969/1/4969 4970/1/4970 
f 3624/1/3624 4969/1/4969 4972/1/4972 3621/1/3621 
f 3625/1/3625 3628/1/3628 4973/1/4973 4974/1/4974 
f 3621/1/3621 4972/1/4972 4973/1/4973 3628/1/3628 
f 4971/1/4971 4975/1/4975 4973/1/4973 4972/1/4972 
f 4974/1/4974 4973/1/4973 4975/1/4975 4976/1/4976 
f 3640/1/3640 3639/1/3639 4977/1/4977 4978/1/4978 
f 4979/1/4979 4977/1/4977 3639/1/3639 3634/1/3634 
f 4980/1/4980 4981/1/4981 4977/1/4977 4979/1/4979 
f 4978/1/4978 4977/1/4977 4981/1/4981 4982/1/4982 
f 3643/1/3643 3642/1/3642 4983/1/4983 4984/1/4984 
f 4978/1/4978 4983/1/4983 3642/1/3642 3640/1/3640 
f 4982/1/4982 4985/1/4985 4983/1/4983 4978/1/4978 
f 4984/1/4984 4983/1/4983 4985/1/4985 4986/1/4986 
f 2080/1/2080 4987/1/4987 4988/1/4988 2081/1/2081 
f 4987/1/4987 4986/1/4986 4985/1/4985 
f 4989/1/4989 4988/1/4988 4985/1/4985 4982/1/4982 
f 2084/1/2084 2081/1/2081 4988/1/4988 4989/1/4989 
f 4990/1/4990 4991/1/4991 4992/1/4992 4993/1/4993 
f 3646/1/3646 4992/1/4992 4991/1/4991 3647/1/3647 
f 3643/1/3643 4984/1/4984 4992/1/4992 3646/1/3646 
f 4984/1/4984 4986/1/4986 4993/1/4993 
f 4993/1/4993 4994/1/4994 4995/1/4995 4990/1/4990 
f 4986/1/4986 4987/1/4987 4994/1/4994 4993/1/4993 
f 4994/1/4994 4987/1/4987 2080/1/2080 2093/1/2093 
f 2092/1/2092 4995/1/4995 4994/1/4994 2093/1/2093 
f 3647/1/3647 4991/1/4991 4996/1/4996 3650/1/3650 
f 4997/1/4997 4996/1/4996 4991/1/4991 4990/1/4990 
f 4998/1/4998 4999/1/4999 4996/1/4996 4997/1/4997 
f 3650/1/3650 4996/1/4996 4999/1/4999 3651/1/3651 
f 4990/1/4990 4995/1/4995 5000/1/5000 4997/1/4997 
f 2101/1/2101 5000/1/5000 4995/1/4995 2092/1/2092 
f 2100/1/2100 5001/1/5001 5000/1/5000 2101/1/2101 
f 4997/1/4997 5000/1/5000 5001/1/5001 4998/1/4998 
f 5002/1/5002 3654/1/3654 3651/1/3651 
f 5003/1/5003 5002/1/5002 4999/1/4999 4998/1/4998 
f 5004/1/5004 5005/1/5005 5002/1/5002 5003/1/5003 
f 5005/1/5005 3655/1/3655 3654/1/3654 
f 3632/1/3632 3631/1/3631 5006/1/5006 5007/1/5007 
f 4974/1/4974 5006/1/5006 3631/1/3631 3625/1/3625 
f 4976/1/4976 5008/1/5008 5006/1/5006 4974/1/4974 
f 5007/1/5007 5006/1/5006 5008/1/5008 5009/1/5009 
f 3634/1/3634 3633/1/3633 5010/1/5010 4979/1/4979 
f 5007/1/5007 5010/1/5010 3633/1/3633 3632/1/3632 
f 5009/1/5009 5011/1/5011 5010/1/5010 5007/1/5007 
f 4979/1/4979 5010/1/5010 5011/1/5011 4980/1/4980 
f 4982/1/4982 4981/1/4981 5012/1/5012 4989/1/4989 
f 5013/1/5013 5012/1/5012 4981/1/4981 4980/1/4980 
f 2114/1/2114 2113/1/2113 5012/1/5012 5013/1/5013 
f 4989/1/4989 5012/1/5012 2113/1/2113 2084/1/2084 
f 4976/1/4976 4975/1/4975 5014/1/5014 5015/1/5015 
f 5016/1/5016 5014/1/5014 4975/1/4975 4971/1/4971 
f 2116/1/2116 2119/1/2119 5014/1/5014 5016/1/5016 
f 5015/1/5015 5014/1/5014 2119/1/2119 2121/1/2121 
f 5009/1/5009 5008/1/5008 5017/1/5017 5018/1/5018 
f 5015/1/5015 5017/1/5017 5008/1/5008 4976/1/4976 
f 2121/1/2121 2124/1/2124 5017/1/5017 5015/1/5015 
f 5018/1/5018 5017/1/5017 2124/1/2124 2125/1/2125 
f 4980/1/4980 5011/1/5011 5019/1/5019 5013/1/5013 
f 5018/1/5018 5019/1/5019 5011/1/5011 5009/1/5009 
f 2125/1/2125 2127/1/2127 5019/1/5019 5018/1/5018 
f 5013/1/5013 5019/1/5019 2127/1/2127 2114/1/2114 
f 4967/1/4967 4966/1/4966 5020/1/5020 5021/1/5021 
f 5022/1/5022 5020/1/5020 4966/1/4966 4958/1/4958 
f 5023/1/5023 5024/1/5024 5020/1/5020 5022/1/5022 
f 5021/1/5021 5020/1/5020 5024/1/5024 2131/1/2131 
f 4958/1/4958 4957/1/4957 5025/1/5025 5022/1/5022 
f 4960/1/4960 5025/1/5025 4957/1/4957 4954/1/4954 
f 5026/1/5026 5025/1/5025 4960/1/4960 4962/1/4962 
f 5022/1/5022 5025/1/5025 5026/1/5026 5023/1/5023 
f 4962/1/4962 4963/1/4963 5027/1/5027 5026/1/5026 
f 2139/1/2139 5027/1/5027 4963/1/4963 2054/1/2054 
f 2138/1/2138 5028/1/5028 5027/1/5027 2139/1/2139 
f 5026/1/5026 5027/1/5027 5028/1/5028 5023/1/5023 
f 5023/1/5023 5028/1/5028 5029/1/5029 5024/1/5024 
f 2138/1/2138 2141/1/2141 5029/1/5029 5028/1/5028 
f 5024/1/5024 5029/1/5029 2141/1/2141 2131/1/2131 
f 2116/1/2116 5016/1/5016 5030/1/5030 2143/1/2143 
f 4970/1/4970 5030/1/5030 5016/1/5016 4971/1/4971 
f 4967/1/4967 5021/1/5021 5030/1/5030 4970/1/4970 
f 2143/1/2143 5030/1/5030 5021/1/5021 2131/1/2131 
f 5031/1/5031 5032/1/5032 5033/1/5033 5034/1/5034 
f 3860/1/3860 5033/1/5033 5032/1/5032 3852/1/3852 
f 3864/1/3864 5035/1/5035 5033/1/5033 3860/1/3860 
f 5034/1/5034 5033/1/5033 5035/1/5035 5036/1/5036 
f 3874/1/3874 5037/1/5037 5035/1/5035 3864/1/3864 
f 5038/1/5038 5037/1/5037 3874/1/3874 3878/1/3878 
f 5039/1/5039 5040/1/5040 5037/1/5037 5038/1/5038 
f 5040/1/5040 5036/1/5036 5035/1/5035 5037/1/5037 
f 3878/1/3878 3886/1/3886 5041/1/5041 5038/1/5038 
f 5042/1/5042 5041/1/5041 3886/1/3886 3890/1/3890 
f 5043/1/5043 5044/1/5044 5041/1/5041 5042/1/5042 
f 5038/1/5038 5041/1/5041 5044/1/5044 5039/1/5039 
f 3890/1/3890 3907/1/3907 5045/1/5045 5042/1/5042 
f 3882/1/3882 5046/1/5046 5045/1/5045 3907/1/3907 
f 5047/1/5047 5045/1/5045 5046/1/5046 5048/1/5048 
f 5042/1/5042 5045/1/5045 5047/1/5047 5043/1/5043 
f 2162/1/2162 2165/1/2165 5049/1/5049 5050/1/5050 
f 3851/1/3851 5049/1/5049 2165/1/2165 881/1/881 
f 3852/1/3852 5032/1/5032 5049/1/5049 3851/1/3851 
f 5050/1/5050 5049/1/5049 5032/1/5032 5031/1/5031 
f 5051/1/5051 5052/1/5052 5053/1/5053 5054/1/5054 
f 2166/1/2166 5052/1/5052 5051/1/5051 2169/1/2169 
f 2166/1/2166 2162/1/2162 5050/1/5050 
f 5052/1/5052 5050/1/5050 5031/1/5031 
f 5054/1/5054 5053/1/5053 5055/1/5055 5056/1/5056 
f 5034/1/5034 5055/1/5055 5053/1/5053 5031/1/5031 
f 5036/1/5036 5057/1/5057 5055/1/5055 5034/1/5034 
f 5056/1/5056 5055/1/5055 5057/1/5057 5058/1/5058 
f 5059/1/5059 5060/1/5060 5061/1/5061 5062/1/5062 
f 5058/1/5058 5057/1/5057 5061/1/5061 5060/1/5060 
f 5040/1/5040 5061/1/5061 5057/1/5057 5036/1/5036 
f 5062/1/5062 5061/1/5061 5040/1/5040 5039/1/5039 
f 5063/1/5063 5064/1/5064 5065/1/5065 5066/1/5066 
f 5062/1/5062 5065/1/5065 5064/1/5064 5059/1/5059 
f 5039/1/5039 5044/1/5044 5065/1/5065 5062/1/5062 
f 5066/1/5066 5065/1/5065 5044/1/5044 5043/1/5043 
f 5067/1/5067 5068/1/5068 5069/1/5069 5070/1/5070 
f 5066/1/5066 5068/1/5068 5067/1/5067 5063/1/5063 
f 5043/1/5043 5047/1/5047 5068/1/5068 5066/1/5066 
f 5048/1/5048 5069/1/5069 5068/1/5068 5047/1/5047 
f 2169/1/2169 5051/1/5051 5071/1/5071 2188/1/2188 
f 5056/1/5056 5071/1/5071 5051/1/5051 5054/1/5054 
f 5058/1/5058 5072/1/5072 5071/1/5071 5056/1/5056 
f 2188/1/2188 5071/1/5071 5072/1/5072 2191/1/2191 
f 5073/1/5073 5074/1/5074 5075/1/5075 5076/1/5076 
f 5072/1/5072 5075/1/5075 5074/1/5074 2191/1/2191 
f 5058/1/5058 5060/1/5060 5075/1/5075 5072/1/5072 
f 5076/1/5076 5075/1/5075 5060/1/5060 5059/1/5059 
f 2196/1/2196 2199/1/2199 5077/1/5077 5078/1/5078 
f 5074/1/5074 5077/1/5077 2199/1/2199 2191/1/2191 
f 5073/1/5073 5078/1/5078 5077/1/5077 5074/1/5074 
f 5079/1/5079 5080/1/5080 5081/1/5081 5082/1/5082 
f 5076/1/5076 5081/1/5081 5080/1/5080 5073/1/5073 
f 5059/1/5059 5064/1/5064 5081/1/5081 5076/1/5076 
f 5082/1/5082 5081/1/5081 5064/1/5064 5063/1/5063 
f 2204/1/2204 2207/1/2207 5083/1/5083 5084/1/5084 
f 5078/1/5078 5083/1/5083 2207/1/2207 2196/1/2196 
f 5073/1/5073 5080/1/5080 5083/1/5083 5078/1/5078 
f 5084/1/5084 5083/1/5083 5080/1/5080 5079/1/5079 
f 5082/1/5082 5085/1/5085 5086/1/5086 5079/1/5079 
f 5063/1/5063 5067/1/5067 5085/1/5085 5082/1/5082 
f 5070/1/5070 5087/1/5087 5085/1/5085 5067/1/5067 
f 5086/1/5086 5085/1/5085 5087/1/5087 5088/1/5088 
f 2214/1/2214 5089/1/5089 5090/1/5090 2215/1/2215 
f 5084/1/5084 5089/1/5089 2214/1/2214 2204/1/2204 
f 5079/1/5079 5086/1/5086 5089/1/5089 5084/1/5084 
f 5088/1/5088 5090/1/5090 5089/1/5089 5086/1/5086 
f 2215/1/2215 5090/1/5090 5091/1/5091 2216/1/2216 
f 5092/1/5092 5091/1/5091 5090/1/5090 5088/1/5088 
f 5093/1/5093 5094/1/5094 5091/1/5091 5092/1/5092 
f 2216/1/2216 5091/1/5091 5094/1/5094 2219/1/2219 
f 5093/1/5093 5092/1/5092 5095/1/5095 5096/1/5096 
f 5088/1/5088 5087/1/5087 5095/1/5095 5092/1/5092 
f 5097/1/5097 5095/1/5095 5087/1/5087 5070/1/5070 
f 5096/1/5096 5095/1/5095 5097/1/5097 5098/1/5098 
f 2219/1/2219 5094/1/5094 5099/1/5099 2226/1/2226 
f 5096/1/5096 5099/1/5099 5094/1/5094 5093/1/5093 
f 5098/1/5098 5100/1/5100 5099/1/5099 5096/1/5096 
f 2226/1/2226 5099/1/5099 5100/1/5100 2229/1/2229 
f 5098/1/5098 5097/1/5097 5101/1/5101 5102/1/5102 
f 5069/1/5069 5101/1/5101 5097/1/5097 5070/1/5070 
f 5103/1/5103 5101/1/5101 5069/1/5069 5048/1/5048 
f 5102/1/5102 5101/1/5101 5103/1/5103 5104/1/5104 
f 5048/1/5048 5046/1/5046 5105/1/5105 5103/1/5103 
f 3881/1/3881 5105/1/5105 5046/1/5046 3882/1/3882 
f 3777/1/3777 5106/1/5106 5105/1/5105 3881/1/3881 
f 5103/1/5103 5105/1/5105 5106/1/5106 5104/1/5104 
f 2229/1/2229 5100/1/5100 5107/1/5107 2236/1/2236 
f 5102/1/5102 5107/1/5107 5100/1/5100 5098/1/5098 
f 5104/1/5104 5108/1/5108 5107/1/5107 5102/1/5102 
f 2236/1/2236 5107/1/5107 5108/1/5108 2239/1/2239 
f 3777/1/3777 3776/1/3776 5109/1/5109 5106/1/5106 
f 5110/1/5110 5109/1/5109 3776/1/3776 3664/1/3664 
f 5111/1/5111 5112/1/5112 5109/1/5109 5110/1/5110 
f 5106/1/5106 5109/1/5109 5112/1/5112 5104/1/5104 
f 2244/1/2244 2247/1/2247 5113/1/5113 5114/1/5114 
f 2239/1/2239 5108/1/5108 5113/1/5113 2247/1/2247 
f 5112/1/5112 5113/1/5113 5108/1/5108 5104/1/5104 
f 5114/1/5114 5113/1/5113 5112/1/5112 5111/1/5111 
f 3664/1/3664 3661/1/3661 5115/1/5115 5110/1/5110 
f 5116/1/5116 5115/1/5115 3661/1/3661 3660/1/3660 
f 5117/1/5117 5118/1/5118 5115/1/5115 5116/1/5116 
f 5110/1/5110 5115/1/5115 5118/1/5118 5111/1/5111 
f 3660/1/3660 3666/1/3666 5119/1/5119 5116/1/5116 
f 5005/1/5005 5119/1/5119 3666/1/3666 3655/1/3655 
f 5004/1/5004 5120/1/5120 5119/1/5119 5005/1/5005 
f 5116/1/5116 5119/1/5119 5120/1/5120 5117/1/5117 
f 2256/1/2256 2255/1/2255 5121/1/5121 5122/1/5122 
f 5114/1/5114 5121/1/5121 2255/1/2255 2244/1/2244 
f 5111/1/5111 5118/1/5118 5121/1/5121 5114/1/5114 
f 5122/1/5122 5121/1/5121 5118/1/5118 5117/1/5117 
f 2260/1/2260 5123/1/5123 5124/1/5124 2261/1/2261 
f 5003/1/5003 5124/1/5124 5123/1/5123 5004/1/5004 
f 4998/1/4998 5001/1/5001 5124/1/5124 5003/1/5003 
f 2261/1/2261 5124/1/5124 5001/1/5001 2100/1/2100 
f 5117/1/5117 5120/1/5120 5125/1/5125 5122/1/5122 
f 5123/1/5123 5125/1/5125 5120/1/5120 5004/1/5004 
f 2260/1/2260 2263/1/2263 5125/1/5125 5123/1/5123 
f 5122/1/5122 5125/1/5125 2263/1/2263 2256/1/2256 
f 3685/1/3685 3684/1/3684 5126/1/5126 5127/1/5127 
f 3739/1/3739 5126/1/5126 3684/1/3684 3678/1/3678 
f 3740/1/3740 4375/1/4375 5126/1/5126 3739/1/3739 
f 4375/1/4375 4378/1/4378 5127/1/5127 
f 3710/1/3710 3707/1/3707 5128/1/5128 5129/1/5129 
f 3707/1/3707 3686/1/3686 3683/1/3683 
f 5128/1/5128 3683/1/3683 3685/1/3685 
f 5129/1/5129 5128/1/5128 5130/1/5130 5131/1/5131 
f 4504/1/4504 4503/1/4503 5132/1/5132 5133/1/5133 
f 5129/1/5129 5132/1/5132 4503/1/4503 3710/1/3710 
f 5131/1/5131 5134/1/5134 5132/1/5132 5129/1/5129 
f 5133/1/5133 5132/1/5132 5134/1/5134 5135/1/5135 
f 4516/1/4516 4515/1/4515 5136/1/5136 5137/1/5137 
f 5133/1/5133 5136/1/5136 4515/1/4515 4504/1/4504 
f 5135/1/5135 5138/1/5138 5136/1/5136 5133/1/5133 
f 5137/1/5137 5136/1/5136 5138/1/5138 5139/1/5139 
f 4520/1/4520 4519/1/4519 5140/1/5140 5141/1/5141 
f 5137/1/5137 5140/1/5140 4519/1/4519 4516/1/4516 
f 5139/1/5139 5142/1/5142 5140/1/5140 5137/1/5137 
f 5141/1/5141 5140/1/5140 5142/1/5142 5143/1/5143 
f 5144/1/5144 5145/1/5145 5146/1/5146 
f 5145/1/5145 4378/1/4378 4377/1/4377 
f 5146/1/5146 4377/1/4377 4363/1/4363 
f 4380/1/4380 4379/1/4379 5147/1/5147 
f 4379/1/4379 4384/1/4384 5148/1/5148 5147/1/5147 
f 4383/1/4383 5149/1/5149 5148/1/5148 4384/1/4384 
f 5150/1/5150 5148/1/5148 5149/1/5149 5151/1/5151 
f 5147/1/5147 5148/1/5148 5150/1/5150 5144/1/5144 
f 5152/1/5152 5153/1/5153 5131/1/5131 
f 5130/1/5130 3685/1/3685 5127/1/5127 
f 5152/1/5152 5127/1/5127 4378/1/4378 
f 5154/1/5154 5155/1/5155 5153/1/5153 
f 5153/1/5153 5156/1/5156 5134/1/5134 5131/1/5131 
f 5157/1/5157 5156/1/5156 5153/1/5153 5155/1/5155 
f 5158/1/5158 5159/1/5159 5156/1/5156 5157/1/5157 
f 5135/1/5135 5134/1/5134 5156/1/5156 5159/1/5159 
f 5159/1/5159 5160/1/5160 5138/1/5138 5135/1/5135 
f 5158/1/5158 5161/1/5161 5160/1/5160 5159/1/5159 
f 5162/1/5162 5160/1/5160 5161/1/5161 5163/1/5163 
f 5139/1/5139 5138/1/5138 5160/1/5160 5162/1/5162 
f 5143/1/5143 5142/1/5142 5164/1/5164 5165/1/5165 
f 5162/1/5162 5164/1/5164 5142/1/5142 5139/1/5139 
f 5163/1/5163 5166/1/5166 5164/1/5164 5162/1/5162 
f 5165/1/5165 5164/1/5164 5166/1/5166 5167/1/5167 
f 5168/1/5168 5169/1/5169 5170/1/5170 5171/1/5171 
f 5167/1/5167 5166/1/5166 5169/1/5169 5168/1/5168 
f 5172/1/5172 5169/1/5169 5166/1/5166 5163/1/5163 
f 5173/1/5173 5170/1/5170 5169/1/5169 5172/1/5172 
f 5173/1/5173 5172/1/5172 5174/1/5174 5175/1/5175 
f 5163/1/5163 5161/1/5161 5174/1/5174 5172/1/5172 
f 5158/1/5158 5176/1/5176 5174/1/5174 5161/1/5161 
f 5175/1/5175 5174/1/5174 5176/1/5176 5177/1/5177 
f 4390/1/4390 4389/1/4389 5178/1/5178 5179/1/5179 
f 4367/1/4367 5178/1/5178 4389/1/4389 4368/1/4368 
f 3773/1/3773 5180/1/5180 5178/1/5178 4367/1/4367 
f 5179/1/5179 5178/1/5178 5180/1/5180 5181/1/5181 
f 5151/1/5151 5149/1/5149 5182/1/5182 5183/1/5183 
f 4387/1/4387 5182/1/5182 5149/1/5149 4383/1/4383 
f 4390/1/4390 5179/1/5179 5182/1/5182 4387/1/4387 
f 5183/1/5183 5182/1/5182 5179/1/5179 5181/1/5181 
f 5184/1/5184 5185/1/5185 5181/1/5181 
f 3771/1/3771 5184/1/5184 5180/1/5180 3773/1/3773 
f 3772/1/3772 4392/1/4392 5184/1/5184 3771/1/3771 
f 5184/1/5184 4392/1/4392 4396/1/4396 
f 5186/1/5186 5187/1/5187 5144/1/5144 
f 5150/1/5150 5151/1/5151 5183/1/5183 
f 5186/1/5186 5183/1/5183 5181/1/5181 
f 5188/1/5188 5189/1/5189 5187/1/5187 
f 5190/1/5190 5191/1/5191 5155/1/5155 
f 5154/1/5154 4378/1/4378 5145/1/5145 
f 5190/1/5190 5145/1/5145 5144/1/5144 
f 5187/1/5187 5189/1/5189 5191/1/5191 
f 5177/1/5177 5176/1/5176 5192/1/5192 5193/1/5193 
f 5157/1/5157 5192/1/5192 5176/1/5176 5158/1/5158 
f 5155/1/5155 5191/1/5191 5192/1/5192 5157/1/5157 
f 5193/1/5193 5192/1/5192 5191/1/5191 5189/1/5189 
f 5189/1/5189 5188/1/5188 5194/1/5194 5195/1/5195 
f 5188/1/5188 5181/1/5181 5185/1/5185 
f 5194/1/5194 5185/1/5185 4396/1/4396 
f 5195/1/5195 5194/1/5194 5196/1/5196 5197/1/5197 
f 5198/1/5198 5199/1/5199 5200/1/5200 5201/1/5201 
f 5198/1/5198 4394/1/4394 4398/1/4398 
f 5199/1/5199 4398/1/4398 4400/1/4400 
f 5200/1/5200 5199/1/5199 4428/1/4428 4427/1/4427 
f 5202/1/5202 5196/1/5196 4396/1/4396 
f 4395/1/4395 4394/1/4394 5198/1/5198 
f 5201/1/5201 5203/1/5203 5202/1/5202 5198/1/5198 
f 5196/1/5196 5202/1/5202 5203/1/5203 5197/1/5197 
f 5204/1/5204 5205/1/5205 5201/1/5201 
f 4436/1/4436 5204/1/5204 5200/1/5200 4427/1/4427 
f 4438/1/4438 5206/1/5206 5204/1/5204 4436/1/4436 
f 5205/1/5205 5204/1/5204 5206/1/5206 5207/1/5207 
f 5207/1/5207 5206/1/5206 5208/1/5208 5209/1/5209 
f 4440/1/4440 5208/1/5208 5206/1/5206 4438/1/4438 
f 4434/1/4434 5210/1/5210 5208/1/5208 4440/1/4440 
f 5209/1/5209 5208/1/5208 5210/1/5210 5211/1/5211 
f 4434/1/4434 4433/1/4433 5212/1/5212 5210/1/5210 
f 4409/1/4409 5212/1/5212 4433/1/4433 4411/1/4411 
f 4360/1/4360 5213/1/5213 5212/1/5212 4409/1/4409 
f 5210/1/5210 5212/1/5212 5213/1/5213 5211/1/5211 
f 4359/1/4359 5214/1/5214 5213/1/5213 4360/1/4360 
f 5215/1/5215 5214/1/5214 4359/1/4359 4356/1/4356 
f 5216/1/5216 5214/1/5214 5215/1/5215 5217/1/5217 
f 5211/1/5211 5213/1/5213 5214/1/5214 5216/1/5216 
f 5218/1/5218 5219/1/5219 5220/1/5220 5221/1/5221 
f 5217/1/5217 5215/1/5215 5220/1/5220 5219/1/5219 
f 4356/1/4356 4355/1/4355 5220/1/5220 5215/1/5215 
f 5221/1/5221 5220/1/5220 4355/1/4355 4352/1/4352 
f 4352/1/4352 4351/1/4351 5222/1/5222 5221/1/5221 
f 4351/1/4351 4348/1/4348 5223/1/5223 
f 5224/1/5224 5225/1/5225 5222/1/5222 5223/1/5223 
f 5221/1/5221 5222/1/5222 5225/1/5225 5218/1/5218 
f 5223/1/5223 5226/1/5226 5227/1/5227 5224/1/5224 
f 4348/1/4348 4345/1/4345 5226/1/5226 5223/1/5223 
f 4343/1/4343 5228/1/5228 5226/1/5226 4345/1/4345 
f 5227/1/5227 5226/1/5226 5228/1/5228 5229/1/5229 
f 5229/1/5229 5228/1/5228 5230/1/5230 5231/1/5231 
f 4342/1/4342 5230/1/5230 5228/1/5228 4343/1/4343 
f 4339/1/4339 5232/1/5232 5230/1/5230 4342/1/4342 
f 5231/1/5231 5230/1/5230 5232/1/5232 5233/1/5233 
f 5233/1/5233 5232/1/5232 5234/1/5234 5235/1/5235 
f 4338/1/4338 5234/1/5234 5232/1/5232 4339/1/4339 
f 5234/1/5234 4338/1/4338 4335/1/4335 
f 5236/1/5236 5237/1/5237 5235/1/5235 
f 5238/1/5238 5239/1/5239 5240/1/5240 5241/1/5241 
f 5239/1/5239 5189/1/5189 5195/1/5195 
f 5197/1/5197 5241/1/5241 5240/1/5240 5195/1/5195 
f 5242/1/5242 5243/1/5243 5244/1/5244 5245/1/5245 
f 5193/1/5193 5244/1/5244 5243/1/5243 5177/1/5177 
f 5189/1/5189 5239/1/5239 5244/1/5244 5193/1/5193 
f 5245/1/5245 5244/1/5244 5239/1/5239 5238/1/5238 
f 5246/1/5246 5247/1/5247 5248/1/5248 5249/1/5249 
f 5175/1/5175 5248/1/5248 5247/1/5247 5173/1/5173 
f 5177/1/5177 5243/1/5243 5248/1/5248 5175/1/5175 
f 5249/1/5249 5248/1/5248 5243/1/5243 5242/1/5242 
f 5250/1/5250 5251/1/5251 5252/1/5252 5253/1/5253 
f 5171/1/5171 5170/1/5170 5251/1/5251 5250/1/5250 
f 5247/1/5247 5251/1/5251 5170/1/5170 5173/1/5173 
f 5252/1/5252 5251/1/5251 5247/1/5247 5246/1/5246 
f 5254/1/5254 5255/1/5255 5256/1/5256 
f 5256/1/5256 5238/1/5238 5241/1/5241 
f 5257/1/5257 5241/1/5241 5197/1/5197 
f 5203/1/5203 5201/1/5201 5254/1/5254 
f 5258/1/5258 5259/1/5259 5255/1/5255 
f 5254/1/5254 5201/1/5201 5205/1/5205 
f 5207/1/5207 5260/1/5260 5258/1/5258 5205/1/5205 
f 5259/1/5259 5258/1/5258 5260/1/5260 5261/1/5261 
f 5261/1/5261 5260/1/5260 5262/1/5262 5263/1/5263 
f 5209/1/5209 5262/1/5262 5260/1/5260 5207/1/5207 
f 5211/1/5211 5264/1/5264 5262/1/5262 5209/1/5209 
f 5263/1/5263 5262/1/5262 5264/1/5264 5265/1/5265 
f 5265/1/5265 5264/1/5264 5266/1/5266 5267/1/5267 
f 5216/1/5216 5266/1/5266 5264/1/5264 5211/1/5211 
f 5217/1/5217 5268/1/5268 5266/1/5266 5216/1/5216 
f 5267/1/5267 5266/1/5266 5268/1/5268 5269/1/5269 
f 5269/1/5269 5268/1/5268 5270/1/5270 5271/1/5271 
f 5219/1/5219 5270/1/5270 5268/1/5268 5217/1/5217 
f 5272/1/5272 5270/1/5270 5219/1/5219 5218/1/5218 
f 5271/1/5271 5270/1/5270 5272/1/5272 5273/1/5273 
f 5274/1/5274 5275/1/5275 5276/1/5276 5277/1/5277 
f 5272/1/5272 5276/1/5276 5275/1/5275 5273/1/5273 
f 5218/1/5218 5225/1/5225 5276/1/5276 5272/1/5272 
f 5277/1/5277 5276/1/5276 5225/1/5225 5224/1/5224 
f 5278/1/5278 5279/1/5279 5280/1/5280 5281/1/5281 
f 5277/1/5277 5280/1/5280 5279/1/5279 5274/1/5274 
f 5224/1/5224 5227/1/5227 5280/1/5280 5277/1/5277 
f 5281/1/5281 5280/1/5280 5227/1/5227 5229/1/5229 
f 5282/1/5282 5283/1/5283 5284/1/5284 5285/1/5285 
f 5281/1/5281 5284/1/5284 5283/1/5283 5278/1/5278 
f 5229/1/5229 5231/1/5231 5284/1/5284 5281/1/5281 
f 5285/1/5285 5284/1/5284 5231/1/5231 5233/1/5233 
f 5286/1/5286 5287/1/5287 5288/1/5288 5289/1/5289 
f 5285/1/5285 5288/1/5288 5287/1/5287 5282/1/5282 
f 5233/1/5233 5235/1/5235 5288/1/5288 5285/1/5285 
f 5289/1/5289 5288/1/5288 5235/1/5235 5237/1/5237 
f 5286/1/5286 5290/1/5290 5291/1/5291 5287/1/5287 
f 2428/1/2428 5291/1/5291 5290/1/5290 2433/1/2433 
f 5292/1/5292 5291/1/5291 2428/1/2428 2431/1/2431 
f 5282/1/5282 5287/1/5287 5291/1/5291 5292/1/5292 
f 5293/1/5293 5294/1/5294 5295/1/5295 5296/1/5296 
f 5279/1/5279 5295/1/5295 5294/1/5294 5274/1/5274 
f 5297/1/5297 5295/1/5295 5279/1/5279 5278/1/5278 
f 5296/1/5296 5295/1/5295 5297/1/5297 2439/1/2439 
f 5278/1/5278 5283/1/5283 5298/1/5298 5297/1/5297 
f 5292/1/5292 5298/1/5298 5283/1/5283 5282/1/5282 
f 2431/1/2431 2441/1/2441 5298/1/5298 5292/1/5292 
f 5297/1/5297 5298/1/5298 2441/1/2441 2439/1/2439 
f 5299/1/5299 5300/1/5300 5301/1/5301 5302/1/5302 
f 5275/1/5275 5301/1/5301 5300/1/5300 5273/1/5273 
f 5274/1/5274 5294/1/5294 5301/1/5301 5275/1/5275 
f 5302/1/5302 5301/1/5301 5294/1/5294 5293/1/5293 
f 5293/1/5293 5296/1/5296 5303/1/5303 5302/1/5302 
f 2449/1/2449 5303/1/5303 5296/1/5296 2439/1/2439 
f 2448/1/2448 5304/1/5304 5303/1/5303 2449/1/2449 
f 5302/1/5302 5303/1/5303 5304/1/5304 5299/1/5299 
f 5305/1/5305 5306/1/5306 5307/1/5307 5308/1/5308 
f 5271/1/5271 5307/1/5307 5306/1/5306 5269/1/5269 
f 5273/1/5273 5300/1/5300 5307/1/5307 5271/1/5271 
f 5308/1/5308 5307/1/5307 5300/1/5300 5299/1/5299 
f 2456/1/2456 5309/1/5309 5310/1/5310 2457/1/2457 
f 5308/1/5308 5310/1/5310 5309/1/5309 5305/1/5305 
f 5299/1/5299 5304/1/5304 5310/1/5310 5308/1/5308 
f 2457/1/2457 5310/1/5310 5304/1/5304 2448/1/2448 
f 5311/1/5311 5312/1/5312 5313/1/5313 5314/1/5314 
f 5267/1/5267 5313/1/5313 5312/1/5312 5265/1/5265 
f 5269/1/5269 5306/1/5306 5313/1/5313 5267/1/5267 
f 5314/1/5314 5313/1/5313 5306/1/5306 5305/1/5305 
f 5311/1/5311 5314/1/5314 5315/1/5315 5316/1/5316 
f 5309/1/5309 5315/1/5315 5314/1/5314 5305/1/5305 
f 2456/1/2456 2464/1/2464 5315/1/5315 5309/1/5309 
f 5316/1/5316 5315/1/5315 2464/1/2464 2465/1/2465 
f 5317/1/5317 5318/1/5318 5319/1/5319 
f 5263/1/5263 5317/1/5317 5320/1/5320 5261/1/5261 
f 5265/1/5265 5312/1/5312 5317/1/5317 5263/1/5263 
f 5318/1/5318 5317/1/5317 5312/1/5312 5311/1/5311 
f 5319/1/5319 5318/1/5318 5321/1/5321 5322/1/5322 
f 5316/1/5316 5321/1/5321 5318/1/5318 5311/1/5311 
f 2465/1/2465 2472/1/2472 5321/1/5321 5316/1/5316 
f 5322/1/5322 5321/1/5321 2472/1/2472 2473/1/2473 
f 5323/1/5323 5324/1/5324 5325/1/5325 5326/1/5326 
f 5324/1/5324 5255/1/5255 5259/1/5259 
f 5261/1/5261 5320/1/5320 5325/1/5325 5259/1/5259 
f 5319/1/5319 5326/1/5326 5325/1/5325 
f 5323/1/5323 5326/1/5326 5327/1/5327 5328/1/5328 
f 5326/1/5326 5319/1/5319 5322/1/5322 
f 2473/1/2473 2479/1/2479 5327/1/5327 5322/1/5322 
f 5328/1/5328 5327/1/5327 2479/1/2479 2481/1/2481 
f 5329/1/5329 5330/1/5330 5331/1/5331 5332/1/5332 
f 5256/1/5256 5331/1/5331 5330/1/5330 5238/1/5238 
f 5255/1/5255 5324/1/5324 5331/1/5331 5256/1/5256 
f 5332/1/5332 5331/1/5331 5324/1/5324 5323/1/5323 
f 5323/1/5323 5328/1/5328 5333/1/5333 5332/1/5332 
f 2481/1/2481 2489/1/2489 5333/1/5333 5328/1/5328 
f 2488/1/2488 5334/1/5334 5333/1/5333 2489/1/2489 
f 5332/1/5332 5333/1/5333 5334/1/5334 5329/1/5329 
f 5238/1/5238 5330/1/5330 5335/1/5335 5245/1/5245 
f 5336/1/5336 5335/1/5335 5330/1/5330 5329/1/5329 
f 5337/1/5337 5338/1/5338 5335/1/5335 5336/1/5336 
f 5245/1/5245 5335/1/5335 5338/1/5338 5242/1/5242 
f 5329/1/5329 5334/1/5334 5339/1/5339 5336/1/5336 
f 2497/1/2497 5339/1/5339 5334/1/5334 2488/1/2488 
f 2496/1/2496 5340/1/5340 5339/1/5339 2497/1/2497 
f 5336/1/5336 5339/1/5339 5340/1/5340 5337/1/5337 
f 5242/1/5242 5338/1/5338 5341/1/5341 5249/1/5249 
f 5342/1/5342 5341/1/5341 5338/1/5338 5337/1/5337 
f 5343/1/5343 5344/1/5344 5341/1/5341 5342/1/5342 
f 5249/1/5249 5341/1/5341 5344/1/5344 5246/1/5246 
f 5337/1/5337 5340/1/5340 5345/1/5345 5342/1/5342 
f 2505/1/2505 5345/1/5345 5340/1/5340 2496/1/2496 
f 2504/1/2504 5346/1/5346 5345/1/5345 2505/1/2505 
f 5342/1/5342 5345/1/5345 5346/1/5346 5343/1/5343 
f 5246/1/5246 5344/1/5344 5347/1/5347 5252/1/5252 
f 5348/1/5348 5347/1/5347 5344/1/5344 5343/1/5343 
f 5349/1/5349 5350/1/5350 5347/1/5347 5348/1/5348 
f 5252/1/5252 5347/1/5347 5350/1/5350 5253/1/5253 
f 5343/1/5343 5346/1/5346 5351/1/5351 5348/1/5348 
f 2513/1/2513 5351/1/5351 5346/1/5346 2504/1/2504 
f 2512/1/2512 5352/1/5352 5351/1/5351 2513/1/2513 
f 5348/1/5348 5351/1/5351 5352/1/5352 5349/1/5349 
f 1148/1/1148 4095/1/4095 5353/1/5353 2514/1/2514 
f 5354/1/5354 5353/1/5353 4095/1/4095 4094/1/4094 
f 5355/1/5355 5356/1/5356 5353/1/5353 5354/1/5354 
f 2517/1/2517 2514/1/2514 5353/1/5353 5356/1/5356 
f 5357/1/5357 5358/1/5358 5359/1/5359 5360/1/5360 
f 2528/1/2528 2527/1/2527 5358/1/5358 5357/1/5357 
f 5361/1/5361 5358/1/5358 2527/1/2527 2526/1/2526 
f 5362/1/5362 5359/1/5359 5358/1/5358 5361/1/5361 
f 5363/1/5363 5364/1/5364 5365/1/5365 5366/1/5366 
f 5367/1/5367 5365/1/5365 5364/1/5364 5368/1/5368 
f 5369/1/5369 5370/1/5370 5365/1/5365 5367/1/5367 
f 5366/1/5366 5365/1/5365 5370/1/5370 5371/1/5371 
f 5361/1/5361 5372/1/5372 5373/1/5373 5362/1/5362 
f 2526/1/2526 2538/1/2538 5372/1/5372 5361/1/5361 
f 5356/1/5356 5372/1/5372 2538/1/2538 2517/1/2517 
f 5355/1/5355 5373/1/5373 5372/1/5372 5356/1/5356 
f 5355/1/5355 5374/1/5374 5375/1/5375 5373/1/5373 
f 5376/1/5376 5375/1/5375 5374/1/5374 5377/1/5377 
f 5378/1/5378 5379/1/5379 5375/1/5375 5376/1/5376 
f 5373/1/5373 5375/1/5375 5379/1/5379 5362/1/5362 
f 5379/1/5379 5380/1/5380 5359/1/5359 5362/1/5362 
f 5378/1/5378 5381/1/5381 5380/1/5380 5379/1/5379 
f 5382/1/5382 5380/1/5380 5381/1/5381 5383/1/5383 
f 5360/1/5360 5359/1/5359 5380/1/5380 5382/1/5382 
f 5377/1/5377 5384/1/5384 5385/1/5385 5376/1/5376 
f 5364/1/5364 5385/1/5385 5384/1/5384 5368/1/5368 
f 5386/1/5386 5385/1/5385 5364/1/5364 5363/1/5363 
f 5376/1/5376 5385/1/5385 5386/1/5386 5378/1/5378 
f 5371/1/5371 5387/1/5387 5388/1/5388 5366/1/5366 
f 5389/1/5389 5388/1/5388 5387/1/5387 5390/1/5390 
f 5391/1/5391 5392/1/5392 5388/1/5388 5389/1/5389 
f 5366/1/5366 5388/1/5388 5392/1/5392 5363/1/5363 
f 5393/1/5393 5394/1/5394 5392/1/5392 5391/1/5391 
f 5383/1/5383 5381/1/5381 5394/1/5394 5393/1/5393 
f 5386/1/5386 5394/1/5394 5381/1/5381 5378/1/5378 
f 5363/1/5363 5392/1/5392 5394/1/5394 5386/1/5386 
f 5395/1/5395 5396/1/5396 5397/1/5397 5398/1/5398 
f 5141/1/5141 5397/1/5397 5396/1/5396 4520/1/4520 
f 5399/1/5399 5397/1/5397 5141/1/5141 5143/1/5143 
f 5400/1/5400 5398/1/5398 5397/1/5397 5399/1/5399 
f 5367/1/5367 5401/1/5401 5402/1/5402 5369/1/5369 
f 5368/1/5368 5403/1/5403 5401/1/5401 5367/1/5367 
f 5404/1/5404 5401/1/5401 5403/1/5403 5405/1/5405 
f 5402/1/5402 5401/1/5401 5404/1/5404 5406/1/5406 
f 5407/1/5407 5408/1/5408 5409/1/5409 5410/1/5410 
f 5407/1/5407 4463/1/4463 4474/1/4474 
f 4476/1/4476 5411/1/5411 5408/1/5408 4474/1/4474 
f 5411/1/5411 5412/1/5412 5409/1/5409 
f 4449/1/4449 4464/1/4464 5413/1/5413 5414/1/5414 
f 5407/1/5407 5413/1/5413 4464/1/4464 4463/1/4463 
f 5410/1/5410 5415/1/5415 5413/1/5413 5407/1/5407 
f 5414/1/5414 5413/1/5413 5415/1/5415 5416/1/5416 
f 3205/1/3205 4450/1/4450 5417/1/5417 3213/1/3213 
f 5414/1/5414 5417/1/5417 4450/1/4450 4449/1/4449 
f 5416/1/5416 5418/1/5418 5417/1/5417 5414/1/5414 
f 3213/1/3213 5417/1/5417 5418/1/5418 3214/1/3214 
f 3214/1/3214 5418/1/5418 5419/1/5419 5420/1/5420 
f 5421/1/5421 5419/1/5419 5418/1/5418 5416/1/5416 
f 5422/1/5422 5423/1/5423 5419/1/5419 5421/1/5421 
f 5420/1/5420 5419/1/5419 5423/1/5423 5424/1/5424 
f 5416/1/5416 5415/1/5415 5425/1/5425 5421/1/5421 
f 5415/1/5415 5410/1/5410 5426/1/5426 
f 5427/1/5427 5428/1/5428 5425/1/5425 5426/1/5426 
f 5421/1/5421 5425/1/5425 5428/1/5428 5422/1/5422 
f 5427/1/5427 5426/1/5426 5429/1/5429 5430/1/5430 
f 5431/1/5431 5429/1/5429 5426/1/5426 5410/1/5410 
f 5432/1/5432 5433/1/5433 5429/1/5429 5431/1/5431 
f 5430/1/5430 5429/1/5429 5433/1/5433 5434/1/5434 
f 5435/1/5435 5436/1/5436 5437/1/5437 5438/1/5438 
f 5434/1/5434 5433/1/5433 5436/1/5436 5435/1/5435 
f 5439/1/5439 5436/1/5436 5433/1/5433 5432/1/5432 
f 5406/1/5406 5437/1/5437 5436/1/5436 5439/1/5439 
f 5405/1/5405 5440/1/5440 5441/1/5441 5404/1/5404 
f 5442/1/5442 5441/1/5441 5440/1/5440 5443/1/5443 
f 5438/1/5438 5437/1/5437 5441/1/5441 5442/1/5442 
f 5404/1/5404 5441/1/5441 5437/1/5437 5406/1/5406 
f 4021/1/4021 4020/1/4020 5444/1/5444 5445/1/5445 
f 5446/1/5446 5444/1/5444 4020/1/4020 3981/1/3981 
f 5447/1/5447 5448/1/5448 5444/1/5444 5446/1/5446 
f 5445/1/5445 5444/1/5444 5448/1/5448 5443/1/5443 
f 5449/1/5449 5450/1/5450 5451/1/5451 5452/1/5452 
f 5442/1/5442 5451/1/5451 5450/1/5450 5438/1/5438 
f 5443/1/5443 5448/1/5448 5451/1/5451 5442/1/5442 
f 5448/1/5448 5447/1/5447 5452/1/5452 
f 5453/1/5453 5454/1/5454 5455/1/5455 5456/1/5456 
f 4518/1/4518 5455/1/5455 5454/1/5454 4512/1/4512 
f 4520/1/4520 5396/1/5396 5455/1/5455 4518/1/4518 
f 5456/1/5456 5455/1/5455 5396/1/5396 5395/1/5395 
f 5395/1/5395 5398/1/5398 5457/1/5457 5458/1/5458 
f 5459/1/5459 5457/1/5457 5398/1/5398 5400/1/5400 
f 5460/1/5460 5461/1/5461 5457/1/5457 5459/1/5459 
f 5458/1/5458 5457/1/5457 5461/1/5461 5462/1/5462 
f 5390/1/5390 5387/1/5387 5463/1/5463 5464/1/5464 
f 5465/1/5465 5463/1/5463 5387/1/5387 5371/1/5371 
f 5462/1/5462 5461/1/5461 5463/1/5463 5465/1/5465 
f 5464/1/5464 5463/1/5463 5461/1/5461 5460/1/5460 
f 5466/1/5466 5467/1/5467 5468/1/5468 5469/1/5469 
f 5456/1/5456 5468/1/5468 5467/1/5467 5453/1/5453 
f 5395/1/5395 5458/1/5458 5468/1/5468 5456/1/5456 
f 5469/1/5469 5468/1/5468 5458/1/5458 5462/1/5462 
f 5465/1/5465 5470/1/5470 5471/1/5471 5462/1/5462 
f 5371/1/5371 5370/1/5370 5470/1/5470 5465/1/5465 
f 5472/1/5472 5470/1/5470 5370/1/5370 5369/1/5369 
f 5471/1/5471 5470/1/5470 5472/1/5472 5473/1/5473 
f 5432/1/5432 5431/1/5431 5474/1/5474 5475/1/5475 
f 5410/1/5410 5409/1/5409 5474/1/5474 5431/1/5431 
f 5412/1/5412 5476/1/5476 5474/1/5474 5409/1/5409 
f 5475/1/5475 5474/1/5474 5476/1/5476 5473/1/5473 
f 5406/1/5406 5439/1/5439 5477/1/5477 5402/1/5402 
f 5475/1/5475 5477/1/5477 5439/1/5439 5432/1/5432 
f 5477/1/5477 5475/1/5475 5473/1/5473 
f 5402/1/5402 5477/1/5477 5472/1/5472 5369/1/5369 
f 5478/1/5478 5479/1/5479 5412/1/5412 
f 4486/1/4486 5478/1/5478 5411/1/5411 4476/1/4476 
f 4488/1/4488 5480/1/5480 5478/1/5478 4486/1/4486 
f 5479/1/5479 5478/1/5478 5480/1/5480 5481/1/5481 
f 5481/1/5481 5480/1/5480 5482/1/5482 5483/1/5483 
f 4498/1/4498 5482/1/5482 5480/1/5480 4488/1/4488 
f 4500/1/4500 5484/1/5484 5482/1/5482 4498/1/4498 
f 5483/1/5483 5482/1/5482 5484/1/5484 5485/1/5485 
f 5486/1/5486 5487/1/5487 5485/1/5485 
f 4510/1/4510 5486/1/5486 5484/1/5484 4500/1/4500 
f 5486/1/5486 4510/1/4510 4512/1/4512 
f 5487/1/5487 5486/1/5486 5454/1/5454 5453/1/5453 
f 5488/1/5488 5489/1/5489 5490/1/5490 5491/1/5491 
f 5481/1/5481 5483/1/5483 5489/1/5489 5488/1/5488 
f 5485/1/5485 5490/1/5490 5489/1/5489 5483/1/5483 
f 5453/1/5453 5467/1/5467 5492/1/5492 5487/1/5487 
f 5493/1/5493 5492/1/5492 5467/1/5467 5466/1/5466 
f 5491/1/5491 5490/1/5490 5492/1/5492 5493/1/5493 
f 5487/1/5487 5492/1/5492 5490/1/5490 5485/1/5485 
f 5466/1/5466 5469/1/5469 5494/1/5494 5493/1/5493 
f 5471/1/5471 5494/1/5494 5469/1/5469 5462/1/5462 
f 5473/1/5473 5495/1/5495 5494/1/5494 5471/1/5471 
f 5493/1/5493 5494/1/5494 5495/1/5495 5491/1/5491 
f 5491/1/5491 5495/1/5495 5496/1/5496 5488/1/5488 
f 5476/1/5476 5496/1/5496 5495/1/5495 5473/1/5473 
f 5479/1/5479 5496/1/5496 5476/1/5476 5412/1/5412 
f 5488/1/5488 5496/1/5496 5479/1/5479 5481/1/5481 
f 3310/1/3310 3309/1/3309 5497/1/5497 5498/1/5498 
f 3272/1/3272 5497/1/5497 3309/1/3309 3270/1/3270 
f 3274/1/3274 5499/1/5499 5497/1/5497 3272/1/3272 
f 5498/1/5498 5497/1/5497 5499/1/5499 5500/1/5500 
f 3350/1/3350 3349/1/3349 5501/1/5501 5502/1/5502 
f 5498/1/5498 5501/1/5501 3349/1/3349 3310/1/3310 
f 5500/1/5500 5503/1/5503 5501/1/5501 5498/1/5498 
f 5502/1/5502 5501/1/5501 5503/1/5503 5504/1/5504 
f 5505/1/5505 5506/1/5506 5507/1/5507 5508/1/5508 
f 3977/1/3977 5507/1/5507 5506/1/5506 3974/1/3974 
f 3350/1/3350 5502/1/5502 5507/1/5507 3977/1/3977 
f 5508/1/5508 5507/1/5507 5502/1/5502 5504/1/5504 
f 5509/1/5509 5510/1/5510 5511/1/5511 5512/1/5512 
f 3982/1/3982 5511/1/5511 5510/1/5510 3983/1/3983 
f 3974/1/3974 5506/1/5506 5511/1/5511 3982/1/3982 
f 5512/1/5512 5511/1/5511 5506/1/5506 5505/1/5505 
f 5513/1/5513 5514/1/5514 5515/1/5515 
f 5515/1/5515 5434/1/5434 5435/1/5435 
f 5516/1/5516 5435/1/5435 5438/1/5438 
f 5449/1/5449 5513/1/5513 5516/1/5516 5450/1/5450 
f 5517/1/5517 5518/1/5518 5519/1/5519 5520/1/5520 
f 5430/1/5430 5519/1/5519 5518/1/5518 5427/1/5427 
f 5519/1/5519 5430/1/5430 5434/1/5434 
f 5515/1/5515 5514/1/5514 5520/1/5520 
f 5521/1/5521 5522/1/5522 5523/1/5523 5524/1/5524 
f 5446/1/5446 5523/1/5523 5522/1/5522 5447/1/5447 
f 3981/1/3981 3980/1/3980 5523/1/5523 5446/1/5446 
f 5524/1/5524 5523/1/5523 3980/1/3980 3983/1/3983 
f 5514/1/5514 5513/1/5513 5525/1/5525 5526/1/5526 
f 5452/1/5452 5525/1/5525 5513/1/5513 5449/1/5449 
f 5447/1/5447 5522/1/5522 5525/1/5525 5452/1/5452 
f 5526/1/5526 5525/1/5525 5522/1/5522 5521/1/5521 
f 5527/1/5527 5528/1/5528 5529/1/5529 5530/1/5530 
f 5524/1/5524 5529/1/5529 5528/1/5528 5521/1/5521 
f 3983/1/3983 5510/1/5510 5529/1/5529 5524/1/5524 
f 5530/1/5530 5529/1/5529 5510/1/5510 5509/1/5509 
f 5422/1/5422 5428/1/5428 5531/1/5531 5532/1/5532 
f 5518/1/5518 5531/1/5531 5428/1/5428 5427/1/5427 
f 5517/1/5517 5533/1/5533 5531/1/5531 5518/1/5518 
f 5532/1/5532 5531/1/5531 5533/1/5533 5534/1/5534 
f 5535/1/5535 5536/1/5536 5517/1/5517 
f 5520/1/5520 5514/1/5514 5526/1/5526 
f 5521/1/5521 5537/1/5537 5535/1/5535 5526/1/5526 
f 5536/1/5536 5535/1/5535 5537/1/5537 5538/1/5538 
f 5538/1/5538 5537/1/5537 5539/1/5539 5540/1/5540 
f 5528/1/5528 5539/1/5539 5537/1/5537 5521/1/5521 
f 5541/1/5541 5539/1/5539 5528/1/5528 5527/1/5527 
f 5542/1/5542 5540/1/5540 5539/1/5539 5541/1/5541 
f 5532/1/5532 5543/1/5543 5423/1/5423 5422/1/5422 
f 5534/1/5534 5544/1/5544 5543/1/5543 5532/1/5532 
f 5423/1/5423 5543/1/5543 5544/1/5544 5424/1/5424 
f 5536/1/5536 5545/1/5545 5533/1/5533 5517/1/5517 
f 5538/1/5538 5546/1/5546 5545/1/5545 5536/1/5536 
f 5547/1/5547 5545/1/5545 5546/1/5546 5548/1/5548 
f 5534/1/5534 5533/1/5533 5545/1/5545 5547/1/5547 
f 5549/1/5549 5550/1/5550 5540/1/5540 5542/1/5542 
f 5551/1/5551 5550/1/5550 5549/1/5549 5552/1/5552 
f 5548/1/5548 5546/1/5546 5550/1/5550 5551/1/5551 
f 5540/1/5540 5550/1/5550 5546/1/5546 5538/1/5538 
f 5553/1/5553 5554/1/5554 5555/1/5555 5556/1/5556 
f 5557/1/5557 5555/1/5555 5554/1/5554 5558/1/5558 
f 3274/1/3274 3273/1/3273 5555/1/5555 5557/1/5557 
f 5556/1/5556 5555/1/5555 3273/1/3273 3216/1/3216 
f 3216/1/3216 3215/1/3215 5559/1/5559 5556/1/5556 
f 5420/1/5420 5559/1/5559 3215/1/3215 3214/1/3214 
f 5424/1/5424 5560/1/5560 5559/1/5559 5420/1/5420 
f 5556/1/5556 5559/1/5559 5560/1/5560 5553/1/5553 
f 5424/1/5424 5544/1/5544 5561/1/5561 5562/1/5562 
f 5547/1/5547 5561/1/5561 5544/1/5544 5534/1/5534 
f 5548/1/5548 5563/1/5563 5561/1/5561 5547/1/5547 
f 5562/1/5562 5561/1/5561 5563/1/5563 5564/1/5564 
f 5564/1/5564 5563/1/5563 5565/1/5565 5566/1/5566 
f 5551/1/5551 5565/1/5565 5563/1/5563 5548/1/5548 
f 5552/1/5552 5567/1/5567 5565/1/5565 5551/1/5551 
f 5566/1/5566 5565/1/5565 5567/1/5567 5568/1/5568 
f 5500/1/5500 5499/1/5499 5569/1/5569 5570/1/5570 
f 5557/1/5557 5569/1/5569 5499/1/5499 3274/1/3274 
f 5558/1/5558 5571/1/5571 5569/1/5569 5557/1/5557 
f 5570/1/5570 5569/1/5569 5571/1/5571 5572/1/5572 
f 5553/1/5553 5560/1/5560 5573/1/5573 5574/1/5574 
f 5562/1/5562 5573/1/5573 5560/1/5560 5424/1/5424 
f 5564/1/5564 5575/1/5575 5573/1/5573 5562/1/5562 
f 5574/1/5574 5573/1/5573 5575/1/5575 5576/1/5576 
f 5558/1/5558 5554/1/5554 5577/1/5577 5571/1/5571 
f 5574/1/5574 5577/1/5577 5554/1/5554 5553/1/5553 
f 5576/1/5576 5578/1/5578 5577/1/5577 5574/1/5574 
f 5571/1/5571 5577/1/5577 5578/1/5578 5572/1/5572 
f 5576/1/5576 5575/1/5575 5579/1/5579 5580/1/5580 
f 5566/1/5566 5579/1/5579 5575/1/5575 5564/1/5564 
f 5568/1/5568 5581/1/5581 5579/1/5579 5566/1/5566 
f 5580/1/5580 5579/1/5579 5581/1/5581 5582/1/5582 
f 5572/1/5572 5578/1/5578 5583/1/5583 5584/1/5584 
f 5580/1/5580 5583/1/5583 5578/1/5578 5576/1/5576 
f 5582/1/5582 5585/1/5585 5583/1/5583 5580/1/5580 
f 5584/1/5584 5583/1/5583 5585/1/5585 5586/1/5586 
f 5504/1/5504 5503/1/5503 5587/1/5587 5588/1/5588 
f 5570/1/5570 5587/1/5587 5503/1/5503 5500/1/5500 
f 5572/1/5572 5589/1/5589 5587/1/5587 5570/1/5570 
f 5588/1/5588 5587/1/5587 5589/1/5589 5590/1/5590 
f 5588/1/5588 5591/1/5591 5508/1/5508 5504/1/5504 
f 5590/1/5590 5592/1/5592 5591/1/5591 5588/1/5588 
f 5593/1/5593 5594/1/5594 5591/1/5591 5592/1/5592 
f 5508/1/5508 5591/1/5591 5594/1/5594 5505/1/5505 
f 5590/1/5590 5589/1/5589 5595/1/5595 5596/1/5596 
f 5584/1/5584 5595/1/5595 5589/1/5589 5572/1/5572 
f 5586/1/5586 5597/1/5597 5595/1/5595 5584/1/5584 
f 5596/1/5596 5595/1/5595 5597/1/5597 5598/1/5598 
f 5505/1/5505 5594/1/5594 5599/1/5599 5512/1/5512 
f 5600/1/5600 5599/1/5599 5594/1/5594 5593/1/5593 
f 5601/1/5601 5602/1/5602 5599/1/5599 5600/1/5600 
f 5512/1/5512 5599/1/5599 5602/1/5602 5509/1/5509 
f 5598/1/5598 5603/1/5603 5604/1/5604 5596/1/5596 
f 5605/1/5605 5606/1/5606 5604/1/5604 5603/1/5603 
f 5592/1/5592 5604/1/5604 5606/1/5606 5593/1/5593 
f 5596/1/5596 5604/1/5604 5592/1/5592 5590/1/5590 
f 5509/1/5509 5602/1/5602 5607/1/5607 5530/1/5530 
f 5608/1/5608 5607/1/5607 5602/1/5602 5601/1/5601 
f 5609/1/5609 5610/1/5610 5607/1/5607 5608/1/5608 
f 5530/1/5530 5607/1/5607 5610/1/5610 5527/1/5527 
f 5611/1/5611 5612/1/5612 5613/1/5613 5614/1/5614 
f 5600/1/5600 5613/1/5613 5612/1/5612 5601/1/5601 
f 5593/1/5593 5606/1/5606 5613/1/5613 5600/1/5600 
f 5614/1/5614 5613/1/5613 5606/1/5606 5605/1/5605 
f 5615/1/5615 5616/1/5616 5617/1/5617 5618/1/5618 
f 5541/1/5541 5617/1/5617 5616/1/5616 5542/1/5542 
f 5527/1/5527 5610/1/5610 5617/1/5617 5541/1/5541 
f 5618/1/5618 5617/1/5617 5610/1/5610 5609/1/5609 
f 5619/1/5619 5620/1/5620 5621/1/5621 5622/1/5622 
f 5552/1/5552 5549/1/5549 5621/1/5621 5620/1/5620 
f 5542/1/5542 5616/1/5616 5621/1/5621 5549/1/5549 
f 5622/1/5622 5621/1/5621 5616/1/5616 5615/1/5615 
f 5623/1/5623 5624/1/5624 5625/1/5625 5626/1/5626 
f 5608/1/5608 5625/1/5625 5624/1/5624 5609/1/5609 
f 5601/1/5601 5612/1/5612 5625/1/5625 5608/1/5608 
f 5626/1/5626 5625/1/5625 5612/1/5612 5611/1/5611 
f 5568/1/5568 5567/1/5567 5627/1/5627 5628/1/5628 
f 5620/1/5620 5627/1/5627 5567/1/5567 5552/1/5552 
f 5619/1/5619 5629/1/5629 5627/1/5627 5620/1/5620 
f 5628/1/5628 5627/1/5627 5629/1/5629 5630/1/5630 
f 5631/1/5631 5632/1/5632 5633/1/5633 
f 5618/1/5618 5631/1/5631 5634/1/5634 5615/1/5615 
f 5609/1/5609 5624/1/5624 5631/1/5631 5618/1/5618 
f 5632/1/5632 5631/1/5631 5624/1/5624 5623/1/5623 
f 5630/1/5630 5629/1/5629 5635/1/5635 5636/1/5636 
f 5622/1/5622 5635/1/5635 5629/1/5629 5619/1/5619 
f 5615/1/5615 5634/1/5634 5635/1/5635 5622/1/5622 
f 5636/1/5636 5635/1/5635 5634/1/5634 5633/1/5633 
f 5582/1/5582 5581/1/5581 5637/1/5637 5638/1/5638 
f 5628/1/5628 5637/1/5637 5581/1/5581 5568/1/5568 
f 5630/1/5630 5639/1/5639 5637/1/5637 5628/1/5628 
f 5638/1/5638 5637/1/5637 5639/1/5639 5640/1/5640 
f 5586/1/5586 5585/1/5585 5641/1/5641 5642/1/5642 
f 5638/1/5638 5641/1/5641 5585/1/5585 5582/1/5582 
f 5640/1/5640 5643/1/5643 5641/1/5641 5638/1/5638 
f 5642/1/5642 5641/1/5641 5643/1/5643 5644/1/5644 
f 5640/1/5640 5639/1/5639 5645/1/5645 5646/1/5646 
f 5636/1/5636 5645/1/5645 5639/1/5639 5630/1/5630 
f 5646/1/5646 5645/1/5645 5636/1/5636 5633/1/5633 
f 5644/1/5644 5643/1/5643 5647/1/5647 5648/1/5648 
f 5646/1/5646 5647/1/5647 5643/1/5643 5640/1/5640 
f 5633/1/5633 5649/1/5649 5647/1/5647 5646/1/5646 
f 5648/1/5648 5647/1/5647 5649/1/5649 5650/1/5650 
f 5632/1/5632 5651/1/5651 5649/1/5649 5633/1/5633 
f 5652/1/5652 5651/1/5651 5632/1/5632 5623/1/5623 
f 5653/1/5653 5654/1/5654 5651/1/5651 5652/1/5652 
f 5650/1/5650 5649/1/5649 5651/1/5651 5654/1/5654 
f 5654/1/5654 5655/1/5655 5656/1/5656 5650/1/5650 
f 5657/1/5657 5655/1/5655 5654/1/5654 5653/1/5653 
f 5658/1/5658 5659/1/5659 5655/1/5655 5657/1/5657 
f 5660/1/5660 5656/1/5656 5655/1/5655 5659/1/5659 
f 5623/1/5623 5626/1/5626 5661/1/5661 5652/1/5652 
f 5611/1/5611 5662/1/5662 5661/1/5661 5626/1/5626 
f 5663/1/5663 5661/1/5661 5662/1/5662 5664/1/5664 
f 5652/1/5652 5661/1/5661 5663/1/5663 5653/1/5653 
f 5664/1/5664 5662/1/5662 5665/1/5665 5666/1/5666 
f 5614/1/5614 5665/1/5665 5662/1/5662 5611/1/5611 
f 5605/1/5605 5667/1/5667 5665/1/5665 5614/1/5614 
f 5666/1/5666 5665/1/5665 5667/1/5667 5668/1/5668 
f 5669/1/5669 5670/1/5670 5671/1/5671 
f 5648/1/5648 5669/1/5669 5672/1/5672 5644/1/5644 
f 5650/1/5650 5656/1/5656 5669/1/5669 5648/1/5648 
f 5656/1/5656 5660/1/5660 5670/1/5670 
f 5598/1/5598 5597/1/5597 5673/1/5673 5674/1/5674 
f 5642/1/5642 5673/1/5673 5597/1/5597 5586/1/5586 
f 5644/1/5644 5672/1/5672 5673/1/5673 5642/1/5642 
f 5674/1/5674 5673/1/5673 5672/1/5672 5671/1/5671 
f 5668/1/5668 5667/1/5667 5675/1/5675 5676/1/5676 
f 5603/1/5603 5675/1/5675 5667/1/5667 5605/1/5605 
f 5674/1/5674 5675/1/5675 5603/1/5603 5598/1/5598 
f 5671/1/5671 5676/1/5676 5675/1/5675 5674/1/5674 
f 5677/1/5677 5678/1/5678 5679/1/5679 
f 5666/1/5666 5677/1/5677 5680/1/5680 5664/1/5664 
f 5668/1/5668 5676/1/5676 5677/1/5677 5666/1/5666 
f 5676/1/5676 5671/1/5671 5678/1/5678 
f 5660/1/5660 5659/1/5659 5681/1/5681 5670/1/5670 
f 5682/1/5682 5681/1/5681 5659/1/5659 5658/1/5658 
f 5678/1/5678 5681/1/5681 5682/1/5682 5679/1/5679 
f 5670/1/5670 5681/1/5681 5678/1/5678 5671/1/5671 
f 5658/1/5658 5657/1/5657 5683/1/5683 5682/1/5682 
f 5663/1/5663 5683/1/5683 5657/1/5657 5653/1/5653 
f 5664/1/5664 5680/1/5680 5683/1/5683 5663/1/5663 
f 5679/1/5679 5682/1/5682 5683/1/5683 5680/1/5680 
f 5684/1/5684 5685/1/5685 5686/1/5686 
f 4052/1/4052 5684/1/5684 5687/1/5687 4053/1/4053 
f 4034/1/4034 4039/1/4039 5684/1/5684 4052/1/4052 
f 5685/1/5685 5684/1/5684 4039/1/4039 4038/1/4038 
f 4117/1/4117 4116/1/4116 5688/1/5688 5689/1/5689 
f 4112/1/4112 4111/1/4111 5688/1/5688 4116/1/4116 
f 5687/1/5687 5688/1/5688 4111/1/4111 4053/1/4053 
f 5689/1/5689 5688/1/5688 5687/1/5687 5686/1/5686 
f 4122/1/4122 4121/1/4121 5690/1/5690 5691/1/5691 
f 5689/1/5689 5690/1/5690 4121/1/4121 4117/1/4117 
f 5686/1/5686 5692/1/5692 5690/1/5690 
f 5691/1/5691 5690/1/5690 5692/1/5692 5693/1/5693 
f 3998/1/3998 4003/1/4003 5694/1/5694 4037/1/4037 
f 5695/1/5695 5694/1/5694 4003/1/4003 4002/1/4002 
f 5696/1/5696 5697/1/5697 5694/1/5694 5695/1/5695 
f 4037/1/4037 5694/1/5694 5697/1/5697 4038/1/4038 
f 4038/1/4038 5697/1/5697 5698/1/5698 5685/1/5685 
f 5699/1/5699 5698/1/5698 5697/1/5697 5696/1/5696 
f 5700/1/5700 5701/1/5701 5698/1/5698 5699/1/5699 
f 5685/1/5685 5698/1/5698 5701/1/5701 5686/1/5686 
f 5693/1/5693 5692/1/5692 5702/1/5702 5703/1/5703 
f 5702/1/5702 5692/1/5692 5686/1/5686 
f 5703/1/5703 5702/1/5702 5701/1/5701 5700/1/5700 
f 4002/1/4002 4007/1/4007 5704/1/5704 5695/1/5695 
f 5705/1/5705 5704/1/5704 4007/1/4007 4006/1/4006 
f 5706/1/5706 5707/1/5707 5704/1/5704 5705/1/5705 
f 5695/1/5695 5704/1/5704 5707/1/5707 5696/1/5696 
f 4122/1/4122 5691/1/5691 5708/1/5708 4126/1/4126 
f 5693/1/5693 5709/1/5709 5708/1/5708 5691/1/5691 
f 5710/1/5710 5711/1/5711 5708/1/5708 5709/1/5709 
f 4126/1/4126 5708/1/5708 5711/1/5711 4123/1/4123 
f 5712/1/5712 5699/1/5699 5696/1/5696 
f 5707/1/5707 5706/1/5706 5713/1/5713 
f 5714/1/5714 5715/1/5715 5712/1/5712 5713/1/5713 
f 5699/1/5699 5712/1/5712 5715/1/5715 5700/1/5700 
f 5710/1/5710 5709/1/5709 5716/1/5716 5717/1/5717 
f 5703/1/5703 5716/1/5716 5709/1/5709 5693/1/5693 
f 5700/1/5700 5715/1/5715 5716/1/5716 5703/1/5703 
f 5717/1/5717 5716/1/5716 5715/1/5715 5714/1/5714 
f 5705/1/5705 5718/1/5718 5719/1/5719 5706/1/5706 
f 4006/1/4006 4011/1/4011 5718/1/5718 5705/1/5705 
f 4013/1/4013 5720/1/5720 5718/1/5718 4011/1/4011 
f 5720/1/5720 5721/1/5721 5719/1/5719 
f 4123/1/4123 5711/1/5711 5722/1/5722 4130/1/4130 
f 5723/1/5723 5722/1/5722 5711/1/5711 5710/1/5710 
f 5724/1/5724 5725/1/5725 5722/1/5722 5723/1/5723 
f 4130/1/4130 5722/1/5722 5725/1/5725 4127/1/4127 
f 5713/1/5713 5726/1/5726 5727/1/5727 5714/1/5714 
f 5726/1/5726 5713/1/5713 5706/1/5706 
f 5726/1/5726 5719/1/5719 5721/1/5721 
f 5727/1/5727 5726/1/5726 5728/1/5728 5729/1/5729 
f 5710/1/5710 5717/1/5717 5730/1/5730 5723/1/5723 
f 5714/1/5714 5727/1/5727 5730/1/5730 5717/1/5717 
f 5729/1/5729 5731/1/5731 5730/1/5730 5727/1/5727 
f 5723/1/5723 5730/1/5730 5731/1/5731 5724/1/5724 
f 5732/1/5732 5733/1/5733 5721/1/5721 
f 4016/1/4016 5732/1/5732 5720/1/5720 4013/1/4013 
f 4015/1/4015 5734/1/5734 5732/1/5732 4016/1/4016 
f 5733/1/5733 5732/1/5732 5734/1/5734 5735/1/5735 
f 5729/1/5729 5728/1/5728 5736/1/5736 5737/1/5737 
f 5733/1/5733 5736/1/5736 5728/1/5728 5721/1/5721 
f 5735/1/5735 5738/1/5738 5736/1/5736 5733/1/5733 
f 5737/1/5737 5736/1/5736 5738/1/5738 5739/1/5739 
f 5740/1/5740 5741/1/5741 5742/1/5742 5743/1/5743 
f 5445/1/5445 5742/1/5742 5741/1/5741 4021/1/4021 
f 5443/1/5443 5440/1/5440 5742/1/5742 5445/1/5445 
f 5743/1/5743 5742/1/5742 5440/1/5440 5405/1/5405 
f 5735/1/5735 5734/1/5734 5744/1/5744 5745/1/5745 
f 4019/1/4019 5744/1/5744 5734/1/5734 4015/1/4015 
f 4021/1/4021 5741/1/5741 5744/1/5744 4019/1/4019 
f 5745/1/5745 5744/1/5744 5741/1/5741 5740/1/5740 
f 5739/1/5739 5738/1/5738 5746/1/5746 5747/1/5747 
f 5745/1/5745 5746/1/5746 5738/1/5738 5735/1/5735 
f 5746/1/5746 5745/1/5745 5740/1/5740 
f 5747/1/5747 5746/1/5746 5748/1/5748 5749/1/5749 
f 4127/1/4127 5725/1/5725 5750/1/5750 4134/1/4134 
f 5751/1/5751 5750/1/5750 5725/1/5725 5724/1/5724 
f 5752/1/5752 5753/1/5753 5750/1/5750 5751/1/5751 
f 4134/1/4134 5750/1/5750 5753/1/5753 4131/1/4131 
f 5724/1/5724 5731/1/5731 5754/1/5754 5751/1/5751 
f 5737/1/5737 5754/1/5754 5731/1/5731 5729/1/5729 
f 5739/1/5739 5755/1/5755 5754/1/5754 5737/1/5737 
f 5751/1/5751 5754/1/5754 5755/1/5755 5752/1/5752 
f 5405/1/5405 5403/1/5403 5756/1/5756 5743/1/5743 
f 5757/1/5757 5756/1/5756 5403/1/5403 5368/1/5368 
f 5758/1/5758 5759/1/5759 5756/1/5756 5757/1/5757 
f 5759/1/5759 5740/1/5740 5743/1/5743 
f 5377/1/5377 5374/1/5374 5760/1/5760 5761/1/5761 
f 5354/1/5354 5760/1/5760 5374/1/5374 5355/1/5355 
f 4094/1/4094 5762/1/5762 5760/1/5760 5354/1/5354 
f 5761/1/5761 5760/1/5760 5762/1/5762 5763/1/5763 
f 5764/1/5764 5765/1/5765 5749/1/5749 
f 5748/1/5748 5740/1/5740 5759/1/5759 
f 5764/1/5764 5759/1/5759 5758/1/5758 
f 5766/1/5766 5767/1/5767 5765/1/5765 
f 5768/1/5768 5769/1/5769 5761/1/5761 5763/1/5763 
f 5757/1/5757 5769/1/5769 5768/1/5768 5758/1/5758 
f 5368/1/5368 5384/1/5384 5769/1/5769 5757/1/5757 
f 5377/1/5377 5761/1/5761 5769/1/5769 5384/1/5384 
f 5767/1/5767 5766/1/5766 5770/1/5770 5771/1/5771 
f 5758/1/5758 5768/1/5768 5770/1/5770 5766/1/5766 
f 5763/1/5763 5771/1/5771 5770/1/5770 5768/1/5768 
f 4131/1/4131 5753/1/5753 5772/1/5772 5773/1/5773 
f 5774/1/5774 5772/1/5772 5753/1/5753 5752/1/5752 
f 5767/1/5767 5771/1/5771 5772/1/5772 5774/1/5774 
f 5773/1/5773 5772/1/5772 5771/1/5771 5763/1/5763 
f 4091/1/4091 4132/1/4132 5775/1/5775 4093/1/4093 
f 5773/1/5773 5775/1/5775 4132/1/4132 4131/1/4131 
f 5762/1/5762 5775/1/5775 5773/1/5773 5763/1/5763 
f 4094/1/4094 4093/1/4093 5775/1/5775 5762/1/5762 
f 5752/1/5752 5755/1/5755 5776/1/5776 5774/1/5774 
f 5747/1/5747 5776/1/5776 5755/1/5755 5739/1/5739 
f 5749/1/5749 5765/1/5765 5776/1/5776 5747/1/5747 
f 5765/1/5765 5767/1/5767 5774/1/5774 
f 4290/1/4290 5777/1/5777 5778/1/5778 4287/1/4287 
f 2949/1/2949 5777/1/5777 4290/1/4290 1353/1/1353 
f 2948/1/2948 5779/1/5779 5777/1/5777 2949/1/2949 
f 5778/1/5778 5777/1/5777 5779/1/5779 5780/1/5780 
f 5781/1/5781 4294/1/4294 4287/1/4287 
f 5780/1/5780 5782/1/5782 5781/1/5781 5778/1/5778 
f 5783/1/5783 5784/1/5784 5781/1/5781 5782/1/5782 
f 5784/1/5784 4291/1/4291 4294/1/4294 
f 5780/1/5780 5779/1/5779 5785/1/5785 5782/1/5782 
f 2957/1/2957 5785/1/5785 5779/1/5779 2948/1/2948 
f 2956/1/2956 5786/1/5786 5785/1/5785 2957/1/2957 
f 5782/1/5782 5785/1/5785 5786/1/5786 5783/1/5783 
f 4296/1/4296 5787/1/5787 5788/1/5788 4297/1/4297 
f 5787/1/5787 4296/1/4296 4291/1/4291 
f 5789/1/5789 5787/1/5787 5784/1/5784 5783/1/5783 
f 5788/1/5788 5787/1/5787 5789/1/5789 5790/1/5790 
f 4301/1/4301 4300/1/4300 5791/1/5791 4331/1/4331 
f 4300/1/4300 4297/1/4297 5788/1/5788 
f 5790/1/5790 5792/1/5792 5791/1/5791 5788/1/5788 
f 4331/1/4331 5791/1/5791 5792/1/5792 4334/1/4334 
f 4334/1/4334 5792/1/5792 5793/1/5793 5794/1/5794 
f 5795/1/5795 5793/1/5793 5792/1/5792 5790/1/5790 
f 2968/1/2968 2967/1/2967 5793/1/5793 5795/1/5795 
f 2967/1/2967 2966/1/2966 5794/1/5794 
f 5796/1/5796 5797/1/5797 5237/1/5237 
f 4333/1/4333 5796/1/5796 5236/1/5236 4335/1/4335 
f 4334/1/4334 5794/1/5794 5796/1/5796 4333/1/4333 
f 5797/1/5797 5796/1/5796 5794/1/5794 2966/1/2966 
f 2433/1/2433 5290/1/5290 5798/1/5798 2972/1/2972 
f 5289/1/5289 5798/1/5798 5290/1/5290 5286/1/5286 
f 5237/1/5237 5797/1/5797 5798/1/5798 5289/1/5289 
f 2972/1/2972 5798/1/5798 5797/1/5797 2966/1/2966 
f 5783/1/5783 5786/1/5786 5799/1/5799 5789/1/5789 
f 2975/1/2975 5799/1/5799 5786/1/5786 2956/1/2956 
f 2968/1/2968 5795/1/5795 5799/1/5799 2975/1/2975 
f 5790/1/5790 5789/1/5789 5799/1/5799 5795/1/5795 
f 5800/1/5800 5801/1/5801 5802/1/5802 5803/1/5803 
f 2309/1/2309 2308/1/2308 5801/1/5801 5800/1/5800 
f 2305/1/2305 5804/1/5804 5801/1/5801 2308/1/2308 
f 5802/1/5802 5801/1/5801 5804/1/5804 5805/1/5805 
f 5805/1/5805 5804/1/5804 5806/1/5806 5807/1/5807 
f 2302/1/2302 5806/1/5806 5804/1/5804 2305/1/2305 
f 2281/1/2281 2566/1/2566 5806/1/5806 2302/1/2302 
f 5807/1/5807 5806/1/5806 2566/1/2566 2567/1/2567 
f 2391/1/2391 5808/1/5808 5809/1/5809 2388/1/2388 
f 5800/1/5800 5808/1/5808 2391/1/2391 2309/1/2309 
f 5803/1/5803 5810/1/5810 5808/1/5808 5800/1/5800 
f 5811/1/5811 5809/1/5809 5808/1/5808 5810/1/5810 
f 2388/1/2388 5809/1/5809 5812/1/5812 2507/1/2507 
f 5813/1/5813 5812/1/5812 5809/1/5809 5811/1/5811 
f 5814/1/5814 5815/1/5815 5812/1/5812 5813/1/5813 
f 2507/1/2507 5812/1/5812 5815/1/5815 2508/1/2508 
f 2508/1/2508 5815/1/5815 5816/1/5816 2511/1/2511 
f 5814/1/5814 5817/1/5817 5816/1/5816 5815/1/5815 
f 5818/1/5818 5816/1/5816 5817/1/5817 5819/1/5819 
f 2512/1/2512 2511/1/2511 5816/1/5816 5818/1/5818 
f 2567/1/2567 5820/1/5820 5821/1/5821 5807/1/5807 
f 5822/1/5822 5823/1/5823 5821/1/5821 5820/1/5820 
f 5807/1/5807 5821/1/5821 5823/1/5823 5805/1/5805 
f 2523/1/2523 2522/1/2522 5824/1/5824 5825/1/5825 
f 5826/1/5826 5824/1/5824 2522/1/2522 2528/1/2528 
f 5827/1/5827 5828/1/5828 5824/1/5824 5826/1/5826 
f 5825/1/5825 5824/1/5824 5828/1/5828 5829/1/5829 
f 5820/1/5820 5830/1/5830 5831/1/5831 5822/1/5822 
f 2625/1/2625 5830/1/5830 5820/1/5820 2567/1/2567 
f 5832/1/5832 5830/1/5830 2625/1/2625 2624/1/2624 
f 5833/1/5833 5831/1/5831 5830/1/5830 5832/1/5832 
f 5832/1/5832 5834/1/5834 5835/1/5835 5833/1/5833 
f 2624/1/2624 2630/1/2630 5834/1/5834 5832/1/5832 
f 5836/1/5836 5834/1/5834 2630/1/2630 2559/1/2559 
f 5837/1/5837 5835/1/5835 5834/1/5834 5836/1/5836 
f 5836/1/5836 5838/1/5838 5839/1/5839 5837/1/5837 
f 2559/1/2559 2558/1/2558 5838/1/5838 5836/1/5836 
f 5840/1/5840 5838/1/5838 2558/1/2558 2557/1/2557 
f 5841/1/5841 5839/1/5839 5838/1/5838 5840/1/5840 
f 2557/1/2557 2561/1/2561 5842/1/5842 5840/1/5840 
f 5843/1/5843 5842/1/5842 2561/1/2561 2550/1/2550 
f 5844/1/5844 5845/1/5845 5842/1/5842 5843/1/5843 
f 5840/1/5840 5842/1/5842 5845/1/5845 5841/1/5841 
f 2550/1/2550 2548/1/2548 5846/1/5846 5843/1/5843 
f 5825/1/5825 5846/1/5846 2548/1/2548 2523/1/2523 
f 5829/1/5829 5847/1/5847 5846/1/5846 5825/1/5825 
f 5843/1/5843 5846/1/5846 5847/1/5847 5844/1/5844 
f 5143/1/5143 5165/1/5165 5848/1/5848 5399/1/5399 
f 5849/1/5849 5848/1/5848 5165/1/5165 5167/1/5167 
f 5850/1/5850 5851/1/5851 5848/1/5848 5849/1/5849 
f 5399/1/5399 5848/1/5848 5851/1/5851 5400/1/5400 
f 5852/1/5852 5853/1/5853 5854/1/5854 5855/1/5855 
f 5849/1/5849 5853/1/5853 5852/1/5852 5850/1/5850 
f 5168/1/5168 5853/1/5853 5849/1/5849 5167/1/5167 
f 5171/1/5171 5854/1/5854 5853/1/5853 5168/1/5168 
f 5855/1/5855 5854/1/5854 5856/1/5856 5857/1/5857 
f 5250/1/5250 5856/1/5856 5854/1/5854 5171/1/5171 
f 5253/1/5253 5858/1/5858 5856/1/5856 5250/1/5250 
f 5857/1/5857 5856/1/5856 5858/1/5858 5859/1/5859 
f 5253/1/5253 5350/1/5350 5860/1/5860 5858/1/5858 
f 5861/1/5861 5860/1/5860 5350/1/5350 5349/1/5349 
f 5862/1/5862 5863/1/5863 5860/1/5860 5861/1/5861 
f 5859/1/5859 5858/1/5858 5860/1/5860 5863/1/5863 
f 5349/1/5349 5352/1/5352 5864/1/5864 5861/1/5861 
f 5818/1/5818 5864/1/5864 5352/1/5352 2512/1/2512 
f 5819/1/5819 5865/1/5865 5864/1/5864 5818/1/5818 
f 5861/1/5861 5864/1/5864 5865/1/5865 5862/1/5862 
f 5866/1/5866 5867/1/5867 5851/1/5851 5850/1/5850 
f 5868/1/5868 5869/1/5869 5867/1/5867 5866/1/5866 
f 5400/1/5400 5851/1/5851 5867/1/5867 5869/1/5869 
f 5827/1/5827 5826/1/5826 5870/1/5870 5871/1/5871 
f 5357/1/5357 5870/1/5870 5826/1/5826 2528/1/2528 
f 5360/1/5360 5872/1/5872 5870/1/5870 5357/1/5357 
f 5871/1/5871 5870/1/5870 5872/1/5872 5873/1/5873 
f 5459/1/5459 5874/1/5874 5875/1/5875 5460/1/5460 
f 5869/1/5869 5874/1/5874 5459/1/5459 5400/1/5400 
f 5876/1/5876 5874/1/5874 5869/1/5869 5868/1/5868 
f 5877/1/5877 5875/1/5875 5874/1/5874 5876/1/5876 
f 5464/1/5464 5878/1/5878 5879/1/5879 5390/1/5390 
f 5460/1/5460 5875/1/5875 5878/1/5878 5464/1/5464 
f 5880/1/5880 5878/1/5878 5875/1/5875 5877/1/5877 
f 5881/1/5881 5879/1/5879 5878/1/5878 5880/1/5880 
f 5389/1/5389 5882/1/5882 5883/1/5883 5391/1/5391 
f 5390/1/5390 5879/1/5879 5882/1/5882 5389/1/5389 
f 5884/1/5884 5882/1/5882 5879/1/5879 5881/1/5881 
f 5885/1/5885 5883/1/5883 5882/1/5882 5884/1/5884 
f 5391/1/5391 5883/1/5883 5886/1/5886 5393/1/5393 
f 5887/1/5887 5886/1/5886 5883/1/5883 5885/1/5885 
f 5888/1/5888 5889/1/5889 5886/1/5886 5887/1/5887 
f 5393/1/5393 5886/1/5886 5889/1/5889 5383/1/5383 
f 5873/1/5873 5872/1/5872 5890/1/5890 5891/1/5891 
f 5382/1/5382 5890/1/5890 5872/1/5872 5360/1/5360 
f 5383/1/5383 5889/1/5889 5890/1/5890 5382/1/5382 
f 5891/1/5891 5890/1/5890 5889/1/5889 5888/1/5888 
f 5803/1/5803 5802/1/5802 5892/1/5892 5893/1/5893 
f 5894/1/5894 5892/1/5892 5802/1/5802 5805/1/5805 
f 5895/1/5895 5896/1/5896 5892/1/5892 5894/1/5894 
f 5893/1/5893 5892/1/5892 5896/1/5896 5897/1/5897 
f 5811/1/5811 5810/1/5810 5898/1/5898 5899/1/5899 
f 5893/1/5893 5898/1/5898 5810/1/5810 5803/1/5803 
f 5897/1/5897 5900/1/5900 5898/1/5898 5893/1/5893 
f 5899/1/5899 5898/1/5898 5900/1/5900 5901/1/5901 
f 5902/1/5902 5903/1/5903 5904/1/5904 5905/1/5905 
f 5814/1/5814 5813/1/5813 5903/1/5903 5902/1/5902 
f 5899/1/5899 5903/1/5903 5813/1/5813 5811/1/5811 
f 5901/1/5901 5904/1/5904 5903/1/5903 5899/1/5899 
f 5819/1/5819 5817/1/5817 5906/1/5906 5907/1/5907 
f 5902/1/5902 5906/1/5906 5817/1/5817 5814/1/5814 
f 5905/1/5905 5908/1/5908 5906/1/5906 5902/1/5902 
f 5907/1/5907 5906/1/5906 5908/1/5908 5909/1/5909 
f 5894/1/5894 5910/1/5910 5911/1/5911 5895/1/5895 
f 5805/1/5805 5823/1/5823 5910/1/5910 5894/1/5894 
f 5912/1/5912 5910/1/5910 5823/1/5823 5822/1/5822 
f 5913/1/5913 5911/1/5911 5910/1/5910 5912/1/5912 
f 5829/1/5829 5828/1/5828 5914/1/5914 5915/1/5915 
f 5916/1/5916 5914/1/5914 5828/1/5828 5827/1/5827 
f 5914/1/5914 5916/1/5916 5917/1/5917 5918/1/5918 
f 5915/1/5915 5914/1/5914 5918/1/5918 5919/1/5919 
f 5912/1/5912 5920/1/5920 5921/1/5921 5913/1/5913 
f 5822/1/5822 5831/1/5831 5920/1/5920 5912/1/5912 
f 5922/1/5922 5920/1/5920 5831/1/5831 5833/1/5833 
f 5923/1/5923 5921/1/5921 5920/1/5920 5922/1/5922 
f 5833/1/5833 5835/1/5835 5924/1/5924 5922/1/5922 
f 5925/1/5925 5924/1/5924 5835/1/5835 5837/1/5837 
f 5926/1/5926 5927/1/5927 5924/1/5924 5925/1/5925 
f 5922/1/5922 5924/1/5924 5927/1/5927 5923/1/5923 
f 5925/1/5925 5928/1/5928 5929/1/5929 5926/1/5926 
f 5837/1/5837 5839/1/5839 5928/1/5928 5925/1/5925 
f 5930/1/5930 5928/1/5928 5839/1/5839 5841/1/5841 
f 5931/1/5931 5929/1/5929 5928/1/5928 5930/1/5930 
f 5841/1/5841 5845/1/5845 5932/1/5932 5930/1/5930 
f 5933/1/5933 5932/1/5932 5845/1/5845 5844/1/5844 
f 5934/1/5934 5935/1/5935 5932/1/5932 5933/1/5933 
f 5930/1/5930 5932/1/5932 5935/1/5935 5931/1/5931 
f 5844/1/5844 5847/1/5847 5936/1/5936 5933/1/5933 
f 5915/1/5915 5936/1/5936 5847/1/5847 5829/1/5829 
f 5919/1/5919 5937/1/5937 5936/1/5936 5915/1/5915 
f 5933/1/5933 5936/1/5936 5937/1/5937 5934/1/5934 
f 5852/1/5852 5938/1/5938 5939/1/5939 5850/1/5850 
f 5855/1/5855 5940/1/5940 5938/1/5938 5852/1/5852 
f 5941/1/5941 5938/1/5938 5940/1/5940 5942/1/5942 
f 5943/1/5943 5939/1/5939 5938/1/5938 5941/1/5941 
f 5857/1/5857 5944/1/5944 5940/1/5940 5855/1/5855 
f 5859/1/5859 5945/1/5945 5944/1/5944 5857/1/5857 
f 5946/1/5946 5944/1/5944 5945/1/5945 5947/1/5947 
f 5942/1/5942 5940/1/5940 5944/1/5944 5946/1/5946 
f 5947/1/5947 5945/1/5945 5948/1/5948 5949/1/5949 
f 5863/1/5863 5948/1/5948 5945/1/5945 5859/1/5859 
f 5862/1/5862 5950/1/5950 5948/1/5948 5863/1/5863 
f 5949/1/5949 5948/1/5948 5950/1/5950 5951/1/5951 
f 5951/1/5951 5950/1/5950 5952/1/5952 5953/1/5953 
f 5865/1/5865 5952/1/5952 5950/1/5950 5862/1/5862 
f 5819/1/5819 5907/1/5907 5952/1/5952 5865/1/5865 
f 5953/1/5953 5952/1/5952 5907/1/5907 5909/1/5909 
f 5866/1/5866 5954/1/5954 5955/1/5955 5868/1/5868 
f 5850/1/5850 5939/1/5939 5954/1/5954 5866/1/5866 
f 5956/1/5956 5954/1/5954 5939/1/5939 5943/1/5943 
f 5957/1/5957 5955/1/5955 5954/1/5954 5956/1/5956 
f 5917/1/5917 5916/1/5916 5958/1/5958 5959/1/5959 
f 5871/1/5871 5958/1/5958 5916/1/5916 5827/1/5827 
f 5873/1/5873 5960/1/5960 5958/1/5958 5871/1/5871 
f 5959/1/5959 5958/1/5958 5960/1/5960 5961/1/5961 
f 5962/1/5962 5963/1/5963 5964/1/5964 5965/1/5965 
f 5876/1/5876 5964/1/5964 5963/1/5963 5877/1/5877 
f 5868/1/5868 5955/1/5955 5964/1/5964 5876/1/5876 
f 5965/1/5965 5964/1/5964 5955/1/5955 5957/1/5957 
f 5966/1/5966 5967/1/5967 5968/1/5968 5969/1/5969 
f 5880/1/5880 5968/1/5968 5967/1/5967 5881/1/5881 
f 5877/1/5877 5963/1/5963 5968/1/5968 5880/1/5880 
f 5969/1/5969 5968/1/5968 5963/1/5963 5962/1/5962 
f 5884/1/5884 5970/1/5970 5971/1/5971 5885/1/5885 
f 5881/1/5881 5967/1/5967 5970/1/5970 5884/1/5884 
f 5972/1/5972 5970/1/5970 5967/1/5967 5966/1/5966 
f 5973/1/5973 5971/1/5971 5970/1/5970 5972/1/5972 
f 5974/1/5974 5975/1/5975 5976/1/5976 5977/1/5977 
f 5887/1/5887 5976/1/5976 5975/1/5975 5888/1/5888 
f 5885/1/5885 5971/1/5971 5976/1/5976 5887/1/5887 
f 5977/1/5977 5976/1/5976 5971/1/5971 5973/1/5973 
f 5961/1/5961 5960/1/5960 5978/1/5978 5979/1/5979 
f 5891/1/5891 5978/1/5978 5960/1/5960 5873/1/5873 
f 5888/1/5888 5975/1/5975 5978/1/5978 5891/1/5891 
f 5979/1/5979 5978/1/5978 5975/1/5975 5974/1/5974 
f 5897/1/5897 5896/1/5896 5980/1/5980 5981/1/5981 
f 5982/1/5982 5980/1/5980 5896/1/5896 5895/1/5895 
f 5983/1/5983 5984/1/5984 5980/1/5980 5982/1/5982 
f 5981/1/5981 5980/1/5980 5984/1/5984 5985/1/5985 
f 5901/1/5901 5900/1/5900 5986/1/5986 5987/1/5987 
f 5981/1/5981 5986/1/5986 5900/1/5900 5897/1/5897 
f 5985/1/5985 5988/1/5988 5986/1/5986 5981/1/5981 
f 5987/1/5987 5986/1/5986 5988/1/5988 5989/1/5989 
f 5990/1/5990 5991/1/5991 5992/1/5992 5993/1/5993 
f 5905/1/5905 5904/1/5904 5992/1/5992 5991/1/5991 
f 5901/1/5901 5987/1/5987 5992/1/5992 5904/1/5904 
f 5993/1/5993 5992/1/5992 5987/1/5987 5989/1/5989 
f 5909/1/5909 5908/1/5908 5994/1/5994 5995/1/5995 
f 5991/1/5991 5994/1/5994 5908/1/5908 5905/1/5905 
f 5996/1/5996 5994/1/5994 5991/1/5991 5990/1/5990 
f 5997/1/5997 5995/1/5995 5994/1/5994 5996/1/5996 
f 5982/1/5982 5998/1/5998 5999/1/5999 5983/1/5983 
f 5895/1/5895 5911/1/5911 5998/1/5998 5982/1/5982 
f 6000/1/6000 5998/1/5998 5911/1/5911 5913/1/5913 
f 6001/1/6001 5999/1/5999 5998/1/5998 6000/1/6000 
f 5919/1/5919 5918/1/5918 6002/1/6002 6003/1/6003 
f 5917/1/5917 6004/1/6004 6002/1/6002 5918/1/5918 
f 6005/1/6005 6002/1/6002 6004/1/6004 6006/1/6006 
f 6003/1/6003 6002/1/6002 6005/1/6005 6007/1/6007 
f 5913/1/5913 5921/1/5921 6008/1/6008 6000/1/6000 
f 6009/1/6009 6008/1/6008 5921/1/5921 5923/1/5923 
f 6010/1/6010 6011/1/6011 6008/1/6008 6009/1/6009 
f 6000/1/6000 6008/1/6008 6011/1/6011 6001/1/6001 
f 5923/1/5923 5927/1/5927 6012/1/6012 6009/1/6009 
f 6013/1/6013 6012/1/6012 5927/1/5927 5926/1/5926 
f 6014/1/6014 6015/1/6015 6012/1/6012 6013/1/6013 
f 6009/1/6009 6012/1/6012 6015/1/6015 6010/1/6010 
f 6013/1/6013 6016/1/6016 6017/1/6017 6014/1/6014 
f 5926/1/5926 5929/1/5929 6016/1/6016 6013/1/6013 
f 6018/1/6018 6016/1/6016 5929/1/5929 5931/1/5931 
f 6019/1/6019 6017/1/6017 6016/1/6016 6018/1/6018 
f 6018/1/6018 6020/1/6020 6021/1/6021 6019/1/6019 
f 5931/1/5931 5935/1/5935 6020/1/6020 6018/1/6018 
f 6022/1/6022 6020/1/6020 5935/1/5935 5934/1/5934 
f 6023/1/6023 6021/1/6021 6020/1/6020 6022/1/6022 
f 5934/1/5934 5937/1/5937 6024/1/6024 6022/1/6022 
f 6003/1/6003 6024/1/6024 5937/1/5937 5919/1/5919 
f 6007/1/6007 6025/1/6025 6024/1/6024 6003/1/6003 
f 6022/1/6022 6024/1/6024 6025/1/6025 6023/1/6023 
f 6026/1/6026 6027/1/6027 6028/1/6028 6029/1/6029 
f 5941/1/5941 6028/1/6028 6027/1/6027 5943/1/5943 
f 5942/1/5942 6030/1/6030 6028/1/6028 5941/1/5941 
f 6029/1/6029 6028/1/6028 6030/1/6030 6031/1/6031 
f 6031/1/6031 6030/1/6030 6032/1/6032 6033/1/6033 
f 5946/1/5946 6032/1/6032 6030/1/6030 5942/1/5942 
f 5947/1/5947 6034/1/6034 6032/1/6032 5946/1/5946 
f 6033/1/6033 6032/1/6032 6034/1/6034 6035/1/6035 
f 6035/1/6035 6034/1/6034 6036/1/6036 6037/1/6037 
f 5949/1/5949 6036/1/6036 6034/1/6034 5947/1/5947 
f 5951/1/5951 6038/1/6038 6036/1/6036 5949/1/5949 
f 6037/1/6037 6036/1/6036 6038/1/6038 6039/1/6039 
f 6039/1/6039 6038/1/6038 6040/1/6040 6041/1/6041 
f 5953/1/5953 6040/1/6040 6038/1/6038 5951/1/5951 
f 5909/1/5909 5995/1/5995 6040/1/6040 5953/1/5953 
f 5995/1/5995 5997/1/5997 6041/1/6041 
f 5956/1/5956 6042/1/6042 6043/1/6043 5957/1/5957 
f 5943/1/5943 6027/1/6027 6042/1/6042 5956/1/5956 
f 6027/1/6027 6026/1/6026 6044/1/6044 
f 6045/1/6045 6043/1/6043 6042/1/6042 6044/1/6044 
f 6006/1/6006 6004/1/6004 6046/1/6046 6047/1/6047 
f 5959/1/5959 6046/1/6046 6004/1/6004 5917/1/5917 
f 5961/1/5961 6048/1/6048 6046/1/6046 5959/1/5959 
f 6047/1/6047 6046/1/6046 6048/1/6048 6049/1/6049 
f 6050/1/6050 6051/1/6051 6052/1/6052 6053/1/6053 
f 5965/1/5965 6052/1/6052 6051/1/6051 5962/1/5962 
f 5957/1/5957 6043/1/6043 6052/1/6052 5965/1/5965 
f 6053/1/6053 6052/1/6052 6043/1/6043 6045/1/6045 
f 6054/1/6054 6055/1/6055 6056/1/6056 6057/1/6057 
f 5969/1/5969 6056/1/6056 6055/1/6055 5966/1/5966 
f 5962/1/5962 6051/1/6051 6056/1/6056 5969/1/5969 
f 6057/1/6057 6056/1/6056 6051/1/6051 6050/1/6050 
f 5972/1/5972 6058/1/6058 6059/1/6059 5973/1/5973 
f 5966/1/5966 6055/1/6055 6058/1/6058 5972/1/5972 
f 6060/1/6060 6058/1/6058 6055/1/6055 6054/1/6054 
f 6061/1/6061 6059/1/6059 6058/1/6058 6060/1/6060 
f 6062/1/6062 6063/1/6063 6064/1/6064 6065/1/6065 
f 6063/1/6063 5974/1/5974 5977/1/5977 
f 5973/1/5973 6059/1/6059 6064/1/6064 5977/1/5977 
f 6065/1/6065 6064/1/6064 6059/1/6059 6061/1/6061 
f 5979/1/5979 6066/1/6066 6048/1/6048 5961/1/5961 
f 5974/1/5974 6063/1/6063 6066/1/6066 5979/1/5979 
f 6063/1/6063 6062/1/6062 6067/1/6067 
f 6049/1/6049 6048/1/6048 6066/1/6066 6067/1/6067 
f 6068/1/6068 6069/1/6069 6070/1/6070 6071/1/6071 
f 6072/1/6072 6073/1/6073 6069/1/6069 6068/1/6068 
f 6074/1/6074 6069/1/6069 6073/1/6073 6075/1/6075 
f 6076/1/6076 6070/1/6070 6069/1/6069 6074/1/6074 
f 6077/1/6077 6078/1/6078 6079/1/6079 6080/1/6080 
f 6081/1/6081 6079/1/6079 6078/1/6078 6082/1/6082 
f 6083/1/6083 6084/1/6084 6079/1/6079 6081/1/6081 
f 6080/1/6080 6079/1/6079 6084/1/6084 6085/1/6085 
f 6074/1/6074 6086/1/6086 6087/1/6087 6076/1/6076 
f 6075/1/6075 6088/1/6088 6086/1/6086 6074/1/6074 
f 6089/1/6089 6086/1/6086 6088/1/6088 6090/1/6090 
f 6091/1/6091 6087/1/6087 6086/1/6086 6089/1/6089 
f 6085/1/6085 6092/1/6092 6093/1/6093 6080/1/6080 
f 6087/1/6087 6093/1/6093 6092/1/6092 6076/1/6076 
f 6091/1/6091 6094/1/6094 6093/1/6093 6087/1/6087 
f 6080/1/6080 6093/1/6093 6094/1/6094 6077/1/6077 
f 6095/1/6095 6096/1/6096 6097/1/6097 6098/1/6098 
f 6099/1/6099 6097/1/6097 6096/1/6096 6100/1/6100 
f 6082/1/6082 6078/1/6078 6097/1/6097 6099/1/6099 
f 6098/1/6098 6097/1/6097 6078/1/6078 6077/1/6077 
f 6089/1/6089 6101/1/6101 6102/1/6102 6091/1/6091 
f 6090/1/6090 6103/1/6103 6101/1/6101 6089/1/6089 
f 6104/1/6104 6101/1/6101 6103/1/6103 6105/1/6105 
f 6106/1/6106 6102/1/6102 6101/1/6101 6104/1/6104 
f 6077/1/6077 6094/1/6094 6107/1/6107 6098/1/6098 
f 6091/1/6091 6102/1/6102 6107/1/6107 6094/1/6094 
f 6108/1/6108 6107/1/6107 6102/1/6102 6106/1/6106 
f 6098/1/6098 6107/1/6107 6108/1/6108 6095/1/6095 
f 6109/1/6109 6110/1/6110 6111/1/6111 6112/1/6112 
f 6113/1/6113 6111/1/6111 6110/1/6110 6114/1/6114 
f 6100/1/6100 6096/1/6096 6111/1/6111 6113/1/6113 
f 6112/1/6112 6111/1/6111 6096/1/6096 6095/1/6095 
f 6115/1/6115 6116/1/6116 6117/1/6117 6118/1/6118 
f 6104/1/6104 6117/1/6117 6116/1/6116 6106/1/6106 
f 6105/1/6105 6119/1/6119 6117/1/6117 6104/1/6104 
f 6118/1/6118 6117/1/6117 6119/1/6119 6120/1/6120 
f 6095/1/6095 6108/1/6108 6121/1/6121 6112/1/6112 
f 6106/1/6106 6116/1/6116 6121/1/6121 6108/1/6108 
f 6122/1/6122 6121/1/6121 6116/1/6116 6115/1/6115 
f 6109/1/6109 6112/1/6112 6121/1/6121 6122/1/6122 
f 6123/1/6123 6124/1/6124 6125/1/6125 6126/1/6126 
f 6127/1/6127 6125/1/6125 6124/1/6124 6128/1/6128 
f 6114/1/6114 6110/1/6110 6125/1/6125 6127/1/6127 
f 6126/1/6126 6125/1/6125 6110/1/6110 6109/1/6109 
f 6129/1/6129 6130/1/6130 6131/1/6131 6132/1/6132 
f 6118/1/6118 6131/1/6131 6130/1/6130 6115/1/6115 
f 6120/1/6120 6133/1/6133 6131/1/6131 6118/1/6118 
f 6132/1/6132 6131/1/6131 6133/1/6133 6134/1/6134 
f 6109/1/6109 6122/1/6122 6135/1/6135 6126/1/6126 
f 6115/1/6115 6130/1/6130 6135/1/6135 6122/1/6122 
f 6136/1/6136 6135/1/6135 6130/1/6130 6129/1/6129 
f 6123/1/6123 6126/1/6126 6135/1/6135 6136/1/6136 
f 6137/1/6137 6138/1/6138 6139/1/6139 6140/1/6140 
f 6141/1/6141 6139/1/6139 6138/1/6138 6142/1/6142 
f 6128/1/6128 6124/1/6124 6139/1/6139 6141/1/6141 
f 6140/1/6140 6139/1/6139 6124/1/6124 6123/1/6123 
f 6143/1/6143 6144/1/6144 6145/1/6145 6146/1/6146 
f 6132/1/6132 6145/1/6145 6144/1/6144 6129/1/6129 
f 6134/1/6134 6147/1/6147 6145/1/6145 6132/1/6132 
f 6146/1/6146 6145/1/6145 6147/1/6147 6148/1/6148 
f 6123/1/6123 6136/1/6136 6149/1/6149 6140/1/6140 
f 6129/1/6129 6144/1/6144 6149/1/6149 6136/1/6136 
f 6150/1/6150 6149/1/6149 6144/1/6144 6143/1/6143 
f 6137/1/6137 6140/1/6140 6149/1/6149 6150/1/6150 
f 6151/1/6151 6152/1/6152 6153/1/6153 6154/1/6154 
f 6138/1/6138 6153/1/6153 6152/1/6152 6142/1/6142 
f 6137/1/6137 6155/1/6155 6153/1/6153 6138/1/6138 
f 6154/1/6154 6153/1/6153 6155/1/6155 6156/1/6156 
f 6157/1/6157 6158/1/6158 6159/1/6159 6160/1/6160 
f 6146/1/6146 6159/1/6159 6158/1/6158 6143/1/6143 
f 6148/1/6148 6161/1/6161 6159/1/6159 6146/1/6146 
f 6160/1/6160 6159/1/6159 6161/1/6161 6162/1/6162 
f 6156/1/6156 6155/1/6155 6163/1/6163 6164/1/6164 
f 6150/1/6150 6163/1/6163 6155/1/6155 6137/1/6137 
f 6143/1/6143 6158/1/6158 6163/1/6163 6150/1/6150 
f 6164/1/6164 6163/1/6163 6158/1/6158 6157/1/6157 
f 6165/1/6165 6166/1/6166 6167/1/6167 6168/1/6168 
f 6154/1/6154 6167/1/6167 6166/1/6166 6151/1/6151 
f 6156/1/6156 6169/1/6169 6167/1/6167 6154/1/6154 
f 6168/1/6168 6167/1/6167 6169/1/6169 6170/1/6170 
f 6171/1/6171 6172/1/6172 6173/1/6173 6174/1/6174 
f 6160/1/6160 6173/1/6173 6172/1/6172 6157/1/6157 
f 6162/1/6162 6175/1/6175 6173/1/6173 6160/1/6160 
f 6176/1/6176 6174/1/6174 6173/1/6173 6175/1/6175 
f 6170/1/6170 6169/1/6169 6177/1/6177 6178/1/6178 
f 6164/1/6164 6177/1/6177 6169/1/6169 6156/1/6156 
f 6157/1/6157 6172/1/6172 6177/1/6177 6164/1/6164 
f 6178/1/6178 6177/1/6177 6172/1/6172 6171/1/6171 
f 6179/1/6179 6180/1/6180 6181/1/6181 6182/1/6182 
f 6168/1/6168 6181/1/6181 6180/1/6180 6165/1/6165 
f 6170/1/6170 6183/1/6183 6181/1/6181 6168/1/6168 
f 6182/1/6182 6181/1/6181 6183/1/6183 6184/1/6184 
f 6185/1/6185 6186/1/6186 6187/1/6187 6188/1/6188 
f 6171/1/6171 6174/1/6174 6186/1/6186 6185/1/6185 
f 6189/1/6189 6186/1/6186 6174/1/6174 6176/1/6176 
f 6190/1/6190 6187/1/6187 6186/1/6186 6189/1/6189 
f 6184/1/6184 6183/1/6183 6191/1/6191 6192/1/6192 
f 6178/1/6178 6191/1/6191 6183/1/6183 6170/1/6170 
f 6171/1/6171 6185/1/6185 6191/1/6191 6178/1/6178 
f 6192/1/6192 6191/1/6191 6185/1/6185 6188/1/6188 
f 6193/1/6193 6194/1/6194 6195/1/6195 6196/1/6196 
f 6182/1/6182 6195/1/6195 6194/1/6194 6179/1/6179 
f 6184/1/6184 6197/1/6197 6195/1/6195 6182/1/6182 
f 6196/1/6196 6195/1/6195 6197/1/6197 6198/1/6198 
f 6199/1/6199 6200/1/6200 6201/1/6201 6202/1/6202 
f 6188/1/6188 6187/1/6187 6200/1/6200 6199/1/6199 
f 6203/1/6203 6200/1/6200 6187/1/6187 6190/1/6190 
f 6204/1/6204 6201/1/6201 6200/1/6200 6203/1/6203 
f 6198/1/6198 6197/1/6197 6205/1/6205 6206/1/6206 
f 6192/1/6192 6205/1/6205 6197/1/6197 6184/1/6184 
f 6188/1/6188 6199/1/6199 6205/1/6205 6192/1/6192 
f 6206/1/6206 6205/1/6205 6199/1/6199 6202/1/6202 
f 6207/1/6207 6208/1/6208 6209/1/6209 6210/1/6210 
f 6196/1/6196 6209/1/6209 6208/1/6208 6193/1/6193 
f 6198/1/6198 6211/1/6211 6209/1/6209 6196/1/6196 
f 6210/1/6210 6209/1/6209 6211/1/6211 6212/1/6212 
f 6213/1/6213 6214/1/6214 6215/1/6215 6216/1/6216 
f 6202/1/6202 6201/1/6201 6214/1/6214 6213/1/6213 
f 6217/1/6217 6214/1/6214 6201/1/6201 6204/1/6204 
f 6218/1/6218 6215/1/6215 6214/1/6214 6217/1/6217 
f 6212/1/6212 6211/1/6211 6219/1/6219 6220/1/6220 
f 6206/1/6206 6219/1/6219 6211/1/6211 6198/1/6198 
f 6202/1/6202 6213/1/6213 6219/1/6219 6206/1/6206 
f 6220/1/6220 6219/1/6219 6213/1/6213 6216/1/6216 
f 6221/1/6221 6222/1/6222 6223/1/6223 6224/1/6224 
f 6210/1/6210 6223/1/6223 6222/1/6222 6207/1/6207 
f 6212/1/6212 6225/1/6225 6223/1/6223 6210/1/6210 
f 6224/1/6224 6223/1/6223 6225/1/6225 6226/1/6226 
f 6227/1/6227 6228/1/6228 6229/1/6229 6230/1/6230 
f 6216/1/6216 6215/1/6215 6228/1/6228 6227/1/6227 
f 6231/1/6231 6228/1/6228 6215/1/6215 6218/1/6218 
f 6232/1/6232 6229/1/6229 6228/1/6228 6231/1/6231 
f 6226/1/6226 6225/1/6225 6233/1/6233 6234/1/6234 
f 6220/1/6220 6233/1/6233 6225/1/6225 6212/1/6212 
f 6216/1/6216 6227/1/6227 6233/1/6233 6220/1/6220 
f 6234/1/6234 6233/1/6233 6227/1/6227 6230/1/6230 
f 6235/1/6235 6236/1/6236 6237/1/6237 6238/1/6238 
f 6224/1/6224 6237/1/6237 6236/1/6236 6221/1/6221 
f 6226/1/6226 6239/1/6239 6237/1/6237 6224/1/6224 
f 6238/1/6238 6237/1/6237 6239/1/6239 6240/1/6240 
f 6241/1/6241 6242/1/6242 6243/1/6243 6244/1/6244 
f 6230/1/6230 6229/1/6229 6242/1/6242 6241/1/6241 
f 6245/1/6245 6242/1/6242 6229/1/6229 6232/1/6232 
f 6246/1/6246 6243/1/6243 6242/1/6242 6245/1/6245 
f 6240/1/6240 6239/1/6239 6247/1/6247 6248/1/6248 
f 6234/1/6234 6247/1/6247 6239/1/6239 6226/1/6226 
f 6230/1/6230 6241/1/6241 6247/1/6247 6234/1/6234 
f 6244/1/6244 6248/1/6248 6247/1/6247 6241/1/6241 
f 6249/1/6249 6250/1/6250 6251/1/6251 6252/1/6252 
f 6238/1/6238 6251/1/6251 6250/1/6250 6235/1/6235 
f 6240/1/6240 6253/1/6253 6251/1/6251 6238/1/6238 
f 6252/1/6252 6251/1/6251 6253/1/6253 6254/1/6254 
f 6255/1/6255 6256/1/6256 6257/1/6257 6258/1/6258 
f 6244/1/6244 6243/1/6243 6256/1/6256 6255/1/6255 
f 6259/1/6259 6256/1/6256 6243/1/6243 6246/1/6246 
f 6260/1/6260 6257/1/6257 6256/1/6256 6259/1/6259 
f 6253/1/6253 6261/1/6261 6262/1/6262 6254/1/6254 
f 6248/1/6248 6261/1/6261 6253/1/6253 6240/1/6240 
f 6255/1/6255 6261/1/6261 6248/1/6248 6244/1/6244 
f 6258/1/6258 6262/1/6262 6261/1/6261 6255/1/6255 
f 6263/1/6263 6264/1/6264 6265/1/6265 6266/1/6266 
f 6263/1/6263 6249/1/6249 6252/1/6252 
f 6267/1/6267 6264/1/6264 6252/1/6252 6254/1/6254 
f 6268/1/6268 6265/1/6265 6264/1/6264 6267/1/6267 
f 6258/1/6258 6257/1/6257 6269/1/6269 6270/1/6270 
f 6271/1/6271 6269/1/6269 6257/1/6257 6260/1/6260 
f 6272/1/6272 6273/1/6273 6269/1/6269 6271/1/6271 
f 6270/1/6270 6269/1/6269 6273/1/6273 6274/1/6274 
f 6254/1/6254 6262/1/6262 6275/1/6275 6267/1/6267 
f 6270/1/6270 6275/1/6275 6262/1/6262 6258/1/6258 
f 6274/1/6274 6276/1/6276 6275/1/6275 6270/1/6270 
f 6267/1/6267 6275/1/6275 6276/1/6276 6268/1/6268 
f 6277/1/6277 6278/1/6278 6279/1/6279 6280/1/6280 
f 6266/1/6266 6265/1/6265 6278/1/6278 6277/1/6277 
f 6281/1/6281 6278/1/6278 6265/1/6265 6268/1/6268 
f 6282/1/6282 6279/1/6279 6278/1/6278 6281/1/6281 
f 6283/1/6283 6284/1/6284 6285/1/6285 6286/1/6286 
f 6274/1/6274 6273/1/6273 6284/1/6284 6283/1/6283 
f 6287/1/6287 6284/1/6284 6273/1/6273 6272/1/6272 
f 6288/1/6288 6285/1/6285 6284/1/6284 6287/1/6287 
f 6281/1/6281 6289/1/6289 6290/1/6290 6282/1/6282 
f 6268/1/6268 6276/1/6276 6289/1/6289 6281/1/6281 
f 6283/1/6283 6289/1/6289 6276/1/6276 6274/1/6274 
f 6286/1/6286 6290/1/6290 6289/1/6289 6283/1/6283 
f 6291/1/6291 6292/1/6292 6293/1/6293 6294/1/6294 
f 6279/1/6279 6293/1/6293 6292/1/6292 6280/1/6280 
f 6293/1/6293 6279/1/6279 6282/1/6282 
f 6294/1/6294 6293/1/6293 6295/1/6295 6296/1/6296 
f 6297/1/6297 6298/1/6298 6299/1/6299 6300/1/6300 
f 6285/1/6285 6299/1/6299 6298/1/6298 6286/1/6286 
f 6285/1/6285 6288/1/6288 6301/1/6301 
f 6302/1/6302 6300/1/6300 6299/1/6299 6301/1/6301 
f 6296/1/6296 6295/1/6295 6303/1/6303 6304/1/6304 
f 6290/1/6290 6303/1/6303 6295/1/6295 6282/1/6282 
f 6286/1/6286 6298/1/6298 6303/1/6303 6290/1/6290 
f 6304/1/6304 6303/1/6303 6298/1/6298 6297/1/6297 
f 6305/1/6305 6306/1/6306 6300/1/6300 6302/1/6302 
f 6307/1/6307 6308/1/6308 6306/1/6306 6305/1/6305 
f 6309/1/6309 6306/1/6306 6308/1/6308 6310/1/6310 
f 6297/1/6297 6300/1/6300 6306/1/6306 6309/1/6309 
f 6311/1/6311 6312/1/6312 6313/1/6313 6314/1/6314 
f 6310/1/6310 6308/1/6308 6312/1/6312 6311/1/6311 
f 6315/1/6315 6312/1/6312 6308/1/6308 6307/1/6307 
f 6316/1/6316 6313/1/6313 6312/1/6312 6315/1/6315 
f 6297/1/6297 6309/1/6309 6317/1/6317 6304/1/6304 
f 6310/1/6310 6318/1/6318 6317/1/6317 6309/1/6309 
f 6319/1/6319 6320/1/6320 6317/1/6317 6318/1/6318 
f 6304/1/6304 6317/1/6317 6320/1/6320 6296/1/6296 
f 6321/1/6321 6322/1/6322 6323/1/6323 
f 6324/1/6324 6323/1/6323 6291/1/6291 
f 6296/1/6296 6320/1/6320 6324/1/6324 6294/1/6294 
f 6321/1/6321 6324/1/6324 6320/1/6320 6319/1/6319 
f 6076/1/6076 6092/1/6092 6325/1/6325 6070/1/6070 
f 6326/1/6326 6325/1/6325 6092/1/6092 6085/1/6085 
f 6327/1/6327 6328/1/6328 6325/1/6325 6326/1/6326 
f 6070/1/6070 6325/1/6325 6328/1/6328 6071/1/6071 
f 6329/1/6329 6330/1/6330 6331/1/6331 6332/1/6332 
f 6333/1/6333 6331/1/6331 6330/1/6330 6334/1/6334 
f 6322/1/6322 6321/1/6321 6331/1/6331 
f 6332/1/6332 6331/1/6331 6321/1/6321 6319/1/6319 
f 6313/1/6313 6335/1/6335 6336/1/6336 6314/1/6314 
f 6316/1/6316 6337/1/6337 6335/1/6335 6313/1/6313 
f 6338/1/6338 6339/1/6339 6335/1/6335 6337/1/6337 
f 6336/1/6336 6335/1/6335 6339/1/6339 6340/1/6340 
f 6072/1/6072 6068/1/6068 6341/1/6341 6342/1/6342 
f 6343/1/6343 6341/1/6341 6068/1/6068 6071/1/6071 
f 6340/1/6340 6339/1/6339 6341/1/6341 6343/1/6343 
f 6342/1/6342 6341/1/6341 6339/1/6339 6338/1/6338 
f 6085/1/6085 6084/1/6084 6344/1/6344 6326/1/6326 
f 6345/1/6345 6344/1/6344 6084/1/6084 6083/1/6083 
f 6346/1/6346 6347/1/6347 6344/1/6344 6345/1/6345 
f 6347/1/6347 6327/1/6327 6326/1/6326 
f 6348/1/6348 6349/1/6349 6350/1/6350 6351/1/6351 
f 6352/1/6352 6350/1/6350 6349/1/6349 6353/1/6353 
f 6334/1/6334 6330/1/6330 6350/1/6350 6352/1/6352 
f 6351/1/6351 6350/1/6350 6330/1/6330 6329/1/6329 
f 6319/1/6319 6318/1/6318 6354/1/6354 6332/1/6332 
f 6311/1/6311 6354/1/6354 6318/1/6318 6310/1/6310 
f 6314/1/6314 6355/1/6355 6354/1/6354 6311/1/6311 
f 6332/1/6332 6354/1/6354 6355/1/6355 6329/1/6329 
f 6329/1/6329 6355/1/6355 6356/1/6356 6351/1/6351 
f 6336/1/6336 6356/1/6356 6355/1/6355 6314/1/6314 
f 6340/1/6340 6357/1/6357 6356/1/6356 6336/1/6336 
f 6348/1/6348 6351/1/6351 6356/1/6356 6357/1/6357 
f 6357/1/6357 6358/1/6358 6359/1/6359 6348/1/6348 
f 6340/1/6340 6343/1/6343 6358/1/6358 6357/1/6357 
f 6071/1/6071 6328/1/6328 6358/1/6358 6343/1/6343 
f 6359/1/6359 6358/1/6358 6328/1/6328 6327/1/6327 
f 6327/1/6327 6347/1/6347 6360/1/6360 6359/1/6359 
f 6347/1/6347 6346/1/6346 6361/1/6361 
f 6353/1/6353 6349/1/6349 6360/1/6360 6361/1/6361 
f 6359/1/6359 6360/1/6360 6349/1/6349 6348/1/6348 
f 6362/1/6362 6363/1/6363 6364/1/6364 6365/1/6365 
f 6316/1/6316 6315/1/6315 6364/1/6364 6363/1/6363 
f 6307/1/6307 6366/1/6366 6364/1/6364 6315/1/6315 
f 6365/1/6365 6364/1/6364 6366/1/6366 6367/1/6367 
f 6305/1/6305 6368/1/6368 6366/1/6366 6307/1/6307 
f 6302/1/6302 6369/1/6369 6368/1/6368 6305/1/6305 
f 6370/1/6370 6368/1/6368 6369/1/6369 6371/1/6371 
f 6367/1/6367 6366/1/6366 6368/1/6368 6370/1/6370 
f 6301/1/6301 6372/1/6372 6369/1/6369 6302/1/6302 
f 6288/1/6288 6373/1/6373 6372/1/6372 6301/1/6301 
f 6374/1/6374 6372/1/6372 6373/1/6373 6375/1/6375 
f 6371/1/6371 6369/1/6369 6372/1/6372 6374/1/6374 
f 6287/1/6287 6376/1/6376 6373/1/6373 6288/1/6288 
f 6272/1/6272 6377/1/6377 6376/1/6376 6287/1/6287 
f 6378/1/6378 6376/1/6376 6377/1/6377 6379/1/6379 
f 6375/1/6375 6373/1/6373 6376/1/6376 6378/1/6378 
f 6379/1/6379 6377/1/6377 6380/1/6380 6381/1/6381 
f 6271/1/6271 6380/1/6380 6377/1/6377 6272/1/6272 
f 6260/1/6260 6382/1/6382 6380/1/6380 6271/1/6271 
f 6381/1/6381 6380/1/6380 6382/1/6382 6383/1/6383 
f 6259/1/6259 6384/1/6384 6382/1/6382 6260/1/6260 
f 6246/1/6246 6385/1/6385 6384/1/6384 6259/1/6259 
f 6386/1/6386 6384/1/6384 6385/1/6385 6387/1/6387 
f 6383/1/6383 6382/1/6382 6384/1/6384 6386/1/6386 
f 6387/1/6387 6385/1/6385 6388/1/6388 6389/1/6389 
f 6245/1/6245 6388/1/6388 6385/1/6385 6246/1/6246 
f 6232/1/6232 6390/1/6390 6388/1/6388 6245/1/6245 
f 6389/1/6389 6388/1/6388 6390/1/6390 6391/1/6391 
f 6392/1/6392 6393/1/6393 6394/1/6394 6395/1/6395 
f 6393/1/6393 6396/1/6396 6397/1/6397 
f 6370/1/6370 6394/1/6394 6397/1/6397 6367/1/6367 
f 6395/1/6395 6394/1/6394 6370/1/6370 6371/1/6371 
f 6392/1/6392 6398/1/6398 6399/1/6399 6393/1/6393 
f 6371/1/6371 6374/1/6374 6400/1/6400 6395/1/6395 
f 6375/1/6375 6401/1/6401 6400/1/6400 6374/1/6374 
f 6402/1/6402 6403/1/6403 6400/1/6400 6401/1/6401 
f 6395/1/6395 6400/1/6400 6403/1/6403 6392/1/6392 
f 6392/1/6392 6403/1/6403 6404/1/6404 6398/1/6398 
f 6404/1/6404 6403/1/6403 6402/1/6402 
f 6402/1/6402 6401/1/6401 6405/1/6405 6406/1/6406 
f 6378/1/6378 6405/1/6405 6401/1/6401 6375/1/6375 
f 6405/1/6405 6378/1/6378 6379/1/6379 
f 6406/1/6406 6405/1/6405 6407/1/6407 6408/1/6408 
f 6406/1/6406 6409/1/6409 6410/1/6410 6402/1/6402 
f 6409/1/6409 6406/1/6406 6408/1/6408 
f 6411/1/6411 6412/1/6412 6408/1/6408 
f 6407/1/6407 6379/1/6379 6381/1/6381 
f 6383/1/6383 6413/1/6413 6411/1/6411 6381/1/6381 
f 6412/1/6412 6411/1/6411 6413/1/6413 6414/1/6414 
f 6412/1/6412 6415/1/6415 6416/1/6416 6408/1/6408 
f 6415/1/6415 6412/1/6412 6414/1/6414 
f 6414/1/6414 6413/1/6413 6417/1/6417 6418/1/6418 
f 6386/1/6386 6417/1/6417 6413/1/6413 6383/1/6383 
f 6387/1/6387 6419/1/6419 6417/1/6417 6386/1/6386 
f 6418/1/6418 6417/1/6417 6419/1/6419 6420/1/6420 
f 6421/1/6421 6414/1/6414 6418/1/6418 
f 6422/1/6422 6418/1/6418 6420/1/6420 
f 6423/1/6423 6424/1/6424 6425/1/6425 6420/1/6420 
f 6426/1/6426 6427/1/6427 6428/1/6428 6429/1/6429 
f 6105/1/6105 6103/1/6103 6427/1/6427 6426/1/6426 
f 6430/1/6430 6427/1/6427 6103/1/6103 6090/1/6090 
f 6431/1/6431 6428/1/6428 6427/1/6427 6430/1/6430 
f 6430/1/6430 6432/1/6432 6433/1/6433 6431/1/6431 
f 6090/1/6090 6088/1/6088 6432/1/6432 6430/1/6430 
f 6434/1/6434 6432/1/6432 6088/1/6088 6075/1/6075 
f 6435/1/6435 6433/1/6433 6432/1/6432 6434/1/6434 
f 6434/1/6434 6436/1/6436 6437/1/6437 6435/1/6435 
f 6075/1/6075 6073/1/6073 6436/1/6436 6434/1/6434 
f 6072/1/6072 6438/1/6438 6436/1/6436 6073/1/6073 
f 6437/1/6437 6436/1/6436 6438/1/6438 6439/1/6439 
f 6440/1/6440 6441/1/6441 6442/1/6442 6443/1/6443 
f 6337/1/6337 6442/1/6442 6441/1/6441 6338/1/6338 
f 6363/1/6363 6442/1/6442 6337/1/6337 6316/1/6316 
f 6362/1/6362 6443/1/6443 6442/1/6442 6363/1/6363 
f 6439/1/6439 6438/1/6438 6444/1/6444 6445/1/6445 
f 6342/1/6342 6444/1/6444 6438/1/6438 6072/1/6072 
f 6338/1/6338 6441/1/6441 6444/1/6444 6342/1/6342 
f 6445/1/6445 6444/1/6444 6441/1/6441 6440/1/6440 
f 6365/1/6365 6446/1/6446 6447/1/6447 6362/1/6362 
f 6367/1/6367 6397/1/6397 6446/1/6446 6365/1/6365 
f 6448/1/6448 6446/1/6446 6397/1/6397 6396/1/6396 
f 6449/1/6449 6447/1/6447 6446/1/6446 6448/1/6448 
f 6450/1/6450 6451/1/6451 6452/1/6452 6453/1/6453 
f 6443/1/6443 6452/1/6452 6451/1/6451 6440/1/6440 
f 6362/1/6362 6447/1/6447 6452/1/6452 6443/1/6443 
f 6453/1/6453 6452/1/6452 6447/1/6447 6449/1/6449 
f 6454/1/6454 6455/1/6455 6456/1/6456 6457/1/6457 
f 6420/1/6420 6419/1/6419 6456/1/6456 6455/1/6455 
f 6389/1/6389 6456/1/6456 6419/1/6419 6387/1/6387 
f 6391/1/6391 6457/1/6457 6456/1/6456 6389/1/6389 
f 6120/1/6120 6119/1/6119 6458/1/6458 6459/1/6459 
f 6426/1/6426 6458/1/6458 6119/1/6119 6105/1/6105 
f 6429/1/6429 6460/1/6460 6458/1/6458 6426/1/6426 
f 6459/1/6459 6458/1/6458 6460/1/6460 6461/1/6461 
f 6462/1/6462 6463/1/6463 6464/1/6464 6465/1/6465 
f 6134/1/6134 6133/1/6133 6463/1/6463 6462/1/6462 
f 6459/1/6459 6463/1/6463 6133/1/6133 6120/1/6120 
f 6461/1/6461 6464/1/6464 6463/1/6463 6459/1/6459 
f 6148/1/6148 6147/1/6147 6466/1/6466 6467/1/6467 
f 6462/1/6462 6466/1/6466 6147/1/6147 6134/1/6134 
f 6465/1/6465 6468/1/6468 6466/1/6466 6462/1/6462 
f 6467/1/6467 6466/1/6466 6468/1/6468 6469/1/6469 
f 6470/1/6470 6471/1/6471 6472/1/6472 6473/1/6473 
f 6162/1/6162 6161/1/6161 6471/1/6471 6470/1/6470 
f 6467/1/6467 6471/1/6471 6161/1/6161 6148/1/6148 
f 6469/1/6469 6472/1/6472 6471/1/6471 6467/1/6467 
f 6203/1/6203 6474/1/6474 6475/1/6475 6204/1/6204 
f 6190/1/6190 6476/1/6476 6474/1/6474 6203/1/6203 
f 6477/1/6477 6474/1/6474 6476/1/6476 6478/1/6478 
f 6479/1/6479 6475/1/6475 6474/1/6474 6477/1/6477 
f 6217/1/6217 6480/1/6480 6481/1/6481 6218/1/6218 
f 6204/1/6204 6475/1/6475 6480/1/6480 6217/1/6217 
f 6482/1/6482 6480/1/6480 6475/1/6475 6479/1/6479 
f 6483/1/6483 6481/1/6481 6480/1/6480 6482/1/6482 
f 6391/1/6391 6390/1/6390 6484/1/6484 6485/1/6485 
f 6231/1/6231 6484/1/6484 6390/1/6390 6232/1/6232 
f 6218/1/6218 6481/1/6481 6484/1/6484 6231/1/6231 
f 6485/1/6485 6484/1/6484 6481/1/6481 6483/1/6483 
f 6486/1/6486 6487/1/6487 6488/1/6488 6489/1/6489 
f 6457/1/6457 6488/1/6488 6487/1/6487 6454/1/6454 
f 6391/1/6391 6485/1/6485 6488/1/6488 6457/1/6457 
f 6489/1/6489 6488/1/6488 6485/1/6485 6483/1/6483 
f 6490/1/6490 6491/1/6491 6492/1/6492 6493/1/6493 
f 6491/1/6491 6439/1/6439 6445/1/6445 
f 6492/1/6492 6445/1/6445 6440/1/6440 
f 6493/1/6493 6492/1/6492 6451/1/6451 6450/1/6450 
f 6494/1/6494 6495/1/6495 6496/1/6496 6497/1/6497 
f 6435/1/6435 6437/1/6437 6495/1/6495 6494/1/6494 
f 6491/1/6491 6495/1/6495 6437/1/6437 6439/1/6439 
f 6496/1/6496 6495/1/6495 6491/1/6491 6490/1/6490 
f 6498/1/6498 6499/1/6499 6500/1/6500 
f 6431/1/6431 6433/1/6433 6501/1/6501 6500/1/6500 
f 6494/1/6494 6501/1/6501 6433/1/6433 6435/1/6435 
f 6501/1/6501 6494/1/6494 6497/1/6497 
f 6429/1/6429 6428/1/6428 6502/1/6502 6503/1/6503 
f 6500/1/6500 6502/1/6502 6428/1/6428 6431/1/6431 
f 6502/1/6502 6500/1/6500 6499/1/6499 
f 6503/1/6503 6502/1/6502 6504/1/6504 6505/1/6505 
f 6506/1/6506 6507/1/6507 6508/1/6508 6509/1/6509 
f 6175/1/6175 6507/1/6507 6506/1/6506 6176/1/6176 
f 6470/1/6470 6507/1/6507 6175/1/6175 6162/1/6162 
f 6473/1/6473 6508/1/6508 6507/1/6507 6470/1/6470 
f 6478/1/6478 6476/1/6476 6510/1/6510 6511/1/6511 
f 6189/1/6189 6510/1/6510 6476/1/6476 6190/1/6190 
f 6176/1/6176 6506/1/6506 6510/1/6510 6189/1/6189 
f 6511/1/6511 6510/1/6510 6506/1/6506 6509/1/6509 
f 6455/1/6455 6512/1/6512 6423/1/6423 6420/1/6420 
f 6513/1/6513 6512/1/6512 6455/1/6455 6454/1/6454 
f 6514/1/6514 6515/1/6515 6513/1/6513 6454/1/6454 
f 6461/1/6461 6460/1/6460 6516/1/6516 6517/1/6517 
f 6503/1/6503 6516/1/6516 6460/1/6460 6429/1/6429 
f 6505/1/6505 6518/1/6518 6516/1/6516 6503/1/6503 
f 6517/1/6517 6516/1/6516 6518/1/6518 6519/1/6519 
f 6465/1/6465 6464/1/6464 6520/1/6520 6521/1/6521 
f 6517/1/6517 6520/1/6520 6464/1/6464 6461/1/6461 
f 6519/1/6519 6522/1/6522 6520/1/6520 6517/1/6517 
f 6521/1/6521 6520/1/6520 6522/1/6522 6523/1/6523 
f 6524/1/6524 6525/1/6525 6526/1/6526 6527/1/6527 
f 6526/1/6526 6525/1/6525 6469/1/6469 
f 6521/1/6521 6526/1/6526 6468/1/6468 6465/1/6465 
f 6523/1/6523 6527/1/6527 6526/1/6526 6521/1/6521 
f 6527/1/6527 6528/1/6528 6529/1/6529 6524/1/6524 
f 6530/1/6530 6528/1/6528 6527/1/6527 6523/1/6523 
f 6531/1/6531 6532/1/6532 6528/1/6528 6530/1/6530 
f 6529/1/6529 6528/1/6528 6532/1/6532 6533/1/6533 
f 6534/1/6534 6535/1/6535 6536/1/6536 
f 6472/1/6472 6534/1/6534 6537/1/6537 6473/1/6473 
f 6534/1/6534 6472/1/6472 6469/1/6469 
f 6525/1/6525 6524/1/6524 6535/1/6535 
f 6524/1/6524 6529/1/6529 6538/1/6538 6535/1/6535 
f 6539/1/6539 6538/1/6538 6529/1/6529 6533/1/6533 
f 6538/1/6538 6539/1/6539 6540/1/6540 
f 6541/1/6541 6536/1/6536 6535/1/6535 
f 6511/1/6511 6542/1/6542 6543/1/6543 6478/1/6478 
f 6509/1/6509 6544/1/6544 6542/1/6542 6511/1/6511 
f 6545/1/6545 6542/1/6542 6544/1/6544 6546/1/6546 
f 6547/1/6547 6543/1/6543 6542/1/6542 6545/1/6545 
f 6545/1/6545 6546/1/6546 6548/1/6548 
f 6549/1/6549 6550/1/6550 6551/1/6551 6548/1/6548 
f 6552/1/6552 6553/1/6553 6551/1/6551 6550/1/6550 
f 6545/1/6545 6551/1/6551 6553/1/6553 6547/1/6547 
f 6483/1/6483 6482/1/6482 6554/1/6554 6489/1/6489 
f 6555/1/6555 6554/1/6554 6482/1/6482 6479/1/6479 
f 6556/1/6556 6557/1/6557 6554/1/6554 6555/1/6555 
f 6489/1/6489 6554/1/6554 6557/1/6557 6486/1/6486 
f 6556/1/6556 6555/1/6555 6558/1/6558 6559/1/6559 
f 6477/1/6477 6558/1/6558 6555/1/6555 6479/1/6479 
f 6478/1/6478 6543/1/6543 6558/1/6558 6477/1/6477 
f 6559/1/6559 6558/1/6558 6543/1/6543 6547/1/6547 
f 6560/1/6560 6561/1/6561 6562/1/6562 6563/1/6563 
f 6561/1/6561 6564/1/6564 6565/1/6565 
f 6499/1/6499 6498/1/6498 6566/1/6566 6567/1/6567 
f 6568/1/6568 6566/1/6566 6498/1/6498 6497/1/6497 
f 6569/1/6569 6568/1/6568 6497/1/6497 
f 6496/1/6496 6490/1/6490 6570/1/6570 
f 6569/1/6569 6570/1/6570 6564/1/6564 
f 6561/1/6561 6560/1/6560 6568/1/6568 
f 6571/1/6571 6572/1/6572 6573/1/6573 6574/1/6574 
f 6548/1/6548 6573/1/6573 6572/1/6572 6549/1/6549 
f 6546/1/6546 6575/1/6575 6573/1/6573 6548/1/6548 
f 6574/1/6574 6573/1/6573 6575/1/6575 6576/1/6576 
f 6509/1/6509 6508/1/6508 6577/1/6577 6578/1/6578 
f 6537/1/6537 6577/1/6577 6508/1/6508 6473/1/6473 
f 6536/1/6536 6579/1/6579 6577/1/6577 6537/1/6537 
f 6578/1/6578 6577/1/6577 6579/1/6579 6576/1/6576 
f 6576/1/6576 6579/1/6579 6580/1/6580 6574/1/6574 
f 6541/1/6541 6580/1/6580 6579/1/6579 6536/1/6536 
f 6540/1/6540 6581/1/6581 6580/1/6580 6541/1/6541 
f 6574/1/6574 6580/1/6580 6581/1/6581 6571/1/6571 
f 6578/1/6578 6582/1/6582 6544/1/6544 6509/1/6509 
f 6576/1/6576 6575/1/6575 6582/1/6582 6578/1/6578 
f 6546/1/6546 6544/1/6544 6582/1/6582 6575/1/6575 
f 6547/1/6547 6553/1/6553 6583/1/6583 6559/1/6559 
f 6584/1/6584 6583/1/6583 6553/1/6553 6552/1/6552 
f 6585/1/6585 6583/1/6583 6584/1/6584 6586/1/6586 
f 6559/1/6559 6583/1/6583 6585/1/6585 6556/1/6556 
f 6454/1/6454 6487/1/6487 6587/1/6587 6514/1/6514 
f 6588/1/6588 6587/1/6587 6487/1/6487 6486/1/6486 
f 6589/1/6589 6588/1/6588 6486/1/6486 
f 6585/1/6585 6589/1/6589 6557/1/6557 6556/1/6556 
f 6589/1/6589 6585/1/6585 6586/1/6586 
f 6530/1/6530 6590/1/6590 6591/1/6591 6531/1/6531 
f 6523/1/6523 6522/1/6522 6590/1/6590 6530/1/6530 
f 6592/1/6592 6590/1/6590 6522/1/6522 6519/1/6519 
f 6591/1/6591 6590/1/6590 6592/1/6592 6593/1/6593 
f 6519/1/6519 6518/1/6518 6594/1/6594 6592/1/6592 
f 6595/1/6595 6594/1/6594 6518/1/6518 6505/1/6505 
f 6594/1/6594 6595/1/6595 6596/1/6596 
f 6597/1/6597 6593/1/6593 6592/1/6592 
f 6595/1/6595 6598/1/6598 6599/1/6599 6596/1/6596 
f 6598/1/6598 6595/1/6595 6505/1/6505 
f 6504/1/6504 6499/1/6499 6567/1/6567 
f 6322/1/6322 6600/1/6600 6601/1/6601 6323/1/6323 
f 6600/1/6600 6039/1/6039 6041/1/6041 
f 6601/1/6601 6041/1/6041 5997/1/5997 
f 6602/1/6602 6291/1/6291 6323/1/6323 
f 6291/1/6291 6602/1/6602 6603/1/6603 6292/1/6292 
f 5996/1/5996 6603/1/6603 6602/1/6602 5997/1/5997 
f 5990/1/5990 6604/1/6604 6603/1/6603 5996/1/5996 
f 6292/1/6292 6603/1/6603 6604/1/6604 6280/1/6280 
f 6280/1/6280 6604/1/6604 6605/1/6605 6277/1/6277 
f 5993/1/5993 6605/1/6605 6604/1/6604 5990/1/5990 
f 5989/1/5989 6606/1/6606 6605/1/6605 5993/1/5993 
f 6277/1/6277 6605/1/6605 6606/1/6606 6266/1/6266 
f 6263/1/6263 6266/1/6266 6606/1/6606 
f 5989/1/5989 5988/1/5988 6607/1/6607 6606/1/6606 
f 6608/1/6608 6607/1/6607 5988/1/5988 5985/1/5985 
f 6607/1/6607 6608/1/6608 6249/1/6249 
f 6608/1/6608 6609/1/6609 6250/1/6250 6249/1/6249 
f 5985/1/5985 5984/1/5984 6609/1/6609 6608/1/6608 
f 6610/1/6610 6609/1/6609 5984/1/5984 5983/1/5983 
f 6235/1/6235 6250/1/6250 6609/1/6609 6610/1/6610 
f 6610/1/6610 6611/1/6611 6236/1/6236 6235/1/6235 
f 5983/1/5983 5999/1/5999 6611/1/6611 6610/1/6610 
f 6612/1/6612 6611/1/6611 5999/1/5999 6001/1/6001 
f 6221/1/6221 6236/1/6236 6611/1/6611 6612/1/6612 
f 6612/1/6612 6613/1/6613 6222/1/6222 6221/1/6221 
f 6001/1/6001 6011/1/6011 6613/1/6613 6612/1/6612 
f 6614/1/6614 6613/1/6613 6011/1/6011 6010/1/6010 
f 6207/1/6207 6222/1/6222 6613/1/6613 6614/1/6614 
f 6614/1/6614 6615/1/6615 6208/1/6208 6207/1/6207 
f 6010/1/6010 6015/1/6015 6615/1/6615 6614/1/6614 
f 6616/1/6616 6615/1/6615 6015/1/6015 6014/1/6014 
f 6615/1/6615 6616/1/6616 6193/1/6193 
f 6616/1/6616 6617/1/6617 6194/1/6194 6193/1/6193 
f 6014/1/6014 6017/1/6017 6617/1/6617 6616/1/6616 
f 6618/1/6618 6617/1/6617 6017/1/6017 6019/1/6019 
f 6179/1/6179 6194/1/6194 6617/1/6617 6618/1/6618 
f 6618/1/6618 6619/1/6619 6180/1/6180 6179/1/6179 
f 6019/1/6019 6021/1/6021 6619/1/6619 6618/1/6618 
f 6620/1/6620 6619/1/6619 6021/1/6021 6023/1/6023 
f 6165/1/6165 6180/1/6180 6619/1/6619 6620/1/6620 
f 6620/1/6620 6621/1/6621 6166/1/6166 6165/1/6165 
f 6023/1/6023 6025/1/6025 6621/1/6621 6620/1/6620 
f 6622/1/6622 6621/1/6621 6025/1/6025 6007/1/6007 
f 6151/1/6151 6166/1/6166 6621/1/6621 6622/1/6622 
f 6622/1/6622 6623/1/6623 6152/1/6152 6151/1/6151 
f 6007/1/6007 6005/1/6005 6623/1/6623 6622/1/6622 
f 6006/1/6006 6624/1/6624 6623/1/6623 6005/1/6005 
f 6152/1/6152 6623/1/6623 6624/1/6624 6142/1/6142 
f 6142/1/6142 6624/1/6624 6625/1/6625 6141/1/6141 
f 6047/1/6047 6625/1/6625 6624/1/6624 6006/1/6006 
f 6049/1/6049 6626/1/6626 6625/1/6625 6047/1/6047 
f 6626/1/6626 6128/1/6128 6141/1/6141 
f 6128/1/6128 6626/1/6626 6627/1/6627 6127/1/6127 
f 6626/1/6626 6049/1/6049 6067/1/6067 
f 6062/1/6062 6628/1/6628 6627/1/6627 6067/1/6067 
f 6127/1/6127 6627/1/6627 6628/1/6628 6114/1/6114 
f 6114/1/6114 6628/1/6628 6629/1/6629 6113/1/6113 
f 6065/1/6065 6629/1/6629 6628/1/6628 6062/1/6062 
f 6061/1/6061 6630/1/6630 6629/1/6629 6065/1/6065 
f 6113/1/6113 6629/1/6629 6630/1/6630 6100/1/6100 
f 6100/1/6100 6630/1/6630 6631/1/6631 6099/1/6099 
f 6060/1/6060 6631/1/6631 6630/1/6630 6061/1/6061 
f 6054/1/6054 6632/1/6632 6631/1/6631 6060/1/6060 
f 6632/1/6632 6082/1/6082 6099/1/6099 
f 6082/1/6082 6632/1/6632 6633/1/6633 6081/1/6081 
f 6057/1/6057 6633/1/6633 6632/1/6632 6054/1/6054 
f 6050/1/6050 6634/1/6634 6633/1/6633 6057/1/6057 
f 6081/1/6081 6633/1/6633 6634/1/6634 6083/1/6083 
f 6083/1/6083 6634/1/6634 6635/1/6635 6345/1/6345 
f 6053/1/6053 6635/1/6635 6634/1/6634 6050/1/6050 
f 6045/1/6045 6636/1/6636 6635/1/6635 6053/1/6053 
f 6345/1/6345 6635/1/6635 6636/1/6636 6346/1/6346 
f 6637/1/6637 6361/1/6361 6346/1/6346 
f 6636/1/6636 6045/1/6045 6044/1/6044 
f 6026/1/6026 6638/1/6638 6637/1/6637 6044/1/6044 
f 6361/1/6361 6637/1/6637 6638/1/6638 6353/1/6353 
f 6353/1/6353 6638/1/6638 6639/1/6639 6352/1/6352 
f 6029/1/6029 6639/1/6639 6638/1/6638 6026/1/6026 
f 6031/1/6031 6640/1/6640 6639/1/6639 6029/1/6029 
f 6352/1/6352 6639/1/6639 6640/1/6640 6334/1/6334 
f 6641/1/6641 6333/1/6333 6334/1/6334 
f 6033/1/6033 6641/1/6641 6640/1/6640 6031/1/6031 
f 6035/1/6035 6642/1/6642 6641/1/6641 6033/1/6033 
f 6642/1/6642 6322/1/6322 6333/1/6333 
f 6642/1/6642 6643/1/6643 6600/1/6600 6322/1/6322 
f 6035/1/6035 6037/1/6037 6643/1/6643 6642/1/6642 
f 6039/1/6039 6600/1/6600 6643/1/6643 6037/1/6037 
f 15/1/15 12/1/12 11/1/11 
f 7/1/7 15/1/15 42/1/42 
f 28/1/28 46/1/46 43/1/43 
f 29/1/29 48/1/48 46/1/46 
f 47/1/47 46/1/46 48/1/48 
f 55/1/55 57/1/57 56/1/56 
f 59/1/59 56/1/56 57/1/57 
f 48/1/48 61/1/61 63/1/63 
f 59/1/59 61/1/61 48/1/48 
f 67/1/67 65/1/65 64/1/64 
f 41/1/41 96/1/96 94/1/94 
f 134/1/134 135/1/135 133/1/133 
f 155/1/155 154/1/154 57/1/57 
f 193/1/193 190/1/190 191/1/191 
f 192/1/192 196/1/196 194/1/194 
f 263/1/263 264/1/264 260/1/260 
f 37/1/37 384/1/384 382/1/382 
f 32/1/32 382/1/382 4/1/4 
f 392/1/392 390/1/390 387/1/387 
f 393/1/393 392/1/392 398/1/398 
f 396/1/396 398/1/398 392/1/392 
f 399/1/399 398/1/398 396/1/396 
f 438/1/438 437/1/437 434/1/434 
f 464/1/464 462/1/462 461/1/461 
f 467/1/467 469/1/469 465/1/465 
f 466/1/466 472/1/472 471/1/471 
f 461/1/461 474/1/474 473/1/473 
f 484/1/484 486/1/486 485/1/485 
f 488/1/488 485/1/485 486/1/486 
f 467/1/467 471/1/471 485/1/485 
f 487/1/487 491/1/491 489/1/489 
f 492/1/492 494/1/494 493/1/493 
f 496/1/496 493/1/493 494/1/494 
f 502/1/502 499/1/499 498/1/498 
f 551/1/551 550/1/550 539/1/539 
f 552/1/552 553/1/553 550/1/550 
f 538/1/538 547/1/547 558/1/558 
f 551/1/551 558/1/558 561/1/561 
f 569/1/569 568/1/568 553/1/553 
f 570/1/570 571/1/571 568/1/568 
f 581/1/581 579/1/579 578/1/578 
f 584/1/584 585/1/585 582/1/582 
f 381/1/381 571/1/571 582/1/582 
f 574/1/574 576/1/576 587/1/587 
f 598/1/598 599/1/599 596/1/596 
f 55/1/55 51/1/51 596/1/596 
f 477/1/477 614/1/614 617/1/617 
f 622/1/622 623/1/623 621/1/621 
f 624/1/624 625/1/625 623/1/623 
f 624/1/624 628/1/628 626/1/626 
f 627/1/627 626/1/626 628/1/628 
f 665/1/665 663/1/663 662/1/662 
f 661/1/661 660/1/660 663/1/663 
f 668/1/668 669/1/669 666/1/666 
f 458/1/458 459/1/459 670/1/670 
f 671/1/671 670/1/670 459/1/459 
f 667/1/667 670/1/670 673/1/673 
f 680/1/680 681/1/681 678/1/678 
f 686/1/686 689/1/689 684/1/684 
f 703/1/703 709/1/709 706/1/706 
f 704/1/704 702/1/702 706/1/706 
f 703/1/703 700/1/700 716/1/716 
f 262/1/262 716/1/716 700/1/700 
f 685/1/685 695/1/695 736/1/736 
f 686/1/686 736/1/736 739/1/739 
f 739/1/739 749/1/749 744/1/744 
f 698/1/698 705/1/705 762/1/762 
f 801/1/801 804/1/804 800/1/800 
f 800/1/800 804/1/804 803/1/803 
f 840/1/840 838/1/838 835/1/835 
f 857/1/857 864/1/864 863/1/863 
f 892/1/892 903/1/903 906/1/906 
f 925/1/925 928/1/928 930/1/930 
f 933/1/933 934/1/934 931/1/931 
f 925/1/925 929/1/929 935/1/935 
f 936/1/936 935/1/935 929/1/929 
f 932/1/932 935/1/935 938/1/938 
f 943/1/943 946/1/946 949/1/949 
f 949/1/949 951/1/951 955/1/955 
f 950/1/950 968/1/968 967/1/967 
f 969/1/969 968/1/968 961/1/961 
f 916/1/916 913/1/913 971/1/971 
f 963/1/963 971/1/971 913/1/913 
f 1050/1/1050 1051/1/1051 1048/1/1048 
f 1192/1/1192 1194/1/1194 1190/1/1190 
f 1206/1/1206 1209/1/1209 585/1/585 
f 1212/1/1212 1213/1/1213 1210/1/1210 
f 597/1/597 1213/1/1213 1212/1/1212 
f 1210/1/1210 1213/1/1213 1204/1/1204 
f 1217/1/1217 1216/1/1216 1208/1/1208 
f 1206/1/1206 1220/1/1220 1223/1/1223 
f 578/1/578 1249/1/1249 1241/1/1241 
f 595/1/595 1236/1/1236 1255/1/1255 
f 1263/1/1263 1262/1/1262 1259/1/1259 
f 1281/1/1281 1292/1/1292 1290/1/1290 
f 1296/1/1296 1295/1/1295 1292/1/1292 
f 1191/1/1191 1302/1/1302 1299/1/1299 
f 1281/1/1281 1308/1/1308 1306/1/1306 
f 1327/1/1327 1326/1/1326 1334/1/1334 
f 1311/1/1311 1342/1/1342 1341/1/1341 
f 1309/1/1309 1339/1/1339 1342/1/1342 
f 1343/1/1343 1344/1/1344 1347/1/1347 
f 1359/1/1359 1362/1/1362 1365/1/1365 
f 1372/1/1372 1373/1/1373 1370/1/1370 
f 839/1/839 1378/1/1378 1375/1/1375 
f 1419/1/1419 1417/1/1417 1416/1/1416 
f 1438/1/1438 1439/1/1439 766/1/766 
f 1440/1/1440 1441/1/1441 1439/1/1439 
f 1430/1/1430 1450/1/1450 1452/1/1452 
f 1458/1/1458 1459/1/1459 1455/1/1455 
f 824/1/824 1455/1/1455 1459/1/1459 
f 1458/1/1458 1461/1/1461 1460/1/1460 
f 1463/1/1463 1460/1/1460 1461/1/1461 
f 1459/1/1459 1460/1/1460 859/1/859 
f 1462/1/1462 1466/1/1466 1464/1/1464 
f 1470/1/1470 1473/1/1473 1420/1/1420 
f 1478/1/1478 1481/1/1481 1477/1/1477 
f 1478/1/1478 1476/1/1476 1482/1/1482 
f 1555/1/1555 1566/1/1566 1564/1/1564 
f 1543/1/1543 1558/1/1558 1568/1/1568 
f 1575/1/1575 1573/1/1573 1572/1/1572 
f 1570/1/1570 1569/1/1569 1573/1/1573 
f 1574/1/1574 1582/1/1582 1580/1/1580 
f 501/1/501 1586/1/1586 1584/1/1584 
f 1588/1/1588 1589/1/1589 1584/1/1584 
f 502/1/502 1584/1/1584 1589/1/1589 
f 1590/1/1590 1591/1/1591 1589/1/1589 
f 1592/1/1592 1593/1/1593 1591/1/1591 
f 1613/1/1613 1614/1/1614 1617/1/1617 
f 1663/1/1663 1661/1/1661 1660/1/1660 
f 1662/1/1662 1668/1/1668 1666/1/1666 
f 1670/1/1670 1671/1/1671 1666/1/1666 
f 1663/1/1663 1666/1/1666 1671/1/1671 
f 1686/1/1686 1689/1/1689 1684/1/1684 
f 1687/1/1687 1689/1/1689 1690/1/1690 
f 1692/1/1692 1690/1/1690 1689/1/1689 
f 1713/1/1713 1716/1/1716 1711/1/1711 
f 1712/1/1712 1711/1/1711 1668/1/1668 
f 1746/1/1746 1745/1/1745 1747/1/1747 
f 1754/1/1754 1752/1/1752 1751/1/1751 
f 1783/1/1783 1791/1/1791 1788/1/1788 
f 1790/1/1790 1802/1/1802 1801/1/1801 
f 1662/1/1662 1660/1/1660 1818/1/1818 
f 1803/1/1803 1824/1/1824 1823/1/1823 
f 1745/1/1745 1824/1/1824 1803/1/1803 
f 1823/1/1823 1824/1/1824 1716/1/1716 
f 1687/1/1687 1691/1/1691 1841/1/1841 
f 1682/1/1682 1688/1/1688 1850/1/1850 
f 1890/1/1890 1891/1/1891 1888/1/1888 
f 1894/1/1894 1895/1/1895 1892/1/1892 
f 1889/1/1889 1892/1/1892 1895/1/1895 
f 1893/1/1893 1892/1/1892 1854/1/1854 
f 1853/1/1853 1851/1/1851 1897/1/1897 
f 1910/1/1910 1917/1/1917 1891/1/1891 
f 1919/1/1919 1917/1/1917 1916/1/1916 
f 1891/1/1891 1917/1/1917 1919/1/1919 
f 1927/1/1927 1926/1/1926 1929/1/1929 
f 1938/1/1938 1937/1/1937 1932/1/1932 
f 1918/1/1918 1916/1/1916 1937/1/1937 
f 1935/1/1935 1934/1/1934 1941/1/1941 
f 1346/1/1346 1345/1/1345 1952/1/1952 
f 1955/1/1955 1959/1/1959 1958/1/1958 
f 1335/1/1335 1968/1/1968 1953/1/1953 
f 1999/1/1999 1998/1/1998 1314/1/1314 
f 1918/1/1918 2005/1/2005 2003/1/2003 
f 1880/1/1880 2011/1/2011 1999/1/1999 
f 2006/1/2006 2012/1/2012 2011/1/2011 
f 1999/1/1999 2011/1/2011 2012/1/2012 
f 1936/1/1936 1949/1/1949 2015/1/2015 
f 1938/1/1938 2015/1/2015 2005/1/2005 
f 1587/1/1587 1586/1/1586 2021/1/2021 
f 2028/1/2028 2030/1/2030 1826/1/1826 
f 2045/1/2045 2043/1/2043 2042/1/2042 
f 2031/1/2031 2028/1/2028 2043/1/2043 
f 2044/1/2044 2042/1/2042 2047/1/2047 
f 2044/1/2044 2053/1/2053 2050/1/2050 
f 2035/1/2035 2052/1/2052 2056/1/2056 
f 646/1/646 651/1/651 2067/1/2067 
f 2083/1/2083 2082/1/2082 2079/1/2079 
f 2076/1/2076 2086/1/2086 2089/1/2089 
f 676/1/676 681/1/681 2102/1/2102 
f 2103/1/2103 2102/1/2102 681/1/681 
f 2166/1/2166 2168/1/2168 2163/1/2163 
f 2144/1/2144 2163/1/2163 2168/1/2168 
f 1438/1/1438 2265/1/2265 2264/1/2264 
f 711/1/711 708/1/708 2267/1/2267 
f 733/1/733 2267/1/2267 708/1/708 
f 2284/1/2284 2285/1/2285 2282/1/2282 
f 1445/1/1445 2282/1/2282 2285/1/2285 
f 1426/1/1426 1441/1/1441 2282/1/2282 
f 2283/1/2283 2282/1/2282 1441/1/1441 
f 2269/1/2269 2291/1/2291 2290/1/2290 
f 2293/1/2293 2290/1/2290 2291/1/2291 
f 1440/1/1440 2264/1/2264 2290/1/2290 
f 2268/1/2268 2290/1/2290 2264/1/2264 
f 2319/1/2319 2323/1/2323 2322/1/2322 
f 1457/1/1457 1454/1/1454 2322/1/2322 
f 2284/1/2284 2325/1/2325 2324/1/2324 
f 2327/1/2327 2324/1/2324 2325/1/2325 
f 2319/1/2319 2320/1/2320 2324/1/2324 
f 2287/1/2287 2324/1/2324 2320/1/2320 
f 2292/1/2292 2329/1/2329 2328/1/2328 
f 2325/1/2325 2328/1/2328 2329/1/2329 
f 2284/1/2284 2283/1/2283 2328/1/2328 
f 2293/1/2293 2328/1/2328 2283/1/2283 
f 1457/1/1457 2323/1/2323 2333/1/2333 
f 2327/1/2327 2333/1/2333 2323/1/2323 
f 1462/1/1462 1461/1/1461 2337/1/2337 
f 2338/1/2338 2337/1/2337 1461/1/1461 
f 1457/1/1457 2334/1/2334 2340/1/2340 
f 1456/1/1456 2340/1/2340 2338/1/2338 
f 2339/1/2339 2344/1/2344 2342/1/2342 
f 1414/1/1414 2360/1/2360 2363/1/2363 
f 2375/1/2375 2373/1/2373 2372/1/2372 
f 1397/1/1397 1403/1/1403 2373/1/2373 
f 2379/1/2379 2378/1/2378 2332/1/2332 
f 2335/1/2335 2377/1/2377 2392/1/2392 
f 2393/1/2393 2392/1/2392 2377/1/2377 
f 2395/1/2395 2392/1/2392 2393/1/2393 
f 2341/1/2341 2392/1/2392 2395/1/2395 
f 2394/1/2394 2398/1/2398 2396/1/2396 
f 2395/1/2395 2396/1/2396 2344/1/2344 
f 2467/1/2467 2466/1/2466 2400/1/2400 
f 2476/1/2476 2477/1/2477 2474/1/2474 
f 2467/1/2467 2474/1/2474 2477/1/2477 
f 2476/1/2476 2480/1/2480 2478/1/2478 
f 2477/1/2477 2478/1/2478 2470/1/2470 
f 2579/1/2579 2575/1/2575 2574/1/2574 
f 2576/1/2576 2575/1/2575 1536/1/1536 
f 2582/1/2582 2592/1/2592 2595/1/2595 
f 2618/1/2618 2619/1/2619 2616/1/2616 
f 2613/1/2613 2616/1/2616 2619/1/2619 
f 2563/1/2563 2626/1/2626 2625/1/2625 
f 2627/1/2627 2626/1/2626 2628/1/2628 
f 2640/1/2640 2641/1/2641 2644/1/2644 
f 2578/1/2578 2647/1/2647 2645/1/2645 
f 2652/1/2652 2654/1/2654 2653/1/2653 
f 1574/1/1574 1572/1/1572 2653/1/2653 
f 2682/1/2682 2683/1/2683 2680/1/2680 
f 2606/1/2606 2604/1/2604 2683/1/2683 
f 2680/1/2680 2683/1/2683 2604/1/2604 
f 2680/1/2680 2686/1/2686 2685/1/2685 
f 2599/1/2599 2596/1/2596 2686/1/2686 
f 2684/1/2684 2704/1/2704 2702/1/2702 
f 2685/1/2685 2702/1/2702 2692/1/2692 
f 2800/1/2800 2801/1/2801 2798/1/2798 
f 2838/1/2838 2839/1/2839 2836/1/2836 
f 2824/1/2824 2822/1/2822 2836/1/2836 
f 2846/1/2846 2847/1/2847 2844/1/2844 
f 2842/1/2842 2844/1/2844 2847/1/2847 
f 2835/1/2835 2832/1/2832 2844/1/2844 
f 2853/1/2853 2854/1/2854 2851/1/2851 
f 2858/1/2858 2859/1/2859 2853/1/2853 
f 2853/1/2853 2859/1/2859 2870/1/2870 
f 2872/1/2872 2879/1/2879 2882/1/2882 
f 2888/1/2888 2886/1/2886 2885/1/2885 
f 2887/1/2887 2885/1/2885 2894/1/2894 
f 2873/1/2873 2882/1/2882 2894/1/2894 
f 2887/1/2887 2901/1/2901 2899/1/2899 
f 2907/1/2907 2911/1/2911 2914/1/2914 
f 2924/1/2924 2923/1/2923 2908/1/2908 
f 2916/1/2916 2932/1/2932 2931/1/2931 
f 2934/1/2934 2931/1/2931 2932/1/2932 
f 2931/1/2931 2934/1/2934 2925/1/2925 
f 2915/1/2915 2931/1/2931 2924/1/2924 
f 2932/1/2932 2943/1/2943 2941/1/2941 
f 1348/1/1348 1355/1/1355 2950/1/2950 
f 2951/1/2951 2950/1/2950 1355/1/1355 
f 1365/1/1365 2962/1/2962 2958/1/2958 
f 2967/1/2967 2965/1/2965 2964/1/2964 
f 2374/1/2374 2971/1/2971 2970/1/2970 
f 2988/1/2988 2987/1/2987 2989/1/2989 
f 2982/1/2982 3014/1/3014 3017/1/3017 
f 3004/1/3004 3003/1/3003 3021/1/3021 
f 3020/1/3020 3021/1/3021 3003/1/3003 
f 3022/1/3022 3021/1/3021 3023/1/3023 
f 3034/1/3034 3032/1/3032 3031/1/3031 
f 3030/1/3030 3029/1/3029 3032/1/3032 
f 3035/1/3035 3036/1/3036 3022/1/3022 
f 3037/1/3037 3038/1/3038 3036/1/3036 
f 3022/1/3022 3036/1/3036 3031/1/3031 
f 3041/1/3041 3039/1/3039 3035/1/3035 
f 3040/1/3040 3039/1/3039 3042/1/3042 
f 3016/1/3016 3015/1/3015 3069/1/3069 
f 3110/1/3110 3108/1/3108 3107/1/3107 
f 3034/1/3034 3129/1/3129 3128/1/3128 
f 3166/1/3166 3165/1/3165 3167/1/3167 
f 3168/1/3168 3167/1/3167 3169/1/3169 
f 3009/1/3009 3005/1/3005 3357/1/3357 
f 2977/1/2977 3357/1/3357 3005/1/3005 
f 3364/1/3364 3366/1/3366 3370/1/3370 
f 3372/1/3372 3374/1/3374 3373/1/3373 
f 3370/1/3370 3374/1/3374 3372/1/3372 
f 3406/1/3406 3412/1/3412 3411/1/3411 
f 3437/1/3437 3436/1/3436 3438/1/3438 
f 3442/1/3442 3443/1/3443 3440/1/3440 
f 3447/1/3447 3446/1/3446 3443/1/3443 
f 3449/1/3449 3448/1/3448 3437/1/3437 
f 3459/1/3459 3458/1/3458 3460/1/3460 
f 3447/1/3447 3460/1/3460 3458/1/3458 
f 3442/1/3442 3462/1/3462 3460/1/3460 
f 3461/1/3461 3460/1/3460 3462/1/3462 
f 3463/1/3463 3462/1/3462 3464/1/3464 
f 3467/1/3467 3466/1/3466 3468/1/3468 
f 3469/1/3469 3468/1/3468 3470/1/3470 
f 3467/1/3467 3476/1/3476 3474/1/3474 
f 3475/1/3475 3474/1/3474 3476/1/3476 
f 3527/1/3527 3528/1/3528 3525/1/3525 
f 3512/1/3512 3525/1/3525 3528/1/3528 
f 3513/1/3513 3528/1/3528 3533/1/3533 
f 3534/1/3534 3533/1/3533 3528/1/3528 
f 3545/1/3545 3546/1/3546 3543/1/3543 
f 3526/1/3526 3543/1/3543 3546/1/3546 
f 3559/1/3559 3560/1/3560 3557/1/3557 
f 3356/1/3356 3373/1/3373 3557/1/3557 
f 3549/1/3549 3563/1/3563 3561/1/3561 
f 3573/1/3573 3574/1/3574 3571/1/3571 
f 3030/1/3030 3128/1/3128 3571/1/3571 
f 3590/1/3590 3589/1/3589 3451/1/3451 
f 3595/1/3595 3599/1/3599 3597/1/3597 
f 3599/1/3599 3598/1/3598 3600/1/3600 
f 3600/1/3600 3598/1/3598 3601/1/3601 
f 3602/1/3602 3601/1/3601 3603/1/3603 
f 3635/1/3635 3636/1/3636 3633/1/3633 
f 3634/1/3634 3639/1/3639 3637/1/3637 
f 3638/1/3638 3637/1/3637 3639/1/3639 
f 3643/1/3643 3644/1/3644 3641/1/3641 
f 3433/1/3433 3644/1/3644 3645/1/3645 
f 3646/1/3646 3645/1/3645 3644/1/3644 
f 3435/1/3435 3645/1/3645 3648/1/3648 
f 3655/1/3655 3656/1/3656 3653/1/3653 
f 3661/1/3661 3663/1/3663 3659/1/3659 
f 3680/1/3680 3679/1/3679 3681/1/3681 
f 3678/1/3678 3684/1/3684 3681/1/3681 
f 3676/1/3676 3691/1/3691 3240/1/3240 
f 3680/1/3680 3692/1/3692 3691/1/3691 
f 3660/1/3660 3659/1/3659 3711/1/3711 
f 3712/1/3712 3711/1/3711 3659/1/3659 
f 3722/1/3722 3723/1/3723 3712/1/3712 
f 3673/1/3673 3728/1/3728 3737/1/3737 
f 3776/1/3776 3780/1/3780 3775/1/3775 
f 3778/1/3778 3780/1/3780 3776/1/3776 
f 3808/1/3808 3813/1/3813 3815/1/3815 
f 3840/1/3840 3839/1/3839 3830/1/3830 
f 3870/1/3870 3869/1/3869 3858/1/3858 
f 3891/1/3891 3896/1/3896 3895/1/3895 
f 3899/1/3899 3900/1/3900 3897/1/3897 
f 3891/1/3891 3900/1/3900 3901/1/3901 
f 3902/1/3902 3901/1/3901 3900/1/3900 
f 3896/1/3896 3901/1/3901 3904/1/3904 
f 3913/1/3913 3912/1/3912 3911/1/3911 
f 3918/1/3918 3916/1/3916 3913/1/3913 
f 3927/1/3927 3934/1/3934 3933/1/3933 
f 3935/1/3935 3934/1/3934 3917/1/3917 
f 3880/1/3880 3936/1/3936 3930/1/3930 
f 4016/1/4016 4017/1/4017 4014/1/4014 
f 4137/1/4137 4139/1/4139 4135/1/4135 
f 3558/1/3558 4152/1/4152 4151/1/4151 
f 4157/1/4157 4158/1/4158 4155/1/4155 
f 4150/1/4150 4158/1/4158 4157/1/4157 
f 4155/1/4155 4158/1/4158 3574/1/3574 
f 4153/1/4153 4161/1/4161 4160/1/4160 
f 4166/1/4166 4165/1/4165 4151/1/4151 
f 4184/1/4184 4193/1/4193 3554/1/3554 
f 3570/1/3570 3569/1/3569 4199/1/4199 
f 4206/1/4206 4207/1/4207 4208/1/4208 
f 4226/1/4226 4225/1/4225 4235/1/4235 
f 4236/1/4236 4241/1/4241 4240/1/4240 
f 4244/1/4244 4247/1/4247 4139/1/4139 
f 4226/1/4226 4240/1/4240 4251/1/4251 
f 4270/1/4270 4279/1/4279 4277/1/4277 
f 4254/1/4254 4255/1/4255 4283/1/4283 
f 1341/1/1341 4283/1/4283 4255/1/4255 
f 1347/1/1347 4285/1/4285 4284/1/4284 
f 4300/1/4300 4299/1/4299 4298/1/4298 
f 4309/1/4309 4310/1/4310 4307/1/4307 
f 4354/1/4354 4353/1/4353 4355/1/4355 
f 3742/1/3742 4376/1/4376 4375/1/4375 
f 4378/1/4378 4375/1/4375 4376/1/4376 
f 4389/1/4389 4388/1/4388 4369/1/4369 
f 4393/1/4393 4391/1/4391 3800/1/3800 
f 4394/1/4394 4395/1/4395 4391/1/4391 
f 4394/1/4394 4393/1/4393 4397/1/4397 
f 3836/1/3836 4397/1/4397 4393/1/4393 
f 4398/1/4398 4397/1/4397 4399/1/4399 
f 4400/1/4400 4399/1/4399 4402/1/4402 
f 4358/1/4358 4410/1/4410 4407/1/4407 
f 4417/1/4417 4418/1/4418 4415/1/4415 
f 4417/1/4417 4421/1/4421 4419/1/4419 
f 4459/1/4459 4458/1/4458 4465/1/4465 
f 4470/1/4470 4481/1/4481 4467/1/4467 
f 4492/1/4492 4491/1/4491 4501/1/4501 
f 4480/1/4480 4490/1/4490 4505/1/4505 
f 4507/1/4507 4511/1/4511 4509/1/4509 
f 4510/1/4510 4509/1/4509 4511/1/4511 
f 4512/1/4512 4511/1/4511 4517/1/4517 
f 3477/1/3477 3476/1/3476 4521/1/4521 
f 4523/1/4523 4521/1/4521 3476/1/3476 
f 4524/1/4524 4525/1/4525 4521/1/4521 
f 4523/1/4523 4528/1/4528 4527/1/4527 
f 4530/1/4530 4527/1/4527 4528/1/4528 
f 4552/1/4552 4551/1/4551 4548/1/4548 
f 4598/1/4598 4597/1/4597 4601/1/4601 
f 4602/1/4602 4601/1/4601 4603/1/4603 
f 4605/1/4605 4603/1/4603 4601/1/4601 
f 4606/1/4606 4607/1/4607 4603/1/4603 
f 4623/1/4623 4624/1/4624 4621/1/4621 
f 4626/1/4626 4622/1/4622 4621/1/4621 
f 4626/1/4626 4629/1/4629 4627/1/4627 
f 4622/1/4622 4627/1/4627 4632/1/4632 
f 4650/1/4650 4651/1/4651 4648/1/4648 
f 4604/1/4604 4648/1/4648 4651/1/4651 
f 4687/1/4687 4683/1/4683 4682/1/4682 
f 4689/1/4689 4688/1/4688 4690/1/4690 
f 4740/1/4740 4739/1/4739 4725/1/4725 
f 4752/1/4752 4755/1/4755 4754/1/4754 
f 4602/1/4602 4651/1/4651 4755/1/4755 
f 4754/1/4754 4755/1/4755 4651/1/4651 
f 4754/1/4754 4760/1/4760 4758/1/4758 
f 4759/1/4759 4761/1/4761 4738/1/4738 
f 4649/1/4649 4761/1/4761 4759/1/4759 
f 4626/1/4626 4779/1/4779 4777/1/4777 
f 4824/1/4824 4825/1/4825 4822/1/4822 
f 4828/1/4828 4829/1/4829 4826/1/4826 
f 4789/1/4789 4826/1/4826 4829/1/4829 
f 4827/1/4827 4826/1/4826 4825/1/4825 
f 4787/1/4787 4829/1/4829 4830/1/4830 
f 4823/1/4823 4847/1/4847 4840/1/4840 
f 4844/1/4844 4847/1/4847 4823/1/4823 
f 4846/1/4846 4847/1/4847 4844/1/4844 
f 4845/1/4845 4861/1/4861 4860/1/4860 
f 4856/1/4856 4860/1/4860 4861/1/4861 
f 1955/1/1955 1963/1/1963 4876/1/4876 
f 4871/1/4871 4884/1/4884 4276/1/4276 
f 4259/1/4259 4910/1/4910 4909/1/4909 
f 4845/1/4845 4844/1/4844 4914/1/4914 
f 4909/1/4909 4923/1/4923 4814/1/4814 
f 4922/1/4922 4923/1/4923 4909/1/4909 
f 4917/1/4917 4916/1/4916 4923/1/4923 
f 4859/1/4859 4861/1/4861 4926/1/4926 
f 4915/1/4915 4926/1/4926 4861/1/4861 
f 4526/1/4526 4933/1/4933 4931/1/4931 
f 4764/1/4764 4940/1/4940 4939/1/4939 
f 4942/1/4942 4953/1/4953 4951/1/4951 
f 4952/1/4952 4951/1/4951 4953/1/4953 
f 4954/1/4954 4957/1/4957 4955/1/4955 
f 4954/1/4954 4953/1/4953 4959/1/4959 
f 4946/1/4946 4949/1/4949 4964/1/4964 
f 4985/1/4985 4988/1/4988 4987/1/4987 
f 4993/1/4993 4992/1/4992 4984/1/4984 
f 3651/1/3651 4999/1/4999 5002/1/5002 
f 3654/1/3654 5002/1/5002 5005/1/5005 
f 5050/1/5050 5052/1/5052 2166/1/2166 
f 5031/1/5031 5053/1/5053 5052/1/5052 
f 5127/1/5127 5126/1/5126 4375/1/4375 
f 3683/1/3683 5128/1/5128 3707/1/3707 
f 3685/1/3685 5130/1/5130 5128/1/5128 
f 5146/1/5146 5147/1/5147 5144/1/5144 
f 4377/1/4377 5146/1/5146 5145/1/5145 
f 4363/1/4363 4380/1/4380 5146/1/5146 
f 5147/1/5147 5146/1/5146 4380/1/4380 
f 5131/1/5131 5130/1/5130 5152/1/5152 
f 5127/1/5127 5152/1/5152 5130/1/5130 
f 4378/1/4378 5154/1/5154 5152/1/5152 
f 5153/1/5153 5152/1/5152 5154/1/5154 
f 5181/1/5181 5180/1/5180 5184/1/5184 
f 4396/1/4396 5185/1/5185 5184/1/5184 
f 5144/1/5144 5150/1/5150 5186/1/5186 
f 5183/1/5183 5186/1/5186 5150/1/5150 
f 5181/1/5181 5188/1/5188 5186/1/5186 
f 5187/1/5187 5186/1/5186 5188/1/5188 
f 5155/1/5155 5154/1/5154 5190/1/5190 
f 5145/1/5145 5190/1/5190 5154/1/5154 
f 5144/1/5144 5187/1/5187 5190/1/5190 
f 5191/1/5191 5190/1/5190 5187/1/5187 
f 5185/1/5185 5194/1/5194 5188/1/5188 
f 4396/1/4396 5196/1/5196 5194/1/5194 
f 4398/1/4398 5199/1/5199 5198/1/5198 
f 4400/1/4400 4428/1/4428 5199/1/5199 
f 4396/1/4396 4395/1/4395 5202/1/5202 
f 5198/1/5198 5202/1/5202 4395/1/4395 
f 5201/1/5201 5200/1/5200 5204/1/5204 
f 5223/1/5223 5222/1/5222 4351/1/4351 
f 4335/1/4335 5236/1/5236 5234/1/5234 
f 5235/1/5235 5234/1/5234 5236/1/5236 
f 5195/1/5195 5240/1/5240 5239/1/5239 
f 5256/1/5256 5257/1/5257 5254/1/5254 
f 5241/1/5241 5257/1/5257 5256/1/5256 
f 5197/1/5197 5203/1/5203 5257/1/5257 
f 5254/1/5254 5257/1/5257 5203/1/5203 
f 5255/1/5255 5254/1/5254 5258/1/5258 
f 5205/1/5205 5258/1/5258 5254/1/5254 
f 5319/1/5319 5320/1/5320 5317/1/5317 
f 5259/1/5259 5325/1/5325 5324/1/5324 
f 5325/1/5325 5320/1/5320 5319/1/5319 
f 5322/1/5322 5327/1/5327 5326/1/5326 
f 4474/1/4474 5408/1/5408 5407/1/5407 
f 5409/1/5409 5408/1/5408 5411/1/5411 
f 5426/1/5426 5425/1/5425 5415/1/5415 
f 5452/1/5452 5451/1/5451 5448/1/5448 
f 5473/1/5473 5472/1/5472 5477/1/5477 
f 5412/1/5412 5411/1/5411 5478/1/5478 
f 5485/1/5485 5484/1/5484 5486/1/5486 
f 4512/1/4512 5454/1/5454 5486/1/5486 
f 5515/1/5515 5516/1/5516 5513/1/5513 
f 5435/1/5435 5516/1/5516 5515/1/5515 
f 5438/1/5438 5450/1/5450 5516/1/5516 
f 5434/1/5434 5515/1/5515 5519/1/5519 
f 5520/1/5520 5519/1/5519 5515/1/5515 
f 5517/1/5517 5520/1/5520 5535/1/5535 
f 5526/1/5526 5535/1/5535 5520/1/5520 
f 5633/1/5633 5634/1/5634 5631/1/5631 
f 5671/1/5671 5672/1/5672 5669/1/5669 
f 5670/1/5670 5669/1/5669 5656/1/5656 
f 5679/1/5679 5680/1/5680 5677/1/5677 
f 5678/1/5678 5677/1/5677 5676/1/5676 
f 5686/1/5686 5687/1/5687 5684/1/5684 
f 5690/1/5690 5689/1/5689 5686/1/5686 
f 5686/1/5686 5701/1/5701 5702/1/5702 
f 5696/1/5696 5707/1/5707 5712/1/5712 
f 5713/1/5713 5712/1/5712 5707/1/5707 
f 5719/1/5719 5718/1/5718 5720/1/5720 
f 5706/1/5706 5719/1/5719 5726/1/5726 
f 5721/1/5721 5728/1/5728 5726/1/5726 
f 5721/1/5721 5720/1/5720 5732/1/5732 
f 5740/1/5740 5748/1/5748 5746/1/5746 
f 5743/1/5743 5756/1/5756 5759/1/5759 
f 5749/1/5749 5748/1/5748 5764/1/5764 
f 5759/1/5759 5764/1/5764 5748/1/5748 
f 5758/1/5758 5766/1/5766 5764/1/5764 
f 5765/1/5765 5764/1/5764 5766/1/5766 
f 5774/1/5774 5776/1/5776 5765/1/5765 
f 4287/1/4287 5778/1/5778 5781/1/5781 
f 4294/1/4294 5781/1/5781 5784/1/5784 
f 4291/1/4291 5784/1/5784 5787/1/5787 
f 5788/1/5788 5791/1/5791 4300/1/4300 
f 5794/1/5794 5793/1/5793 2967/1/2967 
f 5237/1/5237 5236/1/5236 5796/1/5796 
f 6041/1/6041 6040/1/6040 5995/1/5995 
f 6044/1/6044 6042/1/6042 6027/1/6027 
f 5977/1/5977 6064/1/6064 6063/1/6063 
f 6067/1/6067 6066/1/6066 6063/1/6063 
f 6252/1/6252 6264/1/6264 6263/1/6263 
f 6282/1/6282 6295/1/6295 6293/1/6293 
f 6301/1/6301 6299/1/6299 6285/1/6285 
f 6323/1/6323 6324/1/6324 6321/1/6321 
f 6291/1/6291 6294/1/6294 6324/1/6324 
f 6331/1/6331 6333/1/6333 6322/1/6322 
f 6326/1/6326 6344/1/6344 6347/1/6347 
f 6361/1/6361 6360/1/6360 6347/1/6347 
f 6397/1/6397 6394/1/6394 6393/1/6393 
f 6396/1/6396 6393/1/6393 6399/1/6399 
f 6402/1/6402 6410/1/6410 6404/1/6404 
f 6379/1/6379 6407/1/6407 6405/1/6405 
f 6408/1/6408 6416/1/6416 6409/1/6409 
f 6408/1/6408 6407/1/6407 6411/1/6411 
f 6381/1/6381 6411/1/6411 6407/1/6407 
f 6414/1/6414 6421/1/6421 6415/1/6415 
f 6418/1/6418 6422/1/6422 6421/1/6421 
f 6420/1/6420 6425/1/6425 6422/1/6422 
f 6445/1/6445 6492/1/6492 6491/1/6491 
f 6440/1/6440 6451/1/6451 6492/1/6492 
f 6500/1/6500 6501/1/6501 6498/1/6498 
f 6497/1/6497 6498/1/6498 6501/1/6501 
f 6499/1/6499 6504/1/6504 6502/1/6502 
f 6469/1/6469 6468/1/6468 6526/1/6526 
f 6536/1/6536 6537/1/6537 6534/1/6534 
f 6469/1/6469 6525/1/6525 6534/1/6534 
f 6535/1/6535 6534/1/6534 6525/1/6525 
f 6540/1/6540 6541/1/6541 6538/1/6538 
f 6535/1/6535 6538/1/6538 6541/1/6541 
f 6548/1/6548 6551/1/6551 6545/1/6545 
f 6565/1/6565 6562/1/6562 6561/1/6561 
f 6497/1/6497 6496/1/6496 6569/1/6569 
f 6570/1/6570 6569/1/6569 6496/1/6496 
f 6564/1/6564 6561/1/6561 6569/1/6569 
f 6568/1/6568 6569/1/6569 6561/1/6561 
f 6486/1/6486 6557/1/6557 6589/1/6589 
f 6596/1/6596 6597/1/6597 6594/1/6594 
f 6592/1/6592 6594/1/6594 6597/1/6597 
f 6505/1/6505 6504/1/6504 6598/1/6598 
f 6567/1/6567 6598/1/6598 6504/1/6504 
f 6041/1/6041 6601/1/6601 6600/1/6600 
f 5997/1/5997 6602/1/6602 6601/1/6601 
f 6323/1/6323 6601/1/6601 6602/1/6602 
f 6606/1/6606 6607/1/6607 6263/1/6263 
f 6249/1/6249 6263/1/6263 6607/1/6607 
f 6193/1/6193 6208/1/6208 6615/1/6615 
f 6141/1/6141 6625/1/6625 6626/1/6626 
f 6067/1/6067 6627/1/6627 6626/1/6626 
f 6099/1/6099 6631/1/6631 6632/1/6632 
f 6346/1/6346 6636/1/6636 6637/1/6637 
f 6044/1/6044 6637/1/6637 6636/1/6636 
f 6334/1/6334 6640/1/6640 6641/1/6641 
f 6333/1/6333 6641/1/6641 6642/1/6642 
# 6018 polygons - 1194 triangles

