# 3ds Max Wavefront OBJ Exporter v0.99 - (c)2007 guruware
# File Created: 23.04.2025 23:36:37

mtllib Cabeza3.mtl

#
# object Cabeza3
#

v  -4.7699 -1.8377 -4.7381
v  -4.7703 -1.8360 -4.7579
v  -4.7576 -1.8564 -4.7587
v  -4.7600 -1.8590 -4.7398
v  -4.7683 -1.8355 -4.7790
v  -4.7528 -1.8540 -4.7792
v  -4.7371 -1.8733 -4.7742
v  -4.7420 -1.8743 -4.7564
v  -4.7459 -1.8760 -4.7388
v  -4.7170 -1.8986 -4.7341
v  -4.7299 -1.8896 -4.7364
v  -4.7247 -1.8895 -4.7514
v  -4.7072 -1.9001 -4.7421
v  -4.7182 -1.8903 -4.7652
v  -4.6945 -1.8996 -4.7534
v  -4.7512 -1.8796 -4.7218
v  -4.7654 -1.8640 -4.7215
v  -4.7586 -1.8876 -4.7090
v  -4.7754 -1.8732 -4.7092
v  -4.7868 -1.8559 -4.7079
v  -4.7750 -1.8451 -4.7192
v  -4.7332 -1.8933 -4.7215
v  -4.7361 -1.9004 -4.7086
v  -4.7135 -1.9041 -4.7232
v  -4.7103 -1.9105 -4.7099
v  -4.6937 -1.9093 -4.7284
v  -4.6845 -1.9175 -4.7144
v  -4.6735 -1.9074 -4.7360
v  -4.6593 -1.9185 -4.7185
v  -4.7800 -1.8165 -4.7761
v  -4.7956 -1.8257 -4.7907
v  -4.7818 -1.8475 -4.7955
v  -4.8028 -1.8038 -4.7811
v  -4.7892 -1.8035 -4.7714
v  -4.8266 -1.8057 -4.7992
v  -4.8144 -1.8387 -4.8063
v  -4.7992 -1.8649 -4.8130
v  -4.7641 -1.8682 -4.7967
v  -4.7437 -1.8876 -4.7916
v  -4.7781 -1.8873 -4.8164
v  -4.7528 -1.9073 -4.8128
v  -4.7183 -1.9026 -4.7820
v  -4.7218 -1.9229 -4.8029
v  -4.6871 -1.9313 -4.7888
v  -4.6893 -1.9117 -4.7687
v  -4.6545 -1.9372 -4.7684
v  -4.6608 -1.9162 -4.7496
v  -4.6396 -1.9209 -4.7281
v  -4.6211 -1.9399 -4.7427
v  -4.7764 -1.9171 -4.7053
v  -4.7677 -1.9015 -4.7037
v  -4.7415 -1.9139 -4.7004
v  -4.7472 -1.9304 -4.7029
v  -4.7116 -1.9229 -4.7003
v  -4.7149 -1.9399 -4.7016
v  -4.6816 -1.9290 -4.7040
v  -4.6826 -1.9462 -4.7009
v  -4.6544 -1.9325 -4.7074
v  -4.6542 -1.9475 -4.6985
v  -4.6333 -1.9327 -4.7112
v  -4.6337 -1.9477 -4.6979
v  -4.6135 -1.9354 -4.7154
v  -4.6149 -1.9491 -4.6975
v  -4.5881 -1.9414 -4.7149
v  -4.5917 -1.9522 -4.6946
v  -4.5856 -1.9546 -4.7392
v  -4.5602 -1.9504 -4.7082
v  -4.5542 -1.9663 -4.7299
v  -4.5653 -1.9556 -4.6882
v  -4.5280 -1.9503 -4.6957
v  -4.5363 -1.9538 -4.6766
v  -4.5190 -1.9687 -4.7159
v  -4.4820 -1.9645 -4.6984
v  -4.4946 -1.9413 -4.6791
v  -4.5081 -1.9456 -4.6590
v  -4.4560 -1.9471 -4.6072
v  -4.4822 -1.9402 -4.6343
v  -4.4619 -1.9324 -4.6550
v  -4.4314 -1.9363 -4.6258
v  -4.4459 -1.9597 -4.6752
v  -4.4153 -1.9653 -4.6475
v  -4.8877 -1.7773 -4.8166
v  -4.8956 -1.7928 -4.8285
v  -4.8728 -1.8133 -4.8233
v  -4.8583 -1.7915 -4.8085
v  -4.9018 -1.8010 -4.8431
v  -4.8860 -1.8266 -4.8417
v  -4.8501 -1.8328 -4.8238
v  -4.8682 -1.8502 -4.8455
v  -4.8343 -1.8587 -4.8297
v  -4.8176 -1.8862 -4.8374
v  -4.8522 -1.8753 -4.8548
v  -4.8313 -1.8995 -4.8665
v  -4.7911 -1.9073 -4.8445
v  -4.7579 -1.9243 -4.8452
v  -4.8000 -1.9200 -4.8759
v  -4.7613 -1.9372 -4.8781
v  -4.7192 -1.9380 -4.8366
v  -4.7159 -1.9503 -4.8695
v  -4.6718 -1.9641 -4.8548
v  -4.6804 -1.9505 -4.8211
v  -4.6469 -1.9635 -4.8009
v  -4.6352 -1.9795 -4.8386
v  -4.6018 -1.9957 -4.8233
v  -4.6146 -1.9754 -4.7827
v  -4.5801 -1.9884 -4.7720
v  -4.5456 -2.0027 -4.7604
v  -4.5674 -2.0134 -4.8111
v  -4.5316 -2.0318 -4.7978
v  -4.5082 -2.0112 -4.7435
v  -4.4694 -2.0141 -4.7237
v  -4.4929 -2.0467 -4.7794
v  -4.4527 -2.0566 -4.7576
v  -4.4337 -2.0164 -4.6985
v  -4.4149 -2.0643 -4.7320
v  -4.4036 -2.0260 -4.6694
v  -4.3796 -2.0751 -4.7044
v  -4.9072 -1.8021 -4.8558
v  -4.8926 -1.8268 -4.8603
v  -4.8926 -1.8155 -4.8737
v  -4.9073 -1.7948 -4.8660
v  -4.8754 -1.8340 -4.8831
v  -4.8765 -1.8499 -4.8679
v  -4.8592 -1.8723 -4.8795
v  -4.8561 -1.8513 -4.8949
v  -4.8320 -1.8725 -4.9119
v  -4.8373 -1.8958 -4.8924
v  -4.7559 -1.9164 -4.9289
v  -4.7606 -1.9385 -4.9078
v  -4.8043 -1.9190 -4.9039
v  -4.8009 -1.9035 -4.9220
v  -4.7982 -1.8916 -4.9308
v  -4.7791 -1.8899 -4.9389
v  -4.8098 -1.8695 -4.9289
v  -4.7933 -1.8709 -4.9409
v  -4.7103 -1.9529 -4.8979
v  -4.7008 -1.9363 -4.9150
v  -4.6519 -1.9526 -4.8987
v  -4.6621 -1.9662 -4.8818
v  -4.6224 -1.9795 -4.8657
v  -4.5878 -1.9967 -4.8514
v  -4.6113 -1.9670 -4.8813
v  -4.5754 -1.9844 -4.8672
v  -4.5538 -2.0175 -4.8395
v  -4.5186 -2.0401 -4.8266
v  -4.5409 -2.0054 -4.8556
v  -4.5052 -2.0279 -4.8440
v  -4.4256 -2.0623 -4.8045
v  -4.4391 -2.0742 -4.7853
v  -4.4800 -2.0607 -4.8085
v  -4.4659 -2.0480 -4.8272
v  -4.7134 -1.9579 -4.6746
v  -4.7156 -1.9517 -4.6906
v  -4.6823 -1.9545 -4.6847
v  -4.6815 -1.9611 -4.6690
v  -4.6539 -1.9530 -4.6787
v  -4.6551 -1.9606 -4.6599
v  -4.7006 -1.9883 -4.6642
v  -4.7070 -1.9736 -4.6665
v  -4.6804 -1.9773 -4.6628
v  -4.6822 -1.9962 -4.6610
v  -4.6569 -1.9816 -4.6563
v  -4.6612 -2.0051 -4.6552
v  -4.6335 -1.9519 -4.6744
v  -4.6358 -1.9595 -4.6511
v  -4.6155 -1.9533 -4.6715
v  -4.6180 -1.9608 -4.6456
v  -4.6385 -1.9854 -4.6499
v  -4.6434 -2.0132 -4.6511
v  -4.6217 -1.9902 -4.6444
v  -4.6265 -2.0218 -4.6488
v  -4.6787 -2.0476 -4.6401
v  -4.6689 -2.0260 -4.6490
v  -4.6505 -2.0377 -4.6441
v  -4.6590 -2.0631 -4.6339
v  -4.6336 -2.0487 -4.6397
v  -4.6416 -2.0756 -4.6259
v  -4.5944 -1.9571 -4.6691
v  -4.5981 -1.9657 -4.6440
v  -4.5709 -1.9607 -4.6645
v  -4.5779 -1.9713 -4.6415
v  -4.5902 -2.0424 -4.6391
v  -4.5984 -2.0749 -4.6281
v  -4.6161 -2.0610 -4.6345
v  -4.6085 -2.0315 -4.6450
v  -4.6245 -2.0895 -4.6183
v  -4.6073 -2.1047 -4.6100
v  -4.6034 -1.9966 -4.6400
v  -4.5846 -2.0042 -4.6361
v  -4.5461 -1.9600 -4.6545
v  -4.5570 -1.9754 -4.6342
v  -4.5229 -1.9561 -4.6376
v  -4.5375 -1.9800 -4.6210
v  -4.5024 -1.9578 -4.6151
v  -4.5188 -1.9914 -4.6070
v  -4.4803 -1.9693 -4.5908
v  -4.4990 -2.0080 -4.5895
v  -4.5650 -2.0125 -4.6310
v  -4.5721 -2.0551 -4.6316
v  -4.5464 -2.0225 -4.6223
v  -4.5551 -2.0688 -4.6224
v  -4.5810 -2.0907 -4.6202
v  -4.5899 -2.1218 -4.6009
v  -4.5645 -2.1070 -4.6109
v  -4.5733 -2.1393 -4.5915
v  -4.5289 -2.0363 -4.6132
v  -4.5389 -2.0838 -4.6153
v  -4.5101 -2.0535 -4.6006
v  -4.5211 -2.1001 -4.6062
v  -4.5493 -2.1228 -4.6026
v  -4.5584 -2.1565 -4.5833
v  -4.5326 -2.1391 -4.5934
v  -4.5423 -2.1736 -4.5741
v  -4.4881 -2.0732 -4.5818
v  -4.4999 -2.1180 -4.5927
v  -4.4756 -2.0291 -4.5664
v  -4.4464 -2.0547 -4.5455
v  -4.4605 -2.0969 -4.5631
v  -4.4726 -2.1399 -4.5785
v  -4.5121 -2.1567 -4.5826
v  -4.5218 -2.1913 -4.5631
v  -4.4848 -2.1790 -4.5722
v  -4.4943 -2.2140 -4.5533
v  -4.4479 -2.2077 -4.5615
v  -4.4572 -2.2439 -4.5428
v  -4.4361 -2.1680 -4.5673
v  -4.3981 -2.1976 -4.5536
v  -4.4085 -2.2373 -4.5442
v  -4.4169 -2.2734 -4.5235
v  -4.3306 -2.2529 -4.5199
v  -4.3377 -2.2971 -4.5047
v  -4.3730 -2.2660 -4.5264
v  -4.3645 -2.2244 -4.5382
v  -4.3803 -2.3047 -4.5052
v  -4.3440 -2.3381 -4.4816
v  -4.2980 -2.3349 -4.4786
v  -4.3040 -2.3802 -4.4571
v  -4.2917 -2.2876 -4.4955
v  -4.2504 -2.3233 -4.4666
v  -4.2574 -2.3722 -4.4461
v  -4.2634 -2.4184 -4.4229
v  -4.7863 -1.8487 -4.9460
v  -4.7635 -1.8705 -4.9431
v  -4.7490 -1.8424 -4.9419
v  -4.7728 -1.8163 -4.9460
v  -4.7226 -1.8686 -4.9280
v  -4.7352 -1.8936 -4.9300
v  -4.6931 -1.9138 -4.9149
v  -4.6859 -1.8912 -4.9113
v  -4.6423 -1.9114 -4.9026
v  -4.6459 -1.9333 -4.9037
v  -4.6053 -1.9510 -4.8890
v  -4.6022 -1.9313 -4.8912
v  -4.5645 -1.9505 -4.8778
v  -4.5684 -1.9689 -4.8745
v  -4.5326 -1.9886 -4.8619
v  -4.5278 -1.9695 -4.8637
v  -4.4901 -1.9869 -4.8487
v  -4.4958 -2.0081 -4.8488
v  -4.5628 -1.9294 -4.8756
v  -4.5259 -1.9489 -4.8613
v  -4.5211 -1.9290 -4.8694
v  -4.5588 -1.9071 -4.8800
v  -4.4817 -1.9501 -4.8581
v  -4.4875 -1.9664 -4.8461
v  -4.7018 -2.1043 -4.6100
v  -4.6900 -2.0748 -4.6316
v  -4.6694 -2.0954 -4.6252
v  -4.6818 -2.1309 -4.6030
v  -4.6509 -2.1090 -4.6125
v  -4.6604 -2.1447 -4.5878
v  -4.6338 -2.1237 -4.6033
v  -4.6430 -2.1613 -4.5797
v  -4.6169 -2.1398 -4.5956
v  -4.6262 -2.1785 -4.5739
v  -4.5988 -2.1555 -4.5841
v  -4.6063 -2.1908 -4.5606
v  -4.5815 -2.1728 -4.5745
v  -4.5886 -2.2069 -4.5514
v  -4.5670 -2.1909 -4.5679
v  -4.5751 -2.2259 -4.5457
v  -4.5508 -2.2083 -4.5587
v  -4.5579 -2.2437 -4.5362
v  -4.5295 -2.2258 -4.5453
v  -4.5338 -2.2595 -4.5199
v  -4.5011 -2.2495 -4.5333
v  -4.5047 -2.2856 -4.5066
v  -4.4637 -2.2802 -4.5196
v  -4.4668 -2.3157 -4.4878
v  -4.4229 -2.3123 -4.5009
v  -4.4267 -2.3513 -4.4686
v  -4.3854 -2.3463 -4.4818
v  -4.3882 -2.3833 -4.4441
v  -4.3479 -2.3778 -4.4536
v  -4.3494 -2.4134 -4.4141
v  -4.3077 -2.4176 -4.4245
v  -4.3084 -2.4469 -4.3811
v  -4.2682 -2.4552 -4.3914
v  -4.2712 -2.4810 -4.3492
v  -4.7946 -2.0963 -4.5502
v  -4.7856 -2.0840 -4.6055
v  -4.7460 -2.1112 -4.5852
v  -4.7507 -2.1265 -4.5290
v  -4.7302 -2.0807 -4.6249
v  -4.7645 -2.0546 -4.6419
v  -4.7126 -2.1345 -4.5668
v  -4.7119 -2.1496 -4.5106
v  -4.6931 -2.1646 -4.5562
v  -4.6891 -2.1777 -4.4955
v  -4.6692 -2.1805 -4.5432
v  -4.6651 -2.1981 -4.4859
v  -4.6501 -2.1978 -4.5358
v  -4.6462 -2.2187 -4.4801
v  -4.6337 -2.2168 -4.5312
v  -4.6314 -2.2403 -4.4753
v  -4.6111 -2.2254 -4.5199
v  -4.6090 -2.2508 -4.4692
v  -4.5929 -2.2392 -4.5108
v  -4.5902 -2.2616 -4.4608
v  -4.5791 -2.2575 -4.5031
v  -4.5740 -2.2771 -4.4514
v  -4.5618 -2.2777 -4.4936
v  -4.5562 -2.2979 -4.4400
v  -4.5335 -2.2914 -4.4769
v  -4.5250 -2.3114 -4.4258
v  -4.5043 -2.3192 -4.4612
v  -4.4943 -2.3355 -4.4064
v  -4.4656 -2.3471 -4.4390
v  -4.4561 -2.3625 -4.3827
v  -4.4278 -2.3842 -4.4164
v  -4.4180 -2.3954 -4.3558
v  -4.3866 -2.4118 -4.3880
v  -4.3762 -2.4233 -4.3282
v  -4.3498 -2.4455 -4.3601
v  -4.3425 -2.4577 -4.2997
v  -4.8320 -1.9743 -4.4753
v  -4.8722 -2.0015 -4.5289
v  -4.8299 -2.0481 -4.5078
v  -4.7881 -2.0169 -4.4589
v  -4.8470 -2.0649 -4.5720
v  -4.8877 -2.0176 -4.5924
v  -4.7763 -2.0829 -4.4909
v  -4.7372 -2.0537 -4.4476
v  -4.7315 -2.1149 -4.4707
v  -4.6928 -2.0859 -4.4321
v  -4.6909 -2.1400 -4.4559
v  -4.6545 -2.1143 -4.4201
v  -4.6665 -2.1673 -4.4408
v  -4.6298 -2.1423 -4.4067
v  -4.6447 -2.1909 -4.4320
v  -4.6098 -2.1673 -4.3972
v  -4.6262 -2.2129 -4.4252
v  -4.5912 -2.1884 -4.3883
v  -4.6105 -2.2338 -4.4174
v  -4.5734 -2.2066 -4.3803
v  -4.5913 -2.2484 -4.4115
v  -4.5549 -2.2216 -4.3746
v  -4.5720 -2.2589 -4.4056
v  -4.5367 -2.2355 -4.3687
v  -4.5533 -2.2731 -4.3981
v  -4.5186 -2.2512 -4.3604
v  -4.5331 -2.2913 -4.3871
v  -4.4971 -2.2681 -4.3514
v  -4.5035 -2.3073 -4.3758
v  -4.4707 -2.2859 -4.3405
v  -4.4726 -2.3287 -4.3564
v  -4.4420 -2.3065 -4.3208
v  -4.4371 -2.3556 -4.3310
v  -4.4074 -2.3306 -4.2951
v  -4.4004 -2.3861 -4.3020
v  -4.3711 -2.3582 -4.2660
v  -4.3627 -2.4165 -4.2741
v  -4.3377 -2.3890 -4.2364
v  -4.3307 -2.4487 -4.2448
v  -4.3084 -2.4215 -4.2065
v  -4.8827 -1.7585 -4.8054
v  -4.8519 -1.7699 -4.7908
v  -4.8576 -1.7533 -4.7738
v  -4.8863 -1.7435 -4.7929
v  -4.8241 -1.7782 -4.7751
v  -4.8282 -1.7631 -4.7496
v  -4.7763 -1.8128 -4.7547
v  -4.7855 -1.7933 -4.7552
v  -4.7737 -1.8120 -4.7335
v  -4.7854 -1.7856 -4.7286
v  -4.7789 -1.8218 -4.7132
v  -4.7938 -1.8352 -4.7052
v  -4.7986 -1.8195 -4.7045
v  -4.7889 -1.8024 -4.7071
v  -4.8119 -1.8218 -4.7061
v  -4.8084 -1.8014 -4.7108
v  -4.8270 -1.8071 -4.7149
v  -4.8288 -1.8258 -4.7088
v  -4.8249 -1.7896 -4.7200
v  -4.8051 -1.7850 -4.7189
v  -4.8031 -1.7849 -4.7620
v  -4.8036 -1.7749 -4.7409
v  -4.8263 -1.7741 -4.7298
v  -4.8084 -1.7752 -4.7288
v  -5.0141 -1.5948 -4.7401
v  -5.0203 -1.6087 -4.7528
v  -5.0036 -1.6231 -4.7463
v  -4.9936 -1.6086 -4.7329
v  -5.0100 -1.6309 -4.7603
v  -5.0243 -1.6155 -4.7666
v  -4.9974 -1.6469 -4.7521
v  -4.9895 -1.6381 -4.7369
v  -4.9764 -1.6231 -4.7219
v  -4.9776 -1.6538 -4.7278
v  -4.9619 -1.6380 -4.7109
v  -4.9860 -1.6634 -4.7442
v  -4.9752 -1.6807 -4.7365
v  -4.9666 -1.6708 -4.7198
v  -4.9497 -1.6552 -4.7005
v  -4.9581 -1.6902 -4.7116
v  -4.9412 -1.6765 -4.6902
v  -4.9661 -1.6994 -4.7278
v  -4.9591 -1.7181 -4.7185
v  -4.9531 -1.7098 -4.7022
v  -4.9372 -1.6986 -4.6794
v  -4.9489 -1.7276 -4.6929
v  -4.9347 -1.7182 -4.6696
v  -4.9535 -1.7350 -4.7097
v  -4.9446 -1.7498 -4.7013
v  -4.9404 -1.7429 -4.6853
v  -4.9280 -1.7352 -4.6623
v  -4.8735 -1.7165 -4.5800
v  -4.9043 -1.7242 -4.6258
v  -4.8972 -1.7402 -4.6164
v  -4.8655 -1.7334 -4.5729
v  -4.9198 -1.7500 -4.6545
v  -4.9209 -1.7637 -4.6455
v  -4.9004 -1.7524 -4.6039
v  -4.8675 -1.7462 -4.5616
v  -4.9273 -1.7764 -4.6823
v  -4.9258 -1.7702 -4.6691
v  -4.9300 -1.7568 -4.6775
v  -4.9340 -1.7634 -4.6925
v  -4.9333 -1.7299 -4.8339
v  -4.9118 -1.7547 -4.8262
v  -4.9102 -1.7407 -4.8178
v  -4.9355 -1.7198 -4.8271
v  -4.9154 -1.7317 -4.8072
v  -4.9413 -1.7142 -4.8185
v  -4.9289 -1.7561 -4.8438
v  -4.9172 -1.7746 -4.8441
v  -4.9146 -1.7671 -4.8348
v  -4.9320 -1.7435 -4.8394
v  -4.8996 -1.7803 -4.8706
v  -4.8835 -1.7933 -4.8774
v  -4.8742 -1.7692 -4.8802
v  -4.8919 -1.7605 -4.8720
v  -4.8561 -1.7758 -4.8883
v  -4.8648 -1.8055 -4.8855
v  -4.8449 -1.8155 -4.8968
v  -4.8377 -1.7792 -4.8985
v  -4.8255 -1.8247 -4.9119
v  -4.8160 -1.7760 -4.9133
v  -4.8064 -1.8345 -4.9303
v  -4.7952 -1.7956 -4.9334
v  -4.9214 -1.7756 -4.8527
v  -4.9195 -1.7714 -4.8597
v  -4.9361 -1.7501 -4.8497
v  -4.9311 -1.7411 -4.8572
v  -4.9574 -1.6965 -4.8347
v  -4.9764 -1.6708 -4.8424
v  -4.9678 -1.6789 -4.8492
v  -4.9526 -1.7071 -4.8408
v  -4.9626 -1.6917 -4.8269
v  -4.9825 -1.6670 -4.8343
v  -4.9463 -1.7262 -4.8459
v  -4.9486 -1.7096 -4.8525
v  -4.9121 -1.7677 -4.8640
v  -4.9100 -1.7508 -4.8630
v  -4.8831 -1.7416 -4.8727
v  -4.8671 -1.7498 -4.8818
v  -4.8691 -1.7380 -4.8926
v  -4.8826 -1.7285 -4.8847
v  -4.8572 -1.7426 -4.9010
v  -4.8522 -1.7544 -4.8905
v  -4.9235 -1.7164 -4.8611
v  -4.9021 -1.7309 -4.8646
v  -4.8988 -1.7151 -4.8776
v  -4.9188 -1.7009 -4.8732
v  -4.9451 -1.6946 -4.8591
v  -4.9429 -1.6857 -4.8716
v  -4.9651 -1.6719 -4.8583
v  -4.9680 -1.6689 -4.8712
v  -4.9829 -1.6546 -4.8608
v  -4.9941 -1.6542 -4.8719
v  -4.9907 -1.6493 -4.8573
v  -5.0214 -1.6377 -4.8700
v  -4.9974 -1.6450 -4.8524
v  -5.0249 -1.6278 -4.8605
v  -5.0042 -1.6431 -4.8434
v  -5.0272 -1.6233 -4.8515
v  -4.9922 -1.6887 -4.9093
v  -4.9795 -1.6787 -4.8885
v  -5.0064 -1.6616 -4.8868
v  -5.0163 -1.6671 -4.9073
v  -5.0338 -1.6396 -4.8872
v  -5.0389 -1.6374 -4.9071
v  -4.9465 -1.7146 -4.9171
v  -4.9314 -1.7056 -4.8948
v  -4.9543 -1.6932 -4.8912
v  -4.9687 -1.7038 -4.9127
v  -4.9099 -1.7311 -4.9275
v  -4.8957 -1.7289 -4.9050
v  -4.9120 -1.7176 -4.8993
v  -4.9268 -1.7230 -4.9221
v  -4.8698 -1.7412 -4.9204
v  -4.8815 -1.7363 -4.9121
v  -4.8956 -1.7395 -4.9330
v  -4.8835 -1.7469 -4.9396
v  -5.0256 -1.6224 -4.8303
v  -5.0277 -1.6227 -4.8405
v  -5.0077 -1.6423 -4.8327
v  -5.0080 -1.6410 -4.8227
v  -4.9869 -1.6644 -4.8243
v  -4.9884 -1.6612 -4.8144
v  -5.0264 -1.6207 -4.7836
v  -5.0113 -1.6356 -4.7774
v  -5.0111 -1.6390 -4.7925
v  -5.0276 -1.6243 -4.7995
v  -4.9958 -1.6556 -4.7845
v  -4.9973 -1.6518 -4.7696
v  -5.0249 -1.6232 -4.8176
v  -5.0240 -1.6235 -4.8232
v  -5.0079 -1.6402 -4.8154
v  -5.0086 -1.6402 -4.8092
v  -4.9893 -1.6591 -4.8069
v  -4.9915 -1.6586 -4.8005
v  -5.0266 -1.6244 -4.8103
v  -5.0101 -1.6403 -4.8023
v  -4.9939 -1.6579 -4.7939
v  -4.9680 -1.6875 -4.8172
v  -4.9484 -1.7095 -4.8091
v  -4.9546 -1.7045 -4.7994
v  -4.9715 -1.6832 -4.8073
v  -4.9849 -1.6688 -4.7621
v  -4.9824 -1.6731 -4.7768
v  -4.9704 -1.6912 -4.7683
v  -4.9736 -1.6866 -4.7541
v  -4.9736 -1.6796 -4.7993
v  -4.9589 -1.7002 -4.7910
v  -4.9616 -1.6959 -4.7835
v  -4.9759 -1.6772 -4.7924
v  -4.9793 -1.6756 -4.7860
v  -4.9659 -1.6936 -4.7770
v  -4.9262 -1.7279 -4.7983
v  -4.9020 -1.7416 -4.7839
v  -4.9197 -1.7424 -4.7773
v  -4.9374 -1.7246 -4.7894
v  -4.9638 -1.7053 -4.7445
v  -4.9602 -1.7101 -4.7581
v  -4.9523 -1.7295 -4.7479
v  -4.9563 -1.7241 -4.7348
v  -4.9459 -1.7214 -4.7813
v  -4.9332 -1.7417 -4.7711
v  -4.9398 -1.7360 -4.7624
v  -4.9502 -1.7163 -4.7732
v  -4.9551 -1.7131 -4.7665
v  -4.9462 -1.7326 -4.7559
v  -4.9461 -1.7474 -4.7390
v  -4.9508 -1.7415 -4.7260
v  -4.9437 -1.7573 -4.7170
v  -4.9386 -1.7639 -4.7301
v  -4.8796 -1.7540 -4.7658
v  -4.8624 -1.7657 -4.7470
v  -4.8895 -1.7744 -4.7510
v  -4.9035 -1.7588 -4.7642
v  -4.9203 -1.7592 -4.7601
v  -4.9083 -1.7751 -4.7483
v  -4.9190 -1.7691 -4.7414
v  -4.9295 -1.7535 -4.7520
v  -4.9379 -1.7502 -4.7462
v  -4.9293 -1.7666 -4.7369
v  -4.9338 -1.7718 -4.7075
v  -4.9250 -1.7842 -4.6977
v  -4.9282 -1.7790 -4.7202
v  -4.9162 -1.7897 -4.7100
v  -4.8527 -1.7795 -4.7327
v  -4.8477 -1.7956 -4.7235
v  -4.8693 -1.7983 -4.7240
v  -4.8780 -1.7868 -4.7367
v  -4.9174 -1.7804 -4.7258
v  -4.9053 -1.7906 -4.7138
v  -4.9057 -1.7802 -4.7278
v  -4.8934 -1.7900 -4.7144
v  -4.8945 -1.7845 -4.7329
v  -4.8828 -1.7942 -4.7193
v  -4.8323 -2.0562 -4.6296
v  -4.8059 -2.0306 -4.6649
v  -4.8746 -2.0173 -4.6486
v  -4.8458 -1.9997 -4.6830
v  -4.7509 -1.9444 -4.6963
v  -4.7477 -1.9540 -4.6808
v  -4.7871 -1.9461 -4.6891
v  -4.7831 -1.9306 -4.7002
v  -4.7876 -2.0051 -4.6762
v  -4.7482 -2.0277 -4.6569
v  -4.8258 -1.9805 -4.6943
v  -4.7787 -1.9853 -4.6790
v  -4.8130 -1.9650 -4.6960
v  -4.7360 -2.0017 -4.6636
v  -4.7031 -2.0283 -4.6498
v  -4.6908 -2.0116 -4.6562
v  -4.7135 -1.9940 -4.6637
v  -4.7593 -1.9727 -4.6750
v  -4.7341 -1.9727 -4.6702
v  -4.8042 -1.9534 -4.6947
v  -4.7800 -1.9708 -4.6823
v  -4.7160 -2.0519 -4.6426
v  -4.8393 -1.7558 -4.9001
v  -4.8491 -1.7454 -4.9101
v  -4.8399 -1.7407 -4.9161
v  -4.8270 -1.7509 -4.9090
v  -4.8615 -1.7459 -4.9294
v  -4.8513 -1.7416 -4.9345
v  -4.8724 -1.7524 -4.9484
v  -4.8592 -1.7459 -4.9540
v  -4.8684 -1.7394 -4.9629
v  -4.8892 -1.7450 -4.9573
v  -4.8785 -1.7513 -4.9606
v  -4.8806 -1.7293 -4.9640
v  -4.9150 -1.7260 -4.9479
v  -4.9006 -1.7360 -4.9524
v  -4.9124 -1.7121 -4.9631
v  -4.8953 -1.7208 -4.9640
v  -4.9513 -1.7080 -4.9399
v  -4.9320 -1.7170 -4.9438
v  -4.9313 -1.7031 -4.9610
v  -4.9515 -1.6932 -4.9584
v  -4.9725 -1.6969 -4.9363
v  -4.9731 -1.6816 -4.9555
v  -4.9949 -1.6821 -4.9332
v  -4.9949 -1.6675 -4.9525
v  -5.0177 -1.6608 -4.9309
v  -5.0146 -1.6492 -4.9491
v  -5.0392 -1.6301 -4.9294
v  -5.0309 -1.6185 -4.9462
v  -4.9888 -1.6401 -4.9528
v  -5.0057 -1.6338 -4.9517
v  -5.0136 -1.6065 -4.9476
v  -4.9867 -1.5947 -4.9450
v  -4.9300 -1.6233 -4.9447
v  -4.9438 -1.6632 -4.9559
v  -4.9671 -1.6509 -4.9534
v  -4.9559 -1.6099 -4.9434
v  -4.8826 -1.6466 -4.9447
v  -4.9009 -1.6837 -4.9601
v  -4.9217 -1.6739 -4.9589
v  -4.9053 -1.6354 -4.9461
v  -4.8818 -1.6925 -4.9593
v  -4.8653 -1.7017 -4.9567
v  -4.8621 -1.6566 -4.9400
v  -4.8446 -1.6663 -4.9340
v  -4.8301 -1.6770 -4.9293
v  -4.8182 -1.6864 -4.9236
v  -4.8434 -1.7211 -4.9445
v  -4.8523 -1.7126 -4.9532
v  -4.8365 -1.7219 -4.9291
v  -4.8251 -1.7239 -4.9161
v  -4.8081 -1.6926 -4.9157
v  -4.7977 -1.6979 -4.9088
v  -4.8111 -1.7333 -4.9113
v  -4.7873 -1.7057 -4.9036
v  -4.7748 -1.7182 -4.8996
v  -4.7963 -1.7466 -4.9147
v  -4.7780 -1.7642 -4.9239
v  -4.7585 -1.7365 -4.8981
v  -4.7392 -1.7586 -4.8995
v  -4.7570 -1.7878 -4.9284
v  -4.7351 -1.8149 -4.9262
v  -4.7194 -1.7846 -4.8999
v  -4.6965 -1.8111 -4.8983
v  -4.7106 -1.8424 -4.9177
v  -4.6785 -1.8668 -4.9037
v  -4.6672 -1.8347 -4.8928
v  -4.6314 -1.8543 -4.9013
v  -4.6391 -1.8876 -4.8981
v  -4.6006 -1.9087 -4.8885
v  -4.5959 -1.8857 -4.8940
v  -4.5937 -1.8050 -4.9780
v  -4.6070 -1.8130 -4.9511
v  -4.6301 -1.7716 -4.9788
v  -4.6209 -1.7659 -5.0149
v  -4.6161 -1.7832 -4.9915
v  -4.6525 -1.7329 -5.0121
v  -4.5848 -1.8003 -5.0099
v  -4.6130 -1.8349 -4.9210
v  -4.5868 -1.8670 -4.9162
v  -4.5749 -1.8459 -4.9383
v  -4.5391 -1.8648 -4.9207
v  -4.5506 -1.8898 -4.9028
v  -4.5128 -1.9122 -4.8905
v  -4.5008 -1.8878 -4.9064
v  -4.4610 -1.9166 -4.8972
v  -4.4728 -1.9356 -4.8788
v  -4.4299 -1.9582 -4.8643
v  -4.4394 -1.9703 -4.8445
v  -4.4180 -1.9445 -4.8841
v  -4.3762 -1.9708 -4.8680
v  -4.3894 -1.9791 -4.8480
v  -4.3998 -1.9864 -4.8281
v  -4.3558 -1.9947 -4.8278
v  -4.3684 -1.9945 -4.8083
v  -4.3246 -1.9955 -4.8047
v  -4.3397 -1.9944 -4.8476
v  -4.3036 -1.9978 -4.8238
v  -4.3420 -1.9941 -4.7862
v  -4.4561 -2.0247 -4.8311
v  -4.4501 -2.0012 -4.8298
v  -4.4126 -2.0116 -4.8087
v  -4.4172 -2.0372 -4.8094
v  -4.4466 -1.9809 -4.8285
v  -4.4089 -1.9912 -4.8098
v  -4.3794 -1.9973 -4.7909
v  -4.3814 -2.0186 -4.7884
v  -4.3549 -2.0001 -4.7713
v  -4.3563 -2.0215 -4.7689
v  -4.3991 -2.0818 -4.7593
v  -4.3868 -2.0702 -4.7782
v  -4.3438 -2.0765 -4.7517
v  -4.3601 -2.0902 -4.7322
v  -4.3818 -2.0453 -4.7868
v  -4.3537 -2.0471 -4.7671
v  -4.3363 -2.0205 -4.7510
v  -4.3372 -2.0402 -4.7541
v  -4.3136 -2.0266 -4.7328
v  -4.3210 -2.0522 -4.7420
v  -4.3156 -1.9943 -4.7658
v  -4.3311 -2.0016 -4.7518
v  -4.3027 -2.0062 -4.7306
v  -4.2842 -1.9990 -4.7456
v  -4.5653 -1.8235 -4.9592
v  -4.5566 -1.8130 -4.9773
v  -4.5218 -1.8244 -4.9540
v  -4.5302 -1.8396 -4.9366
v  -4.5365 -1.8496 -5.0527
v  -4.5152 -1.8742 -5.0468
v  -4.5351 -1.8542 -5.0207
v  -4.5578 -1.8300 -5.0375
v  -4.4987 -1.8761 -5.0085
v  -4.4814 -1.8973 -5.0356
v  -4.5129 -1.8498 -4.9857
v  -4.5488 -1.8296 -4.9985
v  -4.5472 -1.8218 -4.9832
v  -4.5175 -1.8346 -4.9699
v  -4.4895 -1.8594 -4.9152
v  -4.4767 -1.8408 -4.9335
v  -4.4399 -1.8851 -4.9244
v  -4.4493 -1.8958 -4.9090
v  -4.4782 -1.8581 -4.9558
v  -4.4407 -1.8970 -4.9385
v  -4.4746 -1.8778 -4.9714
v  -4.4389 -1.9155 -4.9534
v  -4.4641 -1.9053 -4.9942
v  -4.4319 -1.9411 -4.9772
v  -4.4483 -1.9240 -5.0216
v  -4.4173 -1.9563 -5.0062
v  -4.4062 -1.9314 -4.8989
v  -4.3982 -1.9264 -4.9116
v  -4.3624 -1.9646 -4.8836
v  -4.3503 -1.9608 -4.8952
v  -4.3972 -1.9354 -4.9230
v  -4.3481 -1.9703 -4.9080
v  -4.3990 -1.9540 -4.9365
v  -4.3517 -1.9876 -4.9206
v  -4.3966 -1.9768 -4.9594
v  -4.3516 -2.0061 -4.9406
v  -4.3847 -1.9884 -4.9892
v  -4.3418 -2.0124 -4.9673
v  -4.5288 -1.8369 -5.0699
v  -4.4991 -1.8679 -5.0716
v  -4.4904 -1.8511 -5.0953
v  -4.5205 -1.8178 -5.0886
v  -4.4524 -1.8752 -5.0833
v  -4.4642 -1.8914 -5.0599
v  -4.4311 -1.9171 -5.0443
v  -4.4171 -1.8982 -5.0647
v  -4.3835 -1.9284 -5.0512
v  -4.4002 -1.9489 -5.0305
v  -4.3675 -1.9799 -5.0148
v  -4.3496 -1.9612 -5.0379
v  -4.3113 -1.9922 -5.0162
v  -4.3275 -2.0053 -4.9918
v  -4.2790 -2.0309 -4.9634
v  -4.2905 -2.0350 -4.9412
v  -4.2654 -2.0214 -4.9857
v  -4.2208 -2.0487 -4.9573
v  -4.2327 -2.0562 -4.9373
v  -4.2432 -2.0579 -4.9173
v  -4.2910 -1.9637 -5.0308
v  -4.2485 -1.9987 -5.0009
v  -4.2316 -1.9709 -5.0048
v  -4.2700 -1.9324 -5.0330
v  -4.1948 -2.0064 -4.9783
v  -4.2077 -2.0301 -4.9722
v  -4.6472 -1.7165 -5.0417
v  -4.6729 -1.6787 -5.0327
v  -4.7023 -1.6406 -5.0601
v  -4.6751 -1.6722 -5.0639
v  -4.6448 -1.6977 -5.0648
v  -4.6684 -1.6893 -5.0456
v  -4.6149 -1.7413 -5.0404
v  -4.6099 -1.7204 -5.0669
v  -4.5680 -1.7440 -5.0730
v  -4.5808 -1.7685 -5.0442
v  -4.5539 -1.8021 -5.0573
v  -4.5432 -1.7831 -5.0771
v  -4.5330 -1.7760 -5.0886
v  -4.5132 -1.7995 -5.0979
v  -4.5398 -1.7581 -5.0923
v  -4.5136 -1.7816 -5.1042
v  -4.4828 -1.8279 -5.1058
v  -4.4809 -1.8108 -5.1126
v  -4.4383 -1.8322 -5.1115
v  -4.4429 -1.8522 -5.0999
v  -4.4033 -1.8716 -5.0835
v  -4.3928 -1.8432 -5.0981
v  -4.3409 -1.8576 -5.0800
v  -4.3648 -1.8959 -5.0670
v  -4.3285 -1.9281 -5.0514
v  -4.3046 -1.8969 -5.0567
v  -4.7211 -1.6458 -5.0906
v  -4.6863 -1.6707 -5.0869
v  -4.6953 -1.6740 -5.1107
v  -4.7319 -1.6518 -5.1147
v  -4.6603 -1.6951 -5.1107
v  -4.6532 -1.6954 -5.0887
v  -4.6175 -1.7156 -5.0921
v  -4.6256 -1.7139 -5.1131
v  -4.5920 -1.7316 -5.1186
v  -4.5809 -1.7311 -5.0985
v  -4.6595 -1.6897 -5.1452
v  -4.6272 -1.7092 -5.1442
v  -4.6279 -1.7115 -5.1292
v  -4.6620 -1.6930 -5.1284
v  -4.5976 -1.7331 -5.1331
v  -4.5983 -1.7313 -5.1477
v  -4.5520 -1.7525 -5.1094
v  -4.5647 -1.7559 -5.1265
v  -4.5362 -1.7846 -5.1343
v  -4.5238 -1.7790 -5.1195
v  -4.5719 -1.7588 -5.1399
v  -4.5431 -1.7873 -5.1482
v  -4.5724 -1.7562 -5.1545
v  -4.5428 -1.7824 -5.1631
v  -4.4869 -1.8075 -5.1264
v  -4.4972 -1.8140 -5.1414
v  -4.4480 -1.8354 -5.1478
v  -4.4411 -1.8285 -5.1297
v  -4.4538 -1.8315 -5.1788
v  -4.4524 -1.8372 -5.1632
v  -4.5031 -1.8163 -5.1562
v  -4.5031 -1.8096 -5.1716
v  -4.3892 -1.8332 -5.1258
v  -4.3919 -1.8411 -5.1515
v  -4.3327 -1.8473 -5.1517
v  -4.3368 -1.8412 -5.1190
v  -4.3337 -1.8573 -5.1893
v  -4.3329 -1.8537 -5.1728
v  -4.3949 -1.8459 -5.1692
v  -4.3971 -1.8453 -5.1851
v  -4.9727 -1.2524 -5.2175
v  -4.9718 -1.2370 -5.2530
v  -4.9696 -1.2549 -5.2570
v  -4.9744 -1.2681 -5.2224
v  -4.9571 -1.2399 -5.2981
v  -4.9598 -1.2218 -5.2951
v  -4.9527 -1.2693 -5.2961
v  -4.9649 -1.2829 -5.2572
v  -4.9712 -1.2945 -5.2248
v  -4.9501 -1.3133 -5.1838
v  -4.9549 -1.3200 -5.1732
v  -4.9601 -1.2968 -5.1709
v  -4.9569 -1.2908 -5.1816
v  -4.9574 -1.3043 -5.1569
v  -4.9523 -1.3263 -5.1595
v  -4.9549 -1.2882 -5.1516
v  -4.9583 -1.2809 -5.1656
v  -4.9561 -1.2764 -5.1770
v  -4.9542 -1.3055 -5.1980
v  -4.9490 -1.3088 -5.1913
v  -4.9566 -1.2867 -5.1883
v  -4.9610 -1.2827 -5.1944
v  -4.9555 -1.2735 -5.1841
v  -4.9593 -1.2694 -5.1901
v  -4.9664 -1.2629 -5.1989
v  -4.9689 -1.2771 -5.2034
v  -4.9640 -1.3014 -5.2065
v  -4.9402 -1.3548 -5.1727
v  -4.9381 -1.3574 -5.1584
v  -4.9350 -1.3500 -5.1845
v  -4.9179 -1.3948 -5.1825
v  -4.9215 -1.3968 -5.1693
v  -4.9203 -1.3959 -5.1538
v  -4.9194 -1.3925 -5.2003
v  -4.9162 -1.3932 -5.1918
v  -4.9322 -1.3462 -5.1936
v  -4.9371 -1.3447 -5.2020
v  -4.9473 -1.3430 -5.2103
v  -4.9584 -1.3403 -5.2262
v  -4.9371 -1.3927 -5.2235
v  -4.9272 -1.3925 -5.2094
v  -4.9009 -1.4404 -5.1631
v  -4.8991 -1.4382 -5.1478
v  -4.8970 -1.4381 -5.1760
v  -4.8776 -1.4777 -5.1677
v  -4.8792 -1.4810 -5.1554
v  -4.8757 -1.4780 -5.1414
v  -4.7596 -1.6208 -5.1032
v  -4.7671 -1.6234 -5.1256
v  -4.7450 -1.6073 -5.0836
v  -4.7802 -1.5835 -5.1066
v  -4.7926 -1.5942 -5.1203
v  -4.7986 -1.5945 -5.1381
v  -4.8585 -1.5141 -5.1482
v  -4.8529 -1.5099 -5.1352
v  -4.8607 -1.5099 -5.1601
v  -4.8431 -1.5372 -5.1558
v  -4.8373 -1.5419 -5.1410
v  -4.8296 -1.5360 -5.1290
v  -4.8786 -1.4755 -5.1828
v  -4.8777 -1.4738 -5.1766
v  -4.8955 -1.4364 -5.1854
v  -4.8987 -1.4365 -5.1934
v  -4.8645 -1.5004 -5.1689
v  -4.8600 -1.5073 -5.1709
v  -4.9048 -1.4376 -5.2016
v  -4.9102 -1.4389 -5.2139
v  -4.8814 -1.4782 -5.1999
v  -4.8814 -1.4773 -5.1901
v  -4.8583 -1.5090 -5.1767
v  -4.8546 -1.5100 -5.1838
v  -4.8381 -1.5310 -5.1730
v  -4.8386 -1.5369 -5.1651
v  -4.8161 -1.5676 -5.1329
v  -4.8228 -1.5689 -5.1466
v  -4.8062 -1.5598 -5.1215
v  -4.9546 -1.3317 -5.2554
v  -4.9435 -1.3181 -5.2905
v  -4.9225 -1.3792 -5.2782
v  -4.9345 -1.3875 -5.2478
v  -4.9069 -1.4363 -5.2325
v  -4.8942 -1.4317 -5.2473
v  -4.8622 -1.4729 -5.2204
v  -4.8746 -1.4772 -5.2111
v  -4.8739 -1.4281 -5.2518
v  -4.8459 -1.4648 -5.2253
v  -4.8933 -1.4018 -5.2834
v  -4.8707 -1.4080 -5.2810
v  -4.8526 -1.4220 -5.2572
v  -4.8277 -1.4552 -5.2357
v  -4.7956 -1.5622 -5.1696
v  -4.7948 -1.5836 -5.1524
v  -4.8194 -1.5608 -5.1592
v  -4.8226 -1.5435 -5.1713
v  -4.8432 -1.5134 -5.1890
v  -4.8281 -1.5139 -5.1928
v  -4.7336 -1.6502 -5.1365
v  -4.6985 -1.6750 -5.1311
v  -4.6941 -1.6710 -5.1510
v  -4.7324 -1.6409 -5.1605
v  -4.7727 -1.5539 -5.1997
v  -4.7855 -1.5556 -5.1836
v  -4.8136 -1.5092 -5.2005
v  -4.8000 -1.5031 -5.2176
v  -4.7653 -1.6157 -5.1442
v  -4.7637 -1.6051 -5.1598
v  -4.7654 -1.5909 -5.1726
v  -4.7515 -1.5992 -5.1827
v  -4.7206 -1.9146 -4.4411
v  -4.7755 -1.9442 -4.4461
v  -4.7351 -1.9839 -4.4365
v  -4.6864 -1.9532 -4.4363
v  -4.6912 -2.0223 -4.4295
v  -4.6503 -1.9934 -4.4314
v  -4.6526 -2.0566 -4.4177
v  -4.6184 -2.0297 -4.4188
v  -4.6200 -2.0877 -4.4050
v  -4.5904 -2.0626 -4.4051
v  -4.5456 -2.1161 -4.3837
v  -4.5666 -2.0914 -4.3928
v  -4.5960 -2.1161 -4.3923
v  -4.5759 -2.1409 -4.3825
v  -4.5570 -2.1613 -4.3738
v  -4.5265 -2.1360 -4.3762
v  -4.5388 -2.1786 -4.3665
v  -4.5086 -2.1528 -4.3693
v  -4.5207 -2.1942 -4.3605
v  -4.4908 -2.1684 -4.3629
v  -4.5026 -2.2091 -4.3542
v  -4.4722 -2.1839 -4.3571
v  -4.4836 -2.2248 -4.3459
v  -4.4524 -2.1999 -4.3499
v  -4.4617 -2.2413 -4.3372
v  -4.4300 -2.2162 -4.3410
v  -4.4366 -2.2584 -4.3243
v  -4.4040 -2.2320 -4.3289
v  -4.4066 -2.2764 -4.3067
v  -4.3723 -2.2480 -4.3156
v  -4.3698 -2.2959 -4.2847
v  -4.3343 -2.2633 -4.2983
v  -4.3322 -2.3201 -4.2589
v  -4.2858 -2.2780 -4.2751
v  -4.2358 -2.3534 -4.2026
v  -4.2587 -2.3177 -4.2379
v  -4.3009 -2.3510 -4.2283
v  -4.2754 -2.3853 -4.1953
v  -4.2399 -2.2565 -4.2649
v  -4.2233 -2.2903 -4.2355
v  -4.1898 -2.2681 -4.2345
v  -4.2050 -2.2380 -4.2631
v  -4.2030 -2.3261 -4.2018
v  -4.1710 -2.3032 -4.2035
v  -4.6138 -1.9458 -4.4421
v  -4.6418 -1.9065 -4.4518
v  -4.6585 -1.9284 -4.4460
v  -4.6272 -1.9701 -4.4421
v  -4.6870 -1.8888 -4.4473
v  -4.6662 -1.8689 -4.4556
v  -4.5547 -2.0178 -4.4143
v  -4.5839 -1.9833 -4.4287
v  -4.5972 -2.0083 -4.4296
v  -4.5696 -2.0426 -4.4155
v  -4.5060 -2.0723 -4.3884
v  -4.5288 -2.0478 -4.4002
v  -4.5451 -2.0723 -4.4021
v  -4.5230 -2.0972 -4.3925
v  -4.4694 -2.1055 -4.3729
v  -4.4868 -2.0904 -4.3795
v  -4.5040 -2.1161 -4.3843
v  -4.4866 -2.1318 -4.3766
v  -4.4338 -2.1371 -4.3631
v  -4.4521 -2.1211 -4.3678
v  -4.4692 -2.1474 -4.3703
v  -4.4508 -2.1632 -4.3646
v  -4.3914 -2.1686 -4.3490
v  -4.4136 -2.1535 -4.3572
v  -4.4305 -2.1796 -4.3581
v  -4.4077 -2.1955 -4.3501
v  -4.3813 -2.2102 -4.3411
v  -4.3670 -2.1809 -4.3386
v  -4.3506 -2.2236 -4.3316
v  -4.3400 -2.1903 -4.3260
v  -4.2795 -2.2369 -4.3024
v  -4.2745 -2.1995 -4.3098
v  -4.3085 -2.1975 -4.3158
v  -4.3161 -2.2345 -4.3179
v  -4.2437 -2.2278 -4.2942
v  -4.2400 -2.1933 -4.3088
v  -4.2101 -2.2159 -4.2964
v  -4.2069 -2.1846 -4.3146
v  -4.6280 -1.8876 -4.4494
v  -4.6499 -1.8568 -4.4533
v  -4.6008 -1.9208 -4.4396
v  -4.5895 -1.8955 -4.4344
v  -4.6183 -1.8694 -4.4447
v  -4.6369 -1.8528 -4.4489
v  -4.5702 -1.9545 -4.4250
v  -4.5394 -1.9863 -4.4082
v  -4.5253 -1.9524 -4.3979
v  -4.5571 -1.9239 -4.4178
v  -4.5115 -2.0144 -4.3928
v  -4.4867 -2.0374 -4.3809
v  -4.4693 -1.9986 -4.3668
v  -4.4957 -1.9777 -4.3802
v  -4.4666 -2.0542 -4.3728
v  -4.4489 -2.0684 -4.3677
v  -4.4318 -2.0286 -4.3513
v  -4.4490 -2.0142 -4.3571
v  -4.5816 -1.8503 -4.4058
v  -4.6169 -1.8320 -4.4216
v  -4.6143 -1.8490 -4.4362
v  -4.5819 -1.8699 -4.4235
v  -4.6424 -1.8349 -4.4443
v  -4.6482 -1.8175 -4.4337
v  -4.5470 -1.8722 -4.3828
v  -4.5483 -1.8946 -4.4034
v  -4.5167 -1.9203 -4.3795
v  -4.5152 -1.8966 -4.3567
v  -4.4839 -1.9191 -4.3338
v  -4.4864 -1.9438 -4.3589
v  -4.4581 -1.9629 -4.3443
v  -4.4529 -1.9363 -4.3185
v  -4.7311 -1.7056 -4.3971
v  -4.7329 -1.7146 -4.4027
v  -4.7000 -1.7324 -4.3847
v  -4.6977 -1.7246 -4.3802
v  -4.7310 -1.7248 -4.4109
v  -4.6999 -1.7422 -4.3920
v  -4.6679 -1.7519 -4.3673
v  -4.6704 -1.7622 -4.3746
v  -4.6643 -1.7437 -4.3631
v  -4.6335 -1.7770 -4.3439
v  -4.6288 -1.7670 -4.3386
v  -4.6373 -1.7881 -4.3529
v  -4.6035 -1.8168 -4.3263
v  -4.6001 -1.8055 -4.3135
v  -4.5943 -1.7933 -4.3065
v  -4.5679 -1.8338 -4.2778
v  -4.5613 -1.8213 -4.2693
v  -4.5715 -1.8449 -4.2938
v  -4.5386 -1.8708 -4.2613
v  -4.5371 -1.8615 -4.2420
v  -4.5318 -1.8488 -4.2309
v  -4.5017 -1.8849 -4.2151
v  -4.4980 -1.8728 -4.2033
v  -4.5024 -1.8931 -4.2342
v  -4.4637 -1.9086 -4.2163
v  -4.4631 -1.9017 -4.1995
v  -4.4603 -1.8921 -4.1894
v  -4.4263 -1.9144 -4.1936
v  -4.4235 -1.9065 -4.1854
v  -4.4281 -1.9204 -4.2086
v  -4.3958 -1.9317 -4.2069
v  -4.3925 -1.9252 -4.1932
v  -4.3893 -1.9178 -4.1862
v  -4.3618 -1.9348 -4.1955
v  -4.3585 -1.9268 -4.1895
v  -4.3660 -1.9426 -4.2080
v  -4.3383 -1.9534 -4.2100
v  -4.3337 -1.9444 -4.1977
v  -4.3303 -1.9355 -4.1917
v  -4.2787 -1.9537 -4.1903
v  -4.3040 -1.9444 -4.1918
v  -4.3073 -1.9539 -4.1986
v  -4.2820 -1.9634 -4.1979
v  -4.3121 -1.9633 -4.2116
v  -4.2865 -1.9724 -4.2117
v  -4.2567 -1.9727 -4.1951
v  -4.2538 -1.9634 -4.1874
v  -4.2609 -1.9814 -4.2088
v  -4.2343 -1.9925 -4.2051
v  -4.2301 -1.9833 -4.1917
v  -4.2272 -1.9740 -4.1840
v  -4.1627 -1.9955 -4.1845
v  -4.1964 -1.9852 -4.1821
v  -4.1997 -1.9953 -4.1903
v  -4.1666 -2.0058 -4.1932
v  -4.2042 -2.0053 -4.2038
v  -4.1715 -2.0151 -4.2068
v  -4.1327 -2.0130 -4.2010
v  -4.1281 -2.0033 -4.1926
v  -4.1390 -2.0213 -4.2139
v  -4.1057 -2.0265 -4.2225
v  -4.0982 -2.0190 -4.2105
v  -4.0933 -2.0096 -4.2039
v  -4.6619 -1.7918 -4.4050
v  -4.6291 -1.8126 -4.3888
v  -4.6347 -1.8007 -4.3698
v  -4.6678 -1.7768 -4.3885
v  -4.5943 -1.8356 -4.3679
v  -4.6002 -1.8268 -4.3463
v  -4.5887 -1.8432 -4.3866
v  -4.5555 -1.8663 -4.3613
v  -4.5619 -1.8607 -4.3405
v  -4.5232 -1.8906 -4.3340
v  -4.5300 -1.8862 -4.3116
v  -4.5358 -1.8793 -4.2858
v  -4.5682 -1.8538 -4.3166
v  -4.4890 -1.9115 -4.3101
v  -4.4958 -1.9090 -4.2861
v  -4.4552 -1.9265 -4.2931
v  -4.4603 -1.9240 -4.2679
v  -4.4628 -1.9167 -4.2405
v  -4.5005 -1.9020 -4.2590
v  -4.4029 -1.9473 -4.2576
v  -4.3996 -1.9396 -4.2303
v  -4.4294 -1.9279 -4.2324
v  -4.4298 -1.9357 -4.2598
v  -4.3717 -1.9516 -4.2310
v  -4.3448 -1.9621 -4.2333
v  -4.3767 -1.9584 -4.2584
v  -4.3509 -1.9683 -4.2608
v  -4.3001 -1.9843 -4.2643
v  -4.2933 -1.9799 -4.2360
v  -4.3187 -1.9709 -4.2357
v  -4.3256 -1.9764 -4.2635
v  -4.2464 -2.0029 -4.2572
v  -4.2412 -2.0014 -4.2283
v  -4.2679 -1.9899 -4.2326
v  -4.2739 -1.9927 -4.2616
v  -4.1864 -2.0259 -4.2530
v  -4.1789 -2.0231 -4.2282
v  -4.2113 -2.0141 -4.2261
v  -4.2166 -2.0152 -4.2534
v  -4.6817 -1.7902 -4.4325
v  -4.7056 -1.7762 -4.4449
v  -4.7058 -1.8014 -4.4563
v  -4.6557 -1.8050 -4.4199
v  -4.6731 -1.8081 -4.4450
v  -4.6890 -1.7736 -4.4185
v  -4.7153 -1.7568 -4.4340
v  -4.6957 -1.7569 -4.4041
v  -4.7242 -1.7392 -4.4221
v  -4.6237 -1.8231 -4.4053
v  -4.8092 -1.8440 -4.7043
v  -4.8263 -1.8489 -4.7045
v  -4.8009 -1.8660 -4.7049
v  -4.8191 -1.8759 -4.7065
v  -4.7873 -1.8853 -4.7053
v  -4.7988 -1.8985 -4.7070
v  -4.8638 -1.8111 -4.7138
v  -4.8461 -1.8111 -4.7174
v  -4.8452 -1.8279 -4.7116
v  -4.8604 -1.8277 -4.7100
v  -4.8181 -1.9222 -4.7042
v  -4.8379 -1.9018 -4.7150
v  -4.8280 -1.8928 -4.7092
v  -4.8087 -1.9109 -4.7045
v  -4.8544 -1.8693 -4.7211
v  -4.8576 -1.8484 -4.7160
v  -4.8426 -1.8499 -4.7101
v  -4.8399 -1.8701 -4.7136
v  -4.8400 -1.8828 -4.7155
v  -4.8498 -1.8860 -4.7211
v  -4.8755 -1.8075 -4.7088
v  -4.8724 -1.8261 -4.7087
v  -4.8841 -1.8243 -4.7087
v  -4.8868 -1.8050 -4.7061
v  -4.8279 -1.9317 -4.7077
v  -4.8477 -1.9093 -4.7183
v  -4.8395 -1.9410 -4.7097
v  -4.8590 -1.9160 -4.7185
v  -4.8790 -1.8713 -4.7230
v  -4.8823 -1.8467 -4.7176
v  -4.8701 -1.8473 -4.7171
v  -4.8668 -1.8698 -4.7236
v  -4.8600 -1.8896 -4.7231
v  -4.8716 -1.8936 -4.7225
v  -4.8540 -1.9523 -4.7074
v  -4.8744 -1.9637 -4.6937
v  -4.8736 -1.9236 -4.7151
v  -4.8934 -1.9292 -4.7001
v  -4.9153 -1.8228 -4.7040
v  -4.9133 -1.8043 -4.7040
v  -4.8995 -1.8051 -4.7067
v  -4.8977 -1.8244 -4.7084
v  -4.8968 -1.8478 -4.7154
v  -4.8932 -1.8738 -4.7189
v  -4.9125 -1.8750 -4.7072
v  -4.9160 -1.8473 -4.7068
v  -4.8859 -1.8980 -4.7184
v  -4.9052 -1.9009 -4.7047
v  -4.9301 -1.7986 -4.6900
v  -4.9360 -1.7885 -4.6712
v  -4.9391 -1.8167 -4.6846
v  -4.9457 -1.7996 -4.6463
v  -4.9331 -1.7760 -4.6394
v  -4.9337 -1.7801 -4.6619
v  -4.8991 -1.9690 -4.6577
v  -4.9196 -1.9300 -4.6664
v  -4.9103 -1.9647 -4.6073
v  -4.9346 -1.9231 -4.6165
v  -4.9377 -1.8602 -4.6284
v  -4.9494 -1.8314 -4.6344
v  -4.9424 -1.8424 -4.6806
v  -4.9376 -1.8715 -4.6765
v  -4.9305 -1.8986 -4.6723
v  -4.9387 -1.8887 -4.6231
v  -4.9154 -1.7641 -4.5948
v  -4.9310 -1.7860 -4.5860
v  -4.8961 -1.7751 -4.5376
v  -4.8832 -1.7575 -4.5514
v  -4.8851 -1.8883 -4.5018
v  -4.9232 -1.9076 -4.5566
v  -4.8993 -1.9510 -4.5473
v  -4.8629 -1.9291 -4.4917
v  -4.9334 -1.8168 -4.5779
v  -4.8980 -1.8019 -4.5271
v  -4.9190 -1.8457 -4.5763
v  -4.8878 -1.8302 -4.5250
v  -4.9242 -1.8733 -4.5674
v  -4.8879 -1.8567 -4.5157
v  -4.8282 -1.7166 -4.5382
v  -4.8297 -1.7357 -4.5337
v  -4.7988 -1.7473 -4.4970
v  -4.7834 -1.7308 -4.4875
v  -4.8385 -1.7474 -4.5282
v  -4.8207 -1.7575 -4.4993
v  -4.7697 -1.8537 -4.4470
v  -4.8294 -1.8714 -4.4619
v  -4.8079 -1.9059 -4.4526
v  -4.7486 -1.8812 -4.4415
v  -4.8561 -1.7559 -4.5272
v  -4.8560 -1.7666 -4.5094
v  -4.7708 -1.7723 -4.4721
v  -4.7453 -1.7647 -4.4699
v  -4.8067 -1.7795 -4.4747
v  -4.7945 -1.8070 -4.4604
v  -4.7520 -1.8004 -4.4581
v  -4.7468 -1.7406 -4.4555
v  -4.7309 -1.7600 -4.4588
v  -4.7099 -1.8562 -4.4486
v  -4.7300 -1.8327 -4.4503
v  -4.6845 -1.8372 -4.4570
v  -4.7852 -1.8315 -4.4538
v  -4.7498 -1.8211 -4.4522
v  -4.6636 -1.8304 -4.4527
v  -4.8385 -1.8429 -4.4736
v  -4.8449 -1.8166 -4.4826
v  -4.8533 -1.7893 -4.4916
v  -4.7585 -1.7212 -4.4481
v  -4.7926 -1.7030 -4.4878
v  -4.7656 -1.7041 -4.4387
v  -4.7999 -1.6766 -4.4828
v  -4.7673 -1.6929 -4.4300
v  -4.7645 -1.6825 -4.4231
v  -4.7904 -1.6590 -4.4552
v  -4.7937 -1.6682 -4.4624
v  -5.0082 -1.5707 -4.7233
v  -4.9845 -1.5854 -4.7135
v  -4.9812 -1.5652 -4.6911
v  -5.0047 -1.5480 -4.7048
v  -4.9644 -1.6003 -4.6997
v  -4.9602 -1.5802 -4.6744
v  -4.9469 -1.6141 -4.6843
v  -4.9415 -1.5920 -4.6550
v  -4.9315 -1.6314 -4.6686
v  -4.9222 -1.6050 -4.6271
v  -4.9136 -1.6823 -4.6405
v  -4.9204 -1.6561 -4.6533
v  -4.9057 -1.6365 -4.6096
v  -4.8872 -1.6664 -4.5828
v  -4.9100 -1.7051 -4.6320
v  -4.8806 -1.6953 -4.5828
v  -4.8317 -1.6931 -4.5387
v  -4.8359 -1.6701 -4.5365
v  -4.9065 -1.5953 -4.5658
v  -4.9118 -1.6007 -4.5902
v  -4.8924 -1.6238 -4.5734
v  -4.8876 -1.6181 -4.5432
v  -4.8655 -1.6439 -4.5529
v  -4.8571 -1.6370 -4.5199
v  -4.8394 -1.6543 -4.5313
v  -4.8270 -1.6521 -4.5018
v  -4.8610 -1.6246 -4.4781
v  -4.8593 -1.6341 -4.4948
v  -4.8249 -1.6491 -4.4801
v  -4.8244 -1.6416 -4.4683
v  -4.8863 -1.6119 -4.5227
v  -4.8844 -1.6011 -4.5112
v  -4.9026 -1.5805 -4.5441
v  -4.9043 -1.5879 -4.5505
v  -4.9396 -1.2482 -5.3743
v  -4.9439 -1.2568 -5.3377
v  -4.9509 -1.2261 -5.3404
v  -4.9508 -1.2168 -5.3774
v  -4.9554 -1.2042 -5.3373
v  -4.9531 -1.1885 -5.3735
v  -4.9041 -1.3231 -5.3617
v  -4.9190 -1.3474 -5.3270
v  -4.9344 -1.3012 -5.3323
v  -4.9252 -1.2850 -5.3697
v  -4.8931 -1.3799 -5.3201
v  -4.8758 -1.3547 -5.3447
v  -4.8480 -1.3778 -5.3183
v  -4.8641 -1.3979 -5.3022
v  -4.8366 -1.4137 -5.2776
v  -4.8210 -1.4013 -5.2954
v  -4.7953 -1.4375 -5.2838
v  -4.8119 -1.4470 -5.2600
v  -4.7853 -1.4959 -5.2442
v  -4.7706 -1.4885 -5.2723
v  -4.7460 -1.5436 -5.2587
v  -4.7584 -1.5486 -5.2267
v  -4.7373 -1.5982 -5.2082
v  -4.7202 -1.5900 -5.2371
v  -4.6933 -1.6246 -5.2114
v  -4.7135 -1.6387 -5.1897
v  -4.6824 -1.6626 -5.1727
v  -4.6664 -1.6498 -5.1911
v  -4.6411 -1.6735 -5.1822
v  -4.6524 -1.6834 -5.1643
v  -4.6181 -1.6971 -5.1822
v  -4.6250 -1.7055 -5.1634
v  -4.5986 -1.7281 -5.1671
v  -4.5942 -1.7195 -5.1864
v  -4.5723 -1.7514 -5.1737
v  -4.5418 -1.7759 -5.1820
v  -4.5680 -1.7414 -5.1929
v  -4.5373 -1.7644 -5.2013
v  -4.5027 -1.8014 -5.1905
v  -4.4993 -1.7891 -5.2100
v  -4.4547 -1.8245 -5.1980
v  -4.4532 -1.8141 -5.2192
v  -4.3980 -1.8427 -5.2038
v  -4.3329 -1.8586 -5.2061
v  -4.3967 -1.8372 -5.2263
v  -4.3309 -1.8575 -5.2245
v  -4.7716 -1.4237 -5.2949
v  -4.7471 -1.4744 -5.2872
v  -4.7194 -1.4532 -5.2789
v  -4.7440 -1.4041 -5.2870
v  -4.6984 -1.5038 -5.2655
v  -4.7233 -1.5272 -5.2710
v  -4.6983 -1.5700 -5.2464
v  -4.6750 -1.5454 -5.2458
v  -4.6504 -1.5798 -5.2255
v  -4.6732 -1.6046 -5.2217
v  -4.6485 -1.6325 -5.2030
v  -4.6261 -1.6090 -5.2091
v  -4.6023 -1.6346 -5.1995
v  -4.6245 -1.6573 -5.1935
v  -4.6021 -1.6801 -5.1914
v  -4.5802 -1.6572 -5.1962
v  -4.5789 -1.7012 -5.1945
v  -4.5575 -1.6771 -5.1981
v  -4.5528 -1.7212 -5.2016
v  -4.5221 -1.7416 -5.2096
v  -4.5319 -1.6946 -5.2043
v  -4.5018 -1.7124 -5.2089
v  -4.4853 -1.7638 -5.2185
v  -4.4401 -1.7863 -5.2272
v  -4.4663 -1.7326 -5.2110
v  -4.4230 -1.7548 -5.2109
v  -4.3843 -1.8087 -5.2345
v  -4.3210 -1.8344 -5.2363
v  -4.3692 -1.7782 -5.2128
v  -4.3076 -1.8057 -5.2169
v  -4.2986 -2.0295 -4.9190
v  -4.2509 -2.0523 -4.8979
v  -4.2539 -2.0400 -4.8820
v  -4.2995 -2.0146 -4.9017
v  -4.1756 -2.0530 -4.9493
v  -4.1861 -2.0689 -4.9361
v  -4.1665 -2.0337 -4.9553
v  -4.1508 -2.0484 -4.9418
v  -4.1515 -2.0659 -4.9321
v  -4.1605 -2.0802 -4.9186
v  -4.1897 -2.0834 -4.8945
v  -4.2088 -2.0754 -4.9016
v  -4.1983 -2.0758 -4.9193
v  -4.1746 -2.0859 -4.9039
v  -4.3051 -1.9960 -4.8737
v  -4.2977 -2.0008 -4.8887
v  -4.2553 -2.0288 -4.8690
v  -4.2556 -2.0171 -4.8508
v  -4.1854 -2.0686 -4.8638
v  -4.2182 -2.0603 -4.8667
v  -4.2150 -2.0706 -4.8841
v  -4.1859 -2.0811 -4.8797
v  -4.1381 -2.0640 -4.8869
v  -4.1574 -2.0706 -4.8716
v  -4.1613 -2.0858 -4.8861
v  -4.1414 -2.0823 -4.9011
v  -4.1329 -2.0656 -4.9186
v  -4.1409 -2.0415 -4.9327
v  -4.1333 -2.0471 -4.9068
v  -4.1410 -2.0305 -4.9230
v  -4.2766 -1.8766 -5.0498
v  -4.2490 -1.9068 -5.0222
v  -4.2935 -1.8520 -5.0766
v  -4.2599 -1.8454 -5.0718
v  -4.2554 -1.8574 -5.0361
v  -4.2335 -1.8833 -5.0054
v  -4.2862 -1.8539 -5.1139
v  -4.2422 -1.8564 -5.1093
v  -4.2738 -1.8658 -5.1470
v  -4.2216 -1.8806 -5.1394
v  -4.2683 -1.8747 -5.1702
v  -4.2121 -1.9000 -5.1612
v  -4.2647 -1.8785 -5.1889
v  -4.2063 -1.9095 -5.1816
v  -4.2609 -1.8796 -5.2046
v  -4.2001 -1.9109 -5.2021
v  -4.2575 -1.8796 -5.2173
v  -4.1951 -1.9082 -5.2205
v  -4.2410 -1.8405 -5.2241
v  -4.2511 -1.8663 -5.2337
v  -4.1831 -1.8700 -5.2314
v  -4.1890 -1.8939 -5.2361
v  -4.1462 -1.9069 -5.2340
v  -4.1508 -1.9280 -5.2206
v  -4.1466 -1.8826 -5.2306
v  -4.1264 -1.8798 -5.2182
v  -4.1204 -1.9070 -5.2176
v  -4.1257 -1.9285 -5.2136
v  -4.1561 -1.9330 -5.1961
v  -4.1617 -1.9286 -5.1697
v  -4.1230 -1.9268 -5.1912
v  -4.1276 -1.9172 -5.1654
v  -4.1139 -1.9016 -5.1948
v  -4.1177 -1.8919 -5.1735
v  -4.1189 -1.8751 -5.1982
v  -4.1193 -1.8730 -5.1814
v  -4.1694 -1.9138 -5.1477
v  -4.1375 -1.9019 -5.1442
v  -4.1597 -1.8754 -5.1274
v  -4.1840 -1.8875 -5.1279
v  -4.1503 -1.8624 -5.2248
v  -4.1392 -1.8536 -5.2150
v  -4.1779 -1.8437 -5.2221
v  -4.1662 -1.8215 -5.2093
v  -4.1274 -1.8764 -5.1560
v  -4.1478 -1.8523 -5.1370
v  -4.1281 -1.8557 -5.1732
v  -4.1481 -1.8290 -5.1574
v  -4.1311 -1.8492 -5.1948
v  -4.1543 -1.8171 -5.1837
v  -4.4551 -1.9895 -4.5659
v  -4.4298 -1.9665 -4.5823
v  -4.4032 -1.9953 -4.5628
v  -4.4258 -2.0167 -4.5449
v  -4.4257 -2.1249 -4.5500
v  -4.4120 -2.0835 -4.5353
v  -4.3794 -2.1107 -4.5275
v  -4.3898 -2.1528 -4.5403
v  -4.3246 -2.1561 -4.5078
v  -4.3294 -2.2023 -4.5140
v  -4.3601 -2.1767 -4.5283
v  -4.3530 -2.1325 -4.5184
v  -4.3899 -1.9840 -4.6223
v  -4.4048 -1.9560 -4.5987
v  -4.3823 -1.9878 -4.5786
v  -4.3697 -2.0131 -4.6017
v  -4.3945 -2.0495 -4.5379
v  -4.3773 -2.0295 -4.5521
v  -4.3510 -2.0598 -4.5418
v  -4.3654 -2.0786 -4.5302
v  -4.3403 -2.1009 -4.5219
v  -4.3255 -2.0825 -4.5320
v  -4.2965 -2.1051 -4.5220
v  -4.3122 -2.1232 -4.5106
v  -4.3516 -2.0473 -4.5882
v  -4.3621 -2.0248 -4.5670
v  -4.3406 -2.0593 -4.5583
v  -4.3281 -2.0780 -4.5775
v  -4.3778 -2.0454 -4.6448
v  -4.3522 -2.0698 -4.6248
v  -4.3457 -2.0920 -4.6787
v  -4.3139 -2.1107 -4.6563
v  -4.3156 -2.0853 -4.5497
v  -4.2838 -2.1050 -4.5385
v  -4.3032 -2.1047 -4.5675
v  -4.2700 -2.1217 -4.5557
v  -4.3037 -2.0949 -4.7220
v  -4.3217 -2.1040 -4.7052
v  -4.2866 -2.1197 -4.6812
v  -4.2679 -2.1124 -4.6990
v  -4.3268 -2.0931 -4.6122
v  -4.2998 -2.1132 -4.6007
v  -4.2858 -2.1259 -4.6400
v  -4.2606 -2.1388 -4.6252
v  -4.2732 -2.1314 -4.5877
v  -4.2437 -2.1442 -4.5725
v  -4.2367 -2.1509 -4.6090
v  -4.2117 -2.1588 -4.5899
v  -4.2801 -2.0402 -4.7104
v  -4.2897 -2.0682 -4.7214
v  -4.2531 -2.0875 -4.7018
v  -4.2421 -2.0615 -4.6938
v  -4.2575 -2.1333 -4.6630
v  -4.2328 -2.1457 -4.6468
v  -4.2383 -2.1285 -4.6812
v  -4.2125 -2.1439 -4.6652
v  -4.1892 -2.1556 -4.6439
v  -4.2100 -2.1564 -4.6280
v  -4.1870 -2.1618 -4.6055
v  -4.1672 -2.1593 -4.6171
v  -4.2642 -2.0196 -4.7087
v  -4.2247 -2.0485 -4.6998
v  -4.2428 -2.0142 -4.7265
v  -4.2019 -2.0433 -4.7162
v  -4.2224 -2.1091 -4.6886
v  -4.2103 -2.0875 -4.6840
v  -4.1827 -2.1117 -4.6706
v  -4.1957 -2.1302 -4.6740
v  -4.1721 -2.1453 -4.6505
v  -4.1507 -2.1502 -4.6206
v  -4.1574 -2.1308 -4.6506
v  -4.1321 -2.1420 -4.6236
v  -4.1924 -2.0793 -4.6934
v  -4.1626 -2.1049 -4.6801
v  -4.1678 -2.0736 -4.7089
v  -4.1362 -2.0998 -4.6974
v  -4.1354 -2.1258 -4.6604
v  -4.1074 -2.1445 -4.6351
v  -4.1064 -2.1215 -4.6787
v  -4.0749 -2.1431 -4.6531
v  -5.0582 -1.6094 -4.8900
v  -5.0609 -1.5996 -4.9080
v  -5.0533 -1.6147 -4.8753
v  -5.0715 -1.5938 -4.8783
v  -5.0758 -1.5819 -4.8918
v  -5.0804 -1.5562 -4.9106
v  -5.0692 -1.5992 -4.8679
v  -5.0500 -1.6121 -4.8650
v  -5.0481 -1.6083 -4.8564
v  -5.0668 -1.6007 -4.8587
v  -5.0836 -1.5974 -4.8702
v  -5.0867 -1.5892 -4.8814
v  -5.0804 -1.6015 -4.8598
v  -5.0919 -1.5989 -4.8588
v  -5.0955 -1.5947 -4.8692
v  -5.0996 -1.5864 -4.8809
v  -5.0453 -1.6080 -4.8456
v  -5.0404 -1.6088 -4.8354
v  -5.0533 -1.5989 -4.8354
v  -5.0616 -1.6008 -4.8481
v  -5.0351 -1.6116 -4.8286
v  -5.0379 -1.6082 -4.8252
v  -5.0754 -1.6023 -4.8489
v  -5.0708 -1.6016 -4.8375
v  -5.0847 -1.6003 -4.8381
v  -5.0880 -1.6006 -4.8488
v  -5.0541 -1.5987 -4.8078
v  -5.0537 -1.5989 -4.8226
v  -5.0400 -1.6090 -4.8173
v  -5.0420 -1.6105 -4.8044
v  -5.0684 -1.5999 -4.8245
v  -5.0682 -1.5966 -4.8088
v  -5.0817 -1.5928 -4.8103
v  -5.0823 -1.5978 -4.8254
v  -5.0415 -1.6066 -4.7869
v  -5.0549 -1.5942 -4.7889
v  -5.0397 -1.6001 -4.7693
v  -5.0551 -1.5869 -4.7705
v  -5.1226 -1.5688 -4.8725
v  -5.1278 -1.5548 -4.8843
v  -5.1178 -1.5642 -4.8903
v  -5.1125 -1.5784 -4.8773
v  -5.1232 -1.5436 -4.9037
v  -5.1321 -1.5359 -4.8961
v  -5.1113 -1.5503 -4.9100
v  -5.1048 -1.5721 -4.8946
v  -5.1139 -1.5817 -4.8536
v  -5.1180 -1.5774 -4.8624
v  -5.1076 -1.5866 -4.8662
v  -5.1036 -1.5909 -4.8565
v  -5.1087 -1.5831 -4.8378
v  -5.1108 -1.5835 -4.8459
v  -5.1003 -1.5927 -4.8476
v  -5.0980 -1.5928 -4.8381
v  -5.1073 -1.5805 -4.8279
v  -5.0963 -1.5904 -4.8265
v  -5.0959 -1.5848 -4.8133
v  -5.1070 -1.5748 -4.8170
v  -5.1297 -1.5458 -4.8772
v  -5.1343 -1.5287 -4.8877
v  -5.1248 -1.5591 -4.8671
v  -5.1226 -1.5497 -4.8625
v  -5.1269 -1.5376 -4.8709
v  -5.1316 -1.5220 -4.8796
v  -5.1212 -1.5672 -4.8582
v  -5.1183 -1.5716 -4.8507
v  -5.1170 -1.5611 -4.8491
v  -5.1195 -1.5573 -4.8552
v  -5.1157 -1.5733 -4.8444
v  -5.1136 -1.5728 -4.8380
v  -5.1125 -1.5618 -4.8388
v  -5.1148 -1.5624 -4.8440
v  -5.1106 -1.5650 -4.8210
v  -5.1116 -1.5701 -4.8301
v  -5.1100 -1.5595 -4.8322
v  -5.1084 -1.5551 -4.8242
v  -5.1126 -1.5568 -4.8111
v  -5.1090 -1.5481 -4.8153
v  -5.1092 -1.5657 -4.8052
v  -5.1157 -1.5539 -4.7955
v  -5.1174 -1.5461 -4.8028
v  -5.1116 -1.5387 -4.8064
v  -5.1246 -1.5328 -4.7972
v  -5.1172 -1.5266 -4.7992
v  -5.1269 -1.5392 -4.7907
v  -5.1397 -1.5220 -4.7907
v  -5.1339 -1.5171 -4.7956
v  -5.1255 -1.5118 -4.7963
v  -5.1624 -1.4831 -4.8065
v  -5.1526 -1.4802 -4.8104
v  -5.1443 -1.4992 -4.8002
v  -5.1523 -1.5032 -4.7963
v  -5.1423 -1.4758 -4.8086
v  -5.1349 -1.4944 -4.7998
v  -5.1558 -1.4604 -4.8230
v  -5.1449 -1.4570 -4.8204
v  -5.1667 -1.4613 -4.8197
v  -5.1661 -1.4395 -4.8339
v  -5.1551 -1.4399 -4.8352
v  -5.1447 -1.4384 -4.8325
v  -5.1517 -1.4218 -4.8484
v  -5.1473 -1.4105 -4.8643
v  -5.1387 -1.4138 -4.8619
v  -5.1423 -1.4221 -4.8458
v  -5.1628 -1.4199 -4.8486
v  -5.1575 -1.4054 -4.8645
v  -5.1441 -1.4085 -4.8812
v  -5.1428 -1.4140 -4.8964
v  -5.1514 -1.3998 -4.8835
v  -5.1486 -1.4050 -4.9018
v  -5.1364 -1.4198 -4.8904
v  -5.1369 -1.4141 -4.8774
v  -5.1482 -1.4183 -4.9154
v  -5.1435 -1.4254 -4.9071
v  -5.1505 -1.4384 -4.9224
v  -5.1461 -1.4425 -4.9115
v  -5.1375 -1.4299 -4.8994
v  -5.1395 -1.4448 -4.9027
v  -5.1464 -1.4644 -4.9100
v  -5.1398 -1.4643 -4.9006
v  -5.1493 -1.4637 -4.9224
v  -5.1438 -1.4900 -4.9167
v  -5.1436 -1.4881 -4.9047
v  -5.1388 -1.4852 -4.8948
v  -5.1372 -1.5140 -4.9073
v  -5.1387 -1.5094 -4.8972
v  -5.1355 -1.5046 -4.8879
v  -5.1069 -1.5205 -4.7994
v  -5.0943 -1.5143 -4.7992
v  -5.0918 -1.5237 -4.8111
v  -5.1027 -1.5312 -4.8089
v  -5.1146 -1.5060 -4.7950
v  -5.1019 -1.4997 -4.7931
v  -5.1236 -1.4891 -4.7977
v  -5.1307 -1.4711 -4.8055
v  -5.1176 -1.4661 -4.8020
v  -5.1106 -1.4832 -4.7950
v  -5.1332 -1.4531 -4.8163
v  -5.1203 -1.4490 -4.8118
v  -5.1332 -1.4362 -4.8281
v  -5.1206 -1.4335 -4.8231
v  -5.1317 -1.4220 -4.8413
v  -5.1289 -1.4162 -4.8570
v  -5.1175 -1.4175 -4.8514
v  -5.1195 -1.4215 -4.8364
v  -5.1274 -1.4180 -4.8711
v  -5.1273 -1.4243 -4.8826
v  -5.1159 -1.4277 -4.8749
v  -5.1160 -1.4204 -4.8646
v  -5.1286 -1.4336 -4.8907
v  -5.1305 -1.4469 -4.8937
v  -5.1198 -1.4491 -4.8844
v  -5.1177 -1.4372 -4.8818
v  -5.1280 -1.4993 -4.8793
v  -5.1302 -1.4822 -4.8858
v  -5.1248 -1.5150 -4.8724
v  -5.1152 -1.5079 -4.8657
v  -5.1177 -1.4941 -4.8711
v  -5.1196 -1.4793 -4.8769
v  -5.1308 -1.4639 -4.8915
v  -5.1202 -1.4638 -4.8822
v  -5.0966 -1.4765 -4.7922
v  -5.0876 -1.4929 -4.7914
v  -5.1036 -1.4604 -4.7986
v  -5.0823 -1.4689 -4.7925
v  -5.0886 -1.4542 -4.7976
v  -5.0735 -1.4834 -4.7954
v  -5.1064 -1.4446 -4.8078
v  -5.0920 -1.4409 -4.8060
v  -5.1068 -1.4303 -4.8189
v  -5.0916 -1.4304 -4.8181
v  -5.1056 -1.4214 -4.8329
v  -5.1043 -1.4195 -4.8473
v  -5.0901 -1.4241 -4.8436
v  -5.0915 -1.4240 -4.8311
v  -5.1031 -1.4235 -4.8592
v  -5.1034 -1.4315 -4.8678
v  -5.0903 -1.4362 -4.8599
v  -5.0902 -1.4281 -4.8537
v  -5.1059 -1.4411 -4.8734
v  -5.1084 -1.4523 -4.8753
v  -5.0957 -1.4546 -4.8648
v  -5.0938 -1.4450 -4.8645
v  -5.1088 -1.4644 -4.8728
v  -5.0969 -1.4642 -4.8632
v  -5.1079 -1.4770 -4.8681
v  -5.0948 -1.4733 -4.8591
v  -5.1182 -1.5402 -4.8596
v  -5.1160 -1.5472 -4.8538
v  -5.1139 -1.5508 -4.8488
v  -5.1109 -1.5432 -4.8487
v  -5.1111 -1.5383 -4.8520
v  -5.1119 -1.5309 -4.8564
v  -5.0647 -1.4541 -4.8324
v  -5.0811 -1.4545 -4.8520
v  -5.0843 -1.4614 -4.8535
v  -5.0802 -1.4660 -4.8489
v  -5.0755 -1.4363 -4.8214
v  -5.0785 -1.4307 -4.8303
v  -5.0760 -1.4339 -4.8386
v  -5.1113 -1.5513 -4.8443
v  -5.1076 -1.5407 -4.8455
v  -5.1084 -1.5501 -4.8396
v  -5.1034 -1.5381 -4.8405
v  -5.0644 -1.4708 -4.8089
v  -5.0713 -1.4622 -4.8021
v  -5.0729 -1.4509 -4.8076
v  -5.0779 -1.4415 -4.8110
v  -5.0790 -1.4351 -4.8468
v  -5.0776 -1.4426 -4.8489
v  -5.0824 -1.4478 -4.8541
v  -5.1061 -1.4892 -4.8634
v  -5.0940 -1.4831 -4.8560
v  -5.1043 -1.5010 -4.8591
v  -5.0919 -1.4919 -4.8518
v  -5.0819 -1.4741 -4.8487
v  -5.0777 -1.4785 -4.8436
v  -5.0683 -1.4973 -4.8063
v  -5.0618 -1.4837 -4.8148
v  -5.0654 -1.4853 -4.8293
v  -5.0746 -1.5070 -4.8244
v  -5.1212 -1.5290 -4.8660
v  -5.1133 -1.5205 -4.8610
v  -5.1038 -1.5230 -4.8513
v  -5.1051 -1.5318 -4.8480
v  -5.0983 -1.5273 -4.8421
v  -5.0943 -1.5160 -4.8445
v  -5.0919 -1.5037 -4.8481
v  -5.1035 -1.5125 -4.8551
v  -5.1055 -1.5477 -4.8335
v  -5.0991 -1.5354 -4.8343
v  -5.1033 -1.5440 -4.8263
v  -5.0957 -1.5324 -4.8274
v  -5.0938 -1.5294 -4.8202
v  -5.1022 -1.5385 -4.8182
v  -5.0916 -1.5234 -4.8348
v  -5.0842 -1.5100 -4.8362
v  -5.0869 -1.5214 -4.8276
v  -5.0863 -1.5220 -4.8219
v  -5.0813 -1.5163 -4.8149
v  -5.0801 -1.5080 -4.8002
v  -5.0783 -1.4930 -4.8397
v  -5.0916 -1.5751 -4.8954
v  -5.0982 -1.5528 -4.9125
v  -5.1300 -1.5182 -4.9181
v  -5.1390 -1.4904 -4.9314
v  -5.1201 -1.5213 -4.9284
v  -5.1309 -1.4893 -4.9469
v  -5.1469 -1.4603 -4.9391
v  -5.1400 -1.4553 -4.9567
v  -5.1510 -1.4310 -4.9379
v  -5.1465 -1.4216 -4.9552
v  -5.1518 -1.4066 -4.9270
v  -5.1512 -1.3917 -4.9414
v  -5.1547 -1.3906 -4.9090
v  -5.1576 -1.3672 -4.9186
v  -5.1600 -1.3860 -4.8846
v  -5.1664 -1.3698 -4.8840
v  -5.1714 -1.3960 -4.8620
v  -5.1878 -1.3800 -4.8553
v  -5.1677 -1.3388 -4.8787
v  -5.1691 -1.3533 -4.8823
v  -5.1894 -1.3576 -4.8605
v  -5.1891 -1.3410 -4.8572
v  -5.1605 -1.3456 -4.9101
v  -5.1587 -1.3295 -4.9060
v  -5.1764 -1.4135 -4.8430
v  -5.1892 -1.4047 -4.8326
v  -5.1762 -1.4348 -4.8247
v  -5.1844 -1.4282 -4.8122
v  -5.1740 -1.4580 -4.8076
v  -5.1795 -1.4534 -4.7936
v  -5.1685 -1.4819 -4.7935
v  -5.1723 -1.4789 -4.7783
v  -5.1571 -1.5043 -4.7841
v  -5.1592 -1.5028 -4.7687
v  -5.1410 -1.5250 -4.7793
v  -5.1391 -1.5248 -4.7652
v  -5.0977 -1.5748 -4.7985
v  -5.0835 -1.5839 -4.7923
v  -5.0897 -1.5700 -4.7728
v  -5.1055 -1.5618 -4.7858
v  -5.0705 -1.5798 -4.7713
v  -5.0696 -1.5896 -4.7895
v  -5.1219 -1.5448 -4.7796
v  -5.1151 -1.5467 -4.7669
v  -5.0351 -1.5800 -4.7430
v  -5.0377 -1.5935 -4.7554
v  -5.0545 -1.5797 -4.7564
v  -5.0549 -1.5665 -4.7450
v  -5.0698 -1.5703 -4.7583
v  -5.0870 -1.5593 -4.7585
v  -5.0724 -1.5572 -4.7478
v  -5.0864 -1.5508 -4.7503
v  -5.0339 -1.5559 -4.7293
v  -5.0599 -1.5440 -4.7326
v  -5.0338 -1.5325 -4.7139
v  -5.0652 -1.5215 -4.7198
v  -5.0830 -1.5361 -4.7376
v  -5.1003 -1.5341 -4.7450
v  -5.0929 -1.5139 -4.7281
v  -5.1215 -1.5069 -4.7394
v  -5.1091 -1.5400 -4.7554
v  -5.1331 -1.5177 -4.7524
v  -5.1554 -1.4967 -4.7547
v  -5.1489 -1.4877 -4.7440
v  -5.1663 -1.4661 -4.7539
v  -5.1697 -1.4724 -4.7656
v  -5.1785 -1.4464 -4.7812
v  -5.1791 -1.4411 -4.7687
v  -5.1924 -1.4160 -4.7854
v  -5.1878 -1.4205 -4.7989
v  -5.1993 -1.3952 -4.8184
v  -5.2033 -1.3720 -4.8347
v  -5.2016 -1.3889 -4.8006
v  -5.2040 -1.3556 -4.8137
v  -5.2038 -1.3438 -4.8395
v  -5.2026 -1.3574 -4.8452
v  -5.1941 -1.4156 -4.7707
v  -5.1992 -1.3918 -4.7803
v  -5.1937 -1.4032 -4.7570
v  -5.1923 -1.4184 -4.7568
v  -5.1919 -1.3873 -4.7527
v  -5.1983 -1.3727 -4.7802
v  -5.1837 -1.4407 -4.7550
v  -5.1857 -1.4361 -4.7416
v  -5.1695 -1.4643 -4.7395
v  -5.1719 -1.4637 -4.7173
v  -5.1851 -1.4225 -4.7305
v  -5.1731 -1.4436 -4.7014
v  -5.1697 -1.4236 -4.6889
v  -5.1822 -1.4048 -4.7211
v  -5.1211 -1.4882 -4.7273
v  -5.1206 -1.4833 -4.7097
v  -5.1485 -1.4823 -4.7125
v  -5.1479 -1.4806 -4.7310
v  -5.1594 -1.4605 -4.6704
v  -5.1564 -1.4421 -4.6583
v  -5.1577 -1.4777 -4.6821
v  -5.1458 -1.4863 -4.6510
v  -5.1477 -1.4718 -4.6411
v  -5.1461 -1.4575 -4.6320
v  -5.1384 -1.4882 -4.6206
v  -5.1424 -1.4765 -4.6166
v  -5.1319 -1.4782 -4.5972
v  -5.1421 -1.4677 -4.6126
v  -5.1406 -1.4729 -4.6026
v  -5.1277 -1.4930 -4.6602
v  -5.1224 -1.4930 -4.6273
v  -5.1084 -1.4840 -4.6361
v  -5.1051 -1.4803 -4.6656
v  -5.1057 -1.4775 -4.6185
v  -5.1158 -1.4807 -4.6027
v  -5.1394 -1.4892 -4.6883
v  -5.1141 -1.4828 -4.6890
v  -5.0955 -1.4732 -4.6573
v  -5.1011 -1.4770 -4.6428
v  -5.0926 -1.4671 -4.6513
v  -5.0995 -1.4725 -4.6344
v  -5.0822 -1.4724 -4.6641
v  -5.0801 -1.4674 -4.6599
v  -5.0852 -1.4771 -4.6724
v  -5.0664 -1.4878 -4.6641
v  -5.0667 -1.4822 -4.6560
v  -5.0657 -1.4762 -4.6515
v  -4.9440 -1.5845 -4.5679
v  -4.9268 -1.5805 -4.5738
v  -4.9280 -1.5704 -4.5608
v  -4.9514 -1.5772 -4.5547
v  -4.9303 -1.5645 -4.5566
v  -4.9632 -1.5628 -4.5371
v  -4.9753 -1.5802 -4.5579
v  -4.9733 -1.5763 -4.5456
v  -4.9816 -1.5677 -4.5453
v  -4.9793 -1.5746 -4.5592
v  -4.9889 -1.5508 -4.5447
v  -4.9887 -1.5604 -4.5532
v  -4.9797 -1.5579 -4.5356
v  -4.9848 -1.5683 -4.5654
v  -4.9636 -1.5884 -4.5586
v  -4.9511 -1.5943 -4.5775
v  -4.9707 -1.5878 -4.5708
v  -4.9633 -1.5963 -4.5948
v  -4.9330 -1.5915 -4.5903
v  -4.9432 -1.5952 -4.6109
v  -4.9748 -1.5824 -4.5758
v  -4.9799 -1.5757 -4.5807
v  -4.9773 -1.5802 -4.5935
v  -4.9726 -1.5869 -4.5944
v  -4.9815 -1.5791 -4.6421
v  -4.9707 -1.5783 -4.6554
v  -4.9557 -1.5900 -4.6336
v  -4.9703 -1.5902 -4.6209
v  -4.9922 -1.5602 -4.5767
v  -4.9978 -1.5515 -4.5656
v  -5.0079 -1.5402 -4.5819
v  -5.0011 -1.5498 -4.5918
v  -4.9990 -1.5412 -4.5581
v  -5.0098 -1.5298 -4.5752
v  -4.9888 -1.5676 -4.6213
v  -4.9854 -1.5739 -4.6317
v  -4.9765 -1.5837 -4.6131
v  -4.9809 -1.5767 -4.6055
v  -4.9861 -1.5685 -4.5916
v  -4.9942 -1.5590 -4.6064
v  -5.0259 -1.5209 -4.6278
v  -5.0119 -1.5366 -4.6089
v  -5.0186 -1.5272 -4.6002
v  -5.0317 -1.5125 -4.6199
v  -5.0206 -1.5173 -4.5946
v  -5.0336 -1.5037 -4.6148
v  -5.0099 -1.5404 -4.6761
v  -5.0062 -1.5399 -4.6889
v  -4.9874 -1.5613 -4.6737
v  -4.9946 -1.5620 -4.6609
v  -5.0500 -1.4890 -4.6349
v  -5.0492 -1.4965 -4.6398
v  -5.0454 -1.5032 -4.6478
v  -5.0945 -1.4978 -4.7181
v  -5.0922 -1.4878 -4.7041
v  -5.0651 -1.5070 -4.7085
v  -5.0605 -1.5005 -4.6923
v  -5.0152 -1.5353 -4.6545
v  -5.0112 -1.5406 -4.6647
v  -4.9973 -1.5586 -4.6495
v  -5.0001 -1.5533 -4.6377
v  -5.0316 -1.5189 -4.6877
v  -5.0328 -1.5200 -4.7008
v  -5.0269 -1.5238 -4.6761
v  -5.0355 -1.5161 -4.6717
v  -5.0892 -1.4826 -4.6868
v  -5.0658 -1.4934 -4.6769
v  -5.0201 -1.5285 -4.6408
v  -5.0412 -1.5095 -4.6604
v  -5.0051 -1.5455 -4.6228
v  -5.0577 -1.5872 -4.9282
v  -5.0457 -1.5741 -4.9417
v  -5.0695 -1.5407 -4.9284
v  -5.0584 -1.5285 -4.9424
v  -5.0280 -1.5646 -4.9451
v  -5.0090 -1.5474 -4.9451
v  -5.0410 -1.5208 -4.9480
v  -5.0237 -1.5194 -4.9471
v  -5.0916 -1.5105 -4.9322
v  -5.1066 -1.5199 -4.9339
v  -5.1160 -1.4837 -4.9556
v  -5.0993 -1.4750 -4.9576
v  -5.1245 -1.4475 -4.9683
v  -5.1056 -1.4398 -4.9738
v  -5.1334 -1.4114 -4.9705
v  -5.1133 -1.4027 -4.9796
v  -5.1425 -1.3755 -4.9578
v  -5.1230 -1.3632 -4.9705
v  -5.1488 -1.3485 -4.9399
v  -5.1306 -1.3207 -4.9466
v  -5.1533 -1.3364 -4.9278
v  -5.1495 -1.3233 -4.9266
v  -5.0789 -1.5018 -4.9417
v  -5.0645 -1.4931 -4.9510
v  -5.0840 -1.4677 -4.9598
v  -5.0658 -1.4622 -4.9594
v  -5.0439 -1.4872 -4.9518
v  -5.0201 -1.4916 -4.9457
v  -5.0420 -1.4593 -4.9523
v  -5.0139 -1.4618 -4.9406
v  -5.0868 -1.4341 -4.9719
v  -5.0654 -1.4314 -4.9643
v  -5.0898 -1.3989 -4.9782
v  -5.0649 -1.4003 -4.9652
v  -5.0623 -1.3404 -4.9552
v  -5.0656 -1.3688 -4.9632
v  -5.0952 -1.3606 -4.9762
v  -5.0934 -1.3260 -4.9642
v  -4.9931 -1.5119 -4.9396
v  -4.9812 -1.4722 -4.9294
v  -4.9464 -1.4872 -4.9202
v  -4.9640 -1.5371 -4.9353
v  -4.9350 -1.5563 -4.9306
v  -4.9135 -1.5045 -4.9118
v  -4.8830 -1.5234 -4.9019
v  -4.9071 -1.5731 -4.9246
v  -4.8810 -1.5891 -4.9196
v  -4.8571 -1.6039 -4.9140
v  -4.8552 -1.5427 -4.8911
v  -4.8308 -1.5611 -4.8792
v  -4.7776 -1.6548 -4.8756
v  -4.7686 -1.6634 -4.8701
v  -4.7880 -1.6467 -4.8821
v  -4.7595 -1.6089 -4.8338
v  -4.7495 -1.6183 -4.8258
v  -4.7408 -1.6290 -4.8204
v  -4.7591 -1.6745 -4.8653
v  -4.7480 -1.6886 -4.8611
v  -4.7306 -1.6421 -4.8167
v  -4.7177 -1.6556 -4.8161
v  -4.6606 -1.5672 -4.7569
v  -4.6854 -1.6143 -4.7838
v  -4.7003 -1.6054 -4.7809
v  -4.6772 -1.5630 -4.7538
v  -4.7130 -1.5953 -4.7826
v  -4.6922 -1.5570 -4.7558
v  -4.7332 -1.7049 -4.8597
v  -4.7022 -1.6671 -4.8196
v  -4.6850 -1.6796 -4.8272
v  -4.7148 -1.7227 -4.8636
v  -4.6698 -1.6213 -4.7892
v  -4.6528 -1.6294 -4.7963
v  -4.6442 -1.5708 -4.7615
v  -4.6259 -1.5749 -4.7664
v  -4.6957 -1.7448 -4.8702
v  -4.6666 -1.6970 -4.8375
v  -4.6468 -1.7155 -4.8471
v  -4.6749 -1.7688 -4.8747
v  -4.6333 -1.6411 -4.8053
v  -4.6039 -1.5799 -4.7720
v  -4.5806 -1.5844 -4.7796
v  -4.6123 -1.6534 -4.8146
v  -4.6495 -1.7880 -4.8791
v  -4.6249 -1.7302 -4.8556
v  -4.6048 -1.7372 -4.8668
v  -4.6278 -1.7954 -4.8921
v  -4.8362 -1.6167 -4.9063
v  -4.8179 -1.6280 -4.8980
v  -4.8096 -1.5769 -4.8685
v  -4.7907 -1.5899 -4.8576
v  -4.8015 -1.6378 -4.8899
v  -4.7735 -1.6000 -4.8453
v  -4.7229 -1.5856 -4.7882
v  -4.7334 -1.5764 -4.7973
v  -4.7142 -1.5417 -4.7730
v  -4.7033 -1.5501 -4.7627
v  -4.8477 -1.4493 -4.8764
v  -4.8163 -1.4686 -4.8573
v  -4.8329 -1.5041 -4.8727
v  -4.8627 -1.4838 -4.8888
v  -4.8076 -1.5238 -4.8546
v  -4.7901 -1.4874 -4.8358
v  -4.7851 -1.5405 -4.8402
v  -4.7654 -1.5545 -4.8264
v  -4.7668 -1.5031 -4.8189
v  -4.7464 -1.5170 -4.8036
v  -4.7477 -1.5662 -4.8112
v  -4.7287 -1.5303 -4.7874
v  -4.9719 -1.4415 -4.9196
v  -4.9333 -1.4500 -4.9087
v  -5.0081 -1.4362 -4.9345
v  -5.0039 -1.4142 -4.9293
v  -4.9688 -1.4190 -4.9130
v  -4.9287 -1.4124 -4.8969
v  -5.0393 -1.4324 -4.9505
v  -5.0367 -1.4067 -4.9472
v  -5.0350 -1.3817 -4.9437
v  -5.0311 -1.3592 -4.9370
v  -4.9979 -1.3787 -4.9191
v  -5.0031 -1.3947 -4.9257
v  -4.9755 -1.4034 -4.9122
v  -4.9666 -1.3954 -4.9057
v  -4.8965 -1.4648 -4.9001
v  -4.8835 -1.4317 -4.8885
v  -4.9188 -1.3344 -5.1410
v  -4.9371 -1.3307 -5.1487
v  -4.9250 -1.3570 -5.1471
v  -4.9089 -1.3561 -5.1381
v  -4.9094 -1.3906 -5.1404
v  -4.8946 -1.3840 -5.1310
v  -4.8894 -1.4296 -5.1343
v  -4.8666 -1.4672 -5.1288
v  -4.8554 -1.4535 -5.1194
v  -4.8764 -1.4188 -5.1246
v  -4.8437 -1.4972 -5.1231
v  -4.8205 -1.5217 -5.1171
v  -4.8106 -1.5041 -5.1081
v  -4.8333 -1.4815 -5.1142
v  -4.7972 -1.5434 -5.1090
v  -4.7684 -1.5633 -5.0933
v  -4.7872 -1.5233 -5.1007
v  -4.7562 -1.5393 -5.0860
v  -4.9209 -1.3074 -5.1352
v  -4.9411 -1.2984 -5.1396
v  -4.9426 -1.3121 -5.1450
v  -4.9226 -1.3187 -5.1390
v  -4.9001 -1.3119 -5.1409
v  -4.9029 -1.3229 -5.1414
v  -4.8835 -1.3292 -5.1478
v  -4.9016 -1.3371 -5.1389
v  -4.8879 -1.3391 -5.1420
v  -4.8773 -1.3151 -5.1509
v  -4.8929 -1.3551 -5.1350
v  -4.8778 -1.3519 -5.1407
v  -4.8789 -1.3784 -5.1297
v  -4.8625 -1.3721 -5.1370
v  -4.8278 -1.4284 -5.1253
v  -4.8458 -1.3994 -5.1309
v  -4.8617 -1.4091 -5.1247
v  -4.8421 -1.4409 -5.1201
v  -4.7882 -1.4739 -5.1120
v  -4.8087 -1.4531 -5.1185
v  -4.8214 -1.4671 -5.1148
v  -4.7998 -1.4885 -5.1078
v  -4.7666 -1.4905 -5.1028
v  -4.7769 -1.5064 -5.1011
v  -4.7470 -1.5198 -5.0858
v  -4.7398 -1.5018 -5.0867
v  -4.8623 -1.3422 -5.1506
v  -4.8505 -1.3247 -5.1510
v  -4.8425 -1.3606 -5.1452
v  -4.8190 -1.3418 -5.1365
v  -4.7962 -1.3978 -5.1250
v  -4.8092 -1.3737 -5.1326
v  -4.8264 -1.3863 -5.1376
v  -4.8111 -1.4138 -5.1292
v  -4.7809 -1.3667 -5.1101
v  -4.7972 -1.3560 -5.1216
v  -4.7983 -1.3690 -5.1245
v  -4.7862 -1.3835 -5.1174
v  -4.7644 -1.4377 -5.1083
v  -4.7812 -1.4195 -5.1175
v  -4.7944 -1.4375 -5.1203
v  -4.7757 -1.4575 -5.1128
v  -4.7487 -1.3883 -5.0868
v  -4.7650 -1.3773 -5.0988
v  -4.7719 -1.3988 -5.1093
v  -4.7559 -1.4138 -5.0990
v  -4.7560 -1.4726 -5.1014
v  -4.7466 -1.4518 -5.0955
v  -4.7330 -1.4828 -5.0844
v  -4.7267 -1.4620 -5.0781
v  -4.7324 -1.4005 -5.0721
v  -4.7393 -1.4268 -5.0851
v  -4.7207 -1.4387 -5.0679
v  -4.7133 -1.4141 -5.0564
v  -4.6955 -1.4495 -5.0511
v  -4.6882 -1.4292 -5.0419
v  -4.7012 -1.4692 -5.0582
v  -4.6805 -1.4727 -5.0449
v  -4.6699 -1.4610 -5.0372
v  -4.6616 -1.4440 -5.0292
v  -4.7035 -1.5078 -5.0603
v  -4.7031 -1.4883 -5.0608
v  -4.6723 -1.4867 -5.0404
v  -4.6649 -1.5057 -5.0355
v  -4.6505 -1.4752 -5.0273
v  -4.6384 -1.4569 -5.0182
v  -4.6347 -1.4921 -5.0192
v  -4.6172 -1.4692 -5.0071
v  -4.7043 -1.5287 -5.0581
v  -4.6581 -1.5279 -5.0301
v  -4.7105 -1.5527 -5.0587
v  -4.6526 -1.5650 -5.0231
v  -4.7270 -1.5819 -5.0670
v  -4.6853 -1.6079 -5.0392
v  -4.6195 -1.5115 -5.0106
v  -4.5962 -1.4820 -4.9948
v  -4.6027 -1.5365 -4.9973
v  -4.5736 -1.4977 -4.9772
v  -4.6584 -1.6507 -5.0139
v  -4.6434 -1.6980 -4.9853
v  -4.6148 -1.6559 -4.9634
v  -4.6279 -1.6126 -4.9936
v  -4.5321 -1.5410 -4.9130
v  -4.5506 -1.5188 -4.9481
v  -4.5836 -1.5705 -4.9737
v  -4.5683 -1.6046 -4.9422
v  -4.6301 -1.7381 -4.9546
v  -4.6174 -1.7681 -4.9306
v  -4.5909 -1.7165 -4.9087
v  -4.6010 -1.6907 -4.9344
v  -4.6168 -1.7879 -4.9095
v  -4.5908 -1.7331 -4.8855
v  -4.5561 -1.6321 -4.9103
v  -4.5461 -1.6540 -4.8822
v  -4.5076 -1.5786 -4.8482
v  -4.5187 -1.5611 -4.8786
v  -4.5904 -1.6633 -4.8232
v  -4.5578 -1.5882 -4.7887
v  -4.5355 -1.5907 -4.8000
v  -4.5684 -1.6696 -4.8338
v  -4.5482 -1.6685 -4.8544
v  -4.5133 -1.5899 -4.8191
v  -4.3218 -1.9968 -4.8625
v  -4.2809 -2.0044 -4.8387
v  -4.2945 -1.9884 -4.7838
v  -4.2593 -1.9887 -4.7643
v  -4.2720 -1.9789 -4.8049
v  -4.2341 -1.9737 -4.7860
v  -4.2141 -2.0050 -4.7474
v  -4.1707 -2.0357 -4.7392
v  -4.1882 -1.9960 -4.7751
v  -4.1437 -2.0289 -4.7692
v  -4.1350 -2.0643 -4.7321
v  -4.1023 -2.0890 -4.7215
v  -4.1063 -2.0558 -4.7624
v  -4.0715 -2.0789 -4.7526
v  -4.0704 -2.1118 -4.7057
v  -4.0358 -2.1376 -4.6811
v  -4.0363 -2.1023 -4.7394
v  -3.9981 -2.1303 -4.7166
v  -4.2193 -2.0434 -4.8562
v  -4.1877 -2.0451 -4.8580
v  -4.1928 -2.0105 -4.8618
v  -4.2180 -2.0139 -4.8524
v  -4.1628 -2.0458 -4.8684
v  -4.1474 -2.0388 -4.8840
v  -4.1594 -2.0144 -4.8866
v  -4.1722 -2.0131 -4.8741
v  -4.2531 -1.9752 -4.8254
v  -4.2177 -1.9606 -4.8097
v  -4.2333 -1.9748 -4.8431
v  -4.2080 -1.9430 -4.8333
v  -4.1746 -1.9838 -4.8035
v  -4.1680 -1.9681 -4.8322
v  -4.1245 -2.0054 -4.8295
v  -4.1301 -2.0180 -4.7987
v  -4.0898 -2.0453 -4.7930
v  -4.0801 -2.0327 -4.8240
v  -4.0370 -2.0581 -4.8185
v  -4.0510 -2.0691 -4.7854
v  -4.0112 -2.0933 -4.7753
v  -3.9690 -2.1209 -4.7567
v  -3.9932 -2.0829 -4.8113
v  -3.9476 -2.1061 -4.7971
v  -3.9181 -2.0307 -4.8648
v  -3.9322 -2.0786 -4.8311
v  -3.9775 -2.0607 -4.8411
v  -3.9622 -2.0209 -4.8677
v  -4.0235 -2.0399 -4.8489
v  -4.0079 -2.0046 -4.8772
v  -4.1160 -1.9849 -4.8578
v  -4.0693 -2.0144 -4.8535
v  -4.0553 -1.9827 -4.8846
v  -4.1038 -1.9526 -4.8872
v  -4.1591 -2.0136 -4.9474
v  -4.1554 -2.0061 -4.9286
v  -4.1832 -1.9800 -4.9686
v  -4.1825 -1.9607 -4.9389
v  -4.1475 -2.0195 -4.9058
v  -4.1661 -1.9914 -4.9047
v  -4.2134 -1.9434 -4.9962
v  -4.2090 -1.9163 -4.9732
v  -4.1845 -1.9710 -4.8926
v  -4.2009 -1.9608 -4.8757
v  -4.1996 -1.9264 -4.9191
v  -4.2053 -1.8940 -4.8933
v  -4.2144 -1.9664 -4.8581
v  -4.2025 -1.9247 -4.8561
v  -4.1617 -1.9463 -4.8588
v  -4.1539 -1.9150 -4.8860
v  -4.2121 -1.8868 -4.9521
v  -4.2150 -1.8561 -4.9365
v  -4.2283 -1.8569 -4.9884
v  -4.2286 -1.8281 -4.9706
v  -4.2415 -1.8284 -5.0674
v  -4.2141 -1.8487 -5.1071
v  -4.1993 -1.8393 -5.1071
v  -4.2292 -1.8026 -5.0588
v  -4.2427 -1.8357 -5.0253
v  -4.2381 -1.8096 -5.0103
v  -4.1840 -1.8178 -5.1115
v  -4.2205 -1.7752 -5.0807
v  -4.1842 -1.7928 -5.1332
v  -4.2265 -1.7535 -5.1051
v  -4.1959 -1.7773 -5.1627
v  -4.2440 -1.7388 -5.1341
v  -4.2132 -1.7789 -5.1940
v  -4.2774 -1.7301 -5.1671
v  -4.2297 -1.8085 -5.2109
v  -4.2926 -1.7715 -5.1965
v  -4.3527 -1.7435 -5.1906
v  -4.4056 -1.7203 -5.1905
v  -4.3401 -1.7025 -5.1696
v  -4.3892 -1.6819 -5.1709
v  -4.4470 -1.6985 -5.1928
v  -4.4796 -1.6792 -5.1949
v  -4.4568 -1.6439 -5.1780
v  -4.4271 -1.6619 -5.1742
v  -4.5064 -1.6625 -5.1962
v  -4.5296 -1.6462 -5.1970
v  -4.5014 -1.6136 -5.1843
v  -4.4806 -1.6290 -5.1809
v  -4.5512 -1.6271 -5.1993
v  -4.5220 -1.5946 -5.1892
v  -4.5728 -1.6048 -5.2043
v  -4.5437 -1.5721 -5.1959
v  -4.5965 -1.5787 -5.2140
v  -4.5679 -1.5461 -5.2052
v  -4.6209 -1.5493 -5.2273
v  -4.5941 -1.5174 -5.2153
v  -4.6474 -1.5156 -5.2391
v  -4.6225 -1.4869 -5.2222
v  -4.6731 -1.4763 -5.2474
v  -4.6507 -1.4528 -5.2212
v  -4.1865 -1.7702 -4.9358
v  -4.1876 -1.8358 -4.9148
v  -4.2098 -1.8260 -4.9306
v  -4.2238 -1.7941 -4.9484
v  -4.0677 -1.8420 -4.9545
v  -4.0858 -1.9019 -4.9199
v  -4.1394 -1.8641 -4.9118
v  -4.1221 -1.8054 -4.9397
v  -3.9757 -1.8887 -4.9586
v  -3.9890 -1.9473 -4.9081
v  -4.0363 -1.9298 -4.9186
v  -4.0200 -1.8690 -4.9604
v  -3.9042 -1.9755 -4.9116
v  -3.9450 -1.9627 -4.9005
v  -3.9336 -1.9074 -4.9576
v  -3.8933 -1.9199 -4.9677
v  -4.2416 -1.7726 -4.9833
v  -4.2501 -1.7519 -5.0238
v  -4.2622 -1.7065 -5.0014
v  -4.2329 -1.7276 -4.9643
v  -4.2548 -1.7322 -5.0523
v  -4.2753 -1.6923 -5.0317
v  -4.2637 -1.7164 -5.0766
v  -4.2860 -1.6822 -5.0552
v  -4.2813 -1.7028 -5.1016
v  -4.3034 -1.6713 -5.0755
v  -4.3087 -1.6889 -5.1221
v  -4.3274 -1.6600 -5.0900
v  -4.3444 -1.6702 -5.1339
v  -4.3534 -1.6451 -5.1011
v  -4.3810 -1.6497 -5.1410
v  -4.3800 -1.6283 -5.1082
v  -4.4124 -1.6318 -5.1449
v  -4.4052 -1.6115 -5.1114
v  -4.4389 -1.6155 -5.1476
v  -4.4270 -1.5937 -5.1160
v  -4.4635 -1.5591 -5.1310
v  -4.4458 -1.5767 -5.1226
v  -4.4613 -1.6010 -5.1507
v  -4.4816 -1.5852 -5.1554
v  -4.5010 -1.5178 -5.1539
v  -4.4812 -1.5395 -5.1412
v  -4.5016 -1.5660 -5.1631
v  -4.5223 -1.5437 -5.1740
v  -4.5530 -1.4702 -5.1820
v  -4.5249 -1.4942 -5.1689
v  -4.5453 -1.5184 -5.1871
v  -4.5713 -1.4917 -5.1987
v  -4.6053 -1.4320 -5.1993
v  -4.5824 -1.4470 -5.1939
v  -4.5996 -1.4651 -5.2073
v  -4.6261 -1.4379 -5.2064
v  -4.5375 -1.4500 -5.1719
v  -4.5719 -1.4285 -5.1854
v  -4.5653 -1.4098 -5.1781
v  -4.5270 -1.4297 -5.1631
v  -4.6079 -1.4129 -5.1936
v  -4.6053 -1.3925 -5.1859
v  -4.4340 -1.5257 -5.1200
v  -4.4465 -1.5376 -5.1208
v  -4.4601 -1.5171 -5.1296
v  -4.4369 -1.5065 -5.1256
v  -4.4779 -1.4950 -5.1401
v  -4.4456 -1.4731 -5.1286
v  -4.5052 -1.4725 -5.1549
v  -4.4900 -1.4499 -5.1463
v  -4.4007 -1.5506 -5.1042
v  -4.4139 -1.5715 -5.1028
v  -4.4311 -1.5550 -5.1118
v  -4.4194 -1.5353 -5.1132
v  -4.4145 -1.5138 -5.1138
v  -4.4108 -1.4936 -5.1096
v  -4.3861 -1.5097 -5.0932
v  -4.3926 -1.5298 -5.1002
v  -4.3583 -1.5807 -5.0928
v  -4.3709 -1.6041 -5.0951
v  -4.3936 -1.5883 -5.0974
v  -4.3804 -1.5660 -5.0971
v  -4.3703 -1.5445 -5.0903
v  -4.3620 -1.5233 -5.0815
v  -4.3371 -1.5349 -5.0748
v  -4.3469 -1.5579 -5.0846
v  -4.3118 -1.6072 -5.0835
v  -4.3234 -1.6318 -5.0844
v  -4.3474 -1.6185 -5.0912
v  -4.3355 -1.5943 -5.0890
v  -4.3228 -1.5699 -5.0811
v  -4.2982 -1.5813 -5.0770
v  -4.3116 -1.5450 -5.0715
v  -4.2858 -1.5548 -5.0683
v  -4.2990 -1.6441 -5.0735
v  -4.2867 -1.6198 -5.0749
v  -4.2632 -1.6308 -5.0632
v  -4.2779 -1.6549 -5.0576
v  -4.2726 -1.5926 -5.0709
v  -4.2480 -1.6030 -5.0632
v  -4.2598 -1.5652 -5.0636
v  -4.2349 -1.5751 -5.0584
v  -4.2625 -1.6630 -5.0378
v  -4.2431 -1.6394 -5.0508
v  -4.2204 -1.6491 -5.0357
v  -4.2437 -1.6729 -5.0128
v  -4.2255 -1.6115 -5.0569
v  -4.2009 -1.6213 -5.0497
v  -4.2117 -1.5835 -5.0545
v  -4.1864 -1.5922 -5.0505
v  -4.1467 -1.6856 -5.0069
v  -4.1625 -1.7207 -4.9682
v  -4.2095 -1.6928 -4.9848
v  -4.1880 -1.6654 -5.0183
v  -4.1700 -1.6349 -5.0408
v  -4.1554 -1.6031 -5.0449
v  -4.1197 -1.6156 -5.0370
v  -4.1325 -1.6502 -5.0328
v  -4.1078 -1.7522 -4.9744
v  -4.0976 -1.7071 -5.0096
v  -4.0486 -1.7290 -5.0235
v  -4.0565 -1.7834 -4.9927
v  -4.0879 -1.6663 -5.0324
v  -4.0769 -1.6296 -5.0313
v  -4.0299 -1.6421 -5.0314
v  -4.0404 -1.6820 -5.0377
v  -4.0104 -1.8064 -5.0031
v  -4.0022 -1.7450 -5.0306
v  -3.9587 -1.7600 -5.0396
v  -3.9682 -1.8261 -5.0106
v  -3.9944 -1.6949 -5.0412
v  -3.9841 -1.6533 -5.0331
v  -3.9381 -1.6635 -5.0358
v  -3.9492 -1.7066 -5.0454
v  -3.9269 -1.8453 -5.0177
v  -3.9151 -1.7749 -5.0486
v  -3.8729 -1.7898 -5.0557
v  -3.8861 -1.8621 -5.0263
v  -3.9030 -1.7185 -5.0514
v  -3.8905 -1.6731 -5.0407
v  -3.8585 -1.7309 -5.0580
v  -3.8440 -1.6815 -5.0466
v  -4.0629 -2.0272 -4.2172
v  -4.0581 -2.0180 -4.2105
v  -4.0703 -2.0330 -4.2306
v  -4.0314 -2.0429 -4.2379
v  -4.0247 -2.0395 -4.2211
v  -4.0198 -2.0293 -4.2116
v  -3.8305 -2.0906 -4.2744
v  -3.8242 -2.0806 -4.2632
v  -3.8743 -2.0733 -4.2456
v  -3.8192 -2.0682 -4.2551
v  -3.8699 -2.0630 -4.2361
v  -3.9253 -2.0537 -4.2213
v  -3.9300 -2.0627 -4.2340
v  -3.8793 -2.0803 -4.2600
v  -3.9354 -2.0669 -4.2517
v  -3.9570 -2.0713 -4.3379
v  -4.0157 -2.0529 -4.3352
v  -4.0147 -2.0685 -4.3544
v  -3.9586 -2.0845 -4.3576
v  -4.0609 -2.0652 -4.3528
v  -4.0742 -2.0486 -4.3305
v  -4.0581 -2.0836 -4.3752
v  -4.0150 -2.0893 -4.3779
v  -3.9611 -2.1029 -4.3824
v  -3.9808 -2.0521 -4.2264
v  -3.9757 -2.0415 -4.2145
v  -3.9870 -2.0552 -4.2450
v  -4.0408 -2.0402 -4.2604
v  -3.9950 -2.0519 -4.2670
v  -4.0036 -2.0483 -4.2903
v  -4.0514 -2.0377 -4.2848
v  -3.9484 -2.0659 -4.2939
v  -3.9419 -2.0669 -4.2721
v  -4.0611 -2.0397 -4.3069
v  -4.0113 -2.0483 -4.3127
v  -3.9538 -2.0672 -4.3157
v  -4.0052 -2.1843 -4.5756
v  -4.0377 -2.1665 -4.6195
v  -3.9942 -2.1681 -4.6426
v  -3.9571 -2.1930 -4.5901
v  -3.9530 -2.1650 -4.6762
v  -3.9008 -2.1997 -4.6163
v  -4.0924 -2.0806 -4.3541
v  -4.0870 -2.0939 -4.3730
v  -4.1068 -2.0745 -4.3402
v  -4.1101 -2.1087 -4.3524
v  -4.1251 -2.1067 -4.3396
v  -4.1028 -2.1164 -4.3693
v  -4.2571 -2.1306 -4.5059
v  -4.2434 -2.1227 -4.5212
v  -4.2010 -2.1444 -4.5006
v  -4.2092 -2.1572 -4.4839
v  -4.2302 -2.1325 -4.5384
v  -4.1890 -2.1449 -4.5142
v  -4.2750 -2.1515 -4.4914
v  -4.2874 -2.1884 -4.4926
v  -4.2383 -2.1828 -4.4719
v  -4.2494 -2.2221 -4.4728
v  -4.2912 -2.2356 -4.4954
v  -4.2506 -2.2705 -4.4728
v  -4.2137 -2.2999 -4.4454
v  -4.2099 -2.3546 -4.4336
v  -4.2183 -2.2502 -4.4486
v  -4.1930 -2.2723 -4.4241
v  -4.1870 -2.3177 -4.4185
v  -4.1708 -2.3787 -4.3953
v  -4.2086 -2.2119 -4.4512
v  -4.1861 -2.1867 -4.4511
v  -4.1657 -2.2134 -4.4244
v  -4.1839 -2.2377 -4.4267
v  -4.1592 -2.1707 -4.4354
v  -4.1475 -2.1968 -4.4113
v  -4.1639 -2.1494 -4.4558
v  -4.1321 -2.1374 -4.4256
v  -4.1348 -2.1596 -4.4111
v  -4.1329 -2.1850 -4.3922
v  -4.1098 -2.1274 -4.3958
v  -4.1189 -2.1500 -4.3856
v  -4.1138 -2.1425 -4.3622
v  -4.1242 -2.1752 -4.3718
v  -4.1240 -2.1682 -4.3527
v  -4.1393 -2.1379 -4.3336
v  -4.1219 -2.1382 -4.3456
v  -4.1341 -2.1657 -4.3398
v  -4.1523 -2.1683 -4.3312
v  -4.1801 -2.2059 -4.3072
v  -4.1773 -2.1759 -4.3236
v  -4.1719 -2.2258 -4.2760
v  -4.1475 -2.2183 -4.2972
v  -4.1575 -2.1972 -4.3208
v  -4.1324 -2.2056 -4.3323
v  -4.1326 -2.1902 -4.3426
v  -4.1435 -2.1910 -4.3320
v  -4.1371 -2.2114 -4.3176
v  -4.0782 -2.1639 -4.5665
v  -4.1034 -2.1529 -4.5962
v  -4.0745 -2.1613 -4.6050
v  -4.0458 -2.1739 -4.5690
v  -3.8764 -2.1749 -4.4871
v  -3.9285 -2.1719 -4.4731
v  -3.9356 -2.1977 -4.5236
v  -3.8866 -2.1936 -4.5407
v  -3.9876 -2.1848 -4.5194
v  -3.9873 -2.1635 -4.4597
v  -3.8608 -2.1335 -4.4062
v  -3.9078 -2.1208 -4.3955
v  -3.9170 -2.1436 -4.4311
v  -3.8671 -2.1509 -4.4440
v  -3.9695 -2.1308 -4.4158
v  -4.0549 -2.1645 -4.5077
v  -4.0616 -2.1666 -4.5326
v  -4.0291 -2.1751 -4.5250
v  -4.0307 -2.1666 -4.4890
v  -4.0674 -2.1068 -4.4081
v  -4.0241 -2.1162 -4.4118
v  -4.0393 -2.1411 -4.4473
v  -4.0922 -2.1293 -4.4507
v  -4.1567 -2.1386 -4.4705
v  -4.1195 -2.1248 -4.4376
v  -4.1439 -2.1398 -4.4851
v  -4.0950 -2.1118 -4.4026
v  -4.2098 -2.1510 -4.5520
v  -4.1732 -2.1521 -4.5283
v  -4.1841 -2.1609 -4.5662
v  -4.1560 -2.1575 -4.5423
v  -4.1627 -2.1620 -4.5791
v  -4.1409 -2.1590 -4.5542
v  -4.1441 -2.1570 -4.5883
v  -4.1230 -2.1564 -4.5603
v  -4.1258 -2.1505 -4.5917
v  -4.1029 -2.1572 -4.5641
v  -4.1291 -2.1522 -4.5217
v  -4.1255 -2.1548 -4.5360
v  -4.1087 -2.1545 -4.5343
v  -4.1019 -2.1506 -4.5095
v  -4.0877 -2.1589 -4.5344
v  -4.0743 -2.1574 -4.5050
v  -4.0573 -2.1534 -4.4772
v  -4.0962 -2.1443 -4.4835
v  -4.1351 -2.1471 -4.5029
v  -4.3088 -2.4730 -4.3291
v  -4.3058 -2.4857 -4.2732
v  -4.2740 -2.5039 -4.2994
v  -4.2759 -2.5161 -4.2455
v  -4.3007 -2.4786 -4.2187
v  -4.2844 -2.4533 -4.1780
v  -4.2761 -2.5088 -4.1902
v  -4.2660 -2.4851 -4.1465
v  -4.2078 -2.4248 -4.1245
v  -4.2182 -2.3892 -4.1660
v  -4.2567 -2.4184 -4.1617
v  -4.2437 -2.4524 -4.1257
v  -4.1438 -2.3864 -4.1238
v  -4.1547 -2.3434 -4.1661
v  -4.1861 -2.3641 -4.1649
v  -4.1754 -2.4036 -4.1235
v  -4.1256 -2.2155 -4.3361
v  -4.1186 -2.2297 -4.3445
v  -4.1269 -2.2076 -4.3708
v  -4.1269 -2.1966 -4.3559
v  -4.1234 -2.2643 -4.3697
v  -4.1445 -2.2386 -4.3987
v  -4.1323 -2.2211 -4.3868
v  -4.1164 -2.2456 -4.3576
v  -4.1058 -2.2861 -4.2637
v  -4.1302 -2.2460 -4.2808
v  -4.1545 -2.2541 -4.2511
v  -4.1345 -2.2902 -4.2230
v  -4.1242 -2.2329 -4.3103
v  -4.1110 -2.2545 -4.3110
v  -4.0784 -2.3905 -4.1577
v  -4.0892 -2.3399 -4.2096
v  -4.1178 -2.3339 -4.1831
v  -4.1072 -2.3818 -4.1359
v  -4.1616 -2.2607 -4.4020
v  -4.1735 -2.2879 -4.4028
v  -4.1392 -2.2848 -4.3752
v  -4.1537 -2.3107 -4.3786
v  -4.1018 -2.2733 -4.3210
v  -4.1024 -2.2931 -4.3343
v  -4.0878 -2.3082 -4.2784
v  -4.0836 -2.3277 -4.2931
v  -4.0728 -2.3535 -4.2304
v  -4.0679 -2.3713 -4.2475
v  -4.0616 -2.4038 -4.1786
v  -4.0567 -2.4198 -4.1984
v  -4.1741 -2.3186 -4.4019
v  -4.1589 -2.3453 -4.3834
v  -4.1158 -2.3129 -4.3418
v  -4.0947 -2.3469 -4.3028
v  -4.1307 -2.3382 -4.3465
v  -4.1090 -2.3713 -4.3089
v  -4.0787 -2.3886 -4.2600
v  -4.0920 -2.4109 -4.2684
v  -4.0687 -2.4342 -4.2136
v  -4.0811 -2.4531 -4.2243
v  -4.1975 -2.4781 -4.3438
v  -4.2120 -2.5047 -4.3140
v  -4.2354 -2.4804 -4.3533
v  -4.2271 -2.4490 -4.3831
v  -4.2417 -2.5070 -4.3177
v  -4.2243 -2.5215 -4.2961
v  -4.2175 -2.4051 -4.4099
v  -4.1832 -2.4356 -4.3713
v  -4.1377 -2.3752 -4.3524
v  -4.1427 -2.4206 -4.3525
v  -4.1160 -2.4086 -4.3141
v  -4.1230 -2.4537 -4.3127
v  -4.0980 -2.4456 -4.2746
v  -4.1096 -2.4863 -4.2707
v  -4.0888 -2.4829 -4.2293
v  -4.1047 -2.5156 -4.2225
v  -4.2450 -2.5280 -4.2685
v  -4.2461 -2.5404 -4.2141
v  -4.2220 -2.5445 -4.2557
v  -4.2220 -2.5702 -4.1889
v  -4.1587 -2.4665 -4.3329
v  -4.1785 -2.5068 -4.3038
v  -4.1422 -2.4970 -4.2932
v  -4.1671 -2.5320 -4.2617
v  -4.1998 -2.5319 -4.2709
v  -4.1931 -2.5548 -4.2252
v  -4.1318 -2.5249 -4.2505
v  -4.1598 -2.5525 -4.2175
v  -4.1281 -2.5465 -4.2024
v  -4.1548 -2.5683 -4.1719
v  -4.1856 -2.5698 -4.1809
v  -4.2061 -2.5839 -4.1405
v  -4.1772 -2.5829 -4.1387
v  -4.1946 -2.5978 -4.1025
v  -4.2515 -2.5373 -4.1574
v  -4.2502 -2.5180 -4.1097
v  -4.2379 -2.5669 -4.1223
v  -4.2394 -2.5488 -4.0723
v  -4.2349 -2.4887 -4.0847
v  -4.2264 -2.5238 -4.0454
v  -4.2021 -2.4994 -4.0354
v  -4.2051 -2.4618 -4.0778
v  -4.2233 -2.5871 -4.0893
v  -4.2274 -2.5742 -4.0415
v  -4.2106 -2.6054 -4.0568
v  -4.2140 -2.5963 -4.0135
v  -4.1731 -2.4434 -4.0771
v  -4.1732 -2.4820 -4.0341
v  -4.1432 -2.4696 -4.0348
v  -4.1416 -2.4292 -4.0776
v  -4.2170 -2.5528 -4.0141
v  -4.1962 -2.5308 -4.0025
v  -4.2062 -2.5775 -3.9880
v  -4.1888 -2.5570 -3.9768
v  -4.1063 -2.4291 -4.0867
v  -4.1109 -2.4732 -4.0430
v  -4.0857 -2.4870 -4.0585
v  -4.0785 -2.4409 -4.1048
v  -4.1435 -2.5341 -3.9755
v  -4.1438 -2.5038 -4.0012
v  -4.1713 -2.5137 -3.9995
v  -4.1678 -2.5411 -3.9727
v  -4.0664 -2.5145 -4.0981
v  -4.0558 -2.4692 -4.1455
v  -4.0618 -2.4547 -4.1246
v  -4.0706 -2.5016 -4.0769
v  -4.0824 -2.5184 -4.1394
v  -4.0795 -2.4927 -4.1749
v  -4.0683 -2.4790 -4.1632
v  -4.0756 -2.5192 -4.1191
v  -4.1159 -2.5094 -4.0098
v  -4.1200 -2.5398 -3.9841
v  -4.1010 -2.5530 -3.9967
v  -4.0939 -2.5234 -4.0236
v  -4.0901 -2.5161 -4.1765
v  -4.1078 -2.5405 -4.1674
v  -4.0937 -2.5397 -4.1269
v  -4.1106 -2.5599 -4.1160
v  -4.0807 -2.5398 -4.0411
v  -4.0909 -2.5709 -4.0140
v  -4.1011 -2.5856 -4.0409
v  -4.0808 -2.5520 -4.0650
v  -4.0896 -2.5507 -4.0916
v  -4.1061 -2.5722 -4.0781
v  -4.1289 -2.5632 -4.1508
v  -4.1507 -2.5814 -4.1267
v  -4.1274 -2.5766 -4.1061
v  -4.1416 -2.5924 -4.0876
v  -4.1682 -2.5966 -4.0975
v  -4.1819 -2.6143 -4.0647
v  -4.1547 -2.6085 -4.0614
v  -4.1648 -2.6273 -4.0308
v  -4.1201 -2.5836 -4.0771
v  -4.1246 -2.5960 -4.0580
v  -4.1325 -2.6132 -4.0331
v  -4.1410 -2.6323 -4.0052
v  -4.1111 -2.6096 -4.0103
v  -4.1193 -2.6294 -3.9855
v  -4.0996 -2.5965 -3.9903
v  -4.1068 -2.5797 -3.9746
v  -4.1128 -2.6036 -3.9560
v  -4.1081 -2.6184 -3.9690
v  -4.1179 -2.6372 -3.9500
v  -4.1282 -2.6466 -3.9627
v  -4.1206 -2.6245 -3.9396
v  -4.1271 -2.6376 -3.9304
v  -4.1295 -2.6512 -3.9351
v  -4.1361 -2.6560 -3.9483
v  -4.1226 -2.5678 -3.9632
v  -4.1423 -2.5620 -3.9552
v  -4.1256 -2.5931 -3.9460
v  -4.1421 -2.5875 -3.9389
v  -4.1629 -2.5662 -3.9530
v  -4.1604 -2.5896 -3.9382
v  -4.1804 -2.5794 -3.9562
v  -4.1746 -2.5942 -3.9437
v  -4.1490 -2.6493 -3.9762
v  -4.1540 -2.6573 -3.9482
v  -4.1787 -2.6417 -3.9522
v  -4.1749 -2.6438 -3.9947
v  -4.1959 -2.6266 -4.0233
v  -4.1988 -2.6191 -3.9839
v  -4.1935 -2.6001 -3.9634
v  -4.1802 -2.6141 -3.9426
v  -4.1637 -2.6141 -3.9287
v  -4.1631 -2.6374 -3.9258
v  -4.1495 -2.6272 -3.9210
v  -4.1455 -2.6116 -3.9267
v  -4.1482 -2.6538 -3.9263
v  -4.1378 -2.6350 -3.9224
v  -4.1310 -2.6157 -3.9317
v  -4.4366 -1.9782 -4.3345
v  -4.4190 -1.9942 -4.3294
v  -4.4035 -1.9632 -4.3094
v  -4.4281 -1.9498 -4.3111
v  -4.4282 -1.9402 -4.2853
v  -4.4039 -1.9523 -4.2830
v  -4.3795 -1.9625 -4.2834
v  -4.3556 -1.9723 -4.2850
v  -4.3798 -1.9656 -4.3048
v  -4.3583 -1.9741 -4.3078
v  -4.4318 -2.0840 -4.3642
v  -4.4138 -2.1004 -4.3607
v  -4.3979 -2.0632 -4.3481
v  -4.4152 -2.0455 -4.3492
v  -4.4027 -2.0143 -4.3321
v  -4.3862 -2.0350 -4.3376
v  -4.3758 -2.0114 -4.3319
v  -4.3909 -1.9907 -4.3223
v  -4.3798 -1.9797 -4.3168
v  -4.3651 -1.9905 -4.3238
v  -4.3940 -2.1169 -4.3553
v  -4.3728 -2.1320 -4.3468
v  -4.3578 -2.0951 -4.3377
v  -4.3787 -2.0800 -4.3446
v  -4.3314 -1.9811 -4.2875
v  -4.3359 -1.9838 -4.3112
v  -4.3117 -1.9934 -4.3132
v  -4.3062 -1.9889 -4.2888
v  -4.3671 -2.0526 -4.3403
v  -4.3456 -2.0678 -4.3402
v  -4.3349 -2.0432 -4.3411
v  -4.3570 -2.0287 -4.3377
v  -4.3456 -2.0026 -4.3296
v  -4.3224 -2.0143 -4.3339
v  -4.3500 -2.1442 -4.3359
v  -4.3344 -2.1073 -4.3300
v  -4.3241 -2.1535 -4.3237
v  -4.3072 -2.1183 -4.3277
v  -4.2795 -1.9964 -4.2870
v  -4.2849 -2.0018 -4.3129
v  -4.2559 -2.0101 -4.3105
v  -4.2512 -2.0052 -4.2830
v  -4.3212 -2.0808 -4.3411
v  -4.3094 -2.0551 -4.3456
v  -4.2940 -2.0925 -4.3453
v  -4.2808 -2.0647 -4.3514
v  -4.2956 -2.0234 -4.3381
v  -4.2656 -2.0306 -4.3415
v  -4.2935 -2.1606 -4.3151
v  -4.2762 -2.1284 -4.3292
v  -4.2602 -2.1630 -4.3138
v  -4.2435 -2.1327 -4.3300
v  -4.2623 -2.1031 -4.3486
v  -4.2484 -2.0734 -4.3528
v  -4.2304 -2.1072 -4.3461
v  -4.2189 -2.0791 -4.3466
v  -4.1756 -2.1113 -4.3295
v  -4.1937 -2.1495 -4.3225
v  -4.1643 -2.1421 -4.3270
v  -4.1474 -2.1091 -4.3300
v  -4.2265 -2.1579 -4.3170
v  -4.2110 -2.1277 -4.3311
v  -4.2021 -2.1027 -4.3402
v  -4.1962 -2.0794 -4.3378
v  -4.1795 -2.0899 -4.3317
v  -4.1818 -2.0770 -4.3310
v  -4.2215 -2.0164 -4.2781
v  -4.2262 -2.0211 -4.3051
v  -4.1995 -2.0323 -4.2998
v  -4.1931 -2.0272 -4.2755
v  -4.2340 -2.0392 -4.3387
v  -4.2069 -2.0483 -4.3310
v  -4.1295 -2.0748 -4.3294
v  -4.1116 -2.0491 -4.3160
v  -4.1370 -2.0499 -4.3076
v  -4.1519 -2.0740 -4.3236
v  -4.0805 -2.0324 -4.2526
v  -4.0915 -2.0336 -4.2769
v  -4.1156 -2.0289 -4.2441
v  -4.1291 -2.0333 -4.2704
v  -4.1629 -2.0671 -4.3215
v  -4.1726 -2.0595 -4.3203
v  -4.1517 -2.0482 -4.3041
v  -4.1628 -2.0447 -4.3003
v  -4.1279 -2.0394 -4.2907
v  -4.1003 -2.0385 -4.2977
v  -4.1433 -2.0406 -4.2908
v  -4.1509 -2.0380 -4.2839
v  -4.1686 -2.0343 -4.2780
v  -4.1578 -2.0306 -4.2585
v  -4.1788 -2.0399 -4.2984
v  -4.1476 -2.0266 -4.2352
v  -4.1877 -2.0543 -4.3236
v  -4.9318 -1.2126 -5.3940
v  -4.9228 -1.2401 -5.3924
v  -4.9307 -1.1894 -5.3885
v  -4.9052 -1.1985 -5.3877
v  -4.9072 -1.2171 -5.3927
v  -4.9054 -1.2356 -5.3924
v  -4.9058 -1.2686 -5.3850
v  -4.8887 -1.2508 -5.3839
v  -4.8646 -1.2758 -5.3647
v  -4.8820 -1.2986 -5.3708
v  -4.8817 -1.2320 -5.3810
v  -4.8769 -1.2135 -5.3761
v  -4.8501 -1.2347 -5.3497
v  -4.8561 -1.2547 -5.3576
v  -4.8547 -1.3287 -5.3460
v  -4.8277 -1.3576 -5.3182
v  -4.8376 -1.3051 -5.3361
v  -4.8084 -1.3367 -5.3081
v  -4.7999 -1.3867 -5.3007
v  -4.7755 -1.3679 -5.2939
v  -4.7517 -1.3443 -5.2749
v  -4.7176 -1.3803 -5.2585
v  -4.7939 -1.3139 -5.2945
v  -4.7834 -1.2886 -5.2806
v  -4.7378 -1.3168 -5.2522
v  -4.6930 -1.3543 -5.2039
v  -4.6949 -1.4284 -5.2504
v  -4.6743 -1.4124 -5.2128
v  -4.6434 -1.4079 -5.1971
v  -4.6444 -1.3786 -5.1870
v  -4.8282 -1.2826 -5.3252
v  -4.8217 -1.2604 -5.3142
v  -3.8488 -2.1167 -4.3535
v  -3.8974 -2.0977 -4.3424
v  -3.9017 -2.1067 -4.3658
v  -3.8578 -2.1228 -4.3766
v  -3.8410 -2.1115 -4.3287
v  -3.8931 -2.0931 -4.3194
v  -3.8375 -2.1050 -4.3054
v  -3.8887 -2.0890 -4.2974
v  -3.8844 -2.0852 -4.2772
v  -3.8371 -2.0980 -4.2867
v  -2.4903 -2.2049 -5.1983
v  -2.5188 -2.2215 -5.2528
v  -2.4574 -2.2215 -5.2765
v  -2.4253 -2.2092 -5.2286
v  -2.4848 -2.2389 -5.3332
v  -2.5428 -2.2332 -5.3256
v  -2.4282 -2.2369 -5.3426
v  -2.4023 -2.2101 -5.3079
v  -2.3737 -2.1955 -5.2654
v  -2.3403 -2.1866 -5.2208
v  -2.3880 -2.1986 -5.1838
v  -2.3528 -2.1835 -5.1442
v  -2.2895 -2.1782 -5.1772
v  -2.4124 -2.1793 -5.1211
v  -2.4517 -2.1918 -5.1556
v  -2.2823 -2.0275 -4.9481
v  -2.2780 -2.0695 -4.9728
v  -2.2459 -2.0662 -4.9690
v  -2.2487 -2.0183 -4.9412
v  -2.3256 -2.0311 -4.9610
v  -2.3228 -2.0689 -4.9818
v  -2.2801 -2.1070 -4.9969
v  -2.3237 -2.1004 -5.0025
v  -2.2513 -2.1107 -4.9934
v  -2.3639 -2.0208 -4.9788
v  -2.3666 -2.0562 -4.9970
v  -2.4400 -2.0159 -4.9898
v  -2.4486 -2.0507 -5.0089
v  -2.3644 -2.0849 -5.0134
v  -2.4504 -2.0891 -5.0314
v  -2.2519 -1.9678 -4.9127
v  -2.2879 -1.9763 -4.9255
v  -2.2887 -1.9189 -4.9140
v  -2.2506 -1.9127 -4.9002
v  -2.3276 -1.9255 -4.9289
v  -2.3277 -1.9815 -4.9424
v  -2.3562 -1.9264 -4.9447
v  -2.3599 -1.9768 -4.9587
v  -2.4213 -1.9325 -4.9580
v  -2.4290 -1.9766 -4.9701
v  -2.2728 -2.1732 -5.1216
v  -2.3252 -2.1707 -5.1064
v  -2.3050 -2.1586 -5.0682
v  -2.2686 -2.1652 -5.0721
v  -2.3544 -2.1485 -5.0577
v  -2.3808 -2.1648 -5.0889
v  -2.4419 -2.1487 -5.0750
v  -2.4734 -2.1661 -5.1110
v  -2.4136 -2.1279 -5.0462
v  -2.4813 -2.1283 -5.0721
v  -2.4920 -2.1491 -5.1026
v  -2.3307 -2.1289 -5.0276
v  -2.2907 -2.1390 -5.0286
v  -2.2629 -2.1446 -5.0268
v  -2.3792 -2.1145 -5.0283
v  -3.4927 -1.6255 -5.4741
v  -3.3955 -1.6233 -5.5775
v  -3.4053 -1.7197 -5.5711
v  -3.4993 -1.7229 -5.4713
v  -3.3146 -1.7194 -5.6664
v  -3.3033 -1.6233 -5.6768
v  -3.2953 -1.7936 -5.5995
v  -3.3847 -1.7990 -5.5126
v  -3.4783 -1.8067 -5.4229
v  -3.3565 -1.8411 -5.4422
v  -3.4467 -1.8485 -5.3556
v  -3.2700 -1.8355 -5.5249
v  -3.2269 -1.8478 -5.4427
v  -3.3178 -1.8622 -5.3697
v  -3.4107 -1.8764 -5.2905
v  -3.3956 -1.9475 -5.2735
v  -3.3117 -1.9408 -5.3617
v  -3.3261 -2.0177 -5.3703
v  -3.4120 -2.0205 -5.2842
v  -3.2309 -1.9358 -5.4446
v  -3.2430 -2.0169 -5.4520
v  -3.3649 -2.2156 -4.9883
v  -3.2830 -2.2177 -5.0590
v  -3.2822 -2.2045 -4.9881
v  -3.3633 -2.2040 -4.9234
v  -3.2034 -2.2059 -5.0490
v  -3.2026 -2.2209 -5.1239
v  -3.2056 -2.1871 -4.9699
v  -3.2818 -2.1875 -4.9148
v  -3.3605 -2.1895 -4.8580
v  -3.2725 -2.1662 -4.8570
v  -3.3470 -2.1702 -4.8053
v  -3.2002 -2.1650 -4.9078
v  -3.1961 -2.1328 -4.8662
v  -3.2652 -2.1348 -4.8186
v  -3.3357 -2.1407 -4.7692
v  -3.2596 -2.1119 -4.7888
v  -3.3279 -2.1199 -4.7404
v  -3.1933 -2.1066 -4.8355
v  -3.1921 -2.0864 -4.8019
v  -3.2559 -2.0959 -4.7557
v  -3.3224 -2.1060 -4.7080
v  -3.2582 -2.0775 -4.7127
v  -3.3223 -2.0892 -4.6668
v  -3.1969 -2.0658 -4.7571
v  -3.2013 -2.0442 -4.7172
v  -3.2606 -2.0567 -4.6737
v  -3.3232 -2.0682 -4.6296
v  -3.2562 -2.0357 -4.6518
v  -3.3181 -2.0470 -4.6066
v  -3.1978 -2.0231 -4.6968
v  -3.2502 -2.0122 -4.6423
v  -3.1926 -2.0006 -4.6894
v  -3.3119 -2.0225 -4.5958
v  -3.7905 -1.7501 -5.0875
v  -3.8191 -1.7440 -5.0638
v  -3.8023 -1.6884 -5.0517
v  -3.7741 -1.6825 -5.0799
v  -3.8025 -1.8165 -5.0766
v  -3.8348 -1.8051 -5.0611
v  -3.5781 -1.7271 -5.3591
v  -3.6450 -1.7338 -5.2643
v  -3.5743 -1.8174 -5.3365
v  -3.6454 -1.8164 -5.2497
v  -3.6309 -1.6533 -5.2533
v  -3.5673 -1.6396 -5.3537
v  -3.7467 -1.6767 -5.1078
v  -3.7608 -1.7476 -5.1166
v  -3.7273 -1.7420 -5.1580
v  -3.7119 -1.6692 -5.1479
v  -3.7322 -1.8158 -5.1434
v  -3.7671 -1.8173 -5.1028
v  -3.6950 -1.8160 -5.1889
v  -3.6922 -1.7382 -5.2029
v  -3.6771 -1.6618 -5.1918
v  -3.8055 -1.8762 -5.0488
v  -3.8448 -1.8710 -5.0336
v  -3.8068 -1.9282 -4.9994
v  -3.8511 -1.9270 -4.9810
v  -3.5039 -1.8900 -5.2112
v  -3.5373 -1.8572 -5.2699
v  -3.6154 -1.8626 -5.1937
v  -3.5845 -1.8997 -5.1383
v  -3.7681 -1.8818 -5.0781
v  -3.7208 -1.8757 -5.1057
v  -3.7008 -1.9160 -5.0511
v  -3.7588 -1.9255 -5.0255
v  -3.6450 -1.9073 -5.0851
v  -3.6723 -1.8681 -5.1408
v  -3.8624 -1.9844 -4.9271
v  -3.8179 -1.9869 -4.9512
v  -3.8289 -2.0442 -4.8964
v  -3.8752 -2.0408 -4.8732
v  -3.4893 -1.9563 -5.1955
v  -3.5044 -2.0257 -5.2054
v  -3.5769 -1.9649 -5.1261
v  -3.5937 -2.0318 -5.1340
v  -3.7686 -1.9845 -4.9864
v  -3.7127 -1.9784 -5.0276
v  -3.7229 -2.0386 -4.9995
v  -3.7777 -2.0424 -4.9419
v  -3.6679 -2.0370 -5.0679
v  -3.6492 -1.9716 -5.0707
v  -3.8417 -2.1468 -4.7538
v  -3.8761 -2.1759 -4.6846
v  -3.9228 -2.1546 -4.7227
v  -3.9013 -2.1317 -4.7734
v  -3.8362 -2.0971 -4.8298
v  -3.8885 -2.0960 -4.8201
v  -3.4277 -2.1349 -5.2068
v  -3.5153 -2.1340 -5.1265
v  -3.5153 -2.0860 -5.1762
v  -3.4258 -2.0842 -5.2577
v  -3.5982 -2.0890 -5.0997
v  -3.5942 -2.1349 -5.0509
v  -3.6556 -2.1362 -4.9827
v  -3.6647 -2.0912 -5.0294
v  -3.7215 -2.0918 -4.9579
v  -3.7125 -2.1382 -4.9131
v  -3.7737 -2.1417 -4.8344
v  -3.7791 -2.0946 -4.8888
v  -3.3956 -2.2065 -5.0933
v  -3.4769 -2.2036 -5.0245
v  -3.5002 -2.1762 -5.0768
v  -3.4159 -2.1788 -5.1509
v  -3.5772 -2.1752 -5.0052
v  -3.5532 -2.2017 -4.9566
v  -3.7602 -2.1730 -4.7964
v  -3.8118 -2.1782 -4.7261
v  -3.6997 -2.1751 -4.8696
v  -3.6846 -2.1990 -4.8251
v  -3.7459 -2.1929 -4.7598
v  -3.7875 -2.1905 -4.7165
v  -3.6217 -2.2022 -4.8906
v  -3.6407 -2.1741 -4.9372
v  -3.4455 -2.2131 -4.9168
v  -3.4576 -2.2138 -4.9716
v  -3.3771 -2.2167 -5.0420
v  -3.5338 -2.2146 -4.9040
v  -3.5205 -2.2187 -4.8498
v  -3.5874 -2.2237 -4.7948
v  -3.6028 -2.2175 -4.8424
v  -3.6687 -2.2119 -4.7817
v  -3.6535 -2.2187 -4.7429
v  -3.7257 -2.2103 -4.6839
v  -3.7374 -2.2040 -4.7171
v  -3.7980 -2.1980 -4.6705
v  -3.7948 -2.2046 -4.6150
v  -3.8398 -2.1916 -4.6637
v  -3.8478 -2.2026 -4.6023
v  -3.4365 -2.1970 -4.7997
v  -3.4426 -2.2054 -4.8577
v  -3.5145 -2.2174 -4.7962
v  -3.5060 -2.2109 -4.7450
v  -3.6373 -2.2180 -4.6695
v  -3.7173 -2.2118 -4.6330
v  -3.6999 -2.2143 -4.6748
v  -3.6393 -2.2208 -4.7117
v  -3.5697 -2.2186 -4.7038
v  -3.5786 -2.2236 -4.7496
v  -3.7801 -2.1954 -4.5588
v  -3.8353 -2.1933 -4.5473
v  -3.7687 -2.1738 -4.5119
v  -3.8245 -2.1751 -4.4983
v  -3.4054 -2.1468 -4.7205
v  -3.4200 -2.1766 -4.7532
v  -3.4887 -2.1889 -4.7018
v  -3.4734 -2.1586 -4.6695
v  -3.7145 -2.2024 -4.5766
v  -3.6289 -2.2056 -4.6174
v  -3.6217 -2.1775 -4.5714
v  -3.7033 -2.1745 -4.5331
v  -3.5438 -2.1720 -4.6190
v  -3.5558 -2.2000 -4.6576
v  -3.8255 -2.1313 -4.3863
v  -3.8062 -2.1288 -4.3724
v  -3.8156 -2.1396 -4.4139
v  -3.7618 -2.1393 -4.4124
v  -3.7613 -2.1532 -4.4668
v  -3.8170 -2.1534 -4.4550
v  -3.3888 -2.1149 -4.6619
v  -3.3955 -2.1275 -4.6928
v  -3.4625 -2.1401 -4.6417
v  -3.4548 -2.1282 -4.6112
v  -3.6939 -2.1550 -4.4923
v  -3.6125 -2.1586 -4.5351
v  -3.6031 -2.1456 -4.5005
v  -3.6852 -2.1422 -4.4492
v  -3.5254 -2.1413 -4.5556
v  -3.5337 -2.1539 -4.5875
v  -3.7941 -2.1222 -4.3448
v  -3.7432 -2.1272 -4.3706
v  -3.7434 -2.1095 -4.3313
v  -3.7928 -2.1124 -4.3172
v  -3.7875 -2.0987 -4.2953
v  -3.8040 -2.1046 -4.2975
v  -3.3860 -2.0780 -4.5871
v  -3.3866 -2.0989 -4.6227
v  -3.4509 -2.1129 -4.5733
v  -3.4487 -2.0919 -4.5384
v  -3.6756 -2.1318 -4.4069
v  -3.5969 -2.1329 -4.4613
v  -3.5923 -2.1141 -4.4264
v  -3.6699 -2.1131 -4.3739
v  -3.5173 -2.1065 -4.4824
v  -3.5204 -2.1274 -4.5171
v  -3.7766 -2.0857 -4.2861
v  -3.7264 -2.0897 -4.3156
v  -3.7700 -2.0701 -4.2777
v  -3.7183 -2.0694 -4.3048
v  -3.5779 -2.0635 -4.3868
v  -3.6592 -2.0669 -4.3374
v  -3.6645 -2.0912 -4.3508
v  -3.5856 -2.0910 -4.4015
v  -3.3745 -2.0319 -4.5513
v  -3.3807 -2.0568 -4.5634
v  -3.4355 -2.0435 -4.4992
v  -3.4427 -2.0698 -4.5135
v  -3.5025 -2.0552 -4.4418
v  -3.5105 -2.0831 -4.4570
v  -2.5688 -1.9436 -4.9658
v  -2.5785 -1.9800 -4.9727
v  -2.5014 -1.9769 -4.9807
v  -2.4919 -1.9379 -4.9720
v  -2.5161 -2.0145 -4.9959
v  -2.5939 -2.0163 -4.9876
v  -2.6073 -2.0555 -5.0100
v  -2.5289 -2.0527 -5.0135
v  -2.5412 -2.0937 -5.0373
v  -2.6185 -2.0988 -5.0398
v  -2.5442 -2.1584 -5.1229
v  -2.5196 -2.1765 -5.1438
v  -2.5636 -2.1914 -5.1833
v  -2.6190 -2.1720 -5.1559
v  -2.6265 -2.1382 -5.0876
v  -2.5536 -2.1338 -5.0785
v  -2.6571 -2.1987 -5.2366
v  -2.5874 -2.2100 -5.2444
v  -2.6643 -2.2130 -5.3158
v  -2.6030 -2.2229 -5.3232
v  -2.7755 -2.0487 -5.7614
v  -2.7485 -2.0629 -5.7785
v  -2.7731 -2.1330 -5.7008
v  -2.7909 -2.1139 -5.6901
v  -2.7077 -2.1395 -5.7120
v  -2.6993 -2.0695 -5.7940
v  -2.7348 -2.1891 -5.6277
v  -2.7957 -2.1830 -5.6213
v  -2.8090 -2.1645 -5.6165
v  -2.6589 -1.9832 -4.9504
v  -2.6734 -2.0158 -4.9684
v  -2.6492 -1.9500 -4.9433
v  -2.7400 -1.9558 -4.9168
v  -2.7489 -1.9846 -4.9230
v  -2.7605 -2.0132 -4.9421
v  -2.6836 -2.0509 -4.9995
v  -2.7653 -2.0427 -4.9807
v  -2.7656 -2.0788 -5.0249
v  -2.6901 -2.0927 -5.0351
v  -2.6945 -2.1342 -5.0813
v  -2.7658 -2.1204 -5.0675
v  -2.7664 -2.1515 -5.1233
v  -2.6966 -2.1633 -5.1438
v  -2.7227 -2.1872 -5.2189
v  -2.7653 -2.1722 -5.1927
v  -2.7645 -2.1882 -5.2682
v  -2.7251 -2.2023 -5.2968
v  -2.7336 -2.2261 -5.3663
v  -2.6799 -2.2406 -5.3857
v  -2.7655 -2.2085 -5.3417
v  -2.7963 -2.2306 -5.4047
v  -2.7465 -2.2445 -5.4249
v  -2.6995 -2.2590 -5.4454
v  -2.7619 -2.2435 -5.4704
v  -2.7192 -2.2552 -5.4901
v  -2.8078 -2.2323 -5.4508
v  -2.7960 -2.2185 -5.4943
v  -2.7779 -2.2327 -5.5113
v  -2.7386 -2.2425 -5.5274
v  -2.7547 -1.9849 -5.8519
v  -2.6977 -1.9938 -5.8793
v  -2.7835 -1.9677 -5.8191
v  -2.7698 -1.8633 -5.8330
v  -2.7405 -1.8816 -5.8729
v  -2.6840 -1.8917 -5.9063
v  -2.7479 -1.8476 -5.9469
v  -2.6882 -1.8538 -5.9752
v  -2.7853 -1.8339 -5.9129
v  -2.8081 -1.8353 -6.0112
v  -2.7670 -1.8502 -6.0413
v  -2.7045 -1.8510 -6.0639
v  -2.7675 -1.7779 -6.1395
v  -2.7070 -1.7834 -6.1631
v  -2.8317 -1.7691 -6.1101
v  -2.8371 -1.6569 -6.1515
v  -2.7798 -1.6645 -6.1900
v  -2.7214 -1.6722 -6.2179
v  -2.7931 -2.2140 -5.5595
v  -2.7566 -2.2233 -5.5691
v  -2.8082 -2.1997 -5.5506
v  -2.9140 -2.1404 -5.5909
v  -2.8546 -2.1504 -5.6108
v  -2.8557 -2.1926 -5.5401
v  -2.9164 -2.1904 -5.5173
v  -2.8466 -2.2133 -5.4738
v  -2.9091 -2.2135 -5.4426
v  -2.8843 -1.8195 -5.9720
v  -2.8993 -1.7513 -6.0636
v  -2.9730 -1.7341 -5.9998
v  -2.9669 -1.8053 -5.9182
v  -2.9662 -1.6421 -6.0308
v  -2.8976 -1.6492 -6.0995
v  -2.8325 -1.8496 -5.7858
v  -2.8592 -1.8262 -5.8721
v  -2.9408 -1.8229 -5.8194
v  -2.9055 -1.8422 -5.7303
v  -2.8430 -1.9537 -5.7778
v  -2.8350 -2.0368 -5.7392
v  -2.9047 -2.0257 -5.7030
v  -2.9118 -1.9418 -5.7254
v  -2.8416 -2.0988 -5.6775
v  -2.9056 -2.0875 -5.6522
v  -2.8540 -2.2237 -5.3773
v  -2.8610 -2.2254 -5.4260
v  -2.9248 -2.2262 -5.3905
v  -2.8942 -2.2208 -5.3383
v  -2.8389 -2.1902 -5.2307
v  -2.8316 -2.2072 -5.3081
v  -2.9033 -2.2122 -5.2643
v  -2.9167 -2.1951 -5.1845
v  -2.8470 -2.1495 -5.0926
v  -2.8440 -2.1719 -5.1577
v  -2.9241 -2.1759 -5.1132
v  -2.9272 -2.1546 -5.0503
v  -2.8522 -2.0791 -4.9951
v  -2.8488 -2.1176 -5.0403
v  -2.9302 -2.1227 -5.0004
v  -2.9361 -2.0856 -4.9550
v  -2.8577 -2.0186 -4.8987
v  -2.8576 -2.0455 -4.9441
v  -2.9457 -2.0538 -4.9004
v  -2.9501 -2.0272 -4.8514
v  -2.8490 -1.9900 -4.8788
v  -2.8410 -1.9619 -4.8734
v  -2.9351 -1.9695 -4.8231
v  -2.9433 -1.9984 -4.8297
v  -3.2504 -2.1403 -5.3634
v  -3.3371 -2.1357 -5.2869
v  -3.3355 -2.0835 -5.3404
v  -3.2502 -2.0864 -5.4208
v  -3.3126 -2.2098 -5.1622
v  -3.2950 -2.2193 -5.1118
v  -3.2140 -2.2218 -5.1765
v  -3.2304 -2.2130 -5.2266
v  -3.3291 -2.1812 -5.2250
v  -3.2442 -2.1859 -5.2948
v  -3.1626 -2.0180 -5.5210
v  -3.1677 -2.0887 -5.4869
v  -3.0817 -2.0879 -5.5441
v  -3.0790 -2.0192 -5.5823
v  -3.0857 -2.1440 -5.4856
v  -3.1690 -2.1443 -5.4280
v  -3.2184 -1.6263 -5.7650
v  -3.2315 -1.7217 -5.7519
v  -3.1465 -1.7238 -5.8320
v  -3.1338 -1.6314 -5.8495
v  -3.1425 -1.8064 -5.7663
v  -3.2228 -1.8058 -5.6882
v  -3.0492 -1.6358 -5.9446
v  -3.0586 -1.7270 -5.9197
v  -3.0545 -1.8026 -5.8458
v  -3.1891 -1.8284 -5.5977
v  -3.1098 -1.8252 -5.6702
v  -3.0635 -1.8320 -5.5758
v  -3.1402 -1.8333 -5.5039
v  -3.0252 -1.8211 -5.7475
v  -2.9827 -1.8338 -5.6547
v  -3.0764 -1.9343 -5.5855
v  -3.1549 -1.9340 -5.5177
v  -2.9929 -1.9363 -5.6586
v  -2.9894 -2.0207 -5.6467
v  -2.9898 -2.0856 -5.6033
v  -2.9957 -2.1404 -5.5445
v  -3.1268 -2.2239 -5.1784
v  -3.1300 -2.2084 -5.1025
v  -3.0570 -2.2118 -5.1541
v  -3.0509 -2.2257 -5.2297
v  -3.0667 -2.1903 -5.0743
v  -3.1357 -2.1881 -5.0219
v  -3.1521 -2.2181 -5.2826
v  -3.1368 -2.2257 -5.2311
v  -3.0589 -2.2272 -5.2829
v  -3.0725 -2.2201 -5.3359
v  -2.9707 -2.2247 -5.2859
v  -2.9796 -2.2142 -5.2102
v  -2.9932 -2.1936 -5.1304
v  -2.9765 -2.2249 -5.3393
v  -2.9878 -2.2173 -5.3929
v  -3.1332 -2.1696 -4.9553
v  -3.0677 -2.1727 -5.0057
v  -3.0664 -2.1477 -4.9519
v  -3.1303 -2.1408 -4.9075
v  -2.9984 -2.1753 -5.0605
v  -2.9996 -2.1527 -5.0017
v  -3.1297 -2.1112 -4.8743
v  -3.0671 -2.1175 -4.9128
v  -3.0710 -2.0872 -4.8749
v  -3.1314 -2.0854 -4.8396
v  -3.0019 -2.1214 -4.9566
v  -3.0072 -2.0885 -4.9136
v  -3.1392 -2.0596 -4.7944
v  -3.0801 -2.0592 -4.8266
v  -3.0879 -2.0301 -4.7868
v  -3.1461 -2.0338 -4.7557
v  -3.0174 -2.0588 -4.8608
v  -3.0244 -2.0302 -4.8157
v  -3.0851 -2.0049 -4.7693
v  -3.1438 -2.0113 -4.7376
v  -3.1385 -1.9898 -4.7314
v  -3.0791 -1.9819 -4.7635
v  -3.0200 -2.0022 -4.7964
v  -3.0125 -1.9759 -4.7896
v  -2.9962 -2.1923 -5.4699
v  -3.0834 -2.1946 -5.4115
v  -3.1647 -2.1925 -5.3555
v  -2.6595 -1.6793 -6.2387
v  -2.6474 -1.7882 -6.1861
v  -2.6076 -1.6841 -6.2536
v  -2.5968 -1.7896 -6.2028
v  -2.5932 -1.8412 -6.0997
v  -2.6446 -1.8474 -6.0838
v  -2.6110 -2.0747 -5.8193
v  -2.6522 -2.0731 -5.8088
v  -2.6384 -1.9962 -5.9001
v  -2.5841 -1.9882 -5.9053
v  -2.6152 -1.8877 -5.9274
v  -2.5477 -1.8762 -5.9397
v  -2.5403 -1.9883 -5.9085
v  -2.5691 -2.0807 -5.8202
v  -2.6237 -1.8502 -5.9977
v  -2.5652 -1.8435 -6.0159
v  -2.5665 -1.7951 -6.2228
v  -2.5901 -1.7959 -6.2142
v  -2.6028 -1.6917 -6.2626
v  -2.5832 -1.6916 -6.2701
v  -2.5285 -1.8317 -6.1206
v  -2.5576 -1.8372 -6.1111
v  -2.5178 -1.8343 -6.0293
v  -2.4780 -1.8253 -6.0368
v  -2.5061 -1.8914 -5.9664
v  -2.7014 -2.2120 -5.6526
v  -2.7021 -2.1986 -5.6388
v  -2.6715 -2.1480 -5.7260
v  -2.6680 -2.1573 -5.7390
v  -2.6435 -2.1618 -5.7485
v  -2.6813 -2.2178 -5.6661
v  -2.7020 -2.2528 -5.5454
v  -2.7231 -2.2322 -5.5819
v  -2.6952 -2.2408 -5.5965
v  -2.6714 -2.2629 -5.5636
v  -2.6753 -2.2480 -5.6116
v  -2.6502 -2.2707 -5.5807
v  -2.5674 -2.2680 -5.4076
v  -2.5082 -2.2674 -5.4007
v  -2.5212 -2.2980 -5.4545
v  -2.5919 -2.2998 -5.4968
v  -2.4504 -2.2737 -5.4304
v  -2.4405 -2.2522 -5.3961
v  -2.6391 -2.2830 -5.5381
v  -2.6765 -2.2689 -5.5145
v  -2.6498 -2.2767 -5.4707
v  -2.6247 -2.2564 -5.4013
v  -2.6130 -2.2922 -5.5566
v  -2.5666 -2.3077 -5.5260
v  -2.4489 -2.2925 -5.4386
v  -2.5143 -2.3042 -5.4793
v  -4.6147 -1.3841 -4.5335
v  -4.5949 -1.3771 -4.5225
v  -4.5900 -1.3668 -4.5375
v  -4.6113 -1.3712 -4.5479
v  -4.5683 -1.3672 -4.5273
v  -4.5746 -1.3763 -4.5134
v  -4.5606 -1.3582 -4.5413
v  -4.5825 -1.3567 -4.5543
v  -4.6049 -1.3582 -4.5632
v  -4.5400 -1.3828 -4.5014
v  -4.5295 -1.3818 -4.5080
v  -4.5473 -1.3719 -4.5175
v  -4.5548 -1.3792 -4.5061
v  -4.5168 -1.3810 -4.5189
v  -4.5382 -1.3655 -4.5279
v  -4.6010 -1.3842 -4.5052
v  -4.5811 -1.3833 -4.4980
v  -4.6193 -1.3906 -4.5145
v  -4.6259 -1.3868 -4.4964
v  -4.6073 -1.3829 -4.4882
v  -4.5859 -1.3841 -4.4821
v  -4.5607 -1.3894 -4.4784
v  -4.5591 -1.3857 -4.4925
v  -4.5369 -1.3893 -4.4909
v  -4.5339 -1.3964 -4.4782
v  -4.5080 -1.4034 -4.4826
v  -4.5167 -1.3933 -4.4954
v  -4.4995 -1.3996 -4.5065
v  -4.4861 -1.4132 -4.4902
v  -4.6059 -1.3341 -4.5631
v  -4.6295 -1.3415 -4.5720
v  -4.6251 -1.3639 -4.5718
v  -4.6344 -1.3142 -4.5694
v  -4.6069 -1.3041 -4.5597
v  -4.6632 -1.3297 -4.5845
v  -4.6491 -1.3556 -4.5785
v  -4.6404 -1.3691 -4.5751
v  -4.5545 -1.3358 -4.5421
v  -4.5802 -1.3318 -4.5541
v  -4.5770 -1.3013 -4.5518
v  -4.5467 -1.3065 -4.5412
v  -4.5279 -1.3479 -4.5316
v  -4.5026 -1.3674 -4.5229
v  -4.4858 -1.3448 -4.5240
v  -4.5155 -1.3215 -4.5314
v  -4.4813 -1.3926 -4.5130
v  -4.4609 -1.3725 -4.5130
v  -4.4664 -1.4162 -4.4996
v  -4.4378 -1.4059 -4.5015
v  -4.5861 -1.3627 -4.4553
v  -4.5558 -1.3726 -4.4513
v  -4.5601 -1.3857 -4.4625
v  -4.5874 -1.3763 -4.4670
v  -4.5310 -1.3965 -4.4631
v  -4.5246 -1.3856 -4.4514
v  -4.5021 -1.4063 -4.4684
v  -4.4950 -1.3996 -4.4540
v  -4.4713 -1.4149 -4.4581
v  -4.4773 -1.4164 -4.4746
v  -4.4543 -1.4257 -4.4622
v  -4.4586 -1.4245 -4.4816
v  -4.4383 -1.4350 -4.4653
v  -4.4398 -1.4309 -4.4875
v  -4.4184 -1.4475 -4.4667
v  -4.4167 -1.4412 -4.4887
v  -4.3964 -1.4639 -4.4660
v  -4.3902 -1.4557 -4.4846
v  -4.4020 -1.4192 -4.4972
v  -4.3721 -1.4358 -4.4901
v  -4.3763 -1.4879 -4.4661
v  -4.3669 -1.4810 -4.4835
v  -4.3614 -1.5189 -4.4665
v  -4.3483 -1.5147 -4.4861
v  -4.3212 -1.4959 -4.4869
v  -4.3453 -1.4625 -4.4869
v  -4.3298 -1.5797 -4.4421
v  -4.3114 -1.5853 -4.4672
v  -4.3318 -1.5521 -4.4827
v  -4.3484 -1.5518 -4.4593
v  -4.2996 -1.5326 -4.4820
v  -4.2783 -1.5643 -4.4658
v  -4.7240 -1.3008 -4.6020
v  -4.6945 -1.3143 -4.5932
v  -4.6917 -1.2854 -4.5849
v  -4.7198 -1.2806 -4.5973
v  -4.6628 -1.2870 -4.5776
v  -4.6913 -1.2589 -4.5854
v  -4.6637 -1.2537 -4.5763
v  -4.7173 -1.2631 -4.6000
v  -4.6050 -1.2673 -4.5586
v  -4.6347 -1.2779 -4.5679
v  -4.6350 -1.2428 -4.5693
v  -4.6024 -1.2333 -4.5657
v  -4.5707 -1.2650 -4.5544
v  -4.5642 -1.2324 -4.5651
v  -4.5344 -1.2729 -4.5509
v  -4.5226 -1.2421 -4.5641
v  -4.4975 -1.2918 -4.5447
v  -4.4627 -1.3162 -4.5345
v  -4.4406 -1.2904 -4.5505
v  -4.4806 -1.2647 -4.5598
v  -4.4331 -1.3405 -4.5196
v  -4.4046 -1.3637 -4.5065
v  -4.3742 -1.3320 -4.5237
v  -4.4064 -1.3125 -4.5374
v  -4.3391 -1.4008 -4.4882
v  -4.3723 -1.3821 -4.4982
v  -4.3396 -1.3490 -4.5112
v  -4.3038 -1.3674 -4.4976
v  -4.2794 -1.4596 -4.4739
v  -4.3079 -1.4274 -4.4798
v  -4.2686 -1.3926 -4.4839
v  -4.2356 -1.4232 -4.4719
v  -4.2546 -1.4943 -4.4628
v  -4.2324 -1.5241 -4.4432
v  -4.2065 -1.4564 -4.4578
v  -4.1787 -1.4876 -4.4397
v  -4.6923 -1.2427 -4.5966
v  -4.7183 -1.2511 -4.6069
v  -4.6655 -1.2340 -4.5897
v  -4.6691 -1.2322 -4.6116
v  -4.6950 -1.2393 -4.6138
v  -4.7197 -1.2476 -4.6192
v  -4.6369 -1.2233 -4.5867
v  -4.6033 -1.2132 -4.5855
v  -4.6066 -1.2152 -4.6154
v  -4.6416 -1.2254 -4.6125
v  -4.5170 -1.2206 -4.6152
v  -4.5620 -1.2084 -4.6086
v  -4.5611 -1.2107 -4.5850
v  -4.5144 -1.2212 -4.5838
v  -4.5477 -1.2155 -4.6350
v  -4.5643 -1.2100 -4.6233
v  -4.5691 -1.2164 -4.6457
v  -4.5860 -1.2169 -4.6344
v  -4.4679 -1.2465 -4.5791
v  -4.4251 -1.2758 -4.5703
v  -4.4198 -1.2764 -4.5938
v  -4.4647 -1.2482 -4.6048
v  -4.3554 -1.3193 -4.5457
v  -4.3894 -1.3005 -4.5592
v  -4.3478 -1.3214 -4.5683
v  -4.3829 -1.3020 -4.5815
v  -4.2820 -1.3501 -4.5151
v  -4.3196 -1.3344 -4.5314
v  -4.2731 -1.3516 -4.5394
v  -4.3113 -1.3365 -4.5543
v  -4.1994 -1.4023 -4.5073
v  -4.2345 -1.3732 -4.5234
v  -4.2440 -1.3721 -4.4975
v  -4.2089 -1.4021 -4.4821
v  -4.5196 -1.3944 -4.4210
v  -4.4936 -1.4139 -4.4222
v  -4.4938 -1.4060 -4.4373
v  -4.5214 -1.3861 -4.4356
v  -4.4726 -1.4256 -4.4407
v  -4.4739 -1.4336 -4.4227
v  -4.4964 -1.3936 -4.3962
v  -4.4778 -1.4012 -4.3928
v  -4.4859 -1.4108 -4.4072
v  -4.5086 -1.3960 -4.4064
v  -4.4657 -1.4250 -4.4056
v  -4.4572 -1.4112 -4.3880
v  -4.4607 -1.4502 -4.4220
v  -4.4574 -1.4396 -4.4431
v  -4.4426 -1.4502 -4.4443
v  -4.4467 -1.4625 -4.4212
v  -4.4393 -1.4190 -4.3838
v  -4.4500 -1.4368 -4.4030
v  -4.4351 -1.4467 -4.3999
v  -4.4217 -1.4254 -4.3799
v  -4.4532 -1.3908 -4.3439
v  -4.4304 -1.3974 -4.3336
v  -4.4341 -1.4076 -4.3602
v  -4.4541 -1.4006 -4.3673
v  -4.4156 -1.4139 -4.3536
v  -4.4114 -1.4051 -4.3237
v  -4.4280 -1.4709 -4.4213
v  -4.4238 -1.4607 -4.4451
v  -4.4036 -1.4743 -4.4450
v  -4.4085 -1.4799 -4.4208
v  -4.3838 -1.4406 -4.3671
v  -4.4034 -1.4332 -4.3741
v  -4.3963 -1.4205 -4.3456
v  -4.3760 -1.4268 -4.3357
v  -4.3919 -1.4121 -4.3131
v  -4.3716 -1.4185 -4.3011
v  -4.4179 -1.4562 -4.3965
v  -4.3992 -1.4646 -4.3931
v  -4.3912 -1.4942 -4.4178
v  -4.3860 -1.4946 -4.4444
v  -4.3765 -1.5116 -4.4098
v  -4.3731 -1.5203 -4.4409
v  -4.3605 -1.5454 -4.4293
v  -4.3423 -1.5668 -4.4102
v  -4.3587 -1.5252 -4.3967
v  -4.3381 -1.5388 -4.3780
v  -4.3639 -1.4484 -4.3577
v  -4.3794 -1.4735 -4.3890
v  -4.3609 -1.4840 -4.3804
v  -4.3446 -1.4560 -4.3464
v  -4.3508 -1.4254 -4.2870
v  -4.3552 -1.4330 -4.3235
v  -4.3353 -1.4394 -4.3100
v  -4.3302 -1.4313 -4.2724
v  -4.3249 -1.4614 -4.3352
v  -4.3419 -1.4925 -4.3683
v  -4.3209 -1.5023 -4.3521
v  -4.3043 -1.4688 -4.3216
v  -4.3109 -1.4357 -4.2585
v  -4.3163 -1.4446 -4.2970
v  -4.2963 -1.4511 -4.2835
v  -4.2908 -1.4414 -4.2444
v  -4.2808 -1.4799 -4.3049
v  -4.2971 -1.5163 -4.3306
v  -4.2664 -1.5313 -4.3082
v  -4.2503 -1.4924 -4.2865
v  -4.2812 -1.5725 -4.3277
v  -4.3134 -1.5563 -4.3529
v  -4.2673 -1.4504 -4.2295
v  -4.2727 -1.4599 -4.2688
v  -4.2413 -1.4700 -4.2528
v  -4.2354 -1.4599 -4.2135
v  -4.1919 -1.4711 -4.1945
v  -4.1988 -1.4818 -4.2343
v  -4.1550 -1.4988 -4.2115
v  -4.1480 -1.4900 -4.1703
v  -4.1647 -1.5181 -4.2478
v  -4.2085 -1.5045 -4.2683
v  -4.0885 -1.5478 -4.2022
v  -4.1268 -1.5323 -4.2266
v  -4.1150 -1.5145 -4.1878
v  -4.0748 -1.5315 -4.1599
v  -4.1058 -1.5052 -4.1450
v  -4.0641 -1.5229 -4.1145
v  -4.0151 -1.5393 -4.0781
v  -4.0287 -1.5505 -4.1254
v  -3.9834 -1.5748 -4.0867
v  -3.9701 -1.5640 -4.0376
v  -3.9985 -1.5895 -4.1361
v  -4.0443 -1.5667 -4.1706
v  -4.5441 -1.2309 -4.6544
v  -4.5735 -1.2281 -4.6660
v  -4.5117 -1.2425 -4.6365
v  -4.5148 -1.2633 -4.6551
v  -4.5469 -1.2533 -4.6764
v  -4.5785 -1.2519 -4.6916
v  -4.4698 -1.2637 -4.6226
v  -4.4237 -1.2862 -4.6122
v  -4.4325 -1.3003 -4.6271
v  -4.4766 -1.2820 -4.6371
v  -4.3847 -1.3083 -4.5993
v  -4.3485 -1.3282 -4.5858
v  -4.3541 -1.3376 -4.6015
v  -4.3920 -1.3188 -4.6150
v  -4.3119 -1.3454 -4.5721
v  -4.2747 -1.3636 -4.5584
v  -4.2811 -1.3775 -4.5739
v  -4.3175 -1.3565 -4.5873
v  -4.3271 -1.3697 -4.6002
v  -4.3643 -1.3507 -4.6149
v  -4.2900 -1.3907 -4.5869
v  -4.2908 -1.3937 -4.6077
v  -4.3315 -1.3764 -4.6207
v  -4.3711 -1.3605 -4.6343
v  -4.4499 -1.3699 -4.2789
v  -4.4209 -1.3716 -4.2605
v  -4.4240 -1.3814 -4.3033
v  -4.4503 -1.3768 -4.3169
v  -4.4050 -1.3923 -4.2895
v  -4.4002 -1.3855 -4.2455
v  -4.3791 -1.3919 -4.2328
v  -4.3854 -1.4001 -4.2770
v  -4.3649 -1.4060 -4.2646
v  -4.3574 -1.3960 -4.2209
v  -4.3378 -1.4087 -4.2080
v  -4.3445 -1.4149 -4.2503
v  -4.3236 -1.4213 -4.2359
v  -4.3172 -1.4160 -4.1947
v  -4.2975 -1.4171 -4.1810
v  -4.3039 -1.4243 -4.2223
v  -4.2837 -1.4303 -4.2078
v  -4.2762 -1.4232 -4.1664
v  -4.2520 -1.4385 -4.1498
v  -4.2601 -1.4412 -4.1916
v  -4.2273 -1.4518 -4.1738
v  -4.2177 -1.4495 -4.1295
v  -4.1754 -1.4667 -4.1049
v  -4.1838 -1.4647 -4.1520
v  -4.1379 -1.4823 -4.1266
v  -4.1285 -1.4822 -4.0765
v  -4.0860 -1.5024 -4.0466
v  -4.0936 -1.4966 -4.0991
v  -4.0530 -1.5192 -4.0667
v  -4.0454 -1.5274 -4.0143
v  -4.0021 -1.5542 -3.9784
v  -4.0064 -1.5402 -4.0288
v  -3.9623 -1.5637 -3.9895
v  -3.9613 -1.5779 -3.9416
v  -4.5442 -1.3673 -4.2212
v  -4.4978 -1.3890 -4.1959
v  -4.4885 -1.3606 -4.2464
v  -4.5300 -1.3401 -4.2698
v  -4.4535 -1.3787 -4.2257
v  -4.4584 -1.4097 -4.1763
v  -4.4820 -1.3573 -4.2987
v  -4.5195 -1.3413 -4.3202
v  -4.4284 -1.4171 -4.1518
v  -4.4238 -1.3808 -4.2024
v  -4.3996 -1.3934 -4.1879
v  -4.4004 -1.4258 -4.1371
v  -4.3756 -1.4292 -4.1237
v  -4.3765 -1.3995 -4.1754
v  -4.3537 -1.4014 -4.1632
v  -4.3531 -1.4293 -4.1093
v  -4.3307 -1.4399 -4.1032
v  -4.3334 -1.4161 -4.1548
v  -4.3136 -1.4251 -4.1434
v  -4.3113 -1.4497 -4.0945
v  -4.2924 -1.4562 -4.0809
v  -4.2946 -1.4280 -4.1287
v  -4.2720 -1.4330 -4.1125
v  -4.2700 -1.4624 -4.0626
v  -4.2404 -1.4815 -4.0509
v  -4.2456 -1.4522 -4.0982
v  -4.2108 -1.4637 -4.0751
v  -4.2072 -1.4984 -4.0284
v  -4.1673 -1.5204 -4.0025
v  -4.1697 -1.4845 -4.0497
v  -4.1247 -1.5006 -4.0177
v  -4.1254 -1.5416 -3.9702
v  -4.0829 -1.5675 -3.9416
v  -4.0830 -1.5271 -3.9888
v  -4.0418 -1.5479 -3.9551
v  -4.0442 -1.5867 -3.9063
v  -4.6562 -1.4618 -4.2441
v  -4.6016 -1.4740 -4.2140
v  -4.6085 -1.4031 -4.2165
v  -4.6625 -1.3906 -4.2530
v  -4.5504 -1.4245 -4.1938
v  -4.5436 -1.4893 -4.1931
v  -4.5986 -1.3408 -4.2456
v  -4.6519 -1.3301 -4.2824
v  -4.4938 -1.5064 -4.1706
v  -4.5016 -1.4449 -4.1680
v  -4.4591 -1.4632 -4.1501
v  -4.4505 -1.5199 -4.1517
v  -4.4187 -1.5274 -4.1293
v  -4.4282 -1.4722 -4.1267
v  -4.3997 -1.4773 -4.1097
v  -4.3914 -1.5314 -4.1104
v  -4.3673 -1.5361 -4.0942
v  -4.3748 -1.4803 -4.0945
v  -4.3530 -1.4831 -4.0788
v  -4.3452 -1.5415 -4.0805
v  -4.3235 -1.5473 -4.0705
v  -4.3309 -1.4895 -4.0691
v  -4.3104 -1.4980 -4.0622
v  -4.3025 -1.5536 -4.0609
v  -4.2815 -1.5607 -4.0489
v  -4.2899 -1.5057 -4.0519
v  -4.2666 -1.5145 -4.0367
v  -4.2572 -1.5692 -4.0362
v  -4.2287 -1.5811 -4.0225
v  -4.2363 -1.5292 -4.0248
v  -4.2046 -1.5473 -4.0036
v  -4.1990 -1.5987 -4.0016
v  -4.1640 -1.6219 -3.9754
v  -4.1674 -1.5693 -3.9759
v  -4.1283 -1.5925 -3.9437
v  -4.1269 -1.6464 -3.9451
v  -4.0902 -1.6683 -3.9110
v  -4.0880 -1.6153 -3.9122
v  -4.0522 -1.6352 -3.8774
v  -4.0567 -1.6872 -3.8751
v  -4.7216 -1.3574 -4.5952
v  -4.7048 -1.3409 -4.5972
v  -4.7325 -1.3208 -4.6078
v  -4.7460 -1.3347 -4.6083
v  -4.6812 -1.3616 -4.5872
v  -4.6982 -1.3843 -4.5782
v  -4.6288 -1.3827 -4.5605
v  -4.6322 -1.3995 -4.5465
v  -4.6465 -1.3877 -4.5716
v  -4.6563 -1.4094 -4.5587
v  -4.6361 -1.4051 -4.5254
v  -4.6550 -1.4136 -4.5319
v  -4.6553 -1.4023 -4.5163
v  -4.6430 -1.3960 -4.5070
v  -4.6710 -1.4017 -4.5305
v  -4.6647 -1.3928 -4.5126
v  -4.6747 -1.4067 -4.5484
v  -4.6887 -1.3931 -4.5410
v  -4.6825 -1.3865 -4.5253
v  -4.6757 -1.3799 -4.5079
v  -4.6744 -1.3971 -4.5701
v  -4.6636 -1.3781 -4.5783
v  -4.6806 -1.4025 -4.5607
v  -4.6955 -1.3934 -4.5575
v  -4.9410 -1.3815 -4.6436
v  -4.9187 -1.3899 -4.6340
v  -4.9162 -1.3681 -4.6310
v  -4.9359 -1.3624 -4.6415
v  -4.8990 -1.3742 -4.6178
v  -4.8995 -1.3988 -4.6206
v  -4.8974 -1.3550 -4.6202
v  -4.9142 -1.3511 -4.6338
v  -4.9324 -1.3473 -4.6453
v  -4.8823 -1.4061 -4.6062
v  -4.8829 -1.3784 -4.6037
v  -4.8671 -1.3808 -4.5891
v  -4.8659 -1.4107 -4.5902
v  -4.8653 -1.3599 -4.5916
v  -4.8813 -1.3579 -4.6062
v  -4.8501 -1.4114 -4.5705
v  -4.8521 -1.3809 -4.5719
v  -4.8399 -1.3798 -4.5531
v  -4.8378 -1.4094 -4.5489
v  -4.8370 -1.3612 -4.5573
v  -4.8502 -1.3610 -4.5748
v  -4.8280 -1.4073 -4.5292
v  -4.8295 -1.3793 -4.5356
v  -4.8165 -1.3808 -4.5216
v  -4.8155 -1.4070 -4.5141
v  -4.8127 -1.3640 -4.5270
v  -4.8256 -1.3615 -4.5409
v  -4.7998 -1.5011 -4.4826
v  -4.7857 -1.5015 -4.4685
v  -4.7982 -1.4519 -4.4863
v  -4.8103 -1.4498 -4.5018
v  -4.7968 -1.4525 -4.4688
v  -4.7824 -1.5013 -4.4515
v  -4.7983 -1.4078 -4.4848
v  -4.8030 -1.4090 -4.5005
v  -4.7896 -1.3720 -4.4997
v  -4.7991 -1.3684 -4.5139
v  -4.8031 -1.3841 -4.5089
v  -4.7946 -1.3854 -4.4953
v  -4.7823 -1.2897 -4.6352
v  -4.7911 -1.2983 -4.6366
v  -4.7616 -1.3070 -4.6218
v  -4.7536 -1.2934 -4.6178
v  -4.7731 -1.3161 -4.6192
v  -4.8009 -1.3039 -4.6328
v  -4.7627 -1.2716 -4.6251
v  -4.7729 -1.2798 -4.6300
v  -4.7474 -1.2798 -4.6147
v  -4.7435 -1.2681 -4.6153
v  -4.6982 -1.2530 -4.6338
v  -4.7198 -1.2560 -4.6343
v  -4.6745 -1.2509 -4.6354
v  -4.6823 -1.2688 -4.6598
v  -4.7024 -1.2684 -4.6544
v  -4.7234 -1.2692 -4.6506
v  -4.6505 -1.2484 -4.6410
v  -4.6261 -1.2435 -4.6498
v  -4.6632 -1.2695 -4.6689
v  -4.6433 -1.2725 -4.6862
v  -4.6112 -1.2597 -4.6917
v  -4.6010 -1.2357 -4.6602
v  -4.7433 -1.2577 -4.6280
v  -4.7444 -1.2593 -4.6197
v  -4.7692 -1.2689 -4.6442
v  -4.7702 -1.2668 -4.6316
v  -4.8194 -1.2936 -4.6527
v  -4.8084 -1.2869 -4.6509
v  -4.8335 -1.2870 -4.6724
v  -4.8281 -1.2987 -4.6492
v  -4.8467 -1.2916 -4.6710
v  -4.8554 -1.2957 -4.6665
v  -4.8010 -1.2792 -4.6583
v  -4.7921 -1.2773 -4.6425
v  -4.7453 -1.2710 -4.6468
v  -4.7381 -1.2606 -4.6353
v  -4.7063 -1.2803 -4.6703
v  -4.7259 -1.2827 -4.6659
v  -4.6896 -1.2794 -4.6766
v  -4.6971 -1.2753 -4.6896
v  -4.7114 -1.2781 -4.6848
v  -4.7295 -1.2816 -4.6828
v  -4.7487 -1.2840 -4.6632
v  -4.7750 -1.2828 -4.6656
v  -4.7512 -1.2850 -4.6833
v  -4.7764 -1.2845 -4.6853
v  -4.8044 -1.2840 -4.6739
v  -4.8043 -1.2809 -4.6890
v  -4.8336 -1.2770 -4.6944
v  -4.8327 -1.2859 -4.6842
v  -4.8562 -1.2841 -4.6931
v  -4.8660 -1.2850 -4.6919
v  -4.8627 -1.2709 -4.6987
v  -4.8942 -1.2662 -4.7019
v  -4.8748 -1.2870 -4.6902
v  -4.9044 -1.2761 -4.7012
v  -4.9107 -1.2833 -4.6976
v  -4.8835 -1.2906 -4.6839
v  -4.8347 -1.2286 -4.7014
v  -4.8659 -1.2284 -4.7092
v  -4.8654 -1.2506 -4.7010
v  -4.8342 -1.2546 -4.6966
v  -4.9001 -1.2321 -4.7242
v  -4.8994 -1.2474 -4.7098
v  -4.7816 -1.2338 -4.6997
v  -4.8064 -1.2308 -4.6988
v  -4.8052 -1.2585 -4.6947
v  -4.7790 -1.2615 -4.6940
v  -4.7404 -1.2370 -4.7042
v  -4.7598 -1.2361 -4.7020
v  -4.7557 -1.2623 -4.6937
v  -4.7353 -1.2611 -4.6937
v  -4.7231 -1.2364 -4.7058
v  -4.7179 -1.2596 -4.6965
v  -4.7036 -1.2571 -4.7011
v  -4.7075 -1.2342 -4.7078
v  -4.9150 -1.2992 -4.6842
v  -4.8927 -1.3038 -4.6703
v  -4.8894 -1.2965 -4.6764
v  -4.9141 -1.2911 -4.6906
v  -4.8629 -1.3016 -4.6603
v  -4.8681 -1.3091 -4.6552
v  -4.9088 -1.3362 -4.6420
v  -4.9275 -1.3319 -4.6530
v  -4.8907 -1.3404 -4.6289
v  -4.8840 -1.3290 -4.6369
v  -4.9034 -1.3243 -4.6502
v  -4.9229 -1.3186 -4.6613
v  -4.9169 -1.3080 -4.6753
v  -4.8967 -1.3131 -4.6612
v  -4.8947 -1.3091 -4.6657
v  -4.9148 -1.3045 -4.6791
v  -4.8718 -1.3144 -4.6509
v  -4.8752 -1.3180 -4.6464
v  -4.8995 -1.3172 -4.6562
v  -4.9195 -1.3114 -4.6689
v  -4.8791 -1.3221 -4.6421
v  -4.8368 -1.3046 -4.6441
v  -4.8443 -1.3118 -4.6394
v  -4.8211 -1.3149 -4.6235
v  -4.8111 -1.3089 -4.6283
v  -4.8735 -1.3432 -4.6150
v  -4.8569 -1.3455 -4.6000
v  -4.8485 -1.3349 -4.6074
v  -4.8657 -1.3322 -4.6228
v  -4.8499 -1.3177 -4.6356
v  -4.8547 -1.3222 -4.6319
v  -4.8354 -1.3258 -4.6164
v  -4.8291 -1.3203 -4.6193
v  -4.8415 -1.3297 -4.6128
v  -4.8598 -1.3260 -4.6280
v  -4.7856 -1.3181 -4.6133
v  -4.7987 -1.3201 -4.6068
v  -4.7776 -1.3283 -4.5908
v  -4.7620 -1.3335 -4.5998
v  -4.8413 -1.3474 -4.5829
v  -4.8277 -1.3484 -4.5651
v  -4.8184 -1.3386 -4.5716
v  -4.8325 -1.3375 -4.5899
v  -4.8096 -1.3228 -4.6012
v  -4.8176 -1.3290 -4.5984
v  -4.8012 -1.3318 -4.5801
v  -4.7909 -1.3261 -4.5835
v  -4.8098 -1.3348 -4.5764
v  -4.8248 -1.3330 -4.5950
v  -4.8162 -1.3482 -4.5484
v  -4.8060 -1.3386 -4.5546
v  -4.8043 -1.3498 -4.5330
v  -4.7934 -1.3398 -4.5388
v  -4.7412 -1.3512 -4.5843
v  -4.7589 -1.3377 -4.5743
v  -4.7425 -1.3461 -4.5577
v  -4.7255 -1.3674 -4.5676
v  -4.7737 -1.3311 -4.5670
v  -4.7861 -1.3350 -4.5633
v  -4.7718 -1.3397 -4.5475
v  -4.7582 -1.3376 -4.5508
v  -4.7827 -1.3388 -4.5439
v  -4.7962 -1.3363 -4.5596
v  -4.7795 -1.3589 -4.5058
v  -4.7907 -1.3541 -4.5189
v  -4.7792 -1.3446 -4.5242
v  -4.7664 -1.3518 -4.5126
v  -4.7137 -1.3753 -4.5500
v  -4.7301 -1.3557 -4.5422
v  -4.7198 -1.3628 -4.5275
v  -4.7035 -1.3757 -4.5341
v  -4.7558 -1.3546 -4.5174
v  -4.7683 -1.3455 -4.5296
v  -4.7582 -1.3503 -4.5338
v  -4.7461 -1.3606 -4.5208
v  -4.7342 -1.3608 -4.5237
v  -4.7455 -1.3504 -4.5371
v  -4.5611 -1.3167 -4.3429
v  -4.5778 -1.3138 -4.2945
v  -4.6284 -1.2989 -4.3242
v  -4.6054 -1.2994 -4.3671
v  -4.5528 -1.3678 -4.4363
v  -4.5858 -1.3557 -4.4410
v  -4.5832 -1.3529 -4.4220
v  -4.5485 -1.3746 -4.4200
v  -4.5166 -1.3535 -4.3530
v  -4.5564 -1.3317 -4.3726
v  -4.5184 -1.3684 -4.3785
v  -4.5585 -1.3445 -4.3901
v  -4.5962 -1.3120 -4.3928
v  -4.5933 -1.3254 -4.4077
v  -4.4779 -1.3918 -4.3770
v  -4.4809 -1.3813 -4.3583
v  -4.5040 -1.3841 -4.3889
v  -4.5304 -1.3798 -4.4031
v  -4.5500 -1.3636 -4.4006
v  -4.5664 -1.3490 -4.4021
v  -4.5924 -1.3369 -4.4169
v  -4.4809 -1.3674 -4.3341
v  -4.6760 -1.2787 -4.6854
v  -4.6664 -1.2826 -4.6978
v  -4.6804 -1.2766 -4.7067
v  -4.6863 -1.2718 -4.6961
v  -4.6855 -1.2576 -4.7163
v  -4.6919 -1.2528 -4.7063
v  -4.6853 -1.2381 -4.7249
v  -4.6932 -1.2311 -4.7133
v  -4.6946 -1.2306 -4.7332
v  -4.6969 -1.2206 -4.7217
v  -4.7088 -1.2286 -4.7375
v  -4.7092 -1.2207 -4.7199
v  -4.7244 -1.2224 -4.7203
v  -4.7425 -1.2229 -4.7208
v  -4.7251 -1.2253 -4.7402
v  -4.7441 -1.2213 -4.7417
v  -4.7620 -1.2214 -4.7201
v  -4.7835 -1.2188 -4.7191
v  -4.7646 -1.2175 -4.7422
v  -4.7870 -1.2139 -4.7424
v  -4.8116 -1.2106 -4.7432
v  -4.8075 -1.2159 -4.7191
v  -4.8345 -1.2141 -4.7218
v  -4.8374 -1.2088 -4.7456
v  -4.8637 -1.2103 -4.7512
v  -4.8648 -1.2148 -4.7294
v  -4.8991 -1.2205 -4.7446
v  -4.8938 -1.2195 -4.7664
v  -4.8857 -1.2337 -4.7796
v  -4.8640 -1.2211 -4.7655
v  -4.8466 -1.2260 -4.7659
v  -4.8703 -1.2556 -4.7920
v  -4.8089 -1.2706 -4.7855
v  -4.8375 -1.2648 -4.7879
v  -4.8230 -1.2310 -4.7641
v  -4.7969 -1.2352 -4.7628
v  -4.7580 -1.2833 -4.7800
v  -4.7821 -1.2763 -4.7838
v  -4.7725 -1.2392 -4.7626
v  -4.7502 -1.2443 -4.7614
v  -4.7124 -1.2560 -4.7550
v  -4.7300 -1.2502 -4.7593
v  -4.7373 -1.2920 -4.7746
v  -4.7193 -1.3001 -4.7679
v  -4.6877 -1.2656 -4.7381
v  -4.6895 -1.3107 -4.7534
v  -4.7029 -1.3054 -4.7611
v  -4.6972 -1.2592 -4.7483
v  -4.6771 -1.2931 -4.7210
v  -4.6851 -1.2792 -4.7292
v  -4.6703 -1.3254 -4.7405
v  -4.6800 -1.3182 -4.7462
v  -4.6620 -1.2985 -4.7151
v  -4.6421 -1.2971 -4.7116
v  -4.6427 -1.3329 -4.7256
v  -4.6584 -1.3303 -4.7339
v  -4.6158 -1.2915 -4.7100
v  -4.5847 -1.2871 -4.7022
v  -4.5924 -1.3307 -4.7063
v  -4.6201 -1.3330 -4.7158
v  -4.5535 -1.2856 -4.6877
v  -4.5211 -1.2901 -4.6685
v  -4.5302 -1.3266 -4.6798
v  -4.5625 -1.3274 -4.6936
v  -4.4849 -1.3034 -4.6499
v  -4.4432 -1.3171 -4.6410
v  -4.4536 -1.3358 -4.6680
v  -4.4947 -1.3333 -4.6674
v  -4.4095 -1.3431 -4.6497
v  -4.4030 -1.3330 -4.6289
v  -4.4774 -1.3266 -4.7771
v  -4.4434 -1.3353 -4.7358
v  -4.4302 -1.3278 -4.7625
v  -4.4180 -1.3132 -4.7901
v  -4.4646 -1.3091 -4.8088
v  -4.4571 -1.3184 -4.7817
v  -4.5079 -1.3121 -4.8222
v  -4.4072 -1.3421 -4.6793
v  -4.4442 -1.3419 -4.6986
v  -4.3683 -1.3586 -4.6633
v  -4.3676 -1.3650 -4.6955
v  -4.4029 -1.3439 -4.7125
v  -4.3286 -1.3749 -4.6484
v  -4.2863 -1.3917 -4.6338
v  -4.2821 -1.3950 -4.6624
v  -4.3276 -1.3827 -4.6790
v  -4.2489 -1.4147 -4.5945
v  -4.2428 -1.4123 -4.6186
v  -4.2025 -1.4338 -4.6026
v  -4.2121 -1.4383 -4.5815
v  -4.1915 -1.4312 -4.6252
v  -4.2356 -1.4121 -4.6445
v  -4.1715 -1.4567 -4.5860
v  -4.1511 -1.4875 -4.5766
v  -4.1867 -1.4639 -4.5696
v  -4.1701 -1.4923 -4.5607
v  -4.1539 -1.4516 -4.6034
v  -4.1280 -1.4834 -4.5930
v  -4.2379 -1.3880 -4.5441
v  -4.2045 -1.4165 -4.5299
v  -4.2141 -1.4324 -4.5479
v  -4.2455 -1.4039 -4.5606
v  -4.2530 -1.4164 -4.5745
v  -4.2212 -1.4439 -4.5632
v  -4.1899 -1.4589 -4.5366
v  -4.1986 -1.4689 -4.5532
v  -4.1816 -1.4934 -4.5439
v  -4.1725 -1.4836 -4.5271
v  -4.1780 -1.4367 -4.4684
v  -4.1481 -1.4709 -4.4533
v  -4.1371 -1.4732 -4.4808
v  -4.1695 -1.4364 -4.4930
v  -4.1768 -1.4462 -4.5170
v  -4.1576 -1.4732 -4.5090
v  -4.1508 -1.4939 -4.5086
v  -4.1610 -1.5066 -4.5204
v  -4.1341 -1.5043 -4.4958
v  -4.1440 -1.5276 -4.5086
v  -4.1656 -1.5176 -4.5350
v  -4.1532 -1.5191 -4.5526
v  -4.1453 -1.5437 -4.5238
v  -4.1300 -1.5454 -4.5429
v  -4.4014 -1.3463 -4.7439
v  -4.3697 -1.3714 -4.7256
v  -4.3658 -1.3710 -4.7506
v  -4.3955 -1.3434 -4.7653
v  -4.3426 -1.2840 -4.7974
v  -4.3741 -1.2935 -4.7946
v  -4.3467 -1.3049 -4.7720
v  -4.3138 -1.2863 -4.7817
v  -4.3757 -1.3249 -4.7705
v  -4.3388 -1.3426 -4.7573
v  -4.3083 -1.3207 -4.7579
v  -4.2767 -1.2998 -4.7661
v  -4.3542 -1.3584 -4.7551
v  -4.3820 -1.3398 -4.7657
v  -4.3305 -1.3963 -4.7068
v  -4.2806 -1.4031 -4.6874
v  -4.2749 -1.4030 -4.7072
v  -4.3246 -1.3983 -4.7356
v  -4.2662 -1.3879 -4.7089
v  -4.3129 -1.3763 -4.7386
v  -4.2961 -1.3581 -4.7373
v  -4.2515 -1.3691 -4.7073
v  -4.2271 -1.3435 -4.7077
v  -4.2680 -1.3335 -4.7363
v  -4.2388 -1.3131 -4.7460
v  -4.2003 -1.3230 -4.7206
v  -4.2292 -1.4147 -4.6665
v  -4.1797 -1.4308 -4.6433
v  -4.2224 -1.4133 -4.6805
v  -4.1692 -1.4310 -4.6563
v  -4.1595 -1.4193 -4.6598
v  -4.2142 -1.4015 -4.6825
v  -4.2027 -1.3817 -4.6788
v  -4.1503 -1.4000 -4.6560
v  -4.1359 -1.3767 -4.6571
v  -4.1836 -1.3557 -4.6794
v  -4.1610 -1.3352 -4.6944
v  -4.1183 -1.3598 -4.6729
v  -4.2980 -1.2810 -4.8071
v  -4.3389 -1.2828 -4.8201
v  -4.2598 -1.2950 -4.7911
v  -4.2530 -1.2935 -4.8213
v  -4.2939 -1.2782 -4.8371
v  -4.3375 -1.2838 -4.8482
v  -4.2228 -1.3097 -4.7706
v  -4.1841 -1.3189 -4.7464
v  -4.1761 -1.3240 -4.7791
v  -4.2163 -1.3129 -4.8010
v  -4.1449 -1.3306 -4.7224
v  -4.1042 -1.3539 -4.6984
v  -4.0919 -1.3526 -4.7283
v  -4.1345 -1.3340 -4.7556
v  -4.0705 -1.3928 -4.6515
v  -4.0577 -1.3855 -4.6725
v  -4.0127 -1.4144 -4.6481
v  -4.0254 -1.4218 -4.6305
v  -4.0021 -1.4107 -4.6700
v  -4.0462 -1.3823 -4.6979
v  -4.0407 -1.3923 -4.7280
v  -4.0867 -1.3678 -4.7624
v  -3.9974 -1.4170 -4.6964
v  -3.9979 -1.4323 -4.7200
v  -4.0405 -1.4135 -4.7542
v  -4.0853 -1.3941 -4.7907
v  -4.5485 -1.3148 -4.8679
v  -4.5051 -1.3022 -4.8551
v  -4.5076 -1.2973 -4.8839
v  -4.5463 -1.2952 -4.8934
v  -4.5362 -1.3022 -4.8707
v  -4.5859 -1.3006 -4.9063
v  -4.4661 -1.3070 -4.8446
v  -4.4232 -1.3083 -4.8368
v  -4.4187 -1.3071 -4.8762
v  -4.4666 -1.3021 -4.8781
v  -4.3770 -1.2979 -4.8584
v  -4.3806 -1.2963 -4.8292
v  -4.3389 -1.2906 -4.8689
v  -4.3697 -1.2987 -4.8735
v  -4.3471 -1.2948 -4.8845
v  -4.3838 -1.3019 -4.8866
v  -4.2972 -1.2865 -4.8621
v  -4.2534 -1.2992 -4.8506
v  -4.2571 -1.3040 -4.8734
v  -4.3029 -1.2916 -4.8786
v  -4.2144 -1.3211 -4.8354
v  -4.1741 -1.3398 -4.8165
v  -4.1713 -1.3629 -4.8571
v  -4.2169 -1.3308 -4.8673
v  -4.1267 -1.3782 -4.8235
v  -4.1314 -1.3524 -4.7922
v  -4.5508 -1.2745 -4.9076
v  -4.5915 -1.2669 -4.9190
v  -4.5101 -1.2779 -4.8999
v  -4.5109 -1.2594 -4.9135
v  -4.5507 -1.2518 -4.9193
v  -4.5917 -1.2417 -4.9288
v  -4.4695 -1.2838 -4.8970
v  -4.4301 -1.2904 -4.8993
v  -4.4340 -1.2710 -4.9105
v  -4.4721 -1.2663 -4.9107
v  -4.5049 -1.2390 -4.9418
v  -4.5092 -1.2476 -4.9272
v  -4.4715 -1.2552 -4.9231
v  -4.4686 -1.2465 -4.9354
v  -4.4345 -1.2572 -4.9181
v  -4.4325 -1.2478 -4.9294
v  -4.3926 -1.2873 -4.8991
v  -4.3531 -1.2813 -4.8944
v  -4.3570 -1.2619 -4.8982
v  -4.3971 -1.2675 -4.9060
v  -4.3580 -1.2475 -4.9043
v  -4.3984 -1.2528 -4.9113
v  -4.3968 -1.2439 -4.9233
v  -4.3568 -1.2398 -4.9182
v  -4.3063 -1.2811 -4.8886
v  -4.2570 -1.2920 -4.8876
v  -4.2550 -1.2727 -4.8935
v  -4.3079 -1.2623 -4.8921
v  -4.2542 -1.2501 -4.9164
v  -4.3081 -1.2407 -4.9148
v  -4.3082 -1.2476 -4.8995
v  -4.2537 -1.2584 -4.9022
v  -4.2126 -1.3190 -4.8935
v  -4.1675 -1.3464 -4.8960
v  -4.1531 -1.3234 -4.9153
v  -4.2048 -1.2960 -4.9054
v  -4.1399 -1.2923 -4.9340
v  -4.1991 -1.2683 -4.9247
v  -4.2007 -1.2798 -4.9138
v  -4.1449 -1.3059 -4.9253
v  -4.9647 -1.2401 -5.2099
v  -4.9599 -1.2255 -5.2437
v  -4.9413 -1.2134 -5.2258
v  -4.9477 -1.2265 -5.1942
v  -4.9292 -1.2001 -5.2649
v  -4.9476 -1.2115 -5.2853
v  -4.9310 -1.2552 -5.1577
v  -4.9486 -1.2652 -5.1701
v  -4.9505 -1.2678 -5.1578
v  -4.9335 -1.2568 -5.1448
v  -4.9475 -1.2749 -5.1437
v  -4.9313 -1.2646 -5.1314
v  -4.9346 -1.2479 -5.1719
v  -4.9527 -1.2587 -5.1835
v  -4.9488 -1.2630 -5.1775
v  -4.9308 -1.2532 -5.1659
v  -4.9599 -1.2515 -5.1919
v  -4.9424 -1.2394 -5.1787
v  -4.9036 -1.2568 -5.1129
v  -4.9035 -1.2469 -5.1241
v  -4.8672 -1.2374 -5.0974
v  -4.8700 -1.2494 -5.0876
v  -4.8621 -1.2311 -5.1086
v  -4.8995 -1.2435 -5.1364
v  -4.8603 -1.2197 -5.1221
v  -4.8995 -1.2338 -5.1516
v  -4.8972 -1.2406 -5.1454
v  -4.8594 -1.2266 -5.1165
v  -4.9065 -1.2239 -5.1564
v  -4.8645 -1.2095 -5.1267
v  -4.8696 -1.1942 -5.1339
v  -4.9134 -1.2084 -5.1667
v  -4.8321 -1.2428 -5.0594
v  -4.8290 -1.2299 -5.0679
v  -4.7919 -1.2255 -5.0399
v  -4.7935 -1.2388 -5.0334
v  -4.7893 -1.2198 -5.0512
v  -4.8238 -1.2246 -5.0796
v  -4.6327 -1.2310 -4.9480
v  -4.6326 -1.2511 -4.9364
v  -4.6695 -1.2367 -4.9596
v  -4.6702 -1.2217 -4.9698
v  -4.6683 -1.2577 -4.9598
v  -4.6322 -1.2794 -4.9357
v  -4.7597 -1.2386 -5.0127
v  -4.7594 -1.2243 -5.0171
v  -4.7290 -1.2262 -4.9985
v  -4.7285 -1.2414 -4.9960
v  -4.7326 -1.2154 -5.0107
v  -4.7606 -1.2169 -5.0277
v  -4.7878 -1.2101 -5.0629
v  -4.8218 -1.2128 -5.0924
v  -4.8210 -1.2200 -5.0879
v  -4.7893 -1.2157 -5.0601
v  -4.7588 -1.2114 -5.0372
v  -4.7667 -1.2139 -5.0393
v  -4.8244 -1.2033 -5.0958
v  -4.7875 -1.2027 -5.0662
v  -4.7847 -1.1953 -5.0721
v  -4.8255 -1.1912 -5.1019
v  -4.7551 -1.2075 -5.0406
v  -4.7270 -1.2114 -5.0182
v  -4.7278 -1.2091 -5.0278
v  -4.7498 -1.2040 -5.0457
v  -4.7013 -1.2166 -4.9882
v  -4.6998 -1.2296 -4.9806
v  -4.6986 -1.2464 -4.9801
v  -4.9081 -1.1949 -5.1935
v  -4.8646 -1.1818 -5.1548
v  -4.8513 -1.1712 -5.1848
v  -4.8976 -1.1835 -5.2299
v  -4.8199 -1.1812 -5.1173
v  -4.7767 -1.1916 -5.0824
v  -4.7665 -1.1938 -5.0947
v  -4.8080 -1.1803 -5.1342
v  -4.7562 -1.2030 -5.1075
v  -4.7921 -1.1897 -5.1443
v  -4.7761 -1.1998 -5.1572
v  -4.7437 -1.2100 -5.1255
v  -4.7930 -1.1812 -5.1788
v  -4.8140 -1.1710 -5.1801
v  -4.6774 -1.2173 -5.0141
v  -4.7089 -1.2118 -5.0218
v  -4.7001 -1.2131 -5.0023
v  -4.6696 -1.2186 -4.9877
v  -4.7374 -1.2044 -5.0496
v  -4.7235 -1.2094 -5.0557
v  -4.5479 -1.2359 -4.9328
v  -4.5886 -1.2267 -4.9453
v  -4.5418 -1.2267 -4.9505
v  -4.5867 -1.2158 -4.9688
v  -4.6559 -1.2128 -5.0458
v  -4.7005 -1.2126 -5.0866
v  -4.7124 -1.2139 -5.0674
v  -4.6692 -1.2163 -5.0307
v  -4.6312 -1.2185 -4.9855
v  -4.6307 -1.2228 -4.9668
v  -4.6189 -1.2124 -5.0081
v  -4.6370 -1.2162 -5.0036
v  -4.6035 -1.5736 -4.2876
v  -4.5564 -1.5748 -4.2658
v  -4.5805 -1.5337 -4.2333
v  -4.6324 -1.5267 -4.2578
v  -4.5263 -1.5416 -4.2126
v  -4.5069 -1.5760 -4.2435
v  -4.4647 -1.5825 -4.2174
v  -4.4792 -1.5520 -4.1901
v  -4.4393 -1.5616 -4.1677
v  -4.4279 -1.5895 -4.1921
v  -4.3682 -1.5997 -4.1513
v  -4.3807 -1.5724 -4.1262
v  -4.4079 -1.5681 -4.1451
v  -4.3964 -1.5956 -4.1694
v  -4.3439 -1.6046 -4.1370
v  -4.3565 -1.5775 -4.1108
v  -4.3342 -1.5831 -4.0982
v  -4.3219 -1.6097 -4.1251
v  -4.3007 -1.6153 -4.1141
v  -4.3128 -1.5885 -4.0876
v  -4.2916 -1.5947 -4.0771
v  -4.2791 -1.6212 -4.1035
v  -4.2562 -1.6283 -4.0921
v  -4.2699 -1.6021 -4.0651
v  -4.2453 -1.6109 -4.0529
v  -4.2311 -1.6372 -4.0804
v  -4.2043 -1.6508 -4.0673
v  -4.2186 -1.6238 -4.0383
v  -4.1886 -1.6420 -4.0209
v  -4.1736 -1.6687 -4.0541
v  -4.1381 -1.6920 -4.0410
v  -4.1535 -1.6662 -4.0009
v  -4.1162 -1.6908 -3.9756
v  -4.0962 -1.7255 -4.0261
v  -4.0315 -1.7614 -3.9366
v  -4.0505 -1.7305 -3.9002
v  -4.0814 -1.7123 -3.9404
v  -4.0612 -1.7439 -3.9799
v  -4.0319 -1.8076 -4.0271
v  -4.0476 -1.7785 -4.0049
v  -4.0722 -1.7675 -4.0443
v  -4.0533 -1.7957 -4.0638
v  -4.0053 -1.8202 -3.9861
v  -4.0198 -1.7935 -3.9620
v  -4.4991 -1.6121 -4.2919
v  -4.4974 -1.5924 -4.2725
v  -4.5441 -1.5952 -4.2961
v  -4.5405 -1.6112 -4.3188
v  -4.5878 -1.5999 -4.3173
v  -4.5790 -1.6153 -4.3415
v  -4.4196 -1.6246 -4.2374
v  -4.4183 -1.6032 -4.2180
v  -4.4556 -1.5966 -4.2449
v  -4.4582 -1.6174 -4.2640
v  -4.3574 -1.6397 -4.1936
v  -4.3570 -1.6146 -4.1761
v  -4.3860 -1.6097 -4.1943
v  -4.3860 -1.6325 -4.2132
v  -4.3137 -1.6521 -4.1688
v  -4.3131 -1.6267 -4.1497
v  -4.3339 -1.6210 -4.1613
v  -4.3344 -1.6466 -4.1795
v  -4.2704 -1.6611 -4.1485
v  -4.2705 -1.6380 -4.1277
v  -4.2922 -1.6322 -4.1386
v  -4.2926 -1.6566 -4.1586
v  -4.2223 -1.6763 -4.1276
v  -4.2211 -1.6529 -4.1061
v  -4.2468 -1.6444 -4.1168
v  -4.2466 -1.6672 -4.1380
v  -4.1984 -1.6900 -4.1174
v  -4.1944 -1.6657 -4.0955
v  -4.1651 -1.6816 -4.0866
v  -4.1744 -1.7077 -4.1085
v  -4.1472 -1.7272 -4.1039
v  -4.1196 -1.7477 -4.1064
v  -4.1059 -1.7307 -4.0745
v  -4.1333 -1.7028 -4.0783
v  -4.0949 -1.7695 -4.1180
v  -4.0833 -1.7597 -4.0834
v  -4.0610 -1.7820 -4.1010
v  -4.0706 -1.7870 -4.1357
v  -4.5726 -1.6317 -4.3517
v  -4.5395 -1.6296 -4.3332
v  -4.5421 -1.6474 -4.3445
v  -4.5652 -1.6433 -4.3543
v  -4.5073 -1.6560 -4.3263
v  -4.5021 -1.6335 -4.3102
v  -4.4629 -1.6422 -4.2841
v  -4.4698 -1.6696 -4.3030
v  -4.4336 -1.6851 -4.2773
v  -4.4250 -1.6532 -4.2580
v  -4.3910 -1.6637 -4.2348
v  -4.4002 -1.6995 -4.2546
v  -4.3708 -1.7115 -4.2373
v  -4.3616 -1.6730 -4.2166
v  -4.3382 -1.6803 -4.2042
v  -4.3482 -1.7207 -4.2247
v  -4.3280 -1.7262 -4.2148
v  -4.3176 -1.6855 -4.1951
v  -4.5310 -1.7026 -4.3390
v  -4.5168 -1.6805 -4.3380
v  -4.5514 -1.6659 -4.3534
v  -4.5658 -1.6829 -4.3540
v  -4.5799 -1.6529 -4.3623
v  -4.5963 -1.6658 -4.3651
v  -4.4641 -1.7467 -4.2886
v  -4.4475 -1.7184 -4.2883
v  -4.4812 -1.6991 -4.3152
v  -4.4966 -1.7252 -4.3162
v  -4.3855 -1.7510 -4.2485
v  -4.4152 -1.7362 -4.2650
v  -4.4319 -1.7670 -4.2649
v  -4.4012 -1.7849 -4.2499
v  -4.6946 -1.7163 -4.3773
v  -4.7270 -1.6962 -4.3939
v  -4.6620 -1.7348 -4.3596
v  -4.6877 -1.7062 -4.3755
v  -4.6571 -1.7232 -4.3568
v  -4.7178 -1.6860 -4.3931
v  -4.6262 -1.7557 -4.3342
v  -4.5911 -1.7793 -4.3018
v  -4.5851 -1.7627 -4.3017
v  -4.6215 -1.7417 -4.3317
v  -4.5583 -1.8056 -4.2650
v  -4.5269 -1.8320 -4.2285
v  -4.5190 -1.8130 -4.2349
v  -4.5519 -1.7870 -4.2675
v  -4.4921 -1.8565 -4.2021
v  -4.4553 -1.8786 -4.1886
v  -4.4483 -1.8630 -4.1952
v  -4.4840 -1.8388 -4.2092
v  -4.4198 -1.8951 -4.1842
v  -4.3863 -1.9075 -4.1848
v  -4.3824 -1.8927 -4.1886
v  -4.4145 -1.8804 -4.1895
v  -4.3557 -1.9169 -4.1878
v  -4.3270 -1.9250 -4.1894
v  -4.3233 -1.9096 -4.1902
v  -4.3521 -1.9021 -4.1896
v  -4.2746 -1.9419 -4.1882
v  -4.3002 -1.9331 -4.1892
v  -4.2704 -1.9253 -4.1901
v  -4.2962 -1.9169 -4.1903
v  -4.2496 -1.9519 -4.1858
v  -4.2229 -1.9625 -4.1824
v  -4.2185 -1.9464 -4.1844
v  -4.2453 -1.9359 -4.1883
v  -4.1586 -1.9822 -4.1830
v  -4.1920 -1.9727 -4.1805
v  -4.1547 -1.9655 -4.1848
v  -4.1874 -1.9562 -4.1822
v  -4.1249 -1.9902 -4.1905
v  -4.0909 -1.9978 -4.2007
v  -4.0902 -1.9816 -4.2016
v  -4.1225 -1.9737 -4.1918
v  -4.6277 -1.6915 -4.3595
v  -4.6442 -1.7076 -4.3570
v  -4.6090 -1.7251 -4.3354
v  -4.5936 -1.7088 -4.3417
v  -4.5725 -1.7455 -4.3093
v  -4.5580 -1.7292 -4.3197
v  -4.5247 -1.7518 -4.2911
v  -4.5117 -1.7383 -4.3033
v  -4.5451 -1.7155 -4.3289
v  -4.4789 -1.7610 -4.2752
v  -4.4920 -1.7750 -4.2612
v  -4.5392 -1.7685 -4.2779
v  -4.5064 -1.7932 -4.2467
v  -4.4580 -1.7984 -4.2360
v  -4.4456 -1.7844 -4.2526
v  -4.4139 -1.8056 -4.2383
v  -4.4252 -1.8216 -4.2213
v  -4.4719 -1.8182 -4.2209
v  -4.4375 -1.8428 -4.2068
v  -4.3683 -1.8465 -4.2117
v  -4.3960 -1.8370 -4.2148
v  -4.4060 -1.8598 -4.2013
v  -4.3761 -1.8709 -4.1989
v  -4.3186 -1.8857 -4.1985
v  -4.3467 -1.8788 -4.1978
v  -4.3139 -1.8605 -4.2119
v  -4.3408 -1.8539 -4.2109
v  -4.2630 -1.8761 -4.2152
v  -4.2882 -1.8676 -4.2140
v  -4.2920 -1.8930 -4.2001
v  -4.2663 -1.9013 -4.2002
v  -4.2108 -1.8990 -4.2101
v  -4.2377 -1.8871 -4.2137
v  -4.2411 -1.9114 -4.1969
v  -4.2141 -1.9222 -4.1923
v  -4.1504 -1.9207 -4.2051
v  -4.1808 -1.9104 -4.2059
v  -4.1834 -1.9326 -4.1891
v  -4.1516 -1.9429 -4.1917
v  -4.6383 -1.6634 -4.3749
v  -4.6189 -1.6503 -4.3736
v  -4.6465 -1.6289 -4.3789
v  -4.6562 -1.6777 -4.3749
v  -4.6623 -1.6498 -4.3875
v  -4.6829 -1.6621 -4.3909
v  -4.6122 -1.6778 -4.3622
v  -4.6738 -1.6926 -4.3749
v  -4.7022 -1.6746 -4.3927
v  -4.5799 -1.6950 -4.3473
v  -4.6628 -1.3733 -4.4890
v  -4.6514 -1.3844 -4.4963
v  -4.6329 -1.3767 -4.4840
v  -4.6426 -1.3613 -4.4738
v  -4.6139 -1.3598 -4.4637
v  -4.6116 -1.3735 -4.4744
v  -4.7109 -1.3660 -4.5133
v  -4.7006 -1.3621 -4.4998
v  -4.6875 -1.3684 -4.5048
v  -4.6956 -1.3727 -4.5197
v  -4.6406 -1.3461 -4.4622
v  -4.6426 -1.3325 -4.4577
v  -4.6184 -1.3399 -4.4409
v  -4.6168 -1.3509 -4.4505
v  -4.6716 -1.3364 -4.4802
v  -4.6611 -1.3487 -4.4777
v  -4.6745 -1.3600 -4.4887
v  -4.6862 -1.3490 -4.4905
v  -4.6590 -1.3302 -4.4701
v  -4.6540 -1.3407 -4.4705
v  -4.7238 -1.3651 -4.5093
v  -4.7351 -1.3624 -4.5065
v  -4.7222 -1.3526 -4.4956
v  -4.7117 -1.3579 -4.4971
v  -4.6457 -1.3211 -4.4529
v  -4.6202 -1.3270 -4.4352
v  -4.6244 -1.3146 -4.4274
v  -4.6514 -1.3114 -4.4459
v  -4.6902 -1.3212 -4.4748
v  -4.6808 -1.3279 -4.4790
v  -4.6968 -1.3423 -4.4890
v  -4.7070 -1.3361 -4.4869
v  -4.6650 -1.3215 -4.4667
v  -4.6726 -1.3138 -4.4609
v  -4.6311 -1.3026 -4.4145
v  -4.6604 -1.3023 -4.4348
v  -4.6452 -1.2957 -4.3925
v  -4.6773 -1.2991 -4.4160
v  -4.7497 -1.3401 -4.4861
v  -4.7334 -1.3458 -4.4923
v  -4.7451 -1.3555 -4.5040
v  -4.7577 -1.3507 -4.4994
v  -4.7188 -1.3293 -4.4813
v  -4.7371 -1.3253 -4.4710
v  -4.7201 -1.3126 -4.4537
v  -4.7017 -1.3152 -4.4671
v  -4.6830 -1.3069 -4.4516
v  -4.7008 -1.3045 -4.4356
v  -4.7923 -1.3694 -4.4824
v  -4.7779 -1.3550 -4.4901
v  -4.7773 -1.3444 -4.4715
v  -4.8001 -1.3758 -4.4549
v  -4.7971 -1.3812 -4.4820
v  -4.8037 -1.3988 -4.4691
v  -4.7065 -1.3083 -4.3857
v  -4.6715 -1.3048 -4.3579
v  -4.6945 -1.3360 -4.3237
v  -4.7339 -1.3381 -4.3525
v  -4.7669 -1.3609 -4.4033
v  -4.7497 -1.3223 -4.4294
v  -4.7670 -1.3317 -4.4499
v  -4.7899 -1.3661 -4.4238
v  -4.7305 -1.3147 -4.4087
v  -4.7539 -1.3493 -4.3798
v  -4.8056 -1.4450 -4.4505
v  -4.7924 -1.4944 -4.4332
v  -4.7974 -1.4881 -4.4085
v  -4.8091 -1.4317 -4.4252
v  -4.7383 -1.4601 -4.3087
v  -4.7011 -1.4576 -4.2791
v  -4.7067 -1.3898 -4.2940
v  -4.7468 -1.3932 -4.3241
v  -4.7877 -1.4809 -4.3821
v  -4.7978 -1.4205 -4.3991
v  -4.7706 -1.4139 -4.3816
v  -4.7649 -1.4728 -4.3637
v  -4.7627 -1.4032 -4.3552
v  -4.7536 -1.4655 -4.3393
v  -4.7407 -1.5801 -4.4224
v  -4.7638 -1.5455 -4.4482
v  -4.7716 -1.5525 -4.4639
v  -4.7397 -1.6036 -4.4303
v  -4.7534 -1.5619 -4.4112
v  -4.7659 -1.5384 -4.4343
v  -4.6742 -1.5753 -4.3218
v  -4.6436 -1.5759 -4.3039
v  -4.6770 -1.5249 -4.2807
v  -4.7107 -1.5255 -4.3060
v  -4.7764 -1.5256 -4.4236
v  -4.7752 -1.5324 -4.4043
v  -4.7112 -1.5993 -4.3945
v  -4.6845 -1.6041 -4.3699
v  -4.6951 -1.6180 -4.4037
v  -4.7156 -1.5771 -4.3569
v  -4.7367 -1.5750 -4.3824
v  -4.6885 -1.6358 -4.4022
v  -4.7122 -1.6393 -4.4096
v  -4.6515 -1.6041 -4.3477
v  -4.6232 -1.6037 -4.3351
v  -4.6101 -1.6211 -4.3603
v  -4.6733 -1.5986 -4.3523
v  -4.6969 -1.5741 -4.3380
v  -4.5977 -1.6387 -4.3665
v  -4.7302 -1.5270 -4.3316
v  -4.7465 -1.5308 -4.3534
v  -4.7658 -1.5346 -4.3769
v  -4.7338 -1.6484 -4.4150
v  -4.7504 -1.6595 -4.4183
v  -4.7618 -1.6129 -4.4470
v  -4.7828 -1.6263 -4.4598
v  -4.7600 -1.6709 -4.4196
v  -4.7869 -1.6476 -4.4529
v  -4.9408 -1.4467 -4.6373
v  -4.9278 -1.4198 -4.6386
v  -4.9526 -1.4084 -4.6497
v  -4.9657 -1.4340 -4.6530
v  -4.9068 -1.4319 -4.6235
v  -4.9198 -1.4609 -4.6201
v  -4.9026 -1.4781 -4.6029
v  -4.8887 -1.4443 -4.6074
v  -4.8708 -1.4539 -4.5885
v  -4.8869 -1.5009 -4.5800
v  -4.8523 -1.4575 -4.5637
v  -4.8363 -1.4564 -4.5386
v  -4.8609 -1.5054 -4.5503
v  -4.8362 -1.5176 -4.5157
v  -4.8235 -1.4524 -4.5179
v  -4.8158 -1.5063 -4.4974
v  -4.7871 -1.5629 -4.4798
v  -4.8030 -1.5740 -4.4931
v  -4.8931 -1.5558 -4.5477
v  -4.8714 -1.5695 -4.5208
v  -4.8651 -1.5434 -4.5370
v  -4.8892 -1.5337 -4.5596
v  -4.8367 -1.5608 -4.5153
v  -4.8416 -1.5913 -4.4993
v  -4.8150 -1.5833 -4.4993
v  -4.8134 -1.6117 -4.4831
v  -4.8182 -1.6290 -4.4706
v  -4.8505 -1.6089 -4.4831
v  -4.8779 -1.5870 -4.5115
v  -4.8987 -1.5713 -4.5426
v  -4.9112 -1.1640 -5.3367
v  -4.9360 -1.1720 -5.3575
v  -4.9399 -1.1929 -5.3255
v  -4.9188 -1.1826 -5.3043
v  -4.8453 -1.1525 -5.2851
v  -4.8808 -1.1555 -5.3118
v  -4.8891 -1.1684 -5.2724
v  -4.8537 -1.1562 -5.2405
v  -4.8176 -1.1573 -5.2193
v  -4.7876 -1.1756 -5.2021
v  -4.7809 -1.1833 -5.2307
v  -4.8102 -1.1626 -5.2585
v  -4.7628 -1.1985 -5.1804
v  -4.7294 -1.2062 -5.1515
v  -4.7149 -1.2034 -5.1785
v  -4.7520 -1.2006 -5.2053
v  -4.6860 -1.2056 -5.1135
v  -4.6405 -1.2046 -5.0716
v  -4.6255 -1.1916 -5.1002
v  -4.6709 -1.1977 -5.1417
v  -4.6017 -1.2031 -5.0298
v  -4.5652 -1.2068 -4.9948
v  -4.5509 -1.2096 -5.0242
v  -4.5852 -1.1959 -5.0593
v  -4.5315 -1.2222 -4.9741
v  -4.4979 -1.2330 -4.9611
v  -4.4896 -1.2318 -4.9830
v  -4.5205 -1.2247 -4.9995
v  -4.4642 -1.2365 -4.9518
v  -4.4585 -1.2322 -4.9724
v  -4.4300 -1.2362 -4.9452
v  -4.4263 -1.2301 -4.9656
v  -4.3550 -1.2307 -4.9360
v  -4.3947 -1.2331 -4.9398
v  -4.3917 -1.2275 -4.9612
v  -4.3526 -1.2259 -4.9586
v  -4.3076 -1.2320 -4.9337
v  -4.2542 -1.2400 -4.9343
v  -4.3066 -1.2270 -4.9569
v  -4.2533 -1.2319 -4.9573
v  -4.1345 -1.2803 -4.9451
v  -4.1968 -1.2562 -4.9392
v  -4.1935 -1.2442 -4.9600
v  -4.1290 -1.2691 -4.9595
v  -4.6553 -1.2074 -5.1671
v  -4.7001 -1.2152 -5.2012
v  -4.6121 -1.2040 -5.1255
v  -4.6053 -1.2325 -5.1430
v  -4.6459 -1.2384 -5.1824
v  -4.6893 -1.2455 -5.2153
v  -4.5751 -1.2117 -5.0850
v  -4.5424 -1.2238 -5.0500
v  -4.5356 -1.2456 -5.0751
v  -4.5689 -1.2366 -5.1067
v  -4.5119 -1.2349 -5.0238
v  -4.4817 -1.2411 -5.0060
v  -4.4737 -1.2602 -5.0309
v  -4.5043 -1.2545 -5.0494
v  -4.4520 -1.2425 -4.9942
v  -4.4212 -1.2416 -4.9873
v  -4.4446 -1.2623 -5.0184
v  -4.4153 -1.2628 -5.0113
v  -4.3500 -1.2401 -4.9836
v  -4.3877 -1.2398 -4.9848
v  -4.3837 -1.2629 -5.0096
v  -4.3487 -1.2663 -5.0076
v  -4.2553 -1.2479 -4.9843
v  -4.3063 -1.2418 -4.9832
v  -4.2615 -1.2840 -4.9986
v  -4.3086 -1.2729 -5.0038
v  -4.1302 -1.2790 -4.9850
v  -4.1965 -1.2604 -4.9870
v  -4.2047 -1.2989 -4.9964
v  -4.1389 -1.3139 -4.9948
v  -4.0853 -1.4068 -4.6383
v  -4.0980 -1.4259 -4.6366
v  -4.0519 -1.4497 -4.6159
v  -4.0393 -1.4342 -4.6192
v  -3.9680 -1.4328 -4.6496
v  -3.9645 -1.4375 -4.6723
v  -3.9419 -1.4552 -4.6573
v  -3.9451 -1.4524 -4.6359
v  -3.9483 -1.4578 -4.6763
v  -3.9659 -1.4483 -4.6921
v  -3.9734 -1.4520 -4.6099
v  -3.9573 -1.4522 -4.6184
v  -3.9785 -1.4344 -4.6303
v  -3.9917 -1.4414 -4.6158
v  -4.1188 -1.4503 -4.6280
v  -4.1066 -1.4421 -4.6369
v  -4.0717 -1.4803 -4.6096
v  -4.0620 -1.4633 -4.6133
v  -3.9850 -1.4821 -4.5998
v  -3.9752 -1.4656 -4.6020
v  -4.0037 -1.4530 -4.6052
v  -4.0154 -1.4673 -4.6000
v  -3.9430 -1.4937 -4.6309
v  -3.9320 -1.4741 -4.6272
v  -3.9505 -1.4715 -4.6093
v  -3.9590 -1.4907 -4.6108
v  -3.9303 -1.4758 -4.6528
v  -3.9438 -1.4917 -4.6569
v  -3.9462 -1.4732 -4.6767
v  -3.9546 -1.4856 -4.6771
v  -4.0838 -1.4247 -4.8053
v  -4.1160 -1.4074 -4.8387
v  -4.1114 -1.4371 -4.8468
v  -4.0873 -1.4556 -4.8132
v  -4.1129 -1.4167 -4.8786
v  -4.1353 -1.3927 -4.8692
v  -4.1202 -1.3703 -4.8956
v  -4.0840 -1.3949 -4.9014
v  -4.0476 -1.3729 -4.9105
v  -4.0963 -1.3482 -4.9133
v  -4.0816 -1.3306 -4.9247
v  -4.0724 -1.3176 -4.9354
v  -4.0247 -1.3532 -4.9149
v  -4.0100 -1.3372 -4.9235
v  -3.9992 -1.3252 -4.9379
v  -4.0648 -1.3081 -4.9464
v  -4.0589 -1.3007 -4.9568
v  -3.9921 -1.3164 -4.9537
v  -3.9912 -1.3168 -4.9761
v  -4.0571 -1.3004 -4.9783
v  -3.9998 -1.3355 -4.9905
v  -4.0645 -1.3256 -4.9920
v  -3.9450 -1.3295 -4.9505
v  -3.9490 -1.3340 -4.9755
v  -3.9262 -1.3472 -4.9523
v  -3.9324 -1.3584 -4.9703
v  -3.9513 -1.3693 -4.9877
v  -3.9631 -1.3490 -4.9899
v  -3.9527 -1.3414 -4.9284
v  -3.9298 -1.3650 -4.9380
v  -3.9664 -1.3585 -4.9123
v  -3.9449 -1.3850 -4.9254
v  -3.9484 -1.3976 -4.9510
v  -3.9353 -1.3799 -4.9600
v  -3.9524 -1.3886 -4.9789
v  -3.9578 -1.4008 -4.9686
v  -3.9857 -1.3771 -4.9055
v  -4.0156 -1.3965 -4.9062
v  -4.0024 -1.4156 -4.9205
v  -3.9663 -1.4025 -4.9191
v  -3.9765 -1.3781 -5.0002
v  -3.9784 -1.3611 -4.9987
v  -4.0114 -1.3580 -5.0031
v  -4.0164 -1.3843 -5.0118
v  -4.0025 -1.4270 -4.9457
v  -3.9687 -1.4125 -4.9474
v  -3.9760 -1.4108 -4.9727
v  -4.0099 -1.4250 -4.9752
v  -3.9767 -1.3978 -4.9912
v  -4.0150 -1.4101 -5.0001
v  -4.3165 -1.5869 -4.3847
v  -4.2835 -1.6022 -4.3585
v  -4.2719 -1.6128 -4.3911
v  -4.3037 -1.6004 -4.4176
v  -4.2261 -1.5438 -4.2885
v  -4.1844 -1.5547 -4.2710
v  -4.2009 -1.5904 -4.2932
v  -4.2398 -1.5821 -4.3096
v  -4.1370 -1.6087 -4.2614
v  -4.1700 -1.5990 -4.2782
v  -4.1505 -1.5660 -4.2532
v  -4.1155 -1.5785 -4.2328
v  -4.2852 -1.6072 -4.4415
v  -4.2538 -1.5847 -4.4417
v  -4.2551 -1.6166 -4.4119
v  -4.2266 -1.5942 -4.4131
v  -4.2426 -1.6066 -4.3386
v  -4.2055 -1.6121 -4.3202
v  -4.2007 -1.6213 -4.3446
v  -4.2356 -1.6161 -4.3663
v  -4.1751 -1.6192 -4.3054
v  -4.1430 -1.6300 -4.2890
v  -4.1369 -1.6389 -4.3125
v  -4.1704 -1.6293 -4.3283
v  -4.2222 -1.6163 -4.3833
v  -4.1968 -1.5958 -4.3854
v  -4.1888 -1.6158 -4.3587
v  -4.1644 -1.5992 -4.3624
v  -4.1779 -1.5584 -4.3950
v  -4.2065 -1.5451 -4.4185
v  -4.1481 -1.5143 -4.4182
v  -4.1178 -1.5360 -4.3977
v  -4.1230 -1.6347 -4.3269
v  -4.1569 -1.6210 -4.3409
v  -4.1324 -1.6053 -4.3434
v  -4.0993 -1.6215 -4.3311
v  -4.1157 -1.5019 -4.4346
v  -4.1020 -1.5045 -4.4571
v  -4.0845 -1.5283 -4.4157
v  -4.0688 -1.5293 -4.4376
v  -4.1177 -1.5802 -4.3607
v  -4.1477 -1.5688 -4.3761
v  -4.0907 -1.5541 -4.3826
v  -4.0667 -1.5702 -4.3695
v  -4.0623 -1.6119 -4.3337
v  -4.0896 -1.5928 -4.3461
v  -4.0446 -1.5871 -4.3561
v  -4.0245 -1.6087 -4.3433
v  -4.1050 -1.5260 -4.4780
v  -4.1146 -1.5529 -4.4915
v  -4.0689 -1.5474 -4.4604
v  -4.0753 -1.5709 -4.4750
v  -4.0351 -1.5658 -4.3871
v  -4.0580 -1.5486 -4.4008
v  -4.0405 -1.5478 -4.4215
v  -4.0152 -1.5635 -4.4060
v  -4.0152 -1.5845 -4.3721
v  -3.9950 -1.5838 -4.3885
v  -3.9988 -1.6087 -4.3583
v  -3.9814 -1.6111 -4.3726
v  -4.1117 -1.5710 -4.5084
v  -4.0923 -1.5707 -4.5287
v  -4.0659 -1.5807 -4.4917
v  -4.0458 -1.5817 -4.5113
v  -4.0359 -1.5605 -4.4437
v  -4.0065 -1.5726 -4.4257
v  -4.0055 -1.5886 -4.4390
v  -4.0378 -1.5792 -4.4581
v  -3.9715 -1.6204 -4.3856
v  -3.9846 -1.5921 -4.4051
v  -3.9597 -1.6295 -4.3975
v  -3.9797 -1.6045 -4.4180
v  -3.9902 -1.5929 -4.4542
v  -4.0249 -1.5837 -4.4738
v  -4.0038 -1.5866 -4.4940
v  -3.9670 -1.5949 -4.4756
v  -3.9620 -1.6087 -4.4329
v  -3.9358 -1.6095 -4.4551
v  -3.9354 -1.6293 -4.4093
v  -3.9049 -1.6295 -4.4302
v  -4.9344 -1.2481 -4.7269
v  -4.9625 -1.2514 -4.7428
v  -4.9375 -1.2394 -4.7456
v  -4.9754 -1.2495 -4.7726
v  -4.9559 -1.2565 -4.7261
v  -4.9310 -1.2578 -4.7140
v  -4.9536 -1.2621 -4.7155
v  -4.9320 -1.2678 -4.7093
v  -4.9531 -1.2695 -4.7088
v  -4.9346 -1.2767 -4.7064
v  -4.9702 -1.2492 -4.7281
v  -4.9660 -1.2546 -4.7153
v  -4.9774 -1.2507 -4.7138
v  -4.9824 -1.2446 -4.7267
v  -4.9747 -1.2575 -4.7046
v  -4.9637 -1.2615 -4.7063
v  -4.9349 -1.2860 -4.6998
v  -4.9514 -1.2797 -4.7028
v  -4.9485 -1.2932 -4.6967
v  -4.9330 -1.2952 -4.6935
v  -4.9335 -1.3039 -4.6878
v  -4.9287 -1.3012 -4.6884
v  -4.9616 -1.2710 -4.6993
v  -4.9730 -1.2656 -4.6974
v  -4.9730 -1.2749 -4.6907
v  -4.9608 -1.2818 -4.6926
v  -4.9559 -1.3117 -4.6776
v  -4.9406 -1.3149 -4.6709
v  -4.9367 -1.3078 -4.6812
v  -4.9519 -1.3020 -4.6881
v  -4.9629 -1.2927 -4.6854
v  -4.9753 -1.2861 -4.6843
v  -4.9811 -1.2993 -4.6776
v  -4.9682 -1.3053 -4.6769
v  -4.9634 -1.3270 -4.6678
v  -4.9464 -1.3292 -4.6615
v  -4.9524 -1.3454 -4.6541
v  -4.9716 -1.3433 -4.6600
v  -5.0127 -1.2474 -4.7275
v  -4.9981 -1.2445 -4.7267
v  -5.0069 -1.2402 -4.7442
v  -5.0213 -1.2443 -4.7442
v  -4.9909 -1.2399 -4.7449
v  -5.0040 -1.2372 -4.7689
v  -5.0188 -1.2388 -4.7664
v  -5.0321 -1.2435 -4.7642
v  -5.0032 -1.2586 -4.7076
v  -4.9892 -1.2572 -4.7056
v  -4.9924 -1.2505 -4.7144
v  -5.0067 -1.2527 -4.7158
v  -5.0021 -1.2714 -4.6968
v  -4.9880 -1.2719 -4.6929
v  -4.9877 -1.2640 -4.6990
v  -5.0016 -1.2645 -4.7017
v  -4.9963 -1.2942 -4.6820
v  -4.9905 -1.2819 -4.6869
v  -5.0045 -1.2804 -4.6924
v  -5.0097 -1.2911 -4.6889
v  -5.0396 -1.2521 -4.7628
v  -5.0293 -1.2529 -4.7450
v  -5.0327 -1.2630 -4.7470
v  -5.0425 -1.2626 -4.7626
v  -5.0248 -1.2647 -4.7339
v  -5.0210 -1.2554 -4.7299
v  -5.0155 -1.2594 -4.7193
v  -5.0196 -1.2675 -4.7246
v  -5.0168 -1.2711 -4.7184
v  -5.0125 -1.2639 -4.7119
v  -5.0112 -1.2685 -4.7069
v  -5.0157 -1.2750 -4.7144
v  -5.0156 -1.2801 -4.7118
v  -5.0113 -1.2744 -4.7034
v  -5.0128 -1.2822 -4.7002
v  -5.0169 -1.2915 -4.6976
v  -5.0165 -1.2872 -4.7093
v  -5.0196 -1.2956 -4.7071
v  -5.0259 -1.3049 -4.7057
v  -5.0252 -1.3013 -4.6958
v  -5.0349 -1.3144 -4.7054
v  -5.0370 -1.3095 -4.6964
v  -5.0331 -1.3115 -4.6859
v  -5.0191 -1.3025 -4.6863
v  -5.0507 -1.3166 -4.6999
v  -5.0666 -1.3208 -4.7074
v  -5.0473 -1.3228 -4.7071
v  -5.0624 -1.3279 -4.7135
v  -5.0701 -1.3186 -4.6990
v  -5.0508 -1.3166 -4.6901
v  -5.1053 -1.3162 -4.7314
v  -5.0890 -1.3176 -4.7128
v  -5.0832 -1.3213 -4.7205
v  -5.0976 -1.3203 -4.7384
v  -5.0781 -1.3292 -4.7259
v  -5.0917 -1.3290 -4.7429
v  -5.1020 -1.3305 -4.7627
v  -5.1083 -1.3215 -4.7596
v  -5.1152 -1.3233 -4.7825
v  -5.1083 -1.3317 -4.7841
v  -5.1245 -1.3183 -4.7793
v  -5.1169 -1.3170 -4.7544
v  -5.1183 -1.3249 -4.8048
v  -5.1113 -1.3318 -4.8050
v  -5.1085 -1.3263 -4.8223
v  -5.1280 -1.3191 -4.8256
v  -5.1284 -1.3195 -4.8035
v  -5.1116 -1.3131 -4.8380
v  -5.1217 -1.3122 -4.8439
v  -5.1169 -1.3219 -4.8243
v  -5.1036 -1.3166 -4.8329
v  -5.0973 -1.3054 -4.8384
v  -5.1042 -1.3009 -4.8452
v  -5.1123 -1.2986 -4.8537
v  -5.0962 -1.2874 -4.8448
v  -5.1019 -1.2829 -4.8542
v  -5.0907 -1.2936 -4.8377
v  -5.0882 -1.2744 -4.8357
v  -5.0837 -1.2826 -4.8296
v  -5.0915 -1.2666 -4.8449
v  -5.0743 -1.2738 -4.8148
v  -5.0777 -1.2638 -4.8194
v  -5.0641 -1.2568 -4.8004
v  -5.0636 -1.2674 -4.7968
v  -5.0608 -1.2471 -4.8071
v  -5.0776 -1.2542 -4.8278
v  -5.0510 -1.2533 -4.7816
v  -5.0451 -1.2445 -4.7857
v  -5.0527 -1.2639 -4.7794
v  -5.0418 -1.3315 -4.7136
v  -5.0307 -1.3215 -4.7142
v  -5.0249 -1.3295 -4.7232
v  -5.0347 -1.3415 -4.7205
v  -5.0502 -1.3493 -4.7245
v  -5.0569 -1.3378 -4.7189
v  -5.0721 -1.3395 -4.7307
v  -5.0653 -1.3514 -4.7357
v  -5.0778 -1.3513 -4.7509
v  -5.0851 -1.3395 -4.7468
v  -5.0870 -1.3524 -4.7683
v  -5.0949 -1.3409 -4.7654
v  -5.0931 -1.3528 -4.7867
v  -5.1011 -1.3417 -4.7852
v  -5.1037 -1.3403 -4.8044
v  -5.0948 -1.3500 -4.8040
v  -5.0915 -1.3426 -4.8172
v  -5.1003 -1.3335 -4.8194
v  -5.0952 -1.3237 -4.8279
v  -5.0861 -1.3331 -4.8244
v  -5.0800 -1.3227 -4.8271
v  -5.0893 -1.3132 -4.8321
v  -5.0835 -1.3022 -4.8312
v  -5.0748 -1.3122 -4.8254
v  -5.0694 -1.3030 -4.8187
v  -5.0773 -1.2924 -4.8241
v  -5.0602 -1.2795 -4.7947
v  -5.0509 -1.2763 -4.7790
v  -5.0549 -1.2925 -4.7931
v  -5.0469 -1.2898 -4.7796
v  -5.0391 -1.2877 -4.7668
v  -5.0419 -1.2746 -4.7642
v  -5.0625 -1.2967 -4.8071
v  -5.0691 -1.2848 -4.8109
v  -5.0422 -1.3613 -4.7314
v  -5.0579 -1.3643 -4.7413
v  -5.0345 -1.3703 -4.7439
v  -5.0499 -1.3751 -4.7500
v  -5.0704 -1.3642 -4.7555
v  -5.0617 -1.3759 -4.7622
v  -5.0694 -1.3755 -4.7762
v  -5.0789 -1.3646 -4.7717
v  -5.0715 -1.3727 -4.7918
v  -5.0841 -1.3643 -4.7891
v  -5.0844 -1.3595 -4.8048
v  -5.0718 -1.3667 -4.8049
v  -5.0678 -1.3588 -4.8133
v  -5.0808 -1.3513 -4.8160
v  -5.0753 -1.3420 -4.8218
v  -5.0637 -1.3502 -4.8178
v  -5.0582 -1.3419 -4.8169
v  -5.0694 -1.3321 -4.8228
v  -5.0649 -1.3220 -4.8196
v  -5.0551 -1.3325 -4.8137
v  -5.0514 -1.3262 -4.8072
v  -5.0606 -1.3137 -4.8129
v  -5.0475 -1.3216 -4.7992
v  -5.0550 -1.3087 -4.8028
v  -5.0486 -1.3058 -4.7914
v  -5.0420 -1.3207 -4.7906
v  -5.0222 -1.2754 -4.7314
v  -5.0266 -1.2739 -4.7396
v  -5.0267 -1.2840 -4.7452
v  -5.0232 -1.2837 -4.7374
v  -5.0211 -1.2836 -4.7318
v  -5.0196 -1.2782 -4.7260
v  -5.0342 -1.3646 -4.7919
v  -5.0366 -1.3393 -4.7918
v  -5.0411 -1.3363 -4.7973
v  -5.0426 -1.3426 -4.8016
v  -5.0529 -1.3637 -4.8062
v  -5.0583 -1.3697 -4.8024
v  -5.0548 -1.3751 -4.7936
v  -5.0205 -1.2889 -4.7320
v  -5.0184 -1.2822 -4.7230
v  -5.0199 -1.2959 -4.7312
v  -5.0181 -1.2877 -4.7213
v  -5.0483 -1.3783 -4.7749
v  -5.0424 -1.3771 -4.7641
v  -5.0312 -1.3722 -4.7645
v  -5.0564 -1.3785 -4.7823
v  -5.0472 -1.3525 -4.8077
v  -5.0528 -1.3566 -4.8105
v  -5.0468 -1.3439 -4.8071
v  -5.0371 -1.3183 -4.7820
v  -5.0418 -1.3036 -4.7802
v  -5.0317 -1.3176 -4.7734
v  -5.0354 -1.3016 -4.7694
v  -5.0294 -1.3377 -4.7801
v  -5.0339 -1.3342 -4.7858
v  -5.0195 -1.3506 -4.7687
v  -5.0210 -1.3631 -4.7607
v  -5.0203 -1.3581 -4.7433
v  -5.0166 -1.3378 -4.7480
v  -5.0333 -1.2738 -4.7509
v  -5.0322 -1.2857 -4.7552
v  -5.0254 -1.2959 -4.7490
v  -5.0225 -1.2930 -4.7403
v  -5.0231 -1.3091 -4.7511
v  -5.0211 -1.3030 -4.7409
v  -5.0298 -1.2988 -4.7588
v  -5.0266 -1.3142 -4.7626
v  -5.0197 -1.3038 -4.7297
v  -5.0186 -1.2946 -4.7193
v  -5.0206 -1.3027 -4.7174
v  -5.0200 -1.3118 -4.7277
v  -5.0216 -1.3194 -4.7252
v  -5.0245 -1.3116 -4.7158
v  -5.0200 -1.3233 -4.7520
v  -5.0194 -1.3135 -4.7400
v  -5.0182 -1.3220 -4.7375
v  -5.0189 -1.3363 -4.7332
v  -5.0185 -1.3261 -4.7332
v  -5.0258 -1.3513 -4.7291
v  -5.0231 -1.3325 -4.7675
v  -4.9911 -1.2413 -4.7723
v  -4.9782 -1.2445 -4.7463
v  -5.0344 -1.2385 -4.7921
v  -5.0221 -1.2350 -4.7994
v  -5.0531 -1.2391 -4.8182
v  -5.0432 -1.2331 -4.8315
v  -5.0661 -1.2395 -4.8596
v  -5.0734 -1.2455 -4.8422
v  -5.0921 -1.2594 -4.8605
v  -5.0892 -1.2548 -4.8799
v  -5.1119 -1.2771 -4.8896
v  -5.1082 -1.2790 -4.8695
v  -5.1230 -1.2980 -4.8672
v  -5.1354 -1.3019 -4.8892
v  -5.1497 -1.3196 -4.8613
v  -5.1358 -1.3140 -4.8520
v  -5.1450 -1.3183 -4.8270
v  -5.1686 -1.3225 -4.8294
v  -5.1806 -1.3296 -4.8482
v  -5.1604 -1.3278 -4.8707
v  -5.1511 -1.3173 -4.8974
v  -5.1445 -1.3196 -4.8008
v  -5.1623 -1.3247 -4.7967
v  -5.1376 -1.3214 -4.7737
v  -5.1507 -1.3291 -4.7676
v  -5.1378 -1.3317 -4.7387
v  -5.1277 -1.3225 -4.7464
v  -5.1141 -1.3226 -4.7216
v  -5.1223 -1.3326 -4.7123
v  -5.1013 -1.3338 -4.6921
v  -5.0954 -1.3234 -4.7024
v  -5.0723 -1.3243 -4.6887
v  -5.0742 -1.3354 -4.6795
v  -5.0064 -1.3084 -4.6780
v  -5.0227 -1.3195 -4.6760
v  -5.0083 -1.3326 -4.6654
v  -4.9914 -1.3153 -4.6709
v  -4.9776 -1.3216 -4.6681
v  -4.9877 -1.3386 -4.6622
v  -5.0428 -1.3353 -4.6710
v  -5.0464 -1.3239 -4.6798
v  -4.9575 -1.3595 -4.6496
v  -4.9652 -1.3761 -4.6509
v  -4.9782 -1.3571 -4.6555
v  -4.9880 -1.3715 -4.6568
v  -5.0151 -1.3493 -4.6632
v  -4.9952 -1.3527 -4.6597
v  -5.0066 -1.3654 -4.6610
v  -5.0209 -1.3596 -4.6637
v  -5.0067 -1.3889 -4.6624
v  -4.9799 -1.3986 -4.6582
v  -4.9955 -1.4208 -4.6635
v  -5.0257 -1.4064 -4.6675
v  -5.0422 -1.3647 -4.6681
v  -5.0286 -1.3776 -4.6658
v  -5.0506 -1.3902 -4.6720
v  -5.0751 -1.3712 -4.6779
v  -5.0760 -1.3510 -4.6769
v  -5.0440 -1.3498 -4.6690
v  -5.1046 -1.3486 -4.6878
v  -5.1264 -1.3460 -4.7086
v  -5.1298 -1.3590 -4.7055
v  -5.1065 -1.3636 -4.6878
v  -5.1436 -1.3443 -4.7350
v  -5.1607 -1.3405 -4.7628
v  -5.1702 -1.3495 -4.7552
v  -5.1500 -1.3548 -4.7296
v  -5.1903 -1.3324 -4.8172
v  -5.1789 -1.3337 -4.7910
v  -5.1883 -1.3484 -4.7824
v  -5.1949 -1.3333 -4.8345
v  -5.1893 -1.3622 -4.7669
v  -5.1751 -1.3589 -4.7450
v  -5.1843 -1.3751 -4.7443
v  -5.1754 -1.3681 -4.7340
v  -5.1643 -1.3727 -4.7129
v  -5.1571 -1.3619 -4.7194
v  -5.1365 -1.3677 -4.6957
v  -5.1441 -1.3822 -4.6803
v  -5.1734 -1.3879 -4.7147
v  -5.1595 -1.4031 -4.6830
v  -5.1164 -1.3877 -4.6694
v  -5.1125 -1.3764 -4.6835
v  -5.0934 -1.4038 -4.6733
v  -5.0869 -1.3893 -4.6823
v  -5.1467 -1.4227 -4.6533
v  -5.1379 -1.4431 -4.6282
v  -5.1265 -1.4297 -4.6253
v  -5.1331 -1.4060 -4.6494
v  -5.1367 -1.4603 -4.6096
v  -5.1275 -1.4537 -4.6056
v  -5.1089 -1.4539 -4.6097
v  -5.1057 -1.4295 -4.6306
v  -5.0998 -1.4606 -4.6255
v  -5.0924 -1.4440 -4.6487
v  -5.1105 -1.4055 -4.6507
v  -5.0930 -1.4217 -4.6610
v  -5.0962 -1.4637 -4.6366
v  -5.0903 -1.4584 -4.6504
v  -5.0784 -1.4608 -4.6591
v  -5.0625 -1.4695 -4.6499
v  -5.0575 -1.4610 -4.6516
v  -5.0764 -1.4510 -4.6606
v  -4.9287 -1.5405 -4.5476
v  -4.9418 -1.5496 -4.5420
v  -4.9245 -1.5604 -4.5562
v  -4.9154 -1.5478 -4.5585
v  -4.9593 -1.5332 -4.5365
v  -4.9653 -1.5331 -4.5402
v  -4.9739 -1.5452 -4.5348
v  -4.9628 -1.5446 -4.5314
v  -4.9819 -1.5398 -4.5435
v  -4.9718 -1.5293 -4.5476
v  -4.9272 -1.5253 -4.5456
v  -4.9452 -1.5346 -4.5344
v  -4.9483 -1.5229 -4.5409
v  -4.9320 -1.5056 -4.5530
v  -4.9108 -1.5270 -4.5604
v  -4.9124 -1.5056 -4.5699
v  -4.9537 -1.5200 -4.5475
v  -4.9451 -1.5060 -4.5576
v  -4.9527 -1.5077 -4.5607
v  -4.9603 -1.5175 -4.5543
v  -4.9451 -1.4730 -4.5943
v  -4.9351 -1.4873 -4.5741
v  -4.9202 -1.4859 -4.5862
v  -4.9336 -1.4698 -4.6063
v  -5.0014 -1.5207 -4.5729
v  -4.9911 -1.5312 -4.5563
v  -4.9793 -1.5220 -4.5593
v  -4.9886 -1.5124 -4.5748
v  -4.9622 -1.4892 -4.5858
v  -4.9547 -1.4995 -4.5706
v  -4.9456 -1.4929 -4.5720
v  -4.9536 -1.4807 -4.5895
v  -4.9665 -1.5105 -4.5653
v  -4.9746 -1.5012 -4.5802
v  -5.0156 -1.4896 -4.6134
v  -5.0268 -1.4964 -4.6120
v  -5.0128 -1.5092 -4.5919
v  -5.0002 -1.5018 -4.5931
v  -4.9808 -1.4548 -4.6372
v  -4.9605 -1.4620 -4.6158
v  -4.9519 -1.4575 -4.6268
v  -4.9750 -1.4485 -4.6473
v  -5.0448 -1.4821 -4.6328
v  -5.0360 -1.4752 -4.6348
v  -5.0626 -1.4044 -4.6753
v  -5.0358 -1.4216 -4.6693
v  -5.0693 -1.4200 -4.6730
v  -5.0392 -1.4382 -4.6637
v  -4.9929 -1.4696 -4.6246
v  -4.9751 -1.4797 -4.6043
v  -4.9673 -1.4704 -4.6096
v  -4.9844 -1.4620 -4.6290
v  -5.0046 -1.4370 -4.6627
v  -5.0073 -1.4469 -4.6544
v  -5.0155 -1.4572 -4.6449
v  -5.0033 -1.4544 -4.6446
v  -5.0736 -1.4362 -4.6657
v  -5.0509 -1.4496 -4.6569
v  -5.0264 -1.4655 -4.6402
v  -5.0038 -1.4800 -4.6186
v  -4.9868 -1.4912 -4.5981
v  -4.9303 -1.2375 -4.7903
v  -4.9368 -1.2336 -4.7685
v  -4.9703 -1.2512 -4.7982
v  -4.9643 -1.2539 -4.8189
v  -4.9131 -1.2683 -4.8192
v  -4.9198 -1.2494 -4.8032
v  -4.9527 -1.2633 -4.8321
v  -4.9394 -1.2738 -4.8363
v  -5.0027 -1.2528 -4.8163
v  -5.0315 -1.2380 -4.8451
v  -5.0101 -1.2395 -4.8076
v  -5.0221 -1.2497 -4.8562
v  -5.0420 -1.2535 -4.8901
v  -5.0545 -1.2435 -4.8767
v  -5.0802 -1.2563 -4.9006
v  -5.0659 -1.2645 -4.9176
v  -5.0966 -1.2863 -4.9360
v  -5.1094 -1.2787 -4.9142
v  -5.1330 -1.3016 -4.9187
v  -5.1458 -1.3137 -4.9176
v  -4.9855 -1.2631 -4.8476
v  -4.9949 -1.2573 -4.8318
v  -5.0007 -1.2730 -4.8740
v  -5.0126 -1.2602 -4.8664
v  -4.9511 -1.2908 -4.8551
v  -4.9716 -1.2762 -4.8567
v  -4.9844 -1.2916 -4.8766
v  -4.9627 -1.3128 -4.8734
v  -5.0297 -1.2678 -4.8972
v  -5.0309 -1.3011 -4.9205
v  -5.0488 -1.2800 -4.9246
v  -5.0153 -1.2857 -4.8987
v  -5.0737 -1.2984 -4.9480
v  -5.0484 -1.3183 -4.9405
v  -4.9199 -1.2985 -4.8432
v  -4.8839 -1.3037 -4.8300
v  -4.8989 -1.3487 -4.8578
v  -4.9331 -1.3322 -4.8663
v  -4.8510 -1.3120 -4.8204
v  -4.8210 -1.3221 -4.8113
v  -4.8323 -1.3756 -4.8353
v  -4.8648 -1.3627 -4.8479
v  -4.7664 -1.3395 -4.7944
v  -4.7924 -1.3308 -4.8029
v  -4.8019 -1.3875 -4.8210
v  -4.7751 -1.3987 -4.8059
v  -4.6730 -1.3846 -4.7440
v  -4.6837 -1.3806 -4.7516
v  -4.6911 -1.4481 -4.7489
v  -4.6798 -1.4507 -4.7398
v  -4.7023 -1.4421 -4.7585
v  -4.6948 -1.3749 -4.7592
v  -4.6451 -1.3884 -4.7252
v  -4.6606 -1.3871 -4.7352
v  -4.6653 -1.4518 -4.7305
v  -4.6479 -1.4520 -4.7238
v  -4.6678 -1.5109 -4.7381
v  -4.6502 -1.5121 -4.7375
v  -4.6833 -1.5083 -4.7434
v  -4.6247 -1.3887 -4.7163
v  -4.5995 -1.3864 -4.7116
v  -4.6058 -1.4490 -4.7228
v  -4.6282 -1.4517 -4.7220
v  -4.6126 -1.5126 -4.7434
v  -4.6325 -1.5128 -4.7401
v  -4.5706 -1.3804 -4.7056
v  -4.5400 -1.3758 -4.6974
v  -4.5510 -1.4366 -4.7211
v  -4.5793 -1.4426 -4.7225
v  -4.5884 -1.5106 -4.7462
v  -4.5626 -1.5088 -4.7492
v  -4.5081 -1.3760 -4.6935
v  -4.4835 -1.3747 -4.7020
v  -4.5003 -1.4338 -4.7299
v  -4.5234 -1.4347 -4.7222
v  -4.7255 -1.3583 -4.7759
v  -4.7444 -1.3488 -4.7852
v  -4.7519 -1.4090 -4.7926
v  -4.7322 -1.4195 -4.7807
v  -4.7088 -1.3671 -4.7675
v  -4.7158 -1.4316 -4.7693
v  -4.6949 -1.5044 -4.7515
v  -4.7063 -1.4973 -4.7617
v  -4.8392 -1.4153 -4.8582
v  -4.8079 -1.4315 -4.8399
v  -4.7810 -1.4469 -4.8200
v  -4.7372 -1.4722 -4.7893
v  -4.7574 -1.4598 -4.8038
v  -4.7201 -1.4857 -4.7749
v  -4.9101 -1.3826 -4.8783
v  -4.9438 -1.3595 -4.8826
v  -4.9545 -1.3773 -4.8941
v  -4.9820 -1.3503 -4.9006
v  -4.9727 -1.3332 -4.8881
v  -4.9965 -1.3081 -4.8944
v  -5.0085 -1.3249 -4.9105
v  -5.0210 -1.3410 -4.9255
v  -4.9923 -1.3632 -4.9115
v  -4.9682 -1.3822 -4.9026
v  -4.8742 -1.3999 -4.8709
v  -4.9036 -1.2904 -5.1213
v  -4.8850 -1.2863 -5.1068
v  -4.8956 -1.2714 -5.1085
v  -4.9189 -1.2776 -5.1248
v  -4.8669 -1.2669 -5.0847
v  -4.8603 -1.2842 -5.0862
v  -4.8317 -1.2614 -5.0584
v  -4.8287 -1.2802 -5.0623
v  -4.7947 -1.2769 -5.0398
v  -4.7947 -1.2576 -5.0342
v  -4.7616 -1.2579 -5.0152
v  -4.7632 -1.2775 -5.0224
v  -4.7341 -1.2818 -5.0081
v  -4.7311 -1.2615 -4.9997
v  -4.7026 -1.2680 -4.9848
v  -4.7067 -1.2891 -4.9954
v  -4.6723 -1.2834 -4.9671
v  -4.6764 -1.3070 -4.9814
v  -4.9153 -1.2980 -5.1297
v  -4.9339 -1.2867 -5.1336
v  -4.8756 -1.3066 -5.1380
v  -4.8965 -1.3043 -5.1332
v  -4.8886 -1.2992 -5.1221
v  -4.8756 -1.3030 -5.1261
v  -4.8609 -1.3027 -5.1188
v  -4.8730 -1.2971 -5.1092
v  -4.8506 -1.2960 -5.0929
v  -4.8386 -1.3026 -5.1061
v  -4.7836 -1.2999 -5.0676
v  -4.7902 -1.2897 -5.0520
v  -4.8216 -1.2926 -5.0724
v  -4.8122 -1.3016 -5.0872
v  -4.7305 -1.3061 -5.0366
v  -4.7334 -1.2953 -5.0211
v  -4.7607 -1.2904 -5.0355
v  -4.7567 -1.3017 -5.0506
v  -4.6790 -1.3220 -4.9967
v  -4.7068 -1.3029 -5.0095
v  -4.7063 -1.3151 -5.0241
v  -4.6823 -1.3344 -5.0113
v  -4.8510 -1.3090 -5.1360
v  -4.8266 -1.3132 -5.1243
v  -4.7737 -1.3325 -5.0956
v  -4.7765 -1.3135 -5.0843
v  -4.8016 -1.3137 -5.1053
v  -4.7953 -1.3330 -5.1144
v  -4.7748 -1.3503 -5.1025
v  -4.7907 -1.3467 -5.1144
v  -4.7308 -1.3400 -5.0642
v  -4.7286 -1.3208 -5.0512
v  -4.7526 -1.3161 -5.0658
v  -4.7519 -1.3344 -5.0791
v  -4.7385 -1.3630 -5.0761
v  -4.7569 -1.3553 -5.0897
v  -4.7119 -1.3508 -5.0500
v  -4.7072 -1.3309 -5.0377
v  -4.6871 -1.3493 -5.0243
v  -4.6944 -1.3675 -5.0355
v  -4.7039 -1.3898 -5.0457
v  -4.7213 -1.3744 -5.0614
v  -4.6816 -1.4087 -5.0325
v  -4.6578 -1.4255 -5.0212
v  -4.6586 -1.4088 -5.0159
v  -4.6743 -1.3907 -5.0227
v  -4.6653 -1.3782 -5.0111
v  -4.6556 -1.3683 -4.9973
v  -4.6458 -1.4090 -5.0051
v  -4.6309 -1.4063 -4.9903
v  -4.6367 -1.4350 -5.0091
v  -4.6168 -1.4401 -4.9958
v  -4.6150 -1.4021 -4.9732
v  -4.6458 -1.3585 -4.9814
v  -4.6381 -1.3424 -4.9642
v  -4.5924 -1.3905 -4.9445
v  -4.6347 -1.3133 -4.9460
v  -4.5934 -1.3406 -4.9189
v  -4.5963 -1.4439 -4.9802
v  -4.5724 -1.4486 -4.9579
v  -4.5552 -1.3498 -4.8782
v  -4.5544 -1.3992 -4.8974
v  -4.5283 -1.4042 -4.8498
v  -4.5250 -1.3530 -4.8294
v  -4.5218 -1.4693 -4.8810
v  -4.5446 -1.4571 -4.9226
v  -4.5005 -1.3604 -4.7838
v  -4.5058 -1.4134 -4.8093
v  -4.4901 -1.4229 -4.7763
v  -4.4801 -1.3681 -4.7494
v  -4.4741 -1.3721 -4.7221
v  -4.4867 -1.4305 -4.7488
v  -4.5049 -1.4833 -4.8432
v  -4.4919 -1.4964 -4.8109
v  -4.5375 -1.5092 -4.7536
v  -4.5131 -1.5099 -4.7621
v  -4.4927 -1.5070 -4.7811
v  -4.1027 -1.4806 -4.6035
v  -4.1346 -1.4492 -4.6162
v  -4.1101 -1.5496 -4.5687
v  -4.1345 -1.5200 -4.5739
v  -4.1158 -1.5215 -4.5994
v  -4.0922 -1.5540 -4.5992
v  -4.0183 -1.5841 -4.5392
v  -4.0681 -1.5743 -4.5560
v  -4.0446 -1.5715 -4.5869
v  -3.9921 -1.5786 -4.5705
v  -3.9387 -1.5979 -4.5071
v  -3.9758 -1.5896 -4.5235
v  -3.9490 -1.5849 -4.5561
v  -3.9106 -1.5935 -4.5421
v  -3.8686 -1.6274 -4.4622
v  -3.9044 -1.6100 -4.4883
v  -3.8729 -1.6039 -4.5257
v  -3.8325 -1.6189 -4.5003
v  -4.0279 -1.4832 -4.6043
v  -4.0419 -1.4996 -4.6224
v  -4.0214 -1.5078 -4.6366
v  -4.0005 -1.4967 -4.6117
v  -3.9773 -1.5023 -4.6245
v  -4.0003 -1.5094 -4.6484
v  -3.9870 -1.5075 -4.6585
v  -3.9645 -1.5035 -4.6435
v  -4.0962 -1.5184 -4.6208
v  -4.0799 -1.5518 -4.6285
v  -4.0759 -1.5489 -4.6587
v  -4.0775 -1.5166 -4.6382
v  -4.0328 -1.5637 -4.6176
v  -3.9792 -1.5683 -4.6010
v  -3.9733 -1.5540 -4.6317
v  -4.0283 -1.5539 -4.6491
v  -3.9331 -1.5744 -4.5877
v  -3.8904 -1.5822 -4.5753
v  -3.9235 -1.5611 -4.6193
v  -3.8760 -1.5676 -4.6083
v  -3.8033 -1.6035 -4.5405
v  -3.8476 -1.5909 -4.5617
v  -3.7826 -1.5864 -4.5826
v  -3.8287 -1.5746 -4.5971
v  -3.7772 -1.5833 -4.6826
v  -3.8185 -1.5741 -4.6814
v  -3.8188 -1.5682 -4.6350
v  -3.7741 -1.5789 -4.6266
v  -3.8660 -1.5587 -4.6437
v  -3.8631 -1.5616 -4.6891
v  -3.9161 -1.5524 -4.6537
v  -3.9695 -1.5471 -4.6664
v  -3.9126 -1.5515 -4.6987
v  -3.9684 -1.5475 -4.7105
v  -3.9778 -1.4859 -4.6946
v  -3.9724 -1.4675 -4.7018
v  -4.0044 -1.4578 -4.7334
v  -4.0211 -1.4874 -4.7259
v  -3.9999 -1.5032 -4.6854
v  -3.9693 -1.4981 -4.6718
v  -4.0419 -1.4419 -4.7709
v  -4.0577 -1.4730 -4.7740
v  -4.0278 -1.5110 -4.6865
v  -4.0501 -1.5177 -4.6778
v  -4.0839 -1.5351 -4.7329
v  -4.0569 -1.5072 -4.7312
v  -4.0627 -1.5200 -4.6586
v  -4.0766 -1.5440 -4.6889
v  -4.0304 -1.5488 -4.7248
v  -4.0276 -1.5485 -4.6833
v  -4.1014 -1.5215 -4.7869
v  -4.0802 -1.4990 -4.7781
v  -4.1005 -1.4820 -4.8200
v  -4.1196 -1.5073 -4.8264
v  -4.0578 -1.4274 -4.9221
v  -4.0650 -1.4152 -4.9116
v  -4.1075 -1.4363 -4.8911
v  -4.1132 -1.4622 -4.9059
v  -4.1143 -1.4603 -4.8565
v  -4.1284 -1.4863 -4.8658
v  -4.0560 -1.4427 -4.9430
v  -4.0640 -1.4413 -4.9747
v  -4.1151 -1.4659 -4.9419
v  -4.1256 -1.4580 -4.9719
v  -4.1410 -1.4372 -4.9980
v  -4.0748 -1.4231 -5.0030
v  -4.0806 -1.3923 -5.0194
v  -4.1650 -1.4025 -5.0189
v  -4.0748 -1.3569 -5.0072
v  -4.1492 -1.3532 -5.0077
v  -4.2145 -1.3404 -5.0088
v  -4.2305 -1.3826 -5.0244
v  -4.2700 -1.3249 -5.0122
v  -4.2811 -1.3665 -5.0285
v  -4.3147 -1.3129 -5.0188
v  -4.3218 -1.3547 -5.0355
v  -4.3546 -1.3459 -5.0434
v  -4.3510 -1.3043 -5.0258
v  -4.3814 -1.2980 -5.0319
v  -4.3813 -1.3393 -5.0501
v  -4.4056 -1.3341 -5.0580
v  -4.4087 -1.2938 -5.0381
v  -4.4311 -1.3298 -5.0696
v  -4.4357 -1.2908 -5.0477
v  -4.4640 -1.2875 -5.0614
v  -4.4590 -1.3253 -5.0848
v  -4.4901 -1.3199 -5.1032
v  -4.4944 -1.2821 -5.0802
v  -4.5271 -1.2754 -5.1041
v  -4.5242 -1.3142 -5.1237
v  -4.5617 -1.3105 -5.1427
v  -4.5634 -1.2709 -5.1288
v  -4.6029 -1.3139 -5.1586
v  -4.6031 -1.2723 -5.1553
v  -4.1202 -1.5746 -4.8486
v  -4.1362 -1.5383 -4.8338
v  -4.1133 -1.5419 -4.8038
v  -4.0927 -1.5563 -4.7910
v  -3.9781 -1.5735 -4.8378
v  -4.0465 -1.5810 -4.8410
v  -4.0380 -1.5626 -4.7794
v  -3.9711 -1.5585 -4.7704
v  -3.8746 -1.5786 -4.8277
v  -3.9222 -1.5729 -4.8333
v  -3.9151 -1.5631 -4.7610
v  -3.8684 -1.5772 -4.7515
v  -3.8292 -1.5820 -4.8229
v  -3.8246 -1.5878 -4.7449
v  -3.7813 -1.5846 -4.7531
v  -3.7864 -1.5800 -4.8301
v  -4.1548 -1.5177 -4.8703
v  -4.1733 -1.5546 -4.8878
v  -4.2014 -1.5299 -4.9227
v  -4.1643 -1.4993 -4.9106
v  -4.1720 -1.4887 -4.9428
v  -4.1821 -1.4765 -4.9685
v  -4.2143 -1.5119 -4.9504
v  -4.2242 -1.4964 -4.9705
v  -4.2388 -1.4807 -4.9887
v  -4.1980 -1.4582 -4.9910
v  -4.2228 -1.4378 -5.0082
v  -4.2611 -1.4647 -5.0013
v  -4.2876 -1.4520 -5.0127
v  -4.2591 -1.4210 -5.0209
v  -4.2982 -1.4075 -5.0310
v  -4.3163 -1.4418 -5.0228
v  -4.3448 -1.4350 -5.0311
v  -4.3323 -1.3978 -5.0387
v  -4.3619 -1.3906 -5.0455
v  -4.3710 -1.4296 -5.0413
v  -4.4152 -1.4182 -5.0673
v  -4.4108 -1.3786 -5.0620
v  -4.3871 -1.3843 -5.0525
v  -4.3936 -1.4240 -5.0534
v  -4.4618 -1.4042 -5.1027
v  -4.4613 -1.3661 -5.0939
v  -4.4357 -1.3729 -5.0755
v  -4.4375 -1.4121 -5.0837
v  -4.5228 -1.3823 -5.1425
v  -4.5228 -1.3503 -5.1350
v  -4.4904 -1.3582 -5.1147
v  -4.4902 -1.3935 -5.1238
v  -4.5815 -1.3629 -5.1685
v  -4.5938 -1.3443 -5.1647
v  -4.5578 -1.3434 -5.1527
v  -4.5561 -1.3707 -5.1599
v  -4.5592 -1.3916 -5.1691
v  -4.5228 -1.4077 -5.1530
v  -4.5949 -1.3754 -5.1768
v  -4.4111 -1.4583 -5.0892
v  -4.4219 -1.4627 -5.1057
v  -4.4342 -1.4421 -5.0964
v  -4.4150 -1.4451 -5.0787
v  -4.4579 -1.4370 -5.1143
v  -4.4886 -1.4243 -5.1335
v  -4.3751 -1.4742 -5.0683
v  -4.3960 -1.4660 -5.0810
v  -4.3956 -1.4504 -5.0639
v  -4.3747 -1.4570 -5.0509
v  -4.4027 -1.4788 -5.0976
v  -4.3796 -1.4914 -5.0823
v  -4.3265 -1.4881 -5.0512
v  -4.3515 -1.4814 -5.0585
v  -4.3504 -1.4625 -5.0407
v  -4.3241 -1.4677 -5.0340
v  -4.3557 -1.5021 -5.0711
v  -4.3310 -1.5114 -5.0636
v  -4.2768 -1.5045 -5.0370
v  -4.3017 -1.4955 -5.0444
v  -4.2983 -1.4752 -5.0267
v  -4.2732 -1.4852 -5.0184
v  -4.2805 -1.5291 -5.0530
v  -4.3057 -1.5198 -5.0584
v  -4.2499 -1.4985 -5.0070
v  -4.2330 -1.5147 -4.9915
v  -4.2291 -1.5295 -5.0167
v  -4.2514 -1.5158 -5.0279
v  -4.2303 -1.5508 -5.0393
v  -4.2548 -1.5397 -5.0463
v  -4.1885 -1.5556 -4.9939
v  -4.2104 -1.5421 -5.0063
v  -4.2200 -1.5305 -4.9761
v  -4.2007 -1.5482 -4.9571
v  -4.1838 -1.5702 -5.0265
v  -4.2082 -1.5603 -5.0334
v  -4.1134 -1.5873 -4.9634
v  -4.1565 -1.5728 -4.9770
v  -4.1669 -1.5702 -4.9318
v  -4.1167 -1.5883 -4.9105
v  -4.1521 -1.5821 -5.0167
v  -4.1139 -1.5946 -5.0081
v  -4.0535 -1.5905 -4.9040
v  -3.9895 -1.5824 -4.9055
v  -4.0032 -1.5930 -4.9649
v  -4.0597 -1.5942 -4.9603
v  -4.0671 -1.6047 -5.0053
v  -4.0169 -1.6120 -5.0074
v  -3.9359 -1.5803 -4.9062
v  -3.8877 -1.5793 -4.9066
v  -3.9063 -1.5992 -4.9721
v  -3.9535 -1.5974 -4.9677
v  -3.9699 -1.6204 -5.0096
v  -3.9236 -1.6282 -5.0126
v  -3.8410 -1.5772 -4.9068
v  -3.7957 -1.5746 -4.9101
v  -3.8136 -1.6009 -4.9798
v  -3.8591 -1.6002 -4.9767
v  -3.8761 -1.6346 -5.0170
v  -3.8296 -1.6388 -5.0211
v  -4.0557 -2.0061 -4.2074
v  -4.0164 -2.0151 -4.2097
v  -4.0162 -1.9981 -4.2173
v  -4.0556 -1.9899 -4.2107
v  -3.8638 -2.0328 -4.2393
v  -3.8663 -2.0487 -4.2349
v  -3.8155 -2.0535 -4.2517
v  -3.8135 -2.0378 -4.2519
v  -3.9216 -2.0376 -4.2227
v  -3.9200 -2.0206 -4.2310
v  -3.9167 -1.9488 -4.2840
v  -3.9067 -1.9270 -4.2884
v  -3.9626 -1.9126 -4.2846
v  -3.9756 -1.9336 -4.2818
v  -3.9468 -1.8848 -4.2872
v  -3.8937 -1.8980 -4.2931
v  -3.9857 -1.8704 -4.2792
v  -4.0027 -1.8946 -4.2754
v  -4.0273 -1.9117 -4.2680
v  -3.9719 -2.0252 -4.2142
v  -3.9712 -2.0078 -4.2237
v  -3.9742 -1.9899 -4.2388
v  -4.0203 -1.9794 -4.2329
v  -3.9210 -2.0034 -4.2438
v  -3.9221 -1.9861 -4.2587
v  -3.9781 -1.9721 -4.2561
v  -4.0248 -1.9589 -4.2493
v  -3.9795 -1.9533 -4.2704
v  -4.0267 -1.9381 -4.2610
v  -3.9211 -1.9679 -4.2722
v  -3.8446 -1.6933 -4.3646
v  -3.7966 -1.6934 -4.3799
v  -3.8278 -1.6549 -4.4248
v  -3.8701 -1.6573 -4.3997
v  -3.7404 -1.6851 -4.4068
v  -3.7873 -1.6445 -4.4598
v  -4.0039 -1.8537 -4.2646
v  -4.0202 -1.8713 -4.2593
v  -4.0210 -1.8497 -4.2355
v  -4.0064 -1.8377 -4.2439
v  -4.0389 -1.8769 -4.2505
v  -4.0378 -1.8519 -4.2246
v  -4.0430 -1.6824 -4.2931
v  -4.0847 -1.6575 -4.3118
v  -4.0952 -1.6570 -4.2930
v  -4.0470 -1.6835 -4.2714
v  -4.0303 -1.6789 -4.3052
v  -4.0651 -1.6481 -4.3212
v  -4.0932 -1.6217 -4.2376
v  -4.1026 -1.6482 -4.2655
v  -4.0605 -1.6648 -4.2390
v  -4.0491 -1.6377 -4.2097
v  -4.0712 -1.5940 -4.2061
v  -4.0251 -1.6124 -4.1761
v  -3.9568 -1.6173 -4.1013
v  -3.9855 -1.6351 -4.1459
v  -3.9610 -1.6585 -4.1211
v  -3.9213 -1.6516 -4.0673
v  -3.9879 -1.6744 -4.1550
v  -4.0142 -1.6559 -4.1812
v  -4.0255 -1.6788 -4.2115
v  -3.9974 -1.6950 -4.1827
v  -3.9960 -1.7185 -4.2017
v  -4.0202 -1.7030 -4.2340
v  -3.9935 -1.7453 -4.2079
v  -4.0101 -1.7357 -4.2404
v  -4.0012 -1.7704 -4.2367
v  -3.9912 -1.7718 -4.2067
v  -4.0070 -1.7727 -4.2625
v  -4.0202 -1.7298 -4.2678
v  -3.9987 -1.8012 -4.2292
v  -4.0007 -1.8099 -4.2539
v  -3.9934 -1.7955 -4.2013
v  -4.0038 -1.8240 -4.2188
v  -4.0012 -1.8124 -4.1927
v  -4.0173 -1.8337 -4.2082
v  -4.0349 -1.8329 -4.1962
v  -4.0147 -1.8175 -4.1828
v  -4.0305 -1.8123 -4.1710
v  -4.0490 -1.8005 -4.1547
v  -4.0395 -1.7947 -4.1222
v  -4.0217 -1.8016 -4.1429
v  -4.0085 -1.8121 -4.1144
v  -4.0294 -1.8103 -4.0889
v  -4.0108 -1.8041 -4.1582
v  -4.0004 -1.8035 -4.1685
v  -3.9950 -1.8024 -4.1507
v  -3.9990 -1.8068 -4.1356
v  -3.9175 -1.6835 -4.3554
v  -3.8850 -1.6889 -4.3578
v  -3.9068 -1.6568 -4.3846
v  -3.9370 -1.6564 -4.3775
v  -3.7619 -1.8108 -4.3368
v  -3.7489 -1.7534 -4.3604
v  -3.7915 -1.7491 -4.3343
v  -3.8103 -1.8049 -4.3176
v  -3.8428 -1.7416 -4.3285
v  -3.8669 -1.7974 -4.3008
v  -3.7880 -1.9048 -4.3101
v  -3.7760 -1.8627 -4.3240
v  -3.8247 -1.8576 -4.3092
v  -3.8367 -1.9013 -4.3014
v  -3.8788 -1.8548 -4.2957
v  -3.9117 -1.7361 -4.3191
v  -3.8948 -1.7579 -4.3100
v  -3.8808 -1.7276 -4.3298
v  -3.9103 -1.7140 -4.3336
v  -3.9328 -1.8424 -4.2907
v  -3.9740 -1.8308 -4.2845
v  -3.9246 -1.7973 -4.2958
v  -3.9735 -1.7779 -4.2942
v  -4.0007 -1.7769 -4.2817
v  -4.0166 -1.7285 -4.2869
v  -4.0025 -1.7240 -4.2990
v  -3.9948 -1.8198 -4.2714
v  -4.0357 -1.6395 -4.3230
v  -4.0064 -1.6378 -4.3321
v  -4.0106 -1.6738 -4.3143
v  -3.9905 -1.6701 -4.3245
v  -3.9746 -1.6684 -4.3356
v  -3.9850 -1.6388 -4.3456
v  -3.9698 -1.6432 -4.3595
v  -3.9598 -1.6736 -4.3459
v  -3.9573 -1.6517 -4.3706
v  -3.9419 -1.6790 -4.3525
v  -3.9552 -1.6996 -4.3326
v  -3.9684 -1.6906 -4.3295
v  -3.9760 -1.7000 -4.3202
v  -3.9573 -1.7219 -4.3192
v  -3.9355 -1.7061 -4.3343
v  -3.9321 -1.7336 -4.3176
v  -3.9263 -1.7625 -4.3046
v  -3.9618 -1.7456 -4.3062
v  -3.9879 -1.7125 -4.3088
v  -4.0055 -1.6098 -3.8776
v  -4.0011 -1.5762 -3.9243
v  -3.9635 -1.5988 -3.8910
v  -3.9716 -1.6288 -3.8449
v  -4.0269 -1.7028 -3.8393
v  -4.0178 -1.6534 -3.8460
v  -3.9886 -1.6701 -3.8115
v  -4.0031 -1.7175 -3.7999
v  -3.9900 -1.7931 -3.8401
v  -4.0056 -1.7604 -3.8137
v  -4.0252 -1.7462 -3.8587
v  -4.0071 -1.7775 -3.8908
v  -3.9583 -1.8465 -3.8804
v  -3.9751 -1.8216 -3.8613
v  -3.9948 -1.8079 -3.9144
v  -3.9796 -1.8338 -3.9365
v  -3.9805 -1.7780 -4.1773
v  -3.9683 -1.7887 -4.1457
v  -3.9831 -1.7982 -4.1482
v  -3.9891 -1.7939 -4.1747
v  -3.9484 -1.7522 -4.1386
v  -3.9555 -1.7730 -4.1443
v  -3.9746 -1.7575 -4.1775
v  -3.9719 -1.7345 -4.1715
v  -3.9470 -1.8215 -4.0543
v  -3.9778 -1.8324 -4.0171
v  -4.0062 -1.8216 -4.0564
v  -3.9839 -1.8178 -4.0879
v  -3.9569 -1.8028 -4.1075
v  -3.9790 -1.8076 -4.1188
v  -3.8949 -1.8556 -3.9164
v  -3.9282 -1.8594 -3.9005
v  -3.9505 -1.8462 -3.9632
v  -3.9178 -1.8401 -3.9844
v  -3.9687 -1.6914 -4.1341
v  -3.9728 -1.7117 -4.1552
v  -3.9488 -1.7297 -4.1250
v  -3.9467 -1.7066 -4.1061
v  -3.9374 -1.7912 -4.1034
v  -3.9177 -1.8098 -4.0534
v  -3.9248 -1.7725 -4.0992
v  -3.9007 -1.7927 -4.0514
v  -3.8747 -1.8099 -3.9945
v  -3.8927 -1.8275 -3.9933
v  -3.8520 -1.8243 -3.9298
v  -3.8693 -1.8437 -3.9258
v  -3.9540 -1.6761 -4.1120
v  -3.9321 -1.6830 -4.0845
v  -3.9229 -1.7502 -4.0879
v  -3.9216 -1.7264 -4.0702
v  -3.8969 -1.7704 -4.0429
v  -3.8954 -1.7466 -4.0267
v  -3.8697 -1.7628 -3.9760
v  -3.8719 -1.7866 -3.9886
v  -3.8508 -1.8002 -3.9277
v  -3.8487 -1.7771 -3.9195
v  -3.9032 -1.6218 -3.9575
v  -3.9338 -1.5943 -3.9977
v  -3.9310 -1.5941 -3.9536
v  -3.9084 -1.6207 -3.9153
v  -3.9309 -1.6015 -3.9091
v  -3.9141 -1.6178 -3.8883
v  -3.9425 -1.6036 -4.0485
v  -3.9077 -1.6323 -4.0089
v  -3.8868 -1.6740 -4.0156
v  -3.9066 -1.6999 -4.0473
v  -3.8801 -1.7202 -4.0034
v  -3.8620 -1.6944 -3.9703
v  -3.8434 -1.7132 -3.9222
v  -3.8544 -1.7374 -3.9553
v  -3.8373 -1.7542 -3.9007
v  -3.8348 -1.7331 -3.8698
v  -3.9418 -1.6530 -3.8137
v  -3.9342 -1.6226 -3.8600
v  -3.9097 -1.6349 -3.8453
v  -3.9124 -1.6675 -3.7813
v  -3.8821 -1.6441 -3.9147
v  -3.8804 -1.6552 -3.9668
v  -3.8595 -1.6752 -3.9226
v  -3.8694 -1.6657 -3.8708
v  -3.8943 -1.6426 -3.8697
v  -3.8877 -1.6656 -3.8239
v  -3.8631 -1.6894 -3.8280
v  -3.8459 -1.6956 -3.8764
v  -3.8429 -1.7190 -3.8292
v  -3.8616 -1.7148 -3.7868
v  -3.9035 -1.7019 -3.7423
v  -3.8841 -1.6921 -3.7848
v  -3.8804 -1.7187 -3.7486
v  -3.8957 -1.7267 -3.7093
v  -3.9817 -1.7339 -3.7557
v  -3.9614 -1.6905 -3.7750
v  -3.9430 -1.7064 -3.7336
v  -3.9653 -1.7493 -3.7112
v  -3.9892 -1.7744 -3.7626
v  -3.9796 -1.8076 -3.7829
v  -3.9679 -1.8190 -3.7287
v  -3.9735 -1.7876 -3.7133
v  -3.9495 -1.7637 -3.6757
v  -3.9284 -1.7262 -3.7006
v  -3.9158 -1.7458 -3.6687
v  -3.9334 -1.7783 -3.6442
v  -3.9632 -1.8339 -3.8024
v  -3.9448 -1.8568 -3.8198
v  -3.9350 -1.8641 -3.7622
v  -3.9535 -1.8437 -3.7464
v  -3.9544 -1.8285 -3.6859
v  -3.9581 -1.7989 -3.6740
v  -3.9409 -1.8365 -3.6520
v  -3.9425 -1.8097 -3.6415
v  -3.9143 -1.8689 -3.8344
v  -3.8813 -1.8657 -3.8455
v  -3.8743 -1.8696 -3.7801
v  -3.9053 -1.8733 -3.7729
v  -3.9161 -1.8716 -3.6773
v  -3.9325 -1.8580 -3.6650
v  -3.9430 -1.8516 -3.7014
v  -3.9256 -1.8686 -3.7156
v  -3.8336 -1.8395 -3.7933
v  -3.8501 -1.8578 -3.7864
v  -3.8557 -1.8541 -3.8537
v  -3.8380 -1.8356 -3.8596
v  -3.8344 -1.8007 -3.8158
v  -3.8332 -1.8178 -3.8026
v  -3.8382 -1.8120 -3.8624
v  -3.8373 -1.7913 -3.8586
v  -3.8985 -1.8749 -3.7242
v  -3.8705 -1.8705 -3.7294
v  -3.8673 -1.8702 -3.6889
v  -3.8922 -1.8754 -3.6847
v  -3.8373 -1.7565 -3.8137
v  -3.8334 -1.7726 -3.8410
v  -3.8359 -1.7924 -3.7899
v  -3.8418 -1.7804 -3.7643
v  -3.8470 -1.8574 -3.7336
v  -3.8340 -1.8353 -3.7416
v  -3.8392 -1.8239 -3.6971
v  -3.8454 -1.8548 -3.6911
v  -3.8409 -1.8026 -3.7308
v  -3.8352 -1.8133 -3.7587
v  -3.8619 -1.7415 -3.7476
v  -3.8470 -1.7456 -3.7817
v  -3.8496 -1.7699 -3.7421
v  -3.8579 -1.7672 -3.7152
v  -3.8854 -1.7508 -3.6749
v  -3.8756 -1.7443 -3.7129
v  -3.8665 -1.7700 -3.6830
v  -3.8725 -1.7761 -3.6467
v  -3.8487 -1.7944 -3.6963
v  -3.8468 -1.7899 -3.7189
v  -3.8564 -1.8035 -3.6311
v  -3.8522 -1.7985 -3.6655
v  -3.8424 -1.8273 -3.6573
v  -3.8446 -1.8298 -3.6246
v  -3.8451 -1.8531 -3.6550
v  -3.8456 -1.8522 -3.6235
v  -3.8604 -1.8658 -3.6235
v  -3.8634 -1.8685 -3.6540
v  -3.8482 -1.8319 -3.5950
v  -3.8480 -1.8506 -3.5952
v  -3.8526 -1.8323 -3.5770
v  -3.8533 -1.8483 -3.5721
v  -3.8609 -1.8594 -3.5794
v  -3.8597 -1.8624 -3.5962
v  -3.8848 -1.8742 -3.6506
v  -3.8782 -1.8716 -3.6208
v  -3.9056 -1.8722 -3.6445
v  -3.8962 -1.8705 -3.6161
v  -3.9109 -1.8616 -3.6096
v  -3.9211 -1.8619 -3.6351
v  -3.9279 -1.8439 -3.6243
v  -3.9189 -1.8486 -3.6067
v  -3.8612 -1.8100 -3.5972
v  -3.8813 -1.7870 -3.6081
v  -3.8948 -1.8158 -3.5796
v  -3.8678 -1.8226 -3.5710
v  -3.9158 -1.7946 -3.6119
v  -3.9003 -1.7654 -3.6346
v  -3.9137 -1.8359 -3.5900
v  -3.9269 -1.8214 -3.6119
v  -3.9033 -1.8538 -3.5846
v  -3.8894 -1.8655 -3.5900
v  -3.8856 -1.8592 -3.5736
v  -3.8908 -1.8441 -3.5671
v  -3.8717 -1.8442 -3.5587
v  -3.8722 -1.8605 -3.5729
v  -3.8741 -1.8669 -3.5942
v  -4.3621 -1.7610 -4.2364
v  -4.3753 -1.7958 -4.2413
v  -4.3486 -1.8029 -4.2370
v  -4.3404 -1.7655 -4.2261
v  -4.3607 -1.8262 -4.2255
v  -4.3864 -1.8181 -4.2297
v  -4.3100 -1.8394 -4.2248
v  -4.3353 -1.8332 -4.2246
v  -4.3287 -1.8172 -4.2375
v  -4.3060 -1.8217 -4.2387
v  -4.2962 -1.6887 -4.1860
v  -4.3060 -1.7275 -4.2057
v  -4.2828 -1.7281 -4.1969
v  -4.2736 -1.6920 -4.1766
v  -4.3159 -1.7618 -4.2181
v  -4.3208 -1.7866 -4.2302
v  -4.2955 -1.7771 -4.2263
v  -4.2904 -1.7559 -4.2117
v  -4.2993 -1.7989 -4.2372
v  -4.3188 -1.8018 -4.2364
v  -4.2501 -1.6974 -4.1662
v  -4.2592 -1.7318 -4.1876
v  -4.2358 -1.7394 -4.1774
v  -4.2269 -1.7063 -4.1550
v  -4.2850 -1.8458 -4.2262
v  -4.2600 -1.8539 -4.2276
v  -4.2564 -1.8323 -4.2401
v  -4.2819 -1.8261 -4.2395
v  -4.2649 -1.7546 -4.2061
v  -4.2697 -1.7740 -4.2228
v  -4.2431 -1.7755 -4.2205
v  -4.2393 -1.7579 -4.2008
v  -4.2494 -1.8020 -4.2381
v  -4.2757 -1.7988 -4.2376
v  -4.2119 -1.7504 -4.1691
v  -4.2042 -1.7195 -4.1444
v  -4.1844 -1.7603 -4.1666
v  -4.1809 -1.7363 -4.1357
v  -4.2345 -1.8651 -4.2275
v  -4.2076 -1.8778 -4.2252
v  -4.2027 -1.8544 -4.2400
v  -4.2302 -1.8421 -4.2406
v  -4.2151 -1.7795 -4.2214
v  -4.2124 -1.7632 -4.1983
v  -4.1825 -1.7684 -4.1998
v  -4.1847 -1.7854 -4.2256
v  -4.2220 -1.8083 -4.2409
v  -4.1926 -1.8179 -4.2452
v  -4.1541 -1.7543 -4.1321
v  -4.1260 -1.7711 -4.1373
v  -4.1533 -1.7699 -4.1681
v  -4.1239 -1.7840 -4.1732
v  -4.1537 -1.7967 -4.2283
v  -4.1507 -1.7768 -4.2025
v  -4.1226 -1.7932 -4.2051
v  -4.1280 -1.8135 -4.2272
v  -4.0795 -1.8303 -4.2033
v  -4.0574 -1.8455 -4.2114
v  -4.0550 -1.8220 -4.1832
v  -4.0762 -1.8061 -4.1681
v  -4.0997 -1.8024 -4.1850
v  -4.0998 -1.7890 -4.1508
v  -4.1113 -1.8310 -4.2261
v  -4.1032 -1.8138 -4.2104
v  -4.0932 -1.8380 -4.2184
v  -4.1029 -1.8442 -4.2266
v  -4.1785 -1.8907 -4.2212
v  -4.1501 -1.9016 -4.2185
v  -4.1474 -1.8794 -4.2307
v  -4.1737 -1.8678 -4.2357
v  -4.1627 -1.8315 -4.2448
v  -4.1379 -1.8458 -4.2396
v  -4.0606 -1.8726 -4.2381
v  -4.0800 -1.8659 -4.2300
v  -4.0843 -1.8963 -4.2381
v  -4.0616 -1.9034 -4.2495
v  -4.0620 -1.9473 -4.2378
v  -4.0592 -1.9700 -4.2243
v  -4.0922 -1.9606 -4.2130
v  -4.0950 -1.9337 -4.2251
v  -4.0937 -1.8653 -4.2305
v  -4.1065 -1.8648 -4.2327
v  -4.1104 -1.8912 -4.2311
v  -4.0987 -1.8922 -4.2336
v  -4.0618 -1.9264 -4.2466
v  -4.0860 -1.9174 -4.2352
v  -4.1076 -1.9115 -4.2266
v  -4.0984 -1.9094 -4.2313
v  -4.1230 -1.9291 -4.2123
v  -4.1256 -1.9086 -4.2210
v  -4.1264 -1.8870 -4.2293
v  -4.1220 -1.9520 -4.2012
v  -4.1199 -1.8577 -4.2348
v  -4.8971 -1.1649 -5.3588
v  -4.9182 -1.1729 -5.3762
v  -4.8962 -1.1847 -5.3779
v  -4.8855 -1.1764 -5.3654
v  -4.8694 -1.1641 -5.3383
v  -4.8378 -1.1709 -5.3133
v  -4.8372 -1.1957 -5.3285
v  -4.8656 -1.1830 -5.3531
v  -4.8700 -1.1982 -5.3661
v  -4.8427 -1.2159 -5.3402
v  -4.7748 -1.2044 -5.2494
v  -4.8059 -1.1865 -5.2820
v  -4.8066 -1.2143 -5.2950
v  -4.7725 -1.2323 -5.2610
v  -4.7409 -1.2156 -5.2241
v  -4.7326 -1.2431 -5.2378
v  -4.6867 -1.2909 -5.2173
v  -4.7301 -1.2805 -5.2459
v  -4.7758 -1.2608 -5.2704
v  -4.6452 -1.2835 -5.1852
v  -4.6454 -1.3280 -5.1748
v  -4.6258 -1.3573 -5.1744
v  -4.8136 -1.2382 -5.3045
v  -3.7983 -1.9590 -4.2866
v  -3.7977 -1.9348 -4.2971
v  -3.8457 -1.9338 -4.2913
v  -3.8518 -1.9575 -4.2819
v  -3.8558 -1.9783 -4.2698
v  -3.7999 -1.9831 -4.2740
v  -3.8591 -1.9980 -4.2579
v  -3.8055 -2.0051 -4.2628
v  -3.8619 -2.0162 -4.2470
v  -3.8128 -2.0227 -4.2546
v  -2.4349 -1.6145 -5.1593
v  -2.3724 -1.6054 -5.1926
v  -2.4042 -1.5837 -5.2406
v  -2.4617 -1.5863 -5.2128
v  -2.3528 -1.5944 -5.2748
v  -2.3233 -1.6148 -5.2321
v  -2.3780 -1.5594 -5.3118
v  -2.4845 -1.5573 -5.2851
v  -2.4310 -1.5541 -5.2981
v  -2.3352 -1.6214 -5.1492
v  -2.2873 -1.6275 -5.1863
v  -2.3978 -1.6341 -5.1189
v  -2.3593 -1.6505 -5.0859
v  -2.2995 -1.6395 -5.1097
v  -2.2343 -1.6346 -5.1421
v  -2.2346 -1.8051 -4.9268
v  -2.2266 -1.7564 -4.9481
v  -2.2597 -1.7647 -4.9528
v  -2.2700 -1.8084 -4.9339
v  -2.2575 -1.7258 -4.9723
v  -2.2275 -1.7116 -4.9663
v  -2.3027 -1.7421 -4.9779
v  -2.3057 -1.7767 -4.9618
v  -2.3136 -1.8171 -4.9467
v  -2.3500 -1.7883 -4.9766
v  -2.3522 -1.8276 -4.9642
v  -2.3440 -1.7548 -4.9885
v  -2.4289 -1.7563 -5.0040
v  -2.4319 -1.8027 -4.9876
v  -2.4284 -1.8429 -4.9749
v  -2.2822 -1.8607 -4.9185
v  -2.2451 -1.8561 -4.9056
v  -2.3220 -1.8685 -4.9351
v  -2.3542 -1.8746 -4.9512
v  -2.4233 -1.8865 -4.9624
v  -2.2719 -1.6539 -5.0732
v  -2.2209 -1.6436 -5.0864
v  -2.3286 -1.6675 -5.0558
v  -2.3036 -1.6847 -5.0270
v  -2.2783 -1.6722 -5.0368
v  -2.2398 -1.6575 -5.0391
v  -2.4204 -1.6693 -5.0754
v  -2.3903 -1.6905 -5.0423
v  -2.4562 -1.7112 -5.0391
v  -2.4650 -1.6853 -5.0670
v  -2.3638 -1.7137 -5.0165
v  -2.2652 -1.6927 -4.9999
v  -2.3070 -1.7114 -4.9999
v  -2.2354 -1.6774 -4.9963
v  -2.3307 -1.7258 -5.0005
v  -3.4605 -1.5486 -5.4237
v  -3.3689 -1.5459 -5.5278
v  -3.3264 -1.5267 -5.4430
v  -3.4149 -1.5186 -5.3455
v  -3.2435 -1.5254 -5.5381
v  -3.2810 -1.5455 -5.6265
v  -3.3784 -1.5400 -5.2723
v  -3.2941 -1.5398 -5.3669
v  -3.2604 -1.5796 -5.2999
v  -3.3445 -1.5748 -5.2093
v  -3.1787 -1.5895 -5.3845
v  -3.2131 -1.5386 -5.4572
v  -3.2159 -1.4814 -5.2350
v  -3.2288 -1.5366 -5.2605
v  -3.3073 -1.5470 -5.1649
v  -3.2964 -1.4929 -5.1408
v  -3.1398 -1.4703 -5.3265
v  -3.1536 -1.5292 -5.3513
v  -3.2304 -1.5935 -4.8152
v  -3.2427 -1.6473 -4.7674
v  -3.1666 -1.6301 -4.8389
v  -3.1534 -1.5731 -4.8926
v  -3.1813 -1.6898 -4.7846
v  -3.2545 -1.7028 -4.7205
v  -3.1103 -1.6750 -4.8467
v  -3.0936 -1.6135 -4.9077
v  -3.0793 -1.5550 -4.9662
v  -3.2574 -1.7592 -4.6887
v  -3.1880 -1.7478 -4.7472
v  -3.1975 -1.8022 -4.7303
v  -3.2637 -1.8126 -4.6752
v  -3.1315 -1.7883 -4.7819
v  -3.1192 -1.7327 -4.8023
v  -3.2691 -1.8532 -4.6634
v  -3.2047 -1.8437 -4.7170
v  -3.2114 -1.8795 -4.6975
v  -3.2742 -1.8879 -4.6449
v  -3.1511 -1.8699 -4.7481
v  -3.1415 -1.8319 -4.7679
v  -3.2862 -1.9261 -4.6193
v  -3.2254 -1.9181 -4.6695
v  -3.2396 -1.9554 -4.6461
v  -3.2999 -1.9636 -4.5990
v  -3.1828 -1.9470 -4.6929
v  -3.1672 -1.9097 -4.7180
v  -3.3065 -1.9954 -4.5914
v  -3.2457 -1.9862 -4.6380
v  -3.1889 -1.9765 -4.6851
v  -3.7872 -1.6397 -5.0232
v  -3.7538 -1.6280 -5.0417
v  -3.7721 -1.5997 -4.9808
v  -3.7350 -1.5906 -4.9917
v  -3.5401 -1.5665 -5.3126
v  -3.5029 -1.5163 -5.2490
v  -3.6072 -1.5839 -5.2176
v  -3.5752 -1.5361 -5.1626
v  -3.7244 -1.6187 -5.0704
v  -3.7000 -1.5828 -5.0178
v  -3.6644 -1.5691 -5.0576
v  -3.6906 -1.6083 -5.1114
v  -3.6547 -1.5967 -5.1562
v  -3.6259 -1.5529 -5.1026
v  -3.7546 -1.5765 -4.9179
v  -3.7157 -1.5735 -4.9346
v  -3.7444 -1.5787 -4.8441
v  -3.7029 -1.5783 -4.8667
v  -3.4633 -1.5443 -5.1787
v  -3.4295 -1.5733 -5.1190
v  -3.5379 -1.5531 -5.0973
v  -3.5047 -1.5787 -5.0386
v  -3.6764 -1.5619 -4.9617
v  -3.6589 -1.5768 -4.8985
v  -3.6098 -1.5842 -4.9359
v  -3.6344 -1.5628 -4.9967
v  -3.5913 -1.5602 -5.0393
v  -3.5609 -1.5853 -4.9794
v  -3.7386 -1.5802 -4.7679
v  -3.7349 -1.5829 -4.6921
v  -3.6904 -1.5774 -4.7183
v  -3.6956 -1.5746 -4.7944
v  -3.3938 -1.5497 -5.0766
v  -3.4744 -1.5527 -4.9976
v  -3.3816 -1.4997 -5.0519
v  -3.4634 -1.5051 -4.9700
v  -3.6492 -1.5668 -4.8339
v  -3.6406 -1.5623 -4.7663
v  -3.5871 -1.5432 -4.8265
v  -3.5981 -1.5606 -4.8820
v  -3.5406 -1.5575 -4.9338
v  -3.5320 -1.5177 -4.8956
v  -3.6854 -1.6209 -4.5514
v  -3.7374 -1.6008 -4.5603
v  -3.7564 -1.6226 -4.5057
v  -3.7159 -1.6502 -4.4762
v  -3.7322 -1.5870 -4.6178
v  -3.6866 -1.5938 -4.6371
v  -3.2823 -1.4667 -5.0242
v  -3.2908 -1.4664 -5.0893
v  -3.3742 -1.4794 -4.9987
v  -3.3645 -1.4843 -4.9357
v  -3.4512 -1.4947 -4.9137
v  -3.4386 -1.5031 -4.8532
v  -3.5144 -1.5154 -4.8383
v  -3.4974 -1.5270 -4.7806
v  -3.5717 -1.5441 -4.7664
v  -3.5536 -1.5544 -4.7092
v  -3.6297 -1.5711 -4.6970
v  -3.6161 -1.5868 -4.6311
v  -3.2447 -1.5093 -4.9013
v  -3.2643 -1.4797 -4.9592
v  -3.3432 -1.4985 -4.8774
v  -3.3208 -1.5282 -4.8250
v  -3.4161 -1.5189 -4.7994
v  -3.3933 -1.5485 -4.7513
v  -3.6536 -1.6329 -4.5211
v  -3.5997 -1.6024 -4.5892
v  -3.5873 -1.6236 -4.5544
v  -3.6308 -1.6418 -4.5134
v  -3.5224 -1.5958 -4.6157
v  -3.5362 -1.5704 -4.6590
v  -3.4777 -1.5440 -4.7282
v  -3.4589 -1.5700 -4.6809
v  -3.2325 -1.5482 -4.8569
v  -3.3088 -1.5691 -4.7804
v  -3.3074 -1.6151 -4.7386
v  -3.3806 -1.5880 -4.7066
v  -3.3768 -1.6309 -4.6639
v  -3.4453 -1.6050 -4.6390
v  -3.4385 -1.6437 -4.6018
v  -3.5122 -1.6282 -4.5789
v  -3.5043 -1.6612 -4.5491
v  -3.5842 -1.6530 -4.5183
v  -3.5791 -1.6808 -4.4934
v  -3.6459 -1.6682 -4.4728
v  -3.6525 -1.7092 -4.4296
v  -3.6841 -1.6643 -4.4611
v  -3.6990 -1.7057 -4.4082
v  -3.3175 -1.6641 -4.6954
v  -3.3240 -1.7134 -4.6534
v  -3.3815 -1.6739 -4.6236
v  -3.3851 -1.7195 -4.5876
v  -3.5049 -1.7263 -4.4969
v  -3.4977 -1.6910 -4.5274
v  -3.5581 -1.6976 -4.4902
v  -3.5819 -1.7251 -4.4563
v  -3.4395 -1.6821 -4.5687
v  -3.4419 -1.7240 -4.5374
v  -3.7051 -1.7633 -4.3771
v  -3.6559 -1.7706 -4.3966
v  -3.7157 -1.8194 -4.3557
v  -3.6664 -1.8284 -4.3778
v  -3.3250 -1.7690 -4.6295
v  -3.3294 -1.8224 -4.6211
v  -3.3863 -1.7752 -4.5682
v  -3.3914 -1.8290 -4.5623
v  -3.5943 -1.7766 -4.4195
v  -3.6063 -1.8350 -4.4061
v  -3.5278 -1.8357 -4.4485
v  -3.5129 -1.7783 -4.4657
v  -3.4455 -1.7781 -4.5139
v  -3.4549 -1.8329 -4.5027
v  -3.7514 -1.9540 -4.3000
v  -3.7637 -1.9351 -4.3046
v  -3.7447 -1.9122 -4.3204
v  -3.6989 -1.9329 -4.3295
v  -3.7298 -1.8709 -4.3404
v  -3.6798 -1.8815 -4.3598
v  -3.3334 -1.8622 -4.6114
v  -3.3370 -1.8962 -4.5940
v  -3.3948 -1.8691 -4.5530
v  -3.3983 -1.9034 -4.5371
v  -3.6159 -1.8851 -4.3901
v  -3.6235 -1.9305 -4.3681
v  -3.5404 -1.9207 -4.4182
v  -3.5358 -1.8813 -4.4346
v  -3.4601 -1.8748 -4.4911
v  -3.4643 -1.9110 -4.4753
v  -3.7504 -1.9831 -4.2870
v  -3.7604 -2.0096 -4.2743
v  -3.7153 -2.0181 -4.2941
v  -3.6978 -1.9785 -4.3108
v  -3.7784 -2.0243 -4.2638
v  -3.7675 -2.0350 -4.2688
v  -3.3473 -1.9340 -4.5712
v  -3.3607 -1.9717 -4.5539
v  -3.4074 -1.9411 -4.5163
v  -3.4201 -1.9793 -4.5009
v  -3.6288 -1.9718 -4.3455
v  -3.6394 -2.0095 -4.3336
v  -3.5598 -1.9980 -4.3836
v  -3.5481 -1.9599 -4.3974
v  -3.4731 -1.9493 -4.4549
v  -3.4857 -1.9880 -4.4409
v  -3.7663 -2.0527 -4.2725
v  -3.7133 -2.0468 -4.2984
v  -3.5691 -2.0328 -4.3800
v  -3.6497 -2.0409 -4.3314
v  -3.3680 -2.0040 -4.5468
v  -3.4283 -2.0133 -4.4946
v  -3.4945 -2.0234 -4.4361
v  -2.4957 -1.8967 -4.9730
v  -2.5720 -1.9053 -4.9644
v  -2.5035 -1.8546 -4.9804
v  -2.5809 -1.8635 -4.9709
v  -2.5114 -1.8101 -4.9907
v  -2.5877 -1.8167 -4.9849
v  -2.5170 -1.7612 -5.0072
v  -2.5922 -1.7633 -5.0062
v  -2.4649 -1.6551 -5.1056
v  -2.5133 -1.6757 -5.0835
v  -2.5044 -1.6340 -5.1410
v  -2.5833 -1.6572 -5.1100
v  -2.5260 -1.7102 -5.0424
v  -2.5944 -1.7099 -5.0467
v  -2.5270 -1.5998 -5.1992
v  -2.5913 -1.6149 -5.1854
v  -2.5386 -1.5670 -5.2758
v  -2.5950 -1.5767 -5.2610
v  -2.7145 -1.4612 -5.6949
v  -2.7218 -1.4355 -5.6130
v  -2.6838 -1.4270 -5.6325
v  -2.6675 -1.4590 -5.7208
v  -2.7024 -1.4148 -5.5468
v  -2.7349 -1.4234 -5.5322
v  -2.7000 -1.4123 -5.5630
v  -2.6510 -1.4187 -5.6529
v  -2.6246 -1.4587 -5.7441
v  -2.6601 -1.8754 -4.9512
v  -2.6526 -1.9144 -4.9420
v  -2.7475 -1.8890 -4.9252
v  -2.7426 -1.9248 -4.9150
v  -2.6639 -1.8305 -4.9733
v  -2.6624 -1.7774 -4.9992
v  -2.7374 -1.7983 -4.9878
v  -2.7452 -1.8474 -4.9542
v  -2.6603 -1.7211 -5.0357
v  -2.6564 -1.6726 -5.0916
v  -2.7226 -1.6917 -5.0664
v  -2.7290 -1.7424 -5.0195
v  -2.6528 -1.6309 -5.1615
v  -2.6502 -1.5897 -5.2345
v  -2.7096 -1.6026 -5.1983
v  -2.7157 -1.6465 -5.1287
v  -2.6052 -1.5226 -5.3256
v  -2.6533 -1.5378 -5.2977
v  -2.6599 -1.4898 -5.3507
v  -2.6200 -1.4749 -5.3811
v  -2.7026 -1.5046 -5.3208
v  -2.7040 -1.5524 -5.2643
v  -2.6367 -1.4482 -5.4243
v  -2.6721 -1.4601 -5.3940
v  -2.6856 -1.4384 -5.4340
v  -2.6539 -1.4291 -5.4610
v  -2.7214 -1.4467 -5.4058
v  -2.7101 -1.4718 -5.3637
v  -2.6318 -1.4946 -5.8384
v  -2.6828 -1.4971 -5.8046
v  -2.6859 -1.5748 -5.8436
v  -2.6316 -1.5701 -5.8806
v  -2.7398 -1.5814 -5.8015
v  -2.7340 -1.5027 -5.7658
v  -2.6389 -1.5772 -5.9527
v  -2.6961 -1.5752 -5.9207
v  -2.7106 -1.5376 -6.0109
v  -2.6522 -1.5485 -6.0387
v  -2.7749 -1.5328 -5.9768
v  -2.7569 -1.5739 -5.8834
v  -2.6886 -1.5783 -6.1460
v  -2.7477 -1.5666 -6.1217
v  -2.8093 -1.5615 -6.0871
v  -2.6703 -1.4142 -5.5028
v  -2.6994 -1.4214 -5.4825
v  -2.7324 -1.4274 -5.4624
v  -2.8246 -1.4345 -5.4852
v  -2.8211 -1.4295 -5.4030
v  -2.7710 -1.4309 -5.4398
v  -2.7733 -1.4310 -5.5164
v  -2.7630 -1.4517 -5.3729
v  -2.8146 -1.4523 -5.3274
v  -2.8763 -1.5631 -6.0395
v  -2.8491 -1.5331 -5.9344
v  -2.9500 -1.5658 -5.9749
v  -2.9296 -1.5315 -5.8774
v  -2.8281 -1.5701 -5.8387
v  -2.8015 -1.5896 -5.7521
v  -2.9057 -1.5611 -5.7807
v  -2.8721 -1.5913 -5.6931
v  -2.7907 -1.5104 -5.7201
v  -2.8560 -1.5173 -5.6624
v  -2.7683 -1.4649 -5.6644
v  -2.8323 -1.4678 -5.6202
v  -2.8235 -1.4462 -5.5568
v  -2.7664 -1.4430 -5.5919
v  -2.7548 -1.4799 -5.3272
v  -2.7522 -1.5138 -5.2824
v  -2.8082 -1.4825 -5.2779
v  -2.8081 -1.5165 -5.2301
v  -2.7617 -1.5578 -5.2196
v  -2.7760 -1.6064 -5.1502
v  -2.8236 -1.5601 -5.1630
v  -2.8452 -1.6103 -5.0927
v  -2.7879 -1.6535 -5.0851
v  -2.7980 -1.7008 -5.0287
v  -2.8606 -1.6589 -5.0309
v  -2.8718 -1.7067 -4.9782
v  -2.8084 -1.7526 -4.9874
v  -2.8213 -1.8065 -4.9547
v  -2.8848 -1.7586 -4.9409
v  -2.9015 -1.8115 -4.9095
v  -2.8357 -1.8554 -4.9156
v  -2.8434 -1.8961 -4.8800
v  -2.9210 -1.8602 -4.8680
v  -2.9337 -1.9017 -4.8298
v  -2.8422 -1.9318 -4.8698
v  -2.9354 -1.9385 -4.8195
v  -3.1191 -1.4375 -5.2009
v  -3.1288 -1.4403 -5.2719
v  -3.2076 -1.4539 -5.1820
v  -3.1989 -1.4525 -5.1144
v  -3.1562 -1.5288 -4.9348
v  -3.1681 -1.4917 -4.9791
v  -3.0825 -1.5124 -5.0095
v  -3.0937 -1.4765 -5.0544
v  -3.1070 -1.4482 -5.1235
v  -3.1844 -1.4634 -5.0431
v  -3.0548 -1.4341 -5.3499
v  -3.0667 -1.4651 -5.4057
v  -3.0462 -1.4279 -5.2774
v  -2.9736 -1.4264 -5.3498
v  -2.9794 -1.4362 -5.4217
v  -2.9907 -1.4656 -5.4779
v  -3.2006 -1.5469 -5.7158
v  -3.1704 -1.5080 -5.6271
v  -3.0948 -1.5104 -5.7116
v  -3.1183 -1.5543 -5.8002
v  -3.0332 -1.5610 -5.8911
v  -3.0127 -1.5221 -5.7990
v  -3.1389 -1.5446 -5.5389
v  -3.1004 -1.6056 -5.4570
v  -3.0261 -1.6039 -5.5327
v  -3.0651 -1.5490 -5.6187
v  -2.9861 -1.5575 -5.7034
v  -2.9480 -1.5990 -5.6152
v  -3.0831 -1.5243 -5.4321
v  -3.0098 -1.5231 -5.5075
v  -2.9095 -1.4676 -5.5534
v  -2.9323 -1.5203 -5.5886
v  -2.8984 -1.4423 -5.4952
v  -2.8956 -1.4309 -5.4244
v  -3.0265 -1.5976 -4.9697
v  -3.0112 -1.5408 -5.0312
v  -3.0457 -1.6585 -4.9058
v  -2.9824 -1.6411 -4.9656
v  -2.9605 -1.5823 -5.0305
v  -2.9441 -1.5292 -5.0943
v  -3.0137 -1.4991 -5.0756
v  -3.0239 -1.4632 -5.1222
v  -2.9457 -1.4897 -5.1406
v  -2.9546 -1.4549 -5.1894
v  -2.8908 -1.5683 -5.0969
v  -2.8738 -1.5207 -5.1635
v  -2.9146 -1.6233 -5.0294
v  -2.8743 -1.4844 -5.2117
v  -2.8816 -1.4521 -5.2620
v  -3.0552 -1.7129 -4.8542
v  -3.0664 -1.7672 -4.8242
v  -3.0040 -1.7446 -4.8705
v  -2.9937 -1.6930 -4.9098
v  -2.9289 -1.6734 -4.9705
v  -2.9398 -1.7231 -4.9237
v  -3.0785 -1.8140 -4.8073
v  -3.0916 -1.8559 -4.7875
v  -3.0321 -1.8396 -4.8239
v  -3.0166 -1.7936 -4.8466
v  -2.9532 -1.7739 -4.8929
v  -2.9696 -1.8231 -4.8643
v  -3.1112 -1.8986 -4.7576
v  -3.1294 -1.9376 -4.7336
v  -3.0713 -1.9260 -4.7650
v  -3.0525 -1.8846 -4.7902
v  -2.9905 -1.8701 -4.8254
v  -3.0075 -1.9127 -4.7934
v  -3.1360 -1.9667 -4.7274
v  -3.0775 -1.9573 -4.7594
v  -3.0120 -1.9476 -4.7859
v  -2.8894 -1.4276 -5.3401
v  -2.9647 -1.4286 -5.2659
v  -3.0355 -1.4347 -5.1956
v  -2.6310 -1.5857 -6.1709
v  -2.5964 -1.5614 -6.0636
v  -2.5496 -1.5724 -6.0840
v  -2.5829 -1.5913 -6.1912
v  -2.5762 -1.4984 -5.8670
v  -2.5828 -1.4599 -5.7669
v  -2.5472 -1.4618 -5.7860
v  -2.5673 -1.5830 -5.9070
v  -2.5291 -1.5130 -5.8803
v  -2.5046 -1.5977 -5.9274
v  -2.5786 -1.5881 -5.9803
v  -2.5233 -1.6004 -6.0037
v  -2.5779 -1.5980 -6.2060
v  -2.5558 -1.5978 -6.2170
v  -2.5416 -1.5831 -6.0995
v  -2.5159 -1.5874 -6.1116
v  -2.5078 -1.6166 -6.0209
v  -2.4676 -1.6265 -6.0344
v  -2.6533 -1.3976 -5.6072
v  -2.5984 -1.4085 -5.6995
v  -2.6211 -1.4114 -5.6766
v  -2.6739 -1.4044 -5.5838
v  -2.6007 -1.4097 -5.5187
v  -2.6226 -1.3986 -5.5508
v  -2.6439 -1.4062 -5.5260
v  -2.6245 -1.4192 -5.4897
v  -2.6087 -1.3926 -5.5762
v  -2.6402 -1.3934 -5.6306
v  -2.5858 -1.4014 -5.5466
v  -2.4518 -1.5111 -5.3668
v  -2.5050 -1.5010 -5.3657
v  -2.3942 -1.5311 -5.3655
v  -2.4004 -1.5013 -5.4091
v  -2.4661 -1.4645 -5.4230
v  -2.5281 -1.4396 -5.4554
v  -2.6013 -1.4348 -5.4595
v  -2.5711 -1.4216 -5.4945
v  -2.5775 -1.4585 -5.4169
v  -2.5562 -1.5080 -5.3501
v  -2.5515 -1.4095 -5.5244
v  -2.5085 -1.4219 -5.4974
v  -2.4611 -1.4473 -5.4573
v  -2.3992 -1.4770 -5.4231
v  -2.4805 -1.9058 -5.9931
# 6807 vertices

vn -0.9425 -0.2866 -0.1721
vn -0.9033 -0.4289 -0.0136
vn -0.7873 -0.5907 -0.1768
vn -0.8098 -0.5162 -0.2789
vn -0.7430 -0.5549 0.3743
vn -0.7488 -0.5922 0.2976
vn -0.7154 -0.6567 0.2388
vn -0.6700 -0.7100 -0.2168
vn -0.6647 -0.6914 -0.2832
vn -0.4427 -0.8507 -0.2834
vn -0.5615 -0.7851 -0.2612
vn -0.5374 -0.8167 -0.2104
vn -0.3164 -0.9017 -0.2947
vn -0.5822 -0.7998 0.1459
vn -0.4148 -0.9073 0.0688
vn -0.5860 -0.6330 -0.5059
vn -0.6794 -0.4602 -0.5715
vn -0.3153 -0.4307 -0.8456
vn -0.3411 -0.2793 -0.8976
vn -0.3845 -0.1048 -0.9171
vn -0.7825 -0.1724 -0.5983
vn -0.4904 -0.7587 -0.4287
vn -0.3023 -0.6200 -0.7240
vn -0.3784 -0.8636 -0.3332
vn -0.2937 -0.7423 -0.6023
vn -0.2063 -0.9079 -0.3648
vn -0.1902 -0.7891 -0.5841
vn -0.3251 -0.9368 -0.1293
vn -0.2751 -0.8264 -0.4913
vn -0.7030 -0.5139 0.4916
vn -0.4504 -0.4329 0.7809
vn -0.4481 -0.4382 0.7792
vn -0.4808 -0.5515 0.6816
vn -0.5956 -0.5940 0.5407
vn -0.4675 -0.4462 0.7631
vn -0.4344 -0.4032 0.8054
vn -0.4186 -0.4654 0.7798
vn -0.5216 -0.4295 0.7372
vn -0.5521 -0.4981 0.6686
vn -0.4641 -0.5278 0.7113
vn -0.4807 -0.6484 0.5904
vn -0.5299 -0.6136 0.5854
vn -0.4704 -0.7205 0.5095
vn -0.4516 -0.7293 0.5139
vn -0.4871 -0.7131 0.5042
vn -0.4899 -0.7004 0.5191
vn -0.4936 -0.8012 0.3384
vn -0.3950 -0.9177 -0.0432
vn -0.4462 -0.7814 0.4362
vn 0.0170 -0.1407 -0.9899
vn 0.0021 -0.1295 -0.9916
vn -0.0320 -0.1855 -0.9821
vn 0.0040 -0.1645 -0.9864
vn -0.1286 -0.2640 -0.9559
vn -0.0453 -0.3401 -0.9393
vn -0.1440 -0.4210 -0.8956
vn -0.0339 -0.6100 -0.7917
vn -0.1297 -0.6104 -0.7814
vn 0.0370 -0.7878 -0.6148
vn -0.1564 -0.7724 -0.6156
vn -0.0335 -0.8547 -0.5181
vn -0.3348 -0.9179 -0.2130
vn -0.1099 -0.9052 -0.4106
vn -0.2459 -0.9692 -0.0155
vn -0.0988 -0.9423 -0.3199
vn -0.3862 -0.7684 0.5104
vn -0.1869 -0.9742 0.1265
vn -0.3635 -0.7206 0.5904
vn 0.0193 -0.9768 -0.2132
vn -0.0203 -0.9540 0.2992
vn 0.2224 -0.9678 -0.1182
vn -0.3110 -0.6704 0.6737
vn -0.3356 -0.5960 0.7295
vn -0.0003 -0.9243 0.3817
vn 0.3040 -0.9471 -0.1032
vn 0.1295 -0.8343 -0.5359
vn 0.2462 -0.9270 -0.2829
vn -0.1424 -0.9617 0.2341
vn -0.3472 -0.9371 -0.0363
vn -0.5051 -0.5641 0.6533
vn -0.6996 -0.5286 0.4808
vn -0.5111 -0.3287 0.7942
vn -0.6217 -0.4047 0.6706
vn -0.4534 -0.4256 0.7832
vn -0.4222 -0.4084 0.8093
vn -0.7421 -0.4665 0.4814
vn -0.6772 -0.5107 0.5297
vn -0.4366 -0.4333 0.7884
vn -0.6253 -0.5620 0.5414
vn -0.4655 -0.4818 0.7424
vn -0.4475 -0.6094 0.6545
vn -0.6394 -0.6432 0.4214
vn -0.5660 -0.7763 0.2775
vn -0.4139 -0.7407 0.5292
vn -0.3746 -0.8259 0.4213
vn -0.4479 -0.8668 0.2192
vn -0.3476 -0.9176 0.1929
vn -0.4031 -0.8537 0.3297
vn -0.3244 -0.9316 0.1641
vn -0.3782 -0.9200 0.1026
vn -0.4408 -0.8442 0.3051
vn -0.4921 -0.8011 0.3407
vn -0.4166 -0.9082 0.0400
vn -0.4491 -0.8910 0.0660
vn -0.4524 -0.7801 0.4323
vn -0.4604 -0.7452 0.4824
vn -0.4431 -0.7151 0.5407
vn -0.4922 -0.8609 0.1285
vn -0.4825 -0.8450 0.2308
vn -0.4153 -0.6659 0.6197
vn -0.4465 -0.6022 0.6618
vn -0.4520 -0.8101 0.3734
vn -0.4534 -0.7657 0.4562
vn -0.5906 -0.5201 0.6170
vn -0.5091 -0.7482 0.4254
vn -0.7238 -0.4729 0.5025
vn -0.5556 -0.7719 0.3091
vn -0.8662 -0.4983 0.0382
vn -0.8414 -0.5382 -0.0485
vn -0.6758 -0.2423 -0.6961
vn -0.7158 -0.2543 -0.6504
vn -0.6480 -0.1999 -0.7349
vn -0.8250 -0.5493 -0.1327
vn -0.8012 -0.5411 -0.2555
vn -0.6535 -0.1382 -0.7442
vn -0.6438 -0.1997 -0.7387
vn -0.7030 -0.6363 -0.3175
vn -0.0527 -0.4785 -0.8765
vn -0.2882 -0.8688 -0.4027
vn -0.5026 -0.7976 -0.3335
vn -0.4619 -0.5349 -0.7074
vn -0.4994 -0.3906 -0.7733
vn -0.1218 -0.3623 -0.9241
vn -0.6014 -0.1238 -0.7893
vn -0.3819 -0.1693 -0.9086
vn -0.1663 -0.9117 -0.3756
vn 0.1037 -0.4445 -0.8898
vn 0.1053 -0.5694 -0.8153
vn -0.1624 -0.9166 -0.3653
vn -0.1957 -0.8871 -0.4181
vn -0.2957 -0.8524 -0.4312
vn 0.0533 -0.6286 -0.7759
vn -0.0261 -0.5959 -0.8027
vn -0.3643 -0.8391 -0.4040
vn -0.3560 -0.8772 -0.3223
vn -0.0528 -0.5541 -0.8308
vn 0.0144 -0.5554 -0.8314
vn 0.2640 -0.6415 -0.7202
vn -0.1930 -0.9763 -0.0975
vn -0.2843 -0.9364 -0.2055
vn 0.1436 -0.5883 -0.7958
vn 0.0467 -0.7296 -0.6822
vn -0.0479 -0.8377 -0.5440
vn 0.0344 -0.9156 -0.4007
vn 0.1422 -0.6962 -0.7036
vn 0.1040 -0.9471 -0.3035
vn 0.2799 -0.6521 -0.7045
vn 0.0802 -0.1852 -0.9794
vn 0.1059 -0.2825 -0.9534
vn 0.1923 -0.2099 -0.9586
vn 0.1336 -0.2197 -0.9664
vn 0.2873 -0.1264 -0.9495
vn 0.1714 -0.1928 -0.9662
vn 0.0390 -0.9687 -0.2453
vn 0.2417 -0.6355 -0.7333
vn -0.0831 -0.9691 -0.2324
vn 0.0581 -0.6196 -0.7828
vn 0.2955 -0.0560 -0.9537
vn 0.1367 -0.1270 -0.9824
vn 0.2361 -0.0225 -0.9715
vn 0.1278 -0.1065 -0.9861
vn 0.0505 -0.3577 -0.9325
vn 0.0559 -0.3514 -0.9346
vn 0.0190 -0.3399 -0.9403
vn 0.0639 -0.3585 -0.9313
vn 0.0156 -0.3794 -0.9251
vn 0.0936 -0.4254 -0.9001
vn -0.1201 -0.9576 -0.2620
vn -0.0423 -0.6085 -0.7924
vn 0.0204 -0.9557 -0.2937
vn 0.0840 -0.5971 -0.7977
vn 0.2223 -0.1769 -0.9588
vn 0.0294 -0.4170 -0.9084
vn 0.0116 -0.4063 -0.9137
vn 0.1731 -0.1380 -0.9752
vn 0.0255 -0.4553 -0.8900
vn 0.0075 -0.4619 -0.8869
vn 0.1975 -0.0365 -0.9796
vn 0.2271 -0.0562 -0.9723
vn 0.2545 -0.9166 -0.3082
vn 0.3199 -0.5313 -0.7845
vn 0.3991 -0.8305 -0.3886
vn 0.4636 -0.3857 -0.7977
vn 0.4181 -0.6906 -0.5901
vn 0.5296 -0.2177 -0.8199
vn 0.3830 -0.5508 -0.7415
vn 0.5995 -0.1433 -0.7875
vn 0.3404 -0.0657 -0.9380
vn 0.2861 -0.2045 -0.9361
vn 0.4367 -0.0501 -0.8982
vn 0.2962 -0.1948 -0.9350
vn 0.0647 -0.4258 -0.9025
vn 0.0177 -0.4754 -0.8796
vn 0.0607 -0.4273 -0.9021
vn -0.0237 -0.4740 -0.8802
vn 0.5019 -0.0243 -0.8646
vn 0.2952 -0.1830 -0.9377
vn 0.5989 -0.0051 -0.8008
vn 0.3765 -0.1837 -0.9080
vn 0.0583 -0.4275 -0.9021
vn -0.0188 -0.4584 -0.8885
vn 0.1070 -0.4220 -0.9002
vn 0.0513 -0.4589 -0.8870
vn 0.6242 0.0467 -0.7799
vn 0.4166 -0.1354 -0.8990
vn 0.5828 -0.0976 -0.8067
vn 0.4224 -0.0064 -0.9064
vn 0.5286 0.1397 -0.8373
vn 0.3543 -0.0321 -0.9346
vn 0.1076 -0.3910 -0.9141
vn 0.0208 -0.4661 -0.8845
vn 0.0435 -0.3408 -0.9391
vn -0.0785 -0.4603 -0.8843
vn 0.0643 -0.3387 -0.9387
vn -0.0440 -0.4902 -0.8705
vn 0.3123 0.0133 -0.9499
vn 0.3506 -0.0513 -0.9351
vn 0.1256 -0.3920 -0.9113
vn 0.0180 -0.5061 -0.8623
vn 0.3945 -0.1435 -0.9076
vn 0.1760 -0.4277 -0.8866
vn 0.1431 -0.4099 -0.9008
vn 0.3793 -0.0945 -0.9204
vn 0.0531 -0.4959 -0.8667
vn 0.0770 -0.5185 -0.8516
vn 0.2190 -0.4170 -0.8821
vn 0.0814 -0.5479 -0.8326
vn 0.3953 -0.2000 -0.8965
vn 0.4399 -0.2583 -0.8601
vn 0.3286 -0.4362 -0.8377
vn 0.2098 -0.5781 -0.7885
vn -0.2742 0.0040 -0.9617
vn 0.1440 -0.1709 -0.9747
vn 0.3524 0.0586 -0.9340
vn 0.0051 0.2336 -0.9723
vn 0.4263 -0.0111 -0.9045
vn 0.2660 -0.1532 -0.9517
vn 0.2710 -0.0189 -0.9624
vn 0.3292 0.0976 -0.9392
vn 0.2705 0.0759 -0.9597
vn 0.2344 -0.1465 -0.9610
vn 0.2195 -0.3099 -0.9251
vn 0.3103 -0.0228 -0.9504
vn 0.3218 -0.0754 -0.9438
vn 0.1773 -0.3380 -0.9243
vn 0.1877 -0.2762 -0.9426
vn 0.3342 -0.0509 -0.9411
vn 0.3758 -0.0259 -0.9263
vn 0.2712 -0.2139 -0.9384
vn 0.2762 -0.0938 -0.9565
vn 0.2528 -0.1851 -0.9496
vn -0.0608 -0.5674 -0.8212
vn -0.0151 -0.5142 -0.8575
vn -0.0955 -0.6752 -0.7315
vn 0.2262 -0.3017 -0.9262
vn -0.2808 -0.6113 -0.7399
vn -0.0329 -0.4217 -0.9061
vn 0.0258 -0.4416 -0.8968
vn -0.2204 -0.6384 -0.7374
vn 0.1324 -0.4979 -0.8571
vn -0.0934 -0.6685 -0.7378
vn 0.0033 -0.4756 -0.8796
vn -0.2681 -0.5937 -0.7587
vn 0.0255 -0.4682 -0.8832
vn -0.1439 -0.6252 -0.7671
vn 0.0685 -0.4982 -0.8644
vn -0.0401 -0.6566 -0.7532
vn -0.0770 -0.4813 -0.8732
vn -0.3100 -0.6001 -0.7374
vn -0.0954 -0.4643 -0.8805
vn -0.3567 -0.5938 -0.7213
vn 0.0400 -0.4934 -0.8689
vn -0.1490 -0.6723 -0.7252
vn 0.0217 -0.5279 -0.8490
vn -0.1184 -0.6950 -0.7092
vn -0.1280 -0.5360 -0.8345
vn -0.2795 -0.6844 -0.6733
vn -0.0998 -0.5788 -0.8093
vn -0.2612 -0.7188 -0.6442
vn -0.0859 -0.5675 -0.8189
vn -0.2925 -0.7198 -0.6296
vn -0.0247 -0.6056 -0.7954
vn -0.2007 -0.7860 -0.5847
vn -0.0725 -0.6643 -0.7439
vn -0.2614 -0.7954 -0.5469
vn -0.1278 -0.7246 -0.6772
vn -0.2884 -0.8207 -0.4932
vn -0.0248 -0.7648 -0.6438
vn -0.2421 -0.8397 -0.4862
vn -0.5502 -0.8340 0.0424
vn -0.2981 -0.8284 -0.4742
vn -0.3384 -0.8215 -0.4589
vn -0.5624 -0.8254 0.0488
vn -0.1226 -0.6354 -0.7624
vn -0.0334 -0.6392 -0.7683
vn -0.5330 -0.7388 -0.4124
vn -0.6949 -0.7101 0.1138
vn -0.5271 -0.7510 -0.3976
vn -0.7308 -0.6694 0.1337
vn -0.4440 -0.7950 -0.4134
vn -0.7142 -0.6927 0.1004
vn -0.5808 -0.6978 -0.4192
vn -0.7910 -0.6071 0.0756
vn -0.3854 -0.7837 -0.4870
vn -0.6267 -0.7790 -0.0225
vn -0.2153 -0.8251 -0.5224
vn -0.4463 -0.8901 -0.0925
vn -0.4960 -0.7342 -0.4636
vn -0.5987 -0.8005 -0.0280
vn -0.6025 -0.6880 -0.4045
vn -0.7360 -0.6749 0.0536
vn -0.3990 -0.8073 -0.4348
vn -0.5927 -0.8047 0.0338
vn -0.3365 -0.8365 -0.4324
vn -0.5514 -0.8323 0.0578
vn -0.4655 -0.8074 -0.3625
vn -0.6338 -0.7649 0.1148
vn -0.4916 -0.8103 -0.3189
vn -0.6838 -0.7158 0.1417
vn -0.4951 -0.8224 -0.2802
vn -0.6566 -0.7406 0.1426
vn -0.4566 -0.8504 -0.2614
vn -0.6929 -0.7110 0.1196
vn -0.4769 -0.8347 -0.2754
vn -0.6812 -0.7283 0.0746
vn -0.5788 -0.2046 0.7894
vn -0.7901 -0.3729 0.4865
vn -0.6495 -0.5344 0.5408
vn -0.4607 -0.2669 0.8465
vn -0.6522 -0.7570 0.0399
vn -0.8406 -0.5402 0.0388
vn -0.5962 -0.5749 0.5605
vn -0.4313 -0.2469 0.8678
vn -0.5962 -0.5519 0.5831
vn -0.4298 -0.1943 0.8818
vn -0.6634 -0.4322 0.6108
vn -0.4862 -0.1120 0.8666
vn -0.7012 -0.3723 0.6081
vn -0.5165 -0.0772 0.8528
vn -0.6983 -0.4091 0.5874
vn -0.5226 -0.1052 0.8461
vn -0.7312 -0.3795 0.5668
vn -0.5185 -0.1099 0.8480
vn -0.6721 -0.5038 0.5426
vn -0.4695 -0.1682 0.8668
vn -0.5671 -0.6380 0.5209
vn -0.4416 -0.2194 0.8700
vn -0.5932 -0.5893 0.5485
vn -0.4825 -0.1839 0.8564
vn -0.6773 -0.4682 0.5676
vn -0.5031 -0.1483 0.8514
vn -0.6152 -0.5511 0.5637
vn -0.4772 -0.1823 0.8597
vn -0.6265 -0.5316 0.5700
vn -0.5442 -0.1190 0.8305
vn -0.6962 -0.4447 0.5635
vn -0.5925 -0.0399 0.8046
vn -0.7337 -0.4064 0.5446
vn -0.5950 0.0201 0.8035
vn -0.7322 -0.4255 0.5318
vn -0.6002 0.0566 0.7978
vn -0.7807 -0.4003 0.4798
vn -0.6508 0.0694 0.7561
vn -0.7940 -0.4255 0.4342
vn -0.7248 0.0459 0.6874
vn -0.5555 -0.4909 0.6711
vn -0.5053 -0.5933 0.6267
vn -0.3498 -0.9344 0.0675
vn -0.4681 -0.8704 0.1526
vn -0.5249 -0.6642 0.5322
vn -0.2771 -0.9521 -0.1292
vn -0.9160 -0.3534 0.1899
vn -0.7304 -0.5933 0.3384
vn -0.9554 -0.2740 -0.1101
vn -0.6740 -0.7002 -0.2357
vn -0.7641 -0.0892 -0.6389
vn -0.2837 0.0009 -0.9589
vn -0.0665 -0.0701 -0.9953
vn -0.4152 -0.3640 -0.8337
vn 0.1635 -0.1559 -0.9741
vn 0.1998 -0.3463 -0.9166
vn 0.2357 -0.3056 -0.9225
vn 0.1944 -0.2072 -0.9588
vn 0.2047 -0.4491 -0.8697
vn -0.0680 -0.6896 -0.7210
vn -0.5139 -0.7166 0.4715
vn -0.4551 -0.8903 0.0143
vn 0.0617 -0.7485 -0.6602
vn -0.3044 -0.8423 -0.4448
vn -0.5104 -0.4244 0.7479
vn -0.6277 -0.4903 0.6047
vn -0.6703 -0.3482 0.6553
vn -0.6043 -0.3111 0.7335
vn -0.7681 -0.5178 0.3767
vn -0.7136 -0.5935 0.3723
vn -0.8205 -0.4388 0.3665
vn -0.7235 -0.2256 0.6524
vn -0.6857 -0.2088 0.6973
vn -0.7398 -0.1813 0.6479
vn -0.7251 -0.1600 0.6698
vn -0.8497 -0.3998 0.3438
vn -0.8814 -0.3492 0.3180
vn -0.7711 -0.1320 0.6229
vn -0.7812 -0.0926 0.6174
vn -0.8340 -0.0438 0.5500
vn -0.8391 0.0196 0.5436
vn -0.9255 -0.2720 0.2637
vn -0.9557 -0.2220 0.1931
vn -0.8886 0.0068 0.4587
vn -0.8619 0.0984 0.4975
vn -0.8903 -0.1110 0.4416
vn -0.8554 0.0032 0.5180
vn -0.9373 -0.2891 0.1948
vn -0.8686 -0.4066 0.2831
vn -0.8405 -0.2864 0.4600
vn -0.8340 -0.1562 0.5292
vn -0.7442 -0.1154 0.6580
vn -0.8353 -0.0797 0.5440
vn -0.8487 0.2365 0.4730
vn -0.7314 0.2678 0.6271
vn -0.9018 0.0159 0.4319
vn -0.8355 0.5285 0.1505
vn -0.6541 0.7078 0.2670
vn -0.5368 0.7278 0.4267
vn -0.9988 0.0274 -0.0397
vn -0.9612 0.2575 0.0993
vn -0.8847 -0.2337 0.4034
vn -0.8742 -0.3907 0.2883
vn -0.6750 -0.4149 0.6102
vn -0.6140 -0.3423 0.7112
vn -0.6201 -0.5516 0.5579
vn -0.7005 -0.6442 0.3069
vn -0.5295 -0.8454 0.0704
vn -0.6538 -0.7549 -0.0526
vn -0.7318 -0.4304 0.5284
vn -0.7489 -0.4497 0.4868
vn -0.6704 -0.3769 0.6392
vn -0.6912 -0.3620 0.6255
vn -0.4235 0.0137 -0.9058
vn -0.3971 0.0161 -0.9176
vn -0.4016 0.0497 -0.9145
vn -0.3918 0.1062 -0.9139
vn -0.4558 0.0071 -0.8900
vn -0.4311 0.0548 -0.9006
vn -0.5244 0.0903 -0.8467
vn -0.5305 -0.0060 -0.8476
vn -0.6107 0.1006 -0.7854
vn -0.4716 0.1193 -0.8737
vn -0.5954 0.0954 -0.7977
vn -0.3638 0.2720 -0.8909
vn -0.8824 -0.4705 0.0053
vn -0.6746 -0.1927 -0.7126
vn -0.9125 -0.3950 -0.1063
vn -0.4954 -0.1278 -0.8592
vn -0.8028 -0.5957 0.0260
vn -0.7343 -0.6444 -0.2132
vn -0.7111 -0.5799 -0.3975
vn -0.8597 -0.4909 0.1414
vn -0.7403 -0.6610 -0.1221
vn -0.7177 -0.6697 -0.1908
vn -0.9114 -0.4104 0.0292
vn -0.7015 -0.3117 -0.6409
vn -0.4754 0.0600 -0.8777
vn -0.3355 0.0501 -0.9407
vn -0.5414 -0.2130 -0.8133
vn -0.5590 -0.2620 -0.7867
vn -0.5576 -0.7984 -0.2271
vn -0.6297 -0.7505 -0.2005
vn -0.4875 -0.8461 -0.2156
vn -0.5734 -0.3525 -0.7395
vn -0.3967 -0.2755 -0.8756
vn -0.4313 -0.2365 -0.8706
vn -0.6200 -0.7505 -0.2290
vn -0.5847 -0.7828 -0.2128
vn -0.5328 -0.4447 -0.7200
vn -0.5782 -0.8159 0.0044
vn -0.6147 -0.6882 -0.3854
vn -0.5301 -0.7773 0.3388
vn -0.5970 -0.8020 -0.0188
vn -0.4150 -0.7431 0.5250
vn -0.5829 -0.8124 0.0132
vn -0.5309 -0.6958 0.4837
vn -0.5693 -0.8185 -0.0774
vn -0.5913 -0.7336 0.3349
vn -0.6250 -0.7614 -0.1725
vn -0.6296 -0.7629 0.1467
vn -0.5567 -0.7992 0.2266
vn -0.3757 -0.6970 0.6107
vn -0.4735 -0.6861 0.5523
vn -0.6973 -0.7015 0.1472
vn -0.6796 -0.6624 0.3154
vn -0.8182 -0.5742 -0.0293
vn -0.3798 -0.9020 0.2053
vn -0.3711 -0.7996 0.4722
vn -0.3559 -0.7497 0.5580
vn -0.4471 -0.8641 0.2310
vn -0.4460 -0.8820 0.1519
vn -0.4012 -0.8560 0.3259
vn -0.4164 -0.8188 0.3952
vn -0.3877 -0.9060 0.1696
vn -0.2402 -0.9383 0.2489
vn -0.3025 -0.9215 0.2436
vn -0.4191 -0.8894 0.1827
vn -0.3527 -0.9036 0.2431
vn -0.7273 -0.6753 0.1226
vn -0.6796 -0.7280 0.0901
vn -0.7107 -0.7022 -0.0415
vn -0.7365 -0.6722 0.0757
vn -0.7493 -0.6614 -0.0345
vn -0.7687 -0.6338 0.0855
vn -0.7046 -0.6681 0.2389
vn -0.7574 -0.6274 0.1811
vn -0.7242 -0.6841 0.0866
vn -0.6945 -0.7156 0.0752
vn -0.7776 -0.6272 0.0442
vn -0.8052 -0.5812 0.1181
vn -0.6846 -0.7079 -0.1735
vn -0.7312 -0.6821 -0.0018
vn -0.7180 -0.6960 0.0032
vn -0.6790 -0.7232 -0.1266
vn -0.7424 -0.6687 -0.0405
vn -0.6958 -0.6947 -0.1825
vn -0.6667 -0.7257 -0.1700
vn -0.6884 -0.7216 -0.0738
vn -0.7330 -0.6737 -0.0937
vn -0.7563 -0.6502 -0.0730
vn -0.6794 -0.7212 -0.1354
vn -0.7535 -0.6466 -0.1191
vn -0.7941 -0.6074 0.0205
vn -0.8382 -0.5413 0.0670
vn -0.8053 -0.5923 -0.0274
vn -0.8177 -0.5632 -0.1193
vn -0.8692 -0.4937 0.0261
vn -0.8002 -0.5996 0.0075
vn -0.8208 -0.5692 -0.0475
vn -0.7994 -0.5856 -0.1339
vn -0.7499 -0.6474 -0.1362
vn -0.7438 -0.6490 -0.1599
vn -0.7487 -0.6149 -0.2475
vn -0.4659 -0.8386 -0.2822
vn -0.2058 -0.8759 -0.4365
vn -0.2667 -0.7509 -0.6042
vn -0.5646 -0.7321 -0.3812
vn -0.9036 -0.4275 -0.0263
vn -0.8476 -0.4990 -0.1803
vn -0.8544 -0.4547 -0.2513
vn -0.9275 -0.3665 -0.0742
vn -0.7527 -0.6092 -0.2496
vn -0.5932 -0.6782 -0.4339
vn -0.7483 -0.5882 -0.3069
vn -0.8107 -0.5476 -0.2071
vn -0.7806 -0.5481 -0.3005
vn -0.7360 -0.5486 -0.3966
vn -0.8009 -0.5067 -0.3190
vn -0.9173 -0.3919 -0.0711
vn -0.8736 -0.4858 0.0290
vn -0.7402 -0.6025 -0.2984
vn 0.0088 -0.8336 -0.5523
vn 0.1342 -0.7576 -0.6388
vn 0.0692 -0.7264 -0.6838
vn -0.0557 -0.6987 -0.7132
vn -0.4489 -0.7192 -0.5303
vn -0.3354 -0.8224 -0.4596
vn -0.4942 -0.7656 -0.4118
vn -0.6392 -0.6552 -0.4027
vn -0.6214 -0.6017 -0.5018
vn -0.4909 -0.6888 -0.5334
vn -0.8436 -0.5278 0.0983
vn -0.9143 -0.3354 -0.2272
vn -0.6119 -0.7386 -0.2831
vn -0.5491 -0.6643 -0.5072
vn 0.1742 -0.6080 -0.7746
vn 0.1165 -0.4395 -0.8906
vn -0.1251 -0.6876 -0.7152
vn 0.0181 -0.7572 -0.6529
vn -0.2424 -0.8077 -0.5374
vn -0.1352 -0.6636 -0.7357
vn -0.2735 -0.8740 -0.4017
vn -0.2667 -0.7336 -0.6251
vn -0.3100 -0.8821 -0.3546
vn -0.4103 -0.7615 -0.5018
vn -0.3878 -0.7934 -0.4692
vn -0.0516 -0.6248 -0.7791
vn -0.6369 -0.6258 -0.4502
vn -0.2621 -0.5659 -0.7817
vn -0.0795 -0.6622 -0.7451
vn 0.0362 -0.6618 -0.7488
vn 0.1513 -0.3890 -0.9087
vn -0.0713 -0.4357 -0.8973
vn 0.1798 -0.3814 -0.9068
vn 0.1393 -0.4260 -0.8939
vn 0.0761 -0.4020 -0.9125
vn 0.2869 -0.2158 -0.9333
vn 0.2810 -0.2414 -0.9289
vn 0.1675 -0.2827 -0.9445
vn 0.0883 -0.3613 -0.9283
vn 0.0564 -0.3536 -0.9337
vn 0.0841 -0.2617 -0.9615
vn 0.2257 -0.2517 -0.9411
vn 0.1363 -0.3172 -0.9385
vn 0.3606 -0.1480 -0.9209
vn 0.3325 -0.1719 -0.9273
vn 0.0518 -0.4287 -0.9020
vn -0.4706 -0.4187 -0.7767
vn -0.1611 -0.9368 -0.3107
vn 0.3648 -0.6743 -0.6420
vn -0.1997 -0.2422 -0.9494
vn 0.0868 -0.9864 0.1398
vn 0.6284 -0.7465 -0.2187
vn 0.0685 -0.9973 -0.0276
vn 0.5681 -0.6564 -0.4964
vn 0.3377 -0.2406 -0.9100
vn -0.5963 -0.6291 -0.4987
vn -0.0759 -0.8075 -0.5850
vn -0.0392 -0.0373 -0.9985
vn -0.5229 -0.7491 -0.4068
vn -0.5787 -0.6754 -0.4571
vn -0.2279 -0.2980 -0.9270
vn -0.1558 -0.2020 -0.9669
vn -0.4611 -0.8078 -0.3672
vn -0.4630 -0.8020 -0.3775
vn -0.2715 -0.3442 -0.8988
vn -0.3006 -0.3519 -0.8865
vn -0.5128 -0.7825 -0.3533
vn -0.3306 -0.3577 -0.8733
vn -0.6044 -0.7283 -0.3230
vn -0.3975 -0.3633 -0.8426
vn -0.7274 -0.6158 -0.3028
vn -0.5083 -0.3234 -0.7981
vn -0.8122 -0.4417 -0.3811
vn -0.4943 -0.1361 -0.8586
vn -0.0092 0.0849 -0.9963
vn -0.1092 0.0264 -0.9937
vn -0.0518 0.0965 -0.9940
vn 0.1068 0.1221 -0.9868
vn 0.1124 0.2928 -0.9495
vn -0.0207 0.1833 -0.9828
vn 0.0016 0.1441 -0.9896
vn 0.1245 0.2087 -0.9700
vn 0.2810 0.3298 -0.9012
vn 0.0804 0.2025 -0.9760
vn 0.0118 0.1981 -0.9801
vn 0.1568 0.3299 -0.9309
vn 0.2004 0.1980 -0.9595
vn 0.3290 0.1971 -0.9235
vn 0.4119 0.3292 -0.8497
vn 0.4840 0.3195 -0.8147
vn 0.5409 0.2628 -0.7990
vn 0.6137 0.1000 -0.7832
vn 0.7750 -0.2376 -0.5856
vn 0.5351 0.0764 -0.8413
vn 0.7499 -0.4262 -0.5059
vn 0.4671 -0.3071 -0.8292
vn 0.6066 0.0045 -0.7950
vn 0.5352 0.0893 -0.8400
vn 0.1259 0.0087 -0.9920
vn 0.4984 0.1601 -0.8520
vn 0.4527 0.2915 -0.8426
vn -0.0225 0.2889 -0.9571
vn 0.0736 0.4275 -0.9010
vn 0.4274 0.4311 -0.7947
vn 0.4520 0.4326 -0.7801
vn 0.3449 0.3982 -0.8500
vn 0.5052 0.2933 -0.8117
vn 0.4662 0.3709 -0.8032
vn 0.4092 0.3027 -0.8608
vn 0.5026 0.1824 -0.8451
vn 0.3070 0.1544 -0.9391
vn 0.1363 0.2441 -0.9601
vn -0.2423 -0.0835 -0.9666
vn 0.1874 0.0077 -0.9823
vn 0.2525 -0.0798 -0.9643
vn -0.0688 -0.4759 -0.8768
vn -0.4233 -0.8323 -0.3579
vn -0.7398 -0.5570 -0.3774
vn -0.8749 -0.4841 0.0163
vn -0.6194 -0.6138 -0.4895
vn -0.6712 -0.7015 -0.2398
vn -0.8945 -0.4413 -0.0712
vn -0.6308 -0.7165 -0.2980
vn -0.7154 -0.2777 -0.6412
vn -0.2744 -0.6165 -0.7380
vn -0.1751 -0.6522 -0.7376
vn 0.0465 -0.5659 -0.8232
vn -0.1277 -0.6558 -0.7441
vn -0.1676 -0.6354 -0.7538
vn -0.0423 -0.4274 -0.9031
vn -0.1510 -0.5377 -0.8295
vn -0.1887 -0.7046 -0.6841
vn -0.1957 -0.7758 -0.5999
vn -0.1267 -0.8038 -0.5812
vn -0.1862 -0.6968 -0.6927
vn -0.2482 -0.8078 -0.5347
vn -0.1790 -0.8695 -0.4603
vn -0.1354 -0.9260 -0.3525
vn -0.1380 -0.9782 -0.1550
vn -0.0410 -0.9936 -0.1053
vn 0.0112 -0.9984 0.0561
vn -0.2506 -0.9457 -0.2072
vn 0.0203 -0.9807 0.1946
vn 0.0550 -0.9929 -0.1058
vn 0.3806 -0.1849 -0.9061
vn 0.4336 -0.0527 -0.8996
vn 0.4949 -0.1037 -0.8627
vn 0.4644 -0.1923 -0.8645
vn 0.2112 -0.4930 -0.8440
vn 0.2417 -0.6662 -0.7055
vn 0.3575 -0.7013 -0.6168
vn 0.5659 -0.1031 -0.8180
vn 0.4494 -0.6481 -0.6148
vn 0.6239 -0.0595 -0.7792
vn -0.1488 -0.9844 -0.0942
vn 0.3311 -0.6658 -0.6687
vn 0.3647 -0.5549 -0.7477
vn -0.1773 -0.9653 -0.1917
vn 0.5326 -0.2130 -0.8191
vn 0.5787 -0.1417 -0.8032
vn 0.6341 -0.0599 -0.7709
vn 0.6246 -0.0152 -0.7808
vn 0.5792 -0.0518 -0.8135
vn 0.5668 -0.0400 -0.8229
vn 0.1218 -0.9681 -0.2189
vn 0.4247 -0.6602 -0.6195
vn 0.3070 -0.6439 -0.7008
vn 0.0182 -0.9145 -0.4042
vn -0.0936 -0.7812 -0.6172
vn -0.3579 -0.9296 -0.0883
vn -0.2838 -0.9440 -0.1682
vn 0.0852 -0.6800 -0.7283
vn -0.7145 -0.5743 -0.3996
vn -0.5943 -0.7791 -0.1997
vn -0.6690 -0.7151 0.2025
vn -0.8078 -0.5290 -0.2600
vn -0.6233 -0.7206 0.3036
vn -0.5533 -0.8158 -0.1684
vn -0.5798 -0.6713 0.4617
vn -0.6236 -0.7089 0.3296
vn -0.4872 -0.7695 0.4129
vn -0.5490 -0.7281 0.4105
vn -0.0900 -0.5069 -0.8573
vn -0.5127 -0.8382 -0.1859
vn -0.7096 -0.6928 -0.1286
vn -0.2786 -0.5208 -0.8070
vn -0.6446 -0.5802 0.4979
vn -0.7059 -0.5073 0.4944
vn -0.6965 -0.5645 0.4430
vn -0.7227 -0.5196 0.4558
vn -0.7256 -0.6482 0.2309
vn -0.7497 -0.6302 0.2019
vn -0.5968 -0.7618 -0.2519
vn -0.6088 -0.7427 -0.2790
vn -0.3093 -0.6935 -0.6507
vn -0.6239 -0.7788 -0.0649
vn -0.3200 -0.7642 -0.5601
vn -0.5617 -0.8219 -0.0944
vn -0.6341 -0.5383 0.5550
vn -0.6033 -0.5671 0.5607
vn -0.6426 -0.5014 0.5794
vn -0.5589 -0.5259 0.6411
vn -0.6763 -0.6844 0.2725
vn -0.5426 -0.7799 0.3120
vn -0.5109 -0.8261 -0.2378
vn -0.3701 -0.9113 -0.1805
vn -0.6612 -0.4061 -0.6308
vn -0.4468 -0.6859 -0.5744
vn -0.3574 -0.5040 -0.7863
vn -0.6032 -0.2781 -0.7475
vn -0.1194 -0.6692 -0.7335
vn -0.3025 -0.7616 -0.5731
vn -0.3180 -0.6893 -0.6509
vn -0.0993 -0.6107 -0.7856
vn -0.1317 -0.5094 -0.8504
vn -0.3568 -0.6634 -0.6578
vn -0.2897 -0.7488 -0.5962
vn -0.0872 -0.5513 -0.8297
vn -0.0307 -0.6839 -0.7289
vn -0.2170 -0.8504 -0.4794
vn -0.2360 -0.8843 -0.4028
vn -0.3701 -0.9211 -0.1206
vn -0.0431 -0.7558 -0.6534
vn -0.0756 -0.7802 -0.6210
vn -0.2809 -0.8902 -0.3587
vn -0.4073 -0.9090 -0.0883
vn 0.2148 -0.3976 -0.8921
vn 0.2270 -0.4755 -0.8499
vn 0.4555 -0.2070 -0.8658
vn 0.4197 -0.2194 -0.8807
vn 0.4897 -0.1901 -0.8509
vn 0.1976 -0.5320 -0.8233
vn -0.6301 -0.6116 -0.4784
vn -0.9019 -0.2899 0.3201
vn -0.7115 -0.3969 0.5798
vn -0.7186 -0.6942 0.0408
vn -0.5919 -0.7704 -0.2368
vn -0.8001 -0.5874 -0.1217
vn -0.5114 -0.6012 -0.6140
vn -0.4955 -0.7947 -0.3506
vn -0.6050 -0.6674 -0.4342
vn -0.6146 -0.4857 -0.6215
vn -0.7430 -0.3081 -0.5942
vn -0.6669 -0.2951 -0.6842
vn -0.6226 -0.3313 -0.7090
vn -0.5453 -0.2467 -0.8011
vn -0.6623 -0.6952 -0.2792
vn -0.7026 -0.6533 -0.2820
vn -0.2927 -0.3304 -0.8973
vn -0.5177 -0.6913 -0.5040
vn -0.1485 -0.8006 -0.5806
vn -0.0118 -0.5240 -0.8516
vn 0.0798 -0.5277 -0.8457
vn 0.0124 -0.7660 -0.6428
vn 0.0941 -0.6847 -0.7227
vn 0.0719 -0.4197 -0.9048
vn 0.1280 -0.3580 -0.9249
vn 0.2749 -0.3493 -0.8958
vn -0.5893 -0.6520 0.4770
vn -0.5851 -0.7513 0.3053
vn -0.5146 -0.8286 0.2205
vn -0.5905 -0.7764 0.2202
vn -0.5102 -0.8573 0.0692
vn -0.5416 -0.8276 0.1475
vn -0.4595 -0.8860 0.0625
vn -0.4913 -0.8693 0.0551
vn -0.4926 -0.8246 0.2780
vn -0.5031 -0.8596 0.0896
vn -0.4403 -0.8332 -0.3345
vn -0.5685 -0.7987 -0.1974
vn -0.5354 -0.8379 -0.1059
vn -0.4684 -0.8738 -0.1305
vn -0.6108 -0.7861 0.0947
vn -0.6681 -0.7379 -0.0955
vn -0.5264 -0.7967 0.2968
vn -0.5208 -0.7215 0.4562
vn -0.4908 -0.7155 0.4971
vn -0.5055 -0.7420 0.4404
vn -0.6572 -0.7330 0.1758
vn -0.6235 -0.7772 0.0844
vn -0.6950 -0.7047 -0.1427
vn -0.6270 -0.7336 -0.2623
vn -0.4653 -0.8199 0.3335
vn -0.4003 -0.8076 0.4331
vn -0.2283 -0.9232 0.3091
vn -0.2478 -0.9568 0.1522
vn -0.3495 -0.8900 -0.2929
vn -0.2963 -0.9541 -0.0438
vn -0.5001 -0.8658 -0.0151
vn -0.5105 -0.7911 -0.3370
vn -0.1152 -0.9931 -0.0212
vn -0.0956 -0.9511 0.2937
vn -0.2106 -0.9483 0.2376
vn -0.1450 -0.9864 -0.0780
vn -0.2394 -0.9634 0.1210
vn -0.2100 -0.9450 0.2508
vn -0.1318 -0.9822 0.1339
vn -0.1997 -0.9766 -0.0804
vn -0.9509 0.2380 0.1980
vn -0.9456 0.3229 -0.0387
vn -0.9667 -0.1027 -0.2343
vn -0.9987 -0.0239 0.0458
vn -0.9548 -0.1384 -0.2632
vn -0.9402 0.3359 -0.0557
vn -0.9326 -0.1887 -0.3075
vn -0.9399 -0.1764 -0.2922
vn -0.9797 -0.2003 0.0081
vn -0.8671 -0.2769 -0.4140
vn -0.9254 -0.2819 -0.2531
vn -0.9935 -0.0555 -0.0992
vn -0.9746 -0.0839 -0.2076
vn -0.8990 -0.1481 0.4121
vn -0.8610 -0.3294 0.3875
vn -0.8588 0.0588 0.5089
vn -0.9584 0.2639 0.1089
vn -0.9510 0.3093 0.0034
vn -0.7552 -0.3450 0.5574
vn -0.9259 -0.3675 0.0873
vn -0.9605 -0.1709 0.2195
vn -0.8128 -0.1856 0.5522
vn -0.9273 0.1535 0.3414
vn -0.7997 0.0070 0.6003
vn -0.8674 0.0839 0.4905
vn -0.8998 -0.1021 0.4242
vn -0.8343 -0.2890 0.4694
vn -0.8937 -0.3889 -0.2239
vn -0.8345 -0.3465 0.4284
vn -0.8335 -0.3318 -0.4417
vn -0.8678 -0.4152 -0.2729
vn -0.8964 -0.4293 -0.1104
vn -0.8478 -0.3383 0.4084
vn -0.8223 -0.2915 0.4886
vn -0.9239 -0.3797 0.0464
vn -0.9305 -0.3654 0.0269
vn -0.7466 -0.3234 0.5814
vn -0.7257 -0.3191 0.6095
vn -0.9306 -0.3426 0.1291
vn -0.8882 -0.4266 0.1707
vn -0.7564 -0.2900 0.5864
vn -0.8842 -0.4589 -0.0871
vn -0.8166 -0.3704 0.4427
vn -0.8466 -0.4569 -0.2729
vn -0.8459 -0.4845 -0.2228
vn -0.8702 -0.4914 0.0350
vn -0.7531 -0.3849 0.5336
vn -0.6487 -0.5339 0.5423
vn -0.6797 -0.7335 0.0032
vn -0.6002 -0.2757 0.7509
vn -0.6123 -0.2187 0.7598
vn -0.7132 -0.4649 0.5246
vn -0.6973 -0.6975 -0.1652
vn -0.8264 -0.5162 0.2248
vn -0.6705 -0.3829 0.6355
vn -0.8284 -0.5409 -0.1452
vn -0.7904 -0.5975 -0.1351
vn -0.7765 -0.4778 0.4107
vn -0.6062 -0.3487 0.7148
vn -0.8686 -0.3854 0.3114
vn -0.9016 -0.4321 0.0212
vn -0.9034 -0.4224 0.0737
vn -0.8196 -0.3156 0.4782
vn -0.8525 -0.5087 -0.1198
vn -0.8328 -0.5448 -0.0977
vn -0.7998 -0.3437 0.4921
vn -0.8406 -0.5349 0.0855
vn -0.7489 -0.6362 -0.1854
vn -0.8447 -0.4830 0.2308
vn -0.7704 -0.6142 -0.1711
vn -0.5988 -0.6936 -0.4005
vn -0.5263 -0.6590 -0.5373
vn -0.6251 -0.6345 -0.4545
vn -0.7072 -0.4298 0.5614
vn -0.7435 -0.6612 -0.0999
vn -0.6069 -0.2662 0.7489
vn -0.9028 -0.2969 -0.3112
vn -0.8952 -0.2851 -0.3427
vn -0.7362 -0.5255 -0.4265
vn -0.8144 -0.4752 -0.3332
vn -0.6503 -0.6205 -0.4383
vn -0.3457 -0.6683 -0.6587
vn -0.1494 -0.6187 -0.7713
vn -0.4670 -0.6745 -0.5718
vn -0.0205 -0.7013 -0.7126
vn -0.0984 -0.5652 -0.8191
vn -0.3897 -0.7597 -0.5205
vn -0.1187 -0.8575 -0.5006
vn -0.1546 -0.7566 -0.6353
vn -0.3839 -0.5920 -0.7086
vn -0.4570 -0.5781 -0.6760
vn -0.4858 -0.6080 -0.6280
vn -0.4895 -0.6048 -0.6282
vn -0.4103 -0.5972 -0.6892
vn -0.3410 -0.6692 -0.6603
vn -0.2414 -0.5873 -0.7725
vn -0.6052 -0.7749 -0.1822
vn -0.4956 -0.8647 -0.0823
vn -0.4353 -0.8181 -0.3757
vn -0.6144 -0.6837 -0.3939
vn -0.6724 -0.5322 -0.5144
vn -0.5599 -0.5633 -0.6076
vn -0.3930 -0.5728 -0.7193
vn -0.5795 -0.5688 -0.5837
vn -0.6131 -0.6692 -0.4199
vn -0.6256 -0.5881 -0.5126
vn -0.6434 -0.5428 -0.5398
vn -0.6943 -0.5466 -0.4682
vn 0.0128 0.0826 0.9965
vn -0.2655 -0.0488 0.9629
vn -0.2027 -0.0181 0.9791
vn 0.0470 0.1636 0.9854
vn -0.1942 0.0383 0.9802
vn 0.0229 0.2460 0.9690
vn -0.2386 0.1004 0.9659
vn -0.0463 0.3188 0.9467
vn -0.2975 0.1343 0.9452
vn -0.0790 0.3344 0.9391
vn -0.0643 0.3123 0.9478
vn -0.0736 0.3195 0.9447
vn -0.3017 0.1434 0.9426
vn -0.2939 0.1345 0.9463
vn -0.2737 0.1319 0.9527
vn -0.0630 0.3109 0.9484
vn -0.2458 0.1116 0.9629
vn -0.0781 0.3079 0.9482
vn -0.2456 0.1001 0.9642
vn -0.0705 0.2949 0.9529
vn -0.2659 0.1337 0.9547
vn -0.0695 0.3149 0.9466
vn -0.2666 0.1574 0.9509
vn -0.0810 0.3533 0.9320
vn -0.2900 0.1811 0.9397
vn -0.1197 0.4082 0.9050
vn -0.3471 0.2510 0.9036
vn -0.1290 0.4726 0.8718
vn -0.3400 0.3279 0.8814
vn -0.1249 0.5398 0.8325
vn -0.3204 0.4008 0.8583
vn -0.1838 0.5758 0.7967
vn -0.3378 0.4380 0.8331
vn -0.2993 0.5427 0.7848
vn -0.3733 0.5394 0.7548
vn -0.3400 0.5247 0.7804
vn -0.3929 0.4409 0.8070
vn -0.4654 0.4551 0.7592
vn -0.3771 0.5570 0.7400
vn -0.3884 0.4951 0.7772
vn -0.1379 0.6182 0.7738
vn -0.1786 0.7020 0.6895
vn -0.3905 0.5244 0.7567
vn -0.1071 0.6412 0.7599
vn -0.2230 0.0922 0.9705
vn -0.0600 0.1203 0.9909
vn 0.0943 0.1817 0.9788
vn -0.0343 0.2004 0.9791
vn 0.1437 0.1472 0.9786
vn 0.0286 0.0865 0.9958
vn -0.3771 0.0913 0.9217
vn -0.3364 0.0892 0.9375
vn -0.1170 0.2662 0.9568
vn -0.1424 0.2959 0.9445
vn -0.3691 0.0658 0.9271
vn -0.3818 0.0918 0.9197
vn -0.1479 0.2773 0.9493
vn -0.1571 0.2466 0.9563
vn -0.2852 0.0422 0.9575
vn -0.3405 0.0469 0.9391
vn -0.1767 0.2346 0.9559
vn -0.1731 0.2273 0.9583
vn -0.2163 0.0668 0.9740
vn -0.2304 0.0459 0.9720
vn -0.1291 0.2164 0.9677
vn -0.1148 0.2307 0.9662
vn -0.3036 0.1086 0.9466
vn -0.2508 0.1009 0.9628
vn -0.1283 0.2667 0.9552
vn -0.1510 0.3037 0.9407
vn -0.1635 0.3242 0.9317
vn -0.3596 0.0782 0.9298
vn -0.2262 0.3174 0.9209
vn -0.3666 0.0383 0.9296
vn -0.3021 0.4169 0.8573
vn -0.1341 0.1924 0.9721
vn -0.2646 0.0670 0.9620
vn -0.2927 0.3597 0.8860
vn -0.2450 0.5450 0.8019
vn -0.0109 0.3090 0.9510
vn -0.0686 0.6703 0.7389
vn 0.1293 0.3328 0.9341
vn -0.2713 -0.0126 0.9624
vn -0.2096 -0.1061 0.9720
vn -0.3577 0.0311 0.9333
vn -0.4787 -0.1017 0.8721
vn -0.4022 -0.1598 0.9015
vn -0.3298 -0.2367 0.9139
vn -0.4337 0.0304 0.9005
vn -0.4780 -0.0006 0.8784
vn -0.5972 -0.1340 0.7908
vn -0.5599 -0.0952 0.8231
vn -0.4752 -0.0215 0.8796
vn -0.4427 -0.0437 0.8956
vn -0.5451 -0.1885 0.8169
vn -0.5757 -0.1736 0.7990
vn -0.3899 -0.0793 0.9174
vn -0.3260 -0.1058 0.9394
vn -0.4267 -0.2619 0.8656
vn -0.5094 -0.2166 0.8328
vn -0.6095 -0.7034 0.3658
vn -0.5390 -0.7260 0.4271
vn -0.5076 -0.4423 0.7394
vn -0.5995 -0.3575 0.7161
vn -0.4291 -0.4488 0.7839
vn -0.5124 -0.6690 0.5384
vn -0.6867 -0.6677 0.2874
vn -0.6816 -0.3176 0.6592
vn -0.7060 -0.3353 0.6239
vn -0.6988 -0.6627 0.2691
vn -0.6388 -0.6827 0.3547
vn -0.6593 -0.3868 0.6448
vn -0.5882 -0.3956 0.7054
vn -0.5482 -0.7004 0.4571
vn -0.6074 -0.1739 0.7751
vn -0.6607 -0.4228 0.6202
vn -0.6039 -0.3824 0.6993
vn -0.5402 -0.1943 0.8188
vn -0.6538 -0.5788 0.4873
vn -0.6479 -0.5237 0.5531
vn -0.6216 -0.2489 0.7427
vn -0.6838 -0.4441 0.5789
vn -0.5804 -0.1595 0.7986
vn -0.6888 -0.1935 0.6987
vn -0.6675 -0.1031 0.7374
vn -0.7185 -0.4686 0.5140
vn -0.7759 -0.5132 0.3669
vn -0.7722 -0.2002 0.6031
vn -0.7349 -0.0504 0.6763
vn -0.8019 -0.2266 0.5529
vn -0.7678 -0.0286 0.6400
vn -0.7768 -0.5453 0.3150
vn -0.7154 -0.6445 0.2700
vn -0.7729 -0.4035 0.4897
vn -0.7189 -0.0664 0.6920
vn -0.6169 -0.5967 0.5132
vn -0.5520 -0.1872 0.8125
vn -0.5699 -0.7655 0.2987
vn -0.4217 -0.8474 0.3225
vn -0.4364 -0.7198 0.5398
vn -0.3449 -0.3066 0.8871
vn -0.3083 -0.7618 0.5698
vn -0.1810 -0.3836 0.9056
vn -0.3472 -0.8705 0.3489
vn -0.3097 -0.8571 0.4116
vn -0.2244 -0.7466 0.6263
vn -0.0758 -0.4033 0.9119
vn -0.1701 -0.6860 0.7074
vn -0.0362 -0.3793 0.9246
vn -0.2752 -0.8294 0.4862
vn -0.2655 -0.8164 0.5128
vn -0.1805 -0.6430 0.7443
vn -0.0807 -0.3667 0.9268
vn -0.1971 -0.3449 0.9177
vn -0.1526 -0.3598 0.9205
vn -0.2345 -0.6411 0.7307
vn -0.2897 -0.6530 0.6997
vn -0.2839 -0.8187 0.4992
vn -0.3257 -0.8104 0.4870
vn -0.3359 -0.6437 0.6877
vn -0.2400 -0.3257 0.9145
vn -0.3694 -0.7835 0.4996
vn -0.3698 -0.7705 0.5192
vn -0.3162 -0.6397 0.7006
vn -0.2145 -0.3358 0.9172
vn 0.0335 -0.4071 0.9128
vn -0.1169 -0.3618 0.9249
vn -0.2181 -0.6656 0.7137
vn -0.0800 -0.7235 0.6856
vn -0.2696 -0.8032 0.5312
vn -0.1274 -0.8639 0.4872
vn 0.0186 -0.7580 0.6520
vn 0.1389 -0.4518 0.8813
vn -0.0495 -0.9115 0.4083
vn -0.0604 -0.9367 0.3450
vn 0.0237 -0.7424 0.6695
vn 0.1280 -0.4523 0.8826
vn -0.6306 -0.6824 0.3697
vn -0.6163 -0.7352 0.2824
vn -0.6643 -0.6782 0.3143
vn -0.6757 -0.6122 0.4108
vn -0.6313 -0.7625 0.1418
vn -0.6948 -0.6997 0.1663
vn -0.5692 -0.8126 0.1254
vn -0.6034 -0.7973 0.0141
vn -0.6385 -0.7688 0.0357
vn -0.5837 -0.8119 0.0116
vn -0.5956 -0.8029 0.0256
vn -0.6476 -0.7515 0.1255
vn -0.6911 -0.7148 0.1072
vn -0.5120 -0.8563 0.0679
vn -0.4960 -0.8670 0.0476
vn -0.4672 -0.8742 0.1325
vn -0.4179 -0.9008 0.1180
vn -0.4139 -0.8761 0.2471
vn -0.5366 -0.8221 0.1901
vn -0.3885 -0.8910 0.2347
vn -0.3592 -0.8771 0.3188
vn -0.3681 -0.8851 0.2846
vn -0.3920 -0.8992 0.1944
vn -0.3326 -0.8782 0.3436
vn -0.2943 -0.8937 0.3387
vn -0.3537 -0.9028 0.2445
vn -0.3051 -0.9191 0.2494
vn -0.2984 -0.9259 0.2318
vn -0.3416 -0.8960 0.2838
vn -0.2965 -0.9037 0.3089
vn -0.2763 -0.9274 0.2520
vn -0.3811 -0.9140 0.1388
vn -0.4016 -0.8720 0.2800
vn -0.3873 -0.8788 0.2786
vn -0.3428 -0.9208 0.1863
vn -0.2363 -0.9581 0.1618
vn -0.1527 -0.9445 0.2909
vn -0.3268 -0.9005 0.2870
vn -0.3681 -0.9220 0.1202
vn -0.5725 -0.6185 0.5383
vn -0.6307 -0.4745 0.6141
vn -0.2748 -0.1295 0.9527
vn -0.5754 -0.7188 0.3901
vn -0.4329 -0.5293 0.7297
vn -0.6462 -0.6316 0.4284
vn -0.6469 -0.6097 0.4581
vn -0.6637 -0.5990 0.4480
vn -0.6443 -0.6230 0.4436
vn -0.5666 -0.7828 0.2572
vn -0.0116 -0.0371 -0.9992
vn 0.1934 -0.0105 -0.9811
vn -0.0622 0.0067 -0.9980
vn 0.1853 0.0856 -0.9789
vn -0.0309 -0.0504 -0.9983
vn 0.0429 -0.0417 -0.9982
vn -0.2479 -0.3913 -0.8862
vn 0.0151 -0.3367 -0.9415
vn 0.0927 -0.1304 -0.9871
vn -0.0963 0.0271 -0.9950
vn 0.2825 -0.1325 -0.9501
vn 0.4343 -0.0332 -0.9002
vn 0.3314 -0.0149 -0.9434
vn 0.0455 -0.1624 -0.9857
vn 0.3094 0.1666 -0.9362
vn 0.2012 0.2301 -0.9521
vn 0.3423 0.0862 -0.9356
vn 0.4016 0.1646 -0.9009
vn 0.4443 0.0655 -0.8935
vn 0.3360 0.0220 -0.9416
vn -0.3467 -0.3645 -0.8643
vn -0.0714 0.1313 -0.9888
vn -0.0332 0.2001 -0.9792
vn -0.1696 -0.2835 -0.9438
vn 0.3574 -0.1393 -0.9235
vn 0.2507 -0.1445 -0.9572
vn 0.1918 -0.2654 -0.9449
vn 0.0228 -0.2336 -0.9721
vn -0.1680 0.0718 -0.9832
vn -0.0688 0.2705 -0.9603
vn 0.0570 0.2986 -0.9527
vn 0.0503 0.1362 -0.9894
vn 0.0959 -0.0677 -0.9931
vn -0.1179 -0.1370 -0.9835
vn -0.0946 -0.4268 -0.8994
vn -0.4821 -0.5314 -0.6966
vn -0.2913 -0.3348 -0.8961
vn -0.6077 -0.4144 -0.6775
vn -0.4585 0.0697 -0.8860
vn -0.4774 -0.1665 -0.8628
vn -0.0827 -0.2130 -0.9735
vn -0.1427 0.1629 -0.9763
vn -0.2916 0.1668 -0.9419
vn -0.4000 -0.0340 -0.9159
vn -0.6451 -0.1514 -0.7490
vn -0.5682 0.0235 -0.8226
vn -0.3895 -0.2202 -0.8943
vn -0.6453 -0.3052 -0.7003
vn -0.7978 0.1298 -0.5888
vn -0.8961 0.3468 -0.2771
vn -0.8465 0.0993 -0.5231
vn -0.9635 0.2650 -0.0392
vn -0.8061 0.5911 0.0289
vn -0.8402 0.5256 -0.1333
vn -0.7770 -0.5072 -0.3729
vn -0.8137 -0.4407 -0.3790
vn -0.8962 -0.4420 0.0387
vn -0.9474 -0.3170 0.0435
vn -0.9810 -0.1215 0.1512
vn -0.9898 -0.1121 0.0875
vn -0.9055 -0.0941 -0.4138
vn -0.9177 -0.2050 -0.3403
vn -0.8766 -0.3061 -0.3712
vn -0.9953 -0.0513 0.0822
vn -0.6508 0.7296 0.2102
vn -0.8588 0.3956 0.3255
vn -0.6672 0.5098 0.5431
vn -0.4930 0.7927 0.3585
vn -0.7274 -0.0022 0.6862
vn -0.9004 -0.1392 0.4121
vn -0.8410 -0.3188 0.4371
vn -0.6638 -0.1737 0.7274
vn -0.8853 -0.0837 0.4574
vn -0.7362 0.0505 0.6749
vn -0.8853 -0.0435 0.4630
vn -0.7732 0.0133 0.6340
vn -0.9130 0.1650 0.3731
vn -0.7748 0.2026 0.5988
vn -0.7369 0.0293 0.6754
vn -0.6444 0.4381 0.6267
vn -0.5248 0.4187 0.7411
vn -0.7013 -0.1055 0.7050
vn -0.4637 0.7343 0.4958
vn -0.3833 0.6576 0.6485
vn -0.1464 0.1369 0.9797
vn -0.4596 0.0722 0.8852
vn -0.3673 -0.0406 0.9292
vn -0.0445 0.0724 0.9964
vn -0.4105 0.8019 0.4340
vn -0.4705 0.6294 0.6185
vn -0.2001 0.3722 0.9063
vn -0.3791 -0.0463 0.9242
vn -0.3023 0.4493 0.8407
vn -0.2574 0.2598 0.9307
vn -0.0738 0.2977 0.9518
vn -0.6282 -0.5424 0.5579
vn -0.5738 -0.4649 0.6743
vn 0.1412 0.1609 0.9768
vn 0.0563 0.1735 0.9832
vn -0.0170 -0.0247 0.9996
vn -0.2256 0.1794 0.9576
vn -0.0211 0.2392 0.9707
vn -0.2814 -0.3146 0.9065
vn -0.5277 0.1713 0.8320
vn -0.5556 0.1459 0.8186
vn -0.5360 0.2920 0.7921
vn -0.6958 -0.5387 0.4750
vn -0.7936 -0.2909 0.5344
vn -0.7601 -0.4799 0.4382
vn -0.7740 -0.4449 0.4505
vn -0.7814 -0.3310 0.5290
vn -0.7265 -0.0804 0.6825
vn -0.6542 -0.1283 0.7454
vn -0.7373 -0.4052 0.5405
vn -0.5222 -0.4553 0.7211
vn -0.6372 -0.4294 0.6400
vn -0.6991 -0.6453 0.3080
vn -0.5989 -0.6105 0.5183
vn -0.7318 -0.3596 0.5790
vn -0.6879 -0.6980 0.1990
vn -0.7887 -0.3082 0.5319
vn -0.6864 -0.7083 0.1650
vn -0.8601 -0.2092 0.4652
vn -0.7397 -0.6217 0.2574
vn -0.8900 -0.0001 0.4560
vn -0.8983 -0.0838 0.4314
vn -0.8897 -0.2276 0.3958
vn -0.7928 -0.1837 0.5812
vn -0.8566 -0.0327 0.5149
vn -0.7506 -0.1628 0.6404
vn -0.7407 -0.1579 0.6531
vn -0.7499 -0.2791 0.5998
vn -0.7611 -0.5613 0.3250
vn -0.6833 -0.6291 0.3707
vn -0.8209 -0.4158 0.3914
vn -0.7726 -0.5846 0.2476
vn -0.6867 -0.5042 0.5236
vn -0.5955 -0.7805 0.1904
vn -0.7151 -0.5397 0.4442
vn -0.6578 -0.6995 0.2791
vn -0.6205 -0.1482 0.7701
vn -0.6335 -0.7434 0.2146
vn -0.5916 -0.7314 0.3392
vn -0.4691 -0.2506 0.8469
vn -0.8196 -0.4779 0.3160
vn -0.8018 0.0082 0.5975
vn -0.7285 -0.0776 0.6807
vn -0.7884 -0.4216 0.4481
vn -0.7946 -0.3670 -0.4836
vn -0.9399 -0.2491 -0.2334
vn -0.9651 -0.2207 -0.1412
vn -0.8667 -0.1506 -0.4755
vn -0.9565 0.2803 0.0806
vn -0.8068 0.4413 -0.3929
vn -0.3144 -0.4864 -0.8152
vn -0.7028 -0.4851 -0.5203
vn -0.8783 -0.3102 -0.3637
vn -0.6280 -0.4142 -0.6588
vn -0.3359 -0.6943 -0.6365
vn 0.0607 -0.5260 -0.8483
vn 0.2387 -0.5503 -0.8001
vn -0.0530 -0.7889 -0.6122
vn -0.2557 -0.7618 -0.5953
vn -0.0322 -0.5460 -0.8372
vn -0.3939 -0.4401 -0.8069
vn -0.5568 -0.5907 -0.5840
vn -0.6902 -0.5206 -0.5026
vn -0.5223 -0.4458 -0.7270
vn -0.4758 -0.5263 -0.7047
vn -0.7229 -0.5279 -0.4459
vn -0.6393 -0.5821 -0.5024
vn -0.3021 -0.5993 -0.7414
vn -0.1362 -0.6313 -0.7635
vn -0.4479 -0.6865 -0.5728
vn -0.3141 -0.7532 -0.5779
vn -0.1591 -0.6165 -0.7711
vn -0.3280 -0.5414 -0.7742
vn -0.4405 -0.7393 -0.5093
vn -0.4952 -0.4507 -0.7428
vn -0.6108 -0.7028 -0.3646
vn -0.6717 -0.6853 -0.2814
vn -0.5323 -0.4255 -0.7319
vn -0.6614 -0.6746 -0.3278
vn -0.5990 -0.6934 -0.4005
vn -0.5262 -0.4094 -0.7453
vn -0.4798 -0.4182 -0.7713
vn -0.5033 -0.7445 -0.4386
vn -0.4285 -0.4642 -0.7752
vn -0.3898 -0.8411 -0.3750
vn -0.3619 -0.5511 -0.7519
vn -0.2730 -0.9416 -0.1971
vn -0.2731 -0.9617 -0.0221
vn -0.2617 -0.6612 -0.7031
vn -0.2209 -0.7794 -0.5863
vn 0.0232 -0.1429 -0.9895
vn 0.0091 -0.2282 -0.9736
vn 0.4838 0.0631 -0.8729
vn 0.4550 0.1188 -0.8825
vn 0.4341 -0.0844 -0.8969
vn 0.0824 -0.3319 -0.9397
vn 0.1809 -0.4125 -0.8928
vn 0.3524 -0.2398 -0.9046
vn 0.2545 -0.3353 -0.9071
vn 0.1679 -0.4609 -0.8714
vn 0.0444 -0.4472 -0.8933
vn 0.1450 -0.3264 -0.9340
vn 0.0332 -0.2307 -0.9725
vn -0.1052 -0.3343 -0.9366
vn -0.2082 -0.1736 -0.9626
vn -0.0696 -0.0911 -0.9934
vn -0.2546 -0.0783 -0.9639
vn -0.1246 0.0334 -0.9916
vn -0.2826 -0.0381 -0.9585
vn -0.2395 -0.0168 -0.9707
vn -0.0996 0.1307 -0.9864
vn 0.0118 0.2064 -0.9784
vn -0.1767 0.0279 -0.9839
vn -0.0858 0.1031 -0.9910
vn 0.1198 0.3029 -0.9455
vn 0.1705 0.4138 -0.8942
vn 0.0107 0.1372 -0.9905
vn 0.0210 0.0263 -0.9994
vn 0.1738 0.4833 -0.8580
vn 0.1400 0.4751 -0.8687
vn -0.5092 -0.8052 0.3040
vn -0.5215 -0.8139 0.2562
vn -0.5509 -0.6694 0.4984
vn -0.5576 -0.5925 0.5813
vn 0.2127 -0.5618 -0.7995
vn -0.0265 -0.7974 -0.6028
vn 0.5141 -0.1945 -0.8354
vn 0.5873 -0.2736 -0.7617
vn 0.3981 -0.5866 -0.7052
vn 0.1579 -0.8732 -0.4611
vn -0.2573 -0.9651 0.0489
vn -0.4063 -0.9121 -0.0555
vn -0.2543 -0.9056 -0.3395
vn -0.0482 -0.9847 -0.1673
vn -0.3739 -0.9215 -0.1055
vn -0.5644 -0.7255 0.3939
vn -0.4662 -0.6641 0.5844
vn -0.0950 -0.7411 0.6647
vn 0.0049 -0.5300 0.8480
vn -0.3602 -0.6586 0.6606
vn -0.4283 -0.8575 0.2850
vn -0.1686 -0.8790 0.4459
vn 0.8265 -0.1565 0.5408
vn 0.4474 -0.3912 0.8042
vn 0.2099 -0.9099 0.3578
vn 0.6019 -0.7975 0.0417
vn 0.8613 -0.3591 -0.3595
vn 0.8447 0.0589 -0.5320
vn 0.9684 0.2208 0.1161
vn 0.9053 0.3865 -0.1761
vn 0.5463 -0.3892 -0.7417
vn 0.6358 -0.0623 -0.7693
vn 0.1672 -0.8593 -0.4834
vn 0.4834 -0.8720 -0.0774
vn 0.7970 -0.3546 -0.4890
vn 0.8484 0.0631 -0.5256
vn -0.1539 -0.9729 0.1726
vn 0.0281 -0.8740 0.4851
vn -0.2710 -0.9153 0.2981
vn -0.2985 -0.7725 0.5605
vn -0.3408 -0.9140 0.2200
vn -0.4117 -0.8186 0.4006
vn -0.3696 -0.9273 0.0595
vn -0.4349 -0.8933 0.1136
vn -0.3708 -0.9267 -0.0615
vn -0.4223 -0.8955 -0.1404
vn -0.3516 -0.8348 -0.4236
vn -0.3447 -0.7888 -0.5089
vn 0.0889 0.3461 -0.9340
vn -0.1238 -0.2317 -0.9649
vn 0.0743 0.2519 -0.9649
vn -0.1045 -0.2920 -0.9507
vn 0.2013 -0.2249 -0.9534
vn -0.0937 -0.8078 -0.5819
vn 0.3075 0.2149 -0.9270
vn 0.7256 0.2634 -0.6357
vn 0.8199 -0.0958 -0.5645
vn 0.5798 -0.7151 -0.3904
vn -0.1526 -0.9880 -0.0222
vn -0.1184 -0.9291 0.3503
vn 0.6667 -0.7306 0.1475
vn 0.6197 -0.5987 0.5075
vn 0.9957 -0.0858 -0.0338
vn 0.9489 -0.0178 0.3151
vn 0.9327 0.2938 -0.2094
vn 0.9538 0.2758 0.1195
vn -0.1122 -0.7516 0.6500
vn 0.5149 -0.3793 0.7688
vn 0.4091 -0.1956 0.8913
vn -0.0695 -0.5809 0.8110
vn 0.2897 0.3807 -0.8782
vn 0.5861 0.4933 -0.6428
vn 0.1362 0.3793 -0.9152
vn 0.4166 0.5968 -0.6858
vn 0.8338 0.1467 0.5322
vn 0.7222 0.2117 0.6585
vn 0.8716 0.4435 0.2086
vn 0.8035 0.5261 0.2786
vn 0.8136 0.5436 -0.2061
vn 0.7079 0.6869 -0.1642
vn 0.2895 -0.4687 -0.8346
vn -0.0306 -0.6969 -0.7165
vn -0.2192 -0.5860 -0.7801
vn 0.0923 -0.3619 -0.9276
vn 0.4306 0.1985 -0.8804
vn 0.2864 0.0221 -0.9579
vn 0.2875 0.0101 -0.9577
vn 0.4400 0.1743 -0.8809
vn 0.3688 -0.0337 -0.9289
vn 0.4806 0.0781 -0.8735
vn 0.4758 0.1235 -0.8708
vn 0.3325 -0.0227 -0.9428
vn -0.8204 -0.4694 0.3265
vn -0.5367 -0.7938 -0.2861
vn -0.6690 -0.6357 -0.3851
vn -0.8766 -0.4313 0.2134
vn -0.0332 -0.2853 -0.9579
vn -0.3436 -0.5078 -0.7900
vn -0.3835 -0.5888 -0.7115
vn 0.0109 -0.2972 -0.9547
vn 0.0705 -0.3221 -0.9441
vn -0.3663 -0.6755 -0.6399
vn -0.2522 -0.7343 -0.6303
vn 0.1236 -0.3681 -0.9215
vn -0.8537 -0.4916 0.1718
vn -0.7601 -0.5610 -0.3279
vn -0.7457 -0.6493 -0.1494
vn -0.7620 -0.6257 0.1670
vn -0.7688 -0.5066 0.3903
vn -0.7520 -0.5972 0.2791
vn -0.5619 -0.8119 0.1585
vn -0.5172 -0.8544 0.0511
vn -0.6620 -0.7495 0.0023
vn -0.4894 -0.8720 0.0097
vn -0.6441 -0.7290 0.2317
vn -0.4829 -0.8081 0.3373
vn 0.2492 -0.6027 -0.7581
vn -0.2234 -0.9407 -0.2553
vn -0.2465 -0.9220 -0.2986
vn 0.0943 -0.6486 -0.7552
vn -0.6829 -0.7048 0.1919
vn -0.6177 -0.7799 0.1011
vn -0.4627 -0.8864 -0.0163
vn -0.4309 -0.9000 -0.0666
vn -0.5231 -0.8416 0.1342
vn -0.4140 -0.8728 0.2585
vn -0.3609 -0.9321 -0.0317
vn -0.2402 -0.9683 0.0679
vn 0.4661 -0.0491 -0.8834
vn 0.5044 -0.0501 -0.8620
vn 0.3644 -0.0856 -0.9273
vn 0.2151 -0.1375 -0.9669
vn -0.2683 -0.9155 -0.2997
vn -0.2774 -0.9236 -0.2648
vn 0.0071 -0.7380 -0.6747
vn -0.0289 -0.8084 -0.5879
vn 0.0860 -0.9095 -0.4068
vn -0.1961 -0.9649 -0.1748
vn -0.0426 -0.9967 -0.0693
vn 0.2378 -0.9412 -0.2402
vn 0.0477 -0.5977 -0.8003
vn -0.2243 -0.5293 -0.8182
vn -0.2186 -0.7817 -0.5841
vn -0.3489 -0.6228 -0.7003
vn 0.3034 -0.2574 -0.9174
vn 0.1185 -0.2757 -0.9539
vn 0.1915 -0.4714 -0.8609
vn 0.3207 -0.4430 -0.8372
vn 0.4098 -0.6569 -0.6329
vn 0.3710 -0.8403 -0.3954
vn 0.2191 -0.7262 -0.6516
vn 0.0304 -0.9317 -0.3620
vn -0.2625 -0.5762 -0.7740
vn -0.1912 -0.7177 -0.6695
vn -0.3220 -0.6299 -0.7068
vn -0.2507 -0.7339 -0.6312
vn -0.1473 -0.8481 -0.5090
vn -0.2133 -0.9177 -0.3352
vn -0.1978 -0.8228 -0.5327
vn -0.2003 -0.8790 -0.4327
vn -0.8099 -0.5830 -0.0640
vn -0.8517 -0.4522 -0.2650
vn -0.6768 -0.7060 0.2086
vn -0.4965 -0.7799 -0.3812
vn -0.5368 -0.6468 -0.5418
vn -0.4368 -0.4739 -0.7646
vn -0.3645 -0.9106 -0.1948
vn -0.5282 -0.7662 0.3661
vn -0.4979 -0.8122 0.3040
vn -0.1942 -0.9810 0.0026
vn -0.1597 -0.8890 -0.4291
vn -0.1654 -0.7802 -0.6032
vn -0.0974 -0.9782 -0.1833
vn -0.4024 -0.9080 -0.1165
vn -0.4089 -0.8504 -0.3312
vn -0.3867 -0.7666 -0.5126
vn -0.5562 -0.8020 0.2178
vn -0.6356 -0.7429 0.2099
vn -0.2686 -0.9508 0.1543
vn -0.1408 -0.9815 0.1298
vn -0.7008 -0.6930 0.1694
vn -0.6328 -0.7740 -0.0210
vn -0.0119 -0.9999 0.0040
vn 0.0145 -0.9941 0.1076
vn -0.2900 -0.9395 0.1824
vn -0.3380 -0.9391 0.0614
vn -0.4352 -0.8970 0.0770
vn -0.2830 -0.9591 0.0111
vn -0.6329 -0.7501 -0.1920
vn -0.7052 -0.7090 0.0006
vn -0.0486 -0.9844 0.1692
vn -0.2109 -0.9526 0.2192
vn -0.3918 -0.8648 0.3141
vn -0.3005 -0.9166 0.2637
vn -0.6928 -0.6800 0.2398
vn -0.4838 -0.8308 0.2751
vn -0.6542 -0.6626 0.3645
vn -0.5031 -0.7749 0.3826
vn -0.8719 -0.4781 -0.1060
vn -0.8939 -0.4049 -0.1922
vn -0.6577 -0.5819 -0.4784
vn -0.6414 -0.6819 -0.3517
vn -0.6971 -0.5024 -0.5115
vn -0.8999 -0.3624 -0.2427
vn -0.4359 -0.5807 -0.6876
vn -0.3875 -0.6638 -0.6397
vn -0.7848 -0.6106 0.1060
vn -0.8272 -0.5619 0.0101
vn -0.6280 -0.7567 -0.1816
vn -0.6149 -0.7885 -0.0155
vn -0.7650 -0.5962 0.2436
vn -0.7542 -0.6277 0.1927
vn -0.5932 -0.7976 0.1091
vn -0.5731 -0.7948 0.1996
vn -0.7942 -0.5386 0.2815
vn -0.5672 -0.7722 0.2865
vn -0.6081 -0.7129 0.3493
vn -0.8279 -0.4934 0.2667
vn -0.9636 -0.1362 0.2302
vn -0.9735 -0.1581 0.1655
vn -0.9549 -0.1434 0.2600
vn -0.8594 0.0917 0.5030
vn -0.8493 0.0609 0.5244
vn -0.8670 0.0267 0.4976
vn -0.9475 -0.1720 0.2697
vn -0.9365 -0.2152 0.2769
vn -0.8890 0.1428 0.4351
vn -0.8824 0.1178 0.4555
vn -0.9233 -0.2126 0.3198
vn -0.9440 -0.1543 0.2915
vn -0.9235 0.2213 0.3132
vn -0.9006 0.1617 0.4035
vn -0.9972 -0.0726 0.0181
vn -0.9712 -0.0827 0.2236
vn -0.9494 0.2714 0.1580
vn -0.9516 0.2776 -0.1321
vn -0.9671 -0.1282 -0.2196
vn -0.8504 0.3013 -0.4313
vn -0.8318 -0.5285 0.1698
vn -0.8217 -0.5699 0.0036
vn -0.8463 -0.1449 -0.5126
vn -0.6292 0.3064 -0.7143
vn -0.5720 -0.1356 -0.8090
vn -0.2976 0.2199 -0.9290
vn -0.7871 -0.5479 -0.2833
vn -0.6483 -0.5248 -0.5516
vn -0.2442 -0.2213 -0.9441
vn 0.0135 0.0097 -0.9999
vn -0.5627 -0.5422 -0.6240
vn 0.0576 -0.4910 -0.8692
vn -0.0274 -0.3693 -0.9289
vn -0.5413 -0.5531 -0.6333
vn 0.3422 -0.3900 -0.8549
vn 0.2144 -0.2195 -0.9518
vn 0.0639 -0.5268 -0.8476
vn 0.3765 -0.4741 -0.7959
vn -0.5638 -0.4940 -0.6619
vn -0.4363 -0.5067 -0.7436
vn 0.0842 -0.5641 -0.8214
vn 0.3253 -0.5773 -0.7490
vn -0.0103 -0.7191 -0.6948
vn -0.3554 -0.8584 -0.3698
vn -0.2024 -0.9467 -0.2507
vn 0.1745 -0.7978 -0.5771
vn -0.3275 -0.5912 -0.7370
vn -0.4959 -0.6827 -0.5367
vn -0.6847 -0.7283 -0.0290
vn -0.8415 -0.4693 0.2676
vn -0.8029 -0.5644 -0.1919
vn -0.9155 -0.3868 0.1110
vn -0.7346 -0.5436 0.4059
vn -0.5562 -0.8218 0.1235
vn -0.9584 -0.1365 0.2508
vn -0.8801 -0.1560 0.4484
vn -0.9850 -0.0220 0.1712
vn -0.8833 0.0069 0.4687
vn -0.7812 -0.2114 0.5874
vn -0.7608 0.0159 0.6488
vn -0.9222 -0.0124 0.3865
vn -0.7758 0.0897 0.6246
vn -0.9910 -0.1330 0.0133
vn -0.9550 -0.2693 -0.1244
vn -0.9655 -0.0929 0.2434
vn -0.8351 0.0766 0.5448
vn -0.9187 -0.3259 -0.2229
vn -0.9762 -0.1468 0.1597
vn -0.8731 0.0375 0.4862
vn -0.2305 0.4250 -0.8754
vn -0.2952 0.5508 -0.7807
vn -0.5799 0.6646 -0.4712
vn -0.5582 0.5376 -0.6320
vn 0.0813 0.1133 -0.9902
vn 0.0479 0.1592 -0.9861
vn 0.2616 -0.1661 -0.9508
vn 0.3681 -0.3561 -0.8589
vn 0.3554 -0.3358 -0.8723
vn 0.2551 -0.1363 -0.9573
vn 0.4154 -0.4684 -0.7798
vn 0.4002 -0.4724 -0.7853
vn 0.3837 -0.6000 -0.7020
vn 0.3628 -0.6456 -0.6720
vn 0.2304 -0.8283 -0.5108
vn -0.0997 -0.9858 -0.1349
vn -0.1060 -0.9932 -0.0474
vn 0.1669 -0.8738 -0.4568
vn -0.4211 -0.8719 0.2498
vn -0.6236 -0.5932 0.5091
vn -0.5498 -0.5697 0.6108
vn -0.3666 -0.8625 0.3489
vn -0.6980 -0.2478 0.6719
vn -0.6841 0.0178 0.7292
vn -0.6369 0.0308 0.7703
vn -0.6336 -0.2303 0.7386
vn -0.7267 0.1544 0.6694
vn -0.7061 0.1759 0.6859
vn -0.7162 0.1439 0.6829
vn -0.6289 0.1924 0.7533
vn -0.6340 0.1956 0.7482
vn -0.6388 0.2172 0.7381
vn -0.6831 0.1475 0.7152
vn -0.6330 0.1819 0.7525
vn 0.1185 -0.1379 -0.9833
vn -0.2039 0.1483 -0.9677
vn 0.2768 -0.3488 -0.8954
vn -0.2270 -0.1969 -0.9538
vn -0.0737 -0.4447 -0.8926
vn -0.5751 0.0890 -0.8133
vn 0.3107 -0.5073 -0.8038
vn -0.0272 -0.6269 -0.7786
vn 0.2048 -0.7513 -0.6274
vn -0.1681 -0.8295 -0.5326
vn -0.0055 -0.9357 -0.3528
vn -0.2305 -0.9715 0.0558
vn -0.4435 -0.8833 0.1519
vn -0.2654 -0.9313 -0.2494
vn -0.4207 -0.7907 0.4448
vn -0.5516 -0.4724 0.6874
vn -0.6241 -0.3244 0.7108
vn -0.5492 -0.6752 0.4925
vn -0.6057 -0.1497 0.7815
vn -0.6159 0.0804 0.7837
vn -0.6251 0.1380 0.7682
vn -0.6251 -0.0381 0.7796
vn -0.6139 0.2107 0.7608
vn -0.6157 0.2083 0.7600
vn -0.6039 0.2217 0.7656
vn -0.6060 0.1967 0.7707
vn -0.7497 0.2155 0.6258
vn -0.7946 0.2533 0.5517
vn -0.8150 0.2651 0.5153
vn -0.7783 0.3298 0.5344
vn -0.7460 0.3152 0.5866
vn -0.6942 0.2568 0.6724
vn -0.9556 -0.1820 0.2316
vn -0.7235 0.1311 0.6778
vn -0.6691 0.1611 0.7255
vn -0.7176 0.1267 0.6848
vn -0.6920 -0.6556 -0.3021
vn -0.6325 -0.7616 -0.1408
vn -0.7839 -0.5907 0.1910
vn -0.8317 0.3107 0.4602
vn -0.7896 0.3488 0.5048
vn -0.8656 0.3562 0.3520
vn -0.8052 0.4145 0.4241
vn -0.9345 -0.1367 -0.3288
vn -0.6662 -0.3250 -0.6712
vn -0.6941 -0.4557 -0.5573
vn -0.4884 -0.6301 -0.6037
vn -0.7358 -0.4917 0.4657
vn -0.7783 -0.1508 0.6095
vn -0.7020 0.0152 0.7120
vn -0.5951 0.2076 0.7764
vn -0.6007 0.2116 0.7709
vn -0.6053 0.2131 0.7669
vn -0.6180 0.2274 0.7526
vn -0.6680 0.1682 0.7249
vn -0.6946 0.1602 0.7013
vn -0.8393 0.3946 -0.3741
vn -0.9949 0.0911 -0.0422
vn -0.8890 0.2233 0.3998
vn -0.8234 0.5058 0.2572
vn -0.7175 0.1648 0.6768
vn -0.6520 0.2077 0.7292
vn -0.6877 0.2934 0.6641
vn -0.7484 0.3624 0.5556
vn -0.7558 0.4064 0.5135
vn -0.7102 0.3565 0.6070
vn -0.6556 0.2886 0.6978
vn -0.6400 0.2496 0.7267
vn -0.8990 0.4065 0.1633
vn -0.8241 0.5107 0.2452
vn -0.8689 0.4867 -0.0900
vn -0.8186 0.5669 0.0927
vn -0.7324 0.6495 -0.2041
vn -0.7407 0.5392 -0.4009
vn -0.7719 0.4906 0.4043
vn -0.7313 0.4205 0.5370
vn -0.7610 0.5958 0.2565
vn -0.7171 0.6970 0.0029
vn -0.7033 0.6824 -0.1991
vn -0.5311 0.5396 -0.6533
vn -0.6897 0.3085 0.6551
vn -0.1426 -0.6653 -0.7328
vn -0.1055 -0.5568 -0.8239
vn -0.7659 -0.4485 -0.4607
vn -0.8462 -0.3863 -0.3670
vn -0.4936 -0.5480 -0.6754
vn -0.5759 -0.4607 -0.6754
vn -0.9312 -0.2137 -0.2953
vn -0.7095 -0.2489 -0.6593
vn -0.9883 -0.0567 -0.1418
vn -0.8614 -0.0484 -0.5056
vn -0.9939 -0.1097 -0.0092
vn -0.9498 -0.0128 -0.3127
vn -0.9562 -0.2825 -0.0761
vn -0.9584 -0.0585 -0.2793
vn -0.8409 -0.4401 -0.3149
vn -0.8673 -0.2103 -0.4511
vn -0.6265 -0.4973 -0.6002
vn -0.7440 -0.3444 -0.5726
vn -0.8158 0.4363 -0.3796
vn -0.8682 0.0520 -0.4934
vn -0.7494 -0.0179 -0.6619
vn -0.6816 0.4615 -0.5679
vn -0.9522 0.0708 -0.2971
vn -0.8994 0.3881 -0.2010
vn -0.6525 -0.4670 -0.5968
vn -0.7954 -0.4285 -0.4286
vn -0.7868 -0.4142 -0.4576
vn -0.9025 -0.3761 -0.2101
vn -0.8700 -0.3716 -0.3239
vn -0.9596 -0.2790 -0.0358
vn -0.8586 -0.4515 -0.2426
vn -0.9333 -0.3452 0.0988
vn -0.7989 -0.5699 -0.1921
vn -0.8258 -0.5243 0.2075
vn -0.7536 -0.6551 -0.0543
vn -0.6580 -0.6556 0.3705
vn -0.6511 -0.6799 0.3374
vn -0.5012 -0.7790 0.3768
vn -0.5149 -0.7261 0.4557
vn -0.6621 -0.7014 0.2639
vn -0.4262 -0.7729 0.4700
vn -0.3571 -0.8597 0.3652
vn -0.7012 -0.6991 0.1401
vn -0.5732 -0.6872 0.4462
vn -0.4464 -0.4958 0.7449
vn -0.5631 -0.6055 0.5624
vn -0.4931 -0.6584 0.5686
vn -0.4100 -0.5411 0.7343
vn -0.4416 -0.6562 0.6118
vn -0.4382 -0.6407 0.6305
vn -0.3956 -0.5743 0.7167
vn -0.4073 -0.5840 0.7022
vn -0.4049 -0.4826 0.7767
vn -0.3473 -0.5227 0.7786
vn -0.4527 -0.5786 0.6784
vn -0.3660 -0.5509 0.7500
vn -0.3713 -0.5274 0.7642
vn -0.4146 -0.5358 0.7355
vn -0.4024 -0.5080 0.7616
vn -0.4356 -0.4761 0.7640
vn -0.4632 -0.5989 0.6533
vn -0.4990 -0.5369 0.6802
vn -0.7105 -0.4243 0.5614
vn -0.5871 -0.5534 0.5908
vn -0.8690 -0.4675 0.1622
vn -0.9008 -0.2659 0.3432
vn -0.9534 -0.2724 0.1300
vn -0.8966 -0.4402 -0.0478
vn -0.9180 -0.3850 -0.0949
vn -0.9250 -0.3734 -0.0710
vn -0.9224 -0.3543 -0.1540
vn -0.9459 -0.2155 -0.2424
vn -0.9818 -0.1838 0.0487
vn -0.9568 0.2373 0.1678
vn -0.8972 0.3873 -0.2122
vn -0.8924 -0.0514 -0.4483
vn -0.9507 -0.3100 -0.0074
vn -0.9869 -0.0860 0.1362
vn -0.9721 -0.0379 0.2316
vn -0.9696 -0.2040 0.1352
vn -0.9293 0.1601 0.3328
vn -0.9450 0.1940 0.2633
vn -0.8682 -0.4848 -0.1058
vn -0.9398 -0.3181 0.1248
vn -0.7745 -0.6316 -0.0341
vn -0.8339 -0.5464 0.0781
vn -0.9525 -0.0884 0.2914
vn -0.9376 -0.1618 0.3079
vn -0.8933 0.1033 0.4375
vn -0.9098 0.1287 0.3945
vn -0.3729 -0.7810 0.5009
vn -0.1090 -0.9849 0.1344
vn -0.4020 -0.9121 -0.0810
vn -0.4887 -0.8535 0.1808
vn -0.9331 -0.1820 0.3102
vn -0.8929 0.1028 0.4384
vn -0.7911 -0.6000 0.1192
vn -0.7005 -0.6998 0.1397
vn -0.9506 -0.1853 0.2489
vn -0.9192 0.1536 0.3625
vn -0.5694 -0.7704 0.2869
vn -0.9317 -0.2748 0.2376
vn -0.2103 -0.3368 0.9178
vn -0.9372 0.2112 0.2777
vn -0.7542 -0.0390 0.6555
vn 0.0760 -0.9960 -0.0471
vn 0.1774 -0.9699 0.1668
vn 0.6373 -0.7685 0.0567
vn 0.3865 -0.9180 0.0889
vn 0.8190 -0.4556 0.3489
vn 0.4691 -0.4791 0.7419
vn -0.1867 -0.9755 -0.1162
vn 0.1230 -0.9924 0.0084
vn 0.5113 -0.7985 0.3178
vn 0.7455 -0.6596 0.0961
vn 0.7450 -0.4812 0.4619
vn 0.8714 -0.4305 0.2351
vn -0.1715 -0.7377 0.6529
vn -0.0699 -0.3854 0.9201
vn -0.1624 -0.8793 0.4478
vn -0.6514 -0.6798 0.3370
vn -0.7198 -0.4812 0.5003
vn -0.6717 -0.1299 0.7294
vn 0.3905 -0.7495 0.5346
vn -0.1747 -0.8233 0.5401
vn -0.1914 -0.6998 0.6882
vn 0.3666 -0.6231 0.6909
vn 0.1088 -0.4418 0.8905
vn 0.1516 -0.4516 0.8793
vn -0.6983 -0.6851 0.2075
vn -0.2764 -0.6715 0.6876
vn -0.6501 -0.5516 0.5225
vn -0.8069 -0.5810 0.1064
vn -0.7797 -0.0394 0.6249
vn -0.8299 -0.4850 0.2757
vn -0.4158 -0.2633 0.8705
vn -0.7903 -0.6061 0.0894
vn -0.0542 -0.8624 0.5033
vn 0.1528 -0.9430 0.2956
vn -0.5899 -0.7960 0.1360
vn -0.3171 -0.9478 0.0330
vn -0.0657 -0.9212 0.3836
vn -0.1940 -0.9799 0.0474
vn -0.8113 -0.5829 0.0459
vn -0.7963 -0.6034 0.0427
vn -0.8057 -0.5893 0.0596
vn -0.7612 -0.6470 0.0438
vn -0.5797 -0.7943 -0.1819
vn -0.4369 -0.8599 -0.2638
vn -0.3119 -0.9318 -0.1855
vn -0.4549 -0.8811 -0.1297
vn -0.7843 -0.6177 0.0567
vn -0.8452 -0.4857 0.2229
vn -0.8562 -0.4853 0.1771
vn -0.7879 -0.6148 0.0339
vn -0.8264 0.0125 0.5629
vn -0.8480 0.0374 0.5286
vn -0.8099 -0.5830 0.0642
vn -0.7907 -0.6103 0.0477
vn -0.7610 -0.6476 0.0377
vn -0.8041 -0.5911 0.0637
vn -0.7877 -0.6145 0.0441
vn -0.7931 -0.6080 0.0368
vn -0.7563 -0.6493 0.0802
vn -0.7836 -0.6201 0.0372
vn -0.8540 -0.4891 0.1773
vn -0.8226 -0.5184 0.2337
vn -0.8480 0.0243 0.5294
vn -0.8122 -0.0344 0.5824
vn -0.6833 -0.7113 -0.1647
vn -0.6584 -0.7494 0.0703
vn -0.6064 -0.7672 -0.2090
vn -0.6707 -0.7138 -0.2014
vn -0.7634 -0.0743 0.6417
vn -0.7829 -0.5241 0.3352
vn -0.7094 -0.6861 0.1611
vn -0.3908 -0.6483 0.6534
vn -0.2962 -0.8573 0.4212
vn -0.4254 -0.6752 0.6026
vn -0.5103 -0.8118 0.2838
vn -0.7572 -0.6517 0.0442
vn -0.7623 -0.6467 -0.0276
vn -0.7995 -0.6001 0.0272
vn -0.8023 -0.5940 0.0590
vn -0.6083 -0.7927 0.0403
vn -0.5531 -0.7221 0.4155
vn -0.6902 -0.7232 -0.0242
vn -0.6442 -0.7631 0.0510
vn -0.2162 -0.9278 0.3041
vn -0.5728 -0.7790 0.2549
vn -0.7465 -0.6626 0.0610
vn -0.6711 -0.7300 0.1291
vn -0.7856 -0.6176 0.0384
vn -0.7738 -0.2760 -0.5701
vn -0.4382 -0.0998 -0.8933
vn -0.6052 -0.3208 -0.7286
vn -0.4064 -0.2547 -0.8775
vn -0.0780 -0.0262 -0.9966
vn 0.1191 0.0201 -0.9927
vn -0.0523 -0.1148 -0.9920
vn 0.1242 0.0115 -0.9922
vn -0.0147 -0.4824 -0.8758
vn 0.0527 -0.5222 -0.8512
vn -0.0927 -0.4530 -0.8867
vn 0.0650 -0.4473 -0.8920
vn -0.3371 -0.2623 -0.9042
vn -0.0206 -0.2598 -0.9654
vn -0.5847 -0.0301 -0.8107
vn -0.2054 -0.0227 -0.9784
vn -0.7667 0.1200 -0.6307
vn -0.4438 0.2391 -0.8637
vn -0.8256 0.1688 -0.5384
vn -0.5323 0.4901 -0.6903
vn -0.8836 0.1916 -0.4272
vn -0.7747 0.4554 -0.4386
vn -0.2902 -0.4504 -0.8443
vn -0.1386 -0.3026 -0.9430
vn 0.0737 -0.3733 -0.9248
vn 0.2003 -0.2053 -0.9580
vn 0.1562 -0.1066 -0.9820
vn 0.2742 0.0321 -0.9611
vn 0.3499 -0.0171 -0.9366
vn 0.3842 0.0931 -0.9186
vn 0.2440 -0.1842 -0.9521
vn 0.3977 -0.0605 -0.9155
vn 0.2646 -0.0301 -0.9639
vn 0.4930 0.0044 -0.8700
vn 0.4824 0.2161 -0.8489
vn 0.4996 0.1287 -0.8566
vn 0.1066 0.2216 -0.9693
vn 0.0068 0.4073 -0.9133
vn 0.2648 0.1024 -0.9589
vn 0.3399 0.1541 -0.9277
vn 0.3124 0.1684 -0.9349
vn 0.2500 0.1313 -0.9593
vn 0.2791 0.1652 -0.9459
vn 0.3491 0.1491 -0.9252
vn 0.4023 0.1585 -0.9017
vn 0.3060 0.2256 -0.9249
vn 0.3582 0.3013 -0.8837
vn 0.4612 0.3355 -0.8214
vn 0.4997 0.1831 -0.8466
vn 0.5685 0.2221 -0.7922
vn 0.6724 0.2868 -0.6823
vn 0.6844 0.2918 -0.6681
vn 0.6463 0.3016 -0.7009
vn 0.7161 0.2254 -0.6606
vn 0.7219 0.2383 -0.6496
vn 0.6864 0.2880 -0.6677
vn 0.6755 0.3170 -0.6657
vn 0.5871 0.3929 -0.7078
vn 0.5560 0.3818 -0.7383
vn 0.3492 0.5013 -0.7917
vn -0.0892 0.4349 -0.8961
vn 0.0678 0.5407 -0.8385
vn 0.2706 0.4723 -0.8389
vn 0.0843 0.3855 -0.9189
vn 0.5358 0.3115 -0.7848
vn 0.4199 0.2492 -0.8727
vn 0.4304 0.4832 -0.7624
vn 0.1664 0.5703 -0.8044
vn 0.0717 0.5632 -0.8232
vn 0.3131 0.5115 -0.8002
vn -0.0541 0.5525 -0.8317
vn -0.0761 0.5359 -0.8408
vn -0.1424 0.4473 -0.8830
vn -0.1301 0.4449 -0.8861
vn 0.2824 0.4423 -0.8513
vn 0.0555 0.5178 -0.8537
vn 0.0162 0.4716 -0.8816
vn 0.2044 0.3851 -0.9000
vn -0.0790 0.5167 -0.8525
vn -0.1604 0.4517 -0.8776
vn -0.2188 0.4629 -0.8590
vn -0.1029 0.4947 -0.8630
vn -0.0906 0.3977 -0.9130
vn -0.1470 0.4759 -0.8671
vn -0.5296 0.5491 -0.6465
vn -0.6101 0.3422 -0.7146
vn 0.5308 0.3386 -0.7769
vn 0.5665 0.3422 -0.7497
vn 0.5971 0.2542 -0.7609
vn 0.6346 0.2578 -0.7286
vn 0.6032 0.3317 -0.7253
vn 0.6801 0.2421 -0.6920
vn 0.6793 0.1814 -0.7111
vn 0.7241 0.1220 -0.6788
vn 0.7168 0.0658 -0.6941
vn 0.6465 0.1174 -0.7539
vn 0.4975 0.2059 -0.8427
vn 0.6211 0.1333 -0.7723
vn 0.5672 0.0890 -0.8188
vn 0.4418 0.1119 -0.8901
vn 0.6160 0.1200 -0.7786
vn 0.6479 0.1146 -0.7530
vn 0.6247 0.1550 -0.7654
vn 0.6659 0.1448 -0.7318
vn 0.6392 0.1222 -0.7593
vn 0.6747 0.0977 -0.7316
vn 0.7130 0.1192 -0.6909
vn 0.7152 0.0674 -0.6956
vn 0.3601 0.1917 -0.9130
vn 0.3018 0.2128 -0.9293
vn 0.4300 0.1222 -0.8945
vn 0.4647 0.1418 -0.8740
vn 0.3780 0.2275 -0.8974
vn 0.3214 0.2944 -0.9000
vn 0.4551 0.0502 -0.8890
vn 0.5095 0.0675 -0.8578
vn 0.5459 0.1137 -0.8301
vn 0.5620 0.1690 -0.8097
vn 0.5152 0.1985 -0.8337
vn 0.5001 0.1527 -0.8524
vn 0.4511 0.2035 -0.8690
vn 0.4125 0.2535 -0.8750
vn 0.3433 0.1621 -0.9251
vn 0.3675 0.2715 -0.8895
vn -0.2472 -0.0688 0.9665
vn -0.5157 -0.2477 0.8202
vn -0.5626 -0.1583 0.8114
vn -0.3418 0.0226 0.9395
vn -0.6165 -0.1560 0.7717
vn -0.3323 0.0286 0.9427
vn -0.6038 -0.2198 0.7662
vn -0.5640 -0.2503 0.7869
vn -0.2951 -0.0409 0.9546
vn -0.3019 -0.0178 0.9532
vn -0.5180 -0.2556 0.8163
vn -0.4985 -0.2490 0.8304
vn -0.3223 -0.0482 0.9454
vn -0.3045 -0.0410 0.9516
vn -0.5382 -0.1895 0.8212
vn -0.5484 -0.0994 0.8303
vn -0.3784 0.0211 0.9254
vn -0.4550 0.0895 0.8860
vn -0.1327 -0.3667 0.9208
vn -0.5283 -0.1919 0.8271
vn -0.5339 -0.2685 0.8018
vn -0.1574 -0.2302 0.9603
vn 0.1441 -0.4362 0.8883
vn 0.1699 0.0091 0.9854
vn 0.3110 0.1849 0.9322
vn 0.0683 0.1991 0.9776
vn 0.2873 0.3559 0.8893
vn 0.1110 -0.4300 0.8960
vn 0.0349 0.2397 0.9702
vn 0.2955 0.3587 0.8855
vn 0.0797 0.2399 0.9675
vn 0.2155 0.3536 0.9102
vn 0.0509 0.2648 0.9630
vn 0.1391 0.3000 0.9437
vn 0.0626 0.2069 0.9764
vn 0.0130 0.1916 0.9814
vn -0.1492 0.2591 0.9543
vn -0.0496 0.2349 0.9708
vn -0.0583 0.1974 0.9786
vn -0.1291 0.2077 0.9696
vn -0.3091 0.2175 0.9258
vn -0.2510 0.2096 0.9450
vn -0.4501 0.2044 0.8693
vn -0.5167 0.1862 0.8357
vn 0.1023 0.2316 0.9674
vn -0.2919 -0.2924 0.9107
vn -0.1127 0.2206 0.9688
vn -0.5107 -0.1957 0.8372
vn -0.4523 0.0155 0.8917
vn -0.4597 0.0000 0.8881
vn -0.1172 0.2150 0.9696
vn -0.1682 0.1977 0.9657
vn -0.6250 -0.1314 0.7695
vn -0.6140 -0.1399 0.7768
vn -0.5831 -0.1081 0.8052
vn -0.5866 -0.1037 0.8032
vn -0.5305 -0.0060 0.8477
vn -0.4595 0.0176 0.8880
vn -0.2289 0.1679 0.9589
vn -0.3358 0.1383 0.9317
vn -0.6678 -0.1022 0.7373
vn -0.6294 -0.1280 0.7665
vn -0.5983 -0.1166 0.7927
vn -0.6486 -0.1119 0.7528
vn -0.4731 0.0978 0.8756
vn -0.6161 -0.0400 0.7867
vn -0.6000 0.0429 0.7988
vn -0.6576 -0.0837 0.7487
vn -0.6901 -0.0869 0.7185
vn -0.6940 -0.1236 0.7093
vn -0.6609 -0.1468 0.7360
vn -0.6302 -0.1299 0.7655
vn -0.5596 -0.1502 0.8151
vn -0.5466 -0.1838 0.8170
vn -0.5854 -0.0943 0.8052
vn -0.5403 -0.0759 0.8381
vn -0.5155 -0.1169 0.8489
vn -0.5204 -0.1971 0.8309
vn -0.5548 0.0873 0.8274
vn -0.5876 -0.0045 0.8092
vn -0.5320 -0.0145 0.8466
vn -0.5132 0.0375 0.8574
vn -0.4995 -0.0648 0.8639
vn -0.5295 -0.1907 0.8266
vn -0.4969 -0.0190 0.8676
vn -0.5590 -0.1723 0.8111
vn -0.5248 0.1068 0.8445
vn -0.4967 0.0737 0.8648
vn -0.5130 0.0866 0.8540
vn -0.5357 0.1354 0.8335
vn -0.5504 -0.0444 0.8337
vn -0.6192 0.0048 0.7852
vn -0.5242 0.0391 0.8507
vn -0.6204 -0.1323 0.7730
vn -0.5893 0.1315 0.7971
vn -0.7260 -0.0567 0.6854
vn -0.7335 0.0711 0.6760
vn -0.8380 0.0646 0.5419
vn -0.7159 0.2506 0.6516
vn -0.6349 0.2254 0.7390
vn -0.8805 0.0937 0.4646
vn -0.8305 0.0368 0.5558
vn -0.6829 0.2299 0.6934
vn -0.7483 0.2854 0.5989
vn -0.8847 0.0112 0.4660
vn -0.9599 0.0019 0.2802
vn -0.8379 0.3294 0.4353
vn -0.7566 0.2584 0.6007
vn -0.9608 0.1750 -0.2152
vn -0.8579 0.5077 -0.0793
vn -0.7908 0.2885 0.5398
vn -0.8635 0.3717 0.3408
vn -0.9518 0.2442 0.1854
vn -0.9001 0.1216 0.4184
vn -0.1905 0.4912 -0.8499
vn -0.2963 0.4753 -0.8284
vn -0.4731 0.4922 -0.7307
vn -0.4498 0.5489 -0.7045
vn -0.8105 0.5471 -0.2090
vn -0.8234 0.4435 -0.3540
vn -0.2584 -0.9242 -0.2813
vn -0.0494 -0.9156 0.3991
vn 0.2056 -0.9727 -0.1080
vn 0.0619 -0.8945 -0.4428
vn 0.3284 -0.9424 0.0630
vn 0.0525 -0.9026 -0.4273
vn -0.2564 -0.7551 -0.6035
vn -0.3946 -0.6645 -0.6347
vn -0.3711 -0.7520 -0.5448
vn -0.4515 -0.7185 -0.5291
vn -0.3586 -0.6835 -0.6358
vn -0.2863 -0.7480 -0.5988
vn -0.3959 -0.7510 -0.5285
vn -0.3476 -0.7847 -0.5132
vn -0.2553 -0.8047 -0.5360
vn -0.2464 -0.8519 -0.4621
vn -0.3285 -0.8117 -0.4829
vn -0.3040 -0.8442 -0.4414
vn -0.1975 -0.3203 0.9265
vn 0.2011 -0.0526 0.9782
vn 0.4551 0.1934 0.8692
vn 0.1848 -0.1488 0.9714
vn 0.5140 0.1177 0.8497
vn 0.7427 0.3088 0.5942
vn 0.7055 0.4763 0.5248
vn 0.5868 0.3808 0.7146
vn 0.4218 -0.8327 0.3587
vn 0.1122 -0.9121 -0.3942
vn 0.5817 -0.5215 0.6242
vn 0.3254 -0.8372 -0.4395
vn -0.4376 -0.7473 -0.5000
vn -0.4550 -0.6753 -0.5805
vn -0.4658 -0.7200 -0.5145
vn -0.4777 -0.7528 -0.4528
vn -0.4209 -0.7773 -0.4676
vn -0.3970 -0.7600 -0.5145
vn -0.3546 -0.7749 -0.5233
vn -0.3869 -0.8035 -0.4524
vn -0.3550 -0.8236 -0.4423
vn -0.3047 -0.8387 -0.4514
vn -0.2856 -0.7865 -0.5476
vn -0.2104 -0.8034 -0.5570
vn -0.1983 -0.5357 -0.8208
vn -0.1253 -0.6737 -0.7283
vn -0.1441 -0.6504 -0.7458
vn -0.0472 -0.5229 -0.8511
vn -0.2267 -0.6692 -0.7076
vn -0.0840 -0.5417 -0.8363
vn -0.4058 -0.6081 -0.6823
vn -0.3094 -0.6669 -0.6779
vn -0.1947 -0.5516 -0.8110
vn -0.3298 -0.4993 -0.8012
vn 0.7922 0.2313 -0.5647
vn 0.8628 0.4830 -0.1493
vn 0.7821 0.2316 -0.5785
vn 0.8852 0.4517 -0.1113
vn 0.8492 0.4897 0.1976
vn 0.8068 0.5349 0.2508
vn 0.7348 0.0716 -0.6745
vn 0.9098 0.2720 -0.3134
vn 0.7904 0.4609 0.4034
vn 0.8672 0.1824 0.4633
vn 0.9544 0.2969 0.0313
vn 0.7287 -0.3079 -0.6118
vn 0.7687 -0.1582 0.6197
vn 0.5209 -0.6806 -0.5153
vn -0.4157 -0.5922 -0.6902
vn -0.2869 -0.5139 -0.8085
vn 0.9573 0.2065 -0.2021
vn 0.9154 -0.0154 -0.4023
vn 0.9496 0.0938 -0.2990
vn 0.9503 0.1252 -0.2850
vn 0.7143 -0.6376 0.2884
vn 0.1940 -0.6515 0.7335
vn 0.4562 -0.3474 0.8193
vn 0.9035 -0.1018 0.4162
vn 0.9518 -0.2110 -0.2225
vn 0.9947 0.0873 -0.0538
vn 0.7399 0.1263 0.6608
vn 0.8357 0.3726 0.4036
vn 0.7675 0.5803 0.2723
vn 0.7378 0.6621 0.1313
vn 0.6202 0.7721 -0.1384
vn 0.5843 0.7936 -0.1698
vn 0.3310 0.6835 -0.6505
vn 0.3569 0.7181 -0.5974
vn 0.0822 0.4198 -0.9039
vn 0.1167 0.5040 -0.8558
vn 0.1778 0.4494 -0.8755
vn 0.2124 0.3991 -0.8920
vn 0.3034 0.5880 -0.7498
vn 0.2998 0.4943 -0.8159
vn 0.2461 0.3396 -0.9078
vn 0.2177 0.2854 -0.9334
vn 0.3503 0.4062 -0.8440
vn 0.3388 0.4315 -0.8361
vn 0.1706 0.2176 -0.9610
vn 0.1304 0.1087 -0.9855
vn 0.3995 0.2770 -0.8739
vn 0.3662 0.3610 -0.8577
vn 0.1285 -0.0077 -0.9917
vn 0.4152 0.1787 -0.8920
vn 0.1892 -0.1225 -0.9743
vn 0.4259 0.0871 -0.9006
vn 0.2602 -0.1791 -0.9488
vn 0.4300 0.0559 -0.9011
vn 0.3295 -0.1294 -0.9352
vn 0.4251 0.1053 -0.8990
vn 0.4130 0.0138 -0.9106
vn 0.4058 0.2307 -0.8844
vn 0.5465 0.1846 -0.8169
vn 0.4654 0.3773 -0.8006
vn 0.0496 -0.3695 -0.9279
vn 0.2183 -0.3161 -0.9233
vn 0.6923 -0.0921 -0.7157
vn 0.7454 -0.0424 -0.6652
vn -0.4013 -0.4031 -0.8225
vn -0.3175 -0.4215 -0.8494
vn -0.2591 -0.3582 -0.8970
vn -0.3567 -0.3728 -0.8566
vn -0.2371 -0.6019 -0.7626
vn -0.0741 -0.5776 -0.8129
vn -0.1569 -0.5316 -0.8323
vn -0.2875 -0.5063 -0.8130
vn -0.3726 -0.5945 -0.7126
vn -0.1943 -0.5867 -0.7862
vn -0.3078 -0.6384 -0.7055
vn -0.3524 -0.6323 -0.6899
vn 0.9588 0.0670 -0.2762
vn 0.9647 0.2635 0.0033
vn 0.8325 -0.0838 -0.5477
vn 0.5602 -0.3136 -0.7667
vn 0.8679 0.4896 0.0838
vn 0.9154 0.0331 -0.4012
vn 0.7707 0.6359 -0.0407
vn 0.8619 0.1907 -0.4698
vn 0.6479 0.7260 -0.2306
vn 0.6927 0.3673 -0.6206
vn 0.5353 0.7479 -0.3925
vn 0.5665 0.4674 -0.6787
vn 0.4882 0.7036 -0.5164
vn 0.5132 0.5040 -0.6947
vn 0.4634 0.6456 -0.6071
vn 0.4634 0.5338 -0.7073
vn 0.4489 0.6237 -0.6398
vn 0.4693 0.5030 -0.7258
vn 0.4754 0.5557 -0.6820
vn 0.5484 0.3906 -0.7393
vn 0.5754 0.1653 -0.8010
vn 0.5721 0.2823 -0.7701
vn 0.4871 0.4689 -0.7368
vn 0.5452 0.3508 -0.7613
vn 0.5676 0.0660 -0.8206
vn 0.5717 0.0849 -0.8161
vn 0.5896 0.2368 -0.7722
vn 0.5921 0.1596 -0.7899
vn 0.4910 0.1467 -0.8587
vn 0.5463 0.0991 -0.8317
vn 0.5482 0.1423 -0.8242
vn 0.4923 0.1740 -0.8529
vn 0.2954 0.2857 -0.9117
vn 0.4262 0.2084 -0.8803
vn 0.3766 0.2431 -0.8939
vn 0.2540 0.3434 -0.9042
vn 0.4703 0.1160 -0.8749
vn 0.3952 0.1987 -0.8968
vn 0.3929 0.2539 -0.8838
vn 0.4947 0.2037 -0.8449
vn 0.2343 0.3175 -0.9189
vn 0.2190 0.3327 -0.9173
vn 0.3167 -0.2032 -0.9265
vn 0.4026 -0.1131 -0.9084
vn 0.3867 -0.1322 -0.9127
vn 0.3848 -0.0895 -0.9187
vn 0.4291 -0.0272 -0.9028
vn 0.4753 0.2186 -0.8523
vn 0.4954 0.0457 -0.8675
vn 0.5025 0.2003 -0.8411
vn 0.3300 -0.0907 -0.9396
vn 0.3603 0.0062 -0.9328
vn 0.4023 -0.0837 -0.9117
vn 0.3488 -0.1572 -0.9239
vn 0.4850 -0.0224 -0.8742
vn 0.5738 0.1719 -0.8008
vn 0.5647 0.1817 -0.8051
vn 0.4831 0.0515 -0.8741
vn 0.2212 0.0899 -0.9711
vn 0.2526 0.1879 -0.9491
vn 0.2808 0.1334 -0.9504
vn 0.2605 0.0118 -0.9654
vn 0.3912 0.1539 -0.9074
vn 0.4374 0.2438 -0.8656
vn 0.3155 0.2992 -0.9005
vn 0.2973 0.2179 -0.9296
vn 0.2776 0.0104 -0.9606
vn 0.3547 0.0204 -0.9348
vn 0.2949 0.1294 -0.9467
vn 0.2349 0.0804 -0.9687
vn 0.2511 0.2065 -0.9457
vn 0.2634 0.1376 -0.9548
vn 0.2579 0.3256 -0.9097
vn 0.2813 0.3210 -0.9043
vn 0.4429 -0.1325 -0.8867
vn 0.3384 -0.1079 -0.9348
vn 0.3742 -0.2726 -0.8864
vn 0.5413 -0.3651 -0.7575
vn 0.2940 0.0372 -0.9551
vn 0.2725 -0.0808 -0.9588
vn 0.3195 0.3038 -0.8976
vn 0.3092 0.3029 -0.9015
vn 0.5294 -0.5609 -0.6365
vn 0.3333 -0.4645 -0.8205
vn 0.1541 -0.6179 -0.7710
vn 0.3558 -0.6505 -0.6710
vn 0.2153 -0.2047 -0.9549
vn 0.1356 -0.2946 -0.9460
vn 0.2894 0.3096 -0.9058
vn 0.2759 0.3035 -0.9120
vn -0.1924 -0.6105 -0.7683
vn -0.2083 -0.5546 -0.8056
vn 0.0761 -0.6580 -0.7492
vn -0.0224 -0.6761 -0.7364
vn 0.0825 -0.3796 -0.9215
vn 0.2994 0.2945 -0.9076
vn 0.2665 0.3244 -0.9076
vn -0.0155 -0.3568 -0.9340
vn -0.4182 -0.4380 -0.7958
vn -0.3360 -0.4612 -0.8212
vn -0.3263 -0.3313 -0.8853
vn -0.4318 -0.3985 -0.8091
vn -0.1209 -0.2124 -0.9697
vn 0.1294 0.3688 -0.9205
vn 0.0494 0.3867 -0.9209
vn -0.1361 -0.0659 -0.9885
vn -0.3587 -0.4101 -0.8385
vn -0.2564 -0.2652 -0.9295
vn -0.2561 -0.2040 -0.9449
vn -0.3351 -0.4462 -0.8298
vn -0.0928 -0.0020 -0.9957
vn 0.0344 0.3829 -0.9232
vn -0.0005 0.3897 -0.9210
vn -0.1087 0.0609 -0.9922
vn -0.3451 -0.4761 -0.8088
vn -0.2391 -0.1784 -0.9545
vn -0.2170 -0.1671 -0.9618
vn -0.3143 -0.4961 -0.8094
vn -0.1155 0.1065 -0.9876
vn -0.0332 0.3911 -0.9197
vn -0.1111 0.1214 -0.9864
vn -0.0483 0.3840 -0.9221
vn -0.0967 -0.7552 0.6483
vn -0.0004 -0.4205 0.9073
vn -0.1568 -0.9525 0.2612
vn -0.2437 -0.9585 0.1478
vn -0.1909 -0.8157 0.5460
vn -0.0563 -0.4030 0.9135
vn 0.0624 -0.8169 0.5734
vn 0.1938 -0.6849 0.7024
vn 0.0387 -0.8004 0.5982
vn 0.2959 -0.4499 0.8426
vn 0.2069 -0.4409 0.8734
vn 0.0855 -0.4344 0.8967
vn -0.1150 -0.8810 0.4590
vn -0.1191 -0.9123 0.3917
vn -0.2110 -0.9590 0.1893
vn -0.2975 -0.8687 0.3961
vn -0.1527 -0.8826 0.4447
vn -0.1189 -0.7647 0.6334
vn -0.2210 -0.7913 0.5701
vn 0.1270 -0.7569 0.6411
vn 0.1317 -0.8322 0.5386
vn 0.1107 -0.7838 0.6111
vn -0.1092 -0.7574 0.6438
vn -0.1527 -0.7756 0.6125
vn -0.1588 -0.8619 0.4816
vn -0.0081 -0.4165 0.9091
vn -0.2425 -0.9645 0.1046
vn -0.2256 -0.9742 -0.0081
vn -0.2750 -0.9608 -0.0364
vn -0.2664 -0.9634 0.0290
vn -0.1546 -0.9854 0.0710
vn -0.3250 -0.9410 0.0941
vn -0.2840 -0.9565 0.0669
vn -0.0526 -0.9668 0.2499
vn -0.2279 -0.9590 0.1687
vn -0.3360 -0.9245 0.1798
vn -0.2223 -0.9713 -0.0842
vn -0.2222 -0.9284 -0.2979
vn -0.2265 -0.9088 -0.3504
vn -0.1743 -0.9765 -0.1268
vn -0.2383 -0.8991 -0.3672
vn -0.1294 -0.9800 -0.1512
vn 0.4775 -0.5792 0.6606
vn 0.5436 -0.6867 0.4827
vn 0.4222 -0.4980 0.7575
vn 0.7151 -0.2865 0.6376
vn 0.5129 -0.1684 0.8418
vn 0.8545 -0.4443 0.2691
vn -0.0839 -0.7052 -0.7040
vn -0.3196 -0.9308 -0.1775
vn -0.0095 -0.9563 -0.2921
vn 0.2246 -0.6796 -0.6984
vn -0.4255 -0.8583 0.2867
vn -0.1451 -0.9753 0.1665
vn 0.1709 -0.3574 -0.9182
vn 0.4103 -0.0292 -0.9115
vn 0.3110 -0.3283 -0.8919
vn 0.4882 -0.0661 -0.8702
vn 0.4867 0.0158 -0.8734
vn 0.5389 -0.0397 -0.8414
vn 0.6325 -0.0570 -0.7725
vn 0.5285 -0.2827 -0.8005
vn 0.5943 -0.0973 -0.7983
vn 0.6674 -0.1043 -0.7374
vn 0.7240 -0.0477 -0.6882
vn 0.6544 -0.2408 -0.7168
vn 0.4696 -0.2560 -0.8449
vn 0.4866 -0.4101 -0.7714
vn 0.5937 -0.2901 -0.7506
vn 0.5580 -0.2607 -0.7878
vn 0.6847 -0.3595 -0.6340
vn 0.7588 -0.2041 -0.6186
vn 0.5761 -0.6343 -0.5155
vn 0.6817 -0.6249 -0.3805
vn 0.7966 -0.3523 -0.4912
vn 0.8886 -0.1853 -0.4196
vn 0.7958 -0.5867 -0.1501
vn 0.9023 -0.3674 -0.2256
vn 0.9331 -0.2911 0.2112
vn 0.9707 -0.2124 -0.1122
vn 0.9080 -0.1823 0.3773
vn 0.4184 -0.0628 0.9061
vn 0.7275 -0.1486 0.6698
vn 0.6228 -0.0667 0.7796
vn 0.3553 0.0697 0.9321
vn 0.1251 0.6714 0.7305
vn 0.2270 0.2335 0.9455
vn 0.1346 0.7727 0.6204
vn 0.4094 0.7197 0.5607
vn 0.3229 0.5436 0.7747
vn 0.7870 0.4378 0.4347
vn 0.8303 0.0963 0.5490
vn 0.5722 0.3193 0.7554
vn 0.6219 0.6122 0.4883
vn -0.2851 -0.9584 -0.0159
vn -0.2303 -0.9612 -0.1519
vn -0.2611 -0.9438 -0.2027
vn -0.2641 -0.9637 -0.0390
vn 0.0836 -0.9087 0.4089
vn -0.0005 -0.8768 0.4809
vn -0.0488 -0.9765 0.2097
vn 0.0470 -0.9825 0.1804
vn -0.1894 -0.9603 0.2050
vn -0.1182 -0.8638 0.4897
vn -0.0962 -0.9129 0.3966
vn -0.1337 -0.8505 0.5087
vn -0.0229 -0.8375 0.5459
vn 0.0187 -0.8934 0.4488
vn -0.0985 -0.7730 0.6267
vn -0.2905 -0.9297 0.2265
vn -0.2873 -0.9508 0.1161
vn -0.2525 -0.9579 0.1365
vn -0.2388 -0.9094 0.3406
vn 0.0413 -0.8519 0.5220
vn -0.1323 -0.7704 0.6237
vn -0.2015 -0.8151 0.5432
vn -0.0989 -0.9017 0.4209
vn 0.3019 -0.9488 -0.0933
vn 0.3089 -0.9488 0.0657
vn -0.0132 -0.9613 0.2751
vn 0.4854 -0.8480 0.2127
vn -0.3323 -0.8907 0.3101
vn -0.1253 -0.9485 0.2911
vn -0.1166 -0.9808 0.1564
vn -0.0236 -0.9758 0.2175
vn 0.0917 -0.9958 -0.0019
vn 0.0927 -0.9932 0.0710
vn 0.2565 -0.9531 -0.1605
vn 0.0629 -0.9974 -0.0347
vn 0.0809 -0.9731 -0.2156
vn -0.1676 -0.9852 -0.0369
vn -0.0187 -0.9753 0.2203
vn 0.0414 -0.9889 0.1424
vn -0.0911 -0.9879 0.1259
vn -0.1495 -0.9629 0.2248
vn -0.2516 -0.9601 0.1222
vn -0.2819 -0.9286 0.2412
vn -0.2531 -0.8796 0.4029
vn -0.1825 -0.9161 0.3571
vn -0.0755 -0.9522 0.2959
vn -0.4468 -0.8487 -0.2829
vn -0.6730 -0.7396 0.0084
vn -0.4495 -0.8420 -0.2982
vn -0.6481 -0.7597 -0.0526
vn -0.8342 -0.4384 0.3345
vn -0.8214 -0.0043 0.5704
vn -0.8454 -0.4856 0.2223
vn -0.8939 -0.0488 0.4456
vn -0.4540 0.6411 0.6187
vn -0.4116 0.5856 0.6984
vn -0.5535 0.4565 0.6966
vn -0.6846 0.4195 0.5960
vn -0.0990 0.7058 0.7014
vn -0.1067 0.6696 0.7350
vn -0.4036 0.5723 0.7138
vn -0.3958 0.6511 0.6476
vn 0.8869 0.3994 0.2321
vn 0.9497 0.3129 0.0151
vn 0.9791 0.0509 -0.1968
vn 0.9878 0.0136 0.1549
vn 0.7766 -0.1704 -0.6065
vn 0.6652 -0.2295 -0.7105
vn 0.8568 -0.0406 -0.5140
vn 0.9482 0.0971 -0.3024
vn 0.7273 0.5884 0.3532
vn 0.6055 0.6254 0.4923
vn 0.2955 0.6923 0.6583
vn 0.3724 0.6989 0.6106
vn 0.7725 0.5366 0.3397
vn 0.8732 0.4571 0.1689
vn 0.7140 0.5382 0.4479
vn 0.7066 0.5901 0.3906
vn 0.3810 0.6963 0.6083
vn 0.3853 0.6778 0.6262
vn 0.5953 -0.2783 -0.7538
vn 0.6930 -0.1378 -0.7077
vn 0.6409 -0.2753 -0.7165
vn 0.7153 -0.1478 -0.6830
vn 0.9496 0.2925 -0.1128
vn 0.8771 -0.0393 -0.4787
vn 0.9105 0.4100 0.0541
vn 0.9392 0.0472 -0.3401
vn 0.9030 0.4060 0.1407
vn 0.9682 0.0323 -0.2482
vn 0.9153 0.3361 0.2220
vn 0.9836 -0.0603 -0.1697
vn 0.7774 -0.0099 -0.6290
vn 0.7814 -0.0431 -0.6225
vn 0.7114 -0.2602 -0.6528
vn 0.7807 -0.2391 -0.5773
vn 0.7572 -0.1703 -0.6306
vn 0.8021 -0.1865 -0.5673
vn 0.8325 -0.2463 -0.4963
vn 0.8600 -0.1867 -0.4749
vn 0.8586 -0.3166 -0.4033
vn 0.9012 -0.2576 -0.3485
vn 0.2895 -0.6870 -0.6665
vn 0.1550 -0.7894 -0.5940
vn 0.1076 -0.7773 -0.6199
vn 0.3058 -0.6243 -0.7189
vn -0.1032 -0.8517 -0.5137
vn 0.0010 -0.8535 -0.5212
vn 0.4117 -0.4755 -0.7774
vn 0.4411 -0.5097 -0.7387
vn 0.8137 -0.0762 -0.5763
vn 0.6915 -0.2937 -0.6600
vn 0.8508 -0.1080 -0.5143
vn 0.7213 -0.3567 -0.5937
vn 0.8858 -0.1764 -0.4292
vn 0.7378 -0.4647 -0.4896
vn 0.8932 -0.3293 -0.3063
vn 0.7371 -0.5878 -0.3335
vn -0.4107 -0.8580 -0.3084
vn -0.6554 -0.7463 -0.1160
vn -0.1739 -0.9030 -0.3928
vn -0.3776 -0.8940 -0.2410
vn 0.4649 -0.5683 -0.6789
vn 0.2577 -0.7582 -0.5990
vn 0.4744 -0.6434 -0.6008
vn 0.2399 -0.8311 -0.5017
vn 0.1535 -0.8496 -0.5046
vn 0.1142 -0.9150 -0.3870
vn 0.4874 -0.7350 -0.4714
vn 0.2440 -0.8897 -0.3859
vn 0.5084 -0.7978 -0.3242
vn 0.2686 -0.9122 -0.3096
vn 0.1073 -0.9412 -0.3203
vn -0.2323 -0.9411 -0.2457
vn 0.1223 -0.9385 -0.3228
vn -0.1663 -0.9329 -0.3193
vn -0.8766 -0.4776 0.0598
vn -0.9605 -0.0555 0.2725
vn -0.8178 -0.5742 -0.0376
vn -0.9639 -0.1356 0.2290
vn -0.8038 0.3542 0.4780
vn -0.8406 0.2731 0.4677
vn -0.5654 0.5687 0.5973
vn -0.5080 0.6338 0.5833
vn -0.7219 -0.6856 -0.0941
vn -0.9468 -0.2395 0.2148
vn -0.6719 -0.7267 -0.1430
vn -0.9271 -0.3105 0.2098
vn -0.3610 0.6992 0.6171
vn -0.3434 0.6851 0.6424
vn -0.0070 0.7115 0.7026
vn -0.0629 0.7277 0.6830
vn -0.8593 0.1793 0.4790
vn -0.6102 0.4887 0.6236
vn -0.8644 0.0958 0.4935
vn -0.6302 0.4095 0.6597
vn 0.4069 0.6425 0.6493
vn 0.4524 0.5906 0.6682
vn 0.7490 0.3837 0.5402
vn 0.7261 0.4617 0.5095
vn 0.1497 0.6224 0.7683
vn 0.0706 0.6758 0.7337
vn -0.3308 0.6484 0.6857
vn -0.3039 0.5919 0.7465
vn 0.9550 -0.2966 -0.0029
vn 0.9815 -0.1779 -0.0702
vn 0.9162 0.2374 0.3228
vn 0.9314 0.1057 0.3482
vn 0.8219 -0.5104 -0.2529
vn 0.8794 -0.3976 -0.2619
vn 0.8416 -0.4294 -0.3275
vn 0.8073 -0.5262 -0.2672
vn 0.5043 0.5375 0.6758
vn 0.5417 0.4929 0.6809
vn 0.8120 0.2742 0.5153
vn 0.7769 0.3176 0.5436
vn 0.8270 -0.5117 -0.2331
vn 0.6824 -0.6891 -0.2439
vn 0.7310 -0.6337 -0.2529
vn 0.6279 -0.7293 -0.2719
vn 0.9527 -0.0589 0.2982
vn 0.9722 -0.1755 0.1549
vn 0.7588 -0.6138 -0.2179
vn 0.8829 -0.4664 -0.0549
vn 0.7199 -0.6354 -0.2791
vn 0.6283 -0.7110 -0.3158
vn 0.5116 -0.8177 -0.2640
vn 0.3179 -0.8962 -0.3096
vn 0.5201 -0.7975 -0.3057
vn 0.3912 -0.8515 -0.3493
vn 0.1973 -0.9080 -0.3695
vn -0.0581 -0.9234 -0.3795
vn 0.3108 -0.8616 -0.4014
vn 0.1296 -0.9038 -0.4079
vn 0.5470 -0.7632 -0.3440
vn 0.5034 -0.7840 -0.3632
vn 0.4506 -0.7954 -0.4053
vn 0.3558 -0.8389 -0.4119
vn 0.7145 -0.6422 -0.2776
vn 0.6555 -0.6952 -0.2949
vn 0.9618 -0.2532 0.1037
vn 0.8356 0.2071 0.5088
vn 0.8473 0.1315 0.5145
vn 0.9400 -0.3262 0.1002
vn 0.8917 -0.4311 0.1378
vn 0.5872 -0.7640 -0.2673
vn 0.8300 0.0503 0.5555
vn 0.7253 -0.1466 0.6726
vn 0.6203 -0.6764 0.3971
vn 0.3665 -0.9272 -0.0774
vn 0.5775 0.4355 0.6905
vn 0.2148 0.5594 0.8006
vn 0.6032 0.3610 0.7112
vn 0.2362 0.4789 0.8455
vn -0.2600 0.5348 0.8040
vn -0.2390 0.4586 0.8559
vn -0.6171 0.3676 0.6957
vn -0.5871 0.3377 0.7357
vn 0.0847 -0.9428 -0.3224
vn -0.3007 -0.9537 0.0107
vn -0.7289 -0.6351 0.2555
vn -0.2992 -0.9333 -0.1985
vn -0.5593 -0.8111 -0.1712
vn -0.8770 -0.4275 0.2191
vn -0.8529 0.0302 0.5212
vn -0.7852 0.0107 0.6192
vn -0.4244 0.2476 0.8710
vn -0.5519 -0.3043 0.7764
vn -0.0405 0.0861 0.9955
vn 0.1436 0.3568 0.9231
vn -0.1311 -0.7232 0.6781
vn 0.3279 -0.0650 0.9425
vn 0.5486 0.2734 0.7901
vn -0.5323 -0.3504 0.7706
vn -0.3845 -0.3469 0.8555
vn -0.3005 -0.6977 0.6503
vn -0.4850 -0.6994 0.5249
vn -0.4480 -0.8694 0.2083
vn -0.3956 -0.8855 0.2435
vn -0.3716 -0.9137 0.1647
vn -0.3377 -0.9267 0.1648
vn -0.2714 -0.8439 0.4628
vn -0.2703 -0.8436 0.4639
vn -0.2769 -0.0949 0.9562
vn -0.2734 -0.0555 0.9603
vn -0.2740 -0.1939 0.9420
vn -0.3264 -0.2624 0.9081
vn -0.1883 -0.3499 0.9177
vn -0.0919 -0.2702 0.9584
vn 0.0377 -0.3232 0.9456
vn -0.0467 -0.4183 0.9071
vn -0.0745 -0.5613 0.8242
vn -0.0516 -0.5316 0.8454
vn -0.3189 -0.0018 0.9478
vn -0.3654 0.0455 0.9297
vn -0.2442 0.0625 0.9677
vn -0.2729 -0.0703 0.9595
vn -0.3086 -0.9284 0.2069
vn -0.2844 -0.8215 0.4942
vn -0.2514 -0.8254 0.5054
vn -0.2795 -0.9291 0.2421
vn -0.0566 -0.1243 0.9906
vn 0.0157 0.0378 0.9992
vn 0.0637 -0.1416 0.9879
vn 0.0324 -0.2198 0.9750
vn -0.0757 -0.4860 0.8707
vn -0.0551 -0.4669 0.8826
vn -0.3957 0.0757 0.9153
vn -0.1568 0.2066 0.9658
vn -0.2886 0.1151 0.9505
vn 0.0822 0.3243 0.9424
vn -0.2985 -0.9264 0.2295
vn -0.2527 -0.8455 0.4703
vn -0.3222 -0.8542 0.4081
vn -0.3528 -0.9155 0.1934
vn 0.1248 0.2177 0.9680
vn 0.1289 -0.0904 0.9875
vn 0.2292 0.2981 0.9266
vn 0.0986 -0.0772 0.9921
vn -0.0343 -0.5008 0.8649
vn -0.1325 -0.5444 0.8283
vn -0.1039 0.2022 0.9738
vn 0.1284 0.4544 0.8815
vn 0.0097 0.2859 0.9582
vn 0.0166 0.4988 0.8666
vn 0.0916 0.3539 0.9308
vn -0.0992 -0.0777 0.9920
vn -0.1227 0.3372 0.9334
vn -0.2826 -0.1049 0.9535
vn -0.1276 0.1004 0.9867
vn 0.0843 0.1939 0.9774
vn 0.1828 0.0309 0.9827
vn 0.2231 -0.0868 0.9709
vn 0.0573 0.3115 0.9485
vn -0.1123 0.4084 0.9059
vn -0.2890 0.1987 0.9365
vn -0.3702 -0.1771 0.9119
vn -0.3386 -0.0387 0.9401
vn -0.3653 -0.2410 0.8992
vn -0.3805 -0.9066 0.1822
vn -0.3991 -0.8398 0.3681
vn -0.3829 -0.8372 0.3905
vn -0.3165 -0.9234 0.2170
vn -0.3128 -0.5584 0.7683
vn -0.4140 -0.5582 0.7190
vn 0.3194 -0.4147 0.8520
vn 0.2328 -0.7703 0.5937
vn 0.1472 -0.7518 0.6427
vn 0.0317 -0.3879 0.9212
vn -0.1281 -0.9892 0.0709
vn -0.0180 -0.9876 0.1557
vn -0.0434 -0.9861 0.1606
vn 0.0166 -0.9723 0.2330
vn -0.2164 -0.4641 0.8590
vn -0.2823 -0.5699 0.7717
vn -0.0376 -0.7664 0.6412
vn -0.1040 -0.8463 0.5225
vn 0.0823 -0.9255 0.3697
vn 0.0932 -0.9471 0.3070
vn 0.0360 -0.8943 0.4459
vn -0.0112 -0.9415 0.3369
vn -0.1613 -0.9416 0.2956
vn -0.0646 -0.9741 0.2165
vn -0.2701 -0.8445 0.4624
vn -0.0437 -0.9707 0.2363
vn -0.3930 -0.5803 0.7133
vn -0.3392 0.0510 -0.9393
vn -0.3014 -0.2716 -0.9140
vn -0.2438 0.4615 -0.8530
vn 0.2919 0.3112 -0.9044
vn 0.2441 0.1040 -0.9642
vn 0.2186 -0.0804 -0.9725
vn -0.0341 -0.3582 -0.9330
vn 0.4461 -0.1602 -0.8805
vn 0.5981 -0.1099 -0.7939
vn 0.2701 -0.3049 -0.9133
vn 0.5652 0.0047 -0.8250
vn 0.6014 0.1419 -0.7862
vn 0.7480 0.0365 -0.6627
vn 0.7143 -0.0005 -0.6998
vn 0.4818 -0.2558 -0.8381
vn 0.4642 -0.2590 -0.8470
vn 0.6709 -0.0599 -0.7392
vn 0.5628 -0.0055 -0.8266
vn 0.1685 -0.2053 -0.9641
vn 0.3946 0.0944 -0.9140
vn 0.5746 0.2384 -0.7830
vn 0.7133 0.2607 -0.6506
vn 0.6108 0.1265 -0.7816
vn 0.6254 0.1374 -0.7681
vn 0.6425 0.1237 -0.7563
vn 0.6562 0.1136 -0.7460
vn 0.6827 0.2761 -0.6766
vn 0.5898 0.3727 -0.7164
vn 0.2704 0.3522 -0.8960
vn 0.3107 0.2976 -0.9027
vn 0.7336 0.0563 -0.6772
vn 0.7414 0.0641 -0.6679
vn -0.2059 -0.9307 0.3024
vn -0.3040 -0.8945 0.3278
vn -0.2358 -0.8717 0.4295
vn -0.1844 -0.9192 0.3480
vn -0.1918 -0.9400 0.2822
vn -0.3158 -0.9180 0.2400
vn -0.1608 -0.9347 0.3169
vn -0.2769 -0.9333 0.2285
vn -0.2189 -0.9396 0.2633
vn -0.0975 -0.9017 0.4212
vn -0.0303 -0.9467 0.3208
vn -0.0370 -0.9653 0.2585
vn 0.1552 -0.9620 0.2245
vn 0.1490 -0.9777 0.1480
vn 0.0458 -0.9560 0.2897
vn -0.1002 -0.9485 0.3006
vn -0.2744 -0.8056 0.5251
vn 0.0559 -0.8511 0.5220
vn 0.0765 -0.9722 0.2215
vn -0.1295 -0.9670 0.2194
vn 0.1546 -0.9738 0.1667
vn 0.1222 -0.9665 0.2258
vn -0.6837 -0.6324 0.3642
vn -0.0271 -0.9131 0.4068
vn -0.0492 -0.9326 0.3575
vn -0.1478 -0.4537 0.8788
vn -0.1263 -0.5061 0.8532
vn -0.3377 -0.3838 0.8595
vn -0.1011 -0.4413 0.8917
vn -0.2401 -0.4264 0.8721
vn -0.2085 -0.5010 0.8400
vn -0.1806 -0.5955 0.7828
vn -0.1924 -0.5819 0.7902
vn -0.6707 -0.3472 0.6554
vn -0.2073 -0.4184 0.8843
vn -0.1944 -0.4669 0.8627
vn -0.1282 -0.4253 0.8959
vn -0.1027 -0.4718 0.8757
vn -0.1881 -0.5427 0.8186
vn -0.0978 -0.5924 0.7997
vn -0.1878 -0.3589 0.9143
vn -0.2713 -0.3267 0.9054
vn -0.3453 -0.0367 0.9378
vn -0.3098 -0.0570 0.9491
vn -0.3173 -0.0419 0.9474
vn -0.2834 -0.3003 0.9108
vn -0.2316 -0.0622 0.9708
vn -0.2121 -0.3135 0.9256
vn -0.1793 -0.0836 0.9802
vn -0.1533 -0.3175 0.9358
vn -0.8046 -0.5386 0.2500
vn 0.0248 -0.9586 0.2837
vn -0.0987 -0.9135 0.3948
vn -0.7739 -0.5438 0.3245
vn -0.1034 -0.8251 0.5555
vn -0.0395 -0.8827 0.4683
vn -0.1280 -0.7839 0.6076
vn -0.1254 -0.8579 0.4982
vn -0.1408 -0.6928 0.7073
vn -0.0596 -0.7587 0.6487
vn -0.0590 -0.8504 0.5228
vn -0.1644 -0.7178 0.6766
vn -0.1809 -0.7738 0.6070
vn -0.7003 -0.4873 0.5217
vn -0.1814 -0.6323 0.7532
vn -0.7595 0.3203 -0.5661
vn -0.6981 0.3059 -0.6474
vn -0.6846 -0.2966 -0.6659
vn -0.7471 -0.2383 -0.6205
vn -0.7055 -0.2992 -0.6425
vn -0.6966 0.2847 -0.6585
vn -0.4650 -0.7733 -0.4309
vn -0.4521 -0.7342 -0.5065
vn -0.4914 -0.6863 -0.5362
vn -0.1994 -0.9321 -0.3024
vn -0.2227 -0.9121 -0.3442
vn -0.1564 -0.9528 -0.2603
vn -0.4433 -0.6253 -0.6422
vn -0.4596 -0.6448 -0.6108
vn -0.4482 -0.6722 -0.5892
vn -0.6778 -0.0340 -0.7345
vn -0.7038 0.0195 -0.7102
vn -0.7061 -0.0043 -0.7081
vn -0.6756 0.0386 -0.7363
vn -0.6837 0.0808 -0.7253
vn -0.6730 -0.0472 -0.7381
vn 0.0580 -0.9933 0.0995
vn 0.0576 -0.9924 0.1088
vn 0.1470 -0.9681 0.2030
vn 0.1505 -0.9708 0.1868
vn 0.1373 -0.9666 0.2166
vn 0.0467 -0.9928 0.1107
vn 0.1755 -0.9479 0.2659
vn 0.2018 -0.9436 0.2624
vn 0.2228 -0.9464 0.2338
vn 0.3225 -0.8465 0.4236
vn 0.3473 -0.8511 0.3937
vn 0.2650 -0.8615 0.4331
vn 0.3480 -0.7401 0.5754
vn 0.4089 -0.7491 0.5213
vn 0.4109 -0.7736 0.4823
vn 0.3996 -0.8028 0.4425
vn 0.3774 -0.8378 0.3945
vn 0.3573 -0.7654 0.5353
vn 0.3677 -0.8140 0.4496
vn 0.3953 -0.8386 0.3747
vn 0.3641 -0.8683 0.3369
vn 0.4405 -0.7999 0.4077
vn 0.4113 -0.8197 0.3988
vn 0.4330 -0.7827 0.4471
vn 0.5122 -0.6892 0.5125
vn 0.4968 -0.7163 0.4900
vn 0.4656 -0.7357 0.4919
vn 0.5656 -0.5528 0.6120
vn 0.5342 -0.5790 0.6159
vn 0.5902 -0.5086 0.6269
vn 0.6172 -0.3276 0.7154
vn 0.6299 -0.2990 0.7168
vn 0.5888 -0.3462 0.7303
vn -0.6612 0.1085 -0.7424
vn -0.3569 0.1495 -0.9221
vn -0.3968 0.4164 -0.8180
vn -0.6809 0.4093 -0.6073
vn -0.5547 -0.1741 -0.8136
vn -0.3281 -0.1612 -0.9308
vn -0.7972 -0.0548 -0.6013
vn -0.8018 0.0497 -0.5955
vn -0.5811 -0.5852 -0.5656
vn -0.6599 -0.5026 -0.5585
vn -0.7855 0.3523 -0.5088
vn -0.8090 0.3292 -0.4869
vn -0.7169 0.4032 -0.5687
vn -0.7440 0.0786 -0.6636
vn -0.7820 0.0833 -0.6177
vn -0.7445 0.3888 -0.5427
vn -0.6978 -0.3329 -0.6343
vn -0.6407 -0.2177 -0.7363
vn -0.6867 -0.4291 -0.5868
vn -0.7897 0.0757 -0.6088
vn -0.7611 0.3727 -0.5309
vn -0.4630 -0.5130 -0.7228
vn -0.3090 -0.5020 -0.8078
vn -0.3673 -0.5733 -0.7324
vn -0.3295 -0.6140 -0.7173
vn -0.4594 -0.6508 -0.6045
vn -0.2854 -0.8877 -0.3613
vn -0.3616 -0.8253 -0.4337
vn -0.4905 -0.5914 -0.6400
vn -0.4385 -0.5725 -0.6928
vn -0.3626 -0.6706 -0.6472
vn -0.3467 -0.5441 -0.7640
vn -0.3697 -0.5635 -0.7388
vn -0.4450 -0.5435 -0.7117
vn -0.3740 -0.7617 -0.5292
vn -0.3932 -0.5952 -0.7009
vn -0.4557 -0.5395 -0.7080
vn -0.4661 -0.6132 -0.6378
vn -0.2978 -0.6242 -0.7223
vn -0.6376 -0.0258 -0.7699
vn -0.6455 0.0054 -0.7637
vn -0.6233 0.0221 -0.7817
vn -0.6437 -0.0656 -0.7624
vn -0.5255 -0.4258 -0.7365
vn -0.5679 -0.2151 -0.7945
vn -0.6714 -0.3741 -0.6398
vn -0.5835 -0.5122 -0.6302
vn -0.6820 -0.1947 -0.7049
vn -0.5891 -0.0015 -0.8081
vn -0.2824 -0.8301 -0.4809
vn -0.1812 -0.9073 -0.3794
vn -0.1956 -0.8910 -0.4096
vn -0.1312 -0.8431 -0.5214
vn -0.3545 -0.7205 -0.5960
vn -0.1228 -0.7294 -0.6730
vn -0.4965 -0.6726 -0.5487
vn -0.4962 -0.6815 -0.5379
vn -0.5887 -0.4454 -0.6746
vn -0.6097 -0.3944 -0.6875
vn -0.5832 -0.5166 -0.6269
vn -0.5129 -0.6898 -0.5110
vn -0.5489 -0.6857 -0.4781
vn -0.6279 -0.5500 -0.5507
vn -0.6262 -0.5588 -0.5437
vn -0.5619 -0.6725 -0.4816
vn -0.5307 -0.7048 -0.4707
vn -0.5685 -0.6203 -0.5404
vn -0.2317 -0.9446 -0.2326
vn -0.2341 -0.9437 -0.2337
vn -0.3894 -0.8241 -0.4114
vn -0.3821 -0.8282 -0.4101
vn -0.4107 -0.8197 -0.3993
vn -0.2485 -0.9349 -0.2534
vn -0.4492 -0.8102 -0.3765
vn -0.3548 -0.8634 -0.3587
vn -0.4658 -0.7940 -0.3907
vn -0.3359 -0.9070 -0.2540
vn -0.3291 -0.9101 -0.2518
vn -0.3149 -0.9194 -0.2355
vn -0.2910 -0.9133 -0.2849
vn -0.4411 -0.8015 -0.4037
vn 0.0711 -0.9954 0.0648
vn -0.0772 -0.9950 -0.0631
vn -0.0813 -0.9951 -0.0568
vn -0.0815 -0.9889 -0.1245
vn 0.0674 -0.9974 -0.0245
vn -0.0359 -0.9982 -0.0474
vn -0.1485 -0.9769 -0.1536
vn -0.2235 -0.9647 -0.1394
vn -0.1372 -0.9887 -0.0597
vn -0.1638 -0.9843 -0.0661
vn -0.2311 -0.9610 -0.1520
vn -0.2063 -0.9636 -0.1700
vn -0.0804 -0.9964 0.0272
vn -0.1558 -0.9546 -0.2541
vn -0.0298 -0.9995 0.0057
vn 0.2831 -0.9393 0.1939
vn 0.1849 -0.9756 0.1186
vn 0.1703 -0.9840 0.0522
vn 0.2796 -0.9391 0.1996
vn 0.0432 -0.9873 0.1528
vn -0.0463 -0.9943 0.0962
vn -0.1111 -0.9938 0.0068
vn -0.0503 -0.9984 0.0256
vn 0.1693 -0.9648 0.2014
vn 0.0525 -0.9976 0.0458
vn 0.0217 -0.9515 0.3068
vn 0.0406 -0.9650 0.2592
vn 0.1090 -0.9143 0.3901
vn 0.0910 -0.9208 0.3793
vn 0.4329 -0.7794 0.4530
vn 0.3985 -0.8315 0.3871
vn 0.4098 -0.8225 0.3943
vn 0.4497 -0.7854 0.4253
vn 0.0624 -0.9329 0.3548
vn 0.1896 -0.9186 0.3468
vn 0.2503 -0.8629 0.4390
vn 0.1413 -0.8853 0.4430
vn 0.3803 -0.8266 0.4149
vn 0.3217 -0.8689 0.3762
vn -0.1032 -0.9491 0.2976
vn -0.0575 -0.9596 0.2756
vn -0.0245 -0.9521 0.3048
vn 0.0432 -0.9647 0.2597
vn 0.0925 -0.9407 0.3264
vn 0.0553 -0.9259 0.3737
vn 0.3697 -0.8761 0.3094
vn 0.3844 -0.8528 0.3536
vn 0.4034 -0.8586 0.3164
vn 0.3921 -0.8755 0.2824
vn 0.1221 -0.9346 0.3342
vn 0.2110 -0.9128 0.3497
vn 0.1951 -0.9381 0.2861
vn 0.1019 -0.9645 0.2435
vn 0.3250 -0.9023 0.2832
vn 0.3400 -0.8824 0.3253
vn -0.0057 -0.9523 0.3052
vn 0.1041 -0.9357 0.3372
vn 0.2315 -0.8315 0.5050
vn 0.0720 -0.9179 0.3901
vn 0.2451 -0.7673 0.5926
vn 0.0847 -0.8659 0.4930
vn 0.4869 -0.7313 0.4777
vn 0.4272 -0.8176 0.3861
vn 0.4545 -0.8127 0.3646
vn 0.5186 -0.7242 0.4545
vn 0.1738 -0.9239 0.3408
vn 0.2658 -0.9003 0.3446
vn 0.3769 -0.7879 0.4870
vn 0.2932 -0.7992 0.5247
vn 0.4700 -0.7473 0.4698
vn 0.3877 -0.8489 0.3592
vn 0.3247 -0.6363 0.6998
vn 0.3559 -0.6497 0.6718
vn 0.3868 -0.4495 0.8052
vn 0.4307 -0.4431 0.7862
vn 0.5255 -0.4240 0.7376
vn 0.4625 -0.4315 0.7745
vn 0.3997 -0.6208 0.6745
vn 0.4655 -0.6201 0.6315
vn 0.6104 -0.3656 0.7027
vn 0.5529 -0.5897 0.5887
vn 0.6383 -0.3852 0.6665
vn 0.5762 -0.6008 0.5541
vn 0.6022 -0.4055 0.6877
vn 0.5412 -0.6100 0.5788
vn 0.1828 -0.1222 0.9755
vn 0.1874 -0.3395 0.9217
vn -0.0096 -0.3019 0.9533
vn -0.0568 -0.0996 0.9934
vn 0.0233 -0.4100 0.9118
vn 0.1554 -0.4839 0.8612
vn 0.0795 -0.5578 0.8262
vn 0.0205 -0.4735 0.8805
vn 0.0086 -0.6229 0.7823
vn 0.0113 -0.6801 0.7330
vn -0.0281 -0.8926 0.4499
vn -0.0870 -0.8944 0.4387
vn -0.0769 -0.9277 0.3654
vn -0.0527 -0.9341 0.3530
vn -0.0162 -0.8432 0.5373
vn -0.0067 -0.8039 0.5947
vn -0.1114 -0.9658 0.2341
vn -0.1286 -0.9560 0.2635
vn -0.1085 -0.9523 0.2851
vn -0.1372 -0.9422 0.3056
vn -0.3806 -0.5844 -0.7167
vn -0.3394 -0.6329 -0.6959
vn -0.3706 -0.6904 -0.6213
vn -0.3628 -0.6895 -0.6268
vn -0.3868 -0.6763 -0.6270
vn -0.3035 -0.6555 -0.6916
vn -0.3712 -0.7990 -0.4730
vn -0.3410 -0.8016 -0.4911
vn -0.3192 -0.7927 -0.5193
vn 0.2549 -0.4102 0.8757
vn 0.1674 -0.6160 0.7698
vn 0.2783 -0.1418 0.9500
vn 0.3383 -0.1597 0.9274
vn 0.3179 -0.4562 0.8311
vn 0.2505 -0.7094 0.6587
vn 0.0512 -0.6676 0.7428
vn 0.1736 -0.7734 0.6097
vn 0.1088 -0.7314 0.6732
vn -0.0162 -0.6943 0.7195
vn -0.0219 -0.8347 0.5503
vn 0.0644 -0.7997 0.5970
vn 0.0360 -0.9222 0.3850
vn -0.0463 -0.9400 0.3379
vn -0.0738 -0.9723 0.2220
vn 0.0314 -0.9688 0.2458
vn 0.0463 -0.9724 0.2288
vn -0.0664 -0.9650 0.2537
vn -0.0982 -0.9397 0.3276
vn -0.1354 -0.9204 0.3668
vn 0.0029 -0.9660 0.2587
vn -0.1139 -0.9777 0.1765
vn -0.1910 -0.9605 0.2023
vn -0.2195 -0.9560 0.1947
vn -0.2632 -0.9639 -0.0399
vn -0.3060 -0.9505 -0.0537
vn -0.1938 -0.9809 -0.0191
vn -0.2236 -0.9545 -0.1975
vn -0.2872 -0.9356 -0.2056
vn -0.3367 -0.9188 -0.2060
vn -0.4898 -0.3894 -0.7800
vn -0.3815 -0.4604 -0.8016
vn -0.5499 -0.3134 -0.7742
vn -0.5405 -0.5715 -0.6175
vn -0.5113 -0.5614 -0.6506
vn -0.3549 -0.5725 -0.7391
vn -0.2158 -0.9603 -0.1766
vn -0.1015 -0.9665 -0.2356
vn -0.2233 -0.9639 -0.1449
vn -0.2785 -0.9347 -0.2207
vn -0.1794 -0.9521 -0.2475
vn -0.0794 -0.9576 -0.2769
vn -0.3701 -0.6421 -0.6713
vn -0.3016 -0.6865 -0.6616
vn -0.4862 -0.5813 -0.6524
vn -0.5678 0.1468 -0.8100
vn -0.4687 0.1285 -0.8740
vn -0.3585 0.1120 -0.9268
vn -0.2977 -0.8908 -0.3434
vn -0.3411 -0.8803 -0.3297
vn -0.2503 -0.8956 -0.3677
vn -0.3278 -0.7375 -0.5904
vn -0.3127 -0.7681 -0.5588
vn -0.2164 -0.8883 -0.4050
vn -0.2168 -0.8784 -0.4259
vn -0.1432 -0.9698 -0.1973
vn -0.0959 -0.9736 -0.2070
vn -0.3404 -0.8999 -0.2727
vn -0.5979 -0.5086 -0.6195
vn -0.6370 -0.4360 -0.6357
vn -0.3610 -0.8599 -0.3609
vn -0.6840 0.2001 -0.7015
vn -0.6471 0.1760 -0.7418
vn -0.5239 -0.6110 -0.5934
vn -0.1900 -0.9720 -0.1386
vn -0.1536 -0.9767 -0.1497
vn -0.5212 -0.6349 -0.5704
vn -0.5755 -0.2106 -0.7902
vn -0.4190 -0.5226 -0.7425
vn -0.5180 -0.4257 -0.7420
vn -0.6254 -0.1240 -0.7704
vn -0.3718 -0.6649 -0.6478
vn -0.4019 -0.6192 -0.6746
vn 0.0233 -0.9936 0.1101
vn -0.0784 -0.9964 -0.0337
vn -0.0028 -0.9979 -0.0640
vn 0.0928 -0.9934 0.0674
vn 0.1653 -0.9579 0.2348
vn 0.1335 -0.9715 0.1959
vn 0.1703 -0.9676 0.1863
vn 0.1924 -0.9467 0.2585
vn 0.1981 -0.8872 0.4166
vn 0.1615 -0.9442 0.2871
vn 0.2038 -0.9329 0.2968
vn 0.2694 -0.8642 0.4250
vn 0.2838 -0.7488 0.5990
vn 0.2583 -0.7709 0.5822
vn 0.3377 -0.7452 0.5750
vn 0.3466 -0.7439 0.5714
vn 0.3433 -0.7218 0.6009
vn 0.2889 -0.8019 0.5230
vn 0.3263 -0.8041 0.4969
vn 0.3537 -0.7193 0.5979
vn 0.4156 -0.4552 0.7874
vn 0.4390 -0.1855 0.8791
vn 0.4416 -0.2074 0.8729
vn 0.4096 -0.4662 0.7841
vn -0.4885 -0.6920 -0.5315
vn -0.4987 -0.6749 -0.5439
vn -0.6283 -0.4103 -0.6609
vn -0.5984 -0.4440 -0.6670
vn -0.2243 -0.9464 -0.2325
vn -0.0792 -0.9955 -0.0528
vn -0.0810 -0.9953 -0.0527
vn -0.2167 -0.9517 -0.2173
vn -0.3753 -0.8308 -0.4111
vn -0.3684 -0.8442 -0.3893
vn -0.6159 -0.1197 -0.7787
vn -0.5250 -0.4845 -0.6998
vn -0.4673 -0.5234 -0.7125
vn -0.5768 -0.2085 -0.7898
vn -0.3786 -0.7167 -0.5856
vn -0.4315 -0.7102 -0.5563
vn -0.6778 0.2630 -0.6866
vn -0.6803 -0.2683 -0.6820
vn -0.6642 -0.2979 -0.6856
vn -0.6901 0.2449 -0.6810
vn -0.3802 -0.8228 -0.4223
vn -0.4460 -0.8075 -0.3859
vn -0.6988 0.2255 -0.6789
vn -0.6574 -0.3682 -0.6574
vn -0.3691 -0.8369 -0.4042
vn -0.1204 -0.9827 -0.1404
vn -0.0838 -0.9898 -0.1154
vn -0.5231 -0.6354 -0.5680
vn -0.4647 -0.6185 -0.6337
vn -0.1153 -0.9850 -0.1282
vn -0.5494 -0.6348 -0.5433
vn -0.6478 0.0637 -0.7592
vn -0.6476 0.1144 -0.7534
vn -0.6514 -0.0366 -0.7578
vn -0.5509 -0.3106 -0.7746
vn -0.4372 -0.5677 -0.6975
vn -0.3530 -0.7187 -0.5990
vn 0.0435 -0.9921 0.1174
vn 0.1301 -0.9641 0.2313
vn 0.1328 -0.9628 0.2353
vn 0.0596 -0.9927 0.1049
vn 0.1582 -0.9525 0.2601
vn 0.1598 -0.9547 0.2512
vn -0.1876 -0.9617 -0.1999
vn -0.0662 -0.9971 -0.0383
vn -0.0307 -0.9985 -0.0452
vn -0.1358 -0.9698 -0.2027
vn 0.0837 -0.9936 0.0754
vn 0.1492 -0.9656 0.2129
vn 0.1704 -0.9475 0.2706
vn -0.0021 -0.9979 -0.0651
vn -0.1000 -0.9723 -0.2111
vn 0.2179 -0.9012 0.3746
vn 0.2037 -0.9242 0.3231
vn 0.2976 -0.8122 0.5017
vn 0.2927 -0.7712 0.5653
vn 0.1937 -0.9333 0.3025
vn 0.2840 -0.8432 0.4564
vn 0.3093 -0.7327 0.6062
vn 0.3338 -0.7276 0.5992
vn 0.3059 -0.7680 0.5626
vn 0.3020 -0.7865 0.5387
vn 0.3529 -0.7360 0.5777
vn 0.3434 -0.7560 0.5572
vn 0.3485 -0.7727 0.5305
vn 0.2918 -0.7802 0.5533
vn 0.3484 -0.6538 0.6717
vn 0.4494 -0.6572 0.6050
vn 0.3039 -0.7974 0.5213
vn 0.3227 -0.6818 0.6565
vn 0.4131 -0.4470 0.7934
vn 0.5297 -0.4733 0.7038
vn 0.5556 -0.2782 0.7836
vn 0.4304 -0.2525 0.8666
vn 0.3655 -0.4520 0.8137
vn 0.3900 -0.2310 0.8914
vn -0.2396 -0.8754 -0.4199
vn -0.2715 -0.8726 -0.4060
vn -0.3271 -0.8610 -0.3894
vn -0.2967 0.0880 -0.9509
vn -0.2609 -0.7102 -0.6538
vn -0.2829 0.0700 -0.9566
vn -0.2301 -0.7313 -0.6420
vn 0.0257 -0.9698 -0.2425
vn -0.0116 -0.9642 -0.2648
vn -0.1448 -0.6613 -0.7360
vn -0.2435 -0.6658 -0.7052
vn -0.1669 -0.4933 -0.8537
vn -0.0538 -0.4793 -0.8760
vn -0.1138 -0.6047 -0.7883
vn -0.3119 -0.6558 -0.6875
vn -0.2184 -0.4684 -0.8561
vn -0.4093 -0.4614 -0.7871
vn 0.0157 -0.9686 -0.2483
vn 0.0072 -0.9613 -0.2753
vn -0.1928 -0.7629 -0.6171
vn -0.2130 -0.7464 -0.6304
vn -0.3164 0.0558 -0.9470
vn -0.3764 0.0440 -0.9254
vn 0.1322 -0.9683 -0.2118
vn 0.0730 -0.9723 -0.2220
vn 0.0256 -0.8987 -0.4379
vn -0.0364 -0.8159 -0.5771
vn -0.6093 -0.5454 -0.5755
vn -0.4898 -0.7324 -0.4730
vn -0.4224 -0.7771 -0.4665
vn -0.3857 -0.6529 -0.6519
vn -0.3821 -0.6113 -0.6930
vn -0.5344 -0.4544 -0.7127
vn -0.5569 -0.6675 -0.4943
vn -0.3898 -0.8971 -0.2081
vn -0.3934 -0.8620 -0.3196
vn -0.4635 -0.8346 -0.2976
vn -0.4438 -0.8755 -0.1912
vn -0.5350 -0.8005 -0.2700
vn -0.4934 -0.8580 -0.1430
vn -0.1228 -0.9043 0.4088
vn 0.0572 -0.8992 0.4337
vn -0.0546 -0.9256 0.3745
vn -0.2384 -0.9547 0.1783
vn -0.4720 -0.6106 0.6359
vn -0.4780 -0.7248 0.4962
vn -0.3863 -0.9202 -0.0627
vn -0.3607 -0.9308 -0.0586
vn -0.2594 -0.9468 0.1906
vn -0.1487 -0.9148 0.3756
vn -0.3937 -0.9189 -0.0264
vn -0.1867 -0.9796 0.0748
vn -0.7361 -0.0452 0.6753
vn -0.0201 -0.9822 0.1869
vn -0.5947 0.7462 0.2991
vn -0.3353 0.8733 0.3534
vn -0.3000 0.8318 0.4670
vn -0.5248 0.6929 0.4945
vn -0.1324 0.8591 0.4944
vn -0.1221 0.8925 0.4343
vn -0.2979 0.5485 0.7813
vn -0.3755 0.4933 0.7847
vn -0.4165 0.4160 0.8084
vn 0.1474 0.8625 0.4841
vn 0.2758 0.8317 0.4819
vn 0.0295 0.8437 0.5360
vn 0.0016 0.8764 0.4815
vn 0.1240 0.6464 0.7529
vn -0.0882 0.6242 0.7762
vn -0.1919 0.9784 0.0774
vn -0.0234 0.9717 0.2352
vn -0.4259 0.8983 -0.1081
vn -0.0675 0.8813 -0.4677
vn 0.0622 0.9372 -0.3431
vn 0.1712 0.9603 -0.2202
vn 0.2210 0.9752 -0.0108
vn 0.0601 0.9353 0.3486
vn 0.2126 0.8725 0.4399
vn 0.2844 0.9435 0.1703
vn 0.3940 0.9002 0.1853
vn 0.3876 0.8259 0.4095
vn 0.2535 0.7447 0.6174
vn 0.3310 0.8988 0.2875
vn -0.3285 -0.0681 0.9421
vn -0.3380 -0.0743 0.9382
vn -0.4310 0.2885 0.8550
vn -0.3429 -0.1070 0.9333
vn -0.2865 -0.0553 0.9565
vn -0.3356 -0.0446 0.9409
vn -0.2737 0.0747 0.9589
vn -0.3072 0.2479 0.9188
vn -0.3452 0.0901 0.9342
vn -0.3751 -0.0011 0.9270
vn -0.2803 0.0367 0.9592
vn -0.1970 0.1813 0.9635
vn -0.2438 0.1992 0.9492
vn -0.1430 0.2898 0.9463
vn -0.1175 0.2620 0.9579
vn -0.1287 0.2617 0.9565
vn -0.0701 0.4463 0.8921
vn -0.1606 0.2658 0.9506
vn 0.1738 0.7153 0.6769
vn -0.0580 0.3370 0.9397
vn 0.3021 0.7492 -0.5894
vn 0.3194 0.7553 -0.5723
vn 0.2999 0.7945 -0.5281
vn 0.2923 0.7525 -0.5902
vn 0.2625 0.8652 -0.4272
vn 0.3577 0.8364 -0.4153
vn 0.3190 0.9058 -0.2790
vn 0.4704 0.8731 -0.1282
vn 0.5729 0.8140 0.0958
vn 0.3908 0.9159 -0.0913
vn 0.5331 0.8141 0.2304
vn 0.4114 0.9033 0.1220
vn 0.4803 0.8027 0.3535
vn 0.2564 0.7923 0.5537
vn 0.4858 0.7573 0.4364
vn 0.3084 0.6433 0.7008
vn 0.5766 0.6398 0.5081
vn 0.3097 0.5134 0.8003
vn -0.0387 0.2519 0.9670
vn -0.0660 0.1678 0.9836
vn 0.7174 0.4618 0.5216
vn 0.4125 0.2809 0.8666
vn 0.7701 0.4011 0.4960
vn 0.3975 0.2240 0.8898
vn -0.1314 -0.0106 0.9913
vn -0.0503 0.0406 0.9979
vn 0.6607 0.7321 0.1661
vn 0.2070 0.6913 0.6923
vn 0.3297 0.4189 0.8461
vn 0.7471 0.5479 0.3764
vn -0.2752 0.1202 0.9538
vn -0.4155 0.3124 0.8543
vn -0.4315 -0.1057 0.8959
vn -0.3260 -0.1206 0.9376
vn -0.3327 -0.0881 0.9389
vn -0.4619 0.0532 0.8853
vn -0.3126 -0.0876 0.9458
vn -0.4113 0.2520 0.8760
vn -0.3404 0.2366 0.9100
vn -0.4835 0.2911 0.8255
vn -0.2119 0.0982 0.9723
vn -0.3016 -0.0112 0.9534
vn -0.2840 0.3631 0.8874
vn -0.1321 0.4936 0.8596
vn -0.0938 0.2320 0.9682
vn 0.0249 0.5279 0.8490
vn 0.0213 0.3334 0.9425
vn 0.1439 0.5201 0.8419
vn 0.0342 0.4202 0.9068
vn 0.0007 0.4520 0.8920
vn 0.1559 0.6002 0.7845
vn 0.1771 0.5342 0.8266
vn -0.0687 0.4358 0.8974
vn -0.0680 0.3416 0.9374
vn 0.0759 0.6450 0.7604
vn 0.1160 0.6659 0.7369
vn -0.1195 0.2301 0.9658
vn -0.1068 0.2960 0.9492
vn 0.0111 0.6112 0.7914
vn -0.0096 0.5273 0.8496
vn -0.2066 0.0887 0.9744
vn -0.1314 0.1308 0.9827
vn -0.0345 0.3924 0.9191
vn -0.0825 0.3150 0.9455
vn -0.3620 0.1634 0.9177
vn -0.4638 0.2851 0.8388
vn -0.1304 0.3606 0.9236
vn -0.1266 0.4771 0.8697
vn -0.4037 0.7466 0.5288
vn -0.4637 0.6776 0.5707
vn -0.3619 0.7980 0.4819
vn -0.2582 0.9405 -0.2210
vn -0.2692 0.9501 -0.1578
vn -0.3053 0.9464 -0.1055
vn -0.3204 0.8659 0.3842
vn -0.1769 0.9120 0.3702
vn -0.2542 0.9383 -0.2344
vn -0.2933 0.9162 -0.2730
vn 0.4108 0.8698 -0.2733
vn 0.0679 0.9973 -0.0283
vn 0.0807 0.9017 0.4248
vn 0.3070 0.8700 0.3859
vn 0.3042 0.8745 -0.3777
vn -0.0311 0.9871 -0.1572
vn -0.0203 0.9037 -0.4278
vn -0.2475 0.9128 -0.3249
vn 0.4232 0.8111 0.4039
vn 0.4323 0.7974 0.4210
vn 0.5738 0.7940 -0.2006
vn 0.5221 0.7867 -0.3294
vn 0.3016 0.8863 0.3514
vn 0.3852 0.8466 0.3674
vn 0.4790 0.8651 -0.1489
vn 0.5530 0.8235 -0.1265
vn 0.2429 0.8559 0.4565
vn 0.2330 0.8975 0.3745
vn 0.4996 0.8402 -0.2108
vn 0.4418 0.8761 -0.1931
vn 0.7209 0.6805 -0.1314
vn 0.6125 0.7666 -0.1928
vn 0.3036 0.7675 0.5646
vn 0.3740 0.6702 0.6411
vn 0.5811 0.8136 0.0178
vn 0.6464 0.7622 -0.0331
vn 0.5988 0.7308 0.3277
vn 0.5230 0.8352 0.1699
vn 0.6428 0.6487 0.4074
vn 0.7252 0.6812 -0.1002
vn 0.4003 0.7120 -0.5769
vn 0.4385 0.6984 -0.5656
vn 0.4902 0.6648 -0.5637
vn 0.4765 0.7388 -0.4766
vn 0.5150 0.5731 -0.6374
vn 0.4586 0.6692 -0.5847
vn 0.7008 0.7030 -0.1210
vn 0.5917 0.6473 0.4804
vn 0.4892 0.7024 0.5171
vn 0.5442 0.8280 -0.1351
vn 0.4185 0.6610 -0.6229
vn 0.4920 0.5287 -0.6917
vn 0.4420 0.5533 -0.7061
vn 0.4276 0.6473 -0.6310
vn 0.4491 0.7955 -0.4069
vn 0.4533 0.7889 -0.4149
vn 0.4204 0.8061 -0.4165
vn 0.4472 0.7926 -0.4145
vn 0.4426 0.8060 -0.3930
vn 0.5056 0.7830 -0.3623
vn 0.4495 0.8839 -0.1288
vn 0.4592 0.7415 0.4892
vn 0.5804 0.7071 0.4039
vn 0.5411 0.8296 -0.1376
vn 0.4810 0.6459 -0.5928
vn 0.4553 0.6409 -0.6180
vn 0.4411 0.8145 -0.3768
vn 0.4520 0.8128 -0.3674
vn 0.4621 0.8265 -0.3216
vn 0.4550 0.8366 -0.3051
vn 0.4222 0.6020 -0.6778
vn 0.4312 0.6046 -0.6697
vn 0.7575 0.6113 -0.2294
vn 0.7845 0.5327 0.3174
vn 0.7792 0.4827 -0.3998
vn 0.8538 0.4813 0.1983
vn 0.8372 0.5459 -0.0326
vn 0.7703 0.5977 -0.2223
vn 0.7433 0.3898 -0.5436
vn 0.7546 0.3013 -0.5829
vn 0.5435 0.6148 -0.5716
vn 0.5227 0.5136 -0.6805
vn 0.6024 0.4070 -0.6867
vn 0.5483 0.5986 -0.5840
vn 0.4700 0.8340 -0.2891
vn 0.4815 0.7996 -0.3590
vn 0.4709 0.8096 -0.3504
vn 0.4269 0.8590 -0.2827
vn 0.5604 0.5781 -0.5930
vn 0.6412 0.3275 -0.6940
vn 0.6904 0.2260 -0.6873
vn 0.6263 0.5063 -0.5929
vn 0.4248 0.8547 -0.2983
vn 0.4767 0.8062 -0.3505
vn 0.5159 0.7734 -0.3683
vn 0.4797 0.8210 -0.3095
vn 0.6217 0.4586 -0.6349
vn 0.6709 0.1785 -0.7198
vn 0.5499 0.2233 -0.8048
vn 0.5255 0.4665 -0.7115
vn 0.5579 0.4090 -0.7221
vn 0.7219 0.3042 -0.6215
vn 0.4642 0.8353 -0.2946
vn 0.5067 0.7642 -0.3991
vn 0.4383 0.7875 -0.4332
vn 0.3843 0.8798 -0.2796
vn 0.4232 0.8679 -0.2601
vn 0.4474 0.7804 -0.4368
vn 0.5181 0.7607 -0.3911
vn 0.4778 0.8398 -0.2579
vn 0.5305 0.4830 -0.6967
vn 0.4691 0.4802 -0.7412
vn 0.6122 0.4821 -0.6267
vn 0.5782 0.4765 -0.6623
vn 0.5389 0.7524 -0.3787
vn 0.5730 0.7321 -0.3685
vn 0.4993 0.8196 -0.2808
vn 0.5345 0.8043 -0.2596
vn 0.5519 0.8036 -0.2227
vn 0.6036 0.7016 -0.3787
vn 0.6954 0.6237 -0.3570
vn 0.6593 0.7243 -0.2018
vn 0.6967 0.4869 -0.5268
vn 0.6385 0.5020 -0.5834
vn 0.4337 0.6762 -0.5955
vn -0.0055 0.7960 -0.6053
vn 0.5144 0.5906 -0.6217
vn 0.5614 0.4013 -0.7237
vn 0.4803 0.4268 -0.7663
vn 0.1126 0.5344 -0.8377
vn 0.4561 0.5310 -0.7141
vn 0.4968 0.6035 -0.6238
vn 0.4125 0.4681 -0.7815
vn 0.4353 0.4135 -0.7997
vn 0.5574 0.6692 -0.4914
vn 0.5390 0.7060 -0.4594
vn 0.5240 0.5126 -0.6801
vn 0.4874 0.4930 -0.7207
vn 0.5197 0.6799 -0.5173
vn 0.5553 0.6009 -0.5750
vn 0.5414 0.4540 -0.7076
vn 0.5211 0.4937 -0.6962
vn 0.5253 0.6209 -0.5819
vn 0.5015 0.5702 -0.6506
vn 0.5589 0.6782 -0.4772
vn 0.4416 0.8970 -0.0181
vn 0.4366 0.8860 -0.1559
vn 0.4524 0.8620 -0.2287
vn 0.2610 0.9649 -0.0307
vn 0.3236 0.9459 -0.0243
vn 0.4596 0.8242 -0.3308
vn 0.4064 0.8501 -0.3350
vn 0.5681 0.7717 -0.2860
vn 0.4446 0.8952 -0.0305
vn 0.2735 0.9601 -0.0591
vn 0.4577 0.8431 -0.2824
vn 0.4704 0.8314 -0.2957
vn 0.3844 0.9201 -0.0751
vn 0.4806 0.8744 -0.0668
vn 0.5097 0.8141 -0.2784
vn 0.3913 0.8830 -0.2592
vn 0.2333 0.9719 -0.0299
vn 0.1828 0.9830 -0.0147
vn 0.3713 0.8894 -0.2667
vn 0.4888 0.8287 -0.2727
vn 0.3923 0.9197 -0.0136
vn 0.4281 0.9037 0.0101
vn 0.4865 0.8416 -0.2347
vn 0.3695 0.9105 -0.1857
vn 0.2836 0.9566 0.0672
vn 0.3089 0.9453 0.1051
vn 0.4091 0.9008 -0.1453
vn 0.4107 0.8970 -0.1636
vn 0.2737 0.9535 0.1265
vn 0.3715 0.9096 0.1860
vn 0.4749 0.8697 -0.1342
vn 0.4643 0.8845 -0.0453
vn 0.3263 0.9172 0.2286
vn 0.3051 0.9087 0.2848
vn 0.4357 0.8986 0.0511
vn 0.5295 0.8448 0.0773
vn 0.3510 0.8892 0.2935
vn -0.0315 0.6833 0.7295
vn -0.0501 0.6831 0.7286
vn 0.2548 0.9107 0.3251
vn 0.2956 0.9046 0.3071
vn 0.0450 0.9371 0.3461
vn -0.2318 0.6505 0.7233
vn 0.4077 0.9107 -0.0659
vn 0.4812 0.8719 -0.0908
vn -0.2859 0.6334 0.7191
vn 0.0489 0.9325 0.3578
vn 0.1396 0.9226 0.3595
vn -0.2448 0.6567 0.7133
vn -0.3428 0.6696 0.6589
vn -0.0142 0.9467 0.3218
vn 0.2023 0.9358 0.2886
vn -0.1002 0.7356 0.6700
vn 0.1131 0.7466 0.6556
vn 0.3738 0.8906 0.2590
vn 0.0809 0.9491 0.3043
vn -0.0855 0.7397 0.6675
vn -0.2856 0.6886 0.6665
vn -0.0555 0.9403 0.3357
vn 0.1882 0.9185 0.3479
vn -0.0886 0.6937 0.7148
vn -0.0393 0.6694 0.7419
vn 0.2562 0.8991 0.3550
vn 0.1180 0.9039 0.4111
vn -0.1579 0.6394 0.7525
vn -0.2268 0.6246 0.7473
vn 0.0878 0.8891 0.4492
vn 0.0816 0.8709 0.4847
vn -0.1944 0.6235 0.7572
vn -0.2326 0.6443 0.7286
vn 0.1224 0.8533 0.5068
vn 0.1064 0.8657 0.4892
vn -0.2003 0.6769 0.7083
vn -0.5538 -0.1329 0.8220
vn -0.4368 -0.2008 0.8769
vn -0.3830 0.2410 0.8918
vn -0.5701 0.2681 0.7766
vn -0.3264 0.2207 0.9191
vn -0.4304 -0.2417 0.8697
vn -0.1522 0.7002 0.6976
vn -0.4225 0.6876 0.5905
vn -0.4609 -0.2823 0.8413
vn -0.3452 0.1934 0.9184
vn -0.4667 0.1439 0.8726
vn -0.5429 -0.2877 0.7890
vn -0.5802 -0.2785 0.7654
vn -0.5226 0.1330 0.8422
vn -0.4944 0.1665 0.8531
vn -0.5707 -0.2553 0.7805
vn -0.5653 -0.2559 0.7842
vn -0.5319 0.1852 0.8263
vn -0.4176 0.2357 0.8775
vn -0.5024 -0.2642 0.8233
vn -0.4576 -0.2534 0.8523
vn -0.2644 0.2670 0.9267
vn -0.3142 0.2395 0.9186
vn -0.5021 -0.2397 0.8309
vn -0.5336 -0.2446 0.8096
vn -0.4477 0.1998 0.8716
vn -0.3545 0.2099 0.9112
vn -0.4977 -0.2448 0.8321
vn -0.5806 -0.2252 0.7824
vn -0.3792 0.2057 0.9021
vn -0.4794 0.2021 0.8540
vn -0.6556 -0.2273 0.7201
vn -0.6893 -0.2556 0.6779
vn -0.5239 0.2124 0.8249
vn -0.5115 0.2296 0.8281
vn -0.7112 -0.2680 0.6499
vn -0.7565 -0.2093 0.6197
vn -0.5535 0.2775 0.7852
vn -0.5359 0.3295 0.7773
vn -0.7734 -0.1209 0.6223
vn 0.1807 0.6175 0.7655
vn -0.2481 0.1476 0.9574
vn -0.3462 0.0968 0.9332
vn 0.0397 0.5912 0.8056
vn -0.2074 0.2627 0.9423
vn 0.3006 0.7251 0.6195
vn -0.6178 0.5210 0.5890
vn -0.6181 0.7151 0.3263
vn -0.3690 0.4590 0.8082
vn -0.1390 0.8660 0.4803
vn -0.4399 0.8748 -0.2030
vn 0.0346 0.9741 -0.2234
vn 0.2177 0.7569 -0.6162
vn -0.0256 0.8074 -0.5895
vn 0.5540 0.7072 -0.4393
vn 0.4557 0.6597 -0.5976
vn 0.4595 0.8882 0.0033
vn 0.6027 0.7208 -0.3423
vn 0.5675 0.6628 -0.4885
vn 0.5061 0.6567 -0.5591
vn 0.0950 0.6846 0.7227
vn -0.1629 0.3263 0.9311
vn 0.3214 0.8784 0.3538
vn 0.5920 0.8049 0.0409
vn -0.3740 -0.0247 0.9271
vn -0.5038 -0.0269 0.8634
vn -0.5222 0.0766 0.8494
vn -0.4045 0.1633 0.8998
vn -0.6240 0.0386 0.7805
vn -0.6136 -0.0082 0.7896
vn -0.5339 0.3926 0.7489
vn -0.4533 0.4016 0.7958
vn -0.3697 0.4175 0.8301
vn -0.6690 0.0095 0.7432
vn -0.6641 0.0297 0.7470
vn -0.7165 0.0413 0.6964
vn -0.7376 0.0358 0.6743
vn -0.6246 0.4080 0.6659
vn -0.5744 0.3963 0.7163
vn -0.8242 0.0534 0.5638
vn -0.7934 0.0742 0.6042
vn -0.8417 0.1346 0.5230
vn -0.8768 0.0560 0.4776
vn -0.7189 0.4727 0.5096
vn -0.6876 0.4327 0.5831
vn -0.8304 0.0865 0.5504
vn -0.7852 0.2079 0.5833
vn -0.6662 0.2637 0.6975
vn -0.7354 0.1421 0.6626
vn -0.5766 0.4672 0.6703
vn -0.6725 0.4935 0.5515
vn -0.6979 0.0008 0.7162
vn -0.8698 -0.1732 0.4620
vn -0.9210 0.0036 0.3896
vn -0.7692 0.1053 0.6303
vn -0.9694 -0.2075 -0.1310
vn -0.9192 -0.3896 -0.0577
vn -0.9982 0.0453 -0.0387
vn -0.8443 0.1498 0.5146
vn -0.8143 0.5447 0.2005
vn -0.5835 0.4769 0.6573
vn -0.7085 0.2949 0.6411
vn -0.9483 0.2772 0.1546
vn -0.4777 0.1547 0.8648
vn -0.3002 0.5107 0.8056
vn -0.3469 0.2359 0.9078
vn -0.4855 0.0165 0.8741
vn -0.0011 0.6725 0.7401
vn -0.1299 0.7697 0.6251
vn -0.5039 0.2399 0.8298
vn -0.5246 0.1179 0.8432
vn -0.5005 0.1009 0.8599
vn -0.4981 0.2834 0.8195
vn -0.1194 0.8246 -0.5530
vn -0.1449 0.8310 -0.5371
vn -0.1720 0.8109 -0.5593
vn -0.1706 0.8471 -0.5032
vn -0.1419 0.8116 -0.5667
vn -0.1651 0.7750 -0.6100
vn -0.2785 0.8045 -0.5247
vn -0.3696 0.8000 -0.4727
vn -0.2240 0.8609 -0.4567
vn -0.2387 0.7754 -0.5846
vn -0.2308 0.6496 -0.7244
vn -0.3546 0.8014 -0.4817
vn -0.2883 0.9343 -0.2098
vn -0.4844 0.6989 0.5261
vn -0.1543 0.9111 -0.3823
vn -0.5254 0.7479 0.4056
vn -0.3444 0.7212 0.6011
vn -0.4750 0.6068 0.6372
vn -0.1876 0.9403 0.2840
vn -0.2326 0.8104 0.5377
vn -0.2095 0.8617 0.4621
vn -0.1883 0.8529 0.4870
vn -0.2671 0.9627 -0.0428
vn -0.5493 0.6286 0.5505
vn -0.0852 0.7926 -0.6038
vn -0.2189 0.8133 -0.5391
vn -0.1520 0.9637 -0.2196
vn -0.1513 0.9447 -0.2910
vn -0.1123 0.9881 -0.1053
vn 0.0704 0.8269 0.5580
vn -0.0318 0.8500 0.5258
vn -0.0930 0.8524 0.5146
vn -0.0327 0.9396 -0.3406
vn 0.0214 0.9477 -0.3184
vn -0.0649 0.8681 0.4921
vn -0.0186 0.8487 0.5286
vn -0.0412 0.9975 -0.0582
vn -0.0579 0.7104 0.7014
vn -0.1106 0.4355 0.8934
vn -0.0639 0.9343 0.3506
vn -0.0452 0.7541 0.6552
vn -0.0477 0.7261 0.6859
vn -0.0650 0.2558 0.9645
vn -0.1866 0.3127 0.9313
vn -0.0350 0.7625 0.6460
vn -0.1859 0.4556 0.8705
vn -0.1612 0.6071 0.7781
vn -0.0851 0.8313 0.5493
vn -0.0977 0.5480 0.8308
vn -0.2433 0.6243 0.7424
vn -0.1600 0.2241 0.9613
vn -0.0891 0.1342 0.9869
vn -0.3672 0.7421 0.5608
vn -0.2864 0.4869 0.8251
vn 0.1036 0.5200 0.8479
vn 0.0289 0.5167 0.8557
vn -0.0331 0.1889 0.9814
vn 0.0005 0.2835 0.9590
vn 0.0624 0.5787 0.8131
vn 0.1101 0.5495 0.8282
vn -0.0061 0.3667 0.9303
vn 0.0274 0.4288 0.9030
vn 0.0653 0.5543 0.8297
vn 0.1339 0.4728 0.8709
vn 0.2061 0.4568 0.8654
vn 0.1191 0.5015 0.8569
vn -0.2892 0.6290 0.7216
vn -0.2778 0.6878 0.6706
vn -0.2152 0.7604 0.6128
vn -0.2066 0.6596 0.7227
vn -0.2599 0.7561 0.6006
vn -0.3033 0.6945 0.6524
vn -0.3429 0.5896 0.7313
vn -0.2947 0.5484 0.7826
vn -0.3907 0.6318 0.6695
vn -0.3327 0.6852 0.6479
vn -0.2704 0.6633 0.6978
vn -0.2285 0.6746 0.7019
vn -0.1694 0.8406 0.5144
vn -0.1849 0.7985 0.5729
vn -0.2441 0.7370 0.6303
vn -0.2694 0.7167 0.6433
vn -0.2435 0.7726 0.5863
vn -0.2024 0.8168 0.5402
vn -0.2012 0.7612 0.6165
vn -0.1454 0.8358 0.5294
vn -0.2635 0.7585 0.5961
vn -0.2638 0.7750 0.5742
vn -0.3268 0.7249 0.6064
vn -0.2432 0.8178 0.5215
vn -0.1589 0.8144 0.5582
vn -0.4271 0.6623 0.6157
vn -0.4677 0.6812 0.5632
vn -0.3612 0.7838 0.5052
vn -0.3579 0.7302 0.5820
vn -0.3233 0.7444 0.5842
vn -0.2546 0.8062 0.5340
vn -0.3237 0.7969 0.5100
vn -0.3400 0.7765 0.5305
vn -0.2676 0.8474 0.4586
vn -0.2620 0.8046 0.5329
vn 0.1226 0.8691 0.4793
vn 0.0060 0.9314 0.3639
vn 0.3113 0.9365 0.1614
vn 0.3912 0.8546 0.3415
vn -0.5164 0.7065 0.4840
vn -0.5567 0.7204 0.4136
vn -0.4030 0.8539 0.3293
vn -0.3883 0.8235 0.4135
vn -0.2487 0.8695 0.4267
vn -0.3490 0.8239 0.4466
vn -0.2525 0.8936 0.3711
vn -0.0499 0.9494 0.3101
vn -0.2330 0.9347 0.2683
vn -0.2905 0.8828 0.3691
vn -0.5370 0.7254 0.4305
vn -0.3308 0.8928 0.3058
vn -0.4753 0.6812 0.5568
vn -0.2218 0.8985 0.3788
vn 0.5657 0.8015 0.1939
vn 0.4900 0.8717 -0.0016
vn 0.5983 0.8012 0.0077
vn 0.6491 0.7583 0.0607
vn 0.1293 0.9647 0.2293
vn -0.1012 0.9427 0.3180
vn 0.0878 0.9294 0.3586
vn 0.2700 0.9088 0.3180
vn 0.0814 0.9722 0.2194
vn -0.0919 0.9750 0.2023
vn -0.5091 0.8086 0.2950
vn -0.4338 0.6505 0.6234
vn -0.0552 0.8898 0.4529
vn 0.0118 0.9680 0.2507
vn 0.6361 0.7552 -0.1582
vn 0.5699 0.8199 0.0536
vn 0.4238 0.9057 -0.0048
vn 0.5295 0.7736 -0.3482
vn 0.4081 0.9129 -0.0095
vn 0.3384 0.9102 0.2390
vn 0.3209 0.8662 0.3831
vn 0.3126 0.9398 0.1380
vn 0.1924 0.9454 0.2629
vn 0.3014 0.8563 0.4195
vn 0.4615 0.8810 -0.1043
vn 0.2006 0.9314 0.3037
vn -0.0958 0.9598 0.2640
vn 0.2630 0.9603 -0.0929
vn 0.4493 0.8905 -0.0715
vn 0.3549 0.8750 -0.3292
vn 0.5244 0.7481 -0.4065
vn 0.5437 0.8358 -0.0766
vn 0.5407 0.7604 -0.3596
vn 0.5554 0.7247 -0.4079
vn 0.5044 0.7040 -0.4999
vn 0.5634 0.6049 -0.5628
vn 0.4864 0.7900 -0.3733
vn 0.5732 0.6127 -0.5441
vn 0.4428 0.7894 -0.4251
vn 0.4779 0.7746 -0.4142
vn 0.4346 0.7419 -0.5106
vn 0.4996 0.7389 -0.4521
vn 0.5349 0.6638 -0.5227
vn 0.5792 0.5574 -0.5949
vn 0.5795 0.5211 -0.6265
vn 0.4775 0.8088 -0.3434
vn 0.0613 0.9866 -0.1509
vn 0.1980 0.8619 -0.4667
vn 0.8133 0.5649 -0.1393
vn 0.4892 0.7641 0.4206
vn 0.9731 0.1875 0.1337
vn 0.5961 0.3828 0.7058
vn 0.9257 0.3703 -0.0766
vn 0.6096 0.5278 0.5914
vn 0.6025 0.5570 -0.5716
vn 0.4864 0.8694 0.0867
vn 0.2237 0.7183 -0.6588
vn -0.0390 0.9707 0.2370
vn -0.0085 0.9624 0.2714
vn 0.0612 0.9381 0.3410
vn 0.2160 0.8361 -0.5042
vn 0.1917 0.8965 -0.3993
vn 0.1223 0.9142 0.3863
vn 0.1256 0.9079 0.4000
vn 0.1675 0.9246 -0.3422
vn 0.1432 0.9376 -0.3168
vn 0.1151 0.9487 -0.2944
vn 0.0684 0.9116 0.4054
vn -0.0447 0.9122 0.4073
vn 0.0552 0.9653 -0.2551
vn -0.0559 0.9718 -0.2292
vn -0.2058 0.9054 0.3714
vn -0.3447 0.9128 0.2191
vn -0.1251 0.9101 -0.3951
vn 0.1455 0.6534 -0.7429
vn 0.1344 0.7181 -0.6829
vn 0.1794 0.6389 -0.7481
vn 0.2558 0.5530 -0.7930
vn 0.1695 0.4355 -0.8841
vn 0.2216 0.4889 -0.8437
vn 0.1558 0.5983 -0.7860
vn 0.1220 0.5799 -0.8055
vn 0.2807 0.2946 -0.9135
vn 0.1874 0.3792 -0.9061
vn 0.1432 0.5498 -0.8230
vn 0.1921 0.5072 -0.8401
vn 0.3857 0.3483 -0.8544
vn 0.2888 0.4372 -0.8517
vn 0.3699 0.1940 -0.9086
vn 0.4155 0.1429 -0.8983
vn 0.8999 0.1107 -0.4218
vn 0.6374 0.1681 -0.7519
vn 0.4905 0.1335 -0.8612
vn 0.6032 0.2486 -0.7579
vn 0.7202 0.4860 -0.4951
vn 0.9493 0.1812 -0.2570
vn 0.5785 0.2515 -0.7760
vn 0.6781 0.2258 -0.6994
vn 0.3241 0.6049 -0.7274
vn 0.0651 0.5133 -0.8558
vn 0.4193 0.1876 -0.8883
vn 0.5187 0.2392 -0.8208
vn 0.0487 0.3498 -0.9356
vn 0.2688 0.1859 -0.9451
vn 0.3240 0.0733 -0.9432
vn 0.3124 0.0971 -0.9450
vn 0.4538 0.1362 -0.8806
vn 0.5106 0.2217 -0.8307
vn 0.3723 0.2193 -0.9018
vn 0.3743 0.1116 -0.9206
vn 0.3874 0.4036 -0.8288
vn 0.3846 0.5712 -0.7251
vn 0.0689 0.8263 -0.5590
vn 0.2013 0.4583 -0.8657
vn 0.3940 0.8819 -0.2590
vn 0.4751 0.5779 -0.6635
vn -0.4852 0.6849 0.5435
vn -0.2345 0.9259 0.2962
vn 0.1621 0.8928 0.4202
vn -0.0780 0.9028 0.4230
vn -0.0876 0.9703 0.2253
vn -0.1463 0.8734 0.4644
vn -0.4910 0.7359 0.4663
vn 0.2644 0.9641 -0.0260
vn -0.3008 0.9495 -0.0889
vn 0.4084 0.9118 -0.0440
vn 0.5193 0.8333 -0.1895
vn 0.3654 0.9306 -0.0219
vn 0.3697 0.9279 -0.0491
vn 0.3722 0.9268 0.0503
vn 0.3499 0.9222 -0.1648
vn 0.3961 0.8636 -0.3119
vn 0.4519 0.8751 0.1732
vn 0.3849 0.9092 0.1588
vn 0.4101 0.8552 0.3170
vn 0.4519 0.7868 0.4203
vn 0.3365 0.9107 0.2397
vn 0.3721 0.9273 0.0399
vn 0.4220 0.6897 0.5884
vn 0.5047 0.4782 0.7187
vn 0.4900 0.6101 0.6226
vn 0.5639 0.5559 0.6107
vn 0.3210 0.7636 0.5602
vn 0.4567 0.3764 0.8061
vn 0.6192 0.5089 -0.5980
vn 0.6842 0.4432 -0.5792
vn 0.6622 0.3860 -0.6423
vn 0.5983 0.4216 -0.6814
vn 0.6295 0.7212 -0.2890
vn 0.7115 0.6972 -0.0874
vn 0.7121 0.3209 -0.6244
vn 0.7987 0.6014 -0.0192
vn 0.8419 0.5370 -0.0536
vn 0.7308 0.2434 -0.6377
vn 0.4130 0.6509 0.6370
vn 0.4023 0.7201 0.5654
vn 0.7630 0.6002 -0.2401
vn 0.7740 0.6245 -0.1046
vn 0.7381 0.3872 -0.5526
vn 0.7306 0.3164 -0.6051
vn 0.7035 0.2070 -0.6799
vn 0.7459 0.2357 -0.6230
vn 0.6761 0.2721 -0.6847
vn 0.7044 0.2951 -0.6456
vn 0.8281 0.5592 -0.0401
vn 0.6311 0.5942 0.4987
vn 0.7360 0.6732 -0.0712
vn 0.5501 0.7484 0.3705
vn 0.4690 0.8725 0.1370
vn 0.5771 0.8157 -0.0407
vn 0.3020 0.7373 0.6043
vn 0.2094 0.7240 0.6573
vn -0.1958 0.9391 0.2824
vn -0.3231 0.8677 0.3777
vn -0.2166 0.5653 0.7960
vn -0.0365 0.8446 0.5341
vn -0.2104 0.4602 0.8625
vn -0.2214 0.3316 0.9171
vn -0.2113 0.4743 0.8546
vn 0.0070 0.8176 0.5757
vn -0.1452 0.3558 0.9232
vn -0.0850 0.3613 0.9286
vn 0.3820 0.9036 -0.1936
vn 0.2378 0.9627 -0.1293
vn -0.1724 0.8203 0.5454
vn 0.0311 0.8204 0.5709
vn -0.4230 0.3100 0.8514
vn -0.3571 0.3048 0.8829
vn -0.3820 0.3539 0.8537
vn -0.4298 0.3332 0.8392
vn -0.3394 0.5681 0.7497
vn -0.3188 0.5441 0.7761
vn -0.0399 0.8703 0.4909
vn -0.0561 0.8849 0.4624
vn 0.2680 0.9600 0.0806
vn 0.2561 0.9437 0.2094
vn -0.0799 0.7835 0.6162
vn -0.0081 0.7947 0.6070
vn -0.3236 0.2551 0.9112
vn -0.3687 0.2398 0.8981
vn -0.4027 0.1962 0.8940
vn -0.3369 0.1288 0.9327
vn -0.1248 0.4602 0.8790
vn -0.2695 0.5068 0.8189
vn 0.0551 0.8463 0.5299
vn 0.2000 0.7792 0.5940
vn 0.1222 0.9776 0.1714
vn -0.1863 0.9825 -0.0034
vn 0.2809 0.9394 0.1963
vn 0.4221 0.9061 -0.0297
vn 0.1543 0.9811 -0.1171
vn -0.1764 0.9676 -0.1806
vn 0.2475 0.9641 0.0960
vn 0.2035 0.9757 0.0807
vn 0.3559 0.9096 -0.2144
vn 0.4214 0.9005 -0.1076
vn 0.2884 0.9430 0.1662
vn 0.3742 0.8777 0.2994
vn 0.5013 0.8645 -0.0367
vn 0.4094 0.8937 -0.1834
vn 0.1974 0.7448 0.6375
vn 0.3596 0.8521 0.3803
vn 0.3146 0.8493 0.4239
vn 0.1539 0.7377 0.6574
vn 0.4880 0.8647 0.1188
vn 0.5113 0.8566 0.0698
vn 0.6334 0.7030 -0.3234
vn 0.5920 0.6980 -0.4029
vn 0.6326 0.7291 -0.2611
vn 0.6996 0.4127 -0.5833
vn 0.6846 0.4565 -0.5682
vn 0.6645 0.4930 -0.5616
vn -0.6695 0.3844 0.6356
vn -0.0897 0.9647 0.2476
vn -0.0270 0.8650 0.5010
vn -0.2479 0.6976 0.6723
vn -0.3238 0.7916 0.5182
vn -0.5252 0.1628 0.8352
vn 0.0286 0.9930 0.1143
vn -0.1059 0.9930 0.0514
vn -0.0448 0.9539 0.2968
vn 0.0828 0.9066 0.4139
vn -0.2343 0.9661 -0.1084
vn -0.3095 0.9506 -0.0255
vn -0.1310 0.9594 -0.2499
vn -0.1845 0.9771 -0.1056
vn -0.1728 0.8959 0.4094
vn -0.1181 0.8941 0.4321
vn 0.1474 0.9336 -0.3267
vn 0.4617 0.8555 -0.2345
vn 0.4303 0.8839 0.1832
vn 0.0634 0.9675 0.2448
vn 0.5383 0.8064 -0.2447
vn 0.4894 0.7940 -0.3605
vn 0.6017 0.7972 -0.0490
vn 0.5564 0.8272 0.0790
vn 0.6204 0.6464 -0.4442
vn 0.5078 0.7462 -0.4305
vn -0.1631 0.4744 0.8651
vn -0.2705 0.3025 0.9140
vn -0.0439 0.6057 0.7945
vn 0.0183 0.6630 0.7484
vn -0.0383 0.5533 0.8321
vn -0.1406 0.5631 0.8144
vn 0.0698 0.6572 0.7505
vn 0.0150 0.6551 0.7554
vn -0.0380 0.4920 0.8698
vn 0.0400 0.6652 0.7456
vn 0.1514 0.8874 0.4355
vn 0.1047 0.7884 0.6062
vn 0.0230 0.7849 0.6191
vn -0.0046 0.8450 0.5347
vn -0.1138 0.6554 0.7467
vn -0.1413 0.7980 0.5858
vn -0.0863 0.4945 0.8649
vn -0.1374 0.3591 0.9231
vn -0.1521 0.2886 0.9453
vn -0.1582 0.3288 0.9311
vn -0.1314 0.6622 0.7377
vn -0.1980 0.5917 0.7815
vn -0.1729 0.8220 0.5426
vn -0.0704 0.8824 0.4651
vn -0.0264 0.4366 0.8993
vn 0.2574 0.5093 0.8212
vn 0.2186 0.3750 0.9009
vn -0.0087 0.3264 0.9452
vn 0.2450 0.8409 0.4826
vn 0.0664 0.9053 0.4196
vn 0.0415 0.7177 0.6952
vn 0.2649 0.6728 0.6907
vn 0.4234 0.5872 0.6899
vn 0.4130 0.6346 0.6533
vn 0.2678 0.4333 0.8606
vn 0.3466 0.3425 0.8733
vn 0.2766 0.5359 0.7977
vn 0.3636 0.6626 0.6548
vn 0.3715 0.4865 0.7908
vn 0.2619 0.4221 0.8679
vn -0.8167 0.4991 0.2898
vn -0.6964 0.7057 0.1308
vn -0.6152 0.7752 0.1431
vn -0.7065 0.5989 0.3770
vn -0.5973 0.7908 0.1340
vn -0.6598 0.7397 0.1322
vn -0.4896 0.8645 0.1135
vn -0.7269 0.6741 0.1312
vn -0.7760 0.5958 0.2071
vn -0.5651 0.7857 0.2516
vn -0.7596 0.2539 0.5987
vn -0.6263 0.3403 0.7014
vn -0.5941 0.2380 0.7684
vn -0.7130 0.1585 0.6830
vn -0.7692 0.4413 0.4621
vn -0.5999 0.6353 0.4863
vn -0.7829 0.2381 0.5747
vn -0.6516 0.2717 0.7083
vn -0.6055 0.3039 0.7356
vn -0.4903 0.7993 0.3475
vn -0.4921 0.7537 0.4356
vn -0.6184 0.3193 0.7181
vn -0.4253 0.8536 0.3010
vn -0.4208 0.8952 0.1470
vn -0.6313 0.2663 0.7284
vn -0.5934 0.2201 0.7742
vn -0.5704 0.6836 0.4553
vn -0.5563 0.6588 0.5065
vn -0.5801 0.1345 0.8034
vn -0.6066 0.1379 0.7830
vn -0.5520 0.5556 0.6218
vn -0.6243 0.5650 0.5395
vn -0.5847 0.2968 0.7550
vn -0.4684 0.7565 0.4565
vn -0.4732 0.6736 0.5677
vn -0.5430 0.2084 0.8135
vn -0.3939 0.8445 0.3628
vn -0.3817 0.8748 0.2984
vn -0.2020 0.7212 0.6627
vn -0.3984 0.2373 0.8860
vn -0.4736 0.2577 0.8422
vn -0.1942 0.8188 0.5403
vn -0.5669 -0.0751 0.8203
vn -0.5331 -0.0624 0.8438
vn -0.4987 0.0971 0.8613
vn -0.4609 0.5241 0.7162
vn -0.4703 0.3819 0.7956
vn -0.4822 0.0085 0.8760
vn -0.2980 0.8089 0.5068
vn -0.3557 0.8111 0.4644
vn -0.5947 0.4311 0.6786
vn -0.6212 0.2468 0.7438
vn -0.5393 0.6393 0.5481
vn -0.5347 0.6679 0.5177
vn -0.3623 0.7929 0.4899
vn -0.4035 0.7954 0.4523
vn -0.5959 0.2354 0.7677
vn -0.5050 0.5197 0.6892
vn -0.2501 0.8354 0.4895
vn -0.4396 0.6372 0.6330
vn -0.2704 0.8367 0.4763
vn -0.0855 0.9565 0.2790
vn 0.0251 0.9758 0.2174
vn -0.0471 0.9376 0.3445
vn -0.2435 0.7892 0.5639
vn -0.4804 0.2360 0.8447
vn -0.5303 -0.0475 0.8465
vn -0.5200 0.8309 0.1979
vn -0.3473 0.8942 0.2824
vn -0.2347 0.9425 0.2379
vn -0.5096 0.8443 0.1658
vn -0.1114 0.9561 0.2711
vn 0.0966 0.9796 0.1763
vn 0.3756 0.9236 -0.0773
vn 0.2193 0.9726 0.0768
vn 0.3997 0.9033 -0.1560
vn 0.5079 0.8614 -0.0051
vn 0.4048 0.9069 0.1167
vn 0.1559 0.9878 0.0042
vn 0.4614 0.8466 0.2653
vn 0.1972 0.9468 0.2543
vn 0.0782 0.9962 0.0372
vn 0.1261 0.9913 0.0370
vn 0.0403 0.9909 0.1286
vn 0.0426 0.9917 0.1210
vn 0.2140 0.9728 0.0882
vn 0.2843 0.9559 -0.0740
vn 0.0668 0.7725 0.6315
vn -0.0515 0.8452 0.5320
vn 0.1543 0.9050 0.3964
vn -0.0583 0.9409 0.3336
vn -0.1526 0.9748 0.1628
vn -0.0418 0.9921 0.1180
vn 0.1422 0.9897 -0.0159
vn -0.0265 0.9951 0.0949
vn -0.0896 0.9779 0.1889
vn -0.0705 0.9468 0.3139
vn -0.1733 0.9634 0.2047
vn -0.1180 0.9823 0.1456
vn -0.2639 -0.7318 0.6284
vn -0.2727 -0.7842 0.5573
vn -0.3853 -0.5541 0.7379
vn -0.4176 -0.4952 0.7618
vn -0.4064 -0.5904 0.6974
vn -0.3283 -0.8061 0.4924
vn -0.4198 -0.7936 0.4404
vn -0.4722 -0.5924 0.6527
vn -0.5346 -0.5642 0.6292
vn -0.4552 -0.7795 0.4303
vn -0.4303 -0.7809 0.4528
vn -0.5263 -0.5682 0.6326
vn -0.5390 -0.5628 0.6267
vn -0.4378 -0.7805 0.4462
vn -0.4299 -0.7759 0.4616
vn -0.5129 -0.5803 0.6326
vn -0.4854 -0.5925 0.6428
vn -0.4388 -0.7705 0.4624
vn -0.4422 -0.7668 0.4652
vn -0.4827 -0.5878 0.6493
vn -0.5142 -0.5850 0.6272
vn -0.4527 -0.7689 0.4515
vn -0.4604 -0.7789 0.4259
vn -0.5227 -0.5921 0.6133
vn -0.5463 -0.5889 0.5956
vn -0.5098 -0.7743 0.3748
vn -0.5634 -0.7662 0.3091
vn -0.6228 -0.5722 0.5336
vn -0.6573 -0.5922 0.4661
vn -0.5833 -0.7744 0.2452
vn -0.6312 -0.7481 0.2047
vn -0.6712 -0.6264 0.3964
vn -0.6974 -0.6224 0.3554
vn -0.7101 -0.6590 0.2479
vn -0.7618 -0.6006 0.2428
vn -0.7812 -0.5379 0.3170
vn -0.7386 -0.5876 0.3305
vn -0.7296 -0.6274 0.2722
vn -0.6093 -0.7789 0.1486
vn -0.7567 -0.5789 0.3039
vn -0.7712 -0.5966 0.2220
vn -0.6675 -0.7436 0.0382
vn -0.5967 -0.7939 0.1168
vn -0.7723 -0.5762 0.2675
vn -0.4583 -0.5853 0.6689
vn -0.3575 -0.7517 0.5543
vn -0.2425 -0.8096 0.5345
vn -0.3430 -0.7052 0.6205
vn -0.1883 -0.8177 0.5440
vn -0.2596 -0.7335 0.6282
vn -0.5745 -0.4672 0.6721
vn -0.4923 -0.7214 0.4870
vn -0.4577 -0.7267 0.5123
vn -0.5435 -0.4964 0.6769
vn -0.5574 -0.4581 0.6924
vn -0.4873 -0.6953 0.5283
vn -0.4839 -0.7151 0.5044
vn -0.5789 -0.4644 0.6702
vn -0.4753 -0.5184 0.7109
vn -0.4776 -0.6781 0.5587
vn -0.4927 -0.6781 0.5453
vn -0.5263 -0.4782 0.7031
vn -0.4444 -0.5830 0.6801
vn -0.4513 -0.7150 0.5339
vn -0.4593 -0.6973 0.5503
vn -0.4452 -0.5566 0.7014
vn -0.5255 -0.5392 0.6581
vn -0.4979 -0.7186 0.4854
vn -0.4539 -0.7272 0.5150
vn -0.4767 -0.5800 0.6605
vn -0.5634 -0.4840 0.6696
vn -0.5402 -0.7044 0.4604
vn -0.5632 -0.6792 0.4706
vn -0.5371 -0.4719 0.6992
vn -0.4730 -0.5548 0.6844
vn -0.4366 -0.6907 0.5765
vn -0.6676 -0.6411 0.3786
vn -0.6254 -0.6457 0.4381
vn -0.3906 -0.8017 0.4525
vn -0.6731 -0.6995 0.2400
vn -0.5727 -0.8169 0.0683
vn -0.2799 -0.8784 0.3874
vn -0.3492 -0.4907 0.7983
vn -0.4415 -0.5044 0.7421
vn -0.4566 -0.3189 0.8306
vn -0.3642 -0.3293 0.8712
vn -0.5443 -0.2889 0.7875
vn -0.5287 -0.4600 0.7133
vn -0.5840 -0.3972 0.7080
vn -0.6037 -0.2177 0.7669
vn -0.6055 -0.1556 0.7805
vn -0.5968 -0.3433 0.7252
vn -0.5851 -0.3352 0.7385
vn -0.5682 -0.1514 0.8088
vn -0.5393 -0.1730 0.8241
vn -0.5516 -0.3528 0.7558
vn -0.4944 -0.3787 0.7824
vn -0.4997 -0.1889 0.8453
vn -0.4168 -0.2313 0.8791
vn -0.4319 -0.4136 0.8015
vn -0.2157 0.4352 0.8741
vn -0.4727 0.0123 0.8811
vn -0.3562 -0.0033 0.9344
vn -0.1604 0.3735 0.9136
vn -0.3053 -0.0687 0.9498
vn -0.1947 0.2587 0.9461
vn -0.2896 0.5266 0.7992
vn -0.5478 0.1235 0.8274
vn -0.5496 0.0764 0.8319
vn -0.2845 0.5123 0.8103
vn -0.4399 0.0334 0.8974
vn -0.4884 0.1087 0.8658
vn -0.2486 0.4438 0.8609
vn -0.1897 0.3424 0.9202
vn -0.4662 0.0159 0.8845
vn -0.4780 0.1136 0.8710
vn -0.5572 -0.0626 0.8280
vn -0.3915 0.2220 0.8930
vn -0.4707 0.1805 0.8636
vn -0.3453 0.3098 0.8859
vn -0.6319 -0.0276 0.7746
vn -0.6762 0.0841 0.7319
vn -0.4665 0.4049 0.7864
vn -0.4736 0.2562 0.8427
vn -0.6756 0.1476 0.7224
vn -0.5469 0.2679 0.7932
vn -0.3246 0.5119 0.7953
vn -0.4367 0.4628 0.7714
vn -0.3285 0.2684 0.9056
vn -0.1310 0.2053 0.9699
vn 0.0085 0.4386 0.8986
vn -0.1480 0.4853 0.8617
vn -0.0081 0.1129 0.9936
vn 0.0595 0.0310 0.9977
vn 0.1054 0.3053 0.9464
vn 0.0813 0.3856 0.9191
vn 0.0593 -0.0442 0.9973
vn 0.0061 -0.0738 0.9973
vn 0.0758 0.1889 0.9791
vn 0.0986 0.2124 0.9722
vn -0.0657 -0.0003 0.9978
vn -0.0391 -0.0514 0.9979
vn 0.0360 0.2426 0.9695
vn 0.0629 0.2178 0.9740
vn -0.1034 0.0379 0.9939
vn -0.0882 0.0198 0.9959
vn -0.0259 0.2233 0.9744
vn -0.0166 0.2442 0.9696
vn 0.1384 -0.0431 0.9894
vn 0.0042 -0.0122 0.9999
vn 0.2053 0.1728 0.9633
vn 0.0647 0.1826 0.9811
vn 0.2347 -0.0832 0.9685
vn 0.2319 -0.1109 0.9664
vn 0.3361 0.2742 0.9010
vn 0.3102 0.2161 0.9258
vn -0.2530 0.4264 0.8684
vn -0.3372 0.3831 0.8599
vn -0.2840 0.4770 0.8317
vn -0.1942 0.5202 0.8317
vn -0.2469 0.5969 0.7634
vn -0.1390 0.6282 0.7655
vn -0.1323 0.7067 0.6951
vn -0.0822 0.7201 0.6890
vn -0.0710 0.6313 0.7723
vn -0.0599 0.7148 0.6968
vn -0.0786 0.7051 0.7048
vn -0.2246 0.6526 0.7236
vn -0.1736 0.6360 0.7519
vn 0.0305 0.6734 0.7386
vn 0.0099 0.6633 0.7483
vn 0.0394 0.6083 0.7927
vn 0.0943 0.5996 0.7947
vn -0.0604 0.5732 0.8172
vn 0.0561 0.5022 0.8629
vn 0.0897 0.5000 0.8614
vn 0.0991 0.5340 0.8397
vn 0.0938 0.4671 0.8792
vn 0.0935 0.4291 0.8984
vn 0.1392 0.3762 0.9160
vn 0.1070 0.3868 0.9159
vn 0.1643 0.4654 0.8697
vn 0.1253 0.4820 0.8672
vn 0.1806 0.4739 0.8619
vn 0.1924 0.4524 0.8708
vn 0.1488 0.4058 0.9018
vn 0.1152 0.4449 0.8881
vn 0.1247 0.5766 0.8075
vn 0.1490 0.5269 0.8368
vn 0.0682 0.4611 0.8847
vn 0.0506 0.4606 0.8862
vn 0.2568 0.5153 0.8177
vn 0.1418 0.5890 0.7956
vn 0.1217 0.4240 0.8975
vn 0.2804 0.3591 0.8902
vn -0.2730 0.2599 0.9262
vn -0.2478 0.0219 0.9686
vn -0.3780 -0.4255 0.8222
vn -0.3038 0.3693 0.8782
vn -0.4077 0.1655 0.8980
vn -0.3214 0.3390 0.8842
vn -0.1891 0.4096 0.8925
vn -0.3376 0.3475 0.8748
vn -0.3086 0.3555 0.8822
vn -0.1182 0.5249 0.8429
vn 0.4038 0.5812 -0.7065
vn 0.2350 0.7182 -0.6550
vn 0.1581 0.7185 -0.6774
vn 0.3260 0.5312 -0.7820
vn 0.2819 0.7094 -0.6459
vn 0.2229 0.7353 -0.6401
vn 0.2135 0.9380 -0.2731
vn 0.1213 0.7287 -0.6740
vn 0.3682 0.7026 -0.6089
vn 0.4047 0.8090 -0.4262
vn 0.5083 0.4785 -0.7160
vn 0.5916 0.3831 -0.7094
vn 0.5217 0.5322 -0.6668
vn 0.3518 0.7359 -0.5786
vn 0.3988 0.3785 -0.8353
vn 0.4569 0.3133 -0.8325
vn 0.4784 0.4177 -0.7724
vn 0.2732 0.4325 -0.8593
vn 0.4902 0.4366 -0.7544
vn 0.5406 0.3346 -0.7719
vn 0.1157 0.9604 -0.2536
vn 0.2390 0.8834 -0.4032
vn 0.1092 0.5866 -0.8025
vn 0.1037 0.6587 -0.7452
vn 0.5112 0.5745 -0.6392
vn 0.5850 0.4844 -0.6504
vn 0.5166 0.6763 -0.5251
vn 0.3631 0.7690 -0.5261
vn 0.0586 0.7133 -0.6984
vn 0.2119 0.5675 -0.7956
vn 0.1063 0.4645 -0.8792
vn 0.0248 0.5423 -0.8398
vn 0.3490 0.6508 -0.6743
vn 0.2008 0.8014 -0.5634
vn 0.3498 0.8842 -0.3096
vn 0.1386 0.9345 -0.3279
vn 0.0422 0.9991 -0.0082
vn -0.1239 0.9910 -0.0500
vn -0.2025 0.8077 -0.5537
vn 0.0377 0.6581 -0.7519
vn 0.2793 0.8243 -0.4925
vn -0.1029 0.9308 -0.3508
vn -0.1061 0.6996 -0.7066
vn -0.2896 0.8404 -0.4582
vn -0.2791 0.9210 -0.2716
vn -0.0934 0.8449 -0.5267
vn 0.0071 0.9244 -0.3813
vn -0.2069 0.9697 -0.1296
vn -0.8526 0.4830 -0.1996
vn -0.5799 0.7594 -0.2950
vn -0.6275 0.7435 -0.2313
vn -0.9211 0.3887 0.0206
vn -0.9392 0.2528 -0.2324
vn -0.9773 0.0887 -0.1925
vn -0.3524 0.9071 0.2303
vn -0.2910 0.9171 0.2726
vn -0.5170 0.6645 0.5396
vn -0.6217 0.6252 0.4718
vn -0.7870 0.4543 0.4173
vn -0.5686 0.8149 0.1124
vn -0.5992 0.8006 -0.0111
vn -0.7782 0.4989 0.3815
vn -0.4783 0.8642 0.1559
vn -0.8099 0.4853 0.3295
vn -0.9616 -0.1852 -0.2028
vn -0.8929 -0.4077 -0.1908
vn -0.9394 -0.2952 0.1741
vn -0.9876 0.0157 0.1559
vn -0.7575 -0.0904 0.6466
vn -0.6255 -0.0618 0.7777
vn -0.6263 0.3030 0.7183
vn -0.7650 0.2575 0.5903
vn -0.7901 -0.1099 0.6031
vn -0.7871 0.1998 0.5835
vn -0.8179 0.1723 0.5489
vn -0.7909 -0.0375 0.6108
vn -0.9252 0.1304 0.3564
vn -0.8837 -0.1119 0.4545
vn -0.8248 -0.4372 0.3586
vn -0.9004 -0.3096 0.3057
vn -0.7705 -0.0882 0.6313
vn -0.6792 -0.0392 0.7329
vn -0.8062 -0.5863 0.0789
vn -0.8840 -0.4654 -0.0439
vn -0.4172 -0.6662 0.6181
vn -0.3060 -0.6968 0.6487
vn -0.4982 -0.4231 0.7568
vn -0.6229 -0.4046 0.6696
vn -0.8505 -0.5001 -0.1629
vn -0.8588 -0.5038 0.0925
vn -0.5753 -0.6996 0.4238
vn -0.4364 -0.7635 0.4761
vn -0.5065 -0.3937 0.7671
vn -0.5636 -0.6366 0.5264
vn -0.6791 -0.6505 0.3403
vn -0.3838 0.0948 0.9185
vn -0.3669 0.2317 0.9010
vn -0.2724 -0.7899 0.5495
vn -0.1970 -0.8236 0.5318
vn -0.2407 -0.6503 0.7205
vn -0.3632 -0.7771 0.5140
vn -0.5002 -0.6318 0.5922
vn -0.2823 -0.2901 0.9144
vn -0.7186 -0.3820 0.5811
vn -0.7241 -0.3438 0.5979
vn -0.7815 -0.4142 0.4666
vn -0.4004 0.3218 0.8580
vn -0.4775 0.3458 0.8077
vn -0.6222 0.2027 0.7561
vn -0.5066 0.3277 0.7975
vn -0.6062 0.1988 0.7700
vn -0.5281 0.2114 0.8224
vn -0.3156 0.4875 0.8141
vn -0.4460 0.1233 0.8865
vn -0.3611 0.0211 0.9323
vn -0.3030 0.2726 0.9132
vn -0.5457 0.1839 0.8175
vn -0.2537 0.5834 0.7715
vn -0.2269 0.6105 0.7589
vn -0.6065 0.2164 0.7650
vn -0.7026 0.2416 0.6694
vn -0.3257 0.5327 0.7811
vn -0.7941 0.2191 0.5669
vn -0.8390 0.1540 0.5219
vn -0.7017 0.3122 0.6404
vn -0.6914 0.1096 0.7141
vn -0.8087 0.1114 0.5776
vn -0.6852 0.0350 0.7276
vn -0.6785 0.0217 0.7343
vn -0.6123 0.1276 0.7803
vn -0.4104 0.4641 0.7850
vn -0.3899 0.5329 0.7510
vn -0.5450 0.3776 0.7486
vn -0.3094 0.4229 0.8517
vn -0.4241 0.2588 0.8679
vn -0.1315 0.5825 0.8021
vn -0.4171 0.3481 0.8396
vn -0.2366 0.5175 0.8223
vn -0.1951 0.4355 0.8788
vn -0.1886 0.5611 0.8060
vn -0.5009 0.4541 0.7368
vn -0.5453 0.3035 0.7813
vn -0.3455 0.9332 0.0992
vn -0.5273 0.8492 -0.0301
vn -0.6532 0.7039 0.2789
vn -0.5894 0.7744 0.2301
vn 0.1912 0.9677 -0.1644
vn -0.1417 0.9894 -0.0318
vn -0.4771 0.8631 0.1654
vn -0.2095 0.9686 0.1339
vn 0.2235 0.9679 0.1146
vn 0.5074 0.8531 0.1218
vn 0.6647 0.7089 -0.2360
vn 0.5199 0.8187 -0.2438
vn 0.3238 0.9314 0.1665
vn -0.0127 0.9921 0.1248
vn 0.0944 0.9813 -0.1680
vn 0.4509 0.8699 -0.2000
vn -0.1788 0.9692 0.1696
vn -0.2157 0.9507 0.2229
vn 0.0496 0.9985 -0.0211
vn -0.0237 0.9963 -0.0827
vn -0.1083 0.9741 0.1986
vn 0.1209 0.9773 0.1738
vn 0.3939 0.9164 -0.0707
vn 0.2338 0.9718 -0.0301
vn 0.2697 0.9447 0.1864
vn 0.1447 0.9573 0.2502
vn 0.1979 0.9759 -0.0924
vn 0.3732 0.9243 -0.0803
vn -0.0448 0.9330 0.3571
vn 0.0110 0.9953 -0.0957
vn -0.1290 0.9009 0.4145
vn -0.0510 0.9940 -0.0968
vn -0.0352 0.9427 0.3319
vn -0.1217 0.9157 0.3829
vn -0.0515 0.9917 -0.1174
vn 0.0038 0.9893 -0.1457
vn 0.0730 0.9454 0.3177
vn 0.2056 0.8960 0.3937
vn 0.0706 0.9884 -0.1342
vn 0.1641 0.9832 -0.0803
vn 0.2795 0.6550 0.7020
vn 0.3129 0.7673 0.5598
vn 0.2915 0.9566 -0.0035
vn 0.3602 0.9197 0.1564
vn 0.3595 0.7711 -0.5254
vn 0.3285 0.7315 -0.5975
vn 0.4659 0.7619 -0.4500
vn 0.6111 0.4247 -0.6680
vn 0.5702 0.3078 -0.7617
vn 0.5195 0.2918 -0.8031
vn 0.5734 0.7252 -0.3812
vn 0.5818 0.7426 -0.3318
vn 0.5955 0.6591 -0.4594
vn 0.6249 0.5558 -0.5482
vn 0.4784 0.8144 -0.3284
vn 0.3072 0.8643 -0.3982
vn 0.3746 0.7643 -0.5248
vn 0.5067 0.7296 -0.4592
vn 0.1451 0.8571 -0.4943
vn 0.0532 0.8320 -0.5522
vn 0.2245 0.7593 -0.6108
vn 0.1143 0.7215 -0.6829
vn 0.0415 0.7898 -0.6120
vn 0.0110 0.8182 -0.5748
vn 0.0838 0.6532 -0.7525
vn 0.1309 0.5533 -0.8226
vn 0.1073 0.6589 -0.7445
vn 0.0703 0.7428 -0.6658
vn 0.1361 0.3074 -0.9418
vn 0.1618 0.4250 -0.8906
vn 0.2341 0.6473 -0.7254
vn 0.1687 0.5849 -0.7933
vn 0.0952 0.2478 -0.9641
vn 0.0720 0.2825 -0.9566
vn -0.0802 0.4659 0.8812
vn -0.2865 0.2125 0.9342
vn -0.2074 0.3076 0.9286
vn -0.0720 0.5125 0.8557
vn 0.5334 0.8358 0.1304
vn 0.6524 0.7237 -0.2249
vn 0.8090 0.5597 -0.1796
vn 0.7003 0.6731 0.2378
vn 0.8035 0.3391 -0.4892
vn 0.7175 0.3909 -0.5766
vn 0.2813 0.5917 0.7555
vn 0.5128 0.6420 0.5701
vn 0.3393 0.8293 0.4439
vn 0.1495 0.7167 0.6812
vn 0.1915 0.7577 0.6239
vn -0.1727 0.4222 0.8899
vn 0.1540 -0.0440 0.9871
vn -0.1579 0.1911 0.9688
vn 0.0744 -0.3191 0.9448
vn 0.2186 0.2244 0.9497
vn 0.0243 0.4652 0.8849
vn -0.1140 0.0716 0.9909
vn 0.6130 -0.7397 0.2775
vn 0.9067 0.0343 0.4205
vn 0.5658 0.0988 0.8186
vn 0.3742 -0.5975 0.7092
vn 0.9723 -0.0714 -0.2225
vn 0.6214 -0.7239 -0.2997
vn 0.7801 -0.1335 -0.6113
vn 0.5685 -0.5740 -0.5894
vn 0.7548 0.1895 -0.6280
vn 0.8281 0.4227 -0.3681
vn 0.9531 0.1087 -0.2825
vn 0.8176 -0.1048 -0.5662
vn 0.8689 0.2547 0.4245
vn 0.7018 0.6805 0.2107
vn 0.3477 0.4643 0.8146
vn 0.3652 0.1098 0.9244
vn 0.0269 0.1756 0.9841
vn 0.1890 0.4061 0.8941
vn 0.1460 0.4888 0.8601
vn 0.1644 0.6179 0.7688
vn -0.0113 0.3588 0.9334
vn 0.0705 0.5968 0.7993
vn 0.1466 0.7699 0.6211
vn 0.1926 0.7111 0.6761
vn 0.2483 0.9081 0.3373
vn 0.2471 0.9343 0.2571
vn 0.2854 0.8453 -0.4516
vn 0.2403 0.8346 -0.4956
vn 0.1547 0.4858 -0.8603
vn 0.1087 0.4145 -0.9035
vn 0.4890 0.8549 0.1731
vn 0.5094 0.6524 -0.5611
vn 0.9433 0.3274 0.0546
vn 0.8499 -0.0030 -0.5269
vn 0.6064 -0.0943 -0.7895
vn 0.3641 0.3502 -0.8630
vn 0.4101 0.5689 0.7129
vn 0.8883 -0.0817 0.4519
vn 0.3193 0.2943 0.9008
vn 0.7066 -0.3452 0.6177
vn 0.7125 -0.7016 -0.0034
vn 0.8646 -0.4562 -0.2107
vn 0.6550 -0.5013 -0.5655
vn 0.6052 -0.7218 -0.3358
vn 0.1423 -0.0011 0.9898
vn 0.0578 -0.2229 0.9731
vn 0.2287 -0.7269 0.6476
vn 0.4361 -0.6078 0.6636
vn 0.3716 -0.1321 -0.9189
vn 0.2457 0.2387 -0.9395
vn 0.1284 0.3500 -0.9279
vn 0.1933 -0.0614 -0.9792
vn 0.3256 -0.9348 0.1417
vn 0.4791 -0.8755 0.0621
vn 0.4363 -0.8222 -0.3657
vn 0.3217 -0.8803 -0.3487
vn 0.4334 -0.5633 -0.7034
vn 0.2641 -0.6110 -0.7463
vn 0.6741 0.6669 -0.3176
vn 0.4791 0.7769 -0.4084
vn 0.3081 0.9473 -0.0880
vn 0.5022 0.8647 -0.0101
vn 0.4548 0.2769 -0.8464
vn 0.4774 0.2803 -0.8328
vn 0.4546 0.4976 -0.7387
vn 0.4416 0.4930 -0.7496
vn 0.5384 0.4641 -0.7034
vn 0.5049 0.4854 -0.7137
vn 0.5328 0.2781 -0.7992
vn 0.5607 0.3027 -0.7707
vn 0.0332 0.8781 0.4773
vn -0.5054 0.4384 0.7432
vn -0.1325 0.9327 0.3355
vn -0.5420 0.5212 0.6592
vn 0.3432 0.8204 -0.4574
vn 0.3843 0.7995 -0.4617
vn 0.1562 0.9877 -0.0011
vn 0.1692 0.9784 -0.1190
vn 0.4375 0.7781 -0.4508
vn 0.5043 0.7632 -0.4040
vn 0.3155 0.9418 0.1158
vn 0.1881 0.9775 0.0957
vn -0.2515 0.9071 0.3374
vn -0.4830 0.5741 0.6611
vn -0.2426 0.8262 0.5084
vn -0.3439 0.6049 0.7183
vn -0.3716 0.5029 0.7804
vn -0.4560 0.3954 0.7973
vn -0.0777 0.6034 0.7936
vn 0.0086 0.6739 0.7388
vn 0.0502 0.7144 0.6980
vn -0.1566 0.7356 0.6591
vn -0.2036 0.5567 0.8054
vn -0.0544 0.4517 0.8905
vn 0.3690 0.7760 0.5115
vn 0.6953 0.6945 -0.1851
vn 0.3443 0.8078 0.4785
vn 0.5776 0.8101 -0.1003
vn -0.1299 0.6516 0.7474
vn -0.2423 0.5824 0.7760
vn 0.0804 0.7092 0.7005
vn 0.1261 0.7340 0.6673
vn 0.0515 0.4898 0.8703
vn -0.0283 0.6152 0.7879
vn 0.1911 0.6910 0.6971
vn 0.2854 0.5789 0.7639
vn 0.6243 0.3625 -0.6920
vn 0.5960 0.4145 -0.6878
vn 0.5553 0.5090 -0.6577
vn 0.4519 0.6446 -0.6166
vn 0.2990 0.8020 0.5171
vn 0.3167 0.8170 0.4819
vn 0.5075 0.8604 0.0472
vn 0.5193 0.8329 0.1914
vn 0.3647 0.7204 0.5900
vn 0.6157 0.7114 0.3388
vn 0.4854 0.5856 0.6492
vn 0.7163 0.5398 0.4422
vn 0.4973 0.8603 -0.1117
vn 0.3092 0.9262 0.2159
vn 0.2195 0.9698 -0.1062
vn 0.1376 0.9892 0.0508
vn 0.5695 0.6245 -0.5345
vn 0.6857 0.6489 -0.3298
vn 0.5522 0.7926 -0.2584
vn 0.4175 0.7828 -0.4615
vn 0.7990 0.5424 0.2598
vn 0.8015 0.5961 -0.0482
vn 0.5204 0.7314 0.4407
vn 0.6614 0.7473 0.0648
vn 0.2932 0.9470 0.1312
vn 0.1855 0.9823 -0.0260
vn 0.1555 0.9869 0.0433
vn 0.2432 0.9568 0.1591
vn 0.3548 0.8770 0.3241
vn 0.2939 0.9118 0.2868
vn 0.2815 0.8168 0.5035
vn 0.2891 0.8679 0.4040
vn -0.3383 0.7735 0.5359
vn 0.0191 0.9829 0.1833
vn -0.3996 0.8574 0.3243
vn 0.0601 0.9925 -0.1067
vn 0.0785 0.9220 0.3792
vn -0.2294 0.5850 0.7779
vn 0.1986 0.7792 0.5945
vn -0.1194 0.4207 0.8993
vn 0.3298 0.5796 0.7452
vn -0.0659 0.4582 0.8864
vn 0.3899 0.9059 0.1653
vn 0.4046 0.8342 0.3746
vn 0.1755 0.8717 0.4575
vn 0.1889 0.9456 0.2650
vn 0.1697 0.7512 0.6379
vn 0.4508 0.6756 0.5834
vn -0.0886 0.5502 0.8303
vn 0.3594 0.4958 0.7906
vn 0.2448 0.5233 0.8162
vn -0.1660 0.5626 0.8099
vn -0.1068 0.7228 0.6827
vn -0.2678 0.5730 0.7746
vn 0.5024 0.5282 0.6845
vn 0.1953 0.6217 0.7585
vn 0.1984 0.5172 0.8326
vn 0.4969 0.4429 0.7462
vn 0.0940 0.6349 0.7668
vn -0.1900 0.7275 0.6593
vn -0.0697 0.8452 0.5299
vn 0.2690 0.6239 0.7337
vn 0.4160 0.4138 0.8098
vn 0.1564 0.4413 0.8836
vn 0.0366 0.4312 0.9015
vn 0.2461 0.4565 0.8550
vn -0.0350 0.4837 0.8745
vn -0.2599 0.5451 0.7971
vn -0.2720 0.4280 0.8619
vn -0.1071 0.3939 0.9129
vn -0.4487 0.7628 0.4656
vn -0.0936 0.9218 0.3762
vn -0.1364 0.9666 0.2170
vn -0.4910 0.7988 0.3475
vn 0.1691 0.9808 0.0973
vn 0.1093 0.9939 0.0156
vn -0.1971 0.9679 0.1558
vn -0.5017 0.8119 0.2985
vn -0.3723 0.6421 0.6701
vn -0.0933 0.7340 0.6727
vn -0.0869 0.8354 0.5428
vn -0.4022 0.7048 0.5844
vn -0.4090 0.5185 0.7509
vn -0.1032 0.5697 0.8154
vn -0.0955 0.6427 0.7602
vn -0.3584 0.5860 0.7267
vn -0.2229 0.4404 0.8697
vn -0.1444 0.4860 0.8620
vn -0.4709 0.4845 0.7372
vn -0.4885 0.5058 0.7110
vn -0.7669 0.4520 0.4556
vn -0.7795 0.4055 0.4774
vn -0.8540 0.0311 0.5193
vn -0.8483 0.0651 0.5256
vn -0.8683 0.0168 0.4958
vn -0.7805 0.3625 0.5093
vn -0.7701 0.3493 0.5337
vn -0.8876 0.0386 0.4591
vn -0.9162 0.0745 0.3937
vn -0.7602 0.3644 0.5379
vn -0.7555 0.3622 0.5460
vn -0.9346 0.1203 0.3346
vn -0.9534 0.1660 0.2519
vn -0.7838 0.3406 0.5193
vn -0.8060 0.4070 0.4298
vn -0.7787 0.5545 0.2934
vn -0.9571 0.2627 0.1224
vn -0.8822 0.4618 -0.0919
vn -0.7430 0.5867 -0.3220
vn -0.6588 0.7356 0.1575
vn -0.5045 0.6323 -0.5880
vn -0.4940 0.8660 -0.0779
vn -0.3731 0.7237 0.5806
vn -0.4379 0.6045 0.6654
vn -0.2077 0.9118 -0.3542
vn 0.1543 0.8775 -0.4541
vn -0.1260 0.6469 -0.7521
vn 0.2726 0.6484 -0.7108
vn -0.1289 0.9822 0.1366
vn -0.3015 0.8805 0.3657
vn -0.0434 0.9978 0.0492
vn -0.0210 0.9968 0.0766
vn 0.3906 0.8360 -0.3855
vn 0.4784 0.8208 -0.3122
vn 0.5348 0.6367 -0.5556
vn 0.6520 0.6167 -0.4412
vn 0.7228 0.6041 -0.3356
vn 0.5478 0.7906 -0.2737
vn 0.5918 0.7851 -0.1827
vn 0.7562 0.6283 -0.1827
vn 0.1188 0.9913 -0.0564
vn -0.0056 0.9996 -0.0262
vn 0.5561 0.8306 0.0292
vn 0.7015 0.6993 0.1376
vn 0.3652 0.7619 0.5349
vn 0.0760 0.9756 0.2059
vn 0.2285 0.9732 -0.0265
vn -0.1819 0.7591 0.6251
vn -0.3170 0.8430 0.4347
vn 0.2256 0.8802 0.4176
vn -0.0623 0.6435 0.7629
vn -0.4075 0.4034 0.8193
vn -0.5023 0.5084 0.6995
vn -0.5743 0.6029 0.5538
vn -0.7386 0.2398 0.6301
vn -0.7693 0.4022 0.4965
vn -0.6618 0.1293 0.7384
vn -0.8383 0.1314 0.5291
vn -0.7821 -0.0547 0.6207
vn -0.8383 0.4005 0.3699
vn -0.8205 -0.0849 0.5653
vn -0.8436 0.2043 0.4966
vn -0.8090 0.3479 0.4738
vn -0.8508 0.0040 0.5254
vn -0.6295 0.7026 0.3318
vn -0.7580 0.5628 0.3298
vn -0.7791 0.4453 0.4413
vn -0.5483 0.7850 0.2884
vn -0.8549 0.0681 0.5143
vn -0.1924 0.4929 -0.8486
vn -0.5919 0.4151 -0.6909
vn -0.7089 0.2549 -0.6577
vn -0.3264 0.3945 -0.8590
vn 0.2062 0.5440 -0.8133
vn 0.2581 0.5639 -0.7845
vn 0.5519 0.5849 -0.5944
vn 0.5426 0.5736 -0.6136
vn 0.6748 0.5697 -0.4692
vn 0.6679 0.5838 -0.4616
vn 0.7377 0.5844 -0.3381
vn 0.7346 0.5876 -0.3391
vn 0.7797 0.6187 -0.0960
vn 0.7861 0.5989 -0.1528
vn 0.7210 0.6652 0.1941
vn 0.6827 0.6782 0.2721
vn 0.4292 0.5919 0.6822
vn 0.4403 0.6446 0.6250
vn 0.0567 0.5141 0.8559
vn 0.0896 0.4054 0.9097
vn -0.2635 0.1938 0.9450
vn -0.2980 0.3069 0.9039
vn -0.5868 0.0434 0.8085
vn -0.5550 -0.0361 0.8311
vn -0.7115 -0.2016 0.6731
vn -0.7324 -0.1475 0.6647
vn -0.8253 -0.2003 0.5280
vn -0.8287 -0.1844 0.5284
vn -0.8008 -0.2857 0.5263
vn -0.7971 -0.2863 0.5316
vn -0.8003 -0.2882 0.5258
vn -0.8246 -0.1924 0.5321
vn -0.7833 -0.2755 0.5573
vn -0.7968 -0.2130 0.5654
vn -0.0189 0.6992 -0.7146
vn 0.4183 0.6836 -0.5980
vn -0.3349 0.8156 -0.4718
vn 0.1336 0.8807 -0.4545
vn 0.6297 0.6314 -0.4526
vn 0.3697 0.8781 -0.3038
vn 0.4740 0.8743 -0.1045
vn 0.7068 0.6419 -0.2974
vn 0.3906 0.8808 0.2677
vn 0.6957 0.7168 0.0458
vn 0.5527 0.7209 0.4181
vn 0.2872 0.7858 0.5477
vn 0.0364 0.5988 0.8001
vn 0.2987 0.5835 0.7552
vn -0.0184 0.3405 0.9401
vn -0.2167 0.3328 0.9178
vn -0.4968 0.0543 0.8662
vn -0.3443 0.0922 0.9343
vn -0.5906 -0.1258 0.7971
vn -0.6648 -0.1514 0.7315
vn -0.7561 -0.2504 0.6047
vn -0.7238 -0.2451 0.6450
vn -0.7877 -0.2921 0.5425
vn -0.7826 -0.3004 0.5452
vn -0.7879 -0.3127 0.5305
vn -0.7903 -0.2956 0.5367
vn -0.9017 -0.1260 0.4135
vn -0.8637 -0.1827 0.4697
vn -0.8564 -0.2399 0.4571
vn -0.9074 -0.1824 0.3785
vn -0.9352 -0.1297 0.3294
vn -0.9303 -0.0667 0.3607
vn -0.7284 0.4477 0.5186
vn -0.8289 -0.1420 0.5410
vn -0.8085 -0.2084 0.5504
vn -0.8115 -0.1256 0.5706
vn -0.3626 0.5882 0.7229
vn -0.1132 0.7877 0.6056
vn -0.1619 0.8853 0.4358
vn -0.9571 -0.0838 0.2773
vn -0.9624 -0.0104 0.2714
vn -0.9843 -0.0427 0.1710
vn -0.9835 0.0600 0.1706
vn -0.2123 0.9731 0.0899
vn -0.2209 0.9726 -0.0720
vn -0.6046 0.7912 0.0915
vn 0.0288 0.9903 0.1357
vn -0.6641 0.1281 0.7366
vn -0.4360 0.3696 0.8206
vn -0.7323 -0.0822 0.6760
vn -0.7929 -0.3015 0.5295
vn -0.7866 -0.3147 0.5312
vn -0.8113 -0.2938 0.5055
vn -0.8003 -0.3083 0.5143
vn -0.8227 -0.1807 0.5390
vn -0.8157 -0.2132 0.5377
vn -0.9364 0.0916 0.3387
vn -0.8391 0.5178 0.1667
vn -0.8180 0.4868 -0.3066
vn -0.9989 -0.0068 0.0466
vn -0.8324 -0.1977 0.5178
vn -0.8162 -0.2701 0.5107
vn -0.8739 -0.2327 0.4269
vn -0.9370 -0.1572 0.3121
vn -0.9159 -0.2147 0.3392
vn -0.9581 -0.1421 0.2486
vn -0.8331 -0.2789 0.4777
vn -0.8605 -0.2753 0.4287
vn -0.9996 0.0214 -0.0185
vn -0.9853 0.1632 0.0505
vn -0.9358 0.2937 -0.1950
vn -0.9793 0.0678 -0.1909
vn -0.8895 0.1383 -0.4355
vn -0.8148 0.3625 -0.4525
vn -0.9476 -0.1947 0.2533
vn -0.9850 -0.1252 0.1188
vn -0.9942 -0.0998 -0.0410
vn -0.8928 0.1429 -0.4272
vn -0.9547 -0.0157 -0.2972
vn -0.5701 0.4525 -0.6858
vn -0.8856 -0.2276 0.4049
vn 0.3893 0.9053 -0.1701
vn 0.3847 0.9228 -0.0215
vn -0.2928 0.9415 0.1669
vn 0.0490 0.9987 0.0133
vn -0.4178 0.8845 0.2076
vn -0.0749 0.9969 -0.0231
vn -0.3071 0.9436 -0.1238
vn -0.5942 0.7888 0.1574
vn -0.7508 0.6380 0.1712
vn -0.5683 0.8147 -0.1152
vn -0.6996 0.7144 0.0167
vn -0.7568 0.5814 0.2986
vn -0.6195 0.6980 0.3591
vn -0.6883 0.7219 0.0714
vn -0.4970 0.8674 0.0233
vn -0.3857 0.8825 0.2691
vn -0.1126 0.9915 0.0653
vn -0.2920 0.9564 0.0101
vn -0.4597 0.8426 -0.2806
vn -0.6218 0.7603 -0.1877
vn -0.7549 0.6549 -0.0349
vn -0.1545 0.9862 0.0600
vn -0.3244 0.9283 0.1816
vn -0.3081 0.9392 0.1515
vn -0.4939 0.8053 0.3280
vn -0.6359 0.6654 0.3910
vn -0.4362 0.8714 0.2246
vn -0.4227 0.8411 0.3375
vn -0.6154 0.5907 0.5219
vn -0.4578 0.5464 0.7013
vn -0.3248 0.8302 0.4531
vn -0.2683 0.7600 0.5920
vn -0.2918 0.4208 0.8589
vn -0.2527 0.4673 0.8472
vn -0.2330 0.5280 0.8166
vn -0.1445 0.3344 0.9313
vn -0.0986 0.4065 0.9083
vn 0.0498 0.3821 0.9228
vn -0.0663 0.3036 0.9505
vn -0.2227 0.3503 0.9098
vn -0.2531 0.6286 0.7354
vn -0.2755 0.2139 0.9372
vn -0.2832 -0.0231 0.9588
vn -0.1981 0.1978 0.9600
vn -0.2285 -0.0174 0.9734
vn -0.1699 0.1233 0.9777
vn -0.1645 0.1481 0.9752
vn -0.1934 0.0028 0.9811
vn -0.1916 0.0189 0.9813
vn -0.1929 -0.0820 0.9778
vn -0.2663 -0.0683 0.9615
vn -0.2253 0.0817 0.9709
vn -0.1828 -0.0270 0.9828
vn -0.2337 -0.0197 0.9721
vn -0.2061 -0.0596 0.9767
vn -0.2393 -0.0415 0.9701
vn -0.2901 -0.0468 0.9559
vn -0.2951 0.0737 0.9526
vn -0.2264 0.0965 0.9692
vn -0.4954 0.2068 0.8437
vn -0.6792 0.3745 0.6312
vn -0.4977 0.5978 0.6284
vn -0.3275 0.2053 0.9223
vn -0.6610 0.5647 0.4942
vn -0.5410 0.7270 0.4228
vn -0.5313 0.7436 0.4059
vn -0.4844 0.7369 0.4715
vn -0.6152 0.7634 0.1968
vn -0.5368 0.7658 0.3540
vn -0.7333 0.5576 0.3890
vn -0.6193 0.7817 -0.0737
vn -0.8090 0.4473 0.3814
vn -0.6297 0.6477 0.4289
vn -0.8403 0.3542 0.4104
vn -0.7323 0.5017 0.4605
vn -0.6453 0.5558 0.5241
vn -0.4409 0.7690 0.4629
vn -0.2992 0.7544 0.5843
vn -0.4296 0.6568 0.6197
vn -0.8102 0.3324 0.4827
vn -0.7640 0.3535 0.5398
vn 0.1585 0.7366 0.6575
vn 0.0056 0.5819 0.8133
vn 0.3931 0.4771 0.7861
vn -0.0170 0.2621 0.9649
vn -0.7512 0.3554 0.5562
vn -0.7491 0.4088 0.5212
vn -0.2614 0.6196 0.7401
vn -0.3615 0.6344 0.6833
vn -0.6855 0.4568 0.5670
vn -0.1985 0.4854 0.8515
vn 0.5822 0.2963 0.7571
vn 0.5818 0.5096 0.6339
vn 0.9116 0.0019 0.4110
vn 0.7825 0.1978 0.5904
vn 0.3892 0.6717 0.6304
vn 0.6167 0.4375 0.6545
vn 0.9329 -0.1475 0.3285
vn 0.7677 -0.0918 0.6342
vn 0.0949 0.0221 0.9952
vn -0.4881 0.2524 0.8355
vn -0.2732 0.4579 0.8460
vn 0.2195 0.2170 0.9512
vn 0.5739 -0.1916 0.7962
vn 0.4515 -0.3427 0.8239
vn 0.0504 -0.0060 0.9987
vn 0.1544 0.1406 0.9780
vn -0.2576 0.5592 0.7880
vn -0.3836 0.6377 0.6680
vn -0.3697 0.2415 0.8972
vn -0.0379 0.0210 0.9991
vn -0.5095 0.4711 0.7201
vn -0.3616 0.6621 0.6564
vn 0.5392 0.1823 0.8222
vn 0.2777 0.1137 0.9539
vn -0.1051 0.6042 0.7899
vn 0.2153 0.6299 0.7463
vn 0.3520 0.2348 0.9061
vn 0.3554 0.5729 0.7386
vn -0.3793 0.6870 0.6198
vn -0.3224 0.6962 0.6413
vn -0.3814 0.6796 0.6266
vn -0.3549 0.6951 0.6252
vn -0.0302 0.8385 0.5440
vn 0.0933 0.7838 0.6140
vn 0.2672 0.7723 0.5763
vn 0.1318 0.8513 0.5079
vn -0.5043 0.5627 0.6550
vn -0.5095 0.5291 0.6786
vn -0.3449 0.6856 0.6411
vn -0.3423 0.6998 0.6270
vn -0.3788 0.6788 0.6291
vn -0.3746 0.6788 0.6315
vn -0.3144 0.7019 0.6391
vn -0.3424 0.7011 0.6255
vn -0.3434 0.6954 0.6313
vn -0.3485 0.6986 0.6249
vn -0.2954 0.6774 0.6737
vn -0.4836 0.5116 0.7102
vn -0.4998 0.5579 0.6625
vn -0.3313 0.6969 0.6361
vn -0.1492 0.8342 0.5309
vn -0.1338 0.8520 0.5062
vn -0.0580 0.8519 0.5204
vn -0.1667 0.6830 0.7112
vn -0.4749 0.4244 0.7709
vn -0.2576 0.6180 0.7428
vn -0.1322 0.1038 0.9858
vn -0.1331 0.1665 0.9770
vn 0.1052 0.3029 0.9472
vn -0.0668 0.4845 0.8722
vn -0.2933 0.6973 0.6541
vn -0.3625 0.6858 0.6311
vn -0.3514 0.7036 0.6176
vn -0.2846 0.7421 0.6068
vn -0.1653 0.3960 0.9032
vn -0.0986 0.7000 0.7073
vn -0.1526 0.6854 0.7120
vn -0.1965 0.7373 0.6463
vn 0.2365 0.3681 0.8992
vn -0.1301 0.5241 0.8417
vn -0.2024 0.6351 0.7454
vn -0.2821 0.6899 0.6667
vn -0.3338 0.6995 0.6319
vn -0.0938 0.8869 -0.4524
vn -0.3555 0.9343 -0.0267
vn -0.1573 0.9759 -0.1511
vn 0.0106 0.9379 -0.3467
vn 0.3215 0.6000 -0.7325
vn 0.1873 0.7286 -0.6588
vn 0.2546 0.7563 -0.6027
vn 0.3330 0.5989 -0.7284
vn 0.4300 0.8613 -0.2705
vn 0.3683 0.8841 -0.2877
vn 0.5116 0.8232 -0.2461
vn 0.4945 0.8019 -0.3352
vn 0.3423 0.8028 -0.4882
vn 0.0662 0.9267 -0.3699
vn -0.2838 0.8721 -0.3987
vn 0.0708 0.7852 -0.6151
vn -0.2856 0.6928 -0.6622
vn -0.5462 0.7670 -0.3369
vn -0.6398 0.7085 -0.2977
vn -0.7278 0.6456 -0.2313
vn 0.2684 0.8639 -0.4262
vn 0.1953 0.9561 -0.2185
vn 0.4985 0.6484 -0.5754
vn 0.4742 0.7783 -0.4115
vn 0.4350 0.4935 -0.7531
vn 0.4135 0.6385 -0.6491
vn 0.5153 0.4662 -0.7191
vn 0.4828 0.3794 -0.7893
vn 0.5226 0.6134 -0.5921
vn 0.6054 0.3328 -0.7230
vn 0.4617 0.5279 -0.7129
vn 0.5750 0.4457 -0.6861
vn 0.2018 0.4864 -0.8501
vn 0.5421 0.2573 -0.7999
vn 0.3880 0.4625 -0.7972
vn 0.3596 0.4562 -0.8140
vn 0.3863 0.3887 -0.8365
vn 0.4170 0.3760 -0.8275
vn 0.3656 0.4142 -0.8335
vn 0.3548 0.3545 -0.8651
vn 0.4610 0.3247 -0.8259
vn 0.4243 0.3728 -0.8252
vn 0.4008 0.1526 -0.9034
vn 0.3497 0.2622 -0.8994
vn 0.5155 0.2244 -0.8270
vn 0.5379 0.1335 -0.8324
vn 0.5677 -0.0491 -0.8218
vn 0.5647 -0.0289 -0.8248
vn 0.6263 -0.0530 -0.7778
vn 0.5769 -0.0485 -0.8153
vn 0.6270 -0.0358 -0.7782
vn 0.5405 -0.0096 -0.8413
vn 0.4490 -0.0255 -0.8932
vn 0.5488 -0.0612 -0.8337
vn 0.4355 0.0198 -0.9000
vn 0.2145 0.1023 -0.9714
vn 0.1772 0.1897 -0.9657
vn -0.0287 0.2611 -0.9649
vn 0.4680 0.0962 -0.8785
vn 0.2781 0.0465 -0.9594
vn 0.1708 0.1185 -0.9782
vn -0.0465 0.2348 -0.9709
vn 0.0265 0.1709 -0.9849
vn -0.1425 0.3392 -0.9299
vn -0.1356 0.3136 -0.9398
vn 0.1966 0.2051 -0.9588
vn 0.1720 0.3081 -0.9357
vn -0.0281 0.3486 -0.9368
vn -0.0265 0.2861 -0.9578
vn -0.1346 0.3575 -0.9242
vn -0.1419 0.3876 -0.9108
vn -0.0648 0.4604 -0.8853
vn -0.5098 0.6234 -0.5929
vn -0.5693 0.4314 -0.6999
vn -0.1665 0.4204 -0.8919
vn 0.4651 0.0456 -0.8841
vn 0.4469 0.0852 -0.8905
vn 0.5380 0.0811 -0.8390
vn 0.5593 0.0370 -0.8281
vn 0.4922 0.0153 -0.8703
vn 0.5971 -0.0044 -0.8022
vn 0.6325 0.0385 -0.7736
vn 0.6898 0.0245 -0.7236
vn 0.5142 0.3182 -0.7965
vn 0.6107 0.2180 -0.7613
vn 0.6267 0.1483 -0.7650
vn 0.6435 0.0783 -0.7614
vn 0.6135 0.1159 -0.7811
vn 0.6853 0.0399 -0.7272
vn 0.3534 0.3673 -0.8604
vn 0.4103 0.3355 -0.8480
vn 0.4025 0.2972 -0.8658
vn 0.5128 0.2780 -0.8123
vn 0.5005 0.3226 -0.8034
vn 0.5575 0.3442 -0.7555
vn 0.5836 0.2842 -0.7607
vn 0.5822 0.2214 -0.7823
vn 0.5312 0.2396 -0.8127
vn 0.4680 0.2531 -0.8467
vn 0.4116 0.3692 -0.8333
vn -0.3870 -0.4993 0.7752
vn -0.5079 -0.4827 0.7135
vn -0.5681 -0.1874 0.8013
vn -0.4799 -0.1732 0.8601
vn -0.6020 -0.1361 0.7868
vn -0.5024 -0.4894 0.7128
vn -0.5626 -0.1104 0.8193
vn -0.4636 -0.4902 0.7381
vn -0.4415 -0.4838 0.7557
vn -0.5157 -0.1195 0.8484
vn -0.4815 -0.1612 0.8615
vn -0.4460 -0.4805 0.7551
vn -0.4584 -0.4608 0.7599
vn -0.4746 -0.1887 0.8597
vn -0.5360 -0.1902 0.8225
vn -0.5391 -0.4500 0.7120
vn -0.5936 -0.2313 0.7708
vn -0.6283 -0.4157 0.6576
vn -0.2255 -0.4531 0.8625
vn -0.4837 -0.1354 0.8647
vn -0.0545 -0.8859 0.4606
vn -0.0801 -0.7578 0.6475
vn -0.2665 -0.8078 0.5257
vn -0.1563 -0.9382 0.3089
vn -0.1503 -0.9418 0.3007
vn -0.3178 -0.8077 0.4967
vn -0.2927 -0.8242 0.4848
vn -0.2198 -0.9198 0.3250
vn -0.3195 -0.8220 0.4715
vn -0.3148 -0.7783 0.5432
vn -0.2814 -0.8016 0.5274
vn -0.2493 -0.8755 0.4140
vn -0.4809 -0.7013 0.5262
vn -0.4393 -0.7017 0.5610
vn -0.3742 -0.7432 0.5547
vn -0.3900 -0.7554 0.5265
vn -0.6804 -0.4605 0.5701
vn -0.5388 -0.6206 0.5696
vn -0.5853 -0.5779 0.5687
vn -0.7189 -0.3912 0.5745
vn -0.2632 -0.8230 0.5035
vn -0.4337 -0.7108 0.5538
vn -0.5893 -0.3710 0.7177
vn -0.4711 -0.6658 0.5785
vn -0.4388 -0.7043 0.5580
vn -0.5883 -0.3553 0.7264
vn -0.6134 -0.1888 0.7669
vn -0.6143 -0.1874 0.7665
vn -0.6317 -0.2935 0.7175
vn -0.5675 -0.5234 0.6356
vn -0.5048 -0.6136 0.6072
vn -0.5965 -0.3667 0.7139
vn -0.6512 -0.1178 0.7497
vn -0.6166 -0.1684 0.7691
vn -0.6690 -0.1894 0.7188
vn -0.6446 -0.3939 0.6553
vn -0.7028 -0.2485 0.6665
vn -0.6722 -0.1211 0.7304
vn -0.6403 -0.0824 0.7637
vn -0.6727 -0.0582 0.7377
vn -0.5729 -0.1886 0.7976
vn -0.5621 -0.2546 0.7869
vn -0.6039 -0.2509 0.7566
vn -0.6198 -0.1930 0.7607
vn -0.6708 -0.2394 0.7019
vn -0.6949 -0.3145 0.6467
vn -0.6290 -0.2940 0.7197
vn -0.6388 -0.3368 0.6918
vn -0.5770 -0.3011 0.7592
vn -0.5986 -0.3259 0.7317
vn -0.6436 -0.3669 0.6717
vn -0.6824 -0.3501 0.6417
vn -0.6648 -0.3587 0.6553
vn -0.7038 -0.3578 0.6137
vn -0.6256 -0.2641 0.7340
vn -0.6970 -0.2243 0.6811
vn -0.6459 -0.3278 0.6894
vn -0.7384 -0.3021 0.6029
vn -0.7998 -0.1264 0.5868
vn -0.8131 -0.2905 0.5045
vn -0.8715 -0.2027 0.4466
vn -0.8482 0.0311 0.5287
vn -0.9033 -0.1648 0.3961
vn -0.8442 -0.2337 0.4824
vn -0.8446 0.1326 0.5188
vn -0.8966 -0.1518 0.4159
vn -0.9609 -0.0336 0.2747
vn -0.8587 0.2987 0.4165
vn -0.8339 0.5505 -0.0387
vn -0.9513 0.2358 -0.1986
vn -0.9260 -0.1050 0.3626
vn -0.9829 0.0261 0.1825
vn -0.2174 0.4257 -0.8784
vn -0.4908 0.4313 -0.7570
vn -0.8995 0.2840 -0.3320
vn 0.3396 0.2604 0.9038
vn 0.3117 0.8109 0.4953
vn 0.5880 0.7481 0.3077
vn 0.6782 0.4826 0.5543
vn 0.7242 0.2893 0.6259
vn 0.5788 0.7447 0.3324
vn 0.1023 0.9868 0.1252
vn 0.2709 0.9461 0.1778
vn 0.1495 0.9570 0.2487
vn 0.0387 0.9641 0.2626
vn 0.1914 0.9614 0.1975
vn 0.1229 0.9831 0.1358
vn 0.0792 0.9569 0.2795
vn 0.1155 0.9441 0.3087
vn 0.2091 0.9048 0.3710
vn 0.2192 0.9348 0.2795
vn 0.1204 0.9299 0.3475
vn 0.1158 0.9144 0.3880
vn -0.2128 -0.3915 0.8952
vn -0.0122 -0.7124 0.7017
vn 0.0418 -0.9374 0.3458
vn -0.0438 -0.7569 0.6521
vn 0.1421 -0.9142 0.3796
vn 0.0853 -0.9919 0.0939
vn 0.1791 -0.9765 -0.1199
vn 0.2925 -0.9559 0.0253
vn 0.6976 -0.0383 0.7154
vn 0.6264 0.6978 0.3476
vn 0.7810 0.5861 0.2157
vn 0.6182 -0.4748 0.6264
vn 0.0624 0.9492 0.3083
vn -0.0025 0.9302 0.3670
vn -0.0083 0.9525 0.3045
vn 0.0126 0.9774 0.2108
vn 0.0417 0.9288 0.3682
vn 0.0580 0.9187 0.3906
vn 0.0498 0.9414 0.3336
vn 0.0555 0.9382 0.3417
vn 0.0736 0.9130 0.4013
vn 0.0653 0.9104 0.4086
vn 0.1303 0.9412 0.3117
vn 0.1110 0.9380 0.3283
vn 0.0728 0.9933 -0.0900
vn 0.2394 0.9571 -0.1630
vn 0.2027 0.9781 0.0477
vn 0.1705 0.9820 0.0815
vn 0.1458 0.9851 0.0909
vn 0.2426 0.9603 -0.1377
vn 0.1008 0.9864 0.1298
vn 0.0128 0.9955 0.0942
vn 0.1699 0.9809 -0.0946
vn 0.0468 0.9942 -0.0972
vn 0.4764 -0.6118 -0.6314
vn 0.6569 -0.1610 -0.7366
vn 0.6536 -0.1457 -0.7427
vn 0.4979 -0.6405 -0.5847
vn 0.2976 -0.8800 -0.3702
vn 0.3730 -0.8411 -0.3918
vn 0.6979 0.0200 -0.7159
vn 0.6669 -0.3842 -0.6385
vn 0.2709 -0.9389 -0.2125
vn 0.4452 -0.8954 -0.0105
vn 0.8867 0.2399 -0.3951
vn 0.5884 -0.7050 -0.3959
vn 0.5406 -0.7777 0.3208
vn 0.9141 0.4054 0.0104
vn 0.0988 0.9891 -0.1089
vn 0.0191 0.9975 0.0676
vn 0.8524 -0.1878 -0.4881
vn 0.7111 -0.4977 -0.4967
vn 0.7942 -0.3600 -0.4895
vn 0.7769 -0.3809 -0.5013
vn 0.3619 -0.6372 0.6804
vn 0.3290 -0.2797 0.9020
vn 0.8504 -0.2372 0.4697
vn 0.6869 -0.7118 0.1468
vn 0.9420 -0.2381 -0.2365
vn 0.7714 -0.5487 -0.3224
vn 0.3794 -0.9034 0.1998
vn 0.2609 -0.8888 -0.3768
vn 0.3860 -0.9092 -0.1560
vn 0.2243 -0.8248 -0.5190
vn 0.1043 -0.6069 -0.7879
vn 0.1382 -0.6297 -0.7644
vn 0.0695 -0.0868 -0.9938
vn 0.0563 -0.1571 -0.9860
vn 0.0600 0.3545 -0.9331
vn 0.0335 0.2612 -0.9647
vn 0.1150 0.2667 -0.9569
vn 0.1184 0.0414 -0.9921
vn 0.1771 0.2883 -0.9410
vn 0.1818 0.1374 -0.9737
vn 0.2381 0.3122 -0.9197
vn 0.2474 0.1642 -0.9549
vn 0.2742 0.1775 -0.9452
vn 0.2489 0.3734 -0.8937
vn 0.2516 0.4518 -0.8559
vn 0.3134 0.2034 -0.9276
vn 0.3876 0.2409 -0.8898
vn 0.2829 0.5445 -0.7896
vn 0.4631 0.2923 -0.8367
vn 0.3449 0.6094 -0.7139
vn 0.4485 0.6272 -0.6368
vn 0.5183 0.3444 -0.7828
vn 0.5359 0.3579 -0.7647
vn 0.5285 0.6027 -0.5979
vn 0.5565 0.5310 -0.6390
vn 0.5051 0.3356 -0.7951
vn 0.4196 0.2765 -0.8646
vn 0.5429 0.3985 -0.7393
vn 0.3707 0.1156 -0.9215
vn 0.5440 0.1792 -0.8197
vn 0.4085 0.8318 -0.3759
vn 0.7959 0.0990 -0.5973
vn 0.7769 0.2164 -0.5913
vn 0.4998 0.7374 -0.4543
vn -0.0425 0.9841 -0.1723
vn 0.0105 0.9742 -0.2255
vn 0.0798 0.9562 -0.2816
vn 0.0365 0.9799 -0.1959
vn 0.1072 0.9937 -0.0336
vn 0.0647 0.9905 -0.1210
vn 0.1935 0.9699 -0.1475
vn 0.2541 0.9598 -0.1192
vn 0.0283 0.9986 0.0445
vn 0.1221 0.9905 -0.0637
vn -0.0664 0.9972 0.0352
vn -0.0305 0.9979 0.0567
vn 0.8134 -0.3612 -0.4559
vn 0.7940 0.4074 -0.4512
vn 0.8488 0.0157 -0.5285
vn 0.6460 -0.6553 -0.3916
vn 0.4307 -0.7772 -0.4587
vn 0.2989 -0.7191 -0.6274
vn 0.7998 -0.2049 -0.5643
vn 0.6848 -0.2688 -0.6773
vn 0.5365 -0.1699 -0.8266
vn 0.2045 -0.5729 -0.7937
vn 0.1425 -0.4051 -0.9031
vn 0.3899 -0.0716 -0.9181
vn 0.3272 -0.0325 -0.9444
vn 0.1547 -0.2711 -0.9500
vn 0.1833 -0.1696 -0.9683
vn 0.2839 -0.0127 -0.9588
vn 0.3012 0.0066 -0.9535
vn 0.1962 -0.1250 -0.9726
vn 0.2637 -0.0737 -0.9618
vn 0.4241 0.0245 -0.9053
vn 0.5799 0.1556 -0.7997
vn 0.4420 0.0566 -0.8952
vn 0.3355 0.0031 -0.9420
vn 0.5081 0.0774 -0.8578
vn 0.6296 0.2335 -0.7410
vn 0.5942 0.1480 -0.7906
vn 0.5450 0.0994 -0.8325
vn 0.6218 0.2229 -0.7508
vn 0.5298 0.2587 -0.8077
vn 0.5176 0.2348 -0.8228
vn 0.5686 0.2056 -0.7965
vn 0.5912 0.2370 -0.7709
vn 0.3062 0.3170 -0.8976
vn 0.2375 0.3092 -0.9209
vn 0.3960 0.2907 -0.8710
vn 0.4505 0.2715 -0.8505
vn 0.4290 0.2945 -0.8540
vn 0.5295 0.2880 -0.7979
vn 0.2366 0.3330 -0.9128
vn 0.6069 0.5639 -0.5601
vn 0.5882 0.4641 -0.6623
vn 0.6092 0.4853 -0.6272
vn 0.6222 0.4605 -0.6330
vn 0.5775 0.4036 -0.7097
vn 0.5854 0.3054 -0.7510
vn 0.5292 0.5190 -0.6713
vn 0.6011 0.5287 -0.5993
vn 0.5898 0.4385 -0.6781
vn 0.4972 0.4355 -0.7504
vn 0.6259 0.3665 -0.6884
vn 0.5784 0.3445 -0.7395
vn 0.3503 0.4983 -0.7931
vn 0.4125 0.5151 -0.7514
vn 0.3721 0.4373 -0.8187
vn 0.3364 0.4352 -0.8351
vn 0.4462 0.3516 -0.8230
vn 0.3415 0.3644 -0.8664
vn 0.4425 0.5004 -0.7442
vn 0.3862 0.4921 -0.7802
vn 0.4032 0.4436 -0.8004
vn 0.5071 0.4551 -0.7319
vn 0.3699 0.4448 -0.8157
vn 0.3286 0.4001 -0.8555
vn 0.6776 0.4385 -0.5905
vn 0.8203 0.4294 -0.3777
vn 0.6455 0.5963 -0.4773
vn 0.5560 0.5211 -0.6476
vn 0.4623 0.5812 -0.6697
vn 0.4363 0.4916 -0.7536
vn 0.5477 0.8258 -0.1342
vn 0.6106 0.7342 -0.2969
vn 0.8167 0.5255 -0.2384
vn 0.7071 0.6904 -0.1528
vn 0.4379 0.7412 -0.5088
vn 0.4328 0.6673 -0.6061
vn 0.2460 0.9667 -0.0706
vn 0.4237 0.9037 -0.0618
vn 0.5112 0.8531 -0.1041
vn 0.2343 0.9656 -0.1132
vn 0.4179 0.8160 -0.3993
vn 0.3115 0.8610 -0.4020
vn -0.0191 0.9915 -0.1289
vn -0.0664 0.9848 -0.1607
vn 0.0101 0.9550 -0.2963
vn 0.0575 0.9850 -0.1630
vn 0.1605 0.8513 -0.4995
vn 0.0786 0.7856 -0.6137
vn -0.0231 0.9814 -0.1906
vn -0.0161 0.9853 -0.1699
vn -0.0075 0.8931 -0.4498
vn 0.0312 0.9206 -0.3892
vn 0.0820 0.7310 -0.6775
vn 0.0360 0.6924 -0.7206
vn -0.0401 0.9894 -0.1393
vn -0.0286 0.9898 -0.1395
vn -0.0329 0.8556 -0.5165
vn -0.0216 0.8721 -0.4888
vn -0.0029 0.6565 -0.7543
vn -0.0200 0.6349 -0.7724
vn 0.1364 -0.0206 0.9904
vn 0.1086 0.1376 0.9845
vn 0.2192 0.5226 0.8239
vn 0.2735 0.3929 0.8780
vn 0.2613 0.2989 0.9178
vn 0.2777 0.0222 0.9604
vn 0.3323 -0.1563 0.9301
vn 0.2797 0.0567 0.9584
vn 0.2303 0.2098 0.9502
vn 0.2255 0.4982 0.8372
vn 0.0779 0.3450 0.9354
vn 0.0732 0.1556 0.9851
vn 0.1430 0.0376 0.9890
vn 0.2073 0.2458 0.9469
vn 0.1476 0.0371 0.9884
vn 0.1159 0.0861 0.9895
vn 0.3692 -0.0529 0.9278
vn 0.3477 -0.1011 0.9321
vn 0.4071 0.0035 0.9134
vn 0.1626 0.2170 0.9625
vn 0.2297 0.5546 0.7998
vn 0.2327 0.6747 0.7005
vn 0.2748 0.6433 0.7146
vn 0.1937 0.6176 0.7623
vn 0.1496 0.6188 0.7712
vn 0.2294 0.6458 0.7282
vn 0.3326 0.5551 0.7624
vn 0.2360 0.5218 0.8198
vn 0.3781 0.3658 0.8504
vn 0.1144 0.5489 0.8280
vn 0.2098 0.6907 0.6920
vn 0.2477 0.6943 0.6757
vn 0.1998 0.8442 0.4974
vn 0.2538 0.8048 0.5366
vn 0.2574 0.7039 0.6620
vn 0.1622 0.8669 0.4714
vn 0.6939 -0.2513 0.6748
vn 0.5386 -0.3956 0.7439
vn 0.5834 -0.6604 0.4727
vn 0.8725 -0.3918 0.2918
vn 0.4218 -0.4707 0.7750
vn 0.3009 -0.7534 0.5847
vn 0.5561 0.7000 0.4480
vn 0.2691 0.7778 0.5679
vn 0.4521 0.8916 0.0272
vn 0.6949 0.7170 -0.0541
vn 0.3571 0.4815 0.8004
vn 0.0443 0.4870 0.8723
vn 0.5658 0.4285 -0.7044
vn 0.5394 0.7331 -0.4144
vn 0.6318 0.6262 -0.4568
vn 0.6363 0.3817 -0.6704
vn 0.5968 0.3339 -0.7297
vn 0.6571 0.3170 -0.6840
vn 0.7724 0.4098 -0.4853
vn 0.7321 0.2262 -0.6426
vn 0.7858 0.1127 -0.6082
vn 0.8334 0.2633 -0.4859
vn 0.7788 0.2161 -0.5889
vn 0.7243 0.2943 -0.6236
vn 0.7134 0.4675 -0.5220
vn 0.7797 0.3774 -0.4997
vn 0.8222 0.3370 -0.4586
vn 0.7930 0.4893 -0.3630
vn 0.8833 0.1311 -0.4501
vn 0.9023 0.2643 -0.3405
vn 0.9544 0.1163 -0.2749
vn 0.9341 -0.0507 -0.3534
vn 0.9721 0.2345 0.0068
vn 0.9210 0.3860 -0.0530
vn 0.9858 -0.1171 -0.1203
vn 0.9931 0.0098 0.1166
vn 0.9431 -0.2985 -0.1468
vn 0.8677 -0.4809 0.1258
vn 0.7559 -0.6285 0.1833
vn 0.5076 -0.7637 0.3989
vn 0.1485 -0.8036 0.5763
vn 0.3547 -0.8178 0.4533
vn 0.0333 -0.8518 0.5229
vn -0.1537 -0.8826 0.4443
vn -0.4101 -0.9118 0.0186
vn -0.1866 -0.9782 0.0909
vn -0.1618 -0.9657 -0.2032
vn -0.4299 -0.8936 -0.1290
vn 0.1303 -0.9740 0.1852
vn 0.5080 -0.8484 0.1492
vn 0.3134 -0.9348 -0.1671
vn 0.0803 -0.9708 -0.2260
vn 0.1792 0.6477 0.7405
vn 0.1912 0.6600 0.7266
vn 0.2223 0.7540 0.6181
vn 0.2644 0.7116 0.6510
vn 0.4046 0.1792 0.8968
vn 0.4219 0.3901 0.8184
vn 0.3427 0.4048 0.8477
vn 0.3100 0.1584 0.9375
vn 0.1966 0.4640 0.8637
vn 0.2001 0.1975 0.9597
vn 0.2377 0.2751 0.9316
vn 0.3289 0.1794 0.9272
vn 0.2627 0.1018 0.9595
vn 0.1728 0.1841 0.9676
vn 0.1568 0.0494 0.9864
vn 0.1301 0.4916 0.8610
vn 0.1402 0.3862 0.9117
vn 0.1685 0.5457 0.8209
vn 0.1529 0.5670 0.8094
vn 0.1362 0.0599 0.9889
vn 0.3599 0.0768 0.9298
vn 0.1157 0.1759 0.9776
vn 0.2790 0.2504 0.9271
vn 0.7253 0.2980 0.6206
vn 0.7555 0.4040 0.5157
vn 0.4247 0.3303 0.8429
vn 0.7855 0.0677 0.6152
vn 0.1170 0.4266 0.8969
vn 0.3728 0.4618 0.8048
vn 0.3323 0.3689 0.8680
vn 0.4392 0.3720 0.8178
vn 0.5626 0.4139 0.7157
vn 0.5732 0.4715 0.6702
vn 0.7117 0.4801 0.5128
vn 0.5374 0.5024 0.6774
vn 0.5720 0.6150 0.5427
vn 0.3112 0.6162 0.7235
vn 0.3704 0.4849 0.7923
vn 0.5050 0.4006 0.7645
vn 0.4399 0.3792 0.8140
vn 0.3018 0.4462 0.8425
vn 0.1974 0.5527 0.8097
vn 0.1502 0.4804 0.8641
vn 0.1263 0.3340 0.9341
vn 0.2313 0.3468 0.9090
vn 0.3704 0.3499 0.8604
vn -0.1671 0.7224 0.6709
vn 0.1409 0.8616 0.4877
vn 0.1369 0.8689 0.4756
vn -0.1270 0.7619 0.6352
vn -0.8097 0.0281 0.5862
vn -0.5346 0.4281 0.7286
vn -0.4962 0.5392 0.6805
vn -0.8205 0.1746 0.5443
vn -0.8493 -0.5197 0.0932
vn -0.9176 -0.2880 0.2741
vn -0.8492 -0.4397 0.2924
vn -0.8059 -0.5645 0.1786
vn -0.6130 -0.7895 0.0310
vn -0.8185 -0.5653 0.1021
vn -0.8011 -0.5631 0.2029
vn -0.6084 -0.7899 0.0765
vn 0.8430 -0.3796 -0.3812
vn 0.6247 -0.6567 -0.4225
vn 0.4734 -0.8232 -0.3134
vn 0.7863 -0.6079 -0.1108
vn 0.8681 0.0701 -0.4913
vn 0.7959 -0.3420 -0.4995
vn 0.8503 -0.0818 -0.5199
vn 0.8371 0.2220 -0.5000
vn 0.2102 -0.9200 -0.3308
vn -0.1989 -0.9697 -0.1420
vn -0.2632 -0.9610 -0.0854
vn 0.0642 -0.9718 -0.2267
vn 0.4452 -0.8014 -0.3994
vn 0.2816 -0.9075 -0.3117
vn 0.1875 -0.9572 -0.2205
vn -0.1914 -0.9748 -0.1148
vn -0.1976 -0.9699 -0.1426
vn 0.1763 -0.9366 -0.3029
vn 0.8135 0.2025 -0.5452
vn 0.8144 0.3367 -0.4727
vn 0.8441 0.2842 -0.4548
vn 0.8310 0.1750 -0.5281
vn 0.6522 -0.5703 -0.4994
vn 0.5126 -0.7249 -0.4602
vn 0.8470 -0.1304 -0.5154
vn 0.8116 -0.3017 -0.5003
vn 0.8271 -0.3650 -0.4274
vn 0.4815 -0.7815 -0.3968
vn 0.8758 -0.3696 -0.3105
vn 0.5170 -0.8049 -0.2913
vn 0.7979 0.0300 -0.6020
vn 0.8124 0.0314 -0.5823
vn 0.8736 0.2021 -0.4427
vn 0.8617 0.1331 -0.4897
vn 0.8979 0.1143 -0.4250
vn 0.8872 0.0797 -0.4545
vn 0.9113 -0.0225 -0.4112
vn 0.9276 0.0503 -0.3703
vn 0.9628 -0.0051 -0.2703
vn 0.9506 -0.1075 -0.2912
vn 0.7537 0.6537 -0.0679
vn 0.7469 0.6478 -0.1498
vn 0.6397 0.7652 0.0725
vn 0.6772 0.7303 0.0901
vn 0.4770 0.8425 0.2503
vn 0.5654 0.7945 0.2217
vn 0.7707 0.5573 -0.3090
vn 0.8021 0.5320 -0.2712
vn 0.8735 0.2371 -0.4252
vn 0.8417 0.0005 -0.5400
vn 0.8683 -0.0408 -0.4944
vn 0.9118 0.2143 -0.3502
vn 0.9594 0.1926 -0.2059
vn 0.9137 -0.0831 -0.3979
vn 0.9732 -0.0942 -0.2096
vn 0.9884 0.1515 -0.0060
vn -0.1247 0.8049 0.5802
vn 0.1781 0.8643 0.4704
vn 0.4182 0.8222 0.3861
vn 0.2085 0.8215 0.5308
vn 0.7442 0.6668 0.0385
vn 0.8338 0.5143 -0.2006
vn 0.8609 0.4997 -0.0954
vn 0.7408 0.6511 0.1650
vn 0.6839 0.7031 0.1946
vn 0.6567 0.6773 0.3316
vn 0.7452 0.6021 0.2866
vn 0.8884 0.4553 0.0583
vn 0.9016 0.3801 0.2064
vn 0.7571 0.5504 0.3520
vn 0.3566 0.7712 0.5273
vn 0.6477 0.6497 0.3979
vn 0.6594 0.6414 0.3921
vn 0.4216 0.7839 0.4558
vn -0.8303 0.3273 0.4511
vn -0.4869 0.6617 0.5702
vn -0.3631 0.7457 0.5587
vn -0.7809 0.4033 0.4769
vn -0.9564 -0.1133 0.2692
vn -0.8800 -0.4673 0.0844
vn -0.8947 -0.4194 0.1538
vn -0.9440 -0.0404 0.3274
vn -0.7093 0.4597 0.5344
vn -0.2154 0.7894 0.5748
vn -0.1400 0.8193 0.5560
vn -0.6528 0.4925 0.5755
vn -0.8033 -0.5945 0.0360
vn -0.5878 -0.8090 -0.0017
vn -0.5316 -0.8470 0.0048
vn -0.7795 -0.6237 0.0586
vn -0.8955 -0.3801 0.2316
vn -0.9140 0.0105 0.4056
vn -0.8879 -0.3442 0.3054
vn -0.8818 0.0515 0.4688
vn -0.1622 -0.9839 -0.0751
vn 0.2234 -0.9666 -0.1255
vn 0.2724 -0.9604 -0.0577
vn -0.1043 -0.9937 -0.0409
vn -0.3884 -0.9196 0.0587
vn -0.7297 -0.6641 0.1626
vn -0.7594 -0.6425 0.1024
vn -0.4673 -0.8837 0.0273
vn 0.9258 -0.3776 -0.0189
vn 0.6031 -0.7965 -0.0431
vn 0.5425 -0.8264 -0.1510
vn 0.9055 -0.3920 -0.1623
vn 0.9998 0.0098 -0.0184
vn 0.9997 0.0184 -0.0145
vn 0.9898 -0.0138 -0.1419
vn 0.9888 -0.0803 -0.1261
vn -0.0436 -0.9989 -0.0186
vn 0.3279 -0.9445 -0.0219
vn 0.3927 -0.9194 -0.0224
vn 0.0150 -0.9999 -0.0002
vn 0.9756 0.1660 0.1436
vn 0.9999 -0.0092 -0.0079
vn 0.9890 0.1175 0.0896
vn 0.9578 0.2331 0.1683
vn 0.7249 -0.6883 0.0263
vn 0.9737 -0.2125 0.0824
vn 0.9941 0.0499 0.0960
vn 0.8441 -0.5362 0.0019
vn 0.9610 0.2459 0.1264
vn 0.9882 0.1318 0.0783
vn 0.7904 0.5157 0.3306
vn 0.8998 0.3467 0.2649
vn 0.9063 0.3588 0.2233
vn 0.8379 0.4832 0.2538
vn 0.5173 0.7659 0.3819
vn 0.7148 0.6215 0.3207
vn 0.7900 0.5637 0.2410
vn 0.6677 0.6769 0.3099
vn 0.9056 0.3884 0.1703
vn 0.9238 0.3474 0.1609
vn 0.8238 0.5271 0.2087
vn 0.8791 0.4467 0.1662
vn 0.9881 0.1293 0.0838
vn 0.9722 0.2058 0.1119
vn 0.8898 -0.4557 0.0234
vn 0.9085 -0.4129 0.0652
vn 0.5051 -0.8606 0.0654
vn 0.4588 -0.8884 0.0175
vn 0.9487 0.2611 0.1783
vn 0.9163 -0.3652 0.1646
vn 0.8059 0.3356 0.4878
vn 0.7632 -0.2801 0.5824
vn 0.4896 -0.7985 0.3502
vn 0.5200 -0.8421 0.1432
vn 0.0809 -0.9958 0.0429
vn 0.1402 -0.9846 0.1048
vn -0.2933 -0.9501 0.1061
vn -0.2302 -0.9558 0.1828
vn -0.6135 -0.7276 0.3068
vn -0.6723 -0.7054 0.2245
vn -0.8712 -0.3467 0.3476
vn -0.8374 -0.3891 0.3838
vn 0.6227 0.6730 0.3992
vn 0.2760 0.7709 0.5741
vn -0.3265 0.5440 0.7730
vn 0.2269 0.6396 0.7345
vn -0.5455 0.5275 0.6513
vn 0.0042 0.8245 0.5659
vn -0.7928 -0.0009 0.6094
vn -0.8447 0.0822 0.5289
vn -0.6626 -0.5215 0.5376
vn -0.2458 -0.9089 0.3370
vn -0.3117 -0.7384 0.5980
vn -0.5093 -0.0552 0.8588
vn 0.0720 -0.0533 0.9960
vn 0.1185 -0.8263 0.5506
vn 0.1385 -0.9673 0.2125
vn -0.4321 -0.0648 0.8995
vn -0.1515 0.2627 0.9529
vn -0.0411 0.1153 0.9925
vn -0.3333 -0.2040 0.9205
vn 0.0545 0.4911 0.8694
vn 0.0368 0.5420 0.8396
vn 0.1628 0.5416 0.8247
vn 0.1571 0.5176 0.8411
vn 0.1599 0.2891 0.9438
vn 0.1031 0.2657 0.9585
vn -0.4014 -0.4553 0.7947
vn -0.3427 -0.3136 0.8856
vn -0.3428 -0.4017 0.8492
vn -0.4196 -0.4815 0.7695
vn -0.1831 -0.3484 0.9193
vn -0.0317 -0.3760 0.9261
vn -0.0194 -0.4954 0.8684
vn -0.1528 -0.4665 0.8712
vn 0.0356 -0.2652 0.9635
vn 0.0353 -0.2227 0.9742
vn -0.4808 -0.4784 0.7348
vn -0.4094 -0.4802 0.7758
vn -0.4577 -0.5684 0.6837
vn -0.5387 -0.4644 0.7030
vn 0.1781 0.5016 0.8465
vn 0.1963 0.4637 0.8640
vn 0.1080 0.2185 0.9698
vn 0.0786 0.2423 0.9670
vn -0.2071 -0.5824 0.7861
vn -0.0835 -0.5638 0.8217
vn -0.1019 -0.6280 0.7715
vn -0.2377 -0.7105 0.6623
vn -0.0063 -0.3222 0.9467
vn -0.0105 -0.2941 0.9557
vn -0.4575 -0.6864 0.5653
vn -0.5780 -0.4559 0.6769
vn -0.3138 -0.8561 0.4105
vn -0.5161 -0.5607 0.6475
vn 0.1812 0.4831 0.8566
vn 0.1401 0.5288 0.8371
vn 0.0840 0.3381 0.9373
vn 0.1241 0.2539 0.9592
vn -0.0754 -0.6884 0.7214
vn -0.2330 -0.8376 0.4941
vn -0.1756 -0.9049 0.3878
vn -0.1054 -0.6811 0.7246
vn 0.0305 -0.3053 0.9518
vn -0.0179 -0.2060 0.9784
vn -0.4164 -0.7161 0.5602
vn -0.3661 -0.8061 0.4649
vn -0.3323 -0.9044 0.2675
vn -0.4463 -0.8580 0.2542
vn -0.2678 -0.5764 0.7720
vn -0.3224 -0.8623 0.3905
vn -0.4913 -0.7429 0.4547
vn -0.3947 -0.4404 0.8064
vn -0.3861 -0.6571 0.6474
vn -0.0091 -0.7291 0.6843
vn -0.1034 -0.7816 0.6152
vn -0.2603 -0.8139 0.5195
vn -0.5137 -0.7722 0.3739
vn -0.3332 -0.8409 0.4264
vn -0.4179 -0.3308 0.8461
vn -0.5540 -0.5890 0.5884
vn -0.4666 -0.4435 0.7653
vn -0.3722 -0.2884 0.8822
vn 0.1164 0.5496 0.8273
vn 0.1650 0.5088 0.8449
vn 0.0282 0.3730 0.9274
vn 0.0255 0.3960 0.9179
vn -0.1429 -0.0671 0.9875
vn -0.2141 0.0201 0.9766
vn 0.2694 -0.5198 0.8107
vn 0.0208 -0.4366 0.8994
vn 0.3437 -0.1033 0.9334
vn 0.4379 -0.1097 0.8923
vn 0.4353 0.4219 0.7953
vn 0.3607 0.5426 0.7586
vn 0.4177 0.4370 0.7966
vn 0.4427 0.3479 0.8265
vn -0.1306 -0.2220 0.9663
vn -0.1147 -0.0714 0.9908
vn 0.2211 0.1524 0.9633
vn 0.1977 -0.0018 0.9803
vn 0.4744 0.2397 0.8470
vn 0.4362 0.2025 0.8768
vn 0.3844 0.2873 0.8773
vn 0.3690 0.1745 0.9129
vn 0.3886 0.4027 0.8287
vn 0.2795 0.3874 0.8785
vn 0.1079 0.2725 0.9561
vn 0.3932 0.3741 0.8399
vn -0.1837 0.0192 0.9828
vn 0.1197 0.9122 -0.3918
vn -0.0753 0.7866 -0.6129
vn 0.3772 0.4758 -0.7945
vn 0.4501 0.5855 -0.6743
vn 0.3866 0.8257 -0.4109
vn 0.6019 0.6279 -0.4934
vn 0.7378 0.2794 -0.6144
vn 0.6527 0.4484 -0.6107
vn 0.6500 0.2743 -0.7087
vn 0.7561 0.1081 -0.6454
vn 0.7107 0.4660 -0.5269
vn 0.7248 0.4453 -0.5257
vn 0.7515 0.1684 -0.6378
vn 0.6536 0.2623 -0.7100
vn 0.4729 0.6687 -0.5738
vn 0.4921 0.3549 -0.7949
vn 0.6004 -0.0650 -0.7970
vn 0.5341 0.1091 -0.8384
vn 0.6141 0.1500 -0.7748
vn 0.5725 -0.0381 -0.8190
vn 0.4548 -0.0106 -0.8905
vn 0.2420 0.2876 -0.9267
vn 0.7366 0.0545 -0.6741
vn 0.1595 0.4127 0.8968
vn 0.1705 0.3561 0.9188
vn 0.1072 0.3004 0.9478
vn 0.0746 0.4148 0.9068
vn 0.0908 0.4971 0.8629
vn 0.1759 0.4242 0.8883
vn 0.1390 0.4964 0.8569
vn 0.1956 0.3823 0.9031
vn 0.2012 0.4397 0.8753
vn 0.2049 0.2648 0.9423
vn -0.0211 0.8829 0.4692
vn 0.1707 0.9468 0.2729
vn 0.2111 0.9135 0.3479
vn 0.0170 0.9073 0.4201
vn 0.1783 0.8044 0.5667
vn 0.1047 0.9599 0.2599
vn -0.1835 0.7452 0.6411
vn 0.0220 0.8757 0.4823
vn 0.1361 0.8866 0.4420
vn 0.1272 0.9529 0.2754
vn -0.1754 0.9365 0.3035
vn -0.0635 0.8722 0.4850
vn -0.0639 0.8516 0.5202
vn 0.0450 0.9420 0.3325
vn -0.7243 0.5622 0.3991
vn -0.2121 0.4247 0.8802
vn -0.3783 0.3460 0.8586
vn -0.2506 0.4364 0.8642
vn -0.2790 0.3946 0.8755
vn -0.3122 0.4800 0.8198
vn -0.6474 0.2716 0.7121
vn -0.2651 0.4787 0.8370
vn -0.2824 0.4097 0.8674
vn -0.3260 0.3306 0.8857
vn -0.2346 0.3396 0.9108
vn -0.2497 0.2840 0.9257
vn -0.2249 0.4241 0.8773
vn -0.1268 0.4604 0.8786
vn -0.1276 0.3057 0.9435
vn -0.1606 0.2631 0.9513
vn -0.3685 0.2190 0.9035
vn -0.2940 0.2711 0.9166
vn -0.3528 0.1970 0.9147
vn -0.2435 0.1988 0.9493
vn -0.1823 0.1740 0.9677
vn -0.0842 0.9222 0.3775
vn -0.8008 0.5225 0.2927
vn -0.1008 0.8172 0.5674
vn -0.1761 0.7488 0.6390
vn -0.2396 0.8520 0.4655
vn -0.8074 0.4885 0.3308
vn -0.1533 0.7728 0.6158
vn -0.1615 0.6931 0.7025
vn -0.0903 0.6453 0.7586
vn -0.0882 0.7526 0.6525
vn -0.1845 0.5957 0.7817
vn -0.3496 0.6852 0.6390
vn -0.2495 0.6319 0.7338
vn -0.7585 0.4360 0.4844
vn -0.2280 0.5334 0.8146
vn -0.4985 0.7988 -0.3368
vn -0.4213 0.8294 -0.3670
vn -0.0168 0.9995 -0.0277
vn -0.0595 0.9973 -0.0428
vn -0.0330 0.9991 0.0253
vn -0.4678 0.7945 -0.3873
vn 0.2802 0.9259 0.2535
vn 0.2858 0.9305 0.2290
vn -0.0730 0.9928 -0.0953
vn -0.0200 0.9998 -0.0029
vn -0.1060 0.9763 -0.1885
vn 0.3025 0.9221 0.2414
vn -0.6350 0.6240 -0.4555
vn -0.6219 0.6146 -0.4853
vn -0.5546 0.6948 -0.4579
vn -0.6077 0.6240 -0.4912
vn -0.6068 0.6320 -0.4821
vn -0.6537 0.5083 -0.5606
vn 0.5078 0.5518 0.6615
vn 0.5406 0.4831 0.6888
vn 0.5249 0.5097 0.6817
vn 0.5016 0.5724 0.6487
vn 0.5275 0.4625 0.7127
vn 0.5664 0.4296 0.7033
vn 0.4919 0.5191 0.6990
vn 0.5059 0.5398 0.6728
vn 0.4828 0.6016 0.6364
vn 0.6180 0.2415 0.7482
vn 0.5801 0.2756 0.7665
vn 0.6110 0.1363 0.7798
vn 0.6265 0.1261 0.7692
vn 0.5435 0.1610 0.8238
vn 0.5217 0.3444 0.7805
vn 0.6007 0.2291 0.7660
vn 0.6003 0.2205 0.7688
vn 0.5801 0.3187 0.7496
vn 0.5748 0.3218 0.7523
vn 0.5218 0.3297 0.7868
vn 0.5338 0.2147 0.8179
vn 0.5796 0.2715 0.7684
vn 0.5864 0.2934 0.7551
vn 0.6084 0.1645 0.7764
vn 0.5917 0.1368 0.7945
vn 0.6022 0.1725 0.7795
vn 0.5516 0.3161 0.7719
vn 0.6044 -0.0885 0.7918
vn 0.6296 -0.0762 0.7732
vn 0.6362 -0.0756 0.7678
vn -0.3108 0.6707 -0.6734
vn -0.5448 0.6956 -0.4684
vn -0.2042 0.8724 -0.4442
vn -0.3586 0.8776 -0.3183
vn -0.6279 0.6853 -0.3689
vn -0.1884 0.9810 -0.0466
vn -0.6724 0.6332 -0.3832
vn -0.2925 0.9557 -0.0316
vn -0.6248 0.6846 -0.3755
vn -0.4213 0.8788 -0.2241
vn -0.4162 0.9043 -0.0949
vn -0.6600 0.6537 -0.3702
vn -0.6692 0.6378 -0.3814
vn -0.3597 0.9320 -0.0452
vn -0.0517 0.9918 -0.1166
vn -0.1553 0.9877 -0.0188
vn -0.0206 0.9996 0.0178
vn -0.0599 0.9981 -0.0138
vn 0.2176 0.9349 0.2804
vn -0.0257 0.9995 0.0160
vn 0.1269 0.9613 0.2446
vn -0.0822 0.9966 0.0012
vn -0.0904 0.9958 0.0137
vn -0.0460 0.9985 -0.0309
vn -0.0186 0.9962 -0.0848
vn 0.0220 0.9961 0.0857
vn 0.0649 0.9794 0.1913
vn -0.0893 0.9947 -0.0500
vn -0.0888 0.9952 0.0406
vn 0.0022 0.9987 0.0505
vn -0.1277 0.9847 0.1186
vn -0.1533 0.9882 0.0039
vn -0.5093 0.7229 -0.4670
vn -0.5182 0.7103 -0.4764
vn -0.5476 0.6925 -0.4696
vn -0.5005 0.7758 -0.3843
vn -0.2436 0.9661 -0.0854
vn -0.2429 0.9675 0.0707
vn -0.3672 0.9298 -0.0251
vn -0.3654 0.8893 -0.2749
vn -0.4848 0.7480 -0.4533
vn -0.4655 0.8571 -0.2208
vn 0.1028 0.9255 0.3645
vn 0.2110 0.9163 0.3405
vn 0.1601 0.8783 0.4505
vn 0.1671 0.8618 0.4789
vn 0.2058 0.9641 0.1679
vn 0.0173 0.9749 0.2221
vn -0.0646 0.9918 0.1105
vn -0.3133 0.9342 -0.1708
vn -0.2450 0.9653 -0.0901
vn -0.0441 0.9855 0.1641
vn -0.1976 0.9798 0.0308
vn -0.0540 0.9737 0.2215
vn -0.2282 0.9631 0.1429
vn -0.0942 0.9571 0.2740
vn -0.2283 0.9586 0.1699
vn -0.1163 0.9534 0.2783
vn -0.1704 0.9625 0.2112
vn -0.0941 0.9444 0.3150
vn 0.2859 0.8309 0.4773
vn 0.0988 0.9502 0.2955
vn 0.1055 0.9390 0.3273
vn 0.2884 0.8177 0.4982
vn 0.0899 0.9261 0.3665
vn 0.2758 0.8183 0.5043
vn 0.0792 0.8807 0.4670
vn 0.0272 0.9029 0.4289
vn 0.1801 0.8168 0.5481
vn 0.1834 0.8018 0.5688
vn 0.1835 0.8227 0.5380
vn 0.0252 0.9152 0.4021
vn 0.0555 0.9233 0.3800
vn 0.2319 0.8358 0.4976
vn 0.4254 0.6807 0.5964
vn 0.4285 0.6706 0.6055
vn 0.5269 0.5427 0.6541
vn 0.4248 0.6946 0.5806
vn 0.5335 0.5776 0.6179
vn 0.3625 0.7221 0.5892
vn 0.4424 0.6186 0.6493
vn 0.2960 0.7197 0.6281
vn 0.3621 0.6362 0.6813
vn 0.2885 0.7158 0.6359
vn 0.3521 0.6281 0.6939
vn 0.2773 0.7256 0.6298
vn 0.3669 0.5577 0.7446
vn 0.2322 0.7841 0.5756
vn 0.3619 0.5527 0.7507
vn 0.5868 0.4744 0.6562
vn 0.6300 0.3868 0.6734
vn 0.5860 0.4979 0.6393
vn 0.6298 0.3592 0.6887
vn 0.4537 0.4623 0.7619
vn 0.4062 0.5677 0.7160
vn 0.3772 0.5795 0.7224
vn 0.4111 0.5072 0.7575
vn 0.4860 0.5369 0.6896
vn 0.5420 0.3958 0.7413
vn 0.4003 0.3253 0.8567
vn 0.3875 0.3086 0.8687
vn 0.4110 0.2145 0.8860
vn 0.4272 0.2078 0.8799
vn 0.6632 0.1755 0.7276
vn 0.6549 0.0894 0.7504
vn 0.6736 0.1335 0.7269
vn 0.6805 0.0664 0.7298
vn 0.4232 0.2850 0.8600
vn 0.4428 0.1678 0.8808
vn 0.5333 0.1348 0.8351
vn 0.5211 0.2548 0.8146
vn 0.6119 0.1775 0.7707
vn 0.6344 0.0943 0.7672
vn 0.2832 0.3835 0.8790
vn 0.2433 0.3740 0.8949
vn 0.3133 0.3312 0.8900
vn 0.3756 0.3563 0.8556
vn 0.3746 0.2373 0.8963
vn 0.4165 0.2688 0.8685
vn 0.6268 0.2182 0.7480
vn 0.6023 0.3006 0.7395
vn 0.6625 0.1935 0.7236
vn 0.6439 0.2561 0.7209
vn 0.4464 0.2618 0.8557
vn 0.4371 0.3594 0.8245
vn 0.5067 0.3045 0.8065
vn 0.5172 0.2249 0.8258
vn 0.6212 0.1975 0.7583
vn 0.6047 0.2594 0.7530
vn 0.3180 0.3386 0.8856
vn 0.3570 0.2312 0.9050
vn 0.4422 0.0565 0.8951
vn 0.3954 0.2766 0.8759
vn 0.3414 0.1274 0.9312
vn 0.4116 -0.0679 0.9088
vn 0.6123 0.2160 0.7605
vn 0.6262 0.0792 0.7757
vn 0.6569 0.1647 0.7357
vn 0.6680 0.0272 0.7437
vn 0.4596 0.2616 0.8487
vn 0.4869 0.0269 0.8731
vn 0.5664 0.0326 0.8235
vn 0.5349 0.2296 0.8131
vn 0.6192 0.1737 0.7658
vn 0.6370 0.0151 0.7707
vn 0.4094 -0.2471 0.8783
vn 0.4616 -0.2202 0.8593
vn 0.5621 -0.1974 0.8032
vn 0.4887 -0.2280 0.8421
vn 0.6317 -0.1201 0.7658
vn 0.6675 -0.1467 0.7300
vn 0.6360 -0.1711 0.7525
vn -0.0351 0.1091 0.9934
vn 0.1798 0.0866 0.9799
vn 0.0037 0.2064 0.9785
vn 0.1271 0.2583 0.9577
vn 0.0000 0.2802 0.9599
vn 0.0470 0.3391 0.9396
vn -0.0208 0.4574 0.8890
vn -0.0018 0.4867 0.8736
vn -0.1063 0.8062 0.5821
vn -0.0456 0.7891 0.6125
vn -0.0679 0.8364 0.5439
vn -0.0334 0.8246 0.5647
vn -0.0342 0.6762 0.7360
vn -0.0167 0.6977 0.7162
vn -0.0855 0.8769 0.4730
vn -0.0564 0.8739 0.4828
vn -0.0329 0.8531 0.5208
vn 0.0235 0.8397 0.5425
vn -0.2981 0.8705 -0.3915
vn -0.2953 0.9235 -0.2448
vn -0.3564 0.8923 -0.2769
vn -0.2702 0.8748 -0.4021
vn -0.2713 0.9618 -0.0364
vn -0.2324 0.9713 -0.0502
vn -0.2929 0.9555 -0.0345
vn -0.4211 0.8478 -0.3222
vn -0.2521 0.8644 -0.4351
vn 0.1786 0.3691 0.9121
vn 0.2525 0.1257 0.9594
vn 0.2798 0.4308 0.8580
vn 0.3369 0.1340 0.9320
vn 0.0855 0.4440 0.8919
vn 0.0135 0.4799 0.8772
vn 0.1585 0.4926 0.8557
vn 0.2039 0.5361 0.8192
vn 0.0009 0.6570 0.7539
vn -0.0006 0.8059 0.5920
vn 0.1338 0.7369 0.6626
vn 0.1354 0.5699 0.8105
vn 0.0184 0.8622 0.5063
vn 0.1003 0.8293 0.5497
vn 0.2477 0.7933 0.5562
vn 0.1714 0.8105 0.5601
vn 0.1059 0.7696 0.6297
vn 0.1618 0.7565 0.6336
vn 0.1547 0.7893 0.5941
vn 0.1258 0.8234 0.5534
vn 0.2434 0.7614 0.6008
vn 0.2804 0.7457 0.6044
vn 0.0978 0.8850 0.4551
vn 0.1231 0.8641 0.4880
vn 0.0652 0.9222 0.3813
vn 0.0487 0.9251 0.3766
vn 0.1267 0.9163 0.3798
vn 0.2010 0.8349 0.5124
vn -0.3478 0.7189 -0.6019
vn -0.4524 0.6835 -0.5729
vn -0.3569 0.8392 -0.4103
vn -0.2261 0.8286 -0.5121
vn -0.3615 0.8581 -0.3646
vn -0.5079 0.6452 -0.5707
vn 0.1818 0.9777 0.1047
vn 0.1099 0.9807 0.1618
vn 0.1315 0.9910 0.0265
vn 0.1931 0.9810 -0.0206
vn 0.0614 0.9963 0.0602
vn 0.1328 0.9712 0.1977
vn -0.0891 0.8382 -0.5380
vn -0.1494 0.8297 -0.5379
vn -0.2815 0.8261 -0.4882
vn -0.0841 0.9689 0.2327
vn -0.0747 0.9745 0.2118
vn -0.0346 0.9836 0.1772
vn -0.0731 0.9920 -0.1025
vn 0.1117 0.9887 0.1002
vn 0.0428 0.9909 0.1277
vn -0.1595 0.9842 -0.0770
vn 0.2394 0.8999 0.3644
vn 0.3226 0.8790 0.3512
vn -0.3770 0.8064 -0.4556
vn 0.0190 0.9993 0.0310
vn -0.4166 0.7840 -0.4602
vn 0.0220 0.9988 -0.0435
vn 0.1925 0.9583 0.2112
vn -0.3030 0.8954 -0.3264
vn 0.2595 0.9406 0.2188
vn -0.2770 0.9257 -0.2577
vn -0.5387 0.6043 -0.5871
vn -0.5780 0.5600 -0.5935
vn -0.3307 0.8519 -0.4060
vn -0.3691 0.8207 -0.4362
vn -0.1907 0.9528 -0.2363
vn -0.2370 0.9438 -0.2304
vn 0.3386 0.7964 0.5012
vn 0.3954 0.7287 0.5591
vn 0.4343 0.7639 0.4773
vn 0.4820 0.6967 0.5313
vn 0.4316 0.7017 0.5668
vn 0.4019 0.7116 0.5763
vn 0.4938 0.6535 0.5736
vn 0.4625 0.6406 0.6130
vn 0.3485 0.7105 0.6113
vn 0.3444 0.6246 0.7009
vn 0.4264 0.6422 0.6369
vn 0.4479 0.5366 0.7152
vn 0.3674 0.4702 0.8025
vn 0.3613 0.4620 0.8099
vn 0.4717 0.3837 0.7939
vn 0.4457 0.4106 0.7955
vn 0.3472 0.5453 0.7629
vn 0.3904 0.4288 0.8147
vn 0.3957 0.5235 0.7546
vn 0.4030 0.3969 0.8247
vn 0.4418 0.0870 0.8929
vn 0.4383 0.0618 0.8967
vn -0.1068 0.9926 0.0573
vn -0.3370 0.9217 -0.1922
vn -0.3519 0.9196 -0.1745
vn -0.0903 0.9929 0.0779
vn 0.4225 0.6961 0.5805
vn 0.2812 0.8462 0.4526
vn 0.4107 0.7144 0.5665
vn 0.2689 0.8572 0.4392
vn 0.0658 0.9673 0.2451
vn 0.0855 0.9619 0.2598
vn -0.2710 0.9330 -0.2368
vn -0.5380 0.6663 -0.5163
vn -0.0737 0.9973 0.0040
vn -0.0375 0.9977 -0.0556
vn -0.2081 0.9407 -0.2679
vn -0.4722 0.7122 -0.5194
vn -0.4719 0.7408 -0.4780
vn -0.0209 0.9995 0.0223
vn 0.0364 0.9978 -0.0547
vn -0.4550 0.7331 -0.5055
vn -0.4398 0.7605 -0.4778
vn 0.0335 0.9973 -0.0656
vn 0.3397 0.8875 0.3113
vn -0.1596 0.9546 -0.2515
vn -0.2359 0.9477 -0.2150
vn 0.3662 0.8822 0.2960
vn 0.3212 0.9111 0.2584
vn -0.2635 0.9359 -0.2339
vn -0.6496 0.4261 -0.6296
vn -0.6434 0.4380 -0.6278
vn -0.4184 0.7757 -0.4725
vn -0.6192 0.4947 -0.6098
vn -0.1791 0.9488 -0.2601
vn -0.0354 0.9943 -0.1003
vn 0.4897 0.5627 0.6659
vn 0.4665 0.6268 0.6241
vn 0.4702 0.5672 0.6762
vn 0.4630 0.5889 0.6624
vn 0.4854 0.5839 0.6507
vn 0.4720 0.6505 0.5950
vn 0.4076 0.7247 0.5555
vn 0.2764 0.8618 0.4253
vn 0.4300 0.7353 0.5238
vn 0.3154 0.8647 0.3909
vn 0.4946 0.6147 0.6144
vn 0.4896 0.6748 0.5523
vn 0.4651 0.6057 0.6457
vn 0.4505 0.7484 0.4867
vn 0.3398 0.8691 0.3595
vn 0.4826 0.4611 0.7446
vn 0.5002 0.2517 0.8285
vn 0.5049 0.3596 0.7847
vn 0.4618 0.5465 0.6986
vn 0.4409 0.6024 0.6654
vn 0.4838 0.4541 0.7482
vn 0.4719 0.2214 0.8534
vn 0.4258 0.3433 0.8372
vn 0.4172 0.3634 0.8330
vn 0.4907 0.2604 0.8315
vn 0.5037 0.3194 0.8027
vn 0.4531 0.3856 0.8038
vn 0.4331 0.3544 0.8287
vn 0.5103 0.1781 0.8413
vn 0.3895 0.2278 0.8924
vn 0.3551 0.4183 0.8360
vn 0.3651 0.4844 0.7950
vn 0.3621 0.3128 0.8781
vn 0.5618 -0.0703 0.8243
vn 0.4326 -0.0444 0.9005
vn 0.3898 0.0108 0.9208
vn 0.1353 0.9835 0.1203
vn 0.1223 0.9790 0.1634
vn 0.0823 0.9739 0.2116
vn -0.1004 0.8517 -0.5143
vn 0.2089 0.9777 -0.0225
vn 0.1886 0.9820 0.0082
vn -0.1429 0.8572 -0.4947
vn -0.1328 0.7152 -0.6862
vn -0.2366 0.8413 -0.4861
vn -0.1967 0.8137 -0.5470
vn -0.0220 0.8198 -0.5722
vn -0.0961 0.6649 -0.7407
vn -0.2517 0.8374 -0.4852
vn 0.2390 0.9679 0.0784
vn 0.1858 0.9821 0.0311
vn -0.2029 0.8543 -0.4785
vn -0.2847 0.8536 -0.4363
vn 0.1779 0.9832 0.0418
vn 0.1674 0.9824 0.0833
vn 0.1145 0.9842 -0.1351
vn -0.1058 0.9495 -0.2955
vn -0.3734 0.9245 -0.0771
vn -0.5396 0.6995 -0.4685
vn -0.4728 0.7923 -0.3856
vn -0.3236 0.9451 -0.0461
vn 0.0414 0.9416 0.3341
vn -0.0680 0.9740 0.2159
vn -0.0791 0.9689 0.2343
vn 0.0479 0.9299 0.3646
vn -0.0721 0.9808 0.1813
vn -0.5057 0.8499 -0.1480
vn 0.0228 0.9579 0.2863
vn 0.2198 0.8160 0.5346
vn 0.1033 0.8185 0.5652
vn -0.3840 0.7190 0.5793
vn -0.4478 0.6152 0.6488
vn 0.1425 0.8261 0.5452
vn 0.0677 0.8842 0.4622
vn 0.0711 0.9034 0.4229
vn 0.0447 0.9197 0.3901
vn 0.0911 0.8540 0.5123
vn 0.0707 0.8014 0.5939
vn 0.0301 0.9337 0.3567
vn 0.0835 0.9164 0.3915
vn 0.0410 0.8995 0.4350
vn -0.6563 0.1699 0.7351
vn -0.7540 -0.3780 -0.5372
# 6807 vertex normals

vt 0.0000 0.0000 0.0000
# 1 texture coords

o Cabeza3
g Cabeza3
usemtl 03___Default
s 1
f 1/1/1 2/1/2 3/1/3 4/1/4 
f 5/1/5 6/1/6 3/1/3 2/1/2 
f 7/1/7 8/1/8 3/1/3 6/1/6 
f 4/1/4 3/1/3 8/1/8 9/1/9 
f 10/1/10 11/1/11 12/1/12 13/1/13 
f 8/1/8 12/1/12 11/1/11 9/1/9 
f 14/1/14 12/1/12 8/1/8 7/1/7 
f 14/1/14 15/1/15 13/1/13 
f 9/1/9 16/1/16 17/1/17 4/1/4 
f 18/1/18 19/1/19 17/1/17 16/1/16 
f 20/1/20 21/1/21 17/1/17 19/1/19 
f 4/1/4 17/1/17 21/1/21 1/1/1 
f 18/1/18 16/1/16 22/1/22 23/1/23 
f 16/1/16 9/1/9 11/1/11 22/1/22 
f 10/1/10 24/1/24 22/1/22 11/1/11 
f 23/1/23 22/1/22 24/1/24 25/1/25 
f 25/1/25 24/1/24 26/1/26 27/1/27 
f 13/1/13 26/1/26 24/1/24 10/1/10 
f 15/1/15 28/1/28 26/1/26 13/1/13 
f 27/1/27 26/1/26 28/1/28 29/1/29 
f 5/1/5 30/1/30 31/1/31 32/1/32 
f 33/1/33 31/1/31 30/1/30 34/1/34 
f 35/1/35 36/1/36 31/1/31 33/1/33 
f 32/1/32 31/1/31 36/1/36 37/1/37 
f 7/1/7 6/1/6 38/1/38 39/1/39 
f 32/1/32 38/1/38 6/1/6 5/1/5 
f 37/1/37 40/1/40 38/1/38 32/1/32 
f 39/1/39 38/1/38 40/1/40 41/1/41 
f 42/1/42 14/1/14 7/1/7 
f 43/1/43 42/1/42 39/1/39 41/1/41 
f 44/1/44 45/1/45 42/1/42 43/1/43 
f 14/1/14 42/1/42 45/1/45 15/1/15 
f 46/1/46 47/1/47 45/1/45 44/1/44 
f 48/1/48 47/1/47 46/1/46 49/1/49 
f 47/1/47 48/1/48 29/1/29 
f 28/1/28 15/1/15 45/1/45 
f 50/1/50 51/1/51 52/1/52 53/1/53 
f 23/1/23 52/1/52 51/1/51 18/1/18 
f 25/1/25 54/1/54 52/1/52 23/1/23 
f 53/1/53 52/1/52 54/1/54 55/1/55 
f 56/1/56 57/1/57 55/1/55 
f 27/1/27 56/1/56 54/1/54 25/1/25 
f 29/1/29 58/1/58 56/1/56 27/1/27 
f 58/1/58 59/1/59 57/1/57 
f 58/1/58 60/1/60 61/1/61 59/1/59 
f 58/1/58 29/1/29 48/1/48 
f 48/1/48 49/1/49 62/1/62 
f 60/1/60 62/1/62 63/1/63 
f 63/1/63 62/1/62 64/1/64 65/1/65 
f 62/1/62 49/1/49 66/1/66 
f 67/1/67 64/1/64 66/1/66 68/1/68 
f 67/1/67 69/1/69 65/1/65 
f 69/1/69 67/1/67 70/1/70 71/1/71 
f 68/1/68 72/1/72 70/1/70 67/1/67 
f 73/1/73 74/1/74 70/1/70 72/1/72 
f 75/1/75 71/1/71 70/1/70 74/1/74 
f 76/1/76 77/1/77 78/1/78 79/1/79 
f 74/1/74 78/1/78 77/1/77 75/1/75 
f 80/1/80 78/1/78 74/1/74 73/1/73 
f 79/1/79 78/1/78 80/1/80 81/1/81 
f 82/1/82 83/1/83 84/1/84 85/1/85 
f 86/1/86 87/1/87 84/1/84 83/1/83 
f 88/1/88 84/1/84 87/1/87 89/1/89 
f 85/1/85 84/1/84 88/1/88 35/1/35 
f 37/1/37 36/1/36 90/1/90 91/1/91 
f 88/1/88 90/1/90 36/1/36 35/1/35 
f 89/1/89 92/1/92 90/1/90 88/1/88 
f 91/1/91 90/1/90 92/1/92 93/1/93 
f 94/1/94 95/1/95 41/1/41 
f 91/1/91 94/1/94 40/1/40 37/1/37 
f 93/1/93 96/1/96 94/1/94 91/1/91 
f 95/1/95 94/1/94 96/1/96 97/1/97 
f 41/1/41 95/1/95 98/1/98 43/1/43 
f 99/1/99 98/1/98 95/1/95 97/1/97 
f 100/1/100 101/1/101 98/1/98 99/1/99 
f 43/1/43 98/1/98 101/1/101 44/1/44 
f 44/1/44 101/1/101 102/1/102 46/1/46 
f 103/1/103 102/1/102 101/1/101 100/1/100 
f 104/1/104 105/1/105 102/1/102 103/1/103 
f 46/1/46 102/1/102 105/1/105 49/1/49 
f 68/1/68 66/1/66 106/1/106 107/1/107 
f 105/1/105 106/1/106 66/1/66 49/1/49 
f 104/1/104 108/1/108 106/1/106 105/1/105 
f 107/1/107 106/1/106 108/1/108 109/1/109 
f 72/1/72 110/1/110 111/1/111 73/1/73 
f 107/1/107 110/1/110 72/1/72 68/1/68 
f 109/1/109 112/1/112 110/1/110 107/1/107 
f 111/1/111 110/1/110 112/1/112 113/1/113 
f 73/1/73 111/1/111 114/1/114 80/1/80 
f 113/1/113 115/1/115 114/1/114 111/1/111 
f 116/1/116 114/1/114 115/1/115 117/1/117 
f 81/1/81 80/1/80 114/1/114 116/1/116 
f 86/1/86 118/1/118 119/1/119 87/1/87 
f 120/1/120 119/1/119 118/1/118 121/1/121 
f 122/1/122 123/1/123 119/1/119 120/1/120 
f 87/1/87 119/1/119 123/1/123 89/1/89 
f 123/1/123 124/1/124 92/1/92 89/1/89 
f 125/1/125 124/1/124 123/1/123 122/1/122 
f 126/1/126 127/1/127 124/1/124 125/1/125 
f 93/1/93 92/1/92 124/1/124 127/1/127 
f 128/1/128 129/1/129 130/1/130 131/1/131 
f 97/1/97 96/1/96 130/1/130 129/1/129 
f 127/1/127 130/1/130 96/1/96 93/1/93 
f 131/1/131 130/1/130 127/1/127 126/1/126 
f 131/1/131 132/1/132 133/1/133 128/1/128 
f 134/1/134 132/1/132 131/1/131 126/1/126 
f 132/1/132 134/1/134 135/1/135 
f 97/1/97 129/1/129 136/1/136 99/1/99 
f 137/1/137 136/1/136 129/1/129 128/1/128 
f 138/1/138 139/1/139 136/1/136 137/1/137 
f 99/1/99 136/1/136 139/1/139 100/1/100 
f 104/1/104 103/1/103 140/1/140 141/1/141 
f 139/1/139 140/1/140 103/1/103 100/1/100 
f 142/1/142 140/1/140 139/1/139 138/1/138 
f 143/1/143 141/1/141 140/1/140 142/1/142 
f 109/1/109 108/1/108 144/1/144 145/1/145 
f 141/1/141 144/1/144 108/1/108 104/1/104 
f 146/1/146 144/1/144 141/1/141 143/1/143 
f 147/1/147 145/1/145 144/1/144 146/1/146 
f 148/1/148 149/1/149 150/1/150 151/1/151 
f 113/1/113 112/1/112 150/1/150 149/1/149 
f 145/1/145 150/1/150 112/1/112 109/1/109 
f 151/1/151 150/1/150 145/1/145 147/1/147 
f 152/1/152 153/1/153 154/1/154 155/1/155 
f 153/1/153 55/1/55 57/1/57 
f 59/1/59 156/1/156 154/1/154 57/1/57 
f 155/1/155 154/1/154 156/1/156 157/1/157 
f 158/1/158 159/1/159 160/1/160 161/1/161 
f 155/1/155 160/1/160 159/1/159 152/1/152 
f 157/1/157 162/1/162 160/1/160 155/1/155 
f 161/1/161 160/1/160 162/1/162 163/1/163 
f 157/1/157 156/1/156 164/1/164 165/1/165 
f 61/1/61 164/1/164 156/1/156 59/1/59 
f 63/1/63 166/1/166 164/1/164 61/1/61 
f 165/1/165 164/1/164 166/1/166 167/1/167 
f 163/1/163 162/1/162 168/1/168 169/1/169 
f 165/1/165 168/1/168 162/1/162 157/1/157 
f 167/1/167 170/1/170 168/1/168 165/1/165 
f 169/1/169 168/1/168 170/1/170 171/1/171 
f 172/1/172 173/1/173 174/1/174 175/1/175 
f 169/1/169 174/1/174 173/1/173 163/1/163 
f 171/1/171 176/1/176 174/1/174 169/1/169 
f 175/1/175 174/1/174 176/1/176 177/1/177 
f 167/1/167 166/1/166 178/1/178 179/1/179 
f 65/1/65 178/1/178 166/1/166 63/1/63 
f 69/1/69 180/1/180 178/1/178 65/1/65 
f 179/1/179 178/1/178 180/1/180 181/1/181 
f 182/1/182 183/1/183 184/1/184 185/1/185 
f 186/1/186 184/1/184 183/1/183 187/1/187 
f 177/1/177 176/1/176 184/1/184 186/1/186 
f 185/1/185 184/1/184 176/1/176 171/1/171 
f 171/1/171 170/1/170 188/1/188 185/1/185 
f 179/1/179 188/1/188 170/1/170 167/1/167 
f 181/1/181 189/1/189 188/1/188 179/1/179 
f 185/1/185 188/1/188 189/1/189 182/1/182 
f 190/1/190 191/1/191 181/1/181 
f 71/1/71 190/1/190 180/1/180 69/1/69 
f 75/1/75 192/1/192 190/1/190 71/1/71 
f 192/1/192 193/1/193 191/1/191 
f 194/1/194 195/1/195 193/1/193 
f 77/1/77 194/1/194 192/1/192 75/1/75 
f 76/1/76 196/1/196 194/1/194 77/1/77 
f 195/1/195 194/1/194 196/1/196 197/1/197 
f 182/1/182 189/1/189 198/1/198 199/1/199 
f 191/1/191 198/1/198 189/1/189 181/1/181 
f 193/1/193 200/1/200 198/1/198 191/1/191 
f 199/1/199 198/1/198 200/1/200 201/1/201 
f 187/1/187 183/1/183 202/1/202 203/1/203 
f 199/1/199 202/1/202 183/1/183 182/1/182 
f 201/1/201 204/1/204 202/1/202 199/1/199 
f 203/1/203 202/1/202 204/1/204 205/1/205 
f 201/1/201 200/1/200 206/1/206 207/1/207 
f 195/1/195 206/1/206 200/1/200 193/1/193 
f 197/1/197 208/1/208 206/1/206 195/1/195 
f 207/1/207 206/1/206 208/1/208 209/1/209 
f 205/1/205 204/1/204 210/1/210 211/1/211 
f 207/1/207 210/1/210 204/1/204 201/1/201 
f 209/1/209 212/1/212 210/1/210 207/1/207 
f 211/1/211 210/1/210 212/1/212 213/1/213 
f 209/1/209 208/1/208 214/1/214 215/1/215 
f 216/1/216 214/1/214 208/1/208 197/1/197 
f 217/1/217 218/1/218 214/1/214 216/1/216 
f 215/1/215 214/1/214 218/1/218 219/1/219 
f 213/1/213 212/1/212 220/1/220 221/1/221 
f 215/1/215 220/1/220 212/1/212 209/1/209 
f 219/1/219 222/1/222 220/1/220 215/1/215 
f 221/1/221 220/1/220 222/1/222 223/1/223 
f 223/1/223 222/1/222 224/1/224 225/1/225 
f 226/1/226 224/1/224 222/1/222 219/1/219 
f 227/1/227 228/1/228 224/1/224 226/1/226 
f 225/1/225 224/1/224 228/1/228 229/1/229 
f 230/1/230 231/1/231 232/1/232 233/1/233 
f 234/1/234 232/1/232 231/1/231 235/1/235 
f 229/1/229 228/1/228 232/1/232 234/1/234 
f 233/1/233 232/1/232 228/1/228 227/1/227 
f 235/1/235 231/1/231 236/1/236 237/1/237 
f 238/1/238 236/1/236 231/1/231 230/1/230 
f 239/1/239 240/1/240 236/1/236 238/1/238 
f 237/1/237 236/1/236 240/1/240 241/1/241 
f 135/1/135 242/1/242 243/1/243 133/1/133 
f 244/1/244 243/1/243 242/1/242 245/1/245 
f 246/1/246 247/1/247 243/1/243 244/1/244 
f 133/1/133 243/1/243 247/1/247 128/1/128 
f 247/1/247 248/1/248 137/1/137 128/1/128 
f 249/1/249 248/1/248 247/1/247 246/1/246 
f 250/1/250 251/1/251 248/1/248 249/1/249 
f 137/1/137 248/1/248 251/1/251 138/1/138 
f 138/1/138 251/1/251 252/1/252 142/1/142 
f 253/1/253 252/1/252 251/1/251 250/1/250 
f 254/1/254 255/1/255 252/1/252 253/1/253 
f 142/1/142 252/1/252 255/1/255 143/1/143 
f 143/1/143 255/1/255 256/1/256 146/1/146 
f 257/1/257 256/1/256 255/1/255 254/1/254 
f 258/1/258 259/1/259 256/1/256 257/1/257 
f 146/1/146 256/1/256 259/1/259 147/1/147 
f 254/1/254 260/1/260 261/1/261 257/1/257 
f 262/1/262 261/1/261 260/1/260 263/1/263 
f 264/1/264 265/1/265 261/1/261 262/1/262 
f 257/1/257 261/1/261 265/1/265 258/1/258 
f 266/1/266 267/1/267 268/1/268 269/1/269 
f 175/1/175 268/1/268 267/1/267 172/1/172 
f 177/1/177 270/1/270 268/1/268 175/1/175 
f 269/1/269 268/1/268 270/1/270 271/1/271 
f 271/1/271 270/1/270 272/1/272 273/1/273 
f 186/1/186 272/1/272 270/1/270 177/1/177 
f 187/1/187 274/1/274 272/1/272 186/1/186 
f 273/1/273 272/1/272 274/1/274 275/1/275 
f 275/1/275 274/1/274 276/1/276 277/1/277 
f 203/1/203 276/1/276 274/1/274 187/1/187 
f 205/1/205 278/1/278 276/1/276 203/1/203 
f 277/1/277 276/1/276 278/1/278 279/1/279 
f 279/1/279 278/1/278 280/1/280 281/1/281 
f 211/1/211 280/1/280 278/1/278 205/1/205 
f 213/1/213 282/1/282 280/1/280 211/1/211 
f 281/1/281 280/1/280 282/1/282 283/1/283 
f 283/1/283 282/1/282 284/1/284 285/1/285 
f 221/1/221 284/1/284 282/1/282 213/1/213 
f 223/1/223 286/1/286 284/1/284 221/1/221 
f 285/1/285 284/1/284 286/1/286 287/1/287 
f 287/1/287 286/1/286 288/1/288 289/1/289 
f 225/1/225 288/1/288 286/1/286 223/1/223 
f 229/1/229 290/1/290 288/1/288 225/1/225 
f 289/1/289 288/1/288 290/1/290 291/1/291 
f 291/1/291 290/1/290 292/1/292 293/1/293 
f 234/1/234 292/1/292 290/1/290 229/1/229 
f 235/1/235 294/1/294 292/1/292 234/1/234 
f 293/1/293 292/1/292 294/1/294 295/1/295 
f 295/1/295 294/1/294 296/1/296 297/1/297 
f 237/1/237 296/1/296 294/1/294 235/1/235 
f 241/1/241 298/1/298 296/1/296 237/1/237 
f 297/1/297 296/1/296 298/1/298 299/1/299 
f 300/1/300 301/1/301 302/1/302 303/1/303 
f 304/1/304 302/1/302 301/1/301 305/1/305 
f 266/1/266 306/1/306 302/1/302 304/1/304 
f 303/1/303 302/1/302 306/1/306 307/1/307 
f 307/1/307 306/1/306 308/1/308 309/1/309 
f 269/1/269 308/1/308 306/1/306 266/1/266 
f 271/1/271 310/1/310 308/1/308 269/1/269 
f 309/1/309 308/1/308 310/1/310 311/1/311 
f 311/1/311 310/1/310 312/1/312 313/1/313 
f 273/1/273 312/1/312 310/1/310 271/1/271 
f 275/1/275 314/1/314 312/1/312 273/1/273 
f 313/1/313 312/1/312 314/1/314 315/1/315 
f 315/1/315 314/1/314 316/1/316 317/1/317 
f 277/1/277 316/1/316 314/1/314 275/1/275 
f 279/1/279 318/1/318 316/1/316 277/1/277 
f 317/1/317 316/1/316 318/1/318 319/1/319 
f 319/1/319 318/1/318 320/1/320 321/1/321 
f 281/1/281 320/1/320 318/1/318 279/1/279 
f 283/1/283 322/1/322 320/1/320 281/1/281 
f 321/1/321 320/1/320 322/1/322 323/1/323 
f 323/1/323 322/1/322 324/1/324 325/1/325 
f 285/1/285 324/1/324 322/1/322 283/1/283 
f 287/1/287 326/1/326 324/1/324 285/1/285 
f 325/1/325 324/1/324 326/1/326 327/1/327 
f 327/1/327 326/1/326 328/1/328 329/1/329 
f 289/1/289 328/1/328 326/1/326 287/1/287 
f 291/1/291 330/1/330 328/1/328 289/1/289 
f 329/1/329 328/1/328 330/1/330 331/1/331 
f 331/1/331 330/1/330 332/1/332 333/1/333 
f 293/1/293 332/1/332 330/1/330 291/1/291 
f 295/1/295 334/1/334 332/1/332 293/1/293 
f 333/1/333 332/1/332 334/1/334 335/1/335 
f 336/1/336 337/1/337 338/1/338 339/1/339 
f 340/1/340 338/1/338 337/1/337 341/1/341 
f 300/1/300 342/1/342 338/1/338 340/1/340 
f 339/1/339 338/1/338 342/1/342 343/1/343 
f 343/1/343 342/1/342 344/1/344 345/1/345 
f 303/1/303 344/1/344 342/1/342 300/1/300 
f 307/1/307 346/1/346 344/1/344 303/1/303 
f 345/1/345 344/1/344 346/1/346 347/1/347 
f 347/1/347 346/1/346 348/1/348 349/1/349 
f 309/1/309 348/1/348 346/1/346 307/1/307 
f 311/1/311 350/1/350 348/1/348 309/1/309 
f 349/1/349 348/1/348 350/1/350 351/1/351 
f 351/1/351 350/1/350 352/1/352 353/1/353 
f 313/1/313 352/1/352 350/1/350 311/1/311 
f 315/1/315 354/1/354 352/1/352 313/1/313 
f 353/1/353 352/1/352 354/1/354 355/1/355 
f 355/1/355 354/1/354 356/1/356 357/1/357 
f 317/1/317 356/1/356 354/1/354 315/1/315 
f 319/1/319 358/1/358 356/1/356 317/1/317 
f 357/1/357 356/1/356 358/1/358 359/1/359 
f 359/1/359 358/1/358 360/1/360 361/1/361 
f 321/1/321 360/1/360 358/1/358 319/1/319 
f 323/1/323 362/1/362 360/1/360 321/1/321 
f 361/1/361 360/1/360 362/1/362 363/1/363 
f 363/1/363 362/1/362 364/1/364 365/1/365 
f 325/1/325 364/1/364 362/1/362 323/1/323 
f 327/1/327 366/1/366 364/1/364 325/1/325 
f 365/1/365 364/1/364 366/1/366 367/1/367 
f 367/1/367 366/1/366 368/1/368 369/1/369 
f 329/1/329 368/1/368 366/1/366 327/1/327 
f 331/1/331 370/1/370 368/1/368 329/1/329 
f 369/1/369 368/1/368 370/1/370 371/1/371 
f 371/1/371 370/1/370 372/1/372 373/1/373 
f 333/1/333 372/1/372 370/1/370 331/1/331 
f 335/1/335 374/1/374 372/1/372 333/1/333 
f 373/1/373 372/1/372 374/1/374 375/1/375 
f 376/1/376 377/1/377 378/1/378 379/1/379 
f 85/1/85 377/1/377 376/1/376 82/1/82 
f 35/1/35 380/1/380 377/1/377 85/1/85 
f 378/1/378 377/1/377 380/1/380 381/1/381 
f 382/1/382 383/1/383 34/1/34 
f 30/1/30 5/1/5 2/1/2 
f 1/1/1 384/1/384 382/1/382 2/1/2 
f 383/1/383 382/1/382 384/1/384 385/1/385 
f 1/1/1 21/1/21 386/1/386 384/1/384 
f 387/1/387 386/1/386 21/1/21 20/1/20 
f 388/1/388 389/1/389 386/1/386 387/1/387 
f 384/1/384 386/1/386 389/1/389 385/1/385 
f 388/1/388 390/1/390 391/1/391 389/1/389 
f 392/1/392 391/1/391 390/1/390 393/1/393 
f 394/1/394 395/1/395 391/1/391 392/1/392 
f 395/1/395 385/1/385 389/1/389 
f 381/1/381 380/1/380 396/1/396 397/1/397 
f 33/1/33 396/1/396 380/1/380 35/1/35 
f 34/1/34 383/1/383 396/1/396 33/1/33 
f 397/1/397 396/1/396 383/1/383 385/1/385 
f 394/1/394 398/1/398 399/1/399 395/1/395 
f 398/1/398 381/1/381 397/1/397 
f 397/1/397 385/1/385 395/1/395 
f 400/1/400 401/1/401 402/1/402 403/1/403 
f 404/1/404 402/1/402 401/1/401 405/1/405 
f 406/1/406 407/1/407 402/1/402 404/1/404 
f 403/1/403 402/1/402 407/1/407 408/1/408 
f 408/1/408 407/1/407 409/1/409 410/1/410 
f 411/1/411 409/1/409 407/1/407 406/1/406 
f 412/1/412 413/1/413 409/1/409 411/1/411 
f 410/1/410 409/1/409 413/1/413 414/1/414 
f 414/1/414 413/1/413 415/1/415 416/1/416 
f 417/1/417 415/1/415 413/1/413 412/1/412 
f 418/1/418 419/1/419 415/1/415 417/1/417 
f 416/1/416 415/1/415 419/1/419 420/1/420 
f 420/1/420 419/1/419 421/1/421 422/1/422 
f 423/1/423 421/1/421 419/1/419 418/1/418 
f 424/1/424 425/1/425 421/1/421 423/1/423 
f 422/1/422 421/1/421 425/1/425 426/1/426 
f 427/1/427 428/1/428 429/1/429 430/1/430 
f 431/1/431 429/1/429 428/1/428 426/1/426 
f 432/1/432 433/1/433 429/1/429 431/1/431 
f 430/1/430 429/1/429 433/1/433 434/1/434 
f 435/1/435 436/1/436 437/1/437 438/1/438 
f 436/1/436 432/1/432 431/1/431 
f 426/1/426 425/1/425 437/1/437 431/1/431 
f 438/1/438 437/1/437 425/1/425 424/1/424 
f 439/1/439 440/1/440 441/1/441 442/1/442 
f 376/1/376 441/1/441 440/1/440 82/1/82 
f 379/1/379 443/1/443 441/1/441 376/1/376 
f 442/1/442 441/1/441 443/1/443 444/1/444 
f 445/1/445 446/1/446 447/1/447 448/1/448 
f 83/1/83 447/1/447 446/1/446 86/1/86 
f 82/1/82 440/1/440 447/1/447 83/1/83 
f 448/1/448 447/1/447 440/1/440 439/1/439 
f 121/1/121 449/1/449 450/1/450 120/1/120 
f 451/1/451 450/1/450 449/1/449 452/1/452 
f 453/1/453 454/1/454 450/1/450 451/1/451 
f 120/1/120 450/1/450 454/1/454 122/1/122 
f 122/1/122 454/1/454 455/1/455 125/1/125 
f 456/1/456 455/1/455 454/1/454 453/1/453 
f 457/1/457 455/1/455 456/1/456 458/1/458 
f 125/1/125 455/1/455 457/1/457 126/1/126 
f 245/1/245 242/1/242 459/1/459 460/1/460 
f 134/1/134 459/1/459 242/1/242 135/1/135 
f 126/1/126 457/1/457 459/1/459 134/1/134 
f 460/1/460 459/1/459 457/1/457 458/1/458 
f 121/1/121 118/1/118 461/1/461 462/1/462 
f 446/1/446 461/1/461 118/1/118 86/1/86 
f 445/1/445 463/1/463 461/1/461 446/1/446 
f 463/1/463 464/1/464 462/1/462 
f 465/1/465 466/1/466 467/1/467 
f 442/1/442 465/1/465 468/1/468 439/1/439 
f 444/1/444 469/1/469 465/1/465 442/1/442 
f 466/1/466 465/1/465 469/1/469 470/1/470 
f 464/1/464 463/1/463 471/1/471 472/1/472 
f 448/1/448 471/1/471 463/1/463 445/1/445 
f 439/1/439 468/1/468 471/1/471 448/1/448 
f 468/1/468 467/1/467 472/1/472 
f 452/1/452 449/1/449 473/1/473 474/1/474 
f 462/1/462 473/1/473 449/1/449 121/1/121 
f 462/1/462 464/1/464 474/1/474 
f 452/1/452 475/1/475 476/1/476 451/1/451 
f 477/1/477 476/1/476 475/1/475 478/1/478 
f 479/1/479 480/1/480 476/1/476 477/1/477 
f 451/1/451 476/1/476 480/1/480 453/1/453 
f 464/1/464 481/1/481 482/1/482 474/1/474 
f 483/1/483 482/1/482 481/1/481 484/1/484 
f 478/1/478 475/1/475 482/1/482 483/1/483 
f 474/1/474 482/1/482 475/1/475 452/1/452 
f 485/1/485 486/1/486 484/1/484 
f 481/1/481 464/1/464 472/1/472 
f 485/1/485 472/1/472 467/1/467 
f 487/1/487 488/1/488 486/1/486 
f 489/1/489 490/1/490 488/1/488 
f 467/1/467 491/1/491 489/1/489 487/1/487 
f 490/1/490 489/1/489 491/1/491 492/1/492 
f 493/1/493 494/1/494 492/1/492 
f 466/1/466 493/1/493 491/1/491 467/1/467 
f 470/1/470 495/1/495 493/1/493 466/1/466 
f 495/1/495 496/1/496 494/1/494 
f 497/1/497 498/1/498 499/1/499 500/1/500 
f 490/1/490 499/1/499 498/1/498 488/1/488 
f 492/1/492 501/1/501 499/1/499 490/1/490 
f 501/1/501 502/1/502 500/1/500 
f 503/1/503 504/1/504 505/1/505 506/1/506 
f 486/1/486 505/1/505 504/1/504 484/1/484 
f 488/1/488 498/1/498 505/1/505 486/1/486 
f 506/1/506 505/1/505 498/1/498 497/1/497 
f 507/1/507 508/1/508 509/1/509 510/1/510 
f 483/1/483 509/1/509 508/1/508 478/1/478 
f 484/1/484 504/1/504 509/1/509 483/1/483 
f 510/1/510 509/1/509 504/1/504 503/1/503 
f 511/1/511 512/1/512 513/1/513 514/1/514 
f 479/1/479 477/1/477 512/1/512 511/1/511 
f 478/1/478 508/1/508 512/1/512 477/1/477 
f 513/1/513 512/1/512 508/1/508 507/1/507 
f 515/1/515 516/1/516 517/1/517 518/1/518 
f 495/1/495 517/1/517 516/1/516 496/1/496 
f 519/1/519 517/1/517 495/1/495 470/1/470 
f 518/1/518 517/1/517 519/1/519 520/1/520 
f 405/1/405 521/1/521 522/1/522 404/1/404 
f 523/1/523 522/1/522 521/1/521 524/1/524 
f 525/1/525 526/1/526 522/1/522 523/1/523 
f 404/1/404 522/1/522 526/1/526 406/1/406 
f 527/1/527 528/1/528 529/1/529 530/1/530 
f 518/1/518 529/1/529 528/1/528 515/1/515 
f 520/1/520 531/1/531 529/1/529 518/1/518 
f 530/1/530 529/1/529 531/1/531 532/1/532 
f 524/1/524 533/1/533 534/1/534 523/1/523 
f 530/1/530 534/1/534 533/1/533 527/1/527 
f 532/1/532 535/1/535 534/1/534 530/1/530 
f 523/1/523 534/1/534 535/1/535 525/1/525 
f 470/1/470 469/1/469 536/1/536 519/1/519 
f 537/1/537 536/1/536 469/1/469 444/1/444 
f 538/1/538 539/1/539 536/1/536 537/1/537 
f 519/1/519 536/1/536 539/1/539 520/1/520 
f 406/1/406 526/1/526 540/1/540 411/1/411 
f 541/1/541 540/1/540 526/1/526 525/1/525 
f 542/1/542 543/1/543 540/1/540 541/1/541 
f 411/1/411 540/1/540 543/1/543 412/1/412 
f 520/1/520 539/1/539 544/1/544 531/1/531 
f 545/1/545 544/1/544 539/1/539 538/1/538 
f 546/1/546 547/1/547 544/1/544 545/1/545 
f 531/1/531 544/1/544 547/1/547 532/1/532 
f 542/1/542 541/1/541 548/1/548 549/1/549 
f 535/1/535 548/1/548 541/1/541 525/1/525 
f 532/1/532 547/1/547 548/1/548 535/1/535 
f 549/1/549 548/1/548 547/1/547 546/1/546 
f 444/1/444 443/1/443 550/1/550 537/1/537 
f 551/1/551 550/1/550 443/1/443 379/1/379 
f 550/1/550 551/1/551 552/1/552 
f 553/1/553 538/1/538 537/1/537 
f 412/1/412 543/1/543 554/1/554 417/1/417 
f 555/1/555 554/1/554 543/1/543 542/1/542 
f 556/1/556 557/1/557 554/1/554 555/1/555 
f 417/1/417 554/1/554 557/1/557 418/1/418 
f 558/1/558 545/1/545 538/1/538 
f 553/1/553 552/1/552 559/1/559 
f 560/1/560 561/1/561 558/1/558 559/1/559 
f 545/1/545 558/1/558 561/1/561 546/1/546 
f 556/1/556 555/1/555 562/1/562 563/1/563 
f 549/1/549 562/1/562 555/1/555 542/1/542 
f 546/1/546 561/1/561 562/1/562 549/1/549 
f 563/1/563 562/1/562 561/1/561 560/1/560 
f 556/1/556 564/1/564 565/1/565 557/1/557 
f 566/1/566 565/1/565 564/1/564 567/1/567 
f 423/1/423 565/1/565 566/1/566 424/1/424 
f 418/1/418 557/1/557 565/1/565 423/1/423 
f 379/1/379 378/1/378 568/1/568 551/1/551 
f 569/1/569 568/1/568 378/1/378 381/1/381 
f 568/1/568 569/1/569 570/1/570 
f 571/1/571 552/1/552 551/1/551 
f 552/1/552 571/1/571 572/1/572 559/1/559 
f 573/1/573 572/1/572 571/1/571 570/1/570 
f 574/1/574 575/1/575 572/1/572 573/1/573 
f 559/1/559 572/1/572 575/1/575 560/1/560 
f 567/1/567 564/1/564 576/1/576 577/1/577 
f 563/1/563 576/1/576 564/1/564 556/1/556 
f 560/1/560 575/1/575 576/1/576 563/1/563 
f 577/1/577 576/1/576 575/1/575 574/1/574 
f 438/1/438 578/1/578 579/1/579 435/1/435 
f 424/1/424 566/1/566 578/1/578 438/1/438 
f 567/1/567 580/1/580 578/1/578 566/1/566 
f 580/1/580 581/1/581 579/1/579 
f 582/1/582 583/1/583 584/1/584 
f 569/1/569 582/1/582 585/1/585 570/1/570 
f 582/1/582 569/1/569 381/1/381 
f 583/1/583 582/1/582 398/1/398 394/1/394 
f 581/1/581 580/1/580 586/1/586 587/1/587 
f 577/1/577 586/1/586 580/1/580 567/1/567 
f 586/1/586 577/1/577 574/1/574 
f 587/1/587 586/1/586 588/1/588 589/1/589 
f 589/1/589 588/1/588 590/1/590 591/1/591 
f 573/1/573 590/1/590 588/1/588 574/1/574 
f 570/1/570 585/1/585 590/1/590 573/1/573 
f 591/1/591 590/1/590 585/1/585 584/1/584 
f 305/1/305 301/1/301 592/1/592 593/1/593 
f 340/1/340 592/1/592 301/1/301 300/1/300 
f 341/1/341 594/1/594 592/1/592 340/1/340 
f 593/1/593 592/1/592 594/1/594 595/1/595 
f 596/1/596 597/1/597 598/1/598 
f 53/1/53 596/1/596 599/1/599 50/1/50 
f 596/1/596 53/1/53 55/1/55 
f 597/1/597 596/1/596 153/1/153 152/1/152 
f 593/1/593 600/1/600 601/1/601 305/1/305 
f 595/1/595 602/1/602 600/1/600 593/1/593 
f 603/1/603 600/1/600 602/1/602 604/1/604 
f 605/1/605 601/1/601 600/1/600 603/1/603 
f 606/1/606 607/1/607 173/1/173 172/1/172 
f 608/1/608 607/1/607 606/1/606 605/1/605 
f 158/1/158 161/1/161 607/1/607 608/1/608 
f 163/1/163 173/1/173 607/1/607 161/1/161 
f 605/1/605 609/1/609 610/1/610 608/1/608 
f 597/1/597 610/1/610 609/1/609 598/1/598 
f 152/1/152 159/1/159 610/1/610 597/1/597 
f 608/1/608 610/1/610 159/1/159 158/1/158 
f 604/1/604 611/1/611 612/1/612 603/1/603 
f 598/1/598 609/1/609 612/1/612 611/1/611 
f 603/1/603 612/1/612 609/1/609 605/1/605 
f 172/1/172 267/1/267 613/1/613 606/1/606 
f 304/1/304 613/1/613 267/1/267 266/1/266 
f 305/1/305 601/1/601 613/1/613 304/1/304 
f 606/1/606 613/1/613 601/1/601 605/1/605 
f 453/1/453 480/1/480 614/1/614 456/1/456 
f 480/1/480 479/1/479 615/1/615 
f 616/1/616 617/1/617 614/1/614 615/1/615 
f 456/1/456 614/1/614 617/1/617 458/1/458 
f 615/1/615 618/1/618 619/1/619 616/1/616 
f 511/1/511 618/1/618 615/1/615 479/1/479 
f 514/1/514 620/1/620 618/1/618 511/1/511 
f 621/1/621 619/1/619 618/1/618 620/1/620 
f 622/1/622 621/1/621 620/1/620 
f 623/1/623 624/1/624 620/1/620 514/1/514 
f 625/1/625 622/1/622 624/1/624 
f 507/1/507 626/1/626 627/1/627 513/1/513 
f 626/1/626 628/1/628 629/1/629 
f 627/1/627 629/1/629 625/1/625 
f 514/1/514 513/1/513 627/1/627 623/1/623 
f 503/1/503 630/1/630 631/1/631 510/1/510 
f 632/1/632 631/1/631 630/1/630 633/1/633 
f 628/1/628 626/1/626 631/1/631 632/1/632 
f 510/1/510 631/1/631 626/1/626 507/1/507 
f 633/1/633 630/1/630 634/1/634 635/1/635 
f 506/1/506 634/1/634 630/1/630 503/1/503 
f 497/1/497 636/1/636 634/1/634 506/1/506 
f 635/1/635 634/1/634 636/1/636 637/1/637 
f 637/1/637 636/1/636 638/1/638 639/1/639 
f 500/1/500 638/1/638 636/1/636 497/1/497 
f 502/1/502 640/1/640 638/1/638 500/1/500 
f 639/1/639 638/1/638 640/1/640 641/1/641 
f 642/1/642 643/1/643 644/1/644 645/1/645 
f 639/1/639 643/1/643 642/1/642 637/1/637 
f 641/1/641 644/1/644 643/1/643 639/1/639 
f 646/1/646 647/1/647 648/1/648 649/1/649 
f 635/1/635 648/1/648 647/1/647 633/1/633 
f 637/1/637 642/1/642 648/1/648 635/1/635 
f 649/1/649 648/1/648 642/1/642 645/1/645 
f 650/1/650 651/1/651 652/1/652 653/1/653 
f 632/1/632 652/1/652 651/1/651 628/1/628 
f 633/1/633 647/1/647 652/1/652 632/1/632 
f 653/1/653 652/1/652 647/1/647 646/1/646 
f 629/1/629 654/1/654 655/1/655 625/1/625 
f 628/1/628 651/1/651 654/1/654 629/1/629 
f 650/1/650 656/1/656 654/1/654 651/1/651 
f 655/1/655 654/1/654 656/1/656 657/1/657 
f 658/1/658 659/1/659 660/1/660 
f 621/1/621 622/1/622 661/1/661 660/1/660 
f 625/1/625 655/1/655 661/1/661 622/1/622 
f 657/1/657 658/1/658 661/1/661 655/1/655 
f 616/1/616 619/1/619 662/1/662 663/1/663 
f 660/1/660 662/1/662 619/1/619 621/1/621 
f 662/1/662 660/1/660 659/1/659 
f 664/1/664 665/1/665 663/1/663 
f 663/1/663 666/1/666 617/1/617 616/1/616 
f 665/1/665 667/1/667 666/1/666 663/1/663 
f 666/1/666 667/1/667 668/1/668 
f 617/1/617 666/1/666 669/1/669 458/1/458 
f 670/1/670 460/1/460 458/1/458 
f 669/1/669 668/1/668 671/1/671 
f 672/1/672 673/1/673 670/1/670 671/1/671 
f 673/1/673 245/1/245 460/1/460 
f 245/1/245 673/1/673 674/1/674 244/1/244 
f 675/1/675 674/1/674 673/1/673 672/1/672 
f 676/1/676 677/1/677 674/1/674 675/1/675 
f 244/1/244 674/1/674 677/1/677 246/1/246 
f 246/1/246 677/1/677 678/1/678 249/1/249 
f 679/1/679 678/1/678 677/1/677 676/1/676 
f 678/1/678 679/1/679 680/1/680 
f 249/1/249 678/1/678 681/1/681 250/1/250 
f 263/1/263 260/1/260 682/1/682 683/1/683 
f 253/1/253 682/1/682 260/1/260 254/1/254 
f 250/1/250 681/1/681 682/1/682 253/1/253 
f 683/1/683 682/1/682 681/1/681 680/1/680 
f 684/1/684 685/1/685 686/1/686 
f 687/1/687 688/1/688 686/1/686 689/1/689 
f 690/1/690 684/1/684 688/1/688 687/1/687 
f 680/1/680 691/1/691 692/1/692 683/1/683 
f 693/1/693 692/1/692 691/1/691 685/1/685 
f 694/1/694 695/1/695 692/1/692 693/1/693 
f 683/1/683 692/1/692 695/1/695 263/1/263 
f 263/1/263 695/1/695 696/1/696 262/1/262 
f 697/1/697 696/1/696 695/1/695 694/1/694 
f 698/1/698 699/1/699 696/1/696 697/1/697 
f 262/1/262 696/1/696 699/1/699 264/1/264 
f 264/1/264 699/1/699 700/1/700 701/1/701 
f 702/1/702 700/1/700 699/1/699 698/1/698 
f 703/1/703 704/1/704 700/1/700 702/1/702 
f 701/1/701 700/1/700 704/1/704 705/1/705 
f 706/1/706 707/1/707 705/1/705 
f 706/1/706 704/1/704 703/1/703 
f 708/1/708 706/1/706 709/1/709 710/1/710 
f 711/1/711 707/1/707 706/1/706 708/1/708 
f 147/1/147 259/1/259 712/1/712 151/1/151 
f 713/1/713 712/1/712 259/1/259 258/1/258 
f 714/1/714 715/1/715 712/1/712 713/1/713 
f 151/1/151 712/1/712 715/1/715 148/1/148 
f 258/1/258 265/1/265 716/1/716 713/1/713 
f 265/1/265 264/1/264 701/1/701 
f 716/1/716 701/1/701 705/1/705 
f 713/1/713 716/1/716 717/1/717 714/1/714 
f 714/1/714 717/1/717 718/1/718 719/1/719 
f 707/1/707 718/1/718 717/1/717 705/1/705 
f 711/1/711 720/1/720 718/1/718 707/1/707 
f 719/1/719 718/1/718 720/1/720 721/1/721 
f 113/1/113 149/1/149 722/1/722 115/1/115 
f 723/1/723 722/1/722 149/1/149 148/1/148 
f 724/1/724 725/1/725 722/1/722 723/1/723 
f 117/1/117 115/1/115 722/1/722 725/1/725 
f 148/1/148 715/1/715 726/1/726 723/1/723 
f 719/1/719 726/1/726 715/1/715 714/1/714 
f 721/1/721 727/1/727 726/1/726 719/1/719 
f 723/1/723 726/1/726 727/1/727 724/1/724 
f 721/1/721 728/1/728 729/1/729 727/1/727 
f 730/1/730 731/1/731 729/1/729 728/1/728 
f 724/1/724 727/1/727 729/1/729 731/1/731 
f 711/1/711 732/1/732 733/1/733 720/1/720 
f 734/1/734 733/1/733 732/1/732 735/1/735 
f 730/1/730 728/1/728 733/1/733 734/1/734 
f 720/1/720 733/1/733 728/1/728 721/1/721 
f 736/1/736 693/1/693 685/1/685 
f 684/1/684 690/1/690 737/1/737 
f 738/1/738 739/1/739 736/1/736 737/1/737 
f 693/1/693 736/1/736 739/1/739 694/1/694 
f 740/1/740 741/1/741 742/1/742 743/1/743 
f 744/1/744 742/1/742 741/1/741 745/1/745 
f 746/1/746 747/1/747 742/1/742 744/1/744 
f 743/1/743 742/1/742 747/1/747 690/1/690 
f 738/1/738 737/1/737 748/1/748 749/1/749 
f 737/1/737 690/1/690 747/1/747 
f 749/1/749 748/1/748 747/1/747 746/1/746 
f 694/1/694 739/1/739 750/1/750 697/1/697 
f 751/1/751 750/1/750 739/1/739 738/1/738 
f 752/1/752 753/1/753 750/1/750 751/1/751 
f 697/1/697 750/1/750 753/1/753 698/1/698 
f 752/1/752 751/1/751 754/1/754 755/1/755 
f 738/1/738 749/1/749 754/1/754 751/1/751 
f 746/1/746 756/1/756 754/1/754 749/1/749 
f 755/1/755 754/1/754 756/1/756 757/1/757 
f 757/1/757 756/1/756 758/1/758 759/1/759 
f 744/1/744 758/1/758 756/1/756 746/1/746 
f 745/1/745 760/1/760 758/1/758 744/1/744 
f 759/1/759 758/1/758 760/1/760 761/1/761 
f 762/1/762 702/1/702 698/1/698 
f 763/1/763 762/1/762 753/1/753 752/1/752 
f 764/1/764 762/1/762 763/1/763 765/1/765 
f 703/1/703 702/1/702 762/1/762 764/1/764 
f 765/1/765 763/1/763 766/1/766 767/1/767 
f 755/1/755 766/1/766 763/1/763 752/1/752 
f 757/1/757 768/1/768 766/1/766 755/1/755 
f 767/1/767 766/1/766 768/1/768 769/1/769 
f 769/1/769 768/1/768 770/1/770 771/1/771 
f 759/1/759 770/1/770 768/1/768 757/1/757 
f 761/1/761 772/1/772 770/1/770 759/1/759 
f 771/1/771 770/1/770 772/1/772 773/1/773 
f 740/1/740 774/1/774 775/1/775 741/1/741 
f 776/1/776 775/1/775 774/1/774 777/1/777 
f 778/1/778 779/1/779 775/1/775 776/1/776 
f 745/1/745 741/1/741 775/1/775 779/1/779 
f 779/1/779 780/1/780 760/1/760 745/1/745 
f 781/1/781 780/1/780 779/1/779 778/1/778 
f 782/1/782 783/1/783 780/1/780 781/1/781 
f 760/1/760 780/1/780 783/1/783 761/1/761 
f 761/1/761 783/1/783 784/1/784 772/1/772 
f 785/1/785 784/1/784 783/1/783 782/1/782 
f 786/1/786 787/1/787 784/1/784 785/1/785 
f 772/1/772 784/1/784 787/1/787 773/1/773 
f 773/1/773 787/1/787 788/1/788 789/1/789 
f 790/1/790 788/1/788 787/1/787 786/1/786 
f 791/1/791 792/1/792 788/1/788 790/1/790 
f 789/1/789 788/1/788 792/1/792 793/1/793 
f 786/1/786 794/1/794 795/1/795 790/1/790 
f 796/1/796 795/1/795 794/1/794 797/1/797 
f 798/1/798 799/1/799 795/1/795 796/1/796 
f 790/1/790 795/1/795 799/1/799 791/1/791 
f 800/1/800 689/1/689 801/1/801 
f 801/1/801 802/1/802 803/1/803 
f 804/1/804 800/1/800 805/1/805 803/1/803 
f 689/1/689 800/1/800 806/1/806 687/1/687 
f 807/1/807 806/1/806 800/1/800 804/1/804 
f 808/1/808 809/1/809 806/1/806 807/1/807 
f 687/1/687 806/1/806 809/1/809 690/1/690 
f 777/1/777 774/1/774 810/1/810 811/1/811 
f 743/1/743 810/1/810 774/1/774 740/1/740 
f 690/1/690 809/1/809 810/1/810 743/1/743 
f 811/1/811 810/1/810 809/1/809 808/1/808 
f 811/1/811 812/1/812 813/1/813 777/1/777 
f 814/1/814 812/1/812 811/1/811 808/1/808 
f 815/1/815 813/1/813 812/1/812 814/1/814 
f 777/1/777 813/1/813 816/1/816 776/1/776 
f 817/1/817 816/1/816 813/1/813 815/1/815 
f 818/1/818 819/1/819 816/1/816 817/1/817 
f 776/1/776 816/1/816 819/1/819 778/1/778 
f 778/1/778 819/1/819 820/1/820 781/1/781 
f 821/1/821 820/1/820 819/1/819 818/1/818 
f 822/1/822 823/1/823 820/1/820 821/1/821 
f 781/1/781 820/1/820 823/1/823 782/1/782 
f 797/1/797 794/1/794 824/1/824 825/1/825 
f 785/1/785 824/1/824 794/1/794 786/1/786 
f 782/1/782 823/1/823 824/1/824 785/1/785 
f 825/1/825 824/1/824 823/1/823 822/1/822 
f 802/1/802 826/1/826 827/1/827 803/1/803 
f 828/1/828 827/1/827 826/1/826 829/1/829 
f 830/1/830 831/1/831 827/1/827 828/1/828 
f 803/1/803 827/1/827 831/1/831 804/1/804 
f 804/1/804 831/1/831 832/1/832 807/1/807 
f 833/1/833 832/1/832 831/1/831 830/1/830 
f 834/1/834 835/1/835 832/1/832 833/1/833 
f 807/1/807 832/1/832 835/1/835 808/1/808 
f 836/1/836 837/1/837 838/1/838 839/1/839 
f 840/1/840 838/1/838 837/1/837 841/1/841 
f 840/1/840 834/1/834 833/1/833 
f 830/1/830 839/1/839 838/1/838 833/1/833 
f 808/1/808 835/1/835 842/1/842 814/1/814 
f 843/1/843 842/1/842 835/1/835 834/1/834 
f 844/1/844 845/1/845 842/1/842 843/1/843 
f 814/1/814 842/1/842 845/1/845 815/1/815 
f 843/1/843 846/1/846 847/1/847 844/1/844 
f 834/1/834 840/1/840 846/1/846 843/1/843 
f 841/1/841 848/1/848 846/1/846 840/1/840 
f 847/1/847 846/1/846 848/1/848 849/1/849 
f 815/1/815 845/1/845 850/1/850 817/1/817 
f 851/1/851 850/1/850 845/1/845 844/1/844 
f 852/1/852 853/1/853 850/1/850 851/1/851 
f 817/1/817 850/1/850 853/1/853 818/1/818 
f 854/1/854 855/1/855 856/1/856 857/1/857 
f 851/1/851 856/1/856 855/1/855 852/1/852 
f 844/1/844 847/1/847 856/1/856 851/1/851 
f 857/1/857 856/1/856 847/1/847 849/1/849 
f 818/1/818 853/1/853 858/1/858 821/1/821 
f 859/1/859 858/1/858 853/1/853 852/1/852 
f 860/1/860 861/1/861 858/1/858 859/1/859 
f 821/1/821 858/1/858 861/1/861 822/1/822 
f 862/1/862 863/1/863 864/1/864 865/1/865 
f 859/1/859 864/1/864 863/1/863 860/1/860 
f 852/1/852 855/1/855 864/1/864 859/1/859 
f 855/1/855 854/1/854 865/1/865 
f 866/1/866 867/1/867 868/1/868 869/1/869 
f 870/1/870 868/1/868 867/1/867 871/1/871 
f 872/1/872 873/1/873 868/1/868 870/1/870 
f 869/1/869 868/1/868 873/1/873 874/1/874 
f 875/1/875 876/1/876 877/1/877 878/1/878 
f 879/1/879 877/1/877 876/1/876 880/1/880 
f 881/1/881 882/1/882 877/1/877 879/1/879 
f 878/1/878 877/1/877 882/1/882 883/1/883 
f 884/1/884 885/1/885 886/1/886 887/1/887 
f 878/1/878 886/1/886 885/1/885 875/1/875 
f 883/1/883 888/1/888 886/1/886 878/1/878 
f 887/1/887 886/1/886 888/1/888 889/1/889 
f 889/1/889 890/1/890 891/1/891 887/1/887 
f 869/1/869 891/1/891 890/1/890 866/1/866 
f 874/1/874 892/1/892 891/1/891 869/1/869 
f 887/1/887 891/1/891 892/1/892 884/1/884 
f 880/1/880 876/1/876 893/1/893 894/1/894 
f 895/1/895 893/1/893 876/1/876 875/1/875 
f 896/1/896 897/1/897 893/1/893 895/1/895 
f 894/1/894 893/1/893 897/1/897 898/1/898 
f 899/1/899 900/1/900 901/1/901 902/1/902 
f 895/1/895 901/1/901 900/1/900 896/1/896 
f 875/1/875 885/1/885 901/1/901 895/1/895 
f 902/1/902 901/1/901 885/1/885 884/1/884 
f 884/1/884 892/1/892 903/1/903 902/1/902 
f 892/1/892 874/1/874 904/1/904 
f 905/1/905 906/1/906 903/1/903 904/1/904 
f 902/1/902 903/1/903 906/1/906 899/1/899 
f 898/1/898 897/1/897 907/1/907 908/1/908 
f 909/1/909 907/1/907 897/1/897 896/1/896 
f 910/1/910 911/1/911 907/1/907 909/1/909 
f 908/1/908 907/1/907 911/1/911 912/1/912 
f 829/1/829 826/1/826 913/1/913 914/1/914 
f 915/1/915 913/1/913 826/1/826 802/1/802 
f 916/1/916 917/1/917 913/1/913 915/1/915 
f 914/1/914 913/1/913 917/1/917 918/1/918 
f 912/1/912 911/1/911 919/1/919 920/1/920 
f 921/1/921 919/1/919 911/1/911 910/1/910 
f 922/1/922 923/1/923 919/1/919 921/1/921 
f 920/1/920 919/1/919 923/1/923 924/1/924 
f 925/1/925 926/1/926 927/1/927 928/1/928 
f 909/1/909 927/1/927 926/1/926 910/1/910 
f 896/1/896 900/1/900 927/1/927 909/1/909 
f 928/1/928 927/1/927 900/1/900 899/1/899 
f 922/1/922 921/1/921 929/1/929 930/1/930 
f 910/1/910 926/1/926 929/1/929 921/1/921 
f 929/1/929 926/1/926 925/1/925 
f 899/1/899 906/1/906 931/1/931 928/1/928 
f 932/1/932 931/1/931 906/1/906 905/1/905 
f 931/1/931 932/1/932 933/1/933 
f 928/1/928 931/1/931 934/1/934 925/1/925 
f 935/1/935 930/1/930 925/1/925 
f 934/1/934 933/1/933 936/1/936 
f 935/1/935 936/1/936 937/1/937 
f 938/1/938 922/1/922 930/1/930 
f 918/1/918 917/1/917 939/1/939 940/1/940 
f 941/1/941 939/1/939 917/1/917 916/1/916 
f 924/1/924 923/1/923 939/1/939 941/1/941 
f 940/1/940 939/1/939 923/1/923 922/1/922 
f 874/1/874 873/1/873 942/1/942 904/1/904 
f 943/1/943 942/1/942 873/1/873 872/1/872 
f 944/1/944 945/1/945 942/1/942 943/1/943 
f 904/1/904 942/1/942 945/1/945 905/1/905 
f 905/1/905 945/1/945 946/1/946 932/1/932 
f 947/1/947 946/1/946 945/1/945 944/1/944 
f 948/1/948 949/1/949 946/1/946 947/1/947 
f 932/1/932 946/1/946 949/1/949 933/1/933 
f 948/1/948 947/1/947 950/1/950 951/1/951 
f 947/1/947 944/1/944 952/1/952 
f 953/1/953 954/1/954 950/1/950 952/1/952 
f 951/1/951 950/1/950 954/1/954 955/1/955 
f 956/1/956 957/1/957 958/1/958 959/1/959 
f 940/1/940 958/1/958 957/1/957 918/1/918 
f 922/1/922 938/1/938 958/1/958 940/1/940 
f 959/1/959 958/1/958 938/1/938 937/1/937 
f 937/1/937 936/1/936 960/1/960 959/1/959 
f 949/1/949 960/1/960 936/1/936 933/1/933 
f 948/1/948 961/1/961 960/1/960 949/1/949 
f 959/1/959 960/1/960 961/1/961 956/1/956 
f 829/1/829 962/1/962 963/1/963 828/1/828 
f 964/1/964 963/1/963 962/1/962 965/1/965 
f 836/1/836 839/1/839 963/1/963 964/1/964 
f 828/1/828 963/1/963 839/1/839 830/1/830 
f 966/1/966 967/1/967 968/1/968 969/1/969 
f 967/1/967 956/1/956 961/1/961 
f 951/1/951 968/1/968 961/1/961 948/1/948 
f 951/1/951 955/1/955 969/1/969 
f 965/1/965 962/1/962 970/1/970 971/1/971 
f 962/1/962 829/1/829 914/1/914 
f 970/1/970 914/1/914 918/1/918 
f 971/1/971 970/1/970 957/1/957 956/1/956 
f 971/1/971 972/1/972 973/1/973 965/1/965 
f 956/1/956 967/1/967 972/1/972 971/1/971 
f 966/1/966 973/1/973 972/1/972 967/1/967 
f 974/1/974 975/1/975 976/1/976 977/1/977 
f 339/1/339 976/1/976 975/1/975 336/1/336 
f 343/1/343 978/1/978 976/1/976 339/1/339 
f 977/1/977 976/1/976 978/1/978 979/1/979 
f 979/1/979 978/1/978 980/1/980 981/1/981 
f 345/1/345 980/1/980 978/1/978 343/1/343 
f 347/1/347 982/1/982 980/1/980 345/1/345 
f 981/1/981 980/1/980 982/1/982 983/1/983 
f 984/1/984 985/1/985 986/1/986 987/1/987 
f 982/1/982 986/1/986 985/1/985 983/1/983 
f 349/1/349 986/1/986 982/1/982 347/1/347 
f 351/1/351 987/1/987 986/1/986 349/1/349 
f 984/1/984 987/1/987 988/1/988 989/1/989 
f 353/1/353 988/1/988 987/1/987 351/1/351 
f 355/1/355 990/1/990 988/1/988 353/1/353 
f 989/1/989 988/1/988 990/1/990 991/1/991 
f 991/1/991 990/1/990 992/1/992 993/1/993 
f 357/1/357 992/1/992 990/1/990 355/1/355 
f 359/1/359 994/1/994 992/1/992 357/1/357 
f 993/1/993 992/1/992 994/1/994 995/1/995 
f 995/1/995 994/1/994 996/1/996 997/1/997 
f 361/1/361 996/1/996 994/1/994 359/1/359 
f 363/1/363 998/1/998 996/1/996 361/1/361 
f 997/1/997 996/1/996 998/1/998 999/1/999 
f 999/1/999 998/1/998 1000/1/1000 1001/1/1001 
f 365/1/365 1000/1/1000 998/1/998 363/1/363 
f 367/1/367 1002/1/1002 1000/1/1000 365/1/365 
f 1001/1/1001 1000/1/1000 1002/1/1002 1003/1/1003 
f 1003/1/1003 1002/1/1002 1004/1/1004 1005/1/1005 
f 369/1/369 1004/1/1004 1002/1/1002 367/1/367 
f 371/1/371 1006/1/1006 1004/1/1004 369/1/369 
f 1005/1/1005 1004/1/1004 1006/1/1006 1007/1/1007 
f 1008/1/1008 1009/1/1009 1010/1/1010 1011/1/1011 
f 1006/1/1006 1010/1/1010 1009/1/1009 1007/1/1007 
f 373/1/373 1010/1/1010 1006/1/1006 371/1/371 
f 375/1/375 1011/1/1011 1010/1/1010 373/1/373 
f 1012/1/1012 1013/1/1013 1014/1/1014 1015/1/1015 
f 1009/1/1009 1013/1/1013 1012/1/1012 1007/1/1007 
f 1016/1/1016 1013/1/1013 1009/1/1009 1008/1/1008 
f 1017/1/1017 1014/1/1014 1013/1/1013 1016/1/1016 
f 1018/1/1018 1019/1/1019 1020/1/1020 1021/1/1021 
f 1022/1/1022 1020/1/1020 1019/1/1019 1023/1/1023 
f 974/1/974 977/1/977 1020/1/1020 1022/1/1022 
f 1021/1/1021 1020/1/1020 977/1/977 979/1/979 
f 1024/1/1024 1025/1/1025 1026/1/1026 1027/1/1027 
f 1021/1/1021 1026/1/1026 1025/1/1025 1018/1/1018 
f 979/1/979 981/1/981 1026/1/1026 1021/1/1021 
f 1027/1/1027 1026/1/1026 981/1/981 983/1/983 
f 1028/1/1028 1029/1/1029 1030/1/1030 1031/1/1031 
f 1027/1/1027 1030/1/1030 1029/1/1029 1024/1/1024 
f 983/1/983 985/1/985 1030/1/1030 1027/1/1027 
f 1031/1/1031 1030/1/1030 985/1/985 984/1/984 
f 1032/1/1032 1033/1/1033 1034/1/1034 1035/1/1035 
f 1031/1/1031 1034/1/1034 1033/1/1033 1028/1/1028 
f 984/1/984 989/1/989 1034/1/1034 1031/1/1031 
f 1034/1/1034 989/1/989 991/1/991 1035/1/1035 
f 1036/1/1036 1037/1/1037 1038/1/1038 1039/1/1039 
f 1035/1/1035 1038/1/1038 1037/1/1037 1032/1/1032 
f 993/1/993 1038/1/1038 1035/1/1035 991/1/991 
f 995/1/995 1039/1/1039 1038/1/1038 993/1/993 
f 1040/1/1040 1041/1/1041 1042/1/1042 1043/1/1043 
f 1039/1/1039 1042/1/1042 1041/1/1041 1036/1/1036 
f 997/1/997 1042/1/1042 1039/1/1039 995/1/995 
f 999/1/999 1043/1/1043 1042/1/1042 997/1/997 
f 1040/1/1040 1043/1/1043 1044/1/1044 1045/1/1045 
f 1001/1/1001 1044/1/1044 1043/1/1043 999/1/999 
f 1003/1/1003 1046/1/1046 1044/1/1044 1001/1/1001 
f 1045/1/1045 1044/1/1044 1046/1/1046 1047/1/1047 
f 1048/1/1048 1049/1/1049 1050/1/1050 
f 1047/1/1047 1046/1/1046 1051/1/1051 1050/1/1050 
f 1005/1/1005 1051/1/1051 1046/1/1046 1003/1/1003 
f 1048/1/1048 1051/1/1051 1005/1/1005 1007/1/1007 
f 1049/1/1049 1048/1/1048 1052/1/1052 1053/1/1053 
f 1012/1/1012 1052/1/1052 1048/1/1048 1007/1/1007 
f 1015/1/1015 1054/1/1054 1052/1/1052 1012/1/1012 
f 1053/1/1053 1052/1/1052 1054/1/1054 1055/1/1055 
f 1023/1/1023 1019/1/1019 1056/1/1056 1057/1/1057 
f 1058/1/1058 1056/1/1056 1019/1/1019 1018/1/1018 
f 1059/1/1059 1060/1/1060 1056/1/1056 1058/1/1058 
f 1057/1/1057 1056/1/1056 1060/1/1060 1061/1/1061 
f 1018/1/1018 1025/1/1025 1062/1/1062 1058/1/1058 
f 1063/1/1063 1062/1/1062 1025/1/1025 1024/1/1024 
f 1064/1/1064 1065/1/1065 1062/1/1062 1063/1/1063 
f 1058/1/1058 1062/1/1062 1065/1/1065 1059/1/1059 
f 1024/1/1024 1029/1/1029 1066/1/1066 1063/1/1063 
f 1067/1/1067 1066/1/1066 1029/1/1029 1028/1/1028 
f 1068/1/1068 1069/1/1069 1066/1/1066 1067/1/1067 
f 1063/1/1063 1066/1/1066 1069/1/1069 1064/1/1064 
f 1028/1/1028 1033/1/1033 1070/1/1070 1067/1/1067 
f 1071/1/1071 1070/1/1070 1033/1/1033 1032/1/1032 
f 1072/1/1072 1073/1/1073 1070/1/1070 1071/1/1071 
f 1067/1/1067 1070/1/1070 1073/1/1073 1068/1/1068 
f 1074/1/1074 1075/1/1075 1076/1/1076 1077/1/1077 
f 1078/1/1078 1076/1/1076 1075/1/1075 1079/1/1079 
f 1061/1/1061 1060/1/1060 1076/1/1076 1078/1/1078 
f 1077/1/1077 1076/1/1076 1060/1/1060 1059/1/1059 
f 1080/1/1080 1081/1/1081 1082/1/1082 1083/1/1083 
f 1077/1/1077 1081/1/1081 1080/1/1080 1074/1/1074 
f 1059/1/1059 1065/1/1065 1081/1/1081 1077/1/1077 
f 1082/1/1082 1081/1/1081 1065/1/1065 1064/1/1064 
f 1084/1/1084 1085/1/1085 1086/1/1086 1087/1/1087 
f 1083/1/1083 1082/1/1082 1085/1/1085 1084/1/1084 
f 1064/1/1064 1069/1/1069 1085/1/1085 1082/1/1082 
f 1086/1/1086 1085/1/1085 1069/1/1069 1068/1/1068 
f 1088/1/1088 1089/1/1089 1090/1/1090 1091/1/1091 
f 1092/1/1092 1093/1/1093 1090/1/1090 1089/1/1089 
f 1094/1/1094 1090/1/1090 1093/1/1093 1095/1/1095 
f 1091/1/1091 1090/1/1090 1094/1/1094 1096/1/1096 
f 1096/1/1096 1094/1/1094 1097/1/1097 1098/1/1098 
f 1099/1/1099 1097/1/1097 1094/1/1094 1095/1/1095 
f 1100/1/1100 1101/1/1101 1097/1/1097 1099/1/1099 
f 1098/1/1098 1097/1/1097 1101/1/1101 1102/1/1102 
f 1102/1/1102 1101/1/1101 1103/1/1103 1104/1/1104 
f 1105/1/1105 1103/1/1103 1101/1/1101 1100/1/1100 
f 1106/1/1106 1107/1/1107 1103/1/1103 1105/1/1105 
f 1104/1/1104 1103/1/1103 1107/1/1107 1108/1/1108 
f 1108/1/1108 1107/1/1107 1109/1/1109 1110/1/1110 
f 1111/1/1111 1109/1/1109 1107/1/1107 1106/1/1106 
f 1112/1/1112 1113/1/1113 1109/1/1109 1111/1/1111 
f 1110/1/1110 1109/1/1109 1113/1/1113 1114/1/1114 
f 1114/1/1114 1113/1/1113 1115/1/1115 1116/1/1116 
f 1117/1/1117 1115/1/1115 1113/1/1113 1112/1/1112 
f 1118/1/1118 1119/1/1119 1115/1/1115 1117/1/1117 
f 1116/1/1116 1115/1/1115 1119/1/1119 1120/1/1120 
f 1120/1/1120 1119/1/1119 1121/1/1121 1122/1/1122 
f 1123/1/1123 1121/1/1121 1119/1/1119 1118/1/1118 
f 1124/1/1124 1125/1/1125 1121/1/1121 1123/1/1123 
f 1122/1/1122 1121/1/1121 1125/1/1125 1126/1/1126 
f 1127/1/1127 1128/1/1128 1129/1/1129 1130/1/1130 
f 1126/1/1126 1125/1/1125 1129/1/1129 1128/1/1128 
f 1131/1/1131 1129/1/1129 1125/1/1125 1124/1/1124 
f 1132/1/1132 1130/1/1130 1129/1/1129 1131/1/1131 
f 1127/1/1127 1130/1/1130 1133/1/1133 1134/1/1134 
f 1135/1/1135 1133/1/1133 1130/1/1130 1132/1/1132 
f 1136/1/1136 1137/1/1137 1133/1/1133 1135/1/1135 
f 1134/1/1134 1133/1/1133 1137/1/1137 1138/1/1138 
f 1139/1/1139 1140/1/1140 1141/1/1141 1142/1/1142 
f 1137/1/1137 1141/1/1141 1140/1/1140 1138/1/1138 
f 1143/1/1143 1141/1/1141 1137/1/1137 1136/1/1136 
f 1144/1/1144 1142/1/1142 1141/1/1141 1143/1/1143 
f 1139/1/1139 1142/1/1142 1145/1/1145 1146/1/1146 
f 1147/1/1147 1145/1/1145 1142/1/1142 1144/1/1144 
f 1148/1/1148 1149/1/1149 1145/1/1145 1147/1/1147 
f 1146/1/1146 1145/1/1145 1149/1/1149 1150/1/1150 
f 1151/1/1151 1152/1/1152 1153/1/1153 1154/1/1154 
f 1155/1/1155 1156/1/1156 1153/1/1153 1152/1/1152 
f 1099/1/1099 1153/1/1153 1156/1/1156 1100/1/1100 
f 1154/1/1154 1153/1/1153 1099/1/1099 1095/1/1095 
f 1155/1/1155 1157/1/1157 1158/1/1158 1159/1/1159 
f 1080/1/1080 1158/1/1158 1157/1/1157 1074/1/1074 
f 1083/1/1083 1160/1/1160 1158/1/1158 1080/1/1080 
f 1159/1/1159 1158/1/1158 1160/1/1160 1161/1/1161 
f 1161/1/1161 1162/1/1162 1163/1/1163 1159/1/1159 
f 1105/1/1105 1163/1/1163 1162/1/1162 1106/1/1106 
f 1100/1/1100 1156/1/1156 1163/1/1163 1105/1/1105 
f 1159/1/1159 1163/1/1163 1156/1/1156 1155/1/1155 
f 1161/1/1161 1160/1/1160 1164/1/1164 1165/1/1165 
f 1084/1/1084 1164/1/1164 1160/1/1160 1083/1/1083 
f 1087/1/1087 1166/1/1166 1164/1/1164 1084/1/1084 
f 1165/1/1165 1164/1/1164 1166/1/1166 1167/1/1167 
f 1167/1/1167 1168/1/1168 1169/1/1169 1165/1/1165 
f 1111/1/1111 1169/1/1169 1168/1/1168 1112/1/1112 
f 1106/1/1106 1162/1/1162 1169/1/1169 1111/1/1111 
f 1165/1/1165 1169/1/1169 1162/1/1162 1161/1/1161 
f 1170/1/1170 1171/1/1171 1172/1/1172 1173/1/1173 
f 1117/1/1117 1172/1/1172 1171/1/1171 1118/1/1118 
f 1112/1/1112 1168/1/1168 1172/1/1172 1117/1/1117 
f 1173/1/1173 1172/1/1172 1168/1/1168 1167/1/1167 
f 1123/1/1123 1174/1/1174 1175/1/1175 1124/1/1124 
f 1118/1/1118 1171/1/1171 1174/1/1174 1123/1/1123 
f 1176/1/1176 1174/1/1174 1171/1/1171 1170/1/1170 
f 1177/1/1177 1175/1/1175 1174/1/1174 1176/1/1176 
f 1178/1/1178 1179/1/1179 1180/1/1180 1181/1/1181 
f 1131/1/1131 1180/1/1180 1179/1/1179 1132/1/1132 
f 1124/1/1124 1175/1/1175 1180/1/1180 1131/1/1131 
f 1181/1/1181 1180/1/1180 1175/1/1175 1177/1/1177 
f 1182/1/1182 1183/1/1183 1184/1/1184 1185/1/1185 
f 1135/1/1135 1184/1/1184 1183/1/1183 1136/1/1136 
f 1132/1/1132 1179/1/1179 1184/1/1184 1135/1/1135 
f 1185/1/1185 1184/1/1184 1179/1/1179 1178/1/1178 
f 1186/1/1186 1187/1/1187 1188/1/1188 1189/1/1189 
f 1143/1/1143 1188/1/1188 1187/1/1187 1144/1/1144 
f 1136/1/1136 1183/1/1183 1188/1/1188 1143/1/1143 
f 1189/1/1189 1188/1/1188 1183/1/1183 1182/1/1182 
f 1190/1/1190 1191/1/1191 1192/1/1192 
f 1193/1/1193 1190/1/1190 1194/1/1194 1079/1/1079 
f 1151/1/1151 1195/1/1195 1190/1/1190 1193/1/1193 
f 1191/1/1191 1190/1/1190 1195/1/1195 1196/1/1196 
f 1095/1/1095 1093/1/1093 1197/1/1197 1154/1/1154 
f 1198/1/1198 1197/1/1197 1093/1/1093 1092/1/1092 
f 1196/1/1196 1195/1/1195 1197/1/1197 1198/1/1198 
f 1154/1/1154 1197/1/1197 1195/1/1195 1151/1/1151 
f 1079/1/1079 1075/1/1075 1199/1/1199 1193/1/1193 
f 1157/1/1157 1199/1/1199 1075/1/1075 1074/1/1074 
f 1155/1/1155 1152/1/1152 1199/1/1199 1157/1/1157 
f 1193/1/1193 1199/1/1199 1152/1/1152 1151/1/1151 
f 393/1/393 390/1/390 1200/1/1200 1201/1/1201 
f 387/1/387 1200/1/1200 390/1/390 388/1/388 
f 20/1/20 1202/1/1202 1200/1/1200 387/1/387 
f 1201/1/1201 1200/1/1200 1202/1/1202 1203/1/1203 
f 1202/1/1202 1204/1/1204 1205/1/1205 1203/1/1203 
f 19/1/19 1204/1/1204 1202/1/1202 20/1/20 
f 18/1/18 51/1/51 1204/1/1204 19/1/19 
f 1205/1/1205 1204/1/1204 51/1/51 50/1/50 
f 1206/1/1206 584/1/584 583/1/583 
f 392/1/392 1207/1/1207 583/1/583 394/1/394 
f 393/1/393 1208/1/1208 1207/1/1207 392/1/392 
f 1209/1/1209 1206/1/1206 1207/1/1207 1208/1/1208 
f 1210/1/1210 1211/1/1211 1212/1/1212 
f 1212/1/1212 1203/1/1203 1205/1/1205 
f 50/1/50 599/1/599 1213/1/1213 1205/1/1205 
f 599/1/599 598/1/598 1210/1/1210 
f 1214/1/1214 1215/1/1215 1216/1/1216 1217/1/1217 
f 1215/1/1215 1209/1/1209 1208/1/1208 
f 393/1/393 1201/1/1201 1216/1/1216 1208/1/1208 
f 1217/1/1217 1216/1/1216 1201/1/1201 1203/1/1203 
f 1217/1/1217 1218/1/1218 1219/1/1219 1214/1/1214 
f 1203/1/1203 1212/1/1212 1218/1/1218 1217/1/1217 
f 1211/1/1211 1219/1/1219 1218/1/1218 1212/1/1212 
f 584/1/584 1206/1/1206 1220/1/1220 591/1/591 
f 1206/1/1206 1209/1/1209 1221/1/1221 
f 1222/1/1222 1223/1/1223 1220/1/1220 1221/1/1221 
f 591/1/591 1220/1/1220 1223/1/1223 589/1/589 
f 1211/1/1211 1210/1/1210 1224/1/1224 1225/1/1225 
f 611/1/611 1224/1/1224 1210/1/1210 598/1/598 
f 604/1/604 1226/1/1226 1224/1/1224 611/1/611 
f 1225/1/1225 1224/1/1224 1226/1/1226 1227/1/1227 
f 1228/1/1228 1229/1/1229 1230/1/1230 1231/1/1231 
f 1221/1/1221 1230/1/1230 1229/1/1229 1222/1/1222 
f 1209/1/1209 1215/1/1215 1230/1/1230 1221/1/1221 
f 1231/1/1231 1230/1/1230 1215/1/1215 1214/1/1214 
f 1214/1/1214 1219/1/1219 1232/1/1232 1231/1/1231 
f 1225/1/1225 1232/1/1232 1219/1/1219 1211/1/1211 
f 1227/1/1227 1233/1/1233 1232/1/1232 1225/1/1225 
f 1231/1/1231 1232/1/1232 1233/1/1233 1228/1/1228 
f 604/1/604 602/1/602 1234/1/1234 1226/1/1226 
f 1235/1/1235 1234/1/1234 602/1/602 595/1/595 
f 1236/1/1236 1234/1/1234 1235/1/1235 1237/1/1237 
f 1227/1/1227 1226/1/1226 1234/1/1234 1236/1/1236 
f 1238/1/1238 1239/1/1239 1240/1/1240 1241/1/1241 
f 587/1/587 1240/1/1240 1239/1/1239 581/1/581 
f 589/1/589 1223/1/1223 1240/1/1240 587/1/587 
f 1241/1/1241 1240/1/1240 1223/1/1223 1222/1/1222 
f 1222/1/1222 1229/1/1229 1242/1/1242 1241/1/1241 
f 1243/1/1243 1242/1/1242 1229/1/1229 1228/1/1228 
f 1244/1/1244 1245/1/1245 1242/1/1242 1243/1/1243 
f 1241/1/1241 1242/1/1242 1245/1/1245 1238/1/1238 
f 1228/1/1228 1233/1/1233 1246/1/1246 1243/1/1243 
f 1236/1/1236 1246/1/1246 1233/1/1233 1227/1/1227 
f 1237/1/1237 1247/1/1247 1246/1/1246 1236/1/1236 
f 1243/1/1243 1246/1/1246 1247/1/1247 1244/1/1244 
f 435/1/435 579/1/579 1248/1/1248 1249/1/1249 
f 579/1/579 581/1/581 1239/1/1239 
f 1238/1/1238 1250/1/1250 1248/1/1248 1239/1/1239 
f 1249/1/1249 1248/1/1248 1250/1/1250 1251/1/1251 
f 1251/1/1251 1252/1/1252 1253/1/1253 1249/1/1249 
f 432/1/432 436/1/436 1253/1/1253 1252/1/1252 
f 1249/1/1249 1253/1/1253 436/1/436 435/1/435 
f 1237/1/1237 1235/1/1235 1254/1/1254 1255/1/1255 
f 1254/1/1254 1235/1/1235 595/1/595 
f 1256/1/1256 1254/1/1254 594/1/594 341/1/341 
f 1255/1/1255 1254/1/1254 1256/1/1256 1257/1/1257 
f 1258/1/1258 1259/1/1259 1260/1/1260 1261/1/1261 
f 1250/1/1250 1260/1/1260 1259/1/1259 1251/1/1251 
f 1238/1/1238 1245/1/1245 1260/1/1260 1250/1/1250 
f 1261/1/1261 1260/1/1260 1245/1/1245 1244/1/1244 
f 1244/1/1244 1247/1/1247 1262/1/1262 1261/1/1261 
f 1255/1/1255 1262/1/1262 1247/1/1247 1237/1/1237 
f 1257/1/1257 1263/1/1263 1262/1/1262 1255/1/1255 
f 1263/1/1263 1258/1/1258 1261/1/1261 
f 432/1/432 1252/1/1252 1264/1/1264 433/1/433 
f 1265/1/1265 1264/1/1264 1252/1/1252 1251/1/1251 
f 1266/1/1266 1267/1/1267 1264/1/1264 1265/1/1265 
f 433/1/433 1264/1/1264 1267/1/1267 434/1/434 
f 1268/1/1268 1269/1/1269 1270/1/1270 1271/1/1271 
f 1256/1/1256 1270/1/1270 1269/1/1269 1257/1/1257 
f 341/1/341 337/1/337 1270/1/1270 1256/1/1256 
f 1271/1/1271 1270/1/1270 337/1/337 336/1/336 
f 1266/1/1266 1265/1/1265 1272/1/1272 1273/1/1273 
f 1259/1/1259 1272/1/1272 1265/1/1265 1251/1/1251 
f 1272/1/1272 1259/1/1259 1258/1/1258 1274/1/1274 
f 1273/1/1273 1272/1/1272 1274/1/1274 1275/1/1275 
f 1258/1/1258 1263/1/1263 1276/1/1276 1274/1/1274 
f 1257/1/1257 1269/1/1269 1276/1/1276 1263/1/1263 
f 1277/1/1277 1276/1/1276 1269/1/1269 1268/1/1268 
f 1274/1/1274 1276/1/1276 1277/1/1277 1275/1/1275 
f 1278/1/1278 1279/1/1279 1280/1/1280 1281/1/1281 
f 430/1/430 1279/1/1279 1278/1/1278 427/1/427 
f 434/1/434 1282/1/1282 1279/1/1279 430/1/430 
f 1283/1/1283 1280/1/1280 1279/1/1279 1282/1/1282 
f 1284/1/1284 1285/1/1285 1286/1/1286 1287/1/1287 
f 1271/1/1271 1286/1/1286 1285/1/1285 1268/1/1268 
f 336/1/336 975/1/975 1286/1/1286 1271/1/1271 
f 1287/1/1287 1286/1/1286 975/1/975 974/1/974 
f 434/1/434 1267/1/1267 1288/1/1288 1282/1/1282 
f 1266/1/1266 1289/1/1289 1288/1/1288 1267/1/1267 
f 1282/1/1282 1288/1/1288 1289/1/1289 1283/1/1283 
f 1290/1/1290 1291/1/1291 1281/1/1281 
f 1292/1/1292 1290/1/1290 1280/1/1280 1283/1/1283 
f 1293/1/1293 1294/1/1294 1290/1/1290 1292/1/1292 
f 1291/1/1291 1290/1/1290 1294/1/1294 1192/1/1192 
f 1196/1/1196 1295/1/1295 1296/1/1296 1191/1/1191 
f 1295/1/1295 1281/1/1281 1291/1/1291 
f 1192/1/1192 1191/1/1191 1296/1/1296 1291/1/1291 
f 1287/1/1287 1297/1/1297 1298/1/1298 1284/1/1284 
f 974/1/974 1022/1/1022 1297/1/1297 1287/1/1287 
f 1023/1/1023 1299/1/1299 1297/1/1297 1022/1/1022 
f 1298/1/1298 1297/1/1297 1299/1/1299 1192/1/1192 
f 1300/1/1300 1301/1/1301 1294/1/1294 1293/1/1293 
f 1284/1/1284 1298/1/1298 1301/1/1301 1300/1/1300 
f 1294/1/1294 1301/1/1301 1298/1/1298 1192/1/1192 
f 1023/1/1023 1057/1/1057 1302/1/1302 1299/1/1299 
f 1078/1/1078 1302/1/1302 1057/1/1057 1061/1/1061 
f 1079/1/1079 1194/1/1194 1302/1/1302 1078/1/1078 
f 1194/1/1194 1192/1/1192 1299/1/1299 
f 1268/1/1268 1285/1/1285 1303/1/1303 1277/1/1277 
f 1300/1/1300 1303/1/1303 1285/1/1285 1284/1/1284 
f 1293/1/1293 1304/1/1304 1303/1/1303 1300/1/1300 
f 1277/1/1277 1303/1/1303 1304/1/1304 1275/1/1275 
f 1283/1/1283 1289/1/1289 1305/1/1305 1292/1/1292 
f 1273/1/1273 1305/1/1305 1289/1/1289 1266/1/1266 
f 1275/1/1275 1304/1/1304 1305/1/1305 1273/1/1273 
f 1292/1/1292 1305/1/1305 1304/1/1304 1293/1/1293 
f 1306/1/1306 1307/1/1307 1281/1/1281 
f 1198/1/1198 1306/1/1306 1295/1/1295 1196/1/1196 
f 1092/1/1092 1308/1/1308 1306/1/1306 1198/1/1198 
f 1307/1/1307 1306/1/1306 1308/1/1308 1309/1/1309 
f 1089/1/1089 1310/1/1310 1308/1/1308 1092/1/1092 
f 1311/1/1311 1310/1/1310 1089/1/1089 1088/1/1088 
f 1312/1/1312 1313/1/1313 1310/1/1310 1311/1/1311 
f 1308/1/1308 1310/1/1310 1313/1/1313 1309/1/1309 
f 1314/1/1314 1315/1/1315 1316/1/1316 1317/1/1317 
f 400/1/400 403/1/403 1315/1/1315 1314/1/1314 
f 408/1/408 1318/1/1318 1315/1/1315 403/1/403 
f 1316/1/1316 1315/1/1315 1318/1/1318 1319/1/1319 
f 1319/1/1319 1318/1/1318 1320/1/1320 1321/1/1321 
f 410/1/410 1320/1/1320 1318/1/1318 408/1/408 
f 414/1/414 1322/1/1322 1320/1/1320 410/1/410 
f 1321/1/1321 1320/1/1320 1322/1/1322 1323/1/1323 
f 420/1/420 1324/1/1324 1325/1/1325 416/1/416 
f 1326/1/1326 1325/1/1325 1324/1/1324 1327/1/1327 
f 1323/1/1323 1322/1/1322 1325/1/1325 1326/1/1326 
f 416/1/416 1325/1/1325 1322/1/1322 414/1/414 
f 426/1/426 428/1/428 1328/1/1328 422/1/422 
f 1329/1/1329 1328/1/1328 428/1/428 427/1/427 
f 1327/1/1327 1324/1/1324 1328/1/1328 1329/1/1329 
f 422/1/422 1328/1/1328 1324/1/1324 420/1/420 
f 427/1/427 1278/1/1278 1330/1/1330 1329/1/1329 
f 1307/1/1307 1330/1/1330 1278/1/1278 1281/1/1281 
f 1309/1/1309 1331/1/1331 1330/1/1330 1307/1/1307 
f 1329/1/1329 1330/1/1330 1331/1/1331 1327/1/1327 
f 1332/1/1332 1333/1/1333 1334/1/1334 1335/1/1335 
f 1326/1/1326 1334/1/1334 1333/1/1333 1323/1/1323 
f 1334/1/1334 1326/1/1326 1327/1/1327 
f 1335/1/1335 1334/1/1334 1336/1/1336 1337/1/1337 
f 1331/1/1331 1338/1/1338 1336/1/1336 1327/1/1327 
f 1339/1/1339 1338/1/1338 1331/1/1331 1309/1/1309 
f 1337/1/1337 1336/1/1336 1338/1/1338 1339/1/1339 
f 1340/1/1340 1341/1/1341 1342/1/1342 1343/1/1343 
f 1339/1/1339 1342/1/1342 1341/1/1341 1337/1/1337 
f 1342/1/1342 1339/1/1339 1309/1/1309 
f 1313/1/1313 1312/1/1312 1343/1/1343 
f 1337/1/1337 1341/1/1341 1344/1/1344 1335/1/1335 
f 1341/1/1341 1340/1/1340 1345/1/1345 
f 1346/1/1346 1347/1/1347 1344/1/1344 1345/1/1345 
f 1335/1/1335 1344/1/1344 1347/1/1347 1332/1/1332 
f 1348/1/1348 1349/1/1349 1350/1/1350 1351/1/1351 
f 870/1/870 1350/1/1350 1349/1/1349 872/1/872 
f 871/1/871 1352/1/1352 1350/1/1350 870/1/870 
f 1351/1/1351 1350/1/1350 1352/1/1352 1353/1/1353 
f 1354/1/1354 1355/1/1355 1356/1/1356 1357/1/1357 
f 943/1/943 1356/1/1356 1355/1/1355 944/1/944 
f 872/1/872 1349/1/1349 1356/1/1356 943/1/943 
f 1357/1/1357 1356/1/1356 1349/1/1349 1348/1/1348 
f 944/1/944 1355/1/1355 1358/1/1358 952/1/952 
f 1359/1/1359 1358/1/1358 1355/1/1355 1354/1/1354 
f 1360/1/1360 1361/1/1361 1358/1/1358 1359/1/1359 
f 952/1/952 1358/1/1358 1361/1/1361 953/1/953 
f 953/1/953 1361/1/1361 1362/1/1362 954/1/954 
f 1361/1/1361 1360/1/1360 1363/1/1363 
f 1364/1/1364 1365/1/1365 1362/1/1362 1363/1/1363 
f 954/1/954 1362/1/1362 1365/1/1365 955/1/955 
f 955/1/955 1365/1/1365 1366/1/1366 969/1/969 
f 1367/1/1367 1366/1/1366 1365/1/1365 1364/1/1364 
f 1368/1/1368 1369/1/1369 1366/1/1366 1367/1/1367 
f 969/1/969 1366/1/1366 1369/1/1369 966/1/966 
f 1370/1/1370 1371/1/1371 1372/1/1372 
f 973/1/973 1370/1/1370 1373/1/1373 965/1/965 
f 966/1/966 1369/1/1369 1370/1/1370 973/1/973 
f 1371/1/1371 1370/1/1370 1369/1/1369 1368/1/1368 
f 1373/1/1373 1374/1/1374 964/1/964 965/1/965 
f 1375/1/1375 1374/1/1374 1373/1/1373 1372/1/1372 
f 1376/1/1376 1377/1/1377 1374/1/1374 1375/1/1375 
f 836/1/836 964/1/964 1374/1/1374 1377/1/1377 
f 1376/1/1376 1378/1/1378 1379/1/1379 1377/1/1377 
f 1380/1/1380 1379/1/1379 1378/1/1378 1381/1/1381 
f 841/1/841 837/1/837 1379/1/1379 1380/1/1380 
f 1377/1/1377 1379/1/1379 837/1/837 836/1/836 
f 849/1/849 848/1/848 1382/1/1382 1383/1/1383 
f 1380/1/1380 1382/1/1382 848/1/848 841/1/841 
f 1381/1/1381 1384/1/1384 1382/1/1382 1380/1/1380 
f 1383/1/1383 1382/1/1382 1384/1/1384 1385/1/1385 
f 857/1/857 849/1/849 1383/1/1383 1386/1/1386 
f 1385/1/1385 1387/1/1387 1386/1/1386 1383/1/1383 
f 1388/1/1388 1386/1/1386 1387/1/1387 1389/1/1389 
f 857/1/857 1386/1/1386 1388/1/1388 854/1/854 
f 862/1/862 865/1/865 1390/1/1390 1391/1/1391 
f 854/1/854 1388/1/1388 1390/1/1390 865/1/865 
f 1389/1/1389 1392/1/1392 1390/1/1390 1388/1/1388 
f 1391/1/1391 1390/1/1390 1392/1/1392 1393/1/1393 
f 1364/1/1364 1394/1/1394 1395/1/1395 1367/1/1367 
f 1396/1/1396 1395/1/1395 1394/1/1394 1397/1/1397 
f 1398/1/1398 1399/1/1399 1395/1/1395 1396/1/1396 
f 1367/1/1367 1395/1/1395 1399/1/1399 1368/1/1368 
f 1368/1/1368 1399/1/1399 1400/1/1400 1371/1/1371 
f 1401/1/1401 1400/1/1400 1399/1/1399 1398/1/1398 
f 1402/1/1402 1403/1/1403 1400/1/1400 1401/1/1401 
f 1371/1/1371 1400/1/1400 1403/1/1403 1372/1/1372 
f 1372/1/1372 1403/1/1403 1404/1/1404 1375/1/1375 
f 1405/1/1405 1404/1/1404 1403/1/1403 1402/1/1402 
f 1406/1/1406 1407/1/1407 1404/1/1404 1405/1/1405 
f 1375/1/1375 1404/1/1404 1407/1/1407 1376/1/1376 
f 1376/1/1376 1407/1/1407 1408/1/1408 1378/1/1378 
f 1409/1/1409 1408/1/1408 1407/1/1407 1406/1/1406 
f 1410/1/1410 1408/1/1408 1409/1/1409 1411/1/1411 
f 1381/1/1381 1378/1/1378 1408/1/1408 1410/1/1410 
f 1385/1/1385 1384/1/1384 1412/1/1412 1413/1/1413 
f 1410/1/1410 1412/1/1412 1384/1/1384 1381/1/1381 
f 1411/1/1411 1414/1/1414 1412/1/1412 1410/1/1410 
f 1413/1/1413 1412/1/1412 1414/1/1414 1415/1/1415 
f 1389/1/1389 1387/1/1387 1416/1/1416 1417/1/1417 
f 1413/1/1413 1416/1/1416 1387/1/1387 1385/1/1385 
f 1415/1/1415 1418/1/1418 1416/1/1416 1413/1/1413 
f 1418/1/1418 1419/1/1419 1417/1/1417 
f 1393/1/1393 1392/1/1392 1420/1/1420 1421/1/1421 
f 1417/1/1417 1420/1/1420 1392/1/1392 1389/1/1389 
f 1419/1/1419 1422/1/1422 1420/1/1420 1417/1/1417 
f 1421/1/1421 1420/1/1420 1422/1/1422 1423/1/1423 
f 773/1/773 789/1/789 1424/1/1424 771/1/771 
f 1425/1/1425 1424/1/1424 789/1/789 793/1/793 
f 1426/1/1426 1427/1/1427 1424/1/1424 1425/1/1425 
f 771/1/771 1424/1/1424 1427/1/1427 769/1/769 
f 791/1/791 799/1/799 1428/1/1428 1429/1/1429 
f 1430/1/1430 1428/1/1428 799/1/799 798/1/798 
f 1431/1/1431 1432/1/1432 1428/1/1428 1430/1/1430 
f 1429/1/1429 1428/1/1428 1432/1/1432 1433/1/1433 
f 1434/1/1434 1435/1/1435 1436/1/1436 1437/1/1437 
f 792/1/792 1436/1/1436 1435/1/1435 793/1/793 
f 1429/1/1429 1436/1/1436 792/1/792 791/1/791 
f 1433/1/1433 1437/1/1437 1436/1/1436 1429/1/1429 
f 1438/1/1438 765/1/765 767/1/767 
f 769/1/769 1427/1/1427 1439/1/1439 767/1/767 
f 1440/1/1440 1439/1/1439 1427/1/1427 1426/1/1426 
f 1439/1/1439 1440/1/1440 1441/1/1441 
f 1442/1/1442 1443/1/1443 1444/1/1444 1445/1/1445 
f 1425/1/1425 1444/1/1444 1443/1/1443 1426/1/1426 
f 793/1/793 1435/1/1435 1444/1/1444 1425/1/1425 
f 1434/1/1434 1445/1/1445 1444/1/1444 1435/1/1435 
f 1446/1/1446 1447/1/1447 1448/1/1448 1449/1/1449 
f 1445/1/1445 1448/1/1448 1447/1/1447 1442/1/1442 
f 1437/1/1437 1448/1/1448 1445/1/1445 1434/1/1434 
f 1433/1/1433 1449/1/1449 1448/1/1448 1437/1/1437 
f 1433/1/1433 1432/1/1432 1450/1/1450 1449/1/1449 
f 1432/1/1432 1431/1/1431 1451/1/1451 
f 1452/1/1452 1450/1/1450 1451/1/1451 1453/1/1453 
f 1446/1/1446 1449/1/1449 1450/1/1450 1452/1/1452 
f 797/1/797 825/1/825 1454/1/1454 1455/1/1455 
f 825/1/825 822/1/822 1456/1/1456 
f 1454/1/1454 1456/1/1456 1457/1/1457 
f 1455/1/1455 1454/1/1454 1458/1/1458 1459/1/1459 
f 1460/1/1460 1461/1/1461 1457/1/1457 
f 1456/1/1456 822/1/822 861/1/861 
f 860/1/860 1462/1/1462 1460/1/1460 861/1/861 
f 1462/1/1462 1463/1/1463 1461/1/1461 
f 1464/1/1464 1465/1/1465 1463/1/1463 
f 863/1/863 1464/1/1464 1462/1/1462 860/1/860 
f 862/1/862 1466/1/1466 1464/1/1464 863/1/863 
f 1465/1/1465 1464/1/1464 1466/1/1466 1467/1/1467 
f 1467/1/1467 1466/1/1466 1468/1/1468 1469/1/1469 
f 1391/1/1391 1468/1/1468 1466/1/1466 862/1/862 
f 1393/1/1393 1470/1/1470 1468/1/1468 1391/1/1391 
f 1469/1/1469 1468/1/1468 1470/1/1470 1471/1/1471 
f 1470/1/1470 1393/1/1393 1421/1/1421 
f 1472/1/1472 1473/1/1473 1421/1/1421 1423/1/1423 
f 1474/1/1474 1475/1/1475 1473/1/1473 1472/1/1472 
f 1471/1/1471 1470/1/1470 1473/1/1473 1475/1/1475 
f 1471/1/1471 1475/1/1475 1476/1/1476 1477/1/1477 
f 1478/1/1478 1476/1/1476 1475/1/1475 1474/1/1474 
f 1479/1/1479 1480/1/1480 1476/1/1476 1478/1/1478 
f 1476/1/1476 1480/1/1480 1481/1/1481 
f 1482/1/1482 1477/1/1477 1481/1/1481 
f 1483/1/1483 1482/1/1482 1484/1/1484 1485/1/1485 
f 1469/1/1469 1482/1/1482 1483/1/1483 1467/1/1467 
f 1471/1/1471 1477/1/1477 1482/1/1482 1469/1/1469 
f 1485/1/1485 1484/1/1484 1486/1/1486 1487/1/1487 
f 1480/1/1480 1486/1/1486 1484/1/1484 1481/1/1481 
f 1479/1/1479 1488/1/1488 1486/1/1486 1480/1/1480 
f 1487/1/1487 1486/1/1486 1488/1/1488 1489/1/1489 
f 1467/1/1467 1483/1/1483 1490/1/1490 1465/1/1465 
f 1491/1/1491 1490/1/1490 1483/1/1483 1485/1/1485 
f 1492/1/1492 1493/1/1493 1490/1/1490 1491/1/1491 
f 1465/1/1465 1490/1/1490 1493/1/1493 1463/1/1463 
f 1479/1/1479 1478/1/1478 1494/1/1494 1495/1/1495 
f 1474/1/1474 1496/1/1496 1494/1/1494 1478/1/1478 
f 1495/1/1495 1494/1/1494 1496/1/1496 1497/1/1497 
f 1492/1/1492 1491/1/1491 1498/1/1498 1499/1/1499 
f 1487/1/1487 1498/1/1498 1491/1/1491 1485/1/1485 
f 1489/1/1489 1500/1/1500 1498/1/1498 1487/1/1487 
f 1499/1/1499 1498/1/1498 1500/1/1500 1501/1/1501 
f 1489/1/1489 1488/1/1488 1502/1/1502 1500/1/1500 
f 1495/1/1495 1502/1/1502 1488/1/1488 1479/1/1479 
f 1497/1/1497 1503/1/1503 1502/1/1502 1495/1/1495 
f 1501/1/1501 1500/1/1500 1502/1/1502 1503/1/1503 
f 197/1/197 196/1/196 1504/1/1504 216/1/216 
f 1505/1/1505 1504/1/1504 196/1/196 76/1/76 
f 1506/1/1506 1507/1/1507 1504/1/1504 1505/1/1505 
f 216/1/216 1504/1/1504 1507/1/1507 217/1/217 
f 219/1/219 218/1/218 1508/1/1508 226/1/226 
f 1509/1/1509 1508/1/1508 218/1/218 217/1/217 
f 1510/1/1510 1511/1/1511 1508/1/1508 1509/1/1509 
f 226/1/226 1508/1/1508 1511/1/1511 227/1/227 
f 1512/1/1512 1513/1/1513 1514/1/1514 1515/1/1515 
f 233/1/233 1514/1/1514 1513/1/1513 230/1/230 
f 227/1/227 1511/1/1511 1514/1/1514 233/1/233 
f 1515/1/1515 1514/1/1514 1511/1/1511 1510/1/1510 
f 81/1/81 1516/1/1516 1517/1/1517 79/1/79 
f 1518/1/1518 1517/1/1517 1516/1/1516 1519/1/1519 
f 1505/1/1505 1517/1/1517 1518/1/1518 1506/1/1506 
f 76/1/76 79/1/79 1517/1/1517 1505/1/1505 
f 217/1/217 1507/1/1507 1520/1/1520 1509/1/1509 
f 1521/1/1521 1520/1/1520 1507/1/1507 1506/1/1506 
f 1522/1/1522 1523/1/1523 1520/1/1520 1521/1/1521 
f 1509/1/1509 1520/1/1520 1523/1/1523 1510/1/1510 
f 1510/1/1510 1523/1/1523 1524/1/1524 1515/1/1515 
f 1525/1/1525 1524/1/1524 1523/1/1523 1522/1/1522 
f 1526/1/1526 1527/1/1527 1524/1/1524 1525/1/1525 
f 1515/1/1515 1524/1/1524 1527/1/1527 1512/1/1512 
f 1519/1/1519 1528/1/1528 1529/1/1529 1518/1/1518 
f 1530/1/1530 1529/1/1529 1528/1/1528 1531/1/1531 
f 1529/1/1529 1530/1/1530 1522/1/1522 
f 1518/1/1518 1529/1/1529 1521/1/1521 1506/1/1506 
f 1519/1/1519 1516/1/1516 1532/1/1532 1533/1/1533 
f 116/1/116 1532/1/1532 1516/1/1516 81/1/81 
f 117/1/117 1534/1/1534 1532/1/1532 116/1/116 
f 1533/1/1533 1532/1/1532 1534/1/1534 1535/1/1535 
f 1526/1/1526 1525/1/1525 1536/1/1536 1537/1/1537 
f 1530/1/1530 1536/1/1536 1525/1/1525 1522/1/1522 
f 1531/1/1531 1538/1/1538 1536/1/1536 1530/1/1530 
f 1537/1/1537 1536/1/1536 1538/1/1538 1539/1/1539 
f 1540/1/1540 1541/1/1541 725/1/725 724/1/724 
f 1542/1/1542 1541/1/1541 1540/1/1540 1543/1/1543 
f 1535/1/1535 1534/1/1534 1541/1/1541 1542/1/1542 
f 725/1/725 1541/1/1541 1534/1/1534 117/1/117 
f 1531/1/1531 1528/1/1528 1544/1/1544 1545/1/1545 
f 1528/1/1528 1519/1/1519 1533/1/1533 
f 1535/1/1535 1546/1/1546 1544/1/1544 1533/1/1533 
f 1545/1/1545 1544/1/1544 1546/1/1546 1547/1/1547 
f 1539/1/1539 1538/1/1538 1548/1/1548 1549/1/1549 
f 1545/1/1545 1548/1/1548 1538/1/1538 1531/1/1531 
f 1547/1/1547 1550/1/1550 1548/1/1548 1545/1/1545 
f 1549/1/1549 1548/1/1548 1550/1/1550 1551/1/1551 
f 730/1/730 1552/1/1552 1553/1/1553 731/1/731 
f 1554/1/1554 1553/1/1553 1552/1/1552 1555/1/1555 
f 1543/1/1543 1540/1/1540 1553/1/1553 1554/1/1554 
f 731/1/731 1553/1/1553 1540/1/1540 724/1/724 
f 1547/1/1547 1546/1/1546 1556/1/1556 1557/1/1557 
f 1542/1/1542 1556/1/1556 1546/1/1546 1535/1/1535 
f 1543/1/1543 1558/1/1558 1556/1/1556 1542/1/1542 
f 1557/1/1557 1556/1/1556 1558/1/1558 1559/1/1559 
f 1559/1/1559 1560/1/1560 1561/1/1561 1557/1/1557 
f 1562/1/1562 1561/1/1561 1560/1/1560 1563/1/1563 
f 1551/1/1551 1550/1/1550 1561/1/1561 1562/1/1562 
f 1557/1/1557 1561/1/1561 1550/1/1550 1547/1/1547 
f 1564/1/1564 1565/1/1565 1555/1/1555 
f 734/1/734 1564/1/1564 1552/1/1552 730/1/730 
f 735/1/735 1566/1/1566 1564/1/1564 734/1/734 
f 1565/1/1565 1564/1/1564 1566/1/1566 1567/1/1567 
f 1568/1/1568 1558/1/1558 1543/1/1543 
f 1569/1/1569 1568/1/1568 1554/1/1554 1555/1/1555 
f 1570/1/1570 1571/1/1571 1568/1/1568 1569/1/1569 
f 1559/1/1559 1558/1/1558 1568/1/1568 1571/1/1571 
f 1563/1/1563 1560/1/1560 1572/1/1572 1573/1/1573 
f 1571/1/1571 1572/1/1572 1560/1/1560 1559/1/1559 
f 1570/1/1570 1574/1/1574 1572/1/1572 1571/1/1571 
f 1574/1/1574 1575/1/1575 1573/1/1573 
f 1570/1/1570 1569/1/1569 1576/1/1576 1577/1/1577 
f 1565/1/1565 1576/1/1576 1569/1/1569 1555/1/1555 
f 1567/1/1567 1578/1/1578 1576/1/1576 1565/1/1565 
f 1577/1/1577 1576/1/1576 1578/1/1578 1579/1/1579 
f 1580/1/1580 1581/1/1581 1575/1/1575 
f 1577/1/1577 1580/1/1580 1574/1/1574 1570/1/1570 
f 1579/1/1579 1582/1/1582 1580/1/1580 1577/1/1577 
f 1581/1/1581 1580/1/1580 1582/1/1582 1583/1/1583 
f 1584/1/1584 1585/1/1585 502/1/502 
f 501/1/501 492/1/492 1586/1/1586 
f 1584/1/1584 1586/1/1586 1587/1/1587 
f 1585/1/1585 1584/1/1584 1588/1/1588 1589/1/1589 
f 1590/1/1590 1587/1/1587 1586/1/1586 
f 494/1/494 1591/1/1591 1586/1/1586 492/1/492 
f 496/1/496 1592/1/1592 1591/1/1591 494/1/494 
f 1591/1/1591 1592/1/1592 1593/1/1593 
f 1587/1/1587 1590/1/1590 1594/1/1594 1595/1/1595 
f 1596/1/1596 1594/1/1594 1590/1/1590 1593/1/1593 
f 1597/1/1597 1598/1/1598 1594/1/1594 1596/1/1596 
f 1595/1/1595 1594/1/1594 1598/1/1598 1599/1/1599 
f 496/1/496 516/1/516 1600/1/1600 1592/1/1592 
f 1601/1/1601 1600/1/1600 516/1/516 515/1/515 
f 1602/1/1602 1603/1/1603 1600/1/1600 1601/1/1601 
f 1592/1/1592 1600/1/1600 1603/1/1603 1593/1/1593 
f 1602/1/1602 1601/1/1601 1604/1/1604 1605/1/1605 
f 515/1/515 528/1/528 1604/1/1604 1601/1/1601 
f 528/1/528 527/1/527 1605/1/1605 1604/1/1604 
f 1593/1/1593 1603/1/1603 1606/1/1606 1596/1/1596 
f 1607/1/1607 1606/1/1606 1603/1/1603 1602/1/1602 
f 1608/1/1608 1609/1/1609 1606/1/1606 1607/1/1607 
f 1596/1/1596 1606/1/1606 1609/1/1609 1597/1/1597 
f 1610/1/1610 1611/1/1611 1612/1/1612 1613/1/1613 
f 1605/1/1605 1612/1/1612 1611/1/1611 1602/1/1602 
f 527/1/527 533/1/533 1612/1/1612 1605/1/1605 
f 1613/1/1613 1612/1/1612 533/1/533 524/1/524 
f 1602/1/1602 1611/1/1611 1614/1/1614 1607/1/1607 
f 1611/1/1611 1610/1/1610 1615/1/1615 
f 1616/1/1616 1617/1/1617 1614/1/1614 1615/1/1615 
f 1607/1/1607 1614/1/1614 1617/1/1617 1608/1/1608 
f 1610/1/1610 1613/1/1613 1618/1/1618 1619/1/1619 
f 524/1/524 521/1/521 1618/1/1618 1613/1/1613 
f 405/1/405 1620/1/1620 1618/1/1618 521/1/521 
f 1619/1/1619 1618/1/1618 1620/1/1620 1621/1/1621 
f 1622/1/1622 1623/1/1623 1624/1/1624 1625/1/1625 
f 1626/1/1626 1624/1/1624 1623/1/1623 1627/1/1627 
f 1628/1/1628 1629/1/1629 1624/1/1624 1626/1/1626 
f 1625/1/1625 1624/1/1624 1629/1/1629 1599/1/1599 
f 1630/1/1630 1631/1/1631 1632/1/1632 1633/1/1633 
f 1625/1/1625 1632/1/1632 1631/1/1631 1622/1/1622 
f 1599/1/1599 1598/1/1598 1632/1/1632 1625/1/1625 
f 1633/1/1633 1632/1/1632 1598/1/1598 1597/1/1597 
f 1634/1/1634 1635/1/1635 1636/1/1636 1637/1/1637 
f 1633/1/1633 1636/1/1636 1635/1/1635 1630/1/1630 
f 1597/1/1597 1609/1/1609 1636/1/1636 1633/1/1633 
f 1637/1/1637 1636/1/1636 1609/1/1609 1608/1/1608 
f 1638/1/1638 1639/1/1639 1640/1/1640 1641/1/1641 
f 1634/1/1634 1637/1/1637 1639/1/1639 1638/1/1638 
f 1608/1/1608 1617/1/1617 1639/1/1639 1637/1/1637 
f 1616/1/1616 1640/1/1640 1639/1/1639 1617/1/1617 
f 1627/1/1627 1623/1/1623 1642/1/1642 1643/1/1643 
f 1644/1/1644 1642/1/1642 1623/1/1623 1622/1/1622 
f 1645/1/1645 1646/1/1646 1642/1/1642 1644/1/1644 
f 1643/1/1643 1642/1/1642 1646/1/1646 1647/1/1647 
f 1622/1/1622 1631/1/1631 1648/1/1648 1644/1/1644 
f 1649/1/1649 1648/1/1648 1631/1/1631 1630/1/1630 
f 1650/1/1650 1651/1/1651 1648/1/1648 1649/1/1649 
f 1644/1/1644 1648/1/1648 1651/1/1651 1645/1/1645 
f 1630/1/1630 1635/1/1635 1652/1/1652 1649/1/1649 
f 1634/1/1634 1653/1/1653 1652/1/1652 1635/1/1635 
f 1654/1/1654 1655/1/1655 1652/1/1652 1653/1/1653 
f 1650/1/1650 1649/1/1649 1652/1/1652 1655/1/1655 
f 1641/1/1641 1656/1/1656 1657/1/1657 1638/1/1638 
f 1658/1/1658 1657/1/1657 1656/1/1656 1659/1/1659 
f 1654/1/1654 1653/1/1653 1657/1/1657 1658/1/1658 
f 1653/1/1653 1634/1/1634 1638/1/1638 1657/1/1657 
f 1659/1/1659 1656/1/1656 1660/1/1660 1661/1/1661 
f 1662/1/1662 1660/1/1660 1656/1/1656 1641/1/1641 
f 1663/1/1663 1664/1/1664 1660/1/1660 1662/1/1662 
f 1664/1/1664 1665/1/1665 1661/1/1661 
f 1666/1/1666 1667/1/1667 1665/1/1665 
f 1664/1/1664 1663/1/1663 1668/1/1668 
f 1666/1/1666 1668/1/1668 1669/1/1669 
f 1667/1/1667 1666/1/1666 1670/1/1670 1671/1/1671 
f 1672/1/1672 1673/1/1673 1674/1/1674 1675/1/1675 
f 1676/1/1676 1677/1/1677 1674/1/1674 1673/1/1673 
f 1671/1/1671 1670/1/1670 1674/1/1674 1677/1/1677 
f 1675/1/1675 1674/1/1674 1670/1/1670 1669/1/1669 
f 1676/1/1676 1673/1/1673 1678/1/1678 1679/1/1679 
f 1680/1/1680 1678/1/1678 1673/1/1673 1672/1/1672 
f 1681/1/1681 1682/1/1682 1678/1/1678 1680/1/1680 
f 1679/1/1679 1678/1/1678 1682/1/1682 1683/1/1683 
f 1684/1/1684 1685/1/1685 1686/1/1686 
f 1683/1/1683 1682/1/1682 1684/1/1684 1687/1/1687 
f 1688/1/1688 1684/1/1684 1682/1/1682 1681/1/1681 
f 1689/1/1689 1685/1/1685 1684/1/1684 1688/1/1688 
f 1690/1/1690 1685/1/1685 1689/1/1689 
f 1691/1/1691 1690/1/1690 1692/1/1692 1693/1/1693 
f 1694/1/1694 1695/1/1695 1690/1/1690 1691/1/1691 
f 1695/1/1695 1686/1/1686 1685/1/1685 
f 1696/1/1696 1697/1/1697 1691/1/1691 1693/1/1693 
f 1698/1/1698 1699/1/1699 1697/1/1697 1696/1/1696 
f 1700/1/1700 1697/1/1697 1699/1/1699 1701/1/1701 
f 1691/1/1691 1697/1/1697 1700/1/1700 1694/1/1694 
f 1701/1/1701 1699/1/1699 1702/1/1702 1703/1/1703 
f 1704/1/1704 1702/1/1702 1699/1/1699 1698/1/1698 
f 1705/1/1705 1706/1/1706 1702/1/1702 1704/1/1704 
f 1703/1/1703 1702/1/1702 1706/1/1706 1707/1/1707 
f 1708/1/1708 1709/1/1709 1706/1/1706 1705/1/1705 
f 1643/1/1643 1709/1/1709 1708/1/1708 1627/1/1627 
f 1647/1/1647 1710/1/1710 1709/1/1709 1643/1/1643 
f 1707/1/1707 1706/1/1706 1709/1/1709 1710/1/1710 
f 1711/1/1711 1712/1/1712 1713/1/1713 
f 1714/1/1714 1665/1/1665 1667/1/1667 
f 1671/1/1671 1715/1/1715 1711/1/1711 1667/1/1667 
f 1716/1/1716 1712/1/1712 1711/1/1711 1715/1/1715 
f 1671/1/1671 1677/1/1677 1717/1/1717 1715/1/1715 
f 1718/1/1718 1717/1/1717 1677/1/1677 1676/1/1676 
f 1719/1/1719 1720/1/1720 1717/1/1717 1718/1/1718 
f 1715/1/1715 1717/1/1717 1720/1/1720 1716/1/1716 
f 1719/1/1719 1718/1/1718 1721/1/1721 1722/1/1722 
f 1679/1/1679 1721/1/1721 1718/1/1718 1676/1/1676 
f 1683/1/1683 1723/1/1723 1721/1/1721 1679/1/1679 
f 1721/1/1721 1723/1/1723 1724/1/1724 1722/1/1722 
f 1683/1/1683 1687/1/1687 1725/1/1725 1723/1/1723 
f 1726/1/1726 1725/1/1725 1687/1/1687 1686/1/1686 
f 1727/1/1727 1728/1/1728 1725/1/1725 1726/1/1726 
f 1723/1/1723 1725/1/1725 1728/1/1728 1724/1/1724 
f 1686/1/1686 1695/1/1695 1729/1/1729 1726/1/1726 
f 1730/1/1730 1729/1/1729 1695/1/1695 1694/1/1694 
f 1731/1/1731 1732/1/1732 1729/1/1729 1730/1/1730 
f 1726/1/1726 1729/1/1729 1732/1/1732 1727/1/1727 
f 1694/1/1694 1700/1/1700 1733/1/1733 1730/1/1730 
f 1734/1/1734 1733/1/1733 1700/1/1700 1701/1/1701 
f 1735/1/1735 1736/1/1736 1733/1/1733 1734/1/1734 
f 1730/1/1730 1733/1/1733 1736/1/1736 1731/1/1731 
f 1710/1/1710 1737/1/1737 1738/1/1738 1707/1/1707 
f 1739/1/1739 1737/1/1737 1710/1/1710 1647/1/1647 
f 1740/1/1740 1741/1/1741 1737/1/1737 1739/1/1739 
f 1742/1/1742 1738/1/1738 1737/1/1737 1741/1/1741 
f 1735/1/1735 1734/1/1734 1743/1/1743 1744/1/1744 
f 1703/1/1703 1743/1/1743 1734/1/1734 1701/1/1701 
f 1707/1/1707 1738/1/1738 1743/1/1743 1703/1/1703 
f 1744/1/1744 1743/1/1743 1738/1/1738 1742/1/1742 
f 1716/1/1716 1720/1/1720 1745/1/1745 1746/1/1746 
f 1747/1/1747 1745/1/1745 1720/1/1720 1719/1/1719 
f 1748/1/1748 1745/1/1745 1747/1/1747 1749/1/1749 
f 1745/1/1745 1748/1/1748 1750/1/1750 
f 1749/1/1749 1747/1/1747 1751/1/1751 1752/1/1752 
f 1722/1/1722 1751/1/1751 1747/1/1747 1719/1/1719 
f 1724/1/1724 1753/1/1753 1751/1/1751 1722/1/1722 
f 1753/1/1753 1754/1/1754 1752/1/1752 
f 1724/1/1724 1728/1/1728 1755/1/1755 1753/1/1753 
f 1756/1/1756 1755/1/1755 1728/1/1728 1727/1/1727 
f 1757/1/1757 1758/1/1758 1755/1/1755 1756/1/1756 
f 1753/1/1753 1755/1/1755 1758/1/1758 1754/1/1754 
f 1727/1/1727 1732/1/1732 1759/1/1759 1756/1/1756 
f 1760/1/1760 1759/1/1759 1732/1/1732 1731/1/1731 
f 1761/1/1761 1762/1/1762 1759/1/1759 1760/1/1760 
f 1756/1/1756 1759/1/1759 1762/1/1762 1757/1/1757 
f 1731/1/1731 1736/1/1736 1763/1/1763 1760/1/1760 
f 1764/1/1764 1763/1/1763 1736/1/1736 1735/1/1735 
f 1765/1/1765 1766/1/1766 1763/1/1763 1764/1/1764 
f 1760/1/1760 1763/1/1763 1766/1/1766 1761/1/1761 
f 1765/1/1765 1764/1/1764 1767/1/1767 1768/1/1768 
f 1744/1/1744 1767/1/1767 1764/1/1764 1735/1/1735 
f 1742/1/1742 1769/1/1769 1767/1/1767 1744/1/1744 
f 1768/1/1768 1767/1/1767 1769/1/1769 1770/1/1770 
f 1771/1/1771 1645/1/1645 1651/1/1651 1772/1/1772 
f 1650/1/1650 1773/1/1773 1772/1/1772 1651/1/1651 
f 1774/1/1774 1775/1/1775 1772/1/1772 1773/1/1773 
f 1776/1/1776 1771/1/1771 1772/1/1772 1775/1/1775 
f 1777/1/1777 1778/1/1778 1779/1/1779 1780/1/1780 
f 1765/1/1765 1768/1/1768 1779/1/1779 1778/1/1778 
f 1770/1/1770 1780/1/1780 1779/1/1779 1768/1/1768 
f 1777/1/1777 1781/1/1781 1782/1/1782 1783/1/1783 
f 1754/1/1754 1758/1/1758 1782/1/1782 1781/1/1781 
f 1757/1/1757 1783/1/1783 1782/1/1782 1758/1/1758 
f 1774/1/1774 1773/1/1773 1784/1/1784 1785/1/1785 
f 1650/1/1650 1655/1/1655 1784/1/1784 1773/1/1773 
f 1654/1/1654 1786/1/1786 1784/1/1784 1655/1/1655 
f 1787/1/1787 1785/1/1785 1784/1/1784 1786/1/1786 
f 1788/1/1788 1789/1/1789 1790/1/1790 1777/1/1777 
f 1789/1/1789 1788/1/1788 1750/1/1750 
f 1749/1/1749 1790/1/1790 1789/1/1789 1748/1/1748 
f 1781/1/1781 1777/1/1777 1790/1/1790 
f 1749/1/1749 1752/1/1752 1791/1/1791 1790/1/1790 
f 1754/1/1754 1781/1/1781 1791/1/1791 1752/1/1752 
f 1777/1/1777 1783/1/1783 1792/1/1792 1793/1/1793 
f 1757/1/1757 1762/1/1762 1792/1/1792 1783/1/1783 
f 1761/1/1761 1793/1/1793 1792/1/1792 1762/1/1762 
f 1777/1/1777 1793/1/1793 1794/1/1794 1778/1/1778 
f 1761/1/1761 1766/1/1766 1794/1/1794 1793/1/1793 
f 1765/1/1765 1778/1/1778 1794/1/1794 1766/1/1766 
f 1769/1/1769 1795/1/1795 1796/1/1796 1770/1/1770 
f 1741/1/1741 1795/1/1795 1769/1/1769 1742/1/1742 
f 1797/1/1797 1795/1/1795 1741/1/1741 1740/1/1740 
f 1798/1/1798 1796/1/1796 1795/1/1795 1797/1/1797 
f 1777/1/1777 1780/1/1780 1799/1/1799 1800/1/1800 
f 1770/1/1770 1796/1/1796 1799/1/1799 1780/1/1780 
f 1798/1/1798 1800/1/1800 1799/1/1799 1796/1/1796 
f 1801/1/1801 1802/1/1802 1803/1/1803 1804/1/1804 
f 1750/1/1750 1788/1/1788 1802/1/1802 1801/1/1801 
f 1788/1/1788 1777/1/1777 1803/1/1803 
f 1647/1/1647 1646/1/1646 1805/1/1805 1739/1/1739 
f 1771/1/1771 1805/1/1805 1646/1/1646 1645/1/1645 
f 1776/1/1776 1806/1/1806 1805/1/1805 1771/1/1771 
f 1739/1/1739 1805/1/1805 1806/1/1806 1740/1/1740 
f 1807/1/1807 1776/1/1776 1775/1/1775 1808/1/1808 
f 1774/1/1774 1785/1/1785 1808/1/1808 1775/1/1775 
f 1787/1/1787 1809/1/1809 1808/1/1808 1785/1/1785 
f 1810/1/1810 1807/1/1807 1808/1/1808 1809/1/1809 
f 1810/1/1810 1811/1/1811 1812/1/1812 1807/1/1807 
f 1797/1/1797 1812/1/1812 1811/1/1811 1798/1/1798 
f 1740/1/1740 1806/1/1806 1812/1/1812 1797/1/1797 
f 1807/1/1807 1812/1/1812 1806/1/1806 1776/1/1776 
f 1787/1/1787 1786/1/1786 1813/1/1813 1814/1/1814 
f 1654/1/1654 1658/1/1658 1813/1/1813 1786/1/1786 
f 1813/1/1813 1658/1/1658 1659/1/1659 1815/1/1815 
f 1814/1/1814 1813/1/1813 1815/1/1815 1816/1/1816 
f 1817/1/1817 1816/1/1816 1815/1/1815 
f 1661/1/1661 1818/1/1818 1815/1/1815 1659/1/1659 
f 1818/1/1818 1661/1/1661 1665/1/1665 
f 1714/1/1714 1713/1/1713 1817/1/1817 
f 1810/1/1810 1809/1/1809 1819/1/1819 1820/1/1820 
f 1814/1/1814 1819/1/1819 1809/1/1809 1787/1/1787 
f 1816/1/1816 1821/1/1821 1819/1/1819 1814/1/1814 
f 1820/1/1820 1819/1/1819 1821/1/1821 1804/1/1804 
f 1821/1/1821 1816/1/1816 1817/1/1817 1822/1/1822 
f 1713/1/1713 1823/1/1823 1822/1/1822 1817/1/1817 
f 1804/1/1804 1821/1/1821 1822/1/1822 1823/1/1823 
f 1801/1/1801 1804/1/1804 1823/1/1823 
f 1823/1/1823 1713/1/1713 1712/1/1712 
f 1746/1/1746 1824/1/1824 1712/1/1712 1716/1/1716 
f 1801/1/1801 1824/1/1824 1746/1/1746 1750/1/1750 
f 1804/1/1804 1803/1/1803 1825/1/1825 1820/1/1820 
f 1800/1/1800 1825/1/1825 1803/1/1803 1777/1/1777 
f 1798/1/1798 1811/1/1811 1825/1/1825 1800/1/1800 
f 1820/1/1820 1825/1/1825 1811/1/1811 1810/1/1810 
f 1589/1/1589 1588/1/1588 1826/1/1826 1827/1/1827 
f 1595/1/1595 1826/1/1826 1588/1/1588 1587/1/1587 
f 1599/1/1599 1629/1/1629 1826/1/1826 1595/1/1595 
f 1827/1/1827 1826/1/1826 1629/1/1629 1628/1/1628 
f 1627/1/1627 1708/1/1708 1828/1/1828 1626/1/1626 
f 1705/1/1705 1829/1/1829 1828/1/1828 1708/1/1708 
f 1830/1/1830 1828/1/1828 1829/1/1829 1831/1/1831 
f 1626/1/1626 1828/1/1828 1830/1/1830 1628/1/1628 
f 1831/1/1831 1829/1/1829 1832/1/1832 1833/1/1833 
f 1704/1/1704 1832/1/1832 1829/1/1829 1705/1/1705 
f 1698/1/1698 1834/1/1834 1832/1/1832 1704/1/1704 
f 1833/1/1833 1832/1/1832 1834/1/1834 1835/1/1835 
f 1835/1/1835 1834/1/1834 1836/1/1836 1837/1/1837 
f 1696/1/1696 1836/1/1836 1834/1/1834 1698/1/1698 
f 1693/1/1693 1838/1/1838 1836/1/1836 1696/1/1696 
f 1837/1/1837 1836/1/1836 1838/1/1838 1839/1/1839 
f 1838/1/1838 1840/1/1840 1841/1/1841 1839/1/1839 
f 1692/1/1692 1840/1/1840 1838/1/1838 1693/1/1693 
f 1840/1/1840 1692/1/1692 1689/1/1689 
f 1841/1/1841 1840/1/1840 1842/1/1842 1843/1/1843 
f 1844/1/1844 1845/1/1845 1846/1/1846 1847/1/1847 
f 1848/1/1848 1845/1/1845 1844/1/1844 1849/1/1849 
f 1841/1/1841 1845/1/1845 1848/1/1848 1839/1/1839 
f 1846/1/1846 1845/1/1845 1841/1/1841 1843/1/1843 
f 1688/1/1688 1850/1/1850 1842/1/1842 1689/1/1689 
f 1850/1/1850 1688/1/1688 1681/1/1681 
f 1851/1/1851 1850/1/1850 1852/1/1852 1853/1/1853 
f 1842/1/1842 1850/1/1850 1851/1/1851 1843/1/1843 
f 1853/1/1853 1852/1/1852 1854/1/1854 1855/1/1855 
f 1680/1/1680 1854/1/1854 1852/1/1852 1681/1/1681 
f 1672/1/1672 1856/1/1856 1854/1/1854 1680/1/1680 
f 1855/1/1855 1854/1/1854 1856/1/1856 1857/1/1857 
f 1857/1/1857 1856/1/1856 1858/1/1858 1859/1/1859 
f 1675/1/1675 1858/1/1858 1856/1/1856 1672/1/1672 
f 1669/1/1669 1860/1/1860 1858/1/1858 1675/1/1675 
f 1859/1/1859 1858/1/1858 1860/1/1860 1861/1/1861 
f 1641/1/1641 1640/1/1640 1862/1/1862 1662/1/1662 
f 1863/1/1863 1862/1/1862 1640/1/1640 1616/1/1616 
f 1864/1/1864 1865/1/1865 1862/1/1862 1863/1/1863 
f 1662/1/1662 1862/1/1862 1865/1/1865 1663/1/1663 
f 1621/1/1621 1866/1/1866 1867/1/1867 1619/1/1619 
f 1863/1/1863 1867/1/1867 1866/1/1866 1864/1/1864 
f 1616/1/1616 1615/1/1615 1867/1/1867 1863/1/1863 
f 1619/1/1619 1867/1/1867 1615/1/1615 1610/1/1610 
f 1861/1/1861 1860/1/1860 1868/1/1868 1869/1/1869 
f 1668/1/1668 1868/1/1868 1860/1/1860 1669/1/1669 
f 1663/1/1663 1865/1/1865 1868/1/1868 1668/1/1668 
f 1869/1/1869 1868/1/1868 1865/1/1865 1864/1/1864 
f 400/1/400 1870/1/1870 1871/1/1871 401/1/401 
f 1872/1/1872 1871/1/1871 1870/1/1870 1873/1/1873 
f 1621/1/1621 1620/1/1620 1871/1/1871 1872/1/1872 
f 401/1/401 1871/1/1871 1620/1/1620 405/1/405 
f 1864/1/1864 1866/1/1866 1874/1/1874 1875/1/1875 
f 1872/1/1872 1874/1/1874 1866/1/1866 1621/1/1621 
f 1873/1/1873 1876/1/1876 1874/1/1874 1872/1/1872 
f 1875/1/1875 1874/1/1874 1876/1/1876 1877/1/1877 
f 1873/1/1873 1870/1/1870 1878/1/1878 1879/1/1879 
f 1314/1/1314 1878/1/1878 1870/1/1870 400/1/400 
f 1317/1/1317 1880/1/1880 1878/1/1878 1314/1/1314 
f 1879/1/1879 1878/1/1878 1880/1/1880 1881/1/1881 
f 1877/1/1877 1876/1/1876 1882/1/1882 1883/1/1883 
f 1879/1/1879 1882/1/1882 1876/1/1876 1873/1/1873 
f 1881/1/1881 1884/1/1884 1882/1/1882 1879/1/1879 
f 1883/1/1883 1882/1/1882 1884/1/1884 1885/1/1885 
f 1861/1/1861 1869/1/1869 1886/1/1886 1887/1/1887 
f 1875/1/1875 1886/1/1886 1869/1/1869 1864/1/1864 
f 1877/1/1877 1883/1/1883 1886/1/1886 1875/1/1875 
f 1887/1/1887 1886/1/1886 1883/1/1883 1885/1/1885 
f 1861/1/1861 1887/1/1887 1888/1/1888 1859/1/1859 
f 1889/1/1889 1888/1/1888 1887/1/1887 1885/1/1885 
f 1888/1/1888 1889/1/1889 1890/1/1890 
f 1859/1/1859 1888/1/1888 1891/1/1891 1857/1/1857 
f 1892/1/1892 1893/1/1893 1894/1/1894 
f 1895/1/1895 1853/1/1853 1855/1/1855 
f 1857/1/1857 1891/1/1891 1892/1/1892 1855/1/1855 
f 1891/1/1891 1890/1/1890 1893/1/1893 
f 1851/1/1851 1896/1/1896 1897/1/1897 1843/1/1843 
f 1896/1/1896 1851/1/1851 1853/1/1853 
f 1898/1/1898 1896/1/1896 1895/1/1895 1894/1/1894 
f 1897/1/1897 1896/1/1896 1898/1/1898 1899/1/1899 
f 1900/1/1900 1901/1/1901 1897/1/1897 1899/1/1899 
f 1847/1/1847 1846/1/1846 1901/1/1901 1900/1/1900 
f 1843/1/1843 1897/1/1897 1901/1/1901 1846/1/1846 
f 1894/1/1894 1902/1/1902 1903/1/1903 1898/1/1898 
f 1904/1/1904 1903/1/1903 1902/1/1902 1905/1/1905 
f 1906/1/1906 1907/1/1907 1903/1/1903 1904/1/1904 
f 1898/1/1898 1903/1/1903 1907/1/1907 1899/1/1899 
f 1905/1/1905 1902/1/1902 1908/1/1908 1909/1/1909 
f 1893/1/1893 1908/1/1908 1902/1/1902 1894/1/1894 
f 1890/1/1890 1910/1/1910 1908/1/1908 1893/1/1893 
f 1909/1/1909 1908/1/1908 1910/1/1910 1911/1/1911 
f 1905/1/1905 1909/1/1909 1912/1/1912 1904/1/1904 
f 1913/1/1913 1912/1/1912 1909/1/1909 1911/1/1911 
f 1914/1/1914 1915/1/1915 1912/1/1912 1913/1/1913 
f 1904/1/1904 1912/1/1912 1915/1/1915 1906/1/1906 
f 1910/1/1910 1890/1/1890 1889/1/1889 
f 1889/1/1889 1885/1/1885 1916/1/1916 
f 1916/1/1916 1917/1/1917 1918/1/1918 
f 1911/1/1911 1910/1/1910 1919/1/1919 1918/1/1918 
f 1914/1/1914 1913/1/1913 1920/1/1920 1921/1/1921 
f 1922/1/1922 1920/1/1920 1913/1/1913 1911/1/1911 
f 1923/1/1923 1924/1/1924 1920/1/1920 1922/1/1922 
f 1921/1/1921 1920/1/1920 1924/1/1924 1925/1/1925 
f 1926/1/1926 1927/1/1927 1924/1/1924 1923/1/1923 
f 1927/1/1927 1926/1/1926 1928/1/1928 
f 1929/1/1929 1927/1/1927 1930/1/1930 
f 1925/1/1925 1924/1/1924 1927/1/1927 1929/1/1929 
f 1923/1/1923 1931/1/1931 1932/1/1932 1926/1/1926 
f 1933/1/1933 1932/1/1932 1931/1/1931 1934/1/1934 
f 1935/1/1935 1936/1/1936 1932/1/1932 1933/1/1933 
f 1926/1/1926 1932/1/1932 1936/1/1936 1928/1/1928 
f 1923/1/1923 1922/1/1922 1937/1/1937 1931/1/1931 
f 1918/1/1918 1937/1/1937 1922/1/1922 1911/1/1911 
f 1937/1/1937 1918/1/1918 1917/1/1917 
f 1938/1/1938 1934/1/1934 1931/1/1931 
f 1934/1/1934 1939/1/1939 1940/1/1940 1933/1/1933 
f 1941/1/1941 1942/1/1942 1940/1/1940 1939/1/1939 
f 1933/1/1933 1940/1/1940 1942/1/1942 1935/1/1935 
f 1939/1/1939 1943/1/1943 1944/1/1944 1941/1/1941 
f 1945/1/1945 1943/1/1943 1939/1/1939 1934/1/1934 
f 1946/1/1946 1947/1/1947 1943/1/1943 1945/1/1945 
f 1944/1/1944 1943/1/1943 1947/1/1947 1948/1/1948 
f 1949/1/1949 1950/1/1950 1951/1/1951 1952/1/1952 
f 1332/1/1332 1347/1/1347 1951/1/1951 1950/1/1950 
f 1346/1/1346 1953/1/1953 1951/1/1951 1347/1/1347 
f 1952/1/1952 1951/1/1951 1953/1/1953 1954/1/1954 
f 1955/1/1955 1956/1/1956 1957/1/1957 1958/1/1958 
f 1957/1/1957 1956/1/1956 1954/1/1954 
f 1959/1/1959 1960/1/1960 1957/1/1957 1961/1/1961 
f 1958/1/1958 1957/1/1957 1960/1/1960 1962/1/1962 
f 1949/1/1949 1952/1/1952 1963/1/1963 1964/1/1964 
f 1956/1/1956 1963/1/1963 1952/1/1952 1954/1/1954 
f 1955/1/1955 1965/1/1965 1963/1/1963 1956/1/1956 
f 1964/1/1964 1963/1/1963 1965/1/1965 1966/1/1966 
f 1949/1/1949 1964/1/1964 1967/1/1967 1950/1/1950 
f 1966/1/1966 1968/1/1968 1967/1/1967 1964/1/1964 
f 1333/1/1333 1967/1/1967 1968/1/1968 1323/1/1323 
f 1333/1/1333 1332/1/1332 1950/1/1950 
f 1955/1/1955 1958/1/1958 1969/1/1969 1965/1/1965 
f 1962/1/1962 1970/1/1970 1969/1/1969 1958/1/1958 
f 1971/1/1971 1972/1/1972 1969/1/1969 1970/1/1970 
f 1965/1/1965 1969/1/1969 1972/1/1972 1966/1/1966 
f 1973/1/1973 1974/1/1974 1975/1/1975 1976/1/1976 
f 1321/1/1321 1975/1/1975 1974/1/1974 1319/1/1319 
f 1323/1/1323 1968/1/1968 1975/1/1975 1321/1/1321 
f 1976/1/1976 1975/1/1975 1968/1/1968 1966/1/1966 
f 1977/1/1977 1978/1/1978 1979/1/1979 1980/1/1980 
f 1962/1/1962 1960/1/1960 1978/1/1978 1977/1/1977 
f 1981/1/1981 1978/1/1978 1960/1/1960 1959/1/1959 
f 1979/1/1979 1978/1/1978 1981/1/1981 1982/1/1982 
f 1983/1/1983 1984/1/1984 1985/1/1985 1986/1/1986 
f 1976/1/1976 1985/1/1985 1984/1/1984 1973/1/1973 
f 1966/1/1966 1972/1/1972 1985/1/1985 1976/1/1976 
f 1986/1/1986 1985/1/1985 1972/1/1972 1971/1/1971 
f 1971/1/1971 1970/1/1970 1987/1/1987 1986/1/1986 
f 1977/1/1977 1987/1/1987 1970/1/1970 1962/1/1962 
f 1980/1/1980 1988/1/1988 1987/1/1987 1977/1/1977 
f 1986/1/1986 1987/1/1987 1988/1/1988 1983/1/1983 
f 1989/1/1989 1990/1/1990 1991/1/1991 1992/1/1992 
f 1979/1/1979 1991/1/1991 1990/1/1990 1980/1/1980 
f 1982/1/1982 1993/1/1993 1991/1/1991 1979/1/1979 
f 1992/1/1992 1991/1/1991 1993/1/1993 1994/1/1994 
f 1995/1/1995 1996/1/1996 1997/1/1997 1998/1/1998 
f 1996/1/1996 1317/1/1317 1316/1/1316 
f 1319/1/1319 1974/1/1974 1997/1/1997 1316/1/1316 
f 1998/1/1998 1997/1/1997 1974/1/1974 1973/1/1973 
f 1994/1/1994 1999/1/1999 2000/1/2000 1992/1/1992 
f 1947/1/1947 2000/1/2000 1999/1/1999 1948/1/1948 
f 1946/1/1946 2001/1/2001 2000/1/2000 1947/1/1947 
f 1992/1/1992 2000/1/2000 2001/1/2001 1989/1/1989 
f 2002/1/2002 2003/1/2003 1917/1/1917 
f 1885/1/1885 1884/1/1884 2002/1/2002 1916/1/1916 
f 2004/1/2004 2002/1/2002 1884/1/1884 1881/1/1881 
f 2003/1/2003 2002/1/2002 2004/1/2004 2005/1/2005 
f 2006/1/2006 2007/1/2007 2008/1/2008 2009/1/2009 
f 1998/1/1998 2008/1/2008 2007/1/2007 1995/1/1995 
f 1973/1/1973 1984/1/1984 2008/1/2008 1998/1/1998 
f 2009/1/2009 2008/1/2008 1984/1/1984 1983/1/1983 
f 1880/1/1880 1317/1/1317 1996/1/1996 
f 1996/1/1996 1995/1/1995 2010/1/2010 
f 2011/1/2011 2010/1/2010 2005/1/2005 
f 1881/1/1881 1880/1/1880 2011/1/2011 2004/1/2004 
f 2010/1/2010 2012/1/2012 2013/1/2013 2005/1/2005 
f 1995/1/1995 2007/1/2007 2012/1/2012 2010/1/2010 
f 2006/1/2006 2013/1/2013 2012/1/2012 2007/1/2007 
f 2014/1/2014 1945/1/1945 1934/1/1934 
f 1938/1/1938 1917/1/1917 2003/1/2003 
f 2005/1/2005 2015/1/2015 2014/1/2014 2003/1/2003 
f 1945/1/1945 2014/1/2014 2015/1/2015 1946/1/1946 
f 2016/1/2016 2017/1/2017 2013/1/2013 2006/1/2006 
f 2001/1/2001 2017/1/2017 2016/1/2016 1989/1/1989 
f 1946/1/1946 2015/1/2015 2017/1/2017 2001/1/2001 
f 2005/1/2005 2013/1/2013 2017/1/2017 2015/1/2015 
f 1983/1/1983 1988/1/1988 2018/1/2018 2009/1/2009 
f 1990/1/1990 2018/1/2018 1988/1/1988 1980/1/1980 
f 1989/1/1989 2016/1/2016 2018/1/2018 1990/1/1990 
f 2009/1/2009 2018/1/2018 2016/1/2016 2006/1/2006 
f 641/1/641 640/1/640 2019/1/2019 2020/1/2020 
f 1585/1/1585 2019/1/2019 640/1/640 502/1/502 
f 2019/1/2019 1585/1/1585 1589/1/1589 
f 2020/1/2020 2019/1/2019 2021/1/2021 2022/1/2022 
f 645/1/645 644/1/644 2023/1/2023 2024/1/2024 
f 2020/1/2020 2023/1/2023 644/1/644 641/1/641 
f 2022/1/2022 2025/1/2025 2023/1/2023 2020/1/2020 
f 2024/1/2024 2023/1/2023 2025/1/2025 2026/1/2026 
f 2027/1/2027 1589/1/1589 1827/1/1827 
f 1628/1/1628 1830/1/1830 2028/1/2028 1827/1/1827 
f 1831/1/1831 2029/1/2029 2028/1/2028 1830/1/1830 
f 2027/1/2027 2028/1/2028 2029/1/2029 2030/1/2030 
f 2030/1/2030 2029/1/2029 2031/1/2031 2032/1/2032 
f 1833/1/1833 2031/1/2031 2029/1/2029 1831/1/1831 
f 1835/1/1835 2033/1/2033 2031/1/2031 1833/1/1833 
f 2032/1/2032 2031/1/2031 2033/1/2033 2034/1/2034 
f 2034/1/2034 2033/1/2033 2035/1/2035 2036/1/2036 
f 1837/1/1837 2035/1/2035 2033/1/2033 1835/1/1835 
f 1839/1/1839 2037/1/2037 2035/1/2035 1837/1/1837 
f 2036/1/2036 2035/1/2035 2037/1/2037 2038/1/2038 
f 2037/1/2037 2039/1/2039 2040/1/2040 2038/1/2038 
f 1848/1/1848 2039/1/2039 2037/1/2037 1839/1/1839 
f 1849/1/1849 2040/1/2040 2039/1/2039 1848/1/1848 
f 2022/1/2022 2021/1/2021 2041/1/2041 2042/1/2042 
f 2027/1/2027 2041/1/2041 2021/1/2021 1589/1/1589 
f 2041/1/2041 2027/1/2027 2030/1/2030 
f 2043/1/2043 2044/1/2044 2042/1/2042 
f 2025/1/2025 2045/1/2045 2046/1/2046 2026/1/2026 
f 2042/1/2042 2045/1/2045 2025/1/2025 2022/1/2022 
f 2045/1/2045 2042/1/2042 2044/1/2044 
f 2046/1/2046 2045/1/2045 2047/1/2047 2048/1/2048 
f 2049/1/2049 2050/1/2050 2044/1/2044 
f 2032/1/2032 2049/1/2049 2043/1/2043 2030/1/2030 
f 2034/1/2034 2051/1/2051 2049/1/2049 2032/1/2032 
f 2052/1/2052 2050/1/2050 2049/1/2049 2051/1/2051 
f 2053/1/2053 2054/1/2054 2055/1/2055 2056/1/2056 
f 2051/1/2051 2055/1/2055 2054/1/2054 2052/1/2052 
f 2055/1/2055 2051/1/2051 2034/1/2034 
f 2056/1/2056 2055/1/2055 2036/1/2036 2038/1/2038 
f 2026/1/2026 2046/1/2046 2057/1/2057 2024/1/2024 
f 2058/1/2058 2057/1/2057 2046/1/2046 2048/1/2048 
f 2059/1/2059 2060/1/2060 2057/1/2057 2058/1/2058 
f 2024/1/2024 2057/1/2057 2060/1/2060 645/1/645 
f 645/1/645 2060/1/2060 2061/1/2061 649/1/649 
f 2062/1/2062 2061/1/2061 2060/1/2060 2059/1/2059 
f 2063/1/2063 2064/1/2064 2061/1/2061 2062/1/2062 
f 649/1/649 2061/1/2061 2064/1/2064 646/1/646 
f 650/1/650 653/1/653 2065/1/2065 2066/1/2066 
f 646/1/646 2064/1/2064 2065/1/2065 653/1/653 
f 2063/1/2063 2067/1/2067 2065/1/2065 2064/1/2064 
f 2066/1/2066 2065/1/2065 2067/1/2067 2068/1/2068 
f 665/1/665 664/1/664 2069/1/2069 2070/1/2070 
f 2071/1/2071 2069/1/2069 664/1/664 659/1/659 
f 2072/1/2072 2073/1/2073 2069/1/2069 2071/1/2071 
f 2070/1/2070 2069/1/2069 2073/1/2073 2074/1/2074 
f 668/1/668 667/1/667 2075/1/2075 2076/1/2076 
f 2070/1/2070 2075/1/2075 667/1/667 665/1/665 
f 2074/1/2074 2077/1/2077 2075/1/2075 2070/1/2070 
f 2076/1/2076 2075/1/2075 2077/1/2077 2078/1/2078 
f 2079/1/2079 2080/1/2080 2081/1/2081 2082/1/2082 
f 2080/1/2080 2078/1/2078 2077/1/2077 
f 2083/1/2083 2081/1/2081 2077/1/2077 2074/1/2074 
f 2084/1/2084 2082/1/2082 2081/1/2081 2083/1/2083 
f 668/1/668 2076/1/2076 2085/1/2085 671/1/671 
f 2076/1/2076 2078/1/2078 2086/1/2086 
f 2087/1/2087 2088/1/2088 2085/1/2085 2086/1/2086 
f 671/1/671 2085/1/2085 2088/1/2088 672/1/672 
f 2086/1/2086 2089/1/2089 2090/1/2090 2087/1/2087 
f 2078/1/2078 2080/1/2080 2089/1/2089 2086/1/2086 
f 2079/1/2079 2091/1/2091 2089/1/2089 2080/1/2080 
f 2092/1/2092 2090/1/2090 2089/1/2089 2091/1/2091 
f 672/1/672 2088/1/2088 2093/1/2093 675/1/675 
f 2094/1/2094 2093/1/2093 2088/1/2088 2087/1/2087 
f 2095/1/2095 2096/1/2096 2093/1/2093 2094/1/2094 
f 675/1/675 2093/1/2093 2096/1/2096 676/1/676 
f 2087/1/2087 2090/1/2090 2097/1/2097 2094/1/2094 
f 2098/1/2098 2097/1/2097 2090/1/2090 2092/1/2092 
f 2099/1/2099 2100/1/2100 2097/1/2097 2098/1/2098 
f 2094/1/2094 2097/1/2097 2100/1/2100 2095/1/2095 
f 2101/1/2101 679/1/679 676/1/676 
f 2102/1/2102 2101/1/2101 2096/1/2096 2095/1/2095 
f 2103/1/2103 2104/1/2104 2101/1/2101 2102/1/2102 
f 2104/1/2104 680/1/680 679/1/679 
f 657/1/657 656/1/656 2105/1/2105 2106/1/2106 
f 2066/1/2066 2105/1/2105 656/1/656 650/1/650 
f 2068/1/2068 2107/1/2107 2105/1/2105 2066/1/2066 
f 2106/1/2106 2105/1/2105 2107/1/2107 2108/1/2108 
f 659/1/659 658/1/658 2109/1/2109 2071/1/2071 
f 2106/1/2106 2109/1/2109 658/1/658 657/1/657 
f 2108/1/2108 2110/1/2110 2109/1/2109 2106/1/2106 
f 2071/1/2071 2109/1/2109 2110/1/2110 2072/1/2072 
f 2074/1/2074 2073/1/2073 2111/1/2111 2083/1/2083 
f 2112/1/2112 2111/1/2111 2073/1/2073 2072/1/2072 
f 2113/1/2113 2114/1/2114 2111/1/2111 2112/1/2112 
f 2083/1/2083 2111/1/2111 2114/1/2114 2084/1/2084 
f 2115/1/2115 2116/1/2116 2117/1/2117 2118/1/2118 
f 2119/1/2119 2117/1/2117 2116/1/2116 2120/1/2120 
f 2068/1/2068 2067/1/2067 2117/1/2117 2119/1/2119 
f 2118/1/2118 2117/1/2117 2067/1/2067 2063/1/2063 
f 2108/1/2108 2107/1/2107 2121/1/2121 2122/1/2122 
f 2119/1/2119 2121/1/2121 2107/1/2107 2068/1/2068 
f 2120/1/2120 2123/1/2123 2121/1/2121 2119/1/2119 
f 2122/1/2122 2121/1/2121 2123/1/2123 2124/1/2124 
f 2072/1/2072 2110/1/2110 2125/1/2125 2112/1/2112 
f 2122/1/2122 2125/1/2125 2110/1/2110 2108/1/2108 
f 2124/1/2124 2126/1/2126 2125/1/2125 2122/1/2122 
f 2112/1/2112 2125/1/2125 2126/1/2126 2113/1/2113 
f 2059/1/2059 2058/1/2058 2127/1/2127 2128/1/2128 
f 2129/1/2129 2127/1/2127 2058/1/2058 2048/1/2048 
f 2130/1/2130 2131/1/2131 2127/1/2127 2129/1/2129 
f 2128/1/2128 2127/1/2127 2131/1/2131 2132/1/2132 
f 2048/1/2048 2047/1/2047 2133/1/2133 2129/1/2129 
f 2050/1/2050 2133/1/2133 2047/1/2047 2044/1/2044 
f 2134/1/2134 2133/1/2133 2050/1/2050 2052/1/2052 
f 2129/1/2129 2133/1/2133 2134/1/2134 2130/1/2130 
f 2052/1/2052 2054/1/2054 2135/1/2135 2134/1/2134 
f 2136/1/2136 2135/1/2135 2054/1/2054 2053/1/2053 
f 2137/1/2137 2138/1/2138 2135/1/2135 2136/1/2136 
f 2134/1/2134 2135/1/2135 2138/1/2138 2130/1/2130 
f 2130/1/2130 2138/1/2138 2139/1/2139 2131/1/2131 
f 2137/1/2137 2140/1/2140 2139/1/2139 2138/1/2138 
f 2131/1/2131 2139/1/2139 2140/1/2140 2132/1/2132 
f 2059/1/2059 2128/1/2128 2141/1/2141 2062/1/2062 
f 2142/1/2142 2141/1/2141 2128/1/2128 2132/1/2132 
f 2118/1/2118 2141/1/2141 2142/1/2142 2115/1/2115 
f 2062/1/2062 2141/1/2141 2118/1/2118 2063/1/2063 
f 2143/1/2143 2144/1/2144 2145/1/2145 2146/1/2146 
f 894/1/894 2145/1/2145 2144/1/2144 880/1/880 
f 898/1/898 2147/1/2147 2145/1/2145 894/1/894 
f 2146/1/2146 2145/1/2145 2147/1/2147 2148/1/2148 
f 908/1/908 2149/1/2149 2147/1/2147 898/1/898 
f 2150/1/2150 2149/1/2149 908/1/908 912/1/912 
f 2151/1/2151 2152/1/2152 2149/1/2149 2150/1/2150 
f 2152/1/2152 2148/1/2148 2147/1/2147 2149/1/2149 
f 912/1/912 920/1/920 2153/1/2153 2150/1/2150 
f 2154/1/2154 2153/1/2153 920/1/920 924/1/924 
f 2155/1/2155 2156/1/2156 2153/1/2153 2154/1/2154 
f 2150/1/2150 2153/1/2153 2156/1/2156 2151/1/2151 
f 924/1/924 941/1/941 2157/1/2157 2154/1/2154 
f 916/1/916 2158/1/2158 2157/1/2157 941/1/941 
f 2159/1/2159 2157/1/2157 2158/1/2158 2160/1/2160 
f 2154/1/2154 2157/1/2157 2159/1/2159 2155/1/2155 
f 2161/1/2161 2162/1/2162 2163/1/2163 2164/1/2164 
f 879/1/879 2163/1/2163 2162/1/2162 881/1/881 
f 880/1/880 2144/1/2144 2163/1/2163 879/1/879 
f 2164/1/2164 2163/1/2163 2144/1/2144 2143/1/2143 
f 2165/1/2165 2161/1/2161 2164/1/2164 
f 2166/1/2166 2164/1/2164 2143/1/2143 
f 2167/1/2167 2166/1/2166 2168/1/2168 2169/1/2169 
f 2165/1/2165 2166/1/2166 2167/1/2167 2170/1/2170 
f 2169/1/2169 2168/1/2168 2171/1/2171 2172/1/2172 
f 2146/1/2146 2171/1/2171 2168/1/2168 2143/1/2143 
f 2148/1/2148 2173/1/2173 2171/1/2171 2146/1/2146 
f 2172/1/2172 2171/1/2171 2173/1/2173 2174/1/2174 
f 2175/1/2175 2176/1/2176 2177/1/2177 2178/1/2178 
f 2174/1/2174 2173/1/2173 2177/1/2177 2176/1/2176 
f 2152/1/2152 2177/1/2177 2173/1/2173 2148/1/2148 
f 2178/1/2178 2177/1/2177 2152/1/2152 2151/1/2151 
f 2179/1/2179 2180/1/2180 2181/1/2181 2182/1/2182 
f 2178/1/2178 2181/1/2181 2180/1/2180 2175/1/2175 
f 2151/1/2151 2156/1/2156 2181/1/2181 2178/1/2178 
f 2182/1/2182 2181/1/2181 2156/1/2156 2155/1/2155 
f 2183/1/2183 2184/1/2184 2185/1/2185 2186/1/2186 
f 2182/1/2182 2184/1/2184 2183/1/2183 2179/1/2179 
f 2155/1/2155 2159/1/2159 2184/1/2184 2182/1/2182 
f 2160/1/2160 2185/1/2185 2184/1/2184 2159/1/2159 
f 2170/1/2170 2167/1/2167 2187/1/2187 2188/1/2188 
f 2172/1/2172 2187/1/2187 2167/1/2167 2169/1/2169 
f 2174/1/2174 2189/1/2189 2187/1/2187 2172/1/2172 
f 2188/1/2188 2187/1/2187 2189/1/2189 2190/1/2190 
f 2191/1/2191 2192/1/2192 2193/1/2193 2194/1/2194 
f 2189/1/2189 2193/1/2193 2192/1/2192 2190/1/2190 
f 2174/1/2174 2176/1/2176 2193/1/2193 2189/1/2189 
f 2194/1/2194 2193/1/2193 2176/1/2176 2175/1/2175 
f 2195/1/2195 2196/1/2196 2197/1/2197 2198/1/2198 
f 2192/1/2192 2197/1/2197 2196/1/2196 2190/1/2190 
f 2191/1/2191 2198/1/2198 2197/1/2197 2192/1/2192 
f 2199/1/2199 2200/1/2200 2201/1/2201 2202/1/2202 
f 2194/1/2194 2201/1/2201 2200/1/2200 2191/1/2191 
f 2175/1/2175 2180/1/2180 2201/1/2201 2194/1/2194 
f 2202/1/2202 2201/1/2201 2180/1/2180 2179/1/2179 
f 2203/1/2203 2204/1/2204 2205/1/2205 2206/1/2206 
f 2198/1/2198 2205/1/2205 2204/1/2204 2195/1/2195 
f 2191/1/2191 2200/1/2200 2205/1/2205 2198/1/2198 
f 2206/1/2206 2205/1/2205 2200/1/2200 2199/1/2199 
f 2202/1/2202 2207/1/2207 2208/1/2208 2199/1/2199 
f 2179/1/2179 2183/1/2183 2207/1/2207 2202/1/2202 
f 2186/1/2186 2209/1/2209 2207/1/2207 2183/1/2183 
f 2208/1/2208 2207/1/2207 2209/1/2209 2210/1/2210 
f 2211/1/2211 2212/1/2212 2213/1/2213 2214/1/2214 
f 2206/1/2206 2212/1/2212 2211/1/2211 2203/1/2203 
f 2199/1/2199 2208/1/2208 2212/1/2212 2206/1/2206 
f 2210/1/2210 2213/1/2213 2212/1/2212 2208/1/2208 
f 2214/1/2214 2213/1/2213 2215/1/2215 2216/1/2216 
f 2217/1/2217 2215/1/2215 2213/1/2213 2210/1/2210 
f 2218/1/2218 2219/1/2219 2215/1/2215 2217/1/2217 
f 2216/1/2216 2215/1/2215 2219/1/2219 2220/1/2220 
f 2221/1/2221 2222/1/2222 2209/1/2209 2186/1/2186 
f 2223/1/2223 2222/1/2222 2221/1/2221 2224/1/2224 
f 2218/1/2218 2217/1/2217 2222/1/2222 2223/1/2223 
f 2210/1/2210 2209/1/2209 2222/1/2222 2217/1/2217 
f 2220/1/2220 2219/1/2219 2225/1/2225 2226/1/2226 
f 2223/1/2223 2225/1/2225 2219/1/2219 2218/1/2218 
f 2224/1/2224 2227/1/2227 2225/1/2225 2223/1/2223 
f 2226/1/2226 2225/1/2225 2227/1/2227 2228/1/2228 
f 2224/1/2224 2221/1/2221 2229/1/2229 2230/1/2230 
f 2185/1/2185 2229/1/2229 2221/1/2221 2186/1/2186 
f 2231/1/2231 2229/1/2229 2185/1/2185 2160/1/2160 
f 2230/1/2230 2229/1/2229 2231/1/2231 2232/1/2232 
f 2160/1/2160 2158/1/2158 2233/1/2233 2231/1/2231 
f 915/1/915 2233/1/2233 2158/1/2158 916/1/916 
f 802/1/802 2234/1/2234 2233/1/2233 915/1/915 
f 2231/1/2231 2233/1/2233 2234/1/2234 2232/1/2232 
f 2228/1/2228 2227/1/2227 2235/1/2235 2236/1/2236 
f 2230/1/2230 2235/1/2235 2227/1/2227 2224/1/2224 
f 2232/1/2232 2237/1/2237 2235/1/2235 2230/1/2230 
f 2236/1/2236 2235/1/2235 2237/1/2237 2238/1/2238 
f 802/1/802 801/1/801 2239/1/2239 2234/1/2234 
f 2240/1/2240 2239/1/2239 801/1/801 689/1/689 
f 2241/1/2241 2242/1/2242 2239/1/2239 2240/1/2240 
f 2234/1/2234 2239/1/2239 2242/1/2242 2232/1/2232 
f 2243/1/2243 2244/1/2244 2245/1/2245 2246/1/2246 
f 2238/1/2238 2237/1/2237 2245/1/2245 2244/1/2244 
f 2242/1/2242 2245/1/2245 2237/1/2237 2232/1/2232 
f 2246/1/2246 2245/1/2245 2242/1/2242 2241/1/2241 
f 689/1/689 686/1/686 2247/1/2247 2240/1/2240 
f 2248/1/2248 2247/1/2247 686/1/686 685/1/685 
f 2249/1/2249 2250/1/2250 2247/1/2247 2248/1/2248 
f 2240/1/2240 2247/1/2247 2250/1/2250 2241/1/2241 
f 685/1/685 691/1/691 2251/1/2251 2248/1/2248 
f 2104/1/2104 2251/1/2251 691/1/691 680/1/680 
f 2103/1/2103 2252/1/2252 2251/1/2251 2104/1/2104 
f 2248/1/2248 2251/1/2251 2252/1/2252 2249/1/2249 
f 2241/1/2241 2250/1/2250 2253/1/2253 2246/1/2246 
f 2254/1/2254 2253/1/2253 2250/1/2250 2249/1/2249 
f 2255/1/2255 2256/1/2256 2253/1/2253 2254/1/2254 
f 2246/1/2246 2253/1/2253 2256/1/2256 2243/1/2243 
f 2095/1/2095 2100/1/2100 2257/1/2257 2102/1/2102 
f 2258/1/2258 2257/1/2257 2100/1/2100 2099/1/2099 
f 2259/1/2259 2260/1/2260 2257/1/2257 2258/1/2258 
f 2102/1/2102 2257/1/2257 2260/1/2260 2103/1/2103 
f 2249/1/2249 2252/1/2252 2261/1/2261 2254/1/2254 
f 2260/1/2260 2261/1/2261 2252/1/2252 2103/1/2103 
f 2259/1/2259 2262/1/2262 2261/1/2261 2260/1/2260 
f 2254/1/2254 2261/1/2261 2262/1/2262 2255/1/2255 
f 710/1/710 709/1/709 2263/1/2263 2264/1/2264 
f 764/1/764 2263/1/2263 709/1/709 703/1/703 
f 765/1/765 1438/1/1438 2263/1/2263 764/1/764 
f 1438/1/1438 1441/1/1441 2264/1/2264 
f 735/1/735 732/1/732 2265/1/2265 2266/1/2266 
f 732/1/732 711/1/711 708/1/708 
f 2265/1/2265 708/1/708 710/1/710 
f 2266/1/2266 2265/1/2265 2267/1/2267 2268/1/2268 
f 1567/1/1567 1566/1/1566 2269/1/2269 2270/1/2270 
f 2266/1/2266 2269/1/2269 1566/1/1566 735/1/735 
f 2268/1/2268 2271/1/2271 2269/1/2269 2266/1/2266 
f 2270/1/2270 2269/1/2269 2271/1/2271 2272/1/2272 
f 1579/1/1579 1578/1/1578 2273/1/2273 2274/1/2274 
f 2270/1/2270 2273/1/2273 1578/1/1578 1567/1/1567 
f 2272/1/2272 2275/1/2275 2273/1/2273 2270/1/2270 
f 2274/1/2274 2273/1/2273 2275/1/2275 2276/1/2276 
f 1583/1/1583 1582/1/1582 2277/1/2277 2278/1/2278 
f 2274/1/2274 2277/1/2277 1582/1/1582 1579/1/1579 
f 2276/1/2276 2279/1/2279 2277/1/2277 2274/1/2274 
f 2278/1/2278 2277/1/2277 2279/1/2279 2280/1/2280 
f 2281/1/2281 2282/1/2282 2283/1/2283 
f 2284/1/2284 1441/1/1441 1440/1/1440 
f 2281/1/2281 1440/1/1440 1426/1/1426 
f 1443/1/1443 1442/1/1442 2282/1/2282 
f 1442/1/1442 1447/1/1447 2285/1/2285 2282/1/2282 
f 2286/1/2286 2285/1/2285 1447/1/1447 1446/1/1446 
f 2287/1/2287 2288/1/2288 2285/1/2285 2286/1/2286 
f 2282/1/2282 2285/1/2285 2288/1/2288 2283/1/2283 
f 2289/1/2289 2290/1/2290 2268/1/2268 
f 2267/1/2267 710/1/710 2264/1/2264 
f 2289/1/2289 2264/1/2264 1441/1/1441 
f 2291/1/2291 2292/1/2292 2290/1/2290 
f 2290/1/2290 2293/1/2293 2271/1/2271 2268/1/2268 
f 2294/1/2294 2293/1/2293 2290/1/2290 2292/1/2292 
f 2295/1/2295 2296/1/2296 2293/1/2293 2294/1/2294 
f 2272/1/2272 2271/1/2271 2293/1/2293 2296/1/2296 
f 2296/1/2296 2297/1/2297 2275/1/2275 2272/1/2272 
f 2298/1/2298 2297/1/2297 2296/1/2296 2295/1/2295 
f 2299/1/2299 2300/1/2300 2297/1/2297 2298/1/2298 
f 2276/1/2276 2275/1/2275 2297/1/2297 2300/1/2300 
f 2280/1/2280 2279/1/2279 2301/1/2301 2302/1/2302 
f 2300/1/2300 2301/1/2301 2279/1/2279 2276/1/2276 
f 2299/1/2299 2303/1/2303 2301/1/2301 2300/1/2300 
f 2304/1/2304 2302/1/2302 2301/1/2301 2303/1/2303 
f 2305/1/2305 2306/1/2306 2307/1/2307 2308/1/2308 
f 2303/1/2303 2307/1/2307 2306/1/2306 2304/1/2304 
f 2299/1/2299 2309/1/2309 2307/1/2307 2303/1/2303 
f 2308/1/2308 2307/1/2307 2309/1/2309 2310/1/2310 
f 2295/1/2295 2311/1/2311 2312/1/2312 2298/1/2298 
f 2313/1/2313 2312/1/2312 2311/1/2311 2314/1/2314 
f 2310/1/2310 2309/1/2309 2312/1/2312 2313/1/2313 
f 2298/1/2298 2312/1/2312 2309/1/2309 2299/1/2299 
f 1453/1/1453 1451/1/1451 2315/1/2315 2316/1/2316 
f 1430/1/1430 2315/1/2315 1451/1/1451 1431/1/1431 
f 798/1/798 2317/1/2317 2315/1/2315 1430/1/1430 
f 2316/1/2316 2315/1/2315 2317/1/2317 2318/1/2318 
f 2287/1/2287 2286/1/2286 2319/1/2319 2320/1/2320 
f 1452/1/1452 2319/1/2319 2286/1/2286 1446/1/1446 
f 1453/1/1453 2316/1/2316 2319/1/2319 1452/1/1452 
f 2320/1/2320 2319/1/2319 2316/1/2316 2318/1/2318 
f 2321/1/2321 2322/1/2322 2318/1/2318 
f 796/1/796 2321/1/2321 2317/1/2317 798/1/798 
f 797/1/797 1455/1/1455 2321/1/2321 796/1/796 
f 1459/1/1459 2322/1/2322 2321/1/2321 
f 2323/1/2323 2324/1/2324 2283/1/2283 
f 2288/1/2288 2287/1/2287 2320/1/2320 
f 2323/1/2323 2320/1/2320 2318/1/2318 
f 2325/1/2325 2326/1/2326 2324/1/2324 
f 2327/1/2327 2328/1/2328 2292/1/2292 
f 2291/1/2291 1441/1/1441 2284/1/2284 
f 2327/1/2327 2284/1/2284 2283/1/2283 
f 2324/1/2324 2326/1/2326 2328/1/2328 
f 2314/1/2314 2311/1/2311 2329/1/2329 2330/1/2330 
f 2294/1/2294 2329/1/2329 2311/1/2311 2295/1/2295 
f 2292/1/2292 2328/1/2328 2329/1/2329 2294/1/2294 
f 2328/1/2328 2326/1/2326 2330/1/2330 
f 2326/1/2326 2325/1/2325 2331/1/2331 2332/1/2332 
f 2325/1/2325 2318/1/2318 2322/1/2322 
f 2331/1/2331 2322/1/2322 1459/1/1459 
f 2332/1/2332 2331/1/2331 2333/1/2333 2334/1/2334 
f 2335/1/2335 2336/1/2336 2337/1/2337 2338/1/2338 
f 2335/1/2335 1457/1/1457 1461/1/1461 
f 2336/1/2336 1461/1/1461 1463/1/1463 
f 2337/1/2337 2336/1/2336 1493/1/1493 1492/1/1492 
f 2339/1/2339 2333/1/2333 1459/1/1459 
f 1458/1/1458 1457/1/1457 2335/1/2335 
f 2338/1/2338 2340/1/2340 2339/1/2339 2335/1/2335 
f 2333/1/2333 2339/1/2339 2340/1/2340 2334/1/2334 
f 2341/1/2341 2342/1/2342 2338/1/2338 
f 1499/1/1499 2341/1/2341 2337/1/2337 1492/1/1492 
f 1501/1/1501 2343/1/2343 2341/1/2341 1499/1/1499 
f 2342/1/2342 2341/1/2341 2343/1/2343 2344/1/2344 
f 2344/1/2344 2343/1/2343 2345/1/2345 2346/1/2346 
f 1503/1/1503 2345/1/2345 2343/1/2343 1501/1/1501 
f 1497/1/1497 2347/1/2347 2345/1/2345 1503/1/1503 
f 2346/1/2346 2345/1/2345 2347/1/2347 2348/1/2348 
f 1497/1/1497 1496/1/1496 2349/1/2349 2347/1/2347 
f 1472/1/1472 2349/1/2349 1496/1/1496 1474/1/1474 
f 1423/1/1423 2350/1/2350 2349/1/2349 1472/1/1472 
f 2347/1/2347 2349/1/2349 2350/1/2350 2348/1/2348 
f 1422/1/1422 2351/1/2351 2350/1/2350 1423/1/1423 
f 2352/1/2352 2351/1/2351 1422/1/1422 1419/1/1419 
f 2353/1/2353 2351/1/2351 2352/1/2352 2354/1/2354 
f 2348/1/2348 2350/1/2350 2351/1/2351 2353/1/2353 
f 1419/1/1419 1418/1/1418 2355/1/2355 2352/1/2352 
f 2356/1/2356 2355/1/2355 1418/1/1418 1415/1/1415 
f 2357/1/2357 2358/1/2358 2355/1/2355 2356/1/2356 
f 2354/1/2354 2352/1/2352 2355/1/2355 2358/1/2358 
f 1415/1/1415 1414/1/1414 2359/1/2359 2356/1/2356 
f 1414/1/1414 1411/1/1411 2360/1/2360 
f 2361/1/2361 2362/1/2362 2359/1/2359 2360/1/2360 
f 2356/1/2356 2359/1/2359 2362/1/2362 2357/1/2357 
f 2360/1/2360 2363/1/2363 2364/1/2364 2361/1/2361 
f 1411/1/1411 1409/1/1409 2363/1/2363 2360/1/2360 
f 1406/1/1406 2365/1/2365 2363/1/2363 1409/1/1409 
f 2364/1/2364 2363/1/2363 2365/1/2365 2366/1/2366 
f 2366/1/2366 2365/1/2365 2367/1/2367 2368/1/2368 
f 1405/1/1405 2367/1/2367 2365/1/2365 1406/1/1406 
f 1402/1/1402 2369/1/2369 2367/1/2367 1405/1/1405 
f 2368/1/2368 2367/1/2367 2369/1/2369 2370/1/2370 
f 2370/1/2370 2369/1/2369 2371/1/2371 2372/1/2372 
f 1401/1/1401 2371/1/2371 2369/1/2369 1402/1/1402 
f 2371/1/2371 1401/1/1401 1398/1/1398 
f 2373/1/2373 2374/1/2374 2372/1/2372 
f 2375/1/2375 2376/1/2376 2377/1/2377 2378/1/2378 
f 2376/1/2376 2326/1/2326 2332/1/2332 
f 2334/1/2334 2378/1/2378 2377/1/2377 2332/1/2332 
f 2379/1/2379 2380/1/2380 2381/1/2381 2382/1/2382 
f 2330/1/2330 2381/1/2381 2380/1/2380 2314/1/2314 
f 2326/1/2326 2376/1/2376 2381/1/2381 2330/1/2330 
f 2382/1/2382 2381/1/2381 2376/1/2376 2375/1/2375 
f 2383/1/2383 2384/1/2384 2385/1/2385 2386/1/2386 
f 2313/1/2313 2385/1/2385 2384/1/2384 2310/1/2310 
f 2314/1/2314 2380/1/2380 2385/1/2385 2313/1/2313 
f 2386/1/2386 2385/1/2385 2380/1/2380 2379/1/2379 
f 2387/1/2387 2388/1/2388 2389/1/2389 2390/1/2390 
f 2388/1/2388 2387/1/2387 2305/1/2305 
f 2310/1/2310 2384/1/2384 2388/1/2388 2308/1/2308 
f 2389/1/2389 2388/1/2388 2384/1/2384 2383/1/2383 
f 2391/1/2391 2378/1/2378 2334/1/2334 
f 2340/1/2340 2338/1/2338 2392/1/2392 
f 2392/1/2392 2393/1/2393 2394/1/2394 
f 2394/1/2394 2375/1/2375 2378/1/2378 
f 2395/1/2395 2396/1/2396 2393/1/2393 
f 2392/1/2392 2338/1/2338 2342/1/2342 
f 2344/1/2344 2397/1/2397 2395/1/2395 2342/1/2342 
f 2396/1/2396 2395/1/2395 2397/1/2397 2398/1/2398 
f 2398/1/2398 2397/1/2397 2399/1/2399 2400/1/2400 
f 2346/1/2346 2399/1/2399 2397/1/2397 2344/1/2344 
f 2348/1/2348 2401/1/2401 2399/1/2399 2346/1/2346 
f 2400/1/2400 2399/1/2399 2401/1/2401 2402/1/2402 
f 2402/1/2402 2401/1/2401 2403/1/2403 2404/1/2404 
f 2353/1/2353 2403/1/2403 2401/1/2401 2348/1/2348 
f 2354/1/2354 2405/1/2405 2403/1/2403 2353/1/2353 
f 2404/1/2404 2403/1/2403 2405/1/2405 2406/1/2406 
f 2406/1/2406 2405/1/2405 2407/1/2407 2408/1/2408 
f 2358/1/2358 2407/1/2407 2405/1/2405 2354/1/2354 
f 2409/1/2409 2407/1/2407 2358/1/2358 2357/1/2357 
f 2408/1/2408 2407/1/2407 2409/1/2409 2410/1/2410 
f 2411/1/2411 2412/1/2412 2413/1/2413 2414/1/2414 
f 2409/1/2409 2413/1/2413 2412/1/2412 2410/1/2410 
f 2357/1/2357 2362/1/2362 2413/1/2413 2409/1/2409 
f 2414/1/2414 2413/1/2413 2362/1/2362 2361/1/2361 
f 2415/1/2415 2416/1/2416 2417/1/2417 2418/1/2418 
f 2414/1/2414 2417/1/2417 2416/1/2416 2411/1/2411 
f 2361/1/2361 2364/1/2364 2417/1/2417 2414/1/2414 
f 2418/1/2418 2417/1/2417 2364/1/2364 2366/1/2366 
f 2419/1/2419 2420/1/2420 2421/1/2421 2422/1/2422 
f 2418/1/2418 2421/1/2421 2420/1/2420 2415/1/2415 
f 2366/1/2366 2368/1/2368 2421/1/2421 2418/1/2418 
f 2422/1/2422 2421/1/2421 2368/1/2368 2370/1/2370 
f 2423/1/2423 2424/1/2424 2425/1/2425 2426/1/2426 
f 2422/1/2422 2425/1/2425 2424/1/2424 2419/1/2419 
f 2370/1/2370 2372/1/2372 2425/1/2425 2422/1/2422 
f 2426/1/2426 2425/1/2425 2372/1/2372 2374/1/2374 
f 2427/1/2427 2428/1/2428 2429/1/2429 2430/1/2430 
f 2419/1/2419 2424/1/2424 2428/1/2428 2427/1/2427 
f 2423/1/2423 2431/1/2431 2428/1/2428 2424/1/2424 
f 2429/1/2429 2428/1/2428 2431/1/2431 2432/1/2432 
f 2433/1/2433 2434/1/2434 2435/1/2435 2436/1/2436 
f 2416/1/2416 2435/1/2435 2434/1/2434 2411/1/2411 
f 2437/1/2437 2435/1/2435 2416/1/2416 2415/1/2415 
f 2436/1/2436 2435/1/2435 2437/1/2437 2438/1/2438 
f 2415/1/2415 2420/1/2420 2439/1/2439 2437/1/2437 
f 2427/1/2427 2439/1/2439 2420/1/2420 2419/1/2419 
f 2430/1/2430 2440/1/2440 2439/1/2439 2427/1/2427 
f 2437/1/2437 2439/1/2439 2440/1/2440 2438/1/2438 
f 2441/1/2441 2442/1/2442 2443/1/2443 2444/1/2444 
f 2412/1/2412 2443/1/2443 2442/1/2442 2410/1/2410 
f 2411/1/2411 2434/1/2434 2443/1/2443 2412/1/2412 
f 2444/1/2444 2443/1/2443 2434/1/2434 2433/1/2433 
f 2433/1/2433 2436/1/2436 2445/1/2445 2444/1/2444 
f 2446/1/2446 2445/1/2445 2436/1/2436 2438/1/2438 
f 2447/1/2447 2448/1/2448 2445/1/2445 2446/1/2446 
f 2444/1/2444 2445/1/2445 2448/1/2448 2441/1/2441 
f 2449/1/2449 2450/1/2450 2451/1/2451 2452/1/2452 
f 2408/1/2408 2451/1/2451 2450/1/2450 2406/1/2406 
f 2410/1/2410 2442/1/2442 2451/1/2451 2408/1/2408 
f 2452/1/2452 2451/1/2451 2442/1/2442 2441/1/2441 
f 2441/1/2441 2448/1/2448 2453/1/2453 2452/1/2452 
f 2454/1/2454 2453/1/2453 2448/1/2448 2447/1/2447 
f 2455/1/2455 2456/1/2456 2453/1/2453 2454/1/2454 
f 2452/1/2452 2453/1/2453 2456/1/2456 2449/1/2449 
f 2457/1/2457 2458/1/2458 2459/1/2459 2460/1/2460 
f 2404/1/2404 2459/1/2459 2458/1/2458 2402/1/2402 
f 2406/1/2406 2450/1/2450 2459/1/2459 2404/1/2404 
f 2460/1/2460 2459/1/2459 2450/1/2450 2449/1/2449 
f 2457/1/2457 2460/1/2460 2461/1/2461 2462/1/2462 
f 2456/1/2456 2461/1/2461 2460/1/2460 2449/1/2449 
f 2455/1/2455 2463/1/2463 2461/1/2461 2456/1/2456 
f 2462/1/2462 2461/1/2461 2463/1/2463 2464/1/2464 
f 2402/1/2402 2458/1/2458 2465/1/2465 2400/1/2400 
f 2466/1/2466 2465/1/2465 2458/1/2458 2457/1/2457 
f 2467/1/2467 2468/1/2468 2465/1/2465 2466/1/2466 
f 2400/1/2400 2465/1/2465 2468/1/2468 2398/1/2398 
f 2467/1/2467 2466/1/2466 2469/1/2469 2470/1/2470 
f 2462/1/2462 2469/1/2469 2466/1/2466 2457/1/2457 
f 2464/1/2464 2471/1/2471 2469/1/2469 2462/1/2462 
f 2470/1/2470 2469/1/2469 2471/1/2471 2472/1/2472 
f 2473/1/2473 2474/1/2474 2475/1/2475 
f 2396/1/2396 2473/1/2473 2476/1/2476 2393/1/2393 
f 2398/1/2398 2468/1/2468 2473/1/2473 2396/1/2396 
f 2468/1/2468 2467/1/2467 2474/1/2474 
f 2477/1/2477 2478/1/2478 2475/1/2475 
f 2474/1/2474 2467/1/2467 2470/1/2470 
f 2472/1/2472 2479/1/2479 2477/1/2477 2470/1/2470 
f 2478/1/2478 2477/1/2477 2479/1/2479 2480/1/2480 
f 2481/1/2481 2482/1/2482 2483/1/2483 2484/1/2484 
f 2394/1/2394 2483/1/2483 2482/1/2482 2375/1/2375 
f 2393/1/2393 2476/1/2476 2483/1/2483 2394/1/2394 
f 2484/1/2484 2483/1/2483 2476/1/2476 2475/1/2475 
f 2475/1/2475 2478/1/2478 2485/1/2485 2484/1/2484 
f 2480/1/2480 2486/1/2486 2485/1/2485 2478/1/2478 
f 2487/1/2487 2488/1/2488 2485/1/2485 2486/1/2486 
f 2484/1/2484 2485/1/2485 2488/1/2488 2481/1/2481 
f 2375/1/2375 2482/1/2482 2489/1/2489 2382/1/2382 
f 2490/1/2490 2489/1/2489 2482/1/2482 2481/1/2481 
f 2491/1/2491 2492/1/2492 2489/1/2489 2490/1/2490 
f 2382/1/2382 2489/1/2489 2492/1/2492 2379/1/2379 
f 2481/1/2481 2488/1/2488 2493/1/2493 2490/1/2490 
f 2494/1/2494 2493/1/2493 2488/1/2488 2487/1/2487 
f 2495/1/2495 2496/1/2496 2493/1/2493 2494/1/2494 
f 2490/1/2490 2493/1/2493 2496/1/2496 2491/1/2491 
f 2379/1/2379 2492/1/2492 2497/1/2497 2386/1/2386 
f 2498/1/2498 2497/1/2497 2492/1/2492 2491/1/2491 
f 2499/1/2499 2500/1/2500 2497/1/2497 2498/1/2498 
f 2386/1/2386 2497/1/2497 2500/1/2500 2383/1/2383 
f 2491/1/2491 2496/1/2496 2501/1/2501 2498/1/2498 
f 2502/1/2502 2501/1/2501 2496/1/2496 2495/1/2495 
f 2503/1/2503 2504/1/2504 2501/1/2501 2502/1/2502 
f 2498/1/2498 2501/1/2501 2504/1/2504 2499/1/2499 
f 2383/1/2383 2500/1/2500 2505/1/2505 2389/1/2389 
f 2506/1/2506 2505/1/2505 2500/1/2500 2499/1/2499 
f 2507/1/2507 2508/1/2508 2505/1/2505 2506/1/2506 
f 2389/1/2389 2505/1/2505 2508/1/2508 2390/1/2390 
f 2499/1/2499 2504/1/2504 2509/1/2509 2506/1/2506 
f 2503/1/2503 2510/1/2510 2509/1/2509 2504/1/2504 
f 2511/1/2511 2509/1/2509 2510/1/2510 2512/1/2512 
f 2506/1/2506 2509/1/2509 2511/1/2511 2507/1/2507 
f 1150/1/1150 1149/1/1149 2513/1/2513 2514/1/2514 
f 2515/1/2515 2513/1/2513 1149/1/1149 1148/1/1148 
f 2516/1/2516 2517/1/2517 2513/1/2513 2515/1/2515 
f 2514/1/2514 2513/1/2513 2517/1/2517 2518/1/2518 
f 2519/1/2519 2520/1/2520 2521/1/2521 
f 2522/1/2522 2523/1/2523 2521/1/2521 2520/1/2520 
f 2524/1/2524 2525/1/2525 2521/1/2521 2523/1/2523 
f 2526/1/2526 2521/1/2521 2525/1/2525 2527/1/2527 
f 2528/1/2528 2529/1/2529 2530/1/2530 2531/1/2531 
f 2532/1/2532 2530/1/2530 2529/1/2529 2533/1/2533 
f 2534/1/2534 2535/1/2535 2530/1/2530 2532/1/2532 
f 2531/1/2531 2530/1/2530 2535/1/2535 2536/1/2536 
f 2518/1/2518 2517/1/2517 2537/1/2537 2538/1/2538 
f 2539/1/2539 2537/1/2537 2517/1/2517 2516/1/2516 
f 2527/1/2527 2525/1/2525 2537/1/2537 2539/1/2539 
f 2538/1/2538 2537/1/2537 2525/1/2525 2524/1/2524 
f 2516/1/2516 2540/1/2540 2541/1/2541 2539/1/2539 
f 2542/1/2542 2541/1/2541 2540/1/2540 2543/1/2543 
f 2544/1/2544 2545/1/2545 2541/1/2541 2542/1/2542 
f 2539/1/2539 2541/1/2541 2545/1/2545 2527/1/2527 
f 2543/1/2543 2546/1/2546 2547/1/2547 2542/1/2542 
f 2529/1/2529 2547/1/2547 2546/1/2546 2533/1/2533 
f 2528/1/2528 2548/1/2548 2547/1/2547 2529/1/2529 
f 2542/1/2542 2547/1/2547 2548/1/2548 2544/1/2544 
f 2549/1/2549 2550/1/2550 2551/1/2551 2552/1/2552 
f 2278/1/2278 2551/1/2551 2550/1/2550 1583/1/1583 
f 2280/1/2280 2553/1/2553 2551/1/2551 2278/1/2278 
f 2552/1/2552 2551/1/2551 2553/1/2553 2554/1/2554 
f 2534/1/2534 2532/1/2532 2555/1/2555 2556/1/2556 
f 2533/1/2533 2557/1/2557 2555/1/2555 2532/1/2532 
f 2558/1/2558 2555/1/2555 2557/1/2557 2559/1/2559 
f 2556/1/2556 2555/1/2555 2558/1/2558 2560/1/2560 
f 2561/1/2561 2562/1/2562 2563/1/2563 2564/1/2564 
f 2561/1/2561 1526/1/1526 1537/1/1537 
f 1539/1/1539 2565/1/2565 2562/1/2562 1537/1/1537 
f 2565/1/2565 2566/1/2566 2563/1/2563 
f 1512/1/1512 1527/1/1527 2567/1/2567 2568/1/2568 
f 2561/1/2561 2567/1/2567 1527/1/1527 1526/1/1526 
f 2569/1/2569 2567/1/2567 2561/1/2561 2564/1/2564 
f 2568/1/2568 2567/1/2567 2569/1/2569 2570/1/2570 
f 230/1/230 1513/1/1513 2571/1/2571 238/1/238 
f 2568/1/2568 2571/1/2571 1513/1/1513 1512/1/1512 
f 2570/1/2570 2572/1/2572 2571/1/2571 2568/1/2568 
f 238/1/238 2571/1/2571 2572/1/2572 239/1/239 
f 239/1/239 2572/1/2572 2573/1/2573 2574/1/2574 
f 2575/1/2575 2573/1/2573 2572/1/2572 2570/1/2570 
f 2576/1/2576 2577/1/2577 2573/1/2573 2575/1/2575 
f 2574/1/2574 2573/1/2573 2577/1/2577 2578/1/2578 
f 2570/1/2570 2569/1/2569 2579/1/2579 2575/1/2575 
f 2569/1/2569 2564/1/2564 2580/1/2580 
f 2581/1/2581 2582/1/2582 2579/1/2579 2580/1/2580 
f 2575/1/2575 2579/1/2579 2582/1/2582 2576/1/2576 
f 2581/1/2581 2580/1/2580 2583/1/2583 2584/1/2584 
f 2585/1/2585 2583/1/2583 2580/1/2580 2564/1/2564 
f 2586/1/2586 2587/1/2587 2583/1/2583 2585/1/2585 
f 2584/1/2584 2583/1/2583 2587/1/2587 2588/1/2588 
f 2589/1/2589 2590/1/2590 2587/1/2587 2586/1/2586 
f 2591/1/2591 2590/1/2590 2589/1/2589 2560/1/2560 
f 2592/1/2592 2590/1/2590 2591/1/2591 2593/1/2593 
f 2588/1/2588 2587/1/2587 2590/1/2590 2592/1/2592 
f 2559/1/2559 2594/1/2594 2595/1/2595 2558/1/2558 
f 2596/1/2596 2595/1/2595 2594/1/2594 2597/1/2597 
f 2593/1/2593 2591/1/2591 2595/1/2595 2596/1/2596 
f 2558/1/2558 2595/1/2595 2591/1/2591 2560/1/2560 
f 1055/1/1055 1054/1/1054 2598/1/2598 2599/1/2599 
f 2600/1/2600 2598/1/2598 1054/1/1054 1015/1/1015 
f 2601/1/2601 2602/1/2602 2598/1/2598 2600/1/2600 
f 2599/1/2599 2598/1/2598 2602/1/2602 2597/1/2597 
f 2603/1/2603 2604/1/2604 2605/1/2605 2606/1/2606 
f 2596/1/2596 2605/1/2605 2604/1/2604 2593/1/2593 
f 2597/1/2597 2602/1/2602 2605/1/2605 2596/1/2596 
f 2602/1/2602 2601/1/2601 2606/1/2606 
f 2607/1/2607 2608/1/2608 2609/1/2609 2610/1/2610 
f 1581/1/1581 2609/1/2609 2608/1/2608 1575/1/1575 
f 1583/1/1583 2550/1/2550 2609/1/2609 1581/1/1581 
f 2610/1/2610 2609/1/2609 2550/1/2550 2549/1/2549 
f 2611/1/2611 2612/1/2612 2613/1/2613 2614/1/2614 
f 2615/1/2615 2613/1/2613 2612/1/2612 2616/1/2616 
f 2552/1/2552 2613/1/2613 2615/1/2615 2549/1/2549 
f 2614/1/2614 2613/1/2613 2552/1/2552 2554/1/2554 
f 2617/1/2617 2618/1/2618 2619/1/2619 2620/1/2620 
f 2621/1/2621 2619/1/2619 2618/1/2618 2536/1/2536 
f 2616/1/2616 2612/1/2612 2619/1/2619 2621/1/2621 
f 2620/1/2620 2619/1/2619 2612/1/2612 2611/1/2611 
f 2622/1/2622 2623/1/2623 2624/1/2624 2625/1/2625 
f 2610/1/2610 2624/1/2624 2623/1/2623 2607/1/2607 
f 2549/1/2549 2615/1/2615 2624/1/2624 2610/1/2610 
f 2625/1/2625 2624/1/2624 2615/1/2615 2616/1/2616 
f 2534/1/2534 2626/1/2626 2627/1/2627 2535/1/2535 
f 2628/1/2628 2627/1/2627 2626/1/2626 2629/1/2629 
f 2616/1/2616 2621/1/2621 2627/1/2627 2628/1/2628 
f 2536/1/2536 2535/1/2535 2627/1/2627 2621/1/2621 
f 2586/1/2586 2585/1/2585 2630/1/2630 2631/1/2631 
f 2564/1/2564 2563/1/2563 2630/1/2630 2585/1/2585 
f 2566/1/2566 2632/1/2632 2630/1/2630 2563/1/2563 
f 2631/1/2631 2630/1/2630 2632/1/2632 2629/1/2629 
f 2560/1/2560 2589/1/2589 2633/1/2633 2556/1/2556 
f 2631/1/2631 2633/1/2633 2589/1/2589 2586/1/2586 
f 2629/1/2629 2626/1/2626 2633/1/2633 2631/1/2631 
f 2556/1/2556 2633/1/2633 2626/1/2626 2534/1/2534 
f 2634/1/2634 2635/1/2635 2566/1/2566 
f 1549/1/1549 2634/1/2634 2565/1/2565 1539/1/1539 
f 1551/1/1551 2636/1/2636 2634/1/2634 1549/1/1549 
f 2635/1/2635 2634/1/2634 2636/1/2636 2637/1/2637 
f 2637/1/2637 2636/1/2636 2638/1/2638 2639/1/2639 
f 1562/1/1562 2638/1/2638 2636/1/2636 1551/1/1551 
f 1563/1/1563 2640/1/2640 2638/1/2638 1562/1/1562 
f 2639/1/2639 2638/1/2638 2640/1/2640 2641/1/2641 
f 2642/1/2642 2643/1/2643 2641/1/2641 
f 1573/1/1573 2642/1/2642 2640/1/2640 1563/1/1563 
f 2642/1/2642 1573/1/1573 1575/1/1575 
f 2643/1/2643 2642/1/2642 2608/1/2608 2607/1/2607 
f 2644/1/2644 2645/1/2645 2646/1/2646 2647/1/2647 
f 2637/1/2637 2639/1/2639 2645/1/2645 2644/1/2644 
f 2641/1/2641 2646/1/2646 2645/1/2645 2639/1/2639 
f 2607/1/2607 2623/1/2623 2648/1/2648 2643/1/2643 
f 2649/1/2649 2648/1/2648 2623/1/2623 2622/1/2622 
f 2647/1/2647 2646/1/2646 2648/1/2648 2649/1/2649 
f 2643/1/2643 2648/1/2648 2646/1/2646 2641/1/2641 
f 2622/1/2622 2625/1/2625 2650/1/2650 2649/1/2649 
f 2628/1/2628 2650/1/2650 2625/1/2625 2616/1/2616 
f 2629/1/2629 2651/1/2651 2650/1/2650 2628/1/2628 
f 2649/1/2649 2650/1/2650 2651/1/2651 2647/1/2647 
f 2647/1/2647 2651/1/2651 2652/1/2652 2644/1/2644 
f 2632/1/2632 2652/1/2652 2651/1/2651 2629/1/2629 
f 2635/1/2635 2652/1/2652 2632/1/2632 2566/1/2566 
f 2644/1/2644 2652/1/2652 2635/1/2635 2637/1/2637 
f 335/1/335 334/1/334 2653/1/2653 2654/1/2654 
f 297/1/297 2653/1/2653 334/1/334 295/1/295 
f 299/1/299 2655/1/2655 2653/1/2653 297/1/297 
f 2654/1/2654 2653/1/2653 2655/1/2655 2656/1/2656 
f 375/1/375 374/1/374 2657/1/2657 2658/1/2658 
f 2654/1/2654 2657/1/2657 374/1/374 335/1/335 
f 2656/1/2656 2659/1/2659 2657/1/2657 2654/1/2654 
f 2658/1/2658 2657/1/2657 2659/1/2659 2660/1/2660 
f 2661/1/2661 2662/1/2662 2663/1/2663 2664/1/2664 
f 1011/1/1011 2663/1/2663 2662/1/2662 1008/1/1008 
f 375/1/375 2658/1/2658 2663/1/2663 1011/1/1011 
f 2664/1/2664 2663/1/2663 2658/1/2658 2660/1/2660 
f 2665/1/2665 2666/1/2666 2667/1/2667 2668/1/2668 
f 1016/1/1016 2667/1/2667 2666/1/2666 1017/1/1017 
f 1008/1/1008 2662/1/2662 2667/1/2667 1016/1/1016 
f 2668/1/2668 2667/1/2667 2662/1/2662 2661/1/2661 
f 2669/1/2669 2670/1/2670 2671/1/2671 
f 2671/1/2671 2588/1/2588 2592/1/2592 
f 2672/1/2672 2592/1/2592 2593/1/2593 
f 2603/1/2603 2669/1/2669 2672/1/2672 2604/1/2604 
f 2673/1/2673 2674/1/2674 2675/1/2675 2676/1/2676 
f 2584/1/2584 2675/1/2675 2674/1/2674 2581/1/2581 
f 2675/1/2675 2584/1/2584 2588/1/2588 
f 2671/1/2671 2670/1/2670 2676/1/2676 
f 2677/1/2677 2678/1/2678 2679/1/2679 2680/1/2680 
f 2600/1/2600 2679/1/2679 2678/1/2678 2601/1/2601 
f 1015/1/1015 1014/1/1014 2679/1/2679 2600/1/2600 
f 2680/1/2680 2679/1/2679 1014/1/1014 1017/1/1017 
f 2670/1/2670 2669/1/2669 2681/1/2681 2682/1/2682 
f 2606/1/2606 2681/1/2681 2669/1/2669 2603/1/2603 
f 2601/1/2601 2678/1/2678 2681/1/2681 2606/1/2606 
f 2682/1/2682 2681/1/2681 2678/1/2678 2677/1/2677 
f 2683/1/2683 2684/1/2684 2685/1/2685 2686/1/2686 
f 2680/1/2680 2685/1/2685 2684/1/2684 2677/1/2677 
f 1017/1/1017 2666/1/2666 2685/1/2685 2680/1/2680 
f 2686/1/2686 2685/1/2685 2666/1/2666 2665/1/2665 
f 2576/1/2576 2582/1/2582 2687/1/2687 2688/1/2688 
f 2674/1/2674 2687/1/2687 2582/1/2582 2581/1/2581 
f 2673/1/2673 2689/1/2689 2687/1/2687 2674/1/2674 
f 2688/1/2688 2687/1/2687 2689/1/2689 2690/1/2690 
f 2691/1/2691 2692/1/2692 2673/1/2673 
f 2676/1/2676 2670/1/2670 2682/1/2682 
f 2677/1/2677 2693/1/2693 2691/1/2691 2682/1/2682 
f 2692/1/2692 2691/1/2691 2693/1/2693 2694/1/2694 
f 2694/1/2694 2693/1/2693 2695/1/2695 2696/1/2696 
f 2684/1/2684 2695/1/2695 2693/1/2693 2677/1/2677 
f 2697/1/2697 2695/1/2695 2684/1/2684 2683/1/2683 
f 2698/1/2698 2696/1/2696 2695/1/2695 2697/1/2697 
f 2688/1/2688 2699/1/2699 2577/1/2577 2576/1/2576 
f 2690/1/2690 2700/1/2700 2699/1/2699 2688/1/2688 
f 2577/1/2577 2699/1/2699 2700/1/2700 2578/1/2578 
f 2692/1/2692 2701/1/2701 2689/1/2689 2673/1/2673 
f 2694/1/2694 2702/1/2702 2701/1/2701 2692/1/2692 
f 2703/1/2703 2701/1/2701 2702/1/2702 2704/1/2704 
f 2690/1/2690 2689/1/2689 2701/1/2701 2703/1/2703 
f 2704/1/2704 2702/1/2702 2705/1/2705 2706/1/2706 
f 2696/1/2696 2705/1/2705 2702/1/2702 2694/1/2694 
f 2707/1/2707 2705/1/2705 2696/1/2696 2698/1/2698 
f 2706/1/2706 2705/1/2705 2707/1/2707 2708/1/2708 
f 2709/1/2709 2710/1/2710 2711/1/2711 2712/1/2712 
f 2713/1/2713 2711/1/2711 2710/1/2710 2714/1/2714 
f 299/1/299 298/1/298 2711/1/2711 2713/1/2713 
f 2712/1/2712 2711/1/2711 298/1/298 241/1/241 
f 241/1/241 240/1/240 2715/1/2715 2712/1/2712 
f 2574/1/2574 2715/1/2715 240/1/240 239/1/239 
f 2578/1/2578 2716/1/2716 2715/1/2715 2574/1/2574 
f 2712/1/2712 2715/1/2715 2716/1/2716 2709/1/2709 
f 2578/1/2578 2700/1/2700 2717/1/2717 2718/1/2718 
f 2703/1/2703 2717/1/2717 2700/1/2700 2690/1/2690 
f 2704/1/2704 2719/1/2719 2717/1/2717 2703/1/2703 
f 2718/1/2718 2717/1/2717 2719/1/2719 2720/1/2720 
f 2720/1/2720 2719/1/2719 2721/1/2721 2722/1/2722 
f 2706/1/2706 2721/1/2721 2719/1/2719 2704/1/2704 
f 2708/1/2708 2723/1/2723 2721/1/2721 2706/1/2706 
f 2722/1/2722 2721/1/2721 2723/1/2723 2724/1/2724 
f 2656/1/2656 2655/1/2655 2725/1/2725 2726/1/2726 
f 2713/1/2713 2725/1/2725 2655/1/2655 299/1/299 
f 2714/1/2714 2727/1/2727 2725/1/2725 2713/1/2713 
f 2726/1/2726 2725/1/2725 2727/1/2727 2728/1/2728 
f 2709/1/2709 2716/1/2716 2729/1/2729 2730/1/2730 
f 2718/1/2718 2729/1/2729 2716/1/2716 2578/1/2578 
f 2720/1/2720 2731/1/2731 2729/1/2729 2718/1/2718 
f 2730/1/2730 2729/1/2729 2731/1/2731 2732/1/2732 
f 2714/1/2714 2710/1/2710 2733/1/2733 2727/1/2727 
f 2730/1/2730 2733/1/2733 2710/1/2710 2709/1/2709 
f 2732/1/2732 2734/1/2734 2733/1/2733 2730/1/2730 
f 2727/1/2727 2733/1/2733 2734/1/2734 2728/1/2728 
f 2732/1/2732 2731/1/2731 2735/1/2735 2736/1/2736 
f 2722/1/2722 2735/1/2735 2731/1/2731 2720/1/2720 
f 2724/1/2724 2737/1/2737 2735/1/2735 2722/1/2722 
f 2736/1/2736 2735/1/2735 2737/1/2737 2738/1/2738 
f 2728/1/2728 2734/1/2734 2739/1/2739 2740/1/2740 
f 2736/1/2736 2739/1/2739 2734/1/2734 2732/1/2732 
f 2738/1/2738 2741/1/2741 2739/1/2739 2736/1/2736 
f 2740/1/2740 2739/1/2739 2741/1/2741 2742/1/2742 
f 2660/1/2660 2659/1/2659 2743/1/2743 2744/1/2744 
f 2726/1/2726 2743/1/2743 2659/1/2659 2656/1/2656 
f 2728/1/2728 2745/1/2745 2743/1/2743 2726/1/2726 
f 2744/1/2744 2743/1/2743 2745/1/2745 2746/1/2746 
f 2744/1/2744 2747/1/2747 2664/1/2664 2660/1/2660 
f 2746/1/2746 2748/1/2748 2747/1/2747 2744/1/2744 
f 2749/1/2749 2750/1/2750 2747/1/2747 2748/1/2748 
f 2664/1/2664 2747/1/2747 2750/1/2750 2661/1/2661 
f 2746/1/2746 2745/1/2745 2751/1/2751 2752/1/2752 
f 2740/1/2740 2751/1/2751 2745/1/2745 2728/1/2728 
f 2742/1/2742 2753/1/2753 2751/1/2751 2740/1/2740 
f 2752/1/2752 2751/1/2751 2753/1/2753 2754/1/2754 
f 2661/1/2661 2750/1/2750 2755/1/2755 2668/1/2668 
f 2756/1/2756 2755/1/2755 2750/1/2750 2749/1/2749 
f 2757/1/2757 2758/1/2758 2755/1/2755 2756/1/2756 
f 2668/1/2668 2755/1/2755 2758/1/2758 2665/1/2665 
f 2748/1/2748 2759/1/2759 2760/1/2760 2749/1/2749 
f 2752/1/2752 2759/1/2759 2748/1/2748 2746/1/2746 
f 2754/1/2754 2761/1/2761 2759/1/2759 2752/1/2752 
f 2762/1/2762 2760/1/2760 2759/1/2759 2761/1/2761 
f 2665/1/2665 2758/1/2758 2763/1/2763 2686/1/2686 
f 2764/1/2764 2763/1/2763 2758/1/2758 2757/1/2757 
f 2765/1/2765 2766/1/2766 2763/1/2763 2764/1/2764 
f 2686/1/2686 2763/1/2763 2766/1/2766 2683/1/2683 
f 2767/1/2767 2768/1/2768 2769/1/2769 2770/1/2770 
f 2756/1/2756 2769/1/2769 2768/1/2768 2757/1/2757 
f 2749/1/2749 2760/1/2760 2769/1/2769 2756/1/2756 
f 2770/1/2770 2769/1/2769 2760/1/2760 2762/1/2762 
f 2771/1/2771 2772/1/2772 2773/1/2773 2774/1/2774 
f 2697/1/2697 2773/1/2773 2772/1/2772 2698/1/2698 
f 2683/1/2683 2766/1/2766 2773/1/2773 2697/1/2697 
f 2774/1/2774 2773/1/2773 2766/1/2766 2765/1/2765 
f 2775/1/2775 2776/1/2776 2777/1/2777 2778/1/2778 
f 2708/1/2708 2707/1/2707 2777/1/2777 2776/1/2776 
f 2698/1/2698 2772/1/2772 2777/1/2777 2707/1/2707 
f 2778/1/2778 2777/1/2777 2772/1/2772 2771/1/2771 
f 2757/1/2757 2768/1/2768 2779/1/2779 2764/1/2764 
f 2780/1/2780 2779/1/2779 2768/1/2768 2767/1/2767 
f 2781/1/2781 2782/1/2782 2779/1/2779 2780/1/2780 
f 2764/1/2764 2779/1/2779 2782/1/2782 2765/1/2765 
f 2724/1/2724 2723/1/2723 2783/1/2783 2784/1/2784 
f 2776/1/2776 2783/1/2783 2723/1/2723 2708/1/2708 
f 2775/1/2775 2785/1/2785 2783/1/2783 2776/1/2776 
f 2784/1/2784 2783/1/2783 2785/1/2785 2786/1/2786 
f 2787/1/2787 2788/1/2788 2789/1/2789 
f 2774/1/2774 2787/1/2787 2790/1/2790 2771/1/2771 
f 2765/1/2765 2782/1/2782 2787/1/2787 2774/1/2774 
f 2788/1/2788 2787/1/2787 2782/1/2782 2781/1/2781 
f 2786/1/2786 2785/1/2785 2791/1/2791 2792/1/2792 
f 2778/1/2778 2791/1/2791 2785/1/2785 2775/1/2775 
f 2771/1/2771 2790/1/2790 2791/1/2791 2778/1/2778 
f 2792/1/2792 2791/1/2791 2790/1/2790 2789/1/2789 
f 2738/1/2738 2737/1/2737 2793/1/2793 2794/1/2794 
f 2784/1/2784 2793/1/2793 2737/1/2737 2724/1/2724 
f 2786/1/2786 2795/1/2795 2793/1/2793 2784/1/2784 
f 2794/1/2794 2793/1/2793 2795/1/2795 2796/1/2796 
f 2742/1/2742 2741/1/2741 2797/1/2797 2798/1/2798 
f 2794/1/2794 2797/1/2797 2741/1/2741 2738/1/2738 
f 2796/1/2796 2799/1/2799 2797/1/2797 2794/1/2794 
f 2798/1/2798 2797/1/2797 2799/1/2799 2800/1/2800 
f 2796/1/2796 2795/1/2795 2801/1/2801 2802/1/2802 
f 2792/1/2792 2801/1/2801 2795/1/2795 2786/1/2786 
f 2802/1/2802 2801/1/2801 2792/1/2792 2789/1/2789 
f 2800/1/2800 2799/1/2799 2803/1/2803 2804/1/2804 
f 2802/1/2802 2803/1/2803 2799/1/2799 2796/1/2796 
f 2789/1/2789 2805/1/2805 2803/1/2803 2802/1/2802 
f 2804/1/2804 2803/1/2803 2805/1/2805 2806/1/2806 
f 2788/1/2788 2807/1/2807 2805/1/2805 2789/1/2789 
f 2808/1/2808 2807/1/2807 2788/1/2788 2781/1/2781 
f 2809/1/2809 2810/1/2810 2807/1/2807 2808/1/2808 
f 2806/1/2806 2805/1/2805 2807/1/2807 2810/1/2810 
f 2810/1/2810 2811/1/2811 2812/1/2812 2806/1/2806 
f 2813/1/2813 2811/1/2811 2810/1/2810 2809/1/2809 
f 2814/1/2814 2815/1/2815 2811/1/2811 2813/1/2813 
f 2816/1/2816 2812/1/2812 2811/1/2811 2815/1/2815 
f 2781/1/2781 2780/1/2780 2817/1/2817 2808/1/2808 
f 2767/1/2767 2818/1/2818 2817/1/2817 2780/1/2780 
f 2819/1/2819 2817/1/2817 2818/1/2818 2820/1/2820 
f 2808/1/2808 2817/1/2817 2819/1/2819 2809/1/2809 
f 2820/1/2820 2818/1/2818 2821/1/2821 2822/1/2822 
f 2770/1/2770 2821/1/2821 2818/1/2818 2767/1/2767 
f 2762/1/2762 2823/1/2823 2821/1/2821 2770/1/2770 
f 2822/1/2822 2821/1/2821 2823/1/2823 2824/1/2824 
f 2825/1/2825 2826/1/2826 2827/1/2827 
f 2804/1/2804 2825/1/2825 2828/1/2828 2800/1/2800 
f 2806/1/2806 2812/1/2812 2825/1/2825 2804/1/2804 
f 2816/1/2816 2826/1/2826 2825/1/2825 
f 2754/1/2754 2753/1/2753 2829/1/2829 2830/1/2830 
f 2798/1/2798 2829/1/2829 2753/1/2753 2742/1/2742 
f 2800/1/2800 2828/1/2828 2829/1/2829 2798/1/2798 
f 2830/1/2830 2829/1/2829 2828/1/2828 2827/1/2827 
f 2824/1/2824 2823/1/2823 2831/1/2831 2832/1/2832 
f 2761/1/2761 2831/1/2831 2823/1/2823 2762/1/2762 
f 2830/1/2830 2831/1/2831 2761/1/2761 2754/1/2754 
f 2827/1/2827 2832/1/2832 2831/1/2831 2830/1/2830 
f 2833/1/2833 2834/1/2834 2835/1/2835 
f 2822/1/2822 2833/1/2833 2836/1/2836 2820/1/2820 
f 2824/1/2824 2832/1/2832 2833/1/2833 2822/1/2822 
f 2832/1/2832 2827/1/2827 2834/1/2834 
f 2816/1/2816 2815/1/2815 2837/1/2837 2826/1/2826 
f 2838/1/2838 2837/1/2837 2815/1/2815 2814/1/2814 
f 2834/1/2834 2837/1/2837 2838/1/2838 2835/1/2835 
f 2826/1/2826 2837/1/2837 2834/1/2834 2827/1/2827 
f 2814/1/2814 2813/1/2813 2839/1/2839 2838/1/2838 
f 2819/1/2819 2839/1/2839 2813/1/2813 2809/1/2809 
f 2820/1/2820 2836/1/2836 2839/1/2839 2819/1/2819 
f 2835/1/2835 2838/1/2838 2839/1/2839 2836/1/2836 
f 2840/1/2840 2841/1/2841 2842/1/2842 
f 1086/1/1086 2840/1/2840 2843/1/2843 1087/1/1087 
f 1068/1/1068 1073/1/1073 2840/1/2840 1086/1/1086 
f 2841/1/2841 2840/1/2840 1073/1/1073 1072/1/1072 
f 1170/1/1170 1173/1/1173 2844/1/2844 2845/1/2845 
f 1167/1/1167 1166/1/1166 2844/1/2844 1173/1/1173 
f 2843/1/2843 2844/1/2844 1166/1/1166 1087/1/1087 
f 2845/1/2845 2844/1/2844 2843/1/2843 2842/1/2842 
f 1176/1/1176 2846/1/2846 2847/1/2847 1177/1/1177 
f 2845/1/2845 2846/1/2846 1176/1/1176 1170/1/1170 
f 2845/1/2845 2842/1/2842 2848/1/2848 
f 2847/1/2847 2846/1/2846 2848/1/2848 2849/1/2849 
f 1032/1/1032 1037/1/1037 2850/1/2850 1071/1/1071 
f 2851/1/2851 2850/1/2850 1037/1/1037 1036/1/1036 
f 2852/1/2852 2853/1/2853 2850/1/2850 2851/1/2851 
f 1071/1/1071 2850/1/2850 2853/1/2853 1072/1/1072 
f 1072/1/1072 2853/1/2853 2854/1/2854 2841/1/2841 
f 2855/1/2855 2854/1/2854 2853/1/2853 2852/1/2852 
f 2856/1/2856 2857/1/2857 2854/1/2854 2855/1/2855 
f 2841/1/2841 2854/1/2854 2857/1/2857 2842/1/2842 
f 2849/1/2849 2848/1/2848 2858/1/2858 2859/1/2859 
f 2858/1/2858 2848/1/2848 2842/1/2842 
f 2859/1/2859 2858/1/2858 2857/1/2857 2856/1/2856 
f 1036/1/1036 1041/1/1041 2860/1/2860 2851/1/2851 
f 2861/1/2861 2860/1/2860 1041/1/1041 1040/1/1040 
f 2862/1/2862 2863/1/2863 2860/1/2860 2861/1/2861 
f 2851/1/2851 2860/1/2860 2863/1/2863 2852/1/2852 
f 1177/1/1177 2847/1/2847 2864/1/2864 1181/1/1181 
f 2849/1/2849 2865/1/2865 2864/1/2864 2847/1/2847 
f 2866/1/2866 2867/1/2867 2864/1/2864 2865/1/2865 
f 1181/1/1181 2864/1/2864 2867/1/2867 1178/1/1178 
f 2852/1/2852 2863/1/2863 2868/1/2868 2855/1/2855 
f 2863/1/2863 2862/1/2862 2869/1/2869 
f 2870/1/2870 2871/1/2871 2868/1/2868 2869/1/2869 
f 2855/1/2855 2868/1/2868 2871/1/2871 2856/1/2856 
f 2866/1/2866 2865/1/2865 2872/1/2872 2873/1/2873 
f 2859/1/2859 2872/1/2872 2865/1/2865 2849/1/2849 
f 2856/1/2856 2871/1/2871 2872/1/2872 2859/1/2859 
f 2873/1/2873 2872/1/2872 2871/1/2871 2870/1/2870 
f 2861/1/2861 2874/1/2874 2875/1/2875 2862/1/2862 
f 1040/1/1040 1045/1/1045 2874/1/2874 2861/1/2861 
f 1047/1/1047 2876/1/2876 2874/1/2874 1045/1/1045 
f 2876/1/2876 2877/1/2877 2875/1/2875 
f 1178/1/1178 2867/1/2867 2878/1/2878 1185/1/1185 
f 2879/1/2879 2878/1/2878 2867/1/2867 2866/1/2866 
f 2880/1/2880 2881/1/2881 2878/1/2878 2879/1/2879 
f 1185/1/1185 2878/1/2878 2881/1/2881 1182/1/1182 
f 2869/1/2869 2882/1/2882 2883/1/2883 2870/1/2870 
f 2882/1/2882 2869/1/2869 2862/1/2862 
f 2882/1/2882 2875/1/2875 2877/1/2877 
f 2883/1/2883 2882/1/2882 2884/1/2884 2885/1/2885 
f 2866/1/2866 2873/1/2873 2886/1/2886 2879/1/2879 
f 2870/1/2870 2883/1/2883 2886/1/2886 2873/1/2873 
f 2885/1/2885 2887/1/2887 2886/1/2886 2883/1/2883 
f 2879/1/2879 2886/1/2886 2887/1/2887 2880/1/2880 
f 2888/1/2888 2889/1/2889 2877/1/2877 
f 1050/1/1050 2888/1/2888 2876/1/2876 1047/1/1047 
f 1049/1/1049 2890/1/2890 2888/1/2888 1050/1/1050 
f 2889/1/2889 2888/1/2888 2890/1/2890 2891/1/2891 
f 2885/1/2885 2884/1/2884 2892/1/2892 2893/1/2893 
f 2889/1/2889 2892/1/2892 2884/1/2884 2877/1/2877 
f 2891/1/2891 2894/1/2894 2892/1/2892 2889/1/2889 
f 2893/1/2893 2892/1/2892 2894/1/2894 2895/1/2895 
f 2896/1/2896 2897/1/2897 2898/1/2898 2899/1/2899 
f 2599/1/2599 2898/1/2898 2897/1/2897 1055/1/1055 
f 2597/1/2597 2594/1/2594 2898/1/2898 2599/1/2599 
f 2899/1/2899 2898/1/2898 2594/1/2594 2559/1/2559 
f 2891/1/2891 2890/1/2890 2900/1/2900 2901/1/2901 
f 1053/1/1053 2900/1/2900 2890/1/2890 1049/1/1049 
f 1055/1/1055 2897/1/2897 2900/1/2900 1053/1/1053 
f 2897/1/2897 2896/1/2896 2901/1/2901 
f 2895/1/2895 2894/1/2894 2902/1/2902 2903/1/2903 
f 2901/1/2901 2902/1/2902 2894/1/2894 2891/1/2891 
f 2902/1/2902 2901/1/2901 2896/1/2896 
f 2903/1/2903 2902/1/2902 2904/1/2904 2905/1/2905 
f 1182/1/1182 2881/1/2881 2906/1/2906 1189/1/1189 
f 2907/1/2907 2906/1/2906 2881/1/2881 2880/1/2880 
f 2908/1/2908 2909/1/2909 2906/1/2906 2907/1/2907 
f 1189/1/1189 2906/1/2906 2909/1/2909 1186/1/1186 
f 2880/1/2880 2887/1/2887 2910/1/2910 2907/1/2907 
f 2893/1/2893 2910/1/2910 2887/1/2887 2885/1/2885 
f 2895/1/2895 2911/1/2911 2910/1/2910 2893/1/2893 
f 2907/1/2907 2910/1/2910 2911/1/2911 2908/1/2908 
f 2559/1/2559 2557/1/2557 2912/1/2912 2899/1/2899 
f 2913/1/2913 2912/1/2912 2557/1/2557 2533/1/2533 
f 2914/1/2914 2915/1/2915 2912/1/2912 2913/1/2913 
f 2899/1/2899 2912/1/2912 2915/1/2915 2896/1/2896 
f 2543/1/2543 2540/1/2540 2916/1/2916 2917/1/2917 
f 2515/1/2515 2916/1/2916 2540/1/2540 2516/1/2516 
f 1148/1/1148 2918/1/2918 2916/1/2916 2515/1/2515 
f 2917/1/2917 2916/1/2916 2918/1/2918 2919/1/2919 
f 2920/1/2920 2921/1/2921 2905/1/2905 
f 2904/1/2904 2896/1/2896 2915/1/2915 
f 2915/1/2915 2914/1/2914 2922/1/2922 
f 2922/1/2922 2923/1/2923 2921/1/2921 
f 2924/1/2924 2925/1/2925 2917/1/2917 2919/1/2919 
f 2913/1/2913 2925/1/2925 2924/1/2924 2914/1/2914 
f 2533/1/2533 2546/1/2546 2925/1/2925 2913/1/2913 
f 2917/1/2917 2925/1/2925 2546/1/2546 2543/1/2543 
f 2923/1/2923 2922/1/2922 2926/1/2926 2927/1/2927 
f 2914/1/2914 2924/1/2924 2926/1/2926 2922/1/2922 
f 2927/1/2927 2926/1/2926 2924/1/2924 2919/1/2919 
f 1186/1/1186 2909/1/2909 2928/1/2928 2929/1/2929 
f 2930/1/2930 2928/1/2928 2909/1/2909 2908/1/2908 
f 2923/1/2923 2927/1/2927 2928/1/2928 2930/1/2930 
f 2929/1/2929 2928/1/2928 2927/1/2927 2919/1/2919 
f 1144/1/1144 1187/1/1187 2931/1/2931 1147/1/1147 
f 2929/1/2929 2931/1/2931 1187/1/1187 1186/1/1186 
f 2919/1/2919 2918/1/2918 2931/1/2931 2929/1/2929 
f 1147/1/1147 2931/1/2931 2918/1/2918 1148/1/1148 
f 2908/1/2908 2911/1/2911 2932/1/2932 2930/1/2930 
f 2903/1/2903 2932/1/2932 2911/1/2911 2895/1/2895 
f 2905/1/2905 2921/1/2921 2932/1/2932 2903/1/2903 
f 2930/1/2930 2932/1/2932 2921/1/2921 2923/1/2923 
f 1351/1/1351 2933/1/2933 2934/1/2934 1348/1/1348 
f 2935/1/2935 2933/1/2933 1351/1/1351 1353/1/1353 
f 2936/1/2936 2937/1/2937 2933/1/2933 2935/1/2935 
f 2934/1/2934 2933/1/2933 2937/1/2937 2938/1/2938 
f 2939/1/2939 1357/1/1357 1348/1/1348 
f 2938/1/2938 2940/1/2940 2939/1/2939 2934/1/2934 
f 2941/1/2941 2942/1/2942 2939/1/2939 2940/1/2940 
f 2942/1/2942 1354/1/1354 1357/1/1357 
f 2938/1/2938 2937/1/2937 2943/1/2943 2940/1/2940 
f 2944/1/2944 2943/1/2943 2937/1/2937 2936/1/2936 
f 2945/1/2945 2946/1/2946 2943/1/2943 2944/1/2944 
f 2940/1/2940 2943/1/2943 2946/1/2946 2941/1/2941 
f 1359/1/1359 2947/1/2947 2948/1/2948 1360/1/1360 
f 2947/1/2947 1359/1/1359 1354/1/1354 
f 2949/1/2949 2947/1/2947 2942/1/2942 2941/1/2941 
f 2948/1/2948 2947/1/2947 2949/1/2949 2950/1/2950 
f 1364/1/1364 1363/1/1363 2951/1/2951 1394/1/1394 
f 1363/1/1363 1360/1/1360 2948/1/2948 
f 2950/1/2950 2952/1/2952 2951/1/2951 2948/1/2948 
f 1394/1/1394 2951/1/2951 2952/1/2952 1397/1/1397 
f 1397/1/1397 2952/1/2952 2953/1/2953 2954/1/2954 
f 2955/1/2955 2953/1/2953 2952/1/2952 2950/1/2950 
f 2956/1/2956 2957/1/2957 2953/1/2953 2955/1/2955 
f 2957/1/2957 2958/1/2958 2954/1/2954 
f 2959/1/2959 2960/1/2960 2374/1/2374 
f 1396/1/1396 2959/1/2959 2373/1/2373 1398/1/1398 
f 1397/1/1397 2954/1/2954 2959/1/2959 1396/1/1396 
f 2960/1/2960 2959/1/2959 2954/1/2954 2958/1/2958 
f 2432/1/2432 2431/1/2431 2961/1/2961 2962/1/2962 
f 2426/1/2426 2961/1/2961 2431/1/2431 2423/1/2423 
f 2374/1/2374 2960/1/2960 2961/1/2961 2426/1/2426 
f 2962/1/2962 2961/1/2961 2960/1/2960 2958/1/2958 
f 2941/1/2941 2946/1/2946 2963/1/2963 2949/1/2949 
f 2964/1/2964 2963/1/2963 2946/1/2946 2945/1/2945 
f 2956/1/2956 2955/1/2955 2963/1/2963 2964/1/2964 
f 2950/1/2950 2949/1/2949 2963/1/2963 2955/1/2955 
f 2965/1/2965 2966/1/2966 2967/1/2967 2968/1/2968 
f 2531/1/2531 2967/1/2967 2966/1/2966 2528/1/2528 
f 2536/1/2536 2618/1/2618 2967/1/2967 2531/1/2531 
f 2968/1/2968 2967/1/2967 2618/1/2618 2617/1/2617 
f 2969/1/2969 2970/1/2970 2966/1/2966 2965/1/2965 
f 2971/1/2971 2972/1/2972 2970/1/2970 2969/1/2969 
f 2544/1/2544 2548/1/2548 2970/1/2970 2972/1/2972 
f 2966/1/2966 2970/1/2970 2548/1/2548 2528/1/2528 
f 2527/1/2527 2545/1/2545 2973/1/2973 2526/1/2526 
f 2972/1/2972 2973/1/2973 2545/1/2545 2544/1/2544 
f 2974/1/2974 2973/1/2973 2972/1/2972 2971/1/2971 
f 2974/1/2974 2519/1/2519 2526/1/2526 
f 2975/1/2975 2976/1/2976 2977/1/2977 2978/1/2978 
f 2979/1/2979 2977/1/2977 2976/1/2976 2980/1/2980 
f 2977/1/2977 2979/1/2979 2981/1/2981 
f 2978/1/2978 2977/1/2977 2982/1/2982 2983/1/2983 
f 2983/1/2983 2984/1/2984 2985/1/2985 2978/1/2978 
f 2986/1/2986 2985/1/2985 2984/1/2984 2987/1/2987 
f 2988/1/2988 2989/1/2989 2985/1/2985 2986/1/2986 
f 2978/1/2978 2985/1/2985 2989/1/2989 2975/1/2975 
f 2990/1/2990 2991/1/2991 2992/1/2992 2993/1/2993 
f 2994/1/2994 2995/1/2995 2991/1/2991 2990/1/2990 
f 2996/1/2996 2991/1/2991 2995/1/2995 2997/1/2997 
f 2998/1/2998 2992/1/2992 2991/1/2991 2996/1/2996 
f 2999/1/2999 3000/1/3000 2995/1/2995 2994/1/2994 
f 3001/1/3001 3002/1/3002 3000/1/3000 2999/1/2999 
f 3003/1/3003 3000/1/3000 3002/1/3002 3004/1/3004 
f 2995/1/2995 3000/1/3000 3003/1/3003 2997/1/2997 
f 2993/1/2993 3005/1/3005 3006/1/3006 2990/1/2990 
f 3007/1/3007 3006/1/3006 3005/1/3005 3008/1/3008 
f 3009/1/3009 3010/1/3010 3006/1/3006 3007/1/3007 
f 2990/1/2990 3006/1/3006 3010/1/3010 2994/1/2994 
f 3011/1/3011 3012/1/3012 3010/1/3010 3009/1/3009 
f 3013/1/3013 3014/1/3014 3012/1/3012 3011/1/3011 
f 2999/1/2999 3012/1/3012 3014/1/3014 3001/1/3001 
f 2994/1/2994 3010/1/3010 3012/1/3012 2999/1/2999 
f 2987/1/2987 3015/1/3015 3016/1/3016 2986/1/2986 
f 3017/1/3017 3016/1/3016 3015/1/3015 3018/1/3018 
f 3019/1/3019 3020/1/3020 3016/1/3016 3017/1/3017 
f 2986/1/2986 3016/1/3016 3020/1/3020 2988/1/2988 
f 2988/1/2988 3020/1/3020 3021/1/3021 3022/1/3022 
f 3023/1/3023 3021/1/3021 3020/1/3020 3019/1/3019 
f 3004/1/3004 3024/1/3024 3021/1/3021 3023/1/3023 
f 3022/1/3022 3021/1/3021 3024/1/3024 3025/1/3025 
f 2997/1/2997 3026/1/3026 3027/1/3027 2996/1/2996 
f 3017/1/3017 3027/1/3027 3026/1/3026 3019/1/3019 
f 3018/1/3018 3028/1/3028 3027/1/3027 3017/1/3017 
f 2996/1/2996 3027/1/3027 3028/1/3028 2998/1/2998 
f 3019/1/3019 3026/1/3026 3029/1/3029 3023/1/3023 
f 2997/1/2997 3003/1/3003 3029/1/3029 3026/1/3026 
f 3023/1/3023 3029/1/3029 3003/1/3003 3004/1/3004 
f 3030/1/3030 3031/1/3031 3032/1/3032 3033/1/3033 
f 3034/1/3034 3032/1/3032 3031/1/3031 3035/1/3035 
f 3036/1/3036 3037/1/3037 3032/1/3032 3034/1/3034 
f 3033/1/3033 3032/1/3032 3037/1/3037 3038/1/3038 
f 3038/1/3038 3037/1/3037 3039/1/3039 3040/1/3040 
f 3041/1/3041 3039/1/3039 3037/1/3037 3036/1/3036 
f 3042/1/3042 3043/1/3043 3039/1/3039 3041/1/3041 
f 3040/1/3040 3039/1/3039 3043/1/3043 3044/1/3044 
f 3045/1/3045 3046/1/3046 3047/1/3047 3048/1/3048 
f 3044/1/3044 3043/1/3043 3046/1/3046 3045/1/3045 
f 3049/1/3049 3046/1/3046 3043/1/3043 3042/1/3042 
f 3050/1/3050 3047/1/3047 3046/1/3046 3049/1/3049 
f 3051/1/3051 3052/1/3052 3053/1/3053 3054/1/3054 
f 3055/1/3055 3053/1/3053 3052/1/3052 3056/1/3056 
f 3057/1/3057 3058/1/3058 3053/1/3053 3055/1/3055 
f 3054/1/3054 3053/1/3053 3058/1/3058 3059/1/3059 
f 3059/1/3059 3058/1/3058 3060/1/3060 3061/1/3061 
f 3062/1/3062 3060/1/3060 3058/1/3058 3057/1/3057 
f 3063/1/3063 3064/1/3064 3060/1/3060 3062/1/3062 
f 3061/1/3061 3060/1/3060 3064/1/3064 3065/1/3065 
f 3065/1/3065 3064/1/3064 3066/1/3066 3067/1/3067 
f 3068/1/3068 3066/1/3066 3064/1/3064 3063/1/3063 
f 3069/1/3069 3070/1/3070 3066/1/3066 3068/1/3068 
f 3067/1/3067 3066/1/3066 3070/1/3070 3071/1/3071 
f 3071/1/3071 3070/1/3070 3072/1/3072 3073/1/3073 
f 3074/1/3074 3072/1/3072 3070/1/3070 3069/1/3069 
f 3075/1/3075 3076/1/3076 3072/1/3072 3074/1/3074 
f 3073/1/3073 3072/1/3072 3076/1/3076 3077/1/3077 
f 3077/1/3077 3076/1/3076 3078/1/3078 3079/1/3079 
f 3080/1/3080 3078/1/3078 3076/1/3076 3075/1/3075 
f 3081/1/3081 3078/1/3078 3080/1/3080 3082/1/3082 
f 3083/1/3083 3079/1/3079 3078/1/3078 3081/1/3081 
f 3084/1/3084 3085/1/3085 3086/1/3086 3087/1/3087 
f 3088/1/3088 3089/1/3089 3085/1/3085 
f 2507/1/2507 2511/1/2511 3085/1/3085 3089/1/3089 
f 2512/1/2512 3086/1/3086 3085/1/3085 2511/1/2511 
f 3090/1/3090 3033/1/3033 3038/1/3038 
f 3091/1/3091 3090/1/3090 3092/1/3092 3093/1/3093 
f 3094/1/3094 3095/1/3095 3090/1/3090 3091/1/3091 
f 3033/1/3033 3090/1/3090 3095/1/3095 3030/1/3030 
f 3087/1/3087 3096/1/3096 3097/1/3097 3084/1/3084 
f 3098/1/3098 3097/1/3097 3096/1/3096 3099/1/3099 
f 3100/1/3100 3101/1/3101 3097/1/3097 3098/1/3098 
f 3084/1/3084 3097/1/3097 3101/1/3101 3088/1/3088 
f 3093/1/3093 3102/1/3102 3103/1/3103 3091/1/3091 
f 3098/1/3098 3103/1/3103 3102/1/3102 3100/1/3100 
f 3099/1/3099 3104/1/3104 3103/1/3103 3098/1/3098 
f 3091/1/3091 3103/1/3103 3104/1/3104 3094/1/3094 
f 3105/1/3105 3106/1/3106 3089/1/3089 3088/1/3088 
f 3107/1/3107 3108/1/3108 3106/1/3106 3105/1/3105 
f 2508/1/2508 3106/1/3106 3108/1/3108 2390/1/2390 
f 3089/1/3089 3106/1/3106 2508/1/2508 2507/1/2507 
f 3044/1/3044 3109/1/3109 3110/1/3110 3040/1/3040 
f 3111/1/3111 3110/1/3110 3109/1/3109 3112/1/3112 
f 3093/1/3093 3092/1/3092 3110/1/3110 3111/1/3111 
f 3040/1/3040 3110/1/3110 3092/1/3092 3038/1/3038 
f 3088/1/3088 3101/1/3101 3113/1/3113 3105/1/3105 
f 3101/1/3101 3100/1/3100 3114/1/3114 
f 3115/1/3115 3116/1/3116 3113/1/3113 3114/1/3114 
f 3105/1/3105 3113/1/3113 3116/1/3116 3107/1/3107 
f 3112/1/3112 3117/1/3117 3118/1/3118 3111/1/3111 
f 3114/1/3114 3118/1/3118 3117/1/3117 3115/1/3115 
f 3118/1/3118 3114/1/3114 3100/1/3100 
f 3111/1/3111 3118/1/3118 3102/1/3102 3093/1/3093 
f 2390/1/2390 3108/1/3108 3119/1/3119 2387/1/2387 
f 3120/1/3120 3119/1/3119 3108/1/3108 3107/1/3107 
f 3121/1/3121 3122/1/3122 3119/1/3119 3120/1/3120 
f 2387/1/2387 3119/1/3119 3122/1/3122 2305/1/2305 
f 3045/1/3045 3123/1/3123 3109/1/3109 3044/1/3044 
f 3048/1/3048 3124/1/3124 3123/1/3123 3045/1/3045 
f 3125/1/3125 3123/1/3123 3124/1/3124 3126/1/3126 
f 3112/1/3112 3109/1/3109 3123/1/3123 3125/1/3125 
f 3107/1/3107 3116/1/3116 3127/1/3127 3120/1/3120 
f 3128/1/3128 3127/1/3127 3116/1/3116 3115/1/3115 
f 3129/1/3129 3130/1/3130 3127/1/3127 3128/1/3128 
f 3120/1/3120 3127/1/3127 3130/1/3130 3121/1/3121 
f 3126/1/3126 3131/1/3131 3132/1/3132 3125/1/3125 
f 3131/1/3131 3129/1/3129 3128/1/3128 
f 3115/1/3115 3117/1/3117 3132/1/3132 3128/1/3128 
f 3125/1/3125 3132/1/3132 3117/1/3117 3112/1/3112 
f 3133/1/3133 3134/1/3134 3135/1/3135 3136/1/3136 
f 2553/1/2553 3135/1/3135 3134/1/3134 2554/1/2554 
f 2280/1/2280 2302/1/2302 3135/1/3135 2553/1/2553 
f 3136/1/3136 3135/1/3135 2302/1/2302 2304/1/2304 
f 3137/1/3137 3138/1/3138 3122/1/3122 3121/1/3121 
f 3136/1/3136 3138/1/3138 3137/1/3137 3133/1/3133 
f 2304/1/2304 2306/1/2306 3138/1/3138 3136/1/3136 
f 2306/1/2306 2305/1/2305 3122/1/3122 
f 3139/1/3139 3140/1/3140 3141/1/3141 3142/1/3142 
f 3143/1/3143 3141/1/3141 3140/1/3140 3144/1/3144 
f 3126/1/3126 3124/1/3124 3141/1/3141 3143/1/3143 
f 3142/1/3142 3141/1/3141 3124/1/3124 3048/1/3048 
f 3144/1/3144 3145/1/3145 3146/1/3146 3143/1/3143 
f 3147/1/3147 3146/1/3146 3145/1/3145 3148/1/3148 
f 3129/1/3129 3131/1/3131 3146/1/3146 3147/1/3147 
f 3143/1/3143 3146/1/3146 3131/1/3131 3126/1/3126 
f 3148/1/3148 3149/1/3149 3150/1/3150 3147/1/3147 
f 3137/1/3137 3150/1/3150 3149/1/3149 3133/1/3133 
f 3121/1/3121 3130/1/3130 3150/1/3150 3137/1/3137 
f 3147/1/3147 3150/1/3150 3130/1/3130 3129/1/3129 
f 3151/1/3151 3152/1/3152 3153/1/3153 3154/1/3154 
f 3155/1/3155 3153/1/3153 3152/1/3152 3156/1/3156 
f 3144/1/3144 3140/1/3140 3153/1/3153 3155/1/3155 
f 3154/1/3154 3153/1/3153 3140/1/3140 3139/1/3139 
f 3133/1/3133 3149/1/3149 3157/1/3157 3158/1/3158 
f 3159/1/3159 3157/1/3157 3149/1/3149 3148/1/3148 
f 3160/1/3160 3161/1/3161 3157/1/3157 3159/1/3159 
f 3158/1/3158 3157/1/3157 3161/1/3161 3162/1/3162 
f 3156/1/3156 3163/1/3163 3164/1/3164 3155/1/3155 
f 3159/1/3159 3164/1/3164 3163/1/3163 3160/1/3160 
f 3148/1/3148 3145/1/3145 3164/1/3164 3159/1/3159 
f 3155/1/3155 3164/1/3164 3145/1/3145 3144/1/3144 
f 3051/1/3051 3165/1/3165 3166/1/3166 3167/1/3167 
f 3168/1/3168 3166/1/3166 3165/1/3165 3169/1/3169 
f 3156/1/3156 3152/1/3152 3166/1/3166 3168/1/3168 
f 3167/1/3167 3166/1/3166 3152/1/3152 3151/1/3151 
f 3169/1/3169 3170/1/3170 3171/1/3171 3168/1/3168 
f 3172/1/3172 3171/1/3171 3170/1/3170 3173/1/3173 
f 3160/1/3160 3163/1/3163 3171/1/3171 3172/1/3172 
f 3168/1/3168 3171/1/3171 3163/1/3163 3156/1/3156 
f 3173/1/3173 3174/1/3174 3175/1/3175 3172/1/3172 
f 3176/1/3176 3175/1/3175 3174/1/3174 3177/1/3177 
f 3162/1/3162 3161/1/3161 3175/1/3175 3176/1/3176 
f 3172/1/3172 3175/1/3175 3161/1/3161 3160/1/3160 
f 3176/1/3176 3178/1/3178 3158/1/3158 3162/1/3162 
f 3177/1/3177 3179/1/3179 3178/1/3178 3176/1/3176 
f 3178/1/3178 3179/1/3179 2554/1/2554 
f 3134/1/3134 3133/1/3133 3158/1/3158 
f 3059/1/3059 3180/1/3180 3181/1/3181 3054/1/3054 
f 3182/1/3182 3181/1/3181 3180/1/3180 3183/1/3183 
f 3169/1/3169 3165/1/3165 3181/1/3181 3182/1/3182 
f 3054/1/3054 3181/1/3181 3165/1/3165 3051/1/3051 
f 3184/1/3184 3185/1/3185 3186/1/3186 3187/1/3187 
f 3174/1/3174 3186/1/3186 3185/1/3185 3177/1/3177 
f 3173/1/3173 3187/1/3187 3186/1/3186 3174/1/3174 
f 3183/1/3183 3188/1/3188 3189/1/3189 3182/1/3182 
f 3187/1/3187 3189/1/3189 3188/1/3188 3184/1/3184 
f 3173/1/3173 3170/1/3170 3189/1/3189 3187/1/3187 
f 3182/1/3182 3189/1/3189 3170/1/3170 3169/1/3169 
f 3177/1/3177 3190/1/3190 3191/1/3191 3179/1/3179 
f 3192/1/3192 3193/1/3193 3191/1/3191 3190/1/3190 
f 2611/1/2611 2614/1/2614 3191/1/3191 3193/1/3193 
f 3179/1/3179 3191/1/3191 2614/1/2614 2554/1/2554 
f 3065/1/3065 3194/1/3194 3195/1/3195 3061/1/3061 
f 3196/1/3196 3195/1/3195 3194/1/3194 3197/1/3197 
f 3183/1/3183 3180/1/3180 3195/1/3195 3196/1/3196 
f 3061/1/3061 3195/1/3195 3180/1/3180 3059/1/3059 
f 3177/1/3177 3185/1/3185 3198/1/3198 3190/1/3190 
f 3199/1/3199 3198/1/3198 3185/1/3185 3184/1/3184 
f 3200/1/3200 3201/1/3201 3198/1/3198 3199/1/3199 
f 3190/1/3190 3198/1/3198 3201/1/3201 3192/1/3192 
f 3197/1/3197 3202/1/3202 3203/1/3203 3196/1/3196 
f 3199/1/3199 3203/1/3203 3202/1/3202 3200/1/3200 
f 3184/1/3184 3188/1/3188 3203/1/3203 3199/1/3199 
f 3196/1/3196 3203/1/3203 3188/1/3188 3183/1/3183 
f 2965/1/2965 2968/1/2968 3204/1/3204 3205/1/3205 
f 2617/1/2617 3206/1/3206 3204/1/3204 2968/1/2968 
f 3205/1/3205 3204/1/3204 3206/1/3206 3207/1/3207 
f 3208/1/3208 3209/1/3209 3193/1/3193 3192/1/3192 
f 3207/1/3207 3206/1/3206 3209/1/3209 3208/1/3208 
f 2620/1/2620 3209/1/3209 3206/1/3206 2617/1/2617 
f 2611/1/2611 3193/1/3193 3209/1/3209 2620/1/2620 
f 3071/1/3071 3210/1/3210 3211/1/3211 3067/1/3067 
f 3212/1/3212 3211/1/3211 3210/1/3210 3213/1/3213 
f 3197/1/3197 3194/1/3194 3211/1/3211 3212/1/3212 
f 3067/1/3067 3211/1/3211 3194/1/3194 3065/1/3065 
f 3192/1/3192 3201/1/3201 3214/1/3214 3208/1/3208 
f 3215/1/3215 3214/1/3214 3201/1/3201 3200/1/3200 
f 3216/1/3216 3217/1/3217 3214/1/3214 3215/1/3215 
f 3208/1/3208 3214/1/3214 3217/1/3217 3207/1/3207 
f 3213/1/3213 3218/1/3218 3219/1/3219 3212/1/3212 
f 3215/1/3215 3219/1/3219 3218/1/3218 3216/1/3216 
f 3200/1/3200 3202/1/3202 3219/1/3219 3215/1/3215 
f 3212/1/3212 3219/1/3219 3202/1/3202 3197/1/3197 
f 2965/1/2965 3205/1/3205 3220/1/3220 2969/1/2969 
f 3221/1/3221 3220/1/3220 3205/1/3205 3207/1/3207 
f 3222/1/3222 3223/1/3223 3220/1/3220 3221/1/3221 
f 2969/1/2969 3220/1/3220 3223/1/3223 2971/1/2971 
f 3224/1/3224 3225/1/3225 3223/1/3223 3222/1/3222 
f 2519/1/2519 2974/1/2974 3225/1/3225 3224/1/3224 
f 2971/1/2971 3223/1/3223 3225/1/3225 2974/1/2974 
f 3077/1/3077 3226/1/3226 3227/1/3227 3073/1/3073 
f 3228/1/3228 3227/1/3227 3226/1/3226 3229/1/3229 
f 3213/1/3213 3210/1/3210 3227/1/3227 3228/1/3228 
f 3073/1/3073 3227/1/3227 3210/1/3210 3071/1/3071 
f 3207/1/3207 3217/1/3217 3230/1/3230 3221/1/3221 
f 3231/1/3231 3230/1/3230 3217/1/3217 3216/1/3216 
f 3232/1/3232 3233/1/3233 3230/1/3230 3231/1/3231 
f 3221/1/3221 3230/1/3230 3233/1/3233 3222/1/3222 
f 3229/1/3229 3234/1/3234 3235/1/3235 3228/1/3228 
f 3231/1/3231 3235/1/3235 3234/1/3234 3232/1/3232 
f 3216/1/3216 3218/1/3218 3235/1/3235 3231/1/3231 
f 3228/1/3228 3235/1/3235 3218/1/3218 3213/1/3213 
f 3224/1/3224 3236/1/3236 2520/1/2520 2519/1/2519 
f 3222/1/3222 3237/1/3237 3236/1/3236 3224/1/3224 
f 3238/1/3238 3236/1/3236 3237/1/3237 3239/1/3239 
f 2522/1/2522 2520/1/2520 3236/1/3236 3238/1/3238 
f 3240/1/3240 3241/1/3241 3242/1/3242 3243/1/3243 
f 3239/1/3239 3237/1/3237 3242/1/3242 3241/1/3241 
f 3222/1/3222 3233/1/3233 3242/1/3242 3237/1/3237 
f 3243/1/3243 3242/1/3242 3233/1/3233 3232/1/3232 
f 3244/1/3244 3245/1/3245 3079/1/3079 3083/1/3083 
f 3246/1/3246 3247/1/3247 3245/1/3245 3244/1/3244 
f 3229/1/3229 3226/1/3226 3245/1/3245 3247/1/3247 
f 3079/1/3079 3245/1/3245 3226/1/3226 3077/1/3077 
f 3246/1/3246 3248/1/3248 3249/1/3249 3247/1/3247 
f 3240/1/3240 3243/1/3243 3249/1/3249 3248/1/3248 
f 3232/1/3232 3234/1/3234 3249/1/3249 3243/1/3243 
f 3247/1/3247 3249/1/3249 3234/1/3234 3229/1/3229 
f 3250/1/3250 3251/1/3251 3252/1/3252 3253/1/3253 
f 3254/1/3254 3252/1/3252 3251/1/3251 3255/1/3255 
f 3001/1/3001 3014/1/3014 3252/1/3252 3254/1/3254 
f 3253/1/3253 3252/1/3252 3014/1/3014 3013/1/3013 
f 3255/1/3255 3256/1/3256 3257/1/3257 3254/1/3254 
f 3258/1/3258 3257/1/3257 3256/1/3256 3259/1/3259 
f 3004/1/3004 3002/1/3002 3257/1/3257 3258/1/3258 
f 3254/1/3254 3257/1/3257 3002/1/3002 3001/1/3001 
f 3025/1/3025 3260/1/3260 3261/1/3261 3022/1/3022 
f 3262/1/3262 3261/1/3261 3260/1/3260 3263/1/3263 
f 2975/1/2975 2989/1/2989 3261/1/3261 3262/1/3262 
f 3022/1/3022 3261/1/3261 2989/1/2989 2988/1/2988 
f 3259/1/3259 3264/1/3264 3265/1/3265 3258/1/3258 
f 3260/1/3260 3265/1/3265 3264/1/3264 3263/1/3263 
f 3025/1/3025 3024/1/3024 3265/1/3265 3260/1/3260 
f 3258/1/3258 3265/1/3265 3024/1/3024 3004/1/3004 
f 3266/1/3266 3267/1/3267 3262/1/3262 3263/1/3263 
f 3268/1/3268 3269/1/3269 3267/1/3267 3266/1/3266 
f 2980/1/2980 2976/1/2976 3267/1/3267 3269/1/3269 
f 3262/1/3262 3267/1/3267 2976/1/2976 2975/1/2975 
f 3270/1/3270 3271/1/3271 3272/1/3272 3273/1/3273 
f 3274/1/3274 3272/1/3272 3271/1/3271 3275/1/3275 
f 3276/1/3276 3277/1/3277 3272/1/3272 3274/1/3274 
f 3273/1/3273 3272/1/3272 3277/1/3277 3278/1/3278 
f 3255/1/3255 3251/1/3251 3279/1/3279 3280/1/3280 
f 3281/1/3281 3279/1/3279 3251/1/3251 3250/1/3250 
f 3282/1/3282 3283/1/3283 3279/1/3279 3281/1/3281 
f 3280/1/3280 3279/1/3279 3283/1/3283 3284/1/3284 
f 3280/1/3280 3285/1/3285 3256/1/3256 3255/1/3255 
f 3286/1/3286 3285/1/3285 3280/1/3280 3284/1/3284 
f 3287/1/3287 3288/1/3288 3285/1/3285 3286/1/3286 
f 3259/1/3259 3256/1/3256 3285/1/3285 3288/1/3288 
f 3259/1/3259 3288/1/3288 3289/1/3289 3264/1/3264 
f 3290/1/3290 3289/1/3289 3288/1/3288 3287/1/3287 
f 3291/1/3291 3292/1/3292 3289/1/3289 3290/1/3290 
f 3264/1/3264 3289/1/3289 3292/1/3292 3263/1/3263 
f 3263/1/3263 3292/1/3292 3293/1/3293 3266/1/3266 
f 3294/1/3294 3293/1/3293 3292/1/3292 3291/1/3291 
f 3295/1/3295 3296/1/3296 3293/1/3293 3294/1/3294 
f 3266/1/3266 3293/1/3293 3296/1/3296 3268/1/3268 
f 3268/1/3268 3296/1/3296 3297/1/3297 3298/1/3298 
f 3299/1/3299 3297/1/3297 3296/1/3296 3295/1/3295 
f 3300/1/3300 3301/1/3301 3297/1/3297 3299/1/3299 
f 3298/1/3298 3297/1/3297 3301/1/3301 3302/1/3302 
f 3302/1/3302 3301/1/3301 3303/1/3303 3304/1/3304 
f 3305/1/3305 3303/1/3303 3301/1/3301 3300/1/3300 
f 3306/1/3306 3307/1/3307 3303/1/3303 3305/1/3305 
f 3308/1/3308 3304/1/3304 3303/1/3303 3307/1/3307 
f 3275/1/3275 3271/1/3271 3309/1/3309 3310/1/3310 
f 3311/1/3311 3309/1/3309 3271/1/3271 3270/1/3270 
f 3312/1/3312 3313/1/3313 3309/1/3309 3311/1/3311 
f 3310/1/3310 3309/1/3309 3313/1/3313 3314/1/3314 
f 3314/1/3314 3313/1/3313 3315/1/3315 3316/1/3316 
f 3317/1/3317 3315/1/3315 3313/1/3313 3312/1/3312 
f 3318/1/3318 3319/1/3319 3315/1/3315 3317/1/3317 
f 3316/1/3316 3315/1/3315 3319/1/3319 3320/1/3320 
f 3320/1/3320 3319/1/3319 3321/1/3321 3322/1/3322 
f 3323/1/3323 3321/1/3321 3319/1/3319 3318/1/3318 
f 3324/1/3324 3325/1/3325 3321/1/3321 3323/1/3323 
f 3326/1/3326 3322/1/3322 3321/1/3321 3325/1/3325 
f 3307/1/3307 3327/1/3327 3328/1/3328 3308/1/3308 
f 3306/1/3306 3329/1/3329 3327/1/3327 3307/1/3307 
f 3278/1/3278 3277/1/3277 3327/1/3327 3329/1/3329 
f 3328/1/3328 3327/1/3327 3277/1/3277 3276/1/3276 
f 3330/1/3330 3331/1/3331 3332/1/3332 3333/1/3333 
f 3329/1/3329 3332/1/3332 3331/1/3331 3278/1/3278 
f 3306/1/3306 3334/1/3334 3332/1/3332 3329/1/3329 
f 3333/1/3333 3332/1/3332 3334/1/3334 3335/1/3335 
f 3318/1/3318 3336/1/3336 3337/1/3337 3323/1/3323 
f 3338/1/3338 3337/1/3337 3336/1/3336 3339/1/3339 
f 3340/1/3340 3341/1/3341 3337/1/3337 3338/1/3338 
f 3323/1/3323 3337/1/3337 3341/1/3341 3324/1/3324 
f 3312/1/3312 3342/1/3342 3343/1/3343 3317/1/3317 
f 3344/1/3344 3343/1/3343 3342/1/3342 3345/1/3345 
f 3339/1/3339 3336/1/3336 3343/1/3343 3344/1/3344 
f 3317/1/3317 3343/1/3343 3336/1/3336 3318/1/3318 
f 3312/1/3312 3311/1/3311 3346/1/3346 3342/1/3342 
f 3270/1/3270 3347/1/3347 3346/1/3346 
f 3348/1/3348 3349/1/3349 3346/1/3346 3347/1/3347 
f 3345/1/3345 3342/1/3342 3346/1/3346 3349/1/3349 
f 3348/1/3348 3347/1/3347 3350/1/3350 3351/1/3351 
f 3273/1/3273 3350/1/3350 3347/1/3347 3270/1/3270 
f 3278/1/3278 3331/1/3331 3350/1/3350 3273/1/3273 
f 3351/1/3351 3350/1/3350 3331/1/3331 3330/1/3330 
f 3300/1/3300 3352/1/3352 3353/1/3353 3305/1/3305 
f 3354/1/3354 3353/1/3353 3352/1/3352 3355/1/3355 
f 3335/1/3335 3334/1/3334 3353/1/3353 3354/1/3354 
f 3305/1/3305 3353/1/3353 3334/1/3334 3306/1/3306 
f 3295/1/3295 3356/1/3356 3357/1/3357 3299/1/3299 
f 3358/1/3358 3357/1/3357 3356/1/3356 3359/1/3359 
f 3355/1/3355 3352/1/3352 3357/1/3357 3358/1/3358 
f 3299/1/3299 3357/1/3357 3352/1/3352 3300/1/3300 
f 3291/1/3291 3360/1/3360 3361/1/3361 3294/1/3294 
f 3362/1/3362 3361/1/3361 3360/1/3360 3363/1/3363 
f 3359/1/3359 3356/1/3356 3361/1/3361 3362/1/3362 
f 3294/1/3294 3361/1/3361 3356/1/3356 3295/1/3295 
f 3287/1/3287 3364/1/3364 3365/1/3365 3290/1/3290 
f 3366/1/3366 3365/1/3365 3364/1/3364 3367/1/3367 
f 3363/1/3363 3360/1/3360 3365/1/3365 3366/1/3366 
f 3290/1/3290 3365/1/3365 3360/1/3360 3291/1/3291 
f 3284/1/3284 3368/1/3368 3369/1/3369 3286/1/3286 
f 3370/1/3370 3369/1/3369 3368/1/3368 3371/1/3371 
f 3367/1/3367 3364/1/3364 3369/1/3369 3370/1/3370 
f 3286/1/3286 3369/1/3369 3364/1/3364 3287/1/3287 
f 3284/1/3284 3283/1/3283 3372/1/3372 3368/1/3368 
f 3373/1/3373 3372/1/3372 3283/1/3283 3282/1/3282 
f 3374/1/3374 3375/1/3375 3372/1/3372 3373/1/3373 
f 3371/1/3371 3368/1/3368 3372/1/3372 3375/1/3375 
f 3376/1/3376 3377/1/3377 3378/1/3378 3379/1/3379 
f 3142/1/3142 3378/1/3378 3377/1/3377 3139/1/3139 
f 3048/1/3048 3047/1/3047 3378/1/3378 3142/1/3142 
f 3379/1/3379 3378/1/3378 3047/1/3047 3050/1/3050 
f 3151/1/3151 3380/1/3380 3381/1/3381 3167/1/3167 
f 3382/1/3382 3381/1/3381 3380/1/3380 3383/1/3383 
f 3056/1/3056 3052/1/3052 3381/1/3381 3382/1/3382 
f 3167/1/3167 3381/1/3381 3052/1/3052 3051/1/3051 
f 3383/1/3383 3380/1/3380 3384/1/3384 3385/1/3385 
f 3154/1/3154 3384/1/3384 3380/1/3380 3151/1/3151 
f 3139/1/3139 3377/1/3377 3384/1/3384 3154/1/3154 
f 3385/1/3385 3384/1/3384 3377/1/3377 3376/1/3376 
f 3050/1/3050 3386/1/3386 3387/1/3387 3379/1/3379 
f 3388/1/3388 3387/1/3387 3386/1/3386 3389/1/3389 
f 3390/1/3390 3391/1/3391 3387/1/3387 3388/1/3388 
f 3379/1/3379 3387/1/3387 3391/1/3391 3376/1/3376 
f 3035/1/3035 3392/1/3392 3393/1/3393 3034/1/3034 
f 3394/1/3394 3393/1/3393 3392/1/3392 3395/1/3395 
f 3396/1/3396 3397/1/3397 3393/1/3393 3394/1/3394 
f 3034/1/3034 3393/1/3393 3397/1/3397 3036/1/3036 
f 3395/1/3395 3398/1/3398 3399/1/3399 3394/1/3394 
f 3338/1/3338 3399/1/3399 3398/1/3398 3340/1/3340 
f 3339/1/3339 3400/1/3400 3399/1/3399 3338/1/3338 
f 3394/1/3394 3399/1/3399 3400/1/3400 3396/1/3396 
f 3401/1/3401 3041/1/3041 3036/1/3036 
f 3402/1/3402 3401/1/3401 3397/1/3397 3396/1/3396 
f 3403/1/3403 3404/1/3404 3401/1/3401 3402/1/3402 
f 3041/1/3041 3401/1/3401 3404/1/3404 3042/1/3042 
f 3396/1/3396 3400/1/3400 3405/1/3405 3402/1/3402 
f 3344/1/3344 3405/1/3405 3400/1/3400 3339/1/3339 
f 3345/1/3345 3406/1/3406 3405/1/3405 3344/1/3344 
f 3402/1/3402 3405/1/3405 3406/1/3406 3403/1/3403 
f 3407/1/3407 3408/1/3408 3404/1/3404 3403/1/3403 
f 3389/1/3389 3386/1/3386 3408/1/3408 3407/1/3407 
f 3049/1/3049 3408/1/3408 3386/1/3386 3050/1/3050 
f 3042/1/3042 3404/1/3404 3408/1/3408 3049/1/3049 
f 3407/1/3407 3409/1/3409 3410/1/3410 3389/1/3389 
f 3403/1/3403 3406/1/3406 3409/1/3409 3407/1/3407 
f 3345/1/3345 3349/1/3349 3409/1/3409 3406/1/3406 
f 3348/1/3348 3410/1/3410 3409/1/3409 3349/1/3349 
f 3389/1/3389 3410/1/3410 3411/1/3411 3388/1/3388 
f 3351/1/3351 3411/1/3411 3410/1/3410 3348/1/3348 
f 3330/1/3330 3412/1/3412 3411/1/3411 3351/1/3351 
f 3388/1/3388 3411/1/3411 3412/1/3412 3390/1/3390 
f 3056/1/3056 3413/1/3413 3414/1/3414 3055/1/3055 
f 3415/1/3415 3414/1/3414 3413/1/3413 3416/1/3416 
f 3417/1/3417 3418/1/3418 3414/1/3414 3415/1/3415 
f 3055/1/3055 3414/1/3414 3418/1/3418 3057/1/3057 
f 3383/1/3383 3419/1/3419 3420/1/3420 3382/1/3382 
f 3421/1/3421 3420/1/3420 3419/1/3419 3422/1/3422 
f 3416/1/3416 3413/1/3413 3420/1/3420 3421/1/3421 
f 3382/1/3382 3420/1/3420 3413/1/3413 3056/1/3056 
f 3416/1/3416 3423/1/3423 3424/1/3424 3415/1/3415 
f 3358/1/3358 3424/1/3424 3423/1/3423 3355/1/3355 
f 3359/1/3359 3425/1/3425 3424/1/3424 3358/1/3358 
f 3415/1/3415 3424/1/3424 3425/1/3425 3417/1/3417 
f 3355/1/3355 3423/1/3423 3426/1/3426 3354/1/3354 
f 3421/1/3421 3426/1/3426 3423/1/3423 3416/1/3416 
f 3422/1/3422 3427/1/3427 3426/1/3426 3421/1/3421 
f 3354/1/3354 3426/1/3426 3427/1/3427 3335/1/3335 
f 3057/1/3057 3418/1/3418 3428/1/3428 3062/1/3062 
f 3429/1/3429 3428/1/3428 3418/1/3418 3417/1/3417 
f 3430/1/3430 3431/1/3431 3428/1/3428 3429/1/3429 
f 3062/1/3062 3428/1/3428 3431/1/3431 3063/1/3063 
f 3417/1/3417 3425/1/3425 3432/1/3432 3429/1/3429 
f 3362/1/3362 3432/1/3432 3425/1/3425 3359/1/3359 
f 3363/1/3363 3433/1/3433 3432/1/3432 3362/1/3362 
f 3429/1/3429 3432/1/3432 3433/1/3433 3430/1/3430 
f 3063/1/3063 3431/1/3431 3434/1/3434 3068/1/3068 
f 3435/1/3435 3434/1/3434 3431/1/3431 3430/1/3430 
f 3436/1/3436 3437/1/3437 3434/1/3434 3435/1/3435 
f 3068/1/3068 3434/1/3434 3437/1/3437 3069/1/3069 
f 3430/1/3430 3433/1/3433 3438/1/3438 3435/1/3435 
f 3366/1/3366 3438/1/3438 3433/1/3433 3363/1/3363 
f 3367/1/3367 3439/1/3439 3438/1/3438 3366/1/3366 
f 3435/1/3435 3438/1/3438 3439/1/3439 3436/1/3436 
f 3069/1/3069 3437/1/3437 3440/1/3440 3074/1/3074 
f 3441/1/3441 3440/1/3440 3437/1/3437 3436/1/3436 
f 3442/1/3442 3443/1/3443 3440/1/3440 3441/1/3441 
f 3074/1/3074 3440/1/3440 3443/1/3443 3075/1/3075 
f 3436/1/3436 3439/1/3439 3444/1/3444 3441/1/3441 
f 3370/1/3370 3444/1/3444 3439/1/3439 3367/1/3367 
f 3371/1/3371 3445/1/3445 3444/1/3444 3370/1/3370 
f 3441/1/3441 3444/1/3444 3445/1/3445 3442/1/3442 
f 3446/1/3446 3447/1/3447 3443/1/3443 3442/1/3442 
f 3448/1/3448 3447/1/3447 3446/1/3446 3449/1/3449 
f 3082/1/3082 3080/1/3080 3447/1/3447 3448/1/3448 
f 3075/1/3075 3443/1/3443 3447/1/3447 3080/1/3080 
f 3449/1/3449 3446/1/3446 3450/1/3450 3451/1/3451 
f 3442/1/3442 3445/1/3445 3450/1/3450 3446/1/3446 
f 3375/1/3375 3450/1/3450 3445/1/3445 3371/1/3371 
f 3451/1/3451 3450/1/3450 3375/1/3375 3374/1/3374 
f 3335/1/3335 3427/1/3427 3452/1/3452 3333/1/3333 
f 3453/1/3453 3452/1/3452 3427/1/3427 3422/1/3422 
f 3390/1/3390 3412/1/3412 3452/1/3452 3453/1/3453 
f 3333/1/3333 3452/1/3452 3412/1/3412 3330/1/3330 
f 3376/1/3376 3391/1/3391 3454/1/3454 3385/1/3385 
f 3453/1/3453 3454/1/3454 3391/1/3391 3390/1/3390 
f 3422/1/3422 3419/1/3419 3454/1/3454 3453/1/3453 
f 3385/1/3385 3454/1/3454 3419/1/3419 3383/1/3383 
f 3455/1/3455 3456/1/3456 3322/1/3322 3326/1/3326 
f 3457/1/3457 3458/1/3458 3456/1/3456 3455/1/3455 
f 3459/1/3459 3460/1/3460 3456/1/3456 3458/1/3458 
f 3322/1/3322 3456/1/3456 3460/1/3460 3320/1/3320 
f 3461/1/3461 3462/1/3462 3463/1/3463 3464/1/3464 
f 3310/1/3310 3463/1/3463 3462/1/3462 3275/1/3275 
f 3314/1/3314 3465/1/3465 3463/1/3463 3310/1/3310 
f 3464/1/3464 3463/1/3463 3465/1/3465 3466/1/3466 
f 3464/1/3464 3467/1/3467 3468/1/3468 3461/1/3461 
f 3467/1/3467 3464/1/3464 3466/1/3466 
f 3320/1/3320 3460/1/3460 3469/1/3469 3316/1/3316 
f 3470/1/3470 3469/1/3469 3460/1/3460 3459/1/3459 
f 3466/1/3466 3465/1/3465 3469/1/3469 3470/1/3470 
f 3316/1/3316 3469/1/3469 3465/1/3465 3314/1/3314 
f 3471/1/3471 3472/1/3472 3473/1/3473 3474/1/3474 
f 3475/1/3475 3476/1/3476 3472/1/3472 3471/1/3471 
f 3458/1/3458 3472/1/3472 3476/1/3476 3459/1/3459 
f 3457/1/3457 3473/1/3473 3472/1/3472 3458/1/3458 
f 3476/1/3476 3477/1/3477 3470/1/3470 3459/1/3459 
f 3475/1/3475 3478/1/3478 3477/1/3477 3476/1/3476 
f 3479/1/3479 3466/1/3466 3470/1/3470 
f 3480/1/3480 3481/1/3481 3482/1/3482 3483/1/3483 
f 3274/1/3274 3482/1/3482 3481/1/3481 3276/1/3276 
f 3275/1/3275 3462/1/3462 3482/1/3482 3274/1/3274 
f 3483/1/3483 3482/1/3482 3462/1/3462 3461/1/3461 
f 3483/1/3483 3484/1/3484 3485/1/3485 3480/1/3480 
f 3484/1/3484 3483/1/3483 3461/1/3461 
f 3486/1/3486 3487/1/3487 3488/1/3488 3489/1/3489 
f 3308/1/3308 3328/1/3328 3487/1/3487 3486/1/3486 
f 3276/1/3276 3481/1/3481 3487/1/3487 3328/1/3328 
f 3488/1/3488 3487/1/3487 3481/1/3481 3480/1/3480 
f 3489/1/3489 3488/1/3488 3490/1/3490 3491/1/3491 
f 3480/1/3480 3485/1/3485 3490/1/3490 3488/1/3488 
f 2980/1/2980 3492/1/3492 3493/1/3493 2979/1/2979 
f 3494/1/3494 3493/1/3493 3492/1/3492 3495/1/3495 
f 3496/1/3496 3497/1/3497 3493/1/3493 3494/1/3494 
f 2979/1/2979 3493/1/3493 3497/1/3497 2981/1/2981 
f 3489/1/3489 3498/1/3498 3499/1/3499 3486/1/3486 
f 3500/1/3500 3499/1/3499 3498/1/3498 3495/1/3495 
f 3302/1/3302 3304/1/3304 3499/1/3499 3500/1/3500 
f 3486/1/3486 3499/1/3499 3304/1/3304 3308/1/3308 
f 3302/1/3302 3500/1/3500 3501/1/3501 3298/1/3298 
f 3492/1/3492 3501/1/3501 3500/1/3500 3495/1/3495 
f 3269/1/3269 3501/1/3501 3492/1/3492 2980/1/2980 
f 3298/1/3298 3501/1/3501 3269/1/3269 3268/1/3268 
f 3495/1/3495 3498/1/3498 3502/1/3502 3503/1/3503 
f 3491/1/3491 3502/1/3502 3498/1/3498 3489/1/3489 
f 3504/1/3504 3496/1/3496 3494/1/3494 
f 3495/1/3495 3503/1/3503 3505/1/3505 3494/1/3494 
f 3506/1/3506 3507/1/3507 3508/1/3508 3509/1/3509 
f 3510/1/3510 3508/1/3508 3507/1/3507 3511/1/3511 
f 3512/1/3512 3513/1/3513 3508/1/3508 3510/1/3510 
f 3514/1/3514 3509/1/3509 3508/1/3508 3513/1/3513 
f 3515/1/3515 3516/1/3516 3517/1/3517 3518/1/3518 
f 3516/1/3516 3519/1/3519 3520/1/3520 
f 3510/1/3510 3517/1/3517 3520/1/3520 3512/1/3512 
f 3511/1/3511 3518/1/3518 3517/1/3517 3510/1/3510 
f 3511/1/3511 3507/1/3507 3521/1/3521 3522/1/3522 
f 3523/1/3523 3521/1/3521 3507/1/3507 3506/1/3506 
f 3524/1/3524 3525/1/3525 3521/1/3521 3523/1/3523 
f 3526/1/3526 3522/1/3522 3521/1/3521 3525/1/3525 
f 3522/1/3522 3526/1/3526 3527/1/3527 3528/1/3528 
f 3529/1/3529 3528/1/3528 3527/1/3527 3530/1/3530 
f 3515/1/3515 3518/1/3518 3528/1/3528 3529/1/3529 
f 3511/1/3511 3522/1/3522 3528/1/3528 3518/1/3518 
f 3530/1/3530 3531/1/3531 3532/1/3532 3529/1/3529 
f 3533/1/3533 3532/1/3532 3531/1/3531 3534/1/3534 
f 3519/1/3519 3516/1/3516 3532/1/3532 3533/1/3533 
f 3529/1/3529 3532/1/3532 3516/1/3516 3515/1/3515 
f 3514/1/3514 3535/1/3535 3536/1/3536 3537/1/3537 
f 3538/1/3538 3536/1/3536 3535/1/3535 3539/1/3539 
f 3540/1/3540 3541/1/3541 3536/1/3536 3538/1/3538 
f 3537/1/3537 3536/1/3536 3541/1/3541 3542/1/3542 
f 3512/1/3512 3543/1/3543 3544/1/3544 3513/1/3513 
f 3545/1/3545 3544/1/3544 3543/1/3543 3546/1/3546 
f 3539/1/3539 3535/1/3535 3544/1/3544 3545/1/3545 
f 3513/1/3513 3544/1/3544 3535/1/3535 3514/1/3514 
f 3547/1/3547 3543/1/3543 3512/1/3512 
f 3548/1/3548 3547/1/3547 3520/1/3520 3519/1/3519 
f 3549/1/3549 3550/1/3550 3547/1/3547 3548/1/3548 
f 3543/1/3543 3547/1/3547 3550/1/3550 3546/1/3546 
f 3548/1/3548 3551/1/3551 3552/1/3552 3549/1/3549 
f 3548/1/3548 3519/1/3519 3533/1/3533 
f 3551/1/3551 3533/1/3533 3534/1/3534 
f 3553/1/3553 3554/1/3554 3552/1/3552 
f 3555/1/3555 3556/1/3556 3557/1/3557 3558/1/3558 
f 3559/1/3559 3557/1/3557 3556/1/3556 3560/1/3560 
f 3530/1/3530 3527/1/3527 3557/1/3557 3559/1/3559 
f 3558/1/3558 3557/1/3557 3527/1/3527 3526/1/3526 
f 3561/1/3561 3559/1/3559 3560/1/3560 
f 3562/1/3562 3563/1/3563 3564/1/3564 
f 3534/1/3534 3531/1/3531 3561/1/3561 3564/1/3564 
f 3559/1/3559 3561/1/3561 3531/1/3531 3530/1/3530 
f 3565/1/3565 3566/1/3566 3564/1/3564 3563/1/3563 
f 3567/1/3567 3568/1/3568 3566/1/3566 3565/1/3565 
f 3568/1/3568 3554/1/3554 3553/1/3553 
f 3553/1/3553 3534/1/3534 3564/1/3564 
f 3567/1/3567 3569/1/3569 3570/1/3570 3568/1/3568 
f 3569/1/3569 3571/1/3571 3572/1/3572 
f 3573/1/3573 3570/1/3570 3572/1/3572 3574/1/3574 
f 3568/1/3568 3570/1/3570 3573/1/3573 3554/1/3554 
f 3571/1/3571 3575/1/3575 3576/1/3576 3572/1/3572 
f 3577/1/3577 3578/1/3578 3576/1/3576 3575/1/3575 
f 3579/1/3579 3580/1/3580 3576/1/3576 3578/1/3578 
f 3572/1/3572 3576/1/3576 3580/1/3580 3574/1/3574 
f 3581/1/3581 3582/1/3582 3583/1/3583 3584/1/3584 
f 3585/1/3585 3583/1/3583 3582/1/3582 3586/1/3586 
f 3578/1/3578 3583/1/3583 3585/1/3585 3579/1/3579 
f 3584/1/3584 3583/1/3583 3578/1/3578 3577/1/3577 
f 3587/1/3587 3588/1/3588 3589/1/3589 3590/1/3590 
f 3591/1/3591 3589/1/3589 3588/1/3588 3540/1/3540 
f 3592/1/3592 3589/1/3589 3591/1/3591 3593/1/3593 
f 3594/1/3594 3590/1/3590 3589/1/3589 3592/1/3592 
f 3539/1/3539 3595/1/3595 3596/1/3596 3538/1/3538 
f 3597/1/3597 3596/1/3596 3595/1/3595 3598/1/3598 
f 3593/1/3593 3591/1/3591 3596/1/3596 3597/1/3597 
f 3538/1/3538 3596/1/3596 3591/1/3591 3540/1/3540 
f 3599/1/3599 3545/1/3545 3546/1/3546 
f 3600/1/3600 3599/1/3599 3601/1/3601 3602/1/3602 
f 3598/1/3598 3595/1/3595 3599/1/3599 3600/1/3600 
f 3545/1/3545 3599/1/3599 3595/1/3595 3539/1/3539 
f 3546/1/3546 3550/1/3550 3603/1/3603 3601/1/3601 
f 3604/1/3604 3603/1/3603 3550/1/3550 3549/1/3549 
f 3605/1/3605 3606/1/3606 3603/1/3603 3604/1/3604 
f 3601/1/3601 3603/1/3603 3606/1/3606 3602/1/3602 
f 3549/1/3549 3552/1/3552 3607/1/3607 3604/1/3604 
f 3608/1/3608 3607/1/3607 3552/1/3552 3554/1/3554 
f 3609/1/3609 3610/1/3610 3607/1/3607 3608/1/3608 
f 3604/1/3604 3607/1/3607 3610/1/3610 3605/1/3605 
f 3574/1/3574 3611/1/3611 3612/1/3612 3573/1/3573 
f 3613/1/3613 3612/1/3612 3611/1/3611 3614/1/3614 
f 3609/1/3609 3608/1/3608 3612/1/3612 3613/1/3613 
f 3573/1/3573 3612/1/3612 3608/1/3608 3554/1/3554 
f 3615/1/3615 3616/1/3616 3580/1/3580 3579/1/3579 
f 3617/1/3617 3616/1/3616 3615/1/3615 3618/1/3618 
f 3614/1/3614 3611/1/3611 3616/1/3616 3617/1/3617 
f 3580/1/3580 3616/1/3616 3611/1/3611 3574/1/3574 
f 3579/1/3579 3585/1/3585 3619/1/3619 3615/1/3615 
f 3586/1/3586 3620/1/3620 3619/1/3619 3585/1/3585 
f 3621/1/3621 3619/1/3619 3620/1/3620 3622/1/3622 
f 3618/1/3618 3615/1/3615 3619/1/3619 3621/1/3621 
f 3594/1/3594 3592/1/3592 3623/1/3623 3624/1/3624 
f 3625/1/3625 3623/1/3623 3592/1/3592 3593/1/3593 
f 3626/1/3626 3627/1/3627 3623/1/3623 3625/1/3625 
f 3624/1/3624 3623/1/3623 3627/1/3627 3628/1/3628 
f 3597/1/3597 3629/1/3629 3625/1/3625 3593/1/3593 
f 3598/1/3598 3630/1/3630 3629/1/3629 3597/1/3597 
f 3631/1/3631 3632/1/3632 3629/1/3629 3630/1/3630 
f 3625/1/3625 3629/1/3629 3632/1/3632 3626/1/3626 
f 3633/1/3633 3634/1/3634 3635/1/3635 3636/1/3636 
f 3630/1/3630 3635/1/3635 3634/1/3634 3631/1/3631 
f 3600/1/3600 3635/1/3635 3630/1/3630 3598/1/3598 
f 3602/1/3602 3636/1/3636 3635/1/3635 3600/1/3600 
f 3637/1/3637 3638/1/3638 3634/1/3634 3633/1/3633 
f 3638/1/3638 3637/1/3637 3639/1/3639 
f 3634/1/3634 3638/1/3638 3640/1/3640 3631/1/3631 
f 3602/1/3602 3606/1/3606 3641/1/3641 3636/1/3636 
f 3642/1/3642 3641/1/3641 3606/1/3606 3605/1/3605 
f 3643/1/3643 3644/1/3644 3641/1/3641 3642/1/3642 
f 3636/1/3636 3641/1/3641 3644/1/3644 3633/1/3633 
f 3609/1/3609 3645/1/3645 3646/1/3646 3610/1/3610 
f 3647/1/3647 3648/1/3648 3646/1/3646 3645/1/3645 
f 3642/1/3642 3646/1/3646 3648/1/3648 3643/1/3643 
f 3605/1/3605 3610/1/3610 3646/1/3646 3642/1/3642 
f 3614/1/3614 3649/1/3649 3650/1/3650 3613/1/3613 
f 3651/1/3651 3652/1/3652 3650/1/3650 3649/1/3649 
f 3647/1/3647 3645/1/3645 3650/1/3650 3652/1/3652 
f 3613/1/3613 3650/1/3650 3645/1/3645 3609/1/3609 
f 3653/1/3653 3654/1/3654 3655/1/3655 3656/1/3656 
f 3649/1/3649 3655/1/3655 3654/1/3654 3651/1/3651 
f 3617/1/3617 3655/1/3655 3649/1/3649 3614/1/3614 
f 3618/1/3618 3656/1/3656 3655/1/3655 3617/1/3617 
f 3657/1/3657 3658/1/3658 3659/1/3659 3660/1/3660 
f 3661/1/3661 3659/1/3659 3658/1/3658 3662/1/3662 
f 3563/1/3563 3562/1/3562 3659/1/3659 3661/1/3661 
f 3562/1/3562 3560/1/3560 3660/1/3660 
f 3663/1/3663 3664/1/3664 3665/1/3665 3666/1/3666 
f 3667/1/3667 3665/1/3665 3664/1/3664 3668/1/3668 
f 3662/1/3662 3658/1/3658 3665/1/3665 3667/1/3667 
f 3666/1/3666 3665/1/3665 3658/1/3658 3657/1/3657 
f 3662/1/3662 3669/1/3669 3670/1/3670 3661/1/3661 
f 3671/1/3671 3670/1/3670 3669/1/3669 3672/1/3672 
f 3567/1/3567 3565/1/3565 3670/1/3670 3671/1/3671 
f 3661/1/3661 3670/1/3670 3565/1/3565 3563/1/3563 
f 3668/1/3668 3673/1/3673 3674/1/3674 3667/1/3667 
f 3675/1/3675 3674/1/3674 3673/1/3673 3676/1/3676 
f 3672/1/3672 3669/1/3669 3674/1/3674 3675/1/3675 
f 3667/1/3667 3674/1/3674 3669/1/3669 3662/1/3662 
f 3677/1/3677 3678/1/3678 3679/1/3679 3680/1/3680 
f 3681/1/3681 3679/1/3679 3678/1/3678 3682/1/3682 
f 3676/1/3676 3673/1/3673 3679/1/3679 3681/1/3681 
f 3680/1/3680 3679/1/3679 3673/1/3673 3668/1/3668 
f 3672/1/3672 3683/1/3683 3684/1/3684 3671/1/3671 
f 3685/1/3685 3684/1/3684 3683/1/3683 3686/1/3686 
f 3571/1/3571 3569/1/3569 3684/1/3684 3685/1/3685 
f 3671/1/3671 3684/1/3684 3569/1/3569 3567/1/3567 
f 3687/1/3687 3688/1/3688 3689/1/3689 3690/1/3690 
f 3681/1/3681 3689/1/3689 3688/1/3688 3676/1/3676 
f 3682/1/3682 3691/1/3691 3689/1/3689 3681/1/3681 
f 3690/1/3690 3689/1/3689 3691/1/3691 3692/1/3692 
f 3676/1/3676 3688/1/3688 3693/1/3693 3675/1/3675 
f 3694/1/3694 3693/1/3693 3688/1/3688 3687/1/3687 
f 3686/1/3686 3683/1/3683 3693/1/3693 3694/1/3694 
f 3675/1/3675 3693/1/3693 3683/1/3683 3672/1/3672 
f 3685/1/3685 3686/1/3686 3695/1/3695 3696/1/3696 
f 3695/1/3695 3697/1/3697 3698/1/3698 
f 3577/1/3577 3575/1/3575 3696/1/3696 3698/1/3698 
f 3685/1/3685 3696/1/3696 3575/1/3575 3571/1/3571 
f 3699/1/3699 3698/1/3698 3697/1/3697 
f 3700/1/3700 3699/1/3699 3701/1/3701 3702/1/3702 
f 3581/1/3581 3584/1/3584 3699/1/3699 3700/1/3700 
f 3698/1/3698 3699/1/3699 3584/1/3584 3577/1/3577 
f 3687/1/3687 3703/1/3703 3704/1/3704 3694/1/3694 
f 3705/1/3705 3704/1/3704 3703/1/3703 3706/1/3706 
f 3697/1/3697 3695/1/3695 3704/1/3704 3705/1/3705 
f 3694/1/3694 3704/1/3704 3695/1/3695 3686/1/3686 
f 3692/1/3692 3707/1/3707 3708/1/3708 3690/1/3690 
f 3709/1/3709 3708/1/3708 3707/1/3707 3710/1/3710 
f 3706/1/3706 3703/1/3703 3708/1/3708 3709/1/3709 
f 3690/1/3690 3708/1/3708 3703/1/3703 3687/1/3687 
f 3706/1/3706 3711/1/3711 3712/1/3712 3705/1/3705 
f 3713/1/3713 3712/1/3712 3711/1/3711 3714/1/3714 
f 3702/1/3702 3701/1/3701 3712/1/3712 3713/1/3713 
f 3705/1/3705 3712/1/3712 3701/1/3701 3697/1/3697 
f 3710/1/3710 3715/1/3715 3716/1/3716 3709/1/3709 
f 3717/1/3717 3716/1/3716 3715/1/3715 3718/1/3718 
f 3714/1/3714 3711/1/3711 3716/1/3716 3717/1/3717 
f 3709/1/3709 3716/1/3716 3711/1/3711 3706/1/3706 
f 3714/1/3714 3719/1/3719 3720/1/3720 3713/1/3713 
f 3721/1/3721 3720/1/3720 3719/1/3719 3722/1/3722 
f 3723/1/3723 3724/1/3724 3720/1/3720 3721/1/3721 
f 3713/1/3713 3720/1/3720 3724/1/3724 3702/1/3702 
f 3718/1/3718 3725/1/3725 3726/1/3726 3717/1/3717 
f 3727/1/3727 3726/1/3726 3725/1/3725 3728/1/3728 
f 3722/1/3722 3719/1/3719 3726/1/3726 3727/1/3727 
f 3717/1/3717 3726/1/3726 3719/1/3719 3714/1/3714 
f 3728/1/3728 3729/1/3729 3730/1/3730 3727/1/3727 
f 3731/1/3731 3730/1/3730 3729/1/3729 3732/1/3732 
f 3733/1/3733 3734/1/3734 3730/1/3730 3731/1/3731 
f 3727/1/3727 3730/1/3730 3734/1/3734 3722/1/3722 
f 3735/1/3735 3736/1/3736 3737/1/3737 3738/1/3738 
f 3731/1/3731 3737/1/3737 3736/1/3736 3733/1/3733 
f 3732/1/3732 3739/1/3739 3737/1/3737 3731/1/3731 
f 3738/1/3738 3737/1/3737 3739/1/3739 3740/1/3740 
f 3740/1/3740 3741/1/3741 3742/1/3742 3738/1/3738 
f 3743/1/3743 3742/1/3742 3741/1/3741 3744/1/3744 
f 3745/1/3745 3746/1/3746 3742/1/3742 3743/1/3743 
f 3738/1/3738 3742/1/3742 3746/1/3746 3735/1/3735 
f 3639/1/3639 3637/1/3637 3747/1/3747 3748/1/3748 
f 3749/1/3749 3747/1/3747 3637/1/3637 3633/1/3633 
f 3750/1/3750 3751/1/3751 3747/1/3747 3749/1/3749 
f 3748/1/3748 3747/1/3747 3751/1/3751 3752/1/3752 
f 3644/1/3644 3753/1/3753 3749/1/3749 3633/1/3633 
f 3754/1/3754 3753/1/3753 3644/1/3644 3643/1/3643 
f 3755/1/3755 3756/1/3756 3753/1/3753 3754/1/3754 
f 3749/1/3749 3753/1/3753 3756/1/3756 3750/1/3750 
f 3643/1/3643 3648/1/3648 3757/1/3757 3754/1/3754 
f 3758/1/3758 3757/1/3757 3648/1/3648 3647/1/3647 
f 3759/1/3759 3760/1/3760 3757/1/3757 3758/1/3758 
f 3754/1/3754 3757/1/3757 3760/1/3760 3755/1/3755 
f 3647/1/3647 3652/1/3652 3761/1/3761 3758/1/3758 
f 3762/1/3762 3761/1/3761 3652/1/3652 3651/1/3651 
f 3763/1/3763 3764/1/3764 3761/1/3761 3762/1/3762 
f 3758/1/3758 3761/1/3761 3764/1/3764 3759/1/3759 
f 3759/1/3759 3764/1/3764 3765/1/3765 3766/1/3766 
f 3767/1/3767 3765/1/3765 3764/1/3764 3763/1/3763 
f 3768/1/3768 3769/1/3769 3765/1/3765 3767/1/3767 
f 3766/1/3766 3765/1/3765 3769/1/3769 3770/1/3770 
f 3771/1/3771 3772/1/3772 3773/1/3773 3774/1/3774 
f 3775/1/3775 3773/1/3773 3772/1/3772 3776/1/3776 
f 3682/1/3682 3678/1/3678 3773/1/3773 3775/1/3775 
f 3774/1/3774 3773/1/3773 3678/1/3678 3677/1/3677 
f 3776/1/3776 3777/1/3777 3778/1/3778 3775/1/3775 
f 3779/1/3779 3778/1/3778 3777/1/3777 3780/1/3780 
f 3692/1/3692 3691/1/3691 3778/1/3778 3779/1/3779 
f 3775/1/3775 3778/1/3778 3691/1/3691 3682/1/3682 
f 3780/1/3780 3781/1/3781 3782/1/3782 3779/1/3779 
f 3783/1/3783 3782/1/3782 3781/1/3781 3784/1/3784 
f 3710/1/3710 3707/1/3707 3782/1/3782 3783/1/3783 
f 3779/1/3779 3782/1/3782 3707/1/3707 3692/1/3692 
f 3784/1/3784 3785/1/3785 3786/1/3786 3783/1/3783 
f 3787/1/3787 3786/1/3786 3785/1/3785 3788/1/3788 
f 3718/1/3718 3715/1/3715 3786/1/3786 3787/1/3787 
f 3783/1/3783 3786/1/3786 3715/1/3715 3710/1/3710 
f 3788/1/3788 3789/1/3789 3790/1/3790 3787/1/3787 
f 3791/1/3791 3790/1/3790 3789/1/3789 3792/1/3792 
f 3728/1/3728 3725/1/3725 3790/1/3790 3791/1/3791 
f 3787/1/3787 3790/1/3790 3725/1/3725 3718/1/3718 
f 3792/1/3792 3793/1/3793 3794/1/3794 3791/1/3791 
f 3795/1/3795 3794/1/3794 3793/1/3793 3796/1/3796 
f 3732/1/3732 3729/1/3729 3794/1/3794 3795/1/3795 
f 3791/1/3791 3794/1/3794 3729/1/3729 3728/1/3728 
f 3796/1/3796 3797/1/3797 3798/1/3798 3795/1/3795 
f 3799/1/3799 3798/1/3798 3797/1/3797 3800/1/3800 
f 3740/1/3740 3739/1/3739 3798/1/3798 3799/1/3799 
f 3795/1/3795 3798/1/3798 3739/1/3739 3732/1/3732 
f 3800/1/3800 3801/1/3801 3802/1/3802 3799/1/3799 
f 3803/1/3803 3802/1/3802 3801/1/3801 3804/1/3804 
f 3744/1/3744 3741/1/3741 3802/1/3802 3803/1/3803 
f 3799/1/3799 3802/1/3802 3741/1/3741 3740/1/3740 
f 3805/1/3805 3806/1/3806 3807/1/3807 3808/1/3808 
f 3809/1/3809 3807/1/3807 3806/1/3806 3810/1/3810 
f 3771/1/3771 3811/1/3811 3807/1/3807 3809/1/3809 
f 3808/1/3808 3807/1/3807 3811/1/3811 3812/1/3812 
f 3810/1/3810 3813/1/3813 3814/1/3814 3809/1/3809 
f 3815/1/3815 3814/1/3814 3813/1/3813 3816/1/3816 
f 3776/1/3776 3772/1/3772 3814/1/3814 3815/1/3815 
f 3809/1/3809 3814/1/3814 3772/1/3772 3771/1/3771 
f 3816/1/3816 3817/1/3817 3818/1/3818 3815/1/3815 
f 3819/1/3819 3818/1/3818 3817/1/3817 3820/1/3820 
f 3780/1/3780 3777/1/3777 3818/1/3818 3819/1/3819 
f 3815/1/3815 3818/1/3818 3777/1/3777 3776/1/3776 
f 3820/1/3820 3821/1/3821 3822/1/3822 3819/1/3819 
f 3823/1/3823 3822/1/3822 3821/1/3821 3824/1/3824 
f 3784/1/3784 3781/1/3781 3822/1/3822 3823/1/3823 
f 3819/1/3819 3822/1/3822 3781/1/3781 3780/1/3780 
f 3824/1/3824 3825/1/3825 3826/1/3826 3823/1/3823 
f 3827/1/3827 3826/1/3826 3825/1/3825 3828/1/3828 
f 3788/1/3788 3785/1/3785 3826/1/3826 3827/1/3827 
f 3823/1/3823 3826/1/3826 3785/1/3785 3784/1/3784 
f 3828/1/3828 3829/1/3829 3830/1/3830 3827/1/3827 
f 3831/1/3831 3830/1/3830 3829/1/3829 3832/1/3832 
f 3792/1/3792 3789/1/3789 3830/1/3830 3831/1/3831 
f 3827/1/3827 3830/1/3830 3789/1/3789 3788/1/3788 
f 3832/1/3832 3833/1/3833 3834/1/3834 3831/1/3831 
f 3835/1/3835 3834/1/3834 3833/1/3833 3836/1/3836 
f 3796/1/3796 3793/1/3793 3834/1/3834 3835/1/3835 
f 3831/1/3831 3834/1/3834 3793/1/3793 3792/1/3792 
f 3836/1/3836 3837/1/3837 3838/1/3838 3835/1/3835 
f 3839/1/3839 3838/1/3838 3837/1/3837 3840/1/3840 
f 3800/1/3800 3797/1/3797 3838/1/3838 3839/1/3839 
f 3835/1/3835 3838/1/3838 3797/1/3797 3796/1/3796 
f 3841/1/3841 3842/1/3842 3843/1/3843 3844/1/3844 
f 3845/1/3845 3843/1/3843 3842/1/3842 3846/1/3846 
f 3805/1/3805 3847/1/3847 3843/1/3843 3845/1/3845 
f 3844/1/3844 3843/1/3843 3847/1/3847 3848/1/3848 
f 3846/1/3846 3849/1/3849 3850/1/3850 3845/1/3845 
f 3851/1/3851 3850/1/3850 3849/1/3849 3852/1/3852 
f 3810/1/3810 3806/1/3806 3850/1/3850 3851/1/3851 
f 3845/1/3845 3850/1/3850 3806/1/3806 3805/1/3805 
f 3852/1/3852 3853/1/3853 3854/1/3854 3851/1/3851 
f 3855/1/3855 3854/1/3854 3853/1/3853 3856/1/3856 
f 3816/1/3816 3813/1/3813 3854/1/3854 3855/1/3855 
f 3851/1/3851 3854/1/3854 3813/1/3813 3810/1/3810 
f 3856/1/3856 3857/1/3857 3858/1/3858 3855/1/3855 
f 3859/1/3859 3858/1/3858 3857/1/3857 3860/1/3860 
f 3820/1/3820 3817/1/3817 3858/1/3858 3859/1/3859 
f 3855/1/3855 3858/1/3858 3817/1/3817 3816/1/3816 
f 3860/1/3860 3861/1/3861 3862/1/3862 3859/1/3859 
f 3863/1/3863 3862/1/3862 3861/1/3861 3864/1/3864 
f 3824/1/3824 3821/1/3821 3862/1/3862 3863/1/3863 
f 3859/1/3859 3862/1/3862 3821/1/3821 3820/1/3820 
f 3864/1/3864 3865/1/3865 3866/1/3866 3863/1/3863 
f 3867/1/3867 3866/1/3866 3865/1/3865 3868/1/3868 
f 3828/1/3828 3825/1/3825 3866/1/3866 3867/1/3867 
f 3863/1/3863 3866/1/3866 3825/1/3825 3824/1/3824 
f 3868/1/3868 3869/1/3869 3870/1/3870 3867/1/3867 
f 3871/1/3871 3870/1/3870 3869/1/3869 3872/1/3872 
f 3832/1/3832 3829/1/3829 3870/1/3870 3871/1/3871 
f 3867/1/3867 3870/1/3870 3829/1/3829 3828/1/3828 
f 3872/1/3872 3873/1/3873 3874/1/3874 3871/1/3871 
f 3875/1/3875 3874/1/3874 3873/1/3873 3876/1/3876 
f 3836/1/3836 3833/1/3833 3874/1/3874 3875/1/3875 
f 3871/1/3871 3874/1/3874 3833/1/3833 3832/1/3832 
f 3876/1/3876 3877/1/3877 3878/1/3878 3875/1/3875 
f 3879/1/3879 3878/1/3878 3877/1/3877 3880/1/3880 
f 3840/1/3840 3837/1/3837 3878/1/3878 3879/1/3879 
f 3875/1/3875 3878/1/3878 3837/1/3837 3836/1/3836 
f 3881/1/3881 3882/1/3882 3883/1/3883 3884/1/3884 
f 3885/1/3885 3882/1/3882 3881/1/3881 3886/1/3886 
f 3540/1/3540 3588/1/3588 3882/1/3882 3885/1/3885 
f 3883/1/3883 3882/1/3882 3588/1/3588 3587/1/3587 
f 3887/1/3887 3537/1/3537 3542/1/3542 
f 3888/1/3888 3887/1/3887 3889/1/3889 3890/1/3890 
f 3506/1/3506 3509/1/3509 3887/1/3887 3888/1/3888 
f 3509/1/3509 3514/1/3514 3537/1/3537 
f 3506/1/3506 3888/1/3888 3891/1/3891 3523/1/3523 
f 3892/1/3892 3891/1/3891 3888/1/3888 3890/1/3890 
f 3893/1/3893 3894/1/3894 3891/1/3891 3892/1/3892 
f 3523/1/3523 3891/1/3891 3894/1/3894 3524/1/3524 
f 3893/1/3893 3892/1/3892 3895/1/3895 3896/1/3896 
f 3892/1/3892 3890/1/3890 3897/1/3897 
f 3898/1/3898 3899/1/3899 3895/1/3895 3897/1/3897 
f 3896/1/3896 3895/1/3895 3899/1/3899 3900/1/3900 
f 3886/1/3886 3901/1/3901 3902/1/3902 3885/1/3885 
f 3889/1/3889 3902/1/3902 3901/1/3901 3890/1/3890 
f 3542/1/3542 3541/1/3541 3902/1/3902 3889/1/3889 
f 3885/1/3885 3902/1/3902 3541/1/3541 3540/1/3540 
f 3903/1/3903 3904/1/3904 3898/1/3898 
f 3897/1/3897 3890/1/3890 3901/1/3901 
f 3901/1/3901 3886/1/3886 3904/1/3904 
f 3905/1/3905 3906/1/3906 3907/1/3907 3908/1/3908 
f 3909/1/3909 3907/1/3907 3906/1/3906 3910/1/3910 
f 3911/1/3911 3912/1/3912 3907/1/3907 3909/1/3909 
f 3908/1/3908 3907/1/3907 3912/1/3912 3913/1/3913 
f 3910/1/3910 3914/1/3914 3915/1/3915 3909/1/3909 
f 3916/1/3916 3915/1/3915 3914/1/3914 3917/1/3917 
f 3918/1/3918 3919/1/3919 3915/1/3915 3916/1/3916 
f 3909/1/3909 3915/1/3915 3919/1/3919 3911/1/3911 
f 3917/1/3917 3920/1/3920 3921/1/3921 3916/1/3916 
f 3922/1/3922 3921/1/3921 3920/1/3920 3923/1/3923 
f 3924/1/3924 3925/1/3925 3921/1/3921 3922/1/3922 
f 3916/1/3916 3921/1/3921 3925/1/3925 3918/1/3918 
f 3923/1/3923 3926/1/3926 3927/1/3927 3922/1/3922 
f 3928/1/3928 3927/1/3927 3926/1/3926 3929/1/3929 
f 3930/1/3930 3931/1/3931 3927/1/3927 3928/1/3928 
f 3922/1/3922 3927/1/3927 3931/1/3931 3924/1/3924 
f 3932/1/3932 3933/1/3933 3934/1/3934 3935/1/3935 
f 3936/1/3936 3934/1/3934 3933/1/3933 3937/1/3937 
f 3938/1/3938 3939/1/3939 3934/1/3934 3936/1/3936 
f 3935/1/3935 3934/1/3934 3939/1/3939 3929/1/3929 
f 3940/1/3940 3941/1/3941 3942/1/3942 3943/1/3943 
f 3928/1/3928 3942/1/3942 3941/1/3941 3930/1/3930 
f 3929/1/3929 3939/1/3939 3942/1/3942 3928/1/3928 
f 3939/1/3939 3938/1/3938 3943/1/3943 
f 3944/1/3944 3945/1/3945 3946/1/3946 3947/1/3947 
f 3948/1/3948 3946/1/3946 3945/1/3945 3949/1/3949 
f 3884/1/3884 3883/1/3883 3946/1/3946 3948/1/3948 
f 3947/1/3947 3946/1/3946 3883/1/3883 3587/1/3587 
f 3950/1/3950 3951/1/3951 3952/1/3952 3953/1/3953 
f 3947/1/3947 3952/1/3952 3951/1/3951 3944/1/3944 
f 3587/1/3587 3590/1/3590 3952/1/3952 3947/1/3947 
f 3953/1/3953 3952/1/3952 3590/1/3590 3594/1/3594 
f 3628/1/3628 3627/1/3627 3954/1/3954 3955/1/3955 
f 3956/1/3956 3954/1/3954 3627/1/3627 3626/1/3626 
f 3957/1/3957 3958/1/3958 3954/1/3954 3956/1/3956 
f 3955/1/3955 3954/1/3954 3958/1/3958 3959/1/3959 
f 3626/1/3626 3632/1/3632 3960/1/3960 3956/1/3956 
f 3961/1/3961 3960/1/3960 3632/1/3632 3631/1/3631 
f 3962/1/3962 3960/1/3960 3961/1/3961 3963/1/3963 
f 3956/1/3956 3960/1/3960 3962/1/3962 3957/1/3957 
f 3752/1/3752 3964/1/3964 3965/1/3965 3748/1/3748 
f 3961/1/3961 3965/1/3965 3964/1/3964 3963/1/3963 
f 3631/1/3631 3640/1/3640 3965/1/3965 3961/1/3961 
f 3748/1/3748 3965/1/3965 3640/1/3640 3639/1/3639 
f 3628/1/3628 3966/1/3966 3967/1/3967 3624/1/3624 
f 3966/1/3966 3968/1/3968 3969/1/3969 
f 3950/1/3950 3953/1/3953 3967/1/3967 3969/1/3969 
f 3624/1/3624 3967/1/3967 3953/1/3953 3594/1/3594 
f 3970/1/3970 3971/1/3971 3972/1/3972 
f 3973/1/3973 3970/1/3970 3974/1/3974 3975/1/3975 
f 3949/1/3949 3945/1/3945 3970/1/3970 3973/1/3973 
f 3971/1/3971 3970/1/3970 3945/1/3945 3944/1/3944 
f 3968/1/3968 3976/1/3976 3977/1/3977 3969/1/3969 
f 3976/1/3976 3972/1/3972 3971/1/3971 
f 3944/1/3944 3951/1/3951 3977/1/3977 3971/1/3971 
f 3969/1/3969 3977/1/3977 3951/1/3951 3950/1/3950 
f 3959/1/3959 3978/1/3978 3979/1/3979 3955/1/3955 
f 3978/1/3978 3968/1/3968 3966/1/3966 
f 3955/1/3955 3979/1/3979 3966/1/3966 3628/1/3628 
f 3959/1/3959 3958/1/3958 3980/1/3980 3981/1/3981 
f 3982/1/3982 3980/1/3980 3958/1/3958 3957/1/3957 
f 3983/1/3983 3984/1/3984 3980/1/3980 3982/1/3982 
f 3981/1/3981 3980/1/3980 3984/1/3984 3985/1/3985 
f 3968/1/3968 3978/1/3978 3986/1/3986 3987/1/3987 
f 3981/1/3981 3986/1/3986 3978/1/3978 3959/1/3959 
f 3985/1/3985 3988/1/3988 3986/1/3986 3981/1/3981 
f 3987/1/3987 3986/1/3986 3988/1/3988 3989/1/3989 
f 3990/1/3990 3987/1/3987 3989/1/3989 
f 3991/1/3991 3992/1/3992 3993/1/3993 
f 3990/1/3990 3993/1/3993 3972/1/3972 
f 3976/1/3976 3968/1/3968 3987/1/3987 
f 3994/1/3994 3993/1/3993 3992/1/3992 
f 3995/1/3995 3994/1/3994 3996/1/3996 3997/1/3997 
f 3972/1/3972 3993/1/3993 3994/1/3994 3995/1/3995 
f 3998/1/3998 3995/1/3995 3997/1/3997 
f 3999/1/3999 4000/1/4000 4001/1/4001 
f 3975/1/3975 3974/1/3974 3998/1/3998 4001/1/4001 
f 3995/1/3995 3998/1/3998 3974/1/3974 3972/1/3972 
f 4002/1/4002 4003/1/4003 4004/1/4004 4005/1/4005 
f 4003/1/4003 4006/1/4006 4007/1/4007 
f 4004/1/4004 4007/1/4007 3997/1/3997 
f 4005/1/4005 4004/1/4004 3996/1/3996 3992/1/3992 
f 4008/1/4008 4009/1/4009 4010/1/4010 4011/1/4011 
f 4005/1/4005 4010/1/4010 4009/1/4009 4002/1/4002 
f 3992/1/3992 3991/1/3991 4010/1/4010 4005/1/4005 
f 4011/1/4011 4010/1/4010 3991/1/3991 3989/1/3989 
f 4012/1/4012 4013/1/4013 4014/1/4014 4015/1/4015 
f 4011/1/4011 4014/1/4014 4013/1/4013 4008/1/4008 
f 3989/1/3989 3988/1/3988 4014/1/4014 4011/1/4011 
f 4015/1/4015 4014/1/4014 3988/1/3988 3985/1/3985 
f 4016/1/4016 4017/1/4017 4018/1/4018 4019/1/4019 
f 4015/1/4015 4017/1/4017 4016/1/4016 4012/1/4012 
f 3985/1/3985 3984/1/3984 4017/1/4017 4015/1/4015 
f 3983/1/3983 4018/1/4018 4017/1/4017 3984/1/3984 
f 4020/1/4020 4021/1/4021 4022/1/4022 4023/1/4023 
f 4024/1/4024 4022/1/4022 4021/1/4021 4025/1/4025 
f 4001/1/4001 4022/1/4022 4024/1/4024 3975/1/3975 
f 4023/1/4023 4022/1/4022 4001/1/4001 4000/1/4000 
f 3913/1/3913 3912/1/3912 4026/1/4026 4027/1/4027 
f 4028/1/4028 4026/1/4026 3912/1/3912 3911/1/3911 
f 4029/1/4029 4030/1/4030 4026/1/4026 4028/1/4028 
f 4027/1/4027 4026/1/4026 4030/1/4030 4031/1/4031 
f 4032/1/4032 4033/1/4033 4034/1/4034 4035/1/4035 
f 4036/1/4036 4034/1/4034 4033/1/4033 4037/1/4037 
f 4025/1/4025 4021/1/4021 4034/1/4034 4036/1/4036 
f 4035/1/4035 4034/1/4034 4021/1/4021 4020/1/4020 
f 4031/1/4031 4030/1/4030 4038/1/4038 4039/1/4039 
f 4040/1/4040 4038/1/4038 4030/1/4030 4029/1/4029 
f 4037/1/4037 4033/1/4033 4038/1/4038 4040/1/4040 
f 4039/1/4039 4038/1/4038 4033/1/4033 4032/1/4032 
f 3975/1/3975 4024/1/4024 4041/1/4041 3973/1/3973 
f 4042/1/4042 4041/1/4041 4024/1/4024 4025/1/4025 
f 4043/1/4043 4044/1/4044 4041/1/4041 4042/1/4042 
f 3973/1/3973 4041/1/4041 4044/1/4044 3949/1/3949 
f 3911/1/3911 3919/1/3919 4045/1/4045 4028/1/4028 
f 4046/1/4046 4045/1/4045 3919/1/3919 3918/1/3918 
f 4047/1/4047 4048/1/4048 4045/1/4045 4046/1/4046 
f 4028/1/4028 4045/1/4045 4048/1/4048 4029/1/4029 
f 4025/1/4025 4036/1/4036 4049/1/4049 4042/1/4042 
f 4050/1/4050 4049/1/4049 4036/1/4036 4037/1/4037 
f 4051/1/4051 4052/1/4052 4049/1/4049 4050/1/4050 
f 4042/1/4042 4049/1/4049 4052/1/4052 4043/1/4043 
f 4047/1/4047 4053/1/4053 4054/1/4054 4048/1/4048 
f 4050/1/4050 4054/1/4054 4053/1/4053 4051/1/4051 
f 4037/1/4037 4040/1/4040 4054/1/4054 4050/1/4050 
f 4048/1/4048 4054/1/4054 4040/1/4040 4029/1/4029 
f 3949/1/3949 4044/1/4044 4055/1/4055 3948/1/3948 
f 4044/1/4044 4043/1/4043 4056/1/4056 
f 4055/1/4055 4056/1/4056 4057/1/4057 
f 3948/1/3948 4055/1/4055 4058/1/4058 3884/1/3884 
f 3918/1/3918 3925/1/3925 4059/1/4059 4046/1/4046 
f 4060/1/4060 4059/1/4059 3925/1/3925 3924/1/3924 
f 4061/1/4061 4062/1/4062 4059/1/4059 4060/1/4060 
f 4046/1/4046 4059/1/4059 4062/1/4062 4047/1/4047 
f 4063/1/4063 4056/1/4056 4043/1/4043 
f 4064/1/4064 4063/1/4063 4052/1/4052 4051/1/4051 
f 4065/1/4065 4066/1/4066 4063/1/4063 4064/1/4064 
f 4066/1/4066 4057/1/4057 4056/1/4056 
f 4061/1/4061 4067/1/4067 4068/1/4068 4062/1/4062 
f 4064/1/4064 4068/1/4068 4067/1/4067 4065/1/4065 
f 4051/1/4051 4053/1/4053 4068/1/4068 4064/1/4064 
f 4062/1/4062 4068/1/4068 4053/1/4053 4047/1/4047 
f 4061/1/4061 4060/1/4060 4069/1/4069 4070/1/4070 
f 3924/1/3924 3931/1/3931 4069/1/4069 4060/1/4060 
f 4071/1/4071 4069/1/4069 3931/1/3931 3930/1/3930 
f 4070/1/4070 4069/1/4069 4071/1/4071 4072/1/4072 
f 3884/1/3884 4058/1/4058 4073/1/4073 3881/1/3881 
f 4058/1/4058 4057/1/4057 4074/1/4074 
f 4073/1/4073 4074/1/4074 4075/1/4075 
f 3881/1/3881 4073/1/4073 4076/1/4076 3886/1/3886 
f 4057/1/4057 4066/1/4066 4077/1/4077 4074/1/4074 
f 4078/1/4078 4077/1/4077 4066/1/4066 4065/1/4065 
f 4079/1/4079 4080/1/4080 4077/1/4077 4078/1/4078 
f 4074/1/4074 4077/1/4077 4080/1/4080 4075/1/4075 
f 4072/1/4072 4081/1/4081 4082/1/4082 4070/1/4070 
f 4078/1/4078 4082/1/4082 4081/1/4081 4079/1/4079 
f 4065/1/4065 4067/1/4067 4082/1/4082 4078/1/4078 
f 4070/1/4070 4082/1/4082 4067/1/4067 4061/1/4061 
f 4083/1/4083 4084/1/4084 3941/1/3941 3940/1/3940 
f 4085/1/4085 4084/1/4084 4083/1/4083 4086/1/4086 
f 4072/1/4072 4071/1/4071 4084/1/4084 4085/1/4085 
f 3930/1/3930 3941/1/3941 4084/1/4084 4071/1/4071 
f 4087/1/4087 4088/1/4088 4089/1/4089 
f 3904/1/3904 4087/1/4087 4090/1/4090 3898/1/3898 
f 4087/1/4087 3904/1/3904 3886/1/3886 
f 4088/1/4088 4087/1/4087 4076/1/4076 4075/1/4075 
f 4086/1/4086 4091/1/4091 4092/1/4092 4085/1/4085 
f 4093/1/4093 4092/1/4092 4091/1/4091 4094/1/4094 
f 4092/1/4092 4093/1/4093 4079/1/4079 
f 4085/1/4085 4092/1/4092 4081/1/4081 4072/1/4072 
f 4094/1/4094 4095/1/4095 4096/1/4096 4093/1/4093 
f 4088/1/4088 4096/1/4096 4095/1/4095 4089/1/4089 
f 4075/1/4075 4080/1/4080 4096/1/4096 4088/1/4088 
f 4093/1/4093 4096/1/4096 4080/1/4080 4079/1/4079 
f 3812/1/3812 4097/1/4097 4098/1/4098 3808/1/3808 
f 4099/1/4099 4098/1/4098 4097/1/4097 4100/1/4100 
f 3848/1/3848 3847/1/3847 4098/1/4098 4099/1/4099 
f 3808/1/3808 4098/1/4098 3847/1/3847 3805/1/3805 
f 4101/1/4101 4102/1/4102 4103/1/4103 
f 3660/1/3660 4101/1/4101 4104/1/4104 3657/1/3657 
f 4101/1/4101 3660/1/3660 3560/1/3560 
f 4102/1/4102 4101/1/4101 3556/1/3556 3555/1/3555 
f 4105/1/4105 4106/1/4106 4097/1/4097 3812/1/3812 
f 4107/1/4107 4108/1/4108 4106/1/4106 4105/1/4105 
f 4109/1/4109 4106/1/4106 4108/1/4108 4110/1/4110 
f 4100/1/4100 4097/1/4097 4106/1/4106 4109/1/4109 
f 3680/1/3680 4111/1/4111 4112/1/4112 3677/1/3677 
f 3668/1/3668 3664/1/3664 4111/1/4111 3680/1/3680 
f 3663/1/3663 4113/1/4113 4111/1/4111 3664/1/3664 
f 4112/1/4112 4111/1/4111 4113/1/4113 4107/1/4107 
f 4107/1/4107 4113/1/4113 4114/1/4114 4115/1/4115 
f 3666/1/3666 4114/1/4114 4113/1/4113 3663/1/3663 
f 3657/1/3657 4104/1/4104 4114/1/4114 3666/1/3666 
f 4115/1/4115 4114/1/4114 4104/1/4104 4103/1/4103 
f 4110/1/4110 4108/1/4108 4116/1/4116 4117/1/4117 
f 4115/1/4115 4116/1/4116 4108/1/4108 4107/1/4107 
f 4103/1/4103 4117/1/4117 4116/1/4116 4115/1/4115 
f 3677/1/3677 4112/1/4112 4118/1/4118 3774/1/3774 
f 4105/1/4105 4118/1/4118 4112/1/4112 4107/1/4107 
f 3812/1/3812 3811/1/3811 4118/1/4118 4105/1/4105 
f 3774/1/3774 4118/1/4118 3811/1/3811 3771/1/3771 
f 3957/1/3957 3962/1/3962 4119/1/4119 3982/1/3982 
f 4120/1/4120 4119/1/4119 3962/1/3962 3963/1/3963 
f 4121/1/4121 4122/1/4122 4119/1/4119 4120/1/4120 
f 4122/1/4122 3983/1/3983 3982/1/3982 
f 4123/1/4123 4124/1/4124 4122/1/4122 4121/1/4121 
f 4125/1/4125 4126/1/4126 4124/1/4124 4123/1/4123 
f 4019/1/4019 4018/1/4018 4124/1/4124 4126/1/4126 
f 4122/1/4122 4124/1/4124 4018/1/4018 3983/1/3983 
f 4126/1/4126 4125/1/4125 4127/1/4127 
f 4128/1/4128 4127/1/4127 4129/1/4129 
f 4126/1/4126 4128/1/4128 4130/1/4130 4019/1/4019 
f 4012/1/4012 4016/1/4016 4131/1/4131 4132/1/4132 
f 4019/1/4019 4130/1/4130 4131/1/4131 4016/1/4016 
f 4131/1/4131 4130/1/4130 4129/1/4129 
f 4133/1/4133 4134/1/4134 4132/1/4132 
f 4008/1/4008 4013/1/4013 4135/1/4135 4136/1/4136 
f 4132/1/4132 4135/1/4135 4013/1/4013 4012/1/4012 
f 4134/1/4134 4137/1/4137 4135/1/4135 4132/1/4132 
f 4136/1/4136 4135/1/4135 4137/1/4137 4138/1/4138 
f 4138/1/4138 4139/1/4139 4140/1/4140 4136/1/4136 
f 4141/1/4141 4140/1/4140 4139/1/4139 4142/1/4142 
f 4002/1/4002 4009/1/4009 4140/1/4140 4141/1/4141 
f 4136/1/4136 4140/1/4140 4009/1/4009 4008/1/4008 
f 4142/1/4142 4143/1/4143 4144/1/4144 4141/1/4141 
f 4145/1/4145 4144/1/4144 4143/1/4143 4146/1/4146 
f 4006/1/4006 4003/1/4003 4144/1/4144 4145/1/4145 
f 4141/1/4141 4144/1/4144 4003/1/4003 4002/1/4002 
f 4147/1/4147 4148/1/4148 4149/1/4149 4150/1/4150 
f 4146/1/4146 4143/1/4143 4148/1/4148 4147/1/4147 
f 4149/1/4149 4148/1/4148 4143/1/4143 4142/1/4142 
f 4151/1/4151 4152/1/4152 4153/1/4153 4154/1/4154 
f 4149/1/4149 4153/1/4153 4152/1/4152 4150/1/4150 
f 4142/1/4142 4139/1/4139 4153/1/4153 4149/1/4149 
f 4154/1/4154 4153/1/4153 4139/1/4139 4138/1/4138 
f 4155/1/4155 4156/1/4156 4157/1/4157 4158/1/4158 
f 4154/1/4154 4157/1/4157 4156/1/4156 4151/1/4151 
f 4138/1/4138 4137/1/4137 4157/1/4157 4154/1/4154 
f 4158/1/4158 4157/1/4157 4137/1/4137 4134/1/4134 
f 4159/1/4159 4160/1/4160 4133/1/4133 4129/1/4129 
f 4161/1/4161 4160/1/4160 4159/1/4159 4162/1/4162 
f 4155/1/4155 4158/1/4158 4160/1/4160 4161/1/4161 
f 4134/1/4134 4133/1/4133 4160/1/4160 4158/1/4158 
f 4163/1/4163 4164/1/4164 4165/1/4165 
f 4162/1/4162 4159/1/4159 4166/1/4166 4165/1/4165 
f 4129/1/4129 4127/1/4127 4166/1/4166 4159/1/4159 
f 4125/1/4125 4163/1/4163 4166/1/4166 4127/1/4127 
f 4121/1/4121 4167/1/4167 4168/1/4168 4123/1/4123 
f 4167/1/4167 4169/1/4169 4170/1/4170 
f 4168/1/4168 4170/1/4170 4164/1/4164 
f 4123/1/4123 4168/1/4168 4163/1/4163 4125/1/4125 
f 4120/1/4120 4171/1/4171 4167/1/4167 4121/1/4121 
f 4172/1/4172 4171/1/4171 4120/1/4120 3963/1/3963 
f 4171/1/4171 4172/1/4172 4173/1/4173 
f 4169/1/4169 4167/1/4167 4171/1/4171 4174/1/4174 
f 4175/1/4175 4172/1/4172 3963/1/3963 
f 3964/1/3964 3752/1/3752 4176/1/4176 
f 4177/1/4177 4178/1/4178 4175/1/4175 4176/1/4176 
f 4178/1/4178 4173/1/4173 4172/1/4172 
f 3752/1/3752 3751/1/3751 4179/1/4179 4176/1/4176 
f 4180/1/4180 4179/1/4179 3751/1/3751 3750/1/3750 
f 4181/1/4181 4182/1/4182 4179/1/4179 4180/1/4180 
f 4176/1/4176 4179/1/4179 4182/1/4182 4177/1/4177 
f 3750/1/3750 3756/1/3756 4183/1/4183 4180/1/4180 
f 4184/1/4184 4183/1/4183 3756/1/3756 3755/1/3755 
f 4183/1/4183 4184/1/4184 4185/1/4185 
f 4180/1/4180 4183/1/4183 4186/1/4186 4181/1/4181 
f 3770/1/3770 4187/1/4187 4188/1/4188 3766/1/3766 
f 4184/1/4184 4188/1/4188 4187/1/4187 4185/1/4185 
f 3755/1/3755 3760/1/3760 4188/1/4188 4184/1/4184 
f 3766/1/3766 4188/1/4188 3760/1/3760 3759/1/3759 
f 4189/1/4189 4190/1/4190 4191/1/4191 
f 4192/1/4192 4193/1/4193 4194/1/4194 4191/1/4191 
f 4189/1/4189 4194/1/4194 4193/1/4193 4195/1/4195 
f 4185/1/4185 4187/1/4187 4196/1/4196 4197/1/4197 
f 4198/1/4198 4196/1/4196 4187/1/4187 3770/1/3770 
f 4199/1/4199 4200/1/4200 4196/1/4196 4198/1/4198 
f 4197/1/4197 4196/1/4196 4200/1/4200 4190/1/4190 
f 3770/1/3770 3769/1/3769 4201/1/4201 4198/1/4198 
f 4202/1/4202 4201/1/4201 3769/1/3769 3768/1/3768 
f 4203/1/4203 4204/1/4204 4201/1/4201 4202/1/4202 
f 4198/1/4198 4201/1/4201 4204/1/4204 4199/1/4199 
f 3768/1/3768 4205/1/4205 4206/1/4206 4202/1/4202 
f 4207/1/4207 4206/1/4206 4205/1/4205 4208/1/4208 
f 4209/1/4209 4210/1/4210 4206/1/4206 4207/1/4207 
f 4202/1/4202 4206/1/4206 4210/1/4210 4203/1/4203 
f 4211/1/4211 4207/1/4207 4208/1/4208 
f 4212/1/4212 4211/1/4211 4213/1/4213 4214/1/4214 
f 4215/1/4215 4211/1/4211 4212/1/4212 4216/1/4216 
f 4211/1/4211 4215/1/4215 4209/1/4209 
f 3651/1/3651 3654/1/3654 4217/1/4217 3762/1/3762 
f 4218/1/4218 4217/1/4217 3654/1/3654 3653/1/3653 
f 4219/1/4219 4220/1/4220 4217/1/4217 4218/1/4218 
f 3762/1/3762 4217/1/4217 4220/1/4220 3763/1/3763 
f 3763/1/3763 4220/1/4220 4221/1/4221 3767/1/3767 
f 4222/1/4222 4221/1/4221 4220/1/4220 4219/1/4219 
f 4221/1/4221 4222/1/4222 4208/1/4208 
f 4205/1/4205 3768/1/3768 3767/1/3767 
f 4219/1/4219 4223/1/4223 4224/1/4224 4222/1/4222 
f 4225/1/4225 4224/1/4224 4223/1/4223 4226/1/4226 
f 4214/1/4214 4213/1/4213 4224/1/4224 4225/1/4225 
f 4222/1/4222 4224/1/4224 4213/1/4213 4208/1/4208 
f 4227/1/4227 3656/1/3656 3618/1/3618 3621/1/3621 
f 3622/1/3622 4228/1/4228 4227/1/4227 3621/1/3621 
f 4229/1/4229 4230/1/4230 4227/1/4227 4228/1/4228 
f 3656/1/3656 4227/1/4227 4230/1/4230 3653/1/3653 
f 3653/1/3653 4230/1/4230 4231/1/4231 4218/1/4218 
f 4232/1/4232 4231/1/4231 4230/1/4230 4229/1/4229 
f 4226/1/4226 4223/1/4223 4231/1/4231 4232/1/4232 
f 4218/1/4218 4231/1/4231 4223/1/4223 4219/1/4219 
f 4226/1/4226 4232/1/4232 4233/1/4233 4234/1/4234 
f 4229/1/4229 4235/1/4235 4233/1/4233 4232/1/4232 
f 4236/1/4236 4234/1/4234 4233/1/4233 4235/1/4235 
f 4214/1/4214 4225/1/4225 4237/1/4237 4238/1/4238 
f 4234/1/4234 4237/1/4237 4225/1/4225 4226/1/4226 
f 4236/1/4236 4239/1/4239 4237/1/4237 4234/1/4234 
f 4238/1/4238 4237/1/4237 4239/1/4239 4240/1/4240 
f 4241/1/4241 4191/1/4191 4190/1/4190 
f 4242/1/4242 4241/1/4241 4200/1/4200 4199/1/4199 
f 4243/1/4243 4244/1/4244 4241/1/4241 4242/1/4242 
f 4244/1/4244 4192/1/4192 4191/1/4191 
f 4245/1/4245 4246/1/4246 4247/1/4247 4248/1/4248 
f 4249/1/4249 4247/1/4247 4246/1/4246 4192/1/4192 
f 4250/1/4250 4251/1/4251 4247/1/4247 4249/1/4249 
f 4248/1/4248 4247/1/4247 4251/1/4251 4252/1/4252 
f 4243/1/4243 4253/1/4253 4254/1/4254 4244/1/4244 
f 4249/1/4249 4254/1/4254 4253/1/4253 4250/1/4250 
f 4249/1/4249 4192/1/4192 4244/1/4244 
f 4199/1/4199 4204/1/4204 4255/1/4255 4242/1/4242 
f 4256/1/4256 4255/1/4255 4204/1/4204 4203/1/4203 
f 4257/1/4257 4258/1/4258 4255/1/4255 4256/1/4256 
f 4242/1/4242 4255/1/4255 4258/1/4258 4243/1/4243 
f 4257/1/4257 4259/1/4259 4260/1/4260 4258/1/4258 
f 4261/1/4261 4260/1/4260 4259/1/4259 4262/1/4262 
f 4250/1/4250 4253/1/4253 4260/1/4260 4261/1/4261 
f 4258/1/4258 4260/1/4260 4253/1/4253 4243/1/4243 
f 4262/1/4262 4263/1/4263 4264/1/4264 4261/1/4261 
f 4265/1/4265 4264/1/4264 4263/1/4263 4266/1/4266 
f 4252/1/4252 4251/1/4251 4264/1/4264 4265/1/4265 
f 4261/1/4261 4264/1/4264 4251/1/4251 4250/1/4250 
f 4267/1/4267 4256/1/4256 4203/1/4203 
f 4209/1/4209 4268/1/4268 4267/1/4267 4210/1/4210 
f 4269/1/4269 4267/1/4267 4268/1/4268 4270/1/4270 
f 4256/1/4256 4267/1/4267 4269/1/4269 4257/1/4257 
f 4270/1/4270 4271/1/4271 4272/1/4272 4269/1/4269 
f 4273/1/4273 4272/1/4272 4271/1/4271 4274/1/4274 
f 4262/1/4262 4259/1/4259 4272/1/4272 4273/1/4273 
f 4269/1/4269 4272/1/4272 4259/1/4259 4257/1/4257 
f 4274/1/4274 4275/1/4275 4276/1/4276 4273/1/4273 
f 4277/1/4277 4276/1/4276 4275/1/4275 4278/1/4278 
f 4266/1/4266 4263/1/4263 4276/1/4276 4277/1/4277 
f 4273/1/4273 4276/1/4276 4263/1/4263 4262/1/4262 
f 4245/1/4245 4248/1/4248 4279/1/4279 4280/1/4280 
f 4252/1/4252 4281/1/4281 4279/1/4279 4248/1/4248 
f 4282/1/4282 4283/1/4283 4279/1/4279 4281/1/4281 
f 4280/1/4280 4279/1/4279 4283/1/4283 4284/1/4284 
f 4265/1/4265 4285/1/4285 4281/1/4281 4252/1/4252 
f 4286/1/4286 4285/1/4285 4265/1/4265 4266/1/4266 
f 4287/1/4287 4288/1/4288 4285/1/4285 4286/1/4286 
f 4281/1/4281 4285/1/4285 4288/1/4288 4282/1/4282 
f 4266/1/4266 4277/1/4277 4289/1/4289 4286/1/4286 
f 4290/1/4290 4289/1/4289 4277/1/4277 4278/1/4278 
f 4291/1/4291 4292/1/4292 4289/1/4289 4290/1/4290 
f 4286/1/4286 4289/1/4289 4292/1/4292 4287/1/4287 
f 4278/1/4278 4293/1/4293 4294/1/4294 4290/1/4290 
f 4295/1/4295 4294/1/4294 4293/1/4293 4296/1/4296 
f 4297/1/4297 4298/1/4298 4294/1/4294 4295/1/4295 
f 4290/1/4290 4294/1/4294 4298/1/4298 4291/1/4291 
f 4291/1/4291 4298/1/4298 4299/1/4299 4300/1/4300 
f 4301/1/4301 4299/1/4299 4298/1/4298 4297/1/4297 
f 4302/1/4302 4303/1/4303 4299/1/4299 4301/1/4301 
f 4300/1/4300 4299/1/4299 4303/1/4303 4304/1/4304 
f 4305/1/4305 4195/1/4195 4306/1/4306 
f 4307/1/4307 4308/1/4308 4309/1/4309 4306/1/4306 
f 4308/1/4308 4310/1/4310 4305/1/4305 
f 4311/1/4311 4306/1/4306 4195/1/4195 
f 4312/1/4312 4311/1/4311 4193/1/4193 4192/1/4192 
f 4313/1/4313 4314/1/4314 4311/1/4311 4312/1/4312 
f 4306/1/4306 4311/1/4311 4314/1/4314 4307/1/4307 
f 4284/1/4284 4315/1/4315 4316/1/4316 4280/1/4280 
f 4312/1/4312 4316/1/4316 4315/1/4315 4313/1/4313 
f 4192/1/4192 4246/1/4246 4316/1/4316 4312/1/4312 
f 4280/1/4280 4316/1/4316 4246/1/4246 4245/1/4245 
f 4317/1/4317 4318/1/4318 4315/1/4315 4284/1/4284 
f 4319/1/4319 4320/1/4320 4318/1/4318 4317/1/4317 
f 4315/1/4315 4318/1/4318 4320/1/4320 4313/1/4313 
f 4284/1/4284 4283/1/4283 4321/1/4321 4317/1/4317 
f 4322/1/4322 4321/1/4321 4283/1/4283 4282/1/4282 
f 4323/1/4323 4324/1/4324 4321/1/4321 4322/1/4322 
f 4317/1/4317 4321/1/4321 4324/1/4324 4319/1/4319 
f 4282/1/4282 4288/1/4288 4325/1/4325 4322/1/4322 
f 4326/1/4326 4325/1/4325 4288/1/4288 4287/1/4287 
f 4327/1/4327 4328/1/4328 4325/1/4325 4326/1/4326 
f 4322/1/4322 4325/1/4325 4328/1/4328 4323/1/4323 
f 4304/1/4304 4329/1/4329 4330/1/4330 4300/1/4300 
f 4326/1/4326 4330/1/4330 4329/1/4329 4327/1/4327 
f 4287/1/4287 4292/1/4292 4330/1/4330 4326/1/4326 
f 4300/1/4300 4330/1/4330 4292/1/4292 4291/1/4291 
f 4310/1/4310 4308/1/4308 4331/1/4331 4332/1/4332 
f 4333/1/4333 4331/1/4331 4308/1/4308 4307/1/4307 
f 4334/1/4334 4335/1/4335 4331/1/4331 4333/1/4333 
f 4332/1/4332 4331/1/4331 4335/1/4335 4336/1/4336 
f 4307/1/4307 4314/1/4314 4337/1/4337 4333/1/4333 
f 4338/1/4338 4337/1/4337 4314/1/4314 4313/1/4313 
f 4339/1/4339 4340/1/4340 4337/1/4337 4338/1/4338 
f 4333/1/4333 4337/1/4337 4340/1/4340 4334/1/4334 
f 4341/1/4341 4342/1/4342 4343/1/4343 4344/1/4344 
f 4334/1/4334 4340/1/4340 4343/1/4343 4342/1/4342 
f 4340/1/4340 4339/1/4339 4345/1/4345 
f 4344/1/4344 4343/1/4343 4345/1/4345 4346/1/4346 
f 4313/1/4313 4320/1/4320 4347/1/4347 4338/1/4338 
f 4348/1/4348 4347/1/4347 4320/1/4320 4319/1/4319 
f 4349/1/4349 4350/1/4350 4347/1/4347 4348/1/4348 
f 4338/1/4338 4347/1/4347 4350/1/4350 4339/1/4339 
f 4351/1/4351 4352/1/4352 4350/1/4350 4349/1/4349 
f 4353/1/4353 4352/1/4352 4351/1/4351 4354/1/4354 
f 4346/1/4346 4345/1/4345 4352/1/4352 4353/1/4353 
f 4339/1/4339 4350/1/4350 4352/1/4352 4345/1/4345 
f 4319/1/4319 4324/1/4324 4355/1/4355 4348/1/4348 
f 4356/1/4356 4355/1/4355 4324/1/4324 4323/1/4323 
f 4357/1/4357 4358/1/4358 4355/1/4355 4356/1/4356 
f 4348/1/4348 4355/1/4355 4358/1/4358 4349/1/4349 
f 4359/1/4359 4360/1/4360 4361/1/4361 4362/1/4362 
f 4351/1/4351 4361/1/4361 4360/1/4360 4354/1/4354 
f 4349/1/4349 4358/1/4358 4361/1/4361 4351/1/4351 
f 4362/1/4362 4361/1/4361 4358/1/4358 4357/1/4357 
f 4323/1/4323 4328/1/4328 4363/1/4363 4356/1/4356 
f 4364/1/4364 4363/1/4363 4328/1/4328 4327/1/4327 
f 4365/1/4365 4366/1/4366 4363/1/4363 4364/1/4364 
f 4356/1/4356 4363/1/4363 4366/1/4366 4357/1/4357 
f 4367/1/4367 4368/1/4368 4369/1/4369 4370/1/4370 
f 4368/1/4368 4359/1/4359 4362/1/4362 
f 4357/1/4357 4366/1/4366 4369/1/4369 4362/1/4362 
f 4370/1/4370 4369/1/4369 4366/1/4366 4365/1/4365 
f 866/1/866 4371/1/4371 4372/1/4372 867/1/867 
f 4373/1/4373 4372/1/4372 4371/1/4371 4374/1/4374 
f 4375/1/4375 4376/1/4376 4372/1/4372 4373/1/4373 
f 867/1/867 4372/1/4372 4376/1/4376 871/1/871 
f 4377/1/4377 4378/1/4378 4379/1/4379 4380/1/4380 
f 882/1/882 4379/1/4379 4378/1/4378 883/1/883 
f 881/1/881 4381/1/4381 4379/1/4379 882/1/882 
f 4380/1/4380 4379/1/4379 4381/1/4381 4382/1/4382 
f 4383/1/4383 4384/1/4384 4385/1/4385 4386/1/4386 
f 888/1/888 4385/1/4385 4384/1/4384 889/1/889 
f 883/1/883 4378/1/4378 4385/1/4385 888/1/888 
f 4386/1/4386 4385/1/4385 4378/1/4378 4377/1/4377 
f 889/1/889 4384/1/4384 4387/1/4387 890/1/890 
f 4388/1/4388 4387/1/4387 4384/1/4384 4383/1/4383 
f 4374/1/4374 4371/1/4371 4387/1/4387 4388/1/4388 
f 890/1/890 4387/1/4387 4371/1/4371 866/1/866 
f 4382/1/4382 4389/1/4389 4390/1/4390 4380/1/4380 
f 4391/1/4391 4390/1/4390 4389/1/4389 4392/1/4392 
f 4393/1/4393 4394/1/4394 4390/1/4390 4391/1/4391 
f 4380/1/4380 4390/1/4390 4394/1/4394 4377/1/4377 
f 4395/1/4395 4396/1/4396 4397/1/4397 4398/1/4398 
f 4386/1/4386 4397/1/4397 4396/1/4396 4383/1/4383 
f 4377/1/4377 4394/1/4394 4397/1/4397 4386/1/4386 
f 4398/1/4398 4397/1/4397 4394/1/4394 4393/1/4393 
f 4383/1/4383 4396/1/4396 4399/1/4399 4388/1/4388 
f 4400/1/4400 4399/1/4399 4396/1/4396 4395/1/4395 
f 4401/1/4401 4402/1/4402 4399/1/4399 4400/1/4400 
f 4402/1/4402 4374/1/4374 4388/1/4388 
f 4392/1/4392 4403/1/4403 4404/1/4404 4391/1/4391 
f 4405/1/4405 4404/1/4404 4403/1/4403 4406/1/4406 
f 4407/1/4407 4408/1/4408 4404/1/4404 4405/1/4405 
f 4391/1/4391 4404/1/4404 4408/1/4408 4393/1/4393 
f 4336/1/4336 4409/1/4409 4410/1/4410 4332/1/4332 
f 4411/1/4411 4410/1/4410 4409/1/4409 4412/1/4412 
f 4413/1/4413 4414/1/4414 4410/1/4410 4411/1/4411 
f 4332/1/4332 4410/1/4410 4414/1/4414 4310/1/4310 
f 4406/1/4406 4415/1/4415 4416/1/4416 4405/1/4405 
f 4417/1/4417 4416/1/4416 4415/1/4415 4418/1/4418 
f 4419/1/4419 4420/1/4420 4416/1/4416 4417/1/4417 
f 4405/1/4405 4416/1/4416 4420/1/4420 4407/1/4407 
f 4421/1/4421 4422/1/4422 4423/1/4423 4424/1/4424 
f 4398/1/4398 4423/1/4423 4422/1/4422 4395/1/4395 
f 4393/1/4393 4408/1/4408 4423/1/4423 4398/1/4398 
f 4424/1/4424 4423/1/4423 4408/1/4408 4407/1/4407 
f 4419/1/4419 4425/1/4425 4426/1/4426 4420/1/4420 
f 4426/1/4426 4425/1/4425 4421/1/4421 
f 4407/1/4407 4420/1/4420 4426/1/4426 4424/1/4424 
f 4395/1/4395 4422/1/4422 4427/1/4427 4400/1/4400 
f 4428/1/4428 4427/1/4427 4422/1/4422 4421/1/4421 
f 4427/1/4427 4428/1/4428 4429/1/4429 
f 4400/1/4400 4427/1/4427 4430/1/4430 4401/1/4401 
f 4431/1/4431 4428/1/4428 4421/1/4421 
f 4425/1/4425 4419/1/4419 4432/1/4432 
f 4433/1/4433 4434/1/4434 4431/1/4431 4432/1/4432 
f 4434/1/4434 4429/1/4429 4428/1/4428 
f 4412/1/4412 4435/1/4435 4436/1/4436 4411/1/4411 
f 4417/1/4417 4436/1/4436 4435/1/4435 4419/1/4419 
f 4418/1/4418 4437/1/4437 4436/1/4436 4417/1/4417 
f 4411/1/4411 4436/1/4436 4437/1/4437 4413/1/4413 
f 4374/1/4374 4402/1/4402 4438/1/4438 4373/1/4373 
f 4439/1/4439 4438/1/4438 4402/1/4402 4401/1/4401 
f 4440/1/4440 4441/1/4441 4438/1/4438 4439/1/4439 
f 4373/1/4373 4438/1/4438 4441/1/4441 4375/1/4375 
f 4401/1/4401 4430/1/4430 4442/1/4442 4439/1/4439 
f 4443/1/4443 4442/1/4442 4430/1/4430 4429/1/4429 
f 4444/1/4444 4445/1/4445 4442/1/4442 4443/1/4443 
f 4445/1/4445 4440/1/4440 4439/1/4439 
f 4444/1/4444 4446/1/4446 4447/1/4447 4445/1/4445 
f 4448/1/4448 4447/1/4447 4446/1/4446 4449/1/4449 
f 4450/1/4450 4451/1/4451 4447/1/4447 4448/1/4448 
f 4451/1/4451 4440/1/4440 4445/1/4445 
f 4452/1/4452 4453/1/4453 4454/1/4454 4455/1/4455 
f 4432/1/4432 4454/1/4454 4453/1/4453 4433/1/4433 
f 4419/1/4419 4435/1/4435 4454/1/4454 4432/1/4432 
f 4455/1/4455 4454/1/4454 4435/1/4435 4412/1/4412 
f 4433/1/4433 4453/1/4453 4456/1/4456 4434/1/4434 
f 4457/1/4457 4456/1/4456 4453/1/4453 4452/1/4452 
f 4444/1/4444 4443/1/4443 4456/1/4456 4457/1/4457 
f 4434/1/4434 4456/1/4456 4443/1/4443 4429/1/4429 
f 4336/1/4336 4335/1/4335 4458/1/4458 4459/1/4459 
f 4342/1/4342 4458/1/4458 4335/1/4335 4334/1/4334 
f 4341/1/4341 4460/1/4460 4458/1/4458 4342/1/4342 
f 4459/1/4459 4458/1/4458 4460/1/4460 4461/1/4461 
f 4462/1/4462 4463/1/4463 4464/1/4464 4465/1/4465 
f 4463/1/4463 4449/1/4449 4446/1/4446 
f 4457/1/4457 4464/1/4464 4446/1/4446 4444/1/4444 
f 4457/1/4457 4452/1/4452 4465/1/4465 
f 4461/1/4461 4466/1/4466 4467/1/4467 4459/1/4459 
f 4455/1/4455 4467/1/4467 4466/1/4466 4452/1/4452 
f 4412/1/4412 4409/1/4409 4467/1/4467 4455/1/4455 
f 4409/1/4409 4336/1/4336 4459/1/4459 
f 4468/1/4468 4469/1/4469 4466/1/4466 4461/1/4461 
f 4462/1/4462 4465/1/4465 4469/1/4469 4468/1/4468 
f 4452/1/4452 4466/1/4466 4469/1/4469 4465/1/4465 
f 4470/1/4470 4471/1/4471 4472/1/4472 4473/1/4473 
f 4474/1/4474 4472/1/4472 4471/1/4471 4475/1/4475 
f 3846/1/3846 3842/1/3842 4472/1/4472 4474/1/4474 
f 4473/1/4473 4472/1/4472 3842/1/3842 3841/1/3841 
f 4475/1/4475 4476/1/4476 4477/1/4477 4474/1/4474 
f 4478/1/4478 4477/1/4477 4476/1/4476 4479/1/4479 
f 3852/1/3852 3849/1/3849 4477/1/4477 4478/1/4478 
f 4474/1/4474 4477/1/4477 3849/1/3849 3846/1/3846 
f 4480/1/4480 4481/1/4481 4482/1/4482 4483/1/4483 
f 3856/1/3856 3853/1/3853 4482/1/4482 4481/1/4481 
f 4478/1/4478 4482/1/4482 3853/1/3853 3852/1/3852 
f 4483/1/4483 4482/1/4482 4478/1/4478 4479/1/4479 
f 4480/1/4480 4484/1/4484 4485/1/4485 4481/1/4481 
f 4486/1/4486 4485/1/4485 4484/1/4484 4487/1/4487 
f 3860/1/3860 3857/1/3857 4485/1/4485 4486/1/4486 
f 4481/1/4481 4485/1/4485 3857/1/3857 3856/1/3856 
f 4487/1/4487 4488/1/4488 4489/1/4489 4486/1/4486 
f 4490/1/4490 4489/1/4489 4488/1/4488 4491/1/4491 
f 3864/1/3864 3861/1/3861 4489/1/4489 4490/1/4490 
f 4486/1/4486 4489/1/4489 3861/1/3861 3860/1/3860 
f 4491/1/4491 4492/1/4492 4493/1/4493 4490/1/4490 
f 4494/1/4494 4493/1/4493 4492/1/4492 4495/1/4495 
f 3868/1/3868 3865/1/3865 4493/1/4493 4494/1/4494 
f 4490/1/4490 4493/1/4493 3865/1/3865 3864/1/3864 
f 4495/1/4495 4496/1/4496 4497/1/4497 4494/1/4494 
f 4498/1/4498 4497/1/4497 4496/1/4496 4499/1/4499 
f 3872/1/3872 3869/1/3869 4497/1/4497 4498/1/4498 
f 4494/1/4494 4497/1/4497 3869/1/3869 3868/1/3868 
f 4499/1/4499 4500/1/4500 4501/1/4501 4498/1/4498 
f 4502/1/4502 4501/1/4501 4500/1/4500 4503/1/4503 
f 3876/1/3876 3873/1/3873 4501/1/4501 4502/1/4502 
f 4498/1/4498 4501/1/4501 3873/1/3873 3872/1/3872 
f 4504/1/4504 4505/1/4505 4506/1/4506 4507/1/4507 
f 4505/1/4505 3880/1/3880 3877/1/3877 4506/1/4506 
f 4502/1/4502 4506/1/4506 3877/1/3877 3876/1/3876 
f 4507/1/4507 4506/1/4506 4502/1/4502 4503/1/4503 
f 4508/1/4508 4509/1/4509 4510/1/4510 4511/1/4511 
f 4512/1/4512 4513/1/4513 4509/1/4509 4508/1/4508 
f 4507/1/4507 4509/1/4509 4513/1/4513 4504/1/4504 
f 4510/1/4510 4509/1/4509 4507/1/4507 4503/1/4503 
f 4514/1/4514 4515/1/4515 4516/1/4516 4517/1/4517 
f 4471/1/4471 4516/1/4516 4515/1/4515 4475/1/4475 
f 4470/1/4470 4518/1/4518 4516/1/4516 4471/1/4471 
f 4517/1/4517 4516/1/4516 4518/1/4518 4519/1/4519 
f 4520/1/4520 4521/1/4521 4522/1/4522 4523/1/4523 
f 4476/1/4476 4522/1/4522 4521/1/4521 4479/1/4479 
f 4475/1/4475 4515/1/4515 4522/1/4522 4476/1/4476 
f 4523/1/4523 4522/1/4522 4515/1/4515 4514/1/4514 
f 4524/1/4524 4525/1/4525 4526/1/4526 4527/1/4527 
f 4483/1/4483 4526/1/4526 4525/1/4525 4480/1/4480 
f 4479/1/4479 4521/1/4521 4526/1/4526 4483/1/4483 
f 4527/1/4527 4526/1/4526 4521/1/4521 4520/1/4520 
f 4528/1/4528 4529/1/4529 4530/1/4530 4531/1/4531 
f 4487/1/4487 4484/1/4484 4530/1/4530 4529/1/4529 
f 4480/1/4480 4525/1/4525 4530/1/4530 4484/1/4484 
f 4531/1/4531 4530/1/4530 4525/1/4525 4524/1/4524 
f 4532/1/4532 4533/1/4533 4534/1/4534 4535/1/4535 
f 4491/1/4491 4488/1/4488 4534/1/4534 4533/1/4533 
f 4529/1/4529 4534/1/4534 4488/1/4488 4487/1/4487 
f 4535/1/4535 4534/1/4534 4529/1/4529 4528/1/4528 
f 4536/1/4536 4537/1/4537 4538/1/4538 4539/1/4539 
f 4495/1/4495 4492/1/4492 4538/1/4538 4537/1/4537 
f 4533/1/4533 4538/1/4538 4492/1/4492 4491/1/4491 
f 4539/1/4539 4538/1/4538 4533/1/4533 4532/1/4532 
f 4536/1/4536 4540/1/4540 4541/1/4541 4537/1/4537 
f 4542/1/4542 4541/1/4541 4540/1/4540 4543/1/4543 
f 4499/1/4499 4496/1/4496 4541/1/4541 4542/1/4542 
f 4537/1/4537 4541/1/4541 4496/1/4496 4495/1/4495 
f 4544/1/4544 4545/1/4545 4546/1/4546 
f 4500/1/4500 4547/1/4547 4546/1/4546 4503/1/4503 
f 4542/1/4542 4547/1/4547 4500/1/4500 4499/1/4499 
f 4543/1/4543 4544/1/4544 4547/1/4547 4542/1/4542 
f 4545/1/4545 4548/1/4548 4549/1/4549 4546/1/4546 
f 4550/1/4550 4549/1/4549 4548/1/4548 4551/1/4551 
f 4511/1/4511 4510/1/4510 4549/1/4549 4550/1/4550 
f 4546/1/4546 4549/1/4549 4510/1/4510 4503/1/4503 
f 4519/1/4519 4552/1/4552 4553/1/4553 4517/1/4517 
f 4554/1/4554 4553/1/4553 4552/1/4552 4555/1/4555 
f 4556/1/4556 4557/1/4557 4553/1/4553 4554/1/4554 
f 4517/1/4517 4553/1/4553 4557/1/4557 4514/1/4514 
f 4514/1/4514 4557/1/4557 4558/1/4558 4523/1/4523 
f 4559/1/4559 4558/1/4558 4557/1/4557 4556/1/4556 
f 4560/1/4560 4561/1/4561 4558/1/4558 4559/1/4559 
f 4523/1/4523 4558/1/4558 4561/1/4561 4520/1/4520 
f 4520/1/4520 4561/1/4561 4562/1/4562 4527/1/4527 
f 4563/1/4563 4562/1/4562 4561/1/4561 4560/1/4560 
f 4564/1/4564 4565/1/4565 4562/1/4562 4563/1/4563 
f 4527/1/4527 4562/1/4562 4565/1/4565 4524/1/4524 
f 4524/1/4524 4565/1/4565 4566/1/4566 4531/1/4531 
f 4567/1/4567 4566/1/4566 4565/1/4565 4564/1/4564 
f 4568/1/4568 4569/1/4569 4566/1/4566 4567/1/4567 
f 4531/1/4531 4566/1/4566 4569/1/4569 4528/1/4528 
f 4570/1/4570 4571/1/4571 4572/1/4572 4573/1/4573 
f 4554/1/4554 4572/1/4572 4571/1/4571 4556/1/4556 
f 4555/1/4555 4574/1/4574 4572/1/4572 4554/1/4554 
f 4573/1/4573 4572/1/4572 4574/1/4574 4575/1/4575 
f 4576/1/4576 4577/1/4577 4578/1/4578 4579/1/4579 
f 4559/1/4559 4578/1/4578 4577/1/4577 4560/1/4560 
f 4556/1/4556 4571/1/4571 4578/1/4578 4559/1/4559 
f 4579/1/4579 4578/1/4578 4571/1/4571 4570/1/4570 
f 4580/1/4580 4581/1/4581 4582/1/4582 4583/1/4583 
f 4563/1/4563 4581/1/4581 4580/1/4580 4564/1/4564 
f 4560/1/4560 4577/1/4577 4581/1/4581 4563/1/4563 
f 4576/1/4576 4582/1/4582 4581/1/4581 4577/1/4577 
f 1088/1/1088 1091/1/1091 4584/1/4584 4585/1/4585 
f 4586/1/4586 4584/1/4584 1091/1/1091 1096/1/1096 
f 4587/1/4587 4584/1/4584 4586/1/4586 4588/1/4588 
f 4589/1/4589 4585/1/4585 4584/1/4584 4587/1/4587 
f 1096/1/1096 1098/1/1098 4590/1/4590 4586/1/4586 
f 4591/1/4591 4590/1/4590 1098/1/1098 1102/1/1102 
f 4592/1/4592 4593/1/4593 4590/1/4590 4591/1/4591 
f 4586/1/4586 4590/1/4590 4593/1/4593 4588/1/4588 
f 1102/1/1102 1104/1/1104 4594/1/4594 4591/1/4591 
f 4595/1/4595 4594/1/4594 1104/1/1104 1108/1/1108 
f 4596/1/4596 4597/1/4597 4594/1/4594 4595/1/4595 
f 4591/1/4591 4594/1/4594 4597/1/4597 4592/1/4592 
f 1108/1/1108 1110/1/1110 4598/1/4598 4595/1/4595 
f 4599/1/4599 4598/1/4598 1110/1/1110 1114/1/1114 
f 4600/1/4600 4601/1/4601 4598/1/4598 4599/1/4599 
f 4595/1/4595 4598/1/4598 4601/1/4601 4596/1/4596 
f 1114/1/1114 1116/1/1116 4602/1/4602 4599/1/4599 
f 4603/1/4603 4602/1/4602 1116/1/1116 1120/1/1120 
f 4604/1/4604 4605/1/4605 4602/1/4602 4603/1/4603 
f 4599/1/4599 4602/1/4602 4605/1/4605 4600/1/4600 
f 1120/1/1120 1122/1/1122 4606/1/4606 4603/1/4603 
f 1122/1/1122 1126/1/1126 4607/1/4607 4606/1/4606 
f 4608/1/4608 4609/1/4609 4606/1/4606 4607/1/4607 
f 4603/1/4603 4606/1/4606 4609/1/4609 4604/1/4604 
f 1127/1/1127 4610/1/4610 4611/1/4611 1128/1/1128 
f 4612/1/4612 4613/1/4613 4611/1/4611 4610/1/4610 
f 4607/1/4607 4611/1/4611 4613/1/4613 4608/1/4608 
f 1126/1/1126 1128/1/1128 4611/1/4611 4607/1/4607 
f 1127/1/1127 1134/1/1134 4614/1/4614 4610/1/4610 
f 4615/1/4615 4614/1/4614 1134/1/1134 1138/1/1138 
f 4616/1/4616 4617/1/4617 4614/1/4614 4615/1/4615 
f 4610/1/4610 4614/1/4614 4617/1/4617 4612/1/4612 
f 1139/1/1139 4618/1/4618 4619/1/4619 1140/1/1140 
f 4620/1/4620 4621/1/4621 4619/1/4619 4618/1/4618 
f 4615/1/4615 4619/1/4619 4621/1/4621 4616/1/4616 
f 1140/1/1140 4619/1/4619 4615/1/4615 1138/1/1138 
f 1146/1/1146 4622/1/4622 4618/1/4618 1139/1/1139 
f 4623/1/4623 4622/1/4622 1146/1/1146 1150/1/1150 
f 4624/1/4624 4625/1/4625 4622/1/4622 4623/1/4623 
f 4618/1/4618 4622/1/4622 4625/1/4625 4620/1/4620 
f 4626/1/4626 4627/1/4627 4628/1/4628 4629/1/4629 
f 4593/1/4593 4628/1/4628 4627/1/4627 4588/1/4588 
f 4630/1/4630 4628/1/4628 4593/1/4593 4592/1/4592 
f 4629/1/4629 4628/1/4628 4630/1/4630 4631/1/4631 
f 4631/1/4631 4632/1/4632 4633/1/4633 4634/1/4634 
f 4635/1/4635 4633/1/4633 4632/1/4632 4636/1/4636 
f 4576/1/4576 4579/1/4579 4633/1/4633 4635/1/4635 
f 4634/1/4634 4633/1/4633 4579/1/4579 4570/1/4570 
f 4636/1/4636 4632/1/4632 4637/1/4637 4638/1/4638 
f 4630/1/4630 4637/1/4637 4632/1/4632 4631/1/4631 
f 4592/1/4592 4597/1/4597 4637/1/4637 4630/1/4630 
f 4638/1/4638 4637/1/4637 4597/1/4597 4596/1/4596 
f 4636/1/4636 4639/1/4639 4640/1/4640 4635/1/4635 
f 4641/1/4641 4640/1/4640 4639/1/4639 4642/1/4642 
f 4583/1/4583 4582/1/4582 4640/1/4640 4641/1/4641 
f 4635/1/4635 4640/1/4640 4582/1/4582 4576/1/4576 
f 4642/1/4642 4639/1/4639 4643/1/4643 4644/1/4644 
f 4638/1/4638 4643/1/4643 4639/1/4639 4636/1/4636 
f 4596/1/4596 4601/1/4601 4643/1/4643 4638/1/4638 
f 4644/1/4644 4643/1/4643 4601/1/4601 4600/1/4600 
f 4645/1/4645 4646/1/4646 4647/1/4647 4648/1/4648 
f 4644/1/4644 4647/1/4647 4646/1/4646 4642/1/4642 
f 4600/1/4600 4605/1/4605 4647/1/4647 4644/1/4644 
f 4648/1/4648 4647/1/4647 4605/1/4605 4604/1/4604 
f 4649/1/4649 4650/1/4650 4609/1/4609 4608/1/4608 
f 4651/1/4651 4652/1/4652 4650/1/4650 4649/1/4649 
f 4648/1/4648 4650/1/4650 4652/1/4652 4645/1/4645 
f 4604/1/4604 4609/1/4609 4650/1/4650 4648/1/4648 
f 4653/1/4653 4654/1/4654 4655/1/4655 4656/1/4656 
f 4649/1/4649 4655/1/4655 4654/1/4654 4651/1/4651 
f 4608/1/4608 4613/1/4613 4655/1/4655 4649/1/4649 
f 4656/1/4656 4655/1/4655 4613/1/4613 4612/1/4612 
f 4657/1/4657 4658/1/4658 4659/1/4659 4660/1/4660 
f 4656/1/4656 4659/1/4659 4658/1/4658 4653/1/4653 
f 4612/1/4612 4617/1/4617 4659/1/4659 4656/1/4656 
f 4660/1/4660 4659/1/4659 4617/1/4617 4616/1/4616 
f 4661/1/4661 4662/1/4662 4663/1/4663 4664/1/4664 
f 4660/1/4660 4663/1/4663 4662/1/4662 4657/1/4657 
f 4616/1/4616 4621/1/4621 4663/1/4663 4660/1/4660 
f 4664/1/4664 4663/1/4663 4621/1/4621 4620/1/4620 
f 4665/1/4665 4666/1/4666 4667/1/4667 
f 4668/1/4668 4665/1/4665 4669/1/4669 4670/1/4670 
f 4626/1/4626 4671/1/4671 4665/1/4665 4668/1/4668 
f 4666/1/4666 4665/1/4665 4671/1/4671 4575/1/4575 
f 4588/1/4588 4627/1/4627 4672/1/4672 4587/1/4587 
f 4668/1/4668 4672/1/4672 4627/1/4627 4626/1/4626 
f 4670/1/4670 4673/1/4673 4672/1/4672 4668/1/4668 
f 4587/1/4587 4672/1/4672 4673/1/4673 4589/1/4589 
f 4575/1/4575 4671/1/4671 4674/1/4674 4573/1/4573 
f 4629/1/4629 4674/1/4674 4671/1/4671 4626/1/4626 
f 4631/1/4631 4634/1/4634 4674/1/4674 4629/1/4629 
f 4573/1/4573 4674/1/4674 4634/1/4634 4570/1/4570 
f 3900/1/3900 4675/1/4675 4676/1/4676 3896/1/3896 
f 4677/1/4677 4676/1/4676 4675/1/4675 4678/1/4678 
f 3524/1/3524 3894/1/3894 4676/1/4676 4677/1/4677 
f 3896/1/3896 4676/1/4676 3894/1/3894 3893/1/3893 
f 4679/1/4679 4680/1/4680 4677/1/4677 4678/1/4678 
f 3558/1/3558 4680/1/4680 4679/1/4679 3555/1/3555 
f 3526/1/3526 3525/1/3525 4680/1/4680 3558/1/3558 
f 4677/1/4677 4680/1/4680 3525/1/3525 3524/1/3524 
f 4090/1/4090 4089/1/4089 4681/1/4681 
f 4682/1/4682 4683/1/4683 4684/1/4684 4681/1/4681 
f 3900/1/3900 3899/1/3899 4684/1/4684 4683/1/4683 
f 4090/1/4090 4684/1/4684 3899/1/3899 3898/1/3898 
f 4685/1/4685 4686/1/4686 4687/1/4687 
f 4687/1/4687 4103/1/4103 4102/1/4102 
f 3555/1/3555 4679/1/4679 4688/1/4688 4102/1/4102 
f 4679/1/4679 4678/1/4678 4685/1/4685 
f 4689/1/4689 4690/1/4690 4691/1/4691 4692/1/4692 
f 4675/1/4675 4691/1/4691 4690/1/4690 4678/1/4678 
f 3900/1/3900 4683/1/4683 4691/1/4691 4675/1/4675 
f 4683/1/4683 4682/1/4682 4692/1/4692 
f 4693/1/4693 4694/1/4694 4690/1/4690 4689/1/4689 
f 4686/1/4686 4685/1/4685 4694/1/4694 4693/1/4693 
f 4678/1/4678 4690/1/4690 4694/1/4694 4685/1/4685 
f 4089/1/4089 4095/1/4095 4695/1/4695 4681/1/4681 
f 4696/1/4696 4695/1/4695 4095/1/4095 4094/1/4094 
f 4697/1/4697 4698/1/4698 4695/1/4695 4696/1/4696 
f 4698/1/4698 4682/1/4682 4681/1/4681 
f 4686/1/4686 4699/1/4699 4700/1/4700 4687/1/4687 
f 4701/1/4701 4700/1/4700 4699/1/4699 4702/1/4702 
f 4110/1/4110 4117/1/4117 4700/1/4700 4701/1/4701 
f 4687/1/4687 4700/1/4700 4117/1/4117 4103/1/4103 
f 4703/1/4703 4704/1/4704 4705/1/4705 4706/1/4706 
f 4692/1/4692 4705/1/4705 4704/1/4704 4689/1/4689 
f 4682/1/4682 4698/1/4698 4705/1/4705 4692/1/4692 
f 4706/1/4706 4705/1/4705 4698/1/4698 4697/1/4697 
f 4689/1/4689 4704/1/4704 4707/1/4707 4693/1/4693 
f 4708/1/4708 4707/1/4707 4704/1/4704 4703/1/4703 
f 4702/1/4702 4699/1/4699 4707/1/4707 4708/1/4708 
f 4693/1/4693 4707/1/4707 4699/1/4699 4686/1/4686 
f 4110/1/4110 4701/1/4701 4709/1/4709 4109/1/4109 
f 4702/1/4702 4710/1/4710 4709/1/4709 4701/1/4701 
f 4711/1/4711 4709/1/4709 4710/1/4710 4712/1/4712 
f 4109/1/4109 4709/1/4709 4711/1/4711 4100/1/4100 
f 4713/1/4713 4714/1/4714 4715/1/4715 4716/1/4716 
f 4696/1/4696 4715/1/4715 4714/1/4714 4697/1/4697 
f 4094/1/4094 4091/1/4091 4715/1/4715 4696/1/4696 
f 4716/1/4716 4715/1/4715 4091/1/4091 4086/1/4086 
f 4697/1/4697 4714/1/4714 4717/1/4717 4706/1/4706 
f 4718/1/4718 4717/1/4717 4714/1/4714 4713/1/4713 
f 4719/1/4719 4720/1/4720 4717/1/4717 4718/1/4718 
f 4706/1/4706 4717/1/4717 4720/1/4720 4703/1/4703 
f 4703/1/4703 4720/1/4720 4721/1/4721 4708/1/4708 
f 4722/1/4722 4721/1/4721 4720/1/4720 4719/1/4719 
f 4712/1/4712 4710/1/4710 4721/1/4721 4722/1/4722 
f 4708/1/4708 4721/1/4721 4710/1/4710 4702/1/4702 
f 3940/1/3940 4723/1/4723 4724/1/4724 4083/1/4083 
f 4725/1/4725 4724/1/4724 4723/1/4723 4726/1/4726 
f 4713/1/4713 4716/1/4716 4724/1/4724 4725/1/4725 
f 4716/1/4716 4086/1/4086 4083/1/4083 
f 4726/1/4726 4723/1/4723 4727/1/4727 4728/1/4728 
f 3943/1/3943 4727/1/4727 4723/1/4723 3940/1/3940 
f 3938/1/3938 4728/1/4728 4727/1/4727 3943/1/3943 
f 4712/1/4712 4729/1/4729 4730/1/4730 4711/1/4711 
f 4731/1/4731 4730/1/4730 4729/1/4729 4732/1/4732 
f 4099/1/4099 4730/1/4730 4731/1/4731 3848/1/3848 
f 4730/1/4730 4099/1/4099 4100/1/4100 
f 4733/1/4733 4734/1/4734 4735/1/4735 4736/1/4736 
f 4718/1/4718 4735/1/4735 4734/1/4734 4719/1/4719 
f 4713/1/4713 4725/1/4725 4735/1/4735 4718/1/4718 
f 4736/1/4736 4735/1/4735 4725/1/4725 4726/1/4726 
f 4719/1/4719 4734/1/4734 4737/1/4737 4722/1/4722 
f 4734/1/4734 4733/1/4733 4738/1/4738 
f 4732/1/4732 4729/1/4729 4737/1/4737 4738/1/4738 
f 4722/1/4722 4737/1/4737 4729/1/4729 4712/1/4712 
f 3938/1/3938 3936/1/3936 4739/1/4739 4728/1/4728 
f 4740/1/4740 4739/1/4739 3936/1/3936 3937/1/3937 
f 4741/1/4741 4742/1/4742 4739/1/4739 4740/1/4740 
f 4728/1/4728 4739/1/4739 4742/1/4742 4726/1/4726 
f 4743/1/4743 4744/1/4744 4745/1/4745 4746/1/4746 
f 3844/1/3844 4745/1/4745 4744/1/4744 3841/1/3841 
f 3848/1/3848 4731/1/4731 4745/1/4745 3844/1/3844 
f 4746/1/4746 4745/1/4745 4731/1/4731 4732/1/4732 
f 4741/1/4741 4747/1/4747 4748/1/4748 4742/1/4742 
f 4749/1/4749 4748/1/4748 4747/1/4747 4750/1/4750 
f 4736/1/4736 4748/1/4748 4749/1/4749 4733/1/4733 
f 4742/1/4742 4748/1/4748 4736/1/4736 4726/1/4726 
f 4733/1/4733 4749/1/4749 4751/1/4751 4738/1/4738 
f 4752/1/4752 4751/1/4751 4749/1/4749 4750/1/4750 
f 4746/1/4746 4751/1/4751 4752/1/4752 4743/1/4743 
f 4732/1/4732 4738/1/4738 4751/1/4751 4746/1/4746 
f 4753/1/4753 4754/1/4754 4755/1/4755 4756/1/4756 
f 4757/1/4757 4758/1/4758 4754/1/4754 4753/1/4753 
f 3937/1/3937 3933/1/3933 4754/1/4754 4758/1/4758 
f 4755/1/4755 4754/1/4754 3933/1/3933 3932/1/3932 
f 4759/1/4759 4760/1/4760 4761/1/4761 4762/1/4762 
f 4473/1/4473 4761/1/4761 4760/1/4760 4470/1/4470 
f 3841/1/3841 4744/1/4744 4761/1/4761 4473/1/4473 
f 4762/1/4762 4761/1/4761 4744/1/4744 4743/1/4743 
f 3937/1/3937 4758/1/4758 4763/1/4763 4740/1/4740 
f 4764/1/4764 4763/1/4763 4758/1/4758 4757/1/4757 
f 4741/1/4741 4740/1/4740 4763/1/4763 4764/1/4764 
f 4765/1/4765 4753/1/4753 4756/1/4756 
f 4766/1/4766 4765/1/4765 4767/1/4767 4667/1/4667 
f 4768/1/4768 4769/1/4769 4765/1/4765 4766/1/4766 
f 4753/1/4753 4765/1/4765 4769/1/4769 4757/1/4757 
f 4670/1/4670 4669/1/4669 4770/1/4770 4771/1/4771 
f 4667/1/4667 4767/1/4767 4770/1/4770 4669/1/4669 
f 4771/1/4771 4770/1/4770 4767/1/4767 4756/1/4756 
f 4772/1/4772 4773/1/4773 4760/1/4760 4759/1/4759 
f 4774/1/4774 4773/1/4773 4772/1/4772 4667/1/4667 
f 4519/1/4519 4518/1/4518 4773/1/4773 4774/1/4774 
f 4470/1/4470 4760/1/4760 4773/1/4773 4518/1/4518 
f 4766/1/4766 4775/1/4775 4776/1/4776 4768/1/4768 
f 4772/1/4772 4775/1/4775 4766/1/4766 4667/1/4667 
f 4759/1/4759 4776/1/4776 4775/1/4775 4772/1/4772 
f 4519/1/4519 4774/1/4774 4777/1/4777 4552/1/4552 
f 4774/1/4774 4667/1/4667 4666/1/4666 
f 4575/1/4575 4574/1/4574 4777/1/4777 4666/1/4666 
f 4552/1/4552 4777/1/4777 4574/1/4574 4555/1/4555 
f 4743/1/4743 4752/1/4752 4778/1/4778 4762/1/4762 
f 4779/1/4779 4778/1/4778 4752/1/4752 4750/1/4750 
f 4768/1/4768 4776/1/4776 4778/1/4778 4779/1/4779 
f 4762/1/4762 4778/1/4778 4776/1/4776 4759/1/4759 
f 4757/1/4757 4769/1/4769 4780/1/4780 4764/1/4764 
f 4779/1/4779 4780/1/4780 4769/1/4769 4768/1/4768 
f 4750/1/4750 4747/1/4747 4780/1/4780 4779/1/4779 
f 4764/1/4764 4780/1/4780 4747/1/4747 4741/1/4741 
f 4781/1/4781 4771/1/4771 4756/1/4756 
f 4782/1/4782 4781/1/4781 4783/1/4783 4784/1/4784 
f 4589/1/4589 4673/1/4673 4781/1/4781 4782/1/4782 
f 4771/1/4771 4781/1/4781 4673/1/4673 4670/1/4670 
f 4782/1/4782 4785/1/4785 4585/1/4585 4589/1/4589 
f 4786/1/4786 4785/1/4785 4782/1/4782 4784/1/4784 
f 1312/1/1312 1311/1/1311 4785/1/4785 4786/1/4786 
f 4585/1/4585 4785/1/4785 1311/1/1311 1088/1/1088 
f 4787/1/4787 4788/1/4788 4789/1/4789 4790/1/4790 
f 4791/1/4791 4788/1/4788 4787/1/4787 4792/1/4792 
f 3910/1/3910 3906/1/3906 4788/1/4788 4791/1/4791 
f 3905/1/3905 4789/1/4789 4788/1/4788 3906/1/3906 
f 4792/1/4792 4793/1/4793 4794/1/4794 4791/1/4791 
f 4795/1/4795 4794/1/4794 4793/1/4793 4796/1/4796 
f 3917/1/3917 3914/1/3914 4794/1/4794 4795/1/4795 
f 4791/1/4791 4794/1/4794 3914/1/3914 3910/1/3910 
f 3923/1/3923 3920/1/3920 4797/1/4797 4798/1/4798 
f 4795/1/4795 4797/1/4797 3920/1/3920 3917/1/3917 
f 4796/1/4796 4799/1/4799 4797/1/4797 4795/1/4795 
f 4798/1/4798 4797/1/4797 4799/1/4799 4800/1/4800 
f 3929/1/3929 3926/1/3926 4801/1/4801 3935/1/3935 
f 4798/1/4798 4801/1/4801 3926/1/3926 3923/1/3923 
f 4800/1/4800 4802/1/4802 4801/1/4801 4798/1/4798 
f 3935/1/3935 4801/1/4801 4802/1/4802 3932/1/3932 
f 3932/1/3932 4802/1/4802 4803/1/4803 4755/1/4755 
f 4804/1/4804 4803/1/4803 4802/1/4802 4800/1/4800 
f 4784/1/4784 4783/1/4783 4803/1/4803 4804/1/4804 
f 4755/1/4755 4803/1/4803 4783/1/4783 4756/1/4756 
f 4805/1/4805 4806/1/4806 4807/1/4807 4808/1/4808 
f 4809/1/4809 4807/1/4807 4806/1/4806 4810/1/4810 
f 4807/1/4807 4809/1/4809 4800/1/4800 
f 4808/1/4808 4807/1/4807 4799/1/4799 4796/1/4796 
f 4809/1/4809 4811/1/4811 4804/1/4804 4800/1/4800 
f 4810/1/4810 4812/1/4812 4811/1/4811 4809/1/4809 
f 4804/1/4804 4811/1/4811 4812/1/4812 4784/1/4784 
f 1340/1/1340 1343/1/1343 4813/1/4813 4814/1/4814 
f 1343/1/1343 1312/1/1312 4786/1/4786 
f 4813/1/4813 4786/1/4786 4784/1/4784 
f 4814/1/4814 4813/1/4813 4812/1/4812 4810/1/4810 
f 4810/1/4810 4806/1/4806 4815/1/4815 4814/1/4814 
f 4816/1/4816 4815/1/4815 4806/1/4806 4805/1/4805 
f 1346/1/1346 1345/1/1345 4815/1/4815 4816/1/4816 
f 1345/1/1345 1340/1/1340 4814/1/4814 
f 4817/1/4817 4818/1/4818 4819/1/4819 4820/1/4820 
f 1352/1/1352 4819/1/4819 4818/1/4818 1353/1/1353 
f 871/1/871 4376/1/4376 4819/1/4819 1352/1/1352 
f 4820/1/4820 4819/1/4819 4376/1/4376 4375/1/4375 
f 4821/1/4821 4822/1/4822 4823/1/4823 4824/1/4824 
f 4820/1/4820 4823/1/4823 4822/1/4822 4817/1/4817 
f 4375/1/4375 4441/1/4441 4823/1/4823 4820/1/4820 
f 4824/1/4824 4823/1/4823 4441/1/4441 4440/1/4440 
f 4440/1/4440 4451/1/4451 4825/1/4825 4824/1/4824 
f 4826/1/4826 4825/1/4825 4451/1/4451 4450/1/4450 
f 4827/1/4827 4828/1/4828 4825/1/4825 4826/1/4826 
f 4824/1/4824 4825/1/4825 4828/1/4828 4821/1/4821 
f 4450/1/4450 4448/1/4448 4829/1/4829 4826/1/4826 
f 4830/1/4830 4829/1/4829 4448/1/4448 4449/1/4449 
f 4831/1/4831 4832/1/4832 4829/1/4829 4830/1/4830 
f 4832/1/4832 4827/1/4827 4826/1/4826 
f 4449/1/4449 4463/1/4463 4833/1/4833 4830/1/4830 
f 4834/1/4834 4833/1/4833 4463/1/4463 4462/1/4462 
f 4835/1/4835 4836/1/4836 4833/1/4833 4834/1/4834 
f 4830/1/4830 4833/1/4833 4836/1/4836 4831/1/4831 
f 4837/1/4837 4838/1/4838 4839/1/4839 
f 4834/1/4834 4837/1/4837 4840/1/4840 4835/1/4835 
f 4462/1/4462 4468/1/4468 4837/1/4837 4834/1/4834 
f 4838/1/4838 4837/1/4837 4468/1/4468 4461/1/4461 
f 4460/1/4460 4841/1/4841 4838/1/4838 4461/1/4461 
f 4341/1/4341 4842/1/4842 4841/1/4841 4460/1/4460 
f 4843/1/4843 4844/1/4844 4841/1/4841 4842/1/4842 
f 4838/1/4838 4841/1/4841 4844/1/4844 4839/1/4839 
f 4843/1/4843 4842/1/4842 4845/1/4845 4846/1/4846 
f 4842/1/4842 4341/1/4341 4344/1/4344 
f 4346/1/4346 4847/1/4847 4845/1/4845 4344/1/4344 
f 4846/1/4846 4845/1/4845 4847/1/4847 4848/1/4848 
f 4354/1/4354 4849/1/4849 4850/1/4850 4353/1/4353 
f 4851/1/4851 4850/1/4850 4849/1/4849 4852/1/4852 
f 4848/1/4848 4847/1/4847 4850/1/4850 4851/1/4851 
f 4353/1/4353 4850/1/4850 4847/1/4847 4346/1/4346 
f 4853/1/4853 4849/1/4849 4354/1/4354 4360/1/4360 
f 4854/1/4854 4853/1/4853 4360/1/4360 4359/1/4359 
f 4855/1/4855 4853/1/4853 4854/1/4854 4856/1/4856 
f 4852/1/4852 4849/1/4849 4853/1/4853 4855/1/4855 
f 4367/1/4367 4857/1/4857 4858/1/4858 4368/1/4368 
f 4859/1/4859 4858/1/4858 4857/1/4857 4860/1/4860 
f 4856/1/4856 4854/1/4854 4858/1/4858 4859/1/4859 
f 4359/1/4359 4368/1/4368 4858/1/4858 4854/1/4854 
f 4831/1/4831 4836/1/4836 4861/1/4861 4862/1/4862 
f 4863/1/4863 4861/1/4861 4836/1/4836 4835/1/4835 
f 4864/1/4864 4865/1/4865 4861/1/4861 4863/1/4863 
f 4862/1/4862 4861/1/4861 4865/1/4865 4866/1/4866 
f 4835/1/4835 4840/1/4840 4867/1/4867 4863/1/4863 
f 4868/1/4868 4867/1/4867 4840/1/4840 4839/1/4839 
f 4869/1/4869 4870/1/4870 4867/1/4867 4868/1/4868 
f 4863/1/4863 4867/1/4867 4870/1/4870 4864/1/4864 
f 4839/1/4839 4844/1/4844 4871/1/4871 4868/1/4868 
f 4872/1/4872 4871/1/4871 4844/1/4844 4843/1/4843 
f 4873/1/4873 4874/1/4874 4871/1/4871 4872/1/4872 
f 4868/1/4868 4871/1/4871 4874/1/4874 4869/1/4869 
f 4843/1/4843 4846/1/4846 4875/1/4875 4872/1/4872 
f 4848/1/4848 4876/1/4876 4875/1/4875 4846/1/4846 
f 4877/1/4877 4875/1/4875 4876/1/4876 4878/1/4878 
f 4872/1/4872 4875/1/4875 4877/1/4877 4873/1/4873 
f 4852/1/4852 4879/1/4879 4880/1/4880 4851/1/4851 
f 4881/1/4881 4880/1/4880 4879/1/4879 4882/1/4882 
f 4878/1/4878 4876/1/4876 4880/1/4880 4881/1/4881 
f 4851/1/4851 4880/1/4880 4876/1/4876 4848/1/4848 
f 4856/1/4856 4883/1/4883 4884/1/4884 4855/1/4855 
f 4883/1/4883 4885/1/4885 4886/1/4886 
f 4882/1/4882 4879/1/4879 4884/1/4884 4886/1/4886 
f 4855/1/4855 4884/1/4884 4879/1/4879 4852/1/4852 
f 4860/1/4860 4887/1/4887 4888/1/4888 4859/1/4859 
f 4889/1/4889 4888/1/4888 4887/1/4887 4890/1/4890 
f 4885/1/4885 4883/1/4883 4888/1/4888 4889/1/4889 
f 4859/1/4859 4888/1/4888 4883/1/4883 4856/1/4856 
f 4278/1/4278 4275/1/4275 4891/1/4891 4293/1/4293 
f 4892/1/4892 4891/1/4891 4275/1/4275 4274/1/4274 
f 4893/1/4893 4894/1/4894 4891/1/4891 4892/1/4892 
f 4293/1/4293 4891/1/4891 4894/1/4894 4296/1/4296 
f 4297/1/4297 4895/1/4895 4896/1/4896 4301/1/4301 
f 4897/1/4897 4896/1/4896 4895/1/4895 4898/1/4898 
f 4899/1/4899 4900/1/4900 4896/1/4896 4897/1/4897 
f 4301/1/4301 4896/1/4896 4900/1/4900 4302/1/4302 
f 4901/1/4901 4902/1/4902 4903/1/4903 4904/1/4904 
f 4898/1/4898 4895/1/4895 4903/1/4903 4902/1/4902 
f 4295/1/4295 4903/1/4903 4895/1/4895 4297/1/4297 
f 4904/1/4904 4903/1/4903 4295/1/4295 4296/1/4296 
f 4271/1/4271 4270/1/4270 4905/1/4905 
f 4906/1/4906 4905/1/4905 4907/1/4907 
f 4892/1/4892 4906/1/4906 4908/1/4908 4893/1/4893 
f 4274/1/4274 4271/1/4271 4906/1/4906 4892/1/4892 
f 4909/1/4909 4910/1/4910 4911/1/4911 4912/1/4912 
f 4901/1/4901 4904/1/4904 4911/1/4911 4910/1/4910 
f 4296/1/4296 4894/1/4894 4911/1/4911 4904/1/4904 
f 4912/1/4912 4911/1/4911 4894/1/4894 4893/1/4893 
f 4913/1/4913 4914/1/4914 4915/1/4915 4916/1/4916 
f 4898/1/4898 4902/1/4902 4915/1/4915 4914/1/4914 
f 4910/1/4910 4915/1/4915 4902/1/4902 4901/1/4901 
f 4916/1/4916 4915/1/4915 4910/1/4910 4909/1/4909 
f 4898/1/4898 4914/1/4914 4917/1/4917 4897/1/4897 
f 4913/1/4913 4918/1/4918 4917/1/4917 4914/1/4914 
f 4919/1/4919 4917/1/4917 4918/1/4918 4920/1/4920 
f 4919/1/4919 4899/1/4899 4897/1/4897 
f 4304/1/4304 4921/1/4921 4922/1/4922 4329/1/4329 
f 4923/1/4923 4922/1/4922 4921/1/4921 4924/1/4924 
f 4922/1/4922 4923/1/4923 4925/1/4925 
f 4926/1/4926 4327/1/4327 4329/1/4329 
f 4927/1/4927 4926/1/4926 4925/1/4925 
f 4928/1/4928 4929/1/4929 4930/1/4930 
f 4365/1/4365 4364/1/4364 4927/1/4927 4930/1/4930 
f 4364/1/4364 4327/1/4327 4926/1/4926 
f 4931/1/4931 4930/1/4930 4929/1/4929 
f 4932/1/4932 4931/1/4931 4933/1/4933 4934/1/4934 
f 4367/1/4367 4370/1/4370 4931/1/4931 4932/1/4932 
f 4930/1/4930 4931/1/4931 4370/1/4370 4365/1/4365 
f 4934/1/4934 4935/1/4935 4936/1/4936 4932/1/4932 
f 4937/1/4937 4936/1/4936 4935/1/4935 4938/1/4938 
f 4860/1/4860 4857/1/4857 4936/1/4936 4937/1/4937 
f 4932/1/4932 4936/1/4936 4857/1/4857 4367/1/4367 
f 4887/1/4887 4860/1/4860 4937/1/4937 
f 4938/1/4938 4939/1/4939 4940/1/4940 4937/1/4937 
f 4941/1/4941 4942/1/4942 4940/1/4940 4939/1/4939 
f 4887/1/4887 4940/1/4940 4942/1/4942 4890/1/4890 
f 4938/1/4938 4943/1/4943 4944/1/4944 4939/1/4939 
f 4944/1/4944 4943/1/4943 4945/1/4945 
f 4944/1/4944 4946/1/4946 4947/1/4947 4948/1/4948 
f 4939/1/4939 4944/1/4944 4948/1/4948 4941/1/4941 
f 4945/1/4945 4943/1/4943 4949/1/4949 4950/1/4950 
f 4938/1/4938 4935/1/4935 4949/1/4949 4943/1/4943 
f 4951/1/4951 4949/1/4949 4935/1/4935 4934/1/4934 
f 4952/1/4952 4950/1/4950 4949/1/4949 4951/1/4951 
f 4952/1/4952 4953/1/4953 4954/1/4954 4950/1/4950 
f 4955/1/4955 4954/1/4954 4953/1/4953 4956/1/4956 
f 4947/1/4947 4946/1/4946 4954/1/4954 4955/1/4955 
f 4950/1/4950 4954/1/4954 4946/1/4946 4945/1/4945 
f 4934/1/4934 4933/1/4933 4957/1/4957 4951/1/4951 
f 4958/1/4958 4957/1/4957 4933/1/4933 4929/1/4929 
f 4959/1/4959 4960/1/4960 4957/1/4957 4958/1/4958 
f 4951/1/4951 4957/1/4957 4960/1/4960 4952/1/4952 
f 4947/1/4947 4961/1/4961 4962/1/4962 4948/1/4948 
f 4963/1/4963 4962/1/4962 4961/1/4961 4964/1/4964 
f 4941/1/4941 4948/1/4948 4962/1/4962 4963/1/4963 
f 4959/1/4959 4965/1/4965 4966/1/4966 4960/1/4960 
f 4967/1/4967 4966/1/4966 4965/1/4965 4968/1/4968 
f 4956/1/4956 4953/1/4953 4966/1/4966 4967/1/4967 
f 4960/1/4960 4966/1/4966 4953/1/4953 4952/1/4952 
f 4956/1/4956 4967/1/4967 4969/1/4969 4955/1/4955 
f 4968/1/4968 4970/1/4970 4969/1/4969 4967/1/4967 
f 4964/1/4964 4961/1/4961 4969/1/4969 4970/1/4970 
f 4955/1/4955 4969/1/4969 4961/1/4961 4947/1/4947 
f 3702/1/3702 3724/1/3724 4971/1/4971 3700/1/3700 
f 4972/1/4972 4971/1/4971 3724/1/3724 3723/1/3723 
f 4973/1/4973 4974/1/4974 4971/1/4971 4972/1/4972 
f 3700/1/3700 4971/1/4971 4974/1/4974 3581/1/3581 
f 3722/1/3722 3734/1/3734 4975/1/4975 3721/1/3721 
f 4976/1/4976 4975/1/4975 3734/1/3734 3733/1/3733 
f 4977/1/4977 4978/1/4978 4975/1/4975 4976/1/4976 
f 3721/1/3721 4975/1/4975 4978/1/4978 3723/1/3723 
f 4979/1/4979 4980/1/4980 4981/1/4981 4982/1/4982 
f 4976/1/4976 4981/1/4981 4980/1/4980 4977/1/4977 
f 3733/1/3733 3736/1/3736 4981/1/4981 4976/1/4976 
f 4982/1/4982 4981/1/4981 3736/1/3736 3735/1/3735 
f 3586/1/3586 3582/1/3582 4983/1/4983 4984/1/4984 
f 3581/1/3581 4974/1/4974 4983/1/4983 3582/1/3582 
f 4985/1/4985 4983/1/4983 4974/1/4974 4973/1/4973 
f 4984/1/4984 4983/1/4983 4985/1/4985 4986/1/4986 
f 3723/1/3723 4978/1/4978 4987/1/4987 4972/1/4972 
f 4988/1/4988 4987/1/4987 4978/1/4978 4977/1/4977 
f 4989/1/4989 4990/1/4990 4987/1/4987 4988/1/4988 
f 4972/1/4972 4987/1/4987 4990/1/4990 4973/1/4973 
f 4977/1/4977 4980/1/4980 4991/1/4991 4988/1/4988 
f 4992/1/4992 4991/1/4991 4980/1/4980 4979/1/4979 
f 4993/1/4993 4994/1/4994 4991/1/4991 4992/1/4992 
f 4988/1/4988 4991/1/4991 4994/1/4994 4989/1/4989 
f 4986/1/4986 4985/1/4985 4995/1/4995 4996/1/4996 
f 4990/1/4990 4995/1/4995 4985/1/4985 4973/1/4973 
f 4995/1/4995 4990/1/4990 4989/1/4989 
f 4996/1/4996 4995/1/4995 4997/1/4997 4998/1/4998 
f 4986/1/4986 4999/1/4999 5000/1/5000 4984/1/4984 
f 5001/1/5001 5000/1/5000 4999/1/4999 5002/1/5002 
f 3622/1/3622 3620/1/3620 5000/1/5000 5001/1/5001 
f 4984/1/4984 5000/1/5000 3620/1/3620 3586/1/3586 
f 4993/1/4993 5003/1/5003 5004/1/5004 4994/1/4994 
f 5005/1/5005 5004/1/5004 5003/1/5003 5006/1/5006 
f 4998/1/4998 4997/1/4997 5004/1/5004 5005/1/5005 
f 4994/1/4994 5004/1/5004 4997/1/4997 4989/1/4989 
f 4228/1/4228 5007/1/5007 5008/1/5008 4229/1/4229 
f 5001/1/5001 5007/1/5007 4228/1/4228 3622/1/3622 
f 5002/1/5002 5009/1/5009 5007/1/5007 5001/1/5001 
f 5008/1/5008 5007/1/5007 5009/1/5009 5010/1/5010 
f 4998/1/4998 5011/1/5011 5012/1/5012 4996/1/4996 
f 5013/1/5013 5012/1/5012 5011/1/5011 5014/1/5014 
f 5002/1/5002 4999/1/4999 5012/1/5012 5013/1/5013 
f 4999/1/4999 4986/1/4986 4996/1/4996 
f 5006/1/5006 5015/1/5015 5016/1/5016 5005/1/5005 
f 5017/1/5017 5016/1/5016 5015/1/5015 5018/1/5018 
f 5014/1/5014 5011/1/5011 5016/1/5016 5017/1/5017 
f 5005/1/5005 5016/1/5016 5011/1/5011 4998/1/4998 
f 4236/1/4236 4235/1/4235 5019/1/5019 5020/1/5020 
f 5008/1/5008 5019/1/5019 4235/1/4235 4229/1/4229 
f 5010/1/5010 5021/1/5021 5019/1/5019 5008/1/5008 
f 5022/1/5022 5020/1/5020 5019/1/5019 5021/1/5021 
f 5014/1/5014 5023/1/5023 5024/1/5024 5013/1/5013 
f 5025/1/5025 5024/1/5024 5023/1/5023 5026/1/5026 
f 5010/1/5010 5009/1/5009 5024/1/5024 5025/1/5025 
f 5013/1/5013 5024/1/5024 5009/1/5009 5002/1/5002 
f 5026/1/5026 5023/1/5023 5027/1/5027 5028/1/5028 
f 5017/1/5017 5027/1/5027 5023/1/5023 5014/1/5014 
f 5018/1/5018 5029/1/5029 5027/1/5027 5017/1/5017 
f 5028/1/5028 5027/1/5027 5029/1/5029 5030/1/5030 
f 5031/1/5031 5020/1/5020 5022/1/5022 
f 5032/1/5032 5031/1/5031 5033/1/5033 5034/1/5034 
f 4240/1/4240 4239/1/4239 5031/1/5031 5032/1/5032 
f 5020/1/5020 5031/1/5031 4239/1/4239 4236/1/4236 
f 5035/1/5035 5021/1/5021 5010/1/5010 
f 5036/1/5036 5035/1/5035 5025/1/5025 5026/1/5026 
f 5037/1/5037 5038/1/5038 5035/1/5035 5036/1/5036 
f 5021/1/5021 5035/1/5035 5038/1/5038 5022/1/5022 
f 5030/1/5030 5039/1/5039 5040/1/5040 5028/1/5028 
f 5039/1/5039 5041/1/5041 5042/1/5042 
f 5037/1/5037 5036/1/5036 5040/1/5040 5042/1/5042 
f 5028/1/5028 5040/1/5040 5036/1/5036 5026/1/5026 
f 5037/1/5037 5043/1/5043 5044/1/5044 5038/1/5038 
f 5045/1/5045 5044/1/5044 5043/1/5043 5046/1/5046 
f 5034/1/5034 5033/1/5033 5044/1/5044 5045/1/5045 
f 5033/1/5033 5022/1/5022 5038/1/5038 
f 5047/1/5047 5042/1/5042 5041/1/5041 
f 5048/1/5048 5047/1/5047 5049/1/5049 5050/1/5050 
f 5046/1/5046 5043/1/5043 5047/1/5047 5048/1/5048 
f 5042/1/5042 5047/1/5047 5043/1/5043 5037/1/5037 
f 5051/1/5051 4007/1/4007 4006/1/4006 
f 5052/1/5052 5051/1/5051 5053/1/5053 5054/1/5054 
f 5051/1/5051 5052/1/5052 5055/1/5055 
f 5056/1/5056 3997/1/3997 4007/1/4007 
f 5056/1/5056 5055/1/5055 5057/1/5057 
f 5058/1/5058 5057/1/5057 5059/1/5059 
f 4000/1/4000 3999/1/3999 5058/1/5058 5060/1/5060 
f 5056/1/5056 5058/1/5058 3999/1/3999 3997/1/3997 
f 5055/1/5055 5061/1/5061 5062/1/5062 5057/1/5057 
f 5063/1/5063 5062/1/5062 5061/1/5061 5064/1/5064 
f 5065/1/5065 5066/1/5066 5062/1/5062 5063/1/5063 
f 5057/1/5057 5062/1/5062 5066/1/5066 5059/1/5059 
f 4000/1/4000 5060/1/5060 5067/1/5067 4023/1/4023 
f 5068/1/5068 5067/1/5067 5060/1/5060 5059/1/5059 
f 5069/1/5069 5070/1/5070 5067/1/5067 5068/1/5068 
f 4023/1/4023 5067/1/5067 5070/1/5070 4020/1/4020 
f 5069/1/5069 5071/1/5071 5072/1/5072 5070/1/5070 
f 5071/1/5071 4032/1/4032 4035/1/4035 5072/1/5072 
f 4020/1/4020 5070/1/5070 5072/1/5072 4035/1/4035 
f 5059/1/5059 5066/1/5066 5073/1/5073 5068/1/5068 
f 5074/1/5074 5073/1/5073 5066/1/5066 5065/1/5065 
f 5075/1/5075 5076/1/5076 5073/1/5073 5074/1/5074 
f 5068/1/5068 5073/1/5073 5076/1/5076 5069/1/5069 
f 5077/1/5077 5078/1/5078 5079/1/5079 5080/1/5080 
f 4039/1/4039 5079/1/5079 5078/1/5078 4031/1/4031 
f 4032/1/4032 5071/1/5071 5079/1/5079 4039/1/4039 
f 5080/1/5080 5079/1/5079 5071/1/5071 5069/1/5069 
f 5069/1/5069 5076/1/5076 5081/1/5081 5080/1/5080 
f 5082/1/5082 5081/1/5081 5076/1/5076 5075/1/5075 
f 5083/1/5083 5084/1/5084 5081/1/5081 5082/1/5082 
f 5084/1/5084 5077/1/5077 5080/1/5080 
f 5077/1/5077 5085/1/5085 5086/1/5086 5078/1/5078 
f 5087/1/5087 5086/1/5086 5085/1/5085 5088/1/5088 
f 3913/1/3913 4027/1/4027 5086/1/5086 5087/1/5087 
f 4031/1/4031 5078/1/5078 5086/1/5086 4027/1/4027 
f 5089/1/5089 5090/1/5090 5091/1/5091 5092/1/5092 
f 5093/1/5093 5091/1/5091 5090/1/5090 5064/1/5064 
f 5094/1/5094 5095/1/5095 5091/1/5091 5093/1/5093 
f 5092/1/5092 5091/1/5091 5095/1/5095 5096/1/5096 
f 5097/1/5097 5098/1/5098 5099/1/5099 5100/1/5100 
f 5063/1/5063 5099/1/5099 5098/1/5098 5065/1/5065 
f 5064/1/5064 5090/1/5090 5099/1/5099 5063/1/5063 
f 5100/1/5100 5099/1/5099 5090/1/5090 5089/1/5089 
f 5101/1/5101 5102/1/5102 5103/1/5103 5104/1/5104 
f 5074/1/5074 5103/1/5103 5102/1/5102 5075/1/5075 
f 5065/1/5065 5098/1/5098 5103/1/5103 5074/1/5074 
f 5104/1/5104 5103/1/5103 5098/1/5098 5097/1/5097 
f 5105/1/5105 5106/1/5106 5107/1/5107 5108/1/5108 
f 5083/1/5083 5082/1/5082 5106/1/5106 5105/1/5105 
f 5075/1/5075 5102/1/5102 5106/1/5106 5082/1/5082 
f 5101/1/5101 5107/1/5107 5106/1/5106 5102/1/5102 
f 5096/1/5096 5109/1/5109 5110/1/5110 5092/1/5092 
f 5111/1/5111 5110/1/5110 5109/1/5109 5112/1/5112 
f 5113/1/5113 5114/1/5114 5110/1/5110 5111/1/5111 
f 5092/1/5092 5110/1/5110 5114/1/5114 5089/1/5089 
f 5089/1/5089 5114/1/5114 5115/1/5115 5100/1/5100 
f 5116/1/5116 5115/1/5115 5114/1/5114 5113/1/5113 
f 5117/1/5117 5118/1/5118 5115/1/5115 5116/1/5116 
f 5118/1/5118 5097/1/5097 5100/1/5100 5115/1/5115 
f 5097/1/5097 5118/1/5118 5119/1/5119 5104/1/5104 
f 5117/1/5117 5120/1/5120 5119/1/5119 5118/1/5118 
f 5121/1/5121 5122/1/5122 5119/1/5119 5120/1/5120 
f 5101/1/5101 5104/1/5104 5119/1/5119 5122/1/5122 
f 5108/1/5108 5107/1/5107 5123/1/5123 5124/1/5124 
f 5123/1/5123 5107/1/5107 5101/1/5101 5122/1/5122 
f 5121/1/5121 5125/1/5125 5123/1/5123 5122/1/5122 
f 5126/1/5126 5124/1/5124 5123/1/5123 5125/1/5125 
f 5126/1/5126 5127/1/5127 5128/1/5128 5124/1/5124 
f 5127/1/5127 5129/1/5129 5130/1/5130 
f 5131/1/5131 5132/1/5132 5128/1/5128 5130/1/5130 
f 5124/1/5124 5128/1/5128 5132/1/5132 5108/1/5108 
f 5133/1/5133 5130/1/5130 5129/1/5129 
f 5134/1/5134 5133/1/5133 5135/1/5135 5136/1/5136 
f 5133/1/5133 5134/1/5134 5137/1/5137 
f 5138/1/5138 5131/1/5131 5130/1/5130 
f 5139/1/5139 5140/1/5140 5141/1/5141 5142/1/5142 
f 5134/1/5134 5141/1/5141 5140/1/5140 5137/1/5137 
f 5136/1/5136 5143/1/5143 5141/1/5141 5134/1/5134 
f 5142/1/5142 5141/1/5141 5143/1/5143 5144/1/5144 
f 5144/1/5144 5145/1/5145 5146/1/5146 5142/1/5142 
f 5147/1/5147 5146/1/5146 5145/1/5145 5148/1/5148 
f 5149/1/5149 5150/1/5150 5146/1/5146 5147/1/5147 
f 5142/1/5142 5146/1/5146 5150/1/5150 5139/1/5139 
f 5151/1/5151 5152/1/5152 5153/1/5153 
f 5154/1/5154 5155/1/5155 5151/1/5151 
f 5147/1/5147 5151/1/5151 5155/1/5155 5149/1/5149 
f 5148/1/5148 5152/1/5152 5151/1/5151 5147/1/5147 
f 5156/1/5156 5157/1/5157 5154/1/5154 
f 5158/1/5158 5153/1/5153 5159/1/5159 
f 5160/1/5160 5161/1/5161 5156/1/5156 5159/1/5159 
f 5157/1/5157 5156/1/5156 5161/1/5161 5162/1/5162 
f 5161/1/5161 5163/1/5163 5164/1/5164 5162/1/5162 
f 5165/1/5165 5163/1/5163 5161/1/5161 5160/1/5160 
f 5166/1/5166 5163/1/5163 5165/1/5165 5167/1/5167 
f 5168/1/5168 5164/1/5164 5163/1/5163 5166/1/5166 
f 5167/1/5167 5169/1/5169 5170/1/5170 5166/1/5166 
f 5171/1/5171 5170/1/5170 5169/1/5169 5172/1/5172 
f 5173/1/5173 5174/1/5174 5170/1/5170 5171/1/5171 
f 5166/1/5166 5170/1/5170 5174/1/5174 5168/1/5168 
f 5171/1/5171 5175/1/5175 5176/1/5176 5173/1/5173 
f 5172/1/5172 5177/1/5177 5175/1/5175 5171/1/5171 
f 5112/1/5112 5109/1/5109 5175/1/5175 5177/1/5177 
f 5176/1/5176 5175/1/5175 5109/1/5109 5096/1/5096 
f 5178/1/5178 5179/1/5179 5180/1/5180 
f 5181/1/5181 5182/1/5182 5183/1/5183 5178/1/5178 
f 5136/1/5136 5135/1/5135 5178/1/5178 5183/1/5183 
f 5135/1/5135 5129/1/5129 5179/1/5179 
f 5136/1/5136 5183/1/5183 5184/1/5184 5143/1/5143 
f 5185/1/5185 5184/1/5184 5183/1/5183 5182/1/5182 
f 5186/1/5186 5187/1/5187 5184/1/5184 5185/1/5185 
f 5143/1/5143 5184/1/5184 5187/1/5187 5144/1/5144 
f 5186/1/5186 5188/1/5188 5189/1/5189 5187/1/5187 
f 5190/1/5190 5191/1/5191 5189/1/5189 5188/1/5188 
f 5148/1/5148 5145/1/5145 5189/1/5189 5191/1/5191 
f 5187/1/5187 5189/1/5189 5145/1/5145 5144/1/5144 
f 5148/1/5148 5191/1/5191 5192/1/5192 5152/1/5152 
f 5193/1/5193 5192/1/5192 5191/1/5191 5190/1/5190 
f 5194/1/5194 5195/1/5195 5192/1/5192 5193/1/5193 
f 5152/1/5152 5192/1/5192 5195/1/5195 5153/1/5153 
f 5153/1/5153 5195/1/5195 5196/1/5196 5159/1/5159 
f 5197/1/5197 5196/1/5196 5195/1/5195 5194/1/5194 
f 5198/1/5198 5199/1/5199 5196/1/5196 5197/1/5197 
f 5159/1/5159 5196/1/5196 5199/1/5199 5160/1/5160 
f 5160/1/5160 5199/1/5199 5200/1/5200 5165/1/5165 
f 5201/1/5201 5200/1/5200 5199/1/5199 5198/1/5198 
f 5202/1/5202 5203/1/5203 5200/1/5200 5201/1/5201 
f 5165/1/5165 5200/1/5200 5203/1/5203 5167/1/5167 
f 5204/1/5204 5205/1/5205 5177/1/5177 5172/1/5172 
f 5206/1/5206 5207/1/5207 5205/1/5205 5204/1/5204 
f 5208/1/5208 5209/1/5209 5205/1/5205 5207/1/5207 
f 5177/1/5177 5205/1/5205 5209/1/5209 5112/1/5112 
f 5202/1/5202 5210/1/5210 5211/1/5211 5203/1/5203 
f 5204/1/5204 5211/1/5211 5210/1/5210 5206/1/5206 
f 5172/1/5172 5169/1/5169 5211/1/5211 5204/1/5204 
f 5203/1/5203 5211/1/5211 5169/1/5169 5167/1/5167 
f 5182/1/5182 5212/1/5212 5213/1/5213 5185/1/5185 
f 5214/1/5214 5215/1/5215 5213/1/5213 
f 5216/1/5216 5213/1/5213 5215/1/5215 5217/1/5217 
f 5185/1/5185 5213/1/5213 5216/1/5216 5186/1/5186 
f 5217/1/5217 5218/1/5218 5219/1/5219 5216/1/5216 
f 5218/1/5218 5220/1/5220 5221/1/5221 
f 5190/1/5190 5188/1/5188 5219/1/5219 5221/1/5221 
f 5216/1/5216 5219/1/5219 5188/1/5188 5186/1/5186 
f 5190/1/5190 5221/1/5221 5222/1/5222 5193/1/5193 
f 5223/1/5223 5222/1/5222 5221/1/5221 5220/1/5220 
f 5224/1/5224 5225/1/5225 5222/1/5222 5223/1/5223 
f 5193/1/5193 5222/1/5222 5225/1/5225 5194/1/5194 
f 5194/1/5194 5225/1/5225 5226/1/5226 5197/1/5197 
f 5227/1/5227 5226/1/5226 5225/1/5225 5224/1/5224 
f 5228/1/5228 5229/1/5229 5226/1/5226 5227/1/5227 
f 5197/1/5197 5226/1/5226 5229/1/5229 5198/1/5198 
f 5198/1/5198 5229/1/5229 5230/1/5230 5201/1/5201 
f 5231/1/5231 5230/1/5230 5229/1/5229 5228/1/5228 
f 5232/1/5232 5233/1/5233 5230/1/5230 5231/1/5231 
f 5201/1/5201 5230/1/5230 5233/1/5233 5202/1/5202 
f 5232/1/5232 5234/1/5234 5235/1/5235 5233/1/5233 
f 5236/1/5236 5235/1/5235 5234/1/5234 5237/1/5237 
f 5206/1/5206 5210/1/5210 5235/1/5235 5236/1/5236 
f 5233/1/5233 5235/1/5235 5210/1/5210 5202/1/5202 
f 5238/1/5238 5116/1/5116 5113/1/5113 5239/1/5239 
f 5238/1/5238 5239/1/5239 5240/1/5240 5241/1/5241 
f 5242/1/5242 5243/1/5243 5238/1/5238 5241/1/5241 
f 5117/1/5117 5116/1/5116 5238/1/5238 5243/1/5243 
f 5244/1/5244 5245/1/5245 5246/1/5246 5247/1/5247 
f 5237/1/5237 5234/1/5234 5246/1/5246 5245/1/5245 
f 5232/1/5232 5247/1/5247 5246/1/5246 5234/1/5234 
f 5244/1/5244 5248/1/5248 5249/1/5249 5250/1/5250 
f 5224/1/5224 5223/1/5223 5249/1/5249 5248/1/5248 
f 5220/1/5220 5250/1/5250 5249/1/5249 5223/1/5223 
f 5242/1/5242 5251/1/5251 5252/1/5252 5243/1/5243 
f 5253/1/5253 5254/1/5254 5252/1/5252 5251/1/5251 
f 5121/1/5121 5120/1/5120 5252/1/5252 5254/1/5254 
f 5117/1/5117 5243/1/5243 5252/1/5252 5120/1/5120 
f 5255/1/5255 5256/1/5256 5257/1/5257 5244/1/5244 
f 5217/1/5217 5215/1/5215 5256/1/5256 5255/1/5255 
f 5214/1/5214 5257/1/5257 5256/1/5256 5215/1/5215 
f 5250/1/5250 5258/1/5258 5255/1/5255 5244/1/5244 
f 5220/1/5220 5218/1/5218 5258/1/5258 5250/1/5250 
f 5217/1/5217 5255/1/5255 5258/1/5258 5218/1/5218 
f 5244/1/5244 5259/1/5259 5260/1/5260 5248/1/5248 
f 5228/1/5228 5227/1/5227 5260/1/5260 5259/1/5259 
f 5224/1/5224 5248/1/5248 5260/1/5260 5227/1/5227 
f 5244/1/5244 5247/1/5247 5261/1/5261 5259/1/5259 
f 5232/1/5232 5231/1/5231 5261/1/5261 5247/1/5247 
f 5228/1/5228 5259/1/5259 5261/1/5261 5231/1/5231 
f 5262/1/5262 5263/1/5263 5236/1/5236 5237/1/5237 
f 5264/1/5264 5265/1/5265 5263/1/5263 5262/1/5262 
f 5207/1/5207 5263/1/5263 5265/1/5265 5208/1/5208 
f 5236/1/5236 5263/1/5263 5207/1/5207 5206/1/5206 
f 5244/1/5244 5266/1/5266 5267/1/5267 5245/1/5245 
f 5264/1/5264 5262/1/5262 5267/1/5267 5266/1/5266 
f 5237/1/5237 5245/1/5245 5267/1/5267 5262/1/5262 
f 5268/1/5268 5269/1/5269 5270/1/5270 5271/1/5271 
f 5268/1/5268 5244/1/5244 5257/1/5257 
f 5214/1/5214 5270/1/5270 5269/1/5269 5257/1/5257 
f 5112/1/5112 5209/1/5209 5272/1/5272 5111/1/5111 
f 5273/1/5273 5272/1/5272 5209/1/5209 5208/1/5208 
f 5240/1/5240 5239/1/5239 5272/1/5272 5273/1/5273 
f 5111/1/5111 5272/1/5272 5239/1/5239 5113/1/5113 
f 5241/1/5241 5240/1/5240 5274/1/5274 5275/1/5275 
f 5276/1/5276 5277/1/5277 5275/1/5275 5274/1/5274 
f 5253/1/5253 5251/1/5251 5275/1/5275 5277/1/5277 
f 5242/1/5242 5241/1/5241 5275/1/5275 5251/1/5251 
f 5276/1/5276 5274/1/5274 5278/1/5278 5279/1/5279 
f 5273/1/5273 5278/1/5278 5274/1/5274 5240/1/5240 
f 5208/1/5208 5265/1/5265 5278/1/5278 5273/1/5273 
f 5279/1/5279 5278/1/5278 5265/1/5265 5264/1/5264 
f 5253/1/5253 5280/1/5280 5281/1/5281 5254/1/5254 
f 5282/1/5282 5281/1/5281 5280/1/5280 5283/1/5283 
f 5282/1/5282 5126/1/5126 5125/1/5125 5281/1/5281 
f 5121/1/5121 5254/1/5254 5281/1/5281 5125/1/5125 
f 5284/1/5284 5285/1/5285 5282/1/5282 5283/1/5283 
f 5284/1/5284 5180/1/5180 5179/1/5179 
f 5285/1/5285 5179/1/5179 5129/1/5129 
f 5282/1/5282 5285/1/5285 5127/1/5127 5126/1/5126 
f 5276/1/5276 5286/1/5286 5287/1/5287 5277/1/5277 
f 5288/1/5288 5287/1/5287 5286/1/5286 5271/1/5271 
f 5283/1/5283 5280/1/5280 5287/1/5287 5288/1/5288 
f 5253/1/5253 5277/1/5277 5287/1/5287 5280/1/5280 
f 5284/1/5284 5283/1/5283 5288/1/5288 
f 5271/1/5271 5289/1/5289 5290/1/5290 5288/1/5288 
f 5180/1/5180 5284/1/5284 5290/1/5290 5289/1/5289 
f 5289/1/5289 5271/1/5271 5270/1/5270 
f 5270/1/5270 5214/1/5214 5212/1/5212 
f 5181/1/5181 5291/1/5291 5212/1/5212 5182/1/5182 
f 5181/1/5181 5180/1/5180 5289/1/5289 
f 5271/1/5271 5286/1/5286 5292/1/5292 5268/1/5268 
f 5279/1/5279 5292/1/5292 5286/1/5286 5276/1/5276 
f 5264/1/5264 5266/1/5266 5292/1/5292 5279/1/5279 
f 5268/1/5268 5292/1/5292 5266/1/5266 5244/1/5244 
f 5054/1/5054 5293/1/5293 5294/1/5294 5052/1/5052 
f 5093/1/5093 5294/1/5294 5293/1/5293 5094/1/5094 
f 5064/1/5064 5061/1/5061 5294/1/5294 5093/1/5093 
f 5052/1/5052 5294/1/5294 5061/1/5061 5055/1/5055 
f 5096/1/5096 5095/1/5095 5295/1/5295 5176/1/5176 
f 5296/1/5296 5295/1/5295 5095/1/5095 5094/1/5094 
f 5297/1/5297 5295/1/5295 5296/1/5296 5298/1/5298 
f 5173/1/5173 5176/1/5176 5295/1/5295 5297/1/5297 
f 5298/1/5298 5299/1/5299 5300/1/5300 5297/1/5297 
f 5301/1/5301 5300/1/5300 5299/1/5299 5302/1/5302 
f 5168/1/5168 5174/1/5174 5300/1/5300 5301/1/5301 
f 5297/1/5297 5300/1/5300 5174/1/5174 5173/1/5173 
f 5302/1/5302 5303/1/5303 5304/1/5304 5301/1/5301 
f 5305/1/5305 5304/1/5304 5303/1/5303 5306/1/5306 
f 5162/1/5162 5164/1/5164 5304/1/5304 5305/1/5305 
f 5301/1/5301 5304/1/5304 5164/1/5164 5168/1/5168 
f 5307/1/5307 5308/1/5308 5305/1/5305 5306/1/5306 
f 5309/1/5309 5308/1/5308 5307/1/5307 5310/1/5310 
f 5308/1/5308 5309/1/5309 5154/1/5154 
f 5305/1/5305 5308/1/5308 5157/1/5157 5162/1/5162 
f 1847/1/1847 5311/1/5311 5312/1/5312 1844/1/1844 
f 5307/1/5307 5312/1/5312 5311/1/5311 5310/1/5310 
f 5313/1/5313 5312/1/5312 5307/1/5307 5306/1/5306 
f 1844/1/1844 5312/1/5312 5313/1/5313 1849/1/1849 
f 5309/1/5309 5314/1/5314 5155/1/5155 5154/1/5154 
f 5315/1/5315 5314/1/5314 5309/1/5309 5310/1/5310 
f 5316/1/5316 5314/1/5314 5315/1/5315 5317/1/5317 
f 5149/1/5149 5155/1/5155 5314/1/5314 5316/1/5316 
f 5317/1/5317 5318/1/5318 5319/1/5319 5316/1/5316 
f 5320/1/5320 5319/1/5319 5318/1/5318 5321/1/5321 
f 5139/1/5139 5150/1/5150 5319/1/5319 5320/1/5320 
f 5316/1/5316 5319/1/5319 5150/1/5150 5149/1/5149 
f 5321/1/5321 5322/1/5322 5323/1/5323 5320/1/5320 
f 5324/1/5324 5323/1/5323 5322/1/5322 5325/1/5325 
f 5137/1/5137 5140/1/5140 5323/1/5323 5324/1/5324 
f 5320/1/5320 5323/1/5323 5140/1/5140 5139/1/5139 
f 5108/1/5108 5132/1/5132 5326/1/5326 5105/1/5105 
f 5327/1/5327 5326/1/5326 5132/1/5132 5131/1/5131 
f 5328/1/5328 5329/1/5329 5326/1/5326 5327/1/5327 
f 5105/1/5105 5326/1/5326 5329/1/5329 5083/1/5083 
f 5088/1/5088 5085/1/5085 5330/1/5330 5331/1/5331 
f 5084/1/5084 5330/1/5330 5085/1/5085 5077/1/5077 
f 5083/1/5083 5329/1/5329 5330/1/5330 5084/1/5084 
f 5331/1/5331 5330/1/5330 5329/1/5329 5328/1/5328 
f 5325/1/5325 5332/1/5332 5333/1/5333 5324/1/5324 
f 5327/1/5327 5333/1/5333 5332/1/5332 5328/1/5328 
f 5131/1/5131 5138/1/5138 5333/1/5333 5327/1/5327 
f 5324/1/5324 5333/1/5333 5138/1/5138 5137/1/5137 
f 3905/1/3905 3908/1/3908 5334/1/5334 5335/1/5335 
f 5087/1/5087 5334/1/5334 3908/1/3908 3913/1/3913 
f 5088/1/5088 5336/1/5336 5334/1/5334 5087/1/5087 
f 5335/1/5335 5334/1/5334 5336/1/5336 5337/1/5337 
f 5328/1/5328 5338/1/5338 5339/1/5339 5331/1/5331 
f 5340/1/5340 5339/1/5339 5338/1/5338 5341/1/5341 
f 5337/1/5337 5336/1/5336 5339/1/5339 5340/1/5340 
f 5331/1/5331 5339/1/5339 5336/1/5336 5088/1/5088 
f 5337/1/5337 5342/1/5342 5343/1/5343 5335/1/5335 
f 5344/1/5344 5343/1/5343 5342/1/5342 5345/1/5345 
f 4790/1/4790 4789/1/4789 5343/1/5343 5344/1/5344 
f 5335/1/5335 5343/1/5343 4789/1/4789 3905/1/3905 
f 5341/1/5341 5346/1/5346 5347/1/5347 5340/1/5340 
f 5348/1/5348 5347/1/5347 5346/1/5346 5349/1/5349 
f 5345/1/5345 5342/1/5342 5347/1/5347 5348/1/5348 
f 5340/1/5340 5347/1/5347 5342/1/5342 5337/1/5337 
f 5325/1/5325 5350/1/5350 5351/1/5351 5332/1/5332 
f 5346/1/5346 5351/1/5351 5350/1/5350 5349/1/5349 
f 5341/1/5341 5338/1/5338 5351/1/5351 5346/1/5346 
f 5332/1/5332 5351/1/5351 5338/1/5338 5328/1/5328 
f 5325/1/5325 5322/1/5322 5352/1/5352 5350/1/5350 
f 5353/1/5353 5352/1/5352 5322/1/5322 5321/1/5321 
f 5352/1/5352 5353/1/5353 5354/1/5354 
f 5350/1/5350 5352/1/5352 5355/1/5355 5349/1/5349 
f 5356/1/5356 5357/1/5357 5358/1/5358 
f 5359/1/5359 5354/1/5354 5353/1/5353 
f 5321/1/5321 5318/1/5318 5356/1/5356 5353/1/5353 
f 5318/1/5318 5317/1/5317 5357/1/5357 
f 5360/1/5360 5361/1/5361 5315/1/5315 5310/1/5310 
f 5362/1/5362 5361/1/5361 5360/1/5360 1899/1/1899 
f 5357/1/5357 5361/1/5361 5362/1/5362 5358/1/5358 
f 5361/1/5361 5357/1/5357 5317/1/5317 
f 5360/1/5360 5363/1/5363 1900/1/1900 1899/1/1899 
f 5310/1/5310 5311/1/5311 5363/1/5363 5360/1/5360 
f 1847/1/1847 1900/1/1900 5363/1/5363 5311/1/5311 
f 5358/1/5358 5362/1/5362 5364/1/5364 5365/1/5365 
f 1907/1/1907 5364/1/5364 5362/1/5362 1899/1/1899 
f 1906/1/1906 5366/1/5366 5364/1/5364 1907/1/1907 
f 5365/1/5365 5364/1/5364 5366/1/5366 5367/1/5367 
f 5367/1/5367 5368/1/5368 5369/1/5369 5365/1/5365 
f 5370/1/5370 5369/1/5369 5368/1/5368 5371/1/5371 
f 5354/1/5354 5359/1/5359 5369/1/5369 5370/1/5370 
f 5365/1/5365 5369/1/5369 5359/1/5359 5358/1/5358 
f 5367/1/5367 5366/1/5366 5372/1/5372 5368/1/5368 
f 1915/1/1915 5372/1/5372 5366/1/5366 1906/1/1906 
f 1914/1/1914 5373/1/5373 5372/1/5372 1915/1/1915 
f 5368/1/5368 5372/1/5372 5373/1/5373 5371/1/5371 
f 5355/1/5355 5354/1/5354 5370/1/5370 
f 5371/1/5371 5374/1/5374 5375/1/5375 5370/1/5370 
f 5374/1/5374 5376/1/5376 5377/1/5377 
f 5377/1/5377 5349/1/5349 5355/1/5355 
f 1914/1/1914 1921/1/1921 5378/1/5378 5373/1/5373 
f 5379/1/5379 5378/1/5378 1921/1/1921 1925/1/1925 
f 5380/1/5380 5381/1/5381 5378/1/5378 5379/1/5379 
f 5373/1/5373 5378/1/5378 5381/1/5381 5371/1/5371 
f 5379/1/5379 5382/1/5382 5383/1/5383 5380/1/5380 
f 1925/1/1925 1929/1/1929 5382/1/5382 5379/1/5379 
f 1930/1/1930 5382/1/5382 1929/1/1929 
f 5382/1/5382 1930/1/1930 1928/1/1928 
f 5380/1/5380 5383/1/5383 5384/1/5384 5385/1/5385 
f 1936/1/1936 5384/1/5384 5383/1/5383 1928/1/1928 
f 1935/1/1935 5386/1/5386 5384/1/5384 1936/1/1936 
f 5385/1/5385 5384/1/5384 5386/1/5386 5387/1/5387 
f 5380/1/5380 5385/1/5385 5388/1/5388 5381/1/5381 
f 5385/1/5385 5387/1/5387 5389/1/5389 
f 5388/1/5388 5389/1/5389 5376/1/5376 
f 5381/1/5381 5388/1/5388 5374/1/5374 5371/1/5371 
f 5387/1/5387 5386/1/5386 5390/1/5390 5391/1/5391 
f 1942/1/1942 5390/1/5390 5386/1/5386 1935/1/1935 
f 1941/1/1941 5391/1/5391 5390/1/5390 1942/1/1942 
f 1944/1/1944 5392/1/5392 5391/1/5391 1941/1/1941 
f 5393/1/5393 5392/1/5392 1944/1/1944 1948/1/1948 
f 5394/1/5394 5395/1/5395 5392/1/5392 5393/1/5393 
f 5391/1/5391 5392/1/5392 5395/1/5395 5387/1/5387 
f 5396/1/5396 5397/1/5397 5398/1/5398 5399/1/5399 
f 1953/1/1953 5398/1/5398 5397/1/5397 1954/1/1954 
f 5398/1/5398 1953/1/1953 1346/1/1346 
f 4805/1/4805 5399/1/5399 5398/1/5398 4816/1/4816 
f 5400/1/5400 5401/1/5401 5402/1/5402 5403/1/5403 
f 5404/1/5404 5402/1/5402 5401/1/5401 5405/1/5405 
f 1959/1/1959 1961/1/1961 5402/1/5402 5404/1/5404 
f 5402/1/5402 1961/1/1961 1954/1/1954 
f 5396/1/5396 5406/1/5406 5407/1/5407 5397/1/5397 
f 5408/1/5408 5407/1/5407 5406/1/5406 5409/1/5409 
f 5400/1/5400 5403/1/5403 5407/1/5407 5408/1/5408 
f 5397/1/5397 5407/1/5407 5403/1/5403 1954/1/1954 
f 5396/1/5396 5399/1/5399 5410/1/5410 5406/1/5406 
f 5399/1/5399 4805/1/4805 4808/1/4808 
f 5411/1/5411 5410/1/5410 4808/1/4808 4796/1/4796 
f 5409/1/5409 5406/1/5406 5410/1/5410 5411/1/5411 
f 5400/1/5400 5408/1/5408 5412/1/5412 5401/1/5401 
f 5413/1/5413 5412/1/5412 5408/1/5408 5409/1/5409 
f 5414/1/5414 5415/1/5415 5412/1/5412 5413/1/5413 
f 5405/1/5405 5401/1/5401 5412/1/5412 5415/1/5415 
f 5416/1/5416 5417/1/5417 5418/1/5418 5419/1/5419 
f 5411/1/5411 5418/1/5418 5417/1/5417 5409/1/5409 
f 4796/1/4796 4793/1/4793 5418/1/5418 5411/1/5411 
f 5419/1/5419 5418/1/5418 4793/1/4793 4792/1/4792 
f 5420/1/5420 5421/1/5421 5422/1/5422 5423/1/5423 
f 1981/1/1981 5421/1/5421 5420/1/5420 1982/1/1982 
f 5404/1/5404 5421/1/5421 1981/1/1981 1959/1/1959 
f 5405/1/5405 5422/1/5422 5421/1/5421 5404/1/5404 
f 5424/1/5424 5425/1/5425 5426/1/5426 5427/1/5427 
f 5413/1/5413 5426/1/5426 5425/1/5425 5414/1/5414 
f 5409/1/5409 5417/1/5417 5426/1/5426 5413/1/5413 
f 5427/1/5427 5426/1/5426 5417/1/5417 5416/1/5416 
f 5414/1/5414 5425/1/5425 5428/1/5428 5415/1/5415 
f 5429/1/5429 5428/1/5428 5425/1/5425 5424/1/5424 
f 5423/1/5423 5422/1/5422 5428/1/5428 5429/1/5429 
f 5415/1/5415 5428/1/5428 5422/1/5422 5405/1/5405 
f 5430/1/5430 5431/1/5431 5432/1/5432 5433/1/5433 
f 1993/1/1993 5432/1/5432 5431/1/5431 1994/1/1994 
f 1982/1/1982 5420/1/5420 5432/1/5432 1993/1/1993 
f 5433/1/5433 5432/1/5432 5420/1/5420 5423/1/5423 
f 5434/1/5434 5435/1/5435 5436/1/5436 5437/1/5437 
f 5419/1/5419 5436/1/5436 5435/1/5435 5416/1/5416 
f 4792/1/4792 4787/1/4787 5436/1/5436 5419/1/5419 
f 4787/1/4787 4790/1/4790 5437/1/5437 
f 1994/1/1994 5431/1/5431 5438/1/5438 1999/1/1999 
f 5439/1/5439 5438/1/5438 5431/1/5431 5430/1/5430 
f 5394/1/5394 5393/1/5393 5438/1/5438 5439/1/5439 
f 1999/1/1999 5438/1/5438 5393/1/5393 1948/1/1948 
f 5440/1/5440 5377/1/5377 5376/1/5376 
f 5441/1/5441 5440/1/5440 5442/1/5442 5443/1/5443 
f 5348/1/5348 5440/1/5440 5441/1/5441 5345/1/5345 
f 5349/1/5349 5377/1/5377 5440/1/5440 5348/1/5348 
f 5444/1/5444 5445/1/5445 5446/1/5446 5447/1/5447 
f 5427/1/5427 5446/1/5446 5445/1/5445 5424/1/5424 
f 5416/1/5416 5435/1/5435 5446/1/5446 5427/1/5427 
f 5447/1/5447 5446/1/5446 5435/1/5435 5434/1/5434 
f 5437/1/5437 4790/1/4790 5344/1/5344 
f 5345/1/5345 5441/1/5441 5448/1/5448 5344/1/5344 
f 5448/1/5448 5441/1/5441 5443/1/5443 
f 5449/1/5449 5434/1/5434 5437/1/5437 
f 5450/1/5450 5451/1/5451 5449/1/5449 5443/1/5443 
f 5444/1/5444 5447/1/5447 5451/1/5451 5450/1/5450 
f 5434/1/5434 5449/1/5449 5451/1/5451 5447/1/5447 
f 5452/1/5452 5389/1/5389 5387/1/5387 
f 5453/1/5453 5452/1/5452 5395/1/5395 5394/1/5394 
f 5443/1/5443 5442/1/5442 5452/1/5452 5453/1/5453 
f 5442/1/5442 5376/1/5376 5389/1/5389 
f 5450/1/5450 5454/1/5454 5455/1/5455 5444/1/5444 
f 5443/1/5443 5453/1/5453 5454/1/5454 5450/1/5450 
f 5394/1/5394 5439/1/5439 5454/1/5454 5453/1/5453 
f 5455/1/5455 5454/1/5454 5439/1/5439 5430/1/5430 
f 5424/1/5424 5445/1/5445 5456/1/5456 5429/1/5429 
f 5455/1/5455 5456/1/5456 5445/1/5445 5444/1/5444 
f 5430/1/5430 5433/1/5433 5456/1/5456 5455/1/5455 
f 5429/1/5429 5456/1/5456 5433/1/5433 5423/1/5423 
f 4146/1/4146 5457/1/5457 5458/1/5458 4145/1/4145 
f 5459/1/5459 5458/1/5458 5457/1/5457 5460/1/5460 
f 5458/1/5458 5459/1/5459 5054/1/5054 
f 4145/1/4145 5458/1/5458 5053/1/5053 4006/1/4006 
f 4150/1/4150 5461/1/5461 5462/1/5462 4147/1/4147 
f 5463/1/5463 5462/1/5462 5461/1/5461 5464/1/5464 
f 5460/1/5460 5457/1/5457 5462/1/5462 5463/1/5463 
f 4147/1/4147 5462/1/5462 5457/1/5457 4146/1/4146 
f 5293/1/5293 5054/1/5054 5465/1/5465 
f 5466/1/5466 5467/1/5467 5465/1/5465 5468/1/5468 
f 5298/1/5298 5296/1/5296 5467/1/5467 5466/1/5466 
f 5094/1/5094 5293/1/5293 5467/1/5467 5296/1/5296 
f 5468/1/5468 5469/1/5469 5470/1/5470 5466/1/5466 
f 5471/1/5471 5470/1/5470 5469/1/5469 5472/1/5472 
f 5302/1/5302 5299/1/5299 5470/1/5470 5471/1/5471 
f 5466/1/5466 5470/1/5470 5299/1/5299 5298/1/5298 
f 5472/1/5472 5473/1/5473 5474/1/5474 5471/1/5471 
f 5475/1/5475 5474/1/5474 5473/1/5473 2038/1/2038 
f 5306/1/5306 5303/1/5303 5474/1/5474 5475/1/5475 
f 5471/1/5471 5474/1/5474 5303/1/5303 5302/1/5302 
f 2040/1/2040 5476/1/5476 5475/1/5475 2038/1/2038 
f 1849/1/1849 5313/1/5313 5476/1/5476 2040/1/2040 
f 5475/1/5475 5476/1/5476 5313/1/5313 5306/1/5306 
f 5460/1/5460 5477/1/5477 5478/1/5478 5459/1/5459 
f 5477/1/5477 5479/1/5479 5480/1/5480 
f 5478/1/5478 5480/1/5480 5468/1/5468 
f 5459/1/5459 5478/1/5478 5465/1/5465 5054/1/5054 
f 5481/1/5481 5482/1/5482 5463/1/5463 5464/1/5464 
f 5483/1/5483 5482/1/5482 5481/1/5481 5484/1/5484 
f 5482/1/5482 5483/1/5483 5479/1/5479 
f 5463/1/5463 5482/1/5482 5477/1/5477 5460/1/5460 
f 5485/1/5485 5480/1/5480 5479/1/5479 
f 5486/1/5486 5487/1/5487 5485/1/5485 5488/1/5488 
f 5472/1/5472 5469/1/5469 5485/1/5485 5487/1/5487 
f 5480/1/5480 5485/1/5485 5469/1/5469 5468/1/5468 
f 2053/1/2053 2056/1/2056 5489/1/5489 5490/1/5490 
f 5473/1/5473 5489/1/5489 2056/1/2056 2038/1/2038 
f 5489/1/5489 5473/1/5473 5472/1/5472 
f 5490/1/5490 5489/1/5489 5487/1/5487 5486/1/5486 
f 5464/1/5464 5461/1/5461 5491/1/5491 5481/1/5481 
f 5492/1/5492 5491/1/5491 5461/1/5461 4150/1/4150 
f 5493/1/5493 5494/1/5494 5491/1/5491 5492/1/5492 
f 5481/1/5481 5491/1/5491 5494/1/5494 5484/1/5484 
f 4150/1/4150 4152/1/4152 5495/1/5495 5492/1/5492 
f 5496/1/5496 5495/1/5495 4152/1/4152 4151/1/4151 
f 5497/1/5497 5498/1/5498 5495/1/5495 5496/1/5496 
f 5492/1/5492 5495/1/5495 5498/1/5498 5493/1/5493 
f 4155/1/4155 5499/1/5499 5500/1/5500 4156/1/4156 
f 5501/1/5501 5500/1/5500 5499/1/5499 5502/1/5502 
f 5497/1/5497 5496/1/5496 5500/1/5500 5501/1/5501 
f 4151/1/4151 4156/1/4156 5500/1/5500 5496/1/5496 
f 4169/1/4169 5503/1/5503 5504/1/5504 4170/1/4170 
f 5505/1/5505 5504/1/5504 5503/1/5503 5506/1/5506 
f 5507/1/5507 5508/1/5508 5504/1/5504 5505/1/5505 
f 4170/1/4170 5504/1/5504 5508/1/5508 4164/1/4164 
f 4173/1/4173 5509/1/5509 5510/1/5510 4174/1/4174 
f 5511/1/5511 5510/1/5510 5509/1/5509 5512/1/5512 
f 5506/1/5506 5503/1/5503 5510/1/5510 5511/1/5511 
f 4174/1/4174 5510/1/5510 5503/1/5503 4169/1/4169 
f 2079/1/2079 2082/1/2082 5513/1/5513 5514/1/5514 
f 2084/1/2084 5515/1/5515 5513/1/5513 2082/1/2082 
f 5511/1/5511 5513/1/5513 5515/1/5515 5506/1/5506 
f 5511/1/5511 5512/1/5512 5514/1/5514 
f 4173/1/4173 4178/1/4178 5516/1/5516 5509/1/5509 
f 5517/1/5517 5516/1/5516 4178/1/4178 4177/1/4177 
f 5518/1/5518 5519/1/5519 5516/1/5516 5517/1/5517 
f 5519/1/5519 5512/1/5512 5509/1/5509 
f 5520/1/5520 5521/1/5521 5519/1/5519 5518/1/5518 
f 2092/1/2092 2091/1/2091 5521/1/5521 5520/1/5520 
f 2079/1/2079 5514/1/5514 5521/1/5521 2091/1/2091 
f 5512/1/5512 5519/1/5519 5521/1/5521 5514/1/5514 
f 4177/1/4177 4182/1/4182 5522/1/5522 5517/1/5517 
f 5523/1/5523 5522/1/5522 4182/1/4182 4181/1/4181 
f 5524/1/5524 5525/1/5525 5522/1/5522 5523/1/5523 
f 5517/1/5517 5522/1/5522 5525/1/5525 5518/1/5518 
f 5518/1/5518 5525/1/5525 5526/1/5526 5520/1/5520 
f 5527/1/5527 5526/1/5526 5525/1/5525 5524/1/5524 
f 2099/1/2099 2098/1/2098 5526/1/5526 5527/1/5527 
f 5520/1/5520 5526/1/5526 2098/1/2098 2092/1/2092 
f 5528/1/5528 5523/1/5523 4181/1/4181 
f 4186/1/4186 4185/1/4185 5529/1/5529 
f 5530/1/5530 5531/1/5531 5528/1/5528 5529/1/5529 
f 5523/1/5523 5528/1/5528 5531/1/5531 5524/1/5524 
f 4162/1/4162 5532/1/5532 5533/1/5533 4161/1/4161 
f 5534/1/5534 5533/1/5533 5532/1/5532 5535/1/5535 
f 5502/1/5502 5499/1/5499 5533/1/5533 5534/1/5534 
f 4161/1/4161 5533/1/5533 5499/1/5499 4155/1/4155 
f 4164/1/4164 5508/1/5508 5536/1/5536 4165/1/4165 
f 5537/1/5537 5536/1/5536 5508/1/5508 5507/1/5507 
f 5535/1/5535 5532/1/5532 5536/1/5536 5537/1/5537 
f 4165/1/4165 5536/1/5536 5532/1/5532 4162/1/4162 
f 5506/1/5506 5515/1/5515 5538/1/5538 5505/1/5505 
f 2114/1/2114 5538/1/5538 5515/1/5515 2084/1/2084 
f 2113/1/2113 5539/1/5539 5538/1/5538 2114/1/2114 
f 5505/1/5505 5538/1/5538 5539/1/5539 5507/1/5507 
f 2115/1/2115 5540/1/5540 5541/1/5541 2116/1/2116 
f 5501/1/5501 5541/1/5541 5540/1/5540 5497/1/5497 
f 5502/1/5502 5542/1/5542 5541/1/5541 5501/1/5501 
f 2116/1/2116 5541/1/5541 5542/1/5542 2120/1/2120 
f 5535/1/5535 5543/1/5543 5544/1/5544 5534/1/5534 
f 2123/1/2123 5544/1/5544 5543/1/5543 2124/1/2124 
f 2120/1/2120 5542/1/5542 5544/1/5544 2123/1/2123 
f 5534/1/5534 5544/1/5544 5542/1/5542 5502/1/5502 
f 5507/1/5507 5539/1/5539 5545/1/5545 5537/1/5537 
f 2126/1/2126 5545/1/5545 5539/1/5539 2113/1/2113 
f 2124/1/2124 5543/1/5543 5545/1/5545 2126/1/2126 
f 5537/1/5537 5545/1/5545 5543/1/5543 5535/1/5535 
f 5493/1/5493 5546/1/5546 5547/1/5547 5494/1/5494 
f 5548/1/5548 5547/1/5547 5546/1/5546 2132/1/2132 
f 5549/1/5549 5550/1/5550 5547/1/5547 5548/1/5548 
f 5494/1/5494 5547/1/5547 5550/1/5550 5484/1/5484 
f 5484/1/5484 5550/1/5550 5551/1/5551 5483/1/5483 
f 5552/1/5552 5551/1/5551 5550/1/5550 5549/1/5549 
f 5488/1/5488 5551/1/5551 5552/1/5552 5486/1/5486 
f 5483/1/5483 5551/1/5551 5488/1/5488 5479/1/5479 
f 5486/1/5486 5552/1/5552 5553/1/5553 5490/1/5490 
f 5554/1/5554 5553/1/5553 5552/1/5552 5549/1/5549 
f 2137/1/2137 2136/1/2136 5553/1/5553 5554/1/5554 
f 5490/1/5490 5553/1/5553 2136/1/2136 2053/1/2053 
f 5549/1/5549 5548/1/5548 5555/1/5555 5554/1/5554 
f 2140/1/2140 5555/1/5555 5548/1/5548 2132/1/2132 
f 2137/1/2137 5554/1/5554 5555/1/5555 2140/1/2140 
f 5493/1/5493 5498/1/5498 5556/1/5556 5546/1/5546 
f 5540/1/5540 5556/1/5556 5498/1/5498 5497/1/5497 
f 2115/1/2115 2142/1/2142 5556/1/5556 5540/1/5540 
f 5546/1/5546 5556/1/5556 2142/1/2142 2132/1/2132 
f 5557/1/5557 5558/1/5558 5559/1/5559 5560/1/5560 
f 5561/1/5561 5559/1/5559 5558/1/5558 5562/1/5562 
f 4392/1/4392 4389/1/4389 5559/1/5559 5561/1/5561 
f 5560/1/5560 5559/1/5559 4389/1/4389 4382/1/4382 
f 5561/1/5561 5563/1/5563 4403/1/4403 4392/1/4392 
f 5563/1/5563 5561/1/5561 5562/1/5562 5564/1/5564 
f 5565/1/5565 5566/1/5566 5563/1/5563 5564/1/5564 
f 4403/1/4403 5563/1/5563 5566/1/5566 4406/1/4406 
f 4406/1/4406 5566/1/5566 5567/1/5567 4415/1/4415 
f 5568/1/5568 5567/1/5567 5566/1/5566 5565/1/5565 
f 5569/1/5569 5570/1/5570 5567/1/5567 5568/1/5568 
f 4415/1/4415 5567/1/5567 5570/1/5570 4418/1/4418 
f 4418/1/4418 5570/1/5570 5571/1/5571 4437/1/4437 
f 5572/1/5572 5571/1/5571 5570/1/5570 5569/1/5569 
f 5573/1/5573 5571/1/5571 5572/1/5572 5574/1/5574 
f 4413/1/4413 4437/1/4437 5571/1/5571 5573/1/5573 
f 2161/1/2161 5575/1/5575 5576/1/5576 2162/1/2162 
f 5560/1/5560 5576/1/5576 5575/1/5575 5557/1/5557 
f 4382/1/4382 4381/1/4381 5576/1/5576 5560/1/5560 
f 2162/1/2162 5576/1/5576 4381/1/4381 881/1/881 
f 5575/1/5575 2161/1/2161 2165/1/2165 
f 5577/1/5577 5578/1/5578 2165/1/2165 2170/1/2170 
f 5579/1/5579 5578/1/5578 5577/1/5577 5580/1/5580 
f 5578/1/5578 5579/1/5579 5557/1/5557 
f 5580/1/5580 5581/1/5581 5582/1/5582 5579/1/5579 
f 5583/1/5583 5582/1/5582 5581/1/5581 5584/1/5584 
f 5562/1/5562 5558/1/5558 5582/1/5582 5583/1/5583 
f 5579/1/5579 5582/1/5582 5558/1/5558 5557/1/5557 
f 5585/1/5585 5586/1/5586 5587/1/5587 5588/1/5588 
f 5564/1/5564 5587/1/5587 5586/1/5586 5565/1/5565 
f 5583/1/5583 5587/1/5587 5564/1/5564 5562/1/5562 
f 5583/1/5583 5584/1/5584 5588/1/5588 5587/1/5587 
f 5589/1/5589 5590/1/5590 5591/1/5591 5592/1/5592 
f 5568/1/5568 5591/1/5591 5590/1/5590 5569/1/5569 
f 5565/1/5565 5586/1/5586 5591/1/5591 5568/1/5568 
f 5592/1/5592 5591/1/5591 5586/1/5586 5585/1/5585 
f 5593/1/5593 5594/1/5594 5595/1/5595 5596/1/5596 
f 5574/1/5574 5572/1/5572 5594/1/5594 5593/1/5593 
f 5569/1/5569 5590/1/5590 5594/1/5594 5572/1/5572 
f 5595/1/5595 5594/1/5594 5590/1/5590 5589/1/5589 
f 2170/1/2170 2188/1/2188 5597/1/5597 5577/1/5577 
f 5598/1/5598 5597/1/5597 2188/1/2188 2190/1/2190 
f 5584/1/5584 5581/1/5581 5597/1/5597 5598/1/5598 
f 5577/1/5577 5597/1/5597 5581/1/5581 5580/1/5580 
f 5599/1/5599 5600/1/5600 5601/1/5601 5602/1/5602 
f 5588/1/5588 5601/1/5601 5600/1/5600 5585/1/5585 
f 5584/1/5584 5598/1/5598 5601/1/5601 5588/1/5588 
f 5602/1/5602 5601/1/5601 5598/1/5598 2190/1/2190 
f 2195/1/2195 5603/1/5603 5604/1/5604 2196/1/2196 
f 5599/1/5599 5602/1/5602 5604/1/5604 5603/1/5603 
f 2196/1/2196 5604/1/5604 5602/1/5602 2190/1/2190 
f 5605/1/5605 5606/1/5606 5607/1/5607 5608/1/5608 
f 5592/1/5592 5607/1/5607 5606/1/5606 5589/1/5589 
f 5585/1/5585 5600/1/5600 5607/1/5607 5592/1/5592 
f 5608/1/5608 5607/1/5607 5600/1/5600 5599/1/5599 
f 2203/1/2203 5609/1/5609 5610/1/5610 2204/1/2204 
f 5608/1/5608 5610/1/5610 5609/1/5609 5605/1/5605 
f 5599/1/5599 5603/1/5603 5610/1/5610 5608/1/5608 
f 2204/1/2204 5610/1/5610 5603/1/5603 2195/1/2195 
f 5611/1/5611 5612/1/5612 5606/1/5606 5605/1/5605 
f 5613/1/5613 5612/1/5612 5611/1/5611 5614/1/5614 
f 5596/1/5596 5595/1/5595 5612/1/5612 5613/1/5613 
f 5589/1/5589 5606/1/5606 5612/1/5612 5595/1/5595 
f 5615/1/5615 5616/1/5616 2211/1/2211 2214/1/2214 
f 5614/1/5614 5611/1/5611 5616/1/5616 5615/1/5615 
f 5605/1/5605 5609/1/5609 5616/1/5616 5611/1/5611 
f 2211/1/2211 5616/1/5616 5609/1/5609 2203/1/2203 
f 2214/1/2214 2216/1/2216 5617/1/5617 5615/1/5615 
f 5618/1/5618 5617/1/5617 2216/1/2216 2220/1/2220 
f 5619/1/5619 5620/1/5620 5617/1/5617 5618/1/5618 
f 5615/1/5615 5617/1/5617 5620/1/5620 5614/1/5614 
f 5613/1/5613 5621/1/5621 5622/1/5622 5596/1/5596 
f 5614/1/5614 5620/1/5620 5621/1/5621 5613/1/5613 
f 5619/1/5619 5623/1/5623 5621/1/5621 5620/1/5620 
f 5622/1/5622 5621/1/5621 5623/1/5623 5624/1/5624 
f 2220/1/2220 2226/1/2226 5625/1/5625 5618/1/5618 
f 5626/1/5626 5625/1/5625 2226/1/2226 2228/1/2228 
f 5624/1/5624 5623/1/5623 5625/1/5625 5626/1/5626 
f 5618/1/5618 5625/1/5625 5623/1/5623 5619/1/5619 
f 5624/1/5624 5627/1/5627 5628/1/5628 5622/1/5622 
f 5629/1/5629 5628/1/5628 5627/1/5627 5630/1/5630 
f 5593/1/5593 5628/1/5628 5629/1/5629 5574/1/5574 
f 5622/1/5622 5628/1/5628 5593/1/5593 5596/1/5596 
f 5574/1/5574 5629/1/5629 5631/1/5631 5573/1/5573 
f 5632/1/5632 5631/1/5631 5629/1/5629 5630/1/5630 
f 4310/1/4310 4414/1/4414 5631/1/5631 5632/1/5632 
f 5573/1/5573 5631/1/5631 4414/1/4414 4413/1/4413 
f 2228/1/2228 2236/1/2236 5633/1/5633 5626/1/5626 
f 5634/1/5634 5633/1/5633 2236/1/2236 2238/1/2238 
f 5630/1/5630 5627/1/5627 5633/1/5633 5634/1/5634 
f 5626/1/5626 5633/1/5633 5627/1/5627 5624/1/5624 
f 4310/1/4310 5632/1/5632 5635/1/5635 4305/1/4305 
f 5636/1/5636 5635/1/5635 5632/1/5632 5630/1/5630 
f 5637/1/5637 5638/1/5638 5635/1/5635 5636/1/5636 
f 4305/1/4305 5635/1/5635 5638/1/5638 4195/1/4195 
f 2243/1/2243 5639/1/5639 5640/1/5640 2244/1/2244 
f 5636/1/5636 5640/1/5640 5639/1/5639 5637/1/5637 
f 5634/1/5634 5640/1/5640 5636/1/5636 5630/1/5630 
f 2238/1/2238 2244/1/2244 5640/1/5640 5634/1/5634 
f 4195/1/4195 5638/1/5638 5641/1/5641 4189/1/4189 
f 5642/1/5642 5641/1/5641 5638/1/5638 5637/1/5637 
f 5643/1/5643 5644/1/5644 5641/1/5641 5642/1/5642 
f 4189/1/4189 5641/1/5641 5644/1/5644 4190/1/4190 
f 4190/1/4190 5644/1/5644 5645/1/5645 4197/1/4197 
f 5646/1/5646 5645/1/5645 5644/1/5644 5643/1/5643 
f 5530/1/5530 5529/1/5529 5645/1/5645 5646/1/5646 
f 4197/1/4197 5645/1/5645 5529/1/5529 4185/1/4185 
f 5637/1/5637 5639/1/5639 5647/1/5647 5642/1/5642 
f 2256/1/2256 5647/1/5647 5639/1/5639 2243/1/2243 
f 2255/1/2255 5648/1/5648 5647/1/5647 2256/1/2256 
f 5642/1/5642 5647/1/5647 5648/1/5648 5643/1/5643 
f 5524/1/5524 5531/1/5531 5649/1/5649 5527/1/5527 
f 5650/1/5650 5649/1/5649 5531/1/5531 5530/1/5530 
f 2259/1/2259 2258/1/2258 5649/1/5649 5650/1/5650 
f 5527/1/5527 5649/1/5649 2258/1/2258 2099/1/2099 
f 5643/1/5643 5648/1/5648 5651/1/5651 5646/1/5646 
f 2262/1/2262 5651/1/5651 5648/1/5648 2255/1/2255 
f 2259/1/2259 5650/1/5650 5651/1/5651 2262/1/2262 
f 5646/1/5646 5651/1/5651 5650/1/5650 5530/1/5530 
f 4216/1/4216 5652/1/5652 5653/1/5653 4215/1/4215 
f 5652/1/5652 4907/1/4907 4905/1/4905 
f 4270/1/4270 4268/1/4268 5653/1/5653 4905/1/4905 
f 4215/1/4215 5653/1/5653 4268/1/4268 4209/1/4209 
f 4240/1/4240 5654/1/5654 5655/1/5655 4238/1/4238 
f 5656/1/5656 5655/1/5655 5654/1/5654 5657/1/5657 
f 5655/1/5655 5656/1/5656 4216/1/4216 
f 4212/1/4212 4214/1/4214 4238/1/4238 
f 5034/1/5034 5658/1/5658 5659/1/5659 5032/1/5032 
f 5660/1/5660 5659/1/5659 5658/1/5658 5661/1/5661 
f 5657/1/5657 5654/1/5654 5659/1/5659 5660/1/5660 
f 5032/1/5032 5659/1/5659 5654/1/5654 4240/1/4240 
f 5046/1/5046 5662/1/5662 5663/1/5663 5045/1/5045 
f 5664/1/5664 5663/1/5663 5662/1/5662 5665/1/5665 
f 5661/1/5661 5658/1/5658 5663/1/5663 5664/1/5664 
f 5045/1/5045 5663/1/5663 5658/1/5658 5034/1/5034 
f 5050/1/5050 5666/1/5666 5667/1/5667 5048/1/5048 
f 5668/1/5668 5667/1/5667 5666/1/5666 5669/1/5669 
f 5665/1/5665 5662/1/5662 5667/1/5667 5668/1/5668 
f 5048/1/5048 5667/1/5667 5662/1/5662 5046/1/5046 
f 5670/1/5670 5671/1/5671 5672/1/5672 
f 5673/1/5673 4909/1/4909 4912/1/4912 
f 5670/1/5670 4912/1/4912 4893/1/4893 
f 4908/1/4908 4907/1/4907 5671/1/5671 
f 4909/1/4909 5673/1/5673 5674/1/5674 4916/1/4916 
f 5675/1/5675 5674/1/5674 5673/1/5673 5672/1/5672 
f 5676/1/5676 5677/1/5677 5674/1/5674 5675/1/5675 
f 4916/1/4916 5674/1/5674 5677/1/5677 4913/1/4913 
f 5678/1/5678 5656/1/5656 5657/1/5657 
f 5679/1/5679 5680/1/5680 5681/1/5681 
f 5678/1/5678 5681/1/5681 4907/1/4907 
f 5652/1/5652 4216/1/4216 5656/1/5656 
f 5660/1/5660 5682/1/5682 5679/1/5679 5657/1/5657 
f 5661/1/5661 5683/1/5683 5682/1/5682 5660/1/5660 
f 5684/1/5684 5685/1/5685 5682/1/5682 5683/1/5683 
f 5679/1/5679 5682/1/5682 5685/1/5685 5680/1/5680 
f 5664/1/5664 5686/1/5686 5683/1/5683 5661/1/5661 
f 5665/1/5665 5687/1/5687 5686/1/5686 5664/1/5664 
f 5688/1/5688 5686/1/5686 5687/1/5687 5689/1/5689 
f 5683/1/5683 5686/1/5686 5688/1/5688 5684/1/5684 
f 5669/1/5669 5690/1/5690 5691/1/5691 5668/1/5668 
f 5692/1/5692 5693/1/5693 5691/1/5691 5690/1/5690 
f 5689/1/5689 5687/1/5687 5691/1/5691 5693/1/5693 
f 5668/1/5668 5691/1/5691 5687/1/5687 5665/1/5665 
f 5694/1/5694 5695/1/5695 5696/1/5696 5697/1/5697 
f 5698/1/5698 5696/1/5696 5695/1/5695 5699/1/5699 
f 5693/1/5693 5696/1/5696 5698/1/5698 5689/1/5689 
f 5697/1/5697 5696/1/5696 5693/1/5693 5692/1/5692 
f 5684/1/5684 5688/1/5688 5700/1/5700 5701/1/5701 
f 5689/1/5689 5698/1/5698 5700/1/5700 5688/1/5688 
f 5699/1/5699 5702/1/5702 5700/1/5700 5698/1/5698 
f 5701/1/5701 5700/1/5700 5702/1/5702 5703/1/5703 
f 4920/1/4920 5704/1/5704 5705/1/5705 4919/1/4919 
f 5706/1/5706 5705/1/5705 5704/1/5704 5707/1/5707 
f 4302/1/4302 4900/1/4900 5705/1/5705 5706/1/5706 
f 4919/1/4919 5705/1/5705 4900/1/4900 4899/1/4899 
f 5676/1/5676 5708/1/5708 5709/1/5709 5677/1/5677 
f 5704/1/5704 5709/1/5709 5708/1/5708 5707/1/5707 
f 4920/1/4920 4918/1/4918 5709/1/5709 5704/1/5704 
f 5677/1/5677 5709/1/5709 4918/1/4918 4913/1/4913 
f 5710/1/5710 5706/1/5706 5707/1/5707 
f 5711/1/5711 4924/1/4924 4921/1/4921 
f 4304/1/4304 4303/1/4303 5710/1/5710 4921/1/4921 
f 5706/1/5706 5710/1/5710 4303/1/4303 4302/1/4302 
f 5712/1/5712 5675/1/5675 5672/1/5672 
f 5713/1/5713 5714/1/5714 5715/1/5715 
f 5707/1/5707 5708/1/5708 5712/1/5712 5715/1/5715 
f 5675/1/5675 5712/1/5712 5708/1/5708 5676/1/5676 
f 5716/1/5716 5681/1/5681 5680/1/5680 
f 5717/1/5717 5714/1/5714 5713/1/5713 
f 5716/1/5716 5713/1/5713 5672/1/5672 
f 5671/1/5671 4907/1/4907 5681/1/5681 
f 5703/1/5703 5718/1/5718 5719/1/5719 5701/1/5701 
f 5717/1/5717 5719/1/5719 5718/1/5718 5714/1/5714 
f 5680/1/5680 5685/1/5685 5719/1/5719 5717/1/5717 
f 5701/1/5701 5719/1/5719 5685/1/5685 5684/1/5684 
f 5714/1/5714 5720/1/5720 5721/1/5721 5715/1/5715 
f 5722/1/5722 5721/1/5721 5720/1/5720 5723/1/5723 
f 5721/1/5721 5722/1/5722 4924/1/4924 
f 5711/1/5711 5707/1/5707 5715/1/5715 
f 5724/1/5724 5725/1/5725 5726/1/5726 5727/1/5727 
f 4958/1/4958 5725/1/5725 5724/1/5724 4959/1/4959 
f 5725/1/5725 4958/1/4958 4929/1/4929 
f 4928/1/4928 4925/1/4925 5726/1/5726 
f 5728/1/5728 4923/1/4923 4924/1/4924 
f 5729/1/5729 5728/1/5728 5722/1/5722 5723/1/5723 
f 5728/1/5728 5729/1/5729 5727/1/5727 
f 5726/1/5726 4925/1/4925 4923/1/4923 
f 5730/1/5730 5724/1/5724 5727/1/5727 
f 5731/1/5731 5730/1/5730 5732/1/5732 5733/1/5733 
f 4968/1/4968 4965/1/4965 5730/1/5730 5731/1/5731 
f 5724/1/5724 5730/1/5730 4965/1/4965 4959/1/4959 
f 5733/1/5733 5734/1/5734 5735/1/5735 5731/1/5731 
f 5736/1/5736 5735/1/5735 5734/1/5734 5737/1/5737 
f 4964/1/4964 4970/1/4970 5735/1/5735 5736/1/5736 
f 5731/1/5731 5735/1/5735 4970/1/4970 4968/1/4968 
f 4964/1/4964 5736/1/5736 5738/1/5738 4963/1/4963 
f 5739/1/5739 5738/1/5738 5736/1/5736 5737/1/5737 
f 4890/1/4890 4942/1/4942 5738/1/5738 5739/1/5739 
f 4963/1/4963 5738/1/5738 4942/1/4942 4941/1/4941 
f 5739/1/5739 5740/1/5740 4889/1/4889 4890/1/4890 
f 5737/1/5737 5741/1/5741 5740/1/5740 5739/1/5739 
f 5742/1/5742 5740/1/5740 5741/1/5741 5743/1/5743 
f 4889/1/4889 5740/1/5740 5742/1/5742 4885/1/4885 
f 4885/1/4885 5742/1/5742 5744/1/5744 4886/1/4886 
f 5743/1/5743 5745/1/5745 5744/1/5744 5742/1/5742 
f 5746/1/5746 5747/1/5747 5744/1/5744 5745/1/5745 
f 4886/1/4886 5744/1/5744 5747/1/5747 4882/1/4882 
f 4882/1/4882 5747/1/5747 5748/1/5748 4881/1/4881 
f 5749/1/5749 5748/1/5748 5747/1/5747 5746/1/5746 
f 5750/1/5750 5751/1/5751 5748/1/5748 5749/1/5749 
f 5751/1/5751 4878/1/4878 4881/1/4881 
f 5752/1/5752 5753/1/5753 5751/1/5751 5750/1/5750 
f 5754/1/5754 5753/1/5753 5752/1/5752 5755/1/5755 
f 4873/1/4873 4877/1/4877 5753/1/5753 5754/1/5754 
f 4878/1/4878 5751/1/5751 5753/1/5753 4877/1/4877 
f 5755/1/5755 5756/1/5756 5757/1/5757 5754/1/5754 
f 5758/1/5758 5757/1/5757 5756/1/5756 5759/1/5759 
f 4869/1/4869 4874/1/4874 5757/1/5757 5758/1/5758 
f 5754/1/5754 5757/1/5757 4874/1/4874 4873/1/4873 
f 5759/1/5759 5760/1/5760 5761/1/5761 5758/1/5758 
f 5760/1/5760 5762/1/5762 5763/1/5763 
f 5761/1/5761 5763/1/5763 4864/1/4864 
f 5758/1/5758 5761/1/5761 4870/1/4870 4869/1/4869 
f 5764/1/5764 5765/1/5765 5766/1/5766 5767/1/5767 
f 5723/1/5723 5720/1/5720 5766/1/5766 5765/1/5765 
f 5720/1/5720 5714/1/5714 5767/1/5767 
f 5768/1/5768 5769/1/5769 5770/1/5770 5771/1/5771 
f 5767/1/5767 5770/1/5770 5769/1/5769 5764/1/5764 
f 5714/1/5714 5718/1/5718 5770/1/5770 5767/1/5767 
f 5771/1/5771 5770/1/5770 5718/1/5718 5703/1/5703 
f 5772/1/5772 5773/1/5773 5774/1/5774 5775/1/5775 
f 5771/1/5771 5774/1/5774 5773/1/5773 5768/1/5768 
f 5703/1/5703 5702/1/5702 5774/1/5774 5771/1/5771 
f 5775/1/5775 5774/1/5774 5702/1/5702 5699/1/5699 
f 5776/1/5776 5777/1/5777 5778/1/5778 5779/1/5779 
f 5775/1/5775 5777/1/5777 5776/1/5776 5772/1/5772 
f 5699/1/5699 5695/1/5695 5777/1/5777 5775/1/5775 
f 5777/1/5777 5695/1/5695 5694/1/5694 
f 5780/1/5780 5729/1/5729 5723/1/5723 
f 5765/1/5765 5764/1/5764 5781/1/5781 
f 5781/1/5781 5782/1/5782 5783/1/5783 
f 5783/1/5783 5727/1/5727 5729/1/5729 
f 5784/1/5784 5783/1/5783 5782/1/5782 
f 5785/1/5785 5784/1/5784 5786/1/5786 5787/1/5787 
f 5733/1/5733 5732/1/5732 5784/1/5784 5785/1/5785 
f 5732/1/5732 5727/1/5727 5783/1/5783 
f 5787/1/5787 5788/1/5788 5789/1/5789 5785/1/5785 
f 5790/1/5790 5789/1/5789 5788/1/5788 5791/1/5791 
f 5737/1/5737 5734/1/5734 5789/1/5789 5790/1/5790 
f 5785/1/5785 5789/1/5789 5734/1/5734 5733/1/5733 
f 5791/1/5791 5792/1/5792 5793/1/5793 5790/1/5790 
f 5794/1/5794 5793/1/5793 5792/1/5792 5795/1/5795 
f 5743/1/5743 5741/1/5741 5793/1/5793 5794/1/5794 
f 5790/1/5790 5793/1/5793 5741/1/5741 5737/1/5737 
f 5795/1/5795 5796/1/5796 5797/1/5797 5794/1/5794 
f 5798/1/5798 5797/1/5797 5796/1/5796 5799/1/5799 
f 5745/1/5745 5797/1/5797 5798/1/5798 5746/1/5746 
f 5794/1/5794 5797/1/5797 5745/1/5745 5743/1/5743 
f 5800/1/5800 5801/1/5801 5802/1/5802 5803/1/5803 
f 5749/1/5749 5802/1/5802 5801/1/5801 5750/1/5750 
f 5746/1/5746 5798/1/5798 5802/1/5802 5749/1/5749 
f 5803/1/5803 5802/1/5802 5798/1/5798 5799/1/5799 
f 5804/1/5804 5805/1/5805 5806/1/5806 5807/1/5807 
f 5752/1/5752 5806/1/5806 5805/1/5805 5755/1/5755 
f 5750/1/5750 5801/1/5801 5806/1/5806 5752/1/5752 
f 5807/1/5807 5806/1/5806 5801/1/5801 5800/1/5800 
f 5808/1/5808 5809/1/5809 5810/1/5810 5811/1/5811 
f 5756/1/5756 5810/1/5810 5809/1/5809 5759/1/5759 
f 5755/1/5755 5805/1/5805 5810/1/5810 5756/1/5756 
f 5811/1/5811 5810/1/5810 5805/1/5805 5804/1/5804 
f 5812/1/5812 5813/1/5813 5814/1/5814 5815/1/5815 
f 5760/1/5760 5814/1/5814 5813/1/5813 5762/1/5762 
f 5759/1/5759 5809/1/5809 5814/1/5814 5760/1/5760 
f 5815/1/5815 5814/1/5814 5809/1/5809 5808/1/5808 
f 2429/1/2429 5816/1/5816 5817/1/5817 2430/1/2430 
f 5818/1/5818 5816/1/5816 2429/1/2429 2432/1/2432 
f 5812/1/5812 5815/1/5815 5816/1/5816 5818/1/5818 
f 5808/1/5808 5817/1/5817 5816/1/5816 5815/1/5815 
f 5819/1/5819 5820/1/5820 5821/1/5821 5822/1/5822 
f 5823/1/5823 5821/1/5821 5820/1/5820 2438/1/2438 
f 5807/1/5807 5821/1/5821 5823/1/5823 5804/1/5804 
f 5822/1/5822 5821/1/5821 5807/1/5807 5800/1/5800 
f 5804/1/5804 5823/1/5823 5824/1/5824 5811/1/5811 
f 2440/1/2440 5824/1/5824 5823/1/5823 2438/1/2438 
f 2430/1/2430 5817/1/5817 5824/1/5824 2440/1/2440 
f 5811/1/5811 5824/1/5824 5817/1/5817 5808/1/5808 
f 5825/1/5825 5826/1/5826 5827/1/5827 5828/1/5828 
f 5822/1/5822 5827/1/5827 5826/1/5826 5819/1/5819 
f 5800/1/5800 5803/1/5803 5827/1/5827 5822/1/5822 
f 5828/1/5828 5827/1/5827 5803/1/5803 5799/1/5799 
f 5819/1/5819 5826/1/5826 5829/1/5829 5820/1/5820 
f 5830/1/5830 5829/1/5829 5826/1/5826 5825/1/5825 
f 2447/1/2447 2446/1/2446 5829/1/5829 5830/1/5830 
f 5820/1/5820 5829/1/5829 2446/1/2446 2438/1/2438 
f 5831/1/5831 5832/1/5832 5833/1/5833 5834/1/5834 
f 5828/1/5828 5833/1/5833 5832/1/5832 5825/1/5825 
f 5799/1/5799 5796/1/5796 5833/1/5833 5828/1/5828 
f 5834/1/5834 5833/1/5833 5796/1/5796 5795/1/5795 
f 5825/1/5825 5832/1/5832 5835/1/5835 5830/1/5830 
f 5836/1/5836 5835/1/5835 5832/1/5832 5831/1/5831 
f 2455/1/2455 2454/1/2454 5835/1/5835 5836/1/5836 
f 5830/1/5830 5835/1/5835 2454/1/2454 2447/1/2447 
f 5837/1/5837 5838/1/5838 5839/1/5839 5840/1/5840 
f 5834/1/5834 5839/1/5839 5838/1/5838 5831/1/5831 
f 5795/1/5795 5792/1/5792 5839/1/5839 5834/1/5834 
f 5840/1/5840 5839/1/5839 5792/1/5792 5791/1/5791 
f 5837/1/5837 5841/1/5841 5842/1/5842 5838/1/5838 
f 2463/1/2463 5842/1/5842 5841/1/5841 2464/1/2464 
f 2455/1/2455 5836/1/5836 5842/1/5842 2463/1/2463 
f 5831/1/5831 5838/1/5838 5842/1/5842 5836/1/5836 
f 5791/1/5791 5788/1/5788 5843/1/5843 5840/1/5840 
f 5844/1/5844 5843/1/5843 5788/1/5788 5787/1/5787 
f 5843/1/5843 5844/1/5844 5845/1/5845 
f 5840/1/5840 5843/1/5843 5846/1/5846 5837/1/5837 
f 5845/1/5845 5847/1/5847 5848/1/5848 5846/1/5846 
f 2471/1/2471 5848/1/5848 5847/1/5847 2472/1/2472 
f 2464/1/2464 5841/1/5841 5848/1/5848 2471/1/2471 
f 5846/1/5846 5848/1/5848 5841/1/5841 5837/1/5837 
f 5849/1/5849 5850/1/5850 5851/1/5851 5852/1/5852 
f 5850/1/5850 5845/1/5845 5844/1/5844 
f 5787/1/5787 5786/1/5786 5851/1/5851 5844/1/5844 
f 5786/1/5786 5782/1/5782 5852/1/5852 
f 5850/1/5850 5849/1/5849 5853/1/5853 
f 2479/1/2479 5854/1/5854 5853/1/5853 2480/1/2480 
f 2472/1/2472 5847/1/5847 5854/1/5854 2479/1/2479 
f 5847/1/5847 5845/1/5845 5850/1/5850 
f 5855/1/5855 5856/1/5856 5857/1/5857 5858/1/5858 
f 5852/1/5852 5857/1/5857 5856/1/5856 5849/1/5849 
f 5782/1/5782 5781/1/5781 5857/1/5857 5852/1/5852 
f 5858/1/5858 5857/1/5857 5781/1/5781 5764/1/5764 
f 5849/1/5849 5856/1/5856 5859/1/5859 5853/1/5853 
f 5860/1/5860 5859/1/5859 5856/1/5856 5855/1/5855 
f 2487/1/2487 2486/1/2486 5859/1/5859 5860/1/5860 
f 5853/1/5853 5859/1/5859 2486/1/2486 2480/1/2480 
f 5764/1/5764 5769/1/5769 5861/1/5861 5858/1/5858 
f 5862/1/5862 5861/1/5861 5769/1/5769 5768/1/5768 
f 5863/1/5863 5864/1/5864 5861/1/5861 5862/1/5862 
f 5858/1/5858 5861/1/5861 5864/1/5864 5855/1/5855 
f 5855/1/5855 5864/1/5864 5865/1/5865 5860/1/5860 
f 5866/1/5866 5865/1/5865 5864/1/5864 5863/1/5863 
f 2495/1/2495 2494/1/2494 5865/1/5865 5866/1/5866 
f 5860/1/5860 5865/1/5865 2494/1/2494 2487/1/2487 
f 5768/1/5768 5773/1/5773 5867/1/5867 5862/1/5862 
f 5868/1/5868 5867/1/5867 5773/1/5773 5772/1/5772 
f 5869/1/5869 5870/1/5870 5867/1/5867 5868/1/5868 
f 5862/1/5862 5867/1/5867 5870/1/5870 5863/1/5863 
f 5863/1/5863 5870/1/5870 5871/1/5871 5866/1/5866 
f 5872/1/5872 5871/1/5871 5870/1/5870 5869/1/5869 
f 2503/1/2503 2502/1/2502 5871/1/5871 5872/1/5872 
f 5866/1/5866 5871/1/5871 2502/1/2502 2495/1/2495 
f 5772/1/5772 5776/1/5776 5873/1/5873 5868/1/5868 
f 5874/1/5874 5873/1/5873 5776/1/5776 5779/1/5779 
f 5875/1/5875 5876/1/5876 5873/1/5873 5874/1/5874 
f 5868/1/5868 5873/1/5873 5876/1/5876 5869/1/5869 
f 5869/1/5869 5876/1/5876 5877/1/5877 5872/1/5872 
f 5878/1/5878 5877/1/5877 5876/1/5876 5875/1/5875 
f 2512/1/2512 2510/1/2510 5877/1/5877 5878/1/5878 
f 5872/1/5872 5877/1/5877 2510/1/2510 2503/1/2503 
f 1150/1/1150 2514/1/2514 5879/1/5879 4623/1/4623 
f 5880/1/5880 5879/1/5879 2514/1/2514 2518/1/2518 
f 5881/1/5881 5882/1/5882 5879/1/5879 5880/1/5880 
f 4623/1/4623 5879/1/5879 5882/1/5882 4624/1/4624 
f 5883/1/5883 5884/1/5884 5885/1/5885 5886/1/5886 
f 5887/1/5887 5884/1/5884 5883/1/5883 5888/1/5888 
f 2523/1/2523 5884/1/5884 5887/1/5887 2524/1/2524 
f 2522/1/2522 5885/1/5885 5884/1/5884 2523/1/2523 
f 5889/1/5889 5890/1/5890 5891/1/5891 5892/1/5892 
f 5893/1/5893 5891/1/5891 5890/1/5890 5894/1/5894 
f 5895/1/5895 5896/1/5896 5891/1/5891 5893/1/5893 
f 5892/1/5892 5891/1/5891 5896/1/5896 5897/1/5897 
f 2518/1/2518 2538/1/2538 5898/1/5898 5880/1/5880 
f 2524/1/2524 5887/1/5887 5898/1/5898 2538/1/2538 
f 5888/1/5888 5899/1/5899 5898/1/5898 5887/1/5887 
f 5880/1/5880 5898/1/5898 5899/1/5899 5881/1/5881 
f 5881/1/5881 5899/1/5899 5900/1/5900 5901/1/5901 
f 5902/1/5902 5900/1/5900 5899/1/5899 5888/1/5888 
f 5903/1/5903 5904/1/5904 5900/1/5900 5902/1/5902 
f 5901/1/5901 5900/1/5900 5904/1/5904 5905/1/5905 
f 5905/1/5905 5904/1/5904 5906/1/5906 5907/1/5907 
f 5908/1/5908 5906/1/5906 5904/1/5904 5903/1/5903 
f 5889/1/5889 5892/1/5892 5906/1/5906 5908/1/5908 
f 5907/1/5907 5906/1/5906 5892/1/5892 5897/1/5897 
f 5909/1/5909 5910/1/5910 5911/1/5911 5912/1/5912 
f 5913/1/5913 5914/1/5914 5911/1/5911 5910/1/5910 
f 5666/1/5666 5911/1/5911 5914/1/5914 5669/1/5669 
f 5912/1/5912 5911/1/5911 5666/1/5666 5050/1/5050 
f 5895/1/5895 5915/1/5915 5916/1/5916 5896/1/5896 
f 5917/1/5917 5916/1/5916 5915/1/5915 5918/1/5918 
f 5919/1/5919 5916/1/5916 5917/1/5917 5920/1/5920 
f 5897/1/5897 5896/1/5896 5916/1/5916 5919/1/5919 
f 5921/1/5921 5922/1/5922 5923/1/5923 5924/1/5924 
f 5921/1/5921 5925/1/5925 5926/1/5926 
f 5922/1/5922 5926/1/5926 5006/1/5006 
f 5003/1/5003 4993/1/4993 5923/1/5923 
f 4979/1/4979 5927/1/5927 5928/1/5928 4992/1/4992 
f 5929/1/5929 5928/1/5928 5927/1/5927 5930/1/5930 
f 5923/1/5923 5928/1/5928 5929/1/5929 5924/1/5924 
f 4992/1/4992 5928/1/5928 5923/1/5923 4993/1/4993 
f 3735/1/3735 3746/1/3746 5931/1/5931 4982/1/4982 
f 5932/1/5932 5931/1/5931 3746/1/3746 3745/1/3745 
f 5930/1/5930 5927/1/5927 5931/1/5931 5932/1/5932 
f 4982/1/4982 5931/1/5931 5927/1/5927 4979/1/4979 
f 3745/1/3745 5933/1/5933 5934/1/5934 5932/1/5932 
f 5935/1/5935 5934/1/5934 5933/1/5933 5936/1/5936 
f 5937/1/5937 5938/1/5938 5934/1/5934 5935/1/5935 
f 5932/1/5932 5934/1/5934 5938/1/5938 5930/1/5930 
f 5930/1/5930 5938/1/5938 5939/1/5939 5929/1/5929 
f 5940/1/5940 5939/1/5939 5938/1/5938 5937/1/5937 
f 5941/1/5941 5942/1/5942 5939/1/5939 5940/1/5940 
f 5942/1/5942 5924/1/5924 5929/1/5929 
f 5941/1/5941 5943/1/5943 5944/1/5944 5942/1/5942 
f 5945/1/5945 5944/1/5944 5943/1/5943 5946/1/5946 
f 5947/1/5947 5948/1/5948 5944/1/5944 5945/1/5945 
f 5942/1/5942 5944/1/5944 5948/1/5948 5924/1/5924 
f 5945/1/5945 5949/1/5949 5950/1/5950 5947/1/5947 
f 5946/1/5946 5951/1/5951 5949/1/5949 5945/1/5945 
f 5952/1/5952 5949/1/5949 5951/1/5951 5953/1/5953 
f 5950/1/5950 5949/1/5949 5952/1/5952 5918/1/5918 
f 5920/1/5920 5917/1/5917 5954/1/5954 5955/1/5955 
f 5952/1/5952 5954/1/5954 5917/1/5917 5918/1/5918 
f 5953/1/5953 5956/1/5956 5954/1/5954 5952/1/5952 
f 5955/1/5955 5954/1/5954 5956/1/5956 5957/1/5957 
f 4551/1/4551 5958/1/5958 5959/1/5959 4550/1/4550 
f 5960/1/5960 5959/1/5959 5958/1/5958 5957/1/5957 
f 5961/1/5961 5962/1/5962 5959/1/5959 5960/1/5960 
f 4550/1/4550 5959/1/5959 5962/1/5962 4511/1/4511 
f 5963/1/5963 5964/1/5964 5965/1/5965 
f 5966/1/5966 5961/1/5961 5960/1/5960 
f 5957/1/5957 5956/1/5956 5963/1/5963 5960/1/5960 
f 5964/1/5964 5963/1/5963 5956/1/5956 5953/1/5953 
f 5967/1/5967 5968/1/5968 5969/1/5969 5970/1/5970 
f 5912/1/5912 5969/1/5969 5968/1/5968 5909/1/5909 
f 5050/1/5050 5049/1/5049 5969/1/5969 5912/1/5912 
f 5970/1/5970 5969/1/5969 5049/1/5049 5041/1/5041 
f 5971/1/5971 5972/1/5972 5973/1/5973 5974/1/5974 
f 5910/1/5910 5973/1/5973 5972/1/5972 5913/1/5913 
f 5909/1/5909 5975/1/5975 5973/1/5973 5910/1/5910 
f 5974/1/5974 5973/1/5973 5975/1/5975 5976/1/5976 
f 5977/1/5977 5978/1/5978 5979/1/5979 5980/1/5980 
f 5974/1/5974 5979/1/5979 5978/1/5978 5971/1/5971 
f 5976/1/5976 5981/1/5981 5979/1/5979 5974/1/5974 
f 5980/1/5980 5979/1/5979 5981/1/5981 5894/1/5894 
f 5982/1/5982 5983/1/5983 5984/1/5984 5985/1/5985 
f 5975/1/5975 5984/1/5984 5983/1/5983 5976/1/5976 
f 5909/1/5909 5968/1/5968 5984/1/5984 5975/1/5975 
f 5985/1/5985 5984/1/5984 5968/1/5968 5967/1/5967 
f 5893/1/5893 5986/1/5986 5987/1/5987 5895/1/5895 
f 5894/1/5894 5981/1/5981 5986/1/5986 5893/1/5893 
f 5988/1/5988 5986/1/5986 5981/1/5981 5976/1/5976 
f 5987/1/5987 5986/1/5986 5988/1/5988 5989/1/5989 
f 5947/1/5947 5990/1/5990 5991/1/5991 5948/1/5948 
f 5992/1/5992 5991/1/5991 5990/1/5990 5989/1/5989 
f 5925/1/5925 5921/1/5921 5991/1/5991 5992/1/5992 
f 5924/1/5924 5948/1/5948 5991/1/5991 5921/1/5921 
f 5918/1/5918 5915/1/5915 5993/1/5993 5950/1/5950 
f 5987/1/5987 5993/1/5993 5915/1/5915 5895/1/5895 
f 5989/1/5989 5990/1/5990 5993/1/5993 5987/1/5987 
f 5950/1/5950 5993/1/5993 5990/1/5990 5947/1/5947 
f 5994/1/5994 5926/1/5926 5925/1/5925 
f 5995/1/5995 5994/1/5994 5996/1/5996 5997/1/5997 
f 5018/1/5018 5015/1/5015 5994/1/5994 5995/1/5995 
f 5926/1/5926 5994/1/5994 5015/1/5015 5006/1/5006 
f 5997/1/5997 5998/1/5998 5999/1/5999 5995/1/5995 
f 6000/1/6000 5999/1/5999 5998/1/5998 6001/1/6001 
f 5030/1/5030 5029/1/5029 5999/1/5999 6000/1/6000 
f 5995/1/5995 5999/1/5999 5029/1/5029 5018/1/5018 
f 6002/1/6002 6000/1/6000 6001/1/6001 
f 5970/1/5970 6002/1/6002 6003/1/6003 5967/1/5967 
f 6002/1/6002 5970/1/5970 5041/1/5041 
f 6000/1/6000 6002/1/6002 5039/1/5039 5030/1/5030 
f 6004/1/6004 6005/1/6005 6006/1/6006 6007/1/6007 
f 6001/1/6001 5998/1/5998 6005/1/6005 6004/1/6004 
f 5997/1/5997 6006/1/6006 6005/1/6005 5998/1/5998 
f 5967/1/5967 6003/1/6003 6008/1/6008 5985/1/5985 
f 6004/1/6004 6008/1/6008 6003/1/6003 6001/1/6001 
f 6007/1/6007 6009/1/6009 6008/1/6008 6004/1/6004 
f 5985/1/5985 6008/1/6008 6009/1/6009 5982/1/5982 
f 5982/1/5982 6009/1/6009 6010/1/6010 5983/1/5983 
f 6011/1/6011 6010/1/6010 6009/1/6009 6007/1/6007 
f 5989/1/5989 5988/1/5988 6010/1/6010 6011/1/6011 
f 5983/1/5983 6010/1/6010 5988/1/5988 5976/1/5976 
f 6007/1/6007 6006/1/6006 6012/1/6012 6011/1/6011 
f 5996/1/5996 6012/1/6012 6006/1/6006 5997/1/5997 
f 5992/1/5992 6012/1/6012 5996/1/5996 5925/1/5925 
f 6011/1/6011 6012/1/6012 5992/1/5992 5989/1/5989 
f 3840/1/3840 6013/1/6013 6014/1/6014 3839/1/3839 
f 6015/1/6015 6014/1/6014 6013/1/6013 6016/1/6016 
f 3804/1/3804 3801/1/3801 6014/1/6014 6015/1/6015 
f 3839/1/3839 6014/1/6014 3801/1/3801 3800/1/3800 
f 3880/1/3880 6017/1/6017 6018/1/6018 3879/1/3879 
f 6019/1/6019 6018/1/6018 6017/1/6017 6020/1/6020 
f 6016/1/6016 6013/1/6013 6018/1/6018 6019/1/6019 
f 3879/1/3879 6018/1/6018 6013/1/6013 3840/1/3840 
f 6021/1/6021 6022/1/6022 6023/1/6023 6024/1/6024 
f 6017/1/6017 6023/1/6023 6022/1/6022 6020/1/6020 
f 3880/1/3880 4505/1/4505 6023/1/6023 6017/1/6017 
f 6024/1/6024 6023/1/6023 4505/1/4505 4504/1/4504 
f 6025/1/6025 6026/1/6026 6027/1/6027 6028/1/6028 
f 6024/1/6024 6027/1/6027 6026/1/6026 6021/1/6021 
f 4504/1/4504 4513/1/4513 6027/1/6027 6024/1/6024 
f 6028/1/6028 6027/1/6027 4513/1/4513 4512/1/4512 
f 6029/1/6029 6030/1/6030 6031/1/6031 
f 6032/1/6032 6031/1/6031 5965/1/5965 
f 6032/1/6032 5964/1/5964 5953/1/5953 
f 5951/1/5951 5946/1/5946 6029/1/6029 
f 6033/1/6033 6034/1/6034 6035/1/6035 6036/1/6036 
f 6034/1/6034 6030/1/6030 6029/1/6029 
f 6035/1/6035 6029/1/6029 5946/1/5946 
f 6036/1/6036 6035/1/6035 5943/1/5943 5941/1/5941 
f 6037/1/6037 6038/1/6038 6039/1/6039 6040/1/6040 
f 4508/1/4508 6039/1/6039 6038/1/6038 4512/1/4512 
f 4511/1/4511 5962/1/5962 6039/1/6039 4508/1/4508 
f 6040/1/6040 6039/1/6039 5962/1/5962 5961/1/5961 
f 6030/1/6030 6041/1/6041 6042/1/6042 6031/1/6031 
f 6040/1/6040 6042/1/6042 6041/1/6041 6037/1/6037 
f 5961/1/5961 5966/1/5966 6042/1/6042 6040/1/6040 
f 6031/1/6031 6042/1/6042 5966/1/5966 5965/1/5965 
f 6043/1/6043 6044/1/6044 6045/1/6045 6046/1/6046 
f 6028/1/6028 6045/1/6045 6044/1/6044 6025/1/6025 
f 4512/1/4512 6038/1/6038 6045/1/6045 6028/1/6028 
f 6046/1/6046 6045/1/6045 6038/1/6038 6037/1/6037 
f 5937/1/5937 6047/1/6047 6048/1/6048 5940/1/5940 
f 6049/1/6049 6048/1/6048 6047/1/6047 6050/1/6050 
f 6033/1/6033 6036/1/6036 6048/1/6048 6049/1/6049 
f 5940/1/5940 6048/1/6048 6036/1/6036 5941/1/5941 
f 6051/1/6051 6034/1/6034 6033/1/6033 
f 6052/1/6052 6051/1/6051 6053/1/6053 6054/1/6054 
f 6037/1/6037 6041/1/6041 6051/1/6051 6052/1/6052 
f 6041/1/6041 6030/1/6030 6034/1/6034 
f 6054/1/6054 6055/1/6055 6056/1/6056 6052/1/6052 
f 6057/1/6057 6058/1/6058 6056/1/6056 6055/1/6055 
f 6046/1/6046 6056/1/6056 6058/1/6058 6043/1/6043 
f 6052/1/6052 6056/1/6056 6046/1/6046 6037/1/6037 
f 5935/1/5935 6059/1/6059 6047/1/6047 5937/1/5937 
f 6060/1/6060 6059/1/6059 5935/1/5935 5936/1/5936 
f 6050/1/6050 6047/1/6047 6059/1/6059 6060/1/6060 
f 6049/1/6049 6061/1/6061 6053/1/6053 6033/1/6033 
f 6050/1/6050 6062/1/6062 6061/1/6061 6049/1/6049 
f 6063/1/6063 6061/1/6061 6062/1/6062 6064/1/6064 
f 6054/1/6054 6053/1/6053 6061/1/6061 6063/1/6063 
f 6064/1/6064 6065/1/6065 6066/1/6066 6063/1/6063 
f 6067/1/6067 6066/1/6066 6065/1/6065 6068/1/6068 
f 6055/1/6055 6066/1/6066 6067/1/6067 6057/1/6057 
f 6063/1/6063 6066/1/6066 6055/1/6055 6054/1/6054 
f 6069/1/6069 6070/1/6070 6071/1/6071 6072/1/6072 
f 3803/1/3803 6071/1/6071 6070/1/6070 3744/1/3744 
f 3804/1/3804 6073/1/6073 6071/1/6071 3803/1/3803 
f 6072/1/6072 6071/1/6071 6073/1/6073 6074/1/6074 
f 3744/1/3744 6070/1/6070 6075/1/6075 3743/1/3743 
f 6076/1/6076 6075/1/6075 6070/1/6070 6069/1/6069 
f 5936/1/5936 5933/1/5933 6075/1/6075 6076/1/6076 
f 3743/1/3743 6075/1/6075 5933/1/5933 3745/1/3745 
f 5936/1/5936 6077/1/6077 6078/1/6078 6060/1/6060 
f 6079/1/6079 6078/1/6078 6077/1/6077 6080/1/6080 
f 6064/1/6064 6062/1/6062 6078/1/6078 6079/1/6079 
f 6060/1/6060 6078/1/6078 6062/1/6062 6050/1/6050 
f 6080/1/6080 6081/1/6081 6082/1/6082 6079/1/6079 
f 6083/1/6083 6082/1/6082 6081/1/6081 6084/1/6084 
f 6068/1/6068 6065/1/6065 6082/1/6082 6083/1/6083 
f 6079/1/6079 6082/1/6082 6065/1/6065 6064/1/6064 
f 6016/1/6016 6085/1/6085 6086/1/6086 6015/1/6015 
f 6087/1/6087 6086/1/6086 6085/1/6085 6088/1/6088 
f 6074/1/6074 6073/1/6073 6086/1/6086 6087/1/6087 
f 6015/1/6015 6086/1/6086 6073/1/6073 3804/1/3804 
f 6069/1/6069 6089/1/6089 6090/1/6090 6076/1/6076 
f 6091/1/6091 6090/1/6090 6089/1/6089 6092/1/6092 
f 6080/1/6080 6077/1/6077 6090/1/6090 6091/1/6091 
f 6076/1/6076 6090/1/6090 6077/1/6077 5936/1/5936 
f 6074/1/6074 6087/1/6087 6093/1/6093 6072/1/6072 
f 6094/1/6094 6093/1/6093 6087/1/6087 6088/1/6088 
f 6092/1/6092 6089/1/6089 6093/1/6093 6094/1/6094 
f 6072/1/6072 6093/1/6093 6089/1/6089 6069/1/6069 
f 6092/1/6092 6095/1/6095 6096/1/6096 6091/1/6091 
f 6097/1/6097 6096/1/6096 6095/1/6095 6098/1/6098 
f 6084/1/6084 6081/1/6081 6096/1/6096 6097/1/6097 
f 6091/1/6091 6096/1/6096 6081/1/6081 6080/1/6080 
f 6088/1/6088 6099/1/6099 6100/1/6100 6094/1/6094 
f 6101/1/6101 6100/1/6100 6099/1/6099 6102/1/6102 
f 6098/1/6098 6095/1/6095 6100/1/6100 6101/1/6101 
f 6094/1/6094 6100/1/6100 6095/1/6095 6092/1/6092 
f 6020/1/6020 6103/1/6103 6104/1/6104 6019/1/6019 
f 6105/1/6105 6104/1/6104 6103/1/6103 6106/1/6106 
f 6088/1/6088 6085/1/6085 6104/1/6104 6105/1/6105 
f 6019/1/6019 6104/1/6104 6085/1/6085 6016/1/6016 
f 6022/1/6022 6107/1/6107 6103/1/6103 6020/1/6020 
f 6108/1/6108 6107/1/6107 6022/1/6022 6021/1/6021 
f 6109/1/6109 6110/1/6110 6107/1/6107 6108/1/6108 
f 6106/1/6106 6103/1/6103 6107/1/6107 6110/1/6110 
f 6106/1/6106 6111/1/6111 6112/1/6112 6105/1/6105 
f 6113/1/6113 6112/1/6112 6111/1/6111 6114/1/6114 
f 6102/1/6102 6099/1/6099 6112/1/6112 6113/1/6113 
f 6105/1/6105 6112/1/6112 6099/1/6099 6088/1/6088 
f 6021/1/6021 6026/1/6026 6115/1/6115 6108/1/6108 
f 6116/1/6116 6115/1/6115 6026/1/6026 6025/1/6025 
f 6117/1/6117 6118/1/6118 6115/1/6115 6116/1/6116 
f 6108/1/6108 6115/1/6115 6118/1/6118 6109/1/6109 
f 6119/1/6119 6120/1/6120 6110/1/6110 6109/1/6109 
f 6121/1/6121 6122/1/6122 6120/1/6120 6119/1/6119 
f 6114/1/6114 6111/1/6111 6120/1/6120 6122/1/6122 
f 6110/1/6110 6120/1/6120 6111/1/6111 6106/1/6106 
f 6025/1/6025 6044/1/6044 6123/1/6123 6116/1/6116 
f 6124/1/6124 6123/1/6123 6044/1/6044 6043/1/6043 
f 6125/1/6125 6126/1/6126 6123/1/6123 6124/1/6124 
f 6116/1/6116 6123/1/6123 6126/1/6126 6117/1/6117 
f 6127/1/6127 6128/1/6128 6129/1/6129 6130/1/6130 
f 6119/1/6119 6129/1/6129 6128/1/6128 6121/1/6121 
f 6109/1/6109 6118/1/6118 6129/1/6129 6119/1/6119 
f 6130/1/6130 6129/1/6129 6118/1/6118 6117/1/6117 
f 6131/1/6131 6132/1/6132 6133/1/6133 6134/1/6134 
f 6124/1/6124 6133/1/6133 6132/1/6132 6125/1/6125 
f 6043/1/6043 6058/1/6058 6133/1/6133 6124/1/6124 
f 6134/1/6134 6133/1/6133 6058/1/6058 6057/1/6057 
f 6135/1/6135 6136/1/6136 6137/1/6137 6138/1/6138 
f 6134/1/6134 6137/1/6137 6136/1/6136 6131/1/6131 
f 6057/1/6057 6067/1/6067 6137/1/6137 6134/1/6134 
f 6068/1/6068 6138/1/6138 6137/1/6137 6067/1/6067 
f 6117/1/6117 6126/1/6126 6139/1/6139 6130/1/6130 
f 6140/1/6140 6139/1/6139 6126/1/6126 6125/1/6125 
f 6141/1/6141 6142/1/6142 6139/1/6139 6140/1/6140 
f 6130/1/6130 6139/1/6139 6142/1/6142 6127/1/6127 
f 6084/1/6084 6143/1/6143 6144/1/6144 6083/1/6083 
f 6145/1/6145 6144/1/6144 6143/1/6143 6146/1/6146 
f 6135/1/6135 6138/1/6138 6144/1/6144 6145/1/6145 
f 6083/1/6083 6144/1/6144 6138/1/6138 6068/1/6068 
f 6147/1/6147 6148/1/6148 6149/1/6149 
f 6140/1/6140 6147/1/6147 6150/1/6150 6141/1/6141 
f 6125/1/6125 6132/1/6132 6147/1/6147 6140/1/6140 
f 6148/1/6148 6147/1/6147 6132/1/6132 6131/1/6131 
f 6146/1/6146 6151/1/6151 6152/1/6152 6145/1/6145 
f 6148/1/6148 6152/1/6152 6151/1/6151 6149/1/6149 
f 6131/1/6131 6136/1/6136 6152/1/6152 6148/1/6148 
f 6145/1/6145 6152/1/6152 6136/1/6136 6135/1/6135 
f 6098/1/6098 6153/1/6153 6154/1/6154 6097/1/6097 
f 6155/1/6155 6154/1/6154 6153/1/6153 6156/1/6156 
f 6146/1/6146 6143/1/6143 6154/1/6154 6155/1/6155 
f 6097/1/6097 6154/1/6154 6143/1/6143 6084/1/6084 
f 6102/1/6102 6157/1/6157 6158/1/6158 6101/1/6101 
f 6159/1/6159 6158/1/6158 6157/1/6157 6160/1/6160 
f 6156/1/6156 6153/1/6153 6158/1/6158 6159/1/6159 
f 6101/1/6101 6158/1/6158 6153/1/6153 6098/1/6098 
f 6156/1/6156 6161/1/6161 6162/1/6162 6155/1/6155 
f 6151/1/6151 6162/1/6162 6161/1/6161 6149/1/6149 
f 6155/1/6155 6162/1/6162 6151/1/6151 6146/1/6146 
f 6160/1/6160 6163/1/6163 6164/1/6164 6159/1/6159 
f 6165/1/6165 6164/1/6164 6163/1/6163 6166/1/6166 
f 6149/1/6149 6161/1/6161 6164/1/6164 6165/1/6165 
f 6159/1/6159 6164/1/6164 6161/1/6161 6156/1/6156 
f 6165/1/6165 6167/1/6167 6150/1/6150 6149/1/6149 
f 6166/1/6166 6168/1/6168 6167/1/6167 6165/1/6165 
f 6169/1/6169 6170/1/6170 6167/1/6167 6168/1/6168 
f 6150/1/6150 6167/1/6167 6170/1/6170 6141/1/6141 
f 6171/1/6171 6172/1/6172 6168/1/6168 6166/1/6166 
f 6173/1/6173 6174/1/6174 6172/1/6172 6171/1/6171 
f 6175/1/6175 6176/1/6176 6172/1/6172 6174/1/6174 
f 6168/1/6168 6172/1/6172 6176/1/6176 6169/1/6169 
f 6141/1/6141 6170/1/6170 6177/1/6177 6142/1/6142 
f 6178/1/6178 6177/1/6177 6170/1/6170 6169/1/6169 
f 6179/1/6179 6177/1/6177 6178/1/6178 6180/1/6180 
f 6127/1/6127 6142/1/6142 6177/1/6177 6179/1/6179 
f 6180/1/6180 6181/1/6181 6182/1/6182 6179/1/6179 
f 6183/1/6183 6182/1/6182 6181/1/6181 6184/1/6184 
f 6121/1/6121 6128/1/6128 6182/1/6182 6183/1/6183 
f 6179/1/6179 6182/1/6182 6128/1/6128 6127/1/6127 
f 6185/1/6185 6186/1/6186 6187/1/6187 
f 6185/1/6185 6188/1/6188 6173/1/6173 
f 6166/1/6166 6163/1/6163 6185/1/6185 6171/1/6171 
f 6186/1/6186 6185/1/6185 6163/1/6163 6160/1/6160 
f 6114/1/6114 6189/1/6189 6190/1/6190 6113/1/6113 
f 6186/1/6186 6190/1/6190 6189/1/6189 6187/1/6187 
f 6160/1/6160 6157/1/6157 6190/1/6190 6186/1/6186 
f 6113/1/6113 6190/1/6190 6157/1/6157 6102/1/6102 
f 6184/1/6184 6191/1/6191 6192/1/6192 6183/1/6183 
f 6187/1/6187 6189/1/6189 6192/1/6192 6191/1/6191 
f 6122/1/6122 6192/1/6192 6189/1/6189 6114/1/6114 
f 6183/1/6183 6192/1/6192 6122/1/6122 6121/1/6121 
f 6193/1/6193 6194/1/6194 6195/1/6195 
f 6196/1/6196 6187/1/6187 6191/1/6191 
f 6184/1/6184 6181/1/6181 6193/1/6193 6191/1/6191 
f 6194/1/6194 6193/1/6193 6181/1/6181 6180/1/6180 
f 6173/1/6173 6188/1/6188 6197/1/6197 6174/1/6174 
f 6196/1/6196 6197/1/6197 6188/1/6188 6187/1/6187 
f 6197/1/6197 6196/1/6196 6195/1/6195 
f 6174/1/6174 6197/1/6197 6198/1/6198 6175/1/6175 
f 6175/1/6175 6198/1/6198 6199/1/6199 6176/1/6176 
f 6195/1/6195 6194/1/6194 6199/1/6199 6198/1/6198 
f 6180/1/6180 6178/1/6178 6199/1/6199 6194/1/6194 
f 6176/1/6176 6199/1/6199 6178/1/6178 6169/1/6169 
f 6200/1/6200 6201/1/6201 6202/1/6202 
f 4567/1/4567 6200/1/6200 6203/1/6203 4568/1/4568 
f 4564/1/4564 4580/1/4580 6200/1/6200 4567/1/4567 
f 6201/1/6201 6200/1/6200 4580/1/4580 4583/1/4583 
f 4645/1/4645 6204/1/6204 6205/1/6205 4646/1/4646 
f 6201/1/6201 6205/1/6205 6204/1/6204 6202/1/6202 
f 4641/1/4641 6205/1/6205 6201/1/6201 4583/1/4583 
f 4642/1/4642 4646/1/4646 6205/1/6205 4641/1/4641 
f 4651/1/4651 6206/1/6206 6207/1/6207 4652/1/4652 
f 6208/1/6208 6207/1/6207 6206/1/6206 6209/1/6209 
f 6202/1/6202 6204/1/6204 6207/1/6207 
f 4652/1/4652 6207/1/6207 6204/1/6204 4645/1/4645 
f 4528/1/4528 4569/1/4569 6210/1/6210 4535/1/4535 
f 6211/1/6211 6210/1/6210 4569/1/4569 4568/1/4568 
f 6212/1/6212 6213/1/6213 6210/1/6210 6211/1/6211 
f 4535/1/4535 6210/1/6210 6213/1/6213 4532/1/4532 
f 4568/1/4568 6203/1/6203 6214/1/6214 6211/1/6211 
f 6215/1/6215 6214/1/6214 6203/1/6203 6202/1/6202 
f 6216/1/6216 6217/1/6217 6214/1/6214 6215/1/6215 
f 6211/1/6211 6214/1/6214 6217/1/6217 6212/1/6212 
f 6209/1/6209 6218/1/6218 6219/1/6219 6208/1/6208 
f 6215/1/6215 6219/1/6219 6218/1/6218 6216/1/6216 
f 6219/1/6219 6215/1/6215 6202/1/6202 
f 4532/1/4532 6213/1/6213 6220/1/6220 4539/1/4539 
f 6221/1/6221 6220/1/6220 6213/1/6213 6212/1/6212 
f 6222/1/6222 6223/1/6223 6220/1/6220 6221/1/6221 
f 4539/1/4539 6220/1/6220 6223/1/6223 4536/1/4536 
f 4651/1/4651 4654/1/4654 6224/1/6224 6206/1/6206 
f 6225/1/6225 6224/1/6224 4654/1/4654 4653/1/4653 
f 6226/1/6226 6227/1/6227 6224/1/6224 6225/1/6225 
f 6209/1/6209 6206/1/6206 6224/1/6224 6227/1/6227 
f 6228/1/6228 6221/1/6221 6212/1/6212 
f 6229/1/6229 6228/1/6228 6217/1/6217 6216/1/6216 
f 6230/1/6230 6231/1/6231 6228/1/6228 6229/1/6229 
f 6231/1/6231 6222/1/6222 6221/1/6221 
f 6226/1/6226 6232/1/6232 6233/1/6233 6227/1/6227 
f 6229/1/6229 6233/1/6233 6232/1/6232 6230/1/6230 
f 6216/1/6216 6218/1/6218 6233/1/6233 6229/1/6229 
f 6227/1/6227 6233/1/6233 6218/1/6218 6209/1/6209 
f 6234/1/6234 6235/1/6235 6223/1/6223 6222/1/6222 
f 6234/1/6234 6236/1/6236 6237/1/6237 
f 4543/1/4543 4540/1/4540 6235/1/6235 6237/1/6237 
f 4536/1/4536 6223/1/6223 6235/1/6235 4540/1/4540 
f 4653/1/4653 4658/1/4658 6238/1/6238 6225/1/6225 
f 6239/1/6239 6238/1/6238 4658/1/4658 4657/1/4657 
f 6240/1/6240 6241/1/6241 6238/1/6238 6239/1/6239 
f 6225/1/6225 6238/1/6238 6241/1/6241 6226/1/6226 
f 6242/1/6242 6243/1/6243 6231/1/6231 6230/1/6230 
f 6244/1/6244 6243/1/6243 6242/1/6242 6245/1/6245 
f 6243/1/6243 6244/1/6244 6236/1/6236 
f 6243/1/6243 6234/1/6234 6222/1/6222 
f 6226/1/6226 6241/1/6241 6246/1/6246 6232/1/6232 
f 6247/1/6247 6246/1/6246 6241/1/6241 6240/1/6240 
f 6245/1/6245 6242/1/6242 6246/1/6246 6247/1/6247 
f 6230/1/6230 6232/1/6232 6246/1/6246 6242/1/6242 
f 6248/1/6248 6237/1/6237 6236/1/6236 
f 6249/1/6249 6248/1/6248 6250/1/6250 6251/1/6251 
f 4545/1/4545 4544/1/4544 6248/1/6248 6249/1/6249 
f 6237/1/6237 6248/1/6248 4544/1/4544 4543/1/4543 
f 6245/1/6245 6252/1/6252 6253/1/6253 6244/1/6244 
f 6254/1/6254 6253/1/6253 6252/1/6252 6255/1/6255 
f 6251/1/6251 6250/1/6250 6253/1/6253 6254/1/6254 
f 6244/1/6244 6253/1/6253 6250/1/6250 6236/1/6236 
f 6256/1/6256 6257/1/6257 6258/1/6258 6259/1/6259 
f 5955/1/5955 6258/1/6258 6257/1/6257 5920/1/5920 
f 5957/1/5957 5958/1/5958 6258/1/6258 5955/1/5955 
f 6259/1/6259 6258/1/6258 5958/1/5958 4551/1/4551 
f 6251/1/6251 6260/1/6260 6261/1/6261 6249/1/6249 
f 6260/1/6260 6256/1/6256 6259/1/6259 
f 4551/1/4551 4548/1/4548 6261/1/6261 6259/1/6259 
f 6249/1/6249 6261/1/6261 4548/1/4548 4545/1/4545 
f 6255/1/6255 6262/1/6262 6263/1/6263 6254/1/6254 
f 6264/1/6264 6263/1/6263 6262/1/6262 6265/1/6265 
f 6263/1/6263 6264/1/6264 6256/1/6256 
f 6254/1/6254 6263/1/6263 6260/1/6260 6251/1/6251 
f 4657/1/4657 4662/1/4662 6266/1/6266 6239/1/6239 
f 6267/1/6267 6266/1/6266 4662/1/4662 4661/1/4661 
f 6268/1/6268 6269/1/6269 6266/1/6266 6267/1/6267 
f 6239/1/6239 6266/1/6266 6269/1/6269 6240/1/6240 
f 6240/1/6240 6269/1/6269 6270/1/6270 6247/1/6247 
f 6271/1/6271 6270/1/6270 6269/1/6269 6268/1/6268 
f 6255/1/6255 6252/1/6252 6270/1/6270 6271/1/6271 
f 6247/1/6247 6270/1/6270 6252/1/6252 6245/1/6245 
f 5920/1/5920 6257/1/6257 6272/1/6272 5919/1/5919 
f 6273/1/6273 6272/1/6272 6257/1/6257 6256/1/6256 
f 6274/1/6274 6275/1/6275 6272/1/6272 6273/1/6273 
f 5919/1/5919 6272/1/6272 6275/1/6275 5897/1/5897 
f 5905/1/5905 6276/1/6276 6277/1/6277 5901/1/5901 
f 6278/1/6278 6277/1/6277 6276/1/6276 6279/1/6279 
f 4624/1/4624 5882/1/5882 6277/1/6277 6278/1/6278 
f 5901/1/5901 6277/1/6277 5882/1/5882 5881/1/5881 
f 6280/1/6280 6264/1/6264 6265/1/6265 
f 6281/1/6281 6282/1/6282 6283/1/6283 
f 6283/1/6283 6274/1/6274 6273/1/6273 
f 6273/1/6273 6256/1/6256 6264/1/6264 
f 6276/1/6276 6284/1/6284 6285/1/6285 6279/1/6279 
f 5907/1/5907 6284/1/6284 6276/1/6276 5905/1/5905 
f 5897/1/5897 6275/1/6275 6284/1/6284 5907/1/5907 
f 6285/1/6285 6284/1/6284 6275/1/6275 6274/1/6274 
f 6282/1/6282 6286/1/6286 6287/1/6287 6283/1/6283 
f 6285/1/6285 6287/1/6287 6286/1/6286 6279/1/6279 
f 6274/1/6274 6283/1/6283 6287/1/6287 6285/1/6285 
f 4661/1/4661 6288/1/6288 6289/1/6289 6267/1/6267 
f 6286/1/6286 6289/1/6289 6288/1/6288 6279/1/6279 
f 6282/1/6282 6290/1/6290 6289/1/6289 6286/1/6286 
f 6267/1/6267 6289/1/6289 6290/1/6290 6268/1/6268 
f 4620/1/4620 4625/1/4625 6291/1/6291 4664/1/4664 
f 6278/1/6278 6291/1/6291 4625/1/4625 4624/1/4624 
f 6279/1/6279 6288/1/6288 6291/1/6291 6278/1/6278 
f 4664/1/4664 6291/1/6291 6288/1/6288 4661/1/4661 
f 6268/1/6268 6290/1/6290 6292/1/6292 6271/1/6271 
f 6281/1/6281 6292/1/6292 6290/1/6290 6282/1/6282 
f 6265/1/6265 6262/1/6262 6292/1/6292 6281/1/6281 
f 6271/1/6271 6292/1/6292 6262/1/6262 6255/1/6255 
f 6293/1/6293 6294/1/6294 4818/1/4818 4817/1/4817 
f 6295/1/6295 6294/1/6294 6293/1/6293 6296/1/6296 
f 2936/1/2936 2935/1/2935 6294/1/6294 6295/1/6295 
f 4818/1/4818 6294/1/6294 2935/1/2935 1353/1/1353 
f 6297/1/6297 6293/1/6293 4817/1/4817 
f 4822/1/4822 4821/1/4821 6298/1/6298 
f 6299/1/6299 6300/1/6300 6297/1/6297 6298/1/6298 
f 6296/1/6296 6293/1/6293 6297/1/6297 6300/1/6300 
f 6296/1/6296 6300/1/6300 6301/1/6301 6295/1/6295 
f 6302/1/6302 6301/1/6301 6300/1/6300 6299/1/6299 
f 2945/1/2945 2944/1/2944 6301/1/6301 6302/1/6302 
f 6295/1/6295 6301/1/6301 2944/1/2944 2936/1/2936 
f 6303/1/6303 6304/1/6304 4828/1/4828 4827/1/4827 
f 6305/1/6305 6304/1/6304 6303/1/6303 6306/1/6306 
f 6298/1/6298 6304/1/6304 6305/1/6305 6299/1/6299 
f 4821/1/4821 4828/1/4828 6304/1/6304 6298/1/6298 
f 4831/1/4831 4862/1/4862 6307/1/6307 4832/1/4832 
f 6308/1/6308 6307/1/6307 4862/1/4862 4866/1/4866 
f 6306/1/6306 6303/1/6303 6307/1/6307 6308/1/6308 
f 6303/1/6303 4827/1/4827 4832/1/4832 
f 4866/1/4866 6309/1/6309 6310/1/6310 6308/1/6308 
f 6309/1/6309 2958/1/2958 2957/1/2957 
f 2956/1/2956 6311/1/6311 6310/1/6310 2957/1/2957 
f 6308/1/6308 6310/1/6310 6311/1/6311 6306/1/6306 
f 6312/1/6312 5763/1/5763 5762/1/5762 
f 6309/1/6309 6312/1/6312 6313/1/6313 2958/1/2958 
f 4866/1/4866 4865/1/4865 6312/1/6312 6309/1/6309 
f 5763/1/5763 6312/1/6312 4865/1/4865 4864/1/4864 
f 2432/1/2432 2962/1/2962 6314/1/6314 5818/1/5818 
f 6313/1/6313 6314/1/6314 2962/1/2962 2958/1/2958 
f 5762/1/5762 5813/1/5813 6314/1/6314 6313/1/6313 
f 5818/1/5818 6314/1/6314 5813/1/5813 5812/1/5812 
f 6299/1/6299 6305/1/6305 6315/1/6315 6302/1/6302 
f 6306/1/6306 6311/1/6311 6315/1/6315 6305/1/6305 
f 2956/1/2956 2964/1/2964 6315/1/6315 6311/1/6311 
f 6302/1/6302 6315/1/6315 2964/1/2964 2945/1/2945 
f 6316/1/6316 6317/1/6317 6318/1/6318 6319/1/6319 
f 5980/1/5980 6318/1/6318 6317/1/6317 5977/1/5977 
f 5894/1/5894 5890/1/5890 6318/1/6318 5980/1/5980 
f 6319/1/6319 6318/1/6318 5890/1/5890 5889/1/5889 
f 6319/1/6319 6320/1/6320 6321/1/6321 6316/1/6316 
f 5889/1/5889 5908/1/5908 6320/1/6320 6319/1/6319 
f 5903/1/5903 6322/1/6322 6320/1/6320 5908/1/5908 
f 6323/1/6323 6321/1/6321 6320/1/6320 6322/1/6322 
f 5888/1/5888 5883/1/5883 6324/1/6324 5902/1/5902 
f 5886/1/5886 6325/1/6325 6324/1/6324 5883/1/5883 
f 6322/1/6322 6324/1/6324 6325/1/6325 6323/1/6323 
f 5902/1/5902 6324/1/6324 6322/1/6322 5903/1/5903 
f 6326/1/6326 6327/1/6327 6328/1/6328 6329/1/6329 
f 6330/1/6330 6328/1/6328 6327/1/6327 6331/1/6331 
f 6328/1/6328 6330/1/6330 6332/1/6332 
f 6333/1/6333 6329/1/6329 6328/1/6328 6334/1/6334 
f 6331/1/6331 6327/1/6327 6335/1/6335 6336/1/6336 
f 6337/1/6337 6335/1/6335 6327/1/6327 6326/1/6326 
f 6338/1/6338 6339/1/6339 6335/1/6335 6337/1/6337 
f 6339/1/6339 6340/1/6340 6336/1/6336 
f 6341/1/6341 6342/1/6342 6343/1/6343 6344/1/6344 
f 6345/1/6345 6343/1/6343 6342/1/6342 6346/1/6346 
f 6347/1/6347 6348/1/6348 6343/1/6343 6345/1/6345 
f 6344/1/6344 6343/1/6343 6348/1/6348 6349/1/6349 
f 6349/1/6349 6348/1/6348 6350/1/6350 6351/1/6351 
f 6352/1/6352 6350/1/6350 6348/1/6348 6347/1/6347 
f 6353/1/6353 6354/1/6354 6350/1/6350 6352/1/6352 
f 6351/1/6351 6350/1/6350 6354/1/6354 6355/1/6355 
f 6344/1/6344 6356/1/6356 6357/1/6357 6341/1/6341 
f 6349/1/6349 6358/1/6358 6356/1/6356 6344/1/6344 
f 3007/1/3007 6356/1/6356 6358/1/6358 3009/1/3009 
f 3008/1/3008 6357/1/6357 6356/1/6356 3007/1/3007 
f 3009/1/3009 6358/1/6358 6359/1/6359 3011/1/3011 
f 6351/1/6351 6359/1/6359 6358/1/6358 6349/1/6349 
f 6355/1/6355 6360/1/6360 6359/1/6359 6351/1/6351 
f 3011/1/3011 6359/1/6359 6360/1/6360 3013/1/3013 
f 6340/1/6340 6339/1/6339 6361/1/6361 6362/1/6362 
f 6363/1/6363 6361/1/6361 6339/1/6339 6338/1/6338 
f 6364/1/6364 6365/1/6365 6361/1/6361 6363/1/6363 
f 6365/1/6365 6366/1/6366 6362/1/6362 
f 6338/1/6338 6367/1/6367 6368/1/6368 6363/1/6363 
f 6369/1/6369 6368/1/6368 6367/1/6367 6370/1/6370 
f 6353/1/6353 6371/1/6371 6368/1/6368 6369/1/6369 
f 6363/1/6363 6368/1/6368 6371/1/6371 6364/1/6364 
f 6345/1/6345 6372/1/6372 6373/1/6373 6347/1/6347 
f 6346/1/6346 6374/1/6374 6372/1/6372 6345/1/6345 
f 6366/1/6366 6365/1/6365 6372/1/6372 6374/1/6374 
f 6373/1/6373 6372/1/6372 6365/1/6365 6364/1/6364 
f 6364/1/6364 6371/1/6371 6375/1/6375 6373/1/6373 
f 6352/1/6352 6375/1/6375 6371/1/6371 6353/1/6353 
f 6347/1/6347 6373/1/6373 6375/1/6375 6352/1/6352 
f 3030/1/3030 6376/1/6376 6377/1/6377 3031/1/3031 
f 6378/1/6378 6377/1/6377 6376/1/6376 6379/1/6379 
f 6380/1/6380 6381/1/6381 6377/1/6377 6378/1/6378 
f 3031/1/3031 6377/1/6377 6381/1/6381 3035/1/3035 
f 6379/1/6379 6382/1/6382 6383/1/6383 6378/1/6378 
f 6384/1/6384 6383/1/6383 6382/1/6382 6385/1/6385 
f 6386/1/6386 6387/1/6387 6383/1/6383 6384/1/6384 
f 6378/1/6378 6383/1/6383 6387/1/6387 6380/1/6380 
f 6388/1/6388 6389/1/6389 6390/1/6390 6391/1/6391 
f 6392/1/6392 6393/1/6393 6389/1/6389 6388/1/6388 
f 6393/1/6393 6386/1/6386 6384/1/6384 
f 6389/1/6389 6384/1/6384 6385/1/6385 
f 6394/1/6394 6395/1/6395 6396/1/6396 6397/1/6397 
f 6398/1/6398 6396/1/6396 6395/1/6395 6399/1/6399 
f 6400/1/6400 6401/1/6401 6396/1/6396 6398/1/6398 
f 6397/1/6397 6396/1/6396 6401/1/6401 6402/1/6402 
f 6399/1/6399 6403/1/6403 6404/1/6404 6398/1/6398 
f 6405/1/6405 6404/1/6404 6403/1/6403 6406/1/6406 
f 6407/1/6407 6408/1/6408 6404/1/6404 6405/1/6405 
f 6398/1/6398 6404/1/6404 6408/1/6408 6400/1/6400 
f 6406/1/6406 6409/1/6409 6410/1/6410 6405/1/6405 
f 6411/1/6411 6410/1/6410 6409/1/6409 6412/1/6412 
f 6413/1/6413 6414/1/6414 6410/1/6410 6411/1/6411 
f 6405/1/6405 6410/1/6410 6414/1/6414 6407/1/6407 
f 6412/1/6412 6415/1/6415 6416/1/6416 6411/1/6411 
f 6417/1/6417 6416/1/6416 6415/1/6415 6418/1/6418 
f 6419/1/6419 6420/1/6420 6416/1/6416 6417/1/6417 
f 6411/1/6411 6416/1/6416 6420/1/6420 6413/1/6413 
f 6418/1/6418 6421/1/6421 6422/1/6422 6417/1/6417 
f 3081/1/3081 6422/1/6422 6421/1/6421 3083/1/3083 
f 3082/1/3082 6423/1/6423 6422/1/6422 3081/1/3081 
f 6417/1/6417 6422/1/6422 6423/1/6423 6419/1/6419 
f 3087/1/3087 3086/1/3086 6424/1/6424 6425/1/6425 
f 5878/1/5878 6424/1/6424 3086/1/3086 2512/1/2512 
f 5875/1/5875 6426/1/6426 6424/1/6424 5878/1/5878 
f 6425/1/6425 6424/1/6424 6426/1/6426 6427/1/6427 
f 6428/1/6428 6429/1/6429 6379/1/6379 
f 3095/1/3095 6428/1/6428 6376/1/6376 3030/1/3030 
f 3094/1/3094 6430/1/6430 6428/1/6428 3095/1/3095 
f 6429/1/6429 6428/1/6428 6430/1/6430 6431/1/6431 
f 3087/1/3087 6425/1/6425 6432/1/6432 3096/1/3096 
f 6433/1/6433 6432/1/6432 6425/1/6425 6427/1/6427 
f 6434/1/6434 6435/1/6435 6432/1/6432 6433/1/6433 
f 3096/1/3096 6432/1/6432 6435/1/6435 3099/1/3099 
f 6431/1/6431 6430/1/6430 6436/1/6436 6437/1/6437 
f 3104/1/3104 6436/1/6436 6430/1/6430 3094/1/3094 
f 3099/1/3099 6435/1/6435 6436/1/6436 3104/1/3104 
f 6437/1/6437 6436/1/6436 6435/1/6435 6434/1/6434 
f 6427/1/6427 6426/1/6426 6438/1/6438 6439/1/6439 
f 5874/1/5874 6438/1/6438 6426/1/6426 5875/1/5875 
f 6440/1/6440 6438/1/6438 5874/1/5874 5779/1/5779 
f 6441/1/6441 6439/1/6439 6438/1/6438 6440/1/6440 
f 6385/1/6385 6382/1/6382 6442/1/6442 6443/1/6443 
f 6429/1/6429 6442/1/6442 6382/1/6382 6379/1/6379 
f 6431/1/6431 6444/1/6444 6442/1/6442 6429/1/6429 
f 6443/1/6443 6442/1/6442 6444/1/6444 6445/1/6445 
f 6427/1/6427 6439/1/6439 6446/1/6446 6433/1/6433 
f 6447/1/6447 6446/1/6446 6439/1/6439 6441/1/6441 
f 6448/1/6448 6449/1/6449 6446/1/6446 6447/1/6447 
f 6449/1/6449 6434/1/6434 6433/1/6433 
f 6445/1/6445 6444/1/6444 6450/1/6450 6451/1/6451 
f 6437/1/6437 6450/1/6450 6444/1/6444 6431/1/6431 
f 6450/1/6450 6437/1/6437 6434/1/6434 
f 6451/1/6451 6450/1/6450 6449/1/6449 6448/1/6448 
f 5779/1/5779 5778/1/5778 6452/1/6452 6440/1/6440 
f 6453/1/6453 6452/1/6452 5778/1/5778 5694/1/5694 
f 6454/1/6454 6455/1/6455 6452/1/6452 6453/1/6453 
f 6440/1/6440 6452/1/6452 6455/1/6455 6441/1/6441 
f 6443/1/6443 6456/1/6456 6390/1/6390 6385/1/6385 
f 6445/1/6445 6457/1/6457 6456/1/6456 6443/1/6443 
f 6458/1/6458 6456/1/6456 6457/1/6457 6459/1/6459 
f 6391/1/6391 6390/1/6390 6456/1/6456 6458/1/6458 
f 6441/1/6441 6455/1/6455 6460/1/6460 6447/1/6447 
f 6461/1/6461 6460/1/6460 6455/1/6455 6454/1/6454 
f 6462/1/6462 6463/1/6463 6460/1/6460 6461/1/6461 
f 6463/1/6463 6448/1/6448 6447/1/6447 
f 6459/1/6459 6457/1/6457 6464/1/6464 6465/1/6465 
f 6451/1/6451 6464/1/6464 6457/1/6457 6445/1/6445 
f 6448/1/6448 6463/1/6463 6464/1/6464 6451/1/6451 
f 6463/1/6463 6462/1/6462 6465/1/6465 
f 6466/1/6466 6467/1/6467 6468/1/6468 6469/1/6469 
f 5690/1/5690 6468/1/6468 6467/1/6467 5692/1/5692 
f 5669/1/5669 5914/1/5914 6468/1/6468 5690/1/5690 
f 6469/1/6469 6468/1/6468 5914/1/5914 5913/1/5913 
f 6453/1/6453 6470/1/6470 6471/1/6471 6454/1/6454 
f 5697/1/5697 6470/1/6470 6453/1/6453 5694/1/5694 
f 5692/1/5692 6467/1/6467 6470/1/6470 5697/1/5697 
f 6466/1/6466 6471/1/6471 6470/1/6470 6467/1/6467 
f 6472/1/6472 6473/1/6473 6474/1/6474 6475/1/6475 
f 6458/1/6458 6474/1/6474 6473/1/6473 6391/1/6391 
f 6459/1/6459 6476/1/6476 6474/1/6474 6458/1/6458 
f 6475/1/6475 6474/1/6474 6476/1/6476 6477/1/6477 
f 6477/1/6477 6476/1/6476 6478/1/6478 6479/1/6479 
f 6465/1/6465 6478/1/6478 6476/1/6476 6459/1/6459 
f 6462/1/6462 6480/1/6480 6478/1/6478 6465/1/6465 
f 6479/1/6479 6478/1/6478 6480/1/6480 6481/1/6481 
f 6481/1/6481 6480/1/6480 6482/1/6482 6483/1/6483 
f 6461/1/6461 6482/1/6482 6480/1/6480 6462/1/6462 
f 6454/1/6454 6471/1/6471 6482/1/6482 6461/1/6461 
f 6483/1/6483 6482/1/6482 6471/1/6471 6466/1/6466 
f 6484/1/6484 6485/1/6485 6486/1/6486 6487/1/6487 
f 6475/1/6475 6486/1/6486 6485/1/6485 6472/1/6472 
f 6477/1/6477 6488/1/6488 6486/1/6486 6475/1/6475 
f 6487/1/6487 6486/1/6486 6488/1/6488 6489/1/6489 
f 6466/1/6466 6490/1/6490 6491/1/6491 6483/1/6483 
f 6492/1/6492 6491/1/6491 6490/1/6490 6493/1/6493 
f 6494/1/6494 6495/1/6495 6491/1/6491 6492/1/6492 
f 6483/1/6483 6491/1/6491 6495/1/6495 6481/1/6481 
f 6489/1/6489 6488/1/6488 6496/1/6496 6497/1/6497 
f 6479/1/6479 6496/1/6496 6488/1/6488 6477/1/6477 
f 6481/1/6481 6495/1/6495 6496/1/6496 6479/1/6479 
f 6497/1/6497 6496/1/6496 6495/1/6495 6494/1/6494 
f 6394/1/6394 6498/1/6498 6499/1/6499 6500/1/6500 
f 6487/1/6487 6499/1/6499 6498/1/6498 6484/1/6484 
f 6489/1/6489 6501/1/6501 6499/1/6499 6487/1/6487 
f 6500/1/6500 6499/1/6499 6501/1/6501 6502/1/6502 
f 6502/1/6502 6501/1/6501 6503/1/6503 6504/1/6504 
f 6497/1/6497 6503/1/6503 6501/1/6501 6489/1/6489 
f 6494/1/6494 6505/1/6505 6503/1/6503 6497/1/6497 
f 6504/1/6504 6503/1/6503 6505/1/6505 6506/1/6506 
f 6506/1/6506 6505/1/6505 6507/1/6507 6508/1/6508 
f 6492/1/6492 6507/1/6507 6505/1/6505 6494/1/6494 
f 6493/1/6493 6509/1/6509 6507/1/6507 6492/1/6492 
f 6508/1/6508 6507/1/6507 6509/1/6509 6510/1/6510 
f 6490/1/6490 6511/1/6511 6509/1/6509 6493/1/6493 
f 6469/1/6469 6511/1/6511 6490/1/6490 6466/1/6466 
f 6511/1/6511 6469/1/6469 5913/1/5913 
f 6510/1/6510 6509/1/6509 6511/1/6511 6512/1/6512 
f 6399/1/6399 6395/1/6395 6513/1/6513 6514/1/6514 
f 6500/1/6500 6513/1/6513 6395/1/6395 6394/1/6394 
f 6502/1/6502 6515/1/6515 6513/1/6513 6500/1/6500 
f 6514/1/6514 6513/1/6513 6515/1/6515 6516/1/6516 
f 6517/1/6517 6518/1/6518 6519/1/6519 6520/1/6520 
f 6506/1/6506 6508/1/6508 6519/1/6519 6518/1/6518 
f 6520/1/6520 6519/1/6519 6508/1/6508 6510/1/6510 
f 6516/1/6516 6515/1/6515 6521/1/6521 6522/1/6522 
f 6504/1/6504 6521/1/6521 6515/1/6515 6502/1/6502 
f 6506/1/6506 6518/1/6518 6521/1/6521 6504/1/6504 
f 6522/1/6522 6521/1/6521 6518/1/6518 6517/1/6517 
f 6512/1/6512 6523/1/6523 6524/1/6524 6510/1/6510 
f 5972/1/5972 6523/1/6523 6512/1/6512 5913/1/5913 
f 6525/1/6525 6523/1/6523 5972/1/5972 5971/1/5971 
f 6526/1/6526 6524/1/6524 6523/1/6523 6525/1/6525 
f 6406/1/6406 6403/1/6403 6527/1/6527 6528/1/6528 
f 6514/1/6514 6527/1/6527 6403/1/6403 6399/1/6399 
f 6516/1/6516 6529/1/6529 6527/1/6527 6514/1/6514 
f 6528/1/6528 6527/1/6527 6529/1/6529 6530/1/6530 
f 6510/1/6510 6524/1/6524 6531/1/6531 6520/1/6520 
f 6532/1/6532 6531/1/6531 6524/1/6524 6526/1/6526 
f 6533/1/6533 6534/1/6534 6531/1/6531 6532/1/6532 
f 6520/1/6520 6531/1/6531 6534/1/6534 6517/1/6517 
f 6530/1/6530 6529/1/6529 6535/1/6535 6536/1/6536 
f 6522/1/6522 6535/1/6535 6529/1/6529 6516/1/6516 
f 6517/1/6517 6534/1/6534 6535/1/6535 6522/1/6522 
f 6536/1/6536 6535/1/6535 6534/1/6534 6533/1/6533 
f 6316/1/6316 6537/1/6537 6538/1/6538 6317/1/6317 
f 6539/1/6539 6538/1/6538 6537/1/6537 6540/1/6540 
f 5977/1/5977 6317/1/6317 6538/1/6538 6539/1/6539 
f 6525/1/6525 6541/1/6541 6542/1/6542 6526/1/6526 
f 5971/1/5971 5978/1/5978 6541/1/6541 6525/1/6525 
f 6539/1/6539 6541/1/6541 5978/1/5978 5977/1/5977 
f 6540/1/6540 6542/1/6542 6541/1/6541 6539/1/6539 
f 6412/1/6412 6409/1/6409 6543/1/6543 6544/1/6544 
f 6528/1/6528 6543/1/6543 6409/1/6409 6406/1/6406 
f 6530/1/6530 6545/1/6545 6543/1/6543 6528/1/6528 
f 6544/1/6544 6543/1/6543 6545/1/6545 6546/1/6546 
f 6526/1/6526 6542/1/6542 6547/1/6547 6532/1/6532 
f 6548/1/6548 6547/1/6547 6542/1/6542 6540/1/6540 
f 6549/1/6549 6550/1/6550 6547/1/6547 6548/1/6548 
f 6532/1/6532 6547/1/6547 6550/1/6550 6533/1/6533 
f 6546/1/6546 6545/1/6545 6551/1/6551 6552/1/6552 
f 6536/1/6536 6551/1/6551 6545/1/6545 6530/1/6530 
f 6533/1/6533 6550/1/6550 6551/1/6551 6536/1/6536 
f 6552/1/6552 6551/1/6551 6550/1/6550 6549/1/6549 
f 6316/1/6316 6321/1/6321 6553/1/6553 6537/1/6537 
f 6554/1/6554 6553/1/6553 6321/1/6321 6323/1/6323 
f 6555/1/6555 6556/1/6556 6553/1/6553 6554/1/6554 
f 6537/1/6537 6553/1/6553 6556/1/6556 6540/1/6540 
f 6554/1/6554 6557/1/6557 6558/1/6558 6555/1/6555 
f 6323/1/6323 6325/1/6325 6557/1/6557 6554/1/6554 
f 5886/1/5886 6558/1/6558 6557/1/6557 6325/1/6325 
f 6418/1/6418 6415/1/6415 6559/1/6559 6560/1/6560 
f 6544/1/6544 6559/1/6559 6415/1/6415 6412/1/6412 
f 6546/1/6546 6561/1/6561 6559/1/6559 6544/1/6544 
f 6560/1/6560 6559/1/6559 6561/1/6561 6562/1/6562 
f 6540/1/6540 6556/1/6556 6563/1/6563 6548/1/6548 
f 6564/1/6564 6563/1/6563 6556/1/6556 6555/1/6555 
f 6565/1/6565 6566/1/6566 6563/1/6563 6564/1/6564 
f 6548/1/6548 6563/1/6563 6566/1/6566 6549/1/6549 
f 6562/1/6562 6561/1/6561 6567/1/6567 6568/1/6568 
f 6552/1/6552 6567/1/6567 6561/1/6561 6546/1/6546 
f 6549/1/6549 6566/1/6566 6567/1/6567 6552/1/6552 
f 6568/1/6568 6567/1/6567 6566/1/6566 6565/1/6565 
f 5886/1/5886 5885/1/5885 6569/1/6569 6558/1/6558 
f 3238/1/3238 6569/1/6569 5885/1/5885 2522/1/2522 
f 3239/1/3239 6570/1/6570 6569/1/6569 3238/1/3238 
f 6558/1/6558 6569/1/6569 6570/1/6570 6555/1/6555 
f 3240/1/3240 6571/1/6571 6572/1/6572 3241/1/3241 
f 6564/1/6564 6572/1/6572 6571/1/6571 6565/1/6565 
f 6555/1/6555 6570/1/6570 6572/1/6572 6564/1/6564 
f 3241/1/3241 6572/1/6572 6570/1/6570 3239/1/3239 
f 3083/1/3083 6421/1/6421 6573/1/6573 3244/1/3244 
f 6560/1/6560 6573/1/6573 6421/1/6421 6418/1/6418 
f 6562/1/6562 6574/1/6574 6573/1/6573 6560/1/6560 
f 3244/1/3244 6573/1/6573 6574/1/6574 3246/1/3246 
f 3246/1/3246 6574/1/6574 6575/1/6575 3248/1/3248 
f 6568/1/6568 6575/1/6575 6574/1/6574 6562/1/6562 
f 6565/1/6565 6571/1/6571 6575/1/6575 6568/1/6568 
f 3248/1/3248 6575/1/6575 6571/1/6571 3240/1/3240 
f 3250/1/3250 3253/1/3253 6576/1/6576 6577/1/6577 
f 3013/1/3013 6360/1/6360 6576/1/6576 3253/1/3253 
f 6355/1/6355 6578/1/6578 6576/1/6576 6360/1/6360 
f 6577/1/6577 6576/1/6576 6578/1/6578 6579/1/6579 
f 6579/1/6579 6578/1/6578 6580/1/6580 6581/1/6581 
f 6354/1/6354 6580/1/6580 6578/1/6578 6355/1/6355 
f 6582/1/6582 6580/1/6580 6354/1/6354 6353/1/6353 
f 6581/1/6581 6580/1/6580 6582/1/6582 6583/1/6583 
f 6370/1/6370 6367/1/6367 6584/1/6584 6585/1/6585 
f 6337/1/6337 6584/1/6584 6367/1/6367 6338/1/6338 
f 6326/1/6326 6586/1/6586 6584/1/6584 6337/1/6337 
f 6585/1/6585 6584/1/6584 6586/1/6586 6587/1/6587 
f 6583/1/6583 6582/1/6582 6588/1/6588 6589/1/6589 
f 6369/1/6369 6588/1/6588 6582/1/6582 6353/1/6353 
f 6370/1/6370 6585/1/6585 6588/1/6588 6369/1/6369 
f 6589/1/6589 6588/1/6588 6585/1/6585 6587/1/6587 
f 6586/1/6586 6590/1/6590 6591/1/6591 6587/1/6587 
f 6329/1/6329 6590/1/6590 6586/1/6586 6326/1/6326 
f 6592/1/6592 6590/1/6590 6329/1/6329 6333/1/6333 
f 6593/1/6593 6591/1/6591 6590/1/6590 6592/1/6592 
f 6594/1/6594 6595/1/6595 6596/1/6596 6597/1/6597 
f 6598/1/6598 6596/1/6596 6595/1/6595 6599/1/6599 
f 6600/1/6600 6601/1/6601 6596/1/6596 6598/1/6598 
f 6597/1/6597 6596/1/6596 6601/1/6601 6602/1/6602 
f 6579/1/6579 6603/1/6603 6604/1/6604 6577/1/6577 
f 6605/1/6605 6606/1/6606 6604/1/6604 6603/1/6603 
f 3282/1/3282 3281/1/3281 6604/1/6604 6606/1/6606 
f 3250/1/3250 6577/1/6577 6604/1/6604 3281/1/3281 
f 6579/1/6579 6581/1/6581 6607/1/6607 6603/1/6603 
f 6608/1/6608 6607/1/6607 6581/1/6581 6583/1/6583 
f 6609/1/6609 6610/1/6610 6607/1/6607 6608/1/6608 
f 6603/1/6603 6607/1/6607 6610/1/6610 6605/1/6605 
f 6583/1/6583 6589/1/6589 6611/1/6611 6608/1/6608 
f 6612/1/6612 6611/1/6611 6589/1/6589 6587/1/6587 
f 6613/1/6613 6614/1/6614 6611/1/6611 6612/1/6612 
f 6608/1/6608 6611/1/6611 6614/1/6614 6609/1/6609 
f 6587/1/6587 6591/1/6591 6615/1/6615 6612/1/6612 
f 6616/1/6616 6615/1/6615 6591/1/6591 6593/1/6593 
f 6617/1/6617 6618/1/6618 6615/1/6615 6616/1/6616 
f 6612/1/6612 6615/1/6615 6618/1/6618 6613/1/6613 
f 6593/1/6593 6619/1/6619 6620/1/6620 6616/1/6616 
f 6621/1/6621 6620/1/6620 6619/1/6619 6622/1/6622 
f 6623/1/6623 6624/1/6624 6620/1/6620 6621/1/6621 
f 6616/1/6616 6620/1/6620 6624/1/6624 6617/1/6617 
f 6622/1/6622 6625/1/6625 6626/1/6626 6621/1/6621 
f 6627/1/6627 6626/1/6626 6625/1/6625 6628/1/6628 
f 6629/1/6629 6630/1/6630 6626/1/6626 6627/1/6627 
f 6621/1/6621 6626/1/6626 6630/1/6630 6623/1/6623 
f 6602/1/6602 6631/1/6631 6632/1/6632 6597/1/6597 
f 6633/1/6633 6632/1/6632 6631/1/6631 6634/1/6634 
f 6635/1/6635 6636/1/6636 6632/1/6632 6633/1/6633 
f 6597/1/6597 6632/1/6632 6636/1/6636 6594/1/6594 
f 6634/1/6634 6637/1/6637 6638/1/6638 6633/1/6633 
f 6639/1/6639 6638/1/6638 6637/1/6637 6640/1/6640 
f 6641/1/6641 6642/1/6642 6638/1/6638 6639/1/6639 
f 6633/1/6633 6638/1/6638 6642/1/6642 6635/1/6635 
f 6640/1/6640 6643/1/6643 6644/1/6644 6639/1/6639 
f 3325/1/3325 6644/1/6644 6643/1/6643 3326/1/3326 
f 3324/1/3324 6645/1/6645 6644/1/6644 3325/1/3325 
f 6639/1/6639 6644/1/6644 6645/1/6645 6641/1/6641 
f 6628/1/6628 6646/1/6646 6647/1/6647 6627/1/6627 
f 6598/1/6598 6647/1/6647 6646/1/6646 6600/1/6600 
f 6599/1/6599 6648/1/6648 6647/1/6647 6598/1/6598 
f 6627/1/6627 6647/1/6647 6648/1/6648 6629/1/6629 
f 6649/1/6649 6650/1/6650 6651/1/6651 6652/1/6652 
f 6653/1/6653 6651/1/6651 6650/1/6650 6654/1/6654 
f 6629/1/6629 6648/1/6648 6651/1/6651 6653/1/6653 
f 6652/1/6652 6651/1/6651 6648/1/6648 6599/1/6599 
f 6641/1/6641 6645/1/6645 6655/1/6655 6656/1/6656 
f 3341/1/3341 6655/1/6655 6645/1/6645 3324/1/3324 
f 3340/1/3340 6657/1/6657 6655/1/6655 3341/1/3341 
f 6656/1/6656 6655/1/6655 6657/1/6657 6658/1/6658 
f 6635/1/6635 6642/1/6642 6659/1/6659 6660/1/6660 
f 6656/1/6656 6659/1/6659 6642/1/6642 6641/1/6641 
f 6658/1/6658 6661/1/6661 6659/1/6659 6656/1/6656 
f 6660/1/6660 6659/1/6659 6661/1/6661 6662/1/6662 
f 6660/1/6660 6663/1/6663 6636/1/6636 6635/1/6635 
f 6662/1/6662 6664/1/6664 6663/1/6663 6660/1/6660 
f 6665/1/6665 6663/1/6663 6664/1/6664 6666/1/6666 
f 6594/1/6594 6636/1/6636 6663/1/6663 6665/1/6665 
f 6666/1/6666 6667/1/6667 6668/1/6668 6665/1/6665 
f 6652/1/6652 6668/1/6668 6667/1/6667 6649/1/6649 
f 6599/1/6599 6595/1/6595 6668/1/6668 6652/1/6652 
f 6665/1/6665 6668/1/6668 6595/1/6595 6594/1/6594 
f 6623/1/6623 6630/1/6630 6669/1/6669 6670/1/6670 
f 6653/1/6653 6669/1/6669 6630/1/6630 6629/1/6629 
f 6654/1/6654 6671/1/6671 6669/1/6669 6653/1/6653 
f 6670/1/6670 6669/1/6669 6671/1/6671 6672/1/6672 
f 6617/1/6617 6624/1/6624 6673/1/6673 6674/1/6674 
f 6670/1/6670 6673/1/6673 6624/1/6624 6623/1/6623 
f 6672/1/6672 6675/1/6675 6673/1/6673 6670/1/6670 
f 6674/1/6674 6673/1/6673 6675/1/6675 6676/1/6676 
f 6613/1/6613 6618/1/6618 6677/1/6677 6678/1/6678 
f 6674/1/6674 6677/1/6677 6618/1/6618 6617/1/6617 
f 6676/1/6676 6679/1/6679 6677/1/6677 6674/1/6674 
f 6678/1/6678 6677/1/6677 6679/1/6679 6680/1/6680 
f 6609/1/6609 6614/1/6614 6681/1/6681 6682/1/6682 
f 6678/1/6678 6681/1/6681 6614/1/6614 6613/1/6613 
f 6680/1/6680 6683/1/6683 6681/1/6681 6678/1/6678 
f 6682/1/6682 6681/1/6681 6683/1/6683 6684/1/6684 
f 6605/1/6605 6610/1/6610 6685/1/6685 6686/1/6686 
f 6682/1/6682 6685/1/6685 6610/1/6610 6609/1/6609 
f 6684/1/6684 6687/1/6687 6685/1/6685 6682/1/6682 
f 6686/1/6686 6685/1/6685 6687/1/6687 6688/1/6688 
f 6686/1/6686 6689/1/6689 6606/1/6606 6605/1/6605 
f 6688/1/6688 6690/1/6690 6689/1/6689 6686/1/6686 
f 3374/1/3374 3373/1/3373 6689/1/6689 6690/1/6690 
f 6606/1/6606 6689/1/6689 3373/1/3373 3282/1/3282 
f 6691/1/6691 6692/1/6692 6693/1/6693 6694/1/6694 
f 6388/1/6388 6693/1/6693 6692/1/6692 6392/1/6392 
f 6391/1/6391 6473/1/6473 6693/1/6693 6388/1/6388 
f 6694/1/6694 6693/1/6693 6473/1/6473 6472/1/6472 
f 6484/1/6484 6498/1/6498 6695/1/6695 6696/1/6696 
f 6397/1/6397 6695/1/6695 6498/1/6498 6394/1/6394 
f 6402/1/6402 6697/1/6697 6695/1/6695 6397/1/6397 
f 6696/1/6696 6695/1/6695 6697/1/6697 6698/1/6698 
f 6698/1/6698 6699/1/6699 6700/1/6700 6696/1/6696 
f 6694/1/6694 6700/1/6700 6699/1/6699 6691/1/6691 
f 6472/1/6472 6485/1/6485 6700/1/6700 6694/1/6694 
f 6696/1/6696 6700/1/6700 6485/1/6485 6484/1/6484 
f 6392/1/6392 6692/1/6692 6701/1/6701 6702/1/6702 
f 6703/1/6703 6701/1/6701 6692/1/6692 6691/1/6691 
f 6704/1/6704 6705/1/6705 6701/1/6701 6703/1/6703 
f 6702/1/6702 6701/1/6701 6705/1/6705 6706/1/6706 
f 3035/1/3035 6381/1/6381 6707/1/6707 3392/1/3392 
f 6708/1/6708 6707/1/6707 6381/1/6381 6380/1/6380 
f 6709/1/6709 6710/1/6710 6707/1/6707 6708/1/6708 
f 3392/1/3392 6707/1/6707 6710/1/6710 3395/1/3395 
f 3395/1/3395 6710/1/6710 6711/1/6711 3398/1/3398 
f 6712/1/6712 6711/1/6711 6710/1/6710 6709/1/6709 
f 6658/1/6658 6657/1/6657 6711/1/6711 6712/1/6712 
f 3398/1/3398 6711/1/6711 6657/1/6657 3340/1/3340 
f 6380/1/6380 6387/1/6387 6713/1/6713 6708/1/6708 
f 6714/1/6714 6713/1/6713 6387/1/6387 6386/1/6386 
f 6715/1/6715 6716/1/6716 6713/1/6713 6714/1/6714 
f 6708/1/6708 6713/1/6713 6716/1/6716 6709/1/6709 
f 6709/1/6709 6716/1/6716 6717/1/6717 6712/1/6712 
f 6718/1/6718 6717/1/6717 6716/1/6716 6715/1/6715 
f 6662/1/6662 6661/1/6661 6717/1/6717 6718/1/6718 
f 6712/1/6712 6717/1/6717 6661/1/6661 6658/1/6658 
f 6714/1/6714 6719/1/6719 6720/1/6720 6715/1/6715 
f 6719/1/6719 6714/1/6714 6386/1/6386 
f 6702/1/6702 6719/1/6719 6393/1/6393 6392/1/6392 
f 6706/1/6706 6720/1/6720 6719/1/6719 6702/1/6702 
f 6721/1/6721 6722/1/6722 6720/1/6720 6706/1/6706 
f 6666/1/6666 6664/1/6664 6722/1/6722 6721/1/6721 
f 6718/1/6718 6722/1/6722 6664/1/6664 6662/1/6662 
f 6715/1/6715 6720/1/6720 6722/1/6722 6718/1/6718 
f 6706/1/6706 6705/1/6705 6723/1/6723 6721/1/6721 
f 6724/1/6724 6723/1/6723 6705/1/6705 6704/1/6704 
f 6649/1/6649 6667/1/6667 6723/1/6723 6724/1/6724 
f 6721/1/6721 6723/1/6723 6667/1/6667 6666/1/6666 
f 6402/1/6402 6401/1/6401 6725/1/6725 6726/1/6726 
f 6727/1/6727 6725/1/6725 6401/1/6401 6400/1/6400 
f 6728/1/6728 6729/1/6729 6725/1/6725 6727/1/6727 
f 6726/1/6726 6725/1/6725 6729/1/6729 6730/1/6730 
f 6698/1/6698 6697/1/6697 6731/1/6731 6732/1/6732 
f 6726/1/6726 6731/1/6731 6697/1/6697 6402/1/6402 
f 6730/1/6730 6733/1/6733 6731/1/6731 6726/1/6726 
f 6732/1/6732 6731/1/6731 6733/1/6733 6734/1/6734 
f 6730/1/6730 6729/1/6729 6735/1/6735 6736/1/6736 
f 6737/1/6737 6735/1/6735 6729/1/6729 6728/1/6728 
f 6676/1/6676 6675/1/6675 6735/1/6735 6737/1/6737 
f 6736/1/6736 6735/1/6735 6675/1/6675 6672/1/6672 
f 6672/1/6672 6671/1/6671 6738/1/6738 6736/1/6736 
f 6739/1/6739 6738/1/6738 6671/1/6671 6654/1/6654 
f 6734/1/6734 6733/1/6733 6738/1/6738 6739/1/6739 
f 6736/1/6736 6738/1/6738 6733/1/6733 6730/1/6730 
f 6400/1/6400 6408/1/6408 6740/1/6740 6727/1/6727 
f 6741/1/6741 6740/1/6740 6408/1/6408 6407/1/6407 
f 6742/1/6742 6743/1/6743 6740/1/6740 6741/1/6741 
f 6727/1/6727 6740/1/6740 6743/1/6743 6728/1/6728 
f 6728/1/6728 6743/1/6743 6744/1/6744 6737/1/6737 
f 6745/1/6745 6744/1/6744 6743/1/6743 6742/1/6742 
f 6680/1/6680 6679/1/6679 6744/1/6744 6745/1/6745 
f 6737/1/6737 6744/1/6744 6679/1/6679 6676/1/6676 
f 6407/1/6407 6414/1/6414 6746/1/6746 6741/1/6741 
f 6747/1/6747 6746/1/6746 6414/1/6414 6413/1/6413 
f 6748/1/6748 6749/1/6749 6746/1/6746 6747/1/6747 
f 6741/1/6741 6746/1/6746 6749/1/6749 6742/1/6742 
f 6742/1/6742 6749/1/6749 6750/1/6750 6745/1/6745 
f 6751/1/6751 6750/1/6750 6749/1/6749 6748/1/6748 
f 6684/1/6684 6683/1/6683 6750/1/6750 6751/1/6751 
f 6745/1/6745 6750/1/6750 6683/1/6683 6680/1/6680 
f 6413/1/6413 6420/1/6420 6752/1/6752 6747/1/6747 
f 6753/1/6753 6752/1/6752 6420/1/6420 6419/1/6419 
f 6754/1/6754 6755/1/6755 6752/1/6752 6753/1/6753 
f 6747/1/6747 6752/1/6752 6755/1/6755 6748/1/6748 
f 6748/1/6748 6755/1/6755 6756/1/6756 6751/1/6751 
f 6757/1/6757 6756/1/6756 6755/1/6755 6754/1/6754 
f 6688/1/6688 6687/1/6687 6756/1/6756 6757/1/6757 
f 6751/1/6751 6756/1/6756 6687/1/6687 6684/1/6684 
f 6753/1/6753 6758/1/6758 6759/1/6759 6754/1/6754 
f 6419/1/6419 6423/1/6423 6758/1/6758 6753/1/6753 
f 3448/1/3448 6758/1/6758 6423/1/6423 3082/1/3082 
f 3449/1/3449 6759/1/6759 6758/1/6758 3448/1/3448 
f 3451/1/3451 6760/1/6760 6759/1/6759 3449/1/3449 
f 3374/1/3374 6690/1/6690 6760/1/6760 3451/1/3451 
f 6757/1/6757 6760/1/6760 6690/1/6690 6688/1/6688 
f 6754/1/6754 6759/1/6759 6760/1/6760 6757/1/6757 
f 6654/1/6654 6650/1/6650 6761/1/6761 6739/1/6739 
f 6724/1/6724 6761/1/6761 6650/1/6650 6649/1/6649 
f 6704/1/6704 6762/1/6762 6761/1/6761 6724/1/6724 
f 6739/1/6739 6761/1/6761 6762/1/6762 6734/1/6734 
f 6691/1/6691 6699/1/6699 6763/1/6763 6703/1/6703 
f 6732/1/6732 6763/1/6763 6699/1/6699 6698/1/6698 
f 6734/1/6734 6762/1/6762 6763/1/6763 6732/1/6732 
f 6703/1/6703 6763/1/6763 6762/1/6762 6704/1/6704 
f 3326/1/3326 6643/1/6643 6764/1/6764 3455/1/3455 
f 6765/1/6765 6764/1/6764 6643/1/6643 6640/1/6640 
f 6766/1/6766 6767/1/6767 6764/1/6764 6765/1/6765 
f 3455/1/3455 6764/1/6764 6767/1/6767 3457/1/3457 
f 6768/1/6768 6769/1/6769 6770/1/6770 
f 6771/1/6771 6768/1/6768 6772/1/6772 6773/1/6773 
f 6634/1/6634 6631/1/6631 6768/1/6768 6771/1/6771 
f 6769/1/6769 6768/1/6768 6631/1/6631 6602/1/6602 
f 6640/1/6640 6637/1/6637 6774/1/6774 6765/1/6765 
f 6771/1/6771 6774/1/6774 6637/1/6637 6634/1/6634 
f 6773/1/6773 6775/1/6775 6774/1/6774 6771/1/6771 
f 6765/1/6765 6774/1/6774 6775/1/6775 6766/1/6766 
f 3474/1/3474 3473/1/3473 6776/1/6776 6777/1/6777 
f 3457/1/3457 6767/1/6767 6776/1/6776 3473/1/3473 
f 6778/1/6778 6776/1/6776 6767/1/6767 6766/1/6766 
f 6779/1/6779 6777/1/6777 6776/1/6776 6778/1/6778 
f 6775/1/6775 6780/1/6780 6778/1/6778 6766/1/6766 
f 6779/1/6779 6778/1/6778 6780/1/6780 6781/1/6781 
f 6782/1/6782 6783/1/6783 6784/1/6784 6785/1/6785 
f 6783/1/6783 6770/1/6770 6769/1/6769 
f 6784/1/6784 6769/1/6769 6602/1/6602 
f 6785/1/6785 6784/1/6784 6601/1/6601 6600/1/6600 
f 6786/1/6786 6787/1/6787 6788/1/6788 6789/1/6789 
f 6785/1/6785 6788/1/6788 6787/1/6787 6782/1/6782 
f 6600/1/6600 6646/1/6646 6788/1/6788 6785/1/6785 
f 6789/1/6789 6788/1/6788 6646/1/6646 6628/1/6628 
f 6782/1/6782 6787/1/6787 6790/1/6790 6791/1/6791 
f 6792/1/6792 6790/1/6790 6787/1/6787 6786/1/6786 
f 6333/1/6333 6334/1/6334 6793/1/6793 6794/1/6794 
f 6795/1/6795 6793/1/6793 6334/1/6334 6332/1/6332 
f 6796/1/6796 6797/1/6797 6793/1/6793 6795/1/6795 
f 6794/1/6794 6793/1/6793 6797/1/6797 6798/1/6798 
f 6789/1/6789 6799/1/6799 6800/1/6800 6786/1/6786 
f 6628/1/6628 6625/1/6625 6799/1/6799 6789/1/6789 
f 6801/1/6801 6799/1/6799 6625/1/6625 6622/1/6622 
f 6798/1/6798 6800/1/6800 6799/1/6799 6801/1/6801 
f 6622/1/6622 6619/1/6619 6802/1/6802 6801/1/6801 
f 6592/1/6592 6802/1/6802 6619/1/6619 6593/1/6593 
f 6333/1/6333 6794/1/6794 6802/1/6802 6592/1/6592 
f 6801/1/6801 6802/1/6802 6794/1/6794 6798/1/6798 
f 6786/1/6786 6800/1/6800 6803/1/6803 6792/1/6792 
f 6804/1/6804 6803/1/6803 6800/1/6800 6798/1/6798 
f 6798/1/6798 6797/1/6797 6805/1/6805 6804/1/6804 
f 6797/1/6797 6796/1/6796 6806/1/6806 
f 13/1/13 12/1/12 14/1/14 
f 7/1/7 39/1/39 42/1/42 
f 29/1/29 28/1/28 47/1/47 
f 45/1/45 47/1/47 28/1/28 
f 55/1/55 54/1/54 56/1/56 
f 57/1/57 56/1/56 58/1/58 
f 48/1/48 60/1/60 58/1/58 
f 62/1/62 60/1/60 48/1/48 
f 63/1/63 61/1/61 60/1/60 
f 66/1/66 64/1/64 62/1/62 
f 65/1/65 64/1/64 67/1/67 
f 41/1/41 40/1/40 94/1/94 
f 135/1/135 133/1/133 132/1/132 
f 57/1/57 154/1/154 153/1/153 
f 181/1/181 180/1/180 190/1/190 
f 191/1/191 190/1/190 192/1/192 
f 193/1/193 192/1/192 194/1/194 
f 34/1/34 30/1/30 382/1/382 
f 2/1/2 382/1/382 30/1/30 
f 389/1/389 391/1/391 395/1/395 
f 397/1/397 399/1/399 398/1/398 
f 395/1/395 399/1/399 397/1/397 
f 431/1/431 437/1/437 436/1/436 
f 462/1/462 461/1/461 463/1/463 
f 467/1/467 468/1/468 465/1/465 
f 472/1/472 471/1/471 468/1/468 
f 474/1/474 473/1/473 462/1/462 
f 484/1/484 481/1/481 485/1/485 
f 472/1/472 485/1/485 481/1/481 
f 467/1/467 487/1/487 485/1/485 
f 486/1/486 485/1/485 487/1/487 
f 488/1/488 487/1/487 489/1/489 
f 492/1/492 491/1/491 493/1/493 
f 494/1/494 493/1/493 495/1/495 
f 500/1/500 499/1/499 501/1/501 
f 552/1/552 553/1/553 550/1/550 
f 537/1/537 550/1/550 553/1/553 
f 538/1/538 553/1/553 558/1/558 
f 559/1/559 558/1/558 553/1/553 
f 570/1/570 571/1/571 568/1/568 
f 551/1/551 568/1/568 571/1/571 
f 579/1/579 578/1/578 580/1/580 
f 584/1/584 585/1/585 582/1/582 
f 381/1/381 398/1/398 582/1/582 
f 574/1/574 588/1/588 586/1/586 
f 598/1/598 599/1/599 596/1/596 
f 55/1/55 153/1/153 596/1/596 
f 615/1/615 614/1/614 480/1/480 
f 620/1/620 624/1/624 622/1/622 
f 624/1/624 623/1/623 625/1/625 
f 629/1/629 627/1/627 626/1/626 
f 625/1/625 623/1/623 627/1/627 
f 660/1/660 661/1/661 658/1/658 
f 659/1/659 664/1/664 662/1/662 
f 663/1/663 662/1/662 664/1/664 
f 668/1/668 669/1/669 666/1/666 
f 458/1/458 669/1/669 670/1/670 
f 671/1/671 670/1/670 669/1/669 
f 460/1/460 670/1/670 673/1/673 
f 680/1/680 681/1/681 678/1/678 
f 686/1/686 688/1/688 684/1/684 
f 705/1/705 704/1/704 706/1/706 
f 703/1/703 709/1/709 706/1/706 
f 701/1/701 716/1/716 265/1/265 
f 705/1/705 717/1/717 716/1/716 
f 685/1/685 684/1/684 736/1/736 
f 737/1/737 736/1/736 684/1/684 
f 747/1/747 748/1/748 737/1/737 
f 698/1/698 753/1/753 762/1/762 
f 801/1/801 805/1/805 800/1/800 
f 803/1/803 805/1/805 801/1/801 
f 833/1/833 838/1/838 840/1/840 
f 865/1/865 864/1/864 855/1/855 
f 904/1/904 903/1/903 892/1/892 
f 925/1/925 930/1/930 929/1/929 
f 933/1/933 934/1/934 931/1/931 
f 925/1/925 934/1/934 935/1/935 
f 936/1/936 935/1/935 934/1/934 
f 937/1/937 938/1/938 935/1/935 
f 930/1/930 935/1/935 938/1/938 
f 952/1/952 950/1/950 947/1/947 
f 961/1/961 968/1/968 967/1/967 
f 969/1/969 968/1/968 951/1/951 
f 914/1/914 970/1/970 962/1/962 
f 918/1/918 957/1/957 970/1/970 
f 1050/1/1050 1051/1/1051 1048/1/1048 
f 1192/1/1192 1194/1/1194 1190/1/1190 
f 583/1/583 1207/1/1207 1206/1/1206 
f 1212/1/1212 1213/1/1213 1210/1/1210 
f 1205/1/1205 1213/1/1213 1212/1/1212 
f 1210/1/1210 1213/1/1213 599/1/599 
f 1208/1/1208 1216/1/1216 1215/1/1215 
f 1221/1/1221 1220/1/1220 1206/1/1206 
f 1239/1/1239 1248/1/1248 579/1/579 
f 595/1/595 594/1/594 1254/1/1254 
f 1261/1/1261 1262/1/1262 1263/1/1263 
f 1281/1/1281 1280/1/1280 1290/1/1290 
f 1291/1/1291 1296/1/1296 1295/1/1295 
f 1299/1/1299 1302/1/1302 1194/1/1194 
f 1281/1/1281 1295/1/1295 1306/1/1306 
f 1327/1/1327 1336/1/1336 1334/1/1334 
f 1309/1/1309 1313/1/1313 1342/1/1342 
f 1343/1/1343 1342/1/1342 1313/1/1313 
f 1345/1/1345 1344/1/1344 1341/1/1341 
f 1363/1/1363 1362/1/1362 1361/1/1361 
f 1372/1/1372 1373/1/1373 1370/1/1370 
f 1417/1/1417 1416/1/1416 1418/1/1418 
f 767/1/767 1439/1/1439 1438/1/1438 
f 1441/1/1441 1438/1/1438 1439/1/1439 
f 1451/1/1451 1450/1/1450 1432/1/1432 
f 1456/1/1456 1454/1/1454 825/1/825 
f 1457/1/1457 1458/1/1458 1454/1/1454 
f 1457/1/1457 1456/1/1456 1460/1/1460 
f 861/1/861 1460/1/1460 1456/1/1456 
f 1461/1/1461 1460/1/1460 1462/1/1462 
f 1463/1/1463 1462/1/1462 1464/1/1464 
f 1421/1/1421 1473/1/1473 1470/1/1470 
f 1481/1/1481 1477/1/1477 1476/1/1476 
f 1481/1/1481 1484/1/1484 1482/1/1482 
f 1522/1/1522 1521/1/1521 1529/1/1529 
f 1533/1/1533 1544/1/1544 1528/1/1528 
f 1555/1/1555 1552/1/1552 1564/1/1564 
f 1543/1/1543 1554/1/1554 1568/1/1568 
f 1573/1/1573 1572/1/1572 1574/1/1574 
f 1575/1/1575 1574/1/1574 1580/1/1580 
f 502/1/502 501/1/501 1584/1/1584 
f 1586/1/1586 1584/1/1584 501/1/501 
f 1587/1/1587 1588/1/1588 1584/1/1584 
f 1586/1/1586 1591/1/1591 1590/1/1590 
f 1593/1/1593 1590/1/1590 1591/1/1591 
f 1615/1/1615 1614/1/1614 1611/1/1611 
f 1661/1/1661 1660/1/1660 1664/1/1664 
f 1665/1/1665 1664/1/1664 1666/1/1666 
f 1668/1/1668 1666/1/1666 1664/1/1664 
f 1669/1/1669 1670/1/1670 1666/1/1666 
f 1686/1/1686 1687/1/1687 1684/1/1684 
f 1689/1/1689 1692/1/1692 1690/1/1690 
f 1685/1/1685 1690/1/1690 1695/1/1695 
f 1713/1/1713 1714/1/1714 1711/1/1711 
f 1667/1/1667 1711/1/1711 1714/1/1714 
f 1750/1/1750 1746/1/1746 1745/1/1745 
f 1752/1/1752 1751/1/1751 1753/1/1753 
f 1750/1/1750 1748/1/1748 1789/1/1789 
f 1790/1/1790 1791/1/1791 1781/1/1781 
f 1803/1/1803 1802/1/1802 1788/1/1788 
f 1815/1/1815 1818/1/1818 1817/1/1817 
f 1665/1/1665 1714/1/1714 1818/1/1818 
f 1817/1/1817 1818/1/1818 1714/1/1714 
f 1823/1/1823 1824/1/1824 1801/1/1801 
f 1712/1/1712 1824/1/1824 1823/1/1823 
f 1689/1/1689 1842/1/1842 1840/1/1840 
f 1681/1/1681 1852/1/1852 1850/1/1850 
f 1890/1/1890 1891/1/1891 1888/1/1888 
f 1894/1/1894 1895/1/1895 1892/1/1892 
f 1855/1/1855 1892/1/1892 1895/1/1895 
f 1893/1/1893 1892/1/1892 1891/1/1891 
f 1853/1/1853 1895/1/1895 1896/1/1896 
f 1889/1/1889 1919/1/1919 1910/1/1910 
f 1916/1/1916 1919/1/1919 1889/1/1889 
f 1918/1/1918 1919/1/1919 1916/1/1916 
f 1928/1/1928 1930/1/1930 1927/1/1927 
f 1917/1/1917 1938/1/1938 1937/1/1937 
f 1931/1/1931 1937/1/1937 1938/1/1938 
f 1954/1/1954 1961/1/1961 1957/1/1957 
f 1950/1/1950 1967/1/1967 1333/1/1333 
f 1316/1/1316 1997/1/1997 1996/1/1996 
f 1917/1/1917 1916/1/1916 2002/1/2002 
f 1996/1/1996 2011/1/2011 1880/1/1880 
f 2010/1/2010 2011/1/2011 1996/1/1996 
f 2005/1/2005 2004/1/2004 2011/1/2011 
f 1934/1/1934 1938/1/1938 2014/1/2014 
f 2003/1/2003 2014/1/2014 1938/1/1938 
f 1589/1/1589 2021/1/2021 2019/1/2019 
f 1827/1/1827 2028/1/2028 2027/1/2027 
f 2030/1/2030 2043/1/2043 2041/1/2041 
f 2042/1/2042 2041/1/2041 2043/1/2043 
f 2044/1/2044 2047/1/2047 2045/1/2045 
f 2044/1/2044 2043/1/2043 2049/1/2049 
f 2034/1/2034 2036/1/2036 2055/1/2055 
f 2077/1/2077 2081/1/2081 2080/1/2080 
f 2086/1/2086 2085/1/2085 2076/1/2076 
f 676/1/676 2096/1/2096 2101/1/2101 
f 679/1/679 2101/1/2101 2104/1/2104 
f 2164/1/2164 2166/1/2166 2165/1/2165 
f 2143/1/2143 2168/1/2168 2166/1/2166 
f 2264/1/2264 2263/1/2263 1438/1/1438 
f 708/1/708 2265/1/2265 732/1/732 
f 710/1/710 2267/1/2267 2265/1/2265 
f 2283/1/2283 2284/1/2284 2281/1/2281 
f 1440/1/1440 2281/1/2281 2284/1/2284 
f 1426/1/1426 1443/1/1443 2281/1/2281 
f 2282/1/2282 2281/1/2281 1443/1/1443 
f 2268/1/2268 2267/1/2267 2289/1/2289 
f 2264/1/2264 2289/1/2289 2267/1/2267 
f 1441/1/1441 2291/1/2291 2289/1/2289 
f 2290/1/2290 2289/1/2289 2291/1/2291 
f 2318/1/2318 2317/1/2317 2321/1/2321 
f 2321/1/2321 1455/1/1455 1459/1/1459 
f 2283/1/2283 2288/1/2288 2323/1/2323 
f 2320/1/2320 2323/1/2323 2288/1/2288 
f 2318/1/2318 2325/1/2325 2323/1/2323 
f 2324/1/2324 2323/1/2323 2325/1/2325 
f 2292/1/2292 2291/1/2291 2327/1/2327 
f 2284/1/2284 2327/1/2327 2291/1/2291 
f 2283/1/2283 2324/1/2324 2327/1/2327 
f 2328/1/2328 2327/1/2327 2324/1/2324 
f 2330/1/2330 2329/1/2329 2328/1/2328 
f 2322/1/2322 2331/1/2331 2325/1/2325 
f 1459/1/1459 2333/1/2333 2331/1/2331 
f 1461/1/1461 2336/1/2336 2335/1/2335 
f 1463/1/1463 1493/1/1493 2336/1/2336 
f 1459/1/1459 1458/1/1458 2339/1/2339 
f 2335/1/2335 2339/1/2339 1458/1/1458 
f 2338/1/2338 2337/1/2337 2341/1/2341 
f 2360/1/2360 2359/1/2359 1414/1/1414 
f 1398/1/1398 2373/1/2373 2371/1/2371 
f 2372/1/2372 2371/1/2371 2373/1/2373 
f 2332/1/2332 2377/1/2377 2376/1/2376 
f 2305/1/2305 2308/1/2308 2388/1/2388 
f 2334/1/2334 2340/1/2340 2391/1/2391 
f 2392/1/2392 2391/1/2391 2340/1/2340 
f 2394/1/2394 2391/1/2391 2392/1/2392 
f 2378/1/2378 2391/1/2391 2394/1/2394 
f 2393/1/2393 2392/1/2392 2395/1/2395 
f 2342/1/2342 2395/1/2395 2392/1/2392 
f 2475/1/2475 2476/1/2476 2473/1/2473 
f 2474/1/2474 2473/1/2473 2468/1/2468 
f 2475/1/2475 2474/1/2474 2477/1/2477 
f 2470/1/2470 2477/1/2477 2474/1/2474 
f 2521/1/2521 2526/1/2526 2519/1/2519 
f 1537/1/1537 2562/1/2562 2561/1/2561 
f 2563/1/2563 2562/1/2562 2565/1/2565 
f 2580/1/2580 2579/1/2579 2569/1/2569 
f 2606/1/2606 2605/1/2605 2602/1/2602 
f 2566/1/2566 2565/1/2565 2634/1/2634 
f 2641/1/2641 2640/1/2640 2642/1/2642 
f 1575/1/1575 2608/1/2608 2642/1/2642 
f 2671/1/2671 2672/1/2672 2669/1/2669 
f 2592/1/2592 2672/1/2672 2671/1/2671 
f 2593/1/2593 2604/1/2604 2672/1/2672 
f 2588/1/2588 2671/1/2671 2675/1/2675 
f 2676/1/2676 2675/1/2675 2671/1/2671 
f 2673/1/2673 2676/1/2676 2691/1/2691 
f 2682/1/2682 2691/1/2691 2676/1/2676 
f 2789/1/2789 2790/1/2790 2787/1/2787 
f 2827/1/2827 2828/1/2828 2825/1/2825 
f 2825/1/2825 2812/1/2812 2816/1/2816 
f 2835/1/2835 2836/1/2836 2833/1/2833 
f 2834/1/2834 2833/1/2833 2832/1/2832 
f 2842/1/2842 2843/1/2843 2840/1/2840 
f 2848/1/2848 2846/1/2846 2845/1/2845 
f 2842/1/2842 2857/1/2857 2858/1/2858 
f 2869/1/2869 2868/1/2868 2863/1/2863 
f 2875/1/2875 2874/1/2874 2876/1/2876 
f 2862/1/2862 2875/1/2875 2882/1/2882 
f 2877/1/2877 2884/1/2884 2882/1/2882 
f 2877/1/2877 2876/1/2876 2888/1/2888 
f 2901/1/2901 2900/1/2900 2897/1/2897 
f 2896/1/2896 2904/1/2904 2902/1/2902 
f 2905/1/2905 2904/1/2904 2920/1/2920 
f 2915/1/2915 2920/1/2920 2904/1/2904 
f 2922/1/2922 2920/1/2920 2915/1/2915 
f 2921/1/2921 2920/1/2920 2922/1/2922 
f 1348/1/1348 2934/1/2934 2939/1/2939 
f 1357/1/1357 2939/1/2939 2942/1/2942 
f 1354/1/1354 2942/1/2942 2947/1/2947 
f 2948/1/2948 2951/1/2951 1363/1/1363 
f 2954/1/2954 2953/1/2953 2957/1/2957 
f 2374/1/2374 2373/1/2373 2959/1/2959 
f 2526/1/2526 2973/1/2973 2974/1/2974 
f 2981/1/2981 2982/1/2982 2977/1/2977 
f 3085/1/3085 3084/1/3084 3088/1/3088 
f 3038/1/3038 3092/1/3092 3090/1/3090 
f 3114/1/3114 3113/1/3113 3101/1/3101 
f 3100/1/3100 3102/1/3102 3118/1/3118 
f 3128/1/3128 3132/1/3132 3131/1/3131 
f 3122/1/3122 3138/1/3138 2306/1/2306 
f 2554/1/2554 3134/1/3134 3178/1/3178 
f 3158/1/3158 3178/1/3178 3134/1/3134 
f 3346/1/3346 3311/1/3311 3270/1/3270 
f 3036/1/3036 3397/1/3397 3401/1/3401 
f 3466/1/3466 3479/1/3479 3467/1/3467 
f 6807/1/6807 3479/1/3479 3477/1/3477 
f 3470/1/3470 3477/1/3477 3479/1/3479 
f 3461/1/3461 3468/1/3468 3484/1/3484 
f 3494/1/3494 3505/1/3505 3504/1/3504 
f 3520/1/3520 3517/1/3517 3516/1/3516 
f 3512/1/3512 3520/1/3520 3547/1/3547 
f 3533/1/3533 3551/1/3551 3548/1/3548 
f 3534/1/3534 3553/1/3553 3551/1/3551 
f 3552/1/3552 3551/1/3551 3553/1/3553 
f 3560/1/3560 3562/1/3562 3561/1/3561 
f 3564/1/3564 3561/1/3561 3562/1/3562 
f 3553/1/3553 3566/1/3566 3568/1/3568 
f 3564/1/3564 3566/1/3566 3553/1/3553 
f 3572/1/3572 3570/1/3570 3569/1/3569 
f 3546/1/3546 3601/1/3601 3599/1/3599 
f 3639/1/3639 3640/1/3640 3638/1/3638 
f 3660/1/3660 3659/1/3659 3562/1/3562 
f 3698/1/3698 3696/1/3696 3695/1/3695 
f 3697/1/3697 3701/1/3701 3699/1/3699 
f 3542/1/3542 3889/1/3889 3887/1/3887 
f 3537/1/3537 3887/1/3887 3509/1/3509 
f 3897/1/3897 3895/1/3895 3892/1/3892 
f 3898/1/3898 3897/1/3897 3903/1/3903 
f 3901/1/3901 3903/1/3903 3897/1/3897 
f 3904/1/3904 3903/1/3903 3901/1/3901 
f 3943/1/3943 3942/1/3942 3939/1/3939 
f 3969/1/3969 3967/1/3967 3966/1/3966 
f 3972/1/3972 3974/1/3974 3970/1/3970 
f 3971/1/3971 3977/1/3977 3976/1/3976 
f 3966/1/3966 3979/1/3979 3978/1/3978 
f 3989/1/3989 3991/1/3991 3990/1/3990 
f 3993/1/3993 3990/1/3990 3991/1/3991 
f 3972/1/3972 3976/1/3976 3990/1/3990 
f 3987/1/3987 3990/1/3990 3976/1/3976 
f 3992/1/3992 3996/1/3996 3994/1/3994 
f 3997/1/3997 3999/1/3999 3998/1/3998 
f 4001/1/4001 3998/1/3998 3999/1/3999 
f 4007/1/4007 4004/1/4004 4003/1/4003 
f 3997/1/3997 3996/1/3996 4004/1/4004 
f 4056/1/4056 4055/1/4055 4044/1/4044 
f 4057/1/4057 4058/1/4058 4055/1/4055 
f 4043/1/4043 4052/1/4052 4063/1/4063 
f 4056/1/4056 4063/1/4063 4066/1/4066 
f 4074/1/4074 4073/1/4073 4058/1/4058 
f 4075/1/4075 4076/1/4076 4073/1/4073 
f 4089/1/4089 4090/1/4090 4087/1/4087 
f 3886/1/3886 4076/1/4076 4087/1/4087 
f 4079/1/4079 4081/1/4081 4092/1/4092 
f 4103/1/4103 4104/1/4104 4101/1/4101 
f 3560/1/3560 3556/1/3556 4101/1/4101 
f 3982/1/3982 4119/1/4119 4122/1/4122 
f 4127/1/4127 4128/1/4128 4126/1/4126 
f 4129/1/4129 4130/1/4130 4128/1/4128 
f 4129/1/4129 4133/1/4133 4131/1/4131 
f 4132/1/4132 4131/1/4131 4133/1/4133 
f 4165/1/4165 4166/1/4166 4163/1/4163 
f 4170/1/4170 4168/1/4168 4167/1/4167 
f 4164/1/4164 4163/1/4163 4168/1/4168 
f 4173/1/4173 4174/1/4174 4171/1/4171 
f 3963/1/3963 3964/1/3964 4175/1/4175 
f 4176/1/4176 4175/1/4175 3964/1/3964 
f 4172/1/4172 4175/1/4175 4178/1/4178 
f 4185/1/4185 4186/1/4186 4183/1/4183 
f 4191/1/4191 4194/1/4194 4189/1/4189 
f 4208/1/4208 4213/1/4213 4211/1/4211 
f 4209/1/4209 4207/1/4207 4211/1/4211 
f 4208/1/4208 4205/1/4205 4221/1/4221 
f 3767/1/3767 4221/1/4221 4205/1/4205 
f 4190/1/4190 4200/1/4200 4241/1/4241 
f 4191/1/4191 4241/1/4241 4244/1/4244 
f 4244/1/4244 4254/1/4254 4249/1/4249 
f 4203/1/4203 4210/1/4210 4267/1/4267 
f 4306/1/4306 4309/1/4309 4305/1/4305 
f 4305/1/4305 4309/1/4309 4308/1/4308 
f 4195/1/4195 4193/1/4193 4311/1/4311 
f 4345/1/4345 4343/1/4343 4340/1/4340 
f 4362/1/4362 4369/1/4369 4368/1/4368 
f 4388/1/4388 4399/1/4399 4402/1/4402 
f 4421/1/4421 4424/1/4424 4426/1/4426 
f 4429/1/4429 4430/1/4430 4427/1/4427 
f 4421/1/4421 4425/1/4425 4431/1/4431 
f 4432/1/4432 4431/1/4431 4425/1/4425 
f 4428/1/4428 4431/1/4431 4434/1/4434 
f 4439/1/4439 4442/1/4442 4445/1/4445 
f 4445/1/4445 4447/1/4447 4451/1/4451 
f 4446/1/4446 4464/1/4464 4463/1/4463 
f 4465/1/4465 4464/1/4464 4457/1/4457 
f 4459/1/4459 4467/1/4467 4409/1/4409 
f 4546/1/4546 4547/1/4547 4544/1/4544 
f 4667/1/4667 4669/1/4669 4665/1/4665 
f 4681/1/4681 4684/1/4684 4090/1/4090 
f 4687/1/4687 4688/1/4688 4685/1/4685 
f 4102/1/4102 4688/1/4688 4687/1/4687 
f 4685/1/4685 4688/1/4688 4679/1/4679 
f 4692/1/4692 4691/1/4691 4683/1/4683 
f 4681/1/4681 4695/1/4695 4698/1/4698 
f 4083/1/4083 4724/1/4724 4716/1/4716 
f 4100/1/4100 4711/1/4711 4730/1/4730 
f 4738/1/4738 4737/1/4737 4734/1/4734 
f 4756/1/4756 4767/1/4767 4765/1/4765 
f 4666/1/4666 4777/1/4777 4774/1/4774 
f 4756/1/4756 4783/1/4783 4781/1/4781 
f 4800/1/4800 4799/1/4799 4807/1/4807 
f 4786/1/4786 4813/1/4813 1343/1/1343 
f 4784/1/4784 4812/1/4812 4813/1/4813 
f 4814/1/4814 4815/1/4815 1345/1/1345 
f 4826/1/4826 4829/1/4829 4832/1/4832 
f 4839/1/4839 4840/1/4840 4837/1/4837 
f 4344/1/4344 4845/1/4845 4842/1/4842 
f 4886/1/4886 4884/1/4884 4883/1/4883 
f 4905/1/4905 4906/1/4906 4271/1/4271 
f 4907/1/4907 4908/1/4908 4906/1/4906 
f 4897/1/4897 4917/1/4917 4919/1/4919 
f 4925/1/4925 4926/1/4926 4922/1/4922 
f 4329/1/4329 4922/1/4922 4926/1/4926 
f 4925/1/4925 4928/1/4928 4927/1/4927 
f 4930/1/4930 4927/1/4927 4928/1/4928 
f 4926/1/4926 4927/1/4927 4364/1/4364 
f 4929/1/4929 4933/1/4933 4931/1/4931 
f 4937/1/4937 4940/1/4940 4887/1/4887 
f 4945/1/4945 4946/1/4946 4944/1/4944 
f 4989/1/4989 4997/1/4997 4995/1/4995 
f 4996/1/4996 5012/1/5012 4999/1/4999 
f 5022/1/5022 5033/1/5033 5031/1/5031 
f 5010/1/5010 5025/1/5025 5035/1/5035 
f 5042/1/5042 5040/1/5040 5039/1/5039 
f 5038/1/5038 5044/1/5044 5033/1/5033 
f 5041/1/5041 5049/1/5049 5047/1/5047 
f 4006/1/4006 5053/1/5053 5051/1/5051 
f 5055/1/5055 5056/1/5056 5051/1/5051 
f 4007/1/4007 5051/1/5051 5056/1/5056 
f 5057/1/5057 5058/1/5058 5056/1/5056 
f 5059/1/5059 5060/1/5060 5058/1/5058 
f 5080/1/5080 5081/1/5081 5084/1/5084 
f 5130/1/5130 5128/1/5128 5127/1/5127 
f 5129/1/5129 5135/1/5135 5133/1/5133 
f 5137/1/5137 5138/1/5138 5133/1/5133 
f 5130/1/5130 5133/1/5133 5138/1/5138 
f 5153/1/5153 5158/1/5158 5151/1/5151 
f 5151/1/5151 5158/1/5158 5154/1/5154 
f 5154/1/5154 5158/1/5158 5156/1/5156 
f 5159/1/5159 5156/1/5156 5158/1/5158 
f 5180/1/5180 5181/1/5181 5178/1/5178 
f 5179/1/5179 5178/1/5178 5135/1/5135 
f 5213/1/5213 5212/1/5212 5214/1/5214 
f 5221/1/5221 5219/1/5219 5218/1/5218 
f 5257/1/5257 5269/1/5269 5268/1/5268 
f 5179/1/5179 5285/1/5285 5284/1/5284 
f 5129/1/5129 5127/1/5127 5285/1/5285 
f 5288/1/5288 5290/1/5290 5284/1/5284 
f 5270/1/5270 5291/1/5291 5289/1/5289 
f 5212/1/5212 5291/1/5291 5270/1/5270 
f 5289/1/5289 5291/1/5291 5181/1/5181 
f 5154/1/5154 5157/1/5157 5308/1/5308 
f 5354/1/5354 5355/1/5355 5352/1/5352 
f 5358/1/5358 5359/1/5359 5356/1/5356 
f 5353/1/5353 5356/1/5356 5359/1/5359 
f 5357/1/5357 5356/1/5356 5318/1/5318 
f 5317/1/5317 5315/1/5315 5361/1/5361 
f 5370/1/5370 5375/1/5375 5355/1/5355 
f 5377/1/5377 5375/1/5375 5374/1/5374 
f 5355/1/5355 5375/1/5375 5377/1/5377 
f 1928/1/1928 5383/1/5383 5382/1/5382 
f 5389/1/5389 5388/1/5388 5385/1/5385 
f 5376/1/5376 5374/1/5374 5388/1/5388 
f 1346/1/1346 4816/1/4816 5398/1/5398 
f 1954/1/1954 5403/1/5403 5402/1/5402 
f 4808/1/4808 5410/1/5410 5399/1/5399 
f 5437/1/5437 5436/1/5436 4787/1/4787 
f 5376/1/5376 5442/1/5442 5440/1/5440 
f 5344/1/5344 5448/1/5448 5437/1/5437 
f 5443/1/5443 5449/1/5449 5448/1/5448 
f 5437/1/5437 5448/1/5448 5449/1/5449 
f 5387/1/5387 5395/1/5395 5452/1/5452 
f 5389/1/5389 5452/1/5452 5442/1/5442 
f 5054/1/5054 5053/1/5053 5458/1/5458 
f 5465/1/5465 5467/1/5467 5293/1/5293 
f 5480/1/5480 5478/1/5478 5477/1/5477 
f 5468/1/5468 5465/1/5465 5478/1/5478 
f 5479/1/5479 5477/1/5477 5482/1/5482 
f 5479/1/5479 5488/1/5488 5485/1/5485 
f 5472/1/5472 5487/1/5487 5489/1/5489 
f 5514/1/5514 5513/1/5513 5511/1/5511 
f 5509/1/5509 5516/1/5516 5519/1/5519 
f 4181/1/4181 4186/1/4186 5528/1/5528 
f 5529/1/5529 5528/1/5528 4186/1/4186 
f 2165/1/2165 5578/1/5578 5575/1/5575 
f 5557/1/5557 5575/1/5575 5578/1/5578 
f 4905/1/4905 5653/1/5653 5652/1/5652 
f 4216/1/4216 4212/1/4212 5655/1/5655 
f 4238/1/4238 5655/1/5655 4212/1/4212 
f 5672/1/5672 5673/1/5673 5670/1/5670 
f 4912/1/4912 5670/1/5670 5673/1/5673 
f 4893/1/4893 4908/1/4908 5670/1/5670 
f 5671/1/5671 5670/1/5670 4908/1/4908 
f 5657/1/5657 5679/1/5679 5678/1/5678 
f 5681/1/5681 5678/1/5678 5679/1/5679 
f 4907/1/4907 5652/1/5652 5678/1/5678 
f 5656/1/5656 5678/1/5678 5652/1/5652 
f 5707/1/5707 5711/1/5711 5710/1/5710 
f 4921/1/4921 5710/1/5710 5711/1/5711 
f 5672/1/5672 5713/1/5713 5712/1/5712 
f 5715/1/5715 5712/1/5712 5713/1/5713 
f 5680/1/5680 5717/1/5717 5716/1/5716 
f 5713/1/5713 5716/1/5716 5717/1/5717 
f 5672/1/5672 5671/1/5671 5716/1/5716 
f 5681/1/5681 5716/1/5716 5671/1/5671 
f 4924/1/4924 5711/1/5711 5721/1/5721 
f 5715/1/5715 5721/1/5721 5711/1/5711 
f 4929/1/4929 4928/1/4928 5725/1/5725 
f 5726/1/5726 5725/1/5725 4928/1/4928 
f 4924/1/4924 5722/1/5722 5728/1/5728 
f 5727/1/5727 5726/1/5726 5728/1/5728 
f 4923/1/4923 5728/1/5728 5726/1/5726 
f 5727/1/5727 5732/1/5732 5730/1/5730 
f 4881/1/4881 5748/1/5748 5751/1/5751 
f 5763/1/5763 5761/1/5761 5760/1/5760 
f 4864/1/4864 4870/1/4870 5761/1/5761 
f 5767/1/5767 5766/1/5766 5720/1/5720 
f 5694/1/5694 5778/1/5778 5777/1/5777 
f 5723/1/5723 5765/1/5765 5780/1/5780 
f 5781/1/5781 5780/1/5780 5765/1/5765 
f 5783/1/5783 5780/1/5780 5781/1/5781 
f 5729/1/5729 5780/1/5780 5783/1/5783 
f 5782/1/5782 5786/1/5786 5784/1/5784 
f 5783/1/5783 5784/1/5784 5732/1/5732 
f 5845/1/5845 5846/1/5846 5843/1/5843 
f 5844/1/5844 5851/1/5851 5850/1/5850 
f 5852/1/5852 5851/1/5851 5786/1/5786 
f 5853/1/5853 5854/1/5854 5850/1/5850 
f 5850/1/5850 5854/1/5854 5847/1/5847 
f 5926/1/5926 5922/1/5922 5921/1/5921 
f 5006/1/5006 5003/1/5003 5922/1/5922 
f 5923/1/5923 5922/1/5922 5003/1/5003 
f 5929/1/5929 5939/1/5939 5942/1/5942 
f 5965/1/5965 5966/1/5966 5963/1/5963 
f 5960/1/5960 5963/1/5963 5966/1/5966 
f 5925/1/5925 5996/1/5996 5994/1/5994 
f 6001/1/6001 6003/1/6003 6002/1/6002 
f 5041/1/5041 5039/1/5039 6002/1/6002 
f 6031/1/6031 6032/1/6032 6029/1/6029 
f 5965/1/5965 5964/1/5964 6032/1/6032 
f 5953/1/5953 5951/1/5951 6032/1/6032 
f 6029/1/6029 6032/1/6032 5951/1/5951 
f 6029/1/6029 6035/1/6035 6034/1/6034 
f 5946/1/5946 5943/1/5943 6035/1/6035 
f 6033/1/6033 6053/1/6053 6051/1/6051 
f 6034/1/6034 6051/1/6051 6041/1/6041 
f 6149/1/6149 6150/1/6150 6147/1/6147 
f 6187/1/6187 6188/1/6188 6185/1/6185 
f 6173/1/6173 6171/1/6171 6185/1/6185 
f 6195/1/6195 6196/1/6196 6193/1/6193 
f 6191/1/6191 6193/1/6193 6196/1/6196 
f 6195/1/6195 6198/1/6198 6197/1/6197 
f 6202/1/6202 6203/1/6203 6200/1/6200 
f 6207/1/6207 6208/1/6208 6202/1/6202 
f 6202/1/6202 6208/1/6208 6219/1/6219 
f 6212/1/6212 6217/1/6217 6228/1/6228 
f 6221/1/6221 6228/1/6228 6231/1/6231 
f 6237/1/6237 6235/1/6235 6234/1/6234 
f 6236/1/6236 6234/1/6234 6243/1/6243 
f 6222/1/6222 6231/1/6231 6243/1/6243 
f 6236/1/6236 6250/1/6250 6248/1/6248 
f 6259/1/6259 6261/1/6261 6260/1/6260 
f 6256/1/6256 6260/1/6260 6263/1/6263 
f 6265/1/6265 6281/1/6281 6280/1/6280 
f 6283/1/6283 6280/1/6280 6281/1/6281 
f 6273/1/6273 6280/1/6280 6283/1/6283 
f 6264/1/6264 6280/1/6280 6273/1/6273 
f 4817/1/4817 4822/1/4822 6297/1/6297 
f 6298/1/6298 6297/1/6297 4822/1/4822 
f 4832/1/4832 6307/1/6307 6303/1/6303 
f 2957/1/2957 6310/1/6310 6309/1/6309 
f 5762/1/5762 6313/1/6313 6312/1/6312 
f 6332/1/6332 6334/1/6334 6328/1/6328 
f 6336/1/6336 6335/1/6335 6339/1/6339 
f 6362/1/6362 6361/1/6361 6365/1/6365 
f 6384/1/6384 6389/1/6389 6393/1/6393 
f 6385/1/6385 6390/1/6390 6389/1/6389 
f 6379/1/6379 6376/1/6376 6428/1/6428 
f 6433/1/6433 6446/1/6446 6449/1/6449 
f 6434/1/6434 6449/1/6449 6450/1/6450 
f 6447/1/6447 6460/1/6460 6463/1/6463 
f 6465/1/6465 6464/1/6464 6463/1/6463 
f 5913/1/5913 6512/1/6512 6511/1/6511 
f 6386/1/6386 6393/1/6393 6719/1/6719 
f 6770/1/6770 6772/1/6772 6768/1/6768 
f 6769/1/6769 6784/1/6784 6783/1/6783 
f 6602/1/6602 6601/1/6601 6784/1/6784 
f 6806/1/6806 6805/1/6805 6797/1/6797 
# 6202 polygons - 1145 triangles

