# 3ds Max Wavefront OBJ Exporter v0.99 - (c)2007 guruware
# File Created: 07.04.2025 20:45:47

mtllib lampara.mtl

#
# object Lamp_Mesh
#

v  0.0000 0.8071 0.0829
v  0.0105 0.8027 0.2483
v  0.0105 0.8027 0.0829
v  -0.0105 0.8027 0.0829
v  0.0000 0.8071 0.2483
v  -0.0149 0.7922 0.0829
v  -0.0105 0.8027 0.2483
v  -0.0105 0.7817 0.0829
v  -0.0149 0.7922 0.2483
v  0.0000 0.7773 0.0829
v  -0.0105 0.7817 0.2483
v  0.0105 0.7817 0.0829
v  0.0000 0.7773 0.2483
v  0.0149 0.7922 0.0829
v  0.0105 0.7817 0.2483
v  0.0149 0.7922 0.2483
v  0.0000 0.8402 0.2713
v  0.0340 0.8261 0.2926
v  0.0340 0.8261 0.2713
v  -0.0340 0.8261 0.2713
v  0.0000 0.8402 0.2926
v  -0.0480 0.7922 0.2713
v  -0.0340 0.8261 0.2926
v  -0.0340 0.7583 0.2713
v  -0.0480 0.7922 0.2926
v  0.0000 0.7442 0.2713
v  -0.0340 0.7583 0.2926
v  0.0340 0.7583 0.2713
v  0.0000 0.7442 0.2926
v  0.0480 0.7922 0.2713
v  0.0340 0.7583 0.2926
v  0.0480 0.7922 0.2926
v  -0.1119 2.3568 0.0481
v  -0.5683 2.8055 0.3446
v  -0.0976 2.3568 0.0728
v  -0.5826 2.7770 0.3199
v  -0.0976 2.3283 0.0728
v  -0.5683 2.7770 0.3446
v  -0.1119 2.3283 0.0481
v  0.0143 2.3568 -0.1210
v  -0.0143 2.8055 -0.6645
v  -0.0143 2.3568 -0.1210
v  0.0143 2.7770 -0.6645
v  -0.0143 2.3283 -0.1210
v  -0.0143 2.7770 -0.6645
v  0.0143 2.3283 -0.1210
v  0.0976 2.3568 0.0728
v  0.5826 2.8055 0.3199
v  0.1119 2.3568 0.0481
v  0.5683 2.7770 0.3446
v  0.1119 2.3283 0.0481
v  0.5826 2.7770 0.3199
v  0.0976 2.3283 0.0728
v  0.1182 2.3063 -0.0000
v  0.1023 2.3819 -0.0591
v  0.1023 2.3063 -0.0591
v  0.0591 2.3819 -0.1023
v  0.0591 2.3063 -0.1023
v  0.0000 2.3819 -0.1182
v  0.0000 2.3063 -0.1182
v  -0.0591 2.3819 -0.1023
v  -0.0591 2.3063 -0.1023
v  -0.1023 2.3819 -0.0591
v  -0.1023 2.3063 -0.0591
v  -0.1182 2.3819 -0.0000
v  -0.1182 2.3063 -0.0000
v  -0.1023 2.3819 0.0591
v  -0.1023 2.3063 0.0591
v  -0.0591 2.3819 0.1023
v  -0.0591 2.3063 0.1023
v  0.0000 2.3819 0.1182
v  0.0000 2.3063 0.1182
v  0.0591 2.3819 0.1023
v  0.0591 2.3063 0.1023
v  0.1023 2.3819 0.0591
v  0.1023 2.3063 0.0591
v  0.1182 2.3819 -0.0000
v  0.1477 2.3819 -0.0000
v  0.1279 2.3063 -0.0739
v  0.1279 2.3819 -0.0739
v  0.0739 2.3063 -0.1279
v  0.0739 2.3819 -0.1279
v  0.0000 2.3063 -0.1477
v  0.0000 2.3819 -0.1477
v  -0.0739 2.3063 -0.1279
v  -0.0739 2.3819 -0.1279
v  -0.1279 2.3063 -0.0739
v  -0.1279 2.3819 -0.0739
v  -0.1477 2.3063 -0.0000
v  -0.1477 2.3819 -0.0000
v  -0.1279 2.3063 0.0739
v  -0.1279 2.3819 0.0739
v  -0.0739 2.3063 0.1279
v  -0.0739 2.3819 0.1279
v  0.0000 2.3063 0.1477
v  0.0000 2.3819 0.1477
v  0.0739 2.3063 0.1279
v  0.0739 2.3819 0.1279
v  0.1279 2.3063 0.0739
v  0.1279 2.3819 0.0739
v  0.1477 2.3063 -0.0000
v  0.5836 -2.8370 0.5836
v  -0.5836 -2.6788 0.5836
v  -0.5836 -2.8370 0.5836
v  0.5836 -2.6788 0.5836
v  -0.5836 -2.6788 -0.5836
v  0.5836 -2.6788 -0.5836
v  -0.5836 -2.8370 -0.5836
v  0.5836 -2.8370 -0.5836
v  -0.4105 -2.5985 0.1150
v  -0.4315 -2.7047 -0.0000
v  -0.4151 -2.7047 0.1163
v  -0.1530 0.3356 -0.2951
v  -0.0775 0.2770 -0.3728
v  -0.1751 0.2770 -0.3379
v  -0.3201 0.3356 -0.0897
v  -0.3252 0.2770 -0.1978
v  -0.3665 0.2770 -0.1027
v  0.0000 0.3355 -0.0000
v  -0.3328 0.3356 -0.0000
v  -0.2841 0.3356 -0.1728
v  -0.3810 0.2770 -0.0000
v  -0.2271 0.3356 -0.2432
v  -0.0676 0.3356 -0.3256
v  -0.2601 0.2770 -0.2784
v  -0.2761 0.0823 -0.0000
v  -0.2357 0.0823 -0.1433
v  -0.2656 0.0823 -0.0744
v  -0.3571 0.0169 -0.0000
v  -0.3436 0.0169 -0.0963
v  -0.3049 0.0169 -0.1854
v  -0.1885 0.0823 -0.2018
v  -0.1269 0.0823 -0.2449
v  -0.0561 0.0823 -0.2701
v  -0.2438 0.0169 -0.2610
v  -0.1642 0.0169 -0.3168
v  -0.0726 0.0169 -0.3495
v  0.3491 0.2770 -0.1516
v  0.3296 0.3356 -0.0453
v  0.3773 0.2770 -0.0518
v  0.1113 0.3356 -0.3132
v  0.2196 0.2770 -0.3111
v  0.1274 0.2770 -0.3586
v  0.0227 0.3356 -0.3319
v  0.1918 0.3356 -0.2717
v  0.0260 0.2770 -0.3801
v  0.2581 0.3356 -0.2100
v  0.3049 0.3356 -0.1324
v  0.2955 0.2770 -0.2404
v  0.0188 0.0823 -0.2754
v  0.0923 0.0823 -0.2599
v  0.1592 0.0823 -0.2254
v  0.0243 0.0169 -0.3563
v  0.1195 0.0169 -0.3362
v  0.2059 0.0169 -0.2916
v  0.2141 0.0823 -0.1742
v  0.2529 0.0823 -0.1099
v  0.2734 0.0823 -0.0376
v  0.2770 0.0169 -0.2254
v  0.3272 0.0169 -0.1421
v  0.3537 0.0169 -0.0486
v  -0.5157 -0.1134 -0.1445
v  -0.4576 -0.1134 -0.2783
v  -0.6260 -0.2987 -0.1754
v  -0.5360 -0.1134 -0.0000
v  -0.5556 -0.2987 -0.3379
v  -0.3659 -0.1134 -0.3917
v  -0.2464 -0.1134 -0.4754
v  -0.1090 -0.1134 -0.5245
v  -0.4442 -0.2987 -0.4756
v  -0.2991 -0.2987 -0.5772
v  -0.1323 -0.2987 -0.6367
v  -0.6673 -0.5159 -0.1869
v  -0.6508 -0.2987 -0.0000
v  -0.5921 -0.5159 -0.3601
v  -0.6835 -0.7367 -0.1915
v  -0.6065 -0.7367 -0.3689
v  -0.6936 -0.5159 -0.0000
v  -0.7105 -0.7367 -0.0000
v  -0.6771 -0.9585 -0.1897
v  -0.7038 -0.9585 -0.0000
v  -0.6008 -0.9585 -0.3654
v  -0.4734 -0.5159 -0.5069
v  -0.3188 -0.5159 -0.6152
v  -0.1410 -0.5159 -0.6786
v  -0.4849 -0.7367 -0.5192
v  -0.4804 -0.9585 -0.5143
v  -0.3266 -0.7367 -0.6301
v  -0.1444 -0.7367 -0.6951
v  -0.3235 -0.9585 -0.6242
v  -0.1431 -0.9585 -0.6886
v  0.0366 -0.1134 -0.5347
v  0.1793 -0.1134 -0.5045
v  0.3090 -0.1134 -0.4377
v  0.0444 -0.2987 -0.6492
v  0.2177 -0.2987 -0.6125
v  0.3751 -0.2987 -0.5314
v  0.4157 -0.1134 -0.3382
v  0.4911 -0.1134 -0.2133
v  0.5309 -0.1134 -0.0729
v  0.5047 -0.2987 -0.4106
v  0.5962 -0.2987 -0.2590
v  0.6445 -0.2987 -0.0885
v  0.0473 -0.5159 -0.6919
v  0.2320 -0.5159 -0.6528
v  0.3998 -0.5159 -0.5663
v  0.0484 -0.7367 -0.7087
v  0.0480 -0.9585 -0.7021
v  0.2376 -0.7367 -0.6687
v  0.4095 -0.7367 -0.5801
v  0.2354 -0.9585 -0.6624
v  0.4057 -0.9585 -0.5746
v  0.5379 -0.5159 -0.4376
v  0.6354 -0.5159 -0.2760
v  0.6869 -0.5159 -0.0944
v  0.5510 -0.7367 -0.4483
v  0.5458 -0.9585 -0.4441
v  0.6509 -0.7367 -0.2827
v  0.7036 -0.7367 -0.0967
v  0.6448 -0.9585 -0.2801
v  0.6970 -0.9585 -0.0958
v  0.1113 0.3356 0.3132
v  0.0260 0.2770 0.3801
v  0.1274 0.2770 0.3586
v  0.3049 0.3356 0.1324
v  0.2955 0.2770 0.2404
v  0.3491 0.2770 0.1516
v  0.3296 0.3356 0.0453
v  0.2581 0.3356 0.2100
v  0.3773 0.2770 0.0518
v  0.1918 0.3356 0.2717
v  0.0227 0.3356 0.3319
v  0.2196 0.2770 0.3111
v  0.2734 0.0823 0.0376
v  0.2529 0.0823 0.1099
v  0.2141 0.0823 0.1742
v  0.3537 0.0169 0.0486
v  0.3272 0.0169 0.1421
v  0.2770 0.0169 0.2254
v  0.1592 0.0823 0.2254
v  0.0923 0.0823 0.2599
v  0.0188 0.0823 0.2754
v  0.2059 0.0169 0.2916
v  0.1195 0.0169 0.3362
v  0.0243 0.0169 0.3563
v  -0.3665 0.2770 0.1027
v  -0.1530 0.3356 0.2951
v  -0.2601 0.2770 0.2784
v  -0.1751 0.2770 0.3379
v  -0.0676 0.3356 0.3256
v  -0.2271 0.3356 0.2432
v  -0.0775 0.2770 0.3728
v  -0.2841 0.3356 0.1728
v  -0.3201 0.3356 0.0897
v  -0.3252 0.2770 0.1978
v  -0.0561 0.0823 0.2701
v  -0.1269 0.0823 0.2449
v  -0.1885 0.0823 0.2018
v  -0.0726 0.0169 0.3495
v  -0.1642 0.0169 0.3168
v  -0.2438 0.0169 0.2610
v  -0.2357 0.0823 0.1433
v  -0.2656 0.0823 0.0744
v  -0.3049 0.0169 0.1854
v  -0.3436 0.0169 0.0963
v  0.5309 -0.1134 0.0729
v  0.4911 -0.1134 0.2133
v  0.4157 -0.1134 0.3382
v  0.6445 -0.2987 0.0885
v  0.5962 -0.2987 0.2590
v  0.5047 -0.2987 0.4106
v  0.3090 -0.1134 0.4377
v  0.1793 -0.1134 0.5045
v  0.0366 -0.1134 0.5347
v  0.3751 -0.2987 0.5314
v  0.2177 -0.2987 0.6125
v  0.0444 -0.2987 0.6492
v  0.6869 -0.5159 0.0944
v  0.6354 -0.5159 0.2760
v  0.5379 -0.5159 0.4376
v  0.7036 -0.7367 0.0966
v  0.6970 -0.9585 0.0958
v  0.6509 -0.7367 0.2827
v  0.5510 -0.7367 0.4483
v  0.6448 -0.9585 0.2801
v  0.5458 -0.9585 0.4441
v  0.3998 -0.5159 0.5663
v  0.2320 -0.5159 0.6528
v  0.0473 -0.5159 0.6919
v  0.4095 -0.7367 0.5801
v  0.4057 -0.9585 0.5746
v  0.2376 -0.7367 0.6687
v  0.0484 -0.7367 0.7087
v  0.2354 -0.9585 0.6624
v  0.0480 -0.9585 0.7021
v  -0.1090 -0.1134 0.5245
v  -0.2464 -0.1134 0.4754
v  -0.3659 -0.1134 0.3917
v  -0.1323 -0.2987 0.6367
v  -0.2991 -0.2987 0.5772
v  -0.4442 -0.2987 0.4756
v  -0.4576 -0.1134 0.2783
v  -0.5157 -0.1134 0.1445
v  -0.5556 -0.2987 0.3379
v  -0.6260 -0.2987 0.1754
v  -0.1410 -0.5159 0.6786
v  -0.3188 -0.5159 0.6152
v  -0.4734 -0.5159 0.5069
v  -0.1444 -0.7367 0.6951
v  -0.1431 -0.9585 0.6886
v  -0.3266 -0.7367 0.6301
v  -0.4849 -0.7367 0.5192
v  -0.3235 -0.9585 0.6242
v  -0.4804 -0.9585 0.5143
v  -0.5921 -0.5159 0.3601
v  -0.6673 -0.5159 0.1869
v  -0.6065 -0.7367 0.3689
v  -0.6008 -0.9585 0.3654
v  -0.6835 -0.7367 0.1915
v  -0.6771 -0.9585 0.1897
v  0.3909 -2.5985 -0.1698
v  0.4273 -2.7047 -0.0587
v  0.3953 -2.7047 -0.1717
v  -0.6732 -1.1779 -0.0000
v  -0.5747 -1.1779 -0.3496
v  -0.6477 -1.1779 -0.1814
v  -0.6190 -1.3922 -0.0000
v  -0.5285 -1.3922 -0.3214
v  -0.5955 -1.3922 -0.1668
v  -0.4595 -1.1779 -0.4920
v  -0.3094 -1.1779 -0.5971
v  -0.1368 -1.1779 -0.6587
v  -0.4225 -1.3922 -0.4524
v  -0.2845 -1.3922 -0.5490
v  -0.1258 -1.3922 -0.6057
v  -0.5463 -1.6019 -0.0000
v  -0.4664 -1.6019 -0.2837
v  -0.5256 -1.6019 -0.1472
v  -0.4455 -1.8075 -0.1248
v  -0.3954 -1.8075 -0.2405
v  -0.3729 -1.6019 -0.3993
v  -0.2511 -1.6019 -0.4845
v  -0.1110 -1.6019 -0.5345
v  -0.3161 -1.8075 -0.3385
v  -0.2129 -1.8075 -0.4108
v  -0.0941 -1.8075 -0.4531
v  0.0459 -1.1779 -0.6716
v  0.2252 -1.1779 -0.6337
v  0.3881 -1.1779 -0.5497
v  0.0422 -1.3922 -0.6175
v  0.2071 -1.3922 -0.5827
v  0.3568 -1.3922 -0.5054
v  0.5221 -1.1779 -0.4248
v  0.6168 -1.1779 -0.2679
v  0.6667 -1.1779 -0.0916
v  0.4801 -1.3922 -0.3906
v  0.5671 -1.3922 -0.2464
v  0.6131 -1.3922 -0.0842
v  0.0373 -1.6019 -0.5450
v  0.1827 -1.6019 -0.5142
v  0.3149 -1.6019 -0.4461
v  0.0316 -1.8075 -0.4620
v  0.1549 -1.8075 -0.4359
v  0.2670 -1.8075 -0.3781
v  0.4237 -1.6019 -0.3447
v  0.5005 -1.6019 -0.2174
v  0.5410 -1.6019 -0.0743
v  0.3592 -1.8075 -0.2922
v  0.4243 -1.8075 -0.1843
v  0.4587 -1.8075 -0.0630
v  -0.1961 -2.5985 -0.3785
v  -0.0877 -2.7047 -0.4222
v  -0.1983 -2.7047 -0.3827
v  -0.3607 -2.0108 -0.1010
v  -0.4632 -1.8075 -0.0000
v  -0.3201 -2.0108 -0.1947
v  -0.2207 -2.4253 -0.0000
v  -0.3749 -2.0108 -0.0000
v  -0.2124 -2.4253 -0.0595
v  -0.2559 -2.0108 -0.2740
v  -0.1723 -2.0108 -0.3325
v  -0.0762 -2.0108 -0.3669
v  -0.1885 -2.4253 -0.1146
v  -0.1507 -2.4253 -0.1613
v  -0.1015 -2.4253 -0.1958
v  -0.4105 -2.5985 -0.1150
v  -0.3684 -2.7047 -0.2240
v  -0.4151 -2.7047 -0.1163
v  -0.1927 -2.5345 -0.1172
v  -0.2171 -2.5345 -0.0608
v  -0.2257 -2.5345 -0.0000
v  -0.2714 -2.5851 -0.1651
v  -0.3059 -2.5851 -0.0857
v  -0.3180 -2.5851 -0.0000
v  -0.4267 -2.5985 -0.0000
v  -0.3643 -2.5985 -0.2216
v  -0.1037 -2.5345 -0.2002
v  -0.0449 -2.4253 -0.2160
v  -0.0459 -2.5345 -0.2208
v  -0.1541 -2.5345 -0.1650
v  -0.2945 -2.7047 -0.3153
v  -0.2170 -2.5851 -0.2324
v  -0.2913 -2.5985 -0.3118
v  -0.1461 -2.5851 -0.2820
v  -0.0646 -2.5851 -0.3111
v  -0.0867 -2.5985 -0.4175
v  0.0256 -2.0108 -0.3740
v  0.1254 -2.0108 -0.3529
v  0.2161 -2.0108 -0.3061
v  0.0151 -2.4253 -0.2202
v  0.0738 -2.4253 -0.2078
v  0.2908 -2.0108 -0.2366
v  0.3435 -2.0108 -0.1492
v  0.3713 -2.0108 -0.0510
v  0.1272 -2.4253 -0.1802
v  0.1712 -2.4253 -0.1393
v  0.2022 -2.4253 -0.0879
v  0.1427 -2.5985 -0.4016
v  0.2487 -2.7047 -0.3523
v  0.1443 -2.7047 -0.4061
v  0.0755 -2.5345 -0.2124
v  0.1301 -2.5345 -0.1843
v  0.0154 -2.5345 -0.2252
v  0.0294 -2.7047 -0.4304
v  0.0217 -2.5851 -0.3172
v  0.0291 -2.5985 -0.4257
v  0.1064 -2.5851 -0.2993
v  0.1833 -2.5851 -0.2596
v  0.2460 -2.5985 -0.3484
v  0.2068 -2.5345 -0.0898
v  0.2186 -2.4253 -0.0300
v  0.2235 -2.5345 -0.0307
v  0.1750 -2.5345 -0.1424
v  0.3346 -2.7047 -0.2722
v  0.2466 -2.5851 -0.2006
v  0.3309 -2.5985 -0.2693
v  0.2913 -2.5851 -0.1265
v  0.3149 -2.5851 -0.0433
v  0.4226 -2.5985 -0.0581
v  0.6667 -1.1779 0.0916
v  0.6168 -1.1779 0.2679
v  0.5221 -1.1779 0.4248
v  0.6131 -1.3922 0.0842
v  0.5671 -1.3922 0.2464
v  0.4801 -1.3922 0.3906
v  0.3881 -1.1779 0.5497
v  0.2252 -1.1779 0.6337
v  0.0459 -1.1779 0.6716
v  0.3568 -1.3922 0.5054
v  0.2071 -1.3922 0.5827
v  0.0422 -1.3922 0.6175
v  0.5410 -1.6019 0.0743
v  0.5005 -1.6019 0.2174
v  0.4237 -1.6019 0.3447
v  0.4587 -1.8075 0.0630
v  0.4243 -1.8075 0.1843
v  0.3592 -1.8075 0.2922
v  0.3149 -1.6019 0.4461
v  0.1827 -1.6019 0.5142
v  0.0373 -1.6019 0.5450
v  0.2670 -1.8075 0.3781
v  0.1549 -1.8075 0.4359
v  0.0316 -1.8075 0.4620
v  -0.1368 -1.1779 0.6587
v  -0.3094 -1.1779 0.5971
v  -0.4595 -1.1779 0.4920
v  -0.1258 -1.3922 0.6057
v  -0.2845 -1.3922 0.5490
v  -0.4225 -1.3922 0.4524
v  -0.5747 -1.1779 0.3496
v  -0.6477 -1.1779 0.1814
v  -0.5285 -1.3922 0.3214
v  -0.5955 -1.3922 0.1668
v  -0.1110 -1.6019 0.5345
v  -0.2511 -1.6019 0.4845
v  -0.3729 -1.6019 0.3993
v  -0.0941 -1.8075 0.4531
v  -0.2129 -1.8075 0.4108
v  -0.3161 -1.8075 0.3385
v  -0.4664 -1.6019 0.2837
v  -0.5256 -1.6019 0.1472
v  -0.3954 -1.8075 0.2405
v  -0.4455 -1.8075 0.1248
v  0.1427 -2.5985 0.4016
v  0.0294 -2.7047 0.4304
v  0.1443 -2.7047 0.4061
v  0.3713 -2.0108 0.0510
v  0.3435 -2.0108 0.1492
v  0.2908 -2.0108 0.2366
v  0.2186 -2.4253 0.0300
v  0.2022 -2.4253 0.0879
v  0.2161 -2.0108 0.3061
v  0.1254 -2.0108 0.3529
v  0.0256 -2.0108 0.3740
v  0.1712 -2.4253 0.1393
v  0.1272 -2.4253 0.1802
v  0.0738 -2.4253 0.2078
v  0.3909 -2.5985 0.1698
v  0.3346 -2.7047 0.2722
v  0.3953 -2.7047 0.1717
v  0.2068 -2.5345 0.0898
v  0.1750 -2.5345 0.1424
v  0.2235 -2.5345 0.0307
v  0.4273 -2.7047 0.0587
v  0.3149 -2.5851 0.0433
v  0.4226 -2.5985 0.0581
v  0.2913 -2.5851 0.1265
v  0.2466 -2.5851 0.2006
v  0.3309 -2.5985 0.2693
v  0.0755 -2.5345 0.2124
v  0.0151 -2.4253 0.2202
v  0.0154 -2.5345 0.2252
v  0.1301 -2.5345 0.1843
v  0.2487 -2.7047 0.3523
v  0.1833 -2.5851 0.2596
v  0.2460 -2.5985 0.3484
v  0.1064 -2.5851 0.2993
v  0.0217 -2.5851 0.3172
v  0.0291 -2.5985 0.4257
v  -0.0762 -2.0108 0.3669
v  -0.1723 -2.0108 0.3325
v  -0.2559 -2.0108 0.2740
v  -0.0449 -2.4253 0.2160
v  -0.1015 -2.4253 0.1958
v  -0.3201 -2.0108 0.1947
v  -0.3607 -2.0108 0.1010
v  -0.1507 -2.4253 0.1613
v  -0.1885 -2.4253 0.1146
v  -0.2124 -2.4253 0.0595
v  -0.1961 -2.5985 0.3785
v  -0.2945 -2.7047 0.3153
v  -0.1983 -2.7047 0.3827
v  -0.1037 -2.5345 0.2002
v  -0.1541 -2.5345 0.1650
v  -0.0459 -2.5345 0.2208
v  -0.0877 -2.7047 0.4222
v  -0.0646 -2.5851 0.3111
v  -0.0867 -2.5985 0.4175
v  -0.1461 -2.5851 0.2820
v  -0.2170 -2.5851 0.2324
v  -0.2913 -2.5985 0.3118
v  -0.2171 -2.5345 0.0608
v  -0.1927 -2.5345 0.1172
v  -0.3684 -2.7047 0.2240
v  -0.2714 -2.5851 0.1651
v  -0.3643 -2.5985 0.2216
v  -0.3059 -2.5851 0.0857
v  0.0481 -0.5488 -0.0833
v  0.0833 0.6605 -0.0481
v  0.0833 -0.5488 -0.0481
v  0.0000 -0.5488 -0.0963
v  0.0481 0.6605 -0.0833
v  -0.0481 -0.5488 -0.0833
v  0.0000 0.6605 -0.0963
v  -0.0833 -0.5488 -0.0481
v  -0.0481 0.6605 -0.0833
v  -0.0963 -0.5488 -0.0000
v  -0.0833 0.6605 -0.0481
v  -0.0833 -0.5488 0.0481
v  -0.0963 0.6605 -0.0000
v  -0.0481 -0.5488 0.0833
v  -0.0833 0.6605 0.0481
v  0.0000 -0.5488 0.0963
v  -0.0481 0.6605 0.0833
v  0.0481 -0.5488 0.0833
v  0.0000 0.6605 0.0963
v  0.0833 -0.5488 0.0481
v  0.0481 0.6605 0.0833
v  0.0963 -0.5488 -0.0000
v  0.0833 0.6605 0.0481
v  0.0963 0.6605 -0.0000
v  0.0833 0.9100 -0.0481
v  0.0481 0.9100 -0.0833
v  0.0000 0.9100 -0.0000
v  0.0000 0.9100 -0.0963
v  -0.0481 0.9100 -0.0833
v  -0.0833 0.9100 -0.0481
v  -0.0963 0.9100 -0.0000
v  -0.0833 0.9100 0.0481
v  -0.0481 0.9100 0.0833
v  0.0000 0.9100 0.0963
v  0.0481 0.9100 0.0833
v  0.0833 0.9100 0.0481
v  0.0963 0.9100 -0.0000
v  -0.0733 0.6605 0.1269
v  -0.1269 0.9100 0.0733
v  -0.1269 0.6605 0.0733
v  -0.1466 0.9100 -0.0000
v  -0.1466 0.6605 -0.0000
v  -0.1269 0.9100 -0.0733
v  -0.1269 0.6605 -0.0733
v  -0.0733 0.9100 -0.1269
v  -0.0733 0.6605 -0.1269
v  0.0000 0.9100 -0.1466
v  0.0000 0.6605 -0.1466
v  0.0733 0.9100 -0.1269
v  0.0733 0.6605 -0.1269
v  0.1269 0.9100 -0.0733
v  0.1269 0.6605 -0.0733
v  0.1466 0.9100 -0.0000
v  0.1466 0.6605 -0.0000
v  0.1269 0.9100 0.0733
v  0.1269 0.6605 0.0733
v  0.0733 0.9100 0.1269
v  0.0733 0.6605 0.1269
v  0.0000 0.9100 0.1466
v  0.0000 0.6605 0.1466
v  -0.0733 0.9100 0.1269
v  1.4446 0.4751 -0.8341
v  1.4174 0.7837 -0.3798
v  1.6113 0.4751 -0.4318
v  1.1795 0.4751 -1.1795
v  1.2708 0.7837 -0.7337
v  0.8341 0.4751 -1.4446
v  1.0376 0.7837 -1.0376
v  0.4318 0.4751 -1.6113
v  0.7337 0.7837 -1.2708
v  0.0000 0.4751 -1.6681
v  0.3798 0.7837 -1.4174
v  -0.4318 0.4751 -1.6113
v  0.0000 0.7837 -1.4673
v  -0.8341 0.4751 -1.4446
v  -0.3798 0.7837 -1.4174
v  -1.1795 0.4751 -1.1795
v  -0.7337 0.7837 -1.2708
v  -1.4446 0.4751 -0.8341
v  -1.0376 0.7837 -1.0376
v  -1.6113 0.4751 -0.4318
v  -1.2708 0.7837 -0.7337
v  -1.6681 0.4751 -0.0000
v  -1.4174 0.7837 -0.3798
v  -1.6113 0.4751 0.4318
v  -1.4673 0.7837 -0.0000
v  -1.4446 0.4751 0.8341
v  -1.4174 0.7837 0.3798
v  -1.1795 0.4751 1.1795
v  -1.2708 0.7837 0.7337
v  -0.8341 0.4751 1.4446
v  -1.0376 0.7837 1.0376
v  -0.4318 0.4751 1.6113
v  -0.7337 0.7837 1.2708
v  0.0000 0.4751 1.6681
v  -0.3798 0.7837 1.4174
v  0.4318 0.4751 1.6113
v  0.0000 0.7837 1.4673
v  0.8341 0.4751 1.4446
v  0.3798 0.7837 1.4174
v  1.1795 0.4751 1.1795
v  0.7337 0.7837 1.2708
v  1.4446 0.4751 0.8341
v  1.0376 0.7837 1.0376
v  1.6113 0.4751 0.4318
v  1.2708 0.7837 0.7337
v  1.6681 0.4751 -0.0000
v  1.4174 0.7837 0.3798
v  1.4673 0.7837 -0.0000
v  -1.1586 1.2985 -0.3105
v  -0.8307 1.8615 -0.4796
v  -1.0388 1.2985 -0.5998
v  -0.6783 1.8615 -0.6783
v  -0.8482 1.2985 -0.8482
v  -0.4796 1.8615 -0.8307
v  -0.5998 1.2985 -1.0388
v  -0.2483 1.8615 -0.9265
v  -0.3105 1.2985 -1.1586
v  0.0000 1.8615 -0.9592
v  0.0000 1.2985 -1.1995
v  0.2483 1.8615 -0.9265
v  0.3105 1.2985 -1.1586
v  0.4796 1.8615 -0.8307
v  0.5998 1.2985 -1.0388
v  0.6783 1.8615 -0.6783
v  0.8482 1.2985 -0.8482
v  0.8307 1.8615 -0.4796
v  1.0388 1.2985 -0.5998
v  0.9265 1.8615 -0.2483
v  1.1586 1.2985 -0.3105
v  0.9592 1.8615 -0.0000
v  1.1995 1.2985 -0.0000
v  0.9265 1.8615 0.2483
v  1.1586 1.2985 0.3105
v  0.8307 1.8615 0.4796
v  1.0388 1.2985 0.5998
v  0.6783 1.8615 0.6783
v  0.8482 1.2985 0.8482
v  0.4796 1.8615 0.8307
v  0.5998 1.2985 1.0388
v  0.2483 1.8615 0.9265
v  0.3105 1.2985 1.1586
v  0.0000 1.8615 0.9592
v  0.0000 1.2985 1.1995
v  -0.2483 1.8615 0.9265
v  -0.3105 1.2985 1.1586
v  -0.4796 1.8615 0.8307
v  -0.5998 1.2985 1.0388
v  -0.6783 1.8615 0.6783
v  -0.8482 1.2985 0.8482
v  -0.8307 1.8615 0.4796
v  -1.0388 1.2985 0.5998
v  -0.9265 1.8615 0.2483
v  -1.1586 1.2985 0.3105
v  -0.9592 1.8615 -0.0000
v  -1.1995 1.2985 -0.0000
v  -0.9265 1.8615 -0.2483
v  -0.7806 2.3218 -0.2092
v  -0.6172 2.8370 -0.3564
v  -0.6999 2.3218 -0.4041
v  -0.5039 2.8370 -0.5039
v  -0.5714 2.3218 -0.5714
v  -0.3564 2.8370 -0.6172
v  -0.4041 2.3218 -0.6999
v  -0.1845 2.8370 -0.6884
v  -0.2092 2.3218 -0.7806
v  0.0000 2.8370 -0.7127
v  0.0000 2.3218 -0.8081
v  0.1845 2.8370 -0.6884
v  0.2092 2.3218 -0.7806
v  0.3564 2.8370 -0.6172
v  0.4041 2.3218 -0.6999
v  0.5039 2.8370 -0.5039
v  0.5714 2.3218 -0.5714
v  0.6172 2.8370 -0.3564
v  0.6999 2.3218 -0.4041
v  0.6884 2.8370 -0.1845
v  0.7806 2.3218 -0.2092
v  0.7127 2.8370 -0.0000
v  0.8081 2.3218 -0.0000
v  0.6884 2.8370 0.1845
v  0.7806 2.3218 0.2092
v  0.6172 2.8370 0.3564
v  0.6999 2.3218 0.4041
v  0.5039 2.8370 0.5039
v  0.5714 2.3218 0.5714
v  0.3564 2.8370 0.6172
v  0.4041 2.3218 0.6999
v  0.1845 2.8370 0.6884
v  0.2092 2.3218 0.7806
v  0.0000 2.8370 0.7127
v  0.0000 2.3218 0.8081
v  -0.1845 2.8370 0.6884
v  -0.2092 2.3218 0.7806
v  -0.3564 2.8370 0.6172
v  -0.4041 2.3218 0.6999
v  -0.5039 2.8370 0.5039
v  -0.5714 2.3218 0.5714
v  -0.6172 2.8370 0.3564
v  -0.6999 2.3218 0.4041
v  -0.6884 2.8370 0.1845
v  -0.7806 2.3218 0.2092
v  -0.7127 2.8370 -0.0000
v  -0.8081 2.3218 -0.0000
v  -0.6884 2.8370 -0.1845
v  1.3656 0.7522 -0.3659
v  1.3999 0.4414 -0.8082
v  1.5613 0.4414 -0.4184
v  1.2244 0.7522 -0.7069
v  1.1430 0.4414 -1.1430
v  0.9997 0.7522 -0.9997
v  0.8082 0.4414 -1.3999
v  0.7069 0.7522 -1.2244
v  0.4184 0.4414 -1.5613
v  0.3659 0.7522 -1.3656
v  0.0000 0.4414 -1.6164
v  0.0000 0.7522 -1.4138
v  -0.4184 0.4414 -1.5613
v  -0.3659 0.7522 -1.3656
v  -0.8082 0.4414 -1.3999
v  -0.7069 0.7522 -1.2244
v  -1.1430 0.4414 -1.1430
v  -0.9997 0.7522 -0.9997
v  -1.3999 0.4414 -0.8082
v  -1.2244 0.7522 -0.7069
v  -1.5613 0.4414 -0.4184
v  -1.3656 0.7522 -0.3659
v  -1.6164 0.4414 -0.0000
v  -1.4138 0.7522 -0.0000
v  -1.5613 0.4414 0.4184
v  -1.3656 0.7522 0.3659
v  -1.3999 0.4414 0.8082
v  -1.2244 0.7522 0.7069
v  -1.1430 0.4414 1.1430
v  -0.9997 0.7522 0.9997
v  -0.8082 0.4414 1.3999
v  -0.7069 0.7522 1.2244
v  -0.4184 0.4414 1.5613
v  -0.3659 0.7522 1.3656
v  0.0000 0.4414 1.6164
v  0.0000 0.7522 1.4138
v  0.4184 0.4414 1.5613
v  0.3659 0.7522 1.3656
v  0.8082 0.4414 1.3999
v  0.7069 0.7522 1.2244
v  1.1430 0.4414 1.1430
v  0.9997 0.7522 0.9997
v  1.3999 0.4414 0.8082
v  1.2244 0.7522 0.7069
v  1.5613 0.4414 0.4184
v  1.3656 0.7522 0.3659
v  1.6164 0.4414 -0.0000
v  1.4138 0.7522 -0.0000
v  -0.7804 1.8395 -0.4506
v  -1.1044 1.2719 -0.2959
v  -0.9902 1.2719 -0.5717
v  -0.6372 1.8395 -0.6372
v  -0.8085 1.2719 -0.8085
v  -0.4506 1.8395 -0.7804
v  -0.5717 1.2719 -0.9902
v  -0.2332 1.8395 -0.8704
v  -0.2959 1.2719 -1.1044
v  0.0000 1.8395 -0.9011
v  0.0000 1.2719 -1.1434
v  0.2332 1.8395 -0.8704
v  0.2959 1.2719 -1.1044
v  0.4506 1.8395 -0.7804
v  0.5717 1.2719 -0.9902
v  0.6372 1.8395 -0.6372
v  0.8085 1.2719 -0.8085
v  0.7804 1.8395 -0.4506
v  0.9902 1.2719 -0.5717
v  0.8704 1.8395 -0.2332
v  1.1044 1.2719 -0.2959
v  0.9011 1.8395 -0.0000
v  1.1434 1.2719 -0.0000
v  0.8704 1.8395 0.2332
v  1.1044 1.2719 0.2959
v  0.7804 1.8395 0.4506
v  0.9902 1.2719 0.5717
v  0.6372 1.8395 0.6372
v  0.8085 1.2719 0.8085
v  0.4506 1.8395 0.7804
v  0.5717 1.2719 0.9902
v  0.2332 1.8395 0.8704
v  0.2959 1.2719 1.1044
v  0.0000 1.8395 0.9011
v  0.0000 1.2719 1.1434
v  -0.2332 1.8395 0.8704
v  -0.2959 1.2719 1.1044
v  -0.4506 1.8395 0.7804
v  -0.5717 1.2719 0.9902
v  -0.6372 1.8395 0.6372
v  -0.8085 1.2719 0.8085
v  -0.7804 1.8395 0.4506
v  -0.9902 1.2719 0.5717
v  -0.8704 1.8395 0.2332
v  -1.1044 1.2719 0.2959
v  -0.9011 1.8395 -0.0000
v  -1.1434 1.2719 -0.0000
v  -0.8704 1.8395 -0.2332
v  -0.5647 2.8258 -0.3261
v  -0.7225 2.3064 -0.1936
v  -0.6478 2.3064 -0.3740
v  -0.4611 2.8258 -0.4611
v  -0.5289 2.3064 -0.5289
v  -0.3261 2.8258 -0.5647
v  -0.3740 2.3064 -0.6478
v  -0.1688 2.8258 -0.6299
v  -0.1936 2.3064 -0.7225
v  0.0000 2.8258 -0.6521
v  0.0000 2.3064 -0.7480
v  0.1688 2.8258 -0.6299
v  0.1936 2.3064 -0.7225
v  0.3261 2.8258 -0.5647
v  0.3740 2.3064 -0.6478
v  0.4611 2.8258 -0.4611
v  0.5289 2.3064 -0.5289
v  0.5647 2.8258 -0.3261
v  0.6478 2.3064 -0.3740
v  0.6299 2.8258 -0.1688
v  0.7225 2.3064 -0.1936
v  0.6521 2.8258 -0.0000
v  0.7480 2.3064 -0.0000
v  0.6299 2.8258 0.1688
v  0.7225 2.3064 0.1936
v  0.5647 2.8258 0.3261
v  0.6478 2.3064 0.3740
v  0.4611 2.8258 0.4611
v  0.5289 2.3064 0.5289
v  0.3261 2.8258 0.5647
v  0.3740 2.3064 0.6478
v  0.1688 2.8258 0.6299
v  0.1936 2.3064 0.7225
v  0.0000 2.8258 0.6521
v  0.0000 2.3064 0.7480
v  -0.1688 2.8258 0.6299
v  -0.1936 2.3064 0.7225
v  -0.3261 2.8258 0.5647
v  -0.3740 2.3064 0.6478
v  -0.4611 2.8258 0.4611
v  -0.5289 2.3064 0.5289
v  -0.5647 2.8258 0.3261
v  -0.6478 2.3064 0.3740
v  -0.6299 2.8258 0.1688
v  -0.7225 2.3064 0.1936
v  -0.6521 2.8258 -0.0000
v  -0.7480 2.3064 -0.0000
v  -0.6299 2.8258 -0.1688
v  -0.1124 1.2565 0.2623
v  -0.2221 1.4867 0.2221
v  -0.2061 1.2565 0.2061
v  0.0000 1.2565 0.2810
v  -0.1211 1.4885 0.2830
v  0.1211 1.4885 0.2830
v  0.0000 1.4903 0.3034
v  0.2061 1.2565 0.2061
v  0.1124 1.2565 0.2623
v  0.1112 1.5939 0.2613
v  0.0000 1.6012 0.2808
v  0.2044 1.5866 0.2044
v  0.1753 1.6491 0.1753
v  0.1042 1.6763 0.2075
v  0.0000 1.6896 0.2234
v  -0.2044 1.5866 0.2044
v  -0.1112 1.5939 0.2613
v  -0.1042 1.6763 0.2075
v  -0.1753 1.6491 0.1753
v  -0.1137 1.7261 0.1137
v  -0.2075 1.6763 0.1042
v  0.0000 1.7429 0.1226
v  0.0000 1.7607 -0.0000
v  -0.1226 1.7429 -0.0000
v  -0.2234 1.6896 -0.0000
v  0.1137 1.7261 0.1137
v  0.2075 1.6763 0.1042
v  0.1226 1.7429 -0.0000
v  0.1137 1.7261 -0.1137
v  0.0000 1.7429 -0.1226
v  0.2075 1.6763 -0.1042
v  0.1753 1.6491 -0.1753
v  0.1042 1.6763 -0.2075
v  0.0000 1.6896 -0.2234
v  -0.2075 1.6763 -0.1042
v  -0.1137 1.7261 -0.1137
v  -0.1042 1.6763 -0.2075
v  -0.1753 1.6491 -0.1753
v  -0.1112 1.5939 -0.2613
v  -0.2044 1.5866 -0.2044
v  0.0000 1.6012 -0.2808
v  0.0000 1.4903 -0.3034
v  -0.1211 1.4885 -0.2830
v  -0.2221 1.4867 -0.2221
v  0.1112 1.5939 -0.2613
v  0.2044 1.5866 -0.2044
v  0.1211 1.4885 -0.2830
v  0.0000 1.2565 -0.2810
v  0.2221 1.4867 -0.2221
v  0.1124 1.2565 -0.2623
v  -0.2061 1.2565 -0.2061
v  -0.1124 1.2565 -0.2623
v  0.2830 1.4885 0.1211
v  0.2221 1.4867 0.2221
v  0.2810 1.2565 -0.0000
v  0.2623 1.2565 0.1124
v  0.2830 1.4885 -0.1211
v  0.3034 1.4903 -0.0000
v  0.2061 1.2565 -0.2061
v  0.2623 1.2565 -0.1124
v  0.2613 1.5939 -0.1112
v  0.2808 1.6012 -0.0000
v  0.2234 1.6896 -0.0000
v  0.2613 1.5939 0.1112
v  -0.2830 1.4885 -0.1211
v  -0.2810 1.2565 -0.0000
v  -0.2623 1.2565 -0.1124
v  -0.2830 1.4885 0.1211
v  -0.3034 1.4903 -0.0000
v  -0.2623 1.2565 0.1124
v  -0.2613 1.5939 0.1112
v  -0.2808 1.6012 -0.0000
v  -0.2613 1.5939 -0.1112
v  -0.1658 1.1031 -0.1658
v  -0.0905 1.1031 -0.2111
v  0.0905 1.1031 -0.2111
v  0.0000 1.1031 -0.2261
v  0.1658 1.1031 -0.1658
v  0.0594 1.0034 -0.1387
v  0.0000 1.0032 -0.1483
v  0.1084 1.0028 -0.1084
v  -0.1084 1.0028 -0.1084
v  -0.0594 1.0034 -0.1387
v  0.2111 1.1031 -0.0905
v  0.2111 1.1031 0.0905
v  0.2261 1.1031 -0.0000
v  0.1658 1.1031 0.1658
v  0.1387 1.0034 0.0594
v  0.1483 1.0032 -0.0000
v  0.1084 1.0028 0.1084
v  0.1387 1.0034 -0.0594
v  0.0905 1.1031 0.2111
v  -0.0905 1.1031 0.2111
v  0.0000 1.1031 0.2261
v  -0.1658 1.1031 0.1658
v  -0.0594 1.0034 0.1387
v  0.0000 1.0032 0.1483
v  -0.1084 1.0028 0.1084
v  0.0594 1.0034 0.1387
v  -0.2111 1.1031 0.0905
v  -0.2111 1.1031 -0.0905
v  -0.2261 1.1031 -0.0000
v  -0.1387 1.0034 -0.0594
v  -0.1483 1.0032 -0.0000
v  -0.1387 1.0034 0.0594
v  -0.0378 0.9325 -0.0883
v  -0.0630 0.8904 -0.0630
v  -0.0691 0.9324 -0.0691
v  0.0000 0.9324 -0.0944
v  -0.0344 0.8904 -0.0802
v  0.0344 0.8904 -0.0802
v  0.0000 0.8904 -0.0859
v  0.0378 0.9325 -0.0883
v  0.0630 0.8904 -0.0630
v  0.0000 0.8399 -0.0858
v  0.0343 0.8399 -0.0801
v  -0.0629 0.8399 -0.0629
v  -0.0343 0.8399 -0.0801
v  0.0883 0.9325 -0.0378
v  0.0802 0.8904 -0.0344
v  0.0944 0.9324 -0.0000
v  0.0802 0.8904 0.0344
v  0.0859 0.8904 -0.0000
v  0.0883 0.9325 0.0378
v  0.0630 0.8904 0.0630
v  0.0858 0.8399 -0.0000
v  0.0801 0.8399 0.0343
v  0.0801 0.8399 -0.0343
v  0.0629 0.8399 -0.0629
v  0.0378 0.9325 0.0883
v  0.0344 0.8904 0.0802
v  0.0000 0.9324 0.0944
v  -0.0344 0.8904 0.0802
v  0.0000 0.8904 0.0859
v  -0.0378 0.9325 0.0883
v  -0.0630 0.8904 0.0630
v  0.0000 0.8399 0.0858
v  -0.0343 0.8399 0.0801
v  0.0343 0.8399 0.0801
v  0.0629 0.8399 0.0629
v  -0.0883 0.9325 0.0378
v  -0.0802 0.8904 0.0344
v  -0.0944 0.9324 -0.0000
v  -0.0802 0.8904 -0.0344
v  -0.0859 0.8904 -0.0000
v  -0.0883 0.9325 -0.0378
v  -0.0858 0.8399 -0.0000
v  -0.0801 0.8399 -0.0343
v  -0.0801 0.8399 0.0343
v  -0.0629 0.8399 0.0629
v  0.0691 0.9324 -0.0691
v  -0.0691 0.9324 0.0691
v  0.0691 0.9324 0.0691
v  0.0000 0.7922 0.2926
v  -0.2443 0.8144 0.0106
v  -0.2708 0.8052 0.0075
v  -0.2439 0.8046 0.0077
v  -0.2724 0.8167 0.0098
v  -0.2809 0.8051 0.0079
v  -0.2740 0.8283 0.0064
v  -0.2829 0.8192 0.0097
v  -0.2447 0.8242 0.0074
v  -0.2842 0.8355 0.0062
v  -0.3019 0.8202 0.0115
v  -0.3016 0.8034 0.0097
v  -0.3155 0.8071 0.0070
v  -0.3022 0.8376 0.0094
v  -0.3194 0.8205 0.0097
v  -0.2878 0.8417 0.0051
v  -0.3023 0.8448 0.0088
v  -0.3175 0.8400 0.0078
v  -0.3078 1.0085 0.0106
v  -0.3168 0.8479 0.0072
v  -0.2972 1.0088 0.0074
v  -0.3357 1.1629 0.0078
v  -0.3181 1.0677 0.0108
v  -0.3075 1.0713 0.0078
v  -0.3466 1.1624 0.0108
v  -0.3287 1.0642 0.0078
v  -0.3778 1.3421 0.0108
v  -0.3575 1.1620 0.0078
v  -0.3668 1.3396 0.0078
v  -0.3845 1.6298 0.0078
v  -0.3952 1.6311 0.0108
v  -0.3888 1.3447 0.0078
v  -0.3904 1.9319 0.0108
v  -0.4058 1.6324 0.0078
v  -0.3804 1.9315 0.0078
v  -0.3461 2.1429 0.0078
v  -0.3550 2.1471 0.0108
v  -0.4004 1.9323 0.0078
v  -0.2784 2.2770 0.0108
v  -0.3639 2.1514 0.0078
v  -0.2714 2.2682 0.0078
v  -0.1500 2.3217 0.0108
v  -0.1537 2.3319 0.0078
v  -0.2854 2.2858 0.0078
v  0.0000 2.3338 0.0078
v  -0.1463 2.3116 0.0078
v  0.0000 2.3239 0.0108
v  -0.0795 0.8044 0.0078
v  -0.0795 0.8136 0.0108
v  -0.0795 0.8228 0.0078
v  -0.3086 1.0340 0.0108
v  -0.3188 1.0312 0.0078
v  -0.3183 1.0082 0.0077
v  -0.2983 1.0368 0.0078
v  -0.2708 0.8052 -0.0105
v  -0.2443 0.8144 -0.0136
v  -0.2439 0.8046 -0.0107
v  -0.2724 0.8167 -0.0128
v  -0.2447 0.8242 -0.0105
v  -0.2829 0.8192 -0.0127
v  -0.2740 0.8283 -0.0095
v  -0.2809 0.8051 -0.0109
v  -0.2842 0.8355 -0.0093
v  -0.3019 0.8202 -0.0146
v  -0.3022 0.8376 -0.0125
v  -0.3194 0.8205 -0.0127
v  -0.3175 0.8400 -0.0109
v  -0.3155 0.8071 -0.0100
v  -0.3016 0.8034 -0.0127
v  -0.2878 0.8417 -0.0082
v  -0.3023 0.8448 -0.0118
v  -0.2972 1.0088 -0.0105
v  -0.3168 0.8479 -0.0103
v  -0.3078 1.0085 -0.0136
v  -0.3181 1.0677 -0.0139
v  -0.3357 1.1629 -0.0108
v  -0.3075 1.0713 -0.0108
v  -0.3466 1.1624 -0.0139
v  -0.3668 1.3396 -0.0108
v  -0.3575 1.1620 -0.0108
v  -0.3778 1.3421 -0.0139
v  -0.3287 1.0642 -0.0108
v  -0.3845 1.6298 -0.0108
v  -0.3952 1.6311 -0.0139
v  -0.3804 1.9315 -0.0108
v  -0.4058 1.6324 -0.0108
v  -0.3904 1.9319 -0.0139
v  -0.3888 1.3447 -0.0108
v  -0.3461 2.1429 -0.0108
v  -0.3550 2.1471 -0.0139
v  -0.2714 2.2682 -0.0108
v  -0.3639 2.1514 -0.0108
v  -0.2784 2.2770 -0.0139
v  -0.4004 1.9323 -0.0108
v  -0.1500 2.3217 -0.0139
v  -0.1463 2.3116 -0.0108
v  0.0000 2.3239 -0.0139
v  0.0000 2.3141 -0.0108
v  0.0000 2.3338 -0.0108
v  -0.1537 2.3319 -0.0108
v  -0.0795 0.8136 -0.0139
v  -0.0795 0.8044 -0.0108
v  -0.0795 0.8228 -0.0108
v  -0.3086 1.0340 -0.0139
v  -0.2983 1.0368 -0.0108
v  -0.3188 1.0312 -0.0108
v  -0.2703 0.8013 -0.0015
v  -0.2802 0.8004 -0.0015
v  -0.2438 0.8013 -0.0015
v  -0.2745 0.8322 -0.0015
v  -0.2449 0.8275 -0.0015
v  -0.2808 0.8374 -0.0015
v  -0.3016 0.7978 -0.0015
v  -0.3210 0.8018 -0.0015
v  -0.3252 0.8206 -0.0015
v  -0.3226 0.8408 -0.0015
v  -0.3217 0.8490 -0.0015
v  -0.3183 1.0082 -0.0107
v  -0.2829 0.8406 -0.0015
v  -0.2937 1.0089 -0.0015
v  -0.3322 1.0630 -0.0015
v  -0.3612 1.1618 -0.0015
v  -0.3924 1.3455 -0.0015
v  -0.3631 1.3388 -0.0015
v  -0.3320 1.1630 -0.0015
v  -0.3039 1.0725 -0.0015
v  -0.4094 1.6329 -0.0015
v  -0.4037 1.9325 -0.0015
v  -0.3770 1.9314 -0.0015
v  -0.3809 1.6293 -0.0015
v  -0.3669 2.1528 -0.0015
v  -0.2854 2.2858 -0.0108
v  -0.2877 2.2888 -0.0015
v  -0.2691 2.2653 -0.0015
v  -0.3431 2.1415 -0.0015
v  -0.1550 2.3353 -0.0015
v  0.0000 2.3371 -0.0015
v  -0.1451 2.3083 -0.0015
v  0.0000 2.3141 0.0078
v  0.0000 2.3108 -0.0015
v  -0.0795 0.8013 -0.0015
v  -0.0795 0.8259 -0.0015
v  -0.3222 1.0303 -0.0015
v  -0.3218 1.0081 -0.0015
v  -0.2949 1.0377 -0.0015
v  0.2708 0.8052 0.0075
v  0.2443 0.8144 0.0106
v  0.2439 0.8046 0.0077
v  0.2809 0.8051 0.0079
v  0.2724 0.8167 0.0098
v  0.2829 0.8192 0.0097
v  0.2740 0.8283 0.0064
v  0.2447 0.8242 0.0074
v  0.2842 0.8355 0.0062
v  0.3019 0.8202 0.0115
v  0.3022 0.8376 0.0094
v  0.3016 0.8034 0.0097
v  0.3155 0.8071 0.0070
v  0.3194 0.8205 0.0097
v  0.3175 0.8400 0.0078
v  0.2878 0.8417 0.0051
v  0.3023 0.8448 0.0088
v  0.3168 0.8479 0.0072
v  0.3078 1.0085 0.0106
v  0.2972 1.0088 0.0074
v  0.3181 1.0677 0.0108
v  0.3357 1.1629 0.0078
v  0.3075 1.0713 0.0078
v  0.3287 1.0642 0.0078
v  0.3466 1.1624 0.0108
v  0.3575 1.1620 0.0078
v  0.3778 1.3421 0.0108
v  0.3668 1.3396 0.0078
v  0.3845 1.6298 0.0078
v  0.3888 1.3447 0.0078
v  0.3952 1.6311 0.0108
v  0.4058 1.6324 0.0078
v  0.3904 1.9319 0.0108
v  0.3804 1.9315 0.0078
v  0.3461 2.1429 0.0078
v  0.4004 1.9323 0.0078
v  0.3550 2.1471 0.0108
v  0.3639 2.1514 0.0078
v  0.2784 2.2770 0.0108
v  0.2714 2.2682 0.0078
v  0.1500 2.3217 0.0108
v  0.1463 2.3116 0.0078
v  0.1537 2.3319 0.0078
v  0.0795 0.8044 0.0078
v  0.0795 0.8136 0.0108
v  0.0795 0.8228 0.0078
v  0.3086 1.0340 0.0108
v  0.2983 1.0368 0.0078
v  0.3188 1.0312 0.0078
v  0.2443 0.8144 -0.0136
v  0.2708 0.8052 -0.0105
v  0.2439 0.8046 -0.0107
v  0.2447 0.8242 -0.0105
v  0.2724 0.8167 -0.0128
v  0.2740 0.8283 -0.0095
v  0.2829 0.8192 -0.0127
v  0.2809 0.8051 -0.0109
v  0.2842 0.8355 -0.0093
v  0.3019 0.8202 -0.0146
v  0.3022 0.8376 -0.0125
v  0.3194 0.8205 -0.0127
v  0.3155 0.8071 -0.0100
v  0.3016 0.8034 -0.0127
v  0.2878 0.8417 -0.0082
v  0.3023 0.8448 -0.0118
v  0.2972 1.0088 -0.0105
v  0.3078 1.0085 -0.0136
v  0.3168 0.8479 -0.0103
v  0.3183 1.0082 -0.0107
v  0.3175 0.8400 -0.0109
v  0.3357 1.1629 -0.0108
v  0.3181 1.0677 -0.0139
v  0.3075 1.0713 -0.0108
v  0.3668 1.3396 -0.0108
v  0.3466 1.1624 -0.0139
v  0.3778 1.3421 -0.0139
v  0.3575 1.1620 -0.0108
v  0.3287 1.0642 -0.0108
v  0.3845 1.6298 -0.0108
v  0.3804 1.9315 -0.0108
v  0.3952 1.6311 -0.0139
v  0.3904 1.9319 -0.0139
v  0.4058 1.6324 -0.0108
v  0.3888 1.3447 -0.0108
v  0.3461 2.1429 -0.0108
v  0.2714 2.2682 -0.0108
v  0.3550 2.1471 -0.0139
v  0.2784 2.2770 -0.0139
v  0.3639 2.1514 -0.0108
v  0.4004 1.9323 -0.0108
v  0.1500 2.3217 -0.0139
v  0.1463 2.3116 -0.0108
v  0.1537 2.3319 -0.0108
v  0.2854 2.2858 -0.0108
v  0.0795 0.8136 -0.0139
v  0.0795 0.8044 -0.0108
v  0.0795 0.8228 -0.0108
v  0.3086 1.0340 -0.0139
v  0.2983 1.0368 -0.0108
v  0.3188 1.0312 -0.0108
v  0.2703 0.8013 -0.0015
v  0.2438 0.8013 -0.0015
v  0.2802 0.8004 -0.0015
v  0.2745 0.8322 -0.0015
v  0.2808 0.8374 -0.0015
v  0.2449 0.8275 -0.0015
v  0.3016 0.7978 -0.0015
v  0.3252 0.8206 -0.0015
v  0.3210 0.8018 -0.0015
v  0.3226 0.8408 -0.0015
v  0.3217 0.8490 -0.0015
v  0.3218 1.0081 -0.0015
v  0.3183 1.0082 0.0077
v  0.2829 0.8406 -0.0015
v  0.2937 1.0089 -0.0015
v  0.3322 1.0630 -0.0015
v  0.3612 1.1618 -0.0015
v  0.3631 1.3388 -0.0015
v  0.3320 1.1630 -0.0015
v  0.3924 1.3455 -0.0015
v  0.4094 1.6329 -0.0015
v  0.4037 1.9325 -0.0015
v  0.3770 1.9314 -0.0015
v  0.3809 1.6293 -0.0015
v  0.3669 2.1528 -0.0015
v  0.2854 2.2858 0.0078
v  0.2691 2.2653 -0.0015
v  0.3431 2.1415 -0.0015
v  0.1550 2.3353 -0.0015
v  0.2877 2.2888 -0.0015
v  0.1451 2.3083 -0.0015
v  0.0795 0.8013 -0.0015
v  0.0795 0.8259 -0.0015
v  0.3222 1.0303 -0.0015
v  0.2949 1.0377 -0.0015
v  0.3039 1.0725 -0.0015
v  -0.5826 2.8055 0.3199
v  0.0143 2.8055 -0.6645
v  0.5683 2.8055 0.3446
# 1333 vertices

vn 0.0000 1.0000 0.0000
vn 0.6049 0.6049 -0.5178
vn 0.7071 0.7071 -0.0000
vn -0.7071 0.7071 -0.0000
vn 0.0000 0.8555 -0.5178
vn -1.0000 0.0000 -0.0000
vn -0.6049 0.6049 -0.5178
vn -0.7071 -0.7071 -0.0000
vn -0.8555 0.0000 -0.5178
vn -0.0000 -1.0000 0.0000
vn -0.6049 -0.6049 -0.5178
vn 0.7071 -0.7071 -0.0000
vn -0.0000 -0.8555 -0.5178
vn 1.0000 -0.0000 -0.0000
vn 0.6049 -0.6049 -0.5178
vn 0.8555 -0.0000 -0.5178
vn 0.0000 0.9062 -0.4229
vn 0.5490 0.5490 0.6303
vn 0.6408 0.6408 -0.4229
vn -0.6408 0.6408 -0.4228
vn -0.0000 0.7763 0.6303
vn -0.9062 0.0000 -0.4228
vn -0.5490 0.5489 0.6303
vn -0.6408 -0.6408 -0.4229
vn -0.7764 0.0000 0.6303
vn -0.0000 -0.9062 -0.4229
vn -0.5490 -0.5490 0.6303
vn 0.6408 -0.6408 -0.4228
vn 0.0000 -0.7763 0.6303
vn 0.9062 -0.0000 -0.4228
vn 0.5490 -0.5489 0.6303
vn 0.7764 -0.0000 0.6303
vn -0.0960 0.4400 -0.8928
vn 0.7254 0.6727 0.1459
vn 0.7252 0.4399 0.5297
vn -0.7252 -0.4400 -0.5296
vn -0.2364 -0.6727 0.7012
vn 0.0961 -0.4400 0.8928
vn -0.7254 -0.6727 -0.1458
vn 0.8212 0.4400 0.3632
vn -0.4890 0.6727 0.5553
vn -0.8212 0.4400 0.3632
vn 0.8212 -0.4400 -0.3632
vn -0.4890 -0.6727 -0.5553
vn -0.8212 -0.4400 -0.3632
vn 0.4890 -0.6727 -0.5553
vn -0.7252 0.4400 0.5296
vn -0.2364 0.6727 -0.7012
vn 0.0960 0.4401 -0.8928
vn -0.0960 -0.4400 0.8928
vn 0.7254 -0.6727 -0.1459
vn 0.7252 -0.4400 -0.5296
vn 0.2363 -0.6726 0.7012
vn -0.6377 -0.7703 0.0000
vn -0.5523 0.7703 0.3189
vn -0.5522 -0.7703 0.3189
vn -0.3189 0.7703 0.5522
vn -0.3189 -0.7703 0.5523
vn -0.0000 0.7703 0.6377
vn 0.0000 -0.7703 0.6377
vn 0.3189 0.7703 0.5523
vn 0.3189 -0.7703 0.5522
vn 0.5522 0.7703 0.3189
vn 0.5523 -0.7703 0.3189
vn 0.6377 0.7703 0.0000
vn 0.6377 -0.7703 -0.0000
vn 0.5523 0.7703 -0.3189
vn 0.5522 -0.7703 -0.3189
vn 0.3189 0.7703 -0.5522
vn 0.3189 -0.7703 -0.5523
vn 0.0000 0.7703 -0.6377
vn -0.0000 -0.7703 -0.6377
vn -0.3189 0.7703 -0.5523
vn -0.3189 -0.7703 -0.5522
vn -0.5522 0.7703 -0.3189
vn -0.5523 -0.7703 -0.3189
vn -0.6377 0.7703 -0.0000
vn 0.7572 0.6532 -0.0000
vn 0.6557 -0.6532 -0.3786
vn 0.6557 0.6532 -0.3786
vn 0.3786 -0.6532 -0.6557
vn 0.3786 0.6532 -0.6557
vn -0.0000 -0.6532 -0.7572
vn 0.0000 0.6532 -0.7572
vn -0.3786 -0.6532 -0.6557
vn -0.3786 0.6532 -0.6557
vn -0.6557 -0.6532 -0.3786
vn -0.6557 0.6532 -0.3786
vn -0.7572 -0.6532 -0.0000
vn -0.7572 0.6532 -0.0000
vn -0.6557 -0.6533 0.3785
vn -0.6557 0.6532 0.3786
vn -0.3786 -0.6532 0.6557
vn -0.3785 0.6533 0.6557
vn 0.0000 -0.6532 0.7572
vn -0.0000 0.6532 0.7572
vn 0.3785 -0.6533 0.6557
vn 0.3786 0.6532 0.6557
vn 0.6557 -0.6532 0.3786
vn 0.6557 0.6533 0.3785
vn 0.7572 -0.6532 -0.0000
vn 0.5774 -0.5774 0.5774
vn -0.5774 0.5774 0.5774
vn -0.5774 -0.5774 0.5774
vn 0.5774 0.5774 0.5774
vn -0.5774 0.5774 -0.5774
vn 0.5774 0.5774 -0.5774
vn -0.5774 -0.5774 -0.5774
vn 0.5774 -0.5774 -0.5774
vn -0.7295 0.6524 0.2056
vn -0.9990 0.0448 -0.0000
vn -0.9616 0.0448 0.2709
vn -0.2091 0.8902 -0.4048
vn -0.2041 0.0929 -0.9745
vn -0.4571 0.0930 -0.8846
vn -0.4386 0.8901 -0.1236
vn -0.8515 0.0929 -0.5160
vn -0.9584 0.0930 -0.2700
vn -0.0000 1.0000 0.0000
vn -0.4566 0.8897 0.0000
vn -0.3899 0.8901 -0.2362
vn -0.9957 0.0928 0.0000
vn -0.3115 0.8897 -0.3338
vn -0.0936 0.8900 -0.4463
vn -0.6793 0.0928 -0.7279
vn -0.9778 0.2093 -0.0000
vn -0.8365 0.2089 -0.5067
vn -0.9413 0.2088 -0.2653
vn -0.6073 0.7945 -0.0000
vn -0.5849 0.7942 -0.1648
vn -0.5197 0.7942 -0.3148
vn -0.6671 0.2093 -0.7149
vn -0.4489 0.2087 -0.8689
vn -0.2007 0.2090 -0.9571
vn -0.4143 0.7945 -0.4440
vn -0.2789 0.7942 -0.5399
vn -0.1246 0.7943 -0.5946
vn 0.9133 0.0930 -0.3965
vn 0.4519 0.8898 -0.0628
vn 0.9862 0.0929 -0.1369
vn 0.1529 0.8902 -0.4291
vn 0.5730 0.0929 -0.8143
vn 0.3341 0.0930 -0.9379
vn 0.0315 0.8897 -0.4554
vn 0.2624 0.8899 -0.3731
vn 0.0687 0.0928 -0.9933
vn 0.3544 0.8898 -0.2876
vn 0.4178 0.8902 -0.1814
vn 0.7730 0.0929 -0.6275
vn 0.0675 0.2093 -0.9755
vn 0.3282 0.2087 -0.9213
vn 0.5626 0.2090 -0.7999
vn 0.0419 0.7945 -0.6059
vn 0.2040 0.7941 -0.5725
vn 0.3495 0.7943 -0.4969
vn 0.7593 0.2092 -0.6162
vn 0.8971 0.2087 -0.3894
vn 0.9686 0.2091 -0.1346
vn 0.4716 0.7944 -0.3828
vn 0.5575 0.7941 -0.2420
vn 0.6016 0.7944 -0.0836
vn -0.7131 0.6716 -0.2010
vn -0.6337 0.6716 -0.3839
vn -0.8978 0.3605 -0.2530
vn -0.7409 0.6716 0.0000
vn -0.7978 0.3605 -0.4833
vn -0.5055 0.6716 -0.5417
vn -0.3401 0.6716 -0.6582
vn -0.1520 0.6716 -0.7252
vn -0.6364 0.3606 -0.6819
vn -0.4282 0.3605 -0.8287
vn -0.1913 0.3605 -0.9129
vn -0.9538 0.1343 -0.2688
vn -0.9327 0.3606 -0.0000
vn -0.8475 0.1343 -0.5135
vn -0.9623 0.0230 -0.2711
vn -0.8550 0.0230 -0.5180
vn -0.9909 0.1344 -0.0000
vn -0.9997 0.0230 -0.0000
vn -0.9591 -0.0837 -0.2703
vn -0.9965 -0.0838 -0.0000
vn -0.8523 -0.0837 -0.5164
vn -0.6761 0.1344 -0.7245
vn -0.4549 0.1343 -0.8804
vn -0.2032 0.1343 -0.9699
vn -0.6821 0.0230 -0.7309
vn -0.6799 -0.0838 -0.7285
vn -0.4589 0.0230 -0.8882
vn -0.2050 0.0230 -0.9785
vn -0.4574 -0.0837 -0.8853
vn -0.2044 -0.0837 -0.9753
vn 0.0511 0.6716 -0.7391
vn 0.2486 0.6716 -0.6979
vn 0.4263 0.6716 -0.6060
vn 0.0644 0.3606 -0.9305
vn 0.3130 0.3605 -0.8787
vn 0.5367 0.3605 -0.7629
vn 0.5753 0.6716 -0.4669
vn 0.6796 0.6716 -0.2950
vn 0.7339 0.6716 -0.1019
vn 0.7242 0.3605 -0.5878
vn 0.8556 0.3605 -0.3714
vn 0.9239 0.3605 -0.1283
vn 0.0684 0.1344 -0.9886
vn 0.3325 0.1343 -0.9335
vn 0.5702 0.1343 -0.8105
vn 0.0690 0.0230 -0.9974
vn 0.0688 -0.0838 -0.9941
vn 0.3355 0.0230 -0.9418
vn 0.5752 0.0230 -0.8177
vn 0.3344 -0.0837 -0.9387
vn 0.5734 -0.0837 -0.8150
vn 0.7694 0.1344 -0.6245
vn 0.9090 0.1343 -0.3946
vn 0.9815 0.1343 -0.1363
vn 0.7762 0.0230 -0.6301
vn 0.7737 -0.0838 -0.6280
vn 0.9171 0.0230 -0.3981
vn 0.9902 0.0230 -0.1375
vn 0.9141 -0.0837 -0.3968
vn 0.9870 -0.0838 -0.1371
vn 0.1529 0.8902 0.4291
vn 0.0687 0.0928 0.9933
vn 0.3341 0.0930 0.9379
vn 0.4178 0.8902 0.1814
vn 0.7730 0.0929 0.6275
vn 0.9133 0.0930 0.3965
vn 0.4519 0.8898 0.0628
vn 0.3544 0.8898 0.2876
vn 0.9862 0.0929 0.1369
vn 0.2624 0.8899 0.3731
vn 0.0315 0.8897 0.4554
vn 0.5730 0.0929 0.8143
vn 0.9686 0.2091 0.1346
vn 0.8971 0.2087 0.3894
vn 0.7593 0.2092 0.6162
vn 0.6016 0.7944 0.0836
vn 0.5575 0.7941 0.2420
vn 0.4716 0.7944 0.3828
vn 0.5626 0.2090 0.7999
vn 0.3282 0.2087 0.9213
vn 0.0675 0.2093 0.9755
vn 0.3495 0.7943 0.4969
vn 0.2040 0.7941 0.5725
vn 0.0419 0.7945 0.6059
vn -0.9584 0.0930 0.2700
vn -0.2091 0.8902 0.4048
vn -0.6793 0.0928 0.7279
vn -0.4571 0.0930 0.8846
vn -0.0936 0.8900 0.4463
vn -0.3115 0.8897 0.3338
vn -0.2041 0.0929 0.9745
vn -0.3899 0.8901 0.2362
vn -0.4386 0.8901 0.1236
vn -0.8515 0.0929 0.5160
vn -0.2007 0.2090 0.9571
vn -0.4489 0.2087 0.8689
vn -0.6671 0.2093 0.7149
vn -0.1246 0.7943 0.5946
vn -0.2789 0.7942 0.5399
vn -0.4143 0.7945 0.4440
vn -0.8365 0.2089 0.5067
vn -0.9413 0.2088 0.2653
vn -0.5197 0.7942 0.3148
vn -0.5849 0.7942 0.1648
vn 0.7339 0.6716 0.1019
vn 0.6796 0.6716 0.2950
vn 0.5753 0.6716 0.4669
vn 0.9239 0.3605 0.1283
vn 0.8556 0.3605 0.3714
vn 0.7242 0.3605 0.5878
vn 0.4263 0.6716 0.6060
vn 0.2486 0.6716 0.6979
vn 0.0511 0.6716 0.7391
vn 0.5367 0.3605 0.7629
vn 0.3130 0.3605 0.8787
vn 0.0644 0.3605 0.9305
vn 0.9815 0.1343 0.1363
vn 0.9090 0.1343 0.3946
vn 0.7694 0.1344 0.6245
vn 0.9902 0.0230 0.1375
vn 0.9870 -0.0838 0.1371
vn 0.9171 0.0230 0.3981
vn 0.7762 0.0230 0.6301
vn 0.9141 -0.0837 0.3968
vn 0.7737 -0.0838 0.6280
vn 0.5702 0.1343 0.8105
vn 0.3325 0.1343 0.9335
vn 0.0684 0.1344 0.9886
vn 0.5752 0.0230 0.8177
vn 0.5734 -0.0837 0.8150
vn 0.3355 0.0230 0.9418
vn 0.0690 0.0230 0.9974
vn 0.3344 -0.0837 0.9387
vn 0.0688 -0.0838 0.9941
vn -0.1520 0.6716 0.7252
vn -0.3401 0.6716 0.6582
vn -0.5055 0.6716 0.5417
vn -0.1913 0.3605 0.9129
vn -0.4282 0.3605 0.8287
vn -0.6364 0.3606 0.6819
vn -0.6337 0.6716 0.3839
vn -0.7131 0.6716 0.2010
vn -0.7978 0.3605 0.4833
vn -0.8978 0.3605 0.2530
vn -0.2032 0.1343 0.9699
vn -0.4549 0.1343 0.8804
vn -0.6761 0.1344 0.7245
vn -0.2050 0.0230 0.9785
vn -0.2044 -0.0837 0.9753
vn -0.4589 0.0230 0.8882
vn -0.6821 0.0230 0.7309
vn -0.4574 -0.0837 0.8853
vn -0.6799 -0.0838 0.7285
vn -0.8475 0.1343 0.5135
vn -0.9538 0.1343 0.2688
vn -0.8550 0.0230 0.5180
vn -0.8523 -0.0837 0.5164
vn -0.9623 0.0230 0.2711
vn -0.9591 -0.0837 0.2703
vn 0.6951 0.6526 -0.3017
vn 0.9895 0.0448 -0.1374
vn 0.9164 0.0448 -0.3978
vn -0.9816 -0.1909 0.0000
vn -0.8396 -0.1908 -0.5087
vn -0.9448 -0.1908 -0.2662
vn -0.9583 -0.2856 0.0000
vn -0.8197 -0.2854 -0.4966
vn -0.9225 -0.2854 -0.2599
vn -0.6697 -0.1909 -0.7177
vn -0.4506 -0.1908 -0.8721
vn -0.2013 -0.1908 -0.9608
vn -0.6538 -0.2856 -0.7007
vn -0.4399 -0.2854 -0.8515
vn -0.1966 -0.2855 -0.9380
vn -0.9365 -0.3508 0.0000
vn -0.8010 -0.3505 -0.4853
vn -0.9015 -0.3505 -0.2540
vn -0.8880 -0.3858 -0.2502
vn -0.7890 -0.3859 -0.4780
vn -0.6389 -0.3507 -0.6847
vn -0.4299 -0.3505 -0.8321
vn -0.1921 -0.3506 -0.9166
vn -0.6293 -0.3861 -0.6744
vn -0.4235 -0.3858 -0.8196
vn -0.1892 -0.3859 -0.9029
vn 0.0677 -0.1909 -0.9793
vn 0.3294 -0.1908 -0.9247
vn 0.5648 -0.1909 -0.8028
vn 0.0661 -0.2856 -0.9561
vn 0.3216 -0.2854 -0.9028
vn 0.5514 -0.2855 -0.7838
vn 0.7621 -0.1909 -0.6186
vn 0.9005 -0.1908 -0.3909
vn 0.9723 -0.1909 -0.1350
vn 0.7441 -0.2856 -0.6040
vn 0.8792 -0.2854 -0.3816
vn 0.9493 -0.2855 -0.1318
vn 0.0646 -0.3507 -0.9342
vn 0.3143 -0.3504 -0.8823
vn 0.5389 -0.3506 -0.7660
vn 0.0637 -0.3861 -0.9203
vn 0.3096 -0.3858 -0.8691
vn 0.5308 -0.3860 -0.7545
vn 0.7271 -0.3507 -0.5902
vn 0.8591 -0.3504 -0.3729
vn 0.9276 -0.3506 -0.1288
vn 0.7162 -0.3861 -0.5814
vn 0.8463 -0.3858 -0.3673
vn 0.9137 -0.3860 -0.1269
vn -0.3479 0.6525 -0.6733
vn -0.2049 0.0448 -0.9778
vn -0.4586 0.0448 -0.8875
vn -0.8927 -0.3740 -0.2516
vn -0.9224 -0.3861 0.0000
vn -0.7932 -0.3740 -0.4806
vn -0.9875 -0.1575 0.0000
vn -0.9273 -0.3743 0.0000
vn -0.9505 -0.1572 -0.2679
vn -0.6327 -0.3743 -0.6780
vn -0.4257 -0.3739 -0.8240
vn -0.1902 -0.3740 -0.9077
vn -0.8446 -0.1573 -0.5117
vn -0.6737 -0.1575 -0.7220
vn -0.4533 -0.1572 -0.8774
vn -0.7295 0.6524 -0.2056
vn -0.8544 0.0448 -0.5177
vn -0.9616 0.0448 -0.2709
vn -0.7150 0.5488 -0.4331
vn -0.8047 0.5487 -0.2268
vn -0.8354 0.5497 0.0000
vn -0.2502 0.9562 -0.1516
vn -0.2817 0.9562 -0.0794
vn -0.2919 0.9565 0.0000
vn -0.7587 0.6514 -0.0000
vn -0.6483 0.6522 -0.3928
vn -0.3838 0.5485 -0.7428
vn -0.2026 -0.1573 -0.9665
vn -0.1715 0.5489 -0.8181
vn -0.5700 0.5496 -0.6108
vn -0.6816 0.0448 -0.7304
vn -0.1992 0.9564 -0.2134
vn -0.5176 0.6515 -0.5547
vn -0.1344 0.9562 -0.2601
vn -0.0600 0.9563 -0.2863
vn -0.1555 0.6521 -0.7420
vn 0.0640 -0.3742 -0.9251
vn 0.3112 -0.3739 -0.8737
vn 0.5336 -0.3741 -0.7585
vn 0.0682 -0.1575 -0.9852
vn 0.3314 -0.1572 -0.9303
vn 0.7200 -0.3742 -0.5844
vn 0.8508 -0.3739 -0.3693
vn 0.9186 -0.3742 -0.1276
vn 0.5682 -0.1574 -0.8077
vn 0.7667 -0.1574 -0.6223
vn 0.9059 -0.1572 -0.3932
vn 0.2543 0.6525 -0.7138
vn 0.5748 0.0448 -0.8171
vn 0.3352 0.0448 -0.9411
vn 0.2806 0.5485 -0.7877
vn 0.4808 0.5491 -0.6836
vn 0.0577 0.5496 -0.8335
vn 0.0689 0.0448 -0.9966
vn 0.0201 0.9564 -0.2913
vn 0.0524 0.6515 -0.7568
vn 0.0983 0.9562 -0.2759
vn 0.1682 0.9563 -0.2391
vn 0.4363 0.6519 -0.6202
vn 0.7671 0.5484 -0.3329
vn 0.9781 -0.1574 -0.1359
vn 0.8277 0.5493 -0.1150
vn 0.6487 0.5494 -0.5266
vn 0.7756 0.0448 -0.6296
vn 0.2268 0.9564 -0.1841
vn 0.5889 0.6517 -0.4780
vn 0.2687 0.9561 -0.1166
vn 0.2894 0.9564 -0.0402
vn 0.7512 0.6518 -0.1043
vn 0.9723 -0.1909 0.1350
vn 0.9005 -0.1908 0.3909
vn 0.7621 -0.1909 0.6186
vn 0.9493 -0.2855 0.1318
vn 0.8792 -0.2854 0.3816
vn 0.7441 -0.2856 0.6040
vn 0.5648 -0.1909 0.8028
vn 0.3294 -0.1908 0.9247
vn 0.0677 -0.1909 0.9793
vn 0.5514 -0.2855 0.7838
vn 0.3216 -0.2854 0.9028
vn 0.0661 -0.2856 0.9561
vn 0.9276 -0.3506 0.1288
vn 0.8591 -0.3504 0.3729
vn 0.7271 -0.3507 0.5902
vn 0.9137 -0.3860 0.1269
vn 0.8463 -0.3858 0.3673
vn 0.7162 -0.3861 0.5814
vn 0.5389 -0.3506 0.7660
vn 0.3143 -0.3504 0.8823
vn 0.0646 -0.3507 0.9342
vn 0.5308 -0.3860 0.7545
vn 0.3096 -0.3858 0.8691
vn 0.0637 -0.3861 0.9203
vn -0.2013 -0.1908 0.9608
vn -0.4506 -0.1908 0.8721
vn -0.6697 -0.1909 0.7177
vn -0.1966 -0.2855 0.9380
vn -0.4399 -0.2854 0.8515
vn -0.6538 -0.2856 0.7007
vn -0.8396 -0.1908 0.5087
vn -0.9448 -0.1908 0.2662
vn -0.8197 -0.2854 0.4966
vn -0.9225 -0.2854 0.2599
vn -0.1921 -0.3506 0.9166
vn -0.4299 -0.3505 0.8321
vn -0.6389 -0.3507 0.6847
vn -0.1892 -0.3859 0.9029
vn -0.4235 -0.3858 0.8196
vn -0.6293 -0.3861 0.6744
vn -0.8010 -0.3505 0.4853
vn -0.9015 -0.3505 0.2540
vn -0.7890 -0.3859 0.4780
vn -0.8880 -0.3858 0.2502
vn 0.2543 0.6525 0.7138
vn 0.0689 0.0448 0.9966
vn 0.3352 0.0448 0.9411
vn 0.9186 -0.3742 0.1276
vn 0.8508 -0.3739 0.3693
vn 0.7200 -0.3742 0.5844
vn 0.9781 -0.1574 0.1359
vn 0.9059 -0.1572 0.3932
vn 0.5336 -0.3741 0.7585
vn 0.3112 -0.3739 0.8737
vn 0.0640 -0.3742 0.9251
vn 0.7667 -0.1574 0.6223
vn 0.5682 -0.1574 0.8077
vn 0.3314 -0.1572 0.9303
vn 0.6951 0.6526 0.3017
vn 0.7756 0.0448 0.6296
vn 0.9164 0.0448 0.3978
vn 0.7671 0.5484 0.3329
vn 0.6487 0.5494 0.5266
vn 0.8277 0.5493 0.1150
vn 0.9895 0.0448 0.1374
vn 0.2894 0.9564 0.0402
vn 0.7512 0.6518 0.1043
vn 0.2687 0.9561 0.1166
vn 0.2268 0.9564 0.1841
vn 0.5889 0.6517 0.4780
vn 0.2806 0.5485 0.7877
vn 0.0682 -0.1575 0.9852
vn 0.0577 0.5496 0.8335
vn 0.4808 0.5491 0.6836
vn 0.5748 0.0448 0.8171
vn 0.1682 0.9563 0.2391
vn 0.4363 0.6519 0.6202
vn 0.0983 0.9562 0.2759
vn 0.0201 0.9564 0.2913
vn 0.0524 0.6515 0.7568
vn -0.1902 -0.3740 0.9077
vn -0.4257 -0.3739 0.8240
vn -0.6327 -0.3743 0.6780
vn -0.2026 -0.1573 0.9665
vn -0.4533 -0.1572 0.8774
vn -0.7932 -0.3740 0.4806
vn -0.8927 -0.3740 0.2516
vn -0.6737 -0.1575 0.7220
vn -0.8446 -0.1573 0.5117
vn -0.9505 -0.1572 0.2679
vn -0.3479 0.6525 0.6733
vn -0.6816 0.0448 0.7304
vn -0.4586 0.0448 0.8875
vn -0.3838 0.5485 0.7428
vn -0.5700 0.5496 0.6108
vn -0.1715 0.5489 0.8181
vn -0.2049 0.0448 0.9778
vn -0.0600 0.9563 0.2863
vn -0.1555 0.6521 0.7420
vn -0.1344 0.9562 0.2601
vn -0.1992 0.9564 0.2134
vn -0.5176 0.6515 0.5547
vn -0.8047 0.5487 0.2268
vn -0.7150 0.5488 0.4331
vn -0.8544 0.0448 0.5177
vn -0.2503 0.9562 0.1516
vn -0.6483 0.6522 0.3928
vn -0.2817 0.9562 0.0794
vn 0.5000 0.0000 -0.8660
vn 0.5523 -0.7703 -0.3189
vn 0.8660 0.0000 -0.5000
vn -0.0000 0.0000 -1.0000
vn 0.3189 -0.7702 -0.5523
vn -0.5000 0.0000 -0.8660
vn 0.0000 -0.7703 -0.6377
vn -0.8660 0.0000 -0.5000
vn -0.3189 -0.7703 -0.5523
vn -1.0000 0.0000 0.0000
vn -0.5523 -0.7703 -0.3188
vn -0.8660 -0.0000 0.5000
vn -0.6377 -0.7703 -0.0000
vn -0.5000 -0.0000 0.8660
vn -0.5523 -0.7703 0.3189
vn 0.0000 -0.0000 1.0000
vn 0.5000 -0.0000 0.8660
vn -0.0000 -0.7703 0.6377
vn 0.8660 -0.0000 0.5000
vn 0.3189 -0.7703 0.5523
vn 0.6377 -0.7703 0.0000
vn 0.0000 1.0000 -0.0000
vn -0.7572 -0.6532 0.0000
vn -0.6557 0.6533 -0.3785
vn 0.7572 0.6532 0.0000
vn 0.3786 -0.6532 0.6557
vn -0.0000 -0.6533 0.7571
vn -0.3786 0.6532 0.6557
vn 0.8493 -0.1957 -0.4903
vn 0.8333 0.5058 -0.2233
vn 0.9473 -0.1957 -0.2538
vn 0.6934 -0.1957 -0.6934
vn 0.7471 0.5058 -0.4313
vn 0.4903 -0.1957 -0.8493
vn 0.6100 0.5058 -0.6100
vn 0.2538 -0.1957 -0.9473
vn 0.4313 0.5058 -0.7471
vn -0.0000 -0.1957 -0.9807
vn 0.2233 0.5058 -0.8333
vn -0.2538 -0.1957 -0.9473
vn 0.0000 0.5058 -0.8626
vn -0.4903 -0.1957 -0.8493
vn -0.2233 0.5058 -0.8333
vn -0.6934 -0.1957 -0.6934
vn -0.4313 0.5058 -0.7471
vn -0.8493 -0.1957 -0.4903
vn -0.6100 0.5058 -0.6100
vn -0.9473 -0.1957 -0.2538
vn -0.7471 0.5058 -0.4313
vn -0.9807 -0.1957 -0.0000
vn -0.8333 0.5058 -0.2233
vn -0.9473 -0.1957 0.2538
vn -0.8626 0.5058 -0.0000
vn -0.8493 -0.1957 0.4903
vn -0.8333 0.5058 0.2233
vn -0.6934 -0.1957 0.6934
vn -0.7471 0.5058 0.4313
vn -0.4903 -0.1957 0.8493
vn -0.6100 0.5058 0.6100
vn -0.2538 -0.1957 0.9473
vn -0.4313 0.5058 0.7471
vn 0.0000 -0.1957 0.9807
vn -0.2233 0.5058 0.8333
vn 0.2538 -0.1957 0.9473
vn 0.0000 0.5058 0.8626
vn 0.4903 -0.1957 0.8493
vn 0.2233 0.5058 0.8333
vn 0.6934 -0.1957 0.6934
vn 0.4313 0.5058 0.7471
vn 0.8493 -0.1957 0.4903
vn 0.6100 0.5058 0.6100
vn 0.9473 -0.1957 0.2538
vn 0.7471 0.5058 0.4313
vn 0.9807 -0.1957 -0.0000
vn 0.8333 0.5058 0.2233
vn 0.8626 0.5058 -0.0000
vn -0.8727 0.4286 -0.2338
vn -0.8100 0.3537 -0.4677
vn -0.7824 0.4286 -0.4517
vn -0.6614 0.3537 -0.6614
vn -0.6389 0.4286 -0.6389
vn -0.4677 0.3537 -0.8100
vn -0.4517 0.4286 -0.7824
vn -0.2421 0.3537 -0.9035
vn -0.2338 0.4286 -0.8727
vn 0.0000 0.3537 -0.9353
vn 0.0000 0.4286 -0.9035
vn 0.2421 0.3537 -0.9035
vn 0.2338 0.4286 -0.8727
vn 0.4677 0.3537 -0.8100
vn 0.4517 0.4286 -0.7824
vn 0.6614 0.3537 -0.6614
vn 0.6389 0.4286 -0.6389
vn 0.8100 0.3537 -0.4677
vn 0.7824 0.4286 -0.4517
vn 0.9035 0.3537 -0.2421
vn 0.8727 0.4286 -0.2338
vn 0.9353 0.3537 -0.0000
vn 0.9035 0.4286 -0.0000
vn 0.9035 0.3537 0.2421
vn 0.8727 0.4286 0.2338
vn 0.8100 0.3537 0.4677
vn 0.7824 0.4286 0.4517
vn 0.6614 0.3537 0.6614
vn 0.6389 0.4286 0.6389
vn 0.4677 0.3537 0.8100
vn 0.4517 0.4286 0.7824
vn 0.2421 0.3537 0.9035
vn 0.2338 0.4286 0.8727
vn 0.0000 0.3537 0.9353
vn -0.0000 0.4286 0.9035
vn -0.2421 0.3537 0.9035
vn -0.2338 0.4286 0.8727
vn -0.4677 0.3537 0.8100
vn -0.4517 0.4286 0.7824
vn -0.6614 0.3537 0.6614
vn -0.6389 0.4286 0.6389
vn -0.8100 0.3537 0.4677
vn -0.7824 0.4286 0.4517
vn -0.9035 0.3537 0.2421
vn -0.8727 0.4286 0.2338
vn -0.9353 0.3537 0.0000
vn -0.9035 0.4286 -0.0000
vn -0.9035 0.3537 -0.2421
vn -0.9355 0.2489 -0.2507
vn -0.5232 0.7968 -0.3021
vn -0.8388 0.2489 -0.4843
vn -0.4272 0.7968 -0.4272
vn -0.6849 0.2489 -0.6849
vn -0.3021 0.7968 -0.5232
vn -0.4843 0.2489 -0.8388
vn -0.1564 0.7968 -0.5836
vn -0.2507 0.2489 -0.9355
vn 0.0000 0.7968 -0.6042
vn 0.0000 0.2489 -0.9685
vn 0.1564 0.7968 -0.5836
vn 0.2507 0.2489 -0.9355
vn 0.3021 0.7968 -0.5232
vn 0.4843 0.2489 -0.8388
vn 0.4272 0.7968 -0.4272
vn 0.6849 0.2489 -0.6849
vn 0.5232 0.7968 -0.3021
vn 0.8388 0.2489 -0.4843
vn 0.5836 0.7968 -0.1564
vn 0.9355 0.2489 -0.2507
vn 0.6042 0.7968 -0.0000
vn 0.9685 0.2489 -0.0000
vn 0.5836 0.7968 0.1564
vn 0.9355 0.2489 0.2507
vn 0.5232 0.7968 0.3021
vn 0.8388 0.2489 0.4843
vn 0.4272 0.7968 0.4272
vn 0.6849 0.2489 0.6849
vn 0.3021 0.7968 0.5232
vn 0.4843 0.2489 0.8388
vn 0.1564 0.7968 0.5836
vn 0.2507 0.2489 0.9355
vn 0.0000 0.7968 0.6042
vn 0.0000 0.2489 0.9685
vn -0.1564 0.7968 0.5836
vn -0.2507 0.2489 0.9355
vn -0.3021 0.7968 0.5232
vn -0.4843 0.2489 0.8388
vn -0.4272 0.7968 0.4272
vn -0.6849 0.2489 0.6849
vn -0.5232 0.7968 0.3021
vn -0.8388 0.2489 0.4843
vn -0.5836 0.7968 0.1564
vn -0.9355 0.2489 0.2507
vn -0.6042 0.7968 0.0000
vn -0.9685 0.2489 0.0000
vn -0.5836 0.7968 -0.1564
vn -0.8330 -0.5062 0.2232
vn -0.1287 -0.9889 0.0743
vn -0.1436 -0.9889 0.0385
vn -0.7469 -0.5062 0.4312
vn -0.1051 -0.9889 0.1051
vn -0.6098 -0.5062 0.6098
vn -0.0743 -0.9889 0.1287
vn -0.4312 -0.5062 0.7469
vn -0.0385 -0.9889 0.1436
vn -0.2232 -0.5062 0.8330
vn 0.0000 -0.9889 0.1486
vn -0.0000 -0.5062 0.8624
vn 0.0385 -0.9889 0.1436
vn 0.2232 -0.5062 0.8330
vn 0.0743 -0.9889 0.1287
vn 0.4312 -0.5062 0.7469
vn 0.1051 -0.9889 0.1051
vn 0.6098 -0.5062 0.6098
vn 0.1287 -0.9889 0.0743
vn 0.7469 -0.5062 0.4312
vn 0.1436 -0.9889 0.0385
vn 0.8330 -0.5062 0.2232
vn 0.1486 -0.9889 -0.0000
vn 0.8624 -0.5062 0.0000
vn 0.1436 -0.9889 -0.0385
vn 0.8330 -0.5062 -0.2232
vn 0.1287 -0.9889 -0.0743
vn 0.7469 -0.5062 -0.4312
vn 0.1051 -0.9889 -0.1051
vn 0.6098 -0.5062 -0.6098
vn 0.0743 -0.9889 -0.1287
vn 0.4312 -0.5062 -0.7469
vn 0.0385 -0.9889 -0.1436
vn 0.2232 -0.5062 -0.8330
vn 0.0000 -0.9889 -0.1486
vn -0.0000 -0.5062 -0.8624
vn -0.0385 -0.9889 -0.1436
vn -0.2232 -0.5062 -0.8330
vn -0.0743 -0.9889 -0.1287
vn -0.4312 -0.5062 -0.7469
vn -0.1051 -0.9889 -0.1051
vn -0.6098 -0.5062 -0.6098
vn -0.1287 -0.9889 -0.0743
vn -0.7469 -0.5062 -0.4312
vn -0.1436 -0.9889 -0.0385
vn -0.8330 -0.5062 -0.2232
vn -0.1486 -0.9889 0.0000
vn -0.8624 -0.5062 0.0000
vn 0.8101 -0.3537 0.4677
vn 0.8727 -0.4286 0.2338
vn 0.7824 -0.4286 0.4517
vn 0.6614 -0.3537 0.6614
vn 0.6389 -0.4286 0.6389
vn 0.4677 -0.3537 0.8101
vn 0.4517 -0.4286 0.7824
vn 0.2421 -0.3537 0.9035
vn 0.2338 -0.4286 0.8727
vn -0.0000 -0.3537 0.9354
vn -0.0000 -0.4286 0.9035
vn -0.2421 -0.3537 0.9035
vn -0.2338 -0.4286 0.8727
vn -0.4677 -0.3537 0.8101
vn -0.4517 -0.4286 0.7824
vn -0.6614 -0.3537 0.6614
vn -0.6389 -0.4286 0.6389
vn -0.8101 -0.3537 0.4677
vn -0.7824 -0.4286 0.4517
vn -0.9035 -0.3537 0.2421
vn -0.8727 -0.4286 0.2338
vn -0.9354 -0.3537 0.0000
vn -0.9035 -0.4286 0.0000
vn -0.9035 -0.3537 -0.2421
vn -0.8727 -0.4286 -0.2338
vn -0.8101 -0.3537 -0.4677
vn -0.7824 -0.4286 -0.4517
vn -0.6614 -0.3537 -0.6614
vn -0.6389 -0.4286 -0.6389
vn -0.4677 -0.3537 -0.8101
vn -0.4517 -0.4286 -0.7824
vn -0.2421 -0.3537 -0.9035
vn -0.2338 -0.4286 -0.8727
vn 0.0000 -0.3537 -0.9354
vn 0.0000 -0.4286 -0.9035
vn 0.2421 -0.3537 -0.9035
vn 0.2338 -0.4286 -0.8727
vn 0.4677 -0.3537 -0.8101
vn 0.4517 -0.4286 -0.7824
vn 0.6614 -0.3537 -0.6614
vn 0.6389 -0.4286 -0.6389
vn 0.8101 -0.3537 -0.4677
vn 0.7824 -0.4286 -0.4517
vn 0.9035 -0.3537 -0.2421
vn 0.8727 -0.4286 -0.2338
vn 0.9354 -0.3537 0.0000
vn 0.9035 -0.4286 0.0000
vn 0.9035 -0.3537 0.2421
vn 0.6952 0.5963 0.4014
vn 0.9356 -0.2485 0.2507
vn 0.8389 -0.2485 0.4843
vn 0.5677 0.5963 0.5677
vn 0.6849 -0.2485 0.6849
vn 0.4014 0.5963 0.6952
vn 0.4843 -0.2485 0.8389
vn 0.2078 0.5963 0.7754
vn 0.2507 -0.2485 0.9356
vn -0.0000 0.5963 0.8028
vn -0.0000 -0.2485 0.9686
vn -0.2078 0.5963 0.7754
vn -0.2507 -0.2485 0.9356
vn -0.4014 0.5963 0.6952
vn -0.4843 -0.2485 0.8389
vn -0.5677 0.5963 0.5677
vn -0.6849 -0.2485 0.6849
vn -0.6952 0.5963 0.4014
vn -0.8389 -0.2485 0.4843
vn -0.7754 0.5963 0.2078
vn -0.9356 -0.2485 0.2507
vn -0.8028 0.5963 0.0000
vn -0.9686 -0.2485 0.0000
vn -0.7754 0.5963 -0.2078
vn -0.9356 -0.2485 -0.2507
vn -0.6952 0.5963 -0.4014
vn -0.8389 -0.2485 -0.4843
vn -0.5677 0.5963 -0.5677
vn -0.6849 -0.2485 -0.6849
vn -0.4014 0.5963 -0.6952
vn -0.4843 -0.2485 -0.8389
vn -0.2078 0.5963 -0.7754
vn -0.2507 -0.2485 -0.9356
vn 0.0000 0.5963 -0.8028
vn 0.0000 -0.2485 -0.9686
vn 0.2078 0.5963 -0.7754
vn 0.2507 -0.2485 -0.9356
vn 0.4014 0.5963 -0.6952
vn 0.4843 -0.2485 -0.8389
vn 0.5677 0.5963 -0.5677
vn 0.6849 -0.2485 -0.6849
vn 0.6952 0.5963 -0.4014
vn 0.8389 -0.2485 -0.4843
vn 0.7754 0.5963 -0.2078
vn 0.9356 -0.2485 -0.2507
vn 0.8028 0.5963 0.0000
vn 0.9686 -0.2485 -0.0000
vn 0.7754 0.5963 0.2078
vn -0.3379 -0.2172 0.9158
vn -0.7053 0.0705 0.7054
vn -0.6897 -0.2206 0.6897
vn 0.0000 -0.2150 0.9766
vn -0.3506 0.0638 0.9344
vn 0.3506 0.0639 0.9344
vn 0.0000 0.0576 0.9983
vn 0.6897 -0.2207 0.6897
vn 0.3379 -0.2173 0.9158
vn 0.3441 0.3783 0.8593
vn -0.0000 0.3818 0.9242
vn 0.6534 0.3824 0.6534
vn 0.5593 0.6119 0.5593
vn 0.3349 0.6939 0.6375
vn 0.0000 0.7353 0.6777
vn -0.6534 0.3824 0.6534
vn -0.3441 0.3783 0.8593
vn -0.3349 0.6939 0.6375
vn -0.5593 0.6119 0.5593
vn -0.3183 0.8930 0.3183
vn -0.6375 0.6939 0.3349
vn -0.0000 0.9484 0.3169
vn -0.3169 0.9484 -0.0000
vn -0.6777 0.7353 -0.0000
vn 0.3183 0.8930 0.3183
vn 0.6375 0.6939 0.3349
vn 0.3169 0.9484 -0.0000
vn 0.3183 0.8930 -0.3183
vn 0.0000 0.9484 -0.3169
vn 0.6375 0.6939 -0.3349
vn 0.5593 0.6119 -0.5593
vn 0.3349 0.6939 -0.6375
vn 0.0000 0.7353 -0.6777
vn -0.6375 0.6939 -0.3349
vn -0.3183 0.8930 -0.3183
vn -0.3349 0.6939 -0.6375
vn -0.5593 0.6119 -0.5593
vn -0.3441 0.3783 -0.8593
vn -0.6534 0.3824 -0.6534
vn -0.0000 0.3818 -0.9242
vn 0.0000 0.0576 -0.9983
vn -0.3506 0.0639 -0.9344
vn -0.7053 0.0705 -0.7053
vn 0.3441 0.3783 -0.8593
vn 0.6534 0.3824 -0.6534
vn 0.3506 0.0638 -0.9344
vn 0.0000 -0.2150 -0.9766
vn 0.7053 0.0705 -0.7054
vn 0.3379 -0.2172 -0.9158
vn -0.6897 -0.2207 -0.6897
vn -0.3379 -0.2173 -0.9158
vn 0.9344 0.0639 0.3506
vn 0.7053 0.0705 0.7053
vn 0.9766 -0.2150 -0.0000
vn 0.9158 -0.2173 0.3379
vn 0.9344 0.0639 -0.3506
vn 0.9983 0.0576 0.0000
vn 0.6897 -0.2206 -0.6897
vn 0.9158 -0.2173 -0.3379
vn 0.8593 0.3783 -0.3441
vn 0.9242 0.3818 0.0000
vn 0.6777 0.7353 -0.0000
vn 0.8593 0.3783 0.3441
vn -0.9344 0.0639 -0.3506
vn -0.9766 -0.2150 -0.0000
vn -0.9158 -0.2173 -0.3379
vn -0.9344 0.0639 0.3506
vn -0.9983 0.0576 0.0000
vn -0.9158 -0.2173 0.3379
vn -0.8593 0.3783 0.3441
vn -0.9242 0.3818 0.0000
vn -0.8593 0.3783 -0.3441
vn -0.6185 -0.4846 -0.6185
vn -0.3037 -0.4788 -0.8237
vn 0.3037 -0.4788 -0.8237
vn 0.0000 -0.4747 -0.8802
vn 0.6185 -0.4846 -0.6185
vn 0.2730 -0.6160 -0.7389
vn 0.0000 -0.6106 -0.7919
vn 0.5524 -0.6242 -0.5524
vn -0.5524 -0.6242 -0.5524
vn -0.2730 -0.6160 -0.7389
vn 0.8237 -0.4788 -0.3037
vn 0.8237 -0.4788 0.3037
vn 0.8802 -0.4747 0.0000
vn 0.6185 -0.4846 0.6185
vn 0.7389 -0.6160 0.2730
vn 0.7919 -0.6106 -0.0000
vn 0.5524 -0.6242 0.5524
vn 0.7389 -0.6160 -0.2730
vn 0.3037 -0.4788 0.8237
vn -0.3037 -0.4788 0.8237
vn -0.0000 -0.4747 0.8802
vn -0.6185 -0.4846 0.6185
vn -0.2730 -0.6160 0.7389
vn 0.0000 -0.6106 0.7919
vn -0.5524 -0.6242 0.5524
vn 0.2730 -0.6160 0.7389
vn -0.8237 -0.4788 0.3037
vn -0.8237 -0.4788 -0.3037
vn -0.8802 -0.4747 -0.0000
vn -0.7389 -0.6160 -0.2730
vn -0.7919 -0.6106 -0.0000
vn -0.7389 -0.6160 0.2730
vn -0.3117 -0.4293 -0.8477
vn -0.7031 -0.1060 -0.7031
vn -0.6368 -0.4348 -0.6368
vn 0.0000 -0.4219 -0.9066
vn -0.3424 -0.1044 -0.9337
vn 0.3424 -0.1044 -0.9337
vn -0.0000 -0.1012 -0.9949
vn 0.3117 -0.4293 -0.8477
vn 0.7031 -0.1060 -0.7031
vn -0.0000 -0.0018 -1.0000
vn 0.3455 -0.0019 -0.9384
vn -0.7071 -0.0019 -0.7071
vn -0.3455 -0.0019 -0.9384
vn 0.8477 -0.4293 -0.3117
vn 0.9337 -0.1044 -0.3424
vn 0.9066 -0.4219 -0.0000
vn 0.9337 -0.1044 0.3424
vn 0.9949 -0.1012 -0.0000
vn 0.8477 -0.4293 0.3117
vn 0.7031 -0.1060 0.7031
vn 1.0000 -0.0018 -0.0000
vn 0.9384 -0.0019 0.3455
vn 0.9384 -0.0019 -0.3455
vn 0.7071 -0.0019 -0.7071
vn 0.3117 -0.4293 0.8477
vn 0.3424 -0.1044 0.9337
vn 0.0000 -0.4219 0.9066
vn -0.3424 -0.1044 0.9337
vn 0.0000 -0.1012 0.9949
vn -0.3117 -0.4293 0.8477
vn -0.7031 -0.1060 0.7031
vn 0.0000 -0.0018 1.0000
vn -0.3455 -0.0019 0.9384
vn 0.3455 -0.0019 0.9384
vn 0.7071 -0.0019 0.7071
vn -0.8477 -0.4293 0.3117
vn -0.9337 -0.1044 0.3424
vn -0.9066 -0.4219 -0.0000
vn -0.9337 -0.1044 -0.3424
vn -0.9949 -0.1012 0.0000
vn -0.8477 -0.4293 -0.3117
vn -1.0000 -0.0018 0.0000
vn -0.9384 -0.0019 -0.3455
vn -0.9384 -0.0019 0.3455
vn -0.7071 -0.0019 0.7071
vn 0.6368 -0.4348 -0.6368
vn -0.6368 -0.4348 0.6368
vn 0.6368 -0.4348 0.6368
vn 0.0000 0.0000 1.0000
vn -0.0062 0.0102 0.9999
vn 0.0077 -0.6285 0.7778
vn -0.0056 -0.6861 0.7275
vn 0.0010 0.0465 0.9989
vn 0.0649 -0.5775 0.8138
vn 0.1979 0.5883 0.7841
vn 0.0712 0.0698 0.9950
vn 0.0343 0.6793 0.7330
vn 0.4126 0.4322 0.8018
vn -0.0070 0.0032 1.0000
vn -0.0893 -0.5831 0.8075
vn -0.4399 -0.4564 0.7735
vn 0.0640 0.1181 0.9909
vn -0.5761 -0.0867 0.8128
vn 0.5243 0.2135 0.8243
vn 0.0793 0.0444 0.9959
vn -0.5418 0.1165 0.8324
vn 0.0121 -0.0050 0.9999
vn -0.5455 0.0443 0.8369
vn 0.6746 0.0212 0.7379
vn 0.6468 0.1554 0.7467
vn 0.0026 0.0001 1.0000
vn 0.6438 0.1836 0.7428
vn -0.0099 -0.0037 0.9999
vn -0.6391 -0.1893 0.7455
vn -0.0103 -0.0044 0.9999
vn -0.6657 -0.1545 0.7300
vn 0.6641 0.0780 0.7436
vn 0.6710 0.0158 0.7413
vn -0.0067 -0.0009 1.0000
vn -0.6806 -0.0787 0.7284
vn -0.0135 0.0022 0.9999
vn -0.6827 -0.0141 0.7306
vn 0.6771 -0.0592 0.7335
vn 0.6246 -0.2271 0.7472
vn -0.0348 0.0088 0.9994
vn -0.6989 0.0643 0.7123
vn -0.0389 0.0447 0.9982
vn -0.6767 0.2440 0.6946
vn 0.3815 -0.4667 0.7979
vn 0.0001 0.0298 0.9996
vn -0.1196 0.6904 0.7134
vn -0.4547 0.5498 0.7007
vn -0.0000 0.6955 0.7185
vn 0.1130 -0.6421 0.7583
vn -0.0000 0.0030 1.0000
vn -0.0017 -0.7075 0.7067
vn -0.0016 -0.0010 1.0000
vn 0.0041 0.7066 0.7076
vn 0.0242 -0.0047 0.9997
vn -0.6460 -0.1067 0.7558
vn -0.6705 -0.0093 0.7419
vn 0.6859 0.1002 0.7208
vn 0.0077 -0.6285 -0.7778
vn -0.0067 0.0105 -0.9999
vn -0.0062 -0.6864 -0.7272
vn 0.0010 0.0465 -0.9989
vn 0.0343 0.6793 -0.7330
vn 0.0712 0.0698 -0.9950
vn 0.1980 0.5882 -0.7841
vn 0.0649 -0.5775 -0.8138
vn 0.4126 0.4322 -0.8018
vn -0.0070 0.0032 -1.0000
vn 0.0640 0.1181 -0.9909
vn -0.5761 -0.0867 -0.8128
vn -0.5418 0.1165 -0.8324
vn -0.4399 -0.4564 -0.7735
vn -0.0893 -0.5831 -0.8075
vn 0.5243 0.2135 -0.8243
vn 0.0793 0.0444 -0.9959
vn 0.6746 0.0212 -0.7379
vn -0.5455 0.0443 -0.8369
vn 0.0121 -0.0050 -0.9999
vn 0.0026 0.0001 -1.0000
vn 0.6468 0.1554 -0.7467
vn 0.6438 0.1836 -0.7428
vn -0.0099 -0.0037 -0.9999
vn 0.6641 0.0780 -0.7436
vn -0.6657 -0.1545 -0.7300
vn -0.0103 -0.0044 -0.9999
vn -0.6393 -0.1907 -0.7450
vn 0.6711 0.0160 -0.7412
vn -0.0067 -0.0009 -1.0000
vn 0.6773 -0.0593 -0.7333
vn -0.6826 -0.0143 -0.7306
vn -0.0135 0.0022 -0.9999
vn -0.6806 -0.0787 -0.7284
vn 0.6246 -0.2273 -0.7471
vn -0.0348 0.0088 -0.9994
vn 0.3815 -0.4667 -0.7979
vn -0.6766 0.2441 -0.6947
vn -0.0389 0.0447 -0.9982
vn -0.6988 0.0644 -0.7124
vn 0.0001 0.0298 -0.9996
vn 0.1130 -0.6421 -0.7583
vn 0.0000 0.0030 -1.0000
vn -0.0000 -0.6913 -0.7226
vn 0.0000 0.6956 -0.7185
vn -0.1196 0.6904 -0.7134
vn -0.0004 -0.0002 -1.0000
vn -0.0004 -0.7080 -0.7062
vn 0.0041 0.7066 -0.7076
vn 0.0242 -0.0047 -0.9997
vn 0.6859 0.1002 -0.7208
vn -0.6469 -0.1057 -0.7552
vn 0.0328 -0.9995 -0.0000
vn 0.0885 -0.9961 -0.0000
vn -0.0006 -1.0000 -0.0000
vn 0.4214 0.9069 -0.0000
vn 0.0730 0.9973 -0.0000
vn 0.7368 0.6761 -0.0000
vn -0.0784 -0.9969 -0.0000
vn -0.7039 -0.7103 -0.0000
vn -0.9968 -0.0796 -0.0000
vn -0.9927 0.1205 -0.0000
vn -0.9990 0.0451 0.0000
vn -0.6705 -0.0093 -0.7419
vn 0.9247 0.3808 -0.0000
vn 0.9991 0.0431 -0.0000
vn -0.9581 -0.2866 -0.0008
vn -0.9749 -0.2226 -0.0000
vn -0.9940 -0.1093 0.0000
vn 0.9925 0.1221 -0.0000
vn 0.9713 0.2377 -0.0000
vn 0.9618 0.2739 -0.0000
vn -0.9998 -0.0189 0.0001
vn -0.9958 0.0911 0.0002
vn 0.9962 -0.0875 -0.0002
vn 0.9997 0.0252 -0.0001
vn -0.9392 0.3432 0.0001
vn -0.4547 0.5498 -0.7007
vn -0.6356 0.7720 -0.0000
vn 0.6326 -0.7745 -0.0000
vn 0.9408 -0.3389 -0.0001
vn -0.1791 0.9838 -0.0000
vn 0.1676 -0.9859 -0.0000
vn 0.0000 -0.6913 0.7226
vn 0.0000 -1.0000 0.0000
vn 0.0000 -1.0000 -0.0000
vn 0.0077 1.0000 -0.0000
vn -0.9880 -0.1542 -0.0008
vn -1.0000 -0.0096 -0.0000
vn 0.9886 0.1507 -0.0000
vn -0.0077 -0.6285 0.7778
vn 0.0062 0.0102 0.9999
vn 0.0056 -0.6861 0.7275
vn -0.0649 -0.5775 0.8138
vn -0.0010 0.0465 0.9989
vn -0.0712 0.0698 0.9950
vn -0.1979 0.5883 0.7841
vn -0.0343 0.6793 0.7330
vn -0.4126 0.4322 0.8018
vn 0.0070 0.0032 1.0000
vn -0.0640 0.1181 0.9909
vn 0.0893 -0.5831 0.8075
vn 0.4399 -0.4564 0.7735
vn 0.5761 -0.0867 0.8128
vn 0.5418 0.1165 0.8324
vn -0.5243 0.2135 0.8243
vn -0.0793 0.0444 0.9959
vn 0.5455 0.0443 0.8369
vn -0.0121 -0.0050 0.9999
vn -0.6746 0.0212 0.7379
vn -0.0026 0.0001 1.0000
vn -0.6468 0.1554 0.7467
vn -0.6438 0.1836 0.7428
vn 0.6391 -0.1893 0.7455
vn 0.0099 -0.0037 0.9999
vn 0.6657 -0.1545 0.7300
vn 0.0103 -0.0044 0.9999
vn -0.6641 0.0780 0.7436
vn -0.6710 0.0158 0.7413
vn 0.6806 -0.0787 0.7284
vn 0.0067 -0.0009 1.0000
vn 0.6827 -0.0141 0.7306
vn 0.0135 0.0022 0.9999
vn -0.6771 -0.0592 0.7335
vn -0.6246 -0.2271 0.7472
vn 0.6989 0.0643 0.7123
vn 0.0348 0.0088 0.9994
vn 0.6767 0.2440 0.6946
vn 0.0389 0.0447 0.9982
vn -0.3815 -0.4667 0.7979
vn -0.0001 0.0298 0.9996
vn -0.1130 -0.6421 0.7583
vn 0.1196 0.6904 0.7134
vn 0.0017 -0.7075 0.7067
vn 0.0016 -0.0010 1.0000
vn -0.0041 0.7066 0.7076
vn -0.0242 -0.0047 0.9997
vn -0.6859 0.1002 0.7208
vn 0.6460 -0.1067 0.7558
vn 0.0067 0.0105 -0.9999
vn -0.0077 -0.6285 -0.7778
vn 0.0062 -0.6864 -0.7272
vn -0.0343 0.6793 -0.7330
vn -0.0010 0.0465 -0.9989
vn -0.1980 0.5882 -0.7841
vn -0.0712 0.0698 -0.9950
vn -0.0649 -0.5775 -0.8138
vn -0.4126 0.4322 -0.8018
vn 0.0070 0.0032 -1.0000
vn -0.0640 0.1181 -0.9909
vn 0.5761 -0.0867 -0.8128
vn 0.4399 -0.4564 -0.7735
vn 0.0893 -0.5831 -0.8075
vn -0.5243 0.2135 -0.8243
vn -0.0793 0.0444 -0.9959
vn -0.6746 0.0212 -0.7379
vn -0.0121 -0.0050 -0.9999
vn 0.5455 0.0443 -0.8369
vn 0.6705 -0.0093 -0.7419
vn 0.5418 0.1165 -0.8324
vn -0.6468 0.1554 -0.7467
vn -0.0026 0.0001 -1.0000
vn -0.6438 0.1836 -0.7428
vn -0.6641 0.0780 -0.7436
vn 0.0099 -0.0037 -0.9999
vn 0.0103 -0.0044 -0.9999
vn 0.6657 -0.1545 -0.7300
vn 0.6393 -0.1907 -0.7450
vn -0.6711 0.0160 -0.7412
vn -0.6773 -0.0593 -0.7333
vn 0.0067 -0.0009 -1.0000
vn 0.0135 0.0022 -0.9999
vn 0.6826 -0.0143 -0.7306
vn 0.6806 -0.0787 -0.7284
vn -0.6246 -0.2273 -0.7471
vn -0.3815 -0.4667 -0.7979
vn 0.0348 0.0088 -0.9994
vn 0.0389 0.0447 -0.9982
vn 0.6766 0.2441 -0.6947
vn 0.6988 0.0644 -0.7124
vn -0.0001 0.0298 -0.9996
vn -0.1130 -0.6421 -0.7583
vn 0.1196 0.6904 -0.7134
vn 0.4547 0.5498 -0.7007
vn 0.0004 -0.0002 -1.0000
vn 0.0004 -0.7080 -0.7062
vn -0.0041 0.7066 -0.7076
vn -0.0242 -0.0047 -0.9997
vn -0.6859 0.1002 -0.7208
vn 0.6469 -0.1057 -0.7552
vn -0.0328 -0.9995 -0.0000
vn 0.0006 -1.0000 -0.0000
vn -0.0885 -0.9961 -0.0000
vn -0.4214 0.9069 -0.0000
vn -0.7368 0.6761 -0.0000
vn -0.0730 0.9973 -0.0000
vn 0.0784 -0.9969 -0.0000
vn 0.9968 -0.0796 -0.0000
vn 0.7039 -0.7103 -0.0000
vn 0.9927 0.1205 -0.0000
vn 0.9990 0.0451 0.0000
vn 1.0000 -0.0096 -0.0000
vn 0.6705 -0.0093 0.7419
vn -0.9247 0.3808 -0.0000
vn -0.9991 0.0431 -0.0000
vn 0.9581 -0.2866 -0.0008
vn 0.9749 -0.2226 -0.0000
vn -0.9925 0.1221 -0.0000
vn -0.9713 0.2377 -0.0000
vn 0.9940 -0.1093 0.0000
vn 0.9998 -0.0189 0.0001
vn 0.9958 0.0911 0.0002
vn -0.9962 -0.0875 -0.0002
vn -0.9997 0.0252 -0.0001
vn 0.9392 0.3432 0.0001
vn 0.4547 0.5498 0.7007
vn -0.6326 -0.7745 -0.0000
vn -0.9408 -0.3389 -0.0001
vn 0.1791 0.9838 -0.0000
vn 0.6356 0.7720 -0.0000
vn -0.1676 -0.9859 -0.0000
vn -0.0000 -1.0000 -0.0000
vn -0.0077 1.0000 -0.0000
vn 0.9880 -0.1542 -0.0008
vn -0.9886 0.1507 -0.0000
vn -0.9618 0.2739 -0.0000
vn 0.2364 0.6727 -0.7012
vn 0.4890 0.6727 0.5553
vn -0.7254 0.6727 0.1459
# 1298 vertex normals

vt 0.8921 0.7600 0.0000
vt 0.8817 0.7556 0.0000
vt 0.8921 0.7514 0.0000
vt 0.8860 0.7661 0.0000
vt 0.8818 0.7557 0.0000
vt 0.8774 0.7661 0.0000
vt 0.8713 0.7600 0.0000
vt 0.8818 0.7558 0.0000
vt 0.8713 0.7514 0.0000
vt 0.8817 0.7559 0.0000
vt 0.8774 0.7454 0.0000
vt 0.8816 0.7558 0.0000
vt 0.8860 0.7454 0.0000
vt 0.8816 0.7557 0.0000
vt 0.8817 0.7557 0.0000
vt 0.8453 0.8558 0.0000
vt 0.8424 0.9267 0.0000
vt 0.8424 0.8558 0.0000
vt 0.8373 0.9249 0.0000
vt 0.8402 0.8539 0.0000
vt 0.8402 0.9249 0.0000
vt 0.8475 0.9249 0.0000
vt 0.8475 0.8539 0.0000
vt 0.8773 0.7029 0.0000
vt 0.8764 0.6319 0.0000
vt 0.8802 0.7027 0.0000
vt 0.8816 0.6334 0.0000
vt 0.8825 0.7044 0.0000
vt 0.8787 0.6336 0.0000
vt 0.8714 0.6340 0.0000
vt 0.8752 0.7048 0.0000
vt 0.8593 0.6350 0.0000
vt 0.8564 0.7059 0.0000
vt 0.8564 0.6350 0.0000
vt 0.8514 0.7041 0.0000
vt 0.8542 0.6332 0.0000
vt 0.8542 0.7041 0.0000
vt 0.8615 0.7041 0.0000
vt 0.8615 0.6332 0.0000
vt 0.8411 0.7352 0.0000
vt 0.8407 0.7263 0.0000
vt 0.8456 0.7310 0.0000
vt 0.8436 0.7226 0.0000
vt 0.8489 0.7261 0.0000
vt 0.8459 0.7186 0.0000
vt 0.8510 0.7212 0.0000
vt 0.7868 0.7222 0.0000
vt 0.7972 0.7223 0.0000
vt 0.7906 0.7280 0.0000
vt 0.8016 0.7268 0.0000
vt 0.7961 0.7332 0.0000
vt 0.8065 0.7303 0.0000
vt 0.8022 0.7376 0.0000
vt 0.8117 0.7327 0.0000
vt 0.8090 0.7403 0.0000
vt 0.8172 0.7340 0.0000
vt 0.8160 0.7417 0.0000
vt 0.8226 0.7343 0.0000
vt 0.8230 0.7420 0.0000
vt 0.8278 0.7336 0.0000
vt 0.8295 0.7408 0.0000
vt 0.8327 0.7319 0.0000
vt 0.8356 0.7383 0.0000
vt 0.8371 0.7294 0.0000
vt 0.9157 0.8008 0.0000
vt 0.9234 0.7932 0.0000
vt 0.9234 0.8008 0.0000
vt 0.9311 0.7932 0.0000
vt 0.9311 0.8008 0.0000
vt 0.9388 0.7932 0.0000
vt 0.9388 0.8008 0.0000
vt 0.8465 0.8008 0.0000
vt 0.8542 0.7932 0.0000
vt 0.8542 0.8008 0.0000
vt 0.8619 0.7932 0.0000
vt 0.8619 0.8008 0.0000
vt 0.8696 0.7932 0.0000
vt 0.8696 0.8008 0.0000
vt 0.8772 0.7932 0.0000
vt 0.8772 0.8008 0.0000
vt 0.8849 0.7932 0.0000
vt 0.8849 0.8008 0.0000
vt 0.8926 0.7932 0.0000
vt 0.8926 0.8008 0.0000
vt 0.9003 0.7932 0.0000
vt 0.9003 0.8008 0.0000
vt 0.9080 0.7932 0.0000
vt 0.9080 0.8008 0.0000
vt 0.9157 0.7932 0.0000
vt 0.8700 0.2689 0.0000
vt 0.6961 0.2926 0.0000
vt 0.6961 0.2689 0.0000
vt 0.8700 0.2926 0.0000
vt 0.6961 0.4664 0.0000
vt 0.8700 0.4664 0.0000
vt 0.6961 0.4899 0.0000
vt 0.6423 0.6920 0.0000
vt 0.7597 0.5746 0.0000
vt 0.7597 0.6920 0.0000
vt 0.8935 0.4664 0.0000
vt 0.8935 0.2926 0.0000
vt 0.6726 0.2926 0.0000
vt 0.6726 0.4664 0.0000
vt 0.6963 0.2002 0.0000
vt 0.6896 0.2183 0.0000
vt 0.6835 0.2040 0.0000
vt 0.4595 0.0890 0.0000
vt 0.4541 0.0708 0.0000
vt 0.4660 0.0795 0.0000
vt 0.4982 0.1108 0.0000
vt 0.4904 0.0946 0.0000
vt 0.5029 0.1007 0.0000
vt 0.8174 0.6832 0.0000
vt 0.8264 0.7154 0.0000
vt 0.8174 0.7167 0.0000
vt 0.8348 0.7118 0.0000
vt 0.5156 0.1060 0.0000
vt 0.5114 0.1168 0.0000
vt 0.8419 0.7060 0.0000
vt 0.8471 0.6986 0.0000
vt 0.8502 0.6900 0.0000
vt 0.4851 0.1046 0.0000
vt 0.4780 0.0873 0.0000
vt 0.4719 0.0976 0.0000
vt 0.5272 0.0762 0.0000
vt 0.5059 0.0663 0.0000
vt 0.5164 0.0717 0.0000
vt 0.1209 0.9854 0.0000
vt 0.1467 0.9708 0.0000
vt 0.1467 0.9854 0.0000
vt 0.1209 0.9708 0.0000
vt 0.0951 0.9854 0.0000
vt 0.0952 0.9708 0.0000
vt 0.4956 0.0600 0.0000
vt 0.4857 0.0531 0.0000
vt 0.4762 0.0454 0.0000
vt 0.0694 0.9854 0.0000
vt 0.0696 0.9708 0.0000
vt 0.0437 0.9854 0.0000
vt 0.0439 0.9708 0.0000
vt 0.0181 0.9854 0.0000
vt 0.0184 0.9708 0.0000
vt 0.6976 0.0952 0.0000
vt 0.6898 0.1126 0.0000
vt 0.6845 0.1018 0.0000
vt 0.7409 0.0801 0.0000
vt 0.7223 0.0795 0.0000
vt 0.7342 0.0708 0.0000
vt 0.8508 0.6809 0.0000
vt 0.8489 0.6720 0.0000
vt 0.8448 0.6639 0.0000
vt 0.4347 0.0723 0.0000
vt 0.4474 0.0807 0.0000
vt 0.7530 0.0719 0.0000
vt 0.7466 0.0610 0.0000
vt 0.8385 0.6572 0.0000
vt 0.8307 0.6525 0.0000
vt 0.8220 0.6500 0.0000
vt 0.7166 0.0980 0.0000
vt 0.7292 0.0890 0.0000
vt 0.7032 0.1054 0.0000
vt 0.7101 0.0876 0.0000
vt 0.4674 0.0368 0.0000
vt 0.7122 0.0452 0.0000
vt 0.7211 0.0368 0.0000
vt 0.7026 0.0526 0.0000
vt 0.6044 0.9708 0.0000
vt 0.5787 0.9854 0.0000
vt 0.5789 0.9708 0.0000
vt 0.5533 0.9854 0.0000
vt 0.5535 0.9708 0.0000
vt 0.5279 0.9854 0.0000
vt 0.5281 0.9708 0.0000
vt 0.6924 0.0594 0.0000
vt 0.6817 0.0658 0.0000
vt 0.6705 0.0711 0.0000
vt 0.5027 0.9854 0.0000
vt 0.5028 0.9708 0.0000
vt 0.4775 0.9854 0.0000
vt 0.4776 0.9708 0.0000
vt 0.4523 0.9854 0.0000
vt 0.4523 0.9708 0.0000
vt 0.1210 0.9416 0.0000
vt 0.0954 0.9416 0.0000
vt 0.1211 0.9001 0.0000
vt 0.1467 0.9416 0.0000
vt 0.0954 0.9001 0.0000
vt 0.0698 0.9416 0.0000
vt 0.0442 0.9416 0.0000
vt 0.0187 0.9416 0.0000
vt 0.0699 0.9001 0.0000
vt 0.0443 0.9001 0.0000
vt 0.0188 0.9001 0.0000
vt 0.1211 0.8515 0.0000
vt 0.1467 0.9001 0.0000
vt 0.0955 0.8515 0.0000
vt 0.1211 0.8020 0.0000
vt 0.0955 0.8020 0.0000
vt 0.1467 0.8515 0.0000
vt 0.1467 0.8020 0.0000
vt 0.1211 0.7523 0.0000
vt 0.1467 0.7523 0.0000
vt 0.0955 0.7523 0.0000
vt 0.0699 0.8515 0.0000
vt 0.0443 0.8515 0.0000
vt 0.0188 0.8515 0.0000
vt 0.0699 0.8020 0.0000
vt 0.0699 0.7523 0.0000
vt 0.0443 0.8020 0.0000
vt 0.0188 0.8020 0.0000
vt 0.0443 0.7523 0.0000
vt 0.0188 0.7523 0.0000
vt 0.5792 0.9416 0.0000
vt 0.5538 0.9416 0.0000
vt 0.5284 0.9416 0.0000
vt 0.5793 0.9001 0.0000
vt 0.6047 0.9416 0.0000
vt 0.5539 0.9001 0.0000
vt 0.5285 0.9001 0.0000
vt 0.5030 0.9416 0.0000
vt 0.4777 0.9416 0.0000
vt 0.4523 0.9416 0.0000
vt 0.5031 0.9001 0.0000
vt 0.4777 0.9001 0.0000
vt 0.4524 0.9001 0.0000
vt 0.5794 0.8515 0.0000
vt 0.6048 0.9001 0.0000
vt 0.5539 0.8515 0.0000
vt 0.5285 0.8515 0.0000
vt 0.5794 0.8020 0.0000
vt 0.6049 0.8515 0.0000
vt 0.6049 0.8020 0.0000
vt 0.5794 0.7523 0.0000
vt 0.6049 0.7523 0.0000
vt 0.5539 0.8020 0.0000
vt 0.5285 0.8020 0.0000
vt 0.5539 0.7523 0.0000
vt 0.5285 0.7523 0.0000
vt 0.5031 0.8515 0.0000
vt 0.4777 0.8515 0.0000
vt 0.4524 0.8515 0.0000
vt 0.5031 0.8020 0.0000
vt 0.5031 0.7523 0.0000
vt 0.4777 0.8020 0.0000
vt 0.4524 0.8020 0.0000
vt 0.4777 0.7523 0.0000
vt 0.4524 0.7523 0.0000
vt 0.6143 0.1322 0.0000
vt 0.5987 0.1213 0.0000
vt 0.6132 0.1207 0.0000
vt 0.6603 0.1240 0.0000
vt 0.6424 0.1162 0.0000
vt 0.6569 0.1126 0.0000
vt 0.8129 0.6500 0.0000
vt 0.8041 0.6525 0.0000
vt 0.7963 0.6572 0.0000
vt 0.6754 0.1194 0.0000
vt 0.6708 0.1075 0.0000
vt 0.7901 0.6639 0.0000
vt 0.7859 0.6720 0.0000
vt 0.7840 0.6809 0.0000
vt 0.6293 0.1308 0.0000
vt 0.6451 0.1286 0.0000
vt 0.6278 0.1189 0.0000
vt 0.6588 0.0758 0.0000
vt 0.6469 0.0800 0.0000
vt 0.6348 0.0831 0.0000
vt 0.4271 0.9854 0.0000
vt 0.4271 0.9708 0.0000
vt 0.4019 0.9854 0.0000
vt 0.4018 0.9708 0.0000
vt 0.3767 0.9854 0.0000
vt 0.3766 0.9708 0.0000
vt 0.6224 0.0857 0.0000
vt 0.6102 0.0873 0.0000
vt 0.5979 0.0879 0.0000
vt 0.3515 0.9854 0.0000
vt 0.3512 0.9708 0.0000
vt 0.3261 0.9854 0.0000
vt 0.3259 0.9708 0.0000
vt 0.3007 0.9854 0.0000
vt 0.3004 0.9708 0.0000
vt 0.5287 0.1108 0.0000
vt 0.5687 0.1311 0.0000
vt 0.5559 0.1176 0.0000
vt 0.5699 0.1200 0.0000
vt 0.7847 0.6900 0.0000
vt 0.7877 0.6986 0.0000
vt 0.7929 0.7060 0.0000
vt 0.5835 0.1328 0.0000
vt 0.5990 0.1335 0.0000
vt 0.5842 0.1210 0.0000
vt 0.8000 0.7118 0.0000
vt 0.8084 0.7154 0.0000
vt 0.5391 0.1257 0.0000
vt 0.5537 0.1295 0.0000
vt 0.5254 0.1213 0.0000
vt 0.5421 0.1147 0.0000
vt 0.5856 0.0881 0.0000
vt 0.5735 0.0873 0.0000
vt 0.5617 0.0855 0.0000
vt 0.2752 0.9854 0.0000
vt 0.2750 0.9708 0.0000
vt 0.2496 0.9854 0.0000
vt 0.2494 0.9708 0.0000
vt 0.2240 0.9854 0.0000
vt 0.2238 0.9708 0.0000
vt 0.5498 0.0833 0.0000
vt 0.5383 0.0803 0.0000
vt 0.1981 0.9708 0.0000
vt 0.1982 0.9854 0.0000
vt 0.1724 0.9708 0.0000
vt 0.1725 0.9854 0.0000
vt 0.4270 0.9416 0.0000
vt 0.4017 0.9416 0.0000
vt 0.3764 0.9416 0.0000
vt 0.4270 0.9001 0.0000
vt 0.4017 0.9001 0.0000
vt 0.3763 0.9001 0.0000
vt 0.3510 0.9416 0.0000
vt 0.3256 0.9416 0.0000
vt 0.3001 0.9416 0.0000
vt 0.3509 0.9001 0.0000
vt 0.3255 0.9001 0.0000
vt 0.3000 0.9001 0.0000
vt 0.4270 0.8515 0.0000
vt 0.4017 0.8515 0.0000
vt 0.3763 0.8515 0.0000
vt 0.4270 0.8020 0.0000
vt 0.4270 0.7523 0.0000
vt 0.4017 0.8020 0.0000
vt 0.3763 0.8020 0.0000
vt 0.4017 0.7523 0.0000
vt 0.3763 0.7523 0.0000
vt 0.3509 0.8515 0.0000
vt 0.3255 0.8515 0.0000
vt 0.3000 0.8515 0.0000
vt 0.3509 0.8020 0.0000
vt 0.3509 0.7523 0.0000
vt 0.3255 0.8020 0.0000
vt 0.3000 0.8020 0.0000
vt 0.3255 0.7523 0.0000
vt 0.3000 0.7523 0.0000
vt 0.2747 0.9416 0.0000
vt 0.2491 0.9416 0.0000
vt 0.2235 0.9416 0.0000
vt 0.2746 0.9001 0.0000
vt 0.2490 0.9001 0.0000
vt 0.2235 0.9001 0.0000
vt 0.1979 0.9416 0.0000
vt 0.1723 0.9416 0.0000
vt 0.1979 0.9001 0.0000
vt 0.1723 0.9001 0.0000
vt 0.2745 0.8515 0.0000
vt 0.2490 0.8515 0.0000
vt 0.2234 0.8515 0.0000
vt 0.2745 0.8020 0.0000
vt 0.2745 0.7523 0.0000
vt 0.2490 0.8020 0.0000
vt 0.2234 0.8020 0.0000
vt 0.2490 0.7523 0.0000
vt 0.2234 0.7523 0.0000
vt 0.1979 0.8515 0.0000
vt 0.1723 0.8515 0.0000
vt 0.1979 0.8020 0.0000
vt 0.1979 0.7523 0.0000
vt 0.1723 0.8020 0.0000
vt 0.1723 0.7523 0.0000
vt 0.7885 0.1171 0.0000
vt 0.7790 0.1009 0.0000
vt 0.7934 0.1052 0.0000
vt 0.1467 0.7032 0.0000
vt 0.0955 0.7032 0.0000
vt 0.1211 0.7032 0.0000
vt 0.1467 0.6552 0.0000
vt 0.0954 0.6552 0.0000
vt 0.1211 0.6552 0.0000
vt 0.0699 0.7032 0.0000
vt 0.0443 0.7032 0.0000
vt 0.0188 0.7032 0.0000
vt 0.0698 0.6552 0.0000
vt 0.0443 0.6552 0.0000
vt 0.0188 0.6552 0.0000
vt 0.1467 0.6082 0.0000
vt 0.0954 0.6082 0.0000
vt 0.1210 0.6082 0.0000
vt 0.1210 0.5622 0.0000
vt 0.0953 0.5622 0.0000
vt 0.0698 0.6082 0.0000
vt 0.0442 0.6082 0.0000
vt 0.0187 0.6082 0.0000
vt 0.0697 0.5622 0.0000
vt 0.0441 0.5622 0.0000
vt 0.0186 0.5622 0.0000
vt 0.5794 0.7032 0.0000
vt 0.6048 0.7032 0.0000
vt 0.5539 0.7032 0.0000
vt 0.5285 0.7032 0.0000
vt 0.5793 0.6552 0.0000
vt 0.6048 0.6552 0.0000
vt 0.5539 0.6552 0.0000
vt 0.5284 0.6552 0.0000
vt 0.5031 0.7032 0.0000
vt 0.4777 0.7032 0.0000
vt 0.4524 0.7032 0.0000
vt 0.5031 0.6552 0.0000
vt 0.4777 0.6552 0.0000
vt 0.4524 0.6552 0.0000
vt 0.5793 0.6082 0.0000
vt 0.6047 0.6082 0.0000
vt 0.5538 0.6082 0.0000
vt 0.5284 0.6082 0.0000
vt 0.6046 0.5622 0.0000
vt 0.5792 0.5622 0.0000
vt 0.5537 0.5622 0.0000
vt 0.5283 0.5622 0.0000
vt 0.5030 0.6082 0.0000
vt 0.4777 0.6082 0.0000
vt 0.4523 0.6082 0.0000
vt 0.5030 0.5622 0.0000
vt 0.4776 0.5622 0.0000
vt 0.4523 0.5622 0.0000
vt 0.7398 0.2454 0.0000
vt 0.7502 0.2618 0.0000
vt 0.7352 0.2578 0.0000
vt 0.1210 0.5167 0.0000
vt 0.1467 0.5622 0.0000
vt 0.0953 0.5167 0.0000
vt 0.1467 0.4238 0.0000
vt 0.1467 0.5167 0.0000
vt 0.1208 0.4238 0.0000
vt 0.0696 0.5167 0.0000
vt 0.0440 0.5167 0.0000
vt 0.0184 0.5167 0.0000
vt 0.0949 0.4238 0.0000
vt 0.0692 0.4238 0.0000
vt 0.0435 0.4238 0.0000
vt 0.7083 0.2230 0.0000
vt 0.7089 0.2425 0.0000
vt 0.6979 0.2314 0.0000
vt 0.0950 0.3994 0.0000
vt 0.1208 0.3994 0.0000
vt 0.1467 0.3994 0.0000
vt 0.7286 0.2069 0.0000
vt 0.7256 0.2227 0.0000
vt 0.7182 0.2152 0.0000
vt 0.7124 0.2063 0.0000
vt 0.7242 0.2001 0.0000
vt 0.7009 0.2123 0.0000
vt 0.7172 0.2325 0.0000
vt 0.0435 0.3994 0.0000
vt 0.0178 0.4238 0.0000
vt 0.0179 0.3994 0.0000
vt 0.0692 0.3994 0.0000
vt 0.7214 0.2512 0.0000
vt 0.7409 0.2170 0.0000
vt 0.7342 0.2288 0.0000
vt 0.7277 0.2402 0.0000
vt 0.7440 0.2333 0.0000
vt 0.7562 0.2221 0.0000
vt 0.7546 0.2357 0.0000
vt 0.7483 0.2204 0.0000
vt 0.7527 0.2490 0.0000
vt 0.5790 0.5167 0.0000
vt 0.5536 0.5167 0.0000
vt 0.5282 0.5167 0.0000
vt 0.6045 0.5167 0.0000
vt 0.5784 0.4238 0.0000
vt 0.6039 0.4238 0.0000
vt 0.5530 0.4238 0.0000
vt 0.5029 0.5167 0.0000
vt 0.4776 0.5167 0.0000
vt 0.4523 0.5167 0.0000
vt 0.5277 0.4238 0.0000
vt 0.5025 0.4238 0.0000
vt 0.4773 0.4238 0.0000
vt 0.8184 0.1407 0.0000
vt 0.8184 0.1214 0.0000
vt 0.8287 0.1325 0.0000
vt 0.5530 0.3994 0.0000
vt 0.5277 0.3994 0.0000
vt 0.6039 0.3994 0.0000
vt 0.5784 0.3994 0.0000
vt 0.7650 0.2641 0.0000
vt 0.7643 0.2221 0.0000
vt 0.7660 0.2360 0.0000
vt 0.7670 0.2507 0.0000
vt 0.8078 0.1481 0.0000
vt 0.7917 0.1493 0.0000
vt 0.8010 0.1400 0.0000
vt 0.8002 0.1624 0.0000
vt 0.7967 0.1554 0.0000
vt 0.8261 0.1524 0.0000
vt 0.8372 0.1447 0.0000
vt 0.8098 0.1308 0.0000
vt 0.4774 0.3994 0.0000
vt 0.4522 0.4238 0.0000
vt 0.4522 0.3994 0.0000
vt 0.5025 0.3994 0.0000
vt 0.8066 0.1123 0.0000
vt 0.7856 0.1444 0.0000
vt 0.7928 0.1334 0.0000
vt 0.7998 0.1227 0.0000
vt 0.7836 0.1285 0.0000
vt 0.7711 0.1384 0.0000
vt 0.7737 0.1255 0.0000
vt 0.7787 0.1407 0.0000
vt 0.7764 0.1130 0.0000
vt 0.4270 0.7032 0.0000
vt 0.4017 0.7032 0.0000
vt 0.3763 0.7032 0.0000
vt 0.4270 0.6552 0.0000
vt 0.4017 0.6552 0.0000
vt 0.3763 0.6552 0.0000
vt 0.3509 0.7032 0.0000
vt 0.3255 0.7032 0.0000
vt 0.3000 0.7032 0.0000
vt 0.3509 0.6552 0.0000
vt 0.3255 0.6552 0.0000
vt 0.3001 0.6552 0.0000
vt 0.4270 0.6082 0.0000
vt 0.4017 0.6082 0.0000
vt 0.3764 0.6082 0.0000
vt 0.4271 0.5622 0.0000
vt 0.4017 0.5622 0.0000
vt 0.3764 0.5622 0.0000
vt 0.3510 0.6082 0.0000
vt 0.3256 0.6082 0.0000
vt 0.3001 0.6082 0.0000
vt 0.3511 0.5622 0.0000
vt 0.3257 0.5622 0.0000
vt 0.3002 0.5622 0.0000
vt 0.2745 0.7032 0.0000
vt 0.2490 0.7032 0.0000
vt 0.2235 0.7032 0.0000
vt 0.2746 0.6552 0.0000
vt 0.2490 0.6552 0.0000
vt 0.2235 0.6552 0.0000
vt 0.1979 0.7032 0.0000
vt 0.1723 0.7032 0.0000
vt 0.1979 0.6552 0.0000
vt 0.1723 0.6552 0.0000
vt 0.2747 0.6082 0.0000
vt 0.2491 0.6082 0.0000
vt 0.2235 0.6082 0.0000
vt 0.2748 0.5622 0.0000
vt 0.2492 0.5622 0.0000
vt 0.2236 0.5622 0.0000
vt 0.1979 0.6082 0.0000
vt 0.1723 0.6082 0.0000
vt 0.1980 0.5622 0.0000
vt 0.1723 0.5622 0.0000
vt 0.7163 0.1292 0.0000
vt 0.6972 0.1308 0.0000
vt 0.7074 0.1193 0.0000
vt 0.4271 0.5167 0.0000
vt 0.4018 0.5167 0.0000
vt 0.3765 0.5167 0.0000
vt 0.4272 0.4238 0.0000
vt 0.4020 0.4238 0.0000
vt 0.3512 0.5167 0.0000
vt 0.3258 0.5167 0.0000
vt 0.3004 0.5167 0.0000
vt 0.3769 0.4238 0.0000
vt 0.3517 0.4238 0.0000
vt 0.3264 0.4238 0.0000
vt 0.7508 0.1127 0.0000
vt 0.7339 0.1037 0.0000
vt 0.7487 0.0995 0.0000
vt 0.4020 0.3994 0.0000
vt 0.3769 0.3994 0.0000
vt 0.4272 0.3994 0.0000
vt 0.7642 0.0988 0.0000
vt 0.7631 0.1377 0.0000
vt 0.7633 0.1244 0.0000
vt 0.7637 0.1115 0.0000
vt 0.7528 0.1251 0.0000
vt 0.7474 0.1405 0.0000
vt 0.7427 0.1278 0.0000
vt 0.7551 0.1382 0.0000
vt 0.7382 0.1156 0.0000
vt 0.3264 0.3994 0.0000
vt 0.3010 0.4238 0.0000
vt 0.3010 0.3994 0.0000
vt 0.3517 0.3994 0.0000
vt 0.7200 0.1103 0.0000
vt 0.7402 0.1438 0.0000
vt 0.7332 0.1324 0.0000
vt 0.7266 0.1214 0.0000
vt 0.7247 0.1386 0.0000
vt 0.7282 0.1546 0.0000
vt 0.7176 0.1464 0.0000
vt 0.7336 0.1485 0.0000
vt 0.7072 0.1385 0.0000
vt 0.2749 0.5167 0.0000
vt 0.2493 0.5167 0.0000
vt 0.2237 0.5167 0.0000
vt 0.2755 0.4238 0.0000
vt 0.2499 0.4238 0.0000
vt 0.1981 0.5167 0.0000
vt 0.1724 0.5167 0.0000
vt 0.2242 0.4238 0.0000
vt 0.1984 0.4238 0.0000
vt 0.1725 0.4238 0.0000
vt 0.6960 0.1618 0.0000
vt 0.6806 0.1734 0.0000
vt 0.6832 0.1581 0.0000
vt 0.2499 0.3994 0.0000
vt 0.2242 0.3994 0.0000
vt 0.2755 0.3994 0.0000
vt 0.6890 0.1437 0.0000
vt 0.7239 0.1613 0.0000
vt 0.7119 0.1554 0.0000
vt 0.7004 0.1496 0.0000
vt 0.7082 0.1652 0.0000
vt 0.7196 0.1767 0.0000
vt 0.7062 0.1756 0.0000
vt 0.7210 0.1688 0.0000
vt 0.6932 0.1745 0.0000
vt 0.1725 0.3994 0.0000
vt 0.1984 0.3994 0.0000
vt 0.6806 0.1886 0.0000
vt 0.7196 0.1848 0.0000
vt 0.7064 0.1862 0.0000
vt 0.6936 0.1875 0.0000
vt 0.7084 0.1965 0.0000
vt 0.7211 0.1926 0.0000
vt 0.6285 0.8632 0.0000
vt 0.6235 0.9849 0.0000
vt 0.6235 0.8632 0.0000
vt 0.6335 0.8632 0.0000
vt 0.6285 0.9849 0.0000
vt 0.6386 0.8632 0.0000
vt 0.6335 0.9849 0.0000
vt 0.6436 0.8632 0.0000
vt 0.6386 0.9849 0.0000
vt 0.6486 0.8632 0.0000
vt 0.6436 0.9849 0.0000
vt 0.6536 0.8632 0.0000
vt 0.6486 0.9849 0.0000
vt 0.6586 0.8632 0.0000
vt 0.6536 0.9849 0.0000
vt 0.6636 0.8632 0.0000
vt 0.6586 0.9849 0.0000
vt 0.6686 0.8632 0.0000
vt 0.6636 0.9849 0.0000
vt 0.6736 0.8632 0.0000
vt 0.6686 0.9849 0.0000
vt 0.6787 0.8632 0.0000
vt 0.6736 0.9849 0.0000
vt 0.6185 0.9849 0.0000
vt 0.6185 0.8632 0.0000
vt 0.8634 0.7665 0.0000
vt 0.8591 0.7690 0.0000
vt 0.8565 0.7596 0.0000
vt 0.8540 0.7690 0.0000
vt 0.8497 0.7665 0.0000
vt 0.8472 0.7621 0.0000
vt 0.8472 0.7571 0.0000
vt 0.8497 0.7528 0.0000
vt 0.8540 0.7503 0.0000
vt 0.8591 0.7503 0.0000
vt 0.8634 0.7528 0.0000
vt 0.8659 0.7571 0.0000
vt 0.8659 0.7621 0.0000
vt 0.8698 0.5889 0.0000
vt 0.8447 0.5812 0.0000
vt 0.8698 0.5812 0.0000
vt 0.8447 0.5736 0.0000
vt 0.8698 0.5736 0.0000
vt 0.8447 0.5660 0.0000
vt 0.8698 0.5660 0.0000
vt 0.8447 0.5583 0.0000
vt 0.8698 0.5583 0.0000
vt 0.8447 0.5507 0.0000
vt 0.8698 0.5507 0.0000
vt 0.8447 0.5431 0.0000
vt 0.8698 0.5431 0.0000
vt 0.8447 0.5354 0.0000
vt 0.8698 0.5354 0.0000
vt 0.8447 0.5278 0.0000
vt 0.8698 0.5278 0.0000
vt 0.8698 0.6194 0.0000
vt 0.8447 0.6118 0.0000
vt 0.8698 0.6118 0.0000
vt 0.8447 0.6041 0.0000
vt 0.8698 0.6041 0.0000
vt 0.8447 0.5965 0.0000
vt 0.8698 0.5965 0.0000
vt 0.8447 0.5889 0.0000
vt 0.8250 0.7690 0.0000
vt 0.8171 0.7700 0.0000
vt 0.8207 0.7665 0.0000
vt 0.8527 0.7454 0.0000
vt 0.8133 0.7634 0.0000
vt 0.8182 0.7621 0.0000
vt 0.8461 0.7492 0.0000
vt 0.8133 0.7558 0.0000
vt 0.8182 0.7571 0.0000
vt 0.8423 0.7558 0.0000
vt 0.8171 0.7492 0.0000
vt 0.8207 0.7528 0.0000
vt 0.8423 0.7634 0.0000
vt 0.8237 0.7454 0.0000
vt 0.8250 0.7503 0.0000
vt 0.8461 0.7700 0.0000
vt 0.8313 0.7454 0.0000
vt 0.8300 0.7503 0.0000
vt 0.8527 0.7739 0.0000
vt 0.8379 0.7492 0.0000
vt 0.8344 0.7528 0.0000
vt 0.8604 0.7739 0.0000
vt 0.8418 0.7558 0.0000
vt 0.8369 0.7571 0.0000
vt 0.8670 0.7700 0.0000
vt 0.8418 0.7634 0.0000
vt 0.8369 0.7621 0.0000
vt 0.8708 0.7634 0.0000
vt 0.8379 0.7700 0.0000
vt 0.8344 0.7665 0.0000
vt 0.8708 0.7558 0.0000
vt 0.8313 0.7739 0.0000
vt 0.8300 0.7690 0.0000
vt 0.8670 0.7492 0.0000
vt 0.8237 0.7739 0.0000
vt 0.8604 0.7454 0.0000
vt 0.3291 0.0241 0.0000
vt 0.3136 0.0726 0.0000
vt 0.3136 0.0241 0.0000
vt 0.3446 0.0241 0.0000
vt 0.3291 0.0726 0.0000
vt 0.3601 0.0241 0.0000
vt 0.3446 0.0726 0.0000
vt 0.3756 0.0241 0.0000
vt 0.3601 0.0726 0.0000
vt 0.3911 0.0241 0.0000
vt 0.3756 0.0726 0.0000
vt 0.0349 0.0241 0.0000
vt 0.0195 0.0726 0.0000
vt 0.0195 0.0241 0.0000
vt 0.0504 0.0241 0.0000
vt 0.0349 0.0726 0.0000
vt 0.0659 0.0241 0.0000
vt 0.0504 0.0726 0.0000
vt 0.0814 0.0241 0.0000
vt 0.0659 0.0726 0.0000
vt 0.0969 0.0241 0.0000
vt 0.0814 0.0726 0.0000
vt 0.1124 0.0241 0.0000
vt 0.0969 0.0726 0.0000
vt 0.1278 0.0241 0.0000
vt 0.1124 0.0726 0.0000
vt 0.1433 0.0241 0.0000
vt 0.1278 0.0726 0.0000
vt 0.1588 0.0241 0.0000
vt 0.1433 0.0726 0.0000
vt 0.1743 0.0241 0.0000
vt 0.1588 0.0726 0.0000
vt 0.1898 0.0241 0.0000
vt 0.1743 0.0726 0.0000
vt 0.2053 0.0241 0.0000
vt 0.1898 0.0726 0.0000
vt 0.2207 0.0241 0.0000
vt 0.2053 0.0726 0.0000
vt 0.2362 0.0241 0.0000
vt 0.2207 0.0726 0.0000
vt 0.2517 0.0241 0.0000
vt 0.2362 0.0726 0.0000
vt 0.2672 0.0241 0.0000
vt 0.2517 0.0726 0.0000
vt 0.2827 0.0241 0.0000
vt 0.2672 0.0726 0.0000
vt 0.2982 0.0241 0.0000
vt 0.2827 0.0726 0.0000
vt 0.2982 0.0726 0.0000
vt 0.0969 0.1536 0.0000
vt 0.0814 0.2422 0.0000
vt 0.0814 0.1536 0.0000
vt 0.0659 0.2422 0.0000
vt 0.0659 0.1536 0.0000
vt 0.0504 0.2422 0.0000
vt 0.0504 0.1536 0.0000
vt 0.0349 0.2422 0.0000
vt 0.0349 0.1536 0.0000
vt 0.0195 0.2422 0.0000
vt 0.0195 0.1536 0.0000
vt 0.3911 0.1536 0.0000
vt 0.3756 0.2422 0.0000
vt 0.3756 0.1536 0.0000
vt 0.3601 0.2422 0.0000
vt 0.3601 0.1536 0.0000
vt 0.3446 0.2422 0.0000
vt 0.3446 0.1536 0.0000
vt 0.3291 0.2422 0.0000
vt 0.3291 0.1536 0.0000
vt 0.3136 0.2422 0.0000
vt 0.3136 0.1536 0.0000
vt 0.2982 0.2422 0.0000
vt 0.2982 0.1536 0.0000
vt 0.2827 0.2422 0.0000
vt 0.2827 0.1536 0.0000
vt 0.2672 0.2422 0.0000
vt 0.2672 0.1536 0.0000
vt 0.2517 0.2422 0.0000
vt 0.2517 0.1536 0.0000
vt 0.2362 0.2422 0.0000
vt 0.2362 0.1536 0.0000
vt 0.2207 0.2422 0.0000
vt 0.2207 0.1536 0.0000
vt 0.2053 0.2422 0.0000
vt 0.2053 0.1536 0.0000
vt 0.1898 0.2422 0.0000
vt 0.1898 0.1536 0.0000
vt 0.1743 0.2422 0.0000
vt 0.1743 0.1536 0.0000
vt 0.1588 0.2422 0.0000
vt 0.1588 0.1536 0.0000
vt 0.1433 0.2422 0.0000
vt 0.1433 0.1536 0.0000
vt 0.1278 0.2422 0.0000
vt 0.1278 0.1536 0.0000
vt 0.1124 0.2422 0.0000
vt 0.1124 0.1536 0.0000
vt 0.0969 0.2422 0.0000
vt 0.0969 0.3146 0.0000
vt 0.0814 0.3956 0.0000
vt 0.0814 0.3146 0.0000
vt 0.0659 0.3956 0.0000
vt 0.0659 0.3146 0.0000
vt 0.0504 0.3956 0.0000
vt 0.0504 0.3146 0.0000
vt 0.0349 0.3956 0.0000
vt 0.0349 0.3146 0.0000
vt 0.0195 0.3956 0.0000
vt 0.0195 0.3146 0.0000
vt 0.3911 0.3146 0.0000
vt 0.3756 0.3956 0.0000
vt 0.3756 0.3146 0.0000
vt 0.3601 0.3956 0.0000
vt 0.3601 0.3146 0.0000
vt 0.3446 0.3956 0.0000
vt 0.3446 0.3146 0.0000
vt 0.3291 0.3956 0.0000
vt 0.3291 0.3146 0.0000
vt 0.3136 0.3956 0.0000
vt 0.3136 0.3146 0.0000
vt 0.2982 0.3956 0.0000
vt 0.2982 0.3146 0.0000
vt 0.2827 0.3956 0.0000
vt 0.2827 0.3146 0.0000
vt 0.2672 0.3956 0.0000
vt 0.2672 0.3146 0.0000
vt 0.2517 0.3956 0.0000
vt 0.2517 0.3146 0.0000
vt 0.2362 0.3956 0.0000
vt 0.2362 0.3146 0.0000
vt 0.2207 0.3956 0.0000
vt 0.2207 0.3146 0.0000
vt 0.2053 0.3956 0.0000
vt 0.2053 0.3146 0.0000
vt 0.1898 0.3956 0.0000
vt 0.1898 0.3146 0.0000
vt 0.1743 0.3956 0.0000
vt 0.1743 0.3146 0.0000
vt 0.1588 0.3956 0.0000
vt 0.1588 0.3146 0.0000
vt 0.1433 0.3956 0.0000
vt 0.1433 0.3146 0.0000
vt 0.1278 0.3956 0.0000
vt 0.1278 0.3146 0.0000
vt 0.1124 0.3956 0.0000
vt 0.1124 0.3146 0.0000
vt 0.0969 0.3956 0.0000
vt 0.3911 0.2422 0.0000
vt 0.3911 0.0726 0.0000
vt 0.5692 0.2040 0.0000
vt 0.5779 0.1766 0.0000
vt 0.5692 0.1766 0.0000
vt 0.5779 0.2040 0.0000
vt 0.5866 0.1766 0.0000
vt 0.5866 0.2040 0.0000
vt 0.5954 0.1766 0.0000
vt 0.5954 0.2040 0.0000
vt 0.6041 0.1766 0.0000
vt 0.6041 0.2040 0.0000
vt 0.6129 0.1766 0.0000
vt 0.4030 0.2040 0.0000
vt 0.4118 0.1766 0.0000
vt 0.4030 0.1766 0.0000
vt 0.4118 0.2040 0.0000
vt 0.4205 0.1766 0.0000
vt 0.4205 0.2040 0.0000
vt 0.4293 0.1766 0.0000
vt 0.4293 0.2040 0.0000
vt 0.4380 0.1766 0.0000
vt 0.4380 0.2040 0.0000
vt 0.4467 0.1766 0.0000
vt 0.4467 0.2040 0.0000
vt 0.4555 0.1766 0.0000
vt 0.4555 0.2040 0.0000
vt 0.4642 0.1766 0.0000
vt 0.4642 0.2040 0.0000
vt 0.4730 0.1766 0.0000
vt 0.4730 0.2040 0.0000
vt 0.4817 0.1766 0.0000
vt 0.4817 0.2040 0.0000
vt 0.4905 0.1766 0.0000
vt 0.4905 0.2040 0.0000
vt 0.4992 0.1766 0.0000
vt 0.4992 0.2040 0.0000
vt 0.5079 0.1766 0.0000
vt 0.5079 0.2040 0.0000
vt 0.5167 0.1766 0.0000
vt 0.5167 0.2040 0.0000
vt 0.5254 0.1766 0.0000
vt 0.5254 0.2040 0.0000
vt 0.5342 0.1766 0.0000
vt 0.5342 0.2040 0.0000
vt 0.5429 0.1766 0.0000
vt 0.5429 0.2040 0.0000
vt 0.5517 0.1766 0.0000
vt 0.5517 0.2040 0.0000
vt 0.5604 0.1766 0.0000
vt 0.5604 0.2040 0.0000
vt 0.4380 0.2997 0.0000
vt 0.4467 0.2497 0.0000
vt 0.4380 0.2497 0.0000
vt 0.4293 0.2997 0.0000
vt 0.4293 0.2497 0.0000
vt 0.4205 0.2997 0.0000
vt 0.4205 0.2497 0.0000
vt 0.4118 0.2997 0.0000
vt 0.4118 0.2497 0.0000
vt 0.4030 0.2997 0.0000
vt 0.4030 0.2497 0.0000
vt 0.6041 0.2997 0.0000
vt 0.6129 0.2497 0.0000
vt 0.6041 0.2497 0.0000
vt 0.5954 0.2997 0.0000
vt 0.5954 0.2497 0.0000
vt 0.5866 0.2997 0.0000
vt 0.5866 0.2497 0.0000
vt 0.5779 0.2997 0.0000
vt 0.5779 0.2497 0.0000
vt 0.5692 0.2997 0.0000
vt 0.5692 0.2497 0.0000
vt 0.5604 0.2997 0.0000
vt 0.5604 0.2497 0.0000
vt 0.5517 0.2997 0.0000
vt 0.5517 0.2497 0.0000
vt 0.5429 0.2997 0.0000
vt 0.5429 0.2497 0.0000
vt 0.5342 0.2997 0.0000
vt 0.5342 0.2497 0.0000
vt 0.5254 0.2997 0.0000
vt 0.5254 0.2497 0.0000
vt 0.5167 0.2997 0.0000
vt 0.5167 0.2497 0.0000
vt 0.5079 0.2997 0.0000
vt 0.5079 0.2497 0.0000
vt 0.4992 0.2997 0.0000
vt 0.4992 0.2497 0.0000
vt 0.4905 0.2997 0.0000
vt 0.4905 0.2497 0.0000
vt 0.4817 0.2997 0.0000
vt 0.4817 0.2497 0.0000
vt 0.4730 0.2997 0.0000
vt 0.4730 0.2497 0.0000
vt 0.4642 0.2997 0.0000
vt 0.4642 0.2497 0.0000
vt 0.4555 0.2997 0.0000
vt 0.4555 0.2497 0.0000
vt 0.4467 0.2997 0.0000
vt 0.4380 0.3865 0.0000
vt 0.4467 0.3408 0.0000
vt 0.4380 0.3408 0.0000
vt 0.4293 0.3865 0.0000
vt 0.4293 0.3408 0.0000
vt 0.4205 0.3865 0.0000
vt 0.4205 0.3408 0.0000
vt 0.4118 0.3865 0.0000
vt 0.4118 0.3408 0.0000
vt 0.4030 0.3865 0.0000
vt 0.4030 0.3408 0.0000
vt 0.6041 0.3865 0.0000
vt 0.6129 0.3408 0.0000
vt 0.6041 0.3408 0.0000
vt 0.5954 0.3865 0.0000
vt 0.5954 0.3408 0.0000
vt 0.5866 0.3865 0.0000
vt 0.5866 0.3408 0.0000
vt 0.5779 0.3865 0.0000
vt 0.5779 0.3408 0.0000
vt 0.5692 0.3865 0.0000
vt 0.5692 0.3408 0.0000
vt 0.5604 0.3865 0.0000
vt 0.5604 0.3408 0.0000
vt 0.5517 0.3865 0.0000
vt 0.5517 0.3408 0.0000
vt 0.5429 0.3865 0.0000
vt 0.5429 0.3408 0.0000
vt 0.5342 0.3865 0.0000
vt 0.5342 0.3408 0.0000
vt 0.5254 0.3865 0.0000
vt 0.5254 0.3408 0.0000
vt 0.5167 0.3865 0.0000
vt 0.5167 0.3408 0.0000
vt 0.5079 0.3865 0.0000
vt 0.5079 0.3408 0.0000
vt 0.4992 0.3865 0.0000
vt 0.4992 0.3408 0.0000
vt 0.4905 0.3865 0.0000
vt 0.4905 0.3408 0.0000
vt 0.4817 0.3865 0.0000
vt 0.4817 0.3408 0.0000
vt 0.4730 0.3865 0.0000
vt 0.4730 0.3408 0.0000
vt 0.4642 0.3865 0.0000
vt 0.4642 0.3408 0.0000
vt 0.4555 0.3865 0.0000
vt 0.4555 0.3408 0.0000
vt 0.4467 0.3865 0.0000
vt 0.6129 0.2997 0.0000
vt 0.6129 0.2040 0.0000
vt 0.8556 0.0319 0.0000
vt 0.8737 0.0214 0.0000
vt 0.8745 0.0243 0.0000
vt 0.8388 0.0434 0.0000
vt 0.8543 0.0292 0.0000
vt 0.8249 0.0583 0.0000
vt 0.8369 0.0411 0.0000
vt 0.8146 0.0758 0.0000
vt 0.8225 0.0565 0.0000
vt 0.8083 0.0952 0.0000
vt 0.8119 0.0746 0.0000
vt 0.8524 0.1943 0.0000
vt 0.8340 0.1843 0.0000
vt 0.8360 0.1821 0.0000
vt 0.8710 0.2026 0.0000
vt 0.8508 0.1969 0.0000
vt 0.8909 0.2067 0.0000
vt 0.8700 0.2054 0.0000
vt 0.9113 0.2064 0.0000
vt 0.8906 0.2097 0.0000
vt 0.9310 0.2016 0.0000
vt 0.9116 0.2093 0.0000
vt 0.9494 0.1927 0.0000
vt 0.9321 0.2044 0.0000
vt 0.9653 0.1800 0.0000
vt 0.9509 0.1952 0.0000
vt 0.9780 0.1641 0.0000
vt 0.9673 0.1821 0.0000
vt 0.9871 0.1458 0.0000
vt 0.9805 0.1657 0.0000
vt 0.9919 0.1261 0.0000
vt 0.9898 0.1468 0.0000
vt 0.9923 0.1057 0.0000
vt 0.9948 0.1264 0.0000
vt 0.9882 0.0857 0.0000
vt 0.9952 0.1054 0.0000
vt 0.9800 0.0671 0.0000
vt 0.9911 0.0848 0.0000
vt 0.9678 0.0507 0.0000
vt 0.9825 0.0656 0.0000
vt 0.9525 0.0374 0.0000
vt 0.9701 0.0487 0.0000
vt 0.9346 0.0277 0.0000
vt 0.9542 0.0350 0.0000
vt 0.9150 0.0222 0.0000
vt 0.9357 0.0250 0.0000
vt 0.8946 0.0210 0.0000
vt 0.9154 0.0192 0.0000
vt 0.8945 0.0180 0.0000
vt 0.9532 0.7224 0.0000
vt 0.9428 0.6999 0.0000
vt 0.9510 0.6991 0.0000
vt 0.9554 0.7445 0.0000
vt 0.9453 0.7232 0.0000
vt 0.9577 0.7650 0.0000
vt 0.9481 0.7453 0.0000
vt 0.9603 0.7839 0.0000
vt 0.9509 0.7659 0.0000
vt 0.9633 0.8006 0.0000
vt 0.9540 0.7850 0.0000
vt 0.9369 0.2697 0.0000
vt 0.9336 0.2537 0.0000
vt 0.9383 0.2547 0.0000
vt 0.9362 0.2867 0.0000
vt 0.9314 0.2692 0.0000
vt 0.9352 0.3051 0.0000
vt 0.9299 0.2862 0.0000
vt 0.9350 0.3246 0.0000
vt 0.9290 0.3048 0.0000
vt 0.9349 0.3457 0.0000
vt 0.9281 0.3244 0.0000
vt 0.9349 0.3679 0.0000
vt 0.9275 0.3455 0.0000
vt 0.9352 0.3911 0.0000
vt 0.9271 0.3677 0.0000
vt 0.9355 0.4152 0.0000
vt 0.9270 0.3910 0.0000
vt 0.9361 0.4400 0.0000
vt 0.9271 0.4152 0.0000
vt 0.9369 0.4655 0.0000
vt 0.9275 0.4401 0.0000
vt 0.9378 0.4915 0.0000
vt 0.9280 0.4657 0.0000
vt 0.9389 0.5178 0.0000
vt 0.9288 0.4917 0.0000
vt 0.9402 0.5444 0.0000
vt 0.9298 0.5181 0.0000
vt 0.9416 0.5710 0.0000
vt 0.9310 0.5447 0.0000
vt 0.9433 0.5975 0.0000
vt 0.9325 0.5714 0.0000
vt 0.9450 0.6238 0.0000
vt 0.9341 0.5980 0.0000
vt 0.9469 0.6496 0.0000
vt 0.9360 0.6243 0.0000
vt 0.9489 0.6748 0.0000
vt 0.9381 0.6502 0.0000
vt 0.9403 0.6754 0.0000
vt 0.7683 0.7999 0.0000
vt 0.7572 0.8208 0.0000
vt 0.7576 0.8011 0.0000
vt 0.7817 0.7978 0.0000
vt 0.7676 0.8230 0.0000
vt 0.6953 0.9133 0.0000
vt 0.7094 0.9385 0.0000
vt 0.6959 0.9421 0.0000
vt 0.7194 0.9166 0.0000
vt 0.7087 0.9155 0.0000
vt 0.7124 0.9487 0.0000
vt 0.7016 0.9553 0.0000
vt 0.7214 0.9448 0.0000
vt 0.7232 0.9509 0.0000
vt 0.7180 0.9565 0.0000
vt 0.7102 0.9652 0.0000
vt 0.7556 0.8292 0.0000
vt 0.7811 0.8266 0.0000
vt 0.7646 0.8331 0.0000
vt 0.7754 0.8398 0.0000
vt 0.7590 0.8410 0.0000
vt 0.7538 0.8354 0.0000
vt 0.7495 0.8451 0.0000
vt 0.7469 0.8361 0.0000
vt 0.7544 0.8572 0.0000
vt 0.7385 0.8605 0.0000
vt 0.7385 0.8461 0.0000
vt 0.7385 0.8363 0.0000
vt 0.7226 0.9727 0.0000
vt 0.7275 0.9606 0.0000
vt 0.7301 0.9516 0.0000
vt 0.7385 0.9616 0.0000
vt 0.7385 0.9761 0.0000
vt 0.7495 0.9606 0.0000
vt 0.7544 0.9727 0.0000
vt 0.7469 0.9516 0.0000
vt 0.7538 0.9509 0.0000
vt 0.7590 0.9565 0.0000
vt 0.7668 0.9652 0.0000
vt 0.7301 0.8361 0.0000
vt 0.7275 0.8451 0.0000
vt 0.7226 0.8572 0.0000
vt 0.7180 0.8410 0.0000
vt 0.7232 0.8354 0.0000
vt 0.7124 0.8331 0.0000
vt 0.7214 0.8292 0.0000
vt 0.7016 0.8398 0.0000
vt 0.6959 0.8266 0.0000
vt 0.7094 0.8230 0.0000
vt 0.7198 0.8208 0.0000
vt 0.7754 0.9553 0.0000
vt 0.7646 0.9487 0.0000
vt 0.7556 0.9448 0.0000
vt 0.7676 0.9385 0.0000
vt 0.7811 0.9421 0.0000
vt 0.7817 0.9133 0.0000
vt 0.7572 0.9364 0.0000
vt 0.7683 0.9155 0.0000
vt 0.7194 0.8011 0.0000
vt 0.7087 0.7999 0.0000
vt 0.7292 0.9357 0.0000
vt 0.7198 0.9364 0.0000
vt 0.7385 0.9168 0.0000
vt 0.7289 0.9168 0.0000
vt 0.7478 0.9357 0.0000
vt 0.7385 0.9356 0.0000
vt 0.7576 0.9166 0.0000
vt 0.7481 0.9168 0.0000
vt 0.7469 0.9439 0.0000
vt 0.7385 0.9440 0.0000
vt 0.7385 0.9518 0.0000
vt 0.7301 0.9439 0.0000
vt 0.7292 0.8202 0.0000
vt 0.7385 0.8013 0.0000
vt 0.7289 0.8013 0.0000
vt 0.7478 0.8202 0.0000
vt 0.7385 0.8201 0.0000
vt 0.7481 0.8013 0.0000
vt 0.7469 0.8284 0.0000
vt 0.7385 0.8285 0.0000
vt 0.7301 0.8284 0.0000
vt 0.7214 0.7857 0.0000
vt 0.6953 0.7978 0.0000
vt 0.7126 0.7832 0.0000
vt 0.7644 0.8987 0.0000
vt 0.7742 0.8943 0.0000
vt 0.7556 0.9012 0.0000
vt 0.7589 0.8851 0.0000
vt 0.7653 0.8814 0.0000
vt 0.7523 0.8873 0.0000
vt 0.7247 0.7718 0.0000
vt 0.7028 0.7788 0.0000
vt 0.7181 0.7696 0.0000
vt 0.7471 0.9022 0.0000
vt 0.7299 0.9022 0.0000
vt 0.7385 0.9024 0.0000
vt 0.7214 0.9012 0.0000
vt 0.7314 0.8885 0.0000
vt 0.7385 0.8889 0.0000
vt 0.7247 0.8873 0.0000
vt 0.7456 0.8885 0.0000
vt 0.7126 0.8987 0.0000
vt 0.7644 0.7832 0.0000
vt 0.7742 0.7788 0.0000
vt 0.7556 0.7857 0.0000
vt 0.7589 0.7696 0.0000
vt 0.7653 0.7659 0.0000
vt 0.7523 0.7718 0.0000
vt 0.7181 0.8851 0.0000
vt 0.7028 0.8943 0.0000
vt 0.7471 0.7866 0.0000
vt 0.7299 0.7866 0.0000
vt 0.7385 0.7868 0.0000
vt 0.7314 0.7730 0.0000
vt 0.7385 0.7733 0.0000
vt 0.7456 0.7730 0.0000
vt 0.7227 0.7587 0.0000
vt 0.7289 0.7542 0.0000
vt 0.7277 0.7601 0.0000
vt 0.7181 0.7567 0.0000
vt 0.7245 0.7531 0.0000
vt 0.7589 0.8722 0.0000
vt 0.7525 0.8686 0.0000
vt 0.7569 0.8672 0.0000
vt 0.7543 0.8743 0.0000
vt 0.7481 0.8697 0.0000
vt 0.7552 0.8611 0.0000
vt 0.7509 0.8622 0.0000
vt 0.7301 0.7477 0.0000
vt 0.7201 0.7517 0.0000
vt 0.7261 0.7467 0.0000
vt 0.7441 0.8766 0.0000
vt 0.7434 0.8704 0.0000
vt 0.7385 0.8769 0.0000
vt 0.7336 0.8704 0.0000
vt 0.7385 0.8707 0.0000
vt 0.7329 0.8766 0.0000
vt 0.7289 0.8697 0.0000
vt 0.7385 0.8639 0.0000
vt 0.7342 0.8637 0.0000
vt 0.7428 0.8637 0.0000
vt 0.7469 0.8632 0.0000
vt 0.7227 0.8743 0.0000
vt 0.7245 0.8686 0.0000
vt 0.7181 0.8722 0.0000
vt 0.7589 0.7567 0.0000
vt 0.7525 0.7531 0.0000
vt 0.7569 0.7517 0.0000
vt 0.7543 0.7587 0.0000
vt 0.7481 0.7542 0.0000
vt 0.7552 0.7455 0.0000
vt 0.7509 0.7467 0.0000
vt 0.7261 0.8622 0.0000
vt 0.7301 0.8632 0.0000
vt 0.7201 0.8672 0.0000
vt 0.7441 0.7610 0.0000
vt 0.7434 0.7549 0.0000
vt 0.7385 0.7614 0.0000
vt 0.7336 0.7549 0.0000
vt 0.7385 0.7552 0.0000
vt 0.7329 0.7610 0.0000
vt 0.7385 0.7483 0.0000
vt 0.7342 0.7482 0.0000
vt 0.7428 0.7482 0.0000
vt 0.7469 0.7477 0.0000
vt 0.7118 0.7659 0.0000
vt 0.7493 0.8756 0.0000
vt 0.7493 0.7601 0.0000
vt 0.7277 0.8756 0.0000
vt 0.7118 0.8814 0.0000
vt 0.8099 0.7628 0.0000
vt 0.8089 0.7702 0.0000
vt 0.8068 0.7681 0.0000
vt 0.8022 0.7741 0.0000
vt 0.8014 0.7712 0.0000
vt 0.7945 0.7741 0.0000
vt 0.7953 0.7712 0.0000
vt 0.7879 0.7702 0.0000
vt 0.7900 0.7681 0.0000
vt 0.7840 0.7636 0.0000
vt 0.7869 0.7628 0.0000
vt 0.7840 0.7559 0.0000
vt 0.7869 0.7566 0.0000
vt 0.7879 0.7492 0.0000
vt 0.7900 0.7513 0.0000
vt 0.7945 0.7454 0.0000
vt 0.7953 0.7482 0.0000
vt 0.8022 0.7454 0.0000
vt 0.8014 0.7482 0.0000
vt 0.8089 0.7492 0.0000
vt 0.8068 0.7513 0.0000
vt 0.8127 0.7559 0.0000
vt 0.8099 0.7566 0.0000
vt 0.8127 0.7636 0.0000
vt 0.8427 0.7372 0.0000
vt 0.8475 0.7328 0.0000
vt 0.8512 0.7274 0.0000
vt 0.8533 0.7215 0.0000
vt 0.7840 0.7230 0.0000
vt 0.7880 0.7299 0.0000
vt 0.7939 0.7359 0.0000
vt 0.8008 0.7403 0.0000
vt 0.8080 0.7433 0.0000
vt 0.8157 0.7448 0.0000
vt 0.8232 0.7448 0.0000
vt 0.8302 0.7436 0.0000
vt 0.8369 0.7409 0.0000
vt 0.9668 0.9507 0.0000
vt 0.9694 0.9453 0.0000
vt 0.9692 0.9511 0.0000
vt 0.9671 0.9446 0.0000
vt 0.9697 0.9435 0.0000
vt 0.9647 0.9433 0.0000
vt 0.9675 0.9426 0.0000
vt 0.9644 0.9505 0.0000
vt 0.9647 0.9404 0.0000
vt 0.9690 0.9402 0.0000
vt 0.9703 0.9411 0.0000
vt 0.9706 0.9402 0.0000
vt 0.9677 0.9380 0.0000
vt 0.9703 0.9392 0.0000
vt 0.9646 0.9387 0.0000
vt 0.9673 0.9368 0.0000
vt 0.9699 0.9370 0.0000
vt 0.9673 0.9062 0.0000
vt 0.9697 0.9359 0.0000
vt 0.9653 0.9064 0.0000
vt 0.9653 0.8767 0.0000
vt 0.9671 0.8948 0.0000
vt 0.9651 0.8946 0.0000
vt 0.9675 0.8763 0.0000
vt 0.9694 0.8948 0.0000
vt 0.9675 0.8429 0.0000
vt 0.9695 0.8759 0.0000
vt 0.9655 0.8436 0.0000
vt 0.9655 0.7908 0.0000
vt 0.9675 0.7905 0.0000
vt 0.9695 0.8422 0.0000
vt 0.9677 0.7364 0.0000
vt 0.9695 0.7903 0.0000
vt 0.9657 0.7362 0.0000
vt 0.9660 0.6972 0.0000
vt 0.9677 0.6971 0.0000
vt 0.9695 0.7364 0.0000
vt 0.9677 0.6707 0.0000
vt 0.9695 0.6969 0.0000
vt 0.9657 0.6707 0.0000
vt 0.9675 0.6470 0.0000
vt 0.9695 0.6474 0.0000
vt 0.9695 0.6707 0.0000
vt 0.9694 0.6195 0.0000
vt 0.9657 0.6467 0.0000
vt 0.9675 0.6195 0.0000
vt 0.9690 0.9895 0.0000
vt 0.9668 0.9895 0.0000
vt 0.9644 0.9895 0.0000
vt 0.9670 0.9014 0.0000
vt 0.9692 0.9016 0.0000
vt 0.9694 0.9062 0.0000
vt 0.9649 0.9012 0.0000
vt 0.9730 0.9453 0.0000
vt 0.9758 0.9507 0.0000
vt 0.9734 0.9511 0.0000
vt 0.9754 0.9446 0.0000
vt 0.9782 0.9505 0.0000
vt 0.9751 0.9426 0.0000
vt 0.9778 0.9433 0.0000
vt 0.9729 0.9435 0.0000
vt 0.9778 0.9404 0.0000
vt 0.9736 0.9402 0.0000
vt 0.9749 0.9380 0.0000
vt 0.9723 0.9392 0.0000
vt 0.9727 0.9370 0.0000
vt 0.9719 0.9402 0.0000
vt 0.9723 0.9411 0.0000
vt 0.9780 0.9387 0.0000
vt 0.9753 0.9368 0.0000
vt 0.9773 0.9064 0.0000
vt 0.9729 0.9359 0.0000
vt 0.9753 0.9062 0.0000
vt 0.9754 0.8948 0.0000
vt 0.9773 0.8767 0.0000
vt 0.9775 0.8946 0.0000
vt 0.9751 0.8763 0.0000
vt 0.9771 0.8436 0.0000
vt 0.9730 0.8759 0.0000
vt 0.9751 0.8429 0.0000
vt 0.9732 0.8948 0.0000
vt 0.9771 0.7908 0.0000
vt 0.9751 0.7905 0.0000
vt 0.9769 0.7362 0.0000
vt 0.9730 0.7903 0.0000
vt 0.9749 0.7364 0.0000
vt 0.9730 0.8422 0.0000
vt 0.9766 0.6972 0.0000
vt 0.9749 0.6971 0.0000
vt 0.9769 0.6707 0.0000
vt 0.9730 0.6969 0.0000
vt 0.9749 0.6707 0.0000
vt 0.9730 0.7364 0.0000
vt 0.9751 0.6470 0.0000
vt 0.9769 0.6467 0.0000
vt 0.9751 0.6195 0.0000
vt 0.9769 0.6195 0.0000
vt 0.9732 0.6195 0.0000
vt 0.9730 0.6474 0.0000
vt 0.9758 0.9895 0.0000
vt 0.9736 0.9895 0.0000
vt 0.9782 0.9895 0.0000
vt 0.9756 0.9014 0.0000
vt 0.9777 0.9012 0.0000
vt 0.9734 0.9016 0.0000
vt 0.9712 0.9455 0.0000
vt 0.9712 0.9439 0.0000
vt 0.9712 0.9511 0.0000
vt 0.9801 0.9426 0.0000
vt 0.9806 0.9501 0.0000
vt 0.9620 0.9501 0.0000
vt 0.9625 0.9426 0.0000
vt 0.9627 0.9404 0.0000
vt 0.9712 0.9413 0.0000
vt 0.9712 0.9402 0.0000
vt 0.9712 0.9391 0.0000
vt 0.9712 0.9368 0.0000
vt 0.9712 0.9357 0.0000
vt 0.9732 0.9062 0.0000
vt 0.9797 0.9394 0.0000
vt 0.9629 0.9394 0.0000
vt 0.9634 0.9064 0.0000
vt 0.9712 0.8949 0.0000
vt 0.9712 0.8757 0.0000
vt 0.9712 0.8420 0.0000
vt 0.9790 0.8438 0.0000
vt 0.9791 0.8769 0.0000
vt 0.9634 0.8769 0.0000
vt 0.9633 0.8946 0.0000
vt 0.9636 0.8438 0.0000
vt 0.9712 0.7901 0.0000
vt 0.9714 0.7364 0.0000
vt 0.9786 0.7362 0.0000
vt 0.9790 0.7908 0.0000
vt 0.9636 0.7908 0.0000
vt 0.9640 0.7362 0.0000
vt 0.9714 0.6969 0.0000
vt 0.9730 0.6707 0.0000
vt 0.9714 0.6707 0.0000
vt 0.9786 0.6709 0.0000
vt 0.9784 0.6972 0.0000
vt 0.9642 0.6972 0.0000
vt 0.9640 0.6709 0.0000
vt 0.9714 0.6476 0.0000
vt 0.9714 0.6195 0.0000
vt 0.9788 0.6467 0.0000
vt 0.9638 0.6467 0.0000
vt 0.9657 0.6195 0.0000
vt 0.9638 0.6195 0.0000
vt 0.9712 0.9895 0.0000
vt 0.9804 0.9895 0.0000
vt 0.9622 0.9895 0.0000
vt 0.9712 0.9018 0.0000
vt 0.9712 0.9062 0.0000
vt 0.9795 0.9012 0.0000
vt 0.9791 0.9064 0.0000
vt 0.9631 0.9012 0.0000
vt 0.9695 0.2937 0.0000
vt 0.9668 0.2884 0.0000
vt 0.9692 0.2882 0.0000
vt 0.9697 0.2956 0.0000
vt 0.9671 0.2945 0.0000
vt 0.9675 0.2965 0.0000
vt 0.9647 0.2960 0.0000
vt 0.9644 0.2888 0.0000
vt 0.9647 0.2987 0.0000
vt 0.9690 0.2989 0.0000
vt 0.9677 0.3011 0.0000
vt 0.9703 0.2980 0.0000
vt 0.9706 0.2991 0.0000
vt 0.9703 0.3000 0.0000
vt 0.9699 0.3020 0.0000
vt 0.9646 0.3004 0.0000
vt 0.9673 0.3022 0.0000
vt 0.9697 0.3032 0.0000
vt 0.9673 0.3329 0.0000
vt 0.9653 0.3327 0.0000
vt 0.9671 0.3443 0.0000
vt 0.9653 0.3624 0.0000
vt 0.9651 0.3445 0.0000
vt 0.9694 0.3443 0.0000
vt 0.9675 0.3628 0.0000
vt 0.9695 0.3631 0.0000
vt 0.9675 0.3962 0.0000
vt 0.9655 0.3956 0.0000
vt 0.9655 0.4482 0.0000
vt 0.9695 0.3969 0.0000
vt 0.9675 0.4486 0.0000
vt 0.9695 0.4488 0.0000
vt 0.9677 0.5027 0.0000
vt 0.9658 0.5029 0.0000
vt 0.9660 0.5418 0.0000
vt 0.9695 0.5027 0.0000
vt 0.9677 0.5420 0.0000
vt 0.9695 0.5422 0.0000
vt 0.9677 0.5684 0.0000
vt 0.9657 0.5684 0.0000
vt 0.9675 0.5920 0.0000
vt 0.9657 0.5924 0.0000
vt 0.9695 0.5917 0.0000
vt 0.9690 0.2496 0.0000
vt 0.9668 0.2498 0.0000
vt 0.9644 0.2498 0.0000
vt 0.9671 0.3377 0.0000
vt 0.9649 0.3379 0.0000
vt 0.9692 0.3375 0.0000
vt 0.9758 0.2884 0.0000
vt 0.9732 0.2937 0.0000
vt 0.9734 0.2882 0.0000
vt 0.9782 0.2888 0.0000
vt 0.9754 0.2945 0.0000
vt 0.9778 0.2960 0.0000
vt 0.9751 0.2965 0.0000
vt 0.9729 0.2956 0.0000
vt 0.9778 0.2989 0.0000
vt 0.9736 0.2989 0.0000
vt 0.9749 0.3011 0.0000
vt 0.9723 0.3000 0.0000
vt 0.9719 0.2991 0.0000
vt 0.9723 0.2980 0.0000
vt 0.9780 0.3004 0.0000
vt 0.9753 0.3022 0.0000
vt 0.9773 0.3327 0.0000
vt 0.9753 0.3329 0.0000
vt 0.9729 0.3032 0.0000
vt 0.9732 0.3329 0.0000
vt 0.9727 0.3020 0.0000
vt 0.9773 0.3624 0.0000
vt 0.9754 0.3443 0.0000
vt 0.9775 0.3445 0.0000
vt 0.9771 0.3956 0.0000
vt 0.9753 0.3628 0.0000
vt 0.9751 0.3962 0.0000
vt 0.9730 0.3631 0.0000
vt 0.9732 0.3443 0.0000
vt 0.9771 0.4482 0.0000
vt 0.9769 0.5029 0.0000
vt 0.9751 0.4486 0.0000
vt 0.9749 0.5027 0.0000
vt 0.9730 0.4488 0.0000
vt 0.9730 0.3969 0.0000
vt 0.9767 0.5418 0.0000
vt 0.9769 0.5684 0.0000
vt 0.9749 0.5420 0.0000
vt 0.9749 0.5684 0.0000
vt 0.9730 0.5422 0.0000
vt 0.9730 0.5027 0.0000
vt 0.9751 0.5920 0.0000
vt 0.9769 0.5924 0.0000
vt 0.9730 0.5917 0.0000
vt 0.9730 0.5684 0.0000
vt 0.9758 0.2498 0.0000
vt 0.9736 0.2496 0.0000
vt 0.9782 0.2498 0.0000
vt 0.9756 0.3377 0.0000
vt 0.9777 0.3379 0.0000
vt 0.9734 0.3375 0.0000
vt 0.9714 0.2936 0.0000
vt 0.9714 0.2880 0.0000
vt 0.9714 0.2954 0.0000
vt 0.9801 0.2965 0.0000
vt 0.9799 0.2987 0.0000
vt 0.9806 0.2889 0.0000
vt 0.9620 0.2889 0.0000
vt 0.9625 0.2965 0.0000
vt 0.9627 0.2987 0.0000
vt 0.9714 0.2978 0.0000
vt 0.9714 0.3002 0.0000
vt 0.9714 0.2991 0.0000
vt 0.9714 0.3022 0.0000
vt 0.9714 0.3035 0.0000
vt 0.9714 0.3329 0.0000
vt 0.9694 0.3329 0.0000
vt 0.9797 0.2996 0.0000
vt 0.9629 0.2996 0.0000
vt 0.9634 0.3327 0.0000
vt 0.9714 0.3443 0.0000
vt 0.9714 0.3633 0.0000
vt 0.9790 0.3953 0.0000
vt 0.9791 0.3622 0.0000
vt 0.9634 0.3622 0.0000
vt 0.9636 0.3953 0.0000
vt 0.9714 0.3971 0.0000
vt 0.9714 0.4490 0.0000
vt 0.9714 0.5027 0.0000
vt 0.9786 0.5029 0.0000
vt 0.9790 0.4482 0.0000
vt 0.9636 0.4482 0.0000
vt 0.9640 0.5029 0.0000
vt 0.9714 0.5422 0.0000
vt 0.9695 0.5684 0.0000
vt 0.9786 0.5684 0.0000
vt 0.9784 0.5418 0.0000
vt 0.9642 0.5418 0.0000
vt 0.9640 0.5684 0.0000
vt 0.9714 0.5915 0.0000
vt 0.9714 0.5684 0.0000
vt 0.9788 0.5924 0.0000
vt 0.9788 0.6195 0.0000
vt 0.9638 0.5924 0.0000
vt 0.9714 0.2496 0.0000
vt 0.9804 0.2498 0.0000
vt 0.9622 0.2498 0.0000
vt 0.9714 0.3375 0.0000
vt 0.9795 0.3379 0.0000
vt 0.9795 0.3445 0.0000
vt 0.9791 0.3327 0.0000
vt 0.9631 0.3379 0.0000
vt 0.9633 0.3445 0.0000
vt 0.8453 0.9267 0.0000
vt 0.8373 0.8539 0.0000
vt 0.8735 0.6321 0.0000
vt 0.8854 0.7042 0.0000
vt 0.8593 0.7059 0.0000
vt 0.8514 0.6332 0.0000
vt 0.7932 0.7172 0.0000
vt 0.8465 0.7932 0.0000
vt 0.8700 0.4899 0.0000
vt 0.6423 0.5746 0.0000
vt 0.4412 0.0612 0.0000
vt 0.6042 0.9854 0.0000
vt 0.7342 0.2125 0.0000
vt 0.8130 0.1578 0.0000
vt 0.6787 0.9849 0.0000
vt 0.8447 0.6194 0.0000
vt 0.3911 0.3956 0.0000
vt 0.6129 0.3865 0.0000
vt 0.8054 0.0946 0.0000
vt 0.9578 0.8023 0.0000
vt 0.7668 0.8497 0.0000
vt 0.7102 0.8497 0.0000
vt 0.7218 0.7455 0.0000
vt 0.7218 0.8611 0.0000
vt 0.9799 0.9404 0.0000
vt 0.9793 0.8946 0.0000
# 1664 texture coords

o Lamp_Mesh
g Lamp_Mesh
usemtl c3c1aaa39efd442bba6bccd21ec33c14_default
s off
f 1/1/1 2/2/2 3/3/3 
f 4/4/4 5/5/5 1/1/1 
f 6/6/6 7/5/7 4/4/4 
f 8/7/8 9/8/9 6/6/6 
f 10/9/10 11/10/11 8/7/8 
f 12/11/12 13/12/13 10/9/10 
f 14/13/14 15/14/15 12/11/12 
f 3/3/3 16/14/16 14/13/14 
f 17/15/17 18/15/18 19/15/19 
f 20/15/20 21/15/21 17/15/17 
f 22/15/22 23/15/23 20/15/20 
f 24/15/24 25/15/25 22/15/22 
f 26/15/26 27/15/27 24/15/24 
f 28/15/28 29/15/29 26/15/26 
f 30/15/30 31/15/31 28/15/28 
f 19/15/19 32/15/32 30/15/30 
f 33/16/33 34/17/34 35/18/35 
f 36/19/36 37/20/37 38/21/38 
f 36/22/36 33/16/33 39/23/39 
f 38/21/38 35/18/35 34/17/34 
f 40/24/40 41/25/41 42/26/42 
f 43/27/43 44/28/44 45/29/45 
f 43/30/43 40/24/40 46/31/46 
f 45/29/45 42/26/42 41/25/41 
f 47/32/47 48/33/48 49/34/49 
f 50/35/50 51/36/51 52/37/52 
f 50/38/50 47/32/47 53/39/53 
f 52/37/52 49/34/49 48/33/48 
f 54/40/54 55/41/55 56/42/56 
f 56/42/56 57/43/57 58/44/58 
f 58/44/58 59/45/59 60/46/60 
f 60/47/60 61/48/61 62/49/62 
f 62/49/62 63/50/63 64/51/64 
f 64/51/64 65/52/65 66/53/66 
f 66/53/66 67/54/67 68/55/68 
f 68/55/68 69/56/69 70/57/70 
f 70/57/70 71/58/71 72/59/72 
f 72/59/72 73/60/73 74/61/74 
f 74/61/74 75/62/75 76/63/76 
f 76/63/76 77/64/77 54/40/54 
f 78/65/78 79/66/79 80/67/80 
f 80/67/80 81/68/81 82/69/82 
f 82/69/82 83/70/83 84/71/84 
f 84/72/84 85/73/85 86/74/86 
f 86/74/86 87/75/87 88/76/88 
f 88/76/88 89/77/89 90/78/90 
f 90/78/90 91/79/91 92/80/92 
f 92/80/92 93/81/93 94/82/94 
f 94/82/94 95/83/95 96/84/96 
f 96/84/96 97/85/97 98/86/98 
f 98/86/98 99/87/99 100/88/100 
f 100/88/100 101/89/101 78/65/78 
f 102/90/102 103/91/103 104/92/104 
f 105/93/105 106/94/106 103/91/103 
f 107/95/107 108/96/108 106/94/106 
f 109/97/109 104/98/104 108/99/108 
f 109/100/109 105/93/105 102/101/102 
f 104/102/104 106/94/106 108/103/108 
f 110/104/110 111/105/111 112/106/112 
f 113/107/113 114/108/114 115/109/115 
f 116/110/116 117/111/117 118/112/118 
f 119/113/119 116/114/116 120/115/120 
f 119/113/119 121/116/121 116/114/116 
f 116/110/116 122/117/122 120/118/120 
f 121/116/121 119/113/119 123/119/123 
f 119/113/119 113/120/113 123/119/123 
f 119/113/119 124/121/124 113/120/113 
f 121/122/121 125/123/125 117/111/117 
f 123/124/123 115/109/115 125/123/125 
f 118/112/118 126/125/126 122/117/122 
f 118/112/118 127/126/127 128/127/128 
f 128/128/128 129/129/129 126/130/126 
f 130/131/130 127/132/127 131/133/131 
f 117/111/117 132/134/132 127/126/127 
f 125/123/125 133/135/133 132/134/132 
f 115/109/115 134/136/134 133/135/133 
f 131/133/131 132/137/132 135/138/135 
f 135/138/135 133/139/133 136/140/136 
f 136/140/136 134/141/134 137/142/137 
f 138/143/138 139/144/139 140/145/140 
f 141/146/141 142/147/142 143/148/143 
f 124/121/124 119/113/119 144/149/144 
f 119/113/119 141/150/141 144/149/144 
f 119/113/119 145/151/145 141/150/141 
f 144/152/144 114/108/114 124/153/124 
f 144/154/144 143/148/143 146/155/146 
f 145/151/145 119/113/119 147/156/147 
f 119/113/119 148/157/148 147/156/147 
f 119/113/119 139/158/139 148/157/148 
f 147/159/147 142/147/142 145/160/145 
f 148/161/148 149/162/149 147/159/147 
f 114/108/114 150/163/150 134/136/134 
f 146/155/146 151/164/151 150/165/150 
f 143/148/143 152/166/152 151/164/151 
f 137/167/137 150/168/150 153/169/153 
f 153/169/153 151/170/151 154/171/154 
f 154/171/154 152/172/152 155/173/155 
f 142/147/142 156/174/156 152/166/152 
f 149/162/149 157/175/157 156/174/156 
f 138/143/138 158/176/158 157/175/157 
f 155/173/155 156/177/156 159/178/159 
f 159/178/159 157/179/157 160/180/160 
f 160/180/160 158/181/158 161/182/161 
f 162/183/162 129/129/129 130/131/130 
f 163/184/163 130/131/130 131/133/131 
f 164/185/164 165/186/165 162/183/162 
f 164/185/164 163/184/163 166/187/166 
f 167/188/167 131/133/131 135/138/135 
f 168/189/168 135/138/135 136/140/136 
f 169/190/169 136/140/136 137/142/137 
f 170/191/170 163/184/163 167/188/167 
f 171/192/171 167/188/167 168/189/168 
f 171/192/171 169/190/169 172/193/172 
f 173/194/173 174/195/174 164/185/164 
f 175/196/175 164/185/164 166/187/166 
f 176/197/176 175/196/175 177/198/177 
f 176/197/176 178/199/178 173/194/173 
f 179/200/179 180/201/180 181/202/181 
f 176/197/176 182/203/182 180/201/180 
f 183/204/183 166/187/166 170/191/170 
f 184/205/184 170/191/170 171/192/171 
f 184/205/184 172/193/172 185/206/185 
f 186/207/186 175/196/175 183/204/183 
f 177/198/177 187/208/187 182/203/182 
f 188/209/188 185/206/185 189/210/189 
f 188/209/188 183/204/183 184/205/184 
f 186/207/186 190/211/190 187/208/187 
f 188/209/188 191/212/191 190/211/190 
f 192/213/192 137/167/137 153/169/153 
f 193/214/193 153/169/153 154/171/154 
f 194/215/194 154/171/154 155/173/155 
f 195/216/195 169/217/169 192/213/192 
f 196/218/196 192/213/192 193/214/193 
f 196/218/196 194/215/194 197/219/197 
f 198/220/198 155/173/155 159/178/159 
f 199/221/199 159/178/159 160/180/160 
f 199/221/199 161/182/161 200/222/200 
f 201/223/201 194/215/194 198/220/198 
f 202/224/202 198/220/198 199/221/199 
f 202/224/202 200/222/200 203/225/203 
f 204/226/204 172/227/172 195/216/195 
f 205/228/205 195/216/195 196/218/196 
f 206/229/206 196/218/196 197/219/197 
f 207/230/207 185/231/185 204/226/204 
f 189/232/189 208/233/208 191/234/191 
f 209/235/209 206/229/206 210/236/210 
f 209/235/209 204/226/204 205/228/205 
f 207/230/207 211/237/211 208/233/208 
f 209/235/209 212/238/212 211/237/211 
f 213/239/213 197/219/197 201/223/201 
f 214/240/214 201/223/201 202/224/202 
f 214/240/214 203/225/203 215/241/215 
f 216/242/216 206/229/206 213/239/213 
f 210/236/210 217/243/217 212/238/212 
f 218/244/218 215/241/215 219/245/219 
f 218/244/218 213/239/213 214/240/214 
f 216/242/216 220/246/220 217/243/217 
f 218/244/218 221/247/221 220/246/220 
f 222/248/222 223/249/223 224/250/224 
f 225/251/225 226/252/226 227/253/227 
f 139/158/139 119/113/119 228/254/228 
f 119/113/119 225/255/225 228/254/228 
f 119/113/119 229/256/229 225/255/225 
f 228/257/228 140/145/140 139/144/139 
f 228/257/228 227/253/227 230/258/230 
f 229/256/229 119/113/119 231/259/231 
f 119/113/119 222/260/222 231/259/231 
f 119/113/119 232/261/232 222/260/222 
f 231/262/231 226/252/226 229/263/229 
f 231/262/231 224/250/224 233/264/233 
f 140/145/140 234/265/234 158/176/158 
f 230/258/230 235/266/235 234/265/234 
f 227/253/227 236/267/236 235/266/235 
f 234/268/234 161/182/161 158/181/158 
f 237/269/237 235/270/235 238/271/238 
f 238/271/238 236/272/236 239/273/239 
f 226/252/226 240/274/240 236/267/236 
f 233/264/233 241/275/241 240/274/240 
f 224/250/224 242/276/242 241/275/241 
f 239/273/239 240/277/240 243/278/243 
f 243/278/243 241/279/241 244/280/244 
f 244/280/244 242/281/242 245/282/245 
f 246/283/246 120/118/120 122/117/122 
f 247/284/247 248/285/248 249/286/249 
f 232/261/232 119/113/119 250/287/250 
f 119/113/119 247/288/247 250/287/250 
f 119/113/119 251/289/251 247/288/247 
f 250/290/250 223/249/223 232/291/232 
f 250/290/250 249/286/249 252/292/252 
f 251/289/251 119/113/119 253/293/253 
f 119/113/119 254/294/254 253/293/253 
f 119/113/119 120/115/120 254/294/254 
f 253/295/253 248/285/248 251/296/251 
f 254/297/254 255/298/255 253/295/253 
f 223/249/223 256/299/256 242/276/242 
f 252/292/252 257/300/257 256/299/256 
f 249/286/249 258/301/258 257/300/257 
f 256/302/256 245/282/245 242/281/242 
f 259/303/259 257/304/257 260/305/260 
f 260/305/260 258/306/258 261/307/261 
f 248/285/248 262/308/262 258/301/258 
f 255/298/255 263/309/263 262/308/262 
f 246/283/246 126/125/126 263/309/263 
f 264/310/264 258/306/258 262/311/262 
f 265/312/265 262/311/262 263/313/263 
f 265/312/265 126/130/126 129/129/129 
f 266/314/266 161/182/161 237/269/237 
f 267/315/267 237/269/237 238/271/238 
f 268/316/268 238/271/238 239/273/239 
f 269/317/269 200/222/200 266/314/266 
f 270/318/270 266/314/266 267/315/267 
f 270/318/270 268/316/268 271/319/271 
f 272/320/272 239/273/239 243/278/243 
f 273/321/273 243/278/243 244/280/244 
f 274/322/274 244/280/244 245/282/245 
f 275/323/275 268/316/268 272/320/272 
f 276/324/276 272/320/272 273/321/273 
f 276/324/276 274/322/274 277/325/277 
f 278/326/278 203/225/203 269/317/269 
f 279/327/279 269/317/269 270/318/270 
f 280/328/280 270/318/270 271/319/271 
f 281/329/281 215/241/215 278/326/278 
f 219/245/219 282/330/282 221/247/221 
f 283/331/283 280/328/280 284/332/284 
f 283/331/283 278/326/278 279/327/279 
f 281/329/281 285/333/285 282/330/282 
f 283/331/283 286/334/286 285/333/285 
f 287/335/287 271/319/271 275/323/275 
f 288/336/288 275/323/275 276/324/276 
f 288/336/288 277/325/277 289/337/289 
f 290/338/290 280/328/280 287/335/287 
f 284/332/284 291/339/291 286/334/286 
f 292/340/292 289/337/289 293/341/293 
f 292/340/292 287/335/287 288/336/288 
f 290/338/290 294/342/294 291/339/291 
f 292/340/292 295/343/295 294/342/294 
f 296/344/296 245/282/245 259/303/259 
f 297/345/297 259/303/259 260/305/260 
f 298/346/298 260/305/260 261/307/261 
f 299/347/299 274/322/274 296/344/296 
f 300/348/300 296/344/296 297/345/297 
f 300/348/300 298/346/298 301/349/301 
f 302/350/302 261/307/261 264/310/264 
f 303/351/303 264/310/264 265/312/265 
f 165/186/165 265/312/265 129/129/129 
f 304/352/304 298/346/298 302/350/302 
f 305/353/305 302/350/302 303/351/303 
f 174/195/174 303/351/303 165/186/165 
f 306/354/306 277/325/277 299/347/299 
f 307/355/307 299/347/299 300/348/300 
f 308/356/308 300/348/300 301/349/301 
f 309/357/309 289/337/289 306/354/306 
f 293/341/293 310/358/310 295/343/295 
f 311/359/311 308/356/308 312/360/312 
f 311/359/311 306/354/306 307/355/307 
f 309/357/309 313/361/313 310/358/310 
f 311/359/311 314/362/314 313/361/313 
f 315/363/315 301/349/301 304/352/304 
f 316/364/316 304/352/304 305/353/305 
f 178/199/178 305/353/305 174/195/174 
f 317/365/317 308/356/308 315/363/315 
f 312/360/312 318/366/318 314/362/314 
f 179/200/179 316/364/316 178/199/178 
f 319/367/319 315/363/315 316/364/316 
f 317/365/317 320/368/320 318/366/318 
f 319/367/319 181/202/181 320/368/320 
f 321/369/321 322/370/322 323/371/323 
f 180/201/180 324/372/324 181/202/181 
f 180/201/180 325/373/325 326/374/326 
f 326/374/326 327/375/327 324/372/324 
f 326/374/326 328/376/328 329/377/329 
f 182/203/182 330/378/330 325/373/325 
f 187/208/187 331/379/331 330/378/330 
f 190/211/190 332/380/332 331/379/331 
f 325/373/325 333/381/333 328/376/328 
f 330/378/330 334/382/334 333/381/333 
f 331/379/331 335/383/335 334/382/334 
f 329/377/329 336/384/336 327/375/327 
f 329/377/329 337/385/337 338/386/338 
f 339/387/339 336/384/336 338/386/338 
f 339/387/339 337/385/337 340/388/340 
f 328/376/328 341/389/341 337/385/337 
f 333/381/333 342/390/342 341/389/341 
f 334/382/334 343/391/343 342/390/342 
f 340/388/340 341/389/341 344/392/344 
f 345/393/345 341/389/341 342/390/342 
f 345/393/345 343/391/343 346/394/346 
f 191/234/191 347/395/347 332/396/332 
f 208/233/208 348/397/348 347/395/347 
f 211/237/211 349/398/349 348/397/348 
f 332/396/332 350/399/350 335/400/335 
f 347/395/347 351/401/351 350/399/350 
f 348/397/348 352/402/352 351/401/351 
f 212/238/212 353/403/353 349/398/349 
f 217/243/217 354/404/354 353/403/353 
f 220/246/220 355/405/355 354/404/354 
f 349/398/349 356/406/356 352/402/352 
f 353/403/353 357/407/357 356/406/356 
f 354/404/354 358/408/358 357/407/357 
f 335/400/335 359/409/359 343/410/343 
f 350/399/350 360/411/360 359/409/359 
f 351/401/351 361/412/361 360/411/360 
f 346/413/346 359/409/359 362/414/362 
f 363/415/363 359/409/359 360/411/360 
f 363/415/363 361/412/361 364/416/364 
f 352/402/352 365/417/365 361/412/361 
f 356/406/356 366/418/366 365/417/365 
f 357/407/357 367/419/367 366/418/366 
f 364/416/364 365/417/365 368/420/368 
f 369/421/369 365/417/365 366/418/366 
f 369/421/369 367/419/367 370/422/370 
f 371/423/371 372/424/372 373/425/373 
f 374/426/374 375/427/375 339/387/339 
f 376/428/376 339/387/339 340/388/340 
f 374/426/374 377/429/377 378/430/378 
f 376/428/376 379/431/379 374/426/374 
f 380/432/380 340/388/340 344/392/344 
f 381/433/381 344/392/344 345/393/345 
f 382/434/382 345/393/345 346/394/346 
f 380/432/380 383/435/383 376/428/376 
f 381/433/381 384/436/384 380/432/380 
f 382/434/382 385/437/385 381/433/381 
f 386/438/386 387/439/387 388/440/388 
f 379/431/379 389/441/389 390/442/390 
f 379/431/379 391/443/391 377/429/377 
f 390/444/390 392/445/392 393/446/393 
f 390/444/390 394/447/394 391/448/391 
f 386/438/386 111/105/111 395/449/395 
f 393/446/393 395/449/395 394/447/394 
f 386/438/386 392/445/392 396/450/396 
f 397/451/397 398/452/398 399/453/399 
f 384/436/384 389/441/389 383/435/383 
f 385/437/385 400/454/400 384/436/384 
f 396/450/396 401/455/401 387/439/387 
f 392/445/392 400/456/400 402/457/402 
f 396/450/396 402/457/402 403/458/403 
f 404/459/404 399/460/399 405/461/405 
f 404/459/404 400/456/400 397/462/397 
f 403/458/403 373/425/373 401/455/401 
f 403/458/403 404/459/404 371/423/371 
f 371/423/371 405/461/405 406/463/406 
f 407/464/407 346/413/346 362/414/362 
f 408/465/408 362/414/362 363/415/363 
f 409/466/409 363/415/363 364/416/364 
f 382/467/382 410/468/410 398/469/398 
f 408/465/408 410/468/410 407/464/407 
f 409/466/409 411/470/411 408/465/408 
f 412/471/412 364/416/364 368/420/368 
f 413/472/413 368/420/368 369/421/369 
f 413/472/413 370/422/370 414/473/414 
f 412/471/412 415/474/415 409/466/409 
f 413/472/413 416/475/416 412/471/412 
f 414/473/414 417/476/417 413/472/413 
f 418/477/418 419/478/419 420/479/420 
f 421/480/421 415/474/415 422/481/422 
f 410/468/410 399/482/399 398/469/398 
f 411/470/411 423/483/423 410/468/410 
f 406/463/406 424/484/424 372/424/372 
f 405/461/405 423/485/423 425/486/425 
f 406/463/406 425/486/425 426/487/426 
f 427/488/427 422/489/422 428/490/428 
f 427/488/427 423/491/423 421/492/421 
f 426/493/426 420/479/420 424/494/424 
f 426/493/426 427/488/427 418/477/418 
f 418/477/418 428/490/428 429/495/429 
f 430/496/430 431/497/431 432/498/432 
f 416/475/416 422/481/422 415/474/415 
f 417/476/417 433/499/433 416/475/416 
f 429/495/429 434/500/434 419/478/419 
f 428/490/428 433/501/433 435/502/435 
f 429/495/429 435/502/435 436/503/436 
f 437/504/437 432/505/432 438/506/438 
f 437/504/437 433/501/433 430/507/430 
f 436/503/436 323/371/323 434/500/434 
f 436/503/436 437/504/437 321/369/321 
f 321/369/321 438/506/438 439/508/439 
f 221/247/221 440/509/440 355/405/355 
f 282/330/282 441/510/441 440/509/440 
f 285/333/285 442/511/442 441/510/441 
f 355/405/355 443/512/443 358/408/358 
f 440/509/440 444/513/444 443/512/443 
f 441/510/441 445/514/445 444/513/444 
f 286/334/286 446/515/446 442/511/442 
f 291/339/291 447/516/447 446/515/446 
f 294/342/294 448/517/448 447/516/447 
f 442/511/442 449/518/449 445/514/445 
f 446/515/446 450/519/450 449/518/449 
f 447/516/447 451/520/451 450/519/450 
f 358/408/358 452/521/452 367/419/367 
f 443/512/443 453/522/453 452/521/452 
f 444/513/444 454/523/454 453/522/453 
f 370/422/370 452/521/452 455/524/455 
f 456/525/456 452/521/452 453/522/453 
f 456/525/456 454/523/454 457/526/457 
f 445/514/445 458/527/458 454/523/454 
f 449/518/449 459/528/459 458/527/458 
f 450/519/450 460/529/460 459/528/459 
f 457/526/457 458/527/458 461/530/461 
f 462/531/462 458/527/458 459/528/459 
f 462/531/462 460/529/460 463/532/463 
f 295/343/295 464/533/464 448/517/448 
f 310/358/310 465/534/465 464/533/464 
f 313/361/313 466/535/466 465/534/465 
f 448/517/448 467/536/467 451/520/451 
f 464/533/464 468/537/468 467/536/467 
f 465/534/465 469/538/469 468/537/468 
f 314/362/314 470/539/470 466/535/466 
f 318/366/318 471/540/471 470/539/470 
f 320/368/320 324/372/324 471/540/471 
f 466/535/466 472/541/472 469/538/469 
f 470/539/470 473/542/473 472/541/472 
f 471/540/471 327/375/327 473/542/473 
f 451/520/451 474/543/474 460/529/460 
f 467/536/467 475/544/475 474/543/474 
f 468/537/468 476/545/476 475/544/475 
f 463/532/463 474/543/474 477/546/477 
f 478/547/478 474/543/474 475/544/475 
f 478/547/478 476/545/476 479/548/479 
f 469/538/469 480/549/480 476/545/476 
f 472/541/472 481/550/481 480/549/480 
f 473/542/473 336/384/336 481/550/481 
f 479/548/479 480/549/480 482/551/482 
f 483/552/483 480/549/480 481/550/481 
f 375/427/375 481/550/481 336/384/336 
f 484/553/484 485/554/485 486/555/486 
f 487/556/487 370/422/370 455/524/455 
f 488/557/488 455/524/455 456/525/456 
f 489/558/489 456/525/456 457/526/457 
f 414/473/414 490/559/490 431/497/431 
f 488/557/488 490/559/490 487/556/487 
f 489/558/489 491/560/491 488/557/488 
f 492/561/492 457/526/457 461/530/461 
f 493/562/493 461/530/461 462/531/462 
f 494/563/494 462/531/462 463/532/463 
f 492/561/492 495/564/495 489/558/489 
f 493/562/493 496/565/496 492/561/492 
f 494/563/494 497/566/497 493/562/493 
f 498/567/498 499/568/499 500/569/500 
f 501/570/501 495/564/495 502/571/502 
f 490/559/490 432/498/432 431/497/431 
f 491/560/491 503/572/503 490/559/490 
f 439/508/439 504/573/504 322/370/322 
f 438/506/438 503/574/503 505/575/505 
f 439/508/439 505/575/505 506/576/506 
f 507/577/507 502/578/502 508/579/508 
f 507/577/507 503/574/503 501/580/501 
f 506/576/506 500/569/500 504/573/504 
f 506/576/506 507/577/507 498/567/498 
f 498/567/498 508/579/508 509/581/509 
f 510/582/510 511/583/511 512/584/512 
f 496/565/496 502/571/502 495/564/495 
f 497/566/497 513/585/513 496/565/496 
f 509/581/509 514/586/514 499/568/499 
f 508/579/508 513/587/513 515/588/515 
f 509/581/509 515/588/515 516/589/516 
f 517/590/517 512/591/512 518/592/518 
f 517/590/517 513/587/513 510/593/510 
f 516/589/516 486/555/486 514/586/514 
f 516/589/516 517/590/517 484/553/484 
f 484/553/484 518/592/518 519/594/519 
f 520/595/520 463/532/463 477/546/477 
f 521/596/521 477/546/477 478/547/478 
f 522/597/522 478/547/478 479/548/479 
f 494/563/494 523/598/523 511/583/511 
f 521/596/521 523/598/523 520/595/520 
f 522/597/522 524/599/524 521/596/521 
f 525/600/525 479/548/479 482/551/482 
f 526/601/526 482/551/482 483/552/483 
f 378/430/378 483/552/483 375/427/375 
f 525/600/525 527/602/527 522/597/522 
f 526/601/526 528/603/528 525/600/525 
f 378/430/378 529/604/529 526/601/526 
f 530/605/530 531/606/531 532/607/532 
f 533/608/533 527/602/527 534/609/534 
f 523/598/523 512/584/512 511/583/511 
f 524/599/524 535/610/535 523/598/523 
f 519/594/519 536/611/536 485/554/485 
f 518/592/518 535/612/535 537/613/537 
f 519/594/519 537/613/537 538/614/538 
f 539/615/539 534/616/534 540/617/540 
f 539/615/539 535/612/535 533/618/533 
f 538/614/538 532/607/532 536/611/536 
f 538/614/538 539/615/539 530/605/530 
f 530/605/530 540/617/540 541/619/541 
f 542/620/542 377/429/377 391/443/391 
f 528/603/528 534/609/534 527/602/527 
f 529/604/529 543/621/543 528/603/528 
f 541/619/541 544/622/544 531/606/531 
f 540/617/540 543/623/543 545/624/545 
f 541/619/541 545/624/545 546/625/546 
f 547/626/547 391/448/391 394/447/394 
f 547/626/547 543/623/543 542/627/542 
f 546/625/546 112/106/112 544/622/544 
f 546/625/546 547/626/547 110/104/110 
f 110/104/110 394/447/394 395/449/395 
f 548/628/548 549/629/549 550/630/550 
f 551/631/551 552/632/552 548/628/548 
f 553/633/553 554/634/554 551/631/551 
f 555/635/555 556/636/556 553/633/553 
f 557/637/557 558/638/558 555/635/555 
f 559/639/559 560/640/560 557/637/557 
f 561/641/561 562/642/562 559/639/559 
f 563/643/563 564/644/58 561/641/561 
f 565/645/564 566/646/565 563/643/563 
f 567/647/566 568/648/567 565/645/564 
f 569/649/14 570/650/64 567/647/566 
f 550/630/550 571/651/568 569/652/14 
f 572/653/569 573/654/569 574/655/569 
f 573/654/569 575/656/569 574/655/569 
f 575/656/569 576/657/569 574/655/569 
f 576/657/569 577/658/569 574/655/569 
f 577/658/569 578/659/569 574/655/569 
f 578/659/569 579/660/569 574/655/569 
f 579/660/569 580/661/569 574/655/569 
f 580/661/569 581/662/569 574/655/569 
f 581/662/569 582/663/569 574/655/569 
f 582/663/569 583/664/569 574/655/569 
f 583/664/569 584/665/569 574/655/569 
f 584/665/569 572/653/569 574/655/569 
f 585/666/93 586/667/92 587/668/91 
f 587/668/91 588/669/90 589/670/570 
f 589/670/570 590/671/571 591/672/87 
f 591/672/87 592/673/86 593/674/85 
f 593/674/85 594/675/84 595/676/83 
f 595/676/83 596/677/82 597/678/81 
f 597/678/81 598/679/80 599/680/79 
f 599/680/79 600/681/572 601/682/101 
f 601/683/101 602/684/100 603/685/99 
f 603/685/99 604/686/98 605/687/573 
f 605/687/573 606/688/96 607/689/574 
f 607/689/574 608/690/575 585/666/93 
f 564/691/58 587/692/91 562/693/562 
f 579/660/569 608/694/575 580/661/569 
f 562/693/562 589/695/570 560/696/560 
f 578/659/569 586/697/92 579/660/569 
f 560/696/560 591/698/87 558/699/558 
f 577/658/569 588/700/90 578/659/569 
f 558/699/558 593/701/85 556/702/556 
f 576/657/569 590/703/571 577/658/569 
f 556/702/556 595/704/83 554/705/554 
f 575/656/569 592/706/86 576/657/569 
f 554/705/554 597/707/81 552/708/552 
f 573/654/569 594/709/84 575/656/569 
f 552/708/552 599/710/79 549/711/549 
f 572/653/569 596/712/82 573/654/569 
f 549/711/549 601/713/101 571/714/568 
f 584/665/569 598/715/80 572/653/569 
f 571/714/568 603/716/99 570/717/64 
f 583/664/569 600/718/572 584/665/569 
f 570/717/64 605/719/573 568/720/567 
f 582/663/569 602/721/100 583/664/569 
f 568/720/567 607/722/574 566/723/565 
f 581/662/569 604/724/98 582/663/569 
f 566/723/565 585/725/93 564/691/58 
f 580/661/569 606/726/96 581/662/569 
f 609/727/576 610/728/577 611/729/578 
f 612/730/579 613/731/580 609/727/576 
f 614/732/581 615/733/582 612/730/579 
f 616/734/583 617/735/584 614/732/581 
f 618/736/585 619/737/586 616/734/583 
f 620/738/587 621/739/588 618/740/585 
f 622/741/589 623/742/590 620/738/587 
f 624/743/591 625/744/592 622/741/589 
f 626/745/593 627/746/594 624/743/591 
f 628/747/595 629/748/596 626/745/593 
f 630/749/597 631/750/598 628/747/595 
f 632/751/599 633/752/600 630/749/597 
f 634/753/601 635/754/602 632/751/599 
f 636/755/603 637/756/604 634/753/601 
f 638/757/605 639/758/606 636/755/603 
f 640/759/607 641/760/608 638/757/605 
f 642/761/609 643/762/610 640/759/607 
f 644/763/611 645/764/612 642/761/609 
f 646/765/613 647/766/614 644/763/611 
f 648/767/615 649/768/616 646/765/613 
f 650/769/617 651/770/618 648/767/615 
f 652/771/619 653/772/620 650/769/617 
f 654/773/621 655/774/622 652/771/619 
f 611/729/578 656/775/623 654/773/621 
f 657/776/624 658/777/625 659/778/626 
f 659/778/626 660/779/627 661/780/628 
f 661/780/628 662/781/629 663/782/630 
f 663/782/630 664/783/631 665/784/632 
f 665/784/632 666/785/633 667/786/634 
f 667/787/634 668/788/635 669/789/636 
f 669/789/636 670/790/637 671/791/638 
f 671/791/638 672/792/639 673/793/640 
f 673/793/640 674/794/641 675/795/642 
f 675/795/642 676/796/643 677/797/644 
f 677/797/644 678/798/645 679/799/646 
f 679/799/646 680/800/647 681/801/648 
f 681/801/648 682/802/649 683/803/650 
f 683/803/650 684/804/651 685/805/652 
f 685/805/652 686/806/653 687/807/654 
f 687/807/654 688/808/655 689/809/656 
f 689/809/656 690/810/657 691/811/658 
f 691/811/658 692/812/659 693/813/660 
f 693/813/660 694/814/661 695/815/662 
f 695/815/662 696/816/663 697/817/664 
f 697/817/664 698/818/665 699/819/666 
f 699/819/666 700/820/667 701/821/668 
f 701/821/668 702/822/669 703/823/670 
f 703/823/670 704/824/671 657/776/624 
f 705/825/672 706/826/673 707/827/674 
f 707/827/674 708/828/675 709/829/676 
f 709/829/676 710/830/677 711/831/678 
f 711/831/678 712/832/679 713/833/680 
f 713/833/680 714/834/681 715/835/682 
f 715/836/682 716/837/683 717/838/684 
f 717/838/684 718/839/685 719/840/686 
f 719/840/686 720/841/687 721/842/688 
f 721/842/688 722/843/689 723/844/690 
f 723/844/690 724/845/691 725/846/692 
f 725/846/692 726/847/693 727/848/694 
f 727/848/694 728/849/695 729/850/696 
f 729/850/696 730/851/697 731/852/698 
f 731/852/698 732/853/699 733/854/700 
f 733/854/700 734/855/701 735/856/702 
f 735/856/702 736/857/703 737/858/704 
f 737/858/704 738/859/705 739/860/706 
f 739/860/706 740/861/707 741/862/708 
f 741/862/708 742/863/709 743/864/710 
f 743/864/710 744/865/711 745/866/712 
f 745/866/712 746/867/713 747/868/714 
f 747/868/714 748/869/715 749/870/716 
f 749/870/716 750/871/717 751/872/718 
f 751/872/718 752/873/719 705/825/672 
f 674/794/641 725/846/692 676/796/643 
f 676/796/643 727/848/694 678/798/645 
f 678/798/645 729/850/696 680/800/647 
f 680/800/647 731/852/698 682/802/649 
f 682/802/649 733/854/700 684/804/651 
f 684/804/651 735/856/702 686/806/653 
f 686/806/653 737/858/704 688/808/655 
f 688/808/655 739/860/706 690/810/657 
f 690/810/657 741/862/708 692/812/659 
f 692/812/659 743/864/710 694/814/661 
f 694/814/661 745/866/712 696/816/663 
f 696/816/663 747/868/714 698/818/665 
f 698/818/665 749/870/716 700/820/667 
f 700/820/667 751/872/718 702/822/669 
f 702/822/669 705/825/672 704/824/671 
f 704/824/671 707/827/674 658/777/625 
f 658/777/625 709/829/676 660/779/627 
f 660/779/627 711/831/678 662/781/629 
f 662/781/629 713/833/680 664/783/631 
f 664/783/631 715/835/682 666/785/633 
f 666/874/633 717/838/684 668/788/635 
f 668/788/635 719/840/686 670/790/637 
f 670/790/637 721/842/688 672/792/639 
f 672/792/639 723/844/690 674/794/641 
f 610/728/577 679/799/646 656/775/623 
f 656/775/623 681/801/648 655/774/622 
f 655/774/622 683/803/650 653/772/620 
f 653/772/620 685/805/652 651/770/618 
f 651/770/618 687/807/654 649/768/616 
f 649/768/616 689/809/656 647/766/614 
f 647/766/614 691/811/658 645/764/612 
f 645/764/612 693/813/660 643/762/610 
f 643/762/610 695/815/662 641/760/608 
f 641/760/608 697/817/664 639/758/606 
f 639/758/606 699/819/666 637/756/604 
f 637/756/604 701/821/668 635/754/602 
f 635/754/602 703/823/670 633/752/600 
f 633/752/600 657/776/624 631/750/598 
f 631/750/598 659/778/626 629/748/596 
f 629/748/596 661/780/628 627/746/594 
f 627/746/594 663/782/630 625/744/592 
f 625/744/592 665/784/632 623/742/590 
f 623/742/590 667/786/634 621/739/588 
f 621/875/588 669/789/636 619/737/586 
f 619/737/586 671/791/638 617/735/584 
f 617/735/584 673/793/640 615/733/582 
f 615/733/582 675/795/642 613/731/580 
f 613/731/580 677/797/644 610/728/577 
f 753/876/720 754/877/721 755/878/722 
f 756/879/723 757/880/724 754/877/721 
f 758/881/725 759/882/726 757/880/724 
f 760/883/727 761/884/728 759/882/726 
f 762/885/729 763/886/730 761/884/728 
f 764/887/731 765/888/732 763/889/730 
f 766/890/733 767/891/734 765/888/732 
f 768/892/735 769/893/736 767/891/734 
f 770/894/737 771/895/738 769/893/736 
f 772/896/739 773/897/740 771/895/738 
f 774/898/741 775/899/742 773/897/740 
f 776/900/743 777/901/744 775/899/742 
f 778/902/745 779/903/746 777/901/744 
f 780/904/747 781/905/748 779/903/746 
f 782/906/749 783/907/750 781/905/748 
f 784/908/751 785/909/752 783/907/750 
f 786/910/753 787/911/754 785/909/752 
f 788/912/755 789/913/756 787/911/754 
f 790/914/757 791/915/758 789/913/756 
f 792/916/759 793/917/760 791/915/758 
f 794/918/761 795/919/762 793/917/760 
f 796/920/763 797/921/764 795/919/762 
f 798/922/765 799/923/766 797/921/764 
f 800/924/767 755/878/722 799/923/766 
f 801/925/768 802/926/769 803/927/770 
f 804/928/771 803/927/770 805/929/772 
f 806/930/773 805/929/772 807/931/774 
f 808/932/775 807/931/774 809/933/776 
f 810/934/777 809/933/776 811/935/778 
f 812/936/779 811/937/778 813/938/780 
f 814/939/781 813/938/780 815/940/782 
f 816/941/783 815/940/782 817/942/784 
f 818/943/785 817/942/784 819/944/786 
f 820/945/787 819/944/786 821/946/788 
f 822/947/789 821/946/788 823/948/790 
f 824/949/791 823/948/790 825/950/792 
f 826/951/793 825/950/792 827/952/794 
f 828/953/795 827/952/794 829/954/796 
f 830/955/797 829/954/796 831/956/798 
f 832/957/799 831/956/798 833/958/800 
f 834/959/801 833/958/800 835/960/802 
f 836/961/803 835/960/802 837/962/804 
f 838/963/805 837/962/804 839/964/806 
f 840/965/807 839/964/806 841/966/808 
f 842/967/809 841/966/808 843/968/810 
f 844/969/811 843/968/810 845/970/812 
f 846/971/813 845/970/812 847/972/814 
f 848/973/815 847/972/814 802/926/769 
f 849/974/816 850/975/817 851/976/818 
f 852/977/819 851/976/818 853/978/820 
f 854/979/821 853/978/820 855/980/822 
f 856/981/823 855/980/822 857/982/824 
f 858/983/825 857/982/824 859/984/826 
f 860/985/827 859/986/826 861/987/828 
f 862/988/829 861/987/828 863/989/830 
f 864/990/831 863/989/830 865/991/832 
f 866/992/833 865/991/832 867/993/834 
f 868/994/835 867/993/834 869/995/836 
f 870/996/837 869/995/836 871/997/838 
f 872/998/839 871/997/838 873/999/840 
f 874/1000/841 873/999/840 875/1001/842 
f 876/1002/843 875/1001/842 877/1003/844 
f 878/1004/845 877/1003/844 879/1005/846 
f 880/1006/847 879/1005/846 881/1007/848 
f 882/1008/849 881/1007/848 883/1009/850 
f 884/1010/851 883/1009/850 885/1011/852 
f 886/1012/853 885/1011/852 887/1013/854 
f 888/1014/855 887/1013/854 889/1015/856 
f 890/1016/857 889/1015/856 891/1017/858 
f 892/1018/859 891/1017/858 893/1019/860 
f 894/1020/861 893/1019/860 895/1021/862 
f 896/1022/863 895/1021/862 850/975/817 
f 869/995/836 818/943/785 820/945/787 
f 871/997/838 820/945/787 822/947/789 
f 873/999/840 822/947/789 824/949/791 
f 875/1001/842 824/949/791 826/951/793 
f 877/1003/844 826/951/793 828/953/795 
f 879/1005/846 828/953/795 830/955/797 
f 881/1007/848 830/955/797 832/957/799 
f 883/1009/850 832/957/799 834/959/801 
f 885/1011/852 834/959/801 836/961/803 
f 887/1013/854 836/961/803 838/963/805 
f 889/1015/856 838/963/805 840/965/807 
f 891/1017/858 840/965/807 842/967/809 
f 893/1019/860 842/967/809 844/969/811 
f 895/1021/862 844/969/811 846/971/813 
f 850/975/817 846/971/813 848/973/815 
f 851/976/818 848/973/815 801/925/768 
f 853/978/820 801/925/768 804/928/771 
f 855/980/822 804/928/771 806/930/773 
f 857/982/824 806/930/773 808/932/775 
f 859/984/826 808/932/775 810/934/777 
f 861/987/828 810/1023/777 812/936/779 
f 863/989/830 812/936/779 814/939/781 
f 865/991/832 814/939/781 816/941/783 
f 867/993/834 816/941/783 818/943/785 
f 823/948/790 753/876/720 800/924/767 
f 825/950/792 800/924/767 798/922/765 
f 827/952/794 798/922/765 796/920/763 
f 829/954/796 796/920/763 794/918/761 
f 831/956/798 794/918/761 792/916/759 
f 833/958/800 792/916/759 790/914/757 
f 835/960/802 790/914/757 788/912/755 
f 837/962/804 788/912/755 786/910/753 
f 839/964/806 786/910/753 784/908/751 
f 841/966/808 784/908/751 782/906/749 
f 843/968/810 782/906/749 780/904/747 
f 845/970/812 780/904/747 778/902/745 
f 847/972/814 778/902/745 776/900/743 
f 802/926/769 776/900/743 774/898/741 
f 803/927/770 774/898/741 772/896/739 
f 805/929/772 772/896/739 770/894/737 
f 807/931/774 770/894/737 768/892/735 
f 809/933/776 768/892/735 766/890/733 
f 811/935/778 766/890/733 764/887/731 
f 813/938/780 764/1024/731 762/885/729 
f 815/940/782 762/885/729 760/883/727 
f 817/942/784 760/883/727 758/881/725 
f 819/944/786 758/881/725 756/879/723 
f 821/946/788 756/879/723 753/876/720 
f 754/1025/721 611/1026/578 755/1027/722 
f 757/1028/724 609/1029/576 754/1025/721 
f 759/1030/726 612/1031/579 757/1028/724 
f 761/1032/728 614/1033/581 759/1030/726 
f 763/1034/730 616/1035/583 761/1032/728 
f 765/1036/732 618/1037/585 763/1038/730 
f 767/1039/734 620/1040/587 765/1036/732 
f 769/1041/736 622/1042/589 767/1039/734 
f 771/1043/738 624/1044/591 769/1041/736 
f 773/1045/740 626/1046/593 771/1043/738 
f 775/1047/742 628/1048/595 773/1045/740 
f 777/1049/744 630/1050/597 775/1047/742 
f 779/1051/746 632/1052/599 777/1049/744 
f 781/1053/748 634/1054/601 779/1051/746 
f 783/1055/750 636/1056/603 781/1053/748 
f 785/1057/752 638/1058/605 783/1055/750 
f 787/1059/754 640/1060/607 785/1057/752 
f 789/1061/756 642/1062/609 787/1059/754 
f 791/1063/758 644/1064/611 789/1061/756 
f 793/1065/760 646/1066/613 791/1063/758 
f 795/1067/762 648/1068/615 793/1065/760 
f 797/1069/764 650/1070/617 795/1067/762 
f 799/1071/766 652/1072/619 797/1069/764 
f 755/1027/722 654/1073/621 799/1071/766 
f 849/1074/816 752/1075/719 896/1076/863 
f 852/1077/819 706/1078/673 849/1074/816 
f 854/1079/821 708/1080/675 852/1077/819 
f 856/1081/823 710/1082/677 854/1079/821 
f 858/1083/825 712/1084/679 856/1081/823 
f 860/1085/827 714/1086/681 858/1087/825 
f 862/1088/829 716/1089/683 860/1085/827 
f 864/1090/831 718/1091/685 862/1088/829 
f 866/1092/833 720/1093/687 864/1090/831 
f 868/1094/835 722/1095/689 866/1092/833 
f 870/1096/837 724/1097/691 868/1094/835 
f 872/1098/839 726/1099/693 870/1096/837 
f 874/1100/841 728/1101/695 872/1098/839 
f 876/1102/843 730/1103/697 874/1100/841 
f 878/1104/845 732/1105/699 876/1102/843 
f 880/1106/847 734/1107/701 878/1104/845 
f 882/1108/849 736/1109/703 880/1106/847 
f 884/1110/851 738/1111/705 882/1108/849 
f 886/1112/853 740/1113/707 884/1110/851 
f 888/1114/855 742/1115/709 886/1112/853 
f 890/1116/857 744/1117/711 888/1114/855 
f 892/1118/859 746/1119/713 890/1116/857 
f 894/1120/861 748/1121/715 892/1118/859 
f 896/1076/863 750/1122/717 894/1120/861 
f 897/1123/864 898/1124/865 899/1125/866 
f 900/1126/867 901/1127/868 897/1123/864 
f 900/1128/867 902/1129/869 903/1130/870 
f 904/1131/871 902/1129/869 905/1132/872 
f 903/1130/870 906/1133/873 907/1134/874 
f 902/1129/869 908/1135/875 906/1133/873 
f 906/1133/873 909/1136/876 910/1137/877 
f 907/1134/874 910/1137/877 911/1138/878 
f 901/1127/868 912/1139/879 898/1124/865 
f 903/1140/870 913/1141/880 901/1127/868 
f 907/1142/874 914/1143/881 913/1141/880 
f 913/1141/880 915/1144/882 912/1139/879 
f 915/1144/882 916/1145/883 917/1146/884 
f 914/1143/881 918/1147/885 916/1145/883 
f 916/1145/883 919/1148/1 920/1149/886 
f 917/1146/884 920/1149/886 921/1150/887 
f 910/1137/877 918/1151/885 911/1138/878 
f 909/1136/876 922/1152/888 910/1137/877 
f 923/1153/889 924/1154/890 922/1152/888 
f 922/1152/888 919/1155/1 918/1151/885 
f 919/1155/1 925/1156/891 926/1157/892 
f 924/1154/890 927/1158/893 925/1156/891 
f 925/1156/891 928/1159/894 929/1160/895 
f 926/1157/892 929/1160/895 930/1161/896 
f 920/1149/886 931/1162/897 921/1150/887 
f 919/1148/1 932/1163/898 920/1149/886 
f 926/1164/892 933/1165/899 932/1163/898 
f 932/1163/898 934/1166/900 931/1162/897 
f 934/1166/900 935/1167/901 936/1168/902 
f 933/1165/899 937/1169/903 935/1167/901 
f 935/1167/901 938/1170/904 939/1171/905 
f 936/1168/902 939/1171/905 940/1172/906 
f 929/1160/895 937/1173/903 930/1161/896 
f 928/1159/894 941/1174/907 929/1160/895 
f 942/1175/908 943/1176/909 941/1174/907 
f 941/1174/907 938/1177/904 937/1173/903 
f 943/1176/909 944/1178/910 938/1177/904 
f 945/1179/911 946/1180/912 943/1176/909 
f 939/1171/905 947/1181/913 940/1172/906 
f 938/1170/904 948/1182/914 939/1171/905 
f 904/1131/871 949/1183/915 950/1184/916 
f 951/1185/917 949/1183/915 952/1186/918 
f 951/1185/917 953/1187/919 954/1188/920 
f 955/1189/921 953/1187/919 956/1190/922 
f 954/1188/920 957/1191/923 958/1192/924 
f 953/1187/919 942/1175/908 957/1191/923 
f 957/1191/923 928/1159/894 927/1158/893 
f 958/1192/924 927/1158/893 959/1193/925 
f 949/1183/915 908/1135/875 950/1184/916 
f 954/1188/920 960/1194/926 949/1183/915 
f 958/1192/924 923/1153/889 960/1194/926 
f 960/1194/926 909/1136/876 908/1135/875 
f 947/1181/913 961/1195/927 940/1172/906 
f 962/1196/928 961/1195/927 963/1197/929 
f 962/1196/928 964/1198/930 965/1199/931 
f 899/1125/866 964/1198/930 966/1200/932 
f 965/1199/931 967/1201/933 968/1202/934 
f 964/1198/930 912/1139/879 967/1201/933 
f 967/1201/933 915/1144/882 917/1146/884 
f 968/1202/934 917/1146/884 921/1150/887 
f 961/1195/927 936/1168/902 940/1172/906 
f 965/1199/931 969/1203/935 961/1195/927 
f 968/1202/934 931/1162/897 969/1203/935 
f 969/1203/935 934/1166/900 936/1168/902 
f 948/1182/914 970/1204/936 947/1181/913 
f 944/1205/910 971/1206/937 948/1182/914 
f 944/1178/910 972/1207/938 973/1208/939 
f 946/1180/912 974/1209/940 972/1207/938 
f 973/1208/939 975/1210/941 976/1211/942 
f 972/1207/938 977/1212/943 975/1210/941 
f 971/1206/937 978/1213/944 970/1204/936 
f 973/1214/939 979/1215/945 971/1206/937 
f 974/1209/940 956/1190/922 980/1216/946 
f 951/1185/917 980/1216/946 956/1190/922 
f 951/1185/917 981/1217/947 982/1218/948 
f 952/1186/918 983/1219/949 981/1217/947 
f 982/1218/948 984/1220/950 985/1221/951 
f 981/1217/947 986/1222/952 984/1220/950 
f 977/1212/943 980/1216/946 987/1223/953 
f 982/1218/948 987/1223/953 980/1216/946 
f 983/1219/949 905/1132/872 988/1224/954 
f 900/1128/867 988/1224/954 905/1132/872 
f 900/1126/867 989/1225/955 990/1226/956 
f 897/1123/864 991/1227/957 989/1225/955 
f 990/1226/956 992/1228/958 993/1229/959 
f 989/1225/955 994/1230/960 992/1228/958 
f 986/1222/952 988/1224/954 995/1231/961 
f 990/1232/956 995/1231/961 988/1224/954 
f 991/1227/957 966/1200/932 996/1233/962 
f 962/1196/928 996/1233/962 966/1200/932 
f 962/1196/928 997/1234/963 998/1235/964 
f 963/1197/929 970/1204/936 997/1234/963 
f 998/1235/964 999/1236/965 1000/1237/966 
f 997/1234/963 978/1213/944 999/1236/965 
f 994/1230/960 996/1233/962 1001/1238/967 
f 998/1235/964 1001/1238/967 996/1233/962 
f 1002/1239/968 1003/1240/969 1004/1241/970 
f 1005/1242/971 1006/1243/972 1002/1239/968 
f 1005/1244/971 1007/1245/973 1008/1246/974 
f 1009/1247/975 1010/1248/976 1007/1245/973 
f 1007/1245/973 1011/1249/977 1008/1246/974 
f 1010/1248/976 1012/1250/978 1007/1245/973 
f 1006/1243/972 1013/1251/979 1003/1240/969 
f 1008/1252/974 1014/1253/980 1006/1243/972 
f 1010/1248/976 1015/1254/981 1016/1255/982 
f 1017/1256/983 1016/1255/982 1015/1254/981 
f 1017/1256/983 1018/1257/984 1019/1258/985 
f 1020/1259/986 1021/1260/987 1018/1257/984 
f 1018/1257/984 1022/1261/988 1019/1258/985 
f 1021/1260/987 1023/1262/989 1018/1257/984 
f 1010/1248/976 1024/1263/990 1025/1264/991 
f 1019/1258/985 1024/1263/990 1016/1255/982 
f 1021/1260/987 1026/1265/992 1027/1266/993 
f 1028/1267/994 1027/1266/993 1026/1265/992 
f 1028/1268/994 1029/1269/995 1030/1270/996 
f 1031/1271/997 1032/1272/998 1029/1269/995 
f 1029/1269/995 1033/1273/999 1030/1270/996 
f 1032/1272/998 1034/1274/1000 1029/1269/995 
f 1021/1260/987 1035/1275/1001 1036/1276/1002 
f 1030/1277/996 1035/1275/1001 1027/1266/993 
f 1032/1272/998 1037/1278/1003 1038/1279/1004 
f 1039/1280/1005 1038/1279/1004 1037/1278/1003 
f 1039/1280/1005 1040/1281/1006 1041/1282/1007 
f 1042/1283/1008 1003/1240/969 1040/1281/1006 
f 1040/1281/1006 1043/1284/1009 1041/1282/1007 
f 1003/1240/969 1044/1285/1010 1040/1281/1006 
f 1032/1272/998 1045/1286/1011 1046/1287/1012 
f 1041/1282/1007 1045/1286/1011 1038/1279/1004 
f 979/1215/945 1004/1241/970 978/1213/944 
f 976/1288/942 1002/1239/968 979/1215/945 
f 976/1211/942 1009/1247/975 1005/1244/971 
f 975/1210/941 1047/1289/1013 1009/1247/975 
f 1001/1238/967 1048/1290/1014 994/1230/960 
f 1000/1237/966 1037/1278/1003 1001/1238/967 
f 1000/1237/966 1042/1283/1008 1039/1280/1005 
f 999/1236/965 1004/1241/970 1042/1283/1008 
f 995/1231/961 1049/1291/1015 986/1222/952 
f 993/1292/959 1026/1265/992 995/1231/961 
f 993/1229/959 1031/1271/997 1028/1268/994 
f 992/1228/958 1048/1290/1014 1031/1271/997 
f 1047/1289/1013 987/1223/953 1015/1254/981 
f 985/1221/951 1015/1254/981 987/1223/953 
f 985/1221/951 1020/1259/986 1017/1256/983 
f 984/1220/950 1049/1291/1015 1020/1259/986 
f 18/15/18 21/15/21 1050/15/1016 
f 21/15/21 23/15/23 1050/15/1016 
f 23/15/23 25/15/25 1050/15/1016 
f 25/15/25 27/15/27 1050/15/1016 
f 27/15/27 29/15/29 1050/15/1016 
f 29/15/29 31/15/31 1050/15/1016 
f 31/15/31 32/15/32 1050/15/1016 
f 32/15/32 18/15/18 1050/15/1016 
f 5/5/5 19/15/19 2/2/2 
f 7/5/7 17/15/17 5/5/5 
f 9/8/9 20/15/20 7/5/7 
f 11/10/11 22/15/22 9/8/9 
f 13/12/13 24/15/24 11/10/11 
f 15/14/15 26/15/26 13/12/13 
f 16/14/16 28/15/28 15/14/15 
f 2/2/2 30/15/30 16/14/16 
f 77/1293/77 80/1294/80 55/1295/55 
f 55/1295/55 82/1296/82 57/1297/57 
f 57/1297/57 84/1298/84 59/1299/59 
f 59/1299/59 86/1300/86 61/1301/61 
f 61/1301/61 88/1302/88 63/1303/63 
f 63/1303/63 90/1304/90 65/1305/65 
f 65/1305/65 92/1306/92 67/1307/67 
f 67/1307/67 94/1308/94 69/1309/69 
f 69/1309/69 96/1310/96 71/1311/71 
f 71/1311/71 98/1312/98 73/1313/73 
f 73/1313/73 100/1314/100 75/1315/75 
f 75/1315/75 78/1316/78 77/1293/77 
f 101/1317/101 56/42/56 79/1318/79 
f 79/1318/79 58/44/58 81/1319/81 
f 81/1319/81 60/46/60 83/1320/83 
f 83/1321/83 62/49/62 85/1322/85 
f 85/1322/85 64/51/64 87/1323/87 
f 87/1323/87 66/53/66 89/1324/89 
f 89/1324/89 68/55/68 91/1325/91 
f 91/1325/91 70/57/70 93/1326/93 
f 93/1326/93 72/59/72 95/1327/95 
f 95/1327/95 74/61/74 97/1328/97 
f 97/1328/97 76/63/76 99/1329/99 
f 99/1329/99 54/40/54 101/1317/101 
f 1051/1330/1017 1052/1331/1018 1053/1332/1019 
f 1054/1333/1020 1055/1334/1021 1052/1331/1018 
f 1056/1335/1022 1057/1336/1023 1054/1333/1020 
f 1058/1337/1024 1054/1333/1020 1051/1330/1017 
f 1059/1338/1025 1060/1339/1026 1057/1336/1023 
f 1057/1336/1023 1061/1340/1027 1055/1334/1021 
f 1060/1339/1026 1062/1341/1028 1061/1340/1027 
f 1063/1342/1029 1064/1343/1030 1060/1339/1026 
f 1065/1344/1031 1063/1342/1029 1059/1338/1025 
f 1066/1345/1032 1067/1346/1033 1063/1342/1029 
f 1068/1347/1034 1069/1348/1035 1066/1345/1032 
f 1070/1349/1036 1066/1345/1032 1065/1344/1031 
f 1071/1350/1037 1072/1351/1038 1073/1352/1039 
f 1074/1353/1040 1075/1354/1041 1072/1351/1038 
f 1076/1355/1042 1077/1356/1043 1074/1353/1040 
f 1078/1357/1044 1074/1353/1040 1071/1350/1037 
f 1079/1358/1045 1076/1355/1042 1078/1357/1044 
f 1080/1359/1046 1081/1360/1047 1076/1355/1042 
f 1082/1361/1048 1083/1362/1049 1080/1359/1046 
f 1084/1363/1050 1080/1359/1046 1079/1358/1045 
f 1085/1364/1051 1082/1361/1048 1084/1363/1050 
f 1086/1365/1052 1087/1366/1053 1082/1361/1048 
f 1088/1367/1054 1089/1368/1055 1086/1365/1052 
f 1090/1369/1056 1086/1365/1052 1085/1364/1051 
f 1090/1369/1056 1091/1370/1057 1088/1367/1054 
f 1088/1367/1054 1092/1371/1058 1093/1372/1059 
f 1091/1370/1057 1094/1373/1060 1092/1371/1058 
f 1095/1374/1061 1096/1375/1062 1091/1370/1057 
f 1051/1330/1017 1097/1376/1063 1098/1377/1064 
f 1099/1378/1065 1051/1330/1017 1098/1377/1064 
f 1070/1349/1036 1100/1379/1066 1068/1347/1034 
f 1068/1347/1034 1101/1380/1067 1102/1381/1068 
f 1100/1379/1066 1075/1354/1041 1101/1380/1067 
f 1103/1382/1069 1072/1351/1038 1100/1379/1066 
f 1104/1383/1070 1105/1384/1071 1106/1385/1072 
f 1107/1386/1073 1108/1387/1074 1105/1384/1071 
f 1109/1388/1075 1110/1389/1076 1107/1386/1073 
f 1111/1390/1077 1107/1386/1073 1104/1383/1070 
f 1112/1391/1078 1113/1392/1079 1114/1393/1080 
f 1114/1393/1080 1115/1394/1081 1116/1395/1082 
f 1113/1392/1079 1117/1396/1083 1115/1394/1081 
f 1109/1388/1075 1118/1397/1084 1113/1392/1079 
f 1114/1393/1080 1119/1398/1085 1112/1391/1078 
f 1120/1399/1086 1121/1400/1087 1119/1398/1085 
f 1122/1401/1088 1123/1402/1089 1120/1399/1086 
f 1116/1395/1082 1120/1399/1086 1114/1393/1080 
f 1124/1403/1090 1125/1404/1091 1126/1405/1092 
f 1127/1406/1093 1128/1407/1094 1125/1404/1091 
f 1129/1408/1095 1130/1409/1096 1127/1406/1093 
f 1131/1410/1097 1127/1406/1093 1124/1403/1090 
f 1130/1409/1096 1132/1411/1098 1128/1407/1094 
f 1133/1412/1099 1134/1413/1100 1132/1411/1098 
f 1135/1414/1101 1136/1415/1102 1133/1412/1099 
f 1137/1416/1103 1133/1412/1099 1130/1409/1096 
f 1136/1415/1102 1138/1417/1104 1134/1413/1100 
f 1139/1418/1105 1140/1419/1106 1138/1417/1104 
f 1141/1420/1107 1142/1421/1108 1139/1418/1105 
f 1143/1422/1109 1139/1418/1105 1136/1415/1102 
f 1140/1419/1106 1144/1423/1110 1145/1424/1111 
f 1145/1424/1111 1146/1425/1112 1147/1426/1113 
f 1144/1423/1110 1148/1427/1114 1146/1425/1112 
f 1142/1421/1108 1149/1428/1115 1144/1423/1110 
f 1106/1385/1072 1150/1429/1116 1151/1430/1117 
f 1105/1384/1071 1152/1431/1118 1150/1429/1116 
f 1121/1400/1087 1153/1432/1119 1154/1433/1120 
f 1154/1433/1120 1124/1403/1090 1126/1405/1092 
f 1153/1432/1119 1131/1410/1097 1124/1403/1090 
f 1123/1402/1089 1155/1434/1121 1153/1432/1119 
f 1106/1385/1072 1156/1435/1122 1104/1383/1070 
f 1104/1383/1070 1157/1436/1123 1111/1390/1077 
f 1052/1331/1018 1157/1436/1123 1156/1435/1122 
f 1053/1332/1019 1156/1435/1122 1158/1437/1124 
f 1112/1391/1078 1159/1438/1125 1110/1389/1076 
f 1110/1389/1076 1160/1439/1126 1108/1387/1074 
f 1056/1335/1022 1160/1440/1126 1159/1441/1125 
f 1059/1338/1025 1159/1441/1125 1161/1442/1127 
f 1111/1390/1077 1162/1443/1128 1118/1397/1084 
f 1162/1443/1128 1117/1396/1083 1118/1397/1084 
f 1162/1443/1128 1062/1341/1028 1163/1444/1129 
f 1055/1334/1021 1162/1443/1128 1157/1436/1123 
f 1117/1396/1083 1164/1445/1130 1115/1394/1081 
f 1164/1445/1130 1116/1395/1082 1115/1394/1081 
f 1164/1445/1130 1067/1346/1033 1165/1446/1131 
f 1062/1341/1028 1164/1445/1130 1163/1444/1129 
f 1165/1446/1131 1122/1401/1088 1116/1395/1082 
f 1166/1447/1132 1167/1448/1133 1122/1401/1088 
f 1102/1381/1068 1166/1447/1132 1069/1348/1035 
f 1165/1446/1131 1069/1348/1035 1166/1447/1132 
f 1168/1449/1134 1112/1391/1078 1119/1398/1085 
f 1168/1450/1134 1059/1338/1025 1161/1442/1127 
f 1169/1451/1135 1065/1344/1031 1168/1450/1134 
f 1170/1452/1136 1129/1408/1095 1131/1410/1097 
f 1171/1453/1137 1137/1416/1103 1129/1408/1095 
f 1171/1453/1137 1081/1360/1047 1172/1454/1138 
f 1170/1452/1136 1077/1356/1043 1171/1453/1137 
f 1173/1455/1139 1125/1404/1091 1128/1407/1094 
f 1174/1456/1140 1126/1405/1092 1125/1404/1091 
f 1174/1457/1140 1073/1352/1039 1175/1458/1141 
f 1173/1459/1139 1071/1350/1037 1174/1457/1140 
f 1172/1454/1138 1135/1414/1101 1137/1416/1103 
f 1176/1460/1142 1143/1422/1109 1135/1414/1101 
f 1083/1362/1049 1177/1461/1143 1176/1460/1142 
f 1172/1454/1138 1083/1362/1049 1176/1460/1142 
f 1178/1462/1144 1132/1411/1098 1134/1413/1100 
f 1179/1463/1145 1128/1407/1094 1132/1411/1098 
f 1179/1464/1145 1078/1357/1044 1173/1459/1139 
f 1084/1363/1050 1179/1464/1145 1178/1465/1144 
f 1177/1461/1143 1141/1420/1107 1143/1422/1109 
f 1180/1466/1146 1181/1467/1147 1141/1420/1107 
f 1180/1466/1146 1093/1372/1059 1182/1468/1148 
f 1087/1366/1053 1180/1466/1146 1177/1461/1143 
f 1183/1469/1149 1138/1417/1104 1140/1419/1106 
f 1184/1470/1150 1134/1413/1100 1138/1417/1104 
f 1085/1364/1051 1178/1465/1144 1184/1471/1150 
f 1183/1472/1149 1085/1364/1051 1184/1471/1150 
f 1181/1467/1147 1185/1473/1151 1149/1428/1115 
f 1149/1428/1115 1186/1474/1 1148/1427/1114 
f 1092/1371/1058 1186/1474/1 1185/1473/1151 
f 1093/1372/1059 1185/1473/1151 1182/1468/1148 
f 1147/1426/1113 1187/1475/1152 1145/1424/1111 
f 1145/1424/1111 1183/1469/1149 1140/1419/1106 
f 1095/1374/1061 1183/1472/1149 1187/1476/1152 
f 1188/1477/1153 1187/1476/1152 1189/1478/1154 
f 1158/1437/1124 1151/1430/1117 1190/1479/1155 
f 1097/1376/1063 1158/1437/1124 1190/1479/1155 
f 1191/1480/1156 1108/1387/1074 1160/1439/1126 
f 1058/1337/1024 1191/1481/1156 1160/1440/1126 
f 1167/1448/1133 1192/1482/1157 1155/1434/1121 
f 1192/1482/1157 1131/1410/1097 1155/1434/1121 
f 1101/1380/1067 1170/1452/1136 1192/1482/1157 
f 1102/1381/1068 1192/1482/1157 1193/1483/1158 
f 1126/1405/1092 1194/1484/1159 1154/1433/1120 
f 1154/1433/1120 1169/1485/1135 1121/1400/1087 
f 1103/1382/1069 1169/1451/1135 1194/1486/1159 
f 1073/1352/1039 1194/1486/1159 1175/1458/1141 
f 1169/1485/1135 1119/1398/1085 1121/1400/1087 
f 1195/1487/1160 1196/1488/1161 1197/1489/1162 
f 1198/1490/1163 1199/1491/1164 1195/1487/1160 
f 1200/1492/1165 1201/1493/1166 1199/1491/1164 
f 1199/1491/1164 1202/1494/1167 1196/1488/1161 
f 1203/1495/1168 1204/1496/1169 1205/1497/1170 
f 1200/1492/1165 1206/1498/1171 1204/1496/1169 
f 1204/1496/1169 1207/1499/1172 1208/1500/1173 
f 1205/1497/1170 1208/1500/1173 1209/1501/1174 
f 1205/1497/1170 1210/1502/1175 1203/1495/1168 
f 1209/1501/1174 1211/1503/1176 1205/1497/1170 
f 1212/1504/1177 1213/1505/1178 1211/1503/1176 
f 1214/1506/1179 1211/1503/1176 1213/1505/1178 
f 1215/1507/1180 1216/1508/1181 1217/1509/1182 
f 1218/1510/1183 1219/1511/1184 1215/1507/1180 
f 1220/1512/1185 1221/1513/1186 1219/1511/1184 
f 1219/1511/1184 1222/1514/1187 1216/1508/1181 
f 1221/1513/1186 1223/1515/1188 1222/1514/1187 
f 1224/1516/1189 1225/1517/1190 1221/1513/1186 
f 1226/1518/1191 1227/1519/1192 1225/1517/1190 
f 1225/1517/1190 1228/1520/1193 1223/1515/1188 
f 1227/1519/1192 1229/1521/1194 1228/1520/1193 
f 1230/1522/1195 1231/1523/1196 1227/1519/1192 
f 1232/1524/1197 1233/1525/1198 1231/1523/1196 
f 1231/1523/1196 1234/1526/1199 1229/1521/1194 
f 1234/1526/1199 1235/1527/1200 1236/1528/1201 
f 1233/1525/1198 1237/1529/1202 1235/1527/1200 
f 1235/1527/1200 1094/1373/1060 1096/1375/1062 
f 1236/1528/1201 1096/1375/1062 1188/1477/1153 
f 1238/1530/1203 1196/1488/1161 1239/1531/1204 
f 1196/1488/1161 1240/1532/1205 1239/1531/1204 
f 1214/1506/1179 1241/1533/1206 1242/1534/1207 
f 1213/1505/1178 1243/1535/1208 1241/1533/1206 
f 1241/1533/1206 1218/1510/1183 1215/1507/1180 
f 1242/1534/1207 1215/1507/1180 1217/1509/1182 
f 1244/1536/1209 1245/1537/1210 1246/1538/1211 
f 1247/1539/1212 1248/1540/1213 1244/1536/1209 
f 1249/1541/1214 1250/1542/1215 1248/1540/1213 
f 1248/1540/1213 1251/1543/1216 1245/1537/1210 
f 1252/1544/1217 1253/1545/1218 1250/1542/1215 
f 1254/1546/1219 1255/1547/1220 1253/1545/1218 
f 1253/1545/1218 1256/1548/1221 1257/1549/1222 
f 1250/1542/1215 1257/1549/1222 1251/1543/1216 
f 1258/1550/1223 1254/1546/1219 1252/1544/1217 
f 1259/1551/1224 1260/1552/1225 1261/1553/1226 
f 1262/1554/1227 1261/1553/1226 1263/1555/1228 
f 1259/1551/1224 1264/1556/1229 1254/1546/1219 
f 1265/1557/1230 1266/1558/1231 1267/1559/1232 
f 1268/1560/1233 1269/1561/1234 1265/1557/1230 
f 1270/1562/1235 1271/1563/1236 1269/1561/1234 
f 1269/1561/1234 1272/1564/1237 1266/1558/1231 
f 1273/1565/1238 1270/1562/1235 1268/1560/1233 
f 1274/1566/1239 1275/1567/1240 1273/1565/1238 
f 1276/1568/1241 1277/1569/1242 1275/1567/1240 
f 1275/1567/1240 1278/1570/1243 1270/1562/1235 
f 1279/1571/1244 1276/1568/1241 1274/1566/1239 
f 1280/1572/1245 1281/1573/1246 1279/1571/1244 
f 1282/1574/1247 1283/1575/1248 1281/1573/1246 
f 1281/1573/1246 1284/1576/1249 1276/1568/1241 
f 1280/1572/1245 1285/1577/1250 1282/1574/1247 
f 1286/1578/1251 1146/1425/1112 1285/1577/1250 
f 1285/1577/1250 1148/1427/1114 1287/1579/1252 
f 1282/1574/1247 1287/1579/1252 1288/1580/1253 
f 1289/1581/1254 1246/1538/1211 1290/1582/1255 
f 1291/1583/1256 1244/1536/1209 1289/1581/1254 
f 1260/1552/1225 1292/1584/1257 1261/1553/1226 
f 1293/1585/1258 1266/1558/1231 1292/1584/1257 
f 1292/1584/1257 1272/1564/1237 1294/1586/1259 
f 1261/1553/1226 1294/1586/1259 1263/1555/1228 
f 1246/1538/1211 1295/1587/1260 1296/1588/1261 
f 1245/1537/1210 1297/1589/1262 1295/1587/1260 
f 1297/1589/1262 1195/1487/1160 1295/1587/1260 
f 1295/1587/1260 1197/1489/1162 1296/1588/1261 
f 1252/1544/1217 1298/1590/1263 1299/1591/1264 
f 1249/1541/1214 1300/1592/1265 1298/1590/1263 
f 1300/1593/1265 1201/1493/1166 1298/1594/1263 
f 1298/1594/1263 1203/1495/1168 1299/1595/1264 
f 1251/1543/1216 1301/1596/1266 1297/1589/1262 
f 1256/1548/1221 1301/1596/1266 1257/1549/1222 
f 1301/1596/1266 1207/1499/1172 1206/1498/1171 
f 1301/1596/1266 1198/1490/1163 1297/1589/1262 
f 1256/1548/1221 1302/1597/1267 1303/1598/1268 
f 1264/1556/1229 1302/1597/1267 1255/1547/1220 
f 1302/1597/1267 1209/1501/1174 1208/1500/1173 
f 1302/1597/1267 1207/1499/1172 1303/1598/1268 
f 1262/1554/1227 1304/1599/1269 1264/1556/1229 
f 1305/1600/1270 1263/1555/1228 1306/1601/1271 
f 1305/1600/1270 1307/1602/1272 1212/1504/1177 
f 1304/1599/1269 1212/1504/1177 1209/1501/1174 
f 1252/1544/1217 1308/1603/1273 1258/1550/1223 
f 1308/1604/1273 1203/1495/1168 1210/1502/1175 
f 1309/1605/1274 1210/1502/1175 1214/1506/1179 
f 1271/1563/1236 1310/1606/1275 1272/1564/1237 
f 1278/1570/1243 1311/1607/1276 1271/1563/1236 
f 1311/1607/1276 1224/1516/1189 1220/1512/1185 
f 1310/1606/1275 1220/1512/1185 1218/1510/1183 
f 1265/1557/1230 1312/1608/1277 1268/1560/1233 
f 1267/1559/1232 1313/1609/1278 1265/1557/1230 
f 1313/1610/1278 1217/1509/1182 1216/1508/1181 
f 1312/1611/1277 1216/1508/1181 1222/1514/1187 
f 1277/1569/1242 1314/1612/1279 1278/1570/1243 
f 1284/1576/1249 1315/1613/1280 1277/1569/1242 
f 1316/1614/1281 1226/1518/1191 1315/1613/1280 
f 1314/1612/1279 1226/1518/1191 1224/1516/1189 
f 1273/1565/1238 1317/1615/1282 1274/1566/1239 
f 1268/1560/1233 1318/1616/1283 1273/1565/1238 
f 1318/1617/1283 1222/1514/1187 1223/1515/1188 
f 1318/1617/1283 1228/1520/1193 1317/1618/1282 
f 1283/1575/1248 1316/1614/1281 1284/1576/1249 
f 1288/1580/1253 1319/1619/1284 1283/1575/1248 
f 1319/1619/1284 1320/1620/1285 1232/1524/1197 
f 1319/1619/1284 1230/1522/1195 1316/1614/1281 
f 1279/1571/1244 1321/1621/1286 1280/1572/1245 
f 1274/1566/1239 1322/1622/1287 1279/1571/1244 
f 1317/1618/1282 1229/1521/1194 1322/1623/1287 
f 1321/1624/1286 1229/1521/1194 1234/1526/1199 
f 1288/1580/1253 1323/1625/1288 1324/1626/1289 
f 1287/1579/1252 1186/1474/1 1323/1625/1288 
f 1186/1474/1 1237/1529/1202 1323/1625/1288 
f 1323/1625/1288 1320/1620/1285 1324/1626/1289 
f 1147/1426/1113 1325/1627/1290 1189/1628/1154 
f 1286/1578/1251 1321/1621/1286 1325/1627/1290 
f 1321/1624/1286 1236/1528/1201 1325/1629/1290 
f 1325/1629/1290 1188/1477/1153 1189/1478/1154 
f 1290/1582/1255 1296/1588/1261 1326/1630/1291 
f 1296/1588/1261 1238/1530/1203 1326/1630/1291 
f 1247/1539/1212 1327/1631/1292 1300/1592/1265 
f 1327/1632/1292 1202/1494/1167 1300/1593/1265 
f 1263/1555/1228 1328/1633/1293 1306/1601/1271 
f 1272/1564/1237 1328/1633/1293 1294/1586/1259 
f 1310/1606/1275 1243/1535/1208 1328/1633/1293 
f 1328/1633/1293 1307/1602/1272 1306/1601/1271 
f 1267/1559/1232 1329/1634/1294 1330/1635/1295 
f 1293/1585/1258 1309/1636/1274 1329/1634/1294 
f 1309/1605/1274 1242/1534/1207 1329/1637/1294 
f 1329/1637/1294 1217/1509/1182 1330/1638/1295 
f 1309/1636/1274 1258/1550/1223 1308/1603/1273 
f 1/1/1 5/5/5 2/2/2 
f 4/4/4 7/5/7 5/5/5 
f 6/6/6 9/8/9 7/5/7 
f 8/7/8 11/10/11 9/8/9 
f 10/9/10 13/12/13 11/10/11 
f 12/11/12 15/14/15 13/12/13 
f 14/13/14 16/14/16 15/14/15 
f 3/3/3 2/2/2 16/14/16 
f 17/15/17 21/15/21 18/15/18 
f 20/15/20 23/15/23 21/15/21 
f 22/15/22 25/15/25 23/15/23 
f 24/15/24 27/15/27 25/15/25 
f 26/15/26 29/15/29 27/15/27 
f 28/15/28 31/15/31 29/15/29 
f 30/15/30 32/15/32 31/15/31 
f 19/15/19 18/15/18 32/15/32 
f 33/16/33 1331/1639/1296 34/17/34 
f 36/19/36 39/1640/39 37/20/37 
f 36/22/36 1331/1639/1296 33/16/33 
f 38/21/38 37/20/37 35/18/35 
f 40/24/40 1332/1641/1297 41/25/41 
f 43/27/43 46/1642/46 44/28/44 
f 43/30/43 1332/1641/1297 40/24/40 
f 45/29/45 44/28/44 42/26/42 
f 47/32/47 1333/1643/1298 48/33/48 
f 50/35/50 53/1644/53 51/36/51 
f 50/38/50 1333/1643/1298 47/32/47 
f 52/37/52 51/36/51 49/34/49 
f 54/40/54 77/64/77 55/41/55 
f 56/42/56 55/41/55 57/43/57 
f 58/44/58 57/43/57 59/45/59 
f 60/47/60 59/1645/59 61/48/61 
f 62/49/62 61/48/61 63/50/63 
f 64/51/64 63/50/63 65/52/65 
f 66/53/66 65/52/65 67/54/67 
f 68/55/68 67/54/67 69/56/69 
f 70/57/70 69/56/69 71/58/71 
f 72/59/72 71/58/71 73/60/73 
f 74/61/74 73/60/73 75/62/75 
f 76/63/76 75/62/75 77/64/77 
f 78/65/78 101/89/101 79/66/79 
f 80/67/80 79/66/79 81/68/81 
f 82/69/82 81/68/81 83/70/83 
f 84/72/84 83/1646/83 85/73/85 
f 86/74/86 85/73/85 87/75/87 
f 88/76/88 87/75/87 89/77/89 
f 90/78/90 89/77/89 91/79/91 
f 92/80/92 91/79/91 93/81/93 
f 94/82/94 93/81/93 95/83/95 
f 96/84/96 95/83/95 97/85/97 
f 98/86/98 97/85/97 99/87/99 
f 100/88/100 99/87/99 101/89/101 
f 102/90/102 105/93/105 103/91/103 
f 105/93/105 107/95/107 106/94/106 
f 107/95/107 109/1647/109 108/96/108 
f 109/97/109 102/1648/102 104/98/104 
f 109/100/109 107/95/107 105/93/105 
f 104/102/104 103/91/103 106/94/106 
f 110/104/110 395/449/395 111/105/111 
f 113/107/113 124/153/124 114/108/114 
f 116/110/116 121/122/121 117/111/117 
f 116/110/116 118/112/118 122/117/122 
f 121/122/121 123/124/123 125/123/125 
f 123/124/123 113/107/113 115/109/115 
f 118/112/118 128/127/128 126/125/126 
f 118/112/118 117/111/117 127/126/127 
f 128/128/128 130/131/130 129/129/129 
f 130/131/130 128/128/128 127/132/127 
f 117/111/117 125/123/125 132/134/132 
f 125/123/125 115/109/115 133/135/133 
f 115/109/115 114/108/114 134/136/134 
f 131/133/131 127/132/127 132/137/132 
f 135/138/135 132/137/132 133/139/133 
f 136/140/136 133/139/133 134/141/134 
f 138/143/138 148/161/148 139/144/139 
f 141/146/141 145/160/145 142/147/142 
f 144/152/144 146/1649/146 114/108/114 
f 144/154/144 141/146/141 143/148/143 
f 147/159/147 149/162/149 142/147/142 
f 148/161/148 138/143/138 149/162/149 
f 114/108/114 146/1649/146 150/163/150 
f 146/155/146 143/148/143 151/164/151 
f 143/148/143 142/147/142 152/166/152 
f 137/167/137 134/1650/134 150/168/150 
f 153/169/153 150/168/150 151/170/151 
f 154/171/154 151/170/151 152/172/152 
f 142/147/142 149/162/149 156/174/156 
f 149/162/149 138/143/138 157/175/157 
f 138/143/138 140/145/140 158/176/158 
f 155/173/155 152/172/152 156/177/156 
f 159/178/159 156/177/156 157/179/157 
f 160/180/160 157/179/157 158/181/158 
f 162/183/162 165/186/165 129/129/129 
f 163/184/163 162/183/162 130/131/130 
f 164/185/164 174/195/174 165/186/165 
f 164/185/164 162/183/162 163/184/163 
f 167/188/167 163/184/163 131/133/131 
f 168/189/168 167/188/167 135/138/135 
f 169/190/169 168/189/168 136/140/136 
f 170/191/170 166/187/166 163/184/163 
f 171/192/171 170/191/170 167/188/167 
f 171/192/171 168/189/168 169/190/169 
f 173/194/173 178/199/178 174/195/174 
f 175/196/175 173/194/173 164/185/164 
f 176/197/176 173/194/173 175/196/175 
f 176/197/176 179/200/179 178/199/178 
f 179/200/179 176/197/176 180/201/180 
f 176/197/176 177/198/177 182/203/182 
f 183/204/183 175/196/175 166/187/166 
f 184/205/184 183/204/183 170/191/170 
f 184/205/184 171/192/171 172/193/172 
f 186/207/186 177/198/177 175/196/175 
f 177/198/177 186/207/186 187/208/187 
f 188/209/188 184/205/184 185/206/185 
f 188/209/188 186/207/186 183/204/183 
f 186/207/186 188/209/188 190/211/190 
f 188/209/188 189/210/189 191/212/191 
f 192/213/192 169/217/169 137/167/137 
f 193/214/193 192/213/192 153/169/153 
f 194/215/194 193/214/193 154/171/154 
f 195/216/195 172/227/172 169/217/169 
f 196/218/196 195/216/195 192/213/192 
f 196/218/196 193/214/193 194/215/194 
f 198/220/198 194/215/194 155/173/155 
f 199/221/199 198/220/198 159/178/159 
f 199/221/199 160/180/160 161/182/161 
f 201/223/201 197/219/197 194/215/194 
f 202/224/202 201/223/201 198/220/198 
f 202/224/202 199/221/199 200/222/200 
f 204/226/204 185/231/185 172/227/172 
f 205/228/205 204/226/204 195/216/195 
f 206/229/206 205/228/205 196/218/196 
f 207/230/207 189/232/189 185/231/185 
f 189/232/189 207/230/207 208/233/208 
f 209/235/209 205/228/205 206/229/206 
f 209/235/209 207/230/207 204/226/204 
f 207/230/207 209/235/209 211/237/211 
f 209/235/209 210/236/210 212/238/212 
f 213/239/213 206/229/206 197/219/197 
f 214/240/214 213/239/213 201/223/201 
f 214/240/214 202/224/202 203/225/203 
f 216/242/216 210/236/210 206/229/206 
f 210/236/210 216/242/216 217/243/217 
f 218/244/218 214/240/214 215/241/215 
f 218/244/218 216/242/216 213/239/213 
f 216/242/216 218/244/218 220/246/220 
f 218/244/218 219/245/219 221/247/221 
f 222/248/222 232/291/232 223/249/223 
f 225/251/225 229/263/229 226/252/226 
f 228/257/228 230/258/230 140/145/140 
f 228/257/228 225/251/225 227/253/227 
f 231/262/231 233/264/233 226/252/226 
f 231/262/231 222/248/222 224/250/224 
f 140/145/140 230/258/230 234/265/234 
f 230/258/230 227/253/227 235/266/235 
f 227/253/227 226/252/226 236/267/236 
f 234/268/234 237/269/237 161/182/161 
f 237/269/237 234/268/234 235/270/235 
f 238/271/238 235/270/235 236/272/236 
f 226/252/226 233/264/233 240/274/240 
f 233/264/233 224/250/224 241/275/241 
f 224/250/224 223/249/223 242/276/242 
f 239/273/239 236/272/236 240/277/240 
f 243/278/243 240/277/240 241/279/241 
f 244/280/244 241/279/241 242/281/242 
f 246/283/246 254/297/254 120/118/120 
f 247/284/247 251/296/251 248/285/248 
f 250/290/250 252/292/252 223/249/223 
f 250/290/250 247/284/247 249/286/249 
f 253/295/253 255/298/255 248/285/248 
f 254/297/254 246/283/246 255/298/255 
f 223/249/223 252/292/252 256/299/256 
f 252/292/252 249/286/249 257/300/257 
f 249/286/249 248/285/248 258/301/258 
f 256/302/256 259/303/259 245/282/245 
f 259/303/259 256/302/256 257/304/257 
f 260/305/260 257/304/257 258/306/258 
f 248/285/248 255/298/255 262/308/262 
f 255/298/255 246/283/246 263/309/263 
f 246/283/246 122/117/122 126/125/126 
f 264/310/264 261/307/261 258/306/258 
f 265/312/265 264/310/264 262/311/262 
f 265/312/265 263/313/263 126/130/126 
f 266/314/266 200/222/200 161/182/161 
f 267/315/267 266/314/266 237/269/237 
f 268/316/268 267/315/267 238/271/238 
f 269/317/269 203/225/203 200/222/200 
f 270/318/270 269/317/269 266/314/266 
f 270/318/270 267/315/267 268/316/268 
f 272/320/272 268/316/268 239/273/239 
f 273/321/273 272/320/272 243/278/243 
f 274/322/274 273/321/273 244/280/244 
f 275/323/275 271/319/271 268/316/268 
f 276/324/276 275/323/275 272/320/272 
f 276/324/276 273/321/273 274/322/274 
f 278/326/278 215/241/215 203/225/203 
f 279/327/279 278/326/278 269/317/269 
f 280/328/280 279/327/279 270/318/270 
f 281/329/281 219/245/219 215/241/215 
f 219/245/219 281/329/281 282/330/282 
f 283/331/283 279/327/279 280/328/280 
f 283/331/283 281/329/281 278/326/278 
f 281/329/281 283/331/283 285/333/285 
f 283/331/283 284/332/284 286/334/286 
f 287/335/287 280/328/280 271/319/271 
f 288/336/288 287/335/287 275/323/275 
f 288/336/288 276/324/276 277/325/277 
f 290/338/290 284/332/284 280/328/280 
f 284/332/284 290/338/290 291/339/291 
f 292/340/292 288/336/288 289/337/289 
f 292/340/292 290/338/290 287/335/287 
f 290/338/290 292/340/292 294/342/294 
f 292/340/292 293/341/293 295/343/295 
f 296/344/296 274/322/274 245/282/245 
f 297/345/297 296/344/296 259/303/259 
f 298/346/298 297/345/297 260/305/260 
f 299/347/299 277/325/277 274/322/274 
f 300/348/300 299/347/299 296/344/296 
f 300/348/300 297/345/297 298/346/298 
f 302/350/302 298/346/298 261/307/261 
f 303/351/303 302/350/302 264/310/264 
f 165/186/165 303/351/303 265/312/265 
f 304/352/304 301/349/301 298/346/298 
f 305/353/305 304/352/304 302/350/302 
f 174/195/174 305/353/305 303/351/303 
f 306/354/306 289/337/289 277/325/277 
f 307/355/307 306/354/306 299/347/299 
f 308/356/308 307/355/307 300/348/300 
f 309/357/309 293/341/293 289/337/289 
f 293/341/293 309/357/309 310/358/310 
f 311/359/311 307/355/307 308/356/308 
f 311/359/311 309/357/309 306/354/306 
f 309/357/309 311/359/311 313/361/313 
f 311/359/311 312/360/312 314/362/314 
f 315/363/315 308/356/308 301/349/301 
f 316/364/316 315/363/315 304/352/304 
f 178/199/178 316/364/316 305/353/305 
f 317/365/317 312/360/312 308/356/308 
f 312/360/312 317/365/317 318/366/318 
f 179/200/179 319/367/319 316/364/316 
f 319/367/319 317/365/317 315/363/315 
f 317/365/317 319/367/319 320/368/320 
f 319/367/319 179/200/179 181/202/181 
f 321/369/321 439/508/439 322/370/322 
f 180/201/180 326/374/326 324/372/324 
f 180/201/180 182/203/182 325/373/325 
f 326/374/326 329/377/329 327/375/327 
f 326/374/326 325/373/325 328/376/328 
f 182/203/182 187/208/187 330/378/330 
f 187/208/187 190/211/190 331/379/331 
f 190/211/190 191/212/191 332/380/332 
f 325/373/325 330/378/330 333/381/333 
f 330/378/330 331/379/331 334/382/334 
f 331/379/331 332/380/332 335/383/335 
f 329/377/329 338/386/338 336/384/336 
f 329/377/329 328/376/328 337/385/337 
f 339/387/339 375/427/375 336/384/336 
f 339/387/339 338/386/338 337/385/337 
f 328/376/328 333/381/333 341/389/341 
f 333/381/333 334/382/334 342/390/342 
f 334/382/334 335/383/335 343/391/343 
f 340/388/340 337/385/337 341/389/341 
f 345/393/345 344/392/344 341/389/341 
f 345/393/345 342/390/342 343/391/343 
f 191/234/191 208/233/208 347/395/347 
f 208/233/208 211/237/211 348/397/348 
f 211/237/211 212/238/212 349/398/349 
f 332/396/332 347/395/347 350/399/350 
f 347/395/347 348/397/348 351/401/351 
f 348/397/348 349/398/349 352/402/352 
f 212/238/212 217/243/217 353/403/353 
f 217/243/217 220/246/220 354/404/354 
f 220/246/220 221/247/221 355/405/355 
f 349/398/349 353/403/353 356/406/356 
f 353/403/353 354/404/354 357/407/357 
f 354/404/354 355/405/355 358/408/358 
f 335/400/335 350/399/350 359/409/359 
f 350/399/350 351/401/351 360/411/360 
f 351/401/351 352/402/352 361/412/361 
f 346/413/346 343/410/343 359/409/359 
f 363/415/363 362/414/362 359/409/359 
f 363/415/363 360/411/360 361/412/361 
f 352/402/352 356/406/356 365/417/365 
f 356/406/356 357/407/357 366/418/366 
f 357/407/357 358/408/358 367/419/367 
f 364/416/364 361/412/361 365/417/365 
f 369/421/369 368/420/368 365/417/365 
f 369/421/369 366/418/366 367/419/367 
f 371/423/371 406/463/406 372/424/372 
f 374/426/374 378/430/378 375/427/375 
f 376/428/376 374/426/374 339/387/339 
f 374/426/374 379/431/379 377/429/377 
f 376/428/376 383/435/383 379/431/379 
f 380/432/380 376/428/376 340/388/340 
f 381/433/381 380/432/380 344/392/344 
f 382/434/382 381/433/381 345/393/345 
f 380/432/380 384/436/384 383/435/383 
f 381/433/381 385/437/385 384/436/384 
f 382/434/382 398/452/398 385/437/385 
f 386/438/386 396/450/396 387/439/387 
f 379/431/379 383/435/383 389/441/389 
f 379/431/379 390/442/390 391/443/391 
f 390/444/390 389/1651/389 392/445/392 
f 390/444/390 393/446/393 394/447/394 
f 386/438/386 388/440/388 111/105/111 
f 393/446/393 386/438/386 395/449/395 
f 386/438/386 393/446/393 392/445/392 
f 397/451/397 385/437/385 398/452/398 
f 384/436/384 400/454/400 389/441/389 
f 385/437/385 397/451/397 400/454/400 
f 396/450/396 403/458/403 401/455/401 
f 392/445/392 389/1651/389 400/456/400 
f 396/450/396 392/445/392 402/457/402 
f 404/459/404 397/462/397 399/460/399 
f 404/459/404 402/457/402 400/456/400 
f 403/458/403 371/423/371 373/425/373 
f 403/458/403 402/457/402 404/459/404 
f 371/423/371 404/459/404 405/461/405 
f 407/464/407 382/467/382 346/413/346 
f 408/465/408 407/464/407 362/414/362 
f 409/466/409 408/465/408 363/415/363 
f 382/467/382 407/464/407 410/468/410 
f 408/465/408 411/470/411 410/468/410 
f 409/466/409 415/474/415 411/470/411 
f 412/471/412 409/466/409 364/416/364 
f 413/472/413 412/471/412 368/420/368 
f 413/472/413 369/421/369 370/422/370 
f 412/471/412 416/475/416 415/474/415 
f 413/472/413 417/476/417 416/475/416 
f 414/473/414 431/497/431 417/476/417 
f 418/477/418 429/495/429 419/478/419 
f 421/480/421 411/470/411 415/474/415 
f 410/468/410 423/483/423 399/482/399 
f 411/470/411 421/480/421 423/483/423 
f 406/463/406 426/487/426 424/484/424 
f 405/461/405 399/460/399 423/485/423 
f 406/463/406 405/461/405 425/486/425 
f 427/488/427 421/492/421 422/489/422 
f 427/488/427 425/1652/425 423/491/423 
f 426/493/426 418/477/418 420/479/420 
f 426/493/426 425/1652/425 427/488/427 
f 418/477/418 427/488/427 428/490/428 
f 430/496/430 417/476/417 431/497/431 
f 416/475/416 433/499/433 422/481/422 
f 417/476/417 430/496/430 433/499/433 
f 429/495/429 436/503/436 434/500/434 
f 428/490/428 422/489/422 433/501/433 
f 429/495/429 428/490/428 435/502/435 
f 437/504/437 430/507/430 432/505/432 
f 437/504/437 435/502/435 433/501/433 
f 436/503/436 321/369/321 323/371/323 
f 436/503/436 435/502/435 437/504/437 
f 321/369/321 437/504/437 438/506/438 
f 221/247/221 282/330/282 440/509/440 
f 282/330/282 285/333/285 441/510/441 
f 285/333/285 286/334/286 442/511/442 
f 355/405/355 440/509/440 443/512/443 
f 440/509/440 441/510/441 444/513/444 
f 441/510/441 442/511/442 445/514/445 
f 286/334/286 291/339/291 446/515/446 
f 291/339/291 294/342/294 447/516/447 
f 294/342/294 295/343/295 448/517/448 
f 442/511/442 446/515/446 449/518/449 
f 446/515/446 447/516/447 450/519/450 
f 447/516/447 448/517/448 451/520/451 
f 358/408/358 443/512/443 452/521/452 
f 443/512/443 444/513/444 453/522/453 
f 444/513/444 445/514/445 454/523/454 
f 370/422/370 367/419/367 452/521/452 
f 456/525/456 455/524/455 452/521/452 
f 456/525/456 453/522/453 454/523/454 
f 445/514/445 449/518/449 458/527/458 
f 449/518/449 450/519/450 459/528/459 
f 450/519/450 451/520/451 460/529/460 
f 457/526/457 454/523/454 458/527/458 
f 462/531/462 461/530/461 458/527/458 
f 462/531/462 459/528/459 460/529/460 
f 295/343/295 310/358/310 464/533/464 
f 310/358/310 313/361/313 465/534/465 
f 313/361/313 314/362/314 466/535/466 
f 448/517/448 464/533/464 467/536/467 
f 464/533/464 465/534/465 468/537/468 
f 465/534/465 466/535/466 469/538/469 
f 314/362/314 318/366/318 470/539/470 
f 318/366/318 320/368/320 471/540/471 
f 320/368/320 181/202/181 324/372/324 
f 466/535/466 470/539/470 472/541/472 
f 470/539/470 471/540/471 473/542/473 
f 471/540/471 324/372/324 327/375/327 
f 451/520/451 467/536/467 474/543/474 
f 467/536/467 468/537/468 475/544/475 
f 468/537/468 469/538/469 476/545/476 
f 463/532/463 460/529/460 474/543/474 
f 478/547/478 477/546/477 474/543/474 
f 478/547/478 475/544/475 476/545/476 
f 469/538/469 472/541/472 480/549/480 
f 472/541/472 473/542/473 481/550/481 
f 473/542/473 327/375/327 336/384/336 
f 479/548/479 476/545/476 480/549/480 
f 483/552/483 482/551/482 480/549/480 
f 375/427/375 483/552/483 481/550/481 
f 484/553/484 519/594/519 485/554/485 
f 487/556/487 414/473/414 370/422/370 
f 488/557/488 487/556/487 455/524/455 
f 489/558/489 488/557/488 456/525/456 
f 414/473/414 487/556/487 490/559/490 
f 488/557/488 491/560/491 490/559/490 
f 489/558/489 495/564/495 491/560/491 
f 492/561/492 489/558/489 457/526/457 
f 493/562/493 492/561/492 461/530/461 
f 494/563/494 493/562/493 462/531/462 
f 492/561/492 496/565/496 495/564/495 
f 493/562/493 497/566/497 496/565/496 
f 494/563/494 511/583/511 497/566/497 
f 498/567/498 509/581/509 499/568/499 
f 501/570/501 491/560/491 495/564/495 
f 490/559/490 503/572/503 432/498/432 
f 491/560/491 501/570/501 503/572/503 
f 439/508/439 506/576/506 504/573/504 
f 438/506/438 432/505/432 503/574/503 
f 439/508/439 438/506/438 505/575/505 
f 507/577/507 501/580/501 502/578/502 
f 507/577/507 505/575/505 503/574/503 
f 506/576/506 498/567/498 500/569/500 
f 506/576/506 505/575/505 507/577/507 
f 498/567/498 507/577/507 508/579/508 
f 510/582/510 497/566/497 511/583/511 
f 496/565/496 513/585/513 502/571/502 
f 497/566/497 510/582/510 513/585/513 
f 509/581/509 516/589/516 514/586/514 
f 508/579/508 502/578/502 513/587/513 
f 509/581/509 508/579/508 515/588/515 
f 517/590/517 510/593/510 512/591/512 
f 517/590/517 515/588/515 513/587/513 
f 516/589/516 484/553/484 486/555/486 
f 516/589/516 515/588/515 517/590/517 
f 484/553/484 517/590/517 518/592/518 
f 520/595/520 494/563/494 463/532/463 
f 521/596/521 520/595/520 477/546/477 
f 522/597/522 521/596/521 478/547/478 
f 494/563/494 520/595/520 523/598/523 
f 521/596/521 524/599/524 523/598/523 
f 522/597/522 527/602/527 524/599/524 
f 525/600/525 522/597/522 479/548/479 
f 526/601/526 525/600/525 482/551/482 
f 378/430/378 526/601/526 483/552/483 
f 525/600/525 528/603/528 527/602/527 
f 526/601/526 529/604/529 528/603/528 
f 378/430/378 377/429/377 529/604/529 
f 530/605/530 541/619/541 531/606/531 
f 533/608/533 524/599/524 527/602/527 
f 523/598/523 535/610/535 512/584/512 
f 524/599/524 533/608/533 535/610/535 
f 519/594/519 538/614/538 536/611/536 
f 518/592/518 512/591/512 535/612/535 
f 519/594/519 518/592/518 537/613/537 
f 539/615/539 533/618/533 534/616/534 
f 539/615/539 537/613/537 535/612/535 
f 538/614/538 530/605/530 532/607/532 
f 538/614/538 537/613/537 539/615/539 
f 530/605/530 539/615/539 540/617/540 
f 542/620/542 529/604/529 377/429/377 
f 528/603/528 543/621/543 534/609/534 
f 529/604/529 542/620/542 543/621/543 
f 541/619/541 546/625/546 544/622/544 
f 540/617/540 534/616/534 543/623/543 
f 541/619/541 540/617/540 545/624/545 
f 547/626/547 542/627/542 391/448/391 
f 547/626/547 545/624/545 543/623/543 
f 546/625/546 110/104/110 112/106/112 
f 546/625/546 545/624/545 547/626/547 
f 110/104/110 547/626/547 394/447/394 
f 548/628/548 552/632/552 549/629/549 
f 551/631/551 554/634/554 552/632/552 
f 553/633/553 556/636/556 554/634/554 
f 555/635/555 558/638/558 556/636/556 
f 557/637/557 560/640/560 558/638/558 
f 559/639/559 562/642/562 560/640/560 
f 561/641/561 564/644/58 562/642/562 
f 563/643/563 566/646/565 564/644/58 
f 565/645/564 568/648/567 566/646/565 
f 567/647/566 570/650/64 568/648/567 
f 569/649/14 571/1653/568 570/650/64 
f 550/630/550 549/629/549 571/651/568 
f 585/666/93 608/690/575 586/667/92 
f 587/668/91 586/667/92 588/669/90 
f 589/670/570 588/669/90 590/671/571 
f 591/672/87 590/671/571 592/673/86 
f 593/674/85 592/673/86 594/675/84 
f 595/676/83 594/675/84 596/677/82 
f 597/678/81 596/677/82 598/679/80 
f 599/680/79 598/679/80 600/681/572 
f 601/683/101 600/1654/572 602/684/100 
f 603/685/99 602/684/100 604/686/98 
f 605/687/573 604/686/98 606/688/96 
f 607/689/574 606/688/96 608/690/575 
f 564/691/58 585/725/93 587/692/91 
f 579/660/569 586/697/92 608/694/575 
f 562/693/562 587/692/91 589/695/570 
f 578/659/569 588/700/90 586/697/92 
f 560/696/560 589/695/570 591/698/87 
f 577/658/569 590/703/571 588/700/90 
f 558/699/558 591/698/87 593/701/85 
f 576/657/569 592/706/86 590/703/571 
f 556/702/556 593/701/85 595/704/83 
f 575/656/569 594/709/84 592/706/86 
f 554/705/554 595/704/83 597/707/81 
f 573/654/569 596/712/82 594/709/84 
f 552/708/552 597/707/81 599/710/79 
f 572/653/569 598/715/80 596/712/82 
f 549/711/549 599/710/79 601/713/101 
f 584/665/569 600/718/572 598/715/80 
f 571/714/568 601/713/101 603/716/99 
f 583/664/569 602/721/100 600/718/572 
f 570/717/64 603/716/99 605/719/573 
f 582/663/569 604/724/98 602/721/100 
f 568/720/567 605/719/573 607/722/574 
f 581/662/569 606/726/96 604/724/98 
f 566/723/565 607/722/574 585/725/93 
f 580/661/569 608/694/575 606/726/96 
f 609/727/576 613/731/580 610/728/577 
f 612/730/579 615/733/582 613/731/580 
f 614/732/581 617/735/584 615/733/582 
f 616/734/583 619/737/586 617/735/584 
f 618/736/585 621/875/588 619/737/586 
f 620/738/587 623/742/590 621/739/588 
f 622/741/589 625/744/592 623/742/590 
f 624/743/591 627/746/594 625/744/592 
f 626/745/593 629/748/596 627/746/594 
f 628/747/595 631/750/598 629/748/596 
f 630/749/597 633/752/600 631/750/598 
f 632/751/599 635/754/602 633/752/600 
f 634/753/601 637/756/604 635/754/602 
f 636/755/603 639/758/606 637/756/604 
f 638/757/605 641/760/608 639/758/606 
f 640/759/607 643/762/610 641/760/608 
f 642/761/609 645/764/612 643/762/610 
f 644/763/611 647/766/614 645/764/612 
f 646/765/613 649/768/616 647/766/614 
f 648/767/615 651/770/618 649/768/616 
f 650/769/617 653/772/620 651/770/618 
f 652/771/619 655/774/622 653/772/620 
f 654/773/621 656/775/623 655/774/622 
f 611/729/578 610/728/577 656/775/623 
f 657/776/624 704/824/671 658/777/625 
f 659/778/626 658/777/625 660/779/627 
f 661/780/628 660/779/627 662/781/629 
f 663/782/630 662/781/629 664/783/631 
f 665/784/632 664/783/631 666/785/633 
f 667/787/634 666/874/633 668/788/635 
f 669/789/636 668/788/635 670/790/637 
f 671/791/638 670/790/637 672/792/639 
f 673/793/640 672/792/639 674/794/641 
f 675/795/642 674/794/641 676/796/643 
f 677/797/644 676/796/643 678/798/645 
f 679/799/646 678/798/645 680/800/647 
f 681/801/648 680/800/647 682/802/649 
f 683/803/650 682/802/649 684/804/651 
f 685/805/652 684/804/651 686/806/653 
f 687/807/654 686/806/653 688/808/655 
f 689/809/656 688/808/655 690/810/657 
f 691/811/658 690/810/657 692/812/659 
f 693/813/660 692/812/659 694/814/661 
f 695/815/662 694/814/661 696/816/663 
f 697/817/664 696/816/663 698/818/665 
f 699/819/666 698/818/665 700/820/667 
f 701/821/668 700/820/667 702/822/669 
f 703/823/670 702/822/669 704/824/671 
f 705/825/672 752/873/719 706/826/673 
f 707/827/674 706/826/673 708/828/675 
f 709/829/676 708/828/675 710/830/677 
f 711/831/678 710/830/677 712/832/679 
f 713/833/680 712/832/679 714/834/681 
f 715/836/682 714/1655/681 716/837/683 
f 717/838/684 716/837/683 718/839/685 
f 719/840/686 718/839/685 720/841/687 
f 721/842/688 720/841/687 722/843/689 
f 723/844/690 722/843/689 724/845/691 
f 725/846/692 724/845/691 726/847/693 
f 727/848/694 726/847/693 728/849/695 
f 729/850/696 728/849/695 730/851/697 
f 731/852/698 730/851/697 732/853/699 
f 733/854/700 732/853/699 734/855/701 
f 735/856/702 734/855/701 736/857/703 
f 737/858/704 736/857/703 738/859/705 
f 739/860/706 738/859/705 740/861/707 
f 741/862/708 740/861/707 742/863/709 
f 743/864/710 742/863/709 744/865/711 
f 745/866/712 744/865/711 746/867/713 
f 747/868/714 746/867/713 748/869/715 
f 749/870/716 748/869/715 750/871/717 
f 751/872/718 750/871/717 752/873/719 
f 674/794/641 723/844/690 725/846/692 
f 676/796/643 725/846/692 727/848/694 
f 678/798/645 727/848/694 729/850/696 
f 680/800/647 729/850/696 731/852/698 
f 682/802/649 731/852/698 733/854/700 
f 684/804/651 733/854/700 735/856/702 
f 686/806/653 735/856/702 737/858/704 
f 688/808/655 737/858/704 739/860/706 
f 690/810/657 739/860/706 741/862/708 
f 692/812/659 741/862/708 743/864/710 
f 694/814/661 743/864/710 745/866/712 
f 696/816/663 745/866/712 747/868/714 
f 698/818/665 747/868/714 749/870/716 
f 700/820/667 749/870/716 751/872/718 
f 702/822/669 751/872/718 705/825/672 
f 704/824/671 705/825/672 707/827/674 
f 658/777/625 707/827/674 709/829/676 
f 660/779/627 709/829/676 711/831/678 
f 662/781/629 711/831/678 713/833/680 
f 664/783/631 713/833/680 715/835/682 
f 666/874/633 715/836/682 717/838/684 
f 668/788/635 717/838/684 719/840/686 
f 670/790/637 719/840/686 721/842/688 
f 672/792/639 721/842/688 723/844/690 
f 610/728/577 677/797/644 679/799/646 
f 656/775/623 679/799/646 681/801/648 
f 655/774/622 681/801/648 683/803/650 
f 653/772/620 683/803/650 685/805/652 
f 651/770/618 685/805/652 687/807/654 
f 649/768/616 687/807/654 689/809/656 
f 647/766/614 689/809/656 691/811/658 
f 645/764/612 691/811/658 693/813/660 
f 643/762/610 693/813/660 695/815/662 
f 641/760/608 695/815/662 697/817/664 
f 639/758/606 697/817/664 699/819/666 
f 637/756/604 699/819/666 701/821/668 
f 635/754/602 701/821/668 703/823/670 
f 633/752/600 703/823/670 657/776/624 
f 631/750/598 657/776/624 659/778/626 
f 629/748/596 659/778/626 661/780/628 
f 627/746/594 661/780/628 663/782/630 
f 625/744/592 663/782/630 665/784/632 
f 623/742/590 665/784/632 667/786/634 
f 621/875/588 667/787/634 669/789/636 
f 619/737/586 669/789/636 671/791/638 
f 617/735/584 671/791/638 673/793/640 
f 615/733/582 673/793/640 675/795/642 
f 613/731/580 675/795/642 677/797/644 
f 753/876/720 756/879/723 754/877/721 
f 756/879/723 758/881/725 757/880/724 
f 758/881/725 760/883/727 759/882/726 
f 760/883/727 762/885/729 761/884/728 
f 762/885/729 764/1024/731 763/886/730 
f 764/887/731 766/890/733 765/888/732 
f 766/890/733 768/892/735 767/891/734 
f 768/892/735 770/894/737 769/893/736 
f 770/894/737 772/896/739 771/895/738 
f 772/896/739 774/898/741 773/897/740 
f 774/898/741 776/900/743 775/899/742 
f 776/900/743 778/902/745 777/901/744 
f 778/902/745 780/904/747 779/903/746 
f 780/904/747 782/906/749 781/905/748 
f 782/906/749 784/908/751 783/907/750 
f 784/908/751 786/910/753 785/909/752 
f 786/910/753 788/912/755 787/911/754 
f 788/912/755 790/914/757 789/913/756 
f 790/914/757 792/916/759 791/915/758 
f 792/916/759 794/918/761 793/917/760 
f 794/918/761 796/920/763 795/919/762 
f 796/920/763 798/922/765 797/921/764 
f 798/922/765 800/924/767 799/923/766 
f 800/924/767 753/876/720 755/878/722 
f 801/925/768 848/973/815 802/926/769 
f 804/928/771 801/925/768 803/927/770 
f 806/930/773 804/928/771 805/929/772 
f 808/932/775 806/930/773 807/931/774 
f 810/934/777 808/932/775 809/933/776 
f 812/936/779 810/1023/777 811/937/778 
f 814/939/781 812/936/779 813/938/780 
f 816/941/783 814/939/781 815/940/782 
f 818/943/785 816/941/783 817/942/784 
f 820/945/787 818/943/785 819/944/786 
f 822/947/789 820/945/787 821/946/788 
f 824/949/791 822/947/789 823/948/790 
f 826/951/793 824/949/791 825/950/792 
f 828/953/795 826/951/793 827/952/794 
f 830/955/797 828/953/795 829/954/796 
f 832/957/799 830/955/797 831/956/798 
f 834/959/801 832/957/799 833/958/800 
f 836/961/803 834/959/801 835/960/802 
f 838/963/805 836/961/803 837/962/804 
f 840/965/807 838/963/805 839/964/806 
f 842/967/809 840/965/807 841/966/808 
f 844/969/811 842/967/809 843/968/810 
f 846/971/813 844/969/811 845/970/812 
f 848/973/815 846/971/813 847/972/814 
f 849/974/816 896/1022/863 850/975/817 
f 852/977/819 849/974/816 851/976/818 
f 854/979/821 852/977/819 853/978/820 
f 856/981/823 854/979/821 855/980/822 
f 858/983/825 856/981/823 857/982/824 
f 860/985/827 858/1656/825 859/986/826 
f 862/988/829 860/985/827 861/987/828 
f 864/990/831 862/988/829 863/989/830 
f 866/992/833 864/990/831 865/991/832 
f 868/994/835 866/992/833 867/993/834 
f 870/996/837 868/994/835 869/995/836 
f 872/998/839 870/996/837 871/997/838 
f 874/1000/841 872/998/839 873/999/840 
f 876/1002/843 874/1000/841 875/1001/842 
f 878/1004/845 876/1002/843 877/1003/844 
f 880/1006/847 878/1004/845 879/1005/846 
f 882/1008/849 880/1006/847 881/1007/848 
f 884/1010/851 882/1008/849 883/1009/850 
f 886/1012/853 884/1010/851 885/1011/852 
f 888/1014/855 886/1012/853 887/1013/854 
f 890/1016/857 888/1014/855 889/1015/856 
f 892/1018/859 890/1016/857 891/1017/858 
f 894/1020/861 892/1018/859 893/1019/860 
f 896/1022/863 894/1020/861 895/1021/862 
f 869/995/836 867/993/834 818/943/785 
f 871/997/838 869/995/836 820/945/787 
f 873/999/840 871/997/838 822/947/789 
f 875/1001/842 873/999/840 824/949/791 
f 877/1003/844 875/1001/842 826/951/793 
f 879/1005/846 877/1003/844 828/953/795 
f 881/1007/848 879/1005/846 830/955/797 
f 883/1009/850 881/1007/848 832/957/799 
f 885/1011/852 883/1009/850 834/959/801 
f 887/1013/854 885/1011/852 836/961/803 
f 889/1015/856 887/1013/854 838/963/805 
f 891/1017/858 889/1015/856 840/965/807 
f 893/1019/860 891/1017/858 842/967/809 
f 895/1021/862 893/1019/860 844/969/811 
f 850/975/817 895/1021/862 846/971/813 
f 851/976/818 850/975/817 848/973/815 
f 853/978/820 851/976/818 801/925/768 
f 855/980/822 853/978/820 804/928/771 
f 857/982/824 855/980/822 806/930/773 
f 859/984/826 857/982/824 808/932/775 
f 861/987/828 859/986/826 810/1023/777 
f 863/989/830 861/987/828 812/936/779 
f 865/991/832 863/989/830 814/939/781 
f 867/993/834 865/991/832 816/941/783 
f 823/948/790 821/946/788 753/876/720 
f 825/950/792 823/948/790 800/924/767 
f 827/952/794 825/950/792 798/922/765 
f 829/954/796 827/952/794 796/920/763 
f 831/956/798 829/954/796 794/918/761 
f 833/958/800 831/956/798 792/916/759 
f 835/960/802 833/958/800 790/914/757 
f 837/962/804 835/960/802 788/912/755 
f 839/964/806 837/962/804 786/910/753 
f 841/966/808 839/964/806 784/908/751 
f 843/968/810 841/966/808 782/906/749 
f 845/970/812 843/968/810 780/904/747 
f 847/972/814 845/970/812 778/902/745 
f 802/926/769 847/972/814 776/900/743 
f 803/927/770 802/926/769 774/898/741 
f 805/929/772 803/927/770 772/896/739 
f 807/931/774 805/929/772 770/894/737 
f 809/933/776 807/931/774 768/892/735 
f 811/935/778 809/933/776 766/890/733 
f 813/938/780 811/937/778 764/1024/731 
f 815/940/782 813/938/780 762/885/729 
f 817/942/784 815/940/782 760/883/727 
f 819/944/786 817/942/784 758/881/725 
f 821/946/788 819/944/786 756/879/723 
f 754/1025/721 609/1029/576 611/1026/578 
f 757/1028/724 612/1031/579 609/1029/576 
f 759/1030/726 614/1033/581 612/1031/579 
f 761/1032/728 616/1035/583 614/1033/581 
f 763/1034/730 618/1657/585 616/1035/583 
f 765/1036/732 620/1040/587 618/1037/585 
f 767/1039/734 622/1042/589 620/1040/587 
f 769/1041/736 624/1044/591 622/1042/589 
f 771/1043/738 626/1046/593 624/1044/591 
f 773/1045/740 628/1048/595 626/1046/593 
f 775/1047/742 630/1050/597 628/1048/595 
f 777/1049/744 632/1052/599 630/1050/597 
f 779/1051/746 634/1054/601 632/1052/599 
f 781/1053/748 636/1056/603 634/1054/601 
f 783/1055/750 638/1058/605 636/1056/603 
f 785/1057/752 640/1060/607 638/1058/605 
f 787/1059/754 642/1062/609 640/1060/607 
f 789/1061/756 644/1064/611 642/1062/609 
f 791/1063/758 646/1066/613 644/1064/611 
f 793/1065/760 648/1068/615 646/1066/613 
f 795/1067/762 650/1070/617 648/1068/615 
f 797/1069/764 652/1072/619 650/1070/617 
f 799/1071/766 654/1073/621 652/1072/619 
f 755/1027/722 611/1026/578 654/1073/621 
f 849/1074/816 706/1078/673 752/1075/719 
f 852/1077/819 708/1080/675 706/1078/673 
f 854/1079/821 710/1082/677 708/1080/675 
f 856/1081/823 712/1084/679 710/1082/677 
f 858/1083/825 714/1658/681 712/1084/679 
f 860/1085/827 716/1089/683 714/1086/681 
f 862/1088/829 718/1091/685 716/1089/683 
f 864/1090/831 720/1093/687 718/1091/685 
f 866/1092/833 722/1095/689 720/1093/687 
f 868/1094/835 724/1097/691 722/1095/689 
f 870/1096/837 726/1099/693 724/1097/691 
f 872/1098/839 728/1101/695 726/1099/693 
f 874/1100/841 730/1103/697 728/1101/695 
f 876/1102/843 732/1105/699 730/1103/697 
f 878/1104/845 734/1107/701 732/1105/699 
f 880/1106/847 736/1109/703 734/1107/701 
f 882/1108/849 738/1111/705 736/1109/703 
f 884/1110/851 740/1113/707 738/1111/705 
f 886/1112/853 742/1115/709 740/1113/707 
f 888/1114/855 744/1117/711 742/1115/709 
f 890/1116/857 746/1119/713 744/1117/711 
f 892/1118/859 748/1121/715 746/1119/713 
f 894/1120/861 750/1122/717 748/1121/715 
f 896/1076/863 752/1075/719 750/1122/717 
f 897/1123/864 901/1127/868 898/1124/865 
f 900/1126/867 903/1140/870 901/1127/868 
f 900/1128/867 905/1132/872 902/1129/869 
f 904/1131/871 950/1184/916 902/1129/869 
f 903/1130/870 902/1129/869 906/1133/873 
f 902/1129/869 950/1184/916 908/1135/875 
f 906/1133/873 908/1135/875 909/1136/876 
f 907/1134/874 906/1133/873 910/1137/877 
f 901/1127/868 913/1141/880 912/1139/879 
f 903/1140/870 907/1142/874 913/1141/880 
f 907/1142/874 911/1659/878 914/1143/881 
f 913/1141/880 914/1143/881 915/1144/882 
f 915/1144/882 914/1143/881 916/1145/883 
f 914/1143/881 911/1659/878 918/1147/885 
f 916/1145/883 918/1147/885 919/1148/1 
f 917/1146/884 916/1145/883 920/1149/886 
f 910/1137/877 922/1152/888 918/1151/885 
f 909/1136/876 923/1153/889 922/1152/888 
f 923/1153/889 959/1193/925 924/1154/890 
f 922/1152/888 924/1154/890 919/1155/1 
f 919/1155/1 924/1154/890 925/1156/891 
f 924/1154/890 959/1193/925 927/1158/893 
f 925/1156/891 927/1158/893 928/1159/894 
f 926/1157/892 925/1156/891 929/1160/895 
f 920/1149/886 932/1163/898 931/1162/897 
f 919/1148/1 926/1164/892 932/1163/898 
f 926/1164/892 930/1660/896 933/1165/899 
f 932/1163/898 933/1165/899 934/1166/900 
f 934/1166/900 933/1165/899 935/1167/901 
f 933/1165/899 930/1660/896 937/1169/903 
f 935/1167/901 937/1169/903 938/1170/904 
f 936/1168/902 935/1167/901 939/1171/905 
f 929/1160/895 941/1174/907 937/1173/903 
f 928/1159/894 942/1175/908 941/1174/907 
f 942/1175/908 945/1179/911 943/1176/909 
f 941/1174/907 943/1176/909 938/1177/904 
f 943/1176/909 946/1180/912 944/1178/910 
f 945/1179/911 955/1189/921 946/1180/912 
f 939/1171/905 948/1182/914 947/1181/913 
f 938/1170/904 944/1205/910 948/1182/914 
f 904/1131/871 952/1186/918 949/1183/915 
f 951/1185/917 954/1188/920 949/1183/915 
f 951/1185/917 956/1190/922 953/1187/919 
f 955/1189/921 945/1179/911 953/1187/919 
f 954/1188/920 953/1187/919 957/1191/923 
f 953/1187/919 945/1179/911 942/1175/908 
f 957/1191/923 942/1175/908 928/1159/894 
f 958/1192/924 957/1191/923 927/1158/893 
f 949/1183/915 960/1194/926 908/1135/875 
f 954/1188/920 958/1192/924 960/1194/926 
f 958/1192/924 959/1193/925 923/1153/889 
f 960/1194/926 923/1153/889 909/1136/876 
f 947/1181/913 963/1197/929 961/1195/927 
f 962/1196/928 965/1199/931 961/1195/927 
f 962/1196/928 966/1200/932 964/1198/930 
f 899/1125/866 898/1124/865 964/1198/930 
f 965/1199/931 964/1198/930 967/1201/933 
f 964/1198/930 898/1124/865 912/1139/879 
f 967/1201/933 912/1139/879 915/1144/882 
f 968/1202/934 967/1201/933 917/1146/884 
f 961/1195/927 969/1203/935 936/1168/902 
f 965/1199/931 968/1202/934 969/1203/935 
f 968/1202/934 921/1150/887 931/1162/897 
f 969/1203/935 931/1162/897 934/1166/900 
f 948/1182/914 971/1206/937 970/1204/936 
f 944/1205/910 973/1214/939 971/1206/937 
f 944/1178/910 946/1180/912 972/1207/938 
f 946/1180/912 955/1189/921 974/1209/940 
f 973/1208/939 972/1207/938 975/1210/941 
f 972/1207/938 974/1209/940 977/1212/943 
f 971/1206/937 979/1215/945 978/1213/944 
f 973/1214/939 976/1288/942 979/1215/945 
f 974/1209/940 955/1189/921 956/1190/922 
f 951/1185/917 982/1218/948 980/1216/946 
f 951/1185/917 952/1186/918 981/1217/947 
f 952/1186/918 904/1131/871 983/1219/949 
f 982/1218/948 981/1217/947 984/1220/950 
f 981/1217/947 983/1219/949 986/1222/952 
f 977/1212/943 974/1209/940 980/1216/946 
f 982/1218/948 985/1221/951 987/1223/953 
f 983/1219/949 904/1131/871 905/1132/872 
f 900/1128/867 990/1232/956 988/1224/954 
f 900/1126/867 897/1123/864 989/1225/955 
f 897/1123/864 899/1125/866 991/1227/957 
f 990/1226/956 989/1225/955 992/1228/958 
f 989/1225/955 991/1227/957 994/1230/960 
f 986/1222/952 983/1219/949 988/1224/954 
f 990/1232/956 993/1292/959 995/1231/961 
f 991/1227/957 899/1125/866 966/1200/932 
f 962/1196/928 998/1235/964 996/1233/962 
f 962/1196/928 963/1197/929 997/1234/963 
f 963/1197/929 947/1181/913 970/1204/936 
f 998/1235/964 997/1234/963 999/1236/965 
f 997/1234/963 970/1204/936 978/1213/944 
f 994/1230/960 991/1227/957 996/1233/962 
f 998/1235/964 1000/1237/966 1001/1238/967 
f 1002/1239/968 1006/1243/972 1003/1240/969 
f 1005/1242/971 1008/1252/974 1006/1243/972 
f 1005/1244/971 1009/1247/975 1007/1245/973 
f 1009/1247/975 1047/1289/1013 1010/1248/976 
f 1007/1245/973 1012/1250/978 1011/1249/977 
f 1010/1248/976 1025/1264/991 1012/1250/978 
f 1006/1243/972 1014/1253/980 1013/1251/979 
f 1008/1252/974 1011/1661/977 1014/1253/980 
f 1010/1248/976 1047/1289/1013 1015/1254/981 
f 1017/1256/983 1019/1258/985 1016/1255/982 
f 1017/1256/983 1020/1259/986 1018/1257/984 
f 1020/1259/986 1049/1291/1015 1021/1260/987 
f 1018/1257/984 1023/1262/989 1022/1261/988 
f 1021/1260/987 1036/1276/1002 1023/1262/989 
f 1010/1248/976 1016/1255/982 1024/1263/990 
f 1019/1258/985 1022/1261/988 1024/1263/990 
f 1021/1260/987 1049/1291/1015 1026/1265/992 
f 1028/1267/994 1030/1277/996 1027/1266/993 
f 1028/1268/994 1031/1271/997 1029/1269/995 
f 1031/1271/997 1048/1290/1014 1032/1272/998 
f 1029/1269/995 1034/1274/1000 1033/1273/999 
f 1032/1272/998 1046/1287/1012 1034/1274/1000 
f 1021/1260/987 1027/1266/993 1035/1275/1001 
f 1030/1277/996 1033/1662/999 1035/1275/1001 
f 1032/1272/998 1048/1290/1014 1037/1278/1003 
f 1039/1280/1005 1041/1282/1007 1038/1279/1004 
f 1039/1280/1005 1042/1283/1008 1040/1281/1006 
f 1042/1283/1008 1004/1241/970 1003/1240/969 
f 1040/1281/1006 1044/1285/1010 1043/1284/1009 
f 1003/1240/969 1013/1251/979 1044/1285/1010 
f 1032/1272/998 1038/1279/1004 1045/1286/1011 
f 1041/1282/1007 1043/1284/1009 1045/1286/1011 
f 979/1215/945 1002/1239/968 1004/1241/970 
f 976/1288/942 1005/1242/971 1002/1239/968 
f 976/1211/942 975/1210/941 1009/1247/975 
f 975/1210/941 977/1212/943 1047/1289/1013 
f 1001/1238/967 1037/1278/1003 1048/1290/1014 
f 1000/1237/966 1039/1280/1005 1037/1278/1003 
f 1000/1237/966 999/1236/965 1042/1283/1008 
f 999/1236/965 978/1213/944 1004/1241/970 
f 995/1231/961 1026/1265/992 1049/1291/1015 
f 993/1292/959 1028/1267/994 1026/1265/992 
f 993/1229/959 992/1228/958 1031/1271/997 
f 992/1228/958 994/1230/960 1048/1290/1014 
f 1047/1289/1013 977/1212/943 987/1223/953 
f 985/1221/951 1017/1256/983 1015/1254/981 
f 985/1221/951 984/1220/950 1020/1259/986 
f 984/1220/950 986/1222/952 1049/1291/1015 
f 5/5/5 17/15/17 19/15/19 
f 7/5/7 20/15/20 17/15/17 
f 9/8/9 22/15/22 20/15/20 
f 11/10/11 24/15/24 22/15/22 
f 13/12/13 26/15/26 24/15/24 
f 15/14/15 28/15/28 26/15/26 
f 16/14/16 30/15/30 28/15/28 
f 2/2/2 19/15/19 30/15/30 
f 77/1293/77 78/1316/78 80/1294/80 
f 55/1295/55 80/1294/80 82/1296/82 
f 57/1297/57 82/1296/82 84/1298/84 
f 59/1299/59 84/1298/84 86/1300/86 
f 61/1301/61 86/1300/86 88/1302/88 
f 63/1303/63 88/1302/88 90/1304/90 
f 65/1305/65 90/1304/90 92/1306/92 
f 67/1307/67 92/1306/92 94/1308/94 
f 69/1309/69 94/1308/94 96/1310/96 
f 71/1311/71 96/1310/96 98/1312/98 
f 73/1313/73 98/1312/98 100/1314/100 
f 75/1315/75 100/1314/100 78/1316/78 
f 101/1317/101 54/40/54 56/42/56 
f 79/1318/79 56/42/56 58/44/58 
f 81/1319/81 58/44/58 60/46/60 
f 83/1321/83 60/47/60 62/49/62 
f 85/1322/85 62/49/62 64/51/64 
f 87/1323/87 64/51/64 66/53/66 
f 89/1324/89 66/53/66 68/55/68 
f 91/1325/91 68/55/68 70/57/70 
f 93/1326/93 70/57/70 72/59/72 
f 95/1327/95 72/59/72 74/61/74 
f 97/1328/97 74/61/74 76/63/76 
f 99/1329/99 76/63/76 54/40/54 
f 1051/1330/1017 1054/1333/1020 1052/1331/1018 
f 1054/1333/1020 1057/1336/1023 1055/1334/1021 
f 1056/1335/1022 1059/1338/1025 1057/1336/1023 
f 1058/1337/1024 1056/1335/1022 1054/1333/1020 
f 1059/1338/1025 1063/1342/1029 1060/1339/1026 
f 1057/1336/1023 1060/1339/1026 1061/1340/1027 
f 1060/1339/1026 1064/1343/1030 1062/1341/1028 
f 1063/1342/1029 1067/1346/1033 1064/1343/1030 
f 1065/1344/1031 1066/1345/1032 1063/1342/1029 
f 1066/1345/1032 1069/1348/1035 1067/1346/1033 
f 1068/1347/1034 1102/1381/1068 1069/1348/1035 
f 1070/1349/1036 1068/1347/1034 1066/1345/1032 
f 1071/1350/1037 1074/1353/1040 1072/1351/1038 
f 1074/1353/1040 1077/1356/1043 1075/1354/1041 
f 1076/1355/1042 1081/1360/1047 1077/1356/1043 
f 1078/1357/1044 1076/1355/1042 1074/1353/1040 
f 1079/1358/1045 1080/1359/1046 1076/1355/1042 
f 1080/1359/1046 1083/1362/1049 1081/1360/1047 
f 1082/1361/1048 1087/1366/1053 1083/1362/1049 
f 1084/1363/1050 1082/1361/1048 1080/1359/1046 
f 1085/1364/1051 1086/1365/1052 1082/1361/1048 
f 1086/1365/1052 1089/1368/1055 1087/1366/1053 
f 1088/1367/1054 1093/1372/1059 1089/1368/1055 
f 1090/1369/1056 1088/1367/1054 1086/1365/1052 
f 1090/1369/1056 1095/1374/1061 1091/1370/1057 
f 1088/1367/1054 1091/1370/1057 1092/1371/1058 
f 1091/1370/1057 1096/1375/1062 1094/1373/1060 
f 1095/1374/1061 1188/1477/1153 1096/1375/1062 
f 1051/1330/1017 1053/1332/1019 1097/1376/1063 
f 1099/1378/1065 1058/1337/1024 1051/1330/1017 
f 1070/1349/1036 1103/1382/1069 1100/1379/1066 
f 1068/1347/1034 1100/1379/1066 1101/1380/1067 
f 1100/1379/1066 1072/1351/1038 1075/1354/1041 
f 1103/1382/1069 1073/1352/1039 1072/1351/1038 
f 1104/1383/1070 1107/1386/1073 1105/1384/1071 
f 1107/1386/1073 1110/1389/1076 1108/1387/1074 
f 1109/1388/1075 1112/1391/1078 1110/1389/1076 
f 1111/1390/1077 1109/1388/1075 1107/1386/1073 
f 1112/1391/1078 1109/1388/1075 1113/1392/1079 
f 1114/1393/1080 1113/1392/1079 1115/1394/1081 
f 1113/1392/1079 1118/1397/1084 1117/1396/1083 
f 1109/1388/1075 1111/1390/1077 1118/1397/1084 
f 1114/1393/1080 1120/1399/1086 1119/1398/1085 
f 1120/1399/1086 1123/1402/1089 1121/1400/1087 
f 1122/1401/1088 1167/1448/1133 1123/1402/1089 
f 1116/1395/1082 1122/1401/1088 1120/1399/1086 
f 1124/1403/1090 1127/1406/1093 1125/1404/1091 
f 1127/1406/1093 1130/1409/1096 1128/1407/1094 
f 1129/1408/1095 1137/1416/1103 1130/1409/1096 
f 1131/1410/1097 1129/1408/1095 1127/1406/1093 
f 1130/1409/1096 1133/1412/1099 1132/1411/1098 
f 1133/1412/1099 1136/1415/1102 1134/1413/1100 
f 1135/1414/1101 1143/1422/1109 1136/1415/1102 
f 1137/1416/1103 1135/1414/1101 1133/1412/1099 
f 1136/1415/1102 1139/1418/1105 1138/1417/1104 
f 1139/1418/1105 1142/1421/1108 1140/1419/1106 
f 1141/1420/1107 1181/1467/1147 1142/1421/1108 
f 1143/1422/1109 1141/1420/1107 1139/1418/1105 
f 1140/1419/1106 1142/1421/1108 1144/1423/1110 
f 1145/1424/1111 1144/1423/1110 1146/1425/1112 
f 1144/1423/1110 1149/1428/1115 1148/1427/1114 
f 1142/1421/1108 1181/1467/1147 1149/1428/1115 
f 1106/1385/1072 1105/1384/1071 1150/1429/1116 
f 1105/1384/1071 1108/1387/1074 1152/1431/1118 
f 1121/1400/1087 1123/1402/1089 1153/1432/1119 
f 1154/1433/1120 1153/1432/1119 1124/1403/1090 
f 1153/1432/1119 1155/1434/1121 1131/1410/1097 
f 1123/1402/1089 1167/1448/1133 1155/1434/1121 
f 1106/1385/1072 1158/1437/1124 1156/1435/1122 
f 1104/1383/1070 1156/1435/1122 1157/1436/1123 
f 1052/1331/1018 1055/1334/1021 1157/1436/1123 
f 1053/1332/1019 1052/1331/1018 1156/1435/1122 
f 1112/1391/1078 1161/1663/1127 1159/1438/1125 
f 1110/1389/1076 1159/1438/1125 1160/1439/1126 
f 1056/1335/1022 1058/1337/1024 1160/1440/1126 
f 1059/1338/1025 1056/1335/1022 1159/1441/1125 
f 1111/1390/1077 1157/1436/1123 1162/1443/1128 
f 1162/1443/1128 1163/1444/1129 1117/1396/1083 
f 1162/1443/1128 1061/1340/1027 1062/1341/1028 
f 1055/1334/1021 1061/1340/1027 1162/1443/1128 
f 1117/1396/1083 1163/1444/1129 1164/1445/1130 
f 1164/1445/1130 1165/1446/1131 1116/1395/1082 
f 1164/1445/1130 1064/1343/1030 1067/1346/1033 
f 1062/1341/1028 1064/1343/1030 1164/1445/1130 
f 1165/1446/1131 1166/1447/1132 1122/1401/1088 
f 1166/1447/1132 1193/1483/1158 1167/1448/1133 
f 1102/1381/1068 1193/1483/1158 1166/1447/1132 
f 1165/1446/1131 1067/1346/1033 1069/1348/1035 
f 1168/1449/1134 1161/1663/1127 1112/1391/1078 
f 1168/1450/1134 1065/1344/1031 1059/1338/1025 
f 1169/1451/1135 1070/1349/1036 1065/1344/1031 
f 1170/1452/1136 1171/1453/1137 1129/1408/1095 
f 1171/1453/1137 1172/1454/1138 1137/1416/1103 
f 1171/1453/1137 1077/1356/1043 1081/1360/1047 
f 1170/1452/1136 1075/1354/1041 1077/1356/1043 
f 1173/1455/1139 1174/1456/1140 1125/1404/1091 
f 1174/1456/1140 1175/1664/1141 1126/1405/1092 
f 1174/1457/1140 1071/1350/1037 1073/1352/1039 
f 1173/1459/1139 1078/1357/1044 1071/1350/1037 
f 1172/1454/1138 1176/1460/1142 1135/1414/1101 
f 1176/1460/1142 1177/1461/1143 1143/1422/1109 
f 1083/1362/1049 1087/1366/1053 1177/1461/1143 
f 1172/1454/1138 1081/1360/1047 1083/1362/1049 
f 1178/1462/1144 1179/1463/1145 1132/1411/1098 
f 1179/1463/1145 1173/1455/1139 1128/1407/1094 
f 1179/1464/1145 1079/1358/1045 1078/1357/1044 
f 1084/1363/1050 1079/1358/1045 1179/1464/1145 
f 1177/1461/1143 1180/1466/1146 1141/1420/1107 
f 1180/1466/1146 1182/1468/1148 1181/1467/1147 
f 1180/1466/1146 1089/1368/1055 1093/1372/1059 
f 1087/1366/1053 1089/1368/1055 1180/1466/1146 
f 1183/1469/1149 1184/1470/1150 1138/1417/1104 
f 1184/1470/1150 1178/1462/1144 1134/1413/1100 
f 1085/1364/1051 1084/1363/1050 1178/1465/1144 
f 1183/1472/1149 1090/1369/1056 1085/1364/1051 
f 1181/1467/1147 1182/1468/1148 1185/1473/1151 
f 1149/1428/1115 1185/1473/1151 1186/1474/1 
f 1092/1371/1058 1094/1373/1060 1186/1474/1 
f 1093/1372/1059 1092/1371/1058 1185/1473/1151 
f 1147/1426/1113 1189/1628/1154 1187/1475/1152 
f 1145/1424/1111 1187/1475/1152 1183/1469/1149 
f 1095/1374/1061 1090/1369/1056 1183/1472/1149 
f 1188/1477/1153 1095/1374/1061 1187/1476/1152 
f 1158/1437/1124 1106/1385/1072 1151/1430/1117 
f 1097/1376/1063 1053/1332/1019 1158/1437/1124 
f 1191/1480/1156 1152/1431/1118 1108/1387/1074 
f 1058/1337/1024 1099/1378/1065 1191/1481/1156 
f 1167/1448/1133 1193/1483/1158 1192/1482/1157 
f 1192/1482/1157 1170/1452/1136 1131/1410/1097 
f 1101/1380/1067 1075/1354/1041 1170/1452/1136 
f 1102/1381/1068 1101/1380/1067 1192/1482/1157 
f 1126/1405/1092 1175/1664/1141 1194/1484/1159 
f 1154/1433/1120 1194/1484/1159 1169/1485/1135 
f 1103/1382/1069 1070/1349/1036 1169/1451/1135 
f 1073/1352/1039 1103/1382/1069 1194/1486/1159 
f 1169/1485/1135 1168/1449/1134 1119/1398/1085 
f 1195/1487/1160 1199/1491/1164 1196/1488/1161 
f 1198/1490/1163 1200/1492/1165 1199/1491/1164 
f 1200/1492/1165 1203/1495/1168 1201/1493/1166 
f 1199/1491/1164 1201/1493/1166 1202/1494/1167 
f 1203/1495/1168 1200/1492/1165 1204/1496/1169 
f 1200/1492/1165 1198/1490/1163 1206/1498/1171 
f 1204/1496/1169 1206/1498/1171 1207/1499/1172 
f 1205/1497/1170 1204/1496/1169 1208/1500/1173 
f 1205/1497/1170 1211/1503/1176 1210/1502/1175 
f 1209/1501/1174 1212/1504/1177 1211/1503/1176 
f 1212/1504/1177 1307/1602/1272 1213/1505/1178 
f 1214/1506/1179 1210/1502/1175 1211/1503/1176 
f 1215/1507/1180 1219/1511/1184 1216/1508/1181 
f 1218/1510/1183 1220/1512/1185 1219/1511/1184 
f 1220/1512/1185 1224/1516/1189 1221/1513/1186 
f 1219/1511/1184 1221/1513/1186 1222/1514/1187 
f 1221/1513/1186 1225/1517/1190 1223/1515/1188 
f 1224/1516/1189 1226/1518/1191 1225/1517/1190 
f 1226/1518/1191 1230/1522/1195 1227/1519/1192 
f 1225/1517/1190 1227/1519/1192 1228/1520/1193 
f 1227/1519/1192 1231/1523/1196 1229/1521/1194 
f 1230/1522/1195 1232/1524/1197 1231/1523/1196 
f 1232/1524/1197 1320/1620/1285 1233/1525/1198 
f 1231/1523/1196 1233/1525/1198 1234/1526/1199 
f 1234/1526/1199 1233/1525/1198 1235/1527/1200 
f 1233/1525/1198 1320/1620/1285 1237/1529/1202 
f 1235/1527/1200 1237/1529/1202 1094/1373/1060 
f 1236/1528/1201 1235/1527/1200 1096/1375/1062 
f 1238/1530/1203 1197/1489/1162 1196/1488/1161 
f 1196/1488/1161 1202/1494/1167 1240/1532/1205 
f 1214/1506/1179 1213/1505/1178 1241/1533/1206 
f 1213/1505/1178 1307/1602/1272 1243/1535/1208 
f 1241/1533/1206 1243/1535/1208 1218/1510/1183 
f 1242/1534/1207 1241/1533/1206 1215/1507/1180 
f 1244/1536/1209 1248/1540/1213 1245/1537/1210 
f 1247/1539/1212 1249/1541/1214 1248/1540/1213 
f 1249/1541/1214 1252/1544/1217 1250/1542/1215 
f 1248/1540/1213 1250/1542/1215 1251/1543/1216 
f 1252/1544/1217 1254/1546/1219 1253/1545/1218 
f 1254/1546/1219 1264/1556/1229 1255/1547/1220 
f 1253/1545/1218 1255/1547/1220 1256/1548/1221 
f 1250/1542/1215 1253/1545/1218 1257/1549/1222 
f 1258/1550/1223 1259/1551/1224 1254/1546/1219 
f 1259/1551/1224 1258/1550/1223 1260/1552/1225 
f 1262/1554/1227 1259/1551/1224 1261/1553/1226 
f 1259/1551/1224 1262/1554/1227 1264/1556/1229 
f 1265/1557/1230 1269/1561/1234 1266/1558/1231 
f 1268/1560/1233 1270/1562/1235 1269/1561/1234 
f 1270/1562/1235 1278/1570/1243 1271/1563/1236 
f 1269/1561/1234 1271/1563/1236 1272/1564/1237 
f 1273/1565/1238 1275/1567/1240 1270/1562/1235 
f 1274/1566/1239 1276/1568/1241 1275/1567/1240 
f 1276/1568/1241 1284/1576/1249 1277/1569/1242 
f 1275/1567/1240 1277/1569/1242 1278/1570/1243 
f 1279/1571/1244 1281/1573/1246 1276/1568/1241 
f 1280/1572/1245 1282/1574/1247 1281/1573/1246 
f 1282/1574/1247 1288/1580/1253 1283/1575/1248 
f 1281/1573/1246 1283/1575/1248 1284/1576/1249 
f 1280/1572/1245 1286/1578/1251 1285/1577/1250 
f 1286/1578/1251 1147/1426/1113 1146/1425/1112 
f 1285/1577/1250 1146/1425/1112 1148/1427/1114 
f 1282/1574/1247 1285/1577/1250 1287/1579/1252 
f 1289/1581/1254 1244/1536/1209 1246/1538/1211 
f 1291/1583/1256 1247/1539/1212 1244/1536/1209 
f 1260/1552/1225 1293/1585/1258 1292/1584/1257 
f 1293/1585/1258 1267/1559/1232 1266/1558/1231 
f 1292/1584/1257 1266/1558/1231 1272/1564/1237 
f 1261/1553/1226 1292/1584/1257 1294/1586/1259 
f 1246/1538/1211 1245/1537/1210 1295/1587/1260 
f 1245/1537/1210 1251/1543/1216 1297/1589/1262 
f 1297/1589/1262 1198/1490/1163 1195/1487/1160 
f 1295/1587/1260 1195/1487/1160 1197/1489/1162 
f 1252/1544/1217 1249/1541/1214 1298/1590/1263 
f 1249/1541/1214 1247/1539/1212 1300/1592/1265 
f 1300/1593/1265 1202/1494/1167 1201/1493/1166 
f 1298/1594/1263 1201/1493/1166 1203/1495/1168 
f 1251/1543/1216 1257/1549/1222 1301/1596/1266 
f 1256/1548/1221 1303/1598/1268 1301/1596/1266 
f 1301/1596/1266 1303/1598/1268 1207/1499/1172 
f 1301/1596/1266 1206/1498/1171 1198/1490/1163 
f 1256/1548/1221 1255/1547/1220 1302/1597/1267 
f 1264/1556/1229 1304/1599/1269 1302/1597/1267 
f 1302/1597/1267 1304/1599/1269 1209/1501/1174 
f 1302/1597/1267 1208/1500/1173 1207/1499/1172 
f 1262/1554/1227 1305/1600/1270 1304/1599/1269 
f 1305/1600/1270 1262/1554/1227 1263/1555/1228 
f 1305/1600/1270 1306/1601/1271 1307/1602/1272 
f 1304/1599/1269 1305/1600/1270 1212/1504/1177 
f 1252/1544/1217 1299/1591/1264 1308/1603/1273 
f 1308/1604/1273 1299/1595/1264 1203/1495/1168 
f 1309/1605/1274 1308/1604/1273 1210/1502/1175 
f 1271/1563/1236 1311/1607/1276 1310/1606/1275 
f 1278/1570/1243 1314/1612/1279 1311/1607/1276 
f 1311/1607/1276 1314/1612/1279 1224/1516/1189 
f 1310/1606/1275 1311/1607/1276 1220/1512/1185 
f 1265/1557/1230 1313/1609/1278 1312/1608/1277 
f 1267/1559/1232 1330/1635/1295 1313/1609/1278 
f 1313/1610/1278 1330/1638/1295 1217/1509/1182 
f 1312/1611/1277 1313/1610/1278 1216/1508/1181 
f 1277/1569/1242 1315/1613/1280 1314/1612/1279 
f 1284/1576/1249 1316/1614/1281 1315/1613/1280 
f 1316/1614/1281 1230/1522/1195 1226/1518/1191 
f 1314/1612/1279 1315/1613/1280 1226/1518/1191 
f 1273/1565/1238 1318/1616/1283 1317/1615/1282 
f 1268/1560/1233 1312/1608/1277 1318/1616/1283 
f 1318/1617/1283 1312/1611/1277 1222/1514/1187 
f 1318/1617/1283 1223/1515/1188 1228/1520/1193 
f 1283/1575/1248 1319/1619/1284 1316/1614/1281 
f 1288/1580/1253 1324/1626/1289 1319/1619/1284 
f 1319/1619/1284 1324/1626/1289 1320/1620/1285 
f 1319/1619/1284 1232/1524/1197 1230/1522/1195 
f 1279/1571/1244 1322/1622/1287 1321/1621/1286 
f 1274/1566/1239 1317/1615/1282 1322/1622/1287 
f 1317/1618/1282 1228/1520/1193 1229/1521/1194 
f 1321/1624/1286 1322/1623/1287 1229/1521/1194 
f 1288/1580/1253 1287/1579/1252 1323/1625/1288 
f 1287/1579/1252 1148/1427/1114 1186/1474/1 
f 1186/1474/1 1094/1373/1060 1237/1529/1202 
f 1323/1625/1288 1237/1529/1202 1320/1620/1285 
f 1147/1426/1113 1286/1578/1251 1325/1627/1290 
f 1286/1578/1251 1280/1572/1245 1321/1621/1286 
f 1321/1624/1286 1234/1526/1199 1236/1528/1201 
f 1325/1629/1290 1236/1528/1201 1188/1477/1153 
f 1290/1582/1255 1246/1538/1211 1296/1588/1261 
f 1296/1588/1261 1197/1489/1162 1238/1530/1203 
f 1247/1539/1212 1291/1583/1256 1327/1631/1292 
f 1327/1632/1292 1240/1532/1205 1202/1494/1167 
f 1263/1555/1228 1294/1586/1259 1328/1633/1293 
f 1272/1564/1237 1310/1606/1275 1328/1633/1293 
f 1310/1606/1275 1218/1510/1183 1243/1535/1208 
f 1328/1633/1293 1243/1535/1208 1307/1602/1272 
f 1267/1559/1232 1293/1585/1258 1329/1634/1294 
f 1293/1585/1258 1260/1552/1225 1309/1636/1274 
f 1309/1605/1274 1214/1506/1179 1242/1534/1207 
f 1329/1637/1294 1242/1534/1207 1217/1509/1182 
f 1309/1636/1274 1260/1552/1225 1258/1550/1223 
# 0 polygons - 2555 triangles

